timestamp,gt_x,gt_y,gt_z,wls_x,wls_y,wls_z,tc_x,tc_y,tc_z,tc_qx,tc_qy,tc_qz,tc_qw,tc_vx,tc_vy,tc_vz,tc_bias_ax,tc_bias_ay,tc_bias_az,tc_bias_gx,tc_bias_gy,tc_bias_gz,imu_n,imu_mean_ax,imu_mean_ay,imu_mean_az,imu_mean_gx,imu_mean_gy,imu_mean_gz,imu_accel_norm_mean,imu_gyro_norm_mean,wls_gt_err,tc_gt_err
0.009213,1.276000,0.022000,0.085000,1.190653,-0.051780,-0.034549,1.190653,-0.051780,-0.034549,-0.002768,-0.006919,0.015221,0.999856,0.000000,0.000000,0.000000,0.000000,0.000000,0.000000,0.000000,0.000000,0.000000,9,0.222248,0.067588,9.809171,-0.000857,0.001057,-0.000361,9.811921,0.001848,0.164376,0.164376
0.025659,1.276000,0.022000,0.085000,1.237476,-0.088601,0.025054,1.197171,-0.057874,-0.033475,-0.002328,-0.006508,0.015222,0.999860,0.001768,0.001277,0.000374,-0.000002,0.000002,-0.000001,-0.000000,-0.000000,0.000000,16,0.214440,0.061540,9.805888,0.001399,0.000525,0.001344,9.808431,0.002859,0.131569,0.163188
0.042224,1.276000,0.022000,0.085000,1.223442,-0.052105,-0.009684,1.200457,-0.056749,-0.033009,-0.003414,-0.006189,0.017118,0.999828,0.003893,0.004063,0.000717,-0.000004,0.000001,-0.000003,0.000001,0.000000,-0.000002,17,0.222614,0.070477,9.808070,-0.000443,0.000949,-0.001242,9.810860,0.003551,0.131221,0.160731
0.058901,1.276000,0.022000,0.085000,1.223390,-0.058651,-0.038402,1.203186,-0.056952,-0.033125,-0.003025,-0.004248,0.017748,0.999829,0.007760,0.005907,0.000616,-0.000007,0.000002,-0.000002,0.000001,-0.000001,-0.000002,17,0.219772,0.065005,9.807896,-0.000125,-0.000687,-0.000586,9.810577,0.004412,0.156527,0.159653
0.092155,1.276000,0.022000,0.085000,1.234547,-0.065665,0.058896,1.206462,-0.057221,-0.031310,-0.003563,-0.004083,0.018116,0.999821,0.013835,0.010825,0.003876,-0.000017,0.000005,-0.000024,0.000001,0.000001,-0.000002,33,0.231225,0.068308,9.820876,0.001503,0.000166,0.000148,9.823843,0.003682,0.100423,0.156970
0.108784,1.276000,0.022000,0.085000,1.243887,-0.058050,-0.049292,1.210641,-0.057225,-0.031781,-0.002907,0.001297,0.019242,0.999810,0.027166,0.011945,0.003380,-0.000021,0.000005,-0.000018,0.000001,-0.000001,-0.000002,17,0.227961,0.058540,9.827340,0.001160,-0.002233,0.000772,9.830165,0.004150,0.159605,0.155519
0.125391,1.276000,0.022000,0.085000,1.234831,-0.063016,-0.035997,1.213436,-0.057703,-0.031914,-0.001910,0.004116,0.018968,0.999810,0.037853,0.011830,0.003277,-0.000023,0.000006,-0.000017,0.000000,-0.000002,-0.000002,17,0.220650,0.067355,9.822901,-0.000212,-0.000872,-0.001412,9.825614,0.004392,0.153502,0.154711
0.142040,1.276000,0.022000,0.085000,1.251288,-0.051679,0.100616,1.216899,-0.056013,-0.029004,-0.004391,0.004221,0.022360,0.999731,0.044498,0.020284,0.009017,-0.000039,0.000008,-0.000061,0.000001,0.000003,-0.000005,17,0.215297,0.064618,9.817310,0.001355,0.001301,-0.000529,9.819884,0.003466,0.079266,0.150253
0.158686,1.276000,0.022000,0.085000,1.190389,-0.071933,0.021536,1.214962,-0.057179,-0.027588,-0.002980,0.000322,0.018906,0.999817,0.038598,0.017931,0.011553,-0.000043,0.000010,-0.000079,0.000000,0.000006,-0.000002,17,0.234625,0.056943,9.797449,0.001569,0.000598,-0.002263,9.800431,0.004533,0.142058,0.150569
0.175260,1.276000,0.022000,0.085000,1.206792,-0.068866,0.059209,1.214434,-0.057682,-0.025327,-0.002497,-0.001987,0.017227,0.999847,0.035436,0.017985,0.016242,-0.000051,0.000013,-0.000112,0.000000,0.000007,-0.000001,16,0.231330,0.070988,9.823136,-0.000833,0.000323,0.000807,9.826123,0.003786,0.117097,0.149371
0.191933,1.276000,0.022000,0.085000,1.236494,-0.065352,0.044878,1.216548,-0.057805,-0.023445,-0.002215,-0.001192,0.017250,0.999848,0.041769,0.018650,0.019861,-0.000056,0.000014,-0.000140,0.000000,0.000007,-0.000001,17,0.215082,0.056963,9.811392,-0.000063,-0.000535,-0.001689,9.813915,0.003727,0.103927,0.147186
0.208562,1.276000,0.022000,0.085000,1.252437,-0.086706,0.059755,1.219784,-0.059890,-0.021214,0.000033,0.000436,0.015175,0.999885,0.052414,0.011227,0.024321,-0.000063,0.000016,-0.000174,-0.000001,0.000007,-0.000000,17,0.225206,0.059994,9.815509,-0.000751,-0.000177,-0.002444,9.818278,0.003486,0.114059,0.145422
0.225177,1.276000,0.022000,0.085000,1.208462,-0.039598,-0.075355,1.219915,-0.058034,-0.022140,-0.001369,0.000163,0.017195,0.999851,0.054486,0.019173,0.021416,-0.000058,0.000015,-0.000150,-0.000001,0.000006,-0.000002,17,0.224593,0.088267,9.811885,0.000534,-0.001168,0.000013,9.814855,0.003109,0.184579,0.145017
0.241758,1.276000,0.022000,0.085000,1.247843,-0.017914,-0.017051,1.222938,-0.053982,-0.021704,-0.004517,0.001887,0.023028,0.999723,0.065502,0.036232,0.021479,-0.000059,0.000015,-0.000155,0.000000,0.000006,-0.000005,16,0.211813,0.075642,9.802279,0.000433,-0.002157,0.000998,9.804862,0.003100,0.113138,0.141332
0.258369,1.276000,0.022000,0.085000,1.214363,-0.045135,-0.064301,1.223441,-0.052829,-0.022488,-0.004936,0.001665,0.023909,0.999701,0.068174,0.041181,0.019038,-0.000056,0.000015,-0.000135,0.000001,0.000006,-0.000006,17,0.229115,0.074651,9.813374,-0.000054,-0.000287,0.000719,9.816337,0.003949,0.174920,0.141122
0.275002,1.276000,0.022000,0.085000,1.243435,-0.020584,-0.068806,1.226126,-0.049519,-0.023529,-0.006842,0.003036,0.027302,0.999599,0.078882,0.054959,0.016204,-0.000053,0.000015,-0.000113,0.000002,0.000006,-0.000007,17,0.236807,0.081930,9.822483,0.001490,0.001295,0.000704,9.825691,0.003681,0.162880,0.139216
0.291648,1.276000,0.022000,0.085000,1.243307,-0.036332,-0.026290,1.228648,-0.047526,-0.023382,-0.007574,0.003869,0.028382,0.999561,0.087884,0.062963,0.016215,-0.000053,0.000014,-0.000112,0.000002,0.000006,-0.000008,17,0.225748,0.068595,9.831593,0.001674,0.000375,-0.001184,9.834429,0.003679,0.129834,0.137196
0.308274,1.276000,0.022000,0.085000,1.198430,-0.050877,-0.076273,1.227901,-0.047048,-0.024624,-0.007195,0.002706,0.028615,0.999561,0.085023,0.064348,0.013302,-0.000049,0.000015,-0.000085,0.000003,0.000005,-0.000009,16,0.221568,0.079201,9.822527,0.000641,0.003799,-0.001384,9.825346,0.005033,0.193228,0.138197
0.324837,1.276000,0.022000,0.085000,1.239801,-0.086617,-0.032642,1.230122,-0.049452,-0.024711,-0.004960,0.003129,0.024532,0.999682,0.092753,0.053746,0.013031,-0.000048,0.000016,-0.000078,0.000005,0.000006,-0.000006,17,0.227416,0.076123,9.823768,0.001815,-0.000463,-0.000676,9.826698,0.003306,0.164157,0.138732
0.341512,1.276000,0.022000,0.085000,1.176100,-0.040279,0.027519,1.227517,-0.047713,-0.022717,-0.005566,0.000650,0.025152,0.999668,0.081381,0.060542,0.016819,-0.000051,0.000016,-0.000107,0.000004,0.000004,-0.000007,17,0.238027,0.080808,9.810872,0.001665,-0.000553,-0.001118,9.814100,0.003227,0.131007,0.137162
0.374792,1.276000,0.022000,0.085000,1.263911,-0.023355,-0.080392,1.233196,-0.043730,-0.024201,-0.006648,0.002412,0.025637,0.999646,0.100500,0.075020,0.012868,-0.000048,0.000015,-0.000071,0.000007,0.000003,-0.000006,34,0.216461,0.076948,9.817710,0.000440,0.002060,-0.000199,9.820406,0.003577,0.171924,0.134453
0.424650,1.276000,0.022000,0.085000,1.217512,-0.067510,0.090729,1.235950,-0.042483,-0.018986,-0.005209,0.000852,0.024920,0.999676,0.102515,0.073619,0.022409,-0.000054,0.000015,-0.000163,-0.000003,0.000007,-0.000006,50,0.229533,0.062999,9.819957,-0.000827,0.000016,0.000019,9.822848,0.003068,0.107078,0.128745
0.441273,1.276000,0.022000,0.085000,1.258200,-0.063621,0.082684,1.239253,-0.043285,-0.014658,-0.004166,0.001442,0.024466,0.999691,0.111711,0.068363,0.029978,-0.000059,0.000015,-0.000245,-0.000008,0.000002,-0.000006,17,0.219488,0.075215,9.812536,-0.000350,0.000119,-0.000308,9.815282,0.002653,0.087482,0.124677
0.457890,1.276000,0.022000,0.085000,1.261243,-0.079374,0.046441,1.242661,-0.045888,-0.011862,-0.002375,0.002058,0.023639,0.999716,0.121284,0.055927,0.034502,-0.000061,0.000014,-0.000290,-0.000017,-0.000001,-0.000006,16,0.219575,0.070631,9.817160,0.000539,0.001709,-0.000063,9.819871,0.003556,0.109459,0.122892
0.474468,1.276000,0.022000,0.085000,1.206057,-0.064085,-0.086518,1.241470,-0.047237,-0.014245,-0.001402,0.000776,0.021056,0.999777,0.114216,0.048731,0.029525,-0.000058,0.000014,-0.000228,-0.000024,0.000005,-0.000003,17,0.216534,0.068039,9.820083,0.000151,-0.000378,-0.000473,9.822709,0.003385,0.204257,0.125840
0.491135,1.276000,0.022000,0.085000,1.215205,-0.043034,-0.074412,1.241126,-0.046350,-0.016134,-0.001470,-0.000054,0.019564,0.999808,0.110373,0.050946,0.025623,-0.000056,0.000013,-0.000181,-0.000026,0.000008,-0.000001,17,0.222846,0.085664,9.822110,0.000237,-0.000570,-0.001092,9.825014,0.003704,0.182586,0.126948
0.507758,1.276000,0.022000,0.085000,1.240669,-0.044703,0.048334,1.242595,-0.045201,-0.013100,-0.001647,-0.000223,0.019008,0.999818,0.112185,0.053907,0.030499,-0.000058,0.000014,-0.000231,-0.000024,0.000006,0.000000,17,0.212574,0.056244,9.826729,-0.000073,0.002322,0.000088,9.829194,0.002954,0.083917,0.123513
0.524371,1.276000,0.022000,0.085000,1.220962,-0.042124,0.083146,1.242301,-0.043744,-0.008634,-0.001963,-0.001073,0.017132,0.999851,0.107744,0.058282,0.037503,-0.000061,0.000014,-0.000306,-0.000020,0.000004,0.000002,17,0.220027,0.072860,9.818301,0.000598,-0.000199,-0.000465,9.821039,0.003777,0.084525,0.119270
0.541002,1.276000,0.022000,0.085000,1.240705,-0.075590,-0.008791,1.243801,-0.045818,-0.008108,-0.000811,-0.001152,0.018756,0.999823,0.110053,0.049235,0.037798,-0.000061,0.000014,-0.000302,-0.000027,0.000004,-0.000001,16,0.221887,0.086291,9.828297,-0.000829,0.000693,-0.000424,9.831182,0.003053,0.139879,0.119605
0.557595,1.276000,0.022000,0.085000,1.249452,-0.066920,-0.047272,1.246012,-0.047105,-0.009162,0.000017,-0.000985,0.020496,0.999789,0.114829,0.042927,0.035236,-0.000060,0.000013,-0.000270,-0.000033,0.000006,-0.000003,17,0.226228,0.068764,9.816140,0.002243,0.001184,0.000351,9.818997,0.003911,0.161578,0.120588
0.574281,1.276000,0.022000,0.085000,1.217638,-0.050188,0.052054,1.245402,-0.046517,-0.006054,-0.000047,-0.001810,0.017759,0.999841,0.109852,0.044035,0.039505,-0.000062,0.000014,-0.000316,-0.000031,0.000006,0.000000,17,0.231855,0.065334,9.812667,0.000519,-0.000578,-0.000650,9.815624,0.003435,0.098502,0.117990
0.590886,1.276000,0.022000,0.085000,1.189709,-0.035317,-0.023445,1.242851,-0.044873,-0.006051,-0.000456,-0.003140,0.012830,0.999913,0.098888,0.048573,0.038623,-0.000062,0.000014,-0.000304,-0.000030,0.000014,0.000007,17,0.225864,0.070346,9.809249,0.001049,-0.001635,-0.000125,9.812104,0.004103,0.149973,0.117733
0.607478,1.276000,0.022000,0.085000,1.214682,-0.027738,0.013355,1.242119,-0.042592,-0.004609,-0.001025,-0.003831,0.008790,0.999954,0.094064,0.055242,0.040157,-0.000062,0.000014,-0.000319,-0.000026,0.000016,0.000012,16,0.222980,0.066662,9.819160,0.000886,-0.001133,-0.001799,9.821919,0.004409,0.106615,0.115542
0.624105,1.276000,0.022000,0.085000,1.164524,-0.047633,-0.043266,1.237883,-0.042248,-0.005520,-0.000892,-0.005402,0.006506,0.999964,0.078487,0.054760,0.037936,-0.000063,0.000014,-0.000290,-0.000030,0.000030,0.000015,17,0.222994,0.068661,9.808710,0.000846,0.001293,-0.000882,9.811487,0.003016,0.183652,0.117365
0.640760,1.276000,0.022000,0.085000,1.253472,-0.033166,-0.018464,1.240227,-0.040692,-0.005450,-0.001091,-0.005123,0.005697,0.999970,0.083687,0.058382,0.037065,-0.000063,0.000014,-0.000280,-0.000029,0.000029,0.000016,17,0.223295,0.067849,9.803950,0.000367,0.000205,-0.000791,9.806729,0.002791,0.119397,0.115720
0.657371,1.276000,0.022000,0.085000,1.173203,-0.048334,-0.022741,1.236731,-0.040455,-0.005542,-0.000890,-0.006388,0.004890,0.999967,0.070948,0.057257,0.036176,-0.000062,0.000014,-0.000266,-0.000033,0.000043,0.000016,17,0.233442,0.059270,9.809476,0.000569,-0.001395,-0.000089,9.812434,0.002154,0.164689,0.116793
0.673993,1.276000,0.022000,0.085000,1.223183,-0.068854,0.088038,1.236696,-0.041828,-0.001200,-0.000241,-0.006666,0.009351,0.999934,0.068860,0.051706,0.042025,-0.000062,0.000014,-0.000335,-0.000037,0.000038,0.000010,16,0.233229,0.080251,9.822083,-0.000367,-0.000213,-0.000429,9.825181,0.003301,0.105135,0.114233
0.690630,1.276000,0.022000,0.085000,1.233909,-0.060241,-0.010615,1.237593,-0.042696,-0.000963,0.000272,-0.006701,0.013398,0.999888,0.069825,0.047455,0.041573,-0.000062,0.000014,-0.000326,-0.000044,0.000041,0.000005,17,0.236169,0.072621,9.813849,-0.000118,-0.000734,-0.001230,9.816963,0.002840,0.132957,0.114238
0.707209,1.276000,0.022000,0.085000,1.223994,-0.040319,-0.045908,1.237761,-0.041894,-0.002129,0.000272,-0.006922,0.012753,0.999895,0.068282,0.048377,0.039334,-0.000062,0.000014,-0.000291,-0.000047,0.000049,0.000006,17,0.209677,0.063474,9.827065,-0.000166,-0.000004,-0.000127,9.829508,0.003206,0.154030,0.114613
0.723927,1.276000,0.022000,0.085000,1.238097,-0.039688,0.092496,1.238656,-0.040691,0.002333,0.000129,-0.007006,0.011125,0.999914,0.068949,0.050981,0.045082,-0.000062,0.000014,-0.000363,-0.000040,0.000041,0.000007,17,0.227349,0.065107,9.828069,0.001364,-0.001345,-0.001984,9.830919,0.004109,0.072789,0.110266
0.740484,1.276000,0.022000,0.085000,1.222376,-0.082384,-0.007336,1.238743,-0.043426,0.002609,0.001113,-0.007228,0.018296,0.999806,0.067177,0.041068,0.044653,-0.000062,0.000014,-0.000352,-0.000062,0.000050,-0.000001,17,0.230563,0.070266,9.814770,0.002331,-0.001485,-0.000650,9.817731,0.004211,0.149323,0.111610
0.757081,1.276000,0.022000,0.085000,1.226632,-0.022625,-0.110315,1.239006,-0.041399,-0.001201,0.000804,-0.007392,0.015064,0.999859,0.066349,0.045450,0.038611,-0.000063,0.000013,-0.000267,-0.000062,0.000063,0.000003,16,0.220506,0.055593,9.812482,0.001594,0.000616,-0.000649,9.815120,0.003508,0.206341,0.113219
0.773744,1.276000,0.022000,0.085000,1.208808,-0.047553,-0.067177,1.238070,-0.041345,-0.003245,0.001006,-0.007814,0.015162,0.999854,0.062090,0.044005,0.035159,-0.000063,0.000013,-0.000215,-0.000071,0.000079,0.000003,17,0.231220,0.063971,9.811216,0.003291,-0.000703,-0.000477,9.814150,0.004169,0.180306,0.115059
0.790351,1.276000,0.022000,0.085000,1.249778,-0.088255,-0.022955,1.240049,-0.044598,-0.003540,0.002027,-0.007588,0.025188,0.999652,0.065682,0.032917,0.034019,-0.000063,0.000014,-0.000196,-0.000097,0.000080,-0.000009,17,0.225978,0.059982,9.803957,0.001222,-0.000127,-0.001028,9.806746,0.003276,0.156519,0.116478
0.806996,1.276000,0.022000,0.085000,1.252534,-0.031990,-0.024935,1.241886,-0.043179,-0.003832,0.001833,-0.007428,0.024470,0.999671,0.069067,0.035704,0.033268,-0.000064,0.000013,-0.000179,-0.000091,0.000076,-0.000008,17,0.221430,0.046294,9.827250,-0.000260,-0.000013,-0.000464,9.829856,0.003121,0.124705,0.115339
0.823594,1.276000,0.022000,0.085000,1.198516,-0.069847,0.026277,1.240004,-0.044591,-0.002165,0.002229,-0.008011,0.024693,0.999660,0.061942,0.030428,0.035097,-0.000063,0.000014,-0.000201,-0.000108,0.000096,-0.000008,16,0.220748,0.060436,9.824024,-0.001705,0.001357,-0.000575,9.826692,0.004462,0.133746,0.115446
0.840171,1.276000,0.022000,0.085000,1.267965,-0.039170,0.051676,1.242714,-0.043615,0.000505,0.002131,-0.007671,0.025543,0.999642,0.067359,0.032687,0.038199,-0.000063,0.000014,-0.000243,-0.000097,0.000079,-0.000009,17,0.210859,0.076362,9.830231,0.001130,0.001626,0.000812,9.832791,0.004541,0.070120,0.112039
0.856948,1.276000,0.022000,0.085000,1.206833,-0.014741,-0.011812,1.241283,-0.040848,0.000656,0.001603,-0.008167,0.018811,0.999788,0.061663,0.039264,0.037703,-0.000062,0.000014,-0.000236,-0.000079,0.000097,-0.000002,17,0.218416,0.059747,9.809608,0.000123,-0.000802,0.000240,9.812222,0.002648,0.124525,0.110765
0.873521,1.276000,0.022000,0.085000,1.218144,-0.039725,0.090175,1.240531,-0.039912,0.004752,0.001486,-0.008508,0.016400,0.999828,0.057872,0.041039,0.042072,-0.000061,0.000014,-0.000308,-0.000071,0.000106,0.000001,17,0.222804,0.070511,9.803551,-0.000285,-0.000450,-0.000311,9.806340,0.003528,0.084759,0.107382
0.890133,1.276000,0.022000,0.085000,1.199906,-0.025253,0.010701,1.238672,-0.038096,0.005626,0.001212,-0.009035,0.011895,0.999888,0.051406,0.044736,0.042552,-0.000060,0.000014,-0.000314,-0.000060,0.000131,0.000005,16,0.223762,0.059711,9.816121,0.000434,-0.001571,0.000183,9.818853,0.003557,0.116377,0.106326
0.923362,1.276000,0.022000,0.085000,1.230611,-0.049748,-0.083948,1.239857,-0.037987,0.003369,0.001555,-0.009106,0.014914,0.999846,0.051456,0.041946,0.038530,-0.000061,0.000014,-0.000233,-0.000086,0.000147,0.000002,34,0.221163,0.058177,9.817847,0.001771,0.000405,0.000556,9.820515,0.003867,0.189080,0.107556
0.956618,1.276000,0.022000,0.085000,1.231991,-0.066968,0.044313,1.240858,-0.039206,0.006266,0.002094,-0.009198,0.019427,0.999767,0.050686,0.036582,0.040875,-0.000060,0.000016,-0.000269,-0.000127,0.000160,-0.000003,34,0.220452,0.077671,9.815958,0.001212,0.001828,-0.000660,9.818748,0.003528,0.107274,0.105736
0.973197,1.276000,0.022000,0.085000,1.213706,-0.039876,0.011187,1.239554,-0.038666,0.007084,0.002104,-0.009586,0.017837,0.999793,0.045843,0.037031,0.041459,-0.000059,0.000016,-0.000274,-0.000129,0.000191,-0.000001,16,0.221348,0.078540,9.827245,0.002128,-0.003812,-0.000473,9.830053,0.004826,0.114707,0.105260
0.989857,1.276000,0.022000,0.085000,1.221529,-0.034609,-0.019041,1.238953,-0.037806,0.006660,0.002071,-0.009781,0.016409,0.999815,0.042816,0.037927,0.040264,-0.000059,0.000016,-0.000249,-0.000129,0.000213,0.000001,17,0.212153,0.058438,9.809208,0.002370,0.003352,-0.000033,9.811678,0.004502,0.130370,0.105291
1.023109,1.276000,0.022000,0.085000,1.226588,-0.067463,0.009502,1.239405,-0.039394,0.008023,0.002611,-0.009944,0.021163,0.999723,0.041036,0.031468,0.040487,-0.000059,0.000018,-0.000248,-0.000185,0.000236,-0.000004,34,0.219837,0.066816,9.809247,0.000707,-0.000660,-0.000615,9.811943,0.002439,0.127063,0.105042
1.039733,1.276000,0.022000,0.085000,1.255232,-0.070173,0.097984,1.241149,-0.041479,0.012345,0.003063,-0.009765,0.026623,0.999593,0.043955,0.025709,0.044824,-0.000058,0.000020,-0.000337,-0.000225,0.000218,-0.000010,16,0.223045,0.083208,9.812181,0.000070,0.001036,0.001312,9.815072,0.004033,0.095372,0.102581
1.056324,1.276000,0.022000,0.085000,1.248070,-0.055681,0.022138,1.242344,-0.042330,0.013419,0.003287,-0.009671,0.029179,0.999522,0.045599,0.022895,0.045490,-0.000058,0.000020,-0.000345,-0.000249,0.000212,-0.000012,17,0.223854,0.074937,9.819723,-0.000133,0.001942,-0.001275,9.822561,0.005242,0.103760,0.101955
1.072978,1.276000,0.022000,0.085000,1.207822,-0.052272,0.002413,1.240514,-0.042780,0.013657,0.003424,-0.010043,0.027606,0.999563,0.040000,0.020633,0.044960,-0.000057,0.000021,-0.000333,-0.000273,0.000260,-0.000010,17,0.232673,0.059855,9.805385,0.001860,0.002166,0.000996,9.808333,0.005002,0.130327,0.102691
1.089672,1.276000,0.022000,0.085000,1.254765,-0.053027,0.020825,1.242203,-0.043343,0.014647,0.003607,-0.009897,0.030237,0.999487,0.042876,0.018664,0.045391,-0.000058,0.000021,-0.000339,-0.000290,0.000244,-0.000013,17,0.226944,0.071278,9.812545,0.002387,-0.000394,0.000367,9.815430,0.002971,0.100987,0.101792
1.106221,1.276000,0.022000,0.085000,1.238560,-0.080533,-0.072107,1.242890,-0.046303,0.011867,0.004185,-0.009911,0.035221,0.999322,0.043458,0.010191,0.041734,-0.000058,0.000023,-0.000248,-0.000375,0.000257,-0.000017,17,0.238286,0.054384,9.818504,0.000997,-0.001175,-0.000738,9.821553,0.003077,0.191304,0.105404
1.122906,1.276000,0.022000,0.085000,1.214652,-0.039964,-0.067517,1.241601,-0.045798,0.009369,0.004132,-0.010155,0.032276,0.999419,0.039549,0.010262,0.038397,-0.000057,0.000022,-0.000169,-0.000384,0.000293,-0.000013,16,0.234601,0.049679,9.810749,-0.000036,0.003767,-0.000354,9.813684,0.004386,0.175683,0.107238
1.139467,1.276000,0.022000,0.085000,1.233209,-0.070532,-0.024470,1.241753,-0.047670,0.008561,0.004505,-0.010200,0.034828,0.999331,0.038950,0.004910,0.037017,-0.000057,0.000023,-0.000136,-0.000436,0.000309,-0.000015,17,0.233025,0.063643,9.820993,0.000847,0.001672,0.001224,9.823969,0.003613,0.149589,0.108948
1.156114,1.276000,0.022000,0.085000,1.233158,-0.051772,-0.008577,1.241782,-0.047949,0.008468,0.004558,-0.010255,0.034538,0.999340,0.037886,0.003601,0.036363,-0.000057,0.000024,-0.000118,-0.000449,0.000322,-0.000014,17,0.221921,0.058680,9.809925,-0.000308,0.003415,-0.000486,9.812618,0.004681,0.126628,0.109182
1.172740,1.276000,0.022000,0.085000,1.223658,-0.061359,-0.018939,1.241208,-0.048953,0.007971,0.004717,-0.010430,0.034452,0.999341,0.035367,0.000661,0.035284,-0.000056,0.000024,-0.000090,-0.000482,0.000349,-0.000013,17,0.218463,0.068737,9.809928,-0.000403,-0.001156,0.000051,9.812602,0.003407,0.143149,0.110355
1.189306,1.276000,0.022000,0.085000,1.221826,-0.058096,0.016695,1.240421,-0.049575,0.008824,0.004823,-0.010611,0.033426,0.999373,0.032458,-0.001134,0.035907,-0.000055,0.000025,-0.000098,-0.000501,0.000377,-0.000011,16,0.218926,0.073413,9.823296,0.002866,0.000162,-0.000551,9.826011,0.003987,0.118388,0.110416
1.205925,1.276000,0.022000,0.085000,1.255508,-0.086338,0.063939,1.241943,-0.052223,0.011431,0.005229,-0.010497,0.038591,0.999186,0.034629,-0.007311,0.038708,-0.000055,0.000028,-0.000150,-0.000560,0.000365,-0.000017,17,0.217912,0.073101,9.845762,0.001526,-0.000056,0.000565,9.848446,0.002913,0.112252,0.109915
1.224677,1.276000,0.022000,0.085000,1.171273,-0.041336,-0.059011,1.237779,-0.051542,0.009446,0.005086,-0.011113,0.030249,0.999468,0.024285,-0.006783,0.036134,-0.000052,0.000027,-0.000081,-0.000563,0.000463,-0.000005,19,0.222895,0.060725,9.817605,0.000810,-0.000905,0.000492,9.820325,0.002856,0.188993,0.112150
1.241324,1.276000,0.022000,0.085000,1.230248,-0.115637,0.026148,1.237917,-0.056416,0.010569,0.005778,-0.011145,0.037785,0.999207,0.023476,-0.018134,0.036804,-0.000051,0.000032,-0.000093,-0.000694,0.000490,-0.000013,17,0.223330,0.061929,9.812367,0.000276,0.002290,-0.015609,9.815118,0.017263,0.156527,0.114627
1.257932,1.276000,0.022000,0.085000,1.235999,-0.027209,-0.058006,1.238086,-0.054704,0.008645,0.005481,-0.011166,0.034787,0.999317,0.023598,-0.014499,0.034400,-0.000052,0.000029,-0.000025,-0.000647,0.000487,-0.000010,17,0.241297,0.056500,9.816632,-0.003196,-0.000455,0.033483,9.819997,0.100630,0.156437,0.114678
1.274558,1.276000,0.022000,0.085000,1.202719,-0.044768,0.007438,1.236048,-0.054111,0.009125,0.005436,-0.011391,0.029583,0.999483,0.017363,-0.013529,0.034568,-0.000050,0.000028,-0.000025,-0.000630,0.000538,-0.000003,16,0.155911,0.065914,9.819542,0.011165,0.008157,-0.039925,9.821113,0.093999,0.125873,0.114656
1.291181,1.276000,0.022000,0.085000,1.255402,-0.023427,0.043194,1.237392,-0.052073,0.010947,0.005177,-0.011508,0.026980,0.999556,0.020295,-0.008664,0.035967,-0.000051,0.000026,-0.000061,-0.000552,0.000500,-0.000001,17,0.259164,0.070249,9.807671,0.007289,-0.030420,0.004268,9.811389,0.045512,0.065082,0.111630
1.307848,1.276000,0.022000,0.085000,1.237257,-0.054006,0.053927,1.237631,-0.052258,0.013076,0.005080,-0.011454,0.026600,0.999568,0.020130,-0.009387,0.038129,-0.000051,0.000026,-0.000104,-0.000547,0.000501,-0.000001,17,0.233367,0.049198,9.838930,-0.011650,0.009000,-0.024466,9.842089,0.044058,0.090794,0.110270
1.324451,1.276000,0.022000,0.085000,1.195826,-0.033402,-0.065946,1.235373,-0.051207,0.010841,0.005086,-0.011770,0.021957,0.999677,0.013726,-0.008853,0.036967,-0.000049,0.000024,-0.000025,-0.000521,0.000567,0.000004,17,0.170078,-0.007974,9.910873,0.019915,-0.002323,-0.047494,9.912481,0.074418,0.179672,0.111845
1.341054,1.276000,0.022000,0.085000,1.194879,-0.063638,-0.091530,1.233249,-0.052395,0.007727,0.005690,-0.011542,0.022359,0.999667,0.011440,-0.012182,0.034255,-0.000046,0.000025,0.000080,-0.000575,0.000640,0.000004,16,0.405543,0.052790,9.867161,0.059149,0.062483,0.058314,9.876058,0.130009,0.212314,0.115470
1.374310,1.276000,0.021000,0.086000,1.247033,-0.070107,-0.029026,1.234305,-0.054291,0.007780,0.007200,0.004542,0.025054,0.999650,-0.015437,-0.018926,0.066470,-0.000047,0.000027,0.000124,-0.000632,0.000618,0.000001,34,-0.719139,0.064132,10.813837,0.101363,0.950797,-0.045269,10.861955,0.964151,0.149568,0.116300
1.390920,1.276000,0.022000,0.087000,1.202653,-0.036616,-0.021308,1.231910,-0.053213,0.008145,0.010579,0.022304,0.020226,0.999491,-0.021096,-0.006951,0.112723,-0.000045,0.000025,0.000154,-0.000590,0.000678,0.000005,17,-0.402535,0.788953,12.658677,0.466848,2.180485,-0.119885,12.699923,2.235796,0.143339,0.117555
1.407575,1.276000,0.023000,0.089000,1.294404,-0.030633,0.035286,1.235700,-0.051739,0.011406,0.014810,0.036634,0.019764,0.999024,0.011307,-0.010702,0.174423,-0.000051,0.000022,0.000130,-0.000515,0.000539,0.000005,17,0.609460,-0.153338,13.535986,0.571997,1.665439,-0.098229,13.556257,1.764834,0.078105,0.115025
1.424108,1.276000,0.022000,0.092000,1.250060,-0.063593,0.065282,1.237027,-0.052673,0.016426,0.016752,0.045129,0.020464,0.998631,0.038354,-0.015225,0.235151,-0.000052,0.000024,0.000076,-0.000539,0.000510,0.000004,16,0.483087,0.192933,13.615159,0.267644,1.055285,-0.081809,13.635315,1.092747,0.093342,0.113165
1.457416,1.278000,0.021000,0.100000,1.172767,0.002493,-0.055618,1.234570,-0.049229,0.023195,0.023773,0.055042,0.012414,0.998124,0.086120,-0.019480,0.336624,-0.000047,0.000016,0.000161,-0.000351,0.000671,0.000006,34,0.395612,0.121522,13.095447,0.453594,0.635779,-0.149153,13.109369,0.811199,0.188769,0.112770
1.474068,1.280000,0.022000,0.105000,1.210757,0.036762,-0.043182,1.234425,-0.043355,0.026471,0.026790,0.055008,0.004027,0.998118,0.109532,-0.016047,0.356570,-0.000046,0.000005,0.000236,-0.000049,0.000718,0.000009,17,0.412903,-0.015638,11.298037,0.418010,0.031329,-0.175296,11.305946,0.459866,0.164227,0.111872
1.490660,1.283000,0.021000,0.111000,1.172407,0.016896,-0.019274,1.232103,-0.039408,0.030404,0.027676,0.053152,0.000607,0.998203,0.119010,-0.020026,0.357391,-0.000040,-0.000004,0.000283,0.000176,0.000873,0.000007,16,0.086036,-0.267111,10.062050,0.160589,-0.172054,-0.087058,10.070688,0.281420,0.170935,0.112851
1.507245,1.285000,0.020000,0.117000,1.211423,0.001643,-0.135053,1.232571,-0.037068,0.029987,0.027738,0.050205,-0.002721,0.998350,0.138210,-0.023598,0.343043,-0.000039,-0.000008,0.000477,0.000301,0.000930,0.000007,17,0.415430,-0.058088,9.400108,0.032086,-0.342412,-0.119228,9.416716,0.369062,0.263213,0.116519
1.523999,1.289000,0.019000,0.123000,1.227194,0.001777,-0.122061,1.234410,-0.034898,0.029888,0.028921,0.045695,-0.006677,0.998514,0.155579,-0.023781,0.322984,-0.000040,-0.000011,0.000656,0.000420,0.000946,0.000009,17,0.292899,0.218249,8.987991,0.172516,-0.539396,-0.152861,8.999267,0.589641,0.253321,0.120643
1.540565,1.292000,0.017000,0.127000,1.196724,-0.016216,-0.118251,1.234454,-0.034290,0.029667,0.029021,0.039379,-0.005898,0.998785,0.166047,-0.036189,0.300295,-0.000036,-0.000013,0.000828,0.000473,0.001051,0.000003,17,0.214469,-0.407122,8.825102,0.046296,-0.745890,-0.088375,8.837770,0.754139,0.265196,0.124161
1.557144,1.295000,0.016000,0.131000,1.176422,-0.043178,-0.103599,1.233295,-0.035737,0.029433,0.028415,0.033353,-0.001837,0.999038,0.169376,-0.047125,0.276612,-0.000030,-0.000010,0.000983,0.000430,0.001215,-0.000007,16,0.065819,-0.195886,8.641266,-0.058853,-0.740674,-0.091974,8.647231,0.748899,0.269443,0.129615
1.573784,1.299000,0.014000,0.136000,1.193696,-0.005164,-0.052251,1.233438,-0.034562,0.030700,0.027065,0.028221,-0.002522,0.999232,0.166853,-0.052588,0.249064,-0.000027,-0.000014,0.001075,0.000540,0.001317,-0.000010,17,-0.334277,-0.139743,8.275257,-0.134342,-0.616935,-0.087362,8.283836,0.638566,0.216551,0.133209
1.590463,1.303000,0.013000,0.140000,1.261596,-0.003725,-0.003105,1.237817,-0.033348,0.033238,0.025442,0.023375,-0.007277,0.999376,0.179776,-0.055083,0.224755,-0.000030,-0.000018,0.001118,0.000650,0.001241,-0.000003,17,0.171544,0.091085,8.405314,-0.180826,-0.608248,-0.071522,8.411844,0.638778,0.149910,0.133398
1.607021,1.306000,0.012000,0.143000,1.234468,-0.017882,0.008370,1.240486,-0.033212,0.035740,0.023857,0.017669,-0.007997,0.999527,0.191382,-0.055342,0.197884,-0.000030,-0.000021,0.001149,0.000707,0.001254,-0.000004,17,0.418400,0.270552,8.238569,-0.175225,-0.694528,-0.031523,8.254456,0.717117,0.155354,0.133570
1.623701,1.311000,0.010000,0.146000,1.234174,-0.059175,-0.005119,1.243114,-0.035904,0.037280,0.022315,0.012380,-0.007154,0.999649,0.187328,-0.070501,0.169465,-0.000029,-0.000015,0.001201,0.000605,0.001282,-0.000005,17,-0.422758,-0.332384,8.206829,-0.200382,-0.634986,-0.041325,8.230731,0.667211,0.183097,0.136146
1.656912,1.318000,0.006000,0.151000,1.268221,-0.026947,0.052323,1.250421,-0.037621,0.042294,0.017123,0.002161,-0.008841,0.999812,0.192872,-0.074719,0.115104,-0.000032,-0.000018,0.001188,0.000655,0.001223,-0.000003,33,-0.024748,0.147909,8.133436,-0.306523,-0.634870,-0.047251,8.154713,0.707046,0.115328,0.135228
1.673548,1.323000,0.004000,0.153000,1.306879,-0.073538,0.099821,1.256786,-0.041190,0.045851,0.015266,-0.003266,-0.012144,0.999804,0.197617,-0.090943,0.093888,-0.000038,-0.000012,0.001125,0.000519,0.001070,0.000004,17,-0.062690,-0.356251,8.414037,-0.252027,-0.701913,-0.054141,8.425084,0.748760,0.095394,0.133819
1.706755,1.332000,0.000000,0.155000,1.300266,-0.071631,0.146804,1.265288,-0.046221,0.051733,0.010742,-0.013534,-0.014813,0.999741,0.188873,-0.109241,0.055684,-0.000043,-0.000009,0.001000,0.000417,0.000962,0.000010,33,-0.238361,-0.216788,8.541627,-0.280056,-0.651031,-0.022984,8.554100,0.712004,0.078773,0.131343
1.723356,1.335000,-0.002000,0.155000,1.309370,-0.059027,0.163353,1.270669,-0.048542,0.056433,0.007983,-0.017791,-0.015783,0.999685,0.189546,-0.112242,0.045866,-0.000048,-0.000009,0.000859,0.000393,0.000848,0.000012,17,0.014273,0.044891,8.948449,-0.340557,-0.566219,-0.053842,8.952481,0.663001,0.063077,0.126571
1.740016,1.339000,-0.004000,0.156000,1.250272,-0.052203,0.007653,1.272294,-0.050658,0.055362,0.005126,-0.022232,-0.016678,0.999601,0.177183,-0.116915,0.036239,-0.000045,-0.000008,0.000922,0.000375,0.000914,0.000013,17,-0.212354,-0.136393,9.326785,-0.345002,-0.534912,-0.020519,9.335304,0.637231,0.179452,0.129440
1.756673,1.343000,-0.007000,0.156000,1.294870,-0.092966,0.186120,1.276057,-0.055151,0.060451,0.001946,-0.026684,-0.020502,0.999432,0.171922,-0.118352,0.037541,-0.000047,-0.000003,0.000759,0.000236,0.000875,0.000020,17,0.071354,0.346176,9.628265,-0.397104,-0.559516,-0.046780,9.645427,0.688703,0.103023,0.126213
1.773282,1.346000,-0.009000,0.156000,1.324997,-0.068944,0.095663,1.281421,-0.057788,0.062232,-0.001632,-0.030547,-0.021159,0.999308,0.162219,-0.122600,0.038642,-0.000053,-0.000001,0.000716,0.000183,0.000730,0.000021,16,-0.393441,-0.202279,9.848508,-0.456801,-0.536790,-0.072052,9.861031,0.709030,0.087607,0.123868
1.789850,1.349000,-0.011000,0.157000,1.250524,-0.055292,0.088333,1.281766,-0.059365,0.063757,-0.004458,-0.034517,-0.021694,0.999159,0.143202,-0.118638,0.043663,-0.000048,-0.000002,0.000684,0.000219,0.000846,0.000021,17,-0.297668,0.115764,10.099219,-0.342203,-0.479579,-0.021980,10.105205,0.590553,0.127963,0.124715
1.806523,1.353000,-0.014000,0.157000,1.309236,-0.090882,0.126749,1.285269,-0.063167,0.066611,-0.007028,-0.038715,-0.023925,0.998939,0.131224,-0.118297,0.049145,-0.000052,0.000002,0.000608,0.000109,0.000775,0.000025,17,-0.160239,0.129024,10.067663,-0.317835,-0.543103,0.006929,10.071114,0.629976,0.093495,0.123187
1.823182,1.355000,-0.015000,0.158000,1.265827,-0.054153,0.116509,1.285884,-0.064197,0.069122,-0.009951,-0.042208,-0.023775,0.998776,0.112341,-0.110869,0.054990,-0.000048,-0.000001,0.000546,0.000178,0.000861,0.000024,17,-0.177776,0.138092,10.109975,-0.341651,-0.418598,-0.051199,10.114089,0.544891,0.105860,0.122868
1.889734,1.364000,-0.024000,0.159000,1.279363,-0.087939,0.066106,1.289853,-0.072312,0.072443,-0.018670,-0.048950,-0.027769,0.998241,0.035504,-0.096139,0.051608,-0.000046,0.000004,0.000557,0.000084,0.000905,0.000027,67,-0.241170,-0.050511,9.826428,-0.261717,-0.209585,-0.039587,9.832320,0.340053,0.141000,0.123790
1.922867,1.366000,-0.027000,0.160000,1.251950,-0.125870,0.194782,1.287196,-0.078679,0.078496,-0.022095,-0.051903,-0.037696,0.997696,-0.003733,-0.078979,0.046082,-0.000035,0.000018,0.000377,-0.000173,0.001183,0.000036,33,-0.127485,0.212695,9.587878,-0.199159,-0.182506,-0.037752,9.595891,0.276302,0.154895,0.124594
1.939481,1.367000,-0.028000,0.160000,1.331049,-0.083193,0.093447,1.290370,-0.079540,0.079771,-0.022915,-0.053070,-0.034429,0.997734,-0.017082,-0.071224,0.039503,-0.000040,0.000025,0.000355,-0.000308,0.001047,0.000033,17,-0.289474,-0.103149,9.446683,-0.118574,-0.168731,-0.021213,9.455455,0.209636,0.093638,0.122332
1.956119,1.367000,-0.029000,0.160000,1.314176,-0.092679,0.121887,1.291513,-0.081438,0.081944,-0.024444,-0.054023,-0.034063,0.997659,-0.033143,-0.064687,0.036528,-0.000044,0.000027,0.000294,-0.000370,0.000957,0.000032,17,-0.149808,0.008753,9.617561,-0.198730,-0.139127,-0.037288,9.620143,0.251049,0.091093,0.120586
1.989365,1.367000,-0.031000,0.160000,1.285343,-0.115327,0.158075,1.289075,-0.085579,0.085885,-0.026365,-0.053557,-0.036591,0.997546,-0.079715,-0.050138,0.035721,-0.000044,0.000035,0.000180,-0.000531,0.000999,0.000033,33,-0.367791,0.011724,9.807042,-0.130233,0.024939,-0.027797,9.816514,0.157370,0.117399,0.120599
2.006009,1.366000,-0.032000,0.160000,1.314215,-0.103726,0.175691,1.289244,-0.087332,0.089823,-0.026029,-0.052035,-0.035905,0.997660,-0.096076,-0.039372,0.039103,-0.000049,0.000038,0.000045,-0.000605,0.000910,0.000032,17,-0.194611,0.256165,9.916371,0.016764,0.177324,-0.028737,9.922179,0.183207,0.089847,0.117805
2.022637,1.366000,-0.033000,0.160000,1.388258,-0.106307,0.115424,1.294610,-0.089155,0.091507,-0.025794,-0.049449,-0.030307,0.997983,-0.099798,-0.028641,0.042802,-0.000070,0.000042,0.000006,-0.000751,0.000490,0.000026,17,-0.043393,0.407600,10.051716,-0.034690,0.265063,0.008073,10.060918,0.273127,0.088636,0.113760
2.039279,1.364000,-0.033000,0.160000,1.326786,-0.101227,0.042167,1.295318,-0.090568,0.090454,-0.025338,-0.047708,-0.029063,0.998117,-0.114265,-0.018253,0.046778,-0.000077,0.000046,0.000080,-0.000857,0.000333,0.000025,17,-0.191631,0.243228,10.247186,0.024124,0.190819,-0.009532,10.254977,0.204101,0.141154,0.113437
2.055967,1.363000,-0.033000,0.160000,1.345317,-0.081808,0.063799,1.296857,-0.090160,0.090330,-0.023849,-0.044807,-0.025793,0.998378,-0.131423,-0.009114,0.051591,-0.000087,0.000044,0.000119,-0.000838,0.000114,0.000022,17,-0.485289,0.019770,10.250219,0.154378,0.329473,-0.020867,10.263838,0.370389,0.109314,0.111786
2.072492,1.360000,-0.034000,0.161000,1.310466,-0.121675,0.089637,1.295652,-0.092591,0.091137,-0.023835,-0.041890,-0.026798,0.998478,-0.148314,-0.012856,0.056130,-0.000091,0.000052,0.000121,-0.001020,0.000045,0.000023,16,-0.316906,-0.495214,10.153615,-0.028996,0.355320,0.016498,10.171363,0.370537,0.123423,0.111599
2.089114,1.358000,-0.034000,0.160000,1.289873,-0.106978,0.144034,1.292789,-0.093626,0.093918,-0.024684,-0.039360,-0.028058,0.998526,-0.164348,-0.009926,0.060409,-0.000091,0.000055,0.000048,-0.001075,0.000071,0.000024,17,-0.145206,-0.263244,10.013881,-0.125326,0.317464,-0.038968,10.020288,0.347725,0.101104,0.110338
2.122364,1.353000,-0.034000,0.161000,1.286536,-0.095543,0.090407,1.286938,-0.093664,0.095749,-0.024382,-0.032948,-0.027971,0.998768,-0.189018,0.016582,0.063096,-0.000091,0.000056,0.000056,-0.001090,0.000071,0.000024,34,-0.057389,0.291800,9.949255,0.004308,0.387653,0.015594,9.956185,0.394749,0.114841,0.110370
2.139000,1.351000,-0.034000,0.162000,1.237000,-0.083891,0.118864,1.280774,-0.092553,0.097503,-0.023706,-0.030756,-0.029801,0.998801,-0.199106,0.032644,0.065517,-0.000081,0.000054,0.000023,-0.001015,0.000277,0.000025,16,0.301163,0.386528,9.950652,0.093273,0.312312,-0.003218,9.968080,0.328626,0.131703,0.111893
2.155577,1.348000,-0.033000,0.162000,1.312385,-0.112663,0.023566,1.279915,-0.093625,0.095892,-0.022632,-0.028071,-0.028000,0.998957,-0.203930,0.042960,0.064045,-0.000089,0.000061,0.000132,-0.001175,0.000122,0.000023,17,-0.007399,0.449146,9.915634,0.093131,0.316368,-0.002952,9.929088,0.330919,0.163641,0.112611
2.172248,1.346000,-0.032000,0.162000,1.309638,-0.088903,0.051724,1.278739,-0.092716,0.095362,-0.021902,-0.024615,-0.027058,0.999091,-0.207258,0.050204,0.064130,-0.000096,0.000059,0.000198,-0.001175,-0.000026,0.000023,17,0.079033,0.033021,9.922277,0.079683,0.404950,0.015792,9.929100,0.416964,0.129309,0.112477
2.188864,1.342000,-0.032000,0.163000,1.280504,-0.113250,0.092777,1.275620,-0.093346,0.096302,-0.021493,-0.021063,-0.026376,0.999199,-0.213408,0.049341,0.065835,-0.000098,0.000066,0.000204,-0.001299,-0.000043,0.000021,17,0.056715,-0.286402,9.918814,0.016212,0.433962,-0.001899,9.923844,0.437184,0.123752,0.112331
2.205498,1.339000,-0.031000,0.163000,1.270315,-0.093137,0.151503,1.271832,-0.092378,0.099291,-0.020877,-0.018032,-0.026823,0.999259,-0.222073,0.056901,0.066017,-0.000097,0.000065,0.000127,-0.001281,-0.000029,0.000022,17,-0.128052,-0.001502,9.733407,0.065693,0.370123,-0.024529,9.736011,0.380297,0.093332,0.111075
2.222085,1.335000,-0.030000,0.163000,1.299466,-0.100880,0.132602,1.270104,-0.091959,0.101494,-0.018867,-0.014578,-0.025907,0.999380,-0.225737,0.066739,0.069046,-0.000105,0.000066,0.000084,-0.001323,-0.000152,0.000022,16,-0.132255,0.295936,9.954273,0.234611,0.423937,0.031342,9.961541,0.488809,0.084916,0.108782
2.238745,1.332000,-0.028000,0.164000,1.274480,-0.075363,0.032436,1.266989,-0.089967,0.100185,-0.016134,-0.010848,-0.025920,0.999475,-0.229553,0.073921,0.067555,-0.000106,0.000063,0.000181,-0.001265,-0.000197,0.000023,17,-0.062186,-0.005016,9.866920,0.335745,0.463544,0.058048,9.868690,0.575938,0.151198,0.110176
2.255407,1.329000,-0.027000,0.164000,1.231089,-0.100419,0.145443,1.261272,-0.089439,0.102813,-0.013814,-0.007421,-0.025163,0.999560,-0.237421,0.071622,0.072113,-0.000099,0.000066,0.000119,-0.001309,-0.000057,0.000021,17,-0.049582,-0.358331,9.998306,0.265632,0.448853,0.040382,10.007370,0.524735,0.123779,0.110587
2.288613,1.322000,-0.024000,0.165000,1.255778,-0.071862,0.081418,1.253744,-0.085889,0.104345,-0.008390,-0.000564,-0.026033,0.999626,-0.236048,0.087550,0.073670,-0.000099,0.000062,0.000152,-0.001232,-0.000072,0.000023,33,0.082397,0.192604,9.887221,0.327237,0.430548,0.021185,9.891128,0.546354,0.116885,0.110310
2.305227,1.319000,-0.022000,0.165000,1.286359,-0.082207,0.137050,1.252201,-0.084267,0.106670,-0.005210,0.002294,-0.026838,0.999624,-0.229858,0.087115,0.078939,-0.000108,0.000060,0.000110,-0.001217,-0.000232,0.000027,17,0.112788,-0.195344,10.055290,0.391717,0.342527,0.008520,10.058718,0.522313,0.073970,0.108359
2.321912,1.315000,-0.020000,0.166000,1.280447,-0.083821,0.091734,1.250415,-0.082973,0.107442,-0.002352,0.005047,-0.027021,0.999619,-0.226348,0.084200,0.084418,-0.000115,0.000060,0.000135,-0.001233,-0.000373,0.000029,17,-0.073919,-0.263518,10.167715,0.343294,0.327152,0.033336,10.172471,0.477464,0.103838,0.107544
2.338489,1.312000,-0.018000,0.166000,1.240058,-0.071275,0.089709,1.246352,-0.080963,0.108207,-0.000826,0.006406,-0.027457,0.999602,-0.222883,0.081900,0.089901,-0.000113,0.000057,0.000161,-0.001182,-0.000346,0.000030,17,0.133672,-0.244162,10.180303,0.192172,0.178856,0.017824,10.186648,0.266651,0.117619,0.107769
2.355131,1.309000,-0.016000,0.167000,1.261043,-0.023858,0.097329,1.244098,-0.075931,0.109257,0.000318,0.007411,-0.032319,0.999450,-0.214888,0.092361,0.096611,-0.000115,0.000041,0.000175,-0.000901,-0.000427,0.000038,16,0.151292,0.109833,10.262390,0.180585,0.120313,-0.019644,10.265768,0.220770,0.084945,0.105538
2.371732,1.305000,-0.015000,0.168000,1.267191,-0.073948,0.127040,1.242243,-0.074388,0.111406,0.001972,0.007959,-0.033108,0.999418,-0.210666,0.091395,0.104782,-0.000121,0.000041,0.000155,-0.000905,-0.000538,0.000042,17,-0.083031,-0.071958,10.292508,0.209237,0.064306,0.030908,10.293746,0.230683,0.081130,0.103287
2.388339,1.303000,-0.013000,0.169000,1.270796,-0.093178,0.148265,1.240682,-0.074195,0.114351,0.002582,0.008146,-0.032625,0.999431,-0.205652,0.082355,0.113674,-0.000130,0.000046,0.000112,-0.001012,-0.000671,0.000044,17,-0.030012,-0.334267,10.295052,0.058385,0.001967,0.044922,10.302896,0.149976,0.088857,0.103028
2.405047,1.300000,-0.011000,0.171000,1.318262,-0.059871,0.100902,1.242094,-0.072005,0.115740,0.001912,0.008190,-0.036367,0.999303,-0.191926,0.084053,0.118352,-0.000148,0.000042,0.000139,-0.000983,-0.001009,0.000054,17,0.090681,-0.004651,10.120211,-0.077418,-0.048837,-0.014854,10.122653,0.107813,0.087382,0.100639
2.421602,1.296000,-0.009000,0.172000,1.243420,-0.021401,0.100045,1.239162,-0.067632,0.117180,0.002486,0.008076,-0.036940,0.999282,-0.187569,0.096613,0.124457,-0.000149,0.000023,0.000159,-0.000635,-0.001086,0.000057,17,0.032469,0.441502,10.208857,0.107560,-0.016214,0.001892,10.219990,0.131095,0.089978,0.098354
2.438239,1.294000,-0.008000,0.173000,1.238917,-0.007373,0.056501,1.236524,-0.062504,0.117113,0.004090,0.008634,-0.039807,0.999162,-0.187861,0.104821,0.126270,-0.000146,0.000006,0.000238,-0.000354,-0.001098,0.000058,16,-0.270440,0.084415,10.045245,0.236913,0.077523,0.025636,10.051623,0.254438,0.128867,0.096941
2.454823,1.291000,-0.005000,0.175000,1.314120,-0.086087,0.179082,1.237635,-0.062588,0.121124,0.005243,0.009056,-0.035764,0.999305,-0.180790,0.092093,0.127546,-0.000172,0.000003,0.000165,-0.000261,-0.001548,0.000073,17,-0.132193,-0.491296,9.768963,0.159476,-0.000211,0.023062,9.784062,0.181071,0.084417,0.095220
2.471487,1.288000,-0.004000,0.176000,1.191931,-0.028478,0.001114,1.232348,-0.059392,0.119169,0.005912,0.008140,-0.034739,0.999346,-0.180548,0.088797,0.121775,-0.000159,-0.000006,0.000316,-0.000073,-0.001379,0.000066,17,0.127578,-0.285962,9.697583,0.109570,-0.082688,0.004264,9.706612,0.163477,0.201031,0.096929
2.488100,1.286000,-0.003000,0.177000,1.267323,-0.003568,0.090855,1.231775,-0.054596,0.120176,0.005611,0.007114,-0.039471,0.999180,-0.171854,0.096964,0.118598,-0.000165,-0.000021,0.000354,0.000167,-0.001523,0.000072,17,0.064548,0.160602,9.667362,-0.000623,-0.146822,0.003905,9.671463,0.156817,0.088148,0.093976
2.504720,1.282000,-0.001000,0.179000,1.229652,-0.009328,-0.070338,1.229308,-0.050698,0.115814,0.005102,0.006135,-0.041112,0.999123,-0.169855,0.100974,0.113795,-0.000161,-0.000030,0.000600,0.000343,-0.001534,0.000071,16,-0.057556,0.062606,9.879728,-0.035090,-0.128426,0.016656,9.881505,0.144652,0.254910,0.096119
2.521291,1.280000,0.000000,0.180000,1.200876,-0.030206,0.038391,1.225165,-0.048125,0.115070,0.004329,0.005520,-0.040298,0.999163,-0.173948,0.096653,0.110733,-0.000153,-0.000035,0.000699,0.000441,-0.001439,0.000065,17,-0.183598,-0.283245,9.778640,-0.077111,-0.069750,-0.011029,9.786522,0.114393,0.165003,0.097667
2.537978,1.277000,0.002000,0.181000,1.267369,-0.072147,0.067811,1.224907,-0.048131,0.115283,0.003840,0.005667,-0.042278,0.999082,-0.168928,0.091328,0.108664,-0.000165,-0.000025,0.000768,0.000268,-0.001621,0.000074,17,-0.091208,-0.071076,9.771299,-0.080191,-0.015983,-0.030585,9.772802,0.109867,0.135655,0.097701
2.554593,1.274000,0.002000,0.183000,1.181361,-0.012697,-0.041378,1.219984,-0.044891,0.112021,0.003352,0.007393,-0.041006,0.999126,-0.171853,0.097035,0.106503,-0.000153,-0.000033,0.000964,0.000431,-0.001475,0.000066,17,-0.083690,0.223107,9.966359,-0.046837,0.226827,0.003278,9.971371,0.236094,0.243194,0.100770
2.571253,1.272000,0.004000,0.184000,1.212525,-0.035414,0.054494,1.216930,-0.042860,0.111936,0.003710,0.009868,-0.040765,0.999113,-0.168730,0.101706,0.109690,-0.000151,-0.000034,0.001039,0.000461,-0.001461,0.000065,17,0.009496,0.320343,10.108496,0.035590,0.301201,0.031038,10.115639,0.307611,0.147860,0.102087
2.587866,1.269000,0.005000,0.186000,1.160055,-0.012772,0.060394,1.211297,-0.039739,0.112045,0.004829,0.011712,-0.038964,0.999160,-0.171744,0.103114,0.115468,-0.000136,-0.000044,0.001100,0.000631,-0.001257,0.000055,16,-0.052228,0.002836,10.278387,0.157506,0.268937,-0.041313,10.279826,0.319886,0.167218,0.103925
2.621114,1.264000,0.008000,0.189000,1.144723,-0.018500,0.013845,1.202149,-0.035622,0.112820,0.004783,0.014638,-0.035417,0.999254,-0.171470,0.099274,0.129607,-0.000119,-0.000049,0.001229,0.000756,-0.001015,0.000044,34,-0.045794,-0.051850,10.338127,0.001396,0.192536,0.015733,10.340462,0.217780,0.213562,0.107386
2.637748,1.262000,0.009000,0.191000,1.113096,-0.007296,0.042825,1.194302,-0.032580,0.112678,0.005217,0.015404,-0.031923,0.999358,-0.175755,0.101804,0.135135,-0.000094,-0.000059,0.001314,0.000952,-0.000669,0.000029,17,0.015587,0.110801,10.285796,0.082588,0.143248,-0.079937,10.289193,0.187479,0.210698,0.111563
2.654368,1.259000,0.010000,0.193000,1.173225,0.014162,-0.060128,1.190722,-0.028415,0.109232,0.005824,0.016318,-0.033426,0.999291,-0.172411,0.103370,0.137752,-0.000086,-0.000070,0.001537,0.001142,-0.000579,0.000028,16,-0.022957,-0.092146,10.328650,0.096102,0.133329,0.049806,10.331721,0.189962,0.267298,0.114694
2.670936,1.257000,0.011000,0.195000,1.158591,-0.015785,-0.087498,1.186349,-0.026494,0.105111,0.005886,0.016562,-0.031312,0.999355,-0.167177,0.099008,0.139476,-0.000079,-0.000069,0.001793,0.001187,-0.000474,0.000023,17,0.203940,-0.154578,10.325023,0.022178,0.047934,0.053731,10.329131,0.137576,0.300345,0.120322
2.687605,1.255000,0.013000,0.197000,1.223124,-0.022619,0.022102,1.186010,-0.024746,0.104675,0.006305,0.017146,-0.034622,0.999234,-0.159354,0.096041,0.141496,-0.000089,-0.000067,0.001907,0.001144,-0.000621,0.000029,17,-0.123511,-0.057437,10.103715,0.045482,0.055584,-0.078781,10.109270,0.154190,0.181312,0.121278
2.706335,1.253000,0.013000,0.200000,1.183879,0.000214,0.006756,1.183274,-0.021714,0.104096,0.006097,0.017694,-0.035757,0.999185,-0.155767,0.092199,0.142832,-0.000088,-0.000072,0.002036,0.001230,-0.000615,0.000030,19,-0.154326,-0.209954,10.053306,-0.013425,0.058808,0.031080,10.058132,0.125048,0.205632,0.123549
2.722961,1.251000,0.015000,0.203000,1.144037,-0.022443,0.103488,1.178570,-0.020430,0.106402,0.006361,0.018312,-0.032991,0.999268,-0.153348,0.093234,0.147643,-0.000078,-0.000072,0.002037,0.001256,-0.000484,0.000024,17,0.007599,0.213943,10.108417,0.037020,0.094743,0.024187,10.115604,0.122954,0.150817,0.125827
2.739512,1.249000,0.016000,0.205000,1.117406,0.013141,0.036890,1.172926,-0.017195,0.106524,0.006831,0.018214,-0.031460,0.999316,-0.153402,0.098331,0.151508,-0.000061,-0.000083,0.002121,0.001442,-0.000252,0.000016,16,-0.007267,0.244648,10.197070,0.090493,0.024109,-0.018157,10.202247,0.165498,0.213509,0.128789
2.756180,1.247000,0.017000,0.208000,1.169031,0.007480,0.028128,1.170578,-0.014294,0.106422,0.006231,0.017842,-0.032465,0.999294,-0.145719,0.103217,0.152002,-0.000059,-0.000088,0.002222,0.001529,-0.000235,0.000016,17,0.100886,0.299781,10.001816,-0.066883,-0.049211,0.044455,10.010732,0.115559,0.196275,0.130911
2.789395,1.244000,0.018000,0.213000,1.145163,-0.041242,0.017754,1.164595,-0.013009,0.108440,0.007318,0.017697,-0.029553,0.999380,-0.134780,0.098052,0.152801,-0.000057,-0.000075,0.002349,0.001387,-0.000187,0.000012,34,0.041862,0.117923,9.931058,0.060380,-0.005579,-0.032945,9.935506,0.113185,0.226714,0.134905
2.806063,1.243000,0.019000,0.215000,1.131588,0.003656,0.042637,1.160728,-0.010706,0.108660,0.005766,0.017771,-0.028142,0.999429,-0.135007,0.097172,0.152548,-0.000048,-0.000080,0.002436,0.001471,-0.000062,0.000009,16,-0.152599,-0.025631,9.931003,-0.182021,0.022543,0.057481,9.936278,0.199996,0.205808,0.137693
2.822621,1.242000,0.020000,0.218000,1.158990,-0.000430,0.009711,1.158671,-0.008744,0.107832,0.004928,0.017797,-0.028759,0.999416,-0.133031,0.101394,0.152481,-0.000048,-0.000080,0.002569,0.001491,-0.000065,0.000009,17,-0.257321,0.324381,9.991175,-0.107711,0.003154,-0.026136,10.001108,0.147406,0.225149,0.141092
2.839390,1.240000,0.022000,0.222000,1.188162,0.005920,0.040447,1.158450,-0.006299,0.108085,0.005466,0.018397,-0.031287,0.999326,-0.126819,0.105124,0.155300,-0.000057,-0.000082,0.002662,0.001512,-0.000179,0.000012,17,-0.212472,0.281075,10.118693,0.062612,0.055477,-0.024979,10.126767,0.125288,0.189492,0.142926
2.855920,1.239000,0.022000,0.224000,1.137948,-0.047306,0.236821,1.155158,-0.007080,0.114707,0.004817,0.018857,-0.027564,0.999431,-0.122722,0.096596,0.163674,-0.000054,-0.000070,0.002499,0.001352,-0.000126,0.000011,17,0.018599,-0.138609,10.089412,-0.092344,0.064633,0.099274,10.094787,0.166024,0.123204,0.140784
2.872557,1.238000,0.022000,0.227000,1.159803,-0.004205,0.073500,1.153674,-0.005580,0.115939,0.003444,0.018467,-0.027990,0.999432,-0.116085,0.094310,0.172303,-0.000056,-0.000070,0.002557,0.001345,-0.000153,0.000012,16,-0.005952,-0.050994,10.455850,-0.174248,-0.057748,-0.017617,10.461666,0.219878,0.174252,0.142148
2.889165,1.237000,0.023000,0.230000,1.166609,-0.043105,0.164579,1.152584,-0.006325,0.120171,0.003198,0.017673,-0.027386,0.999464,-0.111942,0.093954,0.181089,-0.000062,-0.000057,0.002503,0.001160,-0.000226,0.000015,17,-0.204471,0.324710,10.275732,-0.042788,-0.107910,-0.044911,10.283713,0.155660,0.116639,0.141593
2.922407,1.236000,0.024000,0.237000,1.228954,-0.033061,0.169319,1.153677,-0.004851,0.127834,0.005357,0.018552,-0.028781,0.999399,-0.091434,0.098983,0.202441,-0.000088,-0.000046,0.002456,0.000971,-0.000562,0.000021,34,-0.044394,0.360879,10.419668,0.111371,0.032797,0.038913,10.430638,0.177838,0.088805,0.139738
2.972298,1.234000,0.026000,0.249000,1.184830,-0.030702,0.090726,1.151864,-0.002292,0.136558,0.004799,0.018228,-0.029261,0.999394,-0.070280,0.093883,0.219599,-0.000103,-0.000029,0.002532,0.000746,-0.000740,0.000028,50,-0.045745,0.100365,10.196695,-0.032632,-0.023067,0.021077,10.204032,0.144393,0.175167,0.142091
2.988893,1.234000,0.027000,0.251000,1.157203,-0.010626,0.065589,1.151259,-0.001593,0.137602,0.004965,0.018066,-0.030238,0.999367,-0.060646,0.095808,0.225442,-0.000107,-0.000022,0.002642,0.000659,-0.000780,0.000031,17,0.143822,0.338664,10.335945,0.006558,-0.029678,-0.081944,10.348237,0.110785,0.204183,0.143258
3.022136,1.234000,0.028000,0.260000,1.169359,0.023946,0.058119,1.150885,0.002967,0.142040,0.003156,0.014675,-0.029484,0.999453,-0.047259,0.102505,0.236769,-0.000115,-0.000031,0.002772,0.000777,-0.000891,0.000025,33,-0.017545,0.223042,10.255980,-0.095522,-0.219414,0.053738,10.265679,0.256968,0.212016,0.146456
3.038718,1.234000,0.028000,0.265000,1.167594,0.034351,0.051128,1.151356,0.006608,0.142533,0.002231,0.013839,-0.029737,0.999459,-0.040615,0.118933,0.241663,-0.000121,-0.000043,0.002910,0.000938,-0.000989,0.000018,17,-0.088349,0.845648,10.311793,-0.090109,-0.120815,-0.049103,10.349555,0.191817,0.224034,0.149284
3.055413,1.234000,0.029000,0.269000,1.149852,0.007783,0.113247,1.150745,0.008531,0.145378,0.002651,0.012041,-0.029226,0.999497,-0.033830,0.128818,0.247751,-0.000122,-0.000042,0.002959,0.000923,-0.000990,0.000018,17,0.110626,0.713837,10.263167,0.059524,-0.212341,0.066975,10.296855,0.284480,0.178297,0.150442
3.072046,1.234000,0.028000,0.275000,1.179383,0.006059,0.065361,1.152127,0.010145,0.146490,0.002905,0.011477,-0.030211,0.999473,-0.028537,0.129722,0.246304,-0.000133,-0.000037,0.003083,0.000864,-0.001129,0.000021,17,-0.143325,0.186905,9.896625,0.021458,-0.096263,0.000586,9.902473,0.157222,0.217746,0.153418
3.088706,1.234000,0.029000,0.279000,1.165344,-0.002584,0.108202,1.152581,0.011207,0.149133,0.003748,0.010796,-0.031038,0.999453,-0.024325,0.129004,0.250278,-0.000139,-0.000029,0.003146,0.000757,-0.001189,0.000026,17,-0.090024,0.188434,10.136778,0.089920,-0.086904,0.015047,10.140941,0.192997,0.186770,0.154309
3.105278,1.234000,0.030000,0.283000,1.187669,0.026784,0.199793,1.154328,0.014237,0.154712,0.003643,0.010335,-0.030758,0.999467,-0.018558,0.132823,0.256843,-0.000149,-0.000038,0.003081,0.000849,-0.001340,0.000020,16,-0.103065,0.185297,10.128833,0.002989,-0.083236,0.023041,10.134499,0.118349,0.095291,0.151835
3.121926,1.234000,0.030000,0.289000,1.167451,0.000109,0.096524,1.154939,0.015147,0.156714,0.003717,0.010667,-0.031924,0.999426,-0.013633,0.129604,0.257656,-0.000155,-0.000028,0.003171,0.000732,-0.001396,0.000026,17,-0.008519,0.079231,9.996527,-0.012185,0.027308,0.004594,9.998663,0.108800,0.205838,0.154825
3.155210,1.234000,0.031000,0.298000,1.178087,-0.048055,0.175996,1.156185,0.014621,0.165617,0.002303,0.007849,-0.036493,0.999300,-0.004669,0.122161,0.260683,-0.000163,0.000004,0.003163,0.000304,-0.001457,0.000050,34,0.002559,0.156399,9.892591,-0.113344,-0.177311,-0.010762,9.898602,0.237127,0.155760,0.154431
3.171744,1.234000,0.031000,0.303000,1.180393,-0.017872,0.159078,1.157608,0.014049,0.169327,0.003011,0.007603,-0.038585,0.999222,-0.005151,0.114620,0.264938,-0.000171,0.000020,0.003184,0.000089,-0.001541,0.000062,16,-0.348189,-0.096716,10.102661,0.056280,-0.043536,0.030234,10.111204,0.097027,0.161170,0.154892
3.188375,1.235000,0.032000,0.308000,1.129808,-0.016937,0.200967,1.155778,0.013637,0.174569,0.004008,0.007056,-0.039852,0.999173,-0.004739,0.110336,0.272018,-0.000161,0.000036,0.003147,-0.000105,-0.001389,0.000076,17,0.069502,0.121636,10.192849,0.097983,-0.038292,0.105817,10.195611,0.200946,0.157849,0.156260
3.205068,1.235000,0.032000,0.313000,1.181816,-0.008491,0.221360,1.157241,0.013708,0.180442,0.001938,0.004872,-0.040510,0.999165,-0.003316,0.105611,0.281429,-0.000167,0.000044,0.003083,-0.000266,-0.001453,0.000082,17,-0.192263,0.012371,10.294367,-0.265011,-0.292794,0.011922,10.297356,0.404290,0.113428,0.154767
3.221673,1.235000,0.032000,0.319000,1.136204,-0.005635,0.149583,1.155964,0.014236,0.183945,0.001732,0.004050,-0.041651,0.999123,-0.008655,0.116234,0.291442,-0.000160,0.000054,0.003132,-0.000298,-0.001341,0.000094,17,-0.346591,0.763957,10.489278,-0.035394,-0.093417,-0.125758,10.527844,0.204645,0.199697,0.157487
3.254883,1.235000,0.033000,0.331000,1.154601,0.027718,0.115175,1.155627,0.018536,0.190967,0.001130,0.003621,-0.040017,0.999192,-0.013778,0.115866,0.305459,-0.000161,0.000052,0.003244,-0.000264,-0.001357,0.000092,33,-0.240191,-0.013838,10.322576,-0.032878,-0.030454,0.074950,10.332922,0.181998,0.230375,0.161612
3.271503,1.235000,0.034000,0.335000,1.166269,0.000302,0.140929,1.156139,0.018888,0.194032,0.001632,0.003378,-0.042283,0.999099,-0.011250,0.115292,0.313338,-0.000166,0.000062,0.003324,-0.000393,-0.001400,0.000097,17,-0.011058,0.213211,10.408510,0.038752,-0.036868,-0.104855,10.411963,0.135913,0.208622,0.162233
3.304805,1.236000,0.034000,0.348000,1.184840,-0.014272,0.260484,1.157472,0.019835,0.206553,0.002154,0.003077,-0.044194,0.999016,-0.006523,0.114735,0.327964,-0.000169,0.000073,0.003231,-0.000569,-0.001394,0.000100,34,-0.016806,0.227547,10.193578,0.012543,-0.022454,0.063492,10.201980,0.135389,0.112280,0.162403
3.338002,1.236000,0.035000,0.359000,1.148639,0.012481,0.234238,1.156660,0.022897,0.218133,0.004577,0.004093,-0.042740,0.999067,-0.006845,0.111194,0.340418,-0.000175,0.000089,0.003240,-0.000882,-0.001603,0.000110,33,-0.063931,0.015425,10.175604,0.133815,0.062257,-0.021298,10.178900,0.177190,0.153963,0.162126
3.354661,1.236000,0.036000,0.366000,1.191753,-0.012235,0.292449,1.158673,0.021774,0.225147,0.004344,0.004919,-0.044277,0.998998,-0.003890,0.107477,0.343713,-0.000186,0.000103,0.003141,-0.001063,-0.001723,0.000116,14,-0.151580,0.183079,9.878775,-0.078570,0.093863,0.065566,9.884555,0.185779,0.098459,0.161312
3.371262,1.236000,0.036000,0.372000,1.173159,-0.021009,0.242863,1.159479,0.020104,0.231260,0.004861,0.003587,-0.050408,0.998710,-0.000337,0.100531,0.349960,-0.000190,0.000120,0.003129,-0.001275,-0.001761,0.000130,17,0.001315,0.139319,10.165891,0.033102,-0.162413,-0.027132,10.172048,0.237342,0.154516,0.160984
3.421175,1.237000,0.037000,0.391000,1.195649,-0.045236,0.328070,1.161234,0.019088,0.251899,0.006441,0.004743,-0.062992,0.997982,-0.002287,0.098506,0.368691,-0.000188,0.000150,0.003003,-0.001530,-0.001685,0.000125,50,-0.210880,0.296893,10.127218,0.037118,0.048706,0.008124,10.138966,0.162746,0.111503,0.159406
3.437793,1.237000,0.037000,0.397000,1.163617,0.001659,0.362076,1.161442,0.019878,0.261909,0.006765,0.006215,-0.063638,0.997931,0.000838,0.095356,0.375612,-0.000186,0.000161,0.002848,-0.001595,-0.001723,0.000136,17,0.037127,-0.003846,10.010481,0.031908,0.169474,-0.054296,10.012355,0.183625,0.088622,0.155730
3.456464,1.238000,0.037000,0.407000,1.172110,-0.004909,0.378099,1.161906,0.018702,0.268228,0.007201,0.006560,-0.064663,0.997860,0.002716,0.091328,0.381495,-0.000186,0.000170,0.002681,-0.001720,-0.001727,0.000140,6,0.113986,0.062315,10.129401,0.082119,0.121458,-0.074341,10.131630,0.165991,0.083266,0.159320
3.475147,1.238000,0.038000,0.413000,1.144261,-0.007269,0.266062,1.160698,0.018125,0.274726,0.006208,0.005797,-0.066590,0.997744,0.006289,0.087930,0.386665,-0.000180,0.000180,0.002697,-0.001874,-0.001642,0.000149,18,0.191515,0.253722,10.118753,-0.135780,-0.080100,0.070428,10.125095,0.196912,0.180075,0.159657
3.491781,1.238000,0.038000,0.419000,1.181584,0.020174,0.287363,1.162169,0.019710,0.281170,0.006820,0.005397,-0.066613,0.997741,0.011755,0.100350,0.396223,-0.000188,0.000179,0.002689,-0.001861,-0.001732,0.000145,17,-0.029883,0.878984,10.384092,0.068632,-0.068285,-0.102340,10.423908,0.243333,0.144322,0.158372
3.508451,1.239000,0.038000,0.428000,1.164082,-0.023392,0.399957,1.162085,0.018269,0.291623,0.008404,0.004187,-0.069771,0.997519,0.011284,0.094799,0.406318,-0.000185,0.000194,0.002530,-0.002058,-0.001685,0.000155,17,-0.101263,0.215973,10.198306,0.176917,-0.122857,0.085709,10.209329,0.295243,0.100838,0.157810
3.525068,1.239000,0.038000,0.434000,1.163208,-0.002640,0.336335,1.162590,0.018143,0.299670,0.006681,0.003548,-0.069251,0.997571,0.007749,0.086745,0.418012,-0.000175,0.000199,0.002480,-0.002115,-0.001596,0.000155,17,-0.287684,-0.191851,10.446317,-0.217516,-0.093484,-0.061506,10.455235,0.318431,0.130132,0.155811
3.541666,1.240000,0.038000,0.441000,1.163838,0.005884,0.428055,1.162523,0.018904,0.310995,0.007129,0.004317,-0.070239,0.997495,0.006833,0.092734,0.430930,-0.000173,0.000202,0.002310,-0.002152,-0.001572,0.000158,17,-0.184768,0.562528,10.332266,0.038157,0.099955,-0.034584,10.351408,0.118157,0.083664,0.152541
3.558268,1.240000,0.038000,0.450000,1.160654,-0.026255,0.318364,1.162039,0.016925,0.317827,0.008088,0.004726,-0.076069,0.997059,0.005286,0.081994,0.436579,-0.000175,0.000221,0.002313,-0.002400,-0.001559,0.000170,16,-0.111263,-0.073175,10.169191,0.068980,0.066451,0.092447,10.170649,0.146195,0.166591,0.154892
3.574963,1.241000,0.038000,0.457000,1.190615,-0.001966,0.480567,1.163264,0.016886,0.330401,0.007487,0.004032,-0.075445,0.997114,0.004165,0.072165,0.447450,-0.000185,0.000222,0.002105,-0.002471,-0.001603,0.000162,17,0.002210,-0.119828,10.174326,-0.084281,-0.087071,0.033944,10.175661,0.160248,0.068493,0.150053
3.591521,1.242000,0.038000,0.466000,1.146127,-0.025636,0.378795,1.162248,0.015438,0.339183,0.007101,0.004686,-0.080307,0.996734,0.001182,0.070177,0.454276,-0.000186,0.000231,0.002052,-0.002715,-0.001510,0.000168,17,-0.101661,0.324582,10.146957,-0.096755,0.090391,-0.048681,10.155139,0.159385,0.144381,0.151500
3.608239,1.242000,0.037000,0.473000,1.182395,-0.014143,0.496607,1.163087,0.014944,0.351821,0.009142,0.004805,-0.089596,0.995925,0.012392,0.077681,0.460932,-0.000198,0.000228,0.001844,-0.002753,-0.001641,0.000170,17,0.310120,0.825106,9.903591,0.220919,0.028287,-0.012955,9.945357,0.238750,0.082010,0.146281
3.624784,1.242000,0.038000,0.480000,1.175353,0.014947,0.395512,1.164305,0.015979,0.360304,0.008538,0.002764,-0.090943,0.995816,0.015011,0.068413,0.463048,-0.000215,0.000226,0.001794,-0.002927,-0.001812,0.000181,16,0.048347,-0.273509,9.869482,-0.072144,-0.278930,0.081534,9.878452,0.364430,0.110052,0.144390
3.658029,1.243000,0.037000,0.496000,1.155243,0.025459,0.383351,1.164234,0.018797,0.375938,0.006487,0.002871,-0.090570,0.995865,0.009049,0.071768,0.471435,-0.000211,0.000223,0.001783,-0.002899,-0.001775,0.000179,34,-0.228200,0.159908,10.051492,-0.131285,-0.007967,-0.020428,10.061193,0.168195,0.143263,0.144742
3.674690,1.244000,0.037000,0.504000,1.183422,-0.018201,0.332838,1.165523,0.017340,0.381886,0.006615,0.002986,-0.091866,0.995745,0.015062,0.065697,0.474811,-0.000218,0.000239,0.001856,-0.003058,-0.001821,0.000179,17,0.187911,0.118651,10.123045,-0.015937,0.005359,0.048007,10.127583,0.106020,0.189771,0.146482
3.691292,1.245000,0.036000,0.511000,1.204741,-0.004947,0.424656,1.167959,0.016955,0.390968,0.006938,0.002264,-0.091965,0.995736,0.016249,0.061824,0.480110,-0.000230,0.000246,0.001812,-0.003130,-0.001959,0.000176,17,-0.208690,0.032057,10.063264,0.032270,-0.108252,0.006455,10.066250,0.124201,0.103695,0.143895
3.707862,1.246000,0.037000,0.520000,1.205070,-0.037531,0.498372,1.170349,0.014594,0.402016,0.006093,0.001838,-0.094961,0.995461,0.013780,0.052526,0.486022,-0.000241,0.000260,0.001683,-0.003283,-0.002033,0.000174,16,-0.358246,-0.136329,9.974818,-0.134158,-0.079624,-0.055156,9.982879,0.204767,0.087738,0.141934
3.724505,1.246000,0.036000,0.528000,1.193312,-0.001622,0.428862,1.171831,0.014409,0.410531,0.006913,0.001920,-0.095222,0.995430,0.020065,0.055182,0.492972,-0.000248,0.000265,0.001659,-0.003337,-0.002111,0.000173,17,0.134809,0.437841,10.195331,0.080644,0.009408,0.008763,10.212906,0.145810,0.118405,0.140593
3.741217,1.247000,0.036000,0.538000,1.175311,-0.009172,0.516689,1.172245,0.013827,0.421932,0.007612,0.001326,-0.095337,0.995415,0.020651,0.049472,0.498621,-0.000252,0.000275,0.001530,-0.003565,-0.002290,0.000181,17,-0.011299,0.018597,9.964587,0.072103,-0.078240,0.039914,9.970067,0.226113,0.087373,0.139828
3.757773,1.248000,0.035000,0.545000,1.254221,-0.049098,0.615340,1.176761,0.010870,0.436398,0.005440,0.001281,-0.096380,0.995329,0.025382,0.038778,0.508683,-0.000276,0.000290,0.001291,-0.003740,-0.002540,0.000176,17,-0.131904,-0.146278,10.060302,-0.292326,-0.074545,-0.005884,10.067515,0.312647,0.109813,0.132105
3.791004,1.249000,0.034000,0.563000,1.236072,-0.016905,0.545273,1.180894,0.010639,0.456401,0.005737,0.001130,-0.095620,0.995401,0.029364,0.043625,0.526477,-0.000294,0.000298,0.001169,-0.003814,-0.002734,0.000170,33,-0.135392,0.341854,10.258343,0.009617,-0.026311,0.025266,10.275268,0.127912,0.055432,0.128637
3.824283,1.250000,0.033000,0.581000,1.223906,-0.028396,0.519917,1.184170,0.009414,0.475608,0.007016,-0.000081,-0.097040,0.995256,0.030636,0.043931,0.537649,-0.000312,0.000310,0.001108,-0.003925,-0.002887,0.000168,34,-0.120888,0.244278,10.099966,0.065315,-0.083943,-0.048143,10.114073,0.229320,0.090452,0.126481
3.840850,1.251000,0.033000,0.589000,1.195651,-0.016127,0.580253,1.185105,0.008330,0.487464,0.008120,0.000160,-0.098001,0.995153,0.028846,0.034790,0.543616,-0.000311,0.000316,0.000974,-0.003996,-0.002887,0.000172,16,-0.108724,-0.258514,9.984384,0.118521,0.037817,0.080214,9.990086,0.158675,0.074522,0.123533
3.874140,1.252000,0.033000,0.605000,1.194671,-0.030768,0.578814,1.186624,0.006415,0.508128,0.006945,-0.000169,-0.099170,0.995046,0.030524,0.029122,0.555054,-0.000319,0.000336,0.000870,-0.004411,-0.003144,0.000182,34,-0.024310,0.179639,10.080213,-0.089720,-0.040142,-0.021191,10.090891,0.201898,0.089659,0.119855
3.890764,1.253000,0.032000,0.618000,1.212533,-0.028833,0.569765,1.188453,0.004482,0.519101,0.007809,-0.000025,-0.100516,0.994905,0.028058,0.027023,0.561101,-0.000330,0.000348,0.000797,-0.004530,-0.003232,0.000182,17,-0.316769,0.254232,10.064604,0.076379,0.006332,0.008234,10.082019,0.134138,0.087549,0.121262
3.907369,1.254000,0.032000,0.624000,1.163984,-0.037607,0.551931,1.186980,0.001814,0.528719,0.007218,-0.000202,-0.103863,0.994565,0.023048,0.015153,0.563679,-0.000323,0.000362,0.000766,-0.004689,-0.003156,0.000192,16,-0.039367,-0.263713,9.927416,-0.106673,-0.015783,0.095700,9.934357,0.157996,0.134692,0.120339
3.923960,1.254000,0.031000,0.634000,1.191082,-0.016849,0.657650,1.187294,0.000997,0.541988,0.006844,-0.001155,-0.105482,0.994397,0.024603,0.018771,0.571190,-0.000323,0.000366,0.000597,-0.004734,-0.003148,0.000195,17,0.049268,0.472568,10.019683,-0.059492,-0.124459,-0.073996,10.032870,0.235984,0.082508,0.117542
3.940592,1.254000,0.030000,0.642000,1.212979,0.010840,0.578824,1.189248,0.002061,0.552187,0.005860,-0.001146,-0.103623,0.994599,0.021426,0.019114,0.573467,-0.000330,0.000362,0.000559,-0.004689,-0.003224,0.000189,17,-0.320593,0.015576,9.895146,-0.113511,-0.034400,0.007493,9.906893,0.161728,0.077725,0.114192
3.957281,1.255000,0.030000,0.650000,1.211615,0.006094,0.570664,1.190950,0.002656,0.561893,0.005768,-0.000429,-0.102182,0.994749,0.022598,0.017246,0.577697,-0.000337,0.000361,0.000547,-0.004669,-0.003293,0.000184,17,-0.046661,-0.044685,10.043139,-0.024321,0.069408,0.029771,10.044951,0.106787,0.093530,0.112307
3.973866,1.256000,0.030000,0.662000,1.222451,-0.033069,0.670250,1.192882,0.000775,0.574868,0.006711,-0.000232,-0.102932,0.994666,0.027803,0.014712,0.584461,-0.000348,0.000371,0.000415,-0.004765,-0.003382,0.000182,17,0.127082,0.229824,10.018928,0.091010,0.019390,0.002898,10.023224,0.148316,0.071912,0.111489
3.990472,1.256000,0.029000,0.669000,1.224748,-0.034203,0.655277,1.194949,-0.001173,0.586527,0.007207,-0.000470,-0.103174,0.994637,0.028359,0.006586,0.588583,-0.000359,0.000381,0.000321,-0.004862,-0.003479,0.000180,16,-0.083488,-0.153363,9.925061,0.044473,-0.044175,0.053884,9.927603,0.137828,0.071831,0.106955
4.007072,1.256000,0.029000,0.672000,1.254939,-0.019106,0.662984,1.198708,-0.002082,0.598229,0.006790,0.000253,-0.101447,0.994818,0.027755,-0.003725,0.592791,-0.000377,0.000386,0.000235,-0.004897,-0.003653,0.000170,17,-0.299433,-0.462040,9.943534,-0.065783,0.051107,0.020239,9.961573,0.155776,0.048955,0.098441
4.023859,1.257000,0.027000,0.688000,1.258334,-0.011868,0.692970,1.202507,-0.002567,0.610787,0.006255,0.000319,-0.099711,0.994997,0.036871,-0.001723,0.598521,-0.000395,0.000388,0.000123,-0.004904,-0.003818,0.000161,17,0.156313,0.308831,9.985020,-0.073971,-0.034167,-0.024894,10.003506,0.116067,0.039208,0.099023
4.040413,1.258000,0.028000,0.697000,1.208085,-0.043480,0.684876,1.203045,-0.005098,0.622703,0.005952,0.000644,-0.101442,0.994823,0.035901,-0.003297,0.602926,-0.000400,0.000398,0.000038,-0.005002,-0.003857,0.000165,17,-0.098421,0.287419,9.951614,-0.064318,0.023695,0.038205,9.959108,0.101240,0.088022,0.098161
4.057009,1.258000,0.026000,0.708000,1.204348,-0.034606,0.728375,1.203356,-0.006870,0.635418,0.006122,0.001467,-0.103142,0.994647,0.032601,-0.007797,0.608607,-0.000401,0.000405,-0.000086,-0.005074,-0.003853,0.000169,16,-0.182758,-0.020068,9.970146,-0.009680,0.103125,-0.011095,9.972362,0.138202,0.083467,0.096616
4.073622,1.258000,0.027000,0.716000,1.219799,-0.001179,0.714955,1.204705,-0.006494,0.647456,0.005006,0.001475,-0.102581,0.994711,0.033494,-0.006863,0.611433,-0.000404,0.000402,-0.000177,-0.005044,-0.003882,0.000166,17,-0.082335,0.075170,9.840535,-0.140731,-0.019821,-0.053172,9.843793,0.174467,0.047481,0.093062
4.090310,1.259000,0.026000,0.724000,1.228404,-0.019646,0.730583,1.206391,-0.007188,0.659749,0.003978,0.001686,-0.102089,0.994766,0.036922,0.000877,0.611898,-0.000410,0.000404,-0.000271,-0.005068,-0.003938,0.000164,17,-0.066000,0.634658,9.687018,-0.138687,-0.000780,0.026476,9.711185,0.156522,0.055345,0.089428
4.106903,1.259000,0.025000,0.735000,1.250393,-0.020942,0.785500,1.209237,-0.007746,0.673571,0.003623,0.001650,-0.100959,0.994883,0.041832,0.000137,0.613098,-0.000422,0.000406,-0.000418,-0.005084,-0.004040,0.000159,17,0.048461,0.114976,9.657023,-0.051850,-0.034735,0.013794,9.663869,0.100738,0.068812,0.085570
4.123525,1.259000,0.025000,0.743000,1.184173,-0.049129,0.660701,1.208329,-0.010374,0.682924,0.003089,0.001155,-0.104354,0.994535,0.037764,-0.006725,0.610701,-0.000418,0.000420,-0.000387,-0.005204,-0.003991,0.000166,17,-0.091735,-0.095890,9.708117,-0.083975,-0.058054,-0.025824,9.709801,0.154336,0.133669,0.086186
4.140120,1.259000,0.024000,0.754000,1.243995,-0.024888,0.855481,1.210552,-0.011038,0.697964,0.003234,0.001277,-0.103482,0.994625,0.036877,-0.007159,0.616572,-0.000427,0.000421,-0.000593,-0.005216,-0.004060,0.000162,16,-0.250528,0.034913,9.846421,0.009798,0.000088,0.018642,9.850055,0.098603,0.113638,0.081945
4.156833,1.260000,0.024000,0.762000,1.221843,-0.026107,0.817170,1.211482,-0.011886,0.711508,0.003690,0.001175,-0.103485,0.994623,0.034512,-0.012534,0.621674,-0.000430,0.000423,-0.000731,-0.005240,-0.004074,0.000163,17,-0.153393,-0.216660,9.906363,0.050029,-0.013031,0.033769,9.910779,0.169489,0.083728,0.078684
4.173402,1.260000,0.024000,0.771000,1.206408,-0.016009,0.741084,1.211682,-0.012258,0.722195,0.002556,0.001882,-0.104199,0.994551,0.033321,-0.006924,0.620330,-0.000428,0.000424,-0.000755,-0.005248,-0.004058,0.000164,17,-0.141345,0.385474,9.684096,-0.159244,0.066102,-0.040433,9.695491,0.189388,0.073266,0.077661
4.190013,1.260000,0.024000,0.779000,1.222657,-0.030644,0.767297,1.212711,-0.013315,0.733541,0.002769,0.003113,-0.104470,0.994519,0.035783,-0.002893,0.622705,-0.000432,0.000430,-0.000798,-0.005290,-0.004085,0.000163,17,-0.025711,0.412551,9.882064,-0.003804,0.142990,0.012199,9.896146,0.184375,0.067212,0.075467
4.206679,1.261000,0.024000,0.789000,1.190894,-0.044819,0.728707,1.211603,-0.014788,0.742877,0.003348,0.002533,-0.109329,0.993997,0.031323,-0.002873,0.626577,-0.000428,0.000439,-0.000782,-0.004975,-0.003811,0.000158,16,-0.143176,0.059491,10.087863,0.096190,-0.042821,-0.024021,10.093262,0.137070,0.115266,0.077923
4.223196,1.261000,0.023000,0.798000,1.246731,-0.028243,0.806852,1.213824,-0.015515,0.754584,0.003705,0.003444,-0.108274,0.994108,0.030470,-0.004772,0.630695,-0.000439,0.000442,-0.000847,-0.005000,-0.003894,0.000153,17,-0.289490,-0.046808,9.958674,0.024120,0.096966,0.033857,9.964765,0.115135,0.053924,0.074793
4.239900,1.262000,0.023000,0.809000,1.219490,-0.013296,0.777724,1.214584,-0.015454,0.765260,0.002699,0.003255,-0.107948,0.994148,0.031276,-0.007256,0.633972,-0.000440,0.000441,-0.000863,-0.004992,-0.003903,0.000153,17,-0.016725,-0.101129,9.980933,-0.118951,-0.040298,0.009032,9.983152,0.145941,0.064052,0.075101
4.256505,1.262000,0.023000,0.817000,1.245439,-0.046656,0.897309,1.216443,-0.017104,0.779599,0.003782,0.003403,-0.108351,0.994100,0.032521,-0.005309,0.643231,-0.000449,0.000448,-0.001010,-0.005053,-0.003970,0.000150,17,-0.182912,0.311365,10.141088,0.112467,0.015929,-0.047109,10.148823,0.131716,0.107591,0.071292
4.273136,1.262000,0.022000,0.826000,1.200453,0.002771,0.818020,1.216134,-0.016023,0.791237,0.003561,0.002436,-0.107519,0.994194,0.032237,-0.004792,0.646418,-0.000442,0.000441,-0.001046,-0.005000,-0.003917,0.000153,17,0.023755,-0.004649,9.942596,-0.006570,-0.109796,0.092094,9.946787,0.232100,0.064973,0.068978
4.289678,1.263000,0.023000,0.836000,1.239776,-0.042537,0.829504,1.217730,-0.017551,0.802376,0.003353,0.003088,-0.107774,0.994165,0.030715,-0.008792,0.651385,-0.000451,0.000449,-0.001078,-0.005061,-0.003978,0.000149,16,-0.248083,-0.075075,10.066937,-0.050812,0.062875,-0.027564,10.071063,0.170414,0.069833,0.069458
4.306360,1.263000,0.022000,0.845000,1.199758,-0.049318,0.843023,1.217346,-0.019351,0.814064,0.004699,0.002935,-0.111741,0.993722,0.030233,-0.011787,0.654127,-0.000434,0.000469,-0.001100,-0.005243,-0.003776,0.000153,17,0.044360,0.112359,9.904773,0.123311,0.039025,-0.037860,9.906596,0.145013,0.095340,0.068930
4.323021,1.263000,0.021000,0.856000,1.251053,-0.046484,0.933454,1.219351,-0.020885,0.828168,0.004851,0.002776,-0.111018,0.993803,0.032839,-0.015773,0.655112,-0.000444,0.000476,-0.001230,-0.005294,-0.003846,0.000149,17,-0.025374,-0.007582,9.661185,0.010102,-0.034650,0.049009,9.661929,0.113607,0.103422,0.066589
4.339616,1.264000,0.023000,0.864000,1.230356,0.002645,0.924336,1.220331,-0.019734,0.841737,0.004357,0.003017,-0.109927,0.993926,0.031613,-0.016159,0.654029,-0.000444,0.000465,-0.001336,-0.005222,-0.003847,0.000150,17,-0.135265,-0.118152,9.578794,-0.052542,0.019975,0.033370,9.583667,0.087671,0.072018,0.065029
4.356296,1.264000,0.021000,0.873000,1.232704,-0.023855,0.854757,1.221481,-0.020203,0.852111,0.004041,0.002548,-0.110086,0.993911,0.037123,-0.015946,0.651714,-0.000447,0.000466,-0.001338,-0.005231,-0.003875,0.000149,16,0.205391,0.175601,9.654183,-0.039752,-0.072908,-0.051268,9.660713,0.114225,0.057656,0.062785
4.372817,1.264000,0.022000,0.882000,1.208385,-0.023245,0.815266,1.221426,-0.020663,0.861026,0.003758,0.001560,-0.110531,0.993864,0.033901,-0.014830,0.652145,-0.000444,0.000468,-0.001282,-0.005245,-0.003852,0.000149,17,-0.196417,0.141524,9.916893,-0.035616,-0.129653,-0.006933,9.922363,0.167471,0.097946,0.063817
4.389558,1.264000,0.022000,0.893000,1.213964,-0.041112,0.933210,1.221407,-0.021883,0.873606,0.003893,0.001619,-0.110692,0.993846,0.031032,-0.013128,0.653022,-0.000443,0.000475,-0.001355,-0.005287,-0.003834,0.000149,17,-0.205081,0.242463,9.744764,0.000653,0.005840,0.056947,9.752904,0.107017,0.090020,0.064157
4.406097,1.264000,0.021000,0.901000,1.193349,-0.019085,0.933728,1.220301,-0.021936,0.885677,0.003013,0.000993,-0.110215,0.993903,0.032906,-0.008840,0.654435,-0.000444,0.000464,-0.001435,-0.005193,-0.003929,0.000155,17,0.126406,0.327774,9.821578,-0.071050,-0.112320,-0.040413,9.829405,0.174404,0.087576,0.063150
4.439322,1.265000,0.022000,0.920000,1.223800,-0.024582,0.894401,1.221481,-0.022242,0.906578,0.003262,0.001227,-0.109749,0.993953,0.030623,-0.003329,0.650225,-0.000445,0.000466,-0.001419,-0.005201,-0.003938,0.000154,33,-0.140133,0.216296,9.688300,0.007489,0.010918,0.025342,9.694175,0.086095,0.067250,0.063494
4.455965,1.265000,0.021000,0.932000,1.232075,-0.056915,1.019493,1.222309,-0.024124,0.920383,0.003889,0.002122,-0.110256,0.993893,0.030747,-0.006933,0.651605,-0.000450,0.000478,-0.001546,-0.005277,-0.003961,0.000149,17,-0.049248,0.025099,9.683057,0.043314,0.107202,-0.040067,9.684428,0.154437,0.121695,0.063195
4.489252,1.266000,0.023000,0.948000,1.201481,-0.031581,1.008902,1.221948,-0.024595,0.944316,0.005389,0.000984,-0.110962,0.993810,0.024863,-0.005921,0.653290,-0.000441,0.000481,-0.001635,-0.005291,-0.003902,0.000150,34,-0.155459,0.114041,9.788230,0.090644,-0.055257,-0.003210,9.792282,0.219287,0.104168,0.064957
4.505795,1.266000,0.023000,0.959000,1.213412,-0.000106,0.974129,1.221803,-0.023217,0.955310,0.005565,0.001452,-0.111101,0.993793,0.022534,-0.004048,0.652110,-0.000434,0.000469,-0.001663,-0.005223,-0.003867,0.000156,16,-0.114397,0.023154,9.685813,0.023218,0.064761,0.007404,9.692276,0.154469,0.059400,0.064055
4.522471,1.266000,0.023000,0.967000,1.283315,-0.013077,0.958812,1.225565,-0.022732,0.965560,0.006291,0.001595,-0.110323,0.993875,0.028836,-0.002208,0.652592,-0.000456,0.000461,-0.001651,-0.005185,-0.004003,0.000156,17,0.001472,0.212399,9.850921,0.092731,-0.009179,-0.054432,9.863113,0.173122,0.040846,0.061061
4.539094,1.267000,0.024000,0.975000,1.186345,-0.031483,0.950963,1.223880,-0.023302,0.975401,0.006334,0.001750,-0.110820,0.993819,0.023731,-0.005068,0.654135,-0.000443,0.000468,-0.001620,-0.005218,-0.003921,0.000155,17,-0.120167,-0.034374,9.949853,-0.009967,0.026862,0.027218,9.960852,0.106194,0.100804,0.064008
4.555766,1.267000,0.024000,0.984000,1.253634,-0.039364,1.015367,1.225822,-0.024219,0.987158,0.007141,0.002664,-0.110200,0.993880,0.028552,0.003358,0.656505,-0.000454,0.000473,-0.001655,-0.005251,-0.003988,0.000152,17,-0.049924,0.752851,9.885982,0.074115,0.103973,0.015245,9.917209,0.139772,0.071955,0.063488
4.572340,1.267000,0.025000,0.995000,1.271775,-0.059391,1.137710,1.228422,-0.025997,1.002024,0.008073,0.003789,-0.110046,0.993886,0.030763,-0.000374,0.660079,-0.000471,0.000483,-0.001831,-0.005316,-0.004082,0.000146,16,-0.145005,0.093897,9.744826,0.085898,0.131091,-0.058388,9.750214,0.183051,0.165864,0.064329
4.588911,1.267000,0.025000,1.003000,1.213001,-0.013758,0.986620,1.228132,-0.025362,1.011738,0.008780,0.003191,-0.110309,0.993853,0.030987,-0.003627,0.657009,-0.000464,0.000479,-0.001799,-0.005291,-0.004046,0.000148,17,0.062171,-0.089935,9.668968,0.096454,-0.047087,-0.002871,9.670133,0.180908,0.068457,0.064214
4.605628,1.267000,0.024000,1.014000,1.242848,-0.040088,1.083439,1.229243,-0.026193,1.024403,0.008094,0.003574,-0.110002,0.993892,0.029006,-0.006575,0.660204,-0.000469,0.000483,-0.001875,-0.005317,-0.004074,0.000146,17,-0.236476,0.007003,9.877329,-0.095219,0.024846,0.017170,9.882415,0.123645,0.097531,0.063664
4.622236,1.267000,0.025000,1.022000,1.212194,-0.040294,0.993309,1.228839,-0.027081,1.033940,0.009671,0.004380,-0.110881,0.993777,0.025819,-0.002254,0.663012,-0.000466,0.000492,-0.001822,-0.005360,-0.004048,0.000144,17,-0.277151,0.485490,10.051373,0.161726,0.117417,-0.081900,10.067976,0.225386,0.089946,0.065660
4.638852,1.268000,0.025000,1.030000,1.245439,-0.039465,0.949798,1.230219,-0.027958,1.041229,0.012420,0.004991,-0.109783,0.993865,0.029018,-0.007345,0.658461,-0.000476,0.000500,-0.001701,-0.005397,-0.004098,0.000140,16,0.021271,0.012369,9.716647,0.327037,0.103227,0.088492,9.719273,0.365056,0.105343,0.066015
4.655461,1.267000,0.024000,1.041000,1.242411,-0.027903,1.043348,1.231286,-0.028195,1.051393,0.012329,0.005284,-0.109476,0.993899,0.027554,-0.021183,0.655147,-0.000480,0.000499,-0.001690,-0.005395,-0.004122,0.000140,17,-0.082774,-0.638554,9.631603,-0.008632,0.020665,0.021878,9.653955,0.115307,0.057481,0.064092
4.672061,1.268000,0.025000,1.049000,1.272025,-0.036018,1.019160,1.233830,-0.029113,1.060565,0.011649,0.005781,-0.109335,0.993920,0.029631,-0.029826,0.653182,-0.000497,0.000501,-0.001633,-0.005410,-0.004211,0.000138,17,-0.136529,-0.278233,9.776270,-0.096213,0.027764,-0.063403,9.786656,0.131276,0.068043,0.065035
4.688826,1.268000,0.025000,1.058000,1.231191,-0.003573,1.092073,1.234168,-0.028165,1.071976,0.010918,0.005396,-0.109361,0.993928,0.033056,-0.027770,0.654984,-0.000492,0.000488,-0.001661,-0.005348,-0.004192,0.000142,17,0.099166,0.220742,9.869962,-0.074391,-0.055758,0.009093,9.875383,0.124839,0.057726,0.064548
4.705306,1.268000,0.025000,1.069000,1.259794,-0.037081,1.097172,1.235971,-0.029068,1.083209,0.010619,0.005060,-0.109220,0.993948,0.037140,-0.022516,0.656369,-0.000502,0.000490,-0.001677,-0.005360,-0.004243,0.000141,17,-0.086952,0.576217,9.852777,-0.042679,-0.058644,-0.017339,9.878232,0.124564,0.068666,0.064429
4.722014,1.268000,0.026000,1.077000,1.230435,-0.043018,1.090360,1.236275,-0.030090,1.093522,0.010079,0.004807,-0.109368,0.993939,0.038437,-0.016139,0.655782,-0.000501,0.000497,-0.001672,-0.005393,-0.004237,0.000139,16,-0.111949,0.687381,9.763480,-0.076513,-0.042391,-0.013601,9.790463,0.116615,0.079706,0.066525
4.738583,1.269000,0.026000,1.085000,1.234355,-0.022462,1.152836,1.236681,-0.029845,1.105572,0.009879,0.004817,-0.109537,0.993922,0.037042,-0.014932,0.656092,-0.000498,0.000492,-0.001733,-0.005371,-0.004223,0.000141,17,-0.183618,0.191497,9.727029,-0.023312,-0.003685,-0.007427,9.731801,0.085318,0.090280,0.067723
4.755281,1.269000,0.026000,1.096000,1.207589,-0.024566,1.158596,1.235729,-0.029721,1.117613,0.010406,0.004429,-0.109876,0.993881,0.034671,-0.016693,0.654818,-0.000485,0.000491,-0.001787,-0.005360,-0.004159,0.000141,17,-0.064475,0.031871,9.648789,0.064615,-0.031293,0.002395,9.649806,0.085554,0.101225,0.068402
4.771819,1.269000,0.026000,1.104000,1.259694,-0.021457,1.200762,1.237365,-0.029518,1.130630,0.010598,0.003548,-0.109492,0.993925,0.036158,-0.023471,0.652334,-0.000491,0.000483,-0.001875,-0.005329,-0.004192,0.000144,17,-0.003594,-0.267087,9.519023,0.037544,-0.112679,0.043156,9.524006,0.135147,0.108174,0.069225
4.788455,1.270000,0.027000,1.112000,1.223414,-0.033229,1.170041,1.237153,-0.030064,1.141794,0.010314,0.002599,-0.109472,0.993933,0.033765,-0.029399,0.648340,-0.000485,0.000484,-0.001912,-0.005337,-0.004163,0.000143,16,-0.065434,-0.181689,9.496590,-0.029881,-0.121517,0.017764,9.499674,0.157110,0.095742,0.072269
4.805022,1.270000,0.026000,1.123000,1.214012,-0.090863,1.169358,1.236446,-0.033705,1.152624,0.010296,0.001655,-0.109336,0.993950,0.030379,-0.035993,0.645736,-0.000482,0.000515,-0.001930,-0.005475,-0.004137,0.000132,17,-0.127600,0.115078,9.609167,-0.017267,-0.113199,-0.031714,9.610915,0.147668,0.137625,0.074620
4.821728,1.271000,0.028000,1.130000,1.222744,-0.018251,1.170935,1.236197,-0.033434,1.163379,0.011193,0.001425,-0.109658,0.993905,0.024081,-0.036852,0.644688,-0.000475,0.000508,-0.001941,-0.005441,-0.004105,0.000135,17,-0.322675,-0.011877,9.721555,0.108575,-0.015679,0.004221,9.727750,0.131428,0.078381,0.078100
4.838307,1.270000,0.027000,1.141000,1.229451,-0.044796,1.190695,1.236201,-0.034579,1.174456,0.013508,0.002522,-0.109087,0.993937,0.024128,-0.038133,0.643819,-0.000473,0.000513,-0.001961,-0.005465,-0.004094,0.000132,17,-0.025426,0.220704,9.716457,0.253696,0.161395,0.060184,9.721751,0.309065,0.096273,0.077805
4.854948,1.271000,0.027000,1.149000,1.236890,-0.005436,1.149580,1.236648,-0.033701,1.183456,0.014804,0.003279,-0.109751,0.993843,0.022081,-0.043143,0.638822,-0.000471,0.000500,-0.001921,-0.005402,-0.004089,0.000139,16,-0.113607,-0.245388,9.563882,0.162837,0.112720,-0.030530,9.570763,0.206334,0.047073,0.077794
4.871563,1.270000,0.027000,1.156000,1.212488,-0.025258,1.097809,1.235878,-0.034059,1.190574,0.015205,0.004053,-0.110106,0.993795,0.012847,-0.051945,0.627830,-0.000464,0.000500,-0.001808,-0.005396,-0.004052,0.000139,17,-0.423975,-0.400427,9.323757,0.035276,0.102059,-0.024916,9.343294,0.127603,0.097081,0.078025
4.888208,1.271000,0.027000,1.166000,1.244939,-0.023501,1.140687,1.236597,-0.034426,1.198737,0.015420,0.004512,-0.109716,0.993833,0.014082,-0.056662,0.615768,-0.000468,0.000495,-0.001737,-0.005374,-0.004070,0.000141,17,-0.033656,-0.072348,9.175669,0.019248,0.055538,0.057566,9.178210,0.107995,0.062211,0.077643
4.904830,1.271000,0.028000,1.173000,1.270690,-0.044002,1.249678,1.238418,-0.035795,1.209989,0.016644,0.004883,-0.109536,0.993831,0.017840,-0.057691,0.607761,-0.000480,0.000495,-0.001783,-0.005382,-0.004128,0.000141,17,-0.043201,0.278979,9.238717,0.133288,0.043748,-0.011914,9.244401,0.153115,0.105185,0.080620
4.921451,1.271000,0.027000,1.181000,1.216186,-0.015154,1.157956,1.237742,-0.035741,1.218062,0.016176,0.004577,-0.109634,0.993830,0.019525,-0.066351,0.595428,-0.000471,0.000488,-0.001711,-0.005346,-0.004088,0.000144,17,0.210355,-0.280438,9.191111,-0.047498,-0.036053,0.039968,9.199506,0.140075,0.072887,0.080101
4.938033,1.272000,0.028000,1.190000,1.230432,-0.043633,1.138080,1.237791,-0.037325,1.224612,0.013413,0.003952,-0.109210,0.993920,0.019405,-0.077255,0.584322,-0.000472,0.000495,-0.001605,-0.005370,-0.004086,0.000142,16,0.038276,-0.345292,9.295112,-0.349861,-0.120707,0.026080,9.302042,0.371774,0.097749,0.081459
4.954678,1.272000,0.028000,1.197000,1.243936,-0.036739,1.173452,1.238480,-0.038570,1.232081,0.010829,0.003165,-0.109475,0.993926,0.021932,-0.076812,0.576435,-0.000476,0.000495,-0.001532,-0.005370,-0.004101,0.000142,17,0.011965,0.250193,9.428105,-0.315623,-0.140523,-0.040214,9.434185,0.350086,0.074385,0.082376
4.971312,1.272000,0.027000,1.204000,1.222766,-0.030519,1.155561,1.238182,-0.039385,1.238807,0.010139,0.002307,-0.109703,0.993910,0.018839,-0.069836,0.572359,-0.000472,0.000495,-0.001432,-0.005362,-0.004080,0.000142,17,-0.278014,0.552921,9.707151,-0.080177,-0.113873,-0.010991,9.728292,0.154073,0.089882,0.082233
4.987959,1.272000,0.028000,1.213000,1.223346,-0.035502,1.210945,1.237824,-0.040274,1.247076,0.010402,0.002082,-0.109204,0.993963,0.019679,-0.066412,0.568765,-0.000467,0.000494,-0.001389,-0.005358,-0.004057,0.000142,17,-0.002127,0.400080,9.649009,0.030072,-0.021575,0.075984,9.661737,0.105890,0.080025,0.083609
5.004550,1.272000,0.027000,1.220000,1.271991,-0.030072,1.192176,1.239862,-0.040873,1.254022,0.010467,0.002093,-0.109620,0.993916,0.024601,-0.066313,0.564305,-0.000481,0.000488,-0.001311,-0.005333,-0.004116,0.000146,16,0.071864,0.186671,9.649377,0.008598,-0.015559,-0.049651,9.653723,0.113304,0.063494,0.082445
5.021150,1.272000,0.028000,1.229000,1.234115,-0.022850,1.129739,1.240152,-0.041123,1.258893,0.010018,0.001365,-0.110064,0.993873,0.026453,-0.064955,0.554685,-0.000481,0.000483,-0.001155,-0.005307,-0.004113,0.000148,17,0.048769,0.217194,9.461650,-0.037479,-0.093624,-0.030275,9.467382,0.170744,0.117787,0.081767
5.037842,1.272000,0.027000,1.236000,1.289703,-0.033922,1.256299,1.242932,-0.041812,1.267479,0.008455,-0.000136,-0.109996,0.993896,0.028267,-0.062381,0.551230,-0.000500,0.000475,-0.001139,-0.005280,-0.004192,0.000153,17,-0.170171,0.270268,9.607231,-0.166856,-0.221878,0.014970,9.615769,0.289912,0.066611,0.081062
5.054435,1.273000,0.028000,1.243000,1.251314,-0.047621,1.276505,1.243721,-0.043092,1.276479,0.007387,-0.000136,-0.109738,0.993933,0.025202,-0.062168,0.550763,-0.000504,0.000476,-0.001138,-0.005287,-0.004206,0.000152,17,-0.250299,0.138984,9.771233,-0.139750,-0.023366,0.019130,9.779376,0.145439,0.085507,0.083858
5.071121,1.273000,0.026000,1.252000,1.244283,-0.055168,1.227850,1.244217,-0.044757,1.283858,0.007837,0.000273,-0.109871,0.993915,0.025304,-0.061892,0.550932,-0.000508,0.000484,-0.001069,-0.005313,-0.004215,0.000150,17,-0.045774,0.235947,9.923425,0.035720,0.047686,-0.048455,9.926904,0.103675,0.089421,0.082764
5.087647,1.273000,0.027000,1.259000,1.238721,-0.012385,1.227668,1.244437,-0.044091,1.290584,0.007862,0.000839,-0.110094,0.993890,0.024493,-0.057132,0.547008,-0.000504,0.000469,-0.000995,-0.005255,-0.004202,0.000155,16,-0.090560,0.264110,9.678853,0.003402,0.071453,0.040295,9.683262,0.116017,0.060893,0.082870
5.104349,1.273000,0.028000,1.265000,1.264398,-0.049083,1.282385,1.245793,-0.045266,1.298846,0.007159,0.001122,-0.110051,0.993900,0.027934,-0.057452,0.543527,-0.000513,0.000470,-0.000974,-0.005260,-0.004236,0.000156,17,0.073665,0.183154,9.624548,-0.094437,0.019206,-0.005085,9.626774,0.119807,0.079486,0.085168
5.120957,1.273000,0.027000,1.274000,1.289142,-0.045312,1.326527,1.248270,-0.046153,1.308220,0.007517,0.001172,-0.110131,0.993888,0.034915,-0.052706,0.540950,-0.000530,0.000465,-0.000993,-0.005247,-0.004301,0.000159,17,0.114628,0.456347,9.607139,0.034310,-0.008362,-0.010101,9.620395,0.151330,0.090822,0.084463
5.137577,1.273000,0.028000,1.281000,1.195721,-0.026281,1.250100,1.246431,-0.045993,1.315132,0.008532,0.000980,-0.110289,0.993862,0.028097,-0.051662,0.535220,-0.000508,0.000461,-0.000919,-0.005225,-0.004219,0.000158,17,-0.198970,0.071678,9.579688,0.121972,0.002733,0.014697,9.584898,0.168683,0.099365,0.085708
5.154154,1.273000,0.029000,1.289000,1.269959,-0.062154,1.333979,1.247898,-0.047636,1.323833,0.009819,0.001830,-0.109963,0.993885,0.025391,-0.056020,0.532329,-0.000519,0.000467,-0.000929,-0.005248,-0.004258,0.000157,16,-0.278805,-0.073201,9.606046,0.140902,0.111027,0.006968,9.613116,0.187578,0.101692,0.087844
5.170828,1.273000,0.028000,1.296000,1.260694,-0.044275,1.282672,1.248938,-0.048383,1.330805,0.011028,0.003526,-0.109923,0.993873,0.025311,-0.054309,0.526645,-0.000525,0.000466,-0.000870,-0.005241,-0.004280,0.000159,17,-0.176807,0.263801,9.538900,0.123460,0.216135,0.005167,9.545869,0.255182,0.074517,0.087320
5.187555,1.273000,0.027000,1.302000,1.260286,-0.019322,1.331835,1.249915,-0.047789,1.339086,0.011138,0.004677,-0.110405,0.993813,0.030438,-0.054333,0.518122,-0.000527,0.000449,-0.000863,-0.005183,-0.004289,0.000164,17,0.180794,0.099106,9.301099,0.006826,0.137150,0.005456,9.305579,0.185627,0.056547,0.086612
5.204055,1.273000,0.028000,1.309000,1.269713,-0.049910,1.326624,1.251366,-0.048784,1.346818,0.010906,0.004821,-0.110599,0.993794,0.033961,-0.053941,0.508395,-0.000536,0.000448,-0.000837,-0.005181,-0.004321,0.000165,17,0.007059,0.256037,9.252927,-0.033221,0.005026,-0.023354,9.258683,0.080222,0.079946,0.088284
5.220721,1.273000,0.028000,1.315000,1.251905,-0.034114,1.252524,1.252057,-0.048944,1.351633,0.011315,0.005002,-0.110981,0.993745,0.036154,-0.048614,0.499383,-0.000538,0.000444,-0.000718,-0.005160,-0.004326,0.000167,16,-0.061777,0.491831,9.423286,0.048071,0.023298,-0.026878,9.436926,0.097258,0.090589,0.087755
5.237303,1.273000,0.028000,1.323000,1.209674,-0.039406,1.345077,1.250644,-0.049111,1.359125,0.013653,0.004946,-0.111054,0.993708,0.032036,-0.044735,0.492644,-0.000518,0.000442,-0.000705,-0.005153,-0.004260,0.000165,17,-0.207494,0.403811,9.395349,0.283918,0.038353,-0.007476,9.411888,0.298596,0.095085,0.088039
5.253955,1.273000,0.028000,1.331000,1.218455,-0.055576,1.352294,1.249653,-0.050159,1.366589,0.015167,0.004941,-0.110599,0.993737,0.028475,-0.051855,0.485505,-0.000506,0.000449,-0.000690,-0.005173,-0.004214,0.000161,17,-0.095094,-0.153975,9.399432,0.183041,0.020930,0.024305,9.403520,0.193801,0.102046,0.088997
5.287191,1.272000,0.027000,1.343000,1.231038,-0.034844,1.417117,1.249544,-0.051159,1.383587,0.014850,0.007364,-0.110936,0.993689,0.025268,-0.068003,0.472976,-0.000493,0.000439,-0.000735,-0.005142,-0.004176,0.000162,34,-0.074325,-0.257168,9.403940,-0.034142,0.142442,-0.001245,9.410326,0.190547,0.104861,0.090886
5.320415,1.272000,0.027000,1.356000,1.275194,-0.038709,1.408603,1.251805,-0.052413,1.399298,0.013808,0.009574,-0.111831,0.993585,0.034423,-0.059159,0.468947,-0.000503,0.000427,-0.000746,-0.005105,-0.004211,0.000168,33,-0.032561,0.518843,9.663647,-0.079479,0.119255,-0.025344,9.683903,0.178085,0.084232,0.092677
5.337067,1.272000,0.027000,1.362000,1.219772,0.004725,1.341561,1.250740,-0.050242,1.404865,0.014590,0.010043,-0.112398,0.993505,0.033019,-0.056334,0.463057,-0.000478,0.000398,-0.000669,-0.005051,-0.004082,0.000181,17,-0.107665,0.112179,9.565544,0.098880,0.087225,0.004097,9.569546,0.145288,0.060346,0.090861
5.353685,1.272000,0.027000,1.369000,1.299574,-0.027747,1.348853,1.253821,-0.050051,1.410379,0.015020,0.010765,-0.114654,0.993234,0.036047,-0.058187,0.455279,-0.000504,0.000378,-0.000586,-0.005014,-0.004173,0.000198,17,-0.245128,0.019977,9.466762,0.046011,0.073816,-0.004358,9.472493,0.091632,0.064525,0.089328
5.370296,1.272000,0.028000,1.374000,1.236288,-0.023803,1.388650,1.253574,-0.049510,1.416625,0.015224,0.011307,-0.114826,0.993205,0.036857,-0.061046,0.450769,-0.000490,0.000364,-0.000553,-0.004958,-0.004140,0.000200,16,-0.034285,-0.041864,9.580702,0.024368,0.075344,-0.007083,9.581918,0.094661,0.064603,0.090356
5.386904,1.273000,0.026000,1.380000,1.225547,-0.019738,1.386057,1.252402,-0.048149,1.417064,0.015201,0.011450,-0.115143,0.993167,0.035090,-0.060095,0.448929,-0.000475,0.000351,-0.000519,-0.004914,-0.004093,0.000201,4,-0.042195,-0.249819,9.525118,0.018190,0.129413,-0.010006,9.528576,0.133718,0.066185,0.085418
5.403580,1.273000,0.028000,1.387000,1.259516,-0.066531,1.422688,1.253260,-0.050082,1.424222,0.015432,0.011989,-0.114844,0.993191,0.037352,-0.065807,0.443170,-0.000480,0.000361,-0.000515,-0.004943,-0.004107,0.000199,17,-0.101908,0.027332,9.461805,0.004100,0.060942,-0.002937,9.467929,0.097218,0.101939,0.088724
5.420194,1.273000,0.026000,1.393000,1.242549,-0.031932,1.385268,1.253435,-0.050242,1.430044,0.015984,0.011547,-0.115266,0.993139,0.040645,-0.069431,0.436599,-0.000475,0.000352,-0.000462,-0.004915,-0.004089,0.000200,17,0.054160,0.020172,9.500326,0.074163,-0.042518,-0.014497,9.500908,0.101939,0.065903,0.086993
5.436780,1.273000,0.026000,1.399000,1.205075,-0.027181,1.378270,1.251833,-0.050148,1.435072,0.016539,0.010954,-0.115089,0.993157,0.040360,-0.075462,0.431420,-0.000451,0.000345,-0.000397,-0.004890,-0.004016,0.000197,16,0.073427,-0.166951,9.598739,0.080240,-0.051956,0.018736,9.600944,0.109010,0.088723,0.086878
5.453368,1.274000,0.025000,1.405000,1.247571,-0.066016,1.404683,1.252260,-0.052220,1.440705,0.016744,0.010691,-0.114378,0.993239,0.039405,-0.085377,0.423800,-0.000452,0.000356,-0.000352,-0.004919,-0.004015,0.000193,17,-0.150169,-0.247526,9.422323,0.016549,-0.036693,0.031760,9.427891,0.072441,0.094776,0.087809
5.470077,1.274000,0.025000,1.410000,1.276997,-0.044542,1.415110,1.254081,-0.053240,1.446483,0.016067,0.010565,-0.114725,0.993211,0.038661,-0.092131,0.414527,-0.000464,0.000350,-0.000312,-0.004898,-0.004050,0.000199,17,-0.281055,-0.195272,9.307554,-0.081339,-0.036080,0.015511,9.314949,0.094426,0.069793,0.088596
5.486682,1.274000,0.026000,1.414000,1.222026,-0.018525,1.435181,1.253144,-0.052912,1.452631,0.014366,0.009896,-0.116575,0.993029,0.039612,-0.089828,0.406111,-0.000455,0.000318,-0.000297,-0.004799,-0.004032,0.000215,17,-0.018325,0.222560,9.323865,-0.184028,-0.096908,0.035693,9.327861,0.213521,0.071641,0.090302
5.503300,1.275000,0.025000,1.421000,1.233894,-0.034931,1.436283,1.252984,-0.053368,1.458639,0.011984,0.008586,-0.114781,0.993281,0.045565,-0.087328,0.397148,-0.000437,0.000321,-0.000271,-0.004793,-0.003978,0.000202,17,0.231365,0.397722,9.301003,-0.269949,-0.182538,0.020183,9.315910,0.329714,0.074263,0.089682
5.519982,1.275000,0.025000,1.425000,1.240257,-0.039467,1.463586,1.253139,-0.053930,1.464872,0.009635,0.007324,-0.115283,0.993259,0.051044,-0.082513,0.391799,-0.000429,0.000314,-0.000271,-0.004771,-0.003956,0.000203,16,0.174411,0.493635,9.465994,-0.276489,-0.190694,-0.033644,9.482176,0.339521,0.082777,0.091091
5.536492,1.276000,0.023000,1.432000,1.254378,-0.055640,1.389206,1.254085,-0.055394,1.468518,0.007803,0.004977,-0.115366,0.993280,0.051836,-0.085161,0.381976,-0.000433,0.000317,-0.000174,-0.004777,-0.003963,0.000202,17,-0.065164,0.017409,9.349066,-0.201273,-0.321075,-0.016676,9.350064,0.383898,0.092104,0.089216
5.553241,1.276000,0.022000,1.436000,1.286717,-0.052441,1.494527,1.256388,-0.056554,1.475288,0.006627,0.002789,-0.115654,0.993264,0.052442,-0.084272,0.376443,-0.000446,0.000311,-0.000196,-0.004760,-0.004003,0.000208,17,-0.204070,0.126535,9.426817,-0.116721,-0.299698,0.025281,9.430815,0.324911,0.095298,0.089994
5.569789,1.277000,0.022000,1.440000,1.204814,-0.043841,1.374936,1.254893,-0.057348,1.478170,0.005840,0.001082,-0.115314,0.993311,0.042480,-0.086345,0.366895,-0.000425,0.000313,-0.000075,-0.004757,-0.003937,0.000203,17,-0.378144,-0.144906,9.429266,-0.074420,-0.207048,0.004764,9.439818,0.223396,0.117385,0.090784
5.586428,1.277000,0.022000,1.446000,1.240697,-0.042719,1.366011,1.255052,-0.058040,1.480247,0.004847,0.000446,-0.115514,0.993294,0.043399,-0.085537,0.355040,-0.000422,0.000310,0.000062,-0.004742,-0.003923,0.000204,16,0.075846,0.109825,9.284995,-0.116863,-0.095387,-0.004341,9.286602,0.155655,0.109109,0.089783
5.602971,1.277000,0.022000,1.450000,1.203843,-0.030861,1.411458,1.253462,-0.058025,1.483603,0.003887,-0.000249,-0.115731,0.993273,0.040959,-0.084729,0.346297,-0.000398,0.000302,0.000144,-0.004714,-0.003853,0.000201,17,0.086909,0.014116,9.397108,-0.109048,-0.087527,-0.011574,9.398394,0.148212,0.098141,0.089929
5.619648,1.278000,0.021000,1.456000,1.268458,-0.033975,1.522233,1.254778,-0.058081,1.490201,0.003110,-0.000724,-0.116694,0.993163,0.040071,-0.084673,0.341455,-0.000400,0.000284,0.000105,-0.004667,-0.003863,0.000209,17,-0.073806,-0.089356,9.441533,-0.083587,-0.074310,-0.007902,9.444097,0.122013,0.086604,0.089234
5.636310,1.278000,0.021000,1.460000,1.222160,-0.021827,1.490496,1.253889,-0.057586,1.495629,0.001405,-0.000993,-0.117028,0.993127,0.031738,-0.087823,0.334863,-0.000379,0.000266,0.000107,-0.004616,-0.003811,0.000211,17,-0.249035,-0.415650,9.412118,-0.194388,-0.049669,0.030120,9.425760,0.209998,0.076696,0.089591
5.652912,1.278000,0.022000,1.463000,1.265539,-0.032498,1.496555,1.254898,-0.057580,1.500635,-0.000238,-0.001281,-0.120660,0.992693,0.030238,-0.084165,0.325667,-0.000392,0.000237,0.000110,-0.004519,-0.003854,0.000235,16,-0.150496,0.022781,9.230998,-0.189432,-0.072427,-0.012689,9.234853,0.208595,0.065202,0.091012
5.669571,1.279000,0.021000,1.468000,1.245602,-0.051839,1.593894,1.254712,-0.058476,1.508477,-0.000676,-0.002398,-0.120539,0.992705,0.028693,-0.078149,0.320732,-0.000379,0.000235,0.000009,-0.004536,-0.003823,0.000229,17,-0.059578,0.330692,9.301424,-0.055521,-0.140088,-0.035975,9.310469,0.169005,0.149232,0.092438
5.686133,1.278000,0.021000,1.471000,1.244398,-0.052863,1.453136,1.254741,-0.059420,1.511723,0.000246,-0.003022,-0.120250,0.992739,0.025231,-0.071516,0.311550,-0.000376,0.000235,0.000078,-0.004531,-0.003813,0.000229,17,-0.220167,0.338209,9.351938,0.117300,-0.067767,0.034472,9.361849,0.144963,0.083090,0.093095
5.702790,1.279000,0.022000,1.475000,1.268421,-0.057349,1.448680,1.255859,-0.060526,1.514668,0.001316,-0.002668,-0.120466,0.992713,0.026054,-0.069876,0.301282,-0.000386,0.000235,0.000158,-0.004526,-0.003834,0.000232,17,-0.000377,0.107819,9.310850,0.121125,0.047486,0.002427,9.314098,0.145157,0.084267,0.094443
5.719422,1.279000,0.021000,1.480000,1.271871,-0.023315,1.512979,1.257082,-0.059713,1.519408,0.002150,-0.002600,-0.120677,0.992686,0.029186,-0.061558,0.296628,-0.000387,0.000215,0.000164,-0.004451,-0.003855,0.000237,17,0.084548,0.360363,9.527968,0.111423,0.015762,-0.040784,9.537230,0.134947,0.055698,0.092456
5.752604,1.279000,0.022000,1.486000,1.271627,-0.049594,1.497232,1.258695,-0.060972,1.528070,0.003380,-0.000832,-0.121255,0.992615,0.028098,-0.049795,0.293122,-0.000394,0.000208,0.000203,-0.004429,-0.003873,0.000242,33,-0.122096,0.362622,9.730148,0.060612,0.110375,-0.005053,9.739870,0.152621,0.072843,0.095218
5.771352,1.279000,0.023000,1.490000,1.259966,-0.044803,1.512155,1.259358,-0.060945,1.532706,0.004487,-0.000568,-0.121442,0.992588,0.033485,-0.042735,0.288132,-0.000393,0.000198,0.000228,-0.004403,-0.003871,0.000245,19,0.205645,0.444755,9.562486,0.111830,0.040268,0.023587,9.576891,0.178887,0.073827,0.096210
5.787989,1.278000,0.024000,1.494000,1.278336,-0.018886,1.543087,1.260856,-0.059373,1.537600,0.004947,-0.000120,-0.122413,0.992467,0.033658,-0.038516,0.285651,-0.000396,0.000169,0.000220,-0.004330,-0.003885,0.000255,17,-0.090308,0.098089,9.642347,0.064549,0.054301,0.037784,9.645101,0.114178,0.065184,0.095634
5.804607,1.278000,0.023000,1.498000,1.252412,-0.016151,1.434202,1.261182,-0.057873,1.538915,0.004882,-0.000018,-0.123511,0.992331,0.031759,-0.038758,0.278403,-0.000391,0.000148,0.000348,-0.004270,-0.003870,0.000259,17,-0.055311,-0.153331,9.578649,0.002870,0.013304,-0.041906,9.580848,0.109624,0.079106,0.092181
5.821180,1.278000,0.024000,1.501000,1.263010,-0.022053,1.515251,1.261892,-0.056524,1.542389,0.004053,0.000285,-0.127561,0.991822,0.034192,-0.033045,0.273200,-0.000397,0.000115,0.000378,-0.004159,-0.003885,0.000283,16,0.062304,0.225319,9.533200,-0.089097,0.020596,-0.039520,9.538339,0.116299,0.050485,0.091960
5.837857,1.278000,0.024000,1.505000,1.265012,-0.051780,1.520877,1.262584,-0.056587,1.545941,0.004804,0.000410,-0.125875,0.992034,0.038340,-0.021379,0.265568,-0.000399,0.000135,0.000411,-0.004155,-0.003922,0.000261,17,0.063766,0.823340,9.381704,0.082225,0.027964,-0.017797,9.419130,0.122235,0.078507,0.091695
5.854494,1.278000,0.026000,1.508000,1.283452,-0.022111,1.531391,1.264273,-0.055145,1.549622,0.006691,0.001222,-0.126747,0.991912,0.038298,-0.016492,0.257216,-0.000405,0.000113,0.000433,-0.004098,-0.003940,0.000270,17,-0.155184,0.198115,9.332257,0.225189,0.120456,0.026919,9.338622,0.266427,0.053773,0.092224
5.887696,1.277000,0.025000,1.514000,1.277227,-0.022279,1.594042,1.266144,-0.053844,1.558968,0.010018,0.001418,-0.127461,0.991792,0.042519,-0.015290,0.247149,-0.000404,0.000087,0.000386,-0.004041,-0.003944,0.000276,33,0.059946,0.120197,9.455754,0.207613,0.034930,0.007941,9.459353,0.224741,0.092963,0.091413
5.904282,1.277000,0.027000,1.517000,1.265312,-0.028362,1.554795,1.266778,-0.052770,1.562645,0.010323,0.001380,-0.127566,0.991775,0.040324,-0.019783,0.243334,-0.000400,0.000071,0.000394,-0.004002,-0.003935,0.000278,17,-0.081383,-0.254400,9.580964,0.049724,0.003471,0.034676,9.587807,0.098397,0.068044,0.092472
5.920975,1.276000,0.027000,1.520000,1.281367,-0.033694,1.543882,1.267811,-0.052266,1.565868,0.009907,0.000832,-0.129338,0.991551,0.043821,-0.019012,0.241030,-0.000426,0.000039,0.000428,-0.003937,-0.003948,0.000303,17,0.158002,0.200068,9.708429,-0.039763,-0.070254,-0.019865,9.716625,0.091009,0.065444,0.091945
5.937611,1.276000,0.028000,1.521000,1.264931,-0.010702,1.579831,1.268453,-0.050285,1.569925,0.010009,0.000733,-0.128683,0.991635,0.042972,-0.013804,0.238555,-0.000412,0.000014,0.000410,-0.003853,-0.003951,0.000300,16,-0.111335,0.261774,9.615046,0.027586,-0.015677,-0.053824,9.622960,0.114866,0.071284,0.092624
5.954207,1.275000,0.028000,1.525000,1.229915,-0.031356,1.571315,1.267161,-0.049464,1.573604,0.010746,0.001213,-0.127691,0.991755,0.036098,-0.013811,0.237120,-0.000388,0.000005,0.000408,-0.003837,-0.003896,0.000290,16,-0.247553,0.026354,9.715098,0.085553,0.082935,0.012211,9.719966,0.131817,0.087755,0.091785
5.970793,1.275000,0.028000,1.528000,1.257717,-0.021904,1.510480,1.267349,-0.048325,1.575256,0.012283,0.002349,-0.127750,0.991728,0.030524,-0.016740,0.233042,-0.000383,-0.000009,0.000487,-0.003802,-0.003881,0.000291,17,-0.291889,-0.169478,9.685790,0.179602,0.169966,0.023344,9.692292,0.261165,0.055642,0.090095
5.987436,1.274000,0.029000,1.530000,1.276552,-0.044585,1.517958,1.268335,-0.048507,1.577032,0.013353,0.003362,-0.128243,0.991647,0.027559,-0.024220,0.226120,-0.000390,-0.000009,0.000562,-0.003795,-0.003895,0.000295,17,-0.203727,-0.281198,9.513783,0.117931,0.131714,-0.012462,9.521556,0.186509,0.074607,0.090837
6.004115,1.274000,0.028000,1.533000,1.268084,-0.021686,1.614684,1.268753,-0.047518,1.581775,0.013046,0.004486,-0.128583,0.991603,0.028095,-0.029286,0.220396,-0.000383,-0.000028,0.000519,-0.003756,-0.003884,0.000297,17,0.055101,-0.203677,9.399150,-0.047008,0.131376,0.001604,9.403543,0.149935,0.095791,0.090053
6.020707,1.274000,0.030000,1.535000,1.280325,-0.043471,1.590676,1.269823,-0.047732,1.585545,0.012940,0.005242,-0.129219,0.991518,0.036698,-0.023778,0.216288,-0.000388,-0.000032,0.000513,-0.003746,-0.003896,0.000300,17,0.246555,0.644477,9.538304,-0.026348,0.083491,-0.029764,9.564137,0.119597,0.092401,0.092814
6.037365,1.273000,0.029000,1.538000,1.284334,-0.008659,1.577634,1.271228,-0.046046,1.588580,0.013857,0.005330,-0.130173,0.991380,0.043194,-0.016086,0.209658,-0.000390,-0.000057,0.000524,-0.003687,-0.003903,0.000308,16,0.121293,0.583996,9.398935,0.125420,0.022618,0.004429,9.419620,0.140522,0.055835,0.090517
6.053908,1.272000,0.031000,1.540000,1.256714,-0.029852,1.630072,1.271159,-0.045417,1.593116,0.014695,0.005579,-0.129576,0.991445,0.044923,-0.013938,0.205335,-0.000377,-0.000068,0.000476,-0.003668,-0.003878,0.000304,17,0.032719,0.333115,9.452807,0.097784,0.042910,0.035658,9.460860,0.128739,0.109771,0.093067
6.070653,1.272000,0.030000,1.542000,1.293986,-0.040707,1.695088,1.272861,-0.045299,1.599522,0.015706,0.005606,-0.130334,0.991330,0.050359,-0.012118,0.204207,-0.000382,-0.000078,0.000359,-0.003652,-0.003895,0.000309,17,0.075506,0.411610,9.533085,0.119042,0.012079,-0.018188,9.543465,0.134733,0.170055,0.094760
6.087205,1.272000,0.031000,1.544000,1.262217,-0.023011,1.647599,1.273109,-0.044334,1.604281,0.016261,0.005809,-0.130239,0.991332,0.052240,-0.014300,0.202493,-0.000371,-0.000094,0.000303,-0.003624,-0.003873,0.000306,17,0.090256,0.088735,9.617131,0.070117,0.035054,-0.007554,9.619896,0.098790,0.117242,0.096490
6.103828,1.271000,0.030000,1.546000,1.295783,-0.037698,1.658321,1.274945,-0.044192,1.609025,0.015877,0.005874,-0.130624,0.991287,0.055701,-0.015146,0.200674,-0.000378,-0.000102,0.000243,-0.003607,-0.003893,0.000312,16,-0.004661,0.230423,9.586951,-0.048623,-0.004127,0.035447,9.591895,0.112891,0.133467,0.097427
6.120447,1.271000,0.030000,1.548000,1.245810,-0.019474,1.629469,1.274416,-0.043131,1.612781,0.014861,0.004642,-0.130081,0.991381,0.057304,-0.015163,0.199081,-0.000358,-0.000116,0.000219,-0.003581,-0.003850,0.000305,17,0.132970,0.223692,9.661163,-0.103945,-0.158896,-0.012126,9.667583,0.196217,0.098587,0.097757
6.137081,1.270000,0.030000,1.550000,1.240326,-0.019992,1.609531,1.273647,-0.042176,1.615800,0.013548,0.003616,-0.129377,0.991496,0.049412,-0.014384,0.193481,-0.000338,-0.000128,0.000222,-0.003560,-0.003805,0.000296,17,-0.399578,0.093404,9.473614,-0.139450,-0.141761,-0.008293,9.484201,0.205053,0.083209,0.097736
6.153701,1.270000,0.031000,1.551000,1.301943,-0.007358,1.637442,1.275779,-0.040666,1.619523,0.012067,0.003271,-0.130385,0.991385,0.046896,-0.015622,0.189270,-0.000345,-0.000152,0.000199,-0.003506,-0.003825,0.000306,17,-0.305750,-0.086128,9.511027,-0.162485,-0.070603,0.031925,9.517068,0.186634,0.099819,0.099322
6.170330,1.270000,0.031000,1.553000,1.259732,-0.014722,1.656170,1.275742,-0.039585,1.623732,0.010290,0.002759,-0.130255,0.991423,0.045451,-0.016948,0.189047,-0.000330,-0.000169,0.000156,-0.003475,-0.003797,0.000302,17,-0.035169,-0.008049,9.726877,-0.199481,-0.085511,-0.019190,9.729676,0.223679,0.113313,0.100091
6.186887,1.269000,0.031000,1.554000,1.254476,-0.018362,1.599265,1.275435,-0.038779,1.625872,0.010486,0.002869,-0.130317,0.991413,0.039185,-0.012664,0.183955,-0.000318,-0.000179,0.000186,-0.003454,-0.003769,0.000298,16,-0.408881,0.262286,9.530071,0.025529,0.020363,-0.058269,9.543576,0.106667,0.068530,0.100380
6.203572,1.269000,0.031000,1.556000,1.243473,-0.010319,1.682432,1.274454,-0.037448,1.630524,0.011594,0.003536,-0.129127,0.991554,0.035956,-0.010089,0.181298,-0.000294,-0.000197,0.000118,-0.003424,-0.003722,0.000290,17,-0.133588,0.200391,9.525480,0.130708,0.106514,0.052242,9.531799,0.185214,0.135440,0.101335
6.220201,1.268000,0.031000,1.557000,1.229158,-0.012143,1.579515,1.272929,-0.036410,1.631806,0.012620,0.004667,-0.127821,0.991706,0.030940,-0.013809,0.174383,-0.000271,-0.000206,0.000176,-0.003405,-0.003669,0.000279,17,-0.128265,-0.153330,9.485613,0.107782,0.164936,0.037415,9.488711,0.210559,0.062265,0.100818
6.236850,1.268000,0.031000,1.558000,1.252933,-0.038339,1.702299,1.272352,-0.036696,1.636761,0.013351,0.005845,-0.127352,0.991750,0.029192,-0.018519,0.171256,-0.000258,-0.000207,0.000095,-0.003411,-0.003643,0.000272,17,-0.056660,-0.054264,9.490541,0.065222,0.155632,-0.036551,9.494748,0.178581,0.160802,0.103947
6.253434,1.267000,0.031000,1.560000,1.287167,-0.022963,1.639611,1.273522,-0.036303,1.639429,0.014401,0.006742,-0.128195,0.991621,0.031010,-0.019218,0.167704,-0.000262,-0.000216,0.000095,-0.003389,-0.003655,0.000278,16,-0.079857,0.142692,9.577803,0.119498,0.123809,-0.019532,9.580798,0.176910,0.098268,0.104313
6.270024,1.266000,0.032000,1.561000,1.257575,-0.049526,1.607232,1.273268,-0.037305,1.641023,0.015496,0.007684,-0.127490,0.991689,0.032678,-0.022042,0.165762,-0.000258,-0.000205,0.000135,-0.003411,-0.003643,0.000272,17,0.024238,0.214896,9.757091,0.109789,0.131299,0.003535,9.761845,0.178329,0.094100,0.106111
6.286736,1.266000,0.032000,1.562000,1.292887,0.001426,1.638901,1.274774,-0.035750,1.643564,0.016445,0.008865,-0.128689,0.991509,0.033666,-0.021655,0.162104,-0.000261,-0.000230,0.000139,-0.003356,-0.003653,0.000282,17,-0.167591,0.122240,9.591337,0.111749,0.156826,-0.000266,9.596890,0.207211,0.087014,0.106395
6.303368,1.265000,0.032000,1.563000,1.263436,0.006300,1.621295,1.274876,-0.034007,1.645491,0.017555,0.010005,-0.128939,0.991447,0.034003,-0.019567,0.160428,-0.000249,-0.000254,0.000164,-0.003307,-0.003631,0.000283,17,-0.140083,0.242560,9.742708,0.124616,0.158538,0.011828,9.748714,0.207868,0.063727,0.106109
6.319952,1.265000,0.033000,1.564000,1.254113,-0.041805,1.586330,1.274473,-0.034723,1.646079,0.018525,0.010717,-0.128118,0.991528,0.034260,-0.021581,0.155501,-0.000244,-0.000244,0.000234,-0.003323,-0.003614,0.000277,16,-0.122286,0.266615,9.610835,0.105541,0.106739,0.019103,9.616701,0.154383,0.078822,0.106832
6.336554,1.265000,0.032000,1.565000,1.266008,-0.016439,1.655026,1.274637,-0.034167,1.648745,0.018982,0.011440,-0.128160,0.991506,0.036873,-0.026080,0.152344,-0.000236,-0.000255,0.000225,-0.003302,-0.003600,0.000277,17,0.025615,0.012106,9.606116,0.047473,0.097658,0.000982,9.607341,0.126723,0.102235,0.107165
6.353216,1.264000,0.032000,1.566000,1.323146,-0.039067,1.623520,1.277540,-0.034934,1.650296,0.018812,0.011309,-0.129308,0.991361,0.044308,-0.035656,0.149148,-0.000261,-0.000255,0.000261,-0.003297,-0.003651,0.000289,17,0.115544,-0.138652,9.685074,-0.016068,-0.028066,0.009677,9.687133,0.122648,0.108892,0.108487
6.369857,1.264000,0.031000,1.567000,1.237299,-0.046228,1.571875,1.276442,-0.036156,1.650239,0.017819,0.010765,-0.128004,0.991555,0.042839,-0.046202,0.144337,-0.000247,-0.000241,0.000352,-0.003321,-0.003617,0.000279,17,-0.032797,-0.221341,9.679514,-0.121526,-0.078820,0.029360,9.682742,0.152680,0.081859,0.107673
6.386444,1.264000,0.031000,1.568000,1.273036,-0.053649,1.684442,1.276913,-0.037775,1.653584,0.016718,0.010094,-0.127850,0.991601,0.045383,-0.055859,0.144702,-0.000246,-0.000232,0.000316,-0.003341,-0.003615,0.000277,17,0.051936,-0.134550,9.782736,-0.129823,-0.102418,-0.024087,9.784073,0.168933,0.144243,0.110550
6.403041,1.263000,0.031000,1.569000,1.241004,-0.025561,1.611065,1.275990,-0.038093,1.654536,0.015831,0.009988,-0.127030,0.991722,0.039950,-0.062562,0.143776,-0.000228,-0.000234,0.000364,-0.003335,-0.003577,0.000271,16,-0.294695,-0.230025,9.839236,-0.110750,-0.020419,0.037461,9.849167,0.131495,0.073840,0.110720
6.436378,1.263000,0.030000,1.571000,1.317923,-0.024227,1.754145,1.279202,-0.039383,1.662200,0.014503,0.010409,-0.128240,0.991582,0.048700,-0.062770,0.141235,-0.000241,-0.000254,0.000251,-0.003302,-0.003610,0.000280,34,-0.048452,0.252180,9.640018,-0.081033,0.006842,-0.016420,9.658649,0.094119,0.198744,0.115732
6.469552,1.263000,0.029000,1.573000,1.251727,-0.025886,1.639760,1.279463,-0.040503,1.665775,0.014043,0.009815,-0.127784,0.991654,0.047960,-0.064970,0.132071,-0.000223,-0.000260,0.000281,-0.003290,-0.003575,0.000276,33,-0.149812,0.159825,9.546765,-0.025094,-0.038733,0.011998,9.563826,0.072167,0.087158,0.117085
6.486226,1.262000,0.028000,1.574000,1.220961,-0.035931,1.716319,1.277167,-0.041176,1.669473,0.013831,0.009772,-0.126864,0.991776,0.044186,-0.070833,0.128245,-0.000186,-0.000260,0.000214,-0.003294,-0.003505,0.000266,17,-0.075817,-0.161589,9.471112,-0.029995,0.007286,0.005287,9.480020,0.070383,0.161326,0.118872
6.502859,1.262000,0.027000,1.574000,1.271021,0.021059,1.652115,1.277681,-0.038901,1.670955,0.012781,0.009536,-0.127686,0.991686,0.048982,-0.062283,0.123509,-0.000171,-0.000301,0.000233,-0.003215,-0.003481,0.000273,17,0.064784,0.476327,9.540225,-0.109353,-0.040311,0.022054,9.554986,0.131306,0.078858,0.118275
6.519504,1.262000,0.026000,1.575000,1.266803,-0.031076,1.658620,1.277998,-0.039414,1.672483,0.011739,0.008664,-0.127832,0.991689,0.056169,-0.057183,0.117380,-0.000164,-0.000305,0.000249,-0.003207,-0.003467,0.000272,17,0.211993,0.588553,9.453884,-0.115092,-0.121020,-0.021799,9.475813,0.177448,0.101356,0.118481
6.536068,1.262000,0.026000,1.576000,1.286929,-0.052369,1.690898,1.279333,-0.041019,1.674900,0.010383,0.007667,-0.127569,0.991746,0.061455,-0.063706,0.113394,-0.000169,-0.000299,0.000230,-0.003220,-0.003478,0.000272,17,0.179005,-0.048617,9.541147,-0.152345,-0.147424,0.023298,9.546223,0.220232,0.141296,0.120719
6.552655,1.262000,0.025000,1.576000,1.293736,-0.052276,1.632326,1.280981,-0.042689,1.675231,0.007910,0.007015,-0.127341,0.991803,0.057011,-0.070472,0.109947,-0.000181,-0.000291,0.000287,-0.003231,-0.003498,0.000273,16,-0.415245,-0.278173,9.685073,-0.305917,-0.130519,0.031995,9.699494,0.336488,0.100754,0.121609
6.569278,1.262000,0.025000,1.576000,1.255098,-0.012949,1.598290,1.280719,-0.042283,1.674523,0.005260,0.006438,-0.127348,0.991823,0.053790,-0.067749,0.108365,-0.000166,-0.000304,0.000379,-0.003202,-0.003467,0.000272,17,-0.237314,0.094715,9.854084,-0.310094,-0.106364,0.007871,9.858415,0.330805,0.044549,0.120765
6.585954,1.262000,0.024000,1.577000,1.267896,-0.036499,1.634667,1.280989,-0.043087,1.674968,0.002555,0.005949,-0.127082,0.991871,0.052496,-0.066834,0.106532,-0.000160,-0.000305,0.000428,-0.003198,-0.003453,0.000271,17,-0.164601,0.084314,9.774962,-0.322869,-0.101703,0.021004,9.780762,0.340863,0.083788,0.120246
6.602588,1.262000,0.024000,1.577000,1.251337,-0.019214,1.706009,1.280361,-0.042739,1.677684,0.000927,0.005696,-0.127064,0.991878,0.047904,-0.057476,0.104746,-0.000137,-0.000320,0.000388,-0.003174,-0.003414,0.000269,17,-0.348234,0.403850,9.633451,-0.189383,-0.048491,0.003850,9.654596,0.201597,0.136472,0.122182
6.619127,1.262000,0.023000,1.578000,1.253901,-0.058359,1.655393,1.279800,-0.044428,1.678567,0.000328,0.005786,-0.126582,0.991939,0.044648,-0.059677,0.102967,-0.000126,-0.000305,0.000416,-0.003198,-0.003392,0.000264,16,-0.180949,-0.080334,9.740426,-0.087471,0.004521,-0.003874,9.744377,0.095144,0.112581,0.122381
6.635756,1.262000,0.023000,1.578000,1.244806,-0.026720,1.600820,1.278972,-0.044475,1.677716,-0.000607,0.005433,-0.126523,0.991949,0.046822,-0.055702,0.098784,-0.000109,-0.000309,0.000508,-0.003187,-0.003357,0.000262,17,0.125297,0.212441,9.708114,-0.110571,-0.050539,0.000975,9.713056,0.128295,0.057345,0.121590
6.652426,1.262000,0.023000,1.578000,1.275787,-0.026340,1.630507,1.279640,-0.044419,1.677789,-0.000363,0.005098,-0.126779,0.991918,0.047132,-0.048016,0.096951,-0.000106,-0.000318,0.000566,-0.003167,-0.003351,0.000264,17,-0.169538,0.342087,9.789024,0.033769,-0.038264,0.000793,9.797322,0.080710,0.073358,0.121714
6.669050,1.261000,0.021000,1.578000,1.282576,-0.017851,1.708751,1.280496,-0.043720,1.680314,0.000486,0.005155,-0.127219,0.991861,0.045251,-0.040515,0.095368,-0.000100,-0.000338,0.000529,-0.003134,-0.003344,0.000268,17,-0.285806,0.256285,9.650168,0.108380,0.018610,0.004372,9.659344,0.116049,0.138097,0.122625
6.685656,1.261000,0.022000,1.578000,1.277802,-0.050487,1.612042,1.281123,-0.044763,1.679594,0.001577,0.005726,-0.126857,0.991903,0.046146,-0.041494,0.092019,-0.000104,-0.000329,0.000612,-0.003144,-0.003347,0.000267,16,-0.053209,0.006796,9.736914,0.122289,0.086282,0.027803,9.739634,0.170200,0.081826,0.123222
6.702268,1.261000,0.022000,1.578000,1.264011,-0.038305,1.665376,1.281060,-0.045087,1.680550,0.001880,0.005612,-0.126530,0.991945,0.046939,-0.043776,0.087208,-0.000094,-0.000331,0.000629,-0.003140,-0.003329,0.000266,17,0.055252,-0.122582,9.540567,0.036034,-0.008048,0.036705,9.541841,0.095718,0.106209,0.124176
6.718960,1.261000,0.021000,1.578000,1.293849,-0.040950,1.614073,1.282485,-0.045698,1.679815,0.001312,0.005301,-0.126633,0.991935,0.047022,-0.048235,0.084376,-0.000104,-0.000332,0.000711,-0.003135,-0.003343,0.000267,17,-0.089503,-0.272808,9.762448,-0.061338,-0.051055,0.003255,9.767957,0.098061,0.078856,0.123598
6.752168,1.261000,0.022000,1.578000,1.260528,-0.023869,1.638658,1.282859,-0.046127,1.681209,0.002264,0.004797,-0.126478,0.991955,0.037431,-0.048802,0.081549,-0.000089,-0.000343,0.000762,-0.003114,-0.003316,0.000267,34,-0.307802,-0.124355,9.760363,0.058087,-0.023615,0.017656,9.768717,0.147335,0.076050,0.125584
6.768761,1.260000,0.023000,1.577000,1.276083,-0.052033,1.660918,1.283142,-0.047222,1.681798,0.003110,0.005275,-0.126460,0.991953,0.039637,-0.050579,0.078629,-0.000087,-0.000337,0.000788,-0.003122,-0.003312,0.000266,16,0.080878,0.003492,9.671183,0.090818,0.070342,-0.012366,9.673643,0.135080,0.113714,0.128255
6.785376,1.260000,0.022000,1.577000,1.237200,-0.041058,1.641700,1.281565,-0.047699,1.681739,0.004008,0.005619,-0.126168,0.991985,0.032824,-0.052725,0.073691,-0.000062,-0.000334,0.000835,-0.003125,-0.003267,0.000263,17,-0.260201,-0.150195,9.579584,0.105737,0.068515,0.015111,9.588594,0.139313,0.093178,0.127645
6.802183,1.260000,0.022000,1.577000,1.245037,-0.018015,1.634164,1.280377,-0.046967,1.681384,0.003817,0.006509,-0.126185,0.991978,0.027250,-0.048328,0.067398,-0.000039,-0.000347,0.000890,-0.003100,-0.003227,0.000263,17,-0.333867,0.125622,9.507981,-0.030547,0.113634,0.033647,9.515800,0.141525,0.071364,0.126758
6.818681,1.260000,0.024000,1.576000,1.267202,-0.051074,1.612565,1.280260,-0.048009,1.680222,0.003155,0.007393,-0.126341,0.991954,0.027745,-0.048286,0.062467,-0.000037,-0.000339,0.000975,-0.003109,-0.003219,0.000261,17,-0.078483,0.100509,9.642617,-0.097718,0.094935,-0.042291,9.643963,0.147405,0.083815,0.128288
6.835245,1.259000,0.022000,1.577000,1.261315,-0.009310,1.605792,1.279917,-0.046790,1.678825,0.002891,0.007440,-0.126901,0.991883,0.029150,-0.043273,0.059855,-0.000024,-0.000359,0.001062,-0.003071,-0.003195,0.000265,16,-0.021436,0.190240,9.790836,-0.026976,0.007148,-0.002273,9.793327,0.126560,0.042599,0.124651
6.868537,1.259000,0.025000,1.575000,1.272144,-0.027941,1.662090,1.280527,-0.047098,1.680260,0.006060,0.008312,-0.126965,0.991854,0.031528,-0.042159,0.065677,-0.000015,-0.000372,0.001084,-0.003050,-0.003182,0.000267,34,-0.063789,0.065008,10.000114,0.179764,0.072449,0.015202,10.001877,0.223750,0.102763,0.129388
6.885180,1.259000,0.024000,1.576000,1.243925,-0.051859,1.594338,1.279304,-0.048131,1.678539,0.008125,0.009688,-0.126724,0.991857,0.030839,-0.047609,0.067866,-0.000000,-0.000359,0.001192,-0.003065,-0.003151,0.000262,17,-0.011331,-0.144653,10.120871,0.221601,0.205155,-0.008478,10.124363,0.305097,0.079486,0.127001
6.918350,1.258000,0.025000,1.575000,1.233067,-0.026822,1.624641,1.278133,-0.048469,1.679011,0.009625,0.009275,-0.127216,0.991785,0.037969,-0.046522,0.072047,0.000030,-0.000366,0.001260,-0.003050,-0.003101,0.000262,33,0.114980,0.205402,9.995960,0.095400,-0.006895,-0.014299,10.002410,0.139843,0.075970,0.128924
6.935047,1.258000,0.025000,1.575000,1.275095,-0.038315,1.697788,1.278589,-0.048574,1.680772,0.010580,0.009507,-0.127135,0.991783,0.042668,-0.046099,0.070828,0.000036,-0.000375,0.001236,-0.003037,-0.003093,0.000263,17,0.099188,0.215019,9.701885,0.114249,0.040234,0.038803,9.707102,0.144629,0.139205,0.130479
6.951674,1.258000,0.025000,1.575000,1.286186,-0.027191,1.639380,1.279735,-0.048195,1.680486,0.010488,0.008991,-0.127495,0.991743,0.043607,-0.050624,0.065722,0.000033,-0.000390,0.001290,-0.003011,-0.003097,0.000268,17,-0.084088,-0.183643,9.590434,0.004169,-0.067893,0.009476,9.595086,0.094690,0.087539,0.130220
6.984860,1.258000,0.026000,1.575000,1.260630,-0.030178,1.663345,1.280109,-0.048725,1.681955,0.009774,0.009297,-0.127894,0.991696,0.041324,-0.050078,0.063048,0.000049,-0.000401,0.001312,-0.002993,-0.003072,0.000269,33,-0.206291,0.123136,9.740317,-0.046810,0.013008,-0.009121,9.744706,0.101865,0.104727,0.132333
7.001505,1.258000,0.025000,1.575000,1.286270,-0.034818,1.669432,1.281112,-0.048717,1.682478,0.010548,0.009640,-0.128175,0.991649,0.044021,-0.049626,0.058011,0.000048,-0.000412,0.001329,-0.002975,-0.003074,0.000271,17,-0.063553,0.148782,9.530323,0.093132,0.056091,-0.000539,9.531953,0.128683,0.115302,0.132363
7.018200,1.257000,0.025000,1.575000,1.222830,-0.058200,1.636690,1.278815,-0.049988,1.681855,0.012005,0.009816,-0.127771,0.991682,0.039963,-0.050321,0.055577,0.000080,-0.000395,0.001387,-0.002998,-0.003021,0.000265,17,-0.178406,0.208636,9.746755,0.160808,0.054814,0.001324,9.752210,0.183987,0.109066,0.132352
7.034769,1.258000,0.027000,1.574000,1.274321,-0.034014,1.617949,1.279325,-0.049953,1.680580,0.013757,0.011029,-0.127868,0.991634,0.041007,-0.050754,0.053488,0.000082,-0.000404,0.001471,-0.002982,-0.003015,0.000267,17,-0.137234,0.135414,9.812228,0.193244,0.173140,0.018238,9.815303,0.263713,0.076946,0.133176
7.067973,1.258000,0.027000,1.574000,1.232669,-0.028314,1.517392,1.278359,-0.050670,1.676587,0.013228,0.011679,-0.127896,0.991631,0.039061,-0.065234,0.046834,0.000106,-0.000406,0.001691,-0.002970,-0.002970,0.000266,33,-0.089971,-0.232998,9.788708,-0.037687,0.040980,0.008789,9.794259,0.139995,0.083101,0.130274
7.084640,1.258000,0.027000,1.574000,1.262345,-0.061759,1.640548,1.278142,-0.052352,1.676081,0.013097,0.011487,-0.127572,0.991676,0.037540,-0.067839,0.046564,0.000112,-0.000394,0.001740,-0.002986,-0.002959,0.000263,17,-0.254909,0.111936,9.866541,-0.020220,-0.022094,0.006260,9.873214,0.091109,0.111022,0.130855
7.101280,1.258000,0.028000,1.574000,1.300463,-0.005495,1.672099,1.279963,-0.050797,1.676719,0.013079,0.011095,-0.128458,0.991567,0.041671,-0.070930,0.046862,0.000108,-0.000434,0.001744,-0.002928,-0.002967,0.000272,17,-0.004022,-0.173297,9.840258,0.019722,-0.050728,0.004995,9.842556,0.113831,0.112020,0.131311
7.134458,1.258000,0.028000,1.574000,1.250587,0.006656,1.632421,1.280027,-0.049599,1.676763,0.011944,0.009114,-0.129625,0.991449,0.044367,-0.063944,0.049597,0.000145,-0.000471,0.001800,-0.002853,-0.002944,0.000275,33,-0.096337,0.291109,9.932991,-0.046330,-0.127468,-0.015418,9.944168,0.168183,0.062638,0.130641
7.151172,1.258000,0.028000,1.574000,1.219807,-0.040352,1.683940,1.277474,-0.049954,1.677881,0.012050,0.009067,-0.128524,0.991592,0.039323,-0.063188,0.053387,0.000188,-0.000470,0.001784,-0.002853,-0.002898,0.000267,17,-0.215622,0.189068,10.020654,0.009382,0.006698,0.022400,10.025072,0.057860,0.134972,0.131329
7.167836,1.258000,0.028000,1.574000,1.262272,-0.029342,1.678604,1.277019,-0.049259,1.678377,0.012059,0.009208,-0.129013,0.991527,0.038613,-0.061932,0.054333,0.000202,-0.000484,0.001781,-0.002832,-0.002879,0.000269,9,-0.121385,0.154488,9.914453,0.004607,0.038911,-0.027652,9.918675,0.096812,0.119366,0.131244
7.184384,1.258000,0.027000,1.574000,1.271657,-0.021288,1.661472,1.271653,-0.021297,1.661478,0.000000,0.000000,0.000000,1.000000,0.038613,-0.061932,0.054333,0.000202,-0.000484,0.001781,-0.002832,-0.002879,0.000269,0,0.000000,0.000000,0.000000,0.000000,0.000000,0.000000,0.000000,0.000000,0.100844,0.100853
7.200990,1.258000,0.029000,1.574000,1.206407,0.004397,1.563617,1.273650,-0.021465,1.610821,0.022889,0.032095,0.824887,0.563922,0.045496,-0.064006,0.049456,0.000203,-0.000484,0.001781,-0.002832,-0.002879,0.000269,16,0.249359,0.426924,9.500851,-0.063048,-0.025504,-0.000798,9.514939,0.119441,0.058094,0.064400
7.217667,1.259000,0.029000,1.574000,1.270007,-0.050227,1.682108,1.275755,-0.022234,1.636858,0.023117,0.030492,0.831978,0.553488,0.074132,-0.048589,0.046205,0.000202,-0.000484,0.001781,-0.002832,-0.002879,0.000269,17,0.055070,0.075634,9.685954,-0.141365,-0.109902,0.004567,9.687537,0.185804,0.134482,0.082806
7.234309,1.259000,0.029000,1.574000,1.288363,-0.026686,1.581534,1.276516,-0.023743,1.622548,0.034539,0.011228,0.869745,0.492162,0.090809,-0.070598,0.044402,0.000202,-0.000484,0.001781,-0.002832,-0.002879,0.000269,17,-0.046150,0.289801,9.775110,-0.134599,-0.167554,-0.010142,9.782347,0.226192,0.063403,0.073793
7.250961,1.260000,0.030000,1.574000,1.290475,-0.024540,1.698900,1.267836,-0.026385,1.639656,0.058119,0.023891,0.935703,0.347147,0.100003,-0.067997,0.043983,0.000202,-0.000484,0.001780,-0.002832,-0.002879,0.000269,17,-0.263277,0.449087,9.757773,-0.074901,-0.124980,0.016372,9.772386,0.155081,0.139655,0.086899
7.267501,1.260000,0.030000,1.574000,1.295883,-0.051899,1.670823,1.274560,-0.030451,1.644875,0.061675,0.024295,0.925527,0.372834,0.127539,-0.071247,0.042523,0.000202,-0.000484,0.001780,-0.002832,-0.002879,0.000269,16,0.085257,-0.002981,9.812631,-0.135570,-0.078580,-0.014085,9.813821,0.164393,0.131794,0.094285
7.284144,1.260000,0.029000,1.573000,1.269653,-0.023274,1.685402,1.275499,-0.031016,1.651541,0.060901,0.020426,0.959905,0.272865,0.142744,-0.069094,0.040743,0.000202,-0.000484,0.001779,-0.002832,-0.002879,0.000269,17,0.035555,0.182118,9.690758,-0.013418,-0.123462,-0.045341,9.693116,0.154737,0.124338,0.100054
7.300786,1.260000,0.031000,1.573000,1.255817,-0.026169,1.630242,1.274765,-0.031495,1.649536,0.059781,0.024988,0.928357,0.365999,0.155415,-0.076197,0.038332,0.000202,-0.000484,0.001780,-0.002832,-0.002879,0.000269,17,-0.154003,0.455877,9.711512,0.121006,-0.125908,0.004148,9.724286,0.185590,0.081009,0.099907
7.317451,1.261000,0.032000,1.572000,1.234569,-0.046321,1.592714,1.272271,-0.034796,1.643815,0.057572,0.018608,0.955214,0.289666,0.170360,-0.086636,0.037354,0.000202,-0.000484,0.001781,-0.002832,-0.002879,0.000269,17,-0.221561,0.107808,9.887310,0.122887,0.012114,0.033852,9.891682,0.139530,0.085217,0.098722
7.334063,1.261000,0.031000,1.572000,1.238017,-0.008668,1.740502,1.270925,-0.033249,1.654453,0.053390,0.020778,0.939259,0.338394,0.180241,-0.079858,0.038264,0.000202,-0.000484,0.001778,-0.002832,-0.002879,0.000269,17,-0.184400,-0.055215,9.714282,0.094227,-0.042696,-0.042998,9.717398,0.132769,0.174627,0.105000
7.350575,1.261000,0.031000,1.572000,1.248662,-0.037946,1.683665,1.271270,-0.035055,1.657783,0.052448,0.019515,0.950465,0.305753,0.192968,-0.086412,0.038702,0.000202,-0.000484,0.001777,-0.002832,-0.002879,0.000269,16,-0.284571,0.043106,9.820169,0.194120,-0.020207,-0.022417,9.826494,0.208544,0.131814,0.108754
7.367340,1.261000,0.033000,1.571000,1.248204,-0.024663,1.697605,1.272413,-0.036723,1.661860,0.047893,0.004780,0.996325,0.070853,0.206264,-0.090115,0.041962,0.000202,-0.000484,0.001775,-0.002832,-0.002879,0.000269,17,-0.144664,-0.229124,9.977189,0.202887,0.112588,0.039669,9.984105,0.237860,0.139705,0.115096
7.383866,1.261000,0.030000,1.571000,1.266969,-0.017712,1.605486,1.276366,-0.039592,1.657831,0.038093,-0.020821,0.957492,-0.285174,0.221354,-0.122197,0.039142,0.000202,-0.000484,0.001778,-0.002832,-0.002879,0.000269,17,0.022890,-0.385990,9.841549,0.056494,-0.016974,-0.023861,9.850633,0.102778,0.059172,0.112334
7.400508,1.261000,0.032000,1.571000,1.273385,-0.005209,1.598750,1.276944,-0.037113,1.654552,0.038203,-0.001853,0.992681,-0.114550,0.265741,-0.076601,0.033011,0.000202,-0.000484,0.001782,-0.002832,-0.002879,0.000269,17,-0.029846,-0.186910,9.795369,0.031844,-0.024709,-0.028066,9.798240,0.095649,0.048041,0.109598
7.417176,1.261000,0.032000,1.570000,1.278119,-0.021884,1.608075,1.279569,-0.038235,1.651877,0.036987,0.000108,0.997078,-0.066841,0.239475,-0.059180,0.034731,0.000202,-0.000484,0.001785,-0.002832,-0.002879,0.000269,16,-0.290816,-0.407683,9.751246,0.018485,0.021535,0.002415,9.765386,0.096869,0.068164,0.109460
7.433684,1.262000,0.033000,1.570000,1.270326,-0.009113,1.632132,1.281955,-0.037915,1.651223,0.035179,0.000759,0.997272,-0.064883,0.243347,-0.102192,0.030643,0.000202,-0.000484,0.001786,-0.002832,-0.002879,0.000269,17,0.020515,0.041396,9.652437,-0.066064,0.074007,-0.000622,9.656375,0.136504,0.075519,0.109656
7.450387,1.261000,0.032000,1.570000,1.263663,-0.017660,1.611793,1.284244,-0.038410,1.649288,0.034107,0.000992,0.998054,-0.052198,0.302716,-0.107075,0.023110,0.000202,-0.000484,0.001790,-0.002832,-0.002879,0.000269,17,-0.323974,0.193478,9.772721,0.027076,0.029649,-0.018183,9.783399,0.113738,0.064961,0.108556
7.467011,1.262000,0.033000,1.569000,1.249604,-0.014595,1.653675,1.287293,-0.042826,1.649982,0.028539,-0.007933,0.988153,-0.150588,0.314630,-0.062862,0.026763,0.000202,-0.000484,0.001789,-0.002832,-0.002879,0.000269,17,-0.198274,-0.282033,9.975629,0.061547,0.062953,0.077161,9.983818,0.129005,0.097922,0.113786
7.483607,1.261000,0.031000,1.569000,1.232368,-0.031923,1.686026,1.292190,-0.048667,1.652346,0.024051,-0.020759,0.963067,-0.267380,0.249763,-0.087748,0.037649,0.000202,-0.000484,0.001785,-0.002832,-0.002879,0.000269,16,0.097800,-0.342429,9.990181,-0.137039,-0.031196,-0.010443,9.997540,0.149339,0.135919,0.119441
7.500200,1.261000,0.032000,1.568000,1.236101,-0.025106,1.575272,1.292204,-0.046034,1.649093,0.032053,-0.007446,0.996666,-0.074660,0.144007,-0.117877,0.050778,0.000203,-0.000484,0.001794,-0.002833,-0.002879,0.000269,17,-0.180855,0.212416,9.971711,-0.035371,0.007539,-0.077141,9.976248,0.107628,0.062721,0.116787
7.516862,1.261000,0.032000,1.568000,1.295195,-0.016467,1.607639,1.293026,-0.039726,1.647557,0.029730,-0.009346,0.976445,-0.213504,0.240919,-0.084302,0.040700,0.000202,-0.000484,0.001798,-0.002832,-0.002879,0.000269,17,-0.109733,0.103863,9.953947,0.117595,0.047859,0.002313,9.955739,0.160881,0.071342,0.111802
7.533592,1.261000,0.032000,1.568000,1.228371,-0.010728,1.683450,1.291781,-0.032146,1.649153,0.028106,0.001306,0.992128,-0.122029,0.282364,-0.042518,0.040849,0.000202,-0.000485,0.001793,-0.002832,-0.002879,0.000269,17,-0.194210,-0.025135,9.940059,0.022766,0.074627,0.038769,9.944403,0.128849,0.127354,0.107926
7.550113,1.261000,0.033000,1.568000,1.268731,-0.020133,1.664674,1.294768,-0.031079,1.650722,0.027046,0.004509,0.996282,-0.081677,0.283610,-0.026702,0.044046,0.000202,-0.000485,0.001791,-0.002832,-0.002879,0.000269,17,-0.222868,0.209505,9.919844,-0.018213,0.126039,-0.010186,9.931497,0.145694,0.110584,0.109951
7.566702,1.261000,0.032000,1.567000,1.256730,-0.034904,1.648088,1.296559,-0.031189,1.651334,0.024051,0.005268,0.995552,-0.090945,0.284054,-0.033454,0.046881,0.000202,-0.000485,0.001792,-0.002832,-0.002879,0.000269,16,-0.044211,0.663449,9.970146,0.123233,0.187391,-0.010490,9.996444,0.229374,0.105213,0.111218
7.583390,1.261000,0.033000,1.567000,1.251147,-0.042240,1.668281,1.297981,-0.030959,1.653014,0.022140,0.010124,0.999369,-0.025875,0.284169,-0.025509,0.047311,0.000201,-0.000485,0.001789,-0.002832,-0.002879,0.000269,17,-0.183474,0.146566,9.788232,0.099079,0.111955,0.011531,9.792489,0.157403,0.126554,0.113388
7.600038,1.261000,0.034000,1.567000,1.264052,-0.020262,1.678633,1.300150,-0.030824,1.654981,0.020330,0.011459,0.999439,-0.024037,0.280249,-0.023342,0.048018,0.000202,-0.000485,0.001785,-0.002832,-0.002879,0.000269,17,0.143237,0.259482,9.732316,0.119748,0.081172,-0.004550,9.737649,0.151915,0.124159,0.116085
7.616613,1.262000,0.034000,1.566000,1.220227,-0.000158,1.580721,1.300957,-0.027053,1.652310,0.018458,0.015966,0.999608,0.013707,0.273405,-0.003518,0.043356,0.000202,-0.000485,0.001797,-0.002832,-0.002879,0.000269,17,0.009120,0.050412,9.712945,0.111575,0.046878,-0.002591,9.714372,0.148508,0.055933,0.112670
7.633246,1.262000,0.033000,1.566000,1.275195,-0.006286,1.602110,1.302889,-0.026618,1.650801,0.017350,0.016297,0.999714,0.002174,0.271966,0.003044,0.039732,0.000202,-0.000485,0.001806,-0.002832,-0.002879,0.000269,16,-0.038208,0.003951,9.716175,0.065208,0.023441,-0.005927,9.717595,0.084392,0.054967,0.111433
7.649846,1.262000,0.034000,1.566000,1.241418,-0.037075,1.656305,1.303768,-0.024200,1.651547,0.016642,0.021211,0.997340,0.067725,0.273079,0.022232,0.038865,0.000201,-0.000485,0.001805,-0.002832,-0.002879,0.000269,17,-0.002224,0.009041,9.758243,0.088059,-0.025567,0.000908,9.758546,0.126078,0.116749,0.111579
7.666529,1.262000,0.032000,1.565000,1.297760,-0.043345,1.650547,1.308519,-0.022813,1.652109,0.016333,0.026426,0.981925,0.186705,0.314234,0.037592,0.032823,0.000200,-0.000485,0.001806,-0.002832,-0.002880,0.000269,17,-0.229650,-0.313222,9.645688,0.040325,-0.019955,0.054128,9.657091,0.095179,0.119474,0.112944
7.683144,1.262000,0.032000,1.565000,1.248826,-0.031830,1.666183,1.310488,-0.021401,1.653301,0.015626,0.025496,0.981093,0.191213,0.321055,0.017831,0.029002,0.000200,-0.000484,0.001804,-0.002832,-0.002880,0.000269,17,0.001652,-0.290712,9.562073,-0.188138,-0.117529,0.025485,9.568381,0.227760,0.120357,0.114016
7.699782,1.262000,0.032000,1.565000,1.265877,-0.032458,1.637625,1.311416,-0.023205,1.653378,0.016125,0.017206,0.998770,0.043607,0.295072,0.011234,0.029531,0.000201,-0.000484,0.001807,-0.002832,-0.002879,0.000270,17,-0.390709,-0.294490,9.740214,-0.211949,-0.138856,-0.055443,9.754101,0.262789,0.097182,0.115327
7.716338,1.262000,0.033000,1.565000,1.246828,-0.051160,1.709800,1.310890,-0.023171,1.656432,0.015730,0.012789,0.998383,-0.053112,0.271283,0.024741,0.035022,0.000201,-0.000484,0.001795,-0.002832,-0.002879,0.000270,16,-0.059028,0.488595,9.886999,-0.159609,-0.115047,-0.004278,9.900630,0.202547,0.168167,0.117920
7.733029,1.262000,0.033000,1.564000,1.306301,-0.039575,1.724477,1.311131,-0.028106,1.660108,0.014300,0.001723,0.935098,-0.354098,0.259720,0.019559,0.043723,0.000203,-0.000486,0.001779,-0.002832,-0.002878,0.000269,17,-0.321955,0.321302,10.056824,0.088800,0.036184,0.032344,10.070988,0.113270,0.181611,0.124035
7.749660,1.262000,0.031000,1.564000,1.244501,-0.050331,1.552588,1.310228,-0.030170,1.656440,0.012139,-0.002383,0.875478,-0.483100,0.242967,0.010887,0.042805,0.000203,-0.000486,0.001806,-0.002832,-0.002878,0.000269,17,0.064852,-0.094685,10.038395,0.042057,-0.040481,0.000611,10.040154,0.119758,0.083971,0.120884
7.766218,1.262000,0.031000,1.564000,1.289979,-0.023238,1.646369,1.312772,-0.029139,1.656760,0.012709,-0.002066,0.878801,-0.477015,0.242118,0.016137,0.046244,0.000203,-0.000485,0.001808,-0.002832,-0.002878,0.000269,17,-0.036002,-0.035026,10.041051,-0.085548,-0.067457,0.013035,10.042770,0.113208,0.102514,0.121651
7.782904,1.263000,0.032000,1.564000,1.243668,-0.029240,1.602830,1.312121,-0.028256,1.655330,0.011882,-0.001248,0.877912,-0.478672,0.238411,0.016841,0.046443,0.000203,-0.000485,0.001822,-0.002832,-0.002878,0.000269,16,-0.098544,0.457527,9.978262,-0.011528,-0.036083,0.008280,9.989871,0.110684,0.075046,0.119937
7.799451,1.263000,0.032000,1.564000,1.284100,-0.035276,1.561899,1.314059,-0.028718,1.652223,0.011203,-0.000902,0.870707,-0.491674,0.239862,0.016983,0.042486,0.000203,-0.000486,0.001848,-0.002832,-0.002878,0.000269,17,-0.209429,0.156443,9.866300,0.085559,-0.035312,-0.016291,9.872935,0.118874,0.070539,0.118647
7.816139,1.263000,0.031000,1.564000,1.227657,-0.021582,1.619155,1.312513,-0.026592,1.651621,0.009984,0.001842,0.878841,-0.477006,0.229414,0.021718,0.040371,0.000202,-0.000485,0.001857,-0.002832,-0.002878,0.000269,17,0.007434,0.305728,9.756338,0.130701,-0.052231,0.006400,9.763732,0.152565,0.084000,0.115956
7.832829,1.263000,0.031000,1.564000,1.291475,-0.018158,1.711383,1.313872,-0.027231,1.654747,-0.009794,-0.001198,-0.856450,0.516135,0.225090,0.028800,0.038094,0.000203,-0.000483,0.001838,-0.002832,-0.002878,0.000269,17,-0.157195,-0.161985,9.481893,0.019243,-0.043525,0.008324,9.486442,0.074681,0.157953,0.119221
7.849323,1.263000,0.031000,1.564000,1.244746,-0.019738,1.631967,1.312309,-0.026571,1.654493,-0.008920,0.000916,-0.795646,0.605696,0.215078,0.026837,0.034553,0.000204,-0.000484,0.001844,-0.002832,-0.002878,0.000269,16,0.050996,0.275261,9.608721,-0.105485,-0.045059,-0.003158,9.614335,0.123533,0.086759,0.118045
7.865899,1.263000,0.031000,1.564000,1.274363,-0.061556,1.635426,1.312694,-0.028305,1.654311,-0.008608,0.001728,-0.772330,0.635161,0.211813,0.012917,0.032217,0.000204,-0.000483,0.001851,-0.002832,-0.002878,0.000270,17,0.356033,0.296894,9.711782,-0.080941,-0.093156,-0.001643,9.723776,0.134746,0.117463,0.118922
7.882604,1.263000,0.030000,1.563000,1.256868,0.005908,1.584704,1.312663,-0.026444,1.652092,-0.010027,0.001599,-0.743351,0.668824,0.209594,0.021611,0.027016,0.000204,-0.000482,0.001871,-0.002833,-0.002877,0.000269,17,-0.077426,0.205220,9.685565,-0.126231,-0.179447,0.000263,9.689136,0.222977,0.033002,0.116575
7.899248,1.264000,0.030000,1.563000,1.292782,-0.015304,1.581190,1.315007,-0.024274,1.649706,-0.010770,0.001109,-0.746520,0.665274,0.213484,0.031530,0.022741,0.000204,-0.000483,0.001894,-0.002833,-0.002877,0.000269,17,-0.343083,0.249034,9.784153,-0.079460,-0.070292,0.008288,9.793893,0.117606,0.056672,0.114303
7.915858,1.263000,0.028000,1.563000,1.232754,-0.020888,1.615630,1.313141,-0.022844,1.648799,-0.010915,0.000918,-0.744914,0.667071,0.199230,0.039873,0.020918,0.000204,-0.000481,0.001904,-0.002833,-0.002877,0.000269,17,-0.199710,-0.087288,9.783071,-0.147029,-0.027048,0.044340,9.790196,0.168131,0.077941,0.111627
7.932403,1.264000,0.029000,1.563000,1.263789,-0.017782,1.625362,1.313004,-0.021622,1.648244,-0.012079,0.001598,-0.741019,0.671374,0.191554,0.042476,0.018670,0.000205,-0.000481,0.001911,-0.002833,-0.002877,0.000269,16,0.085060,-0.057960,9.726684,-0.252795,-0.053582,-0.035612,9.730061,0.263715,0.077959,0.110592
7.949066,1.264000,0.029000,1.563000,1.237046,-0.037979,1.623222,1.310903,-0.020649,1.647675,-0.012820,0.001525,-0.752682,0.658257,0.184088,0.041249,0.019400,0.000204,-0.000480,0.001920,-0.002834,-0.002877,0.000270,17,0.136110,0.340082,9.915406,-0.215067,-0.096947,-0.011369,9.924399,0.241673,0.094018,0.108788
7.965745,1.263000,0.028000,1.563000,1.306482,-0.032492,1.730932,1.313149,-0.021143,1.651268,-0.013907,0.002164,-0.742889,0.669267,0.194278,0.041828,0.023607,0.000204,-0.000479,0.001890,-0.002834,-0.002877,0.000269,17,-0.110979,0.541229,9.822611,-0.154375,-0.087358,0.034592,9.839029,0.187424,0.183715,0.112788
7.982343,1.263000,0.028000,1.563000,1.268363,-0.031040,1.542277,1.313477,-0.021362,1.647392,-0.014393,0.002284,-0.735956,0.676873,0.200326,0.040241,0.015822,0.000204,-0.000479,0.001930,-0.002834,-0.002877,0.000269,17,0.036017,0.617705,9.672582,-0.113636,-0.075699,0.000151,9.694504,0.149501,0.062800,0.110030
7.998923,1.263000,0.027000,1.562000,1.298904,-0.025575,1.656004,1.315498,-0.020982,1.647974,-0.014238,0.002791,-0.733480,0.679556,0.205261,0.041360,0.015442,0.000204,-0.000479,0.001927,-0.002834,-0.002877,0.000269,16,0.026947,0.290129,9.763098,-0.064593,0.044661,-0.009912,9.768602,0.110630,0.113533,0.111578
8.015590,1.263000,0.027000,1.562000,1.237045,-0.009837,1.625314,1.313876,-0.017932,1.647391,-0.013441,0.002669,-0.751156,0.659982,0.196470,0.049890,0.015331,0.000204,-0.000477,0.001933,-0.002835,-0.002877,0.000270,17,-0.119919,0.093896,9.856805,-0.081772,0.106247,0.032086,9.858722,0.162699,0.077713,0.109082
8.032214,1.263000,0.026000,1.561000,1.295993,-0.043471,1.693473,1.315360,-0.020316,1.649456,-0.012026,0.004090,-0.724401,0.689262,0.200250,0.050204,0.017703,0.000204,-0.000476,0.001915,-0.002835,-0.002877,0.000269,17,-0.236268,0.261945,9.823970,-0.002772,0.171066,-0.005097,9.832982,0.176625,0.153179,0.112744
8.065453,1.262000,0.027000,1.561000,1.237706,-0.050384,1.700192,1.314997,-0.019395,1.652284,-0.010074,0.004339,-0.702071,0.712022,0.196461,0.042593,0.015511,0.000204,-0.000474,0.001892,-0.002836,-0.002877,0.000269,33,0.143011,0.165178,9.661390,0.014128,0.066241,0.022720,9.667499,0.134024,0.161099,0.115299
8.082073,1.262000,0.028000,1.560000,1.267135,-0.037180,1.660597,1.314589,-0.019715,1.652841,-0.009978,0.003745,-0.717730,0.696240,0.194280,0.043881,0.014757,0.000203,-0.000473,0.001889,-0.002837,-0.002878,0.000269,17,0.060525,0.365315,9.677559,-0.060452,-0.053231,-0.021501,9.686431,0.123141,0.119978,0.116883
8.098749,1.261000,0.027000,1.560000,1.248044,-0.018968,1.660933,1.313105,-0.018630,1.653361,-0.009338,0.002638,-0.715583,0.698460,0.189074,0.053476,0.014215,0.000204,-0.000470,0.001881,-0.002838,-0.002877,0.000269,17,-0.478903,0.257038,9.778502,0.043218,-0.015156,0.010573,9.796329,0.080028,0.111663,0.116247
8.115424,1.261000,0.028000,1.560000,1.273484,-0.030783,1.693702,1.313222,-0.018826,1.655267,-0.006858,0.002456,-0.709004,0.705167,0.184383,0.057869,0.018546,0.000204,-0.000469,0.001862,-0.002838,-0.002877,0.000270,17,-0.262103,0.143929,9.933917,0.170528,0.160131,0.031003,9.940469,0.239007,0.146586,0.118303
8.131964,1.260000,0.027000,1.559000,1.244146,-0.016966,1.571943,1.311689,-0.017281,1.652334,-0.004854,0.001890,-0.712928,0.701218,0.171460,0.060660,0.015985,0.000204,-0.000467,0.001899,-0.002840,-0.002877,0.000270,17,-0.110826,-0.195624,9.887474,0.115478,0.141164,-0.022536,9.890571,0.186945,0.048496,0.115515
8.165226,1.259000,0.027000,1.559000,1.313467,-0.037487,1.606382,1.317001,-0.017842,1.651066,-0.001923,0.002551,-0.694099,0.719872,0.167284,0.057844,0.018798,0.000203,-0.000467,0.001925,-0.002840,-0.002878,0.000269,33,-0.060484,-0.186030,9.965975,0.114747,0.117632,0.007186,9.972455,0.189581,0.096800,0.117690
8.198524,1.259000,0.027000,1.558000,1.245345,-0.023088,1.650180,1.316403,-0.015263,1.651721,-0.001722,0.002528,-0.703023,0.711160,0.156675,0.059433,0.023018,0.000202,-0.000463,0.001923,-0.002841,-0.002878,0.000269,34,-0.019425,0.065463,9.929687,-0.059810,0.008941,-0.006515,9.945960,0.102794,0.105795,0.117749
8.215079,1.258000,0.029000,1.558000,1.250176,-0.027021,1.612722,1.313943,-0.015503,1.650426,-0.000298,0.002074,-0.698997,0.715122,0.158779,0.055794,0.022333,0.000204,-0.000459,0.001943,-0.002843,-0.002877,0.000269,16,-0.074770,0.864184,9.905595,0.073501,0.098115,0.019144,9.944351,0.133224,0.078702,0.116845
8.248335,1.257000,0.028000,1.557000,1.238163,-0.062860,1.546132,1.311906,-0.016293,1.646907,0.003165,0.002135,-0.707564,0.706639,0.155148,0.043649,0.017800,0.000200,-0.000453,0.002009,-0.002846,-0.002878,0.000269,34,0.049947,0.356420,9.824725,0.073532,0.111689,-0.004223,9.834335,0.140370,0.093426,0.114279
8.264968,1.257000,0.029000,1.557000,1.264417,-0.040827,1.638324,1.311179,-0.019269,1.646666,0.004592,0.000252,-0.769636,0.638466,0.147515,0.032919,0.015980,0.000198,-0.000449,0.002013,-0.002847,-0.002879,0.000270,17,0.070189,0.495816,9.701201,0.024305,0.023430,-0.003275,9.716056,0.112281,0.107445,0.115348
8.281595,1.257000,0.031000,1.556000,1.308870,-0.024098,1.704207,1.312934,-0.019738,1.649276,0.005894,-0.002100,-0.848841,0.528610,0.140981,0.016195,0.017272,0.000194,-0.000452,0.001977,-0.002846,-0.002882,0.000270,17,0.063521,0.186931,9.699136,0.070858,-0.001619,-0.001127,9.702554,0.102142,0.166408,0.120014
8.298132,1.256000,0.030000,1.556000,1.281184,-0.003594,1.565257,1.313250,-0.018739,1.646026,-0.006601,0.003797,0.882107,-0.470988,0.131357,0.015581,0.013039,0.000191,-0.000451,0.002027,-0.002846,-0.002883,0.000269,16,-0.170682,0.058951,9.792406,0.075891,-0.005438,0.007758,9.794839,0.104649,0.042994,0.117294
8.314868,1.256000,0.031000,1.556000,1.233262,-0.014827,1.548843,1.310028,-0.017225,1.642196,-0.007738,0.005183,0.889066,-0.457685,0.119189,0.014235,0.007329,0.000189,-0.000447,0.002084,-0.002847,-0.002884,0.000270,17,0.033647,0.336827,9.737587,0.102850,0.021387,0.033725,9.745644,0.132209,0.051657,0.112580
8.331441,1.255000,0.031000,1.555000,1.232918,-0.044146,1.613368,1.306426,-0.018369,1.641087,-0.008471,0.005242,0.886478,-0.462664,0.105790,0.009964,0.006160,0.000185,-0.000443,0.002101,-0.002849,-0.002886,0.000270,17,0.017504,0.171567,9.812965,-0.003602,-0.000204,-0.019773,9.817011,0.061085,0.097680,0.111772
8.348091,1.255000,0.030000,1.555000,1.232333,-0.013937,1.654096,1.302515,-0.018813,1.641839,-0.009981,0.005917,0.887848,-0.459991,0.094187,0.011130,0.009647,0.000181,-0.000439,0.002088,-0.002851,-0.002887,0.000269,17,-0.066910,0.250423,9.974164,0.085133,0.080791,-0.021215,9.980051,0.126448,0.110744,0.110369
8.364709,1.254000,0.032000,1.555000,1.261652,-0.041985,1.594272,1.301122,-0.019950,1.640025,-0.011619,0.006080,0.886994,-0.461595,0.088363,0.003453,0.007579,0.000178,-0.000437,0.002118,-0.002851,-0.002889,0.000269,16,0.088407,0.402424,9.818132,0.091680,0.125842,-0.018390,9.830368,0.167797,0.084111,0.110221
8.397941,1.254000,0.031000,1.554000,1.225171,0.008589,1.638347,1.298355,-0.015908,1.640233,-0.012592,0.007719,0.909173,-0.416157,0.065734,0.016890,0.007638,0.000181,-0.000432,0.002114,-0.002854,-0.002888,0.000270,34,-0.197343,-0.025896,9.807204,0.015651,0.028035,-0.002743,9.813766,0.093416,0.091912,0.107721
8.414612,1.254000,0.032000,1.554000,1.220660,-0.021424,1.684130,1.293484,-0.017727,1.642178,-0.013700,0.007332,0.898430,-0.438842,0.054612,0.013159,0.010194,0.000174,-0.000427,0.002079,-0.002856,-0.002891,0.000268,17,-0.065604,0.340006,9.823546,0.012078,0.046308,-0.002976,9.831029,0.113843,0.144567,0.108661
8.431174,1.253000,0.033000,1.553000,1.274967,-0.034709,1.630581,1.293108,-0.017799,1.641845,-0.014232,0.007179,0.887905,-0.459750,0.049642,0.005448,0.008852,0.000175,-0.000423,0.002088,-0.002858,-0.002891,0.000268,14,0.071181,0.017088,9.757259,0.054018,0.040638,0.004953,9.759430,0.086525,0.105289,0.109921
8.447795,1.253000,0.034000,1.553000,1.249211,-0.015718,1.621104,1.290980,-0.016868,1.641103,-0.013270,0.006673,0.893091,-0.449631,0.037086,0.005045,0.005086,0.000174,-0.000421,0.002100,-0.002859,-0.002891,0.000268,17,0.124730,0.049067,9.640417,-0.174416,-0.089397,-0.001291,9.642026,0.202793,0.084406,0.108592
8.464455,1.253000,0.032000,1.553000,1.278274,-0.029536,1.686418,1.290445,-0.017504,1.642990,-0.013069,0.006239,0.892872,-0.450078,0.037079,0.001432,0.009492,0.000173,-0.000420,0.002070,-0.002860,-0.002892,0.000268,17,-0.149857,0.421153,9.948037,-0.072772,-0.023238,-0.045042,9.960487,0.150722,0.149083,0.109320
8.481103,1.253000,0.034000,1.552000,1.248799,0.023881,1.560759,1.289077,-0.013741,1.639949,-0.013960,0.007766,0.904852,-0.425427,0.030683,0.011055,0.008146,0.000176,-0.000417,0.002122,-0.002861,-0.002890,0.000269,17,-0.262467,0.212094,9.939206,0.114042,0.054365,-0.023999,9.951031,0.147495,0.014027,0.106376
8.497696,1.252000,0.033000,1.552000,1.252855,-0.036363,1.661209,1.286896,-0.014818,1.640880,-0.015435,0.009143,0.902211,-0.430922,0.021536,0.008711,0.011272,0.000173,-0.000415,0.002107,-0.002862,-0.002892,0.000269,17,-0.061043,0.071311,9.947934,0.217954,0.048172,0.008129,9.951835,0.227984,0.129378,0.106789
8.514291,1.253000,0.034000,1.552000,1.217335,-0.020760,1.586627,1.282969,-0.013755,1.638948,-0.016759,0.010388,0.907313,-0.419994,0.004171,0.015872,0.013659,0.000168,-0.000412,0.002143,-0.002863,-0.002894,0.000269,16,-0.069977,-0.177132,10.114843,0.148812,0.055058,0.023072,10.118489,0.184919,0.073957,0.103627
8.530975,1.252000,0.035000,1.551000,1.225284,-0.021674,1.613390,1.279508,-0.013552,1.638146,-0.018190,0.011005,0.909580,-0.414986,-0.007881,0.014343,0.017470,0.000167,-0.000408,0.002158,-0.002866,-0.002895,0.000269,17,-0.091478,0.111910,10.123966,0.085588,0.113453,-0.022582,10.127556,0.159927,0.088420,0.103481
8.547571,1.252000,0.035000,1.551000,1.261610,-0.008359,1.720088,1.277595,-0.012849,1.641645,-0.019028,0.011790,0.920742,-0.389530,-0.018545,0.018548,0.025340,0.000168,-0.000407,0.002100,-0.002866,-0.002894,0.000269,17,-0.041045,0.057529,10.087812,0.047845,0.085131,-0.000288,10.089805,0.108427,0.174823,0.105646
8.564232,1.252000,0.035000,1.551000,1.260050,0.003894,1.682671,1.276097,-0.014362,1.643829,-0.019985,0.011629,0.905177,-0.424404,-0.021296,0.022627,0.027672,0.000166,-0.000403,0.002066,-0.002869,-0.002896,0.000268,17,-0.035756,0.291367,9.857796,0.081477,0.063138,0.037805,9.865299,0.115214,0.135534,0.107863
8.580829,1.252000,0.035000,1.551000,1.263922,-0.052701,1.661068,1.275089,-0.015625,1.644817,-0.020299,0.010455,0.879246,-0.475821,-0.024853,0.001139,0.025659,0.000163,-0.000397,0.002059,-0.002872,-0.002897,0.000267,16,-0.009972,0.100933,9.649434,0.027018,-0.022782,-0.020715,9.651260,0.055285,0.141240,0.109076
8.597363,1.252000,0.035000,1.551000,1.267158,-0.013795,1.606903,1.273325,-0.015684,1.643678,-0.020551,0.012788,0.918748,-0.394101,-0.040623,0.013561,0.020183,0.000169,-0.000405,0.002084,-0.002868,-0.002894,0.000270,17,-0.093059,-0.083853,9.553145,0.066958,0.033404,-0.037020,9.554608,0.106017,0.075735,0.107763
8.614127,1.253000,0.035000,1.551000,1.239767,-0.036838,1.637412,1.270477,-0.016047,1.643667,-0.020309,0.011983,0.918933,-0.393708,-0.054197,0.014662,0.015219,0.000163,-0.000406,0.002089,-0.002867,-0.002897,0.000270,17,0.098388,-0.041033,9.545560,-0.096931,-0.024623,0.037270,9.547378,0.164720,0.113150,0.107231
8.630721,1.253000,0.036000,1.550000,1.265105,0.003559,1.621612,1.269213,-0.014672,1.643115,-0.018619,0.012111,0.935105,-0.353673,-0.063411,0.012789,0.014070,0.000166,-0.000408,0.002103,-0.002866,-0.002896,0.000269,17,0.268118,0.409179,9.785096,-0.154239,-0.142504,-0.041515,9.801852,0.225209,0.079544,0.107242
8.647339,1.253000,0.035000,1.550000,1.225103,-0.027082,1.607050,1.265714,-0.014773,1.641961,-0.017957,0.012193,0.937286,-0.347885,-0.065320,0.011388,0.012391,0.000159,-0.000409,0.002128,-0.002865,-0.002899,0.000269,17,-0.242565,0.552112,9.782117,-0.032517,-0.108067,-0.025084,9.801898,0.126251,0.088810,0.105337
8.663932,1.253000,0.036000,1.550000,1.265660,-0.017396,1.620143,1.264732,-0.014848,1.641348,-0.017354,0.012452,0.936617,-0.349703,-0.070158,0.011549,0.011248,0.000158,-0.000409,0.002145,-0.002865,-0.002900,0.000269,16,-0.027593,0.089744,9.796420,0.007603,-0.088968,0.004079,9.799089,0.099017,0.089058,0.105203
8.680670,1.254000,0.037000,1.549000,1.235550,0.000194,1.650421,1.261698,-0.013613,1.641863,-0.016768,0.013174,0.948778,-0.315224,-0.081584,0.012476,0.011883,0.000160,-0.000409,0.002135,-0.002865,-0.002899,0.000269,17,0.095585,0.334844,9.818547,-0.014990,-0.065908,0.006514,9.825832,0.080071,0.109459,0.106040
8.697215,1.254000,0.037000,1.549000,1.215444,-0.019504,1.528578,1.258108,-0.013313,1.637897,-0.016506,0.012764,0.949298,-0.313685,-0.087191,0.012043,0.006614,0.000154,-0.000408,0.002217,-0.002864,-0.002902,0.000269,17,-0.113629,0.372353,9.755805,-0.065526,-0.047208,-0.023950,9.765411,0.097595,0.071388,0.102230
8.713820,1.254000,0.036000,1.549000,1.207101,-0.006763,1.598319,1.253675,-0.013636,1.636603,-0.015349,0.012601,0.954941,-0.296129,-0.095463,0.011856,0.005664,0.000154,-0.000400,0.002244,-0.002868,-0.002901,0.000269,17,-0.008355,0.324132,9.835005,-0.133732,-0.111983,-0.043944,9.842271,0.193929,0.080378,0.100689
8.730414,1.255000,0.037000,1.548000,1.257231,-0.008500,1.620498,1.252574,-0.013157,1.636149,-0.015021,0.013899,0.955692,-0.293656,-0.097777,0.011427,0.008377,0.000155,-0.000401,0.002256,-0.002868,-0.002900,0.000270,16,-0.064289,0.264844,10.015072,0.139445,-0.085301,0.004618,10.019906,0.169856,0.085622,0.101449
8.747048,1.255000,0.037000,1.548000,1.252845,-0.060976,1.685179,1.250539,-0.015981,1.637952,-0.014632,0.014729,0.951198,-0.307882,-0.101803,0.008605,0.011604,0.000149,-0.000404,0.002223,-0.002867,-0.002904,0.000269,17,-0.158092,-0.001483,9.917414,0.124636,-0.122670,0.030107,9.920799,0.185037,0.168588,0.104490
8.763672,1.255000,0.035000,1.548000,1.225499,-0.021443,1.583449,1.247658,-0.015483,1.636200,-0.014646,0.014458,0.950219,-0.310903,-0.108638,0.018048,0.013951,0.000142,-0.000408,0.002263,-0.002864,-0.002908,0.000269,17,-0.234033,-0.185800,10.089560,-0.007227,-0.025802,0.006054,10.094457,0.083515,0.072889,0.101891
8.780394,1.256000,0.035000,1.548000,1.299778,-0.024807,1.581047,1.248910,-0.016813,1.634540,-0.014506,0.013580,0.944122,-0.328998,-0.107216,0.017206,0.016054,0.000145,-0.000411,0.002310,-0.002862,-0.002907,0.000269,17,-0.098583,-0.049961,10.067396,-0.065006,0.009073,-0.015875,10.069047,0.087559,0.081151,0.101114
8.796880,1.256000,0.037000,1.548000,1.256471,-0.009522,1.580465,1.247935,-0.016447,1.632898,-0.014746,0.013860,0.943229,-0.331527,-0.105862,0.017104,0.012960,0.000147,-0.000410,0.002352,-0.002862,-0.002906,0.000268,16,-0.163130,0.342766,9.729095,0.047281,0.019276,0.009094,9.737145,0.079170,0.056731,0.100645
8.813518,1.257000,0.035000,1.548000,1.242330,0.011163,1.653279,1.246179,-0.014432,1.633869,-0.014190,0.013651,0.945719,-0.324387,-0.113139,0.020680,0.014841,0.000150,-0.000408,0.002334,-0.002863,-0.002904,0.000269,17,0.181095,0.126338,9.888108,-0.068834,-0.036205,0.019857,9.891598,0.122131,0.108936,0.099670
8.830205,1.257000,0.036000,1.548000,1.221279,-0.012804,1.630604,1.243081,-0.013735,1.633943,-0.013159,0.013497,0.947302,-0.319788,-0.120209,0.016656,0.011085,0.000149,-0.000406,0.002335,-0.002864,-0.002905,0.000269,17,0.263746,0.415717,9.584810,-0.074948,-0.118891,0.006391,9.600058,0.155699,0.102378,0.100267
8.846826,1.258000,0.035000,1.547000,1.260407,-0.030176,1.585318,1.242088,-0.014935,1.632409,-0.011305,0.012472,0.944220,-0.328884,-0.119899,0.006614,0.006943,0.000148,-0.000409,0.002376,-0.002863,-0.002905,0.000268,17,0.189702,0.534821,9.658755,-0.172910,-0.184687,-0.002061,9.678500,0.258567,0.075644,0.100207
8.863390,1.258000,0.035000,1.548000,1.245303,-0.029594,1.587779,1.240370,-0.015914,1.630967,-0.009649,0.011625,0.942302,-0.334423,-0.116600,0.002146,0.005850,0.000146,-0.000411,0.002414,-0.002862,-0.002907,0.000268,17,-0.160615,0.463191,9.827701,-0.153842,-0.166613,0.001205,9.840572,0.231007,0.076916,0.098927
8.880016,1.259000,0.036000,1.547000,1.287919,-0.023486,1.601982,1.240973,-0.017087,1.630089,-0.008408,0.011223,0.938336,-0.345439,-0.110493,-0.000481,0.003205,0.000149,-0.000415,0.002441,-0.002859,-0.002905,0.000268,16,-0.043576,0.243189,9.702498,-0.073464,-0.121996,-0.001728,9.707340,0.144936,0.086011,0.100234
8.896634,1.259000,0.035000,1.547000,1.234971,-0.075798,1.603411,1.238241,-0.020213,1.629126,-0.007523,0.011176,0.942377,-0.334282,-0.114409,-0.008109,-0.000809,0.000140,-0.000421,0.002468,-0.002854,-0.002909,0.000269,17,-0.065973,0.142101,9.627210,-0.024980,-0.127226,0.013143,9.629663,0.132128,0.126632,0.101114
8.913322,1.259000,0.034000,1.547000,1.243080,-0.006741,1.620176,1.236924,-0.019667,1.628827,-0.006501,0.011341,0.942461,-0.334059,-0.112482,-0.002179,-0.002094,0.000143,-0.000420,0.002475,-0.002855,-0.002908,0.000269,17,-0.273539,0.076332,9.744992,-0.026302,-0.117940,0.023672,9.750535,0.140783,0.085252,0.100316
8.929900,1.260000,0.034000,1.547000,1.224877,0.001769,1.585220,1.234822,-0.018377,1.627352,-0.006646,0.011619,0.943968,-0.329765,-0.113645,0.005470,-0.003482,0.000145,-0.000418,0.002509,-0.002856,-0.002906,0.000269,17,-0.214761,-0.003099,9.816060,0.025228,0.011003,0.029041,9.820575,0.053313,0.061100,0.099165
8.946503,1.260000,0.035000,1.547000,1.228695,-0.007886,1.527093,1.233056,-0.017837,1.623954,-0.006695,0.011525,0.943953,-0.329812,-0.119194,0.010005,-0.006088,0.000147,-0.000416,0.002591,-0.002856,-0.002905,0.000269,16,0.091881,-0.162907,9.871037,-0.012660,0.010857,0.008099,9.874820,0.076468,0.056706,0.097158
8.963129,1.261000,0.036000,1.546000,1.274804,-0.023688,1.725648,1.233116,-0.018342,1.627294,-0.006489,0.011244,0.941559,-0.336599,-0.117145,0.012463,-0.001442,0.000150,-0.000420,0.002509,-0.002854,-0.002903,0.000269,17,-0.132061,-0.020376,9.874398,-0.032166,-0.008364,0.015962,9.877331,0.069611,0.189807,0.101682
8.996434,1.261000,0.034000,1.546000,1.248118,-0.019475,1.539120,1.230469,-0.018518,1.624273,-0.007800,0.013142,0.939302,-0.342752,-0.116694,0.012260,-0.001218,0.000152,-0.000422,0.002590,-0.002853,-0.002902,0.000269,34,-0.027377,0.195624,9.908159,0.135416,0.033521,0.010830,9.914214,0.143850,0.055433,0.099080
9.013060,1.262000,0.034000,1.547000,1.265302,-0.038849,1.580132,1.230532,-0.020009,1.622747,-0.008542,0.013714,0.935576,-0.352756,-0.117519,0.015180,-0.000407,0.000151,-0.000429,0.002634,-0.002849,-0.002903,0.000269,16,-0.129215,-0.214440,9.971839,0.119403,0.055171,0.011713,9.976104,0.158099,0.080097,0.098208
9.029624,1.262000,0.034000,1.546000,1.255409,-0.027604,1.601714,1.230104,-0.020475,1.622046,-0.009194,0.013801,0.933402,-0.358448,-0.117060,0.019422,0.001369,0.000153,-0.000434,0.002656,-0.002846,-0.002902,0.000269,17,-0.211665,-0.051036,9.967744,0.051098,0.067458,0.013535,9.971825,0.094738,0.083322,0.098833
9.046340,1.262000,0.034000,1.546000,1.253950,-0.008073,1.576428,1.229878,-0.019689,1.620590,-0.010336,0.014361,0.933344,-0.358547,-0.117953,0.027786,0.002597,0.000156,-0.000436,0.002698,-0.002843,-0.002899,0.000269,17,-0.190753,-0.147458,9.995557,0.120733,0.114935,-0.003218,9.999285,0.168377,0.052544,0.097355
9.062923,1.262000,0.034000,1.546000,1.257252,-0.016769,1.680494,1.229358,-0.019241,1.622664,-0.010633,0.014640,0.931668,-0.362859,-0.123941,0.036180,0.001930,0.000160,-0.000439,0.002644,-0.002843,-0.002897,0.000268,17,-0.067557,-0.395448,9.662816,0.051760,0.025498,0.034679,9.672600,0.098267,0.143835,0.098881
9.079564,1.262000,0.034000,1.546000,1.257950,-0.065217,1.617954,1.228313,-0.021492,1.622450,-0.010133,0.014084,0.930080,-0.366947,-0.131157,0.035065,-0.001858,0.000153,-0.000451,0.002655,-0.002835,-0.002901,0.000269,17,0.115850,-0.253973,9.610690,-0.062283,-0.050960,0.003899,9.616861,0.093902,0.122628,0.100293
9.096137,1.263000,0.034000,1.546000,1.227503,-0.003200,1.557008,1.226472,-0.020279,1.620264,-0.008311,0.013549,0.930456,-0.366058,-0.134104,0.042212,-0.005636,0.000157,-0.000449,0.002714,-0.002836,-0.002898,0.000269,16,-0.052568,-0.094358,9.717189,-0.154352,-0.180707,-0.060437,9.722926,0.248268,0.052584,0.098973
9.112773,1.263000,0.033000,1.545000,1.282941,-0.047097,1.644514,1.227158,-0.021604,1.620960,-0.006592,0.013823,0.927334,-0.373920,-0.129557,0.040093,-0.006680,0.000158,-0.000460,0.002697,-0.002830,-0.002898,0.000270,17,-0.134140,0.204604,9.692505,-0.030954,-0.218496,0.019844,9.697378,0.226417,0.129291,0.100180
9.129451,1.263000,0.034000,1.545000,1.250023,-0.015014,1.586595,1.226559,-0.021565,1.619783,-0.004903,0.014823,0.923625,-0.382979,-0.129205,0.046276,-0.008298,0.000164,-0.000459,0.002730,-0.002831,-0.002893,0.000269,17,-0.109542,-0.053952,9.786581,0.032190,-0.229112,0.034025,9.787865,0.236549,0.065581,0.100039
9.146054,1.263000,0.035000,1.544000,1.280209,-0.015602,1.597988,1.229305,-0.020396,1.618896,-0.004450,0.016032,0.905292,-0.424464,-0.127687,0.048736,-0.008378,0.000163,-0.000457,0.002752,-0.002832,-0.002895,0.000270,17,-0.234873,-0.078278,9.857212,0.095267,-0.148933,-0.026101,9.862561,0.187055,0.075970,0.099063
9.162634,1.264000,0.035000,1.544000,1.271654,-0.029764,1.603756,1.229788,-0.019877,1.618242,-0.004466,0.016910,0.897406,-0.440859,-0.128324,0.054705,-0.008987,0.000165,-0.000463,0.002770,-0.002829,-0.002892,0.000269,15,-0.340065,-0.229816,9.819968,0.113602,-0.057430,0.018623,9.830445,0.137239,0.088451,0.098458
9.179275,1.264000,0.035000,1.543000,1.254194,-0.054620,1.623468,1.228661,-0.021155,1.618227,-0.003801,0.015775,0.895359,-0.445049,-0.132325,0.057164,-0.010490,0.000158,-0.000472,0.002770,-0.002824,-0.002895,0.000269,17,-0.073202,-0.215829,9.716406,-0.145115,-0.027139,0.009060,9.720190,0.156273,0.120842,0.100307
9.195898,1.263000,0.032000,1.543000,1.305839,-0.018129,1.592957,1.230593,-0.020841,1.617276,-0.002585,0.014869,0.890697,-0.454346,-0.126649,0.057102,-0.011942,0.000168,-0.000485,0.002798,-0.002816,-0.002889,0.000269,17,-0.002590,0.168287,9.764989,-0.153250,-0.078556,-0.084976,9.771417,0.206739,0.082727,0.096744
9.229148,1.263000,0.033000,1.542000,1.260158,-0.029146,1.600411,1.228448,-0.019914,1.616249,-0.002590,0.014219,0.884369,-0.466565,-0.121453,0.068679,-0.014836,0.000166,-0.000492,0.002818,-0.002812,-0.002894,0.000272,34,-0.244586,0.089749,9.746254,-0.035568,0.009897,0.025883,9.757292,0.104473,0.085335,0.097502
9.245727,1.263000,0.031000,1.542000,1.281356,-0.031972,1.628110,1.229286,-0.020080,1.616433,-0.002750,0.012452,0.878612,-0.477366,-0.121468,0.070756,-0.012861,0.000168,-0.000503,0.002811,-0.002806,-0.002891,0.000271,16,-0.061158,-0.075981,9.915964,-0.176905,0.122002,-0.022278,9.919691,0.224847,0.108247,0.096364
9.262414,1.262000,0.031000,1.542000,1.233402,-0.025641,1.539269,1.228130,-0.019073,1.613662,-0.003295,0.011164,0.870782,-0.491532,-0.122985,0.073460,-0.010742,0.000164,-0.000503,0.002889,-0.002806,-0.002890,0.000270,17,-0.213053,0.026270,10.105675,-0.117102,0.128082,-0.010235,10.109466,0.187127,0.063510,0.093755
9.279051,1.262000,0.030000,1.542000,1.240802,-0.007690,1.609445,1.227030,-0.017259,1.613400,-0.003656,0.009231,0.872546,-0.488430,-0.129332,0.080376,-0.007061,0.000169,-0.000507,0.002894,-0.002803,-0.002887,0.000271,17,-0.044142,-0.383348,10.053820,-0.181153,0.160469,0.041899,10.062028,0.258635,0.080117,0.092489
9.295664,1.262000,0.031000,1.542000,1.268716,-0.024546,1.643670,1.226929,-0.016737,1.614311,-0.003475,0.006447,0.871405,-0.490509,-0.130053,0.079161,-0.004127,0.000171,-0.000518,0.002867,-0.002796,-0.002886,0.000271,17,0.118675,-0.049348,9.929314,-0.289443,0.145807,-0.018933,9.934492,0.330030,0.116048,0.093475
9.312229,1.261000,0.031000,1.541000,1.240045,-0.044620,1.640349,1.225274,-0.017150,1.615079,-0.002040,0.003319,0.871417,-0.490527,-0.129612,0.075245,-0.002598,0.000163,-0.000526,0.002845,-0.002792,-0.002891,0.000272,16,0.053690,0.126932,9.853431,-0.427839,0.023130,-0.040714,9.866486,0.433496,0.126601,0.095303
9.328874,1.261000,0.030000,1.541000,1.257124,-0.043517,1.519454,1.224842,-0.017935,1.611871,-0.000309,0.000831,0.870464,-0.492232,-0.113929,0.063017,-0.003797,0.000156,-0.000540,0.002947,-0.002782,-0.002894,0.000273,17,0.043238,0.998740,9.928818,-0.358222,-0.041508,-0.026402,9.982106,0.374408,0.076708,0.092886
9.345550,1.261000,0.030000,1.541000,1.239779,-0.032347,1.537916,1.223889,-0.018049,1.609374,-0.000266,-0.000293,0.869965,-0.493113,-0.098384,0.054251,-0.004949,0.000151,-0.000548,0.003025,-0.002776,-0.002897,0.000274,17,-0.097683,0.974714,9.891915,-0.119569,0.059717,0.019777,9.942127,0.138876,0.065931,0.091438
9.362167,1.260000,0.030000,1.541000,1.273161,-0.019833,1.527396,1.224929,-0.017818,1.606606,-0.000179,-0.002190,0.867640,-0.497188,-0.092353,0.054198,-0.009927,0.000155,-0.000562,0.003113,-0.002767,-0.002894,0.000274,17,-0.134530,0.043296,9.679110,-0.189843,0.113652,0.035726,9.683829,0.236221,0.053307,0.088435
9.378728,1.260000,0.030000,1.540000,1.242419,-0.050797,1.620010,1.223989,-0.018959,1.606834,-0.000013,-0.004363,0.868853,-0.495051,-0.093938,0.048146,-0.011807,0.000145,-0.000573,0.003104,-0.002759,-0.002900,0.000276,16,0.192688,-0.115741,9.663340,-0.242079,0.101850,-0.000195,9.666324,0.266018,0.115060,0.090336
9.395417,1.259000,0.030000,1.540000,1.301727,-0.048936,1.551258,1.226165,-0.020502,1.604771,0.000929,-0.006243,0.866966,-0.498327,-0.082807,0.040705,-0.016126,0.000142,-0.000599,0.003170,-0.002742,-0.002901,0.000277,17,-0.024214,0.264977,9.662706,-0.233050,0.020520,-0.008183,9.667505,0.240733,0.090461,0.088452
9.412031,1.259000,0.030000,1.540000,1.241276,-0.040937,1.573680,1.225404,-0.021168,1.603476,0.002494,-0.008922,0.868264,-0.496016,-0.081171,0.040362,-0.018228,0.000135,-0.000608,0.003205,-0.002736,-0.002905,0.000278,17,-0.171180,-0.171065,9.740733,-0.379290,-0.022495,-0.016546,9.745026,0.385477,0.080502,0.088182
9.428663,1.258000,0.031000,1.540000,1.246884,-0.030902,1.608611,1.225017,-0.021314,1.603332,0.004628,-0.011581,0.869508,-0.493762,-0.077170,0.035398,-0.018439,0.000133,-0.000617,0.003202,-0.002730,-0.002905,0.000278,17,0.073090,0.023247,9.788186,-0.405642,-0.072270,0.012395,9.789069,0.420849,0.093075,0.088519
9.445256,1.258000,0.031000,1.540000,1.256453,-0.045430,1.564249,1.225099,-0.022398,1.601733,0.006449,-0.013371,0.870379,-0.492158,-0.070139,0.029223,-0.019470,0.000127,-0.000632,0.003248,-0.002720,-0.002909,0.000280,17,-0.008412,0.076178,9.834452,-0.285452,-0.098217,-0.005612,9.835165,0.303796,0.080199,0.088004
9.461834,1.257000,0.032000,1.539000,1.302601,-0.021854,1.643569,1.227697,-0.022701,1.602830,0.008019,-0.015496,0.866046,-0.499660,-0.058038,0.029394,-0.014369,0.000141,-0.000651,0.003211,-0.002709,-0.002899,0.000278,16,-0.197082,-0.023323,10.054725,-0.312614,-0.004103,0.033779,10.058274,0.319304,0.126152,0.089023
9.478483,1.257000,0.033000,1.539000,1.215210,-0.028631,1.576465,1.226149,-0.022644,1.601799,0.008876,-0.017654,0.867784,-0.496549,-0.052255,0.024896,-0.009574,0.000136,-0.000650,0.003238,-0.002709,-0.002902,0.000279,17,-0.031695,0.099665,10.167213,-0.295236,0.016944,-0.020328,10.168530,0.301478,0.083357,0.089396
9.495120,1.257000,0.033000,1.540000,1.249221,-0.026621,1.509523,1.226560,-0.022802,1.598712,0.010789,-0.019602,0.867350,-0.497195,-0.038730,0.018102,-0.008460,0.000136,-0.000658,0.003336,-0.002702,-0.002901,0.000279,17,-0.061896,0.364173,10.090309,-0.314680,-0.082364,-0.010532,10.097838,0.328256,0.067409,0.086531
9.528346,1.255000,0.036000,1.539000,1.273349,-0.019464,1.577334,1.229183,-0.021663,1.597738,-0.013986,0.020651,-0.852428,0.522249,-0.009477,0.017697,-0.008849,0.000134,-0.000665,0.003360,-0.002702,-0.002915,0.000281,33,-0.136407,0.248594,9.852899,-0.159758,-0.083540,0.002407,9.872152,0.204050,0.069874,0.086265
9.547011,1.255000,0.039000,1.539000,1.227579,-0.027765,1.591147,1.230564,-0.020790,1.597328,-0.015070,0.020534,-0.821810,0.569193,0.000221,0.019489,-0.009972,0.000115,-0.000651,0.003365,-0.002714,-0.002929,0.000280,19,-0.197796,0.164369,9.773829,-0.075403,0.080942,-0.054082,9.781479,0.137126,0.089044,0.087029
9.563738,1.254000,0.040000,1.539000,1.241619,-0.020653,1.522062,1.230989,-0.020670,1.594663,-0.014610,0.020105,-0.817528,0.575352,0.012947,0.018887,-0.014838,0.000101,-0.000654,0.003449,-0.002709,-0.002926,0.000280,17,-0.111355,0.136281,9.686870,0.078476,0.056987,0.034871,9.689445,0.122670,0.064179,0.085491
9.580329,1.253000,0.043000,1.539000,1.234257,-0.015001,1.542546,1.231489,-0.020167,1.592712,-0.014003,0.020213,-0.817146,0.575906,0.018213,0.020676,-0.018007,0.000102,-0.000655,0.003506,-0.002708,-0.002925,0.000280,17,-0.179562,-0.228817,9.719986,0.031149,0.069437,0.035835,9.725301,0.110159,0.061058,0.085661
9.596947,1.253000,0.044000,1.539000,1.220445,-0.002499,1.550282,1.231474,-0.018848,1.591031,-0.014110,0.020493,-0.816059,0.577433,0.022625,0.022082,-0.023660,0.000109,-0.000649,0.003550,-0.002711,-0.002921,0.000279,17,-0.074398,-0.183344,9.555274,-0.042373,0.020578,-0.015882,9.558018,0.071766,0.057873,0.084383
9.613555,1.252000,0.047000,1.538000,1.237608,-0.012528,1.575791,1.232249,-0.018258,1.590164,-0.014234,0.020057,-0.815700,0.577953,0.032137,0.020441,-0.025413,0.000112,-0.000651,0.003567,-0.002710,-0.002919,0.000279,16,-0.058780,0.094656,9.746575,0.034526,-0.042169,-0.006887,9.747975,0.063935,0.071964,0.085847
9.630213,1.251000,0.049000,1.538000,1.264406,-0.039624,1.580118,1.234160,-0.019420,1.589411,-0.013745,0.019352,-0.817928,0.574830,0.042336,0.015401,-0.025076,0.000103,-0.000666,0.003582,-0.002700,-0.002924,0.000280,17,-0.072220,0.025424,9.867762,0.117569,-0.026569,0.014302,9.868901,0.130734,0.099034,0.087224
9.646834,1.251000,0.053000,1.538000,1.232942,0.005995,1.604246,1.235034,-0.017708,1.589519,-0.013134,0.018598,-0.814994,0.579022,0.049020,0.017224,-0.024984,0.000115,-0.000661,0.003563,-0.002703,-0.002916,0.000279,17,-0.038174,-0.044328,9.795531,0.113762,0.032995,0.025736,9.797766,0.136767,0.083211,0.088931
9.663428,1.250000,0.056000,1.538000,1.237484,-0.002233,1.604533,1.236032,-0.016522,1.589646,-0.013068,0.018907,-0.813131,0.581627,0.047758,0.022533,-0.021818,0.000123,-0.000659,0.003545,-0.002705,-0.002911,0.000278,17,-0.151437,-0.603937,9.952111,-0.028187,0.042556,0.007687,9.971863,0.103760,0.089299,0.090121
9.680054,1.249000,0.059000,1.537000,1.226037,0.051052,1.578822,1.236375,-0.012466,1.589044,-0.014007,0.019035,-0.803815,0.594409,0.053646,0.028211,-0.018013,0.000152,-0.000651,0.003549,-0.002714,-0.002902,0.000276,16,0.010477,0.131705,10.084324,-0.101100,-0.021318,-0.024547,10.092020,0.123763,0.048369,0.089305
9.696618,1.248000,0.062000,1.537000,1.260606,0.013295,1.610284,1.238792,-0.010341,1.589480,-0.013316,0.018268,-0.800027,0.599538,0.068512,0.030044,-0.014240,0.000150,-0.000655,0.003525,-0.002712,-0.002905,0.000275,17,-0.128179,0.318018,10.031179,0.125406,0.021466,0.026578,10.043501,0.138127,0.088891,0.089845
9.713303,1.247000,0.067000,1.537000,1.205893,0.017604,1.519620,1.238657,-0.008158,1.587083,-0.012181,0.017100,-0.795784,0.605217,0.080327,0.029970,-0.015559,0.000159,-0.000640,0.003597,-0.002722,-0.002898,0.000273,17,0.038586,0.472697,9.894278,0.185113,0.055671,0.022619,9.907174,0.199598,0.066572,0.090700
9.729936,1.246000,0.069000,1.536000,1.220466,-0.008001,1.532576,1.239171,-0.007619,1.585105,-0.011323,0.016501,-0.795349,0.605821,0.085014,0.026818,-0.018290,0.000156,-0.000634,0.003656,-0.002726,-0.002900,0.000273,17,0.077916,0.014377,9.757840,0.114702,0.035674,0.018740,9.759514,0.132976,0.081197,0.091260
9.748680,1.246000,0.074000,1.537000,1.200503,0.022218,1.415607,1.239148,-0.005883,1.579376,-0.012154,0.016139,-0.792345,0.609739,0.090716,0.028501,-0.023344,0.000179,-0.000621,0.003838,-0.002732,-0.002870,0.000270,19,0.048607,-0.029589,9.835009,-0.024275,-0.032287,0.024305,9.835501,0.093298,0.139598,0.090686
9.765269,1.245000,0.080000,1.536000,1.246948,0.019234,1.617097,1.241047,-0.004038,1.580247,-0.012966,0.016279,-0.789392,0.613536,0.098562,0.028982,-0.022217,0.000192,-0.000620,0.003794,-0.002733,-0.002862,0.000269,16,0.080113,0.096335,9.815460,-0.078197,-0.048707,0.010472,9.817272,0.151058,0.101356,0.095057
9.781853,1.244000,0.083000,1.536000,1.213845,0.000719,1.592090,1.241791,-0.003013,1.580322,-0.012699,0.015246,-0.787732,0.615699,0.107064,0.026631,-0.021014,0.000192,-0.000606,0.003777,-0.002743,-0.002862,0.000268,17,0.068840,0.331592,9.875923,0.105915,-0.044297,0.004845,9.885521,0.125824,0.104046,0.096786
9.798553,1.243000,0.089000,1.536000,1.184986,0.073024,1.485845,1.240955,0.001902,1.577059,-0.011467,0.013392,-0.780698,0.624660,0.117953,0.036222,-0.022866,0.000223,-0.000580,0.003873,-0.002763,-0.002840,0.000265,17,-0.142679,0.427159,9.886666,0.248479,0.030072,0.001859,9.901307,0.255742,0.078335,0.096313
9.815152,1.242000,0.092000,1.535000,1.228170,0.026712,1.489728,1.242538,0.003831,1.573951,-0.010063,0.012276,-0.777884,0.628207,0.125194,0.034523,-0.027912,0.000231,-0.000575,0.003967,-0.002767,-0.002834,0.000264,17,0.213064,0.208782,9.686582,0.209500,0.063433,0.018236,9.693215,0.221964,0.080644,0.096391
9.831734,1.241000,0.098000,1.535000,1.209392,0.007054,1.604033,1.242875,0.004896,1.574472,-0.009497,0.011815,-0.775024,0.631750,0.133492,0.033498,-0.030442,0.000230,-0.000559,0.003930,-0.002778,-0.002836,0.000263,16,0.072041,0.429202,9.598934,0.079055,0.027580,0.022111,9.610786,0.097209,0.118473,0.101143
9.848352,1.241000,0.102000,1.535000,1.235105,0.051009,1.586631,1.243900,0.008743,1.574459,-0.009138,0.010935,-0.758875,0.651081,0.133948,0.042030,-0.031887,0.000218,-0.000564,0.003914,-0.002777,-0.002858,0.000262,17,0.054038,0.040497,9.688609,0.094764,-0.026886,0.004095,9.691539,0.128331,0.072806,0.101303
9.864971,1.240000,0.109000,1.534000,1.198299,0.050128,1.559998,1.243865,0.012017,1.573465,-0.010184,0.009660,-0.751820,0.659219,0.139911,0.052870,-0.033028,0.000251,-0.000547,0.003922,-0.002790,-0.002821,0.000258,17,-0.048360,0.109032,9.773269,0.041045,-0.113257,0.001796,9.774889,0.137437,0.076686,0.104776
9.881657,1.239000,0.114000,1.534000,1.287564,0.070459,1.484711,1.248727,0.015572,1.570176,-0.010659,0.008944,-0.747257,0.664390,0.151435,0.062494,-0.035145,0.000274,-0.000564,0.004018,-0.002778,-0.002803,0.000257,17,-0.164824,0.121020,9.858766,0.038038,-0.072709,0.011754,9.862769,0.140143,0.081754,0.105316
9.898258,1.238000,0.119000,1.534000,1.216632,0.088366,1.564883,1.248858,0.021892,1.569569,-0.009415,0.007633,-0.724342,0.689335,0.148269,0.081933,-0.032214,0.000272,-0.000560,0.004016,-0.002785,-0.002818,0.000255,17,-0.139255,0.006207,9.992201,0.189929,0.040975,0.001468,9.994970,0.206123,0.048465,0.103986
9.914833,1.237000,0.127000,1.534000,1.211650,0.062725,1.525176,1.249819,0.026207,1.567649,-0.008725,0.006651,-0.716071,0.697941,0.152461,0.091204,-0.033932,0.000301,-0.000553,0.004058,-0.002789,-0.002784,0.000251,16,0.135679,-0.009722,9.791797,0.168438,0.060818,0.016804,9.796620,0.191578,0.069655,0.107031
9.931465,1.236000,0.130000,1.534000,1.218720,0.042366,1.589211,1.249625,0.028198,1.567974,-0.008567,0.006379,-0.712640,0.701449,0.154770,0.092194,-0.032593,0.000307,-0.000537,0.004032,-0.002801,-0.002779,0.000250,12,0.252823,0.124708,9.869380,0.037696,0.000508,0.021679,9.875152,0.122149,0.105008,0.108183
9.948134,1.234000,0.138000,1.533000,1.189005,0.088496,1.495450,1.249365,0.033569,1.565299,-0.008115,0.005997,-0.701058,0.713033,0.155019,0.102602,-0.035786,0.000323,-0.000515,0.004103,-0.002818,-0.002766,0.000247,17,0.124263,0.110130,9.747796,0.057184,0.047416,-0.059066,9.752034,0.115006,0.076715,0.110386
9.964763,1.234000,0.144000,1.533000,1.155251,0.063018,1.543104,1.246058,0.039193,1.564161,-0.006420,0.005080,-0.669966,0.742346,0.143589,0.117082,-0.038295,0.000279,-0.000493,0.004121,-0.002838,-0.002813,0.000247,17,-0.041734,0.197565,9.690251,0.183172,0.066923,0.001010,9.692896,0.203147,0.113409,0.110004
9.981330,1.233000,0.148000,1.533000,1.252811,0.108980,1.623987,1.249346,0.044426,1.565411,-0.005289,0.003792,-0.666751,0.745252,0.151823,0.132859,-0.036587,0.000335,-0.000506,0.004046,-0.002829,-0.002757,0.000245,15,-0.136488,-0.149207,9.804853,0.273799,0.061255,0.028520,9.810704,0.290449,0.100963,0.109751
9.998022,1.231000,0.155000,1.532000,1.177948,0.067130,1.567678,1.247837,0.048363,1.564977,-0.004938,0.003068,-0.654982,0.755622,0.144635,0.138370,-0.034890,0.000336,-0.000475,0.004038,-0.002852,-0.002755,0.000242,17,0.192985,-0.244999,9.894541,0.082809,-0.012285,-0.009592,9.900982,0.115695,0.108667,0.112882
10.014642,1.231000,0.163000,1.532000,1.242334,0.111154,1.484380,1.248166,0.053989,1.562007,-0.004341,0.002039,-0.638556,0.769560,0.134851,0.149011,-0.035773,0.000357,-0.000531,0.004115,-0.002811,-0.002746,0.000243,17,-0.120846,0.113011,9.924593,0.156089,-0.020947,-0.004776,9.927990,0.176764,0.071303,0.114361
10.031300,1.230000,0.168000,1.532000,1.203325,0.098528,1.540178,1.250256,0.060315,1.560836,-0.002623,0.000687,-0.630302,0.776346,0.141234,0.160315,-0.032647,0.000363,-0.000492,0.004136,-0.002842,-0.002735,0.000242,17,0.067648,0.129593,10.022685,0.256139,0.036032,0.021091,10.025715,0.282640,0.074865,0.113304
10.047871,1.228000,0.175000,1.532000,1.231476,0.114777,1.631923,1.250776,0.066127,1.562574,-0.001354,-0.000197,-0.616328,0.787488,0.140325,0.169385,-0.025229,0.000380,-0.000506,0.004050,-0.002834,-0.002722,0.000240,17,0.059179,0.196708,10.122668,0.202412,0.035114,0.021418,10.126270,0.212746,0.116719,0.115355
10.064442,1.228000,0.181000,1.532000,1.230697,0.087203,1.552355,1.251511,0.070109,1.561900,-0.000264,-0.000254,-0.610890,0.791716,0.142228,0.174800,-0.023282,0.000384,-0.000500,0.004059,-0.002839,-0.002718,0.000239,16,0.027747,0.134413,9.949670,0.109362,0.083324,0.008121,9.952256,0.140995,0.096018,0.117233
10.081127,1.226000,0.189000,1.531000,1.190204,0.120245,1.601673,1.250469,0.077389,1.562833,0.001329,-0.000567,-0.590176,0.807273,0.135926,0.188094,-0.023039,0.000384,-0.000485,0.004008,-0.002848,-0.002726,0.000239,17,0.023022,0.075084,9.746346,0.164838,0.086866,-0.038417,9.748114,0.200310,0.104897,0.118613
10.097746,1.225000,0.196000,1.531000,1.219557,0.156124,1.517733,1.251578,0.085384,1.561066,0.002133,-0.001052,-0.575862,0.817544,0.138112,0.196413,-0.027161,0.000408,-0.000504,0.004048,-0.002837,-0.002701,0.000237,17,0.325877,0.044981,9.642071,0.149832,0.039256,-0.012310,9.649785,0.159450,0.042376,0.117670
10.114342,1.224000,0.203000,1.531000,1.193254,0.149596,1.606600,1.249205,0.091981,1.562150,0.002125,-0.001643,-0.559136,0.829072,0.126225,0.207420,-0.027509,0.000425,-0.000507,0.003989,-0.002837,-0.002687,0.000234,13,-0.013313,0.079697,9.669525,0.071107,-0.061832,-0.014056,9.671463,0.103967,0.097533,0.118029
10.130943,1.223000,0.210000,1.531000,1.206876,0.175416,1.549169,1.246773,0.097590,1.561679,0.002191,-0.001882,-0.543361,0.839494,0.121527,0.219193,-0.028239,0.000447,-0.000548,0.003991,-0.002800,-0.002678,0.000235,5,0.165207,0.496218,9.729302,0.139620,-0.054053,-0.005668,9.743703,0.153079,0.042263,0.118922
10.147550,1.222000,0.215000,1.531000,1.192817,0.149573,1.566764,1.192761,0.149546,1.566789,-0.000000,-0.000000,-0.000000,1.000000,0.121527,0.219193,-0.028239,0.000428,-0.000540,0.003992,-0.002810,-0.002697,0.000237,0,0.000000,0.000000,0.000000,0.000000,0.000000,0.000000,0.000000,0.000000,0.080071,0.080125
10.164368,1.221000,0.224000,1.531000,1.187415,0.175216,1.544122,1.191214,0.159039,1.554133,0.071924,0.039440,-0.844807,0.528747,0.112542,0.220105,-0.029289,0.000428,-0.000540,0.003992,-0.002810,-0.002697,0.000237,17,-0.214736,0.017678,9.867422,0.044608,-0.005787,-0.006684,9.876604,0.073209,0.060663,0.075116
10.180849,1.220000,0.230000,1.531000,1.228476,0.188591,1.544698,1.193637,0.163056,1.549333,0.085485,0.050185,-0.805163,0.584711,0.094652,0.206002,-0.027647,0.000428,-0.000540,0.003992,-0.002810,-0.002697,0.000237,17,0.035402,0.467945,10.023456,0.060731,0.011171,0.018567,10.035479,0.085263,0.044432,0.074247
10.197466,1.219000,0.235000,1.531000,1.198734,0.184805,1.577501,1.194459,0.168368,1.555731,-0.086327,-0.055314,0.862914,-0.494841,0.082247,0.195793,-0.027058,0.000428,-0.000540,0.003992,-0.002810,-0.002697,0.000237,16,-0.096787,0.366218,9.912930,0.045804,0.020509,0.005477,9.922884,0.075930,0.071362,0.075191
10.214071,1.218000,0.245000,1.530000,1.207099,0.183648,1.602865,1.195266,0.173698,1.564764,-0.083256,-0.058520,0.927254,-0.360338,0.069150,0.178158,-0.024383,0.000428,-0.000540,0.003992,-0.002810,-0.002697,0.000237,17,0.181412,0.643706,10.066650,0.131300,0.064251,-0.028492,10.094054,0.156820,0.095876,0.082519
10.230711,1.217000,0.250000,1.531000,1.173542,0.218098,1.567313,1.196071,0.178372,1.564804,-0.074702,-0.061604,0.942776,-0.319059,0.057013,0.184120,-0.022953,0.000428,-0.000540,0.003992,-0.002810,-0.002697,0.000237,17,0.144151,-0.180966,9.870031,0.143872,-0.020732,0.016664,9.877051,0.197309,0.065000,0.081922
10.247387,1.216000,0.256000,1.531000,1.261025,0.229183,1.575620,1.195919,0.182420,1.564462,-0.069202,-0.083594,0.969286,-0.220697,0.083502,0.161398,-0.026236,0.000428,-0.000540,0.003992,-0.002810,-0.002697,0.000237,17,0.095025,0.260615,9.668353,0.105444,-0.075737,-0.029313,9.679835,0.139999,0.068828,0.083288
10.263970,1.215000,0.266000,1.530000,1.187642,0.221126,1.545020,1.201472,0.191116,1.562382,-0.056644,-0.073189,0.971849,-0.216669,0.039743,0.091151,-0.039026,0.000428,-0.000540,0.003992,-0.002810,-0.002697,0.000237,17,-0.096233,0.224654,9.744643,0.288999,-0.051588,-0.007816,9.750379,0.309757,0.054660,0.082700
10.280572,1.213000,0.270000,1.530000,1.175071,0.241605,1.585018,1.204103,0.198044,1.565322,-0.043485,-0.062897,0.968597,-0.236588,-0.050438,0.131305,-0.040230,0.000428,-0.000540,0.003992,-0.002810,-0.002697,0.000237,16,-0.104643,-0.365876,9.831670,0.101426,-0.049291,0.022385,9.841374,0.135754,0.072607,0.080651
10.297205,1.212000,0.277000,1.530000,1.205773,0.228134,1.544515,1.206106,0.209587,1.563945,-0.049274,-0.020677,0.898585,-0.435534,-0.002381,0.181119,-0.025580,0.000428,-0.000540,0.003993,-0.002810,-0.002697,0.000237,17,0.075413,0.355511,9.898965,0.134057,-0.070038,-0.016589,9.907119,0.163633,0.051355,0.075707
10.313867,1.212000,0.283000,1.530000,1.215884,0.217684,1.585917,1.206298,0.216448,1.566107,0.061115,-0.019124,-0.755264,0.652284,-0.011885,0.127302,-0.025539,0.000428,-0.000540,0.003993,-0.002810,-0.002697,0.000237,17,-0.145558,0.144474,9.896072,0.094875,-0.104080,0.038279,9.899349,0.154535,0.086070,0.075930
10.330540,1.210000,0.291000,1.530000,1.221733,0.242749,1.559429,1.207686,0.220803,1.565522,0.058728,-0.022687,-0.740731,0.668845,-0.030609,0.128605,-0.025033,0.000428,-0.000540,0.003994,-0.002810,-0.002697,0.000237,17,-0.010276,0.263542,9.931108,0.053607,-0.165139,-0.011362,9.935651,0.176187,0.057722,0.078707
10.347088,1.209000,0.297000,1.530000,1.163693,0.250215,1.551601,1.202948,0.225910,1.563827,0.058184,-0.031701,-0.670172,0.739242,-0.058744,0.132804,-0.023112,0.000428,-0.000540,0.003994,-0.002810,-0.002697,0.000237,16,-0.152088,0.031297,10.039871,0.098191,-0.144668,0.003840,10.043639,0.186801,0.068616,0.078960
10.363710,1.208000,0.303000,1.530000,1.179013,0.259012,1.564056,1.200069,0.231130,1.563559,0.057115,-0.035911,-0.657429,0.750490,-0.085158,0.138406,-0.023938,0.000428,-0.000540,0.003994,-0.002810,-0.002697,0.000237,17,-0.081148,-0.028198,9.841984,0.067573,-0.046198,0.002362,9.844052,0.114835,0.062730,0.079715
10.380355,1.207000,0.312000,1.529000,1.188012,0.261695,1.621195,1.197997,0.236151,1.567386,0.056612,-0.037859,-0.667201,0.741758,-0.111515,0.148345,-0.025989,0.000428,-0.000540,0.003989,-0.002810,-0.002697,0.000237,17,-0.270274,-0.211920,9.650827,0.116135,0.040709,-0.003947,9.659057,0.135943,0.106729,0.085485
10.396985,1.205000,0.317000,1.529000,1.192047,0.290953,1.594079,1.194321,0.243087,1.568538,0.055715,-0.042925,-0.634913,0.769375,-0.139296,0.160287,-0.028696,0.000428,-0.000540,0.003987,-0.002810,-0.002697,0.000237,17,-0.089092,-0.054417,9.677554,0.106859,0.105072,0.004440,9.681621,0.158861,0.071285,0.084501
10.413605,1.204000,0.323000,1.529000,1.158235,0.292270,1.594806,1.190614,0.250364,1.569937,0.053539,-0.042921,-0.662389,0.746011,-0.162663,0.176454,-0.030664,0.000428,-0.000540,0.003984,-0.002810,-0.002697,0.000237,17,0.019806,-0.057179,9.671967,-0.037625,0.135440,0.029259,9.673513,0.163854,0.085844,0.084445
10.430188,1.202000,0.331000,1.529000,1.192996,0.246298,1.551299,1.188185,0.252455,1.568320,0.053157,-0.040546,-0.667474,0.741625,-0.178778,0.168695,-0.035076,0.000428,-0.000540,0.003986,-0.002810,-0.002697,0.000237,16,0.123663,0.125829,9.644014,-0.198912,0.085698,-0.038150,9.649069,0.224822,0.088050,0.088917
10.446895,1.201000,0.337000,1.529000,1.191999,0.323909,1.585649,1.183476,0.260291,1.568558,0.048131,-0.046477,-0.585476,0.807924,-0.207028,0.179480,-0.038128,0.000428,-0.000540,0.003984,-0.002810,-0.002697,0.000237,17,0.040398,0.066580,9.704879,-0.204420,0.073417,0.020922,9.706303,0.221977,0.058834,0.088070
10.463509,1.200000,0.345000,1.528000,1.172077,0.280140,1.424833,1.179726,0.264576,1.559866,0.044385,-0.046550,-0.554087,0.829971,-0.231732,0.175845,-0.045966,0.000428,-0.000540,0.003999,-0.002810,-0.002697,0.000237,17,-0.041640,-0.127537,9.815043,-0.228793,0.005383,0.011100,9.816954,0.236760,0.125020,0.088851
10.480124,1.198000,0.349000,1.528000,1.135306,0.346007,1.555304,1.172533,0.274002,1.558787,0.040270,-0.051902,-0.523828,0.849287,-0.256115,0.199354,-0.044166,0.000428,-0.000540,0.003997,-0.002810,-0.002697,0.000237,17,0.063261,0.132653,9.973596,0.015184,-0.070107,0.005742,9.975152,0.080358,0.068447,0.084977
10.496671,1.197000,0.356000,1.527000,1.178509,0.283108,1.578216,1.168489,0.277619,1.559205,0.039702,-0.052649,-0.531536,0.844465,-0.281471,0.197921,-0.043785,0.000428,-0.000540,0.003995,-0.002810,-0.002697,0.000237,16,-0.125757,0.132034,9.911416,-0.042270,-0.135909,0.001707,9.915637,0.155442,0.090985,0.089407
10.513317,1.195000,0.363000,1.528000,1.180096,0.362155,1.501282,1.162862,0.286596,1.555381,0.036928,-0.056801,-0.527585,0.846796,-0.294859,0.210670,-0.044002,0.000428,-0.000540,0.004003,-0.002810,-0.002697,0.000237,17,-0.100297,0.093230,10.019075,-0.036481,-0.133782,0.007438,10.021927,0.155331,0.030605,0.087293
10.546621,1.192000,0.377000,1.527000,1.179071,0.327424,1.471837,1.154428,0.297338,1.550021,0.039973,-0.053257,-0.644838,0.761413,-0.317812,0.212384,-0.042757,0.000428,-0.000539,0.004018,-0.002811,-0.002697,0.000237,34,0.148381,0.189715,10.000837,-0.014329,-0.086440,-0.006385,10.012615,0.119279,0.075286,0.091037
10.563189,1.191000,0.382000,1.527000,1.183278,0.292231,1.551752,1.153617,0.300915,1.549935,0.043540,-0.046437,-0.747611,0.661080,-0.324092,0.223495,-0.040521,0.000428,-0.000539,0.004019,-0.002811,-0.002698,0.000237,16,-0.021870,0.232644,9.925599,0.073424,-0.069334,0.019627,9.931170,0.125695,0.093438,0.092186
10.579798,1.189000,0.387000,1.527000,1.151121,0.348340,1.600033,1.149289,0.308246,1.551917,0.044411,-0.044627,-0.796953,0.600751,-0.336627,0.250551,-0.037342,0.000427,-0.000539,0.004009,-0.002811,-0.002698,0.000237,17,-0.018175,0.199269,9.846151,0.038199,-0.070786,0.052104,9.848754,0.146287,0.090903,0.091651
10.596453,1.187000,0.395000,1.526000,1.174324,0.351558,1.563816,1.145355,0.315913,1.551997,0.042904,-0.045288,-0.802050,0.593989,-0.355622,0.263775,-0.036571,0.000427,-0.000539,0.004007,-0.002811,-0.002698,0.000237,17,0.088817,-0.002544,9.909543,-0.014850,-0.023976,-0.012491,9.910479,0.066712,0.058974,0.093085
10.613068,1.186000,0.402000,1.526000,1.161339,0.350105,1.549362,1.140915,0.322943,1.551356,0.040743,-0.047613,-0.788492,0.611844,-0.372195,0.273715,-0.037436,0.000427,-0.000539,0.004008,-0.002811,-0.002698,0.000237,17,0.144615,-0.053228,9.827897,0.070584,-0.091081,0.012580,9.829726,0.135715,0.062024,0.094475
10.629695,1.184000,0.407000,1.526000,1.167425,0.363195,1.579003,1.136601,0.330919,1.552032,0.036286,-0.051901,-0.732954,0.677324,-0.383820,0.292002,-0.040337,0.000428,-0.000539,0.004003,-0.002811,-0.002697,0.000237,17,-0.287741,-0.082123,9.591353,0.060892,-0.044813,0.027752,9.598240,0.093171,0.070731,0.093341
10.646300,1.182000,0.415000,1.526000,1.142214,0.384243,1.512679,1.131290,0.339561,1.549546,0.030540,-0.056511,-0.641010,0.764840,-0.402054,0.316220,-0.043662,0.000428,-0.000539,0.004011,-0.002811,-0.002697,0.000237,16,-0.254792,-0.168343,9.807668,0.056109,0.008855,-0.025083,9.813021,0.110838,0.052023,0.093899
10.662958,1.180000,0.420000,1.526000,1.164206,0.365418,1.469961,1.127347,0.346546,1.545256,0.023875,-0.058840,-0.526361,0.847887,-0.423140,0.322288,-0.047819,0.000429,-0.000539,0.004031,-0.002810,-0.002697,0.000237,17,-0.196187,-0.064168,9.929765,0.059452,0.036166,-0.012427,9.933965,0.105383,0.079806,0.092405
10.679580,1.179000,0.426000,1.525000,1.122730,0.375151,1.516837,1.121283,0.353394,1.543230,0.018610,-0.059680,-0.428138,0.901548,-0.439016,0.326920,-0.050155,0.000429,-0.000540,0.004036,-0.002810,-0.002697,0.000237,17,0.091740,-0.090882,9.788405,0.019394,0.042680,0.017629,9.791291,0.093298,0.076279,0.094527
10.696219,1.176000,0.432000,1.525000,1.155713,0.414713,1.503802,1.116559,0.363341,1.540609,0.007692,-0.059145,-0.260916,0.963517,-0.440160,0.337936,-0.053584,0.000430,-0.000541,0.004046,-0.002810,-0.002697,0.000237,17,0.076596,0.244399,9.700730,-0.046909,0.036939,-0.010753,9.704933,0.131814,0.034055,0.092146
10.712800,1.174000,0.439000,1.525000,1.185355,0.381871,1.540526,1.113676,0.370898,1.539677,-0.003395,-0.056394,-0.056640,0.996795,-0.440493,0.340834,-0.054194,0.000430,-0.000542,0.004051,-0.002809,-0.002697,0.000237,16,0.093865,0.154189,9.778118,0.092213,-0.093547,0.000782,9.780934,0.154483,0.060281,0.092154
10.729414,1.171000,0.445000,1.524000,1.142728,0.403178,1.490601,1.108728,0.378877,1.536615,-0.011997,-0.053152,0.110893,0.992337,-0.448772,0.349435,-0.056770,0.000430,-0.000544,0.004065,-0.002809,-0.002697,0.000237,17,-0.220286,-0.171886,9.843968,0.026463,-0.118222,0.052935,9.849466,0.145726,0.060530,0.091702
10.746079,1.169000,0.450000,1.524000,1.130684,0.427293,1.555221,1.103237,0.388139,1.536453,-0.019907,-0.048371,0.254129,0.965755,-0.456746,0.365296,-0.054290,0.000429,-0.000545,0.004060,-0.002809,-0.002697,0.000236,17,-0.081258,0.131346,9.917840,-0.065886,-0.077124,0.024592,9.920873,0.118897,0.054392,0.091140
10.762775,1.167000,0.456000,1.524000,1.181231,0.404423,1.563904,1.099674,0.396635,1.536652,-0.025461,-0.042735,0.368318,0.928368,-0.466994,0.372545,-0.052253,0.000428,-0.000546,0.004057,-0.002808,-0.002697,0.000236,17,-0.051647,0.347497,9.927034,0.015600,-0.047302,-0.030972,9.937333,0.084917,0.066746,0.090649
10.779372,1.165000,0.464000,1.524000,1.110176,0.389445,1.588199,1.094386,0.401685,1.538204,-0.026459,-0.039972,0.408275,0.911599,-0.479391,0.375298,-0.046696,0.000428,-0.000545,0.004043,-0.002808,-0.002698,0.000236,17,-0.102917,0.277466,9.999630,-0.023819,0.041445,-0.023839,10.009102,0.114911,0.112630,0.095243
10.812615,1.159000,0.476000,1.523000,1.117544,0.465218,1.554164,1.081501,0.418545,1.537552,-0.031151,-0.035610,0.466067,0.883483,-0.491077,0.400144,-0.036832,0.000427,-0.000546,0.004038,-0.002808,-0.002698,0.000236,33,0.069120,0.070029,10.083431,-0.085158,0.074324,-0.010294,10.086127,0.162455,0.052973,0.097565
10.829219,1.157000,0.481000,1.523000,1.098163,0.431364,1.551085,1.075496,0.425814,1.537604,-0.031517,-0.031835,0.512312,0.857630,-0.505161,0.410132,-0.035451,0.000426,-0.000545,0.004034,-0.002808,-0.002698,0.000236,17,-0.140364,0.155591,9.908278,0.182548,-0.000458,-0.032008,9.912007,0.201418,0.081941,0.099507
10.845835,1.155000,0.486000,1.523000,1.138758,0.407839,1.517940,1.071763,0.431962,1.536179,-0.033678,-0.026542,0.584447,0.810298,-0.504369,0.402210,-0.037029,0.000425,-0.000544,0.004048,-0.002809,-0.002699,0.000237,17,-0.179380,-0.236918,9.782280,0.020840,0.017175,0.065526,9.787669,0.136400,0.079991,0.100110
10.862433,1.151000,0.495000,1.522000,1.161269,0.454475,1.673628,1.070106,0.440571,1.541508,-0.035592,-0.022402,0.631944,0.773872,-0.486042,0.407020,-0.029146,0.000424,-0.000544,0.004005,-0.002809,-0.002699,0.000237,16,-0.128437,-0.271145,9.741930,-0.079769,0.011351,-0.008171,9.747439,0.103106,0.157286,0.099433
10.879067,1.149000,0.499000,1.523000,1.140817,0.478125,1.584455,1.073429,0.444690,1.543266,-0.035801,-0.020089,0.648694,0.759941,-0.469820,0.422753,-0.025898,0.000424,-0.000544,0.003994,-0.002809,-0.002699,0.000237,5,-0.181714,-0.182932,9.843442,-0.021614,0.005155,-0.035271,9.847755,0.049486,0.065418,0.095243
10.895750,1.147000,0.504000,1.523000,1.137251,0.461759,1.650529,1.077034,0.446637,1.547533,-0.035982,-0.017991,0.666230,0.744660,-0.460153,0.431763,-0.020404,0.000424,-0.000544,0.003964,-0.002809,-0.002699,0.000237,2,0.073691,-0.038974,9.723670,-0.037410,0.029883,0.017230,9.724345,0.051924,0.134696,0.093742
10.912303,1.143000,0.510000,1.522000,1.117069,0.453114,1.553113,1.116919,0.453064,1.553076,-0.000000,0.000000,0.000000,1.000000,-0.460153,0.431763,-0.020404,0.000424,-0.000544,0.003963,-0.002809,-0.002699,0.000237,0,0.000000,0.000000,0.000000,0.000000,0.000000,0.000000,0.000000,0.000000,0.069832,0.069912
10.928971,1.140000,0.515000,1.522000,1.105220,0.444849,1.582298,1.106744,0.451023,1.567588,-0.004132,0.098929,0.957639,-0.270412,-0.461550,0.429596,-0.021657,0.000424,-0.000544,0.003962,-0.002809,-0.002699,0.000237,16,0.054587,0.053679,9.875354,-0.073847,0.170902,-0.065376,9.877124,0.210215,0.098826,0.085307
10.945561,1.138000,0.522000,1.522000,1.109929,0.462501,1.563417,1.103258,0.460299,1.566347,0.001504,0.037782,0.942697,-0.331502,-0.468488,0.453429,-0.022961,0.000424,-0.000544,0.003962,-0.002809,-0.002699,0.000237,17,0.073002,-0.057790,9.655666,-0.173758,0.091247,0.065485,9.656756,0.216740,0.077739,0.083550
10.962171,1.134000,0.527000,1.522000,1.101047,0.464232,1.550977,1.096954,0.466729,1.562281,-0.004513,0.032922,0.989750,-0.138890,-0.471115,0.460341,-0.025050,0.000424,-0.000544,0.003962,-0.002809,-0.002699,0.000237,17,0.103058,0.128485,9.696473,-0.228416,0.049237,-0.004756,9.699754,0.249700,0.076585,0.081409
10.978818,1.131000,0.533000,1.522000,1.093251,0.494528,1.575087,1.090429,0.478536,1.564503,-0.002277,0.033326,0.997286,-0.065616,-0.477102,0.469528,-0.025060,0.000424,-0.000544,0.003962,-0.002809,-0.002699,0.000237,17,0.342450,0.300872,9.812953,-0.138830,-0.105988,-0.047072,9.823789,0.209347,0.075653,0.080118
10.995409,1.129000,0.537000,1.521000,1.095418,0.490343,1.535737,1.084848,0.486137,1.559491,-0.000493,0.034905,0.996340,-0.078022,-0.475173,0.475407,-0.025549,0.000424,-0.000544,0.003962,-0.002809,-0.002699,0.000237,16,0.065505,0.286424,9.810120,0.016854,-0.109620,0.035467,9.815207,0.143706,0.059345,0.077576
11.011997,1.125000,0.545000,1.521000,1.088943,0.500472,1.620942,1.079298,0.494885,1.567960,-0.000425,0.033060,0.999348,0.014539,-0.471833,0.484117,-0.025768,0.000424,-0.000544,0.003961,-0.002809,-0.002699,0.000237,17,-0.085822,0.120329,9.733020,0.035049,-0.041539,0.014595,9.734396,0.092741,0.115200,0.082495
11.028672,1.122000,0.550000,1.520000,1.091062,0.506464,1.562220,1.073243,0.502814,1.566950,-0.001901,0.028316,0.972348,0.231807,-0.470374,0.486488,-0.023327,0.000424,-0.000544,0.003962,-0.002809,-0.002699,0.000237,17,0.091590,0.289967,9.958855,0.121847,0.004218,-0.014665,9.965481,0.156907,0.068082,0.082511
11.045273,1.118000,0.557000,1.520000,1.113013,0.524838,1.509864,1.063677,0.512031,1.560220,-0.008945,-0.008031,0.425215,0.905013,-0.475553,0.472783,-0.019629,0.000424,-0.000544,0.003963,-0.002809,-0.002699,0.000237,17,-0.083566,0.195093,10.087634,0.053773,0.109913,0.028927,10.091497,0.151120,0.034088,0.081184
11.061922,1.116000,0.562000,1.520000,1.059566,0.537245,1.577810,1.064243,0.524058,1.561218,-0.012339,0.028124,0.857916,0.512871,-0.462862,0.507205,-0.015287,0.000424,-0.000544,0.003962,-0.002809,-0.002699,0.000237,17,-0.086121,0.177547,10.101475,0.014267,0.147267,-0.008942,10.105065,0.166241,0.084496,0.076272
11.078528,1.113000,0.567000,1.520000,1.052362,0.504511,1.566248,1.056141,0.528529,1.561566,-0.010387,0.025847,0.829052,0.558478,-0.468187,0.511088,-0.013425,0.000424,-0.000544,0.003962,-0.002809,-0.002699,0.000237,16,-0.004984,-0.046080,9.928266,0.039047,0.139441,-0.000170,9.930373,0.174636,0.098593,0.080253
11.095207,1.109000,0.575000,1.520000,1.087947,0.552035,1.534613,1.052000,0.538874,1.558797,-0.009420,0.029422,0.843364,0.536454,-0.458548,0.523166,-0.013193,0.000424,-0.000544,0.003964,-0.002809,-0.002699,0.000237,17,0.055554,0.301510,9.900804,-0.055785,0.080942,0.006804,9.907862,0.142732,0.034412,0.077841
11.111822,1.106000,0.579000,1.520000,1.035246,0.536275,1.514092,1.044250,0.545912,1.555209,-0.011146,0.025036,0.761514,0.647568,-0.462371,0.528970,-0.014408,0.000424,-0.000544,0.003966,-0.002809,-0.002699,0.000237,17,0.079217,0.234915,9.839395,-0.069616,-0.029126,-0.024368,9.845007,0.105184,0.082864,0.078406
11.128408,1.103000,0.586000,1.519000,1.078767,0.553550,1.589595,1.040388,0.554975,1.557426,-0.009019,0.027358,0.760587,0.648597,-0.447712,0.535603,-0.013698,0.000424,-0.000544,0.003964,-0.002809,-0.002699,0.000237,17,-0.150368,0.030799,9.798274,0.055335,0.005322,0.001105,9.799778,0.065161,0.081387,0.079746
11.145053,1.099000,0.591000,1.520000,1.078515,0.541019,1.542654,1.036385,0.564076,1.556100,-0.005879,0.037338,0.899700,0.434869,-0.439934,0.556369,-0.015498,0.000424,-0.000544,0.003966,-0.002809,-0.002699,0.000237,16,0.070957,0.336601,9.811067,0.014448,-0.032632,-0.050816,9.820363,0.095151,0.058574,0.077129
11.161666,1.096000,0.597000,1.519000,1.072174,0.571919,1.587383,1.027837,0.575706,1.557825,-0.003027,0.047088,0.996663,0.066613,-0.461725,0.600578,-0.016501,0.000424,-0.000544,0.003964,-0.002809,-0.002699,0.000237,17,-0.059383,0.442198,9.822769,0.040524,-0.050982,-0.011458,9.833728,0.099873,0.076635,0.081283
11.178318,1.093000,0.602000,1.519000,1.023854,0.596176,1.526095,1.026086,0.582491,1.555505,-0.003823,0.037881,0.880851,0.471861,-0.441177,0.567734,-0.017030,0.000424,-0.000544,0.003966,-0.002809,-0.002699,0.000237,17,-0.314168,0.072279,9.753569,0.089887,-0.030509,0.025255,9.760058,0.131255,0.069753,0.078681
11.195019,1.090000,0.610000,1.519000,1.048213,0.552667,1.502322,1.021813,0.590812,1.551926,0.001647,0.041866,0.954934,0.293847,-0.414660,0.577537,-0.015948,0.000424,-0.000544,0.003972,-0.002809,-0.002699,0.000237,17,0.012830,0.052297,10.035508,0.002169,0.025852,-0.031182,10.036420,0.080623,0.072880,0.078114
11.211534,1.086000,0.614000,1.519000,1.083491,0.568800,1.512573,1.017299,0.603690,1.548971,0.009275,0.048735,0.997886,-0.041975,-0.398963,0.631015,-0.017364,0.000424,-0.000544,0.003977,-0.002809,-0.002699,0.000237,17,-0.070945,-0.181950,10.071346,0.078622,0.052672,-0.009203,10.075952,0.105084,0.045724,0.075660
11.228167,1.083000,0.619000,1.519000,1.020533,0.572956,1.452900,1.015447,0.610482,1.543389,0.012163,0.043421,0.998600,0.027658,-0.272784,0.706252,-0.023144,0.000424,-0.000544,0.003988,-0.002809,-0.002699,0.000237,16,-0.164054,-0.118041,10.003076,0.038008,0.082712,0.024821,10.005387,0.127024,0.101938,0.072324
11.244783,1.079000,0.626000,1.519000,1.032121,0.615116,1.564921,1.012185,0.615872,1.544033,0.013925,0.040252,0.998788,-0.024655,-0.353810,0.640955,-0.017661,0.000424,-0.000543,0.003986,-0.002809,-0.002699,0.000237,17,-0.023144,-0.167296,9.874954,-0.018514,0.020148,-0.001059,9.877125,0.110888,0.066519,0.072066
11.261403,1.076000,0.631000,1.519000,1.021019,0.597249,1.580461,1.007104,0.626983,1.545549,0.018674,0.037038,0.972503,-0.229166,-0.370597,0.663270,-0.015652,0.000425,-0.000544,0.003983,-0.002809,-0.002699,0.000237,17,0.081069,0.253465,9.901089,0.009273,0.017561,-0.027514,9.908072,0.049338,0.089104,0.073943
11.278087,1.073000,0.637000,1.519000,1.051828,0.590491,1.599888,1.004000,0.637857,1.547798,0.024232,0.031418,0.907365,-0.418466,-0.390184,0.652240,-0.011541,0.000425,-0.000544,0.003976,-0.002809,-0.002699,0.000237,17,0.208973,0.010096,9.862601,0.063457,-0.007780,-0.021734,9.867177,0.102075,0.095677,0.074773
11.294616,1.069000,0.644000,1.519000,1.021129,0.601355,1.593149,0.999729,0.647626,1.549711,-0.027596,-0.026093,-0.839522,0.541997,-0.375262,0.636700,-0.009006,0.000425,-0.000544,0.003971,-0.002809,-0.002699,0.000237,16,0.027815,-0.232162,9.786278,-0.028530,-0.096636,-0.003363,9.793431,0.113696,0.098022,0.075861
11.311266,1.066000,0.648000,1.519000,1.014745,0.604858,1.557414,0.995549,0.657575,1.549753,-0.030201,-0.021278,-0.774394,0.631624,-0.346606,0.658331,-0.012452,0.000425,-0.000545,0.003971,-0.002809,-0.002699,0.000237,17,-0.018673,-0.317475,9.679747,0.003548,-0.093154,-0.026062,9.685609,0.107809,0.077227,0.077464
11.327930,1.062000,0.655000,1.518000,1.020894,0.641367,1.608414,0.994752,0.659113,1.553936,-0.027062,-0.020312,-0.830875,0.555430,-0.365824,0.666711,-0.013062,0.000425,-0.000544,0.003963,-0.002809,-0.002699,0.000237,17,-0.091743,0.208138,9.641000,0.053212,-0.059467,-0.018562,9.647120,0.115344,0.100251,0.076359
11.344548,1.059000,0.660000,1.518000,0.991871,0.613790,1.616612,0.990140,0.665995,1.556665,-0.025352,-0.018995,-0.811987,0.582816,-0.361642,0.639297,-0.009750,0.000425,-0.000544,0.003953,-0.002809,-0.002699,0.000237,17,-0.145267,0.240279,9.723925,0.187741,-0.031250,0.012132,9.728192,0.199816,0.127929,0.079200
11.361185,1.055000,0.665000,1.518000,0.991833,0.605472,1.515950,0.986071,0.672044,1.554599,-0.023406,-0.015741,-0.780054,0.625077,-0.331815,0.627504,-0.012433,0.000425,-0.000544,0.003963,-0.002809,-0.002699,0.000237,17,-0.010460,0.058438,9.784621,0.164831,0.002783,-0.000089,9.785349,0.177042,0.086821,0.078360
11.377730,1.051000,0.672000,1.518000,1.051126,0.660817,1.560284,0.984493,0.677967,1.554693,-0.022525,-0.016783,-0.822340,0.568302,-0.303702,0.638877,-0.013341,0.000425,-0.000543,0.003963,-0.002809,-0.002699,0.000237,16,-0.288832,-0.134612,9.844204,0.032758,0.074974,0.014548,9.855503,0.119534,0.043738,0.076192
11.394407,1.048000,0.676000,1.517000,0.965409,0.632872,1.574945,0.978047,0.683051,1.555517,0.019669,0.017959,0.873913,-0.485352,-0.316848,0.651183,-0.013692,0.000425,-0.000543,0.003961,-0.002810,-0.002699,0.000237,17,-0.138982,-0.213348,9.751207,-0.061776,0.128512,-0.053710,9.759618,0.163443,0.109722,0.080167
11.411052,1.045000,0.681000,1.518000,1.039630,0.676468,1.490882,0.976255,0.690417,1.552419,0.019071,0.018896,0.910500,-0.412637,-0.295445,0.629502,-0.015356,0.000425,-0.000542,0.003976,-0.002810,-0.002699,0.000237,17,0.018567,0.138843,9.886712,-0.015851,0.121003,-0.045826,9.888577,0.153744,0.028014,0.077455
11.427681,1.040000,0.688000,1.517000,0.991410,0.622157,1.571657,0.973122,0.695559,1.552992,0.018417,0.017841,0.917995,-0.395761,-0.285651,0.624750,-0.013570,0.000425,-0.000543,0.003974,-0.002810,-0.002699,0.000237,17,-0.023464,-0.107396,9.887998,0.074379,0.000652,-0.010890,9.889437,0.142059,0.098405,0.076324
11.444238,1.037000,0.693000,1.517000,1.006116,0.658103,1.595078,0.968888,0.700287,1.554762,0.016737,0.021073,0.967031,-0.253233,-0.278265,0.616891,-0.010790,0.000424,-0.000542,0.003967,-0.002810,-0.002699,0.000237,16,0.091505,-0.080194,9.856920,0.043184,0.049283,-0.005230,9.858769,0.102703,0.090928,0.078220
11.460887,1.032000,0.699000,1.517000,0.990636,0.652376,1.490870,0.965649,0.705658,1.551897,0.016005,0.021561,0.982747,-0.182994,-0.269098,0.612244,-0.012398,0.000424,-0.000543,0.003984,-0.002810,-0.002699,0.000237,17,-0.010324,-0.225878,9.938144,0.039527,0.060018,0.004384,9.947499,0.139138,0.067584,0.075263
11.477555,1.029000,0.704000,1.517000,0.968707,0.664036,1.512314,0.961061,0.711489,1.550059,0.015065,0.021147,0.991090,-0.130640,-0.263899,0.609837,-0.012042,0.000424,-0.000543,0.003996,-0.002810,-0.002699,0.000237,17,0.007139,-0.227589,9.973737,-0.049228,0.052137,0.010815,9.979873,0.108228,0.072487,0.075926
11.494191,1.026000,0.710000,1.517000,0.984208,0.641876,1.613493,0.958115,0.715776,1.552536,0.014622,0.017878,0.988315,-0.150663,-0.260317,0.599832,-0.006073,0.000424,-0.000544,0.003982,-0.002809,-0.002700,0.000237,17,-0.074605,-0.193268,9.976472,-0.084053,0.053959,-0.040963,9.980081,0.155756,0.125293,0.076841
11.510775,1.021000,0.714000,1.517000,1.006191,0.637556,1.498470,0.957170,0.718229,1.550103,0.015296,0.016248,0.989333,-0.143949,-0.247952,0.581640,-0.006173,0.000424,-0.000544,0.004000,-0.002809,-0.002699,0.000237,16,0.035268,-0.108640,9.997155,0.052485,-0.035239,-0.033085,9.998584,0.160977,0.080039,0.072028
11.527375,1.018000,0.719000,1.517000,0.925703,0.703150,1.483708,0.951653,0.726101,1.547258,0.014713,0.015844,0.987640,-0.155240,-0.245811,0.589863,-0.007577,0.000424,-0.000545,0.004019,-0.002809,-0.002700,0.000237,17,-0.148332,-0.330698,9.959893,0.041087,-0.013188,0.036034,9.966915,0.129618,0.099389,0.073266
11.544112,1.015000,0.725000,1.517000,0.975447,0.659968,1.597933,0.949318,0.730011,1.549147,0.014668,0.011575,0.974654,-0.222938,-0.246504,0.574362,-0.003055,0.000424,-0.000545,0.004007,-0.002809,-0.002699,0.000237,17,-0.056165,-0.046545,9.912244,-0.084437,0.017272,-0.007508,9.916296,0.111601,0.111102,0.073299
11.560636,1.010000,0.730000,1.518000,0.966455,0.697299,1.527638,0.946639,0.735941,1.548136,0.014451,0.010012,0.966673,-0.255412,-0.235815,0.562028,-0.004342,0.000424,-0.000545,0.004015,-0.002809,-0.002699,0.000237,17,-0.103003,0.239089,9.809487,0.038842,0.000123,-0.060261,9.813870,0.103474,0.055303,0.070413
11.577284,1.007000,0.735000,1.518000,0.964603,0.634650,1.561901,0.944429,0.737348,1.548454,0.013785,0.005576,0.936872,-0.349357,-0.240482,0.538997,-0.005078,0.000424,-0.000547,0.004014,-0.002808,-0.002699,0.000237,17,-0.056012,-0.185718,9.702369,0.072892,-0.051318,0.023690,9.704752,0.110243,0.117451,0.069628
11.593840,1.004000,0.739000,1.518000,0.922280,0.694333,1.495648,0.940541,0.742322,1.546199,0.012880,0.002372,0.899214,-0.437313,-0.236271,0.521824,-0.006918,0.000426,-0.000547,0.004032,-0.002808,-0.002699,0.000237,16,0.066861,0.070228,9.861689,0.059345,-0.038050,0.024275,9.863577,0.097922,0.095775,0.069521
11.610476,0.999000,0.744000,1.518000,0.968065,0.688447,1.554777,0.938280,0.746149,1.546332,0.013101,0.001024,0.900497,-0.434664,-0.230254,0.513168,-0.007094,0.000425,-0.000548,0.004032,-0.002808,-0.002699,0.000237,17,-0.054629,-0.310352,9.795047,-0.062637,-0.037906,-0.018231,9.801017,0.086818,0.073456,0.067040
11.629223,0.996000,0.750000,1.518000,0.985063,0.704220,1.595645,0.936651,0.751511,1.548065,0.014082,0.000519,0.918160,-0.395958,-0.216682,0.511366,-0.008146,0.000424,-0.000548,0.004017,-0.002807,-0.002699,0.000237,19,-0.275778,-0.252525,9.643500,-0.086529,-0.040459,-0.036950,9.652785,0.114394,0.090797,0.066547
11.645843,0.992000,0.755000,1.518000,0.933418,0.705093,1.462828,0.933189,0.756185,1.544440,0.013519,-0.001308,0.911812,-0.410383,-0.215659,0.504568,-0.015469,0.000424,-0.000550,0.004048,-0.002807,-0.002699,0.000237,17,0.000957,-0.162592,9.635307,-0.050008,0.029789,-0.009074,9.638021,0.068160,0.094691,0.064492
11.679033,0.984000,0.765000,1.518000,0.896605,0.695801,1.513256,0.925590,0.766455,1.542498,-0.009788,0.005127,-0.859052,0.511769,-0.218060,0.486913,-0.019474,0.000423,-0.000551,0.004062,-0.002807,-0.002699,0.000237,33,-0.149426,0.059938,9.726784,0.076694,0.082532,-0.004659,9.730490,0.137025,0.111575,0.063356
11.695700,0.980000,0.769000,1.518000,0.955303,0.714285,1.457304,0.923818,0.769155,1.538513,0.008944,-0.005220,0.878436,-0.477748,-0.202937,0.464104,-0.025379,0.000422,-0.000553,0.004098,-0.002806,-0.002700,0.000237,17,0.085759,0.076280,9.760971,0.052025,0.118106,-0.020390,9.762490,0.151181,0.085368,0.059809
11.712370,0.977000,0.774000,1.518000,0.922928,0.714145,1.472735,0.921194,0.772020,1.535288,-0.007763,0.008654,-0.847098,0.531310,-0.198293,0.448090,-0.030239,0.000423,-0.000555,0.004126,-0.002806,-0.002700,0.000237,17,0.155136,-0.016956,9.736500,-0.057785,0.062408,-0.000580,9.740216,0.171673,0.092495,0.058456
11.728948,0.972000,0.779000,1.517000,0.936977,0.716898,1.587847,0.918183,0.773900,1.536831,-0.007974,0.009334,-0.860888,0.508647,-0.191619,0.429114,-0.027161,0.000419,-0.000555,0.004106,-0.002805,-0.002701,0.000237,17,0.145943,0.378114,9.846682,-0.098040,-0.029197,0.008979,9.857374,0.115271,0.100512,0.057580
11.745565,0.969000,0.784000,1.517000,0.930197,0.727672,1.559302,0.915528,0.776199,1.537228,0.008153,-0.009709,0.868343,-0.495802,-0.179561,0.406911,-0.027627,0.000417,-0.000555,0.004099,-0.002805,-0.002702,0.000237,16,0.144010,0.730210,9.733945,-0.046867,-0.058692,0.003108,9.765472,0.099564,0.080424,0.057700
11.762194,0.966000,0.787000,1.517000,0.911240,0.762958,1.594478,0.911888,0.781120,1.539095,0.008430,-0.009548,0.872525,-0.488403,-0.179627,0.405758,-0.025487,0.000416,-0.000555,0.004075,-0.002805,-0.002702,0.000237,17,-0.159813,-0.293242,9.759558,-0.025892,-0.064240,-0.009491,9.767036,0.118290,0.097875,0.058744
11.778854,0.961000,0.793000,1.517000,0.947604,0.743238,1.526441,0.909540,0.783864,1.538083,0.009135,-0.009636,0.892895,-0.450069,-0.177182,0.396923,-0.023503,0.000413,-0.000555,0.004082,-0.002805,-0.002704,0.000237,17,-0.000330,-0.170878,9.977827,-0.087222,-0.042412,-0.004132,9.979654,0.115894,0.052391,0.056357
11.795468,0.958000,0.797000,1.517000,0.920171,0.748450,1.628880,0.906981,0.787539,1.541301,0.009599,-0.010252,0.892657,-0.450517,-0.175297,0.390385,-0.015540,0.000411,-0.000556,0.004044,-0.002805,-0.002704,0.000237,17,-0.051821,-0.230139,10.020654,-0.055337,-0.073676,-0.020345,10.023758,0.149681,0.127692,0.057297
11.812064,0.954000,0.803000,1.517000,0.917972,0.743937,1.549804,0.904672,0.790077,1.541300,0.009726,-0.010832,0.890268,-0.455204,-0.172098,0.381632,-0.013697,0.000410,-0.000557,0.004042,-0.002804,-0.002705,0.000237,16,-0.088106,-0.229233,9.913054,-0.006637,-0.062169,0.015354,9.916687,0.108102,0.076568,0.056487
11.828715,0.950000,0.807000,1.517000,0.906426,0.780958,1.510581,0.902187,0.795045,1.539850,0.009822,-0.011419,0.888554,-0.458525,-0.168312,0.382247,-0.012086,0.000410,-0.000558,0.004057,-0.002804,-0.002705,0.000237,17,-0.245240,-0.284484,10.008378,-0.043446,-0.009074,-0.016017,10.016844,0.120773,0.051167,0.054324
11.845314,0.947000,0.810000,1.517000,0.890788,0.746825,1.557391,0.898017,0.797670,1.540325,0.008835,-0.011092,0.892955,-0.449923,-0.165079,0.368512,-0.007421,0.000407,-0.000558,0.004050,-0.002804,-0.002706,0.000237,17,0.045610,0.219547,10.061382,0.094351,0.025842,-0.024330,10.066442,0.141201,0.093714,0.055637
11.862020,0.944000,0.816000,1.517000,0.902970,0.762661,1.554010,0.895531,0.800831,1.540658,0.008756,-0.010874,0.889981,-0.455784,-0.163384,0.357520,-0.006632,0.000406,-0.000559,0.004045,-0.002803,-0.002707,0.000237,17,0.147562,-0.085010,9.832650,0.071698,-0.069825,0.076309,9.839106,0.151412,0.076800,0.056028
11.878574,0.939000,0.820000,1.517000,0.880168,0.805882,1.563657,0.895421,0.805917,1.541518,-0.008304,0.012187,-0.835779,0.548868,-0.148931,0.338235,-0.008487,0.000411,-0.000555,0.004033,-0.002805,-0.002705,0.000237,16,0.334482,0.581445,9.651790,0.028640,-0.146847,0.002081,9.677310,0.175049,0.076403,0.051948
11.895181,0.935000,0.824000,1.518000,0.890931,0.813880,1.615490,0.891459,0.811123,1.544292,-0.008644,0.011230,-0.841197,0.540543,-0.146318,0.338183,-0.006118,0.000409,-0.000553,0.003997,-0.002806,-0.002706,0.000237,17,-0.089786,0.264090,9.728475,-0.004679,-0.096089,-0.049879,9.735815,0.129848,0.107465,0.052469
11.911825,0.932000,0.827000,1.517000,0.851824,0.777763,1.518102,0.886267,0.814382,1.543178,-0.009144,0.011049,-0.845167,0.534310,-0.149695,0.332036,-0.007911,0.000407,-0.000552,0.004011,-0.002806,-0.002707,0.000237,17,-0.038766,-0.018581,9.774988,-0.046307,-0.112193,0.019639,9.776610,0.153526,0.094094,0.054185
11.928464,0.928000,0.833000,1.518000,0.892645,0.821043,1.557400,0.884457,0.819762,1.543593,-0.010340,0.011985,-0.843395,0.537060,-0.145425,0.332734,-0.007161,0.000407,-0.000552,0.004004,-0.002806,-0.002707,0.000237,17,-0.076099,-0.164203,9.816450,-0.164410,-0.067940,-0.016688,9.819214,0.191575,0.054270,0.052213
11.945061,0.924000,0.836000,1.518000,0.867055,0.787122,1.625933,0.880305,0.823288,1.546639,-0.010871,0.012978,-0.851504,0.524074,-0.143680,0.329305,-0.001952,0.000404,-0.000553,0.003964,-0.002806,-0.002708,0.000237,17,-0.166438,0.017764,9.894299,-0.160254,-0.006824,-0.003001,9.897042,0.174060,0.131458,0.053769
11.978311,0.916000,0.846000,1.518000,0.887846,0.808997,1.552395,0.876762,0.831759,1.546687,-0.011996,0.013733,-0.842567,0.538283,-0.123648,0.316179,-0.004017,0.000404,-0.000553,0.003961,-0.002806,-0.002708,0.000237,33,0.006412,0.243845,9.759262,-0.061869,-0.068650,0.001470,9.768351,0.109400,0.057835,0.050649
11.994940,0.913000,0.849000,1.518000,0.832278,0.817578,1.577152,0.871106,0.836455,1.547900,-0.012354,0.012775,-0.855119,0.518127,-0.126118,0.309873,-0.002470,0.000401,-0.000552,0.003944,-0.002807,-0.002710,0.000237,17,0.185961,0.201200,9.813413,0.014172,-0.094030,-0.008463,9.819220,0.142040,0.104893,0.052976
12.011581,0.908000,0.854000,1.517000,0.894273,0.788574,1.540721,0.871268,0.836713,1.547378,-0.013476,0.014274,-0.831705,0.554871,-0.121416,0.298717,-0.006593,0.000399,-0.000552,0.003950,-0.002806,-0.002710,0.000236,17,-0.027547,-0.424094,9.601203,-0.165486,-0.161000,0.017849,9.614964,0.245380,0.070934,0.050704
12.028143,0.904000,0.858000,1.517000,0.862393,0.812967,1.580856,0.868328,0.839549,1.548520,-0.015236,0.015754,-0.831575,0.554980,-0.120500,0.298504,-0.010375,0.000397,-0.000552,0.003932,-0.002806,-0.002711,0.000237,16,-0.248321,-0.310304,9.469878,-0.288070,-0.121795,-0.018678,9.480163,0.319846,0.088525,0.051053
12.044763,0.900000,0.862000,1.517000,0.866878,0.838103,1.541281,0.866557,0.843819,1.548055,-0.016603,0.016419,-0.830035,0.557222,-0.109367,0.296758,-0.012062,0.000397,-0.000552,0.003936,-0.002806,-0.002711,0.000236,17,-0.155548,0.208958,9.747796,-0.168527,-0.107701,-0.022702,9.752022,0.206751,0.047515,0.049126
12.061438,0.897000,0.866000,1.517000,0.854249,0.851156,1.630495,0.863593,0.849380,1.551102,-0.018057,0.016964,-0.838187,0.544819,-0.106172,0.301980,-0.008018,0.000396,-0.000552,0.003889,-0.002807,-0.002711,0.000237,17,-0.216577,-0.177567,9.823546,-0.170219,-0.092941,0.021003,9.830410,0.197479,0.122185,0.050549
12.078054,0.892000,0.870000,1.517000,0.838478,0.845653,1.586888,0.859838,0.854360,1.552416,-0.018892,0.017134,-0.846587,0.531639,-0.102701,0.301734,-0.003679,0.000394,-0.000552,0.003868,-0.002807,-0.002712,0.000237,17,-0.053385,-0.033234,9.978051,-0.097050,-0.074880,-0.019522,9.980554,0.139993,0.091333,0.050332
12.094683,0.886000,0.876000,1.516000,0.874873,0.871540,1.573063,0.859486,0.859940,1.553147,-0.019298,0.017746,-0.844525,0.534873,-0.087238,0.304733,-0.002297,0.000395,-0.000552,0.003855,-0.002807,-0.002711,0.000237,17,-0.278873,0.154040,9.868282,-0.081412,0.009907,-0.024348,9.875909,0.118059,0.058308,0.048382
12.111278,0.882000,0.880000,1.516000,0.823055,0.807646,1.513798,0.855542,0.861303,1.551589,-0.017363,0.017730,-0.843663,0.536299,-0.077569,0.294304,-0.003179,0.000390,-0.000551,0.003880,-0.002807,-0.002714,0.000237,16,-0.183750,0.473206,9.902469,0.114050,0.128833,-0.043410,9.917798,0.181443,0.093351,0.048126
12.127893,0.878000,0.884000,1.516000,0.840991,0.890991,1.568183,0.853268,0.868270,1.552285,-0.014919,0.016300,-0.854253,0.519388,-0.069377,0.298651,0.002060,0.000391,-0.000551,0.003869,-0.002807,-0.002714,0.000237,17,-0.182507,0.100898,10.087687,0.286931,0.212903,-0.005549,10.090447,0.365289,0.064356,0.046644
12.144596,0.873000,0.889000,1.515000,0.827215,0.806722,1.506963,0.850453,0.868608,1.550534,-0.011310,0.015470,-0.845116,0.534240,-0.063887,0.282666,0.001876,0.000385,-0.000550,0.003898,-0.002808,-0.002717,0.000237,17,0.116750,0.310461,9.948912,0.312024,0.217692,-0.011420,9.959216,0.385115,0.094501,0.046764
12.161156,0.869000,0.894000,1.515000,0.827546,0.856484,1.532888,0.847673,0.872534,1.549931,-0.008368,0.014846,-0.848305,0.529233,-0.065765,0.275848,0.002174,0.000383,-0.000549,0.003909,-0.002808,-0.002718,0.000237,17,0.221652,-0.136447,9.875980,0.235282,0.247823,0.016876,9.879991,0.343708,0.058701,0.046215
12.177762,0.865000,0.898000,1.515000,0.812317,0.834407,1.576972,0.843945,0.874734,1.550953,-0.006551,0.014963,-0.850813,0.525214,-0.069776,0.267109,0.002525,0.000378,-0.000547,0.003893,-0.002809,-0.002720,0.000237,16,0.122756,-0.104761,9.759499,0.083911,0.162055,0.010853,9.761327,0.187630,0.103248,0.047721
12.194401,0.859000,0.903000,1.515000,0.816802,0.887104,1.503469,0.841581,0.879448,1.549342,-0.005480,0.013956,-0.860171,0.509785,-0.070831,0.264922,0.003512,0.000377,-0.000546,0.003923,-0.002810,-0.002721,0.000237,17,0.124107,-0.061630,9.983474,0.138927,0.080059,0.005244,9.986160,0.163750,0.046544,0.045138
12.211054,0.855000,0.907000,1.515000,0.785025,0.844456,1.519005,0.842815,0.877462,1.548275,-0.001779,0.016385,-0.744601,0.667306,-0.071356,0.248025,0.006824,0.000381,-0.000526,0.003937,-0.002818,-0.002720,0.000237,17,0.318911,-0.105513,10.109968,0.055578,0.035154,-0.019833,10.117449,0.089200,0.093938,0.046132
12.227689,0.850000,0.910000,1.515000,0.811286,0.864708,1.516764,0.837290,0.880411,1.547384,0.000597,0.017401,-0.633192,0.773799,-0.072153,0.246958,0.009546,0.000401,-0.000512,0.003955,-0.002826,-0.002708,0.000237,16,0.011919,0.179064,10.044194,-0.086596,0.030357,-0.016626,10.047739,0.149438,0.059609,0.045670
12.244335,0.845000,0.916000,1.515000,0.782357,0.883870,1.531806,0.833311,0.881801,1.546917,0.001322,0.017080,-0.611709,0.790898,-0.078928,0.248962,0.010259,0.000409,-0.000507,0.003963,-0.002829,-0.002704,0.000237,3,0.079763,0.776534,10.218370,0.073275,0.108152,-0.061742,10.248182,0.147539,0.072380,0.048217
12.260931,0.841000,0.919000,1.515000,0.836635,0.879081,1.545317,0.832373,0.885337,1.547012,0.002461,0.017083,-0.608470,0.793389,-0.076161,0.246914,0.010418,0.000408,-0.000507,0.003964,-0.002829,-0.002704,0.000237,17,-0.183796,-0.053851,9.827327,0.099563,0.065550,0.049856,9.830573,0.141291,0.050317,0.047248
12.277562,0.835000,0.925000,1.515000,0.763526,0.856112,1.592092,0.826893,0.888052,1.548763,0.003917,0.016688,-0.615284,0.788119,-0.082985,0.239408,0.008647,0.000406,-0.000499,0.003936,-0.002832,-0.002705,0.000237,17,0.016469,-0.067357,9.584923,0.112354,0.080485,-0.001021,9.588523,0.155438,0.125687,0.050703
12.294193,0.831000,0.929000,1.515000,0.817935,0.941453,1.507690,0.825238,0.895375,1.547529,0.003639,0.015929,-0.634010,0.773152,-0.086527,0.241432,0.005113,0.000410,-0.000501,0.003961,-0.002832,-0.002703,0.000237,17,0.011919,-0.387591,9.683558,0.058810,-0.002845,-0.004968,9.692481,0.098626,0.019473,0.047138
12.310862,0.827000,0.933000,1.515000,0.772824,0.898994,1.601245,0.820651,0.900012,1.549537,0.003090,0.014821,-0.641700,0.766806,-0.093226,0.238512,0.004703,0.000411,-0.000496,0.003926,-0.002834,-0.002703,0.000237,17,0.004904,-0.193405,9.651387,0.001510,-0.110204,0.014633,9.654636,0.117788,0.107376,0.048181
12.327371,0.821000,0.938000,1.515000,0.802932,0.922953,1.609387,0.817845,0.903910,1.551750,0.002634,0.013732,-0.639486,0.768676,-0.095258,0.235947,0.006960,0.000416,-0.000494,0.003886,-0.002835,-0.002700,0.000237,16,0.054494,-0.184049,9.802164,0.026639,-0.136276,-0.003119,9.804690,0.144785,0.097272,0.050226
12.344008,0.817000,0.941000,1.515000,0.842962,0.888754,1.543040,0.817809,0.905979,1.551509,0.002650,0.013456,-0.628339,0.777819,-0.093498,0.228710,0.008789,0.000414,-0.000496,0.003893,-0.002834,-0.002701,0.000237,17,-0.065896,-0.261800,9.948881,0.018069,-0.085061,-0.000298,9.953600,0.110143,0.064730,0.050596
12.360653,0.811000,0.946000,1.516000,0.735706,0.899864,1.557854,0.811562,0.910012,1.551962,0.002106,0.013005,-0.636747,0.770960,-0.097870,0.225854,0.011380,0.000415,-0.000486,0.003888,-0.002839,-0.002701,0.000237,17,0.054834,0.172550,9.952905,-0.060281,-0.052447,-0.013402,9.957263,0.099129,0.097721,0.050879
12.377281,0.807000,0.951000,1.515000,0.774422,0.928082,1.542485,0.807996,0.915277,1.551880,0.001441,0.012551,-0.648018,0.761520,-0.096209,0.229992,0.011828,0.000416,-0.000483,0.003893,-0.002840,-0.002700,0.000237,17,-0.172812,0.216725,9.853377,-0.035378,-0.049701,-0.001803,9.862849,0.095468,0.048394,0.051354
12.393905,0.803000,0.954000,1.515000,0.766056,0.908600,1.571171,0.804064,0.918572,1.552753,0.001335,0.012899,-0.647401,0.762040,-0.101510,0.228903,0.013069,0.000417,-0.000477,0.003880,-0.002843,-0.002700,0.000237,16,-0.181486,-0.158337,9.834985,-0.072707,0.021975,0.047505,9.839125,0.116525,0.081124,0.051784
12.410518,0.797000,0.959000,1.515000,0.736887,0.936032,1.567289,0.798868,0.924792,1.553553,-0.000573,0.012971,-0.678619,0.734376,-0.103514,0.231433,0.013614,0.000416,-0.000470,0.003869,-0.002847,-0.002700,0.000238,17,0.063906,0.140279,9.797356,-0.182211,-0.041781,-0.027030,9.802278,0.203913,0.082917,0.051576
12.427209,0.793000,0.963000,1.515000,0.739502,0.916826,1.556224,0.794446,0.923873,1.553856,0.002446,0.013256,-0.544576,0.838603,-0.101321,0.220656,0.012193,0.000446,-0.000462,0.003860,-0.002851,-0.002684,0.000237,17,-0.086876,0.514367,9.722733,0.003291,0.000174,-0.070980,9.739120,0.120198,0.081813,0.055162
12.443831,0.789000,0.966000,1.516000,0.717930,0.943456,1.594382,0.788606,0.929256,1.555513,0.003003,0.012048,-0.556616,0.830677,-0.106093,0.221711,0.012410,0.000452,-0.000452,0.003829,-0.002856,-0.002681,0.000237,17,0.041534,0.079870,9.722543,0.121038,-0.026336,0.057680,9.724173,0.186367,0.108181,0.053959
12.460448,0.783000,0.971000,1.515000,0.730736,0.946444,1.633009,0.783563,0.934443,1.558409,0.003068,0.011873,-0.566199,0.824177,-0.113895,0.220964,0.012776,0.000458,-0.000445,0.003772,-0.002860,-0.002678,0.000237,17,0.006245,-0.232898,9.649770,0.002977,0.032726,0.040476,9.652989,0.106727,0.131379,0.056755
12.476982,0.779000,0.975000,1.515000,0.760898,0.954841,1.574254,0.780647,0.939346,1.559177,0.001990,0.012065,-0.574346,0.818521,-0.114342,0.220164,0.011743,0.000461,-0.000443,0.003760,-0.002861,-0.002676,0.000237,16,0.070209,-0.080409,9.705739,-0.120547,-0.026638,-0.027439,9.708802,0.152188,0.065154,0.056793
12.493652,0.774000,0.979000,1.515000,0.748634,0.925075,1.510448,0.777112,0.941590,1.557699,0.001352,0.012631,-0.566380,0.824046,-0.108094,0.216713,0.008449,0.000460,-0.000438,0.003795,-0.002864,-0.002676,0.000237,17,0.040553,0.438675,9.722909,-0.145275,-0.011942,-0.008811,9.736112,0.182320,0.059767,0.056854
12.510315,0.768000,0.984000,1.515000,0.695159,0.898677,1.512076,0.770769,0.942076,1.556265,0.002447,0.012781,-0.549228,0.835571,-0.108321,0.209500,0.002640,0.000461,-0.000423,0.003828,-0.002872,-0.002676,0.000236,17,0.044250,0.421615,9.561112,0.004447,0.056230,-0.010197,9.572047,0.087511,0.112224,0.058891
12.526946,0.764000,0.988000,1.515000,0.741239,0.962869,1.579343,0.767358,0.947459,1.557130,0.003185,0.012675,-0.561210,0.827570,-0.111072,0.210967,0.002753,0.000464,-0.000419,0.003810,-0.002874,-0.002674,0.000236,17,-0.101346,-0.129100,9.755873,0.088215,0.073704,-0.022272,9.760301,0.123498,0.072730,0.058565
12.543524,0.759000,0.991000,1.515000,0.690200,0.964182,1.575864,0.761428,0.952595,1.557876,0.004195,0.012275,-0.572261,0.819969,-0.119037,0.213028,0.003762,0.000470,-0.000407,0.003793,-0.002880,-0.002671,0.000237,16,-0.130310,-0.092723,9.817606,0.110236,0.078553,-0.033738,9.820861,0.158430,0.095693,0.057612
12.560168,0.753000,0.996000,1.515000,0.705548,0.958097,1.605503,0.756393,0.956647,1.559579,0.005295,0.012057,-0.576022,0.817328,-0.131172,0.213078,0.006178,0.000474,-0.000398,0.003755,-0.002884,-0.002669,0.000237,17,-0.293964,-0.436011,9.842766,0.098541,0.082125,-0.057272,9.857483,0.160221,0.108991,0.059561
12.576845,0.748000,1.000000,1.515000,0.667743,0.949662,1.554914,0.749369,0.959737,1.559580,0.006854,0.011445,-0.572047,0.820112,-0.142030,0.206353,0.009082,0.000480,-0.000382,0.003757,-0.002893,-0.002666,0.000236,17,0.065423,-0.226115,9.988250,0.139955,0.057176,-0.005246,9.991793,0.162093,0.102802,0.060086
12.593467,0.744000,1.003000,1.514000,0.712684,0.969417,1.540228,0.745229,0.963963,1.559142,0.008518,0.011300,-0.575996,0.817330,-0.142335,0.204107,0.011661,0.000483,-0.000377,0.003771,-0.002896,-0.002664,0.000236,17,0.024564,0.093410,10.009100,0.159466,0.119705,0.037850,10.011976,0.215408,0.052881,0.059692
12.610028,0.738000,1.009000,1.514000,0.703310,0.966043,1.541332,0.740885,0.967202,1.558770,0.010043,0.011152,-0.575134,0.817921,-0.140856,0.198209,0.013855,0.000486,-0.000370,0.003784,-0.002900,-0.002663,0.000236,16,0.203110,0.246211,9.997178,0.144166,0.101243,0.040741,10.005664,0.193964,0.061609,0.061317
12.626676,0.734000,1.012000,1.515000,0.668315,0.956065,1.510582,0.734685,0.969344,1.557437,0.010097,0.011146,-0.567797,0.823031,-0.151092,0.189433,0.015825,0.000491,-0.000358,0.003820,-0.002907,-0.002660,0.000235,17,0.039155,-0.264832,10.038692,-0.043965,-0.001951,-0.001551,10.044491,0.103215,0.086387,0.060174
12.643286,0.727000,1.017000,1.515000,0.707345,0.965705,1.519527,0.730902,0.971797,1.556465,0.010406,0.010603,-0.564298,0.825438,-0.150654,0.183135,0.018259,0.000492,-0.000354,0.003850,-0.002909,-0.002659,0.000235,17,0.077964,0.102318,10.046824,0.048076,-0.043901,-0.054852,10.049734,0.131028,0.055118,0.061464
12.659895,0.723000,1.021000,1.515000,0.645282,0.974638,1.560272,0.723903,0.975636,1.556979,0.010614,0.009587,-0.567813,0.823033,-0.156601,0.182207,0.023510,0.000498,-0.000337,0.003845,-0.002918,-0.002656,0.000235,17,-0.079449,0.178065,10.113127,0.053912,-0.058389,0.050957,10.116115,0.116382,0.101188,0.061813
12.676584,0.718000,1.024000,1.515000,0.649648,0.972850,1.472599,0.717491,0.978345,1.554629,0.011073,0.008962,-0.564733,0.825151,-0.156992,0.177971,0.023038,0.000503,-0.000325,0.003911,-0.002926,-0.002653,0.000235,17,0.078510,0.372697,9.954460,0.044586,-0.028721,-0.014712,9.967203,0.171271,0.095322,0.060458
12.693124,0.714000,1.028000,1.516000,0.665050,0.950727,1.515519,0.712217,0.977773,1.553643,0.011645,0.008512,-0.542315,0.840052,-0.158603,0.167973,0.021523,0.000509,-0.000315,0.003943,-0.002931,-0.002648,0.000234,16,0.062159,0.194980,9.807922,0.030118,-0.061768,-0.015986,9.812421,0.122492,0.091474,0.062793
12.709822,0.708000,1.033000,1.516000,0.660339,0.995089,1.584183,0.706752,0.980253,1.555121,0.012067,0.008663,-0.464526,0.885435,-0.159718,0.166067,0.020287,0.000573,-0.000334,0.003909,-0.002917,-0.002610,0.000238,17,0.002018,0.076768,9.664938,-0.061320,-0.020424,0.016382,9.666724,0.112197,0.091421,0.065682
12.726431,0.705000,1.035000,1.516000,0.668625,1.005288,1.627509,0.702500,0.984238,1.557790,0.011260,0.008751,-0.470854,0.882096,-0.163132,0.164376,0.019908,0.000583,-0.000330,0.003847,-0.002919,-0.002604,0.000238,15,0.070176,-0.049148,9.607902,-0.107598,-0.003547,0.013233,9.608819,0.136927,0.120996,0.065798
12.743044,0.697000,1.040000,1.516000,0.653910,0.999612,1.528900,0.697517,0.987870,1.557187,0.010908,0.007934,-0.473486,0.880698,-0.155909,0.164301,0.016423,0.000591,-0.000324,0.003869,-0.002923,-0.002600,0.000238,17,0.253571,0.638322,9.653291,-0.006695,-0.087055,-0.001542,9.679749,0.135783,0.060451,0.066440
12.759689,0.693000,1.044000,1.516000,0.642743,1.024799,1.555990,0.692498,0.992812,1.557461,0.012069,0.005780,-0.482165,0.875978,-0.157426,0.168335,0.013536,0.000604,-0.000319,0.003867,-0.002926,-0.002593,0.000239,16,-0.068474,0.311653,9.616033,0.259189,-0.128059,0.001844,9.626340,0.299695,0.067035,0.065875
12.776254,0.688000,1.047000,1.517000,0.652453,0.991484,1.574983,0.687829,0.995286,1.558226,0.013599,0.004888,-0.478712,0.877853,-0.167382,0.163685,0.011533,0.000610,-0.000311,0.003851,-0.002930,-0.002589,0.000239,17,-0.185448,-0.297215,9.647029,0.200183,-0.008928,0.029033,9.654037,0.210126,0.087793,0.066136
12.792943,0.683000,1.052000,1.517000,0.613049,1.030859,1.554694,0.681454,1.000332,1.558362,0.014624,0.004495,-0.486531,0.873529,-0.178478,0.163223,0.009598,0.000626,-0.000302,0.003850,-0.002935,-0.002580,0.000239,17,-0.076391,-0.177346,9.690463,0.125389,0.063361,0.030906,9.693688,0.156499,0.082225,0.066203
12.826152,0.673000,1.059000,1.517000,0.645920,1.026585,1.582316,0.673846,1.007264,1.559467,0.016129,0.005661,-0.493641,0.869498,-0.187117,0.158571,0.007568,0.000636,-0.000299,0.003827,-0.002937,-0.002575,0.000240,34,-0.108743,-0.061819,9.724902,0.044821,0.119692,-0.021478,9.727485,0.145749,0.077783,0.066938
12.842710,0.667000,1.062000,1.517000,0.646821,1.045973,1.589449,0.668577,1.008166,1.560587,0.017824,0.006425,-0.437082,0.899222,-0.186595,0.147629,0.008352,0.000656,-0.000294,0.003793,-0.002940,-0.002561,0.000236,16,0.198494,0.047929,9.808034,0.070127,0.084934,0.061719,9.814760,0.139310,0.076896,0.069285
12.859384,0.663000,1.066000,1.517000,0.622437,1.019714,1.590371,0.664875,1.012873,1.561743,0.016859,0.006292,-0.420051,0.907322,-0.196974,0.142135,0.008472,0.000685,-0.000308,0.003763,-0.002931,-0.002543,0.000237,12,-0.058363,-0.560778,9.735484,-0.156705,-0.080115,0.052070,9.752678,0.196307,0.095766,0.069484
12.876078,0.655000,1.070000,1.517000,0.590026,1.011786,1.505618,0.657444,1.014557,1.560037,0.015210,0.005275,-0.423901,0.905566,-0.201187,0.143323,0.007705,0.000697,-0.000294,0.003812,-0.002939,-0.002537,0.000237,17,-0.125490,0.327221,9.865535,-0.154056,-0.173001,-0.029826,9.874213,0.241813,0.087977,0.070229
12.892661,0.653000,1.073000,1.517000,0.604584,1.004857,1.586523,0.651322,1.016352,1.561029,0.014696,0.004534,-0.420674,0.907081,-0.204849,0.140450,0.008822,0.000706,-0.000281,0.003786,-0.002946,-0.002531,0.000237,17,-0.068978,0.226808,9.820501,-0.047872,-0.100701,0.054418,9.824519,0.153783,0.108724,0.071766
12.909253,0.648000,1.076000,1.517000,0.615437,1.054719,1.566234,0.646439,1.021139,1.561398,0.012976,0.004166,-0.432887,0.901345,-0.211123,0.134740,0.008858,0.000717,-0.000279,0.003779,-0.002947,-0.002526,0.000238,16,0.247491,-0.364323,9.807235,-0.161629,-0.095419,0.044210,9.818967,0.204005,0.062747,0.070593
12.925859,0.642000,1.080000,1.517000,0.576606,1.082713,1.500949,0.639871,1.027499,1.559684,0.010517,0.003749,-0.451462,0.892220,-0.217359,0.138160,0.007282,0.000736,-0.000274,0.003831,-0.002951,-0.002515,0.000240,17,0.112493,-0.002819,9.827593,-0.238004,-0.126963,-0.053287,9.830148,0.278915,0.067390,0.067697
12.942522,0.637000,1.083000,1.517000,0.626739,1.013297,1.654377,0.635481,1.028698,1.562843,0.010370,0.003163,-0.445754,0.895090,-0.217760,0.137193,0.010354,0.000740,-0.000269,0.003742,-0.002953,-0.002513,0.000239,17,-0.161262,0.235685,9.806108,-0.007575,-0.078780,0.022775,9.811498,0.110419,0.154390,0.071082
12.959131,0.632000,1.085000,1.516000,0.609607,1.089419,1.625218,0.628818,1.032314,1.565183,0.010492,0.002083,-0.463493,0.886036,-0.220434,0.143168,0.012667,0.000756,-0.000279,0.003682,-0.002947,-0.002504,0.000240,17,-0.024880,0.005284,9.811535,0.118342,-0.059878,0.048599,9.812876,0.152563,0.111578,0.072146
12.975768,0.626000,1.089000,1.516000,0.573638,1.067924,1.477517,0.623292,1.036865,1.562563,0.010923,0.001317,-0.463192,0.886190,-0.229221,0.142942,0.006009,0.000772,-0.000273,0.003761,-0.002950,-0.002493,0.000240,16,-0.129520,-0.123148,9.567482,0.079859,-0.038959,-0.014961,9.569411,0.095820,0.068315,0.069954
13.009070,0.617000,1.095000,1.516000,0.590777,1.041929,1.513232,0.614298,1.041370,1.561043,0.011402,0.001747,-0.461375,0.887130,-0.240670,0.132212,0.000663,0.000777,-0.000268,0.003810,-0.002953,-0.002490,0.000240,34,-0.017882,-0.227109,9.704726,0.007633,0.035113,0.017035,9.708287,0.111883,0.059261,0.070088
13.025642,0.610000,1.098000,1.515000,0.541025,1.083489,1.516956,0.606873,1.046634,1.559676,0.010383,0.002260,-0.472430,0.881304,-0.241559,0.132826,-0.000406,0.000798,-0.000256,0.003850,-0.002960,-0.002477,0.000241,17,0.349927,0.272648,9.828304,-0.139107,0.039750,0.001664,9.843011,0.153252,0.070513,0.068148
13.042292,0.606000,1.101000,1.515000,0.540852,1.074589,1.582673,0.599533,1.050412,1.560488,0.009383,0.002553,-0.483468,0.875308,-0.242337,0.134643,0.001740,0.000826,-0.000251,0.003821,-0.002961,-0.002460,0.000243,17,0.144598,0.419489,9.879320,-0.132266,-0.000934,-0.015546,9.891453,0.152813,0.097578,0.068339
13.058850,0.599000,1.105000,1.515000,0.537276,1.105098,1.555544,0.592487,1.052691,1.560369,0.010390,0.001863,-0.370208,0.928889,-0.249885,0.117895,0.003409,0.000884,-0.000253,0.003816,-0.002959,-0.002422,0.000244,16,-0.045604,-0.165904,9.944461,-0.022275,-0.058047,0.016681,9.948524,0.118726,0.073849,0.069548
13.075513,0.594000,1.107000,1.515000,0.542813,1.040249,1.519141,0.587401,1.053915,1.559062,0.010347,0.001593,-0.291913,0.956388,-0.244170,0.115955,0.004867,0.000945,-0.000329,0.003854,-0.002908,-0.002381,0.000244,16,0.030906,-0.116712,9.988568,-0.062835,-0.035451,0.014328,9.993635,0.094262,0.084219,0.069304
13.092110,0.590000,1.110000,1.515000,0.558588,1.094159,1.537684,0.585002,1.056821,1.558456,0.009937,0.001533,-0.303187,0.952878,-0.247978,0.119347,0.004632,0.000958,-0.000334,0.003872,-0.002905,-0.002373,0.000245,5,-0.060172,-0.141192,9.893450,-0.094083,-0.013042,0.014847,9.894705,0.098066,0.041860,0.068858
13.108763,0.580000,1.116000,1.514000,0.550971,1.089805,1.451007,0.579539,1.060564,1.555170,0.010326,0.001362,-0.311032,0.950342,-0.251894,0.123507,0.005002,0.000967,-0.000336,0.003975,-0.002904,-0.002367,0.000245,17,-0.184376,0.179632,10.032126,0.056310,0.006510,-0.023748,10.036713,0.110852,0.074141,0.069053
13.125362,0.573000,1.119000,1.514000,0.550577,1.060402,1.508848,0.575515,1.061790,1.553776,0.011665,0.001378,-0.308896,0.951023,-0.254632,0.123840,0.004398,0.000973,-0.000330,0.004019,-0.002908,-0.002363,0.000245,11,-0.173877,0.212076,9.889223,0.219237,0.088083,0.042760,9.895357,0.244126,0.062953,0.069724
13.141944,0.568000,1.122000,1.514000,0.520909,1.083696,1.539749,0.569678,1.064669,1.553434,0.011825,0.001583,-0.312977,0.949686,-0.259085,0.119233,0.004629,0.000990,-0.000326,0.004029,-0.002910,-0.002353,0.000245,14,0.219647,-0.215653,9.865814,0.016549,0.070806,0.025275,9.871438,0.119597,0.065937,0.069604
13.158659,0.564000,1.125000,1.514000,0.539817,1.129130,1.555765,0.565668,1.069569,1.553650,0.011054,0.001687,-0.324698,0.945752,-0.261600,0.121114,0.005923,0.001007,-0.000337,0.004024,-0.002904,-0.002343,0.000247,12,0.167193,-0.125953,9.911624,-0.090703,0.013341,-0.009778,9.914141,0.142274,0.048437,0.068173
13.175255,0.560000,1.127000,1.514000,0.529560,1.089129,1.588470,0.563571,1.070895,1.554728,0.011004,0.001534,-0.327414,0.944816,-0.264445,0.122932,0.007297,0.001021,-0.000336,0.003990,-0.002905,-0.002334,0.000247,2,0.181199,0.118846,9.963662,0.015388,-0.045439,-0.010306,9.966055,0.049604,0.088919,0.069421
13.191880,0.557000,1.128000,1.514000,0.540058,1.103287,1.549168,0.558705,1.074568,1.554710,0.011019,0.001404,-0.335697,0.941905,-0.268643,0.121920,0.006746,0.001029,-0.000339,0.003993,-0.002903,-0.002330,0.000247,16,-0.039833,-0.124898,9.785557,0.017756,-0.003254,0.018511,9.786998,0.074258,0.046202,0.067195
13.208451,0.550000,1.132000,1.514000,0.514330,1.047069,1.552022,0.552183,1.074593,1.554688,0.011685,0.001552,-0.319905,0.947376,-0.275907,0.114447,0.004571,0.001039,-0.000327,0.003995,-0.002910,-0.002323,0.000247,17,-0.182155,-0.154787,9.688648,0.033742,0.040689,-0.034514,9.693729,0.091565,0.099655,0.070398
13.225099,0.545000,1.134000,1.513000,0.494483,1.132962,1.483704,0.545485,1.079596,1.552699,0.012606,0.001809,-0.329363,0.944118,-0.281246,0.114814,0.001044,0.001060,-0.000331,0.004056,-0.002908,-0.002309,0.000248,17,0.052798,-0.081057,9.721906,0.106929,0.093885,0.011256,9.723329,0.156837,0.058406,0.067350
13.241808,0.539000,1.138000,1.513000,0.456058,1.108728,1.550423,0.536911,1.083096,1.552677,0.012605,0.001167,-0.332860,0.942891,-0.290470,0.108015,-0.001341,0.001089,-0.000322,0.004053,-0.002913,-0.002291,0.000248,17,0.171002,-0.332800,9.673089,0.022297,-0.040944,0.037293,9.680582,0.116799,0.095586,0.067773
13.258363,0.535000,1.140000,1.513000,0.465095,1.113865,1.582313,0.529003,1.086705,1.553566,0.012206,0.000510,-0.338163,0.941008,-0.299987,0.107143,-0.001816,0.001115,-0.000317,0.004021,-0.002917,-0.002275,0.000249,17,-0.097029,-0.128074,9.720155,-0.021783,-0.066760,-0.009876,9.721706,0.092266,0.101853,0.067245
13.274921,0.529000,1.143000,1.513000,0.472341,1.122722,1.626168,0.521292,1.090639,1.555811,0.011841,0.000285,-0.362432,0.931935,-0.308743,0.116490,0.000250,0.001130,-0.000315,0.003949,-0.002918,-0.002267,0.000250,16,-0.290818,0.069445,9.789911,-0.011437,-0.012496,0.008569,9.794990,0.050143,0.128173,0.068072
13.291609,0.522000,1.146000,1.512000,0.494154,1.108920,1.553443,0.513704,1.089809,1.555670,0.011724,0.000322,-0.340798,0.940063,-0.313818,0.109414,0.000443,0.001138,-0.000279,0.003946,-0.002947,-0.002262,0.000251,17,-0.105533,0.005797,9.833830,-0.053699,0.004230,0.015639,9.835116,0.073971,0.062192,0.071648
13.308329,0.515000,1.149000,1.512000,0.464577,1.063670,1.568839,0.506421,1.090265,1.556054,0.012190,-0.000077,-0.335905,0.941817,-0.316550,0.106134,0.002161,0.001146,-0.000261,0.003932,-0.002959,-0.002257,0.000251,17,-0.023192,0.216093,9.892685,0.043187,-0.022632,-0.013091,9.896932,0.094597,0.114256,0.073920
13.324901,0.512000,1.151000,1.512000,0.453256,1.100536,1.441919,0.499015,1.092626,1.552711,0.013112,-0.000216,-0.340846,0.940028,-0.323266,0.104676,0.001421,0.001156,-0.000251,0.004040,-0.002966,-0.002250,0.000251,17,-0.111953,-0.000223,9.976301,0.103705,0.034404,-0.039931,9.977554,0.140020,0.104445,0.072343
13.341430,0.506000,1.153000,1.512000,0.498783,1.117064,1.605374,0.494069,1.095728,1.554361,0.013730,-0.000203,-0.349103,0.936984,-0.327934,0.102731,0.006960,0.001159,-0.000258,0.003988,-0.002962,-0.002249,0.000252,16,-0.090981,-0.179322,10.062069,0.084991,0.037595,0.038894,10.064945,0.149388,0.100311,0.072228
13.358107,0.500000,1.156000,1.512000,0.448556,1.121835,1.510241,0.486925,1.099043,1.553239,0.014313,-0.000082,-0.358855,0.933284,-0.333399,0.100442,0.012398,0.001171,-0.000253,0.004028,-0.002965,-0.002241,0.000253,17,0.044326,-0.095488,10.232747,0.061306,0.056071,0.001258,10.236638,0.147951,0.061781,0.071524
13.374715,0.495000,1.159000,1.512000,0.426159,1.121470,1.529092,0.478889,1.102289,1.552784,0.014480,-0.000297,-0.369193,0.929240,-0.344130,0.098926,0.016325,0.001188,-0.000243,0.004049,-0.002972,-0.002230,0.000254,17,-0.123654,-0.194832,10.107791,0.021292,0.000449,-0.011456,10.112850,0.105287,0.080248,0.071688
13.391363,0.488000,1.162000,1.512000,0.449267,1.102553,1.521532,0.472052,1.103813,1.552129,0.014462,-0.000321,-0.368654,0.929454,-0.352682,0.093370,0.018071,0.001195,-0.000237,0.004079,-0.002977,-0.002226,0.000254,17,-0.173194,-0.257190,9.985091,-0.008655,0.002361,0.025829,9.991515,0.073832,0.071590,0.072459
13.407959,0.483000,1.165000,1.512000,0.434601,1.139672,1.510935,0.464808,1.107294,1.551267,0.014054,-0.000610,-0.397280,0.917590,-0.357911,0.099321,0.018227,0.001199,-0.000236,0.004118,-0.002978,-0.002224,0.000256,16,-0.025100,0.186446,9.888338,-0.015178,-0.024327,0.004680,9.898131,0.059659,0.054636,0.072131
13.424554,0.476000,1.167000,1.513000,0.428612,1.102435,1.550176,0.457798,1.107605,1.551482,0.014735,-0.001030,-0.382809,0.923710,-0.352728,0.097047,0.018841,0.001215,-0.000225,0.004117,-0.002983,-0.002213,0.000255,17,0.145053,0.758313,9.841804,0.072259,-0.017786,-0.003337,9.873212,0.085742,0.088296,0.073075
13.441255,0.471000,1.169000,1.512000,0.411044,1.136530,1.445873,0.450315,1.110986,1.548652,0.015098,-0.001324,-0.391589,0.920016,-0.353027,0.098083,0.015210,0.001227,-0.000220,0.004220,-0.002987,-0.002205,0.000256,17,0.158807,0.327280,9.782157,0.060702,0.000143,0.030225,9.795001,0.094106,0.094983,0.071672
13.457851,0.465000,1.171000,1.513000,0.398259,1.124185,1.473038,0.442458,1.113413,1.546645,0.015551,-0.001430,-0.395896,0.918163,-0.357250,0.093986,0.012288,0.001240,-0.000209,0.004294,-0.002995,-0.002196,0.000256,17,0.140172,0.015264,9.780844,0.047800,0.022559,0.012554,9.783666,0.108441,0.090791,0.070402
13.474455,0.460000,1.173000,1.513000,0.418934,1.139098,1.540957,0.435597,1.116333,1.546715,0.016368,-0.001285,-0.404306,0.914476,-0.360029,0.092641,0.012520,0.001248,-0.000209,0.004298,-0.002995,-0.002191,0.000257,17,0.068284,0.073956,9.834642,0.088789,0.068591,-0.020221,9.837555,0.127998,0.060144,0.070309
13.491111,0.453000,1.176000,1.513000,0.384954,1.136327,1.474546,0.427519,1.119403,1.544794,0.017386,-0.000827,-0.419205,0.907725,-0.369491,0.090837,0.009436,0.001252,-0.000199,0.004369,-0.003001,-0.002188,0.000258,16,-0.076532,-0.081816,9.756765,0.095566,0.130923,0.041801,9.757977,0.173620,0.087652,0.069738
13.507659,0.448000,1.179000,1.513000,0.389864,1.185887,1.601697,0.419007,1.124610,1.546657,0.017734,-0.000778,-0.474716,0.879960,-0.385349,0.091957,0.006066,0.001211,-0.000115,0.004303,-0.003076,-0.002231,0.000255,17,0.034052,-0.345905,9.505826,0.023091,0.093613,0.030011,9.513825,0.126059,0.106275,0.070225
13.524394,0.441000,1.181000,1.513000,0.375447,1.162782,1.489576,0.411877,1.128189,1.545056,0.017992,-0.000851,-0.484069,0.874844,-0.387980,0.093356,0.000534,0.001227,-0.000110,0.004358,-0.003080,-0.002221,0.000256,15,0.075945,0.211141,9.539015,0.032202,0.034413,-0.027236,9.542116,0.075554,0.071957,0.068299
13.540959,0.435000,1.183000,1.512000,0.386414,1.167689,1.590762,0.407646,1.131351,1.546458,0.018461,-0.001408,-0.493909,0.869316,-0.387230,0.096204,0.001273,0.001240,-0.000110,0.004309,-0.003081,-0.002213,0.000257,9,0.248305,0.484676,9.712197,0.171364,-0.009202,0.010783,9.727531,0.176427,0.093800,0.067847
13.557648,0.430000,1.185000,1.512000,0.354128,1.119842,1.547606,0.399252,1.132230,1.546478,0.018660,-0.002059,-0.490678,0.871139,-0.396030,0.085157,0.000179,0.001252,-0.000091,0.004306,-0.003094,-0.002205,0.000256,16,0.220182,-0.281934,9.758800,0.044554,-0.059064,0.028816,9.768103,0.115732,0.106160,0.070134
13.574196,0.423000,1.187000,1.512000,0.370023,1.153732,1.516758,0.392039,1.134848,1.545618,0.017809,-0.002634,-0.495927,0.868177,-0.398730,0.084343,-0.002739,0.001260,-0.000087,0.004334,-0.003096,-0.002199,0.000257,17,0.033467,0.181930,9.680260,-0.056101,-0.102098,-0.029221,9.683233,0.129648,0.062737,0.069344
13.607600,0.413000,1.190000,1.511000,0.357907,1.171792,1.510540,0.378055,1.139740,1.544519,0.014819,-0.003237,-0.504688,0.863169,-0.398299,0.083022,-0.002661,0.001271,-0.000087,0.004368,-0.003097,-0.002193,0.000258,34,0.080374,0.288684,9.838036,-0.134377,-0.112479,0.006158,9.843807,0.191052,0.058025,0.069791
13.624079,0.406000,1.192000,1.511000,0.335913,1.164908,1.684144,0.368358,1.142541,1.548761,0.013640,-0.004129,-0.533576,0.845632,-0.401064,0.091850,0.003819,0.001246,-0.000035,0.004214,-0.003142,-0.002222,0.000257,17,-0.137368,0.483032,9.922681,-0.064858,-0.135519,-0.029753,9.937048,0.156501,0.188745,0.072725
13.640694,0.401000,1.194000,1.511000,0.367295,1.152431,1.505071,0.362211,1.144082,1.547507,0.013802,-0.004429,-0.534654,0.844946,-0.402730,0.091993,0.003910,0.001244,-0.000040,0.004261,-0.003139,-0.002222,0.000257,16,-0.168307,0.333246,9.896886,0.038697,-0.021282,0.025854,9.905033,0.095333,0.053844,0.073000
13.657357,0.395000,1.195000,1.511000,0.318748,1.145207,1.481916,0.357120,1.144990,1.545574,0.014125,-0.004363,-0.535071,0.844678,-0.408302,0.090408,0.003388,0.001252,-0.000024,0.004328,-0.003151,-0.002216,0.000257,9,-0.002994,-0.092240,9.999049,0.032068,0.059179,0.019226,9.999695,0.077516,0.095601,0.071633
13.673985,0.388000,1.197000,1.510000,0.341053,1.168136,1.488911,0.350065,1.147581,1.543984,0.014052,-0.004095,-0.540425,0.841265,-0.413284,0.090880,0.005133,0.001256,-0.000025,0.004386,-0.003150,-0.002214,0.000257,17,-0.078840,-0.002056,10.026145,-0.027207,0.026124,-0.037809,10.028345,0.169681,0.059008,0.070966
13.707163,0.378000,1.200000,1.510000,0.321293,1.149336,1.533698,0.335714,1.150472,1.543906,0.012887,-0.001625,-0.540063,0.841525,-0.423972,0.081276,0.010182,0.001260,-0.000018,0.004397,-0.003155,-0.002211,0.000258,33,0.044012,-0.126914,9.986608,-0.147932,0.087625,0.031433,9.994679,0.217443,0.079650,0.073421
13.723800,0.370000,1.201000,1.510000,0.327613,1.131217,1.506075,0.328860,1.150388,1.542882,0.011335,-0.001260,-0.535577,0.844409,-0.420790,0.074572,0.011212,0.001255,-0.000013,0.004441,-0.003158,-0.002214,0.000257,17,0.228044,0.261723,9.956028,-0.203147,-0.075190,-0.043430,9.966901,0.233217,0.081742,0.073043
13.742550,0.363000,1.203000,1.510000,0.379042,1.180324,1.566224,0.324136,1.153068,1.543858,0.011019,-0.001766,-0.539547,0.841881,-0.417550,0.076637,0.012384,0.001246,-0.000047,0.004417,-0.003135,-0.002221,0.000257,19,-0.098731,0.136630,9.831609,0.014531,-0.069961,-0.030939,9.838368,0.156034,0.062711,0.071763
13.759236,0.358000,1.205000,1.510000,0.320496,1.178051,1.565121,0.317490,1.155668,1.544741,0.010337,-0.002113,-0.543436,0.839384,-0.423141,0.072169,0.012677,0.001252,-0.000054,0.004393,-0.003131,-0.002218,0.000257,17,0.163403,-0.297718,9.792489,-0.044487,-0.077366,0.071010,9.799809,0.135536,0.071911,0.072675
13.775847,0.352000,1.206000,1.510000,0.311072,1.145564,1.493233,0.310533,1.156075,1.543341,0.008989,-0.002029,-0.541031,0.840952,-0.425706,0.067421,0.012609,0.001247,-0.000053,0.004452,-0.003132,-0.002220,0.000257,17,0.044901,-0.052514,9.913075,-0.151787,-0.088614,-0.009166,9.915074,0.185767,0.074892,0.072963
13.792380,0.345000,1.207000,1.510000,0.282464,1.196484,1.519183,0.303008,1.159606,1.542845,0.008508,-0.002291,-0.547076,0.837037,-0.422458,0.072299,0.011852,0.001264,-0.000052,0.004476,-0.003133,-0.002210,0.000258,16,0.015268,0.508985,9.800426,-0.030693,-0.050986,-0.032860,9.819322,0.080848,0.064075,0.071332
13.809007,0.340000,1.209000,1.510000,0.292248,1.173194,1.507288,0.296153,1.161463,1.541930,0.009101,-0.001850,-0.548743,0.835939,-0.421121,0.077375,0.008722,0.001267,-0.000053,0.004516,-0.003132,-0.002208,0.000258,17,-0.228914,0.372086,9.680233,0.030214,0.080374,0.019070,9.696052,0.113922,0.059747,0.072124
13.825677,0.332000,1.210000,1.510000,0.264989,1.164439,1.463043,0.288188,1.162844,1.539609,0.010009,-0.000102,-0.548309,0.836216,-0.423506,0.079647,0.003424,0.001272,-0.000043,0.004603,-0.003139,-0.002204,0.000258,17,-0.228521,0.166421,9.638603,-0.031214,0.240051,0.030227,9.644809,0.255361,0.093655,0.070851
13.842298,0.327000,1.211000,1.510000,0.274922,1.185893,1.562154,0.280981,1.165446,1.540375,0.010235,0.001724,-0.552396,0.833517,-0.425927,0.078034,0.002119,0.001280,-0.000044,0.004576,-0.003138,-0.002199,0.000258,17,0.051163,-0.040343,9.686641,-0.095103,0.207343,-0.024759,9.687879,0.245653,0.077862,0.071523
13.858874,0.319000,1.212000,1.510000,0.260839,1.169843,1.537970,0.273662,1.166899,1.540313,0.010774,0.002481,-0.553123,0.833026,-0.427056,0.075652,-0.000868,0.001285,-0.000038,0.004578,-0.003142,-0.002196,0.000258,16,0.018114,0.070101,9.625692,-0.002519,0.119052,-0.030340,9.626508,0.143585,0.077086,0.070771
13.875521,0.316000,1.213000,1.509000,0.292582,1.161335,1.585349,0.267963,1.167635,1.541657,0.011570,0.002937,-0.552007,0.833754,-0.428352,0.070066,-0.002012,0.001277,-0.000049,0.004529,-0.003135,-0.002202,0.000258,17,0.037279,-0.133403,9.652991,0.052429,0.093262,0.046430,9.655369,0.161539,0.095115,0.073703
13.892142,0.309000,1.215000,1.509000,0.271686,1.171160,1.465164,0.261623,1.168650,1.539251,0.010859,0.002894,-0.551604,0.834031,-0.430195,0.062439,-0.006299,0.001271,-0.000056,0.004616,-0.003130,-0.002206,0.000258,17,0.195142,-0.196187,9.705331,-0.069244,-0.053160,0.021317,9.710672,0.146076,0.072359,0.072856
13.908771,0.303000,1.216000,1.509000,0.251014,1.195312,1.582783,0.254357,1.171652,1.540517,0.010742,0.002452,-0.572538,0.819804,-0.429673,0.067689,-0.004346,0.001237,-0.000025,0.004566,-0.003164,-0.002245,0.000257,17,-0.141373,0.170541,9.841779,0.013827,-0.058810,-0.015492,9.846207,0.100135,0.092598,0.072981
13.925408,0.294000,1.218000,1.509000,0.231944,1.179364,1.582801,0.246404,1.173259,1.541778,0.008984,0.002682,-0.573634,0.819058,-0.434842,0.067285,-0.000743,0.001245,-0.000018,0.004516,-0.003169,-0.002240,0.000257,17,-0.159924,-0.115534,9.945821,-0.195121,-0.096707,0.016250,9.947989,0.231910,0.103876,0.073086
13.941985,0.290000,1.218000,1.509000,0.247620,1.187312,1.533026,0.239555,1.174662,1.541559,0.008803,0.003006,-0.576389,0.817123,-0.432061,0.064256,0.005730,0.001248,-0.000035,0.004527,-0.003157,-0.002238,0.000257,16,0.111295,0.232605,10.237317,-0.033837,0.019514,-0.060230,10.243033,0.096239,0.057577,0.074047
13.958621,0.283000,1.220000,1.508000,0.247410,1.182577,1.626558,0.233230,1.175967,1.544306,0.007366,0.002646,-0.576128,0.817322,-0.431405,0.061371,0.012390,0.001252,-0.000043,0.004432,-0.003151,-0.002236,0.000257,17,0.054861,0.017739,10.063410,-0.118714,-0.134572,0.031374,10.065007,0.189986,0.129318,0.075724
13.975296,0.277000,1.221000,1.508000,0.205638,1.154645,1.520908,0.225145,1.175876,1.543776,0.006395,0.002218,-0.573657,0.819068,-0.432655,0.060822,0.015138,0.001250,-0.000027,0.004458,-0.003161,-0.002236,0.000257,17,-0.182780,0.117678,10.019957,-0.085232,-0.117687,-0.060341,10.023822,0.190194,0.098296,0.077492
13.991908,0.272000,1.222000,1.509000,0.239336,1.197620,1.605231,0.219032,1.177932,1.545949,0.005887,0.001648,-0.576838,0.816835,-0.433597,0.063145,0.019004,0.001253,-0.000042,0.004389,-0.003151,-0.002236,0.000257,17,-0.178921,-0.043013,9.927032,-0.003218,-0.093129,-0.053801,9.931196,0.119325,0.104508,0.078185
14.008538,0.267000,1.223000,1.508000,0.225073,1.181294,1.498589,0.212891,1.178914,1.544808,0.006438,0.001287,-0.576857,0.816819,-0.430623,0.062708,0.020827,0.001248,-0.000050,0.004444,-0.003145,-0.002239,0.000257,16,-0.032742,0.186363,10.021761,0.084582,-0.001182,-0.007885,10.024096,0.111183,0.059882,0.078906
14.025079,0.259000,1.225000,1.509000,0.218867,1.207930,1.575915,0.206335,1.181334,1.546128,0.007380,0.001010,-0.580144,0.814480,-0.433346,0.062820,0.024196,0.001254,-0.000067,0.004410,-0.003132,-0.002236,0.000257,17,-0.094371,-0.183755,9.968604,0.131903,0.042286,0.008686,9.971784,0.159133,0.079873,0.077838
14.041811,0.254000,1.226000,1.508000,0.200966,1.205731,1.514633,0.199408,1.183455,1.545576,0.008232,0.001187,-0.581989,0.813154,-0.438437,0.063881,0.024908,0.001263,-0.000073,0.004445,-0.003128,-0.002230,0.000257,17,-0.119715,-0.164216,9.914981,0.077303,0.080945,-0.002605,9.918121,0.145021,0.057162,0.078755
14.058393,0.246000,1.227000,1.509000,0.188574,1.201216,1.562974,0.191825,1.185295,1.546530,0.009290,0.001533,-0.583353,0.812164,-0.438356,0.059886,0.026169,0.001272,-0.000077,0.004425,-0.003124,-0.002225,0.000257,17,0.186545,-0.006948,9.857842,0.078377,0.109372,-0.044757,9.860545,0.148676,0.082920,0.077992
14.075012,0.241000,1.228000,1.509000,0.212623,1.197680,1.620768,0.186223,1.186676,1.549200,0.009465,0.001368,-0.585208,0.810827,-0.438012,0.052818,0.026199,0.001271,-0.000094,0.004343,-0.003112,-0.002227,0.000257,16,0.323681,-0.123716,9.672352,0.035538,-0.007032,-0.033624,9.679480,0.069272,0.119233,0.079525
14.091588,0.235000,1.229000,1.508000,0.194296,1.204178,1.532140,0.180190,1.188245,1.549103,0.008769,0.001329,-0.586800,0.809683,-0.436117,0.049523,0.025492,0.001272,-0.000103,0.004363,-0.003106,-0.002226,0.000257,17,0.162967,0.122922,9.799223,-0.057164,-0.051977,0.011148,9.802163,0.116126,0.053438,0.079716
14.108257,0.228000,1.230000,1.508000,0.169602,1.212663,1.467192,0.173187,1.190085,1.547031,0.008596,0.001288,-0.588830,0.808210,-0.431647,0.047685,0.023307,0.001280,-0.000108,0.004455,-0.003102,-0.002221,0.000258,17,0.169353,0.301077,9.835347,-0.015154,-0.015413,-0.061348,9.842906,0.109908,0.073322,0.078237
14.124916,0.222000,1.232000,1.508000,0.174665,1.217962,1.593481,0.166050,1.192125,1.548857,0.009298,0.001036,-0.588543,0.808412,-0.433267,0.048809,0.025396,0.001295,-0.000126,0.004403,-0.003088,-0.002211,0.000257,17,-0.150845,-0.011286,9.850207,0.090641,0.029317,-0.012929,9.853547,0.123821,0.098715,0.079935
14.141507,0.216000,1.233000,1.508000,0.183224,1.203723,1.496040,0.160108,1.193267,1.547637,0.009857,0.001719,-0.589737,0.807533,-0.434925,0.049756,0.021089,0.001289,-0.000143,0.004465,-0.003076,-0.002216,0.000257,17,-0.217418,-0.064400,9.651014,0.009850,0.099630,-0.000749,9.655937,0.131699,0.045546,0.079207
14.158133,0.209000,1.234000,1.508000,0.145478,1.209603,1.535808,0.152925,1.194826,1.547606,0.010191,0.003262,-0.590438,0.807012,-0.436823,0.049779,0.018588,0.001298,-0.000142,0.004477,-0.003076,-0.002210,0.000257,16,-0.108780,0.021927,9.675646,-0.083828,0.184064,0.024736,9.677046,0.227226,0.073509,0.079043
14.174731,0.204000,1.235000,1.508000,0.119871,1.228632,1.568317,0.144983,1.197287,1.548556,0.010613,0.004478,-0.591379,0.806311,-0.438262,0.049583,0.019060,0.001327,-0.000132,0.004450,-0.003083,-0.002187,0.000257,17,0.027362,0.134837,9.786980,-0.056879,0.167753,-0.034842,9.788374,0.188802,0.103713,0.080932
14.191447,0.196000,1.236000,1.508000,0.171269,1.203918,1.643056,0.139340,1.198262,1.551762,0.011728,0.005255,-0.592921,0.805158,-0.436185,0.046455,0.023868,0.001323,-0.000150,0.004345,-0.003070,-0.002193,0.000257,17,-0.003614,0.050659,9.927601,0.057867,0.153089,0.000476,9.928747,0.168837,0.141000,0.080930
14.208005,0.190000,1.236000,1.508000,0.132952,1.195037,1.624069,0.132123,1.198815,1.554346,0.012561,0.005438,-0.592655,0.805340,-0.437272,0.037044,0.026020,0.001324,-0.000149,0.004264,-0.003071,-0.002193,0.000257,17,0.297114,-0.090242,9.817800,0.066999,0.078338,0.014708,9.823769,0.159385,0.135663,0.082948
14.224642,0.185000,1.238000,1.507000,0.132752,1.176737,1.528381,0.125499,1.198204,1.553927,0.013415,0.004871,-0.591590,0.806113,-0.438992,0.027473,0.026123,0.001309,-0.000148,0.004295,-0.003072,-0.002203,0.000257,16,0.192696,-0.139477,9.883372,0.125496,-0.003299,-0.011184,9.887352,0.196773,0.083307,0.085594
14.241247,0.178000,1.239000,1.507000,0.094650,1.183067,1.525714,0.117320,1.197970,1.553457,0.013755,0.004492,-0.590286,0.807065,-0.448706,0.021634,0.025787,0.001308,-0.000132,0.004327,-0.003084,-0.002203,0.000257,17,-0.093463,-0.405464,9.859267,0.046495,-0.017734,-0.000463,9.868742,0.097940,0.102107,0.086739
14.257916,0.172000,1.240000,1.507000,0.085186,1.241547,1.522566,0.109114,1.200418,1.552985,0.013773,0.003673,-0.592629,0.805350,-0.453564,0.019053,0.026009,0.001335,-0.000128,0.004358,-0.003087,-0.002182,0.000257,17,0.058928,-0.146622,9.884144,0.057595,-0.066106,-0.008377,9.888679,0.163678,0.088212,0.087384
14.274470,0.167000,1.241000,1.507000,0.130159,1.212055,1.625238,0.102941,1.201160,1.555623,0.014173,0.002438,-0.593867,0.804435,-0.455740,0.015794,0.029324,0.001335,-0.000146,0.004278,-0.003074,-0.002185,0.000257,17,-0.051106,-0.126092,9.879237,0.134865,-0.092665,0.032407,9.883492,0.176295,0.127182,0.089750
14.291128,0.159000,1.241000,1.507000,0.122940,1.219859,1.514083,0.097069,1.202166,1.554832,0.014192,0.001701,-0.596166,0.802734,-0.454195,0.012612,0.030515,0.001331,-0.000165,0.004327,-0.003059,-0.002190,0.000257,16,0.068781,0.109628,9.972339,0.065876,-0.076263,0.039277,9.975280,0.133050,0.042396,0.087358
14.307689,0.154000,1.243000,1.507000,0.098358,1.194094,1.529360,0.090238,1.201900,1.554543,0.014411,0.000951,-0.596387,0.802567,-0.455477,0.010403,0.033438,0.001323,-0.000168,0.004357,-0.003056,-0.002196,0.000257,17,-0.124250,0.074680,10.045034,0.070802,-0.067915,-0.073484,10.047603,0.176065,0.077381,0.089528
14.324345,0.148000,1.244000,1.507000,0.111627,1.203835,1.582579,0.084163,1.201981,1.555939,0.015243,-0.000357,-0.596773,0.802265,-0.453744,0.005949,0.036693,0.001316,-0.000185,0.004328,-0.003044,-0.002203,0.000257,17,0.070257,0.129635,9.967390,0.181310,-0.075660,0.013990,9.970325,0.211712,0.092997,0.090751
14.340978,0.141000,1.245000,1.507000,0.126243,1.152218,1.556228,0.078740,1.199467,1.556475,0.015462,-0.001036,-0.595311,0.803346,-0.456590,-0.005651,0.038242,0.001273,-0.000203,0.004335,-0.003032,-0.002237,0.000257,17,0.149187,-0.224783,9.928098,0.077607,-0.068601,0.027218,9.934780,0.147718,0.106065,0.091637
14.357660,0.136000,1.245000,1.507000,0.110751,1.198179,1.612559,0.072876,1.199076,1.558801,0.015853,-0.001952,-0.595308,0.803338,-0.453241,-0.012784,0.041164,0.001264,-0.000226,0.004275,-0.003015,-0.002245,0.000257,17,0.243917,0.172575,9.888420,0.109114,-0.067608,-0.030217,9.895318,0.161728,0.118205,0.093686
14.374193,0.129000,1.246000,1.508000,0.058395,1.248466,1.581009,0.065577,1.201162,1.560190,0.016286,-0.003100,-0.595832,0.802938,-0.454146,-0.013234,0.044714,0.001297,-0.000233,0.004247,-0.003008,-0.002220,0.000257,16,0.095169,0.179633,9.986802,0.130591,-0.073086,0.026697,9.989627,0.178018,0.101594,0.093577
14.407465,0.118000,1.247000,1.508000,0.079443,1.221367,1.563040,0.051929,1.201315,1.561852,0.014890,-0.004162,-0.596130,0.802739,-0.458607,-0.023615,0.050609,0.001301,-0.000257,0.004247,-0.002990,-0.002218,0.000256,34,0.151649,-0.009161,9.997209,-0.026574,-0.103449,-0.000995,10.003110,0.149607,0.071924,0.096708
14.424148,0.110000,1.247000,1.508000,0.062841,1.214289,1.554287,0.045269,1.201402,1.562447,0.013737,-0.004533,-0.596111,0.802772,-0.463897,-0.027595,0.050580,0.001304,-0.000272,0.004257,-0.002977,-0.002217,0.000256,17,0.057454,-0.199989,9.834962,-0.080844,-0.121450,0.015967,9.837711,0.162614,0.073733,0.096093
14.440739,0.104000,1.247000,1.508000,0.010634,1.186071,1.554258,0.036618,1.200395,1.562918,0.012120,-0.004771,-0.596154,0.802765,-0.467268,-0.032855,0.048255,0.001302,-0.000251,0.004267,-0.002994,-0.002217,0.000256,16,0.162706,0.092217,9.684501,-0.157737,-0.149845,-0.006603,9.696296,0.223896,0.120703,0.098632
14.457283,0.100000,1.248000,1.509000,0.014610,1.225540,1.622598,0.028562,1.201201,1.565537,0.010135,-0.005403,-0.596847,0.802273,-0.463002,-0.035211,0.047333,0.001326,-0.000247,0.004194,-0.002996,-0.002199,0.000256,17,0.334277,0.478497,9.624746,-0.160556,-0.205161,-0.035208,9.643890,0.265728,0.143876,0.102421
14.474030,0.092000,1.249000,1.509000,0.019210,1.188837,1.522664,0.021015,1.200003,1.564918,0.008362,-0.006307,-0.596547,0.802509,-0.460020,-0.038930,0.044812,0.001317,-0.000244,0.004246,-0.002999,-0.002206,0.000256,17,0.203965,0.355630,9.738059,-0.114380,-0.226463,0.016609,9.748918,0.256194,0.095418,0.102794
14.490593,0.086000,1.249000,1.509000,0.017377,1.225584,1.549301,0.013781,1.200546,1.565153,0.007361,-0.007078,-0.596844,0.802292,-0.464042,-0.036615,0.041428,0.001332,-0.000253,0.004265,-0.002991,-0.002194,0.000256,17,-0.083819,-0.053126,9.637094,-0.043310,-0.147755,0.003901,9.641222,0.158484,0.082955,0.103521
14.507269,0.081000,1.249000,1.509000,0.013547,1.195206,1.552912,0.006467,1.199698,1.565388,0.008052,-0.007649,-0.596808,0.802307,-0.456843,-0.032665,0.035615,0.001326,-0.000257,0.004281,-0.002988,-0.002199,0.000256,17,-0.117123,0.650810,9.475794,0.104341,-0.010999,-0.014281,9.501671,0.119867,0.096809,0.105667
14.523804,0.073000,1.249000,1.508000,0.005742,1.219966,1.475818,-0.000229,1.200009,1.563136,0.009359,-0.008474,-0.596625,0.802421,-0.455650,-0.031357,0.027703,0.001333,-0.000268,0.004386,-0.002979,-0.002194,0.000255,16,0.024704,0.244338,9.487141,0.197100,0.016218,0.029506,9.493608,0.203989,0.080014,0.103935
14.540432,0.068000,1.249000,1.508000,0.005952,1.185286,1.550262,-0.007035,1.198711,1.563123,0.010296,-0.008685,-0.596366,0.802600,-0.463543,-0.035844,0.023008,0.001319,-0.000274,0.004403,-0.002975,-0.002205,0.000255,17,0.062530,-0.336460,9.560881,0.112325,0.041604,0.008180,9.567844,0.127573,0.098465,0.105820
14.557147,0.062000,1.250000,1.508000,-0.047321,1.222413,1.554704,-0.016083,1.199398,1.563235,0.009457,-0.008317,-0.596917,0.802204,-0.472010,-0.039626,0.021576,0.001344,-0.000258,0.004410,-0.002985,-0.002185,0.000255,17,0.246302,-0.218955,9.740031,-0.109958,-0.014287,0.001151,9.749621,0.148822,0.122038,0.108206
14.573785,0.053000,1.249000,1.508000,-0.014254,1.206501,1.544152,-0.023374,1.199028,1.563002,0.009770,-0.007486,-0.597166,0.802023,-0.472269,-0.037756,0.021974,0.001345,-0.000267,0.004434,-0.002978,-0.002184,0.000255,17,-0.085186,0.200586,9.866976,-0.031736,0.098438,-0.045237,9.871313,0.138913,0.087386,0.106562
14.590338,0.048000,1.250000,1.507000,-0.002391,1.214329,1.598574,-0.029491,1.199069,1.564470,0.010830,-0.006450,-0.597107,0.802062,-0.475159,-0.034270,0.024671,0.001349,-0.000289,0.004393,-0.002961,-0.002183,0.000255,16,-0.252858,-0.009761,9.912713,0.035542,0.186409,-0.014260,9.918070,0.198541,0.110443,0.109095
14.606942,0.040000,1.249000,1.507000,-0.030055,1.200089,1.486816,-0.036701,1.198437,1.562477,0.011398,-0.004953,-0.596618,0.802429,-0.481680,-0.038054,0.025727,0.001344,-0.000295,0.004485,-0.002956,-0.002187,0.000255,17,0.051490,-0.234056,10.044970,-0.048036,0.191187,0.056401,10.050199,0.216881,0.087791,0.107319
14.623627,0.034000,1.249000,1.507000,-0.050826,1.185291,1.599948,-0.044942,1.197298,1.564057,0.012336,-0.003659,-0.597026,0.802119,-0.484799,-0.040134,0.031119,0.001339,-0.000288,0.004442,-0.002962,-0.002190,0.000255,17,-0.029616,0.062729,10.070061,-0.013671,0.186497,-0.050049,10.073066,0.248154,0.141045,0.110274
14.656824,0.020000,1.249000,1.507000,-0.055330,1.234126,1.475311,-0.060039,1.197553,1.562344,0.012402,-0.001162,-0.597208,0.801990,-0.483419,-0.049778,0.034238,0.001360,-0.000303,0.004551,-0.002949,-0.002174,0.000254,33,0.253601,0.141597,10.001145,-0.086479,0.129134,-0.018595,10.006894,0.206607,0.083066,0.110073
14.673431,0.014000,1.249000,1.506000,-0.049888,1.200650,1.518262,-0.066816,1.196724,1.561486,0.013027,-0.000749,-0.597172,0.802007,-0.482895,-0.057675,0.034120,0.001355,-0.000317,0.004606,-0.002937,-0.002178,0.000254,17,0.327918,0.017318,9.907754,0.032659,0.080221,-0.035372,9.915445,0.177976,0.081054,0.111097
14.690115,0.008000,1.249000,1.506000,-0.013075,1.190902,1.566279,-0.071760,1.195157,1.562163,0.012918,-0.000244,-0.596122,0.802790,-0.484657,-0.062472,0.035029,0.001334,-0.000359,0.004606,-0.002906,-0.002198,0.000254,17,-0.029904,-0.243684,9.870638,-0.042870,0.027195,0.050158,9.876755,0.123938,0.086331,0.111423
14.706740,0.000000,1.248000,1.506000,-0.040711,1.207281,1.551638,-0.077726,1.194510,1.562408,0.012607,0.001107,-0.595468,0.803280,-0.478652,-0.063259,0.035746,0.001331,-0.000389,0.004622,-0.002882,-0.002201,0.000253,17,-0.030649,0.337132,9.875030,-0.124627,0.105305,-0.025971,9.882338,0.194276,0.073473,0.109928
14.723377,-0.005000,1.248000,1.506000,-0.042519,1.193276,1.510742,-0.083532,1.193127,1.561363,0.013155,0.002227,-0.595195,0.803471,-0.475806,-0.068111,0.035933,0.001316,-0.000420,0.004688,-0.002858,-0.002215,0.000253,17,0.057701,0.076541,9.932617,-0.018201,0.141976,-0.045443,9.934791,0.170940,0.066520,0.110650
14.756606,-0.020000,1.247000,1.506000,-0.098324,1.215704,1.605389,-0.099080,1.192023,1.564005,0.012885,0.003687,-0.594159,0.804236,-0.476380,-0.074996,0.038970,0.001339,-0.000427,0.004633,-0.002851,-0.002197,0.000252,33,0.056629,0.069909,9.862377,-0.067626,0.064166,0.000899,9.873301,0.139348,0.130354,0.112431
14.773307,-0.025000,1.247000,1.506000,-0.093753,1.198390,1.636859,-0.106159,1.191165,1.567004,0.012458,0.004418,-0.593809,0.804498,-0.467465,-0.076131,0.042347,0.001345,-0.000437,0.004542,-0.002843,-0.002192,0.000251,17,0.035368,0.583755,9.859582,-0.096847,0.037687,-0.028520,9.878142,0.128181,0.155609,0.115870
14.789875,-0.031000,1.247000,1.506000,-0.059375,1.219711,1.595380,-0.110997,1.191106,1.568633,0.012582,0.004589,-0.591972,0.805848,-0.458771,-0.078291,0.043743,0.001354,-0.000485,0.004510,-0.002805,-0.002186,0.000250,17,0.095775,0.325604,9.838179,0.010736,0.025363,-0.026532,9.845868,0.077782,0.097666,0.115959
14.806476,-0.039000,1.246000,1.506000,-0.077465,1.240875,1.565443,-0.115990,1.192139,1.569257,0.012489,0.004575,-0.589033,0.807999,-0.455670,-0.081157,0.043625,0.001383,-0.000527,0.004515,-0.002769,-0.002163,0.000248,16,0.170742,-0.018599,9.813997,0.005337,0.000019,-0.022571,9.816856,0.096698,0.070988,0.113270
14.823017,-0.045000,1.245000,1.506000,-0.090406,1.206075,1.614900,-0.121636,1.191449,1.571437,0.012545,0.004898,-0.588092,0.808682,-0.453418,-0.080780,0.046335,0.001387,-0.000554,0.004461,-0.002747,-0.002161,0.000247,17,-0.176992,0.116710,9.884049,-0.012006,0.029568,-0.002416,9.888308,0.123356,0.124242,0.114117
14.839734,-0.051000,1.245000,1.506000,-0.127447,1.171639,1.568796,-0.128955,1.189139,1.572057,0.012390,0.005859,-0.589411,0.807717,-0.448873,-0.086479,0.046209,0.001371,-0.000550,0.004467,-0.002751,-0.002175,0.000248,17,0.104219,0.334595,9.815090,-0.091969,0.074553,0.010920,9.822245,0.157301,0.123164,0.116452
14.856335,-0.059000,1.244000,1.506000,-0.093370,1.218601,1.580729,-0.134111,1.189020,1.573083,0.011858,0.006730,-0.587088,0.809409,-0.441932,-0.086781,0.043660,0.001383,-0.000588,0.004459,-0.002720,-0.002165,0.000246,17,-0.034904,0.262062,9.637682,-0.105824,0.051315,0.001051,9.642215,0.137809,0.086086,0.114737
14.872969,-0.065000,1.243000,1.506000,-0.127538,1.202608,1.479407,-0.140577,1.188138,1.570771,0.011745,0.007336,-0.586474,0.809849,-0.435399,-0.087417,0.039314,0.001386,-0.000603,0.004575,-0.002706,-0.002163,0.000246,17,-0.067982,0.369709,9.731401,-0.051541,0.050901,-0.022839,9.740460,0.093661,0.079055,0.113653
14.889514,-0.073000,1.243000,1.506000,-0.086618,1.199561,1.555911,-0.144492,1.187005,1.570892,0.011675,0.007856,-0.586090,0.810124,-0.429683,-0.089652,0.038287,0.001376,-0.000649,0.004598,-0.002669,-0.002174,0.000245,16,-0.076273,0.108259,9.781896,-0.030851,0.041953,-0.036030,9.783565,0.087070,0.067554,0.111613
14.906174,-0.079000,1.242000,1.506000,-0.131929,1.189387,1.538124,-0.150478,1.185536,1.570461,0.012205,0.008224,-0.586109,0.810099,-0.429096,-0.095797,0.038600,0.001371,-0.000664,0.004640,-0.002657,-0.002179,0.000245,17,0.073550,-0.077249,9.908027,0.027713,0.073281,-0.010386,9.909113,0.144018,0.081250,0.111591
14.922847,-0.085000,1.242000,1.506000,-0.140266,1.213062,1.588490,-0.156564,1.185382,1.571672,0.013183,0.008737,-0.583072,0.812267,-0.427023,-0.099185,0.037309,0.001391,-0.000683,0.004619,-0.002640,-0.002161,0.000243,17,0.066128,0.010783,9.701203,0.071057,0.131247,-0.008520,9.702086,0.159198,0.103423,0.112426
14.939468,-0.092000,1.241000,1.506000,-0.130408,1.225394,1.534833,-0.161834,1.185612,1.571133,0.012105,0.009437,-0.578904,0.815251,-0.422234,-0.104374,0.035392,0.001413,-0.000715,0.004665,-0.002611,-0.002141,0.000241,17,0.222310,0.027601,9.774970,-0.140568,0.003978,0.032417,9.780508,0.179199,0.050498,0.110395
14.956076,-0.098000,1.240000,1.505000,-0.140942,1.223558,1.562464,-0.167017,1.185842,1.571459,0.011063,0.009825,-0.575382,0.817751,-0.412442,-0.105587,0.037212,0.001436,-0.000743,0.004676,-0.002585,-0.002120,0.000239,16,0.127018,0.402368,9.945585,-0.124376,-0.027400,-0.075000,9.960961,0.163292,0.073597,0.110060
14.972642,-0.106000,1.240000,1.505000,-0.131279,1.205069,1.573645,-0.171532,1.184952,1.572140,0.011245,0.009973,-0.574071,0.818668,-0.404108,-0.106068,0.039582,0.001440,-0.000777,0.004676,-0.002557,-0.002118,0.000238,17,-0.074555,0.331396,9.954493,0.020796,0.023715,-0.002113,9.962531,0.089728,0.081064,0.108777
14.989356,-0.111000,1.239000,1.505000,-0.160317,1.171310,1.466633,-0.177166,1.182252,1.569412,0.011668,0.010155,-0.576684,0.816821,-0.397227,-0.109516,0.037564,0.001418,-0.000788,0.004805,-0.002548,-0.002140,0.000240,17,-0.080713,0.361437,9.904456,0.033414,0.037224,0.058307,9.914198,0.134091,0.092120,0.108384
15.005987,-0.117000,1.238000,1.505000,-0.183355,1.185489,1.616985,-0.183669,1.180769,1.571533,0.011884,0.009810,-0.575819,0.817432,-0.395944,-0.111552,0.041330,0.001424,-0.000789,0.004749,-0.002548,-0.002134,0.000239,17,-0.111229,0.100974,9.943225,0.042538,-0.018456,-0.020959,9.946587,0.082678,0.140361,0.110212
15.022560,-0.125000,1.238000,1.505000,-0.158730,1.188736,1.520520,-0.188378,1.179234,1.570570,0.012001,0.009385,-0.575932,0.817356,-0.398845,-0.115075,0.042250,0.001419,-0.000813,0.004812,-0.002527,-0.002139,0.000239,16,-0.176714,-0.321391,9.979687,0.049307,-0.041179,-0.049138,9.987043,0.118439,0.061689,0.108488
15.039178,-0.130000,1.237000,1.505000,-0.156278,1.180648,1.523754,-0.192938,1.177209,1.569754,0.012195,0.009076,-0.576718,0.816802,-0.399604,-0.119902,0.043186,0.001407,-0.000841,0.004872,-0.002505,-0.002152,0.000239,17,-0.106303,-0.205022,9.971261,0.048322,-0.028251,-0.006745,9.975190,0.076527,0.064945,0.108302
15.055836,-0.136000,1.237000,1.505000,-0.174645,1.177358,1.592051,-0.198270,1.175214,1.571151,0.011507,0.008608,-0.576810,0.816752,-0.397488,-0.124635,0.046802,0.001402,-0.000858,0.004848,-0.002491,-0.002157,0.000239,17,-0.003478,0.015072,10.002927,-0.023898,-0.095060,-0.008494,10.004140,0.186628,0.112376,0.109868
15.072487,-0.141000,1.236000,1.506000,-0.177494,1.211779,1.543498,-0.203271,1.175120,1.571095,0.012181,0.007781,-0.572096,0.820059,-0.387401,-0.122429,0.048157,0.001421,-0.000884,0.004882,-0.002467,-0.002137,0.000236,17,-0.036914,0.489195,9.945582,0.137316,-0.028195,-0.035146,9.958457,0.213455,0.057659,0.108726
15.089091,-0.149000,1.235000,1.505000,-0.182009,1.174341,1.558963,-0.208341,1.172882,1.571482,0.012304,0.007234,-0.572500,0.819780,-0.379104,-0.129800,0.048485,0.001413,-0.000904,0.004899,-0.002451,-0.002146,0.000236,17,0.270842,0.326489,9.863762,0.056086,-0.049528,0.025659,9.873794,0.117407,0.087642,0.108627
15.105653,-0.154000,1.235000,1.505000,-0.221123,1.202397,1.517764,-0.214437,1.172576,1.570603,0.012966,0.006781,-0.567863,0.822993,-0.376033,-0.130284,0.048767,0.001436,-0.000904,0.004961,-0.002447,-0.002122,0.000234,16,0.024138,0.207183,9.934803,0.102211,0.009478,0.023381,9.937614,0.131604,0.075706,0.108872
15.122308,-0.162000,1.234000,1.506000,-0.186254,1.207409,1.578723,-0.218803,1.172303,1.571650,0.013349,0.005976,-0.563288,0.826131,-0.373939,-0.133340,0.048516,0.001452,-0.000934,0.004953,-0.002420,-0.002105,0.000232,17,0.097823,-0.060313,9.792615,0.104903,-0.050126,-0.004866,9.793827,0.127997,0.081142,0.106504
15.138922,-0.169000,1.233000,1.506000,-0.240945,1.181246,1.520270,-0.225513,1.170781,1.570833,0.013329,0.005056,-0.561355,0.827453,-0.372486,-0.133895,0.046113,0.001463,-0.000925,0.005013,-0.002426,-0.002094,0.000232,17,-0.078314,0.239590,9.764762,0.058502,-0.093994,0.025335,9.768802,0.121087,0.089767,0.106153
15.155605,-0.172000,1.232000,1.506000,-0.175967,1.189979,1.564792,-0.229035,1.169348,1.571383,0.012911,0.004390,-0.560074,0.828330,-0.367909,-0.133230,0.044584,0.001460,-0.000968,0.005023,-0.002390,-0.002096,0.000231,17,-0.176400,0.168554,9.732012,0.016868,-0.099315,-0.012210,9.737772,0.134498,0.072374,0.107019
15.172185,-0.180000,1.232000,1.506000,-0.218445,1.176135,1.572245,-0.234038,1.167616,1.572097,0.012544,0.003790,-0.559376,0.828811,-0.367096,-0.134601,0.044848,0.001461,-0.000980,0.005024,-0.002380,-0.002095,0.000230,16,-0.098650,0.087166,9.826800,0.007709,-0.092165,-0.018827,9.830717,0.130187,0.094801,0.106931
15.188747,-0.185000,1.231000,1.506000,-0.193566,1.183785,1.579051,-0.237911,1.166540,1.573108,0.012178,0.003149,-0.561975,0.827059,-0.361715,-0.129503,0.044741,0.001475,-0.001004,0.005019,-0.002360,-0.002049,0.000229,17,0.177805,0.435481,9.790775,0.011147,-0.073223,-0.011645,9.812454,0.094228,0.087402,0.107043
15.205496,-0.191000,1.230000,1.506000,-0.230677,1.200156,1.605238,-0.243182,1.166584,1.574737,0.012340,0.002843,-0.552635,0.833327,-0.354399,-0.128391,0.047211,0.001457,-0.001028,0.004980,-0.002339,-0.002053,0.000226,17,-0.090502,0.407079,9.889616,0.037252,-0.023816,-0.005807,9.901476,0.067310,0.110964,0.107095
15.222064,-0.197000,1.229000,1.506000,-0.210868,1.204869,1.515825,-0.246640,1.166754,1.573561,0.012307,0.002668,-0.532086,0.846596,-0.346973,-0.124902,0.045988,0.001444,-0.001048,0.005047,-0.002327,-0.002021,0.000220,17,-0.097522,0.314200,9.840849,0.012134,-0.019107,0.008439,9.847334,0.085522,0.029515,0.104418
15.238711,-0.205000,1.227000,1.505000,-0.237659,1.190223,1.599037,-0.251139,1.165371,1.575016,0.012996,0.002143,-0.525803,0.850504,-0.342121,-0.127512,0.046888,0.001460,-0.001052,0.005016,-0.002341,-0.002000,0.000219,17,-0.010125,0.274376,9.814007,0.092270,-0.018831,-0.009261,9.819090,0.129537,0.106123,0.104064
15.255292,-0.208000,1.227000,1.506000,-0.240193,1.167715,1.587636,-0.253872,1.164219,1.575845,0.013018,0.001623,-0.525315,0.850807,-0.339863,-0.128558,0.045921,0.001458,-0.001061,0.005002,-0.002333,-0.002001,0.000218,10,0.015060,0.248613,9.675061,0.062552,-0.090549,0.011475,9.678613,0.124014,0.105904,0.104518
15.271935,-0.219000,1.225000,1.506000,-0.236999,1.196175,1.516844,-0.258139,1.163677,1.574788,0.012525,0.000456,-0.521555,0.853126,-0.335950,-0.129681,0.042846,0.001469,-0.001083,0.005070,-0.002313,-0.001988,0.000217,17,0.131224,0.199134,9.733684,0.031545,-0.153666,0.018953,9.737548,0.170182,0.035671,0.100121
15.288611,-0.221000,1.225000,1.506000,-0.236704,1.175715,1.581741,-0.262267,1.162056,1.575692,0.011656,-0.000517,-0.518703,0.854875,-0.336994,-0.129292,0.044221,0.001470,-0.001100,0.005064,-0.002297,-0.001983,0.000215,17,-0.159127,-0.004006,9.881878,-0.027295,-0.162483,-0.011139,9.883403,0.182077,0.091719,0.102576
15.305206,-0.228000,1.223000,1.506000,-0.261503,1.209873,1.540585,-0.266758,1.164930,1.575385,0.012184,-0.001144,-0.469710,0.882736,-0.333822,-0.112216,0.045089,0.001514,-0.001067,0.005101,-0.002270,-0.001921,0.000227,17,-0.191580,0.174133,9.913411,0.077610,-0.030851,-0.013217,9.917704,0.127332,0.049909,0.098430
15.321800,-0.234000,1.222000,1.506000,-0.260553,1.180372,1.558417,-0.270939,1.164321,1.575569,0.012409,-0.001588,-0.441932,0.896962,-0.331464,-0.109749,0.044970,0.001471,-0.001061,0.005119,-0.002257,-0.001912,0.000228,16,0.065241,0.247784,9.831648,0.029480,-0.044405,0.041035,9.836256,0.116285,0.072010,0.097628
15.338417,-0.243000,1.220000,1.506000,-0.266316,1.191637,1.576578,-0.275714,1.163996,1.576339,0.011979,-0.001212,-0.438682,0.898562,-0.330815,-0.105681,0.047003,0.001484,-0.001075,0.005118,-0.002243,-0.001898,0.000227,17,-0.136351,0.273789,9.924379,-0.066097,0.017030,-0.037167,9.930641,0.135207,0.079558,0.095678
15.355063,-0.248000,1.219000,1.506000,-0.259317,1.206945,1.520812,-0.279575,1.164545,1.575412,0.011879,-0.000617,-0.434011,0.900829,-0.320737,-0.097131,0.047033,0.001497,-0.001101,0.005181,-0.002219,-0.001883,0.000225,16,0.017502,0.827786,9.917143,-0.044806,0.063008,-0.037253,9.952741,0.153614,0.022199,0.093704
15.371766,-0.255000,1.218000,1.506000,-0.286532,1.209908,1.471791,-0.283786,1.165538,1.572949,0.012031,-0.000365,-0.428126,0.903639,-0.314382,-0.092464,0.043036,0.001519,-0.001113,0.005297,-0.002205,-0.001858,0.000223,14,0.188231,0.603800,9.743022,0.005520,0.049981,0.063816,9.764738,0.094531,0.047223,0.089795
15.388287,-0.259000,1.217000,1.506000,-0.306826,1.199048,1.513064,-0.286674,1.165791,1.571513,0.012192,-0.000745,-0.422410,0.906323,-0.316737,-0.093501,0.040682,0.001509,-0.001123,0.005360,-0.002218,-0.001836,0.000221,8,0.094142,0.068633,9.731048,0.045490,-0.046174,0.026085,9.732012,0.089115,0.051570,0.087636
15.404936,-0.265000,1.216000,1.506000,-0.344256,1.179097,1.535622,-0.344402,1.179065,1.535602,0.000000,-0.000000,-0.000000,1.000000,-0.316737,-0.093501,0.040682,0.001509,-0.001123,0.005360,-0.002218,-0.001836,0.000221,0,0.000000,0.000000,0.000000,0.000000,0.000000,0.000000,0.000000,0.000000,0.092308,0.092440
15.421547,-0.270000,1.215000,1.506000,-0.293806,1.153633,1.549522,-0.344532,1.176653,1.542799,-0.016861,0.011966,-0.050178,0.998526,-0.318858,-0.094392,0.041601,0.001509,-0.001123,0.005360,-0.002218,-0.001836,0.000221,17,-0.116153,-0.396593,9.864232,-0.070763,-0.007261,0.037599,9.874144,0.117860,0.078910,0.091540
15.438265,-0.278000,1.212000,1.506000,-0.292572,1.185497,1.580217,-0.346192,1.175514,1.555695,-0.032020,0.005740,-0.075588,0.996608,-0.322091,-0.077817,0.042914,0.001509,-0.001123,0.005360,-0.002218,-0.001836,0.000221,17,-0.136620,-0.179424,9.894389,-0.106777,0.027446,-0.021098,9.899432,0.184466,0.080143,0.091929
15.454769,-0.283000,1.211000,1.506000,-0.312248,1.160226,1.560016,-0.343606,1.172276,1.557509,-0.034371,0.008345,-0.033586,0.998810,-0.344257,-0.075055,0.042426,0.001509,-0.001123,0.005360,-0.002218,-0.001836,0.000221,17,-0.260396,0.211944,9.815581,0.026942,0.028456,0.008247,9.822586,0.110216,0.079694,0.088464
15.471397,-0.283000,1.211000,1.506000,-0.312942,1.136491,1.540249,-0.342943,1.169292,1.554235,-0.033452,0.017560,-0.065660,0.997127,-0.335016,-0.094911,0.041010,0.001509,-0.001123,0.005360,-0.002218,-0.001836,0.000221,16,-0.026876,-0.159593,9.681792,0.004088,0.104783,0.042262,9.687738,0.168633,0.087299,0.087517
15.488008,-0.285000,1.211000,1.507000,-0.337801,1.157153,1.521971,-0.341933,1.164937,1.549388,-0.028206,0.020021,-0.090062,0.995335,-0.306166,-0.069629,0.037917,0.001509,-0.001123,0.005360,-0.002218,-0.001836,0.000221,17,0.243331,-0.365132,9.728268,-0.211130,0.049100,0.009733,9.739197,0.248637,0.076887,0.084617
15.504720,-0.285000,1.211000,1.507000,-0.306165,1.167038,1.582467,-0.342733,1.162966,1.555098,-0.031678,0.019232,-0.102395,0.994053,-0.335115,-0.022034,0.036262,0.001509,-0.001123,0.005360,-0.002218,-0.001836,0.000221,17,0.120500,0.152475,9.810689,-0.229823,-0.104604,-0.077158,9.815045,0.275764,0.089866,0.089184
15.521298,-0.285000,1.211000,1.507000,-0.324669,1.161933,1.570643,-0.341041,1.161441,1.557729,-0.033397,0.011380,-0.170333,0.984755,-0.371819,-0.058321,0.039156,0.001509,-0.001123,0.005360,-0.002218,-0.001836,0.000221,17,-0.024014,0.303308,9.858549,0.006488,-0.117676,-0.000987,9.864266,0.160554,0.089619,0.090389
15.537883,-0.313000,1.203000,1.507000,-0.334862,1.170256,1.528143,-0.340656,1.160074,1.554889,-0.029358,-0.005131,-0.361252,0.931992,-0.312346,-0.076274,0.039864,0.001509,-0.001123,0.005360,-0.002218,-0.001836,0.000221,16,0.178237,-0.199434,9.750197,-0.021383,-0.234451,0.055953,9.755491,0.253593,0.044690,0.070006
15.554480,-0.321000,1.201000,1.506000,-0.359727,1.154022,1.498663,-0.345137,1.157799,1.549674,-0.019838,-0.012061,-0.570283,0.821120,-0.319586,-0.039280,0.035571,0.001509,-0.001123,0.005362,-0.002218,-0.001836,0.000221,17,-0.140228,-0.053621,9.765230,-0.028862,-0.233476,-0.005407,9.766825,0.250214,0.061323,0.066003
15.571203,-0.326000,1.200000,1.506000,-0.392215,1.179941,1.554156,-0.354616,1.160105,1.550512,-0.020497,-0.017497,-0.550114,0.834654,-0.337650,-0.019532,0.035184,0.001509,-0.001123,0.005362,-0.002218,-0.001836,0.000221,17,-0.279962,-0.012444,9.822637,0.057459,-0.073786,0.000662,9.827611,0.134394,0.084295,0.066271
15.587763,-0.334000,1.197000,1.506000,-0.369094,1.144079,1.551952,-0.361224,1.158062,1.551265,-0.020794,-0.014677,-0.424823,0.904919,-0.344200,-0.011543,0.035637,0.001509,-0.001123,0.005362,-0.002218,-0.001836,0.000221,17,-0.232757,0.102191,9.865330,-0.000529,0.196863,0.008819,9.869531,0.202497,0.078382,0.065622
15.604423,-0.340000,1.196000,1.506000,-0.396851,1.162548,1.537561,-0.369445,1.158594,1.550623,-0.019639,-0.015232,-0.418285,0.907976,-0.347177,-0.001181,0.033962,0.001509,-0.001123,0.005362,-0.002218,-0.001836,0.000221,16,0.292436,0.383652,9.751254,-0.001959,0.255420,-0.010200,9.768727,0.263739,0.073125,0.065249
15.621011,-0.346000,1.194000,1.506000,-0.360029,1.182123,1.526935,-0.373650,1.160688,1.549359,-0.018423,-0.014529,-0.504526,0.863077,-0.341832,0.010597,0.031208,0.001509,-0.001123,0.005363,-0.002218,-0.001836,0.000221,17,0.031560,0.062244,9.704676,-0.009914,0.267164,-0.013690,9.711729,0.273894,0.027859,0.061272
15.637659,-0.354000,1.192000,1.506000,-0.396157,1.143864,1.469540,-0.380662,1.159375,1.544175,-0.017215,-0.012552,-0.470987,0.881883,-0.352388,0.012769,0.026689,0.001509,-0.001123,0.005369,-0.002218,-0.001836,0.000221,17,-0.138892,-0.300165,9.719478,-0.015877,0.197251,-0.001213,9.726794,0.210744,0.073645,0.056856
15.654296,-0.360000,1.191000,1.506000,-0.377482,1.132934,1.433681,-0.385663,1.156933,1.537207,-0.016353,-0.009700,-0.454023,0.890787,-0.344103,0.010107,0.021406,0.001508,-0.001123,0.005378,-0.002218,-0.001836,0.000221,17,0.067700,0.255441,9.738768,-0.061354,0.073943,-0.007948,9.749772,0.139449,0.094379,0.052849
15.670895,-0.367000,1.188000,1.506000,-0.391216,1.130089,1.493360,-0.391250,1.154771,1.534761,-0.015780,-0.008103,-0.431304,0.902032,-0.338329,0.010191,0.020703,0.001508,-0.001123,0.005382,-0.002218,-0.001836,0.000221,17,0.054526,0.365085,9.873481,-0.060296,-0.002633,-0.023405,9.886215,0.146724,0.064030,0.050194
15.687531,-0.373000,1.187000,1.506000,-0.382385,1.151679,1.514630,-0.395072,1.154649,1.533813,-0.016287,-0.004964,-0.352678,0.935590,-0.325389,0.020933,0.021815,0.001509,-0.001123,0.005384,-0.002218,-0.001836,0.000221,16,0.187576,0.645931,9.959726,0.085129,0.138338,0.020144,9.983712,0.197665,0.037551,0.048035
15.704148,-0.379000,1.185000,1.505000,-0.417070,1.171171,1.569064,-0.401700,1.156611,1.536199,-0.017004,-0.007252,-0.383592,0.923318,-0.333478,0.031690,0.025479,0.001509,-0.001123,0.005380,-0.002218,-0.001836,0.000221,17,-0.099114,-0.081518,9.957320,-0.055911,-0.053251,0.023100,9.962615,0.182313,0.075795,0.047903
15.720855,-0.386000,1.183000,1.506000,-0.399078,1.171289,1.573438,-0.406598,1.158285,1.538754,-0.017123,-0.006726,-0.393237,0.919253,-0.331928,0.045991,0.031965,0.001509,-0.001123,0.005376,-0.002218,-0.001836,0.000221,17,-0.212127,0.091154,10.135893,0.020624,0.100215,-0.017765,10.141773,0.111835,0.069685,0.045913
15.737438,-0.392000,1.182000,1.506000,-0.451094,1.123920,1.486552,-0.415096,1.156408,1.536425,-0.014921,-0.006615,-0.384799,0.922856,-0.342030,0.041985,0.031736,0.001509,-0.001123,0.005382,-0.002218,-0.001836,0.000221,17,0.014134,0.052073,9.929033,-0.018319,0.109595,0.026263,9.931710,0.155726,0.085109,0.045979
15.754027,-0.400000,1.178000,1.506000,-0.416641,1.109779,1.550458,-0.420554,1.153448,1.537645,-0.015307,-0.004123,-0.292752,0.956057,-0.344023,0.038793,0.031490,0.001508,-0.001123,0.005382,-0.002218,-0.001836,0.000221,16,-0.086599,0.136739,9.764904,-0.082775,0.033699,-0.028728,9.767184,0.116735,0.083111,0.045018
15.770617,-0.406000,1.178000,1.506000,-0.433306,1.132590,1.524615,-0.426330,1.152317,1.537447,-0.013623,-0.003256,-0.289692,0.957017,-0.343014,0.043648,0.027453,0.001508,-0.001123,0.005384,-0.002218,-0.001836,0.000221,17,-0.120262,0.474737,9.607314,0.070787,0.084169,-0.020376,9.623320,0.133818,0.056162,0.045408
15.787281,-0.412000,1.175000,1.506000,-0.433304,1.121095,1.563179,-0.431794,1.150461,1.539185,-0.012413,-0.001513,-0.253694,0.967204,-0.341285,0.038858,0.028422,0.001508,-0.001123,0.005381,-0.002218,-0.001836,0.000221,17,0.071213,0.027997,9.788492,0.047965,0.080167,0.018589,9.789616,0.131637,0.081419,0.045774
15.803985,-0.419000,1.173000,1.506000,-0.444223,1.128274,1.506139,-0.437862,1.149264,1.538011,-0.011722,-0.001242,-0.247762,0.968749,-0.340682,0.032917,0.026451,0.001508,-0.001123,0.005386,-0.002218,-0.001836,0.000221,17,0.145455,-0.106806,9.781983,-0.024975,0.000481,-0.001199,9.785019,0.111383,0.051348,0.044090
15.820524,-0.425000,1.171000,1.506000,-0.474885,1.099849,1.537875,-0.445131,1.145747,1.538500,-0.008300,-0.002758,-0.305373,0.952193,-0.349066,0.020287,0.026566,0.001509,-0.001123,0.005387,-0.002218,-0.001836,0.000221,17,-0.013081,-0.031282,9.807766,0.043347,-0.003209,-0.045073,9.809674,0.128683,0.092558,0.045817
15.837103,-0.430000,1.169000,1.506000,-0.494667,1.127687,1.532883,-0.453750,1.144689,1.538578,-0.005878,-0.003730,-0.349260,0.937000,-0.361530,0.014153,0.024291,0.001509,-0.001123,0.005388,-0.002218,-0.001836,0.000221,16,-0.142108,-0.297514,9.672246,0.040611,0.070365,0.007237,9.678435,0.133173,0.081310,0.047079
15.853777,-0.438000,1.167000,1.506000,-0.496049,1.142278,1.488771,-0.461744,1.144372,1.536650,-0.004801,-0.003796,-0.355065,0.934822,-0.366212,0.014163,0.020005,0.001509,-0.001123,0.005396,-0.002218,-0.001836,0.000221,17,0.072600,0.015159,9.692659,0.013753,0.093033,0.014558,9.695656,0.098675,0.065404,0.044891
15.870384,-0.443000,1.165000,1.506000,-0.490334,1.089703,1.577263,-0.469753,1.140744,1.538811,-0.003147,-0.003674,-0.355735,0.934574,-0.377561,-0.000384,0.024940,0.001509,-0.001123,0.005389,-0.002218,-0.001836,0.000221,17,0.052461,-0.107470,9.984465,-0.031620,0.045021,0.004240,9.986005,0.115412,0.113967,0.048792
15.887070,-0.449000,1.164000,1.506000,-0.506144,1.140741,1.527121,-0.478009,1.140555,1.538703,-0.001685,-0.003985,-0.368766,0.929512,-0.382174,-0.000134,0.025882,0.001509,-0.001123,0.005391,-0.002218,-0.001836,0.000221,17,0.046540,0.036381,9.900349,0.061002,0.096916,-0.032244,9.902104,0.153061,0.065211,0.049606
15.903632,-0.456000,1.161000,1.506000,-0.468689,1.104147,1.450470,-0.483573,1.138146,1.535120,-0.000608,-0.002799,-0.354698,0.934976,-0.382314,-0.005886,0.021360,0.001508,-0.001123,0.005411,-0.002218,-0.001837,0.000221,16,-0.118317,0.166673,9.823557,0.044567,0.089885,-0.018729,9.826008,0.144409,0.080480,0.046158
15.920254,-0.461000,1.159000,1.506000,-0.542583,1.119761,1.477849,-0.492922,1.136466,1.532938,0.001427,-0.004351,-0.382830,0.923808,-0.390242,-0.010201,0.017424,0.001508,-0.001123,0.005423,-0.002218,-0.001836,0.000221,17,0.151041,0.229503,9.743176,0.074031,-0.014591,-0.014322,9.747921,0.158882,0.094805,0.047460
15.936931,-0.467000,1.158000,1.506000,-0.500578,1.131613,1.536487,-0.499424,1.135877,1.533365,0.002808,-0.004568,-0.381342,0.924419,-0.392269,-0.010513,0.018241,0.001508,-0.001122,0.005422,-0.002218,-0.001836,0.000221,17,-0.042331,0.040328,9.846607,0.158849,0.034727,0.049122,9.848111,0.203024,0.052471,0.047850
15.953502,-0.474000,1.154000,1.506000,-0.500162,1.106997,1.499666,-0.506548,1.134224,1.532110,0.004763,-0.005493,-0.396505,0.918004,-0.398404,-0.021499,0.014525,0.001508,-0.001123,0.005432,-0.002218,-0.001837,0.000221,17,0.155403,-0.191778,9.712073,0.146080,-0.013845,0.018078,9.715977,0.196298,0.054165,0.046176
15.970115,-0.480000,1.153000,1.506000,-0.488655,1.082111,1.530445,-0.510780,1.129246,1.532273,0.005160,-0.003252,-0.341133,0.939995,-0.394633,-0.039720,0.015369,0.001508,-0.001122,0.005434,-0.002218,-0.001837,0.000221,16,-0.142617,-0.407903,9.873157,0.032545,0.001098,-0.003535,9.883636,0.140155,0.075483,0.046924
15.986730,-0.487000,1.150000,1.506000,-0.539009,1.124831,1.582073,-0.519473,1.128800,1.534565,0.004755,-0.004066,-0.371563,0.928387,-0.409295,-0.041711,0.016958,0.001508,-0.001122,0.005421,-0.002218,-0.001837,0.000221,17,-0.072136,-0.207901,9.767607,-0.151850,-0.012223,-0.020091,9.771924,0.167526,0.095528,0.048165
16.003357,-0.492000,1.148000,1.506000,-0.516315,1.118740,1.451818,-0.524720,1.126918,1.531392,0.004459,-0.003346,-0.349044,0.937090,-0.404452,-0.041948,0.013579,0.001508,-0.001122,0.005444,-0.002218,-0.001837,0.000221,17,-0.196887,0.228691,9.865258,-0.014837,-0.021150,-0.031027,9.870636,0.065535,0.066204,0.046474
16.020037,-0.497000,1.146000,1.506000,-0.520083,1.126687,1.498478,-0.529818,1.126149,1.530246,0.004749,-0.003075,-0.335459,0.942038,-0.402965,-0.042098,0.012672,0.001508,-0.001122,0.005453,-0.002218,-0.001837,0.000221,17,-0.133417,0.024588,9.858598,0.071660,-0.003943,-0.024279,9.860668,0.124580,0.031023,0.045375
16.036615,-0.504000,1.143000,1.506000,-0.582660,1.082506,1.508591,-0.540566,1.122782,1.529476,0.006377,-0.005022,-0.370144,0.928939,-0.414073,-0.051419,0.012733,0.001507,-0.001122,0.005459,-0.002218,-0.001837,0.000221,17,0.161428,0.285985,9.894493,0.026449,-0.092575,0.006037,9.903468,0.186872,0.099265,0.047926
16.053312,-0.509000,1.141000,1.506000,-0.531766,1.096768,1.519898,-0.545103,1.119552,1.529286,0.006518,-0.004333,-0.337986,0.941119,-0.406406,-0.058801,0.012359,0.001508,-0.001121,0.005463,-0.002218,-0.001837,0.000221,16,0.063771,0.135168,9.817795,0.035229,-0.029999,0.033034,9.820764,0.092171,0.051652,0.048017
16.069851,-0.514000,1.139000,1.506000,-0.558096,1.082199,1.501641,-0.552021,1.115798,1.528309,0.006683,-0.004713,-0.332858,0.942941,-0.410666,-0.069634,0.011828,0.001507,-0.001121,0.005473,-0.002218,-0.001837,0.000221,17,-0.044826,-0.089989,9.878761,-0.033268,-0.095841,0.024451,9.881417,0.111723,0.072041,0.049815
16.086530,-0.521000,1.136000,1.506000,-0.599093,1.079532,1.491296,-0.562803,1.112652,1.526923,0.007439,-0.006178,-0.371284,0.928469,-0.429500,-0.076839,0.012395,0.001507,-0.001121,0.005484,-0.002218,-0.001837,0.000221,17,-0.206979,-0.004066,9.978568,-0.050189,-0.089476,-0.033664,9.982758,0.119407,0.097485,0.052253
16.103130,-0.526000,1.133000,1.506000,-0.574271,1.072240,1.585596,-0.569913,1.108366,1.529440,0.007829,-0.005900,-0.359290,0.933175,-0.434173,-0.083813,0.015919,0.001507,-0.001120,0.005467,-0.002218,-0.001837,0.000221,17,-0.221424,0.048916,9.851313,-0.016537,-0.007392,-0.048853,9.861542,0.090818,0.111164,0.055539
16.119787,-0.531000,1.131000,1.506000,-0.576276,1.077935,1.507394,-0.576008,1.104664,1.528766,0.007346,-0.005310,-0.340445,0.940221,-0.433198,-0.092426,0.014404,0.001507,-0.001119,0.005475,-0.002219,-0.001837,0.000221,16,0.020838,0.044979,9.793571,-0.098800,-0.013957,0.003804,9.798927,0.143272,0.069769,0.056900
16.136333,-0.538000,1.128000,1.506000,-0.560871,1.075276,1.470149,-0.583512,1.101785,1.526801,0.007342,-0.004805,-0.318534,0.947871,-0.422450,-0.098964,0.011292,0.001506,-0.001119,0.005496,-0.002219,-0.001837,0.000221,17,0.184568,0.209189,9.822456,-0.030604,-0.024802,-0.019463,9.830297,0.118795,0.067736,0.056492
16.153004,-0.542000,1.125000,1.506000,-0.601212,1.072644,1.560216,-0.591110,1.098205,1.528267,0.007137,-0.005233,-0.318434,0.947904,-0.424555,-0.102022,0.012248,0.001506,-0.001118,0.005485,-0.002219,-0.001837,0.000221,17,-0.016908,0.309114,9.774891,-0.069612,-0.078807,0.006951,9.790487,0.138393,0.095847,0.060213
16.169647,-0.547000,1.123000,1.506000,-0.591707,1.058183,1.512282,-0.596927,1.093449,1.527783,0.007977,-0.004552,-0.292480,0.956228,-0.425461,-0.111867,0.010597,0.001505,-0.001117,0.005492,-0.002220,-0.001837,0.000221,17,-0.158649,-0.094965,9.766418,0.051724,0.034807,0.009647,9.769732,0.106821,0.078990,0.061971
16.186221,-0.554000,1.120000,1.506000,-0.612313,1.061816,1.526080,-0.604355,1.089553,1.527816,0.008206,-0.004657,-0.293943,0.955776,-0.429625,-0.120089,0.009442,0.001505,-0.001117,0.005494,-0.002220,-0.001837,0.000221,16,-0.015568,-0.005808,9.755372,-0.031998,-0.026883,0.010326,9.757428,0.083052,0.084787,0.062759
16.202807,-0.559000,1.118000,1.506000,-0.643595,1.065006,1.573685,-0.614732,1.086668,1.529709,0.009530,-0.005551,-0.332486,0.943044,-0.441753,-0.125787,0.014222,0.001505,-0.001116,0.005477,-0.002220,-0.001837,0.000221,17,0.036966,0.112637,9.974337,0.058050,-0.013805,-0.001783,9.975439,0.121822,0.120606,0.068190
16.219479,-0.564000,1.115000,1.507000,-0.583773,1.064645,1.486835,-0.618403,1.082744,1.528259,0.009708,-0.004968,-0.309611,0.950801,-0.440288,-0.132981,0.016115,0.001505,-0.001116,0.005495,-0.002220,-0.001838,0.000221,17,-0.097929,-0.101432,10.047259,0.020821,-0.022510,-0.006705,10.049917,0.074035,0.057734,0.066724
16.236141,-0.570000,1.112000,1.507000,-0.640966,1.037012,1.586785,-0.625984,1.077459,1.530755,0.011068,-0.005001,-0.338145,0.941016,-0.446992,-0.139952,0.020211,0.001503,-0.001116,0.005473,-0.002220,-0.001838,0.000221,17,0.077414,0.327457,9.893824,0.026638,0.067946,-0.014143,9.905953,0.154877,0.130480,0.069940
16.252779,-0.575000,1.109000,1.507000,-0.591813,1.079208,1.497985,-0.629114,1.075015,1.529865,0.010555,-0.003942,-0.282699,0.959142,-0.430719,-0.134890,0.019513,0.001503,-0.001115,0.005487,-0.002220,-0.001838,0.000221,17,0.054855,0.507586,9.853113,0.022225,0.035691,-0.008225,9.869164,0.138471,0.035377,0.067868
16.269318,-0.582000,1.106000,1.507000,-0.646560,1.046810,1.470603,-0.636910,1.070933,1.527819,0.011828,-0.003784,-0.297287,0.954707,-0.429617,-0.139174,0.016018,0.001503,-0.001115,0.005511,-0.002221,-0.001839,0.000221,16,0.138804,0.478771,9.777729,0.074396,0.047901,-0.006242,9.793215,0.114884,0.094848,0.068398
16.285994,-0.586000,1.103000,1.507000,-0.643266,1.078199,1.440441,-0.643410,1.069123,1.524708,0.010902,-0.003925,-0.291207,0.956590,-0.433954,-0.143795,0.010263,0.001503,-0.001116,0.005547,-0.002221,-0.001839,0.000221,17,-0.071998,-0.251026,9.724357,-0.080453,-0.049858,0.025629,9.729154,0.122199,0.091239,0.068972
16.302623,-0.591000,1.101000,1.507000,-0.623880,1.025105,1.510844,-0.648020,1.063799,1.524260,0.010477,-0.004102,-0.266977,0.963637,-0.430734,-0.157798,0.007910,0.001501,-0.001114,0.005555,-0.002221,-0.001839,0.000221,17,0.015998,-0.233333,9.725782,-0.056683,-0.112398,0.023762,9.730356,0.141267,0.082801,0.070235
16.319214,-0.596000,1.098000,1.507000,-0.616599,1.042707,1.558447,-0.655649,1.059606,1.525485,0.010896,-0.004818,-0.366882,0.930191,-0.437875,-0.168713,0.006686,0.001498,-0.001114,0.005542,-0.002221,-0.001840,0.000221,17,-0.082478,-0.122560,9.668182,-0.037300,-0.149624,-0.019181,9.670257,0.159338,0.078285,0.073306
16.335899,-0.602000,1.094000,1.507000,-0.675712,1.033779,1.527426,-0.662154,1.055342,1.525674,0.010759,-0.005248,-0.396909,0.917780,-0.440085,-0.173393,0.007127,0.001497,-0.001116,0.005541,-0.002220,-0.001840,0.000221,16,-0.142623,0.151343,9.830501,-0.011321,-0.116793,-0.013337,9.833543,0.136287,0.097351,0.073903
16.352428,-0.607000,1.091000,1.507000,-0.647199,1.099938,1.429424,-0.666838,1.055718,1.522225,0.009806,-0.005046,-0.366067,0.930523,-0.436707,-0.167280,0.002738,0.001498,-0.001117,0.005583,-0.002219,-0.001840,0.000221,17,-0.058185,-0.069024,9.810391,-0.028317,-0.002097,0.030035,9.811610,0.084403,0.087828,0.071114
16.369105,-0.613000,1.087000,1.507000,-0.649413,1.032067,1.489706,-0.672174,1.051302,1.520991,0.009296,-0.004885,-0.362804,0.931806,-0.434360,-0.174204,0.000726,0.001496,-0.001117,0.005599,-0.002220,-0.001841,0.000221,17,0.012118,-0.006986,9.791428,-0.071377,-0.053666,-0.016956,9.793797,0.106753,0.068136,0.070510
16.385731,-0.618000,1.085000,1.507000,-0.674968,1.019944,1.467754,-0.679240,1.046151,1.518945,0.008181,-0.004773,-0.376448,0.926389,-0.438203,-0.181659,-0.000858,0.001495,-0.001116,0.005624,-0.002220,-0.001841,0.000221,17,-0.099615,-0.011741,9.882759,-0.169277,-0.087762,0.007540,9.884023,0.191905,0.094963,0.073500
16.402363,-0.624000,1.081000,1.507000,-0.694200,1.023418,1.487454,-0.686920,1.041768,1.517720,0.008663,-0.004548,-0.392568,0.919671,-0.440846,-0.183954,-0.000646,0.001494,-0.001116,0.005639,-0.002220,-0.001842,0.000221,16,-0.084711,0.277147,9.924700,0.005697,0.020193,0.007957,9.929730,0.054548,0.092875,0.074920
16.418940,-0.629000,1.078000,1.506000,-0.649480,1.059735,1.538014,-0.689683,1.040822,1.518566,0.008430,-0.004621,-0.322304,0.946587,-0.427560,-0.179373,0.001232,0.001494,-0.001115,0.005631,-0.002220,-0.001842,0.000221,17,0.107357,0.160691,9.847472,0.061419,0.002795,0.010745,9.851808,0.096289,0.042166,0.072267
16.435569,-0.634000,1.075000,1.506000,-0.681805,1.005437,1.500153,-0.696316,1.035138,1.517801,0.008501,-0.005101,-0.339557,0.940533,-0.427701,-0.193850,-0.002271,0.001492,-0.001115,0.005641,-0.002220,-0.001843,0.000221,17,0.316170,-0.187205,9.669452,-0.002064,-0.104360,0.015110,9.677184,0.180622,0.084609,0.074910
16.452234,-0.638000,1.073000,1.506000,-0.737214,1.054474,1.489664,-0.705578,1.033468,1.516726,0.007142,-0.006260,-0.350386,0.936557,-0.433826,-0.191601,-0.006075,0.001494,-0.001115,0.005653,-0.002220,-0.001842,0.000221,17,0.115589,0.102603,9.649461,-0.112648,-0.149015,-0.005079,9.653638,0.195310,0.102242,0.079023
16.468859,-0.645000,1.069000,1.506000,-0.687586,1.027268,1.502889,-0.710872,1.030084,1.516125,0.005771,-0.006324,-0.336254,0.941732,-0.431768,-0.192168,-0.005710,0.001493,-0.001115,0.005661,-0.002220,-0.001842,0.000221,17,-0.051172,0.045125,9.869673,-0.139497,-0.082237,0.034089,9.872733,0.191355,0.059706,0.077176
16.485467,-0.649000,1.066000,1.506000,-0.688920,1.039767,1.538933,-0.717579,1.027174,1.516812,0.004380,-0.005311,-0.419096,0.907916,-0.434422,-0.192016,-0.003585,0.001489,-0.001119,0.005650,-0.002218,-0.001844,0.000221,16,-0.110961,0.196881,9.893558,-0.189001,-0.056701,0.013100,9.897195,0.202660,0.058021,0.079545
16.502090,-0.656000,1.062000,1.506000,-0.705075,1.048532,1.439988,-0.722351,1.025729,1.513997,0.003448,-0.004706,-0.455283,0.890328,-0.430719,-0.182547,-0.003923,0.001490,-0.001124,0.005689,-0.002216,-0.001843,0.000221,17,-0.274817,0.236791,9.998619,-0.051839,-0.031768,-0.032040,10.006891,0.096587,0.083350,0.076040
16.518726,-0.660000,1.060000,1.506000,-0.734364,1.013627,1.450246,-0.729688,1.022105,1.511589,0.004988,-0.004481,-0.461472,0.887130,-0.430723,-0.180192,-0.004816,0.001489,-0.001123,0.005723,-0.002216,-0.001844,0.000221,17,-0.175310,0.298337,9.933668,0.142828,0.090645,-0.000771,9.940607,0.174553,0.103870,0.079522
16.535388,-0.665000,1.057000,1.506000,-0.663391,0.981316,1.546098,-0.732159,1.016345,1.512744,0.006439,-0.003652,-0.451610,0.892185,-0.414898,-0.188503,-0.000264,0.001483,-0.001124,0.005709,-0.002216,-0.001846,0.000221,17,0.268681,0.331882,10.001052,0.136738,0.093537,-0.006508,10.011837,0.169166,0.085665,0.078795
16.551970,-0.672000,1.053000,1.505000,-0.736298,1.003882,1.553148,-0.738702,1.012669,1.514192,0.007355,-0.003496,-0.456714,0.889576,-0.411142,-0.191646,-0.000659,0.001482,-0.001124,0.005687,-0.002216,-0.001846,0.000221,16,0.219630,0.292746,9.678264,0.088211,0.055470,-0.028337,9.686720,0.120984,0.094154,0.078487
16.568546,-0.677000,1.050000,1.505000,-0.718686,1.017264,1.520736,-0.743266,1.010315,1.514423,0.007287,-0.003578,-0.440661,0.897637,-0.401625,-0.189699,-0.002730,0.001481,-0.001124,0.005685,-0.002216,-0.001847,0.000221,17,0.207389,0.400809,9.648568,0.019217,-0.012408,-0.004792,9.660165,0.051114,0.055291,0.077813
16.585193,-0.683000,1.047000,1.505000,-0.735503,1.015425,1.564500,-0.748718,1.008067,1.516215,0.006542,-0.003490,-0.428784,0.903377,-0.393065,-0.183701,-0.000763,0.001481,-0.001125,0.005657,-0.002216,-0.001846,0.000221,17,0.104729,0.576961,9.785471,-0.075078,-0.021944,-0.013288,9.808246,0.107288,0.085404,0.077203
16.601884,-0.688000,1.044000,1.505000,-0.745572,1.029289,1.562826,-0.754567,1.005985,1.517903,0.006871,-0.003342,-0.434799,0.900495,-0.387779,-0.175488,-0.000474,0.001484,-0.001128,0.005631,-0.002215,-0.001846,0.000221,17,-0.080585,0.599271,9.699570,0.042540,0.035073,0.003456,9.724364,0.119913,0.082915,0.077735
16.618478,-0.693000,1.041000,1.504000,-0.742977,0.987729,1.507398,-0.760034,1.001745,1.517475,0.005906,-0.002904,-0.442343,0.896822,-0.388775,-0.181839,-0.001520,0.001481,-0.001128,0.005638,-0.002215,-0.001847,0.000221,17,-0.012833,-0.131208,9.780420,-0.121218,-0.037939,0.029407,9.782605,0.166811,0.073123,0.078842
16.635082,-0.700000,1.037000,1.504000,-0.740035,0.969340,1.527560,-0.764748,0.997258,1.517777,0.005331,-0.001998,-0.453541,0.891217,-0.388276,-0.186967,-0.000209,0.001477,-0.001128,0.005635,-0.002215,-0.001848,0.000221,16,-0.190382,-0.063237,9.876993,-0.118087,0.011512,-0.038896,9.881799,0.169376,0.082072,0.077211
16.651731,-0.705000,1.034000,1.504000,-0.776779,0.973156,1.587949,-0.772033,0.992025,1.520223,0.005151,-0.001164,-0.539381,0.842045,-0.386144,-0.198389,0.004754,0.001480,-0.001134,0.005594,-0.002212,-0.001848,0.000221,17,-0.017167,0.163103,9.951716,-0.028590,-0.015479,-0.000272,9.957282,0.068705,0.126102,0.080737
16.668399,-0.711000,1.030000,1.504000,-0.762106,0.997914,1.516631,-0.776895,0.989608,1.520201,0.005331,-0.000284,-0.573855,0.818940,-0.378733,-0.193201,0.007395,0.001482,-0.001139,0.005596,-0.002210,-0.001847,0.000221,17,-0.258865,0.389903,9.978057,0.020484,0.074701,-0.026650,9.990300,0.102039,0.061651,0.078969
16.684962,-0.716000,1.028000,1.504000,-0.731267,0.984756,1.489501,-0.779919,0.986034,1.519247,0.007167,-0.000261,-0.568922,0.822360,-0.367194,-0.191749,0.008425,0.001478,-0.001142,0.005617,-0.002208,-0.001848,0.000221,17,-0.096168,0.420224,9.955337,0.215227,0.107062,-0.014211,9.973595,0.245101,0.048097,0.077969
16.701596,-0.721000,1.025000,1.504000,-0.796140,0.979794,1.578643,-0.786477,0.982934,1.521478,0.007137,0.000321,-0.570041,0.821585,-0.375713,-0.195490,0.010477,0.001479,-0.001141,0.005581,-0.002209,-0.001848,0.000221,16,-0.013781,-0.370087,9.794672,-0.056490,0.062475,0.013881,9.802761,0.115911,0.115157,0.079763
16.734881,-0.733000,1.019000,1.504000,-0.760283,0.977592,1.616645,-0.796480,0.976608,1.525404,0.008615,0.000994,-0.564234,0.825570,-0.370332,-0.195060,0.021748,0.001477,-0.001145,0.005520,-0.002208,-0.001848,0.000221,34,-0.080435,0.128001,10.030776,0.057169,0.080648,-0.002339,10.033055,0.174926,0.123077,0.079277
16.751514,-0.738000,1.016000,1.504000,-0.821251,0.986072,1.507788,-0.803494,0.974607,1.525144,0.010268,0.001216,-0.557197,0.830316,-0.364284,-0.192418,0.022402,0.001479,-0.001143,0.005530,-0.002208,-0.001848,0.000221,17,0.102290,0.606018,9.888098,0.136119,0.155324,0.043315,9.913959,0.216401,0.088549,0.080311
16.768072,-0.743000,1.013000,1.504000,-0.774527,0.980933,1.601449,-0.807389,0.972102,1.528293,0.010617,0.001511,-0.550242,0.834936,-0.358119,-0.197196,0.025283,0.001478,-0.001146,0.005480,-0.002207,-0.001848,0.000221,17,0.312879,0.105369,9.804716,0.039983,0.051777,-0.020178,9.811260,0.077287,0.107324,0.080055
16.784682,-0.750000,1.008000,1.504000,-0.837771,0.955164,1.524618,-0.814668,0.967987,1.528534,0.011352,0.001330,-0.557185,0.830310,-0.362177,-0.201304,0.026256,0.001479,-0.001144,0.005482,-0.002208,-0.001848,0.000221,16,-0.084079,0.076697,9.884560,0.064724,0.027132,-0.013531,9.886127,0.100855,0.104502,0.079906
16.801346,-0.754000,1.006000,1.504000,-0.759162,0.999655,1.560193,-0.816621,0.967180,1.530155,0.013031,0.001724,-0.539973,0.841579,-0.354383,-0.197014,0.030464,0.001477,-0.001150,0.005462,-0.002206,-0.001848,0.000221,17,-0.023794,0.125958,9.990056,0.194905,0.154773,-0.014346,9.993055,0.258617,0.056786,0.078182
16.817958,-0.759000,1.003000,1.504000,-0.835516,0.910183,1.603490,-0.823569,0.959511,1.533157,0.015288,0.001822,-0.568611,0.822462,-0.352196,-0.213901,0.033748,0.001476,-0.001149,0.005414,-0.002206,-0.001849,0.000221,17,0.177195,0.281299,9.851584,0.186638,0.133150,0.005450,9.858172,0.243438,0.156102,0.083130
16.851202,-0.771000,0.996000,1.504000,-0.831862,0.951128,1.590296,-0.834797,0.952370,1.536313,0.017479,0.001823,-0.567494,0.823190,-0.356485,-0.225548,0.032793,0.001476,-0.001150,0.005372,-0.002207,-0.001849,0.000221,33,0.090566,-0.012538,9.720918,0.110094,0.074941,0.015154,9.722686,0.157827,0.114737,0.083772
16.869864,-0.777000,0.992000,1.504000,-0.839049,0.934264,1.465242,-0.841096,0.946774,1.534193,0.018963,0.001456,-0.577098,0.816453,-0.359910,-0.236014,0.026856,0.001474,-0.001150,0.005427,-0.002206,-0.001850,0.000221,19,0.038107,-0.064650,9.645867,0.150116,0.050774,0.011931,9.646471,0.168968,0.093197,0.084055
16.886555,-0.782000,0.989000,1.504000,-0.823144,0.942620,1.591879,-0.845533,0.942876,1.536701,0.019660,0.001508,-0.574808,0.818051,-0.360770,-0.242468,0.027300,0.001472,-0.001153,0.005385,-0.002205,-0.001851,0.000221,17,0.063354,-0.057557,9.701018,0.082545,0.045441,0.025519,9.701701,0.105064,0.107548,0.085048
16.903152,-0.788000,0.985000,1.504000,-0.858991,0.904420,1.585873,-0.852170,0.935506,1.538840,0.019715,0.000598,-0.651764,0.758165,-0.371811,-0.263511,0.030984,0.001482,-0.001157,0.005349,-0.002203,-0.001847,0.000222,17,0.177052,-0.186516,9.947243,0.030650,-0.009834,-0.025902,9.950843,0.107309,0.135041,0.088212
16.919771,-0.792000,0.982000,1.504000,-0.851035,0.981198,1.503738,-0.853968,0.937096,1.537919,0.019395,0.000206,-0.661986,0.749265,-0.372661,-0.255095,0.030611,0.001490,-0.001158,0.005373,-0.002201,-0.001842,0.000221,8,-0.240977,-0.192962,9.919411,0.064123,0.008081,-0.030625,9.924940,0.119455,0.059041,0.083708
16.936351,-0.797000,0.978000,1.505000,-0.849907,0.912525,1.546278,-0.859563,0.931466,1.538645,0.019606,0.000733,-0.669169,0.742852,-0.379724,-0.261359,0.032318,0.001488,-0.001160,0.005368,-0.002201,-0.001843,0.000221,16,-0.139955,-0.219377,9.917151,-0.024645,0.058823,0.006236,9.921510,0.100659,0.093756,0.084921
16.952975,-0.803000,0.974000,1.505000,-0.896054,0.897642,1.539960,-0.867698,0.925350,1.539167,0.019843,0.000369,-0.679266,0.733624,-0.386268,-0.270960,0.035930,0.001487,-0.001156,0.005368,-0.002203,-0.001844,0.000221,17,0.065572,0.121079,10.046167,0.026596,-0.011983,-0.023079,10.049188,0.106932,0.125347,0.087863
16.969650,-0.808000,0.971000,1.505000,-0.849399,0.941587,1.640404,-0.872566,0.922287,1.543349,0.020073,-0.000353,-0.671264,0.740946,-0.385324,-0.273563,0.041517,0.001488,-0.001159,0.005292,-0.002202,-0.001843,0.000221,17,0.060134,0.130708,9.926782,0.092404,-0.043619,0.030445,9.928677,0.152591,0.144615,0.089512
16.986263,-0.812000,0.967000,1.505000,-0.853311,0.904744,1.542730,-0.877559,0.916591,1.543952,0.020479,-0.000557,-0.674126,0.738332,-0.383727,-0.282251,0.040348,0.001485,-0.001163,0.005295,-0.002200,-0.001845,0.000221,17,0.123233,0.202260,9.756001,0.065115,0.003879,0.027980,9.762106,0.106534,0.083702,0.091413
17.002896,-0.818000,0.963000,1.505000,-0.889115,0.930188,1.559049,-0.883767,0.913442,1.545129,0.020883,-0.000879,-0.668837,0.743115,-0.382217,-0.284170,0.039979,0.001488,-0.001162,0.005282,-0.002201,-0.001843,0.000221,16,0.043306,0.374601,9.747817,0.063071,0.006163,-0.024980,9.756680,0.103738,0.095159,0.091606
17.036126,-0.829000,0.953000,1.505000,-0.882206,0.942521,1.502316,-0.895034,0.906561,1.544906,0.019857,-0.000509,-0.657406,0.753275,-0.381394,-0.290187,0.034340,0.001492,-0.001164,0.005317,-0.002199,-0.001842,0.000221,34,0.074968,0.190624,9.691384,-0.050591,-0.025107,0.007552,9.696113,0.097750,0.054295,0.090053
17.052792,-0.833000,0.950000,1.505000,-0.883495,0.912472,1.533706,-0.900114,0.902364,1.545051,0.019127,-0.000164,-0.654934,0.755444,-0.378646,-0.291853,0.032873,0.001492,-0.001167,0.005327,-0.002198,-0.001842,0.000221,17,-0.075409,0.283615,9.741443,-0.085536,-0.028319,-0.037395,9.748480,0.124720,0.069153,0.091529
17.069392,-0.837000,0.946000,1.506000,-0.859110,0.930844,1.566981,-0.903453,0.899559,1.546421,0.018157,0.000400,-0.645082,0.763897,-0.370885,-0.292720,0.033893,0.001494,-0.001175,0.005310,-0.002194,-0.001841,0.000221,17,0.065630,0.310187,9.820744,-0.103183,-0.027808,0.016868,9.826751,0.146301,0.066613,0.090591
17.085954,-0.842000,0.941000,1.506000,-0.897652,0.877829,1.587127,-0.908803,0.893505,1.548339,0.017155,0.001328,-0.651489,0.758463,-0.368740,-0.299107,0.034585,0.001492,-0.001178,0.005278,-0.002193,-0.001842,0.000221,16,0.015874,0.323292,9.764231,-0.171583,0.001995,0.018124,9.770153,0.201836,0.116916,0.092255
17.102609,-0.847000,0.937000,1.505000,-0.907821,0.911854,1.547419,-0.914134,0.890320,1.548880,0.015688,0.001982,-0.643282,0.765466,-0.358519,-0.301215,0.033354,0.001494,-0.001178,0.005278,-0.002193,-0.001841,0.000221,17,0.194087,0.675641,9.724828,-0.189628,-0.055103,-0.020977,9.752740,0.203495,0.078300,0.092798
17.119295,-0.852000,0.932000,1.506000,-0.928809,0.856847,1.566091,-0.920618,0.883376,1.549923,0.015101,0.002087,-0.652626,0.757527,-0.351231,-0.308428,0.030020,0.001491,-0.001177,0.005265,-0.002194,-0.001842,0.000221,17,0.047835,0.737724,9.568137,-0.071918,-0.043619,0.021144,9.599547,0.120193,0.123120,0.094879
17.135878,-0.857000,0.927000,1.506000,-0.939892,0.872481,1.509820,-0.927132,0.877864,1.548975,0.014936,0.002181,-0.654994,0.755483,-0.354959,-0.311983,0.026235,0.001491,-0.001175,0.005299,-0.002194,-0.001842,0.000221,17,-0.076153,0.043509,9.672130,-0.030646,-0.005912,0.000937,9.675013,0.069238,0.099287,0.095810
17.152452,-0.861000,0.923000,1.506000,-0.897430,0.851087,1.639241,-0.931137,0.871283,1.552449,0.015146,0.002264,-0.660310,0.750837,-0.355168,-0.317830,0.029581,0.001486,-0.001182,0.005226,-0.002192,-0.001844,0.000221,16,-0.080917,-0.004899,9.828766,0.026569,0.012112,-0.047527,9.830365,0.095350,0.155729,0.098749
17.169116,-0.866000,0.918000,1.505000,-0.970449,0.881876,1.439255,-0.938362,0.867273,1.549033,0.015492,0.002092,-0.657996,0.752859,-0.360882,-0.320043,0.024732,0.001490,-0.001175,0.005320,-0.002194,-0.001843,0.000221,17,0.000283,-0.038383,9.767217,0.039052,0.020441,-0.015954,9.768276,0.124095,0.128596,0.098734
17.185769,-0.869000,0.915000,1.506000,-0.964676,0.868998,1.484204,-0.945214,0.862523,1.547199,0.015524,0.002509,-0.657173,0.753576,-0.366270,-0.325937,0.020621,0.001492,-0.001171,0.005375,-0.002195,-0.001842,0.000221,17,0.148063,-0.090497,9.709358,-0.039157,0.043203,0.023983,9.711279,0.108250,0.108375,0.101290
17.202438,-0.873000,0.911000,1.506000,-0.924466,0.883813,1.563845,-0.949603,0.858719,1.548143,0.014849,0.003162,-0.650202,0.759609,-0.365311,-0.329222,0.021605,0.001494,-0.001176,0.005361,-0.002193,-0.001841,0.000221,17,0.120949,-0.041805,9.839663,-0.102285,0.007296,-0.022851,9.841086,0.155591,0.082061,0.101870
17.218982,-0.878000,0.905000,1.506000,-0.938370,0.914174,1.571624,-0.953731,0.857369,1.549412,0.014676,0.003766,-0.626636,0.779165,-0.364640,-0.324027,0.025014,0.001503,-0.001177,0.005339,-0.002194,-0.001837,0.000221,16,-0.020671,-0.013913,9.967841,-0.060067,0.060864,-0.005821,9.968698,0.111773,0.089639,0.099440
17.235637,-0.883000,0.900000,1.506000,-0.906281,0.838240,1.602023,-0.957074,0.850909,1.551524,0.014368,0.004097,-0.634418,0.772846,-0.359076,-0.335103,0.030086,0.001497,-0.001190,0.005297,-0.002188,-0.001840,0.000221,17,0.233696,0.097133,10.031612,-0.032014,-0.003522,0.078824,10.035668,0.149236,0.116519,0.099847
17.252276,-0.887000,0.895000,1.506000,-0.937539,0.851449,1.593864,-0.961523,0.845773,1.553439,0.012710,0.004630,-0.632771,0.774221,-0.354472,-0.339964,0.034153,0.001497,-0.001195,0.005262,-0.002186,-0.001840,0.000221,17,0.119038,0.200602,9.970912,-0.192680,-0.081772,-0.029341,9.975973,0.217750,0.110322,0.101131
17.268916,-0.891000,0.891000,1.506000,-0.898833,0.866213,1.593183,-0.963558,0.841558,1.555327,0.011532,0.004611,-0.626171,0.779587,-0.344739,-0.339295,0.035189,0.001496,-0.001209,0.005230,-0.002179,-0.001840,0.000221,17,-0.086192,0.234605,9.791735,-0.082641,-0.096877,-0.082569,9.796074,0.168212,0.090976,0.100709
17.285548,-0.896000,0.885000,1.506000,-0.965419,0.819876,1.578541,-0.969204,0.834755,1.556627,0.010685,0.004436,-0.631524,0.775270,-0.347147,-0.340955,0.034978,0.001494,-0.001211,0.005211,-0.002179,-0.001841,0.000221,17,-0.247928,0.007025,9.755122,-0.066919,-0.089880,0.047752,9.759478,0.151264,0.119675,0.102208
17.302118,-0.900000,0.881000,1.506000,-0.940325,0.841259,1.570992,-0.972792,0.829965,1.557656,0.010295,0.004309,-0.627735,0.778347,-0.340863,-0.342053,0.036850,0.001493,-0.001218,0.005200,-0.002175,-0.001842,0.000221,16,-0.027285,0.237080,9.899877,-0.015181,-0.046184,0.023651,9.903677,0.107096,0.086194,0.102818
17.335370,-0.909000,0.871000,1.506000,-0.940916,0.842746,1.549819,-0.980920,0.819750,1.558740,0.010525,0.003908,-0.615584,0.787991,-0.335311,-0.341193,0.042994,0.001494,-0.001224,0.005210,-0.002172,-0.001841,0.000221,34,-0.094902,0.113118,10.006043,0.031327,-0.008459,-0.007294,10.009083,0.078383,0.061132,0.102862
17.352027,-0.914000,0.864000,1.506000,-0.990779,0.784018,1.532035,-0.986839,0.811986,1.558429,0.010311,0.003855,-0.623086,0.782076,-0.337279,-0.345813,0.041731,0.001487,-0.001222,0.005237,-0.002172,-0.001844,0.000221,17,-0.121815,0.001621,9.802113,-0.018757,-0.035316,0.043218,9.803883,0.088910,0.113885,0.103729
17.368603,-0.918000,0.860000,1.506000,-1.002718,0.821767,1.482213,-0.992383,0.807502,1.556498,0.009784,0.003661,-0.619791,0.784697,-0.332733,-0.347915,0.038002,0.001489,-0.001219,0.005309,-0.002173,-0.001843,0.000221,16,0.123459,0.343495,9.741723,-0.042794,-0.057759,-0.004248,9.751267,0.098139,0.095942,0.104110
17.385204,-0.922000,0.856000,1.506000,-0.984864,0.793385,1.561373,-0.997103,0.801260,1.557212,0.009216,0.003327,-0.621927,0.783014,-0.332826,-0.352003,0.036821,0.001486,-0.001222,0.005306,-0.002171,-0.001844,0.000221,17,-0.014397,-0.004245,9.725861,-0.028307,-0.084480,-0.009130,9.727319,0.114218,0.104588,0.106111
17.401963,-0.926000,0.850000,1.506000,-0.955737,0.803868,1.546324,-0.999901,0.795807,1.557421,0.008510,0.003555,-0.618006,0.786119,-0.327808,-0.354916,0.036999,0.001481,-0.001233,0.005319,-0.002165,-0.001846,0.000221,17,0.038948,0.049058,9.850428,-0.067968,-0.040518,0.001758,9.851569,0.101084,0.068106,0.105082
17.418553,-0.930000,0.845000,1.506000,-0.947041,0.779538,1.574413,-1.002287,0.788894,1.558528,0.008288,0.004057,-0.619460,0.784974,-0.320868,-0.359882,0.036461,0.001472,-0.001248,0.005307,-0.002158,-0.001851,0.000221,17,0.051312,0.145450,9.755390,-0.039531,0.017065,0.000318,9.758235,0.073975,0.096208,0.105511
17.435084,-0.934000,0.841000,1.506000,-1.023517,0.798132,1.525128,-1.007932,0.784396,1.557997,0.008504,0.003742,-0.615661,0.787956,-0.322880,-0.358695,0.035260,0.001476,-0.001243,0.005338,-0.002160,-0.001849,0.000221,16,-0.131553,-0.002947,9.802058,0.037559,-0.009158,-0.047780,9.803781,0.105571,0.101079,0.106647
17.451676,-0.939000,0.835000,1.506000,-1.017756,0.780111,1.607791,-1.013383,0.778931,1.560193,0.008791,0.003216,-0.614564,0.788812,-0.327399,-0.359365,0.036264,0.001478,-0.001242,0.005291,-0.002162,-0.001848,0.000221,17,-0.147049,-0.161028,9.772244,0.066299,-0.032536,0.018716,9.775923,0.114800,0.139917,0.107765
17.468350,-0.942000,0.830000,1.506000,-1.013976,0.751906,1.593004,-1.018700,0.771653,1.561780,0.008561,0.003389,-0.620126,0.784448,-0.328290,-0.366606,0.033732,0.001473,-0.001244,0.005261,-0.002161,-0.001850,0.000221,17,0.128125,-0.021830,9.598228,-0.033832,-0.010556,0.016723,9.600324,0.095883,0.137291,0.111350
17.485030,-0.946000,0.826000,1.505000,-0.998838,0.840119,1.565673,-1.021961,0.771593,1.562418,0.008575,0.002737,-0.568070,0.822931,-0.318383,-0.362723,0.031999,0.001475,-0.001241,0.005254,-0.002164,-0.001855,0.000219,17,0.090362,0.130639,9.697932,0.019173,-0.075898,-0.030328,9.699676,0.104545,0.081684,0.109668
17.501596,-0.950000,0.821000,1.505000,-0.983927,0.744077,1.606117,-1.025212,0.763282,1.564214,0.008700,0.001909,-0.583739,0.811892,-0.316414,-0.374596,0.031668,0.001465,-0.001254,0.005216,-0.002157,-0.001856,0.000220,17,0.221584,-0.061174,9.720582,0.091636,-0.077899,0.036110,9.724729,0.150882,0.131502,0.111779
17.518239,-0.954000,0.816000,1.505000,-0.989907,0.796225,1.544994,-1.027750,0.759561,1.564097,0.007726,0.001817,-0.572159,0.820104,-0.316340,-0.374531,0.029278,0.001468,-0.001264,0.005235,-0.002152,-0.001854,0.000220,16,0.000047,-0.266474,9.702845,-0.088164,-0.079154,0.009219,9.708572,0.139792,0.057270,0.110077
17.534849,-0.959000,0.810000,1.505000,-1.075955,0.755581,1.513394,-1.034900,0.753758,1.562925,0.006549,0.002025,-0.574436,0.818521,-0.321288,-0.377012,0.028701,0.001475,-0.001254,0.005283,-0.002157,-0.001851,0.000220,17,0.023890,-0.058250,9.874340,-0.151910,-0.057989,-0.047075,9.876405,0.180476,0.129269,0.110812
17.551511,-0.962000,0.805000,1.504000,-0.982631,0.767604,1.544333,-1.037032,0.748522,1.562814,0.005629,0.002425,-0.567452,0.823384,-0.315290,-0.376399,0.032073,0.001469,-0.001268,0.005303,-0.002150,-0.001854,0.000220,17,-0.059647,0.069106,10.057151,-0.107195,-0.030029,0.013838,10.059043,0.131312,0.058744,0.110810
17.568097,-0.966000,0.801000,1.504000,-1.014568,0.707449,1.594936,-1.041155,0.740038,1.564345,0.005033,0.002862,-0.574792,0.818279,-0.315963,-0.381226,0.037491,0.001455,-0.001274,0.005275,-0.002146,-0.001861,0.000220,17,-0.099434,-0.079967,10.087041,-0.078218,-0.015302,-0.016465,10.089545,0.159589,0.139212,0.114045
17.584717,-0.971000,0.794000,1.504000,-1.022864,0.744356,1.624345,-1.044916,0.734724,1.566880,0.003645,0.003609,-0.570401,0.821351,-0.313883,-0.379576,0.043727,0.001455,-0.001279,0.005218,-0.002144,-0.001860,0.000220,16,-0.138183,0.039789,10.084497,-0.199169,-0.021944,-0.017485,10.087216,0.212538,0.140133,0.113715
17.601287,-0.974000,0.790000,1.504000,-1.002104,0.728702,1.564659,-1.047492,0.728503,1.567492,0.004127,0.004701,-0.568033,0.822982,-0.306362,-0.377825,0.047247,0.001446,-0.001291,0.005223,-0.002137,-0.001865,0.000220,17,-0.175455,0.255199,10.041119,-0.027016,0.132808,-0.027886,10.048612,0.156144,0.090702,0.114953
17.617970,-0.978000,0.785000,1.504000,-1.031571,0.725982,1.506717,-1.051289,0.722382,1.566286,0.004912,0.004806,-0.566504,0.824031,-0.301635,-0.380249,0.045234,0.001441,-0.001296,0.005285,-0.002134,-0.001867,0.000220,17,0.069331,0.121096,9.818024,0.077423,0.061704,0.017179,9.819837,0.108189,0.079752,0.114769
17.634642,-0.983000,0.779000,1.504000,-1.037183,0.752718,1.542939,-1.054697,0.719602,1.566312,0.005588,0.004625,-0.520906,0.853583,-0.294719,-0.377909,0.046418,0.001437,-0.001288,0.005308,-0.002141,-0.001877,0.000220,17,0.134046,0.078478,9.928741,0.044321,0.027163,-0.009405,9.931549,0.100296,0.071713,0.112033
17.651225,-0.986000,0.775000,1.504000,-1.070134,0.688306,1.610948,-1.059479,0.711897,1.568308,0.005012,0.004992,-0.530063,0.847929,-0.294859,-0.383248,0.050687,0.001432,-0.001280,0.005265,-0.002144,-0.001874,0.000220,15,-0.037469,0.080073,10.011147,-0.096132,0.003502,-0.006789,10.012962,0.135409,0.161345,0.116262
17.667847,-0.990000,0.771000,1.504000,-0.989070,0.724190,1.575084,-1.060245,0.706617,1.569297,0.004524,0.005389,-0.521805,0.853036,-0.282703,-0.381906,0.052257,0.001421,-0.001298,0.005262,-0.002134,-0.001880,0.000220,17,0.008006,0.340688,9.914799,-0.059497,0.001486,-0.016755,9.922322,0.129660,0.085117,0.115513
17.684433,-0.995000,0.765000,1.505000,-1.080867,0.761725,1.508649,-1.064944,0.704644,1.568285,0.003870,0.005229,-0.482718,0.875752,-0.275935,-0.374916,0.049678,0.001435,-0.001290,0.005320,-0.002141,-0.001880,0.000220,17,0.122457,0.314536,9.769472,-0.090766,-0.035913,0.007448,9.775542,0.131997,0.086006,0.111983
17.701137,-0.998000,0.760000,1.504000,-1.017281,0.691030,1.617827,-1.066655,0.697602,1.570569,0.002966,0.004997,-0.487657,0.873016,-0.261049,-0.374610,0.048929,0.001425,-0.001306,0.005275,-0.002133,-0.001886,0.000220,17,0.177408,0.640777,9.678354,-0.069002,-0.092351,-0.003207,9.702459,0.129657,0.134481,0.114186
17.734296,-1.007000,0.750000,1.505000,-1.050082,0.685823,1.554907,-1.073616,0.685495,1.571499,0.004564,0.003890,-0.487611,0.873040,-0.251067,-0.367510,0.043441,0.001418,-0.001313,0.005294,-0.002129,-0.001889,0.000221,33,-0.174716,0.347506,9.659025,0.119880,-0.017434,0.002453,9.670742,0.136671,0.092008,0.114109
17.750934,-1.010000,0.746000,1.504000,-1.031486,0.700184,1.513126,-1.075104,0.680577,1.570269,0.004940,0.004032,-0.482742,0.875739,-0.244841,-0.366668,0.039977,0.001413,-0.001329,0.005358,-0.002120,-0.001893,0.000221,17,-0.003319,0.118918,9.718842,0.044153,0.033944,-0.012787,9.720941,0.078737,0.051421,0.113624
17.767594,-1.014000,0.741000,1.504000,-1.086524,0.691511,1.533659,-1.079553,0.675898,1.569741,0.005241,0.004153,-0.471331,0.881931,-0.242663,-0.363630,0.039261,0.001417,-0.001324,0.005397,-0.002123,-0.001891,0.000220,17,-0.063064,0.208171,9.837611,0.015522,0.036029,-0.018612,9.841231,0.137082,0.092674,0.113390
17.784236,-1.019000,0.736000,1.504000,-1.051001,0.710527,1.626372,-1.081521,0.672735,1.572180,0.005070,0.004154,-0.437308,0.899288,-0.235238,-0.354361,0.039227,0.001411,-0.001324,0.005337,-0.002126,-0.001896,0.000220,17,-0.041083,0.402204,9.699297,-0.040464,0.000214,0.015574,9.709681,0.100309,0.129026,0.112071
17.800808,-1.023000,0.729000,1.504000,-1.072733,0.686952,1.565665,-1.084135,0.667707,1.572560,0.004346,0.004375,-0.441957,0.897015,-0.232448,-0.356321,0.038763,0.001418,-0.001335,0.005344,-0.002119,-0.001891,0.000221,16,0.059883,0.016771,9.797841,-0.083520,-0.015194,-0.021057,9.799562,0.102979,0.089689,0.110430
17.817411,-1.028000,0.724000,1.504000,-1.057245,0.674149,1.538128,-1.086036,0.662885,1.572028,0.004384,0.004157,-0.440925,0.897523,-0.228583,-0.354208,0.039491,0.001413,-0.001346,0.005382,-0.002113,-0.001895,0.000221,16,-0.141941,0.141142,9.921255,0.024514,-0.028149,-0.044439,9.926637,0.121232,0.067120,0.108310
17.834061,-1.029000,0.722000,1.504000,-1.079916,0.668202,1.519836,-1.088084,0.659342,1.570833,0.005462,0.003793,-0.439548,0.898194,-0.230601,-0.350413,0.040129,0.001412,-0.001349,0.005437,-0.002111,-0.001895,0.000221,12,-0.474229,0.034255,10.014514,0.201427,0.024601,0.039231,10.027104,0.211006,0.075746,0.109012
17.850700,-1.034000,0.716000,1.504000,-1.107996,0.658579,1.576059,-1.092600,0.654020,1.571674,0.007630,0.004040,-0.437302,0.899273,-0.228220,-0.347297,0.043091,0.001418,-0.001345,0.005431,-0.002113,-0.001892,0.000220,17,-0.088816,0.342859,9.976889,0.219727,0.146432,0.030815,9.986047,0.267629,0.118174,0.108882
17.867334,-1.039000,0.710000,1.503000,-1.062782,0.690732,1.496606,-1.094693,0.650604,1.570029,0.009223,0.004647,-0.425405,0.904944,-0.228366,-0.347278,0.040747,0.001419,-0.001358,0.005511,-0.002106,-0.001892,0.000220,17,-0.063096,-0.132592,9.815817,0.145848,0.147067,-0.037425,9.818936,0.220113,0.031269,0.105463
17.883914,-1.042000,0.707000,1.504000,-1.150859,0.659751,1.591756,-1.100974,0.646643,1.571375,0.010865,0.005042,-0.394572,0.918787,-0.231379,-0.344622,0.041831,0.001422,-0.001333,0.005485,-0.002123,-0.001893,0.000219,16,0.088933,0.194046,9.829892,0.132007,0.128673,-0.002412,9.837549,0.193232,0.147594,0.107983
17.900548,-1.047000,0.701000,1.503000,-1.081312,0.633734,1.538102,-1.103024,0.640411,1.570955,0.011169,0.005684,-0.399520,0.916639,-0.224439,-0.346162,0.038709,0.001413,-0.001339,0.005522,-0.002119,-0.001897,0.000220,17,0.029536,0.388516,9.692853,0.007947,0.076026,0.007142,9.706599,0.119845,0.083271,0.106900
17.917193,-1.050000,0.697000,1.504000,-1.139287,0.640808,1.582385,-1.106059,0.638553,1.571560,0.011128,0.005746,-0.396859,0.917794,-0.226582,-0.347409,0.036980,0.001424,-0.001330,0.005509,-0.002124,-0.001891,0.000219,7,0.109839,0.027998,9.483935,-0.037586,0.031178,0.081557,9.485803,0.100233,0.131430,0.105466
17.933828,-1.054000,0.691000,1.503000,-1.143700,0.688139,1.495280,-1.110928,0.635964,1.569864,0.010663,0.005117,-0.402981,0.915132,-0.217202,-0.340734,0.032077,0.001453,-0.001341,0.005583,-0.002118,-0.001873,0.000220,17,0.055124,0.773592,9.642575,-0.017147,-0.075157,-0.035457,9.678253,0.102351,0.090077,0.103636
17.950425,-1.059000,0.686000,1.503000,-1.131918,0.593773,1.535605,-1.115109,0.628708,1.569261,0.010975,0.004819,-0.407500,0.913126,-0.212047,-0.342455,0.028975,0.001445,-0.001327,0.005620,-0.002125,-0.001878,0.000220,16,-0.002924,0.516888,9.680564,0.040727,-0.024990,-0.012253,9.696998,0.103179,0.122008,0.104025
17.967091,-1.062000,0.682000,1.503000,-1.069101,0.635969,1.556405,-1.116175,0.623618,1.569292,0.011354,0.004772,-0.408109,0.912850,-0.206278,-0.343644,0.028169,0.001434,-0.001344,0.005635,-0.002115,-0.001884,0.000221,17,-0.016139,0.174298,9.780961,0.059008,0.003789,0.049622,9.785418,0.107632,0.070862,0.103624
17.983685,-1.065000,0.678000,1.503000,-1.110873,0.621333,1.534775,-1.119014,0.618136,1.568703,0.011716,0.005052,-0.408542,0.912650,-0.198545,-0.343695,0.029830,0.001432,-0.001347,0.005671,-0.002113,-0.001886,0.000221,17,0.101465,0.481245,9.979412,0.022906,0.039392,-0.001365,9.992466,0.117703,0.079531,0.104010
18.000345,-1.070000,0.671000,1.503000,-1.099944,0.633227,1.539659,-1.121132,0.613417,1.568342,0.010871,0.005515,-0.406842,0.913417,-0.193452,-0.347646,0.032623,0.001431,-0.001358,0.005702,-0.002106,-0.001886,0.000221,17,0.211741,0.104115,10.044002,-0.107350,0.005214,-0.005247,10.050017,0.126569,0.060559,0.100994
18.016958,-1.073000,0.667000,1.503000,-1.156983,0.629497,1.621989,-1.125930,0.609117,1.570574,0.010163,0.006613,-0.399102,0.916827,-0.196693,-0.347896,0.037605,0.001448,-0.001353,0.005644,-0.002110,-0.001876,0.000220,17,-0.042348,-0.003150,10.008515,-0.138731,0.094205,0.000155,10.009145,0.180414,0.150393,0.103529
18.033515,-1.076000,0.663000,1.503000,-1.109481,0.592526,1.417102,-1.127858,0.602561,1.566503,0.009069,0.007152,-0.405378,0.914076,-0.192376,-0.353700,0.036854,0.001434,-0.001356,0.005805,-0.002106,-0.001885,0.000221,16,0.036371,0.053226,10.070286,-0.150931,-0.004879,-0.031237,10.072216,0.158521,0.116043,0.101856
18.050191,-1.081000,0.657000,1.503000,-1.079621,0.614010,1.607735,-1.128637,0.597539,1.568335,0.009068,0.007849,-0.406153,0.913727,-0.190645,-0.355327,0.040491,0.001426,-0.001377,0.005765,-0.002094,-0.001889,0.000221,17,-0.171865,-0.090981,9.965873,-0.023645,0.069715,0.015042,9.969062,0.091775,0.113223,0.100367
18.066816,-1.085000,0.651000,1.503000,-1.150678,0.628726,1.517864,-1.132594,0.593869,1.567523,0.008997,0.008072,-0.397444,0.917547,-0.191308,-0.352062,0.041363,0.001440,-0.001379,0.005816,-0.002094,-0.001881,0.000220,17,-0.128728,0.110569,9.954642,-0.020761,0.030685,-0.036618,9.959759,0.111929,0.070927,0.098450
18.083450,-1.088000,0.648000,1.503000,-1.099183,0.605019,1.493167,-1.133827,0.588599,1.565948,0.010363,0.007793,-0.400142,0.916362,-0.179370,-0.347960,0.040665,0.001433,-0.001395,0.005895,-0.002083,-0.001885,0.000221,17,-0.009909,0.639228,9.905696,0.170550,0.026237,-0.038800,9.927792,0.207203,0.045487,0.097934
18.100046,-1.092000,0.642000,1.503000,-1.183295,0.601085,1.468535,-1.138709,0.584348,1.563657,0.012399,0.007563,-0.391690,0.919983,-0.180116,-0.344547,0.036146,0.001447,-0.001383,0.005995,-0.002090,-0.001878,0.000220,16,-0.127001,0.316233,9.704188,0.237899,0.081351,0.040968,9.711801,0.260767,0.105814,0.095837
18.116628,-1.095000,0.637000,1.503000,-1.179966,0.567908,1.611667,-1.143468,0.578619,1.565697,0.014237,0.007595,-0.387572,0.921698,-0.181986,-0.344681,0.039256,0.001455,-0.001366,0.005944,-0.002101,-0.001873,0.000219,17,-0.163171,0.251820,9.915210,0.197841,0.091770,0.021243,9.920559,0.227291,0.154277,0.098429
18.133381,-1.099000,0.632000,1.503000,-1.134270,0.601139,1.578077,-1.145982,0.574357,1.566704,0.015520,0.007547,-0.383105,0.923544,-0.180741,-0.344504,0.037809,0.001462,-0.001381,0.005930,-0.002093,-0.001869,0.000219,17,-0.099785,0.136751,9.704431,0.156010,0.054504,-0.033456,9.708302,0.170310,0.088504,0.097920
18.149921,-1.102000,0.627000,1.503000,-1.167514,0.553764,1.548410,-1.149726,0.568017,1.566738,0.016642,0.007812,-0.383272,0.923452,-0.176450,-0.346091,0.035917,0.001461,-0.001369,0.005950,-0.002100,-0.001870,0.000219,17,-0.003670,0.450807,9.727681,0.107496,0.079660,0.001775,9.740695,0.145508,0.108248,0.099093
18.166579,-1.106000,0.623000,1.503000,-1.146875,0.564996,1.531032,-1.152108,0.562612,1.566193,0.017342,0.007974,-0.384265,0.923026,-0.168251,-0.347855,0.032832,0.001459,-0.001372,0.005989,-0.002098,-0.001871,0.000219,16,0.148038,0.508594,9.684859,0.074354,0.051586,-0.005335,9.700397,0.100240,0.076295,0.098823
18.183177,-1.110000,0.617000,1.503000,-1.150521,0.560249,1.529433,-1.154449,0.557158,1.565578,0.017662,0.008022,-0.385173,0.922641,-0.159578,-0.349161,0.030078,0.001458,-0.001374,0.006028,-0.002096,-0.001872,0.000219,17,0.153084,0.549718,9.704882,0.035188,0.019496,-0.032131,9.722199,0.070933,0.074575,0.097328
18.199821,-1.113000,0.612000,1.503000,-1.179343,0.514619,1.625448,-1.158108,0.549748,1.567812,0.018424,0.007593,-0.387423,0.921687,-0.157351,-0.357805,0.032554,0.001454,-0.001355,0.005966,-0.002107,-0.001874,0.000219,17,0.138683,0.198780,9.857694,0.092245,-0.015240,-0.018141,9.861313,0.110152,0.169935,0.100551
18.216487,-1.115000,0.607000,1.503000,-1.217303,0.547295,1.414293,-1.163034,0.544114,1.563758,0.017908,0.007440,-0.382735,0.923655,-0.160719,-0.362230,0.026891,0.001464,-0.001335,0.006127,-0.002118,-0.001868,0.000218,17,-0.030738,0.064016,9.754875,-0.059900,-0.041385,0.015745,9.756060,0.103880,0.147985,0.099767
18.233062,-1.119000,0.601000,1.503000,-1.133438,0.524369,1.505435,-1.164064,0.537119,1.562414,0.018109,0.007578,-0.389004,0.921027,-0.154783,-0.364570,0.027360,0.001448,-0.001342,0.006193,-0.002112,-0.001878,0.000219,17,-0.139309,0.391242,9.947532,0.013623,0.019748,-0.030205,9.958585,0.101735,0.078018,0.098192
18.249642,-1.122000,0.597000,1.503000,-1.165253,0.568061,1.529760,-1.166376,0.533235,1.561923,0.019104,0.007701,-0.384220,0.923012,-0.151709,-0.363017,0.027628,0.001458,-0.001354,0.006225,-0.002105,-0.001871,0.000219,16,-0.052399,0.333746,9.884839,0.116502,0.061512,0.015071,9.892326,0.142222,0.058519,0.097505
18.266303,-1.125000,0.591000,1.503000,-1.136854,0.531911,1.510761,-1.167244,0.527318,1.560802,0.020737,0.008240,-0.387908,0.921428,-0.153943,-0.367122,0.027354,0.001449,-0.001367,0.006282,-0.002096,-0.001876,0.000219,17,-0.346285,-0.060881,9.892399,0.169792,0.140358,0.029643,9.901412,0.223753,0.060764,0.095818
18.282954,-1.129000,0.585000,1.503000,-1.163932,0.551208,1.535407,-1.169474,0.522802,1.560534,0.021840,0.008427,-0.384141,0.922977,-0.152347,-0.373301,0.028977,0.001456,-0.001379,0.006308,-0.002089,-0.001872,0.000219,17,0.125572,-0.006438,9.974603,0.122780,0.070389,-0.007059,9.976218,0.150583,0.058415,0.093899
18.299573,-1.132000,0.580000,1.503000,-1.202535,0.537509,1.538794,-1.173915,0.518242,1.560430,0.021863,0.008787,-0.368272,0.929419,-0.159096,-0.377406,0.028830,0.001447,-0.001372,0.006329,-0.002095,-0.001871,0.000218,17,-0.014807,-0.212293,9.850679,-0.009862,0.038222,-0.027543,9.853853,0.090177,0.089788,0.094176
18.316199,-1.135000,0.575000,1.503000,-1.197941,0.521707,1.517967,-1.176337,0.515051,1.559437,0.021652,0.009121,-0.351318,0.935961,-0.159154,-0.380613,0.027548,0.001454,-0.001360,0.006372,-0.002105,-0.001880,0.000219,10,-0.028899,0.072296,9.821761,-0.066304,-0.034998,-0.020655,9.822956,0.101178,0.083819,0.092130
18.332745,-1.138000,0.568000,1.503000,-1.192769,0.525080,1.573759,-1.177546,0.514560,1.559961,0.021715,0.009139,-0.347908,0.937233,-0.158096,-0.379746,0.027647,0.001462,-0.001358,0.006356,-0.002106,-0.001875,0.000219,4,0.319447,0.671274,9.702804,0.030620,0.024652,-0.011158,9.732076,0.049184,0.099240,0.087546
18.349415,-1.141000,0.563000,1.504000,-1.206241,0.488278,1.622273,-1.206235,0.488271,1.622269,0.000000,0.000000,-0.000000,1.000000,-0.158096,-0.379746,0.027647,0.001462,-0.001358,0.006356,-0.002106,-0.001875,0.000219,0,0.000000,0.000000,0.000000,0.000000,0.000000,0.000000,0.000000,0.000000,0.154365,0.154362
18.366044,-1.145000,0.556000,1.504000,-1.211578,0.512134,1.563743,-1.208969,0.481255,1.593837,0.033741,0.044334,0.125901,0.990477,-0.138760,-0.384291,0.027604,0.001462,-0.001358,0.006356,-0.002106,-0.001875,0.000219,17,-0.046018,0.452497,9.856665,-0.039443,0.007653,-0.025422,9.867803,0.127687,0.099629,0.133228
18.382709,-1.147000,0.551000,1.504000,-1.198549,0.479868,1.549588,-1.208585,0.485192,1.579441,0.027392,0.056911,-0.010481,0.997948,-0.117243,-0.376960,0.024306,0.001462,-0.001358,0.006357,-0.002106,-0.001875,0.000219,17,-0.066620,0.347223,9.768140,0.050341,0.038924,-0.028185,9.776495,0.124989,0.098971,0.117536
18.399276,-1.150000,0.546000,1.504000,-1.240042,0.477438,1.436610,-1.216885,0.480170,1.543872,0.016748,0.056267,-0.195390,0.978967,-0.110178,-0.388894,0.022784,0.001462,-0.001358,0.006357,-0.002106,-0.001875,0.000219,16,-0.105700,-0.086157,9.799175,-0.045921,0.124404,0.051746,9.802551,0.162235,0.131718,0.101965
18.415938,-1.152000,0.540000,1.504000,-1.195851,0.506612,1.492985,-1.213742,0.480452,1.533870,0.007578,0.057958,-0.195783,0.978904,-0.085307,-0.390086,0.020127,0.001462,-0.001358,0.006357,-0.002106,-0.001875,0.000219,17,0.193344,0.129344,9.789721,-0.056278,0.084250,-0.015433,9.794391,0.128163,0.056205,0.090831
18.432557,-1.155000,0.533000,1.504000,-1.230944,0.500278,1.619711,-1.215361,0.478297,1.547873,0.029178,0.066366,0.241167,0.967772,-0.072065,-0.385864,0.019963,0.001462,-0.001359,0.006357,-0.002106,-0.001875,0.000219,17,0.067373,0.038703,9.745176,0.012472,0.026601,0.028752,9.746474,0.081851,0.142222,0.092524
18.449163,-1.158000,0.528000,1.504000,-1.221389,0.488650,1.523497,-1.215216,0.469090,1.544407,-0.003476,0.067191,-0.416477,0.906653,-0.029314,-0.392876,0.013501,0.001462,-0.001358,0.006357,-0.002106,-0.001875,0.000219,17,0.024917,-0.175310,9.716147,-0.260832,-0.087026,0.016244,9.718220,0.277309,0.077115,0.091525
18.465805,-1.160000,0.522000,1.504000,-1.188880,0.451932,1.543809,-1.215263,0.464917,1.545039,-0.016865,0.058906,-0.526776,0.847793,-0.011097,-0.424581,0.012233,0.001462,-0.001358,0.006357,-0.002106,-0.001875,0.000219,16,0.217475,0.517050,9.829154,-0.273362,-0.178151,-0.031692,9.848843,0.331208,0.085605,0.089425
18.482381,-1.163000,0.515000,1.504000,-1.258555,0.486061,1.562031,-1.217531,0.461679,1.547155,-0.015578,0.061096,-0.378372,0.923504,-0.029493,-0.409767,0.017120,0.001462,-0.001358,0.006357,-0.002106,-0.001875,0.000219,17,0.229758,0.506719,9.832559,-0.172393,-0.151311,-0.020789,9.849096,0.235726,0.115481,0.087631
18.499087,-1.165000,0.509000,1.504000,-1.181706,0.492548,1.549824,-1.215805,0.458879,1.547653,-0.017303,0.063643,-0.343816,0.936718,0.021362,-0.356723,0.015410,0.001462,-0.001358,0.006356,-0.002106,-0.001875,0.000219,17,-0.129076,0.364723,9.928876,-0.218539,-0.128618,0.013710,9.937849,0.259604,0.051474,0.083659
18.515707,-1.168000,0.502000,1.504000,-1.233423,0.450508,1.515987,-1.217385,0.454228,1.545094,-0.006443,0.057211,-0.155064,0.986225,0.046636,-0.368995,0.012066,0.001462,-0.001358,0.006358,-0.002106,-0.001875,0.000219,17,-0.039359,0.705885,9.825311,-0.170797,-0.022920,-0.049678,9.851745,0.194694,0.084115,0.080061
18.532287,-1.170000,0.497000,1.504000,-1.218096,0.463943,1.538234,-1.216760,0.450136,1.544698,-0.008299,0.056165,-0.152443,0.986680,0.063028,-0.353733,0.010668,0.001462,-0.001358,0.006358,-0.002106,-0.001875,0.000219,16,0.076748,0.629930,9.789439,-0.096107,-0.047633,-0.007593,9.817579,0.150817,0.067661,0.077712
18.548883,-1.173000,0.490000,1.504000,-1.254676,0.434037,1.507494,-1.219197,0.443506,1.542021,-0.004038,0.054639,-0.102228,0.993251,0.067794,-0.356795,0.007659,0.001462,-0.001358,0.006360,-0.002106,-0.001875,0.000219,17,-0.224602,0.022174,9.672951,-0.005932,-0.029754,0.028716,9.680551,0.102827,0.099071,0.075773
18.565557,-1.175000,0.484000,1.504000,-1.285951,0.443579,1.477896,-1.223975,0.438585,1.537756,-0.002717,0.050710,-0.076610,0.995767,0.063933,-0.348230,0.005784,0.001462,-0.001358,0.006364,-0.002106,-0.001875,0.000219,17,-0.266672,0.329258,9.737762,-0.011669,-0.043634,-0.044308,9.755006,0.096195,0.120936,0.074836
18.584255,-1.178000,0.477000,1.504000,-1.237786,0.417853,1.575231,-1.224048,0.430897,1.540405,-0.000244,0.049728,-0.056178,0.997182,0.074338,-0.344745,0.005163,0.001462,-0.001358,0.006361,-0.002106,-0.001875,0.000219,19,-0.233335,0.346622,9.722499,0.071872,-0.017239,0.003877,9.733426,0.092251,0.110212,0.074641
18.600862,-1.180000,0.471000,1.504000,-1.235589,0.463428,1.451925,-1.223761,0.428443,1.534556,-0.005402,0.047415,-0.117067,0.991977,0.086113,-0.335159,0.002398,0.001462,-0.001358,0.006367,-0.002106,-0.001875,0.000219,17,-0.110107,-0.147076,9.865962,0.069037,-0.060221,-0.004958,9.868382,0.107428,0.076546,0.068263
18.617506,-1.182000,0.466000,1.504000,-1.215516,0.407258,1.526622,-1.221761,0.421634,1.534057,-0.002592,0.048523,-0.097230,0.994075,0.101639,-0.341951,0.003934,0.001462,-0.001358,0.006368,-0.002106,-0.001875,0.000219,16,-0.068256,0.036507,9.975217,0.042054,0.020806,-0.010614,9.976408,0.096690,0.071314,0.066728
18.634075,-1.185000,0.458000,1.504000,-1.247697,0.441480,1.487804,-1.222153,0.418490,1.531463,-0.005537,0.047471,-0.122182,0.991356,0.107915,-0.333738,0.004059,0.001462,-0.001358,0.006372,-0.002106,-0.001875,0.000219,17,-0.148516,-0.132629,9.935297,-0.004293,0.097686,0.012301,9.938418,0.121448,0.066829,0.060792
18.650724,-1.187000,0.453000,1.503000,-1.207683,0.374790,1.520455,-1.219253,0.409680,1.530814,0.001302,0.050697,-0.050620,0.997430,0.127945,-0.347152,0.004186,0.001462,-0.001358,0.006374,-0.002106,-0.001875,0.000219,17,-0.045561,0.179367,9.922477,0.050125,0.099730,-0.015051,9.924851,0.128082,0.082761,0.060749
18.667401,-1.189000,0.448000,1.504000,-1.287035,0.407281,1.519853,-1.222346,0.404425,1.530633,0.001876,0.048805,-0.048462,0.997630,0.128770,-0.340794,0.004262,0.001462,-0.001358,0.006375,-0.002106,-0.001875,0.000219,17,0.139802,0.323991,9.809646,0.082324,0.139977,0.009587,9.816115,0.177579,0.107333,0.060992
18.683983,-1.192000,0.440000,1.504000,-1.223441,0.408099,1.590963,-1.220545,0.400217,1.534021,-0.001721,0.047876,-0.100115,0.993822,0.141140,-0.329871,0.005209,0.001462,-0.001358,0.006368,-0.002106,-0.001875,0.000219,16,-0.080568,0.369592,9.737475,-0.029018,0.070202,-0.021388,9.745889,0.092054,0.097820,0.057435
18.700573,-1.194000,0.435000,1.504000,-1.254593,0.385156,1.537921,-1.220960,0.393525,1.534480,0.000740,0.047374,-0.051269,0.997560,0.148613,-0.331098,0.004619,0.001462,-0.001358,0.006368,-0.002106,-0.001875,0.000219,17,0.133922,0.331780,9.757184,-0.077402,-0.023496,-0.016328,9.765441,0.100110,0.085479,0.058104
18.717204,-1.196000,0.428000,1.504000,-1.292051,0.402332,1.470268,-1.223737,0.387155,1.531556,0.004784,0.045097,0.043596,0.998019,0.148817,-0.335429,0.001507,0.001461,-0.001358,0.006376,-0.002106,-0.001875,0.000219,17,0.216148,-0.079174,9.755794,-0.151048,-0.159740,0.016415,9.759437,0.221983,0.104988,0.056542
18.733902,-1.198000,0.422000,1.504000,-1.228693,0.346719,1.553418,-1.221770,0.381628,1.532449,0.000467,0.042729,-0.002785,0.999083,0.157102,-0.340967,0.000502,0.001462,-0.001358,0.006374,-0.002106,-0.001875,0.000219,17,-0.245301,-0.158004,9.711646,-0.243663,-0.168656,-0.002647,9.719762,0.297922,0.095140,0.054811
18.750486,-1.200000,0.417000,1.504000,-1.265875,0.356742,1.517941,-1.222276,0.374095,1.531929,0.000767,0.040374,0.023222,0.998914,0.157487,-0.348176,0.000018,0.001462,-0.001358,0.006377,-0.002106,-0.001875,0.000219,17,-0.132369,0.050928,9.795286,-0.230620,-0.144047,-0.005834,9.799737,0.274222,0.090360,0.055831
18.767069,-1.202000,0.410000,1.504000,-1.216593,0.358626,1.477540,-1.219449,0.367507,1.529311,0.000885,0.039145,0.050391,0.997962,0.171019,-0.354776,-0.003286,0.001462,-0.001358,0.006385,-0.002106,-0.001875,0.000219,16,-0.091962,0.004941,9.801309,-0.238358,-0.209247,0.012098,9.803876,0.320758,0.059601,0.052448
18.783684,-1.204000,0.405000,1.504000,-1.278595,0.355792,1.555314,-1.220940,0.361556,1.530753,-0.002158,0.035785,0.026050,0.999018,0.163801,-0.344703,0.001708,0.001462,-0.001358,0.006381,-0.002106,-0.001875,0.000219,17,-0.157554,0.479667,9.986836,-0.226040,-0.154837,-0.001000,10.001798,0.280468,0.103049,0.053759
18.816973,-1.208000,0.393000,1.504000,-1.284910,0.330063,1.440578,-1.220122,0.347752,1.526916,-0.000590,0.034142,0.050069,0.998162,0.161245,-0.332314,0.004089,0.001461,-0.001357,0.006400,-0.002106,-0.001875,0.000219,34,-0.214562,0.650034,10.001566,-0.042387,0.007368,-0.009151,10.031181,0.114372,0.117892,0.052148
18.833567,-1.210000,0.388000,1.503000,-1.284938,0.348646,1.516999,-1.222889,0.343368,1.526608,-0.003808,0.032199,-0.014208,0.999373,0.153817,-0.321101,0.002909,0.001462,-0.001357,0.006402,-0.002106,-0.001875,0.000219,16,-0.178808,0.303994,9.716195,-0.042046,0.037130,-0.020197,9.724074,0.069939,0.085793,0.052110
18.850180,-1.212000,0.383000,1.504000,-1.248716,0.335532,1.486344,-1.222438,0.338051,1.524915,-0.003582,0.031696,-0.017861,0.999332,0.159766,-0.314158,0.001273,0.001462,-0.001357,0.006410,-0.002106,-0.001875,0.000219,17,0.126076,0.414646,9.845297,0.028083,0.028552,-0.026396,9.856748,0.082737,0.062554,0.050663
18.866845,-1.215000,0.376000,1.504000,-1.289863,0.297145,1.554010,-1.224745,0.329554,1.526477,-0.000285,0.030426,0.007497,0.999509,0.149926,-0.320445,0.003402,0.001462,-0.001357,0.006405,-0.002106,-0.001875,0.000219,17,-0.078172,0.388703,9.794770,0.125868,0.036899,-0.025072,9.803929,0.146481,0.119681,0.052511
18.883539,-1.216000,0.371000,1.504000,-1.271356,0.330545,1.419956,-1.225935,0.325659,1.521965,-0.000387,0.029488,-0.021573,0.999332,0.148153,-0.317601,-0.001473,0.001462,-0.001356,0.006429,-0.002107,-0.001875,0.000219,17,-0.075882,-0.139441,9.836610,0.151303,0.051447,-0.016932,9.838867,0.174037,0.108463,0.049772
18.900087,-1.219000,0.364000,1.504000,-1.316397,0.294739,1.596775,-1.230494,0.319271,1.525558,0.001056,0.028157,-0.028721,0.999190,0.133999,-0.318794,0.002911,0.001463,-0.001356,0.006412,-0.002107,-0.001875,0.000219,16,-0.026536,0.181760,9.771057,0.148018,0.134572,-0.002385,9.776256,0.211836,0.151296,0.050966
18.916705,-1.221000,0.361000,1.503000,-1.276206,0.296813,1.485314,-1.231413,0.312089,1.524024,0.003626,0.027790,-0.007859,0.999576,0.128661,-0.321374,0.000257,0.001463,-0.001356,0.006422,-0.002107,-0.001875,0.000219,17,-0.172488,0.324152,9.740303,0.166913,0.047786,-0.005065,9.748657,0.203742,0.086490,0.054247
18.933309,-1.222000,0.356000,1.503000,-1.283193,0.289063,1.578685,-1.233292,0.306154,1.526536,0.004843,0.027462,-0.014325,0.999508,0.125430,-0.318512,0.002082,0.001464,-0.001356,0.006408,-0.002107,-0.001875,0.000219,17,0.045050,0.425178,9.722659,0.140581,0.127875,0.014787,9.733162,0.197006,0.118124,0.056268
18.949963,-1.225000,0.350000,1.503000,-1.288367,0.293105,1.533116,-1.235402,0.301240,1.527011,0.005325,0.026701,-0.035867,0.998986,0.123301,-0.316933,0.001931,0.001464,-0.001356,0.006406,-0.002107,-0.001875,0.000219,17,0.074413,0.181661,9.759334,0.116132,0.097502,-0.011736,9.762407,0.168339,0.090329,0.055338
18.966601,-1.227000,0.344000,1.503000,-1.243463,0.267583,1.566464,-1.234800,0.295783,1.529516,0.008862,0.028403,0.000090,0.999557,0.127824,-0.329150,0.006643,0.001465,-0.001356,0.006401,-0.002107,-0.001874,0.000219,17,-0.213670,0.366272,9.929224,0.101895,0.144874,-0.004579,9.939763,0.182283,0.100689,0.055577
18.983165,-1.229000,0.339000,1.503000,-1.287580,0.304699,1.520175,-1.235325,0.286821,1.529714,0.009409,0.029062,0.026329,0.999186,0.118770,-0.317767,0.011016,0.001464,-0.001356,0.006401,-0.002106,-0.001874,0.000218,16,-0.167823,0.161407,10.061577,0.215844,0.161524,-0.004487,10.066215,0.273424,0.070023,0.058961
18.999842,-1.231000,0.333000,1.503000,-1.251056,0.302126,1.570706,-1.234825,0.283320,1.530340,0.011996,0.031267,0.134568,0.990338,0.123420,-0.331748,0.012387,0.001463,-0.001359,0.006383,-0.002106,-0.001874,0.000218,17,-0.068751,-0.139641,9.813895,0.051554,0.096226,0.011687,9.817414,0.126975,0.077069,0.056835
19.016424,-1.233000,0.328000,1.503000,-1.276112,0.258800,1.441284,-1.235518,0.277904,1.526896,0.010816,0.029270,0.054318,0.998036,0.125829,-0.331364,0.008783,0.001464,-0.001357,0.006410,-0.002106,-0.001874,0.000219,17,0.068982,0.076617,9.883741,0.004962,0.013471,-0.023555,9.886529,0.065771,0.102255,0.055561
19.033111,-1.235000,0.323000,1.503000,-1.282915,0.310586,1.504066,-1.236759,0.274309,1.526329,0.012371,0.029338,0.080535,0.996243,0.127344,-0.319985,0.012905,0.001464,-0.001357,0.006415,-0.002106,-0.001874,0.000219,17,0.011700,0.506282,10.107931,0.195476,0.036646,-0.035025,10.121461,0.207165,0.049508,0.054020
19.049711,-1.237000,0.317000,1.503000,-1.281572,0.294057,1.567924,-1.238315,0.270478,1.528421,0.014622,0.030467,0.171763,0.984559,0.121098,-0.317332,0.016572,0.001464,-0.001359,0.006400,-0.002106,-0.001874,0.000219,16,-0.139350,0.118229,9.879188,0.202687,0.038806,0.014970,9.885192,0.216466,0.082026,0.053031
19.066246,-1.238000,0.312000,1.503000,-1.270867,0.250288,1.587747,-1.238698,0.266796,1.531090,0.014294,0.029497,0.132139,0.990689,0.119543,-0.315801,0.014729,0.001464,-0.001360,0.006382,-0.002106,-0.001874,0.000219,17,-0.046570,0.159615,9.520597,0.100613,0.011538,0.014317,9.524259,0.118955,0.109867,0.053225
19.082957,-1.241000,0.306000,1.503000,-1.267753,0.237095,1.487605,-1.238607,0.258750,1.529644,0.015040,0.029976,0.175581,0.983894,0.123028,-0.322537,0.011547,0.001463,-0.001359,0.006396,-0.002106,-0.001874,0.000219,17,0.066144,0.335961,9.735041,-0.039076,0.028249,0.004845,9.742813,0.100529,0.075502,0.054298
19.099584,-1.242000,0.301000,1.503000,-1.278760,0.272589,1.533679,-1.239589,0.256068,1.530114,0.012976,0.028217,0.131306,0.990855,0.123518,-0.313208,0.010997,0.001464,-0.001359,0.006394,-0.002106,-0.001874,0.000219,17,0.029786,0.286960,9.757483,-0.126900,-0.037930,-0.003662,9.763084,0.168263,0.055675,0.052535
19.116199,-1.243000,0.297000,1.503000,-1.271757,0.238755,1.463534,-1.239686,0.248792,1.527739,0.013044,0.027787,0.162331,0.986259,0.122531,-0.320648,0.006317,0.001464,-0.001359,0.006416,-0.002105,-0.001874,0.000219,17,-0.240619,0.144664,9.715671,-0.083981,-0.050443,0.018742,9.721921,0.122150,0.076007,0.054286
19.132751,-1.245000,0.290000,1.502000,-1.234660,0.215951,1.503243,-1.237330,0.242095,1.526730,0.013742,0.027795,0.208658,0.977497,0.131043,-0.330340,0.002686,0.001464,-0.001359,0.006426,-0.002105,-0.001874,0.000219,16,-0.214936,0.051523,9.679279,-0.053310,-0.079059,0.013773,9.683590,0.103633,0.074778,0.054455
19.149395,-1.247000,0.285000,1.502000,-1.328466,0.274564,1.516642,-1.241182,0.237772,1.526734,0.013755,0.026888,0.261150,0.964826,0.120906,-0.318473,0.006243,0.001465,-0.001361,0.006425,-0.002105,-0.001874,0.000219,17,0.071448,0.482698,9.998898,0.002317,-0.070879,0.004991,10.012973,0.089582,0.083426,0.053629
19.182686,-1.249000,0.275000,1.502000,-1.301288,0.238077,1.491534,-1.241617,0.229743,1.525690,0.016268,0.026168,0.234887,0.971534,0.116467,-0.315360,0.011764,0.001465,-0.001362,0.006438,-0.002104,-0.001874,0.000219,34,-0.222509,0.235917,10.023347,0.204168,-0.026130,-0.024716,10.033054,0.217322,0.064860,0.051613
19.199269,-1.251000,0.269000,1.502000,-1.288939,0.168354,1.564632,-1.243234,0.220260,1.527504,0.018685,0.027211,0.276853,0.960345,0.118257,-0.335201,0.018682,0.001467,-0.001362,0.006424,-0.002104,-0.001873,0.000219,16,-0.120820,-0.201270,10.141183,0.211765,0.095997,0.032482,10.145804,0.242385,0.124466,0.055555
19.215880,-1.253000,0.264000,1.502000,-1.258127,0.185805,1.617725,-1.242518,0.212343,1.531481,0.019177,0.027922,0.297232,0.954204,0.123791,-0.345892,0.026378,0.001468,-0.001362,0.006388,-0.002105,-0.001873,0.000219,17,-0.107532,0.022975,10.027067,0.032864,0.080339,0.006153,10.028832,0.161709,0.139760,0.060394
19.232555,-1.254000,0.258000,1.503000,-1.327494,0.218820,1.536546,-1.246647,0.208180,1.532385,0.019346,0.026860,0.272692,0.961532,0.112595,-0.336967,0.030358,0.001470,-0.001364,0.006383,-0.002104,-0.001872,0.000219,17,0.091386,0.602332,9.993801,0.111674,0.019078,-0.036844,10.012935,0.140498,0.089787,0.058306
19.282426,-1.258000,0.241000,1.503000,-1.252681,0.181282,1.517295,-1.241265,0.189951,1.533025,0.022610,0.027620,0.285883,0.957600,0.142692,-0.348684,0.020995,0.001470,-0.001364,0.006392,-0.002104,-0.001872,0.000219,50,0.051762,0.060585,9.663253,0.123649,-0.007972,0.021023,9.666403,0.197787,0.061635,0.061544
19.299037,-1.259000,0.236000,1.503000,-1.298762,0.231306,1.557178,-1.243646,0.187422,1.534507,0.021027,0.026570,0.296473,0.954440,0.138435,-0.341023,0.021198,0.001472,-0.001368,0.006374,-0.002103,-0.001871,0.000219,17,-0.134342,0.123592,9.710239,-0.117401,-0.039952,-0.013963,9.712841,0.140508,0.067367,0.059902
19.315689,-1.260000,0.230000,1.503000,-1.291578,0.178623,1.490619,-1.245111,0.182480,1.533123,0.019231,0.024946,0.299160,0.953683,0.135467,-0.344114,0.020138,0.001472,-0.001368,0.006395,-0.002102,-0.001871,0.000219,17,-0.064843,0.080674,9.882447,-0.214618,-0.082279,-0.013273,9.883767,0.231301,0.061563,0.058200
19.332285,-1.262000,0.224000,1.503000,-1.312621,0.143393,1.492132,-1.247580,0.173159,1.531918,0.019046,0.023874,0.319198,0.947196,0.132740,-0.353506,0.019261,0.001475,-0.001368,0.006416,-0.002102,-0.001870,0.000219,17,0.035306,0.154924,9.876322,-0.092189,-0.039727,0.028634,9.878903,0.126992,0.095802,0.060241
19.348934,-1.262000,0.220000,1.503000,-1.269832,0.125633,1.539097,-1.247477,0.165603,1.532362,0.017606,0.021865,0.298050,0.954137,0.135250,-0.364369,0.016597,0.001478,-0.001367,0.006415,-0.002103,-0.001869,0.000219,16,-0.067624,0.045934,9.641988,-0.249338,-0.092269,0.015223,9.642803,0.276620,0.101338,0.063499
19.365500,-1.264000,0.212000,1.503000,-1.248331,0.159537,1.520897,-1.245272,0.159062,1.532145,0.017048,0.021595,0.287663,0.957336,0.131755,-0.365396,0.013560,0.001478,-0.001365,0.006420,-0.002103,-0.001869,0.000219,17,-0.347462,0.485599,9.638071,-0.079908,0.007929,-0.049272,9.657785,0.117333,0.057604,0.063266
19.382189,-1.265000,0.207000,1.503000,-1.361796,0.166074,1.447293,-1.251383,0.153290,1.529214,0.016351,0.021414,0.292441,0.955904,0.116823,-0.367623,0.007045,0.001481,-0.001368,0.006460,-0.002102,-0.001867,0.000219,17,-0.219918,0.149149,9.615361,-0.000025,0.109681,0.024496,9.620546,0.130051,0.118944,0.061298
19.415448,-1.267000,0.195000,1.502000,-1.330190,0.120860,1.494766,-1.253301,0.139369,1.528128,0.015459,0.021001,0.298365,0.954095,0.115048,-0.365826,0.000247,0.001486,-0.001368,0.006478,-0.002101,-0.001866,0.000219,33,0.120402,0.381647,9.643442,-0.053300,0.040077,-0.000312,9.653316,0.104469,0.097684,0.062969
19.432014,-1.268000,0.190000,1.502000,-1.314084,0.148372,1.587571,-1.256403,0.135526,1.530754,0.014790,0.019644,0.280531,0.959530,0.106060,-0.360480,-0.000185,0.001489,-0.001373,0.006441,-0.002100,-0.001865,0.000219,17,-0.018460,0.329096,9.563744,-0.045201,-0.057218,-0.022322,9.570051,0.093663,0.105731,0.062680
19.448654,-1.269000,0.184000,1.502000,-1.322903,0.120348,1.392683,-1.259049,0.127807,1.525239,0.015945,0.019250,0.292672,0.955886,0.096133,-0.360985,-0.006060,0.001491,-0.001371,0.006517,-0.002100,-0.001863,0.000219,17,-0.179033,0.587855,9.825752,0.122862,-0.031936,0.018961,9.845745,0.129668,0.137503,0.061618
19.481951,-1.270000,0.172000,1.502000,-1.332797,0.116275,1.531049,-1.261705,0.116436,1.525587,0.017469,0.018229,0.275517,0.960964,0.093582,-0.368819,0.001503,0.001496,-0.001374,0.006510,-0.002099,-0.001862,0.000219,34,-0.097709,0.030620,10.025081,0.103425,-0.033787,0.018158,10.029598,0.157273,0.088841,0.060931
19.498527,-1.271000,0.165000,1.502000,-1.321369,0.152736,1.441413,-1.264416,0.113025,1.521977,0.017258,0.018467,0.288503,0.957145,0.091884,-0.365851,0.001596,0.001501,-0.001375,0.006556,-0.002098,-0.001860,0.000218,16,-0.039796,0.027317,10.076560,0.026615,0.053723,0.004069,10.077439,0.107182,0.079738,0.056070
19.515223,-1.272000,0.163000,1.502000,-1.319199,0.095915,1.589495,-1.267026,0.106919,1.524989,0.015470,0.017643,0.307262,0.951336,0.086253,-0.373804,0.009863,0.001504,-0.001382,0.006513,-0.002096,-0.001859,0.000218,17,-0.311183,-0.128302,10.115918,-0.204664,-0.021242,-0.011510,10.126143,0.213294,0.119932,0.060814
19.531783,-1.273000,0.155000,1.502000,-1.365572,0.121676,1.525791,-1.272883,0.103420,1.525451,0.014285,0.017092,0.267821,0.963211,0.068850,-0.360979,0.015319,0.001507,-0.001387,0.006507,-0.002094,-0.001858,0.000219,17,0.130586,0.803036,10.090775,-0.054547,0.108852,-0.045954,10.124643,0.152047,0.101223,0.056661
19.548456,-1.273000,0.149000,1.502000,-1.402230,0.091596,1.585976,-1.280991,0.096626,1.528502,0.015523,0.016715,0.268768,0.962935,0.050189,-0.358742,0.023096,0.001516,-0.001394,0.006464,-0.002092,-0.001855,0.000218,17,-0.032330,0.490072,10.073544,0.194506,0.033099,-0.008516,10.090509,0.205430,0.164461,0.059239
19.565028,-1.274000,0.142000,1.503000,-1.299346,0.092581,1.541893,-1.281535,0.091275,1.529448,0.016986,0.016875,0.264581,0.964066,0.049543,-0.361137,0.024280,0.001517,-0.001395,0.006455,-0.002092,-0.001854,0.000218,16,-0.188083,0.149149,9.845292,0.198286,-0.006884,0.025419,9.848346,0.204613,0.067804,0.057701
19.581628,-1.275000,0.137000,1.503000,-1.322706,0.074679,1.550574,-1.283493,0.083945,1.530747,0.018251,0.017559,0.280476,0.959527,0.048618,-0.365272,0.024116,0.001520,-0.001397,0.006440,-0.002091,-0.001853,0.000218,17,-0.038656,0.186424,9.742426,0.175742,0.044590,-0.008968,9.744739,0.187403,0.091777,0.060472
19.598289,-1.276000,0.131000,1.503000,-1.418390,0.078010,1.471861,-1.291551,0.078113,1.529042,0.018847,0.016830,0.270517,0.962383,0.033447,-0.370259,0.019127,0.001527,-0.001400,0.006471,-0.002089,-0.001850,0.000218,17,-0.125969,0.056120,9.644114,0.111248,0.020127,-0.011034,9.645686,0.116182,0.155089,0.060968
19.631550,-1.277000,0.119000,1.503000,-1.345768,0.059723,1.499064,-1.294015,0.064591,1.528489,0.019135,0.016405,0.276155,0.960782,0.033970,-0.378692,0.015060,0.001531,-0.001402,0.006489,-0.002088,-0.001848,0.000218,34,-0.100594,0.139972,9.728161,0.016683,-0.012421,0.019643,9.732163,0.109209,0.090875,0.062446
19.664798,-1.278000,0.106000,1.504000,-1.380059,0.056138,1.459392,-1.299178,0.052897,1.526218,0.017925,0.016871,0.263774,0.964270,0.023060,-0.380603,0.008016,0.001537,-0.001404,0.006535,-0.002087,-0.001845,0.000218,33,-0.165255,0.327155,9.678131,-0.043566,0.094492,0.004561,9.686469,0.134574,0.122033,0.061336
19.681445,-1.278000,0.099000,1.503000,-1.342848,0.025050,1.480517,-1.301358,0.042582,1.524478,0.017517,0.017344,0.294509,0.955331,0.020937,-0.387266,0.001914,0.001542,-0.001405,0.006567,-0.002086,-0.001842,0.000217,17,-0.155967,0.338833,9.551022,-0.042267,0.049023,-0.028418,9.562099,0.086162,0.100893,0.064730
19.698019,-1.278000,0.094000,1.504000,-1.327295,0.008455,1.609232,-1.303405,0.036889,1.528121,0.017560,0.017731,0.300545,0.953441,0.021543,-0.397809,0.000773,0.001552,-0.001404,0.006509,-0.002087,-0.001840,0.000217,17,-0.306595,-0.087625,9.516181,0.015452,0.059204,-0.001868,9.523365,0.081200,0.144297,0.066999
19.714621,-1.279000,0.087000,1.504000,-1.375767,0.033095,1.434831,-1.307815,0.030446,1.524328,0.016801,0.017071,0.292283,0.956032,0.018931,-0.409945,-0.008012,0.001554,-0.001406,0.006569,-0.002085,-0.001838,0.000217,16,-0.093219,-0.252952,9.583251,-0.078074,0.011833,0.027305,9.589662,0.094799,0.130590,0.066647
19.731289,-1.279000,0.081000,1.503000,-1.388419,0.042740,1.460680,-1.313049,0.026541,1.521831,0.016101,0.016036,0.265713,0.963784,0.010281,-0.409183,-0.011603,0.001559,-0.001408,0.006610,-0.002084,-0.001835,0.000217,17,-0.000121,0.097233,9.745907,-0.076113,0.003322,-0.019665,9.749843,0.092962,0.123399,0.066931
19.764556,-1.279000,0.069000,1.503000,-1.353866,0.016584,1.532267,-1.316225,0.012660,1.522195,0.017118,0.014391,0.207127,0.978058,-0.005234,-0.393311,-0.007996,0.001562,-0.001404,0.006599,-0.002086,-0.001835,0.000218,34,-0.196968,0.502769,9.887200,0.029967,-0.036573,-0.017904,9.907910,0.114813,0.095963,0.070203
19.781127,-1.279000,0.062000,1.503000,-1.326812,0.000532,1.523057,-1.317013,0.005414,1.521393,0.018068,0.013823,0.183945,0.982673,-0.004684,-0.412043,-0.005439,0.001565,-0.001400,0.006594,-0.002089,-0.001834,0.000218,16,-0.211517,-0.089247,9.948241,0.064740,-0.015348,0.020897,9.951172,0.119920,0.080416,0.070607
19.797756,-1.279000,0.057000,1.503000,-1.321580,-0.004775,1.558898,-1.317424,-0.001355,1.522843,0.017553,0.013868,0.183277,0.982807,-0.000217,-0.411746,-0.001023,0.001566,-0.001401,0.006565,-0.002088,-0.001833,0.000218,17,0.113510,0.290810,9.991491,-0.062229,0.026074,0.016495,9.997625,0.100648,0.093562,0.072632
19.814438,-1.280000,0.048000,1.503000,-1.361755,-0.020582,1.512017,-1.320343,-0.008945,1.522485,0.015358,0.012018,0.178402,0.983764,-0.002464,-0.414569,0.003078,0.001571,-0.001401,0.006571,-0.002089,-0.001831,0.000218,17,0.028741,0.265679,10.083723,-0.302794,-0.131161,0.005660,10.095256,0.339539,0.107092,0.072457
19.831031,-1.280000,0.044000,1.503000,-1.290954,-0.028525,1.476349,-1.318141,-0.016920,1.520690,0.014675,0.012580,0.190562,0.981485,-0.002817,-0.414441,0.005259,0.001569,-0.001396,0.006610,-0.002090,-0.001832,0.000218,17,-0.470834,0.594230,10.055598,-0.099278,0.038001,-0.063589,10.089332,0.186586,0.078039,0.074020
19.847637,-1.279000,0.036000,1.503000,-1.380792,-0.017227,1.625651,-1.322826,-0.022762,1.525003,0.014898,0.012026,0.169587,0.985329,-0.012439,-0.407477,0.011093,0.001576,-0.001403,0.006524,-0.002088,-0.001830,0.000218,17,-0.008067,0.607664,9.881843,0.037317,0.006620,0.023219,9.913345,0.125043,0.168042,0.076536
19.864263,-1.280000,0.030000,1.504000,-1.330518,-0.029614,1.377197,-1.323068,-0.029824,1.519464,0.013746,0.012475,0.174012,0.984569,-0.010816,-0.410349,0.004203,0.001574,-0.001398,0.006638,-0.002089,-0.001829,0.000218,16,-0.155069,0.195383,9.752275,-0.142490,0.071416,-0.033916,9.758936,0.171349,0.148946,0.075319
19.880845,-1.279000,0.022000,1.504000,-1.322410,-0.027682,1.458761,-1.323087,-0.035963,1.517230,0.013073,0.012716,0.173021,0.984749,-0.010740,-0.411969,0.002295,0.001573,-0.001397,0.006685,-0.002089,-0.001830,0.000218,17,-0.260701,0.167080,9.845601,-0.077664,0.037546,-0.028903,9.851499,0.096591,0.079996,0.074016
19.897536,-1.279000,0.017000,1.504000,-1.318476,-0.062976,1.582188,-1.322943,-0.043983,1.519663,0.012441,0.012221,0.178740,0.983742,-0.007030,-0.408739,0.000749,0.001575,-0.001396,0.006636,-0.002090,-0.001829,0.000218,17,0.090085,0.534462,9.559567,-0.099588,-0.051729,-0.012991,9.578894,0.119296,0.118608,0.076780
19.914137,-1.279000,0.011000,1.504000,-1.357862,-0.082477,1.464080,-1.324888,-0.053074,1.517573,0.012380,0.011118,0.182696,0.983029,-0.009841,-0.405964,-0.005169,0.001581,-0.001390,0.006679,-0.002092,-0.001826,0.000217,17,0.011883,0.701678,9.567751,-0.052702,-0.110640,-0.057457,9.596207,0.144195,0.128650,0.079972
19.930746,-1.279000,0.003000,1.504000,-1.407916,-0.046984,1.442134,-1.330520,-0.058172,1.514800,0.013957,0.010456,0.151264,0.988340,-0.023728,-0.399517,-0.010817,0.001586,-0.001392,0.006733,-0.002091,-0.001823,0.000218,16,-0.223866,0.628952,9.606145,0.195374,-0.026767,-0.016361,9.633500,0.213750,0.151477,0.080703
19.963995,-1.278000,-0.007000,1.504000,-1.331165,-0.033129,1.556997,-1.332452,-0.069286,1.515853,0.014768,0.009692,0.065897,0.997670,-0.028699,-0.404408,-0.012872,0.001576,-0.001385,0.006692,-0.002096,-0.001829,0.000218,34,-0.224908,0.077719,9.694531,0.027341,0.010740,0.036159,9.704716,0.129233,0.079485,0.083577
19.980722,-1.278000,-0.016000,1.504000,-1.280360,-0.057003,1.485766,-1.329466,-0.074719,1.514475,0.014665,0.010917,0.071969,0.997239,-0.022166,-0.398733,-0.012097,0.001567,-0.001387,0.006719,-0.002095,-0.001833,0.000218,17,-0.161624,0.512425,9.921347,0.005771,0.100210,-0.037715,9.937094,0.118817,0.044937,0.078781
19.997264,-1.278000,-0.020000,1.504000,-1.393128,-0.095566,1.455140,-1.333599,-0.082007,1.512138,0.014855,0.011268,0.065092,0.997705,-0.027623,-0.399630,-0.014400,0.001575,-0.001383,0.006766,-0.002096,-0.001829,0.000218,16,-0.077805,0.383212,9.798612,0.013772,0.094400,0.019076,9.809179,0.109281,0.146123,0.083679
20.013884,-1.277000,-0.028000,1.503000,-1.327637,-0.070955,1.525497,-1.333722,-0.087156,1.512445,0.014139,0.010859,0.061615,0.997941,-0.025926,-0.398595,-0.012493,0.001573,-0.001388,0.006754,-0.002094,-0.001830,0.000218,17,-0.129230,0.186815,9.899518,-0.082790,-0.044244,-0.012570,9.905151,0.101664,0.070109,0.082499
20.030484,-1.277000,-0.035000,1.504000,-1.353180,-0.085720,1.562969,-1.335415,-0.092855,1.514149,0.013908,0.010463,0.056314,0.998261,-0.023976,-0.390653,-0.010637,0.001577,-0.001393,0.006709,-0.002093,-0.001828,0.000218,17,0.129255,0.652999,9.796494,-0.025699,-0.024901,-0.029568,9.819526,0.122945,0.108872,0.082840
20.047226,-1.276000,-0.040000,1.504000,-1.406562,-0.139125,1.504979,-1.339887,-0.101959,1.513707,0.013147,0.009324,0.057771,0.998200,-0.030642,-0.400009,-0.008123,0.001590,-0.001384,0.006715,-0.002096,-0.001822,0.000217,17,-0.144374,0.037478,9.980824,-0.123729,-0.100222,-0.037841,9.984988,0.201669,0.163931,0.089525
20.063735,-1.276000,-0.047000,1.504000,-1.327852,-0.110200,1.485258,-1.339561,-0.108774,1.512562,0.014585,0.010714,0.061997,0.997912,-0.031388,-0.397938,-0.005306,0.001588,-0.001382,0.006740,-0.002097,-0.001823,0.000217,17,-0.310011,0.448024,10.035950,0.177156,0.141820,0.004811,10.054965,0.239287,0.083870,0.089046
20.080364,-1.275000,-0.053000,1.504000,-1.342919,-0.127310,1.575877,-1.340301,-0.115743,1.514753,0.016995,0.010075,0.063541,0.997784,-0.027409,-0.400463,-0.002264,0.001590,-0.001382,0.006687,-0.002098,-0.001822,0.000217,16,0.090523,0.206569,9.864211,0.292278,-0.097985,0.026503,9.877599,0.324838,0.123699,0.091195
20.097004,-1.275000,-0.059000,1.504000,-1.311836,-0.136284,1.497579,-1.338873,-0.123318,1.514052,0.017047,0.009470,0.074522,0.997029,-0.024675,-0.411865,-0.001702,0.001587,-0.001377,0.006704,-0.002099,-0.001824,0.000217,17,-0.293388,-0.221079,9.900239,-0.002591,-0.119683,0.009969,9.908671,0.145336,0.085854,0.091201
20.113679,-1.274000,-0.066000,1.504000,-1.299403,-0.132782,1.565033,-1.336985,-0.130185,1.515816,0.018003,0.010093,0.082123,0.996408,-0.018232,-0.415794,0.004763,0.001583,-0.001378,0.006664,-0.002100,-0.001826,0.000217,17,-0.072773,0.113094,10.105502,0.115909,0.030570,-0.005041,10.106598,0.136766,0.093969,0.090700
20.130273,-1.273000,-0.072000,1.504000,-1.290346,-0.097724,1.543091,-1.334663,-0.134545,1.516842,0.018168,0.009479,0.085819,0.996100,-0.008956,-0.414917,0.004979,0.001574,-0.001389,0.006641,-0.002095,-0.001830,0.000217,17,0.066065,0.082291,9.776139,0.036559,-0.108547,0.030559,9.777542,0.169205,0.049907,0.088764
20.146877,-1.273000,-0.078000,1.505000,-1.346897,-0.176121,1.556670,-1.335504,-0.143197,1.518281,0.018327,0.008673,0.084808,0.996191,-0.008419,-0.425396,0.006948,0.001578,-0.001381,0.006609,-0.002099,-0.001829,0.000217,16,-0.091943,-0.055924,9.862862,-0.011063,-0.094142,-0.005540,9.864038,0.104463,0.133260,0.091290
20.163478,-1.272000,-0.086000,1.505000,-1.367283,-0.149191,1.526205,-1.337487,-0.149926,1.518697,0.017550,0.007621,0.078214,0.996753,-0.012099,-0.433098,0.006034,0.001583,-0.001383,0.006600,-0.002098,-0.001826,0.000217,17,-0.197604,-0.117388,9.749376,-0.102858,-0.100422,-0.037861,9.755813,0.159763,0.116283,0.092535
20.196779,-1.271000,-0.100000,1.505000,-1.339009,-0.153410,1.564182,-1.338089,-0.163435,1.520486,0.017879,0.005822,0.075601,0.996961,-0.015077,-0.431683,0.004256,0.001584,-0.001388,0.006558,-0.002096,-0.001826,0.000217,34,-0.173300,0.341519,9.702465,0.011388,-0.109675,0.003801,9.715960,0.138678,0.104787,0.093620
20.213371,-1.270000,-0.106000,1.505000,-1.260040,-0.201794,1.650071,-1.333825,-0.171903,1.524961,0.018464,0.005933,0.090945,0.995667,-0.007613,-0.435125,0.005040,0.001575,-0.001383,0.006448,-0.002100,-0.001831,0.000217,16,-0.152964,0.352328,9.582029,0.049822,-0.058400,-0.014779,9.593921,0.123934,0.174130,0.093890
20.246610,-1.269000,-0.120000,1.506000,-1.289107,-0.182708,1.488930,-1.331190,-0.186012,1.523665,0.018192,0.006542,0.102477,0.994548,-0.006093,-0.444288,-0.001834,0.001565,-0.001381,0.006486,-0.002100,-0.001836,0.000217,34,-0.279688,0.112486,9.643199,-0.016671,0.011595,0.021107,9.654722,0.092889,0.068029,0.092397
20.279898,-1.268000,-0.126000,1.506000,-1.285364,-0.192175,1.463918,-1.328636,-0.200430,1.521398,0.017448,0.005935,0.099940,0.994823,0.001705,-0.448363,-0.000236,0.001549,-0.001375,0.006550,-0.002102,-0.001844,0.000218,34,-0.062869,0.143208,9.929435,-0.051888,-0.043212,0.005486,9.934393,0.075821,0.080321,0.097230
20.296436,-1.267000,-0.140000,1.506000,-1.305189,-0.197882,1.613192,-1.327309,-0.206515,1.524759,0.016578,0.005876,0.105649,0.994248,0.006036,-0.444520,0.003120,0.001547,-0.001383,0.006457,-0.002099,-0.001845,0.000218,16,0.064589,0.433592,9.806664,-0.105317,-0.018777,-0.007536,9.820207,0.122783,0.127667,0.091724
20.315144,-1.266000,-0.148000,1.506000,-1.331745,-0.206723,1.498441,-1.327435,-0.214027,1.523856,0.015159,0.005407,0.106288,0.994205,0.001547,-0.441582,0.000061,0.001547,-0.001385,0.006483,-0.002097,-0.001845,0.000218,19,-0.259734,0.487877,9.689779,-0.155464,-0.035333,0.003461,9.708316,0.180458,0.088475,0.091938
20.331779,-1.266000,-0.154000,1.506000,-1.278730,-0.236061,1.461961,-1.324188,-0.222223,1.521496,0.014296,0.005783,0.112447,0.993538,0.005151,-0.446827,-0.005292,0.001534,-0.001373,0.006551,-0.002103,-0.001851,0.000218,17,-0.257043,0.145664,9.629651,-0.120901,0.025545,0.001377,9.635144,0.142478,0.093997,0.090996
20.348401,-1.265000,-0.162000,1.506000,-1.312346,-0.217418,1.498979,-1.323324,-0.228748,1.520595,0.012660,0.006315,0.117862,0.992929,0.004596,-0.450448,-0.007347,0.001531,-0.001376,0.006574,-0.002101,-0.001852,0.000218,17,-0.294983,0.013966,9.737163,-0.184153,0.071700,0.017686,9.744670,0.204626,0.073226,0.089833
20.398304,-1.263000,-0.181000,1.506000,-1.337916,-0.258154,1.416964,-1.323897,-0.251838,1.516159,0.010185,0.006405,0.112553,0.993573,-0.003466,-0.449253,-0.015749,0.001532,-0.001366,0.006691,-0.002105,-0.001852,0.000218,50,-0.216819,0.308437,9.715552,-0.104004,0.016900,-0.009694,9.727713,0.144799,0.139616,0.093966
20.414968,-1.263000,-0.188000,1.506000,-1.275030,-0.261507,1.565574,-1.320841,-0.259180,1.517715,0.010786,0.006884,0.115323,0.993246,0.003932,-0.448717,-0.013156,0.001519,-0.001366,0.006639,-0.002105,-0.001858,0.000219,17,0.032666,0.243527,9.864460,0.072066,0.026547,0.030340,9.870912,0.092335,0.095378,0.092463
20.431547,-1.262000,-0.194000,1.506000,-1.308505,-0.248879,1.438961,-1.319679,-0.265426,1.514563,0.011361,0.007481,0.122387,0.992389,0.006202,-0.447890,-0.016762,0.001513,-0.001368,0.006727,-0.002102,-0.001861,0.000219,17,-0.119354,0.180699,9.764065,0.080858,0.044125,-0.018096,9.767715,0.099808,0.098329,0.092206
20.448150,-1.262000,-0.201000,1.506000,-1.331084,-0.250325,1.433993,-1.320159,-0.271939,1.511418,0.010961,0.007719,0.112058,0.993611,0.001023,-0.446442,-0.019752,0.001508,-0.001376,0.006812,-0.002097,-0.001862,0.000219,16,-0.364437,0.163823,9.796224,-0.033558,0.042810,-0.011615,9.806824,0.115505,0.111313,0.091892
20.464778,-1.261000,-0.206000,1.506000,-1.339212,-0.303578,1.507905,-1.321403,-0.280802,1.510985,0.010323,0.008526,0.103645,0.994524,-0.003243,-0.444795,-0.018501,0.001513,-0.001365,0.006816,-0.002103,-0.001860,0.000219,17,-0.218310,0.512669,9.882790,-0.079781,0.129537,-0.005239,9.901462,0.168148,0.125068,0.096274
20.481409,-1.260000,-0.213000,1.506000,-1.256628,-0.264636,1.537488,-1.317441,-0.286087,1.511585,0.010322,0.009867,0.119486,0.992733,0.001481,-0.435434,-0.018633,0.001497,-0.001374,0.006791,-0.002098,-0.001868,0.000219,17,-0.189361,0.668144,9.746267,0.024039,0.124145,-0.011563,9.773581,0.140256,0.060573,0.093126
20.498154,-1.260000,-0.221000,1.506000,-1.317139,-0.287229,1.555927,-1.317438,-0.292808,1.512896,0.008982,0.010055,0.121640,0.992483,0.003792,-0.441982,-0.017441,0.001498,-0.001380,0.006741,-0.002095,-0.001867,0.000219,17,-0.123480,-0.261472,9.795738,-0.153771,0.038239,0.009705,9.801748,0.166246,0.100716,0.092212
20.514650,-1.259000,-0.227000,1.506000,-1.299797,-0.319680,1.528047,-1.316404,-0.300922,1.513125,0.008717,0.011302,0.118915,0.992802,0.004871,-0.442821,-0.016314,0.001494,-0.001370,0.006728,-0.002100,-0.001870,0.000220,16,-0.203706,0.272701,9.850255,-0.032795,0.157168,-0.027553,9.858036,0.179818,0.103635,0.093864
20.531235,-1.259000,-0.232000,1.506000,-1.334036,-0.285102,1.541041,-1.317388,-0.306424,1.513934,0.008285,0.011346,0.122112,0.992417,0.002965,-0.439801,-0.015227,0.001499,-0.001385,0.006694,-0.002094,-0.001866,0.000219,17,-0.190274,0.225927,9.818830,-0.039064,0.014894,-0.009865,9.823798,0.049221,0.098378,0.094926
20.547964,-1.258000,-0.240000,1.506000,-1.286991,-0.317797,1.513834,-1.315567,-0.313667,1.513622,0.008615,0.011659,0.124415,0.992124,0.009574,-0.435144,-0.017111,0.001491,-0.001380,0.006697,-0.002095,-0.001871,0.000220,17,0.088237,0.440675,9.697518,0.039368,0.021707,-0.022180,9.710911,0.099981,0.083392,0.093803
20.564543,-1.257000,-0.245000,1.505000,-1.299961,-0.341075,1.470324,-1.314465,-0.322128,1.511791,0.008481,0.011785,0.121158,0.992527,0.008433,-0.437457,-0.019348,0.001486,-0.001366,0.006746,-0.002102,-0.001874,0.000220,17,-0.364412,0.234385,9.759468,-0.033856,0.011381,0.007639,9.771750,0.091747,0.110809,0.096422
20.581185,-1.257000,-0.252000,1.506000,-1.256357,-0.294321,1.484814,-1.310572,-0.326051,1.510497,0.007825,0.013106,0.185970,0.982437,0.012277,-0.433179,-0.020506,0.001483,-0.001381,0.006779,-0.002097,-0.001873,0.000219,17,-0.261053,0.443046,9.792257,-0.005375,0.108727,-0.013865,9.807396,0.165078,0.047332,0.091508
20.597769,-1.256000,-0.259000,1.505000,-1.287179,-0.315133,1.520011,-1.309158,-0.333198,1.510516,0.008393,0.013978,0.170347,0.985249,0.015165,-0.431171,-0.020582,0.001467,-0.001380,0.006768,-0.002092,-0.001882,0.000221,16,-0.155613,0.371091,9.780167,0.080757,0.090512,0.011336,9.793096,0.127892,0.065942,0.091441
20.631057,-1.254000,-0.270000,1.505000,-1.325211,-0.297330,1.407096,-1.309373,-0.344505,1.506340,0.008009,0.015879,0.170013,0.985281,0.019067,-0.426351,-0.020742,0.001461,-0.001399,0.006877,-0.002081,-0.001883,0.000221,34,-0.115325,0.159854,9.909318,0.007913,0.117224,-0.019244,9.913424,0.139174,0.124110,0.092838
20.647643,-1.253000,-0.278000,1.505000,-1.311565,-0.349699,1.581198,-1.309342,-0.351206,1.508651,0.007980,0.016603,0.169159,0.985417,0.019537,-0.424242,-0.017557,0.001464,-0.001406,0.006793,-0.002078,-0.001882,0.000221,17,-0.187120,0.263603,9.853020,0.011471,0.085947,-0.027080,9.859357,0.126349,0.119903,0.092449
20.664311,-1.252000,-0.284000,1.505000,-1.267660,-0.338842,1.511063,-1.306753,-0.356621,1.508428,0.008471,0.017293,0.170290,0.985206,0.027979,-0.421101,-0.016967,0.001447,-0.001410,0.006792,-0.002075,-0.001891,0.000221,16,0.008920,0.183929,9.853903,0.080603,0.057574,0.005740,9.861006,0.134527,0.057356,0.091014
20.680852,-1.251000,-0.290000,1.505000,-1.274430,-0.367295,1.549704,-1.304616,-0.363416,1.509521,0.008411,0.018017,0.170456,0.985165,0.033461,-0.422126,-0.016827,0.001438,-0.001407,0.006750,-0.002077,-0.001896,0.000222,17,-0.155897,0.083039,9.736816,-0.001752,0.074531,0.003343,9.740372,0.103368,0.092314,0.091022
20.714212,-1.249000,-0.302000,1.505000,-1.306932,-0.394722,1.444204,-1.303465,-0.378639,1.506680,0.010045,0.018905,0.168192,0.985522,0.038949,-0.418625,-0.018363,0.001441,-0.001392,0.006827,-0.002084,-0.001895,0.000222,34,-0.120585,0.333517,9.830937,0.097212,0.035478,-0.013901,9.848773,0.149069,0.125099,0.094036
20.730773,-1.248000,-0.309000,1.505000,-1.263237,-0.355298,1.494977,-1.300632,-0.383629,1.505920,0.009933,0.019822,0.172092,0.984831,0.042857,-0.414320,-0.021251,0.001421,-0.001402,0.006841,-0.002078,-0.001905,0.000222,17,-0.273469,0.307408,9.659325,0.014973,0.087569,0.049669,9.669585,0.114500,0.049761,0.091326
20.747374,-1.246000,-0.315000,1.505000,-1.291615,-0.390869,1.428454,-1.299286,-0.390425,1.502885,0.010277,0.020418,0.170679,0.985062,0.048561,-0.418527,-0.021453,0.001416,-0.001393,0.006931,-0.002081,-0.001907,0.000223,16,-0.170973,-0.051045,9.972733,0.047878,0.062113,-0.014511,9.975337,0.096997,0.117031,0.092374
20.764003,-1.245000,-0.320000,1.505000,-1.267352,-0.375818,1.494756,-1.296787,-0.395784,1.502266,0.010795,0.020641,0.172995,0.984647,0.056211,-0.409698,-0.018289,0.001401,-0.001399,0.006941,-0.002076,-0.001915,0.000223,17,0.058934,0.531203,10.029083,0.073272,-0.001244,-0.059105,10.044773,0.125568,0.060993,0.091830
20.780657,-1.244000,-0.328000,1.505000,-1.264333,-0.389465,1.513952,-1.294210,-0.401593,1.502350,0.011843,0.020893,0.174510,0.984363,0.059093,-0.409380,-0.016397,0.001388,-0.001403,0.006929,-0.002074,-0.001922,0.000224,17,-0.357979,0.236069,9.902304,0.136134,-0.005974,0.034293,9.918415,0.158779,0.065356,0.089129
20.797287,-1.242000,-0.333000,1.505000,-1.252336,-0.410466,1.556111,-1.291093,-0.408370,1.503846,0.012485,0.021736,0.172404,0.984707,0.066330,-0.413115,-0.014970,0.001374,-0.001399,0.006872,-0.002076,-0.001930,0.000224,17,-0.233674,0.002123,9.802698,0.082511,0.077342,0.031904,9.807453,0.148542,0.093382,0.089956
20.813889,-1.241000,-0.339000,1.505000,-1.278282,-0.394020,1.545820,-1.289558,-0.413429,1.505027,0.012491,0.022087,0.179127,0.983499,0.070628,-0.413476,-0.016366,0.001369,-0.001413,0.006823,-0.002068,-0.001932,0.000224,16,-0.201687,0.053169,9.637888,0.026960,0.025644,-0.051901,9.643494,0.118492,0.077996,0.088869
20.830525,-1.239000,-0.346000,1.505000,-1.246190,-0.402037,1.524600,-1.286248,-0.418932,1.505361,0.012032,0.022181,0.181379,0.983089,0.078529,-0.421464,-0.018743,0.001351,-0.001418,0.006803,-0.002065,-0.001942,0.000225,17,-0.325382,-0.357651,9.647918,-0.048706,0.005106,0.050319,9.661619,0.124662,0.059800,0.086900
20.863802,-1.236000,-0.359000,1.505000,-1.300773,-0.407889,1.460162,-1.284880,-0.430449,1.503158,0.009074,0.019951,0.216105,0.976124,0.086845,-0.414841,-0.022744,0.001363,-0.001431,0.006853,-0.002068,-0.001937,0.000224,34,-0.040976,0.210665,9.734870,-0.175495,-0.114196,-0.010415,9.740578,0.219898,0.092715,0.086589
20.880405,-1.235000,-0.362000,1.505000,-1.284415,-0.493442,1.437223,-1.282943,-0.440700,1.500518,0.010384,0.019479,0.195787,0.980398,0.090463,-0.415949,-0.022015,0.001367,-0.001390,0.006936,-0.002091,-0.001935,0.000224,16,-0.064864,0.555001,10.002118,0.091746,-0.068680,0.037545,10.019008,0.131413,0.155925,0.092262
20.896955,-1.233000,-0.370000,1.505000,-1.246727,-0.443636,1.519748,-1.279602,-0.447009,1.500760,0.011079,0.019285,0.194915,0.980568,0.094724,-0.417644,-0.022834,0.001353,-0.001388,0.006916,-0.002092,-0.001943,0.000225,16,-0.296902,0.117884,9.723197,0.074714,-0.052373,0.039077,9.729947,0.115189,0.076343,0.090112
20.913627,-1.231000,-0.377000,1.505000,-1.288076,-0.442746,1.418600,-1.278444,-0.453270,1.497663,0.011969,0.019178,0.196931,0.980157,0.097315,-0.418404,-0.022946,0.001353,-0.001389,0.007009,-0.002090,-0.001943,0.000225,17,-0.184935,0.136045,9.965815,0.106039,-0.036961,0.006706,9.969437,0.118838,0.122659,0.090121
20.930323,-1.229000,-0.383000,1.505000,-1.303134,-0.421684,1.537677,-1.278581,-0.457552,1.498754,0.012319,0.019253,0.214362,0.976487,0.097625,-0.416708,-0.020917,0.001361,-0.001420,0.006956,-0.002073,-0.001938,0.000224,17,-0.216762,0.064169,9.850366,0.084291,-0.017497,0.027229,9.855173,0.123590,0.089778,0.089751
20.946931,-1.227000,-0.388000,1.505000,-1.272538,-0.465459,1.531241,-1.276756,-0.464400,1.499492,0.012279,0.018900,0.214596,0.976443,0.097619,-0.418449,-0.021403,0.001360,-0.001422,0.006918,-0.002073,-0.001938,0.000224,17,-0.360811,0.214696,9.712310,-0.016449,-0.043378,0.011541,9.722560,0.069632,0.093606,0.091339
20.963467,-1.225000,-0.396000,1.505000,-1.239380,-0.475510,1.572577,-1.273437,-0.471081,1.501513,0.012015,0.019178,0.210771,0.977273,0.103121,-0.418711,-0.021459,0.001349,-0.001421,0.006838,-0.002075,-0.001946,0.000225,16,-0.146114,0.225216,9.664871,-0.036423,0.034986,0.010733,9.669662,0.078346,0.105334,0.089417
20.980171,-1.223000,-0.401000,1.505000,-1.264811,-0.485073,1.537024,-1.271416,-0.478174,1.502307,0.011786,0.018944,0.208542,0.977759,0.109120,-0.423002,-0.023660,0.001348,-0.001419,0.006798,-0.002077,-0.001946,0.000225,17,-0.091856,-0.043559,9.613301,-0.044432,-0.021019,-0.028745,9.614692,0.082398,0.099206,0.091144
20.996808,-1.221000,-0.406000,1.505000,-1.284302,-0.491861,1.451607,-1.270218,-0.485606,1.500273,0.011456,0.017918,0.206257,0.978267,0.110013,-0.425641,-0.026313,0.001353,-0.001412,0.006855,-0.002080,-0.001943,0.000224,17,-0.236205,0.151778,9.744650,-0.073454,-0.111255,-0.008394,9.751263,0.142575,0.119290,0.093712
21.013404,-1.219000,-0.415000,1.505000,-1.276510,-0.533162,1.526972,-1.268704,-0.494950,1.500704,0.012495,0.017332,0.196387,0.980294,0.111797,-0.430889,-0.023985,0.001363,-0.001392,0.006827,-0.002092,-0.001937,0.000224,17,-0.196487,0.187896,9.899794,0.082799,-0.079136,0.045029,9.904911,0.138800,0.133238,0.094239
21.030051,-1.217000,-0.420000,1.505000,-1.253035,-0.515137,1.583709,-1.266220,-0.502712,1.503020,0.012243,0.016883,0.194486,0.980684,0.114546,-0.434273,-0.019251,0.001362,-0.001390,0.006734,-0.002094,-0.001938,0.000225,17,-0.229120,0.121024,9.942641,-0.048324,-0.048018,0.039787,9.947381,0.095082,0.128626,0.096270
21.046623,-1.215000,-0.425000,1.505000,-1.243309,-0.493540,1.496282,-1.263387,-0.508657,1.502488,0.012004,0.016881,0.197734,0.980037,0.115483,-0.431379,-0.019394,0.001351,-0.001396,0.006742,-0.002091,-0.001945,0.000225,16,-0.283588,0.385782,9.807761,-0.024683,-0.008900,-0.037749,9.820087,0.074387,0.074667,0.096675
21.063297,-1.214000,-0.431000,1.505000,-1.283034,-0.496307,1.485300,-1.262604,-0.514514,1.501681,0.011616,0.017145,0.204641,0.978618,0.118818,-0.430205,-0.020597,0.001357,-0.001408,0.006757,-0.002083,-0.001941,0.000224,17,-0.020699,0.142691,9.765118,-0.027281,0.037767,0.025841,9.770030,0.094407,0.097051,0.096685
21.079869,-1.211000,-0.439000,1.505000,-1.264251,-0.517217,1.575442,-1.260974,-0.521125,1.503750,0.010551,0.017119,0.208369,0.977844,0.121676,-0.433172,-0.018601,0.001361,-0.001418,0.006672,-0.002079,-0.001939,0.000224,17,-0.174633,-0.029951,9.795010,-0.121199,0.020251,0.028829,9.798811,0.131652,0.117964,0.096143
21.096508,-1.209000,-0.444000,1.505000,-1.237300,-0.522795,1.563846,-1.258010,-0.527874,1.505361,0.009742,0.017095,0.209241,0.977666,0.124498,-0.434804,-0.014950,0.001353,-0.001423,0.006605,-0.002077,-0.001945,0.000225,17,-0.270272,0.087888,9.916302,-0.094414,0.010168,-0.049530,9.922899,0.127406,0.102335,0.097144
21.113093,-1.206000,-0.451000,1.505000,-1.236278,-0.549067,1.528785,-1.255074,-0.535496,1.505827,0.009576,0.016702,0.204103,0.978760,0.125519,-0.433255,-0.014702,0.001347,-0.001414,0.006582,-0.002082,-0.001948,0.000225,16,-0.233926,0.431033,9.777311,-0.043494,-0.045519,-0.032518,9.791806,0.108892,0.105355,0.097717
21.129735,-1.204000,-0.457000,1.505000,-1.296243,-0.526201,1.464444,-1.255114,-0.541608,1.504394,0.009699,0.016739,0.210762,0.977346,0.124987,-0.427771,-0.012661,0.001362,-0.001426,0.006623,-0.002074,-0.001939,0.000224,17,-0.040498,0.425525,9.993964,0.027091,0.004919,0.039958,10.005107,0.083081,0.122239,0.098851
21.146383,-1.202000,-0.464000,1.505000,-1.210149,-0.507567,1.513912,-1.251137,-0.546221,1.504494,0.010111,0.017295,0.217147,0.975933,0.132457,-0.422521,-0.009272,0.001337,-0.001444,0.006612,-0.002064,-0.001954,0.000225,17,-0.000427,0.222941,10.010217,0.079232,0.035814,0.028713,10.013553,0.123090,0.045209,0.095786
21.163005,-1.200000,-0.470000,1.505000,-1.253040,-0.516795,1.491513,-1.249104,-0.551527,1.504047,0.009764,0.018188,0.241506,0.970180,0.131365,-0.420146,-0.009830,0.001335,-0.001475,0.006620,-0.002041,-0.001954,0.000224,17,-0.347455,0.130784,9.787274,0.024505,0.087284,0.005230,9.796958,0.099111,0.072006,0.095178
21.179631,-1.198000,-0.476000,1.505000,-1.255214,-0.532228,1.480334,-1.246874,-0.557400,1.503253,0.009805,0.018246,0.208330,0.977839,0.136092,-0.418838,-0.009897,0.001316,-0.001482,0.006642,-0.002026,-0.001964,0.000226,16,-0.054874,0.192006,9.848235,-0.012952,0.030177,-0.008567,9.851930,0.084659,0.083926,0.094961
21.212879,-1.193000,-0.489000,1.505000,-1.240872,-0.592941,1.420512,-1.241986,-0.572587,1.500169,0.008602,0.017531,0.201601,0.979273,0.140737,-0.424310,-0.015378,0.001318,-0.001459,0.006742,-0.002039,-0.001963,0.000226,34,-0.225802,0.127182,9.727230,-0.092129,-0.028107,0.003541,9.732345,0.106674,0.142245,0.097004
21.229525,-1.191000,-0.495000,1.505000,-1.236194,-0.583882,1.411389,-1.239225,-0.580053,1.497049,0.008096,0.017406,0.198083,0.979997,0.146276,-0.430283,-0.016129,0.001313,-0.001447,0.006848,-0.002045,-0.001966,0.000226,17,-0.162102,-0.151013,9.945238,-0.074055,-0.001834,-0.011057,9.949697,0.112955,0.136769,0.098097
21.246130,-1.188000,-0.502000,1.505000,-1.208800,-0.556204,1.419564,-1.235319,-0.585625,1.494269,0.007915,0.017369,0.200902,0.979425,0.150709,-0.428859,-0.018290,0.001289,-0.001452,0.006938,-0.002040,-0.001980,0.000227,17,-0.212048,0.103888,9.830384,-0.015787,-0.016063,0.003870,9.833863,0.121464,0.103296,0.096681
21.296012,-1.180000,-0.520000,1.504000,-1.222422,-0.603370,1.549772,-1.227482,-0.606663,1.495354,0.008299,0.018229,0.204403,0.978682,0.159720,-0.441952,-0.018602,0.001288,-0.001460,0.006865,-0.002036,-0.001981,0.000227,50,-0.251560,-0.096380,9.770717,0.021233,0.028519,0.042042,9.778245,0.112648,0.104140,0.099196
21.312616,-1.178000,-0.525000,1.504000,-1.198729,-0.619944,1.534953,-1.223449,-0.614280,1.496322,0.006743,0.017880,0.201140,0.979376,0.167010,-0.449618,-0.020336,0.001277,-0.001454,0.006817,-0.002040,-0.001988,0.000228,17,-0.184464,-0.312013,9.641608,-0.200576,-0.008266,-0.009601,9.649047,0.210149,0.101991,0.100476
21.329276,-1.174000,-0.533000,1.503000,-1.256052,-0.637142,1.556435,-1.222741,-0.622181,1.498091,0.004843,0.016565,0.201321,0.979373,0.167316,-0.449127,-0.019921,0.001303,-0.001459,0.006738,-0.002039,-0.001972,0.000227,16,-0.061382,0.186277,9.707072,-0.270135,-0.104659,-0.014326,9.712681,0.298708,0.142946,0.101750
21.345807,-1.172000,-0.538000,1.503000,-1.178548,-0.611014,1.457310,-1.217867,-0.628281,1.496342,0.003709,0.016625,0.202127,0.979211,0.169903,-0.444483,-0.020713,0.001274,-0.001457,0.006791,-0.002039,-0.001990,0.000228,17,-0.287927,0.343508,9.841161,-0.146599,0.013009,-0.012878,9.854062,0.177036,0.086380,0.101483
21.362515,-1.170000,-0.544000,1.503000,-1.238016,-0.602015,1.435031,-1.216304,-0.633564,1.494048,0.003645,0.016749,0.213149,0.976869,0.171589,-0.438943,-0.022216,0.001275,-0.001478,0.006861,-0.002024,-0.001988,0.000227,17,-0.076284,0.165336,9.839016,0.009596,0.011385,0.022979,9.841661,0.145570,0.112302,0.101222
21.379180,-1.167000,-0.550000,1.503000,-1.217332,-0.621734,1.469024,-1.213684,-0.639692,1.492896,0.003147,0.016428,0.218519,0.975689,0.175292,-0.441552,-0.020614,0.001271,-0.001489,0.006890,-0.002017,-0.001989,0.000227,17,-0.208147,-0.213720,9.955947,-0.058423,-0.032265,0.030512,9.961156,0.122961,0.093986,0.101618
21.395764,-1.164000,-0.556000,1.503000,-1.202409,-0.617724,1.558601,-1.210863,-0.644657,1.494811,0.002837,0.016568,0.227791,0.973565,0.174529,-0.437762,-0.014404,0.001262,-0.001512,0.006805,-0.002003,-0.001995,0.000227,16,-0.365346,0.158180,10.064646,-0.017067,0.018270,0.001473,10.074345,0.063896,0.091524,0.100615
21.412392,-1.160000,-0.563000,1.502000,-1.119618,-0.606986,1.538670,-1.203755,-0.648885,1.495941,0.003768,0.017754,0.227978,0.973497,0.184548,-0.431253,-0.007745,0.001205,-0.001528,0.006755,-0.001993,-0.002032,0.000230,17,-0.065101,0.163392,10.153030,0.148551,0.085024,-0.006688,10.155334,0.173035,0.070073,0.096578
21.429001,-1.158000,-0.569000,1.502000,-1.243108,-0.641174,1.503085,-1.203230,-0.654736,1.496194,0.004794,0.018712,0.242306,0.970008,0.185807,-0.428383,-0.002619,0.001225,-0.001545,0.006740,-0.001982,-0.002018,0.000229,17,-0.069271,0.051065,10.106516,0.175770,0.088435,0.013096,10.108270,0.201413,0.111596,0.097108
21.445603,-1.155000,-0.573000,1.502000,-1.189332,-0.651955,1.443121,-1.199498,-0.661314,1.494438,0.005470,0.019420,0.240845,0.970354,0.190976,-0.429058,-0.000771,0.001214,-0.001544,0.006805,-0.001982,-0.002024,0.000229,17,-0.151359,0.018313,10.036569,0.101196,0.060602,0.009242,10.039937,0.126834,0.104304,0.099179
21.462230,-1.151000,-0.581000,1.502000,-1.196064,-0.672412,1.487185,-1.196391,-0.668335,1.494215,0.005534,0.019996,0.238878,0.970828,0.193839,-0.432764,0.002842,0.001215,-0.001540,0.006814,-0.001984,-0.002024,0.000229,16,-0.287794,-0.062104,10.057599,0.020664,0.067631,-0.017883,10.064343,0.104480,0.102988,0.098734
21.478788,-1.149000,-0.585000,1.502000,-1.220528,-0.662632,1.505608,-1.194312,-0.674770,1.494730,0.005355,0.020364,0.249948,0.968030,0.195000,-0.433587,0.005043,0.001236,-0.001566,0.006795,-0.001986,-0.002019,0.000228,17,-0.202918,-0.059436,9.925238,-0.003122,0.045708,-0.001259,9.929506,0.109490,0.105622,0.100820
21.512128,-1.143000,-0.596000,1.502000,-1.179451,-0.685920,1.648681,-1.187259,-0.688445,1.500026,0.005007,0.018603,0.264294,0.964250,0.208077,-0.430881,0.009628,0.001238,-0.001581,0.006600,-0.001978,-0.002017,0.000228,34,0.016089,-0.010053,9.811883,-0.037285,-0.101580,0.015297,9.813200,0.132588,0.175869,0.102512
21.528742,-1.139000,-0.603000,1.502000,-1.172486,-0.659035,1.516154,-1.183201,-0.693681,1.500718,0.005268,0.017249,0.258768,0.965771,0.213509,-0.430931,0.008598,0.001214,-0.001608,0.006577,-0.001960,-0.002032,0.000229,17,-0.222036,-0.078820,9.717362,-0.016660,-0.178975,0.038789,9.722233,0.186790,0.066795,0.100888
21.561956,-1.132000,-0.614000,1.501000,-1.183467,-0.661387,1.452362,-1.176229,-0.705229,1.499315,0.004772,0.013729,0.262692,0.964770,0.217052,-0.434935,0.001413,0.001204,-0.001636,0.006634,-0.001941,-0.002035,0.000230,33,-0.298718,-0.073830,9.637739,-0.080470,-0.204500,-0.003379,9.645227,0.224553,0.085206,0.101399
21.578635,-1.129000,-0.620000,1.501000,-1.196192,-0.717659,1.524886,-1.174046,-0.712527,1.500216,0.004569,0.013189,0.265140,0.964109,0.210559,-0.437024,-0.001940,0.001221,-0.001640,0.006599,-0.001939,-0.002024,0.000229,17,-0.518739,0.201026,9.541960,-0.039280,-0.054425,0.007148,9.558983,0.085381,0.120924,0.102913
21.595217,-1.126000,-0.625000,1.501000,-1.144852,-0.732361,1.593375,-1.169408,-0.720133,1.503255,0.003996,0.012422,0.261614,0.965084,0.210340,-0.432458,-0.000208,0.001214,-0.001636,0.006483,-0.001943,-0.002030,0.000230,17,-0.145365,0.479920,9.725202,-0.096833,-0.076933,-0.025177,9.738535,0.131370,0.142881,0.104592
21.611846,-1.122000,-0.631000,1.501000,-1.197805,-0.697044,1.494045,-1.167970,-0.725113,1.503023,0.003909,0.012104,0.272628,0.962035,0.205481,-0.426670,-0.000331,0.001223,-0.001661,0.006488,-0.001926,-0.002023,0.000229,16,-0.259309,0.353669,9.804660,-0.007830,-0.034960,0.020356,9.815757,0.060068,0.100780,0.104759
21.628383,-1.119000,-0.636000,1.501000,-1.137039,-0.697177,1.531944,-1.163247,-0.730020,1.503985,0.004518,0.012064,0.269744,0.962846,0.208117,-0.418471,0.001858,0.001187,-0.001690,0.006449,-0.001903,-0.002045,0.000231,17,-0.009466,0.403903,9.885858,0.083859,-0.038688,0.027563,9.896286,0.115926,0.070891,0.103954
21.645066,-1.116000,-0.641000,1.500000,-1.195904,-0.717431,1.565296,-1.162068,-0.735409,1.506140,0.005053,0.011523,0.281441,0.959496,0.207100,-0.410029,0.005469,0.001205,-0.001715,0.006366,-0.001887,-0.002033,0.000230,17,0.117473,0.386990,9.902966,0.059315,-0.075871,-0.010141,9.912457,0.121754,0.128413,0.105229
21.661734,-1.112000,-0.647000,1.500000,-1.143089,-0.720427,1.552411,-1.158163,-0.740687,1.507748,0.005797,0.011523,0.284327,0.958641,0.201279,-0.400794,0.007555,0.001191,-0.001731,0.006307,-0.001878,-0.002042,0.000231,17,-0.288645,0.735876,9.834004,0.090302,-0.035676,-0.011489,9.866892,0.105587,0.095420,0.104730
21.678332,-1.109000,-0.652000,1.500000,-1.197402,-0.726645,1.461288,-1.156842,-0.745808,1.506481,0.005890,0.011624,0.291884,0.956365,0.198230,-0.395294,0.009906,0.001200,-0.001723,0.006360,-0.001874,-0.002037,0.000230,17,-0.093894,0.335819,10.033467,0.028504,0.008048,0.046002,10.042864,0.082246,0.122006,0.105503
21.694935,-1.106000,-0.657000,1.500000,-1.123813,-0.735039,1.575367,-1.152384,-0.750890,1.508866,0.004834,0.011245,0.291100,0.956614,0.204789,-0.389300,0.014959,0.001180,-0.001735,0.006275,-0.001868,-0.002052,0.000231,16,0.208691,0.220693,9.998344,-0.140738,-0.017890,0.000710,10.007102,0.165189,0.109944,0.105097
21.711551,-1.102000,-0.662000,1.499000,-1.153801,-0.767772,1.530354,-1.149508,-0.757310,1.509802,0.004003,0.010977,0.290608,0.956771,0.204818,-0.390366,0.018339,0.001187,-0.001731,0.006250,-0.001871,-0.002047,0.000231,16,-0.156106,0.107529,9.993054,-0.123910,-0.002435,-0.005137,9.996302,0.150688,0.121878,0.107041
21.728244,-1.099000,-0.668000,1.499000,-1.150119,-0.712740,1.511978,-1.146508,-0.761183,1.510244,0.003846,0.011597,0.299575,0.953995,0.201734,-0.383125,0.021091,0.001180,-0.001776,0.006240,-0.001861,-0.002065,0.000232,17,-0.145129,0.405756,9.965584,0.001241,0.066619,0.019724,9.975536,0.083872,0.069161,0.105197
21.744864,-1.094000,-0.675000,1.499000,-1.141546,-0.728769,1.461219,-1.143222,-0.765500,1.509022,0.003713,0.012487,0.303991,0.952586,0.199740,-0.375084,0.020429,0.001164,-0.001795,0.006296,-0.001848,-0.002076,0.000233,17,-0.116851,0.452438,9.858095,0.026085,0.101251,0.013187,9.870342,0.115260,0.081112,0.103506
21.761418,-1.092000,-0.679000,1.499000,-1.143310,-0.755181,1.467475,-1.140275,-0.770521,1.508052,0.003687,0.013241,0.310807,0.950374,0.192359,-0.368041,0.021692,0.001154,-0.001797,0.006344,-0.001843,-0.002076,0.000233,16,-0.262224,0.668456,9.963795,0.032572,0.090687,0.001664,9.990288,0.113088,0.097109,0.103868
21.778093,-1.089000,-0.683000,1.499000,-1.125889,-0.777887,1.573976,-1.136199,-0.776215,1.510471,0.003782,0.013862,0.308718,0.951045,0.192406,-0.362673,0.022582,0.001142,-0.001798,0.006265,-0.001841,-0.002081,0.000233,17,-0.162521,0.478849,9.746954,0.028236,0.063218,-0.029197,9.761278,0.098645,0.126435,0.105111
21.794736,-1.085000,-0.689000,1.499000,-1.128850,-0.736767,1.529306,-1.133248,-0.779557,1.511437,0.003856,0.013770,0.316195,0.948586,0.191159,-0.349066,0.021631,0.001124,-0.001825,0.006238,-0.001823,-0.002094,0.000234,17,0.109345,0.657441,9.705586,0.025095,-0.018418,0.049326,9.729060,0.110052,0.071575,0.103359
21.811362,-1.082000,-0.693000,1.499000,-1.226572,-0.762061,1.419261,-1.134214,-0.784172,1.508986,0.003118,0.012230,0.329610,0.944033,0.185392,-0.342550,0.015824,0.001150,-0.001857,0.006336,-0.001791,-0.002065,0.000233,17,0.023230,0.400854,9.611511,-0.113732,-0.139678,0.009180,9.620886,0.183858,0.178966,0.105539
21.827950,-1.078000,-0.699000,1.499000,-1.115361,-0.760034,1.444699,-1.130285,-0.788380,1.507213,0.002862,0.012565,0.327105,0.944900,0.185178,-0.336976,0.017609,0.001127,-0.001866,0.006411,-0.001784,-0.002081,0.000234,17,-0.170669,0.360946,10.033451,-0.016546,0.036041,-0.026495,10.043740,0.080862,0.089831,0.103875
21.844511,-1.075000,-0.703000,1.499000,-1.160150,-0.796832,1.548804,-1.129181,-0.793791,1.508875,0.002219,0.012721,0.334984,0.942136,0.181546,-0.332985,0.021931,0.001147,-0.001874,0.006360,-0.001779,-0.002066,0.000233,16,-0.044187,0.349423,9.995765,-0.063623,0.051675,0.016496,10.003217,0.093849,0.136145,0.106190
21.877874,-1.069000,-0.712000,1.499000,-1.121644,-0.775709,1.520351,-1.123337,-0.803115,1.510028,0.000322,0.012665,0.335719,0.941877,0.178425,-0.327557,0.025632,0.001133,-0.001896,0.006343,-0.001765,-0.002076,0.000234,34,-0.236762,0.242889,9.910584,-0.104257,0.032446,0.004242,9.920550,0.148506,0.085359,0.106658
21.894469,-1.064000,-0.717000,1.499000,-1.142306,-0.767257,1.480010,-1.121183,-0.806294,1.509534,-0.000929,0.012859,0.335170,0.942070,0.172974,-0.316301,0.024660,0.001124,-0.001931,0.006372,-0.001740,-0.002080,0.000236,17,-0.129550,0.606436,9.798843,-0.126874,0.064759,-0.018246,9.820443,0.154646,0.094964,0.106557
21.911024,-1.061000,-0.721000,1.499000,-1.101258,-0.814533,1.620809,-1.117813,-0.811046,1.513456,-0.000581,0.013067,0.332679,0.942950,0.169199,-0.303539,0.026477,0.001119,-0.001937,0.006238,-0.001738,-0.002085,0.000236,16,-0.001437,0.867651,9.703333,0.047180,0.004161,-0.034491,9.748482,0.078509,0.158766,0.107448
21.927662,-1.057000,-0.727000,1.499000,-1.078817,-0.802281,1.519120,-1.113023,-0.815075,1.514003,0.000559,0.013872,0.323576,0.946100,0.174575,-0.297393,0.028332,0.001094,-0.001942,0.006233,-0.001734,-0.002104,0.000238,17,-0.028496,0.244765,9.921110,0.154307,0.029782,0.010818,9.926457,0.164984,0.080920,0.105455
21.960975,-1.051000,-0.734000,1.498000,-1.066535,-0.809684,1.555571,-1.104877,-0.823752,1.516224,0.003531,0.016342,0.312980,0.949613,0.178593,-0.288622,0.028791,0.001066,-0.001950,0.006183,-0.001728,-0.002125,0.000240,34,-0.174792,0.296003,9.787792,0.212348,0.076855,-0.013274,9.796892,0.229573,0.096353,0.106256
21.977593,-1.047000,-0.738000,1.498000,-1.073337,-0.809452,1.521116,-1.100358,-0.827208,1.516792,0.004087,0.016958,0.305835,0.951925,0.186586,-0.286510,0.030524,0.001042,-0.001960,0.006177,-0.001720,-0.002143,0.000242,16,-0.069760,-0.001367,9.920041,0.085593,0.043299,0.005599,9.921596,0.118351,0.079582,0.105633
21.994144,-1.043000,-0.744000,1.498000,-1.089853,-0.845278,1.610481,-1.097124,-0.832223,1.520331,0.003484,0.017709,0.305643,0.951975,0.190434,-0.287210,0.036235,0.001047,-0.001959,0.006063,-0.001723,-0.002141,0.000242,17,-0.119692,0.027649,9.983371,-0.043713,0.116238,0.025934,9.985132,0.169495,0.158444,0.105884
22.010830,-1.040000,-0.747000,1.498000,-1.099652,-0.829964,1.410014,-1.094071,-0.836693,1.517309,0.003238,0.017916,0.304171,0.952443,0.189848,-0.275407,0.032975,0.001044,-0.001953,0.006200,-0.001724,-0.002141,0.000242,17,0.049518,0.775514,9.829075,-0.023247,0.034762,-0.030197,9.864693,0.076806,0.134844,0.106495
22.027411,-1.036000,-0.751000,1.499000,-1.121424,-0.782645,1.486659,-1.093119,-0.838191,1.516962,0.004515,0.019002,0.315007,0.948888,0.183663,-0.265769,0.034441,0.001027,-0.001993,0.006227,-0.001696,-0.002151,0.000243,17,-0.168219,0.515893,9.943763,0.213548,0.067793,-0.007148,9.962190,0.230021,0.091929,0.105772
22.060649,-1.029000,-0.760000,1.499000,-1.059014,-0.890841,1.599113,-1.085186,-0.848995,1.520680,0.007056,0.020901,0.307704,0.951226,0.197994,-0.278348,0.035923,0.001039,-0.001966,0.006132,-0.001717,-0.002145,0.000242,33,-0.252929,-0.203763,9.787355,0.174241,0.064996,0.005842,9.797875,0.193614,0.167459,0.107457
22.077260,-1.024000,-0.765000,1.499000,-1.059603,-0.846335,1.546398,-1.080597,-0.852946,1.522041,0.008057,0.021218,0.301507,0.953194,0.201288,-0.272136,0.033906,0.001025,-0.001971,0.006101,-0.001713,-0.002156,0.000243,17,-0.134243,0.467871,9.638149,0.119185,-0.003755,-0.066042,9.655376,0.143656,0.100645,0.107092
22.093922,-1.021000,-0.768000,1.498000,-1.084418,-0.862844,1.547116,-1.077818,-0.857652,1.523409,0.007940,0.020823,0.304168,0.952358,0.204254,-0.277190,0.035265,0.001031,-0.001970,0.006069,-0.001714,-0.002151,0.000243,17,-0.306641,-0.095268,9.836357,-0.021844,-0.043750,0.025142,9.842772,0.100261,0.124216,0.109140
22.110564,-1.017000,-0.772000,1.498000,-1.061326,-0.868723,1.619814,-1.073844,-0.862291,1.527136,0.007847,0.020709,0.302775,0.952805,0.209509,-0.271461,0.039944,0.001030,-0.001974,0.005950,-0.001714,-0.002153,0.000243,17,0.063035,0.385181,9.912447,-0.020502,-0.012948,0.012363,9.926342,0.069533,0.161737,0.110601
22.143762,-1.009000,-0.781000,1.499000,-1.072305,-0.850070,1.659686,-1.067834,-0.869553,1.533018,0.008805,0.020695,0.307922,0.951146,0.212965,-0.264685,0.049768,0.001021,-0.002005,0.005773,-0.001696,-0.002160,0.000244,33,-0.123805,0.290535,9.973600,0.060986,-0.025097,-0.000023,9.981242,0.114787,0.186006,0.111625
22.160451,-1.004000,-0.786000,1.499000,-1.025217,-0.865532,1.528224,-1.061662,-0.873311,1.533578,0.009012,0.020210,0.296910,0.954649,0.222722,-0.264084,0.051374,0.001001,-0.002006,0.005783,-0.001693,-0.002176,0.000245,17,-0.135858,0.088735,9.935151,-0.008929,-0.062772,0.023399,9.937275,0.081934,0.087347,0.110199
22.177132,-1.000000,-0.790000,1.499000,-1.026497,-0.847287,1.493811,-1.056077,-0.876042,1.533045,0.008376,0.019830,0.288265,0.957309,0.228812,-0.256346,0.049695,0.000976,-0.002020,0.005836,-0.001689,-0.002203,0.000248,17,-0.113981,0.496640,9.790860,-0.107644,-0.032750,-0.011716,9.806522,0.125770,0.063331,0.108198
22.193671,-0.996000,-0.793000,1.499000,-1.052660,-0.876928,1.436399,-1.052663,-0.880137,1.530608,0.008502,0.019221,0.290725,0.956576,0.230751,-0.252064,0.046462,0.000966,-0.002002,0.005963,-0.001701,-0.002210,0.000247,17,-0.049436,0.479197,9.802480,-0.010622,-0.082346,-0.036941,9.820156,0.110688,0.119051,0.108640
22.210247,-0.991000,-0.798000,1.500000,-1.085733,-0.866151,1.514238,-1.051442,-0.883260,1.530872,0.009015,0.019124,0.300611,0.953512,0.226984,-0.248938,0.048238,0.000969,-0.002017,0.005979,-0.001691,-0.002205,0.000247,16,-0.184863,0.343439,9.943800,0.072971,-0.040319,0.016267,9.953879,0.112134,0.117565,0.108975
22.226973,-0.987000,-0.801000,1.500000,-1.030593,-0.839598,1.522489,-1.046723,-0.884702,1.531369,0.009471,0.019327,0.295987,0.954949,0.231018,-0.244299,0.049073,0.000940,-0.002051,0.005984,-0.001665,-0.002227,0.000249,17,-0.188319,0.234308,9.882568,0.071100,0.004197,-0.020536,9.889864,0.107852,0.062418,0.107503
22.243556,-0.984000,-0.805000,1.500000,-1.016956,-0.940962,1.534086,-1.041092,-0.891318,1.532118,0.011056,0.020195,0.287808,0.957411,0.232098,-0.242604,0.047599,0.000958,-0.002011,0.005993,-0.001693,-0.002215,0.000248,17,-0.247396,0.685123,9.712139,0.194058,0.054343,-0.036938,9.740450,0.236002,0.143992,0.108360
22.260261,-0.979000,-0.810000,1.500000,-1.023721,-0.881228,1.545904,-1.036442,-0.894521,1.533318,0.012682,0.020843,0.285396,0.958099,0.238058,-0.242217,0.046959,0.000947,-0.002021,0.005976,-0.001686,-0.002224,0.000249,17,-0.116916,0.145394,9.753361,0.211672,0.016801,0.017766,9.759537,0.229303,0.095815,0.107487
22.276744,-0.975000,-0.813000,1.500000,-1.015338,-0.855327,1.463886,-1.031510,-0.896241,1.531774,0.014093,0.021272,0.280221,0.959596,0.247151,-0.242536,0.045549,0.000919,-0.002045,0.006058,-0.001666,-0.002244,0.000251,16,-0.102170,-0.066341,9.874119,0.189328,-0.001094,0.021666,9.875441,0.195971,0.068724,0.105508
22.293384,-0.970000,-0.818000,1.501000,-1.062322,-0.902504,1.570607,-1.029878,-0.900328,1.533801,0.015813,0.021586,0.286872,0.957595,0.249990,-0.247149,0.045746,0.000928,-0.002050,0.006008,-0.001665,-0.002238,0.000251,17,-0.147748,-0.005913,9.757389,0.222124,-0.032202,-0.010788,9.759902,0.226662,0.143211,0.106954
22.310058,-0.966000,-0.822000,1.501000,-1.006379,-0.901730,1.557151,-1.024598,-0.904154,1.535241,0.017103,0.021352,0.282864,0.958770,0.259950,-0.252916,0.045796,0.000921,-0.002053,0.005982,-0.001663,-0.002244,0.000251,17,-0.096669,-0.151491,9.794702,0.140493,-0.068405,0.012790,9.798609,0.164177,0.105547,0.106562
22.326673,-0.962000,-0.825000,1.501000,-0.984543,-0.900251,1.640740,-1.018555,-0.907636,1.539321,0.018239,0.020909,0.280324,0.959504,0.265278,-0.253609,0.048414,0.000903,-0.002067,0.005855,-0.001655,-0.002258,0.000252,17,-0.191872,0.188071,9.769930,0.117275,-0.095433,-0.017044,9.777172,0.175287,0.160306,0.107218
22.343262,-0.958000,-0.829000,1.501000,-0.968444,-0.906615,1.562304,-1.011646,-0.911302,1.540712,0.019553,0.021158,0.269943,0.962445,0.269837,-0.261843,0.046769,0.000889,-0.002069,0.005831,-0.001653,-0.002270,0.000254,16,-0.577221,-0.030187,9.672240,0.158488,-0.001710,-0.033541,9.690199,0.170916,0.099456,0.105965
22.359877,-0.952000,-0.834000,1.501000,-1.047817,-0.887340,1.543313,-1.009949,-0.914076,1.541600,0.020540,0.022474,0.280721,0.959306,0.270204,-0.264892,0.043991,0.000885,-0.002090,0.005821,-0.001639,-0.002272,0.000254,17,-0.249897,0.028133,9.624170,0.182722,0.096009,0.014649,9.629559,0.215463,0.117543,0.106857
22.376581,-0.948000,-0.838000,1.501000,-1.000018,-0.914672,1.541528,-1.005220,-0.918172,1.542273,0.020616,0.023142,0.279575,0.959624,0.274469,-0.269180,0.043238,0.000882,-0.002092,0.005822,-0.001637,-0.002275,0.000254,17,-0.266158,0.143103,9.771662,0.039001,0.076269,-0.009087,9.776761,0.123124,0.101129,0.106795
22.393152,-0.943000,-0.843000,1.501000,-0.973292,-0.951314,1.488123,-0.998758,-0.924128,1.541155,0.020248,0.023292,0.271722,0.961881,0.286108,-0.275270,0.041508,0.000889,-0.002066,0.005895,-0.001653,-0.002269,0.000254,17,0.010113,0.060565,9.839535,-0.055858,0.053734,0.028546,9.840218,0.109893,0.113205,0.106316
22.409764,-0.939000,-0.847000,1.501000,-0.980031,-0.879928,1.588381,-0.993519,-0.926152,1.543336,0.018845,0.022125,0.273153,0.961531,0.295922,-0.275508,0.041207,0.000858,-0.002100,0.005833,-0.001630,-0.002293,0.000255,17,0.012368,-0.036466,9.720940,-0.190599,-0.102933,0.024141,9.722433,0.222093,0.101996,0.105023
22.426380,-0.935000,-0.851000,1.501000,-0.993715,-0.901389,1.516517,-0.989188,-0.929135,1.543159,0.017451,0.020497,0.275472,0.960932,0.298405,-0.275639,0.041160,0.000844,-0.002116,0.005860,-0.001617,-0.002303,0.000256,16,-0.229539,0.229679,9.856206,-0.219126,-0.161504,0.001707,9.863397,0.273530,0.078913,0.104013
22.442988,-0.929000,-0.856000,1.501000,-0.967247,-0.920661,1.531688,-0.983402,-0.932941,1.543444,0.016555,0.019001,0.272748,0.961755,0.303603,-0.272325,0.044055,0.000832,-0.002122,0.005874,-0.001612,-0.002313,0.000257,17,-0.011090,0.426751,10.007279,-0.160729,-0.145983,0.014900,10.019857,0.220038,0.081152,0.103349
22.459642,-0.925000,-0.861000,1.502000,-0.995485,-0.939938,1.549098,-0.979415,-0.937485,1.544353,0.015610,0.017949,0.275942,0.960880,0.304643,-0.273108,0.045503,0.000838,-0.002122,0.005868,-0.001613,-0.002308,0.000256,17,-0.155243,0.299101,9.884680,-0.147890,-0.099499,-0.001518,9.892115,0.184475,0.115834,0.102980
22.476298,-0.919000,-0.866000,1.502000,-0.927192,-0.931638,1.678810,-0.972139,-0.941231,1.549238,0.014196,0.017409,0.270381,0.962491,0.309150,-0.273830,0.050227,0.000817,-0.002137,0.005712,-0.001604,-0.002324,0.000258,17,-0.236120,0.217070,9.850979,-0.183831,-0.018620,-0.022738,9.860128,0.195380,0.188779,0.103513
22.492898,-0.915000,-0.870000,1.502000,-0.980681,-0.979310,1.553771,-0.967786,-0.947161,1.550166,0.013402,0.017046,0.269948,0.962631,0.314941,-0.273301,0.054614,0.000841,-0.002119,0.005712,-0.001618,-0.002307,0.000257,16,0.206045,0.315915,10.088888,-0.118878,-0.011850,-0.026379,10.096869,0.144102,0.137633,0.105167
22.509487,-0.911000,-0.874000,1.502000,-0.986942,-0.944298,1.508908,-0.963991,-0.951229,1.549791,0.013276,0.017175,0.273568,0.961608,0.313466,-0.271460,0.055821,0.000845,-0.002122,0.005758,-0.001615,-0.002303,0.000256,17,-0.189668,0.404154,9.958222,-0.014088,0.005950,-0.000283,9.968620,0.130758,0.103715,0.105149
22.542822,-0.901000,-0.884000,1.502000,-0.909528,-0.935109,1.597761,-0.951353,-0.958840,1.553047,0.014226,0.017828,0.269476,0.962737,0.323380,-0.269607,0.055335,0.000813,-0.002137,0.005702,-0.001604,-0.002327,0.000258,34,-0.085420,0.237431,9.756423,0.065293,0.018693,0.015164,9.762090,0.077802,0.108881,0.103645
22.559391,-0.897000,-0.888000,1.502000,-0.974779,-0.967652,1.508914,-0.947713,-0.963396,1.552505,0.014569,0.018215,0.272608,0.961843,0.323516,-0.273934,0.051702,0.000827,-0.002134,0.005755,-0.001607,-0.002317,0.000257,16,-0.272394,0.084803,9.669811,0.056441,0.032729,-0.003899,9.675711,0.080937,0.111543,0.103957
22.576007,-0.891000,-0.893000,1.502000,-0.908837,-0.907534,1.443752,-0.940730,-0.964878,1.549812,0.014161,0.018172,0.270323,0.962494,0.329946,-0.269299,0.047223,0.000779,-0.002157,0.005881,-0.001586,-0.002353,0.000259,17,-0.057915,0.260194,9.739961,-0.045602,-0.004063,0.018992,9.745597,0.064938,0.062628,0.099627
22.592673,-0.887000,-0.897000,1.502000,-0.936234,-0.956158,1.513029,-0.935420,-0.968607,1.549386,0.013822,0.017646,0.270711,0.962400,0.333717,-0.266852,0.045182,0.000772,-0.002161,0.005924,-0.001582,-0.002358,0.000260,17,-0.026587,0.322796,9.754638,-0.058920,-0.057487,-0.018865,9.764025,0.087875,0.077752,0.098578
22.609315,-0.883000,-0.901000,1.502000,-0.885760,-0.968867,1.585940,-0.927235,-0.973013,1.551129,0.013430,0.018267,0.261036,0.965063,0.341805,-0.275428,0.045189,0.000759,-0.002174,0.005887,-0.001579,-0.002379,0.000262,17,-0.359911,-0.108536,9.763189,-0.034236,0.086807,-0.012556,9.771239,0.109542,0.107979,0.097756
22.625945,-0.877000,-0.907000,1.502000,-0.933359,-1.008020,1.563641,-0.922117,-0.979088,1.552259,0.012704,0.018380,0.255507,0.966549,0.347607,-0.285531,0.043309,0.000787,-0.002157,0.005879,-0.001594,-0.002358,0.000261,17,-0.151160,-0.214942,9.692139,-0.093578,0.056248,0.020878,9.696401,0.135517,0.131076,0.098784
22.642508,-0.873000,-0.911000,1.501000,-0.880813,-0.921474,1.500947,-0.916749,-0.979105,1.551082,0.011510,0.018138,0.258257,0.965837,0.354236,-0.282889,0.038400,0.000748,-0.002182,0.005935,-0.001580,-0.002393,0.000262,11,-0.071010,-0.018228,9.516211,-0.213088,-0.016127,0.044834,9.517069,0.224106,0.013067,0.095186
22.659129,-0.869000,-0.915000,1.501000,-0.912401,-1.021659,1.536110,-0.914322,-0.982748,1.550841,0.010797,0.017818,0.259294,0.965574,0.355200,-0.285373,0.037621,0.000763,-0.002158,0.005955,-0.001597,-0.002381,0.000261,7,0.010996,-0.032110,9.764529,-0.271159,-0.032443,-0.013262,9.765175,0.274630,0.120385,0.095541
22.675797,-0.863000,-0.921000,1.502000,-0.936732,-0.997276,1.507466,-0.909762,-0.987942,1.550156,0.009525,0.016796,0.260606,0.965252,0.355184,-0.285348,0.037151,0.000780,-0.002153,0.006004,-0.001600,-0.002367,0.000261,17,-0.169083,0.281506,9.856786,-0.188321,-0.077510,-0.005175,9.864291,0.205400,0.106228,0.094800
22.692430,-0.859000,-0.924000,1.501000,-0.909656,-1.019955,1.558582,-0.904089,-0.993966,1.551007,0.009113,0.015834,0.258531,0.965830,0.355006,-0.288841,0.040670,0.000797,-0.002139,0.005999,-0.001609,-0.002353,0.000260,17,-0.294429,0.181584,10.003451,-0.086777,-0.094424,-0.021946,10.011204,0.132452,0.122838,0.097103
22.708985,-0.853000,-0.930000,1.501000,-0.873579,-0.991896,1.526253,-0.897327,-0.998238,1.550869,0.009903,0.016055,0.256711,0.966304,0.358295,-0.290659,0.045635,0.000782,-0.002136,0.006029,-0.001610,-0.002365,0.000260,16,-0.240612,0.097183,10.181138,0.099868,-0.005352,0.012729,10.186726,0.121968,0.069945,0.095437
22.725614,-0.849000,-0.934000,1.501000,-0.885576,-0.995135,1.580878,-0.891419,-1.002436,1.552505,0.010446,0.016929,0.257913,0.965963,0.360282,-0.294277,0.049071,0.000775,-0.002142,0.005995,-0.001607,-0.002371,0.000261,17,-0.285097,0.002915,9.984313,0.095516,0.078284,0.061572,9.994212,0.146138,0.107032,0.095581
22.742310,-0.844000,-0.937000,1.501000,-0.874321,-1.008251,1.485953,-0.884885,-1.007447,1.551240,0.010467,0.017796,0.255987,0.966460,0.367128,-0.301701,0.047668,0.000769,-0.002132,0.006072,-0.001611,-0.002374,0.000261,17,-0.177042,-0.255880,9.869363,0.026817,0.100900,0.000623,9.874880,0.129353,0.078883,0.095700
22.758968,-0.839000,-0.942000,1.500000,-0.887724,-1.030793,1.488932,-0.879030,-1.013465,1.550109,0.009126,0.017611,0.253413,0.967155,0.374533,-0.307984,0.046717,0.000783,-0.002118,0.006145,-0.001619,-0.002362,0.000260,17,0.000996,-0.192959,9.882968,-0.170743,0.024460,-0.043622,9.886118,0.181751,0.101886,0.096024
22.775552,-0.834000,-0.947000,1.501000,-0.846068,-1.003053,1.555982,-0.871666,-1.017762,1.551008,0.008069,0.017790,0.253832,0.967051,0.379512,-0.306117,0.047946,0.000761,-0.002121,0.006139,-0.001618,-0.002380,0.000261,17,-0.108633,0.187090,9.880976,-0.118531,0.045149,0.021307,9.883917,0.146135,0.079439,0.094482
22.792090,-0.830000,-0.952000,1.501000,-0.878308,-1.040680,1.554027,-0.866220,-1.023511,1.551836,0.007667,0.017547,0.254099,0.966989,0.385109,-0.309588,0.049461,0.000772,-0.002109,0.006139,-0.001629,-0.002371,0.000260,16,-0.021923,-0.002725,9.914284,-0.064057,-0.014620,0.003211,9.914939,0.102568,0.114060,0.094921
22.808753,-0.824000,-0.956000,1.501000,-0.895546,-1.020207,1.425426,-0.861370,-1.028395,1.548854,0.006960,0.016258,0.255077,0.966759,0.387968,-0.310570,0.044949,0.000785,-0.002109,0.006278,-0.001626,-0.002361,0.000260,17,-0.068852,0.029581,9.772676,-0.127312,-0.129896,0.005129,9.773289,0.187813,0.122281,0.094486
22.825383,-0.819000,-0.960000,1.501000,-0.830735,-1.007856,1.520335,-0.853979,-1.032257,1.548663,0.006838,0.015472,0.256383,0.966427,0.388795,-0.311845,0.041768,0.000758,-0.002114,0.006310,-0.001623,-0.002382,0.000260,17,-0.405389,0.061871,9.668635,-0.041872,-0.102696,-0.006031,9.679956,0.116787,0.052931,0.093362
22.842003,-0.815000,-0.963000,1.501000,-0.923958,-1.007860,1.505772,-0.851003,-1.036119,1.548183,0.007260,0.014925,0.261693,0.965009,0.384204,-0.309140,0.039070,0.000785,-0.002146,0.006348,-0.001600,-0.002363,0.000260,17,-0.250855,0.225940,9.704767,0.042388,-0.075304,-0.006798,9.712287,0.099341,0.117928,0.094175
22.858606,-0.809000,-0.967000,1.500000,-0.847513,-1.028893,1.436024,-0.844902,-1.040594,1.545402,0.007934,0.015016,0.261928,0.964938,0.384118,-0.305772,0.033540,0.000778,-0.002142,0.006473,-0.001600,-0.002367,0.000260,16,-0.165708,0.392428,9.668719,0.084265,-0.015377,0.015229,9.679710,0.097697,0.096989,0.093629
22.875199,-0.804000,-0.972000,1.501000,-0.849340,-1.033098,1.569724,-0.839292,-1.044869,1.546691,0.008276,0.015175,0.263375,0.964539,0.384999,-0.307331,0.035068,0.000778,-0.002155,0.006443,-0.001592,-0.002368,0.000261,17,-0.241533,0.043558,9.851425,0.054713,0.006742,-0.007744,9.856405,0.084393,0.102527,0.092968
22.891863,-0.800000,-0.975000,1.500000,-0.830924,-1.069619,1.497958,-0.832793,-1.050941,1.545747,0.007969,0.016066,0.261384,0.965068,0.387336,-0.310095,0.032757,0.000785,-0.002137,0.006501,-0.001603,-0.002361,0.000260,17,-0.174360,0.108619,9.765625,-0.014813,0.115861,-0.013866,9.775129,0.137027,0.099565,0.094526
22.908528,-0.794000,-0.980000,1.500000,-0.817264,-1.052995,1.557970,-0.826040,-1.055825,1.546635,0.007896,0.017785,0.261636,0.964971,0.389527,-0.308378,0.035014,0.000779,-0.002137,0.006489,-0.001603,-0.002366,0.000260,17,-0.147122,0.261593,9.925639,0.040788,0.199090,0.016701,9.931807,0.219810,0.096073,0.094609
22.925117,-0.790000,-0.983000,1.501000,-0.770372,-1.089185,1.636455,-0.817776,-1.061746,1.549754,0.008779,0.019065,0.259201,0.965595,0.399775,-0.311921,0.039370,0.000764,-0.002116,0.006397,-0.001621,-0.002377,0.000260,16,0.044006,-0.089518,9.946516,0.138252,0.123606,0.002529,9.947273,0.192037,0.173230,0.096692
22.958351,-0.779000,-0.991000,1.501000,-0.857860,-1.092537,1.514088,-0.806900,-1.073322,1.550029,0.009526,0.019681,0.256674,0.966251,0.405649,-0.318985,0.041695,0.000809,-0.002117,0.006438,-0.001615,-0.002341,0.000260,34,-0.141818,-0.012180,9.918789,0.053181,0.031299,-0.006113,9.921942,0.097808,0.129228,0.099795
22.975005,-0.774000,-0.994000,1.501000,-0.816234,-1.096044,1.486448,-0.800824,-1.079610,1.548744,0.010905,0.019511,0.254831,0.966727,0.410987,-0.322428,0.041691,0.000826,-0.002104,0.006515,-0.001621,-0.002326,0.000259,17,-0.028666,0.024754,9.937771,0.149221,-0.058258,0.001999,9.938921,0.172901,0.111393,0.101627
22.991651,-0.768000,-0.999000,1.501000,-0.783100,-1.026356,1.410443,-0.793365,-1.082324,1.545174,0.011496,0.019780,0.259514,0.965468,0.414207,-0.328365,0.037621,0.000786,-0.002121,0.006670,-0.001610,-0.002358,0.000260,17,-0.553765,-0.261921,9.827473,0.086892,-0.008950,0.033180,9.850105,0.110529,0.095796,0.097661
23.008206,-0.764000,-1.002000,1.500000,-0.828860,-1.077270,1.505728,-0.788667,-1.087213,1.544642,0.011399,0.019386,0.259668,0.965436,0.417358,-0.335026,0.038893,0.000808,-0.002138,0.006711,-0.001595,-0.002341,0.000261,16,-0.216407,-0.261520,9.972801,-0.020583,-0.039750,0.012767,9.980751,0.101731,0.099525,0.099311
23.024815,-0.759000,-1.005000,1.500000,-0.773322,-1.074091,1.465790,-0.781440,-1.091879,1.542802,0.010928,0.019514,0.260863,0.965117,0.421324,-0.341961,0.034517,0.000791,-0.002137,0.006801,-0.001595,-0.002354,0.000261,17,-0.410743,-0.213176,9.706092,-0.057830,0.015500,-0.009476,9.717689,0.082244,0.078415,0.099416
23.041516,-0.753000,-1.010000,1.501000,-0.807613,-1.074914,1.543299,-0.776107,-1.096440,1.543443,0.010754,0.019644,0.261834,0.964853,0.422086,-0.344483,0.032041,0.000802,-0.002165,0.006795,-0.001575,-0.002346,0.000262,17,-0.279326,-0.017964,9.655143,-0.010193,0.022912,0.006970,9.660424,0.064129,0.094792,0.099031
23.074727,-0.742000,-1.018000,1.501000,-0.774985,-1.108917,1.562885,-0.763003,-1.107605,1.544909,0.009488,0.019533,0.261410,0.964984,0.428929,-0.342045,0.021744,0.000813,-0.002171,0.006771,-0.001570,-0.002338,0.000262,33,-0.067128,0.224362,9.474654,-0.077410,0.013975,-0.000355,9.480159,0.113409,0.114820,0.101972
23.091315,-0.737000,-1.020000,1.500000,-0.751975,-1.086778,1.535238,-0.755956,-1.111720,1.544940,0.009082,0.019387,0.263034,0.964549,0.431618,-0.341479,0.019231,0.000797,-0.002187,0.006780,-0.001560,-0.002351,0.000262,17,-0.235926,0.107560,9.669498,-0.050368,-0.015586,-0.009125,9.676114,0.080123,0.076976,0.103882
23.107956,-0.732000,-1.024000,1.500000,-0.800650,-1.118394,1.555259,-0.751452,-1.117445,1.545671,0.009102,0.019899,0.261262,0.965020,0.429897,-0.344160,0.018403,0.000834,-0.002209,0.006763,-0.001541,-0.002322,0.000263,17,-0.274636,0.074887,9.728449,0.024369,0.073494,-0.013030,9.735048,0.081089,0.129138,0.105812
23.124648,-0.726000,-1.029000,1.500000,-0.729233,-1.119705,1.488159,-0.743534,-1.122959,1.544108,0.008895,0.019881,0.262079,0.964801,0.435307,-0.338711,0.014961,0.000820,-0.002197,0.006833,-0.001549,-0.002332,0.000263,17,0.042305,0.425652,9.716563,-0.026467,-0.001730,-0.001740,9.727056,0.053882,0.091532,0.105267
23.141216,-0.721000,-1.032000,1.500000,-0.790503,-1.137205,1.514791,-0.738841,-1.129166,1.543547,0.008238,0.019525,0.259404,0.965536,0.435160,-0.336052,0.016094,0.000860,-0.002209,0.006864,-0.001535,-0.002300,0.000263,17,-0.003008,0.344010,9.923500,-0.084614,-0.006511,-0.014165,9.931200,0.090241,0.126955,0.107962
23.174472,-0.711000,-1.037000,1.500000,-0.767854,-1.119747,1.449980,-0.726601,-1.139206,1.541192,0.007638,0.020309,0.258310,0.965818,0.433886,-0.318554,0.016707,0.000878,-0.002231,0.006974,-0.001514,-0.002284,0.000264,33,-0.033689,0.661529,9.910731,-0.020960,0.057838,0.004792,9.935267,0.108135,0.112167,0.111293
23.191100,-0.704000,-1.041000,1.499000,-0.738790,-1.115639,1.492246,-0.720408,-1.143070,1.539981,0.006608,0.020314,0.258386,0.965805,0.438570,-0.316829,0.018905,0.000877,-0.002256,0.007028,-0.001495,-0.002285,0.000265,17,-0.039122,0.060344,10.042570,-0.114672,0.030560,0.011527,10.046967,0.140235,0.082625,0.111207
23.207808,-0.699000,-1.045000,1.500000,-0.736450,-1.145126,1.556931,-0.714343,-1.148135,1.540911,0.005070,0.019969,0.257073,0.966172,0.440322,-0.315145,0.022072,0.000893,-0.002271,0.007005,-0.001482,-0.002273,0.000266,17,-0.112482,0.182184,9.969050,-0.185492,0.012443,-0.029611,9.971705,0.195276,0.121115,0.112008
23.224337,-0.692000,-1.048000,1.500000,-0.725121,-1.088355,1.457387,-0.708274,-1.149938,1.538670,0.003346,0.019851,0.257612,0.966039,0.441052,-0.304557,0.019862,0.000875,-0.002319,0.007097,-0.001446,-0.002287,0.000268,16,-0.071018,0.438901,9.828508,-0.201068,0.033075,-0.002746,9.840771,0.208053,0.067390,0.110234
23.240943,-0.687000,-1.052000,1.500000,-0.741430,-1.136978,1.496382,-0.703141,-1.154086,1.537734,0.002080,0.019883,0.256655,0.966296,0.440243,-0.302373,0.019577,0.000894,-0.002343,0.007142,-0.001425,-0.002272,0.000269,17,-0.220819,0.163116,9.860123,-0.150446,0.048577,-0.011452,9.867524,0.171476,0.100980,0.110027
23.257707,-0.682000,-1.055000,1.500000,-0.748700,-1.176066,1.550302,-0.698535,-1.159875,1.538570,0.002138,0.019327,0.254851,0.966785,0.439366,-0.296647,0.023376,0.000938,-0.002352,0.007124,-0.001415,-0.002238,0.000269,17,0.024238,0.425946,10.021477,-0.011363,-0.048760,-0.024862,10.031267,0.098192,0.147093,0.112960
23.274240,-0.677000,-1.057000,1.500000,-0.738686,-1.138807,1.474806,-0.693583,-1.163545,1.537055,0.003305,0.018858,0.253094,0.967252,0.435944,-0.280977,0.023548,0.000957,-0.002383,0.007193,-0.001387,-0.002222,0.000270,17,0.073216,0.888013,9.929475,0.126999,-0.087146,-0.020729,9.972255,0.178544,0.105510,0.114017
23.290879,-0.670000,-1.061000,1.500000,-0.702752,-1.144198,1.530766,-0.687614,-1.166747,1.537274,0.004634,0.019022,0.251983,0.967533,0.433549,-0.275246,0.023814,0.000958,-0.002408,0.007196,-0.001367,-0.002221,0.000271,16,-0.275886,0.423312,9.827690,0.174023,-0.025215,-0.001151,9.844852,0.212427,0.094558,0.113499
23.324086,-0.657000,-1.067000,1.501000,-0.717221,-1.136874,1.442076,-0.675911,-1.173623,1.535085,0.006744,0.019322,0.231077,0.972720,0.437529,-0.278958,0.020013,0.000954,-0.002434,0.007306,-0.001316,-0.002187,0.000269,34,-0.174138,-0.100756,9.790737,0.140083,-0.003315,0.014259,9.796755,0.157867,0.109458,0.113525
23.340689,-0.652000,-1.069000,1.501000,-0.660722,-1.153525,1.625575,-0.669749,-1.175807,1.538359,0.006602,0.019884,0.216501,0.976057,0.440675,-0.278240,0.020432,0.000933,-0.002488,0.007193,-0.001257,-0.002182,0.000273,15,-0.179258,-0.011886,9.640101,-0.009232,0.083507,-0.021218,9.645690,0.092733,0.150797,0.114536
23.357325,-0.648000,-1.071000,1.501000,-0.714858,-1.192697,1.516272,-0.668219,-1.179060,1.537911,0.006479,0.019936,0.214311,0.976541,0.441614,-0.282191,0.019408,0.000973,-0.002501,0.007218,-0.001246,-0.002154,0.000272,9,-0.023750,-0.287005,9.774496,-0.024457,0.041621,-0.024347,9.779785,0.067563,0.139690,0.115967
23.373917,-0.641000,-1.074000,1.501000,-0.667439,-1.186325,1.546352,-0.667439,-1.186326,1.546347,0.000000,0.000000,0.000000,1.000000,0.441614,-0.282191,0.019408,0.000973,-0.002501,0.007218,-0.001246,-0.002154,0.000272,0,0.000000,0.000000,0.000000,0.000000,0.000000,0.000000,0.000000,0.000000,0.123987,0.123986
23.390588,-0.634000,-1.077000,1.501000,-0.669060,-1.183137,1.559300,-0.669102,-1.183118,1.559292,0.000000,0.000000,0.000000,1.000000,0.441614,-0.282191,0.019408,0.000973,-0.002501,0.007218,-0.001246,-0.002154,0.000272,0,0.000000,0.000000,0.000000,0.000000,0.000000,0.000000,0.000000,0.000000,0.126068,0.126060
23.407231,-0.627000,-1.081000,1.501000,-0.654052,-1.157533,1.538956,-0.653971,-1.157459,1.538953,0.000000,0.000000,0.000000,1.000000,0.441614,-0.282191,0.019408,0.000973,-0.002501,0.007218,-0.001246,-0.002154,0.000272,0,0.000000,0.000000,0.000000,0.000000,0.000000,0.000000,0.000000,0.000000,0.089609,0.089521
23.423863,-0.619000,-1.084000,1.501000,-0.672981,-1.165610,1.575405,-0.661071,-1.164212,1.557471,0.016215,0.066062,0.476305,0.876645,0.453083,-0.274918,0.019565,0.000973,-0.002501,0.007218,-0.001246,-0.002154,0.000272,17,-0.095892,0.485143,9.831024,0.202657,-0.022045,-0.009632,9.844928,0.212511,0.122923,0.106738
23.440463,-0.616000,-1.085000,1.501000,-0.611159,-1.195127,1.459284,-0.638598,-1.175900,1.523376,0.029907,0.060514,0.466285,0.882055,0.473028,-0.274268,0.018252,0.000973,-0.002501,0.007218,-0.001246,-0.002154,0.000272,16,0.071349,0.268645,9.850237,0.161595,0.008342,-0.016958,9.859541,0.170004,0.117863,0.096302
23.457048,-0.608000,-1.089000,1.502000,-0.629023,-1.184066,1.563931,-0.630047,-1.181817,1.534127,0.023394,0.054929,0.457648,0.887127,0.487154,-0.270890,0.020655,0.000973,-0.002500,0.007218,-0.001246,-0.002154,0.000272,17,0.023633,0.001835,9.981100,0.102426,0.015465,-0.012272,9.984163,0.130482,0.115390,0.100664
23.473759,-0.603000,-1.091000,1.502000,-0.611413,-1.203182,1.494581,-0.619889,-1.189002,1.526618,0.048628,0.054029,0.865758,0.495155,0.510088,-0.275332,0.021196,0.000973,-0.002501,0.007218,-0.001246,-0.002154,0.000272,17,-0.064992,0.344752,9.975503,0.076628,-0.116678,0.005700,9.984046,0.146978,0.112741,0.102448
23.490323,-0.596000,-1.093000,1.502000,-0.629889,-1.187496,1.572696,-0.614730,-1.193207,1.534826,0.038592,0.055479,0.687136,0.723379,0.529212,-0.269404,0.025752,0.000973,-0.002501,0.007217,-0.001246,-0.002154,0.000272,17,-0.208789,-0.122068,10.123350,0.093606,-0.003207,0.029910,10.131658,0.115159,0.122784,0.107097
23.506963,-0.589000,-1.096000,1.502000,-0.598824,-1.194986,1.562574,-0.604748,-1.197142,1.539132,0.036732,0.056959,0.643166,0.762722,0.555579,-0.265017,0.027138,0.000973,-0.002501,0.007217,-0.001246,-0.002154,0.000272,17,-0.002493,-0.221711,9.993527,0.006567,-0.104117,-0.011750,9.997835,0.127436,0.116465,0.108887
23.523536,-0.583000,-1.098000,1.502000,-0.596304,-1.177742,1.631730,-0.596287,-1.198045,1.551267,0.032581,0.058603,0.642353,0.763471,0.564130,-0.250102,0.030414,0.000973,-0.002501,0.007215,-0.001246,-0.002154,0.000272,16,0.009291,0.555898,9.891022,0.061568,-0.104522,-0.041273,9.908536,0.144468,0.152858,0.112307
23.540167,-0.577000,-1.101000,1.503000,-0.566794,-1.192437,1.510841,-0.585907,-1.200916,1.547253,0.024610,0.059340,0.523344,0.849696,0.574514,-0.249907,0.027027,0.000973,-0.002501,0.007216,-0.001246,-0.002154,0.000272,17,-0.135038,0.707116,9.673500,0.136738,-0.096600,-0.026455,9.701425,0.177280,0.092339,0.109640
23.556868,-0.570000,-1.104000,1.503000,-0.585076,-1.183011,1.602741,-0.576927,-1.203095,1.553285,0.034230,0.053542,0.712113,0.699183,0.587242,-0.238390,0.023767,0.000973,-0.002501,0.007214,-0.001246,-0.002154,0.000272,17,-0.159091,0.269969,9.558736,0.183608,-0.047099,0.027543,9.565015,0.210704,0.128134,0.111339
23.573465,-0.564000,-1.107000,1.504000,-0.601713,-1.202817,1.461046,-0.570223,-1.206471,1.545085,0.036140,0.052680,0.727886,0.682715,0.595218,-0.237857,0.015570,0.000973,-0.002501,0.007218,-0.001246,-0.002154,0.000272,17,-0.044053,-0.043616,9.467992,-0.073776,-0.089580,0.000190,9.469591,0.124995,0.111571,0.107802
23.590017,-0.556000,-1.110000,1.504000,-0.612739,-1.183264,1.513428,-0.566046,-1.208374,1.542823,0.036945,0.045721,0.810886,0.582244,0.595056,-0.238902,0.009771,0.000973,-0.002501,0.007219,-0.001246,-0.002154,0.000272,16,-0.271692,0.541107,9.436281,-0.118637,-0.064791,-0.027749,9.457105,0.147197,0.093144,0.106234
23.606654,-0.551000,-1.113000,1.504000,-0.563647,-1.199445,1.526623,-0.557600,-1.212130,1.541752,0.039036,0.038340,0.883692,0.464860,0.608017,-0.249281,0.011378,0.000973,-0.002501,0.007219,-0.001246,-0.002154,0.000272,17,0.076087,0.325521,9.940769,-0.107563,-0.017500,0.017883,9.947311,0.126184,0.090247,0.106281
23.623315,-0.545000,-1.115000,1.504000,-0.569947,-1.178115,1.565086,-0.548675,-1.217344,1.543783,0.041225,0.019624,0.981157,0.187740,0.647095,-0.259358,0.008396,0.000973,-0.002501,0.007217,-0.001246,-0.002154,0.000272,17,0.154102,0.528217,9.786140,-0.062882,-0.044280,0.002300,9.805587,0.086741,0.091309,0.109865
23.639977,-0.537000,-1.118000,1.504000,-0.565469,-1.222589,1.452232,-0.539231,-1.222954,1.537443,0.042281,0.009907,0.996810,0.066966,0.688543,-0.212702,-0.000984,0.000973,-0.002501,0.007223,-0.001246,-0.002154,0.000272,17,0.000478,0.178161,9.723844,-0.030285,-0.072116,0.003711,9.727052,0.082080,0.120122,0.110176
23.656541,-0.531000,-1.121000,1.504000,-0.543388,-1.190692,1.503512,-0.530594,-1.225679,1.535421,0.041001,0.009261,0.996423,0.073304,0.633677,-0.158081,0.003704,0.000973,-0.002500,0.007225,-0.001246,-0.002154,0.000272,16,-0.069694,0.424497,9.813212,-0.099855,-0.070636,-0.017382,9.824422,0.125515,0.070787,0.109294
23.673241,-0.526000,-1.124000,1.505000,-0.521404,-1.206841,1.559412,-0.522561,-1.221665,1.537250,0.038301,0.032456,0.944643,0.324238,0.610755,-0.228891,0.010739,0.000973,-0.002500,0.007223,-0.001246,-0.002154,0.000272,17,-0.004423,0.597306,9.843158,-0.074341,-0.071267,-0.024536,9.864682,0.107496,0.099219,0.102909
23.689826,-0.518000,-1.127000,1.505000,-0.487089,-1.195881,1.604809,-0.510428,-1.220132,1.541316,0.035173,0.044490,0.866289,0.496313,0.665772,-0.209121,0.007894,0.000973,-0.002500,0.007217,-0.001246,-0.002154,0.000272,17,-0.027617,0.408778,9.802920,-0.017047,-0.114682,-0.006149,9.812967,0.120662,0.125148,0.100248
23.706449,-0.512000,-1.129000,1.505000,-0.559294,-1.209669,1.497857,-0.503177,-1.222662,1.539300,0.034746,0.044082,0.861369,0.504869,0.657545,-0.193058,0.008502,0.000973,-0.002501,0.007220,-0.001246,-0.002154,0.000272,17,-0.261222,0.458822,9.859040,-0.012433,-0.122691,-0.010518,9.873999,0.126510,0.093783,0.100135
23.723126,-0.506000,-1.132000,1.505000,-0.536982,-1.212138,1.540342,-0.495800,-1.225227,1.539882,0.033578,0.042265,0.877327,0.476848,0.663543,-0.188277,0.011582,0.000973,-0.002501,0.007220,-0.001246,-0.002154,0.000272,17,-0.244173,0.078237,9.985495,-0.012921,-0.036217,-0.024805,9.991870,0.094391,0.092903,0.100060
23.739708,-0.499000,-1.136000,1.505000,-0.532314,-1.215811,1.503490,-0.488928,-1.226359,1.537829,0.032267,0.042092,0.882549,0.467219,0.665340,-0.182659,0.008182,0.000973,-0.002500,0.007223,-0.001246,-0.002154,0.000272,16,-0.049340,0.171966,9.684005,0.002681,-0.023499,0.044122,9.686064,0.124771,0.086498,0.096664
23.756296,-0.493000,-1.138000,1.505000,-0.504472,-1.202720,1.528733,-0.480528,-1.228106,1.537731,0.030718,0.041233,0.882835,0.466860,0.668578,-0.173816,0.008444,0.000973,-0.002500,0.007223,-0.001246,-0.002154,0.000272,17,-0.082350,0.271550,9.825530,-0.057482,-0.038262,-0.010651,9.830472,0.083259,0.069882,0.096675
23.775053,-0.485000,-1.141000,1.505000,-0.516973,-1.253068,1.497098,-0.471080,-1.231886,1.535772,0.029559,0.040255,0.889173,0.454838,0.679850,-0.173280,0.005109,0.000973,-0.002501,0.007229,-0.001246,-0.002154,0.000272,19,-0.169102,0.174266,9.760577,-0.023890,0.032274,0.004966,9.765840,0.066089,0.116807,0.096959
23.791670,-0.479000,-1.145000,1.505000,-0.510600,-1.242032,1.567495,-0.463557,-1.234756,1.537591,0.027077,0.039637,0.883378,0.466197,0.679360,-0.171730,0.005407,0.000973,-0.002501,0.007225,-0.001246,-0.002154,0.000272,17,-0.134153,0.140101,9.724000,-0.032576,0.045881,0.032909,9.726893,0.075272,0.119664,0.096731
23.808323,-0.475000,-1.147000,1.505000,-0.549851,-1.211075,1.474344,-0.459013,-1.234675,1.534767,0.023431,0.039552,0.874485,0.482869,0.663587,-0.160178,0.003090,0.000973,-0.002501,0.007233,-0.001246,-0.002154,0.000272,17,0.153002,0.298691,9.764707,-0.024215,-0.045470,-0.019801,9.775576,0.064777,0.103190,0.093961
23.841515,-0.460000,-1.154000,1.505000,-0.408196,-1.251352,1.686559,-0.435399,-1.240353,1.542313,0.025028,0.037820,0.888771,0.456102,0.693500,-0.145235,0.007016,0.000973,-0.002502,0.007205,-0.001246,-0.002154,0.000272,33,-0.259959,0.192137,9.748023,-0.056369,-0.052525,-0.022122,9.758313,0.126570,0.212426,0.097233
23.858140,-0.454000,-1.156000,1.505000,-0.481205,-1.230825,1.534048,-0.428562,-1.241691,1.542201,0.023269,0.036938,0.898293,0.437223,0.697068,-0.145437,0.007208,0.000973,-0.002502,0.007206,-0.001246,-0.002154,0.000272,17,-0.366718,-0.050167,9.826222,-0.049403,0.003313,-0.021857,9.836076,0.081981,0.084751,0.096819
23.874769,-0.449000,-1.159000,1.506000,-0.506497,-1.243253,1.603149,-0.423345,-1.241998,1.545380,0.019245,0.037401,0.884206,0.465199,0.690105,-0.140206,0.012384,0.000973,-0.002502,0.007192,-0.001246,-0.002154,0.000272,17,-0.329820,-0.150816,9.906248,0.001492,0.050226,0.002052,9.914836,0.109103,0.140863,0.095382
23.891350,-0.442000,-1.161000,1.505000,-0.472208,-1.242904,1.574901,-0.417136,-1.243940,1.547167,0.017919,0.036513,0.899268,0.435503,0.687517,-0.125746,0.017299,0.000972,-0.002503,0.007185,-0.001246,-0.002154,0.000272,16,0.007232,-0.142038,10.025534,0.011000,0.047359,0.017681,10.027050,0.065065,0.111834,0.096309
23.907967,-0.436000,-1.164000,1.505000,-0.474669,-1.258308,1.472901,-0.411351,-1.247960,1.544332,0.017377,0.034633,0.924483,0.379249,0.689861,-0.127688,0.013817,0.000972,-0.002502,0.007201,-0.001246,-0.002154,0.000272,17,-0.170534,-0.055852,9.819309,0.051576,0.041520,0.021293,9.823217,0.113044,0.106863,0.095937
23.924639,-0.431000,-1.166000,1.505000,-0.429194,-1.238655,1.555712,-0.402993,-1.251075,1.545319,0.017444,0.032463,0.949573,0.311374,0.678164,-0.121801,0.013217,0.000972,-0.002502,0.007196,-0.001246,-0.002154,0.000272,17,0.016250,0.238135,9.654762,-0.061018,0.040005,0.038324,9.659626,0.108022,0.088621,0.098223
23.941261,-0.426000,-1.169000,1.505000,-0.490705,-1.287873,1.524630,-0.399228,-1.255522,1.544872,0.014397,0.030825,0.930035,0.365893,0.663535,-0.134959,0.012404,0.000972,-0.002502,0.007201,-0.001246,-0.002154,0.000272,17,0.072193,0.344425,9.747789,-0.039221,-0.014803,-0.015009,9.754940,0.071189,0.136758,0.098958
23.957860,-0.418000,-1.172000,1.505000,-0.433901,-1.283082,1.589522,-0.392507,-1.260697,1.547240,0.013747,0.028924,0.940426,0.338486,0.653238,-0.136559,0.015842,0.000971,-0.002502,0.007190,-0.001246,-0.002154,0.000272,16,-0.120431,0.108046,9.827946,-0.023713,0.019602,0.026228,9.829691,0.068068,0.140485,0.101495
23.974440,-0.413000,-1.175000,1.505000,-0.463495,-1.260950,1.506593,-0.388207,-1.263542,1.545921,0.011095,0.026803,0.915764,0.400667,0.636510,-0.139530,0.015073,0.000972,-0.002502,0.007198,-0.001246,-0.002154,0.000272,17,-0.012379,0.216077,9.804226,-0.209529,-0.005742,0.015888,9.808033,0.212794,0.099698,0.100643
23.991158,-0.406000,-1.179000,1.505000,-0.398209,-1.258291,1.489223,-0.379255,-1.266212,1.543789,0.010530,0.025200,0.909644,0.414489,0.632907,-0.137328,0.011179,0.000972,-0.002502,0.007212,-0.001246,-0.002154,0.000272,17,-0.068974,0.450536,9.716195,-0.183257,-0.016591,-0.046059,9.728634,0.191747,0.081220,0.099125
24.007794,-0.401000,-1.181000,1.505000,-0.468275,-1.254592,1.587318,-0.375741,-1.269870,1.546412,0.009214,0.023180,0.923841,0.381963,0.615791,-0.143241,0.015071,0.000972,-0.002503,0.007196,-0.001246,-0.002154,0.000272,17,-0.243834,0.441504,9.810301,-0.085320,-0.004047,-0.014889,9.826048,0.109006,0.129299,0.101246
24.024367,-0.395000,-1.183000,1.505000,-0.395070,-1.241809,1.626419,-0.368482,-1.269424,1.550174,0.006515,0.024133,0.895608,0.444141,0.598993,-0.136593,0.019121,0.000971,-0.002503,0.007172,-0.001246,-0.002154,0.000272,17,-0.004909,0.768400,9.757184,-0.029956,0.054353,0.020345,9.789124,0.089991,0.134911,0.101059
24.041014,-0.388000,-1.187000,1.505000,-0.461652,-1.266486,1.553399,-0.366107,-1.273263,1.551134,0.004194,0.022532,0.906378,0.421845,0.577143,-0.144314,0.022537,0.000971,-0.002504,0.007167,-0.001245,-0.002154,0.000272,16,-0.232733,0.589587,9.923576,-0.079097,0.101219,0.014649,9.946078,0.151737,0.118681,0.100244
24.057607,-0.383000,-1.188000,1.505000,-0.406116,-1.266470,1.445927,-0.360172,-1.272933,1.547348,0.002166,0.022265,0.887842,0.459605,0.565573,-0.139267,0.017827,0.000971,-0.002503,0.007197,-0.001245,-0.002154,0.000273,17,-0.024062,0.279710,9.825705,-0.071097,0.069546,-0.014777,9.831943,0.145090,0.100903,0.097612
24.074249,-0.378000,-1.191000,1.505000,-0.439136,-1.288929,1.644023,-0.357954,-1.274638,1.551191,-0.000077,0.020540,0.881858,0.471067,0.543059,-0.137111,0.018919,0.000971,-0.002505,0.007165,-0.001245,-0.002154,0.000272,17,0.106844,0.255758,9.566327,-0.127240,-0.000107,0.025853,9.574243,0.138576,0.180707,0.097625
24.090908,-0.371000,-1.193000,1.504000,-0.399829,-1.275450,1.574162,-0.355172,-1.275904,1.552500,-0.001270,0.019064,0.883851,0.467378,0.533095,-0.134096,0.019819,0.000972,-0.002505,0.007157,-0.001245,-0.002154,0.000272,12,-0.132410,0.184472,9.753752,-0.190832,-0.003589,0.040587,9.757363,0.196987,0.112036,0.097344
24.107482,-0.366000,-1.196000,1.505000,-0.421489,-1.269919,1.504512,-0.351780,-1.278859,1.551213,-0.001518,0.017003,0.903922,0.427356,0.524096,-0.137825,0.021847,0.000971,-0.002505,0.007168,-0.001245,-0.002155,0.000273,16,-0.194193,0.037249,10.046450,-0.108916,-0.069114,-0.033292,10.050573,0.138674,0.092430,0.095935
24.140729,-0.353000,-1.201000,1.505000,-0.389980,-1.281439,1.550366,-0.338505,-1.283260,1.552171,-0.003097,0.017036,0.888776,0.458015,0.517310,-0.133229,0.029417,0.000971,-0.002506,0.007166,-0.001245,-0.002155,0.000272,34,-0.229156,0.046040,10.036728,0.007429,0.022340,0.024092,10.042940,0.110965,0.099479,0.095927
24.157469,-0.348000,-1.203000,1.505000,-0.352708,-1.304901,1.584752,-0.332027,-1.287629,1.553779,-0.003760,0.016823,0.906450,0.421962,0.513436,-0.133977,0.033763,0.000971,-0.002507,0.007154,-0.001244,-0.002155,0.000272,17,-0.032196,0.258577,9.957534,-0.002882,0.101979,-0.006948,9.962301,0.119126,0.129485,0.098978
24.173977,-0.341000,-1.206000,1.504000,-0.355966,-1.301825,1.505117,-0.325402,-1.291963,1.552502,-0.004477,0.016457,0.917011,0.398496,0.509552,-0.140859,0.032961,0.000971,-0.002508,0.007171,-0.001244,-0.002155,0.000272,17,-0.184746,0.253267,9.895895,-0.000610,0.106659,-0.023451,9.902885,0.133466,0.096993,0.099927
24.190561,-0.336000,-1.208000,1.505000,-0.390087,-1.318041,1.547094,-0.321421,-1.298026,1.553159,-0.004398,0.015285,0.939592,0.341927,0.500198,-0.150197,0.036298,0.000970,-0.002510,0.007171,-0.001243,-0.002155,0.000272,16,-0.067236,0.144697,10.003671,0.033229,-0.006789,0.028360,10.005739,0.062787,0.129639,0.103134
24.207216,-0.331000,-1.210000,1.504000,-0.363088,-1.293015,1.458589,-0.317498,-1.299160,1.549701,-0.005080,0.015538,0.909018,0.416437,0.487854,-0.144012,0.030428,0.000970,-0.002510,0.007204,-0.001243,-0.002154,0.000272,17,-0.227671,0.017176,9.736938,0.045988,-0.048054,0.024122,9.740524,0.073741,0.099916,0.101096
24.223889,-0.324000,-1.212000,1.504000,-0.329897,-1.257870,1.543338,-0.313447,-1.297533,1.549834,-0.005668,0.016539,0.892549,0.450611,0.481684,-0.131008,0.029050,0.000970,-0.002510,0.007203,-0.001243,-0.002155,0.000272,13,-0.172645,0.007289,9.724145,0.088283,-0.018898,0.011054,9.727182,0.094750,0.060715,0.097612
24.240495,-0.319000,-1.214000,1.504000,-0.322419,-1.322158,1.551040,-0.306371,-1.301712,1.550410,-0.004971,0.016659,0.897251,0.441177,0.485520,-0.131879,0.027451,0.000970,-0.002511,0.007203,-0.001243,-0.002155,0.000272,17,-0.196893,-0.212863,9.715021,0.093119,-0.036087,0.018772,9.720927,0.107937,0.117994,0.100034
24.257103,-0.312000,-1.216000,1.504000,-0.326496,-1.306259,1.610940,-0.300745,-1.303749,1.553295,-0.005430,0.016725,0.891101,0.453464,0.485247,-0.127647,0.029883,0.000970,-0.002512,0.007179,-0.001243,-0.002155,0.000272,16,-0.276503,-0.228796,9.777201,0.025487,0.012474,0.013037,9.784576,0.045277,0.140688,0.101274
24.273665,-0.307000,-1.218000,1.504000,-0.381961,-1.292029,1.594114,-0.299289,-1.304436,1.555615,-0.007270,0.016110,0.855664,0.517229,0.468479,-0.118903,0.031138,0.000969,-0.002513,0.007157,-0.001243,-0.002155,0.000273,17,-0.044723,-0.225527,9.747083,-0.052059,0.018248,0.019473,9.750101,0.108408,0.138636,0.100969
24.290356,-0.302000,-1.220000,1.503000,-0.316858,-1.292561,1.454799,-0.293249,-1.306189,1.551997,-0.007729,0.014194,0.885282,0.464774,0.470398,-0.117891,0.024287,0.000970,-0.002514,0.007195,-0.001242,-0.002155,0.000272,17,-0.297064,-0.032704,9.689039,-0.215981,-0.031010,0.034377,9.695668,0.223697,0.088369,0.099529
24.307038,-0.294000,-1.222000,1.503000,-0.351840,-1.295274,1.449829,-0.292558,-1.307510,1.548508,-0.008852,0.012967,0.881693,0.471562,0.457226,-0.119554,0.019529,0.000969,-0.002514,0.007232,-0.001242,-0.002155,0.000272,10,-0.133192,0.449210,9.773282,-0.211564,0.016015,-0.015433,9.785208,0.213783,0.107432,0.096877
24.323559,-0.289000,-1.224000,1.503000,-0.355569,-1.303806,1.432012,-0.289437,-1.310537,1.544622,-0.009823,0.011653,0.886810,0.461884,0.441398,-0.121922,0.014359,0.000969,-0.002514,0.007274,-0.001241,-0.002155,0.000272,16,0.005729,0.394022,9.805091,-0.121963,0.013500,-0.001677,9.815159,0.128218,0.125856,0.096028
24.340200,-0.284000,-1.225000,1.503000,-0.340400,-1.353544,1.569015,-0.286705,-1.312735,1.545486,-0.011401,0.010085,0.854456,0.519300,0.430025,-0.123547,0.015268,0.000968,-0.002517,0.007265,-0.001241,-0.002155,0.000273,17,-0.290737,0.031321,9.805086,-0.158918,-0.010314,0.016179,9.811979,0.161756,0.155121,0.097518
24.356832,-0.277000,-1.228000,1.502000,-0.303522,-1.281109,1.568770,-0.281539,-1.314011,1.546802,-0.011644,0.010078,0.857459,0.514321,0.418381,-0.121530,0.020261,0.000969,-0.002518,0.007250,-0.001241,-0.002154,0.000272,17,-0.105057,0.419041,10.021770,-0.010058,0.031420,-0.026571,10.033695,0.077319,0.089343,0.097086
24.373514,-0.272000,-1.229000,1.502000,-0.303266,-1.293264,1.560344,-0.276825,-1.314316,1.547683,-0.012132,0.010330,0.846880,0.531545,0.409735,-0.114661,0.021941,0.000969,-0.002519,0.007242,-0.001241,-0.002155,0.000273,17,-0.138740,0.110714,9.877195,0.027716,0.004104,-0.007713,9.879570,0.080809,0.092257,0.096897
24.390077,-0.267000,-1.230000,1.501000,-0.322621,-1.322348,1.475080,-0.272987,-1.318056,1.545524,-0.012043,0.010300,0.860593,0.509047,0.404609,-0.117609,0.023166,0.000968,-0.002520,0.007270,-0.001240,-0.002155,0.000272,17,-0.199913,-0.086845,10.068747,0.059542,0.004597,0.002884,10.073566,0.088034,0.110877,0.098854
24.406671,-0.260000,-1.232000,1.501000,-0.272192,-1.306302,1.643353,-0.267470,-1.318000,1.549529,-0.012135,0.011786,0.846987,0.531345,0.401467,-0.109952,0.030597,0.000968,-0.002521,0.007226,-0.001240,-0.002155,0.000273,16,-0.218443,-0.039873,10.007404,0.162587,0.055491,0.011337,10.012619,0.185238,0.161040,0.099029
24.423340,-0.255000,-1.233000,1.501000,-0.316279,-1.317087,1.475036,-0.264207,-1.320807,1.547422,-0.012285,0.012712,0.853913,0.520115,0.399026,-0.110339,0.029619,0.000967,-0.002523,0.007256,-0.001239,-0.002155,0.000272,17,-0.317303,-0.271908,9.946049,0.149958,0.063977,0.010584,9.955459,0.168983,0.107238,0.099749
24.440021,-0.250000,-1.235000,1.500000,-0.285117,-1.318586,1.548755,-0.259415,-1.322456,1.548005,-0.013263,0.012819,0.852531,0.522351,0.399659,-0.105515,0.030559,0.000966,-0.002524,0.007253,-0.001239,-0.002155,0.000272,17,-0.233342,-0.333583,9.864618,-0.018034,0.092791,0.008093,9.875561,0.107297,0.102941,0.100208
24.456581,-0.243000,-1.235000,1.500000,-0.301749,-1.309144,1.538499,-0.256052,-1.323699,1.548250,-0.014411,0.012476,0.851529,0.523961,0.381999,-0.102753,0.029599,0.000965,-0.002526,0.007254,-0.001238,-0.002156,0.000273,17,-0.009731,0.544865,9.774401,-0.061675,0.062067,-0.007691,9.790782,0.100382,0.102133,0.101814
24.473220,-0.238000,-1.237000,1.500000,-0.240031,-1.330481,1.563481,-0.249525,-1.325590,1.549251,-0.014526,0.012500,0.853247,0.521155,0.371478,-0.102794,0.031237,0.000965,-0.002526,0.007248,-0.001238,-0.002156,0.000272,16,0.016530,0.732290,9.882743,-0.015746,0.020817,-0.011163,9.914177,0.063737,0.113016,0.102013
24.489759,-0.231000,-1.238000,1.499000,-0.237107,-1.312107,1.594920,-0.243575,-1.325267,1.551347,-0.015032,0.013481,0.840228,0.541858,0.366849,-0.097222,0.032125,0.000965,-0.002525,0.007225,-0.001239,-0.002156,0.000273,17,-0.276438,0.271812,9.747496,0.054650,0.087812,-0.020523,9.757679,0.111262,0.121366,0.102537
24.506501,-0.225000,-1.239000,1.498000,-0.267824,-1.350582,1.654012,-0.239564,-1.328841,1.555679,-0.015862,0.013645,0.850312,0.525863,0.355521,-0.103401,0.034479,0.000964,-0.002529,0.007174,-0.001238,-0.002156,0.000273,17,-0.278379,0.474598,9.673272,0.009723,0.098729,-0.005918,9.691540,0.115399,0.196530,0.107751
24.606207,-0.190000,-1.244000,1.497000,-0.181276,-1.374123,1.605337,-0.202497,-1.341542,1.561470,-0.017292,0.016768,0.865451,0.500414,0.349791,-0.087942,0.046567,0.000967,-0.002529,0.007147,-0.001238,-0.002155,0.000272,101,-0.157603,0.120045,9.912565,0.037102,0.062809,-0.001667,9.918398,0.158214,0.169544,0.117588
24.622846,-0.185000,-1.245000,1.497000,-0.202619,-1.353964,1.582982,-0.197395,-1.344108,1.563165,-0.017400,0.016131,0.869136,0.494004,0.346560,-0.085088,0.051700,0.000968,-0.002531,0.007132,-0.001238,-0.002155,0.000272,16,-0.078106,0.072798,10.076804,-0.060760,-0.023395,-0.000653,10.077872,0.084155,0.139916,0.119807
24.639434,-0.178000,-1.246000,1.497000,-0.195072,-1.349158,1.611788,-0.192314,-1.345382,1.566075,-0.017253,0.016005,0.867393,0.497067,0.344374,-0.079406,0.058407,0.000968,-0.002533,0.007098,-0.001238,-0.002155,0.000272,17,-0.156462,-0.011694,10.091996,-0.001503,-0.032338,0.002788,10.095931,0.065644,0.155272,0.121873
24.656058,-0.172000,-1.246000,1.497000,-0.189594,-1.348329,1.553929,-0.186866,-1.346939,1.566526,-0.017231,0.016014,0.868565,0.495017,0.341222,-0.075032,0.063149,0.000968,-0.002533,0.007107,-0.001237,-0.002155,0.000272,17,-0.085918,0.094395,10.151235,0.004854,-0.001984,-0.007224,10.154555,0.058709,0.118413,0.123465
24.672751,-0.167000,-1.247000,1.498000,-0.197733,-1.335425,1.596880,-0.183041,-1.346712,1.568844,-0.016979,0.016872,0.860249,0.509312,0.332815,-0.066014,0.067832,0.000967,-0.002535,0.007084,-0.001237,-0.002155,0.000272,17,-0.045970,0.172347,10.023766,0.111485,0.008620,-0.021141,10.026932,0.149835,0.136164,0.123364
24.689297,-0.159000,-1.249000,1.498000,-0.183361,-1.352201,1.551739,-0.178087,-1.348388,1.569188,-0.016584,0.017008,0.862689,0.505176,0.333144,-0.063134,0.067754,0.000967,-0.002535,0.007096,-0.001237,-0.002155,0.000272,16,-0.228574,-0.069645,9.862539,0.047243,-0.034385,0.009247,9.867017,0.083424,0.118877,0.123734
24.705862,-0.154000,-1.249000,1.498000,-0.193398,-1.360213,1.576980,-0.174033,-1.350718,1.570634,-0.016366,0.016741,0.868624,0.494919,0.327841,-0.063684,0.069347,0.000966,-0.002538,0.007090,-0.001236,-0.002156,0.000272,17,-0.235184,0.166958,9.889912,0.017598,-0.048961,0.031163,9.895733,0.086245,0.141981,0.126584
24.722563,-0.147000,-1.250000,1.498000,-0.148367,-1.380872,1.566848,-0.166926,-1.353284,1.571317,-0.015834,0.015604,0.900846,0.433570,0.326538,-0.070264,0.070802,0.000969,-0.002534,0.007099,-0.001235,-0.002155,0.000272,17,0.024586,0.223858,9.920744,-0.049103,-0.115444,-0.006688,9.924166,0.137371,0.147883,0.128218
24.739170,-0.141000,-1.249000,1.498000,-0.199362,-1.344382,1.600287,-0.165077,-1.352908,1.573566,-0.015248,0.014416,0.877613,0.478911,0.316843,-0.053952,0.071629,0.000971,-0.002538,0.007074,-0.001234,-0.002155,0.000273,17,0.042657,-0.040142,9.804983,-0.085404,-0.153192,0.029431,9.806692,0.187904,0.151547,0.130717
24.755820,-0.135000,-1.250000,1.498000,-0.161101,-1.322671,1.626549,-0.160530,-1.351012,1.576780,-0.014592,0.012780,0.868880,0.494642,0.317152,-0.039999,0.073681,0.000969,-0.002538,0.007035,-0.001235,-0.002156,0.000273,17,-0.067670,-0.235370,9.812346,-0.147021,-0.192839,0.033233,9.816298,0.246637,0.149957,0.130620
24.772379,-0.128000,-1.251000,1.498000,-0.108209,-1.349005,1.587171,-0.152479,-1.350813,1.578180,-0.013492,0.011318,0.866812,0.498324,0.322864,-0.034942,0.074424,0.000971,-0.002533,0.007033,-0.001237,-0.002155,0.000273,16,-0.152941,0.023490,9.845679,-0.134557,-0.201062,0.001504,9.848321,0.245369,0.133970,0.130348
24.789017,-0.121000,-1.251000,1.498000,-0.129894,-1.340388,1.522239,-0.146100,-1.350608,1.577085,-0.012206,0.010909,0.865175,0.501203,0.325450,-0.032346,0.072557,0.000971,-0.002530,0.007074,-0.001238,-0.002155,0.000273,17,-0.257581,0.024748,9.846672,0.014112,-0.163719,-0.004919,9.852429,0.167641,0.093042,0.129639
24.822308,-0.109000,-1.251000,1.498000,-0.141357,-1.370417,1.593879,-0.135569,-1.353025,1.580081,-0.010782,0.012692,0.867532,0.497102,0.321980,-0.032428,0.071295,0.000973,-0.002532,0.007065,-0.001237,-0.002154,0.000273,34,-0.185476,0.113051,9.755061,0.137869,-0.018832,0.011960,9.761389,0.154954,0.156526,0.133612
24.838880,-0.103000,-1.252000,1.498000,-0.099498,-1.358488,1.519878,-0.128147,-1.353753,1.578682,-0.010108,0.013607,0.867874,0.496496,0.330552,-0.028542,0.068878,0.000976,-0.002527,0.007116,-0.001238,-0.002153,0.000273,16,-0.158977,-0.214862,9.834343,0.117424,0.002655,0.011629,9.838752,0.125173,0.108769,0.132271
24.855492,-0.096000,-1.253000,1.498000,-0.111273,-1.395635,1.611181,-0.121611,-1.356777,1.581015,-0.009886,0.013862,0.869739,0.493218,0.333911,-0.032083,0.067866,0.000981,-0.002529,0.007097,-0.001238,-0.002151,0.000273,17,-0.230586,0.007948,9.669191,0.045509,0.020017,-0.001343,9.675314,0.068903,0.182724,0.135340
24.872194,-0.090000,-1.252000,1.498000,-0.108973,-1.337467,1.563050,-0.115910,-1.355951,1.581319,-0.009531,0.014775,0.869748,0.493183,0.334363,-0.026576,0.064017,0.000979,-0.002526,0.007111,-0.001239,-0.002151,0.000273,17,-0.143530,0.076278,9.630645,0.107436,0.004923,0.018211,9.633849,0.121430,0.109069,0.135717
24.888815,-0.084000,-1.251000,1.497000,-0.103337,-1.316385,1.516455,-0.110347,-1.353863,1.579732,-0.009443,0.014914,0.869426,0.493747,0.330578,-0.014958,0.057380,0.000975,-0.002522,0.007157,-0.001240,-0.002153,0.000273,17,0.186187,0.179146,9.585889,0.002157,-0.023402,0.021994,9.593128,0.071631,0.070906,0.134609
24.905410,-0.077000,-1.252000,1.498000,-0.051913,-1.388266,1.620567,-0.101491,-1.355559,1.582028,-0.008736,0.013781,0.867491,0.497185,0.340599,-0.010015,0.057217,0.000982,-0.002518,0.007137,-0.001242,-0.002150,0.000273,16,0.067273,-0.241632,9.720141,-0.108841,-0.110325,0.005547,9.724260,0.158247,0.184988,0.135591
24.922066,-0.072000,-1.253000,1.498000,-0.044115,-1.387085,1.561563,-0.092391,-1.357260,1.581997,-0.007068,0.012312,0.864673,0.502134,0.351153,-0.009828,0.055737,0.000990,-0.002512,0.007163,-0.001243,-0.002147,0.000273,17,-0.144584,-0.135819,9.785953,-0.080160,-0.224473,0.015420,9.788986,0.240772,0.150985,0.135430
24.938703,-0.066000,-1.253000,1.497000,-0.095748,-1.352382,1.570411,-0.087314,-1.357200,1.582456,-0.005590,0.011412,0.864838,0.501890,0.351258,-0.008211,0.057741,0.000989,-0.002513,0.007171,-0.001243,-0.002147,0.000273,17,-0.197808,0.025560,9.959619,-0.004489,-0.223007,0.008637,9.962230,0.231416,0.127086,0.136435
24.955318,-0.060000,-1.252000,1.497000,-0.089825,-1.332836,1.526794,-0.082240,-1.356056,1.581306,-0.005065,0.011100,0.867339,0.497569,0.348327,-0.008482,0.057704,0.000986,-0.002512,0.007211,-0.001243,-0.002148,0.000273,17,-0.306962,0.309194,9.942574,-0.008220,-0.096038,0.030570,9.954312,0.112099,0.091168,0.135756
24.971912,-0.053000,-1.253000,1.497000,-0.067989,-1.301201,1.567813,-0.076678,-1.352593,1.581716,-0.005512,0.010877,0.874980,0.484005,0.345798,-0.001159,0.061538,0.000976,-0.002507,0.007216,-0.001245,-0.002152,0.000272,17,-0.140289,0.257462,10.076880,-0.089741,-0.016596,0.010790,10.085309,0.116327,0.086963,0.132876
24.988556,-0.048000,-1.252000,1.497000,-0.043117,-1.324299,1.402766,-0.069355,-1.351254,1.575978,-0.006223,0.010807,0.872246,0.488907,0.347964,-0.002301,0.057788,0.000977,-0.002499,0.007356,-0.001248,-0.002151,0.000272,16,-0.315905,0.346050,10.010357,-0.072955,0.079617,0.001562,10.022108,0.137009,0.118874,0.128627
25.005111,-0.040000,-1.252000,1.497000,-0.092874,-1.315221,1.577455,-0.066170,-1.349203,1.576976,-0.007596,0.011393,0.881924,0.471193,0.344637,0.000587,0.058417,0.000968,-0.002501,0.007348,-0.001247,-0.002154,0.000272,17,-0.357941,0.140883,9.845704,-0.035305,0.137959,0.018383,9.856187,0.157894,0.115176,0.128567
25.021818,-0.035000,-1.252000,1.497000,-0.051153,-1.357685,1.527917,-0.059638,-1.349771,1.576107,-0.008434,0.011332,0.878032,0.478394,0.345975,0.000941,0.059237,0.000971,-0.002500,0.007389,-0.001248,-0.002153,0.000272,17,-0.133636,0.064580,9.979926,-0.054553,0.100547,0.014004,9.982743,0.151902,0.111292,0.128156
25.038499,-0.030000,-1.253000,1.497000,-0.031507,-1.363150,1.546008,-0.052375,-1.350538,1.575936,-0.008229,0.011938,0.872294,0.488766,0.343224,0.000956,0.061634,0.000976,-0.002497,0.007418,-0.001249,-0.002151,0.000272,17,0.029449,0.366880,10.036295,0.071722,0.032528,-0.032444,10.046392,0.120708,0.120570,0.127457
25.055055,-0.023000,-1.252000,1.497000,-0.011185,-1.314718,1.580653,-0.045496,-1.347954,1.576934,-0.007983,0.012808,0.875908,0.482242,0.347514,0.008905,0.063562,0.000971,-0.002489,0.007415,-0.001252,-0.002153,0.000272,16,-0.148336,-0.025263,9.938651,0.076163,0.006382,0.039137,9.940403,0.098757,0.105218,0.126897
25.071713,-0.017000,-1.252000,1.496000,-0.011844,-1.344058,1.598771,-0.038446,-1.347337,1.578633,-0.007981,0.014200,0.873930,0.485779,0.347799,0.010479,0.065791,0.000972,-0.002484,0.007401,-0.001254,-0.002152,0.000272,17,-0.140935,0.266926,9.918928,0.133164,0.084262,0.001492,9.924622,0.160320,0.138069,0.127974
25.154821,0.011000,-1.250000,1.496000,0.012649,-1.359004,1.724482,-0.008064,-1.345622,1.589423,-0.008651,0.017558,0.874158,0.485247,0.355204,0.030979,0.067461,0.000973,-0.002481,0.007262,-0.001255,-0.002153,0.000272,84,-0.112894,0.030879,9.766962,0.061006,0.051966,0.007109,9.773714,0.162019,0.253157,0.135036
25.171440,0.016000,-1.250000,1.496000,-0.007638,-1.362878,1.601196,-0.002376,-1.346566,1.590988,-0.009552,0.017951,0.869987,0.492655,0.353571,0.032068,0.069460,0.000977,-0.002484,0.007253,-0.001254,-0.002151,0.000272,17,-0.064618,0.161736,9.913237,0.000105,0.141341,0.013785,9.915635,0.146296,0.156098,0.136695
25.188046,0.023000,-1.250000,1.496000,0.044428,-1.363423,1.621288,0.006503,-1.346903,1.593175,-0.009926,0.018940,0.863590,0.503740,0.362349,0.034644,0.071265,0.000985,-0.002476,0.007232,-0.001257,-0.002148,0.000272,17,-0.211720,-0.088725,9.864190,0.061615,0.129330,-0.023647,9.867469,0.152148,0.170355,0.138223
25.204616,0.028000,-1.249000,1.495000,0.034975,-1.339795,1.568790,0.013689,-1.345701,1.593231,-0.010093,0.019347,0.863674,0.503577,0.362531,0.039600,0.070339,0.000986,-0.002469,0.007260,-0.001259,-0.002147,0.000272,16,-0.060351,0.250832,9.825535,0.016255,0.044431,0.000502,9.829765,0.105868,0.117207,0.138583
25.221257,0.034000,-1.248000,1.495000,0.065152,-1.368763,1.647422,0.022934,-1.346894,1.596335,-0.009802,0.019047,0.851361,0.524143,0.375683,0.036904,0.071263,0.000992,-0.002461,0.007218,-0.001264,-0.002148,0.000272,17,-0.274981,-0.249510,9.767389,-0.035603,0.014356,0.019539,9.775716,0.112655,0.196944,0.142026
25.238001,0.040000,-1.248000,1.495000,0.033706,-1.356828,1.552230,0.028472,-1.346970,1.595641,-0.010174,0.018409,0.856719,0.515354,0.379818,0.041541,0.066135,0.000989,-0.002461,0.007262,-0.001264,-0.002147,0.000272,13,-0.196028,-0.189145,9.537359,-0.119970,-0.020091,0.005561,9.543929,0.127316,0.123120,0.141621
25.254562,0.046000,-1.248000,1.495000,0.060788,-1.382025,1.666765,0.036392,-1.347520,1.599357,-0.009661,0.018876,0.849468,0.527214,0.383573,0.037102,0.068348,0.001002,-0.002459,0.007205,-0.001265,-0.002142,0.000273,17,-0.285538,0.083772,9.785814,0.075562,0.018395,-0.038918,9.790556,0.108972,0.218368,0.144523
25.271182,0.051000,-1.247000,1.494000,0.003796,-1.349374,1.476818,0.040874,-1.347888,1.596133,-0.009705,0.020582,0.873298,0.486654,0.383643,0.043203,0.065961,0.001001,-0.002466,0.007320,-0.001261,-0.002142,0.000272,17,-0.269705,-0.036489,9.938619,0.189310,0.058173,0.032697,9.943051,0.211061,0.114035,0.143917
25.287770,0.058000,-1.246000,1.494000,0.049984,-1.371677,1.600630,0.047338,-1.348608,1.597350,-0.010321,0.021379,0.871582,0.489675,0.385665,0.049599,0.067582,0.001009,-0.002469,0.007318,-0.001260,-0.002139,0.000272,16,-0.051937,-0.010850,9.917801,0.038080,0.108452,0.046710,9.922726,0.164715,0.165012,0.146025
25.304417,0.063000,-1.246000,1.494000,0.038186,-1.360505,1.541476,0.052881,-1.349026,1.596417,-0.011571,0.020226,0.866992,0.497777,0.382359,0.052105,0.067383,0.001012,-0.002473,0.007373,-0.001258,-0.002137,0.000273,17,-0.012918,0.205211,9.928718,-0.185810,0.086126,-0.022097,9.931687,0.230137,0.126417,0.145623
25.321056,0.068000,-1.246000,1.494000,0.064980,-1.361340,1.640134,0.059459,-1.348766,1.599074,-0.012288,0.019663,0.865827,0.499805,0.377493,0.054645,0.071405,0.001015,-0.002473,0.007334,-0.001258,-0.002136,0.000273,17,-0.037918,0.394664,9.965192,-0.108686,0.044281,-0.042005,9.973776,0.148784,0.186193,0.147222
25.337629,0.076000,-1.245000,1.494000,0.051753,-1.324452,1.511918,0.064860,-1.346844,1.597115,-0.012589,0.020030,0.867228,0.497348,0.376065,0.059093,0.071381,0.001010,-0.002473,0.007415,-0.001258,-0.002138,0.000273,17,-0.257988,0.139235,9.999584,0.020586,0.039342,0.025157,10.005247,0.090016,0.084980,0.145358
25.354242,0.081000,-1.244000,1.494000,0.049392,-1.398705,1.625735,0.069990,-1.349303,1.599355,-0.013252,0.020783,0.858063,0.512953,0.373401,0.053875,0.076745,0.001021,-0.002483,0.007392,-0.001254,-0.002133,0.000273,16,-0.281258,0.257431,10.079280,0.050684,0.158382,-0.015485,10.087944,0.174009,0.205638,0.149363
25.370860,0.088000,-1.244000,1.494000,0.103065,-1.334757,1.584155,0.077443,-1.347310,1.599950,-0.013703,0.022036,0.862660,0.505117,0.366636,0.058049,0.078928,0.001020,-0.002475,0.007409,-0.001257,-0.002133,0.000273,17,-0.063491,0.665933,10.000352,0.090949,0.112587,-0.044949,10.025072,0.159118,0.128809,0.148357
25.387514,0.093000,-1.242000,1.494000,0.105034,-1.354323,1.517711,0.084808,-1.346888,1.598257,-0.013681,0.023416,0.862171,0.505892,0.363275,0.059107,0.078089,0.001027,-0.002469,0.007494,-0.001260,-0.002130,0.000273,17,-0.158156,0.514995,9.938755,0.140395,0.096541,-0.006749,9.955153,0.177892,0.115428,0.148116
25.404196,0.099000,-1.242000,1.494000,0.082032,-1.342150,1.524048,0.090377,-1.346072,1.596913,-0.013861,0.025629,0.860568,0.508502,0.358473,0.061135,0.076110,0.001027,-0.002470,0.007565,-0.001259,-0.002129,0.000273,17,-0.211945,0.425636,9.840215,0.216217,0.155048,0.005706,9.854185,0.270664,0.105928,0.146617
25.420744,0.103000,-1.242000,1.494000,0.079797,-1.333702,1.488982,0.095181,-1.344998,1.594342,-0.013658,0.027093,0.859049,0.510993,0.357496,0.065061,0.072241,0.001026,-0.002471,0.007666,-0.001258,-0.002129,0.000273,16,-0.268871,0.174654,9.800978,0.174974,0.074113,-0.010551,9.807922,0.196660,0.094725,0.144008
25.437372,0.111000,-1.241000,1.494000,0.129988,-1.347424,1.606062,0.102499,-1.343716,1.595786,-0.013259,0.028440,0.861262,0.507192,0.362610,0.074204,0.072908,0.001030,-0.002464,0.007661,-0.001261,-0.002128,0.000273,17,-0.090067,-0.049760,9.861327,0.158797,0.039395,0.018125,9.863252,0.177061,0.155706,0.144856
25.454002,0.116000,-1.240000,1.495000,0.081207,-1.381098,1.540611,0.107218,-1.345262,1.595128,-0.013092,0.027820,0.851469,0.523504,0.359088,0.081056,0.070997,0.001038,-0.002473,0.007716,-0.001257,-0.002123,0.000273,17,0.237548,0.122944,9.831267,-0.052887,-0.007601,0.045078,9.842425,0.114938,0.152314,0.145543
25.470656,0.124000,-1.240000,1.495000,0.110973,-1.299714,1.587910,0.112744,-1.341382,1.595990,-0.014291,0.026047,0.857182,0.514156,0.362523,0.094426,0.072737,0.001026,-0.002470,0.007718,-0.001259,-0.002128,0.000273,17,-0.170894,-0.189343,9.954235,-0.257219,-0.027144,-0.025311,9.958406,0.263651,0.111211,0.143541
25.487259,0.129000,-1.240000,1.495000,0.133074,-1.373875,1.577395,0.119862,-1.341643,1.596545,-0.014174,0.024535,0.852962,0.521203,0.366069,0.096704,0.076183,0.001038,-0.002468,0.007743,-0.001259,-0.002123,0.000273,17,-0.225428,0.061973,10.066791,-0.158286,-0.080475,-0.051530,10.069979,0.197311,0.157251,0.143966
25.503834,0.137000,-1.239000,1.496000,0.133755,-1.345938,1.594331,0.126172,-1.340317,1.597654,-0.013996,0.024083,0.852728,0.521612,0.371418,0.102192,0.081190,0.001041,-0.002466,0.007748,-0.001260,-0.002122,0.000273,16,-0.292952,-0.154250,10.145231,-0.041010,-0.047025,-0.011465,10.152178,0.074603,0.145311,0.143930
25.520460,0.142000,-1.238000,1.496000,0.107868,-1.338459,1.516665,0.131015,-1.339166,1.596289,-0.013738,0.024292,0.849316,0.527146,0.371318,0.105491,0.081519,0.001040,-0.002472,0.007825,-0.001257,-0.002121,0.000273,17,-0.262669,0.052153,10.008222,0.038445,-0.006219,-0.007014,10.013580,0.074741,0.108093,0.142874
25.537149,0.148000,-1.238000,1.497000,0.180402,-1.322640,1.679729,0.139053,-1.335831,1.600245,-0.013856,0.023808,0.855887,0.516429,0.373068,0.113936,0.082797,0.001039,-0.002460,0.007749,-0.001263,-0.002123,0.000273,17,-0.185938,0.146826,9.742280,-0.063969,-0.043308,-0.000421,9.746569,0.101755,0.203970,0.142515
25.570351,0.162000,-1.237000,1.497000,0.188931,-1.344031,1.615244,0.153121,-1.332203,1.603184,-0.013604,0.019952,0.855433,0.517350,0.366402,0.131483,0.079260,0.001047,-0.002449,0.007743,-0.001268,-0.002120,0.000273,33,0.186971,0.245803,9.710154,-0.202615,-0.131808,-0.006253,9.716922,0.257408,0.161749,0.142890
25.586972,0.167000,-1.237000,1.497000,0.110079,-1.349061,1.569844,0.156592,-1.331902,1.603391,-0.012058,0.018384,0.848490,0.528755,0.360957,0.129824,0.075425,0.001047,-0.002466,0.007775,-0.001260,-0.002119,0.000273,17,-0.216302,0.281981,9.636291,-0.055381,-0.255026,0.001692,9.643824,0.263008,0.145271,0.142947
25.603611,0.175000,-1.235000,1.497000,0.119465,-1.374472,1.530940,0.160603,-1.333692,1.602318,-0.010306,0.017411,0.824826,0.565025,0.359170,0.123390,0.070008,0.001050,-0.002475,0.007851,-0.001253,-0.002115,0.000274,17,-0.305843,0.097694,9.605159,0.041100,-0.179870,0.023020,9.613646,0.189739,0.153910,0.145049
25.620273,0.181000,-1.234000,1.498000,0.163834,-1.308980,1.576356,0.165542,-1.329404,1.602505,-0.010036,0.017409,0.869753,0.493079,0.353911,0.134331,0.071141,0.001059,-0.002474,0.007878,-0.001252,-0.002112,0.000273,17,-0.102920,-0.010667,9.946700,0.011590,-0.109098,0.012713,9.953354,0.128421,0.109801,0.142345
25.636882,0.189000,-1.234000,1.498000,0.203943,-1.376722,1.567944,0.172850,-1.329851,1.602279,-0.009954,0.016969,0.867932,0.496294,0.358060,0.131496,0.069762,0.001082,-0.002473,0.007927,-0.001256,-0.002103,0.000273,15,-0.166282,0.382965,9.805920,-0.058770,-0.026040,-0.006392,9.816719,0.069843,0.159640,0.142557
25.653481,0.195000,-1.232000,1.498000,0.196515,-1.360615,1.578237,0.175369,-1.330989,1.601667,-0.009893,0.016822,0.864207,0.502758,0.360582,0.128813,0.069160,0.001094,-0.002469,0.007957,-0.001258,-0.002097,0.000273,4,-0.181736,0.382723,9.880670,-0.104473,0.010352,-0.050765,9.890504,0.122915,0.151598,0.144676
25.670091,0.200000,-1.232000,1.498000,0.192263,-1.334111,1.639150,0.192278,-1.334088,1.639166,-0.000000,-0.000000,0.000000,1.000000,0.360582,0.128813,0.069160,0.001094,-0.002469,0.007957,-0.001258,-0.002097,0.000273,0,0.000000,0.000000,0.000000,0.000000,0.000000,0.000000,0.000000,0.000000,0.174384,0.174384
25.686750,0.208000,-1.231000,1.498000,0.185622,-1.378326,1.643336,0.196036,-1.348740,1.640990,0.025573,0.020952,-0.393409,0.918769,0.354872,0.121605,0.067059,0.001094,-0.002469,0.007957,-0.001258,-0.002097,0.000273,17,-0.216578,-0.241983,9.703206,0.089813,0.114638,0.009038,9.711329,0.153002,0.208154,0.185613
25.703369,0.214000,-1.231000,1.498000,0.181201,-1.354473,1.605025,0.205698,-1.354761,1.630709,-0.026756,-0.039630,0.998795,0.011015,0.359303,0.116046,0.062122,0.001094,-0.002469,0.007957,-0.001258,-0.002097,0.000273,17,0.002655,-0.086727,9.536711,-0.091741,0.040895,0.012162,9.540260,0.133693,0.166660,0.181651
25.719949,0.219000,-1.230000,1.499000,0.168958,-1.332734,1.550729,0.202150,-1.338074,1.611989,0.019667,0.002172,0.081479,0.996479,0.352679,0.103593,0.058753,0.001094,-0.002469,0.007958,-0.001258,-0.002097,0.000273,16,-0.036609,0.205050,9.687156,-0.217527,-0.004337,0.014146,9.689953,0.234411,0.125437,0.157259
25.736605,0.227000,-1.229000,1.499000,0.182049,-1.336290,1.608065,0.191999,-1.342357,1.611097,-0.015152,-0.029433,0.951642,-0.305421,0.374021,0.104924,0.059709,0.001094,-0.002469,0.007958,-0.001258,-0.002097,0.000273,17,-0.207423,0.229672,9.829319,-0.193050,-0.067841,0.002847,9.836473,0.207080,0.159458,0.163219
25.753295,0.233000,-1.228000,1.499000,0.206703,-1.364480,1.571577,0.199318,-1.345368,1.605208,0.021035,0.025682,-0.815547,0.577737,0.365699,0.075198,0.057383,0.001094,-0.002469,0.007958,-0.001258,-0.002097,0.000273,17,-0.042454,0.426322,9.808520,-0.090240,-0.168268,-0.000353,9.820100,0.195584,0.156799,0.161833
25.769851,0.240000,-1.226000,1.499000,0.210538,-1.292540,1.506211,0.206976,-1.336816,1.591960,0.014726,0.023234,-0.778681,0.626817,0.374603,0.086221,0.058038,0.001094,-0.002469,0.007960,-0.001258,-0.002097,0.000273,17,-0.350087,0.154347,9.924045,0.005459,-0.094593,0.027809,9.932539,0.114814,0.073127,0.148366
25.786484,0.246000,-1.226000,1.499000,0.201062,-1.345809,1.615873,0.211155,-1.336909,1.595767,0.017503,0.022159,-0.745427,0.665989,0.369592,0.079114,0.061024,0.001094,-0.002469,0.007959,-0.001258,-0.002097,0.000273,16,-0.190116,-0.186832,9.978295,0.010307,-0.005637,0.010569,9.983682,0.072596,0.173300,0.151257
25.819750,0.259000,-1.223000,1.499000,0.236522,-1.401629,1.556163,0.224389,-1.343471,1.592448,0.026853,0.031999,-0.711792,0.701147,0.384718,0.035970,0.060065,0.001094,-0.002469,0.007961,-0.001258,-0.002097,0.000273,34,-0.283246,0.311249,9.879160,0.032384,0.073093,-0.014090,9.893116,0.110759,0.188895,0.156344
25.836389,0.265000,-1.222000,1.499000,0.200932,-1.291469,1.608480,0.230257,-1.336528,1.595502,0.017656,-0.008037,0.802145,0.596814,0.340516,0.031079,0.060858,0.001094,-0.002468,0.007960,-0.001258,-0.002097,0.000273,17,-0.146753,-0.068690,9.812790,0.021064,0.034381,0.011969,9.815133,0.070831,0.144626,0.153741
25.852996,0.271000,-1.220000,1.499000,0.237832,-1.328791,1.568048,0.234609,-1.335572,1.593761,-0.008176,-0.023422,0.998881,-0.040273,0.369535,0.024623,0.059405,0.001094,-0.002469,0.007961,-0.001258,-0.002097,0.000273,17,-0.202465,0.198154,9.794097,0.027382,-0.011252,0.001814,9.805712,0.096271,0.133054,0.153821
25.869579,0.279000,-1.219000,1.500000,0.236584,-1.325125,1.514439,0.240052,-1.333856,1.587904,-0.006684,-0.023569,0.998136,-0.055890,0.372390,0.018964,0.055367,0.001094,-0.002468,0.007966,-0.001258,-0.002097,0.000273,16,-0.044772,0.168286,9.739532,-0.030173,-0.111580,-0.006582,9.744178,0.122447,0.115196,0.149786
25.886260,0.284000,-1.218000,1.500000,0.254123,-1.347594,1.593081,0.246378,-1.334997,1.589023,-0.006682,-0.025031,0.996573,-0.078559,0.373107,0.010166,0.055538,0.001094,-0.002469,0.007966,-0.001258,-0.002097,0.000273,17,-0.103376,-0.219217,9.830466,-0.022865,-0.073316,0.013543,9.835036,0.083290,0.162331,0.151752
25.902890,0.290000,-1.217000,1.500000,0.268943,-1.326693,1.591561,0.254106,-1.334488,1.590078,-0.009580,-0.025714,0.972139,-0.232794,0.382206,0.003588,0.054748,0.001094,-0.002468,0.007966,-0.001258,-0.002097,0.000273,17,-0.276828,0.092322,9.775190,-0.001854,-0.101798,-0.010733,9.789177,0.111187,0.144427,0.152334
25.919524,0.298000,-1.215000,1.500000,0.301129,-1.315552,1.537971,0.264372,-1.333162,1.587186,-0.008362,-0.026306,0.953316,-0.300710,0.399863,-0.008264,0.052751,0.001094,-0.002468,0.007970,-0.001258,-0.002097,0.000273,17,-0.090411,0.363755,9.856749,0.044227,-0.089221,-0.010909,9.865271,0.116241,0.107528,0.150647
25.936085,0.303000,-1.214000,1.500000,0.239595,-1.318519,1.497004,0.268139,-1.331902,1.581888,-0.010508,-0.025423,0.931614,-0.362406,0.396706,-0.007597,0.048217,0.001094,-0.002468,0.007977,-0.001258,-0.002097,0.000273,16,-0.335519,-0.142810,9.718454,-0.022612,-0.096854,0.039525,9.727566,0.110575,0.122284,0.147722
25.952706,0.309000,-1.212000,1.500000,0.263455,-1.305631,1.552924,0.274047,-1.329756,1.580926,-0.010767,-0.024911,0.916785,-0.398457,0.397280,-0.003058,0.048052,0.001094,-0.002468,0.007979,-0.001258,-0.002097,0.000273,17,-0.281861,-0.116241,9.834802,-0.133449,-0.020498,-0.017273,9.842024,0.144662,0.116799,0.147095
25.985971,0.322000,-1.208000,1.500000,0.323155,-1.301300,1.573889,0.290414,-1.327267,1.581983,-0.006065,-0.024048,0.947707,-0.318177,0.420029,-0.013578,0.049660,0.001094,-0.002468,0.007981,-0.001258,-0.002097,0.000273,34,-0.227498,0.176993,9.887357,-0.039656,0.018017,-0.012000,9.893584,0.104613,0.119020,0.148133
26.002695,0.327000,-1.207000,1.500000,0.271846,-1.290289,1.468861,0.296175,-1.324585,1.576099,-0.007712,-0.022930,0.931764,-0.362258,0.421677,-0.005561,0.046486,0.001093,-0.002468,0.007995,-0.001258,-0.002097,0.000273,17,-0.254589,-0.020191,9.887419,0.056724,0.067064,0.003593,9.892841,0.097356,0.104636,0.143413
26.019226,0.335000,-1.204000,1.499000,0.322402,-1.336362,1.511108,0.304472,-1.326245,1.572808,-0.004179,-0.023254,0.967147,-0.253119,0.432498,-0.020158,0.041566,0.001093,-0.002468,0.008004,-0.001258,-0.002097,0.000273,16,-0.196045,-0.104710,9.754513,0.033393,0.036183,0.001624,9.759526,0.081852,0.133510,0.146026
26.035842,0.340000,-1.204000,1.500000,0.320210,-1.286962,1.613124,0.312536,-1.323327,1.575811,-0.003789,-0.022143,0.959837,-0.279658,0.438906,-0.011513,0.043924,0.001093,-0.002468,0.007998,-0.001258,-0.002097,0.000273,17,-0.152134,-0.118015,9.802704,-0.007351,0.008935,-0.021940,9.806653,0.059337,0.141674,0.144015
26.052509,0.347000,-1.201000,1.500000,0.332296,-1.322328,1.504819,0.320591,-1.323440,1.572591,-0.003442,-0.021484,0.961186,-0.275043,0.445823,-0.016530,0.041741,0.001093,-0.002468,0.008009,-0.001258,-0.002097,0.000273,17,-0.229196,-0.054652,9.905704,0.083056,-0.008655,-0.013715,9.909229,0.099367,0.122310,0.144771
26.069086,0.353000,-1.200000,1.499000,0.344351,-1.324214,1.563166,0.329441,-1.324125,1.572705,-0.002493,-0.021238,0.968219,-0.249189,0.455748,-0.027856,0.041708,0.001093,-0.002468,0.008011,-0.001258,-0.002097,0.000273,17,-0.080012,0.194967,9.879143,0.052418,0.032625,0.044399,9.882908,0.098412,0.140076,0.146268
26.085679,0.358000,-1.198000,1.500000,0.362191,-1.285643,1.596444,0.339183,-1.321933,1.574599,-0.001649,-0.020591,0.967501,-0.252024,0.470100,-0.027113,0.042776,0.001093,-0.002468,0.008006,-0.001258,-0.002097,0.000273,16,-0.125308,0.240041,9.810725,0.008333,0.067814,-0.040378,9.816084,0.088429,0.130385,0.145871
26.102311,0.366000,-1.196000,1.499000,0.305398,-1.289550,1.587643,0.343897,-1.319194,1.576097,-0.005519,-0.020237,0.937633,-0.346994,0.463156,-0.019227,0.046934,0.001093,-0.002468,0.008003,-0.001258,-0.002097,0.000273,17,-0.292668,-0.090006,9.973656,0.066099,0.108701,-0.018430,9.980180,0.136342,0.142414,0.147001
26.118976,0.371000,-1.194000,1.499000,0.365861,-1.311711,1.555792,0.352169,-1.319018,1.575829,-0.005305,-0.021301,0.937270,-0.347913,0.463365,-0.017134,0.044359,0.001093,-0.002468,0.008007,-0.001258,-0.002097,0.000273,17,0.001934,-0.380866,9.720443,-0.132185,0.051773,0.028604,9.728238,0.164423,0.130796,0.147942
26.135590,0.377000,-1.191000,1.499000,0.332708,-1.272166,1.595211,0.358551,-1.315306,1.577604,-0.004083,-0.022319,0.917108,-0.397993,0.456592,-0.008449,0.043019,0.001093,-0.002468,0.008002,-0.001258,-0.002097,0.000273,17,-0.008018,-0.272793,9.621995,-0.295886,-0.120277,-0.022094,9.628539,0.325324,0.133440,0.148226
26.152187,0.384000,-1.189000,1.499000,0.393577,-1.308091,1.447458,0.367535,-1.315298,1.572011,-0.001094,-0.023197,0.927397,-0.373357,0.471064,-0.012196,0.035967,0.001093,-0.002468,0.008029,-0.001258,-0.002097,0.000273,16,-0.340159,0.080604,9.808000,-0.192582,-0.200098,-0.027285,9.816672,0.280669,0.130119,0.146809
26.168794,0.389000,-1.188000,1.499000,0.342303,-1.267073,1.564900,0.373735,-1.311802,1.572406,0.000368,-0.021771,0.917097,-0.398068,0.474108,-0.006455,0.037150,0.001093,-0.002468,0.008028,-0.001258,-0.002096,0.000273,17,-0.197352,0.165444,9.867617,-0.043387,-0.193416,-0.011424,9.872617,0.204608,0.113031,0.144736
26.185445,0.395000,-1.186000,1.499000,0.324887,-1.314954,1.467735,0.377370,-1.312002,1.568281,-0.000724,-0.021336,0.894830,-0.445897,0.470441,-0.012105,0.030883,0.001093,-0.002468,0.008050,-0.001258,-0.002096,0.000273,17,-0.291726,0.207257,9.743558,-0.011405,-0.134054,-0.004782,9.751006,0.139186,0.150075,0.144870
26.202075,0.402000,-1.184000,1.499000,0.377229,-1.289084,1.611109,0.383840,-1.310188,1.570845,-0.001444,-0.019851,0.879086,-0.476247,0.472447,-0.007230,0.035855,0.001093,-0.002468,0.008040,-0.001258,-0.002096,0.000273,17,-0.269600,0.235485,9.964750,0.084307,-0.050838,-0.028919,9.973835,0.124781,0.155643,0.146338
26.218701,0.407000,-1.180000,1.499000,0.431726,-1.262349,1.560287,0.394847,-1.306826,1.570944,-0.000155,-0.017864,0.906223,-0.422422,0.490632,-0.000003,0.037541,0.001093,-0.002468,0.008042,-0.001258,-0.002096,0.000273,17,-0.310158,0.056107,9.952472,0.155505,0.065092,0.013591,9.962671,0.179044,0.105588,0.146316
26.235282,0.413000,-1.178000,1.499000,0.397362,-1.286956,1.564862,0.402526,-1.305238,1.571349,-0.001243,-0.016932,0.904464,-0.426212,0.492865,0.005779,0.040221,0.001093,-0.002468,0.008043,-0.001258,-0.002096,0.000273,16,-0.304763,-0.194986,9.985148,0.119355,0.106102,0.027417,9.995303,0.166339,0.128272,0.146743
26.251942,0.418000,-1.176000,1.498000,0.393732,-1.285703,1.625678,0.409761,-1.303466,1.574412,-0.001649,-0.016666,0.902589,-0.430178,0.488691,0.012916,0.045752,0.001093,-0.002468,0.008028,-0.001258,-0.002096,0.000273,17,-0.056072,-0.330789,9.952578,-0.004644,0.075657,-0.002597,9.959429,0.099368,0.170074,0.148843
26.268590,0.425000,-1.173000,1.498000,0.411355,-1.301096,1.513678,0.417521,-1.303219,1.572508,-0.001858,-0.017218,0.902593,-0.430147,0.489812,0.012691,0.040764,0.001093,-0.002468,0.008044,-0.001258,-0.002096,0.000273,17,-0.233506,-0.234837,9.698899,-0.048397,0.043229,-0.033528,9.707254,0.104160,0.129772,0.150214
26.285231,0.432000,-1.169000,1.499000,0.429864,-1.272841,1.585165,0.426352,-1.300892,1.573782,-0.001277,-0.017769,0.905098,-0.424829,0.496409,0.019323,0.040738,0.001093,-0.002467,0.008040,-0.001258,-0.002096,0.000273,17,-0.294465,-0.075601,9.759146,-0.127824,0.052982,0.023305,9.765446,0.151864,0.134951,0.151722
26.301808,0.437000,-1.167000,1.498000,0.417070,-1.284628,1.615663,0.432505,-1.299071,1.576279,-0.001595,-0.018266,0.892105,-0.451455,0.497313,0.016615,0.045603,0.001094,-0.002468,0.008028,-0.001258,-0.002096,0.000273,16,-0.074723,0.403680,9.983730,-0.101327,0.011042,-0.017966,9.996896,0.112038,0.167566,0.153592
26.318422,0.442000,-1.164000,1.499000,0.433827,-1.262579,1.553151,0.440726,-1.296240,1.576147,-0.001025,-0.017033,0.894080,-0.447583,0.506688,0.017408,0.046103,0.001094,-0.002467,0.008033,-0.001258,-0.002096,0.000273,17,-0.116088,0.412165,9.920462,0.045208,-0.050038,-0.056491,9.930866,0.111632,0.112770,0.153104
26.335137,0.447000,-1.161000,1.498000,0.426909,-1.250567,1.606812,0.447164,-1.292322,1.578356,-0.002816,-0.014862,0.869015,-0.494554,0.503936,0.030832,0.050615,0.001095,-0.002467,0.008022,-0.001258,-0.002096,0.000273,17,-0.479659,-0.017307,9.951442,0.241971,0.016920,-0.000494,9.963796,0.251792,0.142358,0.153957
26.351714,0.454000,-1.159000,1.498000,0.404063,-1.255000,1.524180,0.451982,-1.288645,1.576945,0.004692,0.012266,-0.855666,0.517361,0.502292,0.039744,0.049024,0.001095,-0.002467,0.008036,-0.001258,-0.002096,0.000273,17,-0.319058,0.167506,9.855392,0.314355,0.052003,0.020954,9.863006,0.324004,0.111333,0.151803
26.368342,0.459000,-1.156000,1.498000,0.477567,-1.267934,1.554807,0.462070,-1.286755,1.576826,-0.005285,-0.010395,0.869059,-0.494571,0.509451,0.044864,0.048820,0.001095,-0.002467,0.008043,-0.001258,-0.002096,0.000273,16,-0.266380,-0.221804,9.874802,0.256405,0.073846,0.012425,9.881223,0.273209,0.126890,0.152709
26.384903,0.466000,-1.152000,1.498000,0.518611,-1.266285,1.604616,0.472151,-1.284988,1.578573,-0.005872,-0.008625,0.879553,-0.475687,0.517882,0.045019,0.047759,0.001095,-0.002467,0.008034,-0.001258,-0.002096,0.000273,17,-0.052538,0.032738,9.676547,0.229578,0.064920,-0.007535,9.677576,0.240379,0.164912,0.155614
26.401612,0.471000,-1.150000,1.498000,0.430686,-1.265777,1.520526,0.478350,-1.282756,1.577078,-0.007211,-0.006755,0.880033,-0.474809,0.515228,0.055322,0.044560,0.001095,-0.002466,0.008052,-0.001258,-0.002096,0.000273,17,-0.535346,-0.107503,9.763335,0.213256,0.047238,0.007840,9.783283,0.222309,0.124647,0.154698
26.418189,0.478000,-1.145000,1.498000,0.456175,-1.244948,1.531813,0.485005,-1.279093,1.576101,-0.009664,-0.004706,0.872355,-0.488754,0.515522,0.062263,0.041363,0.001095,-0.002466,0.008065,-0.001258,-0.002095,0.000273,17,-0.312401,0.346492,9.734136,0.303556,0.133126,-0.012004,9.746587,0.334080,0.107746,0.155337
26.434811,0.483000,-1.143000,1.498000,0.431496,-1.268815,1.575512,0.488782,-1.276809,1.576819,0.012891,0.003812,-0.853358,0.521151,0.495026,0.065946,0.041461,0.001095,-0.002466,0.008064,-0.001259,-0.002095,0.000273,17,-0.079712,-0.258895,9.797337,0.222383,0.132258,0.020028,9.802586,0.264673,0.156493,0.155405
26.451425,0.488000,-1.140000,1.498000,0.476774,-1.241789,1.630959,0.495485,-1.272960,1.579734,0.012853,0.004044,-0.854215,0.519745,0.483367,0.075219,0.045558,0.001097,-0.002464,0.008042,-0.001259,-0.002095,0.000273,16,-0.046702,-0.412886,9.891089,-0.101065,0.074396,0.005783,9.900842,0.151725,0.167824,0.156252
26.470103,0.494000,-1.137000,1.498000,0.475257,-1.276330,1.554536,0.501594,-1.272077,1.579531,0.013064,0.005814,-0.839802,0.542704,0.475155,0.068327,0.044277,0.001096,-0.002465,0.008051,-0.001259,-0.002095,0.000273,19,-0.022614,0.154059,9.810686,-0.157771,0.016951,-0.054583,9.818362,0.173450,0.151527,0.157958
26.486769,0.500000,-1.134000,1.498000,0.513355,-1.222535,1.530595,0.511410,-1.267176,1.578440,0.011363,0.004627,-0.861667,0.507325,0.484440,0.079775,0.044252,0.001097,-0.002464,0.008068,-0.001259,-0.002095,0.000273,17,-0.258968,0.216513,9.943929,-0.064108,-0.035013,-0.005223,9.953446,0.135237,0.095285,0.156002
26.503378,0.507000,-1.131000,1.498000,0.476321,-1.237391,1.548997,0.516205,-1.263715,1.578123,0.011085,0.004390,-0.849964,0.526706,0.477318,0.085935,0.045718,0.001097,-0.002463,0.008076,-0.001259,-0.002095,0.000273,17,-0.325255,0.119543,9.966477,-0.043097,-0.088275,0.028186,9.974044,0.115936,0.121906,0.155298
26.520024,0.512000,-1.128000,1.498000,0.537893,-1.180174,1.582387,0.524253,-1.256899,1.578996,-0.009507,-0.002522,0.875356,-0.483379,0.482227,0.100640,0.047056,0.001099,-0.002461,0.008071,-0.001260,-0.002094,0.000273,17,-0.119643,0.120742,9.874719,-0.049695,-0.031829,0.033658,9.876828,0.082561,0.102537,0.152726
26.536581,0.518000,-1.125000,1.499000,0.521216,-1.234589,1.613742,0.531534,-1.253357,1.581136,-0.008930,-0.002884,0.879579,-0.475660,0.484896,0.102772,0.048321,0.001100,-0.002460,0.008055,-0.001260,-0.002094,0.000273,16,-0.115322,0.337091,9.778949,-0.128663,0.011450,0.032888,9.787405,0.137956,0.158701,0.152987
26.569981,0.528000,-1.120000,1.499000,0.548897,-1.237960,1.638489,0.547885,-1.248946,1.585079,-0.008319,-0.002593,0.884308,-0.466823,0.493012,0.096317,0.056620,0.001101,-0.002459,0.008029,-0.001260,-0.002094,0.000273,34,-0.050879,0.388036,9.972792,-0.022671,-0.019270,-0.027966,9.984987,0.092841,0.183871,0.156308
26.586509,0.533000,-1.117000,1.500000,0.533483,-1.210118,1.571553,0.555257,-1.244273,1.585548,-0.007739,-0.001172,0.888840,-0.458152,0.493903,0.101907,0.055972,0.001101,-0.002458,0.008033,-0.001261,-0.002094,0.000273,17,-0.095610,0.295769,9.806800,0.045177,-0.072820,0.002804,9.812232,0.120306,0.117436,0.154958
26.603089,0.540000,-1.115000,1.500000,0.560703,-1.215970,1.536467,0.563953,-1.240686,1.584499,-0.006841,0.000632,0.898307,-0.439314,0.500365,0.105682,0.053205,0.001101,-0.002457,0.008054,-0.001261,-0.002094,0.000273,16,-0.178432,0.330237,9.785270,0.099983,-0.114565,-0.004535,9.792734,0.185819,0.109332,0.153332
26.619709,0.545000,-1.111000,1.500000,0.600440,-1.221028,1.578901,0.573015,-1.238031,1.585009,-0.006472,0.002819,0.914914,-0.403587,0.506312,0.114301,0.051870,0.001102,-0.002457,0.008056,-0.001261,-0.002094,0.000273,17,-0.444567,0.036114,9.752358,0.162391,-0.042170,-0.010923,9.765975,0.173514,0.146304,0.155397
26.636382,0.550000,-1.108000,1.500000,0.549244,-1.189179,1.537229,0.579938,-1.232591,1.584052,-0.006283,0.004068,0.914949,-0.403499,0.502347,0.124256,0.046560,0.001102,-0.002455,0.008075,-0.001262,-0.002093,0.000273,17,-0.076832,0.062761,9.615194,0.064517,-0.044276,0.016045,9.617150,0.104608,0.089312,0.153244
26.653025,0.557000,-1.105000,1.500000,0.572161,-1.223403,1.577758,0.587046,-1.229939,1.584531,-0.006131,0.004184,0.911039,-0.412253,0.499348,0.127573,0.042341,0.001103,-0.002455,0.008077,-0.001262,-0.002093,0.000273,17,-0.159962,0.043720,9.573937,-0.003918,-0.050866,-0.017345,9.576337,0.073676,0.142462,0.153811
26.669606,0.562000,-1.102000,1.500000,0.552436,-1.221233,1.548397,0.591749,-1.227363,1.583761,-0.006218,0.003853,0.898763,-0.438374,0.489354,0.130847,0.037233,0.001102,-0.002453,0.008093,-0.001263,-0.002093,0.000273,16,-0.123986,-0.075757,9.592866,-0.033564,-0.067043,0.001678,9.596048,0.094519,0.129036,0.153678
26.686194,0.569000,-1.099000,1.501000,0.548053,-1.178947,1.594761,0.596855,-1.221259,1.584877,-0.005226,0.004394,0.899902,-0.436039,0.477474,0.146912,0.038305,0.001103,-0.002449,0.008083,-0.001264,-0.002093,0.000273,17,-0.140427,-0.330786,9.826747,-0.089191,-0.104997,0.032936,9.834482,0.155633,0.124986,0.150859
26.702862,0.573000,-1.096000,1.501000,0.608992,-1.222230,1.641005,0.604584,-1.218908,1.587629,-0.004491,0.003496,0.899760,-0.436347,0.474721,0.155884,0.039997,0.001104,-0.002449,0.008056,-0.001264,-0.002093,0.000273,17,-0.386729,-0.371008,9.763513,-0.143757,-0.038646,0.000559,9.780099,0.153949,0.191914,0.153651
26.719509,0.578000,-1.094000,1.501000,0.563309,-1.189788,1.576851,0.609762,-1.213917,1.587943,-0.003241,0.003294,0.915151,-0.403085,0.470272,0.168770,0.042406,0.001106,-0.002447,0.008057,-0.001265,-0.002092,0.000273,17,-0.190295,-0.052824,9.987133,-0.207274,-0.046551,0.008753,9.989488,0.219260,0.123063,0.151486
26.736151,0.585000,-1.090000,1.501000,0.550932,-1.186229,1.514173,0.613309,-1.209361,1.585880,-0.002650,0.001882,0.905293,-0.424775,0.459126,0.174734,0.042237,0.001106,-0.002444,0.008091,-0.001266,-0.002092,0.000273,17,-0.151872,-0.029238,9.997329,-0.222899,-0.046879,0.039271,10.000260,0.232393,0.102928,0.149174
26.752716,0.590000,-1.088000,1.501000,0.584683,-1.174718,1.496376,0.619260,-1.204056,1.583186,-0.001065,0.000994,0.908711,-0.417424,0.457988,0.182092,0.039374,0.001105,-0.002442,0.008134,-0.001267,-0.002092,0.000273,16,-0.138707,0.069568,9.885523,-0.246180,-0.110335,-0.040869,9.887536,0.278820,0.087004,0.145188
26.769352,0.595000,-1.086000,1.502000,0.578598,-1.169050,1.539075,0.624180,-1.198602,1.582216,-0.000703,0.001609,0.908298,-0.418321,0.456542,0.193470,0.040694,0.001105,-0.002438,0.008153,-0.001268,-0.002091,0.000273,17,-0.416964,0.021922,10.011811,-0.016613,-0.070963,-0.031779,10.023349,0.108597,0.092417,0.141299
26.786020,0.601000,-1.082000,1.502000,0.581029,-1.228409,1.567645,0.628410,-1.196121,1.582384,-0.002320,0.001746,0.898929,-0.438084,0.445536,0.189933,0.042582,0.001102,-0.002437,0.008163,-0.001269,-0.002093,0.000273,17,-0.186078,-0.184649,9.969138,0.097669,0.067952,0.029319,9.974276,0.127519,0.161690,0.142255
26.802618,0.606000,-1.080000,1.502000,0.656926,-1.146297,1.538527,0.635779,-1.191568,1.581506,-0.002542,0.003265,0.930801,-0.365502,0.457004,0.206387,0.040855,0.001101,-0.002435,0.008183,-0.001269,-0.002093,0.000272,17,0.114925,0.168608,9.842933,0.045766,0.116578,0.003680,9.847473,0.129560,0.091231,0.140198
26.819256,0.612000,-1.077000,1.502000,0.584758,-1.187741,1.559863,0.641795,-1.187034,1.581148,-0.003341,0.006144,0.974715,-0.223342,0.458338,0.208616,0.040162,0.001088,-0.002429,0.008191,-0.001271,-0.002098,0.000273,16,0.075656,0.225644,9.823606,0.078336,0.018444,-0.021615,9.828366,0.094167,0.127882,0.138779
26.835785,0.617000,-1.073000,1.502000,0.613841,-1.147874,1.614332,0.643243,-1.183360,1.582506,-0.003398,0.009185,0.998084,-0.061096,0.461861,0.220985,0.040729,0.001071,-0.002430,0.008168,-0.001271,-0.002105,0.000273,5,-0.185013,-0.158062,9.605051,0.161487,-0.043291,-0.024330,9.608356,0.169225,0.135035,0.139102
26.852524,0.621000,-1.071000,1.503000,0.612659,-1.201910,1.543889,0.612632,-1.201673,1.543961,0.000000,0.000000,-0.000000,1.000000,0.461861,0.220985,0.040729,0.001067,-0.002438,0.008164,-0.001268,-0.002107,0.000272,0,0.000000,0.000000,0.000000,0.000000,0.000000,0.000000,0.000000,0.000000,0.137401,0.137198
26.871179,0.626000,-1.067000,1.502000,0.600318,-1.189135,1.615130,0.600280,-1.189042,1.615130,0.000000,0.000000,0.000000,1.000000,0.461861,0.220985,0.040729,0.001067,-0.002438,0.008164,-0.001268,-0.002107,0.000272,0,0.000000,0.000000,0.000000,0.000000,0.000000,0.000000,0.000000,0.000000,0.168449,0.168387
26.904392,0.639000,-1.060000,1.502000,0.609579,-1.173273,1.657827,0.613332,-1.177221,1.636837,-0.006147,-0.017539,0.845240,0.534063,0.450597,0.220249,0.031772,0.001067,-0.002438,0.008164,-0.001268,-0.002107,0.000272,33,-0.339828,-0.032137,9.544267,0.060439,-0.001348,0.011434,9.553776,0.099044,0.194881,0.180501
26.921006,0.643000,-1.058000,1.501000,0.634080,-1.185917,1.607307,0.626122,-1.178166,1.627556,-0.033329,-0.004759,0.977786,-0.206882,0.447848,0.214302,0.031162,0.001067,-0.002438,0.008164,-0.001268,-0.002107,0.000272,17,-0.115545,0.058590,9.758594,-0.119781,0.041113,0.026789,9.761650,0.138622,0.166564,0.175331
26.954354,0.654000,-1.051000,1.501000,0.622417,-1.127109,1.521036,0.647719,-1.173281,1.602360,0.009932,0.006292,-0.044741,0.998929,0.433225,0.221332,0.034140,0.001067,-0.002438,0.008165,-0.001268,-0.002107,0.000272,34,-0.320677,-0.009351,9.955632,-0.081391,0.179034,0.010678,9.963636,0.205507,0.084803,0.158952
26.970914,0.658000,-1.049000,1.501000,0.622539,-1.122766,1.507520,0.641565,-1.175082,1.581817,-0.036007,-0.018611,0.867785,-0.495284,0.442427,0.222465,0.032337,0.001067,-0.002438,0.008166,-0.001268,-0.002107,0.000272,16,-0.037398,0.111420,9.811890,-0.099027,0.127347,0.030068,9.813310,0.173187,0.082107,0.150659
26.987540,0.664000,-1.045000,1.501000,0.656207,-1.182052,1.610757,0.650378,-1.152793,1.589273,-0.028209,-0.005144,0.877581,-0.478571,0.435332,0.202720,0.035033,0.001067,-0.002438,0.008166,-0.001268,-0.002107,0.000272,17,0.105238,0.486427,10.000733,0.015300,0.116182,-0.016224,10.015869,0.137283,0.175757,0.139989
27.004246,0.669000,-1.042000,1.500000,0.603498,-1.157441,1.511413,0.653560,-1.146453,1.577734,0.031929,0.003568,-0.836906,0.546403,0.416097,0.195597,0.033776,0.001066,-0.002439,0.008168,-0.001268,-0.002107,0.000272,17,-0.200187,0.206171,9.878388,0.075482,0.092885,0.033729,9.885928,0.146178,0.133219,0.131116
27.020807,0.673000,-1.040000,1.501000,0.662961,-1.102096,1.541220,0.658790,-1.142092,1.573860,-0.029170,-0.007554,0.997213,-0.068245,0.404792,0.225831,0.035374,0.001067,-0.002439,0.008169,-0.001268,-0.002107,0.000272,17,-0.100104,-0.180468,9.925895,-0.001264,0.071997,-0.008468,9.930163,0.085820,0.074661,0.126227
27.037467,0.679000,-1.036000,1.500000,0.584396,-1.148336,1.602914,0.669825,-1.138720,1.577785,-0.025771,-0.006471,0.996874,0.074411,0.464709,0.251264,0.040158,0.001067,-0.002438,0.008167,-0.001268,-0.002107,0.000272,17,-0.070108,0.122221,9.916207,0.010815,0.068961,-0.016359,9.920217,0.090433,0.179334,0.129175
27.054100,0.684000,-1.032000,1.500000,0.652186,-1.142710,1.624878,0.659791,-1.135193,1.583083,-0.033699,0.004776,0.988177,-0.149495,0.391280,0.216409,0.040510,0.001067,-0.002438,0.008165,-0.001268,-0.002107,0.000272,16,-0.083799,-0.069622,9.891242,0.046313,0.096864,-0.012513,9.893262,0.130418,0.169892,0.134677
27.070624,0.688000,-1.030000,1.500000,0.669047,-1.096460,1.495483,0.664552,-1.131055,1.574958,-0.034818,0.002285,0.983396,-0.178088,0.382461,0.212664,0.035855,0.001067,-0.002438,0.008169,-0.001268,-0.002107,0.000272,17,-0.261789,-0.042779,9.719201,0.004887,0.045152,0.008237,9.724551,0.100561,0.069257,0.127987
27.087323,0.694000,-1.027000,1.500000,0.661963,-1.139191,1.545286,0.670164,-1.125696,1.573052,-0.034167,0.003919,0.987474,-0.153985,0.379157,0.225664,0.035613,0.001067,-0.002438,0.008171,-0.001268,-0.002107,0.000272,17,-0.412722,-0.183579,9.849059,0.033633,0.079477,-0.008873,9.861089,0.103203,0.125156,0.125083
27.103945,0.699000,-1.023000,1.500000,0.657997,-1.163381,1.598687,0.674180,-1.125930,1.575576,-0.036379,0.001776,0.968902,-0.244750,0.359491,0.221311,0.036826,0.001067,-0.002438,0.008169,-0.001268,-0.002107,0.000272,17,-0.208494,-0.433342,9.883135,-0.052069,0.081031,-0.000878,9.895840,0.130488,0.176429,0.130086
27.120514,0.705000,-1.020000,1.500000,0.675280,-1.111143,1.574440,0.679577,-1.121321,1.576095,-0.036976,0.001547,0.974065,-0.223220,0.347063,0.225077,0.038892,0.001067,-0.002438,0.008169,-0.001268,-0.002107,0.000272,16,0.009027,-0.100779,9.973314,-0.111934,0.095285,0.008490,9.977670,0.150329,0.121373,0.129239
27.137205,0.709000,-1.018000,1.500000,0.713395,-1.119130,1.499290,0.687399,-1.118562,1.571299,-0.036564,-0.000121,0.972747,-0.228969,0.347424,0.213415,0.039122,0.001067,-0.002438,0.008176,-0.001268,-0.002107,0.000272,17,-0.050489,0.349967,10.021896,-0.025369,0.140253,0.013384,10.028918,0.154454,0.101228,0.125151
27.153801,0.714000,-1.014000,1.500000,0.748585,-1.118213,1.564176,0.697066,-1.116544,1.571521,-0.035312,-0.001846,0.973473,-0.226054,0.351496,0.203592,0.040635,0.001067,-0.002438,0.008178,-0.001268,-0.002107,0.000272,17,-0.048006,0.162965,9.941385,0.007114,0.123577,0.004014,9.945263,0.145969,0.127181,0.126163
27.170460,0.720000,-1.010000,1.500000,0.671314,-1.138575,1.576499,0.700791,-1.114551,1.572354,-0.037278,-0.002985,0.993396,-0.108474,0.332446,0.197370,0.040838,0.001066,-0.002438,0.008177,-0.001268,-0.002107,0.000272,17,-0.055637,0.120475,9.865958,-0.014096,0.004566,-0.005376,9.867484,0.064906,0.157333,0.128588
27.187074,0.725000,-1.008000,1.500000,0.642665,-1.130462,1.546952,0.701381,-1.111396,1.571156,-0.039652,-0.002997,0.996748,-0.070087,0.303366,0.198578,0.035031,0.001066,-0.002438,0.008179,-0.001268,-0.002107,0.000272,17,-0.011232,-0.181372,9.584386,-0.001507,-0.054944,0.009818,9.586786,0.079970,0.154856,0.127717
27.203634,0.729000,-1.005000,1.500000,0.719773,-1.090597,1.566051,0.706994,-1.107517,1.571459,-0.038266,-0.003657,0.997351,-0.061747,0.298271,0.201195,0.033209,0.001066,-0.002438,0.008180,-0.001268,-0.002107,0.000272,16,-0.086360,-0.019760,9.716920,-0.126308,-0.059053,0.005327,9.720316,0.145663,0.108512,0.126887
27.220299,0.736000,-1.001000,1.500000,0.694306,-1.067901,1.619706,0.708875,-1.101229,1.574480,-0.039983,-0.002938,0.999154,-0.009151,0.277984,0.211259,0.036863,0.001067,-0.002438,0.008173,-0.001268,-0.002107,0.000272,17,-0.185592,0.134375,9.938351,-0.115908,0.023929,-0.027618,9.942560,0.138469,0.143331,0.127784
27.253584,0.745000,-0.996000,1.501000,0.717739,-1.134074,1.463166,0.719101,-1.098534,1.569547,-0.039128,-0.005291,0.983339,-0.177441,0.260674,0.188078,0.026674,0.001066,-0.002438,0.008191,-0.001268,-0.002107,0.000272,34,-0.037270,-0.104544,9.702877,-0.101696,0.028673,0.018052,9.706028,0.132363,0.145736,0.126026
27.270140,0.752000,-0.991000,1.500000,0.739264,-1.084698,1.624962,0.724350,-1.094951,1.573054,-0.038798,-0.005994,0.982342,-0.182929,0.256447,0.181143,0.029087,0.001066,-0.002438,0.008182,-0.001268,-0.002107,0.000272,16,-0.050066,0.449030,9.806905,-0.138101,0.066729,-0.011875,9.818430,0.166063,0.156707,0.130028
27.303454,0.762000,-0.986000,1.501000,0.737916,-1.114765,1.594922,0.732245,-1.091497,1.575019,-0.038478,-0.007754,0.983544,-0.176355,0.232253,0.170499,0.028707,0.001066,-0.002438,0.008179,-0.001268,-0.002107,0.000272,34,-0.083508,-0.164876,9.808468,-0.040558,-0.033314,0.027734,9.818218,0.113585,0.161189,0.132264
27.320043,0.768000,-0.982000,1.501000,0.695387,-1.093065,1.520686,0.733124,-1.088529,1.572517,-0.039123,-0.008934,0.988045,-0.148852,0.211484,0.172720,0.023174,0.001066,-0.002438,0.008189,-0.001268,-0.002107,0.000272,17,-0.194551,-0.272473,9.685966,-0.133715,-0.082205,-0.016812,9.695159,0.170589,0.134148,0.132964
27.336662,0.773000,-0.979000,1.501000,0.769323,-1.073119,1.608841,0.739054,-1.085050,1.574812,-0.036605,-0.008351,0.984314,-0.172382,0.209444,0.166134,0.022838,0.001066,-0.002438,0.008182,-0.001268,-0.002107,0.000272,16,0.060494,0.178117,9.683717,-0.026070,-0.163380,-0.034851,9.686803,0.185157,0.143184,0.133593
27.353221,0.780000,-0.975000,1.501000,0.753072,-1.095944,1.553231,0.742980,-1.083923,1.573985,-0.035137,-0.008797,0.981972,-0.185524,0.204697,0.155666,0.020252,0.001066,-0.002438,0.008188,-0.001268,-0.002107,0.000272,17,-0.154744,0.063184,9.748893,-0.030864,-0.152103,0.020325,9.752044,0.164588,0.134464,0.136240
27.369867,0.785000,-0.972000,1.501000,0.742099,-1.055981,1.611817,0.746241,-1.079219,1.576301,-0.034287,-0.008140,0.983090,-0.179699,0.195416,0.159850,0.021101,0.001066,-0.002438,0.008179,-0.001268,-0.002107,0.000272,17,-0.083322,0.040898,9.737348,-0.044446,-0.090444,0.008948,9.739080,0.117454,0.145512,0.136633
27.386536,0.790000,-0.969000,1.501000,0.741979,-1.062061,1.601030,0.749030,-1.075208,1.577911,-0.033896,-0.008949,0.983567,-0.177108,0.186470,0.168200,0.022196,0.001067,-0.002438,0.008172,-0.001268,-0.002107,0.000272,17,-0.316802,-0.375536,9.793494,-0.168045,-0.028911,0.003499,9.808274,0.180471,0.144819,0.137383
27.403132,0.797000,-0.964000,1.501000,0.766297,-1.059258,1.577663,0.753313,-1.071702,1.578338,-0.033396,-0.009894,0.985349,-0.166955,0.183078,0.169296,0.022299,0.001067,-0.002438,0.008172,-0.001268,-0.002107,0.000272,17,-0.227201,-0.122485,9.816259,-0.110889,0.003020,-0.024968,9.820987,0.118999,0.126071,0.139605
27.419727,0.802000,-0.961000,1.501000,0.784867,-1.014787,1.587054,0.759143,-1.065527,1.579417,-0.031337,-0.008970,0.987532,-0.154008,0.184166,0.174908,0.024259,0.001067,-0.002438,0.008170,-0.001268,-0.002106,0.000272,16,-0.025270,0.185644,9.881994,-0.007592,-0.130450,0.009886,9.884380,0.148219,0.102916,0.137520
27.453033,0.814000,-0.953000,1.501000,0.793344,-1.077019,1.633972,0.766280,-1.060425,1.582495,-0.027489,-0.009101,0.991354,-0.127981,0.172013,0.158380,0.025175,0.001067,-0.002438,0.008156,-0.001268,-0.002106,0.000272,34,-0.039677,0.146433,9.776682,0.020848,-0.234933,0.009197,9.780383,0.250904,0.183000,0.143034
27.469640,0.819000,-0.949000,1.501000,0.786643,-1.066947,1.555860,0.770357,-1.059050,1.581626,-0.025742,-0.009276,0.993247,-0.112743,0.170368,0.152426,0.026860,0.001067,-0.002439,0.008166,-0.001268,-0.002106,0.000272,17,-0.212085,-0.096106,10.016556,0.065590,-0.195859,0.036798,10.023346,0.226218,0.134046,0.144836
27.486253,0.824000,-0.946000,1.501000,0.797019,-1.016932,1.620709,0.775226,-1.053771,1.584096,-0.023848,-0.008248,0.991200,-0.129948,0.170691,0.167504,0.031657,0.001067,-0.002438,0.008154,-0.001268,-0.002106,0.000272,16,-0.143830,-0.554432,9.945175,-0.051890,-0.129034,0.013233,9.962782,0.149814,0.141738,0.144562
27.502860,0.831000,-0.941000,1.501000,0.812699,-1.061333,1.513481,0.780395,-1.052631,1.581312,-0.022319,-0.011435,0.996649,-0.077855,0.173213,0.158696,0.029108,0.001067,-0.002439,0.008178,-0.001268,-0.002106,0.000272,17,-0.106275,-0.056834,9.908135,-0.148597,-0.133086,-0.030654,9.914690,0.207172,0.122355,0.146535
27.519553,0.835000,-0.938000,1.501000,0.795646,-1.065043,1.627963,0.783646,-1.051585,1.583821,-0.021510,-0.013518,0.998475,-0.049017,0.167658,0.147161,0.031541,0.001068,-0.002439,0.008165,-0.001268,-0.002106,0.000272,17,-0.016646,0.151290,9.832957,-0.119283,-0.108531,0.036673,9.838173,0.179537,0.183870,0.149659
27.536135,0.841000,-0.934000,1.501000,0.844527,-1.022182,1.637008,0.790482,-1.048010,1.586858,-0.019835,-0.012349,0.997364,-0.068694,0.175406,0.142137,0.035984,0.001068,-0.002439,0.008150,-0.001268,-0.002106,0.000272,17,-0.018143,0.283582,9.896939,0.037261,-0.061229,0.004588,9.901536,0.108035,0.162131,0.151400
27.552781,0.847000,-0.929000,1.501000,0.805674,-1.055473,1.551025,0.794480,-1.045901,1.585695,-0.019224,-0.013237,0.998227,-0.054749,0.171333,0.138178,0.032904,0.001068,-0.002440,0.008163,-0.001268,-0.002106,0.000272,16,0.008321,-0.239591,9.767508,-0.047635,-0.061214,-0.008214,9.772709,0.104902,0.142147,0.153615
27.569390,0.852000,-0.925000,1.501000,0.863498,-0.994444,1.490812,0.802257,-1.040501,1.582143,-0.015559,-0.010446,0.983257,-0.181255,0.189638,0.151377,0.026006,0.001068,-0.002439,0.008196,-0.001268,-0.002106,0.000272,17,-0.179397,-0.254942,9.652091,-0.215140,-0.154521,0.008559,9.661487,0.267047,0.071123,0.149663
27.602674,0.863000,-0.916000,1.501000,0.828935,-0.998168,1.540813,0.810907,-1.032839,1.580952,-0.010848,-0.009585,0.970855,-0.239230,0.192387,0.144279,0.018648,0.001068,-0.002439,0.008211,-0.001268,-0.002106,0.000272,34,0.076278,0.175382,9.653730,-0.105295,-0.184536,0.014898,9.660250,0.217952,0.097453,0.150855
27.619265,0.868000,-0.912000,1.501000,0.828508,-0.973554,1.515915,0.815887,-1.025978,1.578465,-0.006919,-0.007532,0.956669,-0.290996,0.201450,0.158595,0.015142,0.001068,-0.002438,0.008234,-0.001268,-0.002106,0.000272,17,-0.228152,-0.029659,9.787801,-0.143064,-0.284628,-0.012296,9.792861,0.323579,0.074639,0.147335
27.635868,0.872000,-0.907000,1.501000,0.857033,-1.004562,1.539740,0.822161,-1.022963,1.577050,-0.005031,-0.008189,0.958864,-0.283705,0.213777,0.157388,0.011175,0.001068,-0.002439,0.008251,-0.001268,-0.002106,0.000272,16,-0.260213,0.106567,9.686015,-0.081412,-0.148523,0.009096,9.693263,0.179610,0.106034,0.147360
27.652514,0.879000,-0.901000,1.500000,0.879679,-1.008751,1.652352,0.829378,-1.020524,1.580568,-0.003634,-0.009107,0.962411,-0.271422,0.229638,0.150423,0.015602,0.001070,-0.002439,0.008224,-0.001268,-0.002105,0.000272,17,-0.238467,0.375702,9.825377,-0.060791,-0.088005,0.005607,9.837622,0.123214,0.186606,0.152445
27.669174,0.883000,-0.897000,1.500000,0.896890,-0.988016,1.536570,0.837976,-1.017214,1.579016,-0.002211,-0.009699,0.963320,-0.268171,0.244825,0.144973,0.014598,0.001071,-0.002440,0.008244,-0.001267,-0.002105,0.000272,17,0.066419,0.278399,9.897096,-0.057446,-0.038067,-0.020156,9.902773,0.098753,0.099067,0.150738
27.685780,0.889000,-0.890000,1.500000,0.871341,-0.981746,1.496176,0.844506,-1.012404,1.575782,-0.000845,-0.008651,0.957614,-0.287923,0.258644,0.152794,0.011979,0.001070,-0.002440,0.008278,-0.001267,-0.002105,0.000272,17,-0.323627,0.052618,9.913501,-0.011274,-0.062993,-0.010287,9.920588,0.095539,0.093508,0.150682
27.702347,0.893000,-0.887000,1.500000,0.841103,-0.988002,1.573129,0.848592,-1.008341,1.575917,-0.001364,-0.006473,0.952354,-0.304922,0.261891,0.158673,0.012947,0.001070,-0.002440,0.008278,-0.001267,-0.002105,0.000272,16,-0.199881,0.099648,9.874472,0.165874,0.047405,0.006979,9.877323,0.177750,0.135065,0.149864
27.719031,0.897000,-0.881000,1.499000,0.901186,-0.980167,1.532714,0.856494,-1.005168,1.574400,-0.002868,-0.003813,0.954200,-0.299132,0.273300,0.157348,0.012633,0.001071,-0.002440,0.008297,-0.001267,-0.002104,0.000273,17,-0.061078,0.080514,9.928051,0.431801,0.148365,-0.001968,9.931098,0.458128,0.104825,0.150810
27.735647,0.903000,-0.875000,1.499000,0.923051,-0.931442,1.527236,0.865819,-0.997855,1.572945,-0.002936,0.000277,0.939641,-0.342149,0.282208,0.182503,0.011104,0.001073,-0.002440,0.008317,-0.001267,-0.002104,0.000272,17,0.018397,-0.529733,9.839525,0.318951,0.083229,0.006361,9.857499,0.334408,0.066220,0.148134
27.752227,0.907000,-0.870000,1.499000,0.847779,-0.985375,1.525524,0.868968,-0.991698,1.570756,-0.003827,0.002304,0.930977,-0.365051,0.278938,0.192266,0.008388,0.001070,-0.002443,0.008334,-0.001266,-0.002105,0.000272,17,-0.066589,0.030536,9.811722,0.191593,0.044672,-0.011588,9.813364,0.199362,0.132371,0.146308
27.768956,0.912000,-0.863000,1.498000,0.905256,-0.936683,1.402716,0.876749,-0.985755,1.564114,-0.003704,0.003842,0.929499,-0.368787,0.285294,0.197885,0.001747,0.001071,-0.002444,0.008406,-0.001266,-0.002104,0.000273,17,0.127129,0.055858,9.916612,0.165019,0.011862,-0.011660,9.918470,0.172794,0.120639,0.143814
27.785434,0.915000,-0.859000,1.499000,0.907002,-0.966841,1.503623,0.880128,-0.984672,1.561780,-0.003527,0.003808,0.934037,-0.357137,0.291181,0.197082,-0.000527,0.001071,-0.002445,0.008431,-0.001266,-0.002104,0.000273,4,0.044980,0.036490,9.970859,0.201839,0.027680,-0.010674,9.971245,0.204691,0.108235,0.144744
27.802071,0.920000,-0.853000,1.498000,0.922673,-0.903668,1.503724,0.888262,-0.976618,1.559649,-0.004009,0.006493,0.923087,-0.384516,0.304985,0.210519,0.001146,0.001074,-0.002441,0.008454,-0.001267,-0.002103,0.000273,17,-0.225216,0.252713,10.063602,0.241659,0.080128,0.000342,10.071959,0.263373,0.051060,0.141737
27.818767,0.925000,-0.846000,1.498000,0.878210,-0.996796,1.528383,0.892468,-0.974947,1.558419,-0.005818,0.006602,0.927572,-0.373540,0.304331,0.209078,0.003132,0.001073,-0.002441,0.008467,-0.001267,-0.002103,0.000273,17,-0.313109,0.005365,10.032007,0.133563,0.147529,0.019587,10.037563,0.204811,0.160786,0.146069
27.835367,0.928000,-0.841000,1.498000,0.923044,-0.892842,1.481157,0.896362,-0.969136,1.555676,-0.005624,0.007890,0.915631,-0.401904,0.310487,0.226544,0.001247,0.001074,-0.002441,0.008496,-0.001267,-0.002103,0.000273,5,-0.205114,0.153389,10.128497,0.158051,0.166885,-0.033930,10.132036,0.235299,0.054734,0.144036
27.851937,0.932000,-0.835000,1.498000,0.881567,-0.951038,1.513579,0.900102,-0.963713,1.553959,-0.007450,0.008050,0.927777,-0.372975,0.307994,0.235224,0.001260,0.001074,-0.002446,0.008511,-0.001266,-0.002103,0.000273,16,-0.341860,-0.067774,9.946157,0.159265,0.193566,0.000532,9.953338,0.254667,0.127479,0.143930
27.868550,0.937000,-0.829000,1.498000,0.965362,-0.901634,1.451954,0.908495,-0.957750,1.550192,-0.007870,0.008786,0.933002,-0.359679,0.320152,0.237531,-0.002402,0.001078,-0.002442,0.008555,-0.001267,-0.002101,0.000273,17,-0.038069,-0.080457,9.875541,0.143934,0.107301,-0.028139,9.876988,0.187144,0.090555,0.141821
27.885259,0.940000,-0.825000,1.498000,0.919927,-0.948804,1.530281,0.914121,-0.953662,1.549420,-0.008523,0.009439,0.933884,-0.357350,0.316655,0.243227,-0.003915,0.001079,-0.002442,0.008563,-0.001267,-0.002101,0.000273,17,-0.098978,-0.252033,9.785481,0.110019,0.050814,-0.043214,9.790820,0.140374,0.129508,0.140953
27.901873,0.944000,-0.819000,1.498000,0.944924,-0.921134,1.512507,0.921128,-0.948359,1.548019,-0.009014,0.010820,0.933646,-0.357921,0.318702,0.243317,-0.009850,0.001080,-0.002442,0.008579,-0.001267,-0.002100,0.000273,17,0.161490,0.276684,9.552958,0.183960,0.039736,-0.000159,9.560739,0.193672,0.103163,0.140566
27.918507,0.948000,-0.812000,1.498000,0.931692,-0.882341,1.498192,0.926779,-0.939825,1.546110,-0.008783,0.012441,0.923492,-0.383315,0.319304,0.259383,-0.015598,0.001081,-0.002443,0.008599,-0.001266,-0.002100,0.000273,17,-0.126558,0.255323,9.583320,0.121024,-0.041691,0.003604,9.593432,0.138967,0.072207,0.138217
27.935127,0.952000,-0.807000,1.498000,0.907749,-0.856556,1.444795,0.934025,-0.930966,1.542415,-0.009432,0.014306,0.922895,-0.384670,0.315524,0.277369,-0.019196,0.001082,-0.002445,0.008640,-0.001267,-0.002099,0.000273,16,-0.308658,0.206829,9.835978,0.061898,0.052260,-0.022634,9.844563,0.101560,0.085116,0.132904
27.951762,0.956000,-0.800000,1.498000,0.909500,-0.885643,1.563902,0.933881,-0.921555,1.542797,-0.011010,0.013863,0.908209,-0.418143,0.311097,0.295153,-0.020843,0.001082,-0.002441,0.008629,-0.001267,-0.002099,0.000273,17,-0.261108,-0.027947,9.675424,0.033230,0.207002,-0.004762,9.680485,0.218401,0.117644,0.131422
27.968418,0.960000,-0.795000,1.497000,0.960394,-0.857308,1.513706,0.940100,-0.914512,1.541561,-0.012191,0.013325,0.909221,-0.415922,0.314459,0.304281,-0.020569,0.001085,-0.002440,0.008637,-0.001267,-0.002098,0.000273,13,-0.056193,0.088625,9.971832,-0.018585,0.302693,0.010851,9.972882,0.306269,0.064510,0.129092
27.985013,0.963000,-0.789000,1.497000,0.982136,-0.845516,1.463571,0.948758,-0.906532,1.538647,-0.013551,0.012650,0.915521,-0.401843,0.321584,0.309400,-0.021453,0.001090,-0.002439,0.008674,-0.001268,-0.002096,0.000273,17,0.003283,0.308797,9.915571,0.006083,0.268000,-0.002173,9.922211,0.272391,0.068394,0.125504
28.001572,0.968000,-0.783000,1.497000,0.985226,-0.889778,1.563808,0.956086,-0.901634,1.539274,-0.014871,0.012781,0.921915,-0.386896,0.323817,0.302874,-0.022019,0.001093,-0.002438,0.008662,-0.001268,-0.002096,0.000273,16,0.254053,0.393512,9.702839,0.098731,0.178364,-0.039733,9.717056,0.214508,0.127128,0.126503
28.018198,0.970000,-0.780000,1.497000,0.977039,-0.886610,1.494607,0.962709,-0.896725,1.537339,-0.016238,0.014119,0.925866,-0.377239,0.324441,0.299715,-0.024372,0.001094,-0.002438,0.008684,-0.001268,-0.002095,0.000273,17,0.067986,0.331248,9.777104,0.223848,0.113270,-0.020307,9.783936,0.255823,0.106869,0.123714
28.034926,0.975000,-0.773000,1.497000,0.995901,-0.855300,1.463718,0.968951,-0.889513,1.534348,-0.016045,0.015319,0.924743,-0.379946,0.321000,0.308494,-0.028450,0.001096,-0.002439,0.008720,-0.001268,-0.002094,0.000273,17,-0.017628,-0.159634,9.772672,0.128786,-0.025945,0.016717,9.775295,0.142699,0.091202,0.122503
28.051495,0.978000,-0.768000,1.497000,0.969986,-0.839467,1.536970,0.973623,-0.881089,1.534071,-0.016363,0.017091,0.916581,-0.399149,0.314813,0.321571,-0.027038,0.001098,-0.002439,0.008716,-0.001268,-0.002093,0.000273,17,-0.119222,0.041623,9.896237,0.183644,-0.032086,-0.045753,9.897729,0.199481,0.082276,0.119091
28.068099,0.983000,-0.762000,1.497000,0.950555,-0.838869,1.528168,0.978082,-0.873360,1.533535,-0.017256,0.018380,0.908722,-0.416639,0.303242,0.330338,-0.027575,0.001098,-0.002437,0.008714,-0.001268,-0.002093,0.000273,16,0.097709,0.130320,9.799809,0.149752,0.025667,0.010960,9.805143,0.168276,0.089067,0.117303
28.084690,0.986000,-0.757000,1.497000,1.009350,-0.826998,1.495849,0.985170,-0.866168,1.531772,-0.016756,0.018486,0.910759,-0.412184,0.298094,0.339875,-0.028388,0.001102,-0.002436,0.008729,-0.001269,-0.002092,0.000274,17,0.050795,-0.263549,9.917993,-0.008633,-0.004647,0.022113,9.922171,0.094079,0.073799,0.114575
28.101326,0.991000,-0.750000,1.497000,0.983268,-0.871204,1.497670,0.989625,-0.861314,1.530105,-0.015838,0.017534,0.911747,-0.410071,0.290234,0.343468,-0.027742,0.001100,-0.002436,0.008748,-0.001269,-0.002092,0.000274,17,-0.092082,-0.104074,9.952002,-0.146503,-0.066148,-0.003132,9.954612,0.177356,0.121452,0.116141
28.118005,0.995000,-0.746000,1.497000,0.978634,-0.812801,1.455455,0.993456,-0.852648,1.527065,-0.014863,0.017259,0.904901,-0.425012,0.284669,0.351628,-0.026931,0.001101,-0.002437,0.008785,-0.001269,-0.002091,0.000273,17,-0.042173,0.229290,10.047566,-0.101456,-0.082060,-0.029849,10.051779,0.145795,0.080350,0.110816
28.136665,0.999000,-0.740000,1.498000,0.995882,-0.817087,1.505246,0.999139,-0.843710,1.526179,-0.014256,0.017913,0.906236,-0.422152,0.269782,0.366293,-0.024977,0.001105,-0.002450,0.008795,-0.001264,-0.002090,0.000273,19,-0.237855,0.286790,10.003105,-0.024586,-0.069428,-0.005377,10.012851,0.090927,0.077489,0.107470
28.153287,1.005000,-0.733000,1.498000,0.972990,-0.863058,1.534548,1.001796,-0.839491,1.525910,-0.013980,0.017612,0.908036,-0.418288,0.273224,0.362042,-0.022191,0.001101,-0.002437,0.008793,-0.001269,-0.002091,0.000273,16,-0.162382,0.185038,9.885139,-0.043890,-0.069297,-0.029835,9.892071,0.094009,0.138836,0.110134
28.169917,1.008000,-0.730000,1.498000,1.023048,-0.808947,1.597023,1.007103,-0.832247,1.528144,-0.013244,0.018101,0.907484,-0.419488,0.275097,0.364440,-0.019073,0.001105,-0.002436,0.008750,-0.001269,-0.002090,0.000273,17,-0.026997,0.465806,9.814233,0.007852,-0.086267,-0.027477,9.826762,0.118425,0.127533,0.106602
28.186540,1.011000,-0.726000,1.499000,0.956141,-0.792833,1.509788,1.008094,-0.823338,1.527192,-0.012672,0.017949,0.893110,-0.449301,0.265183,0.376032,-0.021789,0.001103,-0.002434,0.008756,-0.001269,-0.002091,0.000273,17,-0.232212,0.197502,9.692659,-0.088286,-0.074696,-0.011336,9.698950,0.133609,0.087135,0.101380
28.203215,1.014000,-0.722000,1.499000,1.028197,-0.746224,1.608830,1.013996,-0.812865,1.529378,-0.011068,0.018442,0.905015,-0.424835,0.272605,0.385216,-0.019153,0.001116,-0.002430,0.008693,-0.001271,-0.002087,0.000273,17,-0.044413,0.441362,9.780704,-0.005369,-0.084229,-0.017032,9.793765,0.116349,0.113363,0.095809
28.219793,1.018000,-0.715000,1.498000,0.976161,-0.799854,1.474828,1.015664,-0.805546,1.527119,-0.010630,0.019665,0.896912,-0.441644,0.267395,0.386690,-0.021814,0.001113,-0.002429,0.008724,-0.001271,-0.002087,0.000273,17,-0.035493,0.499209,9.777283,0.084102,-0.134201,0.016173,9.792098,0.169353,0.097404,0.095142
28.236346,1.022000,-0.710000,1.499000,1.020910,-0.810781,1.598539,1.019525,-0.799892,1.529265,-0.010145,0.019695,0.895666,-0.444174,0.258009,0.387814,-0.020138,0.001113,-0.002429,0.008681,-0.001271,-0.002088,0.000273,16,0.204520,-0.072124,9.755648,-0.024685,-0.068357,0.029358,9.770557,0.092981,0.141655,0.094882
28.253075,1.026000,-0.706000,1.499000,0.995273,-0.806059,1.441657,1.021898,-0.794188,1.525843,-0.010049,0.019471,0.891832,-0.451836,0.246511,0.392353,-0.023991,0.001109,-0.002430,0.008735,-0.001271,-0.002089,0.000273,17,-0.025565,-0.199728,9.811331,-0.039251,-0.029052,-0.023302,9.816048,0.083098,0.119349,0.092274
28.269655,1.031000,-0.700000,1.499000,1.026444,-0.767747,1.556741,1.026051,-0.786497,1.526556,-0.009718,0.019518,0.892088,-0.451335,0.239505,0.399940,-0.025619,0.001112,-0.002428,0.008713,-0.001272,-0.002088,0.000273,17,0.042681,-0.110164,9.656674,-0.022073,-0.020181,0.031241,9.658322,0.066934,0.089132,0.090915
28.286358,1.034000,-0.696000,1.500000,1.023864,-0.773736,1.493730,1.029732,-0.779443,1.524987,-0.009075,0.019271,0.891681,-0.452164,0.230351,0.408592,-0.027844,0.001112,-0.002428,0.008733,-0.001272,-0.002088,0.000273,17,-0.063384,-0.287000,9.774948,-0.066390,-0.055654,0.005329,9.782833,0.100206,0.078644,0.087209
28.302860,1.037000,-0.692000,1.500000,1.097075,-0.781348,1.557293,1.037224,-0.774171,1.525735,-0.008155,0.018071,0.901306,-0.432729,0.238833,0.410906,-0.027017,0.001114,-0.002431,0.008716,-0.001271,-0.002087,0.000273,16,-0.162819,0.224302,9.782485,-0.150089,-0.017846,-0.015103,9.788199,0.161546,0.121961,0.086107
28.319474,1.042000,-0.686000,1.500000,1.071243,-0.781790,1.479345,1.042946,-0.768844,1.523727,-0.006738,0.015840,0.906694,-0.421438,0.241298,0.412614,-0.028876,0.001113,-0.002434,0.008749,-0.001270,-0.002087,0.000273,17,-0.116643,0.095076,9.812058,-0.298977,-0.040978,-0.021505,9.813832,0.304506,0.102262,0.086180
28.336225,1.045000,-0.682000,1.500000,1.014884,-0.767195,1.527486,1.044887,-0.761902,1.523363,-0.006315,0.014072,0.902675,-0.430046,0.234977,0.416722,-0.029656,0.001111,-0.002432,0.008745,-0.001270,-0.002088,0.000273,17,-0.111877,0.073349,9.764906,-0.238290,0.029479,-0.012720,9.766846,0.243189,0.094449,0.083248
28.352787,1.049000,-0.678000,1.500000,1.082286,-0.755729,1.575993,1.050567,-0.755375,1.524707,-0.005939,0.012857,0.906275,-0.422452,0.237470,0.419027,-0.030762,0.001114,-0.002434,0.008711,-0.001270,-0.002087,0.000273,17,-0.060490,0.109531,9.619108,-0.143316,0.028988,-0.010914,9.620486,0.171147,0.113687,0.081239
28.369378,1.053000,-0.671000,1.500000,1.025641,-0.750788,1.434103,1.052820,-0.748709,1.521095,-0.005401,0.012164,0.903870,-0.427601,0.232495,0.421879,-0.035981,0.001111,-0.002433,0.008771,-0.001270,-0.002088,0.000273,16,-0.070175,0.041934,9.702792,-0.118781,-0.032856,0.031397,9.709722,0.140980,0.107038,0.080521
28.385982,1.056000,-0.668000,1.500000,1.019798,-0.783030,1.499820,1.054038,-0.744026,1.519728,-0.004408,0.011337,0.900135,-0.435441,0.228565,0.414720,-0.037000,0.001103,-0.002434,0.008787,-0.001269,-0.002091,0.000273,17,0.098817,0.438996,9.790947,-0.154524,-0.099370,0.027205,9.806074,0.196086,0.120592,0.078568
28.402627,1.060000,-0.663000,1.500000,1.080437,-0.751183,1.577873,1.058678,-0.738179,1.521130,-0.003334,0.010116,0.901372,-0.432914,0.230419,0.417143,-0.035513,0.001103,-0.002437,0.008749,-0.001269,-0.002091,0.000273,17,-0.182964,0.064564,9.777356,-0.177230,-0.059147,0.017358,9.781134,0.191438,0.119407,0.078103
28.419304,1.064000,-0.658000,1.501000,1.034175,-0.750796,1.557671,1.060601,-0.732099,1.521769,-0.001914,0.009116,0.898973,-0.437905,0.225868,0.416100,-0.033930,0.001099,-0.002435,0.008723,-0.001269,-0.002093,0.000273,17,0.033883,0.143342,9.828804,-0.199397,-0.119926,-0.021739,9.830412,0.237504,0.112749,0.077030
28.435883,1.068000,-0.650000,1.500000,1.049480,-0.716178,1.444944,1.063827,-0.724659,1.518635,-0.001090,0.008847,0.898635,-0.438606,0.229498,0.419275,-0.034649,0.001098,-0.002434,0.008775,-0.001270,-0.002093,0.000273,17,-0.223655,0.304345,9.937994,-0.081389,-0.075011,-0.023483,9.947591,0.127551,0.088055,0.077062
28.469111,1.075000,-0.641000,1.501000,1.119497,-0.747227,1.575004,1.073506,-0.713628,1.519546,-0.001003,0.009512,0.900050,-0.435681,0.235005,0.412551,-0.030878,0.001096,-0.002444,0.008738,-0.001266,-0.002094,0.000273,33,0.065403,0.226922,9.861389,0.052057,-0.031779,0.018338,9.866005,0.119744,0.136897,0.074973
28.485757,1.078000,-0.637000,1.501000,1.073002,-0.691168,1.501858,1.077330,-0.705900,1.518453,-0.000060,0.009032,0.900129,-0.435531,0.235400,0.420526,-0.032317,0.001098,-0.002441,0.008749,-0.001267,-0.002093,0.000273,17,-0.222601,-0.028826,9.772468,-0.110261,-0.069067,-0.032411,9.781550,0.140797,0.054405,0.071080
28.502405,1.082000,-0.633000,1.501000,1.013914,-0.712660,1.514122,1.077294,-0.699042,1.517736,-0.000235,0.008868,0.896599,-0.442754,0.226412,0.423132,-0.031416,0.001091,-0.002434,0.008749,-0.001270,-0.002096,0.000273,17,-0.014584,-0.001953,9.883305,-0.044607,0.006957,0.010009,9.886855,0.092328,0.105610,0.068292
28.519012,1.085000,-0.626000,1.500000,1.083251,-0.708237,1.527949,1.080803,-0.693319,1.517602,-0.000803,0.009549,0.895826,-0.444302,0.230699,0.423894,-0.031097,0.001089,-0.002437,0.008743,-0.001269,-0.002097,0.000273,16,-0.237219,0.281663,9.810695,0.114183,0.016316,0.004168,9.818069,0.122830,0.086874,0.069708
28.535581,1.087000,-0.624000,1.501000,1.057681,-0.712863,1.495150,1.082778,-0.687907,1.516292,-0.001326,0.010753,0.893677,-0.448580,0.230080,0.422915,-0.032732,0.001082,-0.002437,0.008761,-0.001268,-0.002100,0.000272,17,-0.122279,0.253518,9.758702,0.159512,-0.025324,0.010598,9.764576,0.170781,0.093758,0.065847
28.552297,1.092000,-0.617000,1.501000,1.102824,-0.689690,1.540044,1.087243,-0.681670,1.516580,-0.001415,0.010976,0.893332,-0.449260,0.233606,0.422595,-0.032679,0.001081,-0.002440,0.008744,-0.001267,-0.002100,0.000272,17,-0.053405,0.277371,9.758958,0.041530,-0.006936,0.014885,9.763566,0.066194,0.083219,0.066690
28.568959,1.094000,-0.611000,1.501000,1.099311,-0.675536,1.521771,1.091478,-0.674839,1.516246,-0.001034,0.010101,0.893388,-0.449172,0.231210,0.426691,-0.032907,0.001082,-0.002441,0.008740,-0.001267,-0.002100,0.000272,17,-0.022622,-0.105268,9.796666,-0.112081,0.006360,-0.002767,9.801996,0.118247,0.068004,0.065683
28.585541,1.098000,-0.604000,1.500000,1.127675,-0.715189,1.621442,1.096256,-0.670635,1.519279,-0.000900,0.009123,0.892207,-0.451533,0.232705,0.425569,-0.029795,0.001076,-0.002451,0.008661,-0.001263,-0.002103,0.000272,17,-0.142089,-0.004090,9.776957,-0.089910,0.020673,-0.039443,9.780861,0.109713,0.167308,0.069390
28.602111,1.101000,-0.601000,1.500000,1.100387,-0.643595,1.558960,1.100090,-0.662629,1.520189,-0.000273,0.008905,0.892666,-0.450630,0.232929,0.431013,-0.029443,0.001080,-0.002448,0.008627,-0.001264,-0.002101,0.000272,16,-0.071513,0.051488,9.745966,-0.069874,-0.048949,0.004374,9.748185,0.104849,0.072739,0.064859
28.618759,1.104000,-0.594000,1.501000,1.089779,-0.670978,1.490940,1.103016,-0.656425,1.518709,0.000095,0.008328,0.892385,-0.451199,0.233024,0.432859,-0.029792,0.001076,-0.002448,0.008651,-0.001264,-0.002103,0.000272,17,-0.168509,0.098400,9.854630,-0.082158,-0.022815,0.022530,9.861074,0.099519,0.078924,0.064896
28.635433,1.107000,-0.590000,1.501000,1.100688,-0.643461,1.451749,1.106696,-0.649087,1.515986,0.000599,0.006935,0.892406,-0.451179,0.235267,0.435028,-0.031228,0.001076,-0.002447,0.008705,-0.001264,-0.002103,0.000272,17,-0.092075,0.191433,9.874269,-0.182275,0.019077,-0.003589,9.878002,0.207162,0.072963,0.060959
28.652044,1.110000,-0.586000,1.501000,1.107133,-0.669105,1.488609,1.110137,-0.643478,1.514539,0.000340,0.006136,0.891954,-0.452084,0.230126,0.435184,-0.031479,0.001070,-0.002451,0.008730,-0.001262,-0.002106,0.000272,17,0.062778,-0.217462,9.861434,-0.068102,0.054398,-0.006093,9.866026,0.101086,0.084072,0.059051
28.668624,1.113000,-0.579000,1.500000,1.112628,-0.616083,1.543620,1.113855,-0.635329,1.515055,0.000655,0.005970,0.892468,-0.451072,0.229479,0.442264,-0.030847,0.001074,-0.002447,0.008703,-0.001264,-0.002104,0.000272,16,-0.142695,-0.116480,9.791104,-0.046702,-0.018523,-0.022172,9.794790,0.070471,0.057254,0.058312
28.685246,1.116000,-0.573000,1.500000,1.120263,-0.657277,1.480047,1.117453,-0.629971,1.513379,-0.000346,0.006648,0.892092,-0.451804,0.231672,0.442884,-0.030944,0.001068,-0.002452,0.008735,-0.001262,-0.002106,0.000272,17,-0.219589,0.075469,9.884090,0.139431,0.055967,-0.014224,9.887903,0.152420,0.086711,0.058539
28.701941,1.120000,-0.566000,1.500000,1.127263,-0.626173,1.555176,1.121368,-0.622887,1.514300,-0.001627,0.007296,0.891895,-0.452180,0.227709,0.451019,-0.028421,0.001068,-0.002453,0.008700,-0.001261,-0.002106,0.000272,17,-0.217271,-0.383036,9.889032,0.141322,0.100061,0.040380,9.899828,0.181573,0.081963,0.058672
28.718499,1.122000,-0.562000,1.500000,1.122378,-0.660456,1.481783,1.124563,-0.617990,1.512714,-0.002818,0.007982,0.892057,-0.451843,0.226379,0.453370,-0.029258,0.001057,-0.002459,0.008732,-0.001258,-0.002111,0.000272,17,-0.318147,-0.142236,9.836770,0.149432,0.067724,-0.037411,9.844187,0.182190,0.100128,0.057473
28.735176,1.125000,-0.556000,1.500000,1.107062,-0.665188,1.545042,1.126611,-0.613132,1.513242,-0.004574,0.009219,0.893202,-0.449539,0.223547,0.456606,-0.028426,0.001043,-0.002462,0.008708,-0.001258,-0.002117,0.000272,17,-0.414620,-0.116527,9.806132,0.228651,0.085855,-0.012202,9.817086,0.248801,0.119468,0.058669
28.751702,1.127000,-0.551000,1.500000,1.132108,-0.635700,1.497162,1.129968,-0.607560,1.512240,-0.006016,0.009909,0.892569,-0.450761,0.219135,0.459295,-0.027775,0.001036,-0.002467,0.008725,-0.001255,-0.002121,0.000272,16,-0.156774,-0.217770,9.900267,0.168527,0.107718,0.014634,9.905327,0.206041,0.084901,0.057945
28.785009,1.133000,-0.538000,1.499000,1.122395,-0.630319,1.481828,1.135912,-0.594317,1.510320,-0.009296,0.011921,0.893269,-0.449269,0.207781,0.466097,-0.025747,0.001024,-0.002470,0.008756,-0.001254,-0.002126,0.000272,34,-0.136772,-0.165971,9.916702,0.198987,0.110759,-0.004072,9.921989,0.233176,0.094499,0.057518
28.801627,1.136000,-0.532000,1.499000,1.152858,-0.604121,1.481945,1.139961,-0.587816,1.508896,-0.009717,0.011530,0.891628,-0.452517,0.204651,0.464007,-0.029788,0.001020,-0.002477,0.008785,-0.001250,-0.002128,0.000271,17,0.084781,0.074523,9.634881,-0.004900,0.058636,-0.010076,9.640492,0.094410,0.076004,0.056824
28.818206,1.139000,-0.525000,1.499000,1.141918,-0.587435,1.579481,1.142856,-0.580711,1.510809,-0.010341,0.011037,0.892453,-0.450887,0.203448,0.464494,-0.028784,0.001019,-0.002476,0.008719,-0.001251,-0.002128,0.000271,16,-0.097601,0.220974,9.719159,-0.024872,0.092197,-0.029284,9.723880,0.113023,0.101901,0.057079
28.834830,1.141000,-0.521000,1.500000,1.128193,-0.611938,1.602544,1.144480,-0.575053,1.513385,-0.011841,0.011548,0.894835,-0.446090,0.197991,0.461927,-0.025687,0.001007,-0.002475,0.008637,-0.001252,-0.002134,0.000271,17,-0.036097,0.136014,9.811045,0.123863,0.112362,-0.045747,9.812894,0.189851,0.137655,0.055795
28.851498,1.144000,-0.515000,1.500000,1.138258,-0.584949,1.480761,1.147068,-0.568454,1.511855,-0.012460,0.013014,0.895194,-0.445311,0.190254,0.461707,-0.026776,0.001001,-0.002476,0.008668,-0.001251,-0.002136,0.000271,17,0.064792,-0.068189,9.826990,0.195322,-0.022110,-0.012176,9.828234,0.201912,0.072773,0.054838
28.868116,1.147000,-0.508000,1.499000,1.119158,-0.558721,1.549676,1.148314,-0.560244,1.512677,-0.012762,0.013730,0.898644,-0.438277,0.177407,0.466626,-0.024817,0.000999,-0.002466,0.008630,-0.001256,-0.002137,0.000272,17,0.070313,-0.276890,9.868503,0.071904,-0.011227,0.041255,9.876345,0.114110,0.076915,0.054020
28.884703,1.150000,-0.502000,1.499000,1.191284,-0.576152,1.565185,1.152915,-0.554581,1.514056,-0.012061,0.012699,0.894472,-0.446781,0.178509,0.463313,-0.021282,0.000996,-0.002479,0.008586,-0.001250,-0.002138,0.000271,16,-0.023886,0.269106,9.922856,-0.126722,-0.025879,0.001087,9.927848,0.140935,0.107626,0.054772
28.901348,1.153000,-0.494000,1.499000,1.111098,-0.552881,1.450938,1.153445,-0.547069,1.511608,-0.011698,0.012489,0.898380,-0.438885,0.176587,0.466262,-0.021049,0.000990,-0.002470,0.008642,-0.001254,-0.002142,0.000272,17,-0.304726,0.300636,9.958928,-0.071475,-0.046461,-0.037115,9.969612,0.120667,0.086791,0.054548
28.917997,1.156000,-0.489000,1.500000,1.133711,-0.570463,1.565045,1.154661,-0.540870,1.513014,-0.011567,0.013090,0.899730,-0.436097,0.170309,0.465853,-0.015736,0.000979,-0.002468,0.008593,-0.001256,-0.002147,0.000272,17,-0.069315,0.094154,10.037977,0.048043,-0.067707,0.041947,10.040645,0.108959,0.106601,0.053494
28.934662,1.158000,-0.484000,1.500000,1.137720,-0.572936,1.546578,1.155899,-0.535103,1.513821,-0.010453,0.013045,0.899976,-0.435619,0.156857,0.468097,-0.012632,0.000966,-0.002468,0.008564,-0.001255,-0.002153,0.000272,17,0.048778,-0.407317,9.959712,-0.063273,-0.141497,0.027529,9.969186,0.168856,0.102422,0.052980
28.951243,1.162000,-0.477000,1.500000,1.162248,-0.543930,1.574992,1.158220,-0.528567,1.515629,-0.009309,0.012645,0.899458,-0.436725,0.149328,0.469342,-0.010259,0.000962,-0.002471,0.008508,-0.001254,-0.002155,0.000272,16,0.086964,-0.163041,9.848649,-0.106888,-0.117599,-0.035530,9.854009,0.172924,0.100516,0.054016
28.967843,1.164000,-0.471000,1.500000,1.119082,-0.545343,1.543511,1.158028,-0.521808,1.516305,-0.008687,0.012526,0.903211,-0.428927,0.141157,0.470032,-0.010462,0.000950,-0.002463,0.008481,-0.001258,-0.002161,0.000272,17,0.024476,0.015906,9.752330,-0.072719,-0.092716,-0.024495,9.753624,0.129873,0.097148,0.053693
28.984518,1.167000,-0.466000,1.500000,1.152912,-0.540257,1.478805,1.159839,-0.515715,1.514861,-0.007612,0.011916,0.901231,-0.433108,0.137832,0.468550,-0.013576,0.000942,-0.002467,0.008519,-0.001256,-0.002165,0.000272,17,-0.011478,0.115760,9.700880,-0.113766,-0.097843,0.015016,9.702630,0.159124,0.078498,0.052380
29.001144,1.170000,-0.459000,1.500000,1.133583,-0.517585,1.502766,1.160501,-0.508199,1.514214,-0.006754,0.011536,0.903857,-0.427626,0.137542,0.470814,-0.014131,0.000936,-0.002461,0.008530,-0.001259,-0.002168,0.000272,17,-0.223402,0.274636,9.802753,-0.100812,-0.088661,-0.022299,9.809540,0.141929,0.069037,0.052085
29.017767,1.173000,-0.453000,1.500000,1.146359,-0.530833,1.547606,1.161652,-0.501831,1.515044,-0.006999,0.011592,0.903320,-0.428753,0.136225,0.472115,-0.010783,0.000924,-0.002461,0.008500,-0.001259,-0.002173,0.000272,17,-0.230301,0.150994,9.951666,0.015624,0.007201,-0.002929,9.956021,0.084180,0.095048,0.052341
29.034338,1.175000,-0.448000,1.500000,1.189810,-0.556820,1.573807,1.164871,-0.498250,1.516726,-0.007348,0.012146,0.894221,-0.447401,0.134217,0.468554,-0.010202,0.000908,-0.002478,0.008451,-0.001250,-0.002181,0.000271,16,-0.091563,0.001945,9.736625,0.111010,-0.000158,0.025057,9.739151,0.142091,0.132320,0.053921
29.050932,1.178000,-0.440000,1.500000,1.167715,-0.493268,1.529146,1.166886,-0.490878,1.516950,-0.007222,0.012134,0.893936,-0.447972,0.128416,0.468421,-0.011592,0.000907,-0.002478,0.008439,-0.001250,-0.002181,0.000271,17,0.185325,-0.029098,9.706738,-0.004980,-0.018664,0.041949,9.712248,0.146231,0.061585,0.054767
29.067644,1.181000,-0.435000,1.501000,1.156322,-0.496816,1.551598,1.168053,-0.483716,1.517856,-0.006554,0.011196,0.895242,-0.445392,0.123387,0.470438,-0.010443,0.000902,-0.002476,0.008405,-0.001251,-0.002184,0.000271,17,-0.013708,-0.016993,9.822512,-0.143048,-0.033594,-0.022467,9.825130,0.159852,0.083608,0.053151
29.084216,1.183000,-0.429000,1.501000,1.182024,-0.498538,1.543936,1.170576,-0.477358,1.518502,-0.006508,0.011403,0.892165,-0.451518,0.123949,0.468935,-0.010306,0.000896,-0.002483,0.008383,-0.001247,-0.002187,0.000271,17,-0.060493,0.221264,9.769142,0.024848,-0.021333,-0.035791,9.773242,0.093185,0.081732,0.052907
29.100905,1.186000,-0.422000,1.501000,1.232966,-0.474543,1.553531,1.174787,-0.470086,1.519430,-0.006615,0.011533,0.908083,-0.418579,0.128451,0.474763,-0.010571,0.000900,-0.002479,0.008355,-0.001250,-0.002184,0.000270,17,-0.240030,-0.202580,9.749132,0.026448,-0.009372,0.023550,9.755837,0.064301,0.087898,0.052704
29.117428,1.188000,-0.416000,1.501000,1.166158,-0.502682,1.487540,1.175676,-0.463998,1.518245,-0.007285,0.012361,0.905267,-0.424601,0.119561,0.476157,-0.012375,0.000883,-0.002503,0.008389,-0.001238,-0.002193,0.000270,16,0.023606,-0.022680,9.775414,0.134126,0.015786,-0.019545,9.777957,0.160994,0.090399,0.052470
29.134137,1.192000,-0.408000,1.501000,1.147683,-0.469859,1.679985,1.175397,-0.456184,1.523144,-0.008235,0.013590,0.910757,-0.412638,0.118413,0.476105,-0.008413,0.000875,-0.002493,0.008229,-0.001245,-0.002197,0.000271,17,-0.084135,0.417424,9.733575,0.169110,0.027108,-0.031209,9.744816,0.176946,0.194490,0.055567
29.150720,1.194000,-0.404000,1.501000,1.198866,-0.457590,1.493588,1.178559,-0.449304,1.522059,-0.008773,0.015029,0.907002,-0.420767,0.120165,0.476337,-0.010519,0.000875,-0.002501,0.008260,-0.001240,-0.002197,0.000270,17,-0.122528,0.257116,9.736702,0.201914,-0.010628,-0.011030,9.742357,0.213834,0.054319,0.052291
29.183937,1.198000,-0.392000,1.501000,1.175525,-0.473661,1.536995,1.181684,-0.435911,1.522148,-0.008503,0.016041,0.905448,-0.424069,0.113901,0.471844,-0.010040,0.000858,-0.002507,0.008248,-0.001237,-0.002205,0.000270,33,0.093743,0.246419,9.814189,0.051671,-0.051405,0.016355,9.821255,0.122458,0.092029,0.051397
29.200555,1.201000,-0.383000,1.500000,1.210412,-0.475647,1.622466,1.184505,-0.431105,1.525232,-0.008337,0.017266,0.900470,-0.434496,0.116771,0.465608,-0.006260,0.000844,-0.002521,0.008149,-0.001229,-0.002212,0.000270,17,-0.005484,0.515977,9.836352,0.144095,-0.095112,-0.004107,9.851200,0.184510,0.153851,0.056770
29.217254,1.203000,-0.378000,1.501000,1.224935,-0.434290,1.535553,1.188563,-0.424556,1.525483,-0.007859,0.018059,0.894277,-0.447080,0.114568,0.472089,-0.007789,0.000846,-0.002534,0.008141,-0.001222,-0.002211,0.000269,17,-0.192725,-0.176924,9.714118,0.076255,-0.095377,0.059861,9.719765,0.165138,0.069596,0.054546
29.233862,1.207000,-0.371000,1.501000,1.222607,-0.489931,1.648992,1.191343,-0.420765,1.529309,-0.007332,0.016801,0.889585,-0.456401,0.107625,0.476748,-0.004070,0.000822,-0.002555,0.008020,-0.001211,-0.002223,0.000268,17,-0.258140,-0.418031,9.821543,-0.144017,-0.014700,-0.012870,9.835545,0.171376,0.190498,0.059355
29.250420,1.209000,-0.365000,1.501000,1.189445,-0.410932,1.603108,1.192524,-0.412935,1.531653,-0.006532,0.015766,0.891547,-0.452606,0.103347,0.481620,0.001273,0.000823,-0.002551,0.007941,-0.001214,-0.002222,0.000269,16,-0.052392,0.002855,10.006447,-0.168720,-0.033052,-0.088726,10.007356,0.211785,0.113658,0.059235
29.267023,1.211000,-0.357000,1.501000,1.246637,-0.456471,1.535983,1.195853,-0.409042,1.531750,-0.006743,0.015395,0.899295,-0.437020,0.110151,0.480728,0.004323,0.000814,-0.002558,0.007945,-0.001211,-0.002227,0.000268,17,-0.249372,0.091257,10.008983,-0.015024,0.029546,0.009958,10.015039,0.068447,0.111303,0.062317
29.283796,1.213000,-0.351000,1.501000,1.219553,-0.396328,1.643503,1.198304,-0.402792,1.535409,-0.007074,0.015269,0.897511,-0.440670,0.108919,0.484358,0.009026,0.000820,-0.002560,0.007829,-0.001210,-0.002223,0.000268,13,-0.049503,0.033643,9.906836,0.012891,0.068619,0.026050,9.908334,0.126445,0.149682,0.063893
29.300358,1.215000,-0.346000,1.502000,1.209633,-0.444195,1.563714,1.198690,-0.403744,1.536263,-0.007009,0.014977,0.896551,-0.442633,0.107716,0.481094,0.009876,0.000806,-0.002570,0.007805,-0.001205,-0.002231,0.000268,3,0.163270,-0.183403,9.839048,-0.159051,-0.012804,0.030824,9.842589,0.167603,0.116102,0.069096
29.317003,1.218000,-0.340000,1.502000,1.216145,-0.393134,1.645200,1.200976,-0.396040,1.539822,-0.006384,0.015661,0.895644,-0.444450,0.105658,0.484349,0.015809,0.000810,-0.002571,0.007697,-0.001205,-0.002228,0.000268,16,-0.017271,0.079373,9.979495,0.042407,-0.109216,-0.024171,9.981283,0.136142,0.152751,0.069719
29.333540,1.220000,-0.334000,1.502000,1.281873,-0.387381,1.490424,1.207024,-0.388982,1.538621,-0.005880,0.016653,0.885199,-0.464877,0.107133,0.488851,0.015323,0.000819,-0.002592,0.007750,-0.001192,-0.002223,0.000267,17,-0.124325,-0.070888,9.899426,0.110132,-0.102700,0.060411,9.900777,0.187897,0.082533,0.067324
29.350213,1.222000,-0.326000,1.502000,1.185476,-0.363104,1.500522,1.207802,-0.380210,1.537698,-0.005469,0.016218,0.886639,-0.462145,0.100302,0.491563,0.014135,0.000823,-0.002583,0.007786,-0.001197,-0.002221,0.000267,17,0.191982,0.018147,9.821971,-0.081056,-0.021103,0.032289,9.827365,0.119326,0.052085,0.066443
29.366825,1.225000,-0.319000,1.502000,1.180893,-0.395540,1.541817,1.207640,-0.373050,1.537987,-0.004193,0.015740,0.890713,-0.454274,0.093055,0.495025,0.014101,0.000810,-0.002580,0.007783,-0.001199,-0.002228,0.000268,17,0.003432,-0.111897,9.813882,-0.126416,-0.126792,-0.073745,9.815554,0.201347,0.096898,0.067215
29.383435,1.226000,-0.314000,1.502000,1.195426,-0.378386,1.520551,1.208399,-0.365411,1.537641,-0.003923,0.016707,0.892386,-0.450946,0.094786,0.497839,0.012415,0.000803,-0.002580,0.007802,-0.001199,-0.002232,0.000268,17,-0.203015,0.307279,9.745531,0.083935,-0.092447,-0.037689,9.754039,0.168291,0.073651,0.064986
29.400056,1.228000,-0.309000,1.503000,1.267720,-0.334076,1.635846,1.212805,-0.356677,1.540911,-0.004306,0.018244,0.886928,-0.461526,0.097181,0.506458,0.012411,0.000820,-0.002588,0.007702,-0.001195,-0.002222,0.000267,16,-0.246872,0.009946,9.625689,0.198757,-0.031907,0.025366,9.629374,0.205447,0.140906,0.062779
29.416665,1.231000,-0.300000,1.502000,1.195826,-0.389668,1.575625,1.212893,-0.350298,1.542072,-0.005247,0.019664,0.890008,-0.455490,0.089305,0.511391,0.010134,0.000802,-0.002591,0.007670,-0.001193,-0.002232,0.000268,17,-0.101512,-0.234835,9.626780,0.209934,0.006201,-0.005197,9.632172,0.216083,0.121236,0.066810
29.433296,1.232000,-0.295000,1.502000,1.232179,-0.340247,1.663464,1.214929,-0.341807,1.545948,-0.005675,0.020846,0.889181,-0.457045,0.082513,0.517022,0.010048,0.000806,-0.002592,0.007546,-0.001194,-0.002230,0.000267,17,0.084007,-0.176120,9.595392,0.155973,-0.019684,-0.039719,9.598664,0.164722,0.167684,0.066436
29.449980,1.234000,-0.289000,1.503000,1.222265,-0.323235,1.596167,1.216557,-0.332748,1.547671,-0.005409,0.021361,0.888625,-0.458106,0.081351,0.520516,0.011895,0.000811,-0.002590,0.007494,-0.001195,-0.002226,0.000267,17,0.016043,0.245809,9.826357,0.038680,-0.055934,0.017329,9.831529,0.086735,0.099949,0.064912
29.466547,1.235000,-0.282000,1.502000,1.241910,-0.342587,1.557208,1.218729,-0.325544,1.548132,-0.004975,0.020719,0.887314,-0.460673,0.079427,0.526430,0.011927,0.000807,-0.002602,0.007488,-0.001189,-0.002229,0.000267,16,-0.188798,-0.029292,9.809100,-0.090269,-0.017938,0.024609,9.812029,0.104736,0.082259,0.065490
29.483145,1.237000,-0.275000,1.502000,1.193992,-0.337586,1.526067,1.218597,-0.317920,1.547590,-0.005195,0.019657,0.889648,-0.456194,0.077306,0.531047,0.010837,0.000794,-0.002599,0.007511,-0.001190,-0.002236,0.000267,17,-0.188474,0.148710,9.798725,-0.113267,0.073354,-0.009588,9.802172,0.166921,0.079661,0.065263
29.499826,1.239000,-0.271000,1.502000,1.203736,-0.335686,1.572005,1.218800,-0.310380,1.548466,-0.005421,0.019575,0.891190,-0.453176,0.077328,0.531898,0.011590,0.000781,-0.002599,0.007488,-0.001190,-0.002244,0.000268,17,-0.091558,0.346691,9.815870,0.003850,0.022925,0.004810,9.824004,0.065682,0.101630,0.064171
29.516441,1.241000,-0.263000,1.502000,1.217279,-0.298821,1.630517,1.219815,-0.301362,1.551156,-0.006670,0.020406,0.891656,-0.452204,0.077019,0.536210,0.015261,0.000782,-0.002595,0.007402,-0.001193,-0.002242,0.000268,17,-0.116352,0.271259,9.876750,0.151313,0.086519,0.005963,9.882295,0.177292,0.135508,0.065854
29.533101,1.242000,-0.260000,1.502000,1.246595,-0.343811,1.587129,1.221680,-0.295050,1.552468,-0.008449,0.021487,0.890361,-0.454670,0.073210,0.532721,0.015868,0.000763,-0.002615,0.007371,-0.001182,-0.002253,0.000267,17,0.163581,0.181734,9.791209,0.224040,0.116990,0.001580,9.796186,0.258144,0.119550,0.064718
29.549635,1.243000,-0.250000,1.502000,1.241905,-0.321342,1.590873,1.223220,-0.288348,1.553835,-0.009316,0.021399,0.889470,-0.456397,0.064187,0.533095,0.015153,0.000750,-0.002628,0.007336,-0.001174,-0.002260,0.000267,16,0.218890,-0.165587,9.713914,0.048067,0.091870,0.013878,9.719234,0.115159,0.113971,0.067444
29.566363,1.245000,-0.244000,1.502000,1.170490,-0.289382,1.516563,1.221676,-0.279810,1.552863,-0.009461,0.021024,0.893342,-0.448785,0.057008,0.535248,0.012827,0.000737,-0.002614,0.007374,-0.001182,-0.002268,0.000268,17,0.078090,0.156755,9.745428,-0.039987,0.034203,-0.041078,9.748384,0.107585,0.088450,0.066434
29.582977,1.246000,-0.238000,1.502000,1.192574,-0.293768,1.473747,1.221141,-0.272020,1.550594,-0.009033,0.020072,0.894821,-0.445883,0.050710,0.539587,0.009261,0.000722,-0.002611,0.007458,-0.001183,-0.002277,0.000268,17,-0.104560,0.004143,9.760196,-0.132979,-0.005798,-0.022871,9.761230,0.148441,0.082235,0.064317
29.599608,1.247000,-0.233000,1.502000,1.220174,-0.310656,1.566397,1.221419,-0.265313,1.551168,-0.009069,0.019356,0.894050,-0.447457,0.045181,0.537841,0.010012,0.000699,-0.002621,0.007447,-0.001177,-0.002290,0.000268,17,0.078349,0.129520,9.839963,-0.073139,0.025509,-0.007773,9.841797,0.127357,0.104389,0.064156
29.616141,1.249000,-0.226000,1.501000,1.205659,-0.318403,1.585300,1.220760,-0.259572,1.552288,-0.009388,0.018958,0.893833,-0.447901,0.038137,0.535066,0.013103,0.000667,-0.002629,0.007416,-0.001173,-0.002308,0.000268,16,0.103728,0.107999,9.953208,-0.023568,0.038547,0.030281,9.955730,0.081665,0.132375,0.067492
29.632829,1.250000,-0.220000,1.502000,1.171039,-0.282663,1.541589,1.218718,-0.251949,1.552085,-0.008853,0.018536,0.896711,-0.442139,0.029197,0.538864,0.014007,0.000643,-0.002619,0.007428,-0.001179,-0.002322,0.000268,17,-0.042586,-0.073729,9.898466,-0.089234,-0.046710,0.040007,9.900200,0.125004,0.108299,0.067140
29.649461,1.252000,-0.213000,1.502000,1.242420,-0.261974,1.461919,1.220320,-0.244487,1.549575,-0.008220,0.017585,0.893144,-0.449351,0.023449,0.545323,0.012880,0.000637,-0.002635,0.007528,-0.001169,-0.002326,0.000267,17,-0.195321,-0.267229,9.937493,-0.132217,-0.025672,-0.020208,9.943840,0.138477,0.064005,0.065257
29.666162,1.253000,-0.208000,1.502000,1.206874,-0.300295,1.446438,1.219774,-0.238639,1.546585,-0.007954,0.017400,0.890696,-0.454196,0.017937,0.547717,0.011786,0.000602,-0.002648,0.007645,-0.001160,-0.002347,0.000267,17,-0.256999,-0.084993,9.959243,-0.030607,-0.040758,-0.025176,9.969106,0.104708,0.117188,0.063486
29.682659,1.254000,-0.201000,1.502000,1.236557,-0.276295,1.536670,1.220606,-0.232536,1.546449,-0.007669,0.017686,0.886800,-0.461751,0.016753,0.548753,0.014289,0.000582,-0.002665,0.007661,-0.001150,-0.002358,0.000267,16,-0.237025,0.140171,10.000127,0.026185,-0.065167,-0.025228,10.006789,0.085952,0.084709,0.063918
29.699281,1.255000,-0.194000,1.502000,1.234811,-0.266507,1.553545,1.221235,-0.225934,1.546860,-0.007639,0.018233,0.883569,-0.467884,0.011395,0.552899,0.015434,0.000563,-0.002680,0.007659,-0.001141,-0.002369,0.000266,17,-0.220455,-0.150400,9.893064,0.062747,-0.051115,-0.009558,9.897512,0.098145,0.091224,0.064593
29.715946,1.256000,-0.189000,1.503000,1.268789,-0.276223,1.574617,1.222566,-0.220151,1.548028,-0.007743,0.018331,0.877558,-0.479057,0.007084,0.558658,0.015926,0.000561,-0.002749,0.007649,-0.001117,-0.002377,0.000266,17,-0.298768,-0.359831,9.834860,0.027251,-0.006369,0.011514,9.847202,0.074358,0.113580,0.064154
29.732595,1.257000,-0.184000,1.503000,1.226789,-0.235689,1.523624,1.223807,-0.215247,1.547531,0.007650,-0.017880,-0.859630,0.510548,-0.001822,0.558177,0.015633,0.000555,-0.002758,0.007678,-0.001109,-0.002382,0.000265,12,-0.026956,-0.245164,9.869607,-0.071469,0.003601,-0.001195,9.873489,0.081456,0.063323,0.063727
29.749176,1.258000,-0.176000,1.503000,1.247128,-0.216801,1.595296,1.225083,-0.213104,1.549595,-0.007771,0.017914,0.872920,-0.487472,-0.000407,0.556758,0.016421,0.000513,-0.002698,0.007639,-0.001129,-0.002398,0.000266,6,0.194213,0.680048,9.595666,0.132568,0.026681,-0.029065,9.621776,0.142674,0.101496,0.068054
29.765775,1.259000,-0.171000,1.503000,1.213882,-0.245288,1.511930,1.213778,-0.245417,1.511922,0.000000,0.000000,-0.000000,1.000000,-0.000407,0.556758,0.016421,0.000513,-0.002698,0.007639,-0.001129,-0.002398,0.000266,0,0.000000,0.000000,0.000000,0.000000,0.000000,0.000000,0.000000,0.000000,0.087374,0.087536
29.782373,1.260000,-0.164000,1.503000,1.217609,-0.245745,1.471935,1.217603,-0.245736,1.471937,0.000000,0.000000,0.000000,1.000000,-0.000407,0.556758,0.016421,0.000513,-0.002698,0.007639,-0.001129,-0.002398,0.000266,0,0.000000,0.000000,0.000000,0.000000,0.000000,0.000000,0.000000,0.000000,0.097182,0.097176
29.799078,1.261000,-0.154000,1.503000,1.209924,-0.229621,1.578774,1.209787,-0.237847,1.524759,-0.000149,-0.115148,0.621032,0.775281,-0.032757,0.576010,0.014900,0.000513,-0.002698,0.007639,-0.001129,-0.002398,0.000266,10,-0.179357,0.553689,9.765918,0.047449,0.077168,-0.019469,9.785004,0.104196,0.118613,0.100631
29.815663,1.262000,-0.145000,1.503000,1.226911,-0.191879,1.465930,1.213196,-0.229324,1.503957,-0.014238,-0.127828,0.692823,0.709545,-0.053473,0.542194,0.003811,0.000513,-0.002698,0.007639,-0.001129,-0.002398,0.000266,17,-0.212120,0.084474,9.609219,0.087151,0.100974,0.000916,9.612682,0.137930,0.069304,0.097434
29.832282,1.263000,-0.140000,1.502000,1.195029,-0.210113,1.528162,1.211986,-0.216569,1.510216,-0.034843,-0.116151,0.782000,0.611368,-0.071610,0.531434,0.001021,0.000513,-0.002698,0.007639,-0.001129,-0.002398,0.000266,16,0.056889,-0.054449,9.631900,0.049117,0.080258,0.015886,9.632901,0.120496,0.101096,0.092372
29.848922,1.264000,-0.135000,1.502000,1.236127,-0.187502,1.636669,1.208421,-0.207311,1.534655,-0.051544,-0.113024,0.812192,0.570011,-0.101454,0.533579,-0.001069,0.000513,-0.002698,0.007638,-0.001129,-0.002398,0.000266,17,0.007941,-0.102534,9.701354,-0.025941,0.148805,0.012303,9.704364,0.166649,0.147204,0.096872
29.865535,1.264000,-0.131000,1.502000,1.210168,-0.220455,1.453445,1.211738,-0.194372,1.522536,-0.028234,-0.097636,0.648755,0.754180,-0.138534,0.501370,-0.009317,0.000513,-0.002698,0.007639,-0.001129,-0.002398,0.000266,17,0.215682,-0.072199,9.717857,-0.025186,0.099911,-0.046377,9.721997,0.128221,0.115142,0.084670
29.898794,1.265000,-0.122000,1.502000,1.196653,-0.171177,1.502341,1.205513,-0.176553,1.519386,0.001154,-0.100523,0.370963,0.923190,-0.196211,0.475850,-0.014365,0.000513,-0.002698,0.007639,-0.001129,-0.002398,0.000266,34,-0.030225,-0.035692,9.856961,-0.013551,0.035324,0.033193,9.859463,0.124030,0.084201,0.082565
29.915375,1.266000,-0.115000,1.502000,1.220343,-0.159109,1.473215,1.204688,-0.167633,1.513634,0.003073,-0.098000,0.334547,0.937264,-0.220553,0.469516,-0.014783,0.000513,-0.002698,0.007640,-0.001129,-0.002398,0.000266,16,0.064886,0.133204,9.993911,-0.228524,0.031066,-0.009994,9.997338,0.234482,0.069704,0.081638
29.932067,1.266000,-0.110000,1.502000,1.233836,-0.187029,1.581901,1.204856,-0.163075,1.521515,0.028064,-0.089924,0.103363,0.990173,-0.240902,0.448584,-0.010815,0.000513,-0.002698,0.007639,-0.001129,-0.002398,0.000266,17,0.100691,0.054314,10.091590,-0.176763,-0.055240,-0.032148,10.094450,0.191806,0.115552,0.083285
29.948657,1.267000,-0.105000,1.502000,1.244790,-0.190803,1.465878,1.206259,-0.158738,1.515928,0.008345,-0.086811,0.290101,0.953014,-0.250883,0.425447,-0.010160,0.000513,-0.002698,0.007641,-0.001129,-0.002398,0.000266,17,-0.137634,-0.198751,10.034473,-0.193521,-0.030480,0.026091,10.038208,0.199227,0.095710,0.082287
29.965330,1.267000,-0.098000,1.502000,1.267261,-0.176017,1.493032,1.202090,-0.150145,1.513077,-0.065242,-0.068102,0.803659,0.587570,-0.238737,0.463548,-0.001928,0.000513,-0.002698,0.007643,-0.001129,-0.002398,0.000266,17,-0.155003,-0.247280,9.930530,-0.199719,-0.041062,0.004731,9.935443,0.209447,0.078531,0.083995
29.981872,1.268000,-0.091000,1.502000,1.224709,-0.155253,1.387399,1.206721,-0.148033,1.503007,-0.015052,-0.086391,0.542086,0.835735,-0.231416,0.442904,-0.002988,0.000513,-0.002698,0.007650,-0.001129,-0.002398,0.000266,16,-0.168057,-0.176648,9.768801,-0.227084,-0.048357,-0.043557,9.774800,0.241418,0.138333,0.083719
29.998505,1.269000,-0.086000,1.502000,1.257126,-0.144298,1.486779,1.208513,-0.142527,1.501933,-0.011446,-0.084209,0.551763,0.829659,-0.270193,0.390890,-0.015893,0.000513,-0.002698,0.007652,-0.001129,-0.002398,0.000266,17,-0.039547,-0.148291,9.758724,-0.188140,-0.128029,-0.004373,9.761703,0.233299,0.061411,0.082788
30.015247,1.269000,-0.079000,1.502000,1.240862,-0.188545,1.534806,1.208255,-0.140462,1.504217,-0.008619,-0.081295,0.562749,0.822575,-0.279191,0.371088,-0.016142,0.000513,-0.002698,0.007650,-0.001129,-0.002398,0.000266,17,-0.061109,0.071610,9.779325,-0.033418,-0.131003,-0.010517,9.782961,0.159361,0.117763,0.086443
30.031824,1.270000,-0.073000,1.502000,1.290128,-0.122008,1.537325,1.210076,-0.133888,1.506677,-0.004506,-0.079418,0.559180,0.825221,-0.284982,0.356532,-0.018759,0.000513,-0.002698,0.007650,-0.001129,-0.002398,0.000266,17,-0.039165,0.112034,9.655602,0.145565,-0.045918,-0.001222,9.657284,0.157678,0.063677,0.085557
30.048416,1.270000,-0.066000,1.502000,1.290018,-0.136042,1.561852,1.212518,-0.127812,1.510609,-0.002333,-0.074519,0.577273,0.813141,-0.284795,0.344580,-0.015877,0.000513,-0.002698,0.007647,-0.001129,-0.002398,0.000266,16,-0.136778,0.092411,9.870582,0.224811,-0.018253,0.015966,9.873641,0.241400,0.094281,0.084847
30.065003,1.270000,-0.061000,1.502000,1.289506,-0.113991,1.480476,1.214403,-0.124308,1.508120,0.012473,-0.069911,0.458680,0.885759,-0.287256,0.329697,-0.016901,0.000513,-0.002698,0.007651,-0.001129,-0.002398,0.000266,17,-0.011100,0.054820,9.875946,0.257542,0.017806,0.030916,9.879030,0.263610,0.060430,0.084477
30.081635,1.270000,-0.054000,1.502000,1.223548,-0.130090,1.479171,1.210813,-0.120177,1.506054,0.016217,-0.067721,0.437206,0.896662,-0.303986,0.307690,-0.021761,0.000513,-0.002698,0.007654,-0.001129,-0.002398,0.000266,17,-0.114388,0.175957,9.736248,0.221612,0.090556,0.019524,9.740588,0.243104,0.092025,0.088876
30.098356,1.271000,-0.050000,1.502000,1.267531,-0.084646,1.496670,1.210739,-0.115750,1.505230,0.025822,-0.063673,0.353972,0.932729,-0.316193,0.300337,-0.026164,0.000513,-0.002698,0.007657,-0.001129,-0.002398,0.000266,14,0.034836,0.180258,9.638509,0.176559,-0.018477,-0.055673,9.641424,0.196540,0.035225,0.089246
30.114888,1.271000,-0.043000,1.502000,1.341050,-0.134006,1.580658,1.209381,-0.117836,1.508202,0.057982,-0.050425,-0.014006,0.996945,-0.308778,0.287869,-0.024534,0.000513,-0.002698,0.007651,-0.001129,-0.002398,0.000266,17,-0.125335,-0.093480,9.714956,0.013606,-0.047483,0.003695,9.716392,0.068427,0.139198,0.097138
30.131535,1.271000,-0.036000,1.502000,1.239290,-0.075469,1.523198,1.216038,-0.108552,1.509970,0.028114,-0.057393,0.351347,0.934061,-0.299603,0.285274,-0.024577,0.000513,-0.002698,0.007651,-0.001129,-0.002398,0.000266,7,-0.297164,-0.247429,9.643610,0.022070,0.016051,0.008807,9.651709,0.079306,0.054888,0.091368
30.148106,1.272000,-0.029000,1.502000,1.259318,-0.120504,1.543950,1.215109,-0.103277,1.511745,0.023564,-0.056541,0.413876,0.908270,-0.293847,0.275245,-0.020285,0.000514,-0.002698,0.007649,-0.001128,-0.002398,0.000266,17,-0.020660,0.226846,9.917728,0.032807,-0.008391,-0.023114,9.922101,0.080515,0.101458,0.094067
30.164780,1.272000,-0.025000,1.502000,1.254843,-0.066053,1.522312,1.213578,-0.096305,1.512128,0.025158,-0.053236,0.374278,0.925445,-0.297623,0.266423,-0.018408,0.000514,-0.002698,0.007649,-0.001128,-0.002398,0.000266,17,-0.069052,-0.009399,9.921699,0.016146,0.004365,0.005454,9.923277,0.076097,0.048911,0.092737
30.181394,1.272000,-0.018000,1.502000,1.220653,-0.094368,1.450939,1.208956,-0.090776,1.508759,0.020550,-0.054499,0.408334,0.910972,-0.303981,0.257934,-0.019208,0.000513,-0.002698,0.007657,-0.001128,-0.002398,0.000266,17,0.220154,-0.228271,9.937830,-0.123543,0.027379,0.018864,9.944073,0.148812,0.105242,0.096523
30.197994,1.272000,-0.012000,1.502000,1.255450,-0.088339,1.576582,1.207588,-0.086724,1.511927,0.020347,-0.053179,0.399745,0.914856,-0.303702,0.246218,-0.012078,0.000513,-0.002698,0.007649,-0.001128,-0.002398,0.000266,16,0.073082,-0.086806,10.090095,-0.162299,0.012955,-0.008585,10.091252,0.165306,0.108000,0.099152
30.214605,1.272000,-0.005000,1.502000,1.306378,-0.067143,1.559053,1.209681,-0.081258,1.514316,0.020247,-0.050254,0.399269,0.915232,-0.291809,0.238845,-0.005607,0.000513,-0.002698,0.007645,-0.001128,-0.002398,0.000266,17,-0.008675,-0.061678,10.053163,-0.089474,-0.004194,0.009603,10.054112,0.105417,0.091097,0.099250
30.264530,1.271000,0.013000,1.502000,1.266754,-0.043605,1.498916,1.201271,-0.070570,1.513349,0.027302,-0.043306,0.221902,0.973724,-0.298981,0.201598,-0.008235,0.000513,-0.002698,0.007652,-0.001129,-0.002398,0.000266,51,-0.023047,-0.083749,9.814576,-0.140040,-0.049041,-0.007193,9.821135,0.168834,0.056848,0.109430
30.297748,1.271000,0.027000,1.502000,1.255398,-0.024078,1.493998,1.196406,-0.057797,1.512270,0.021674,-0.043858,0.248566,0.967379,-0.310769,0.200036,-0.015661,0.000512,-0.002698,0.007660,-0.001128,-0.002398,0.000266,33,-0.179078,0.008926,9.612018,-0.138222,-0.088378,0.019102,9.620362,0.172306,0.054004,0.113403
30.314396,1.271000,0.031000,1.502000,1.280478,-0.014768,1.529355,1.199350,-0.050680,1.513256,0.021231,-0.039849,0.238617,0.970064,-0.300247,0.207924,-0.017132,0.000511,-0.002699,0.007660,-0.001128,-0.002398,0.000266,17,-0.328978,0.261168,9.595322,0.018578,0.019240,-0.026550,9.605799,0.089406,0.054156,0.109234
30.331039,1.270000,0.037000,1.502000,1.299788,-0.021964,1.511777,1.201410,-0.041469,1.513494,0.019826,-0.037356,0.266063,0.963027,-0.283926,0.205632,-0.015810,0.000511,-0.002698,0.007665,-0.001129,-0.002398,0.000266,17,-0.182001,-0.250957,9.830223,0.035161,0.009080,0.050439,9.836464,0.085444,0.066781,0.104853
30.347605,1.270000,0.044000,1.502000,1.222992,-0.017944,1.457816,1.199293,-0.036786,1.510734,0.019190,-0.036609,0.270548,0.961819,-0.283714,0.202931,-0.018051,0.000511,-0.002698,0.007682,-0.001129,-0.002398,0.000266,16,0.049841,-0.213904,9.847771,-0.022461,0.002677,0.042692,9.851586,0.086574,0.089437,0.107713
30.364234,1.270000,0.051000,1.502000,1.261638,0.015390,1.518329,1.202459,-0.032320,1.510948,0.018569,-0.033043,0.240524,0.969903,-0.269957,0.203893,-0.017050,0.000511,-0.002699,0.007682,-0.001128,-0.002399,0.000266,17,-0.110769,-0.124516,9.796607,-0.042120,0.036971,-0.019530,9.798629,0.109532,0.040058,0.107629
30.380906,1.269000,0.058000,1.501000,1.256044,0.008975,1.597051,1.204020,-0.033788,1.514016,0.029865,-0.016968,-0.094478,0.994934,-0.255509,0.196275,-0.010994,0.000509,-0.002699,0.007659,-0.001128,-0.002398,0.000266,17,-0.294500,-0.036339,9.874165,0.067416,0.028078,-0.032033,9.880709,0.132316,0.108614,0.113212
30.397551,1.269000,0.063000,1.501000,1.319448,0.001968,1.561626,1.206447,-0.030421,1.515963,0.036033,0.002272,-0.457499,0.888477,-0.260296,0.206335,-0.009063,0.000513,-0.002695,0.007647,-0.001129,-0.002398,0.000266,17,-0.109712,-0.220723,9.750340,0.103018,0.012783,0.071605,9.757236,0.138023,0.099727,0.113420
30.414132,1.268000,0.073000,1.501000,1.238068,0.043917,1.540501,1.207041,-0.014906,1.517205,0.030937,-0.001194,-0.430086,0.902257,-0.238590,0.226769,-0.007695,0.000513,-0.002699,0.007643,-0.001128,-0.002398,0.000266,16,0.164900,0.017838,9.710767,0.024959,0.006379,0.006900,9.714095,0.062042,0.057464,0.108195
30.430734,1.267000,0.084000,1.500000,1.261979,0.004211,1.498427,1.207790,-0.009915,1.516103,0.031085,0.003928,-0.550160,0.834471,-0.210122,0.212770,-0.010508,0.000514,-0.002700,0.007651,-0.001128,-0.002397,0.000266,17,0.074281,0.186938,9.695398,0.111131,-0.014871,-0.055565,9.698125,0.154482,0.079963,0.112183
30.447379,1.267000,0.087000,1.500000,1.255674,-0.004942,1.584970,1.207825,-0.006398,1.518903,0.031803,0.005564,-0.604903,0.795644,-0.200190,0.200819,-0.007130,0.000516,-0.002700,0.007632,-0.001128,-0.002397,0.000266,17,0.072629,0.245440,9.805813,0.232886,-0.035932,-0.014562,9.810735,0.243444,0.125704,0.112170
30.464102,1.266000,0.095000,1.500000,1.228001,0.014222,1.560505,1.206215,-0.001715,1.520714,0.033264,0.004270,-0.598497,0.800423,-0.199610,0.199960,-0.003363,0.000516,-0.002700,0.007620,-0.001128,-0.002397,0.000266,17,-0.176659,0.100072,9.889461,0.278842,0.041174,0.035136,9.892364,0.287187,0.107842,0.115573
30.480629,1.266000,0.100000,1.500000,1.271691,0.065431,1.547916,1.208747,0.005871,1.522145,0.033314,0.003183,-0.578813,0.814774,-0.186979,0.211937,-0.000143,0.000516,-0.002701,0.007614,-0.001127,-0.002397,0.000266,13,-0.110076,0.203473,9.880824,0.284631,0.104561,0.007686,9.884421,0.306693,0.059358,0.112377
30.497268,1.265000,0.105000,1.500000,1.262089,0.030533,1.532583,1.211097,0.008454,1.522625,0.034000,0.005801,-0.635659,0.771199,-0.175937,0.198269,0.002762,0.000517,-0.002700,0.007613,-0.001128,-0.002397,0.000266,16,0.107197,-0.137885,9.989214,0.209098,0.095172,-0.013267,9.992382,0.232550,0.081335,0.112865
30.513819,1.263000,0.113000,1.499000,1.226800,0.025872,1.438196,1.209194,0.013352,1.519204,0.034753,0.005846,-0.634212,0.772355,-0.183760,0.192286,0.001187,0.000516,-0.002700,0.007641,-0.001127,-0.002397,0.000266,17,-0.068519,-0.339351,10.026035,0.120012,0.081701,0.015234,10.032578,0.155591,0.112245,0.115035
30.530577,1.263000,0.119000,1.500000,1.202897,0.073201,1.570914,1.206479,0.020708,1.521679,0.034978,0.003909,-0.599310,0.799743,-0.191905,0.194653,0.007966,0.000517,-0.002701,0.007623,-0.001127,-0.002396,0.000266,17,0.100101,-0.092071,10.043799,0.089066,0.065421,0.019777,10.047545,0.156557,0.103627,0.115438
30.547148,1.263000,0.121000,1.500000,1.236673,0.079240,1.521749,1.204246,0.029716,1.522079,0.034785,0.002481,-0.537338,0.842646,-0.198904,0.199494,0.010356,0.000517,-0.002703,0.007624,-0.001127,-0.002396,0.000265,17,-0.061110,-0.318137,9.950047,0.021805,0.109930,0.005441,9.957566,0.127805,0.053944,0.110781
30.563748,1.261000,0.133000,1.500000,1.260497,0.047015,1.523770,1.205708,0.032309,1.521817,0.032764,0.008880,-0.758163,0.651181,-0.189660,0.191851,0.013321,0.000521,-0.002699,0.007625,-0.001128,-0.002395,0.000265,16,-0.052794,0.009468,10.021863,0.050164,0.060481,-0.038944,10.026982,0.130580,0.089211,0.116927
30.597081,1.259000,0.144000,1.500000,1.223696,0.094454,1.443685,1.202444,0.042324,1.519146,0.031933,0.008774,-0.769500,0.637788,-0.196581,0.189912,0.008851,0.000523,-0.002700,0.007657,-0.001128,-0.002394,0.000265,34,-0.104131,-0.121587,9.809564,0.027596,0.013358,0.025472,9.814723,0.085576,0.082901,0.117912
30.613608,1.258000,0.151000,1.501000,1.199891,0.086186,1.504224,1.199348,0.048712,1.518813,0.031428,0.007504,-0.758960,0.650335,-0.203369,0.187515,0.005998,0.000524,-0.002700,0.007663,-0.001128,-0.002394,0.000265,17,0.222454,-0.038503,9.693254,0.027261,-0.055987,-0.023918,9.697827,0.102392,0.087109,0.119248
30.630314,1.257000,0.158000,1.500000,1.262613,0.066612,1.525783,1.199852,0.052700,1.519207,0.030324,0.007723,-0.769285,0.638139,-0.198790,0.181455,0.003312,0.000524,-0.002701,0.007663,-0.001127,-0.002394,0.000265,17,0.141005,-0.121882,9.642565,0.028852,-0.056010,0.029686,9.645071,0.093419,0.095122,0.121338
30.646860,1.256000,0.165000,1.500000,1.191133,0.090488,1.475959,1.197677,0.057740,1.517572,0.030145,0.007602,-0.768471,0.639129,-0.204872,0.184070,-0.000008,0.000525,-0.002701,0.007681,-0.001128,-0.002393,0.000266,16,-0.235955,-0.166722,9.736467,-0.008787,0.046173,0.050735,9.741621,0.103611,0.101675,0.123349
30.663456,1.254000,0.172000,1.501000,1.241439,0.108803,1.517683,1.198726,0.063417,1.517731,0.029334,0.008306,-0.782325,0.622124,-0.196724,0.184549,-0.001555,0.000527,-0.002701,0.007682,-0.001127,-0.002393,0.000266,17,0.032041,0.121322,9.701598,0.004790,0.072497,-0.012352,9.703194,0.094297,0.066558,0.122986
30.680164,1.253000,0.177000,1.501000,1.239329,0.140416,1.454689,1.199285,0.071444,1.515365,0.028256,0.008206,-0.780587,0.624355,-0.189142,0.187169,-0.003530,0.000530,-0.002702,0.007710,-0.001127,-0.002392,0.000266,17,0.172701,0.203044,9.867423,-0.021998,0.020826,0.017997,9.872156,0.112195,0.060581,0.119305
30.696741,1.253000,0.184000,1.501000,1.234859,0.104158,1.516324,1.199931,0.075552,1.515438,0.027384,0.008893,-0.794270,0.606882,-0.180693,0.178141,-0.004107,0.000531,-0.002703,0.007711,-0.001127,-0.002391,0.000266,17,0.277283,0.326809,9.784761,-0.016712,0.020228,0.020545,9.795260,0.100613,0.083298,0.121597
30.713333,1.251000,0.192000,1.501000,1.246223,0.112591,1.476582,1.197524,0.083654,1.514038,0.027527,0.008555,-0.782516,0.621963,-0.171170,0.176672,-0.004095,0.000531,-0.002705,0.007733,-0.001126,-0.002391,0.000266,16,0.076207,0.524281,9.914183,0.048229,0.036012,-0.011169,9.931217,0.093384,0.083215,0.121526
30.729935,1.250000,0.197000,1.501000,1.248010,0.105520,1.481816,1.200076,0.086263,1.512724,0.026574,0.009206,-0.806431,0.590660,-0.158303,0.170530,-0.004063,0.000532,-0.002706,0.007749,-0.001126,-0.002391,0.000266,17,-0.123662,0.344652,9.905064,0.042941,-0.001795,0.011149,9.912674,0.086632,0.093491,0.122034
30.746624,1.249000,0.205000,1.501000,1.282353,0.162436,1.653653,1.203676,0.093602,1.518559,0.025054,0.009426,-0.810872,0.584612,-0.143092,0.175399,0.002767,0.000538,-0.002708,0.007686,-0.001125,-0.002390,0.000266,17,-0.053636,0.312512,9.772369,-0.034427,0.008484,-0.009064,9.778889,0.111721,0.161947,0.121541
30.763242,1.248000,0.210000,1.501000,1.255736,0.141113,1.527587,1.209680,0.093460,1.518568,-0.018724,-0.013315,0.935296,-0.353119,-0.126521,0.156569,-0.001573,0.000539,-0.002707,0.007677,-0.001126,-0.002390,0.000266,17,0.132730,0.219464,9.579012,-0.084512,-0.065798,0.059753,9.584196,0.154239,0.074244,0.123930
30.779838,1.247000,0.215000,1.501000,1.207543,0.166820,1.593753,1.204110,0.105372,1.521485,-0.016754,-0.011670,0.943895,-0.329613,-0.154443,0.170322,-0.001050,0.000543,-0.002705,0.007642,-0.001127,-0.002387,0.000266,16,0.164669,0.208264,9.592238,-0.064577,-0.097883,0.018490,9.598889,0.148754,0.111719,0.119489
30.796452,1.244000,0.224000,1.501000,1.266500,0.177608,1.521143,1.205395,0.113004,1.521470,-0.012251,-0.011774,0.976845,-0.213270,-0.143505,0.195118,-0.001182,0.000547,-0.002691,0.007644,-0.001132,-0.002386,0.000265,17,0.014719,-0.144151,9.728768,-0.124228,-0.179832,-0.032402,9.730721,0.225624,0.055356,0.119288
30.813079,1.243000,0.232000,1.501000,1.221405,0.173528,1.557473,1.204913,0.119250,1.522958,-0.008304,-0.011912,0.997038,-0.075533,-0.137257,0.201355,0.002050,0.000545,-0.002681,0.007625,-0.001135,-0.002387,0.000265,17,-0.131824,0.117052,9.866116,-0.020125,-0.081290,0.013759,9.871077,0.104263,0.084110,0.121018
30.829743,1.242000,0.236000,1.501000,1.266553,0.147710,1.572629,1.191901,0.132976,1.524354,-0.010319,-0.010117,0.998473,-0.053318,-0.171855,0.222719,0.004632,0.000548,-0.002685,0.007616,-0.001134,-0.002386,0.000265,14,-0.210718,0.114504,10.056010,0.186414,0.027838,0.002494,10.060233,0.189968,0.116313,0.116916
30.846365,1.241000,0.243000,1.500000,1.239252,0.195457,1.574599,1.238987,0.195227,1.574759,0.000000,0.000000,-0.000000,1.000000,-0.171855,0.222719,0.004632,0.000528,-0.002667,0.007614,-0.001141,-0.002394,0.000264,1,-0.015170,0.149844,9.872694,0.263700,0.144492,0.015115,9.873843,0.301072,0.088478,0.088743
30.862891,1.239000,0.248000,1.501000,1.237352,0.194305,1.504183,1.237223,0.194251,1.504178,0.000000,0.000000,-0.000000,1.000000,-0.171855,0.222719,0.004632,0.000518,-0.002675,0.007613,-0.001137,-0.002398,0.000265,0,0.000000,0.000000,0.000000,0.000000,0.000000,0.000000,0.000000,0.000000,0.053815,0.053872
30.879548,1.238000,0.255000,1.500000,1.226689,0.221054,1.470518,1.226482,0.221097,1.470488,0.000000,0.000000,-0.000000,1.000000,-0.171855,0.222719,0.004632,0.000517,-0.002673,0.007613,-0.001138,-0.002399,0.000265,0,0.000000,0.000000,0.000000,0.000000,0.000000,0.000000,0.000000,0.000000,0.046362,0.046401
30.896225,1.236000,0.260000,1.500000,1.197552,0.185101,1.527360,1.197629,0.185214,1.527240,0.000000,0.000000,-0.000000,1.000000,-0.171855,0.222719,0.004632,0.000520,-0.002674,0.007613,-0.001138,-0.002397,0.000266,0,0.000000,0.000000,0.000000,0.000000,0.000000,0.000000,0.000000,0.000000,0.088525,0.088359
30.912846,1.235000,0.268000,1.500000,1.209155,0.248138,1.449133,1.208636,0.248069,1.449112,0.000000,0.000000,-0.000000,1.000000,-0.171855,0.222719,0.004632,0.000522,-0.002674,0.007614,-0.001138,-0.002396,0.000265,0,0.000000,0.000000,0.000000,0.000000,0.000000,0.000000,0.000000,0.000000,0.060414,0.060679
30.929438,1.233000,0.271000,1.500000,1.224055,0.220135,1.447107,1.224158,0.220059,1.447123,0.000000,0.000000,-0.000000,1.000000,-0.171855,0.222719,0.004632,0.000529,-0.002675,0.007615,-0.001138,-0.002394,0.000266,0,0.000000,0.000000,0.000000,0.000000,0.000000,0.000000,0.000000,0.000000,0.073925,0.073954
30.946122,1.232000,0.278000,1.500000,1.214521,0.220568,1.519268,1.214385,0.220684,1.519242,0.000000,0.000000,-0.000000,1.000000,-0.171855,0.222719,0.004632,0.000532,-0.002676,0.007615,-0.001137,-0.002393,0.000266,0,0.000000,0.000000,0.000000,0.000000,0.000000,0.000000,0.000000,0.000000,0.063049,0.062973
30.962737,1.230000,0.282000,1.500000,1.200146,0.245052,1.467317,1.200062,0.245017,1.467304,0.000000,0.000000,-0.000000,1.000000,-0.171855,0.222719,0.004632,0.000532,-0.002676,0.007615,-0.001137,-0.002393,0.000266,0,0.000000,0.000000,0.000000,0.000000,0.000000,0.000000,0.000000,0.000000,0.057659,0.057733
30.979369,1.229000,0.289000,1.500000,1.198197,0.204698,1.560991,1.198449,0.204781,1.560866,0.000000,0.000000,-0.000000,1.000000,-0.171855,0.222719,0.004632,0.000532,-0.002676,0.007615,-0.001137,-0.002393,0.000266,0,0.000000,0.000000,0.000000,0.000000,0.000000,0.000000,0.000000,0.000000,0.108515,0.108309
30.995941,1.227000,0.296000,1.500000,1.239427,0.262888,1.511546,1.239596,0.263107,1.511477,0.000000,0.000000,-0.000000,1.000000,-0.171855,0.222719,0.004632,0.000532,-0.002676,0.007615,-0.001137,-0.002393,0.000266,0,0.000000,0.000000,0.000000,0.000000,0.000000,0.000000,0.000000,0.000000,0.037205,0.037045
31.012562,1.224000,0.304000,1.500000,1.209665,0.259427,1.584142,1.209685,0.259742,1.583959,0.000000,0.000000,-0.000000,1.000000,-0.171855,0.222719,0.004632,0.000532,-0.002676,0.007615,-0.001137,-0.002393,0.000266,0,0.000000,0.000000,0.000000,0.000000,0.000000,0.000000,0.000000,0.000000,0.096292,0.095983
31.029202,1.222000,0.309000,1.500000,1.231505,0.270991,1.461784,1.231504,0.270986,1.461789,0.000000,0.000000,-0.000000,1.000000,-0.171855,0.222719,0.004632,0.000532,-0.002676,0.007615,-0.001137,-0.002393,0.000266,0,0.000000,0.000000,0.000000,0.000000,0.000000,0.000000,0.000000,0.000000,0.054731,0.054731
31.045875,1.219000,0.322000,1.500000,1.217445,0.267983,1.593449,1.229206,0.269041,1.527757,0.013503,-0.016414,0.942655,0.333090,-0.165550,0.213100,0.005161,0.000532,-0.002676,0.007615,-0.001137,-0.002393,0.000266,5,-0.062476,0.133758,9.880645,-0.062630,-0.040040,-0.106755,9.881911,0.132707,0.107949,0.060657
31.062498,1.218000,0.328000,1.500000,1.242806,0.271126,1.497928,1.229390,0.271437,1.517800,0.043442,-0.026339,0.936719,0.346377,-0.165934,0.211436,0.004832,0.000532,-0.002676,0.007615,-0.001137,-0.002393,0.000266,6,0.004409,0.393995,9.934229,0.041097,0.003776,0.039103,9.942235,0.098926,0.062083,0.060382
31.079038,1.216000,0.331000,1.500000,1.155287,0.261587,1.534656,1.155837,0.261944,1.534593,0.000000,-0.000000,0.000000,1.000000,-0.165934,0.211436,0.004832,0.000532,-0.002676,0.007615,-0.001137,-0.002393,0.000266,0,0.000000,0.000000,0.000000,0.000000,0.000000,0.000000,0.000000,0.000000,0.098516,0.097903
31.095657,1.215000,0.335000,1.500000,1.192895,0.286678,1.414083,1.192893,0.286673,1.414084,0.000000,0.000000,0.000000,1.000000,-0.165934,0.211436,0.004832,0.000532,-0.002676,0.007615,-0.001137,-0.002393,0.000266,0,0.000000,0.000000,0.000000,0.000000,0.000000,0.000000,0.000000,0.000000,0.101022,0.101023
31.112328,1.214000,0.340000,1.500000,1.194811,0.249622,1.460940,1.203706,0.284187,1.437158,-0.002301,-0.004174,0.323641,0.946168,-0.166199,0.210799,0.005212,0.000532,-0.002676,0.007615,-0.001137,-0.002393,0.000266,9,-0.031619,-0.110094,9.848492,-0.100907,0.013334,0.006580,9.849555,0.118737,0.100310,0.084677
31.128931,1.213000,0.343000,1.500000,1.198320,0.301209,1.552576,1.200223,0.276277,1.476086,-0.004544,-0.004488,0.377442,0.926011,-0.162909,0.216754,0.007997,0.000532,-0.002676,0.007615,-0.001137,-0.002393,0.000266,12,0.089822,-0.412044,9.991102,-0.171751,-0.018392,-0.005865,10.000274,0.183241,0.068747,0.072021
31.145628,1.211000,0.345000,1.501000,1.191982,0.295678,1.553304,1.191980,0.295698,1.553289,-0.000000,-0.000000,0.000000,1.000000,-0.162909,0.216754,0.007997,0.000532,-0.002676,0.007615,-0.001137,-0.002393,0.000266,0,0.000000,0.000000,0.000000,0.000000,0.000000,0.000000,0.000000,0.000000,0.074364,0.074341
31.162145,1.210000,0.350000,1.501000,1.185395,0.304919,1.541541,1.188395,0.301153,1.547343,0.018362,0.020654,0.530720,0.847097,-0.157995,0.223416,0.010549,0.000532,-0.002676,0.007615,-0.001137,-0.002393,0.000266,17,0.254335,0.289089,9.977790,-0.122612,-0.033089,-0.044308,9.988287,0.152132,0.065431,0.070714
31.178813,1.208000,0.357000,1.501000,1.179483,0.284716,1.453295,1.184415,0.305046,1.515912,0.016725,0.014400,0.708709,0.705156,-0.151376,0.216951,0.010634,0.000532,-0.002676,0.007615,-0.001137,-0.002393,0.000266,17,-0.220479,-0.123194,9.873800,0.053007,-0.024275,-0.033242,9.882382,0.099522,0.091180,0.058973
31.195481,1.206000,0.362000,1.501000,1.182280,0.349827,1.560280,1.183842,0.309031,1.527260,0.011695,-0.002474,0.915779,0.401505,-0.136567,0.227185,0.012299,0.000532,-0.002676,0.007615,-0.001137,-0.002393,0.000266,17,-0.198096,-0.096535,9.908572,0.027618,0.009752,0.011272,9.914002,0.088669,0.064999,0.063137
31.212077,1.204000,0.369000,1.501000,1.202538,0.298094,1.567523,1.183659,0.313818,1.535540,0.013625,0.029730,0.426735,0.903785,-0.124844,0.216426,0.012829,0.000532,-0.002676,0.007615,-0.001137,-0.002393,0.000266,17,-0.233890,0.049441,9.837811,0.110883,0.070001,-0.020116,9.843517,0.156051,0.097237,0.068204
31.228657,1.202000,0.374000,1.501000,1.170477,0.313205,1.557175,1.179722,0.316444,1.539356,0.014964,0.025233,0.606296,0.794698,-0.113907,0.210708,0.008585,0.000532,-0.002676,0.007615,-0.001137,-0.002393,0.000266,16,-0.194287,-0.555373,9.550120,-0.039502,0.011835,0.014466,9.569560,0.172747,0.088574,0.072664
31.245275,1.200000,0.379000,1.501000,1.152442,0.339677,1.481666,1.173959,0.322872,1.531163,0.011308,0.021425,0.668750,0.743093,-0.112176,0.216347,0.001420,0.000532,-0.002676,0.007616,-0.001137,-0.002393,0.000266,17,-0.033616,0.027076,9.426943,-0.215334,-0.025004,-0.000899,9.430835,0.222249,0.064668,0.068835
31.261973,1.198000,0.386000,1.501000,1.177224,0.370424,1.512859,1.172774,0.329913,1.528774,-0.002521,0.041090,-0.018947,0.998973,-0.098621,0.242488,-0.001065,0.000532,-0.002676,0.007616,-0.001137,-0.002393,0.000266,17,0.087760,0.144945,9.714725,-0.106955,-0.072629,-0.026643,9.716752,0.139159,0.028546,0.067480
31.278560,1.196000,0.391000,1.501000,1.158374,0.351155,1.564371,1.171645,0.336500,1.532549,-0.009890,0.044858,0.050205,0.997682,-0.068678,0.233164,-0.004966,0.000532,-0.002676,0.007615,-0.001137,-0.002393,0.000266,17,0.018280,0.103478,9.642051,-0.123709,-0.071384,0.018678,9.644844,0.156189,0.083780,0.067519
31.295183,1.195000,0.395000,1.501000,1.191293,0.342181,1.599133,1.171947,0.341810,1.539400,-0.009520,0.042384,0.143481,0.988699,-0.070425,0.228665,-0.000890,0.000532,-0.002676,0.007613,-0.001137,-0.002393,0.000266,16,-0.098168,0.239722,9.946688,-0.091633,-0.040922,-0.017040,9.951289,0.124363,0.111507,0.069535
31.311795,1.192000,0.403000,1.500000,1.208610,0.381228,1.434208,1.174722,0.348119,1.529485,-0.011042,0.045557,-0.024963,0.998589,-0.053788,0.262751,-0.001843,0.000532,-0.002676,0.007617,-0.001137,-0.002393,0.000266,17,0.054924,0.584645,10.000205,0.039301,0.011670,-0.056434,10.017792,0.115465,0.071264,0.064651
31.328464,1.190000,0.408000,1.500000,1.164412,0.337209,1.515901,1.173384,0.352228,1.528328,-0.006724,0.041519,0.132386,0.990305,-0.035995,0.263525,-0.004238,0.000532,-0.002676,0.007617,-0.001137,-0.002393,0.000266,17,0.044971,0.268113,9.746284,0.063605,0.001982,0.010696,9.754039,0.156630,0.076935,0.064723
31.345108,1.188000,0.415000,1.500000,1.155255,0.351997,1.509260,1.170807,0.356148,1.526795,-0.005263,0.038546,0.205473,0.977889,-0.034991,0.266869,-0.005643,0.000532,-0.002676,0.007618,-0.001137,-0.002393,0.000266,17,-0.125788,-0.212703,9.737693,-0.100787,-0.006974,-0.003810,9.741380,0.124654,0.071606,0.066912
31.361719,1.186000,0.420000,1.500000,1.191785,0.351400,1.542631,1.172252,0.359878,1.527835,-0.005901,0.039068,0.164252,0.985627,-0.019748,0.275462,-0.005107,0.000532,-0.002676,0.007618,-0.001137,-0.002393,0.000266,17,-0.063979,0.357138,9.861468,-0.032163,-0.047951,-0.036594,9.869022,0.098155,0.080974,0.067664
31.378278,1.184000,0.425000,1.500000,1.167887,0.373734,1.500678,1.171655,0.365244,1.525865,-0.005657,0.039113,0.185308,0.981886,-0.009512,0.286832,-0.002993,0.000532,-0.002676,0.007619,-0.001137,-0.002393,0.000266,16,0.076172,0.264981,10.044201,0.024128,-0.012980,-0.006141,10.049120,0.098849,0.053743,0.066274
31.394963,1.182000,0.430000,1.499000,1.131054,0.397686,1.421346,1.168335,0.372157,1.518910,-0.004649,0.038767,0.261689,0.964362,-0.007040,0.304231,-0.001887,0.000531,-0.002676,0.007627,-0.001137,-0.002393,0.000266,17,0.281011,0.362420,10.139328,0.058747,0.035306,0.013913,10.151790,0.108456,0.098335,0.062681
31.411591,1.179000,0.439000,1.500000,1.156612,0.395864,1.559495,1.167209,0.378904,1.521531,-0.004934,0.038819,0.291407,0.955799,0.001178,0.323311,0.000795,0.000531,-0.002676,0.007623,-0.001137,-0.002393,0.000266,17,0.324676,0.256474,9.923502,0.033755,0.031951,0.006064,9.934166,0.060099,0.076822,0.064916
31.428224,1.177000,0.444000,1.499000,1.147192,0.404919,1.574749,1.165755,0.386344,1.524846,-0.005932,0.038910,0.316011,0.947939,0.005006,0.339254,0.004971,0.000531,-0.002676,0.007618,-0.001137,-0.002393,0.000266,17,0.104133,0.182418,9.953892,0.017005,0.045887,0.015240,9.958715,0.114310,0.090298,0.064177
31.444755,1.175000,0.450000,1.499000,1.152695,0.381555,1.519714,1.164694,0.387936,1.524658,-0.003864,0.038606,0.355000,0.934061,0.004821,0.336595,0.005981,0.000531,-0.002676,0.007618,-0.001137,-0.002393,0.000266,7,-0.043400,-0.281436,9.953902,0.111925,0.008742,-0.042915,9.958728,0.124411,0.074909,0.067945
31.461470,1.173000,0.458000,1.499000,1.176212,0.429840,1.461936,1.165242,0.391173,1.521154,-0.007252,0.038575,0.300987,0.952820,0.010003,0.347247,0.003043,0.000531,-0.002676,0.007623,-0.001137,-0.002393,0.000266,2,0.139385,0.094446,9.739578,-0.003683,-0.018625,-0.017771,9.741123,0.027987,0.046658,0.070830
31.478111,1.170000,0.462000,1.500000,1.148768,0.399849,1.551521,1.164584,0.393628,1.522762,-0.009089,0.037939,0.263967,0.963742,0.013183,0.353135,0.003807,0.000532,-0.002676,0.007620,-0.001137,-0.002393,0.000266,6,-0.041143,0.031731,9.807642,0.000790,-0.055019,0.023161,9.808155,0.113904,0.083474,0.072264
31.494660,1.168000,0.467000,1.500000,1.158813,0.433311,1.528075,1.158804,0.433339,1.528024,0.000000,-0.000000,0.000000,1.000000,0.013183,0.353135,0.003807,0.000532,-0.002676,0.007620,-0.001137,-0.002393,0.000266,0,0.000000,0.000000,0.000000,0.000000,0.000000,0.000000,0.000000,0.000000,0.044806,0.044755
31.511364,1.165000,0.475000,1.500000,1.157671,0.395350,1.529530,1.164848,0.413157,1.528448,-0.005487,-0.005617,-0.397226,0.917687,0.015523,0.354695,0.001996,0.000532,-0.002676,0.007620,-0.001137,-0.002393,0.000266,15,0.161643,0.154031,9.690324,-0.045091,-0.081749,0.008058,9.696561,0.106150,0.085264,0.068073
31.527940,1.163000,0.481000,1.500000,1.128846,0.447986,1.501874,1.149968,0.412174,1.520080,0.025351,0.010822,0.906193,0.421966,0.015780,0.359393,0.002091,0.000532,-0.002676,0.007621,-0.001137,-0.002393,0.000266,8,0.071155,0.354035,9.844752,0.008521,-0.111388,-0.009599,9.852409,0.132374,0.047539,0.072870
31.544556,1.161000,0.485000,1.500000,1.134902,0.480888,1.574080,1.156121,0.438915,1.532580,-0.020066,-0.009587,-0.180696,0.983288,0.014243,0.363254,0.002107,0.000532,-0.002676,0.007620,-0.001137,-0.002393,0.000266,2,0.075474,-0.079038,9.833016,0.208176,-0.038477,-0.027135,9.833627,0.213764,0.078650,0.056649
31.561201,1.159000,0.491000,1.499000,1.138763,0.460706,1.530855,1.160650,0.447249,1.532258,0.000301,0.007872,0.771598,0.636062,0.021966,0.371767,0.001371,0.000532,-0.002676,0.007620,-0.001137,-0.002393,0.000266,6,0.248738,-0.305087,9.719178,0.190740,-0.088412,-0.006666,9.727431,0.212210,0.048394,0.054981
31.577809,1.156000,0.498000,1.500000,1.131777,0.415448,1.531512,1.131767,0.415428,1.531591,-0.000000,-0.000000,0.000000,1.000000,0.021966,0.371767,0.001371,0.000532,-0.002676,0.007620,-0.001137,-0.002393,0.000266,0,0.000000,0.000000,0.000000,0.000000,0.000000,0.000000,0.000000,0.000000,0.091622,0.091670
31.594422,1.154000,0.504000,1.499000,1.101870,0.467540,1.484233,1.101195,0.467674,1.483969,-0.000000,0.000000,0.000000,1.000000,0.021966,0.371767,0.001371,0.000532,-0.002676,0.007620,-0.001137,-0.002393,0.000266,0,0.000000,0.000000,0.000000,0.000000,0.000000,0.000000,0.000000,0.000000,0.065307,0.065832
31.611059,1.152000,0.507000,1.499000,1.176634,0.479876,1.525167,1.176403,0.479498,1.525245,-0.000000,0.000000,0.000000,1.000000,0.021966,0.371767,0.001371,0.000532,-0.002676,0.007620,-0.001137,-0.002393,0.000266,0,0.000000,0.000000,0.000000,0.000000,0.000000,0.000000,0.000000,0.000000,0.045025,0.045174
31.644297,1.146000,0.521000,1.499000,1.140533,0.488614,1.585229,1.158342,0.490922,1.556322,0.020844,-0.018567,0.179136,0.983428,0.007020,0.368937,-0.013170,0.000531,-0.002676,0.007620,-0.001137,-0.002393,0.000266,34,-0.069799,-0.098014,9.802915,0.037899,-0.019748,0.021404,9.806372,0.121601,0.092272,0.065900
31.660924,1.144000,0.527000,1.499000,1.127637,0.471927,1.588499,1.159613,0.485218,1.566717,-0.031505,-0.011567,0.995448,0.089206,-0.003020,0.347699,-0.001582,0.000532,-0.002676,0.007621,-0.001137,-0.002393,0.000266,16,-0.114420,0.118680,9.735820,-0.090295,-0.021822,0.025362,9.742424,0.112827,0.106353,0.081087
31.677509,1.141000,0.532000,1.499000,1.094114,0.471850,1.484543,1.154954,0.488895,1.546445,-0.030228,-0.011410,0.837202,0.545939,-0.043958,0.353294,-0.003056,0.000531,-0.002676,0.007621,-0.001137,-0.002393,0.000266,17,0.129872,0.534779,9.868109,0.106108,0.013841,-0.035139,9.884732,0.117208,0.077623,0.065603
31.694160,1.138000,0.540000,1.499000,1.098792,0.494429,1.447095,1.127114,0.491342,1.525479,-0.038884,-0.026865,0.926144,0.374198,-0.049254,0.343611,-0.003919,0.000531,-0.002676,0.007622,-0.001137,-0.002393,0.000266,16,0.107213,0.282875,9.917207,0.149539,0.046290,-0.004096,9.923185,0.160309,0.079424,0.056456
31.710793,1.135000,0.545000,1.499000,1.102108,0.527167,1.598277,1.120781,0.498705,1.537256,-0.037636,-0.026257,0.922137,0.384133,-0.063056,0.342572,-0.002644,0.000532,-0.002676,0.007621,-0.001137,-0.002393,0.000266,6,-0.119474,0.111253,9.947598,0.125422,0.103274,0.011402,9.949452,0.164628,0.106094,0.061717
31.727433,1.132000,0.552000,1.499000,1.086065,0.482451,1.478377,1.121747,0.504844,1.529459,-0.041180,-0.019517,0.893012,0.447720,-0.084996,0.366043,-0.003201,0.000532,-0.002676,0.007622,-0.001137,-0.002393,0.000266,17,0.148893,0.640608,9.881623,0.130626,0.089176,-0.031366,9.905891,0.169424,0.085862,0.057066
31.744039,1.128000,0.559000,1.500000,1.124928,0.532410,1.529442,1.114921,0.510481,1.528762,-0.043863,-0.015643,0.941881,0.332704,-0.097793,0.344486,-0.004258,0.000531,-0.002676,0.007622,-0.001137,-0.002393,0.000266,15,0.232789,0.196668,9.809178,0.113150,0.081822,0.002519,9.815101,0.168738,0.039791,0.057900
31.760620,1.127000,0.563000,1.499000,1.017791,0.541547,1.526775,1.103729,0.512900,1.528271,-0.050280,-0.016470,0.950568,0.305976,-0.125195,0.345387,-0.006135,0.000532,-0.002676,0.007621,-0.001137,-0.002393,0.000266,5,0.273962,-0.019804,9.833016,0.015623,0.054269,0.015709,9.838349,0.065404,0.114709,0.062517
31.777313,1.122000,0.572000,1.499000,1.075110,0.526896,1.563571,1.099731,0.516602,1.531521,-0.051034,-0.018826,0.945136,0.322117,-0.131496,0.342475,-0.006021,0.000531,-0.002676,0.007621,-0.001137,-0.002393,0.000266,2,0.157715,0.538503,9.964232,-0.005716,0.011434,-0.016168,9.980027,0.029139,0.091665,0.067988
31.793887,1.119000,0.578000,1.500000,1.071796,0.528928,1.551417,1.071763,0.528898,1.551391,-0.000000,-0.000000,0.000000,1.000000,-0.131496,0.342475,-0.006021,0.000531,-0.002676,0.007621,-0.001137,-0.002393,0.000266,1,0.184464,0.456826,10.010252,0.032018,-0.043094,-0.042619,10.022368,0.068546,0.085323,0.085343
31.810481,1.115000,0.585000,1.500000,1.069710,0.549760,1.535114,1.069647,0.542679,1.542986,-0.018159,0.014558,-0.386211,0.922117,-0.132895,0.338114,-0.007212,0.000531,-0.002676,0.007621,-0.001137,-0.002393,0.000266,16,-0.078605,-0.528837,9.786749,-0.083029,-0.104335,0.031283,9.803047,0.148803,0.067276,0.075470
31.827111,1.113000,0.591000,1.500000,1.089504,0.535281,1.492701,1.071486,0.547648,1.526446,-0.006751,0.022142,-0.788464,0.614645,-0.116586,0.332869,-0.005857,0.000531,-0.002676,0.007621,-0.001137,-0.002393,0.000266,17,0.109911,-0.024698,9.886617,-0.087223,-0.106058,-0.011041,9.889955,0.150513,0.060910,0.065591
31.843823,1.110000,0.594000,1.500000,1.068381,0.574783,1.518786,1.072329,0.553762,1.524328,-0.014234,0.027640,-0.506158,0.861880,-0.115210,0.336971,-0.006136,0.000531,-0.002676,0.007621,-0.001137,-0.002393,0.000266,12,-0.206697,0.116023,9.806027,-0.042124,-0.094773,-0.039906,9.810643,0.115968,0.049541,0.060250
31.860390,1.107000,0.601000,1.500000,1.045672,0.559933,1.521825,1.067047,0.555830,1.523881,-0.013422,0.023600,-0.472815,0.880743,-0.115201,0.339532,-0.006134,0.000531,-0.002676,0.007621,-0.001137,-0.002393,0.000266,2,-0.109999,0.018529,9.820191,0.007845,-0.078065,-0.017683,9.820848,0.080846,0.076967,0.064860
31.877010,1.105000,0.604000,1.500000,1.078006,0.559155,1.543422,1.078035,0.559134,1.543440,0.000000,0.000000,-0.000000,1.000000,-0.115201,0.339532,-0.006134,0.000531,-0.002676,0.007621,-0.001137,-0.002393,0.000266,0,0.000000,0.000000,0.000000,0.000000,0.000000,0.000000,0.000000,0.000000,0.068009,0.068023
31.910287,1.098000,0.616000,1.500000,1.059415,0.585052,1.551753,1.059115,0.585184,1.551675,0.000000,0.000000,0.000000,1.000000,-0.115201,0.339532,-0.006134,0.000531,-0.002676,0.007621,-0.001137,-0.002393,0.000266,0,0.000000,0.000000,0.000000,0.000000,0.000000,0.000000,0.000000,0.000000,0.071589,0.071638
31.926880,1.094000,0.623000,1.500000,1.117487,0.586426,1.624710,1.117353,0.586157,1.624819,0.000000,0.000000,0.000000,1.000000,-0.115201,0.339532,-0.006134,0.000531,-0.002676,0.007621,-0.001137,-0.002393,0.000266,0,0.000000,0.000000,0.000000,0.000000,0.000000,0.000000,0.000000,0.000000,0.132068,0.132222
31.943514,1.092000,0.626000,1.500000,1.078210,0.574263,1.542544,1.078123,0.574405,1.542519,0.000000,0.000000,0.000000,1.000000,-0.115201,0.339532,-0.006134,0.000531,-0.002676,0.007621,-0.001137,-0.002393,0.000266,0,0.000000,0.000000,0.000000,0.000000,0.000000,0.000000,0.000000,0.000000,0.068388,0.068282
31.960149,1.088000,0.632000,1.500000,1.031471,0.638532,1.473411,1.030690,0.638646,1.473200,0.000000,0.000000,0.000000,1.000000,-0.115201,0.339532,-0.006134,0.000531,-0.002676,0.007621,-0.001137,-0.002393,0.000266,0,0.000000,0.000000,0.000000,0.000000,0.000000,0.000000,0.000000,0.000000,0.062811,0.063615
31.976727,1.085000,0.637000,1.500000,1.042285,0.605001,1.578638,1.042285,0.605001,1.578638,0.000000,0.000000,0.000000,1.000000,-0.115201,0.339532,-0.006134,0.000531,-0.002676,0.007621,-0.001137,-0.002393,0.000266,0,0.000000,0.000000,0.000000,0.000000,0.000000,0.000000,0.000000,0.000000,0.095039,0.095039
31.993430,1.079000,0.648000,1.501000,1.043793,0.588645,1.566166,1.043784,0.588620,1.566149,0.000000,0.000000,0.000000,1.000000,-0.115201,0.339532,-0.006134,0.000531,-0.002676,0.007621,-0.001137,-0.002393,0.000266,0,0.000000,0.000000,0.000000,0.000000,0.000000,0.000000,0.000000,0.000000,0.094917,0.094924
32.010020,1.077000,0.649000,1.500000,1.046503,0.623430,1.603981,1.046436,0.623342,1.603988,0.000000,0.000000,0.000000,1.000000,-0.115201,0.339532,-0.006134,0.000531,-0.002676,0.007621,-0.001137,-0.002393,0.000266,0,0.000000,0.000000,0.000000,0.000000,0.000000,0.000000,0.000000,0.000000,0.111337,0.111383
32.043215,1.072000,0.659000,1.501000,1.059116,0.630840,1.529003,1.059013,0.630735,1.528984,0.000000,0.000000,0.000000,1.000000,-0.115201,0.339532,-0.006134,0.000531,-0.002676,0.007621,-0.001137,-0.002393,0.000266,0,0.000000,0.000000,0.000000,0.000000,0.000000,0.000000,0.000000,0.000000,0.041750,0.041841
32.059870,1.065000,0.669000,1.501000,0.991560,0.654973,1.583700,1.053983,0.650064,1.550561,0.053967,0.196493,0.821924,0.531901,-0.138642,0.395187,-0.010829,0.000531,-0.002676,0.007621,-0.001137,-0.002393,0.000266,17,0.021282,0.036086,9.745429,0.030440,-0.105896,-0.006904,9.748098,0.121881,0.111488,0.054187
32.076525,1.061000,0.675000,1.501000,1.067436,0.638777,1.541821,1.037960,0.646001,1.552246,-0.047687,0.107801,0.785110,0.608035,-0.089558,0.403388,-0.018105,0.000531,-0.002676,0.007621,-0.001137,-0.002393,0.000266,12,-0.106948,-0.021777,9.602610,0.006545,-0.110491,0.009144,9.604552,0.120943,0.054954,0.063229
32.093136,1.058000,0.680000,1.501000,1.062951,0.636319,1.530179,1.043790,0.645110,1.546399,-0.035719,0.120054,0.819750,0.558857,-0.093455,0.411909,-0.019484,0.000531,-0.002676,0.007621,-0.001137,-0.002393,0.000266,5,-0.071951,0.377018,9.744538,-0.103153,-0.072270,0.031432,9.752635,0.131425,0.052763,0.058994
32.109701,1.055000,0.686000,1.500000,0.995757,0.637134,1.551684,1.033211,0.646996,1.547846,-0.057065,0.104444,0.711329,0.692710,-0.091406,0.435230,-0.022456,0.000531,-0.002676,0.007621,-0.001137,-0.002393,0.000266,11,0.064638,-0.000158,9.774138,0.013751,-0.023671,0.001860,9.774968,0.057721,0.092568,0.065463
32.126345,1.052000,0.688000,1.500000,1.043504,0.605603,1.538332,1.035392,0.643780,1.546719,-0.049555,0.102237,0.724619,0.679720,-0.081290,0.446651,-0.025941,0.000531,-0.002676,0.007621,-0.001137,-0.002393,0.000266,10,-0.156146,-0.202473,9.564107,-0.103235,0.019648,0.021851,9.568373,0.110401,0.091273,0.066437
32.143000,1.047000,0.697000,1.500000,1.041566,0.664254,1.591358,1.034697,0.652656,1.552486,-0.024346,0.112177,0.870980,0.477721,-0.068089,0.483141,-0.029897,0.000531,-0.002676,0.007621,-0.001137,-0.002393,0.000266,17,-0.124457,-0.028375,9.816200,-0.125640,-0.031126,-0.029045,9.817424,0.145116,0.097202,0.069804
32.159627,1.045000,0.700000,1.500000,1.001174,0.651758,1.479426,1.029471,0.659049,1.543311,-0.025785,0.108407,0.874197,0.472612,-0.058777,0.510623,-0.033624,0.000531,-0.002676,0.007622,-0.001137,-0.002393,0.000266,17,-0.372707,-0.134781,9.819210,-0.044767,0.021298,-0.019829,9.828661,0.095249,0.068347,0.061596
32.176198,1.043000,0.704000,1.500000,0.980166,0.652128,1.457540,1.022434,0.665704,1.533498,-0.020377,0.105795,0.920150,0.376453,-0.062078,0.536954,-0.038145,0.000531,-0.002676,0.007623,-0.001137,-0.002393,0.000266,16,0.006784,0.070580,9.762772,-0.031883,0.024485,-0.001579,9.764814,0.078054,0.091879,0.054878
32.192823,1.041000,0.709000,1.499000,1.018692,0.631741,1.604893,1.021696,0.668841,1.540584,-0.006794,0.099124,0.956937,0.272764,-0.060098,0.553382,-0.037028,0.000531,-0.002676,0.007622,-0.001137,-0.002393,0.000266,15,0.205915,0.341128,9.846929,-0.107365,-0.026966,-0.015850,9.857620,0.117565,0.132966,0.060948
32.209508,1.036000,0.714000,1.499000,0.998008,0.669955,1.528475,1.018974,0.673697,1.539345,-0.003906,0.097374,0.963168,0.250620,-0.063530,0.563098,-0.036109,0.000531,-0.002676,0.007622,-0.001137,-0.002393,0.000266,11,0.154505,0.592056,9.897259,-0.020458,0.004268,-0.038271,9.920503,0.056038,0.065208,0.059514
32.226112,1.033000,0.719000,1.499000,1.003330,0.685427,1.574215,1.016960,0.676369,1.542089,-0.010163,0.097644,0.949218,0.298910,-0.066930,0.569438,-0.035760,0.000531,-0.002676,0.007621,-0.001137,-0.002393,0.000266,3,0.238438,0.305023,9.826070,0.261903,0.083484,-0.029127,9.834668,0.277672,0.087549,0.062700
32.242705,1.029000,0.726000,1.499000,0.954064,0.683226,1.476849,1.011342,0.682021,1.537171,-0.012766,0.096453,0.951963,0.290346,-0.074362,0.585045,-0.035018,0.000531,-0.002676,0.007623,-0.001137,-0.002393,0.000266,12,-0.058272,0.340232,10.051717,0.142398,0.081038,0.024250,10.058326,0.174661,0.089083,0.060852
32.259336,1.026000,0.729000,1.499000,0.967088,0.693860,1.478450,1.007925,0.683036,1.533105,-0.016883,0.095926,0.945574,0.310490,-0.080811,0.587864,-0.036164,0.000531,-0.002676,0.007624,-0.001137,-0.002393,0.000266,2,-0.041006,0.022326,9.984954,0.146589,-0.018657,-0.031770,9.985070,0.151965,0.071609,0.060022
32.275999,1.024000,0.734000,1.499000,0.982524,0.682137,1.572470,0.982673,0.682221,1.572436,0.000000,0.000000,0.000000,1.000000,-0.080811,0.587864,-0.036164,0.000531,-0.002676,0.007624,-0.001137,-0.002393,0.000266,0,0.000000,0.000000,0.000000,0.000000,0.000000,0.000000,0.000000,0.000000,0.099035,0.098903
32.292635,1.019000,0.739000,1.498000,0.993711,0.640198,1.456239,0.993708,0.640199,1.456239,0.000000,0.000000,0.000000,1.000000,-0.080811,0.587864,-0.036164,0.000531,-0.002676,0.007624,-0.001137,-0.002393,0.000266,0,0.000000,0.000000,0.000000,0.000000,0.000000,0.000000,0.000000,0.000000,0.110206,0.110206
32.309267,1.017000,0.745000,1.499000,0.985146,0.681821,1.489528,0.985032,0.681765,1.489533,0.000000,0.000000,0.000000,1.000000,-0.080811,0.587864,-0.036164,0.000531,-0.002676,0.007624,-0.001137,-0.002393,0.000266,0,0.000000,0.000000,0.000000,0.000000,0.000000,0.000000,0.000000,0.000000,0.071387,0.071486
32.325913,1.013000,0.751000,1.499000,0.975427,0.703182,1.580795,0.975380,0.703110,1.580796,0.000000,0.000000,0.000000,1.000000,-0.080811,0.587864,-0.036164,0.000531,-0.002676,0.007624,-0.001137,-0.002393,0.000266,0,0.000000,0.000000,0.000000,0.000000,0.000000,0.000000,0.000000,0.000000,0.101925,0.101977
32.342447,1.009000,0.754000,1.499000,0.945813,0.665715,1.517336,0.946183,0.665903,1.517349,0.000000,0.000000,0.000000,1.000000,-0.080811,0.587864,-0.036164,0.000531,-0.002676,0.007624,-0.001137,-0.002393,0.000266,0,0.000000,0.000000,0.000000,0.000000,0.000000,0.000000,0.000000,0.000000,0.110105,0.109744
32.359174,1.005000,0.760000,1.499000,0.973384,0.739303,1.468746,0.972678,0.738994,1.468776,0.000000,0.000000,0.000000,1.000000,-0.080811,0.587864,-0.036164,0.000531,-0.002676,0.007624,-0.001137,-0.002393,0.000266,0,0.000000,0.000000,0.000000,0.000000,0.000000,0.000000,0.000000,0.000000,0.048407,0.048984
32.375787,1.002000,0.765000,1.498000,0.973824,0.725538,1.482504,0.974089,0.725523,1.482507,0.000000,0.000000,0.000000,1.000000,-0.080811,0.587864,-0.036164,0.000531,-0.002676,0.007624,-0.001137,-0.002393,0.000266,0,0.000000,0.000000,0.000000,0.000000,0.000000,0.000000,0.000000,0.000000,0.050904,0.050769
32.392361,0.999000,0.770000,1.498000,0.955650,0.706549,1.521347,0.955801,0.706558,1.521277,0.000000,0.000000,0.000000,1.000000,-0.080811,0.587864,-0.036164,0.000531,-0.002676,0.007624,-0.001137,-0.002393,0.000266,0,0.000000,0.000000,0.000000,0.000000,0.000000,0.000000,0.000000,0.000000,0.080314,0.080205
32.408940,0.995000,0.774000,1.498000,0.955583,0.735732,1.552782,0.955524,0.735703,1.552830,0.000000,0.000000,0.000000,1.000000,-0.080811,0.587864,-0.036164,0.000531,-0.002676,0.007624,-0.001137,-0.002393,0.000266,0,0.000000,0.000000,0.000000,0.000000,0.000000,0.000000,0.000000,0.000000,0.077583,0.077661
32.425621,0.994000,0.777000,1.498000,0.943098,0.727282,1.531135,0.943098,0.727333,1.531119,0.000000,0.000000,0.000000,1.000000,-0.080811,0.587864,-0.036164,0.000531,-0.002676,0.007624,-0.001137,-0.002393,0.000266,0,0.000000,0.000000,0.000000,0.000000,0.000000,0.000000,0.000000,0.000000,0.078491,0.078452
32.442309,0.988000,0.785000,1.498000,0.930923,0.753382,1.522276,0.930703,0.753437,1.522211,0.000000,0.000000,0.000000,1.000000,-0.080811,0.587864,-0.036164,0.000531,-0.002676,0.007624,-0.001137,-0.002393,0.000266,0,0.000000,0.000000,0.000000,0.000000,0.000000,0.000000,0.000000,0.000000,0.069619,0.069752
32.475421,0.982000,0.793000,1.498000,0.932813,0.742780,1.531823,0.928838,0.757930,1.526460,-0.008377,0.001271,-0.509478,0.860442,-0.077792,0.586392,-0.035093,0.000531,-0.002676,0.007624,-0.001137,-0.002393,0.000266,33,0.128591,-0.013257,9.844715,0.032245,0.007042,-0.002667,9.849893,0.091133,0.078009,0.069757
32.492112,0.978000,0.797000,1.498000,0.963933,0.722641,1.613158,0.915943,0.768764,1.554548,0.000164,-0.008408,0.207359,0.978229,-0.073269,0.573349,-0.031720,0.000532,-0.002676,0.007624,-0.001137,-0.002393,0.000266,17,0.023849,0.228444,9.965350,0.066084,-0.010457,0.011863,9.968980,0.105473,0.137799,0.088578
32.508731,0.973000,0.802000,1.498000,0.962657,0.768154,1.566044,0.913059,0.758723,1.556725,0.010175,-0.023825,0.972392,0.231911,-0.083517,0.571607,-0.029767,0.000532,-0.002676,0.007624,-0.001137,-0.002393,0.000266,15,0.063616,-0.287931,9.993389,-0.028612,-0.042519,0.029196,9.999964,0.087735,0.076697,0.094416
32.525368,0.970000,0.807000,1.498000,0.920848,0.719909,1.563118,0.938750,0.758150,1.558466,0.001322,0.001865,-0.313211,0.949681,-0.055103,0.540662,-0.029417,0.000531,-0.002676,0.007624,-0.001137,-0.002393,0.000266,5,0.201983,0.067192,9.935040,0.047941,0.009942,0.019553,9.937589,0.060273,0.119336,0.083779
32.541944,0.965000,0.814000,1.498000,0.891812,0.814200,1.489108,0.931037,0.772636,1.546404,0.008818,0.006361,-0.446701,0.894617,-0.076462,0.557573,-0.028916,0.000531,-0.002676,0.007625,-0.001137,-0.002393,0.000266,16,0.224649,-0.303087,9.871674,-0.127317,-0.046241,-0.009693,9.880268,0.141148,0.073727,0.072163
32.558621,0.960000,0.819000,1.498000,0.923587,0.740874,1.519180,0.928998,0.775878,1.542037,0.014669,0.002481,-0.296655,0.954869,-0.072189,0.547821,-0.029894,0.000531,-0.002676,0.007625,-0.001137,-0.002393,0.000266,17,0.038629,0.261353,9.816651,-0.139675,-0.011992,-0.018917,9.826679,0.144536,0.088759,0.068992
32.575250,0.957000,0.823000,1.498000,0.957761,0.783682,1.593100,0.931948,0.784133,1.548049,0.016380,0.003304,-0.114385,0.993296,-0.067349,0.542836,-0.029411,0.000531,-0.002676,0.007624,-0.001137,-0.002393,0.000266,17,-0.031478,0.077358,9.785074,-0.091001,-0.038096,-0.018566,9.787684,0.108730,0.102910,0.068141
32.591889,0.952000,0.828000,1.498000,0.928929,0.797987,1.616355,0.930556,0.793677,1.555314,0.014101,0.001975,-0.137825,0.990354,-0.068750,0.541851,-0.029704,0.000531,-0.002676,0.007622,-0.001137,-0.002393,0.000266,17,-0.009342,0.068432,9.691425,-0.097372,-0.134135,-0.020962,9.692445,0.172520,0.124262,0.070163
32.608444,0.951000,0.829000,1.498000,0.939592,0.784006,1.565555,0.930629,0.799987,1.555875,0.015955,0.002272,-0.120230,0.992615,-0.066711,0.533494,-0.031772,0.000532,-0.002676,0.007622,-0.001137,-0.002393,0.000266,16,-0.073268,0.131103,9.681932,-0.044524,-0.087546,-0.003836,9.684382,0.127313,0.081965,0.067869
32.625037,0.945000,0.836000,1.498000,0.868794,0.817187,1.483553,0.923491,0.808796,1.548626,0.012485,0.005333,-0.428872,0.903263,-0.075480,0.529783,-0.034522,0.000531,-0.002676,0.007625,-0.001137,-0.002393,0.000266,17,0.136321,-0.215871,9.758401,-0.143668,-0.089425,0.028039,9.761969,0.199282,0.079813,0.061365
32.641733,0.941000,0.839000,1.497000,0.887995,0.812809,1.568309,0.918686,0.816807,1.549849,0.013125,0.003278,-0.404766,0.914320,-0.090371,0.520071,-0.033399,0.000531,-0.002676,0.007623,-0.001137,-0.002393,0.000266,17,-0.105070,-0.192067,9.848806,-0.213675,-0.087844,-0.003179,9.853003,0.234253,0.092631,0.061509
32.658352,0.935000,0.845000,1.497000,0.922756,0.801827,1.522739,0.917139,0.823607,1.547147,0.010265,0.003882,-0.443944,0.895987,-0.089529,0.512058,-0.032664,0.000531,-0.002676,0.007625,-0.001137,-0.002393,0.000266,17,0.120576,0.051704,9.923518,-0.173302,-0.074013,0.002700,9.926696,0.192564,0.051733,0.057371
32.675009,0.930000,0.852000,1.497000,0.894339,0.794443,1.521209,0.914008,0.828281,1.544688,0.012921,0.004818,-0.456011,0.889867,-0.086521,0.496586,-0.031243,0.000531,-0.002676,0.007626,-0.001137,-0.002393,0.000266,17,0.197489,0.546894,9.983107,-0.108752,-0.045362,0.038561,10.005353,0.152215,0.071906,0.055611
32.691569,0.926000,0.855000,1.497000,0.922504,0.814571,1.527060,0.912850,0.834631,1.542949,0.013336,0.004356,-0.466208,0.884564,-0.089156,0.491757,-0.027891,0.000531,-0.002676,0.007628,-0.001137,-0.002393,0.000266,16,-0.065799,0.106006,10.079238,-0.056116,-0.038979,-0.004180,10.081181,0.080072,0.050501,0.051953
32.708208,0.921000,0.861000,1.497000,0.887913,0.795784,1.568175,0.907911,0.842410,1.544276,0.009113,0.006967,-0.755675,0.654847,-0.103918,0.490498,-0.023215,0.000531,-0.002676,0.007626,-0.001138,-0.002393,0.000266,17,-0.189096,0.119410,10.060765,-0.011066,-0.061479,-0.005205,10.064544,0.120847,0.102048,0.052459
32.724910,0.914000,0.866000,1.497000,0.915046,0.841946,1.635454,0.904757,0.853128,1.549830,0.007210,0.004052,-0.846125,0.532920,-0.109445,0.530925,-0.017389,0.000531,-0.002675,0.007618,-0.001138,-0.002393,0.000266,17,-0.134358,0.188436,9.882742,0.010453,0.022397,-0.018629,9.889189,0.102383,0.140532,0.055155
32.741465,0.913000,0.867000,1.497000,0.900086,0.832410,1.494107,0.900559,0.860874,1.546070,0.011921,-0.000201,-0.797959,0.602594,-0.025380,0.529649,-0.022116,0.000532,-0.002675,0.007623,-0.001138,-0.002393,0.000266,17,0.022598,0.304678,9.703049,0.114998,0.012544,-0.018539,9.708635,0.132248,0.037035,0.050992
32.758063,0.911000,0.871000,1.497000,0.879721,0.793244,1.522756,0.894830,0.860525,1.544018,0.026276,-0.006256,-0.573361,0.818858,0.054509,0.555128,-0.025335,0.000532,-0.002675,0.007624,-0.001138,-0.002393,0.000266,16,0.200630,0.009919,9.695988,-0.015376,-0.048466,0.013234,9.698561,0.077860,0.087680,0.050812
32.774666,0.906000,0.875000,1.497000,0.868757,0.830903,1.569890,0.896195,0.865802,1.545256,-0.012990,-0.013357,0.909192,-0.415960,0.010148,0.488294,-0.024432,0.000531,-0.002676,0.007622,-0.001137,-0.002393,0.000266,17,0.124769,0.060456,9.832042,-0.005776,-0.039752,-0.007877,9.834111,0.075619,0.092976,0.050093
32.791321,0.902000,0.880000,1.497000,0.900930,0.844176,1.494234,0.899997,0.867748,1.542063,0.007684,0.015691,-0.787703,0.615807,-0.059425,0.419701,-0.028441,0.000533,-0.002677,0.007629,-0.001137,-0.002392,0.000266,17,0.081231,-0.085105,9.806663,0.023476,-0.079677,0.014458,9.808401,0.113473,0.035946,0.046742
32.808030,0.898000,0.883000,1.497000,0.870260,0.858070,1.525630,0.895647,0.873355,1.540806,0.009422,0.013751,-0.790867,0.611761,-0.093715,0.426311,-0.026734,0.000532,-0.002677,0.007631,-0.001137,-0.002392,0.000266,15,-0.280498,-0.067918,9.944892,0.088539,-0.078187,0.010435,9.950479,0.135348,0.047018,0.044917
32.824553,0.892000,0.888000,1.497000,0.887495,0.864926,1.573044,0.891488,0.885068,1.542245,0.003686,-0.022512,0.989819,0.140494,-0.113554,0.441237,-0.023172,0.000531,-0.002677,0.007627,-0.001137,-0.002393,0.000266,16,-0.098283,-0.227765,9.937828,0.023330,0.014129,0.065340,9.943649,0.160346,0.079595,0.045343
32.841217,0.887000,0.890000,1.497000,0.800629,0.830249,1.559531,0.892496,0.896303,1.543419,0.008572,-0.020736,0.741093,0.671028,-0.103373,0.528914,-0.018187,0.000530,-0.002677,0.007623,-0.001137,-0.002393,0.000266,9,0.145096,0.098609,9.886758,-0.080260,-0.010408,-0.017069,9.896647,0.114687,0.122231,0.047166
32.857816,0.885000,0.894000,1.497000,0.850935,0.859495,1.467461,0.850981,0.859419,1.467435,-0.000000,-0.000000,0.000000,1.000000,-0.103373,0.528914,-0.018187,0.000531,-0.002673,0.007623,-0.001138,-0.002393,0.000266,1,-0.157141,0.156040,9.873823,0.015359,0.107233,-0.003864,9.876306,0.108396,0.056776,0.056809
32.874502,0.879000,0.898000,1.497000,0.786205,0.850572,1.630371,0.786215,0.850576,1.630370,-0.000000,0.000000,0.000000,1.000000,-0.103373,0.528914,-0.018187,0.000530,-0.002674,0.007623,-0.001138,-0.002393,0.000266,0,0.000000,0.000000,0.000000,0.000000,0.000000,0.000000,0.000000,0.000000,0.169258,0.169250
32.891054,0.877000,0.901000,1.497000,0.837459,0.876056,1.561868,0.837180,0.875703,1.562029,-0.000000,0.000000,0.000000,1.000000,-0.103373,0.528914,-0.018187,0.000529,-0.002675,0.007623,-0.001138,-0.002393,0.000266,0,0.000000,0.000000,0.000000,0.000000,0.000000,0.000000,0.000000,0.000000,0.079960,0.080339
32.907660,0.871000,0.905000,1.497000,0.819467,0.877948,1.472004,0.819328,0.877742,1.472010,-0.000000,0.000000,0.000000,1.000000,-0.103373,0.528914,-0.018187,0.000529,-0.002676,0.007623,-0.001138,-0.002393,0.000266,0,0.000000,0.000000,0.000000,0.000000,0.000000,0.000000,0.000000,0.000000,0.063342,0.063541
32.924272,0.865000,0.910000,1.496000,0.836652,0.895288,1.520084,0.836578,0.895128,1.520145,-0.000000,0.000000,0.000000,1.000000,-0.103373,0.528914,-0.018187,0.000529,-0.002676,0.007623,-0.001137,-0.002393,0.000266,0,0.000000,0.000000,0.000000,0.000000,0.000000,0.000000,0.000000,0.000000,0.040001,0.040149
32.940967,0.855000,0.918000,1.496000,0.820672,0.849731,1.493446,0.831709,0.878777,1.503086,0.320824,0.091086,0.066785,0.940380,-0.127308,0.493696,-0.034912,0.000530,-0.002677,0.007623,-0.001137,-0.002393,0.000266,9,0.061063,-0.597041,9.675414,0.005998,0.194374,0.108627,9.695001,0.232402,0.076456,0.046164
32.957559,0.850000,0.920000,1.496000,0.841473,0.878632,1.554750,0.832493,0.876136,1.521554,0.275758,0.073577,0.009839,0.958357,-0.075624,0.483496,-0.037177,0.000531,-0.002677,0.007623,-0.001137,-0.002393,0.000266,2,0.424771,-0.080118,9.865780,-0.217686,0.023701,-0.001339,9.875734,0.219510,0.072357,0.053699
32.974190,0.844000,0.925000,1.496000,0.808267,0.878536,1.551458,0.808404,0.878507,1.551473,0.000000,0.000000,0.000000,1.000000,-0.075624,0.483496,-0.037177,0.000531,-0.002677,0.007623,-0.001137,-0.002393,0.000266,1,0.005235,0.314925,10.083286,-0.166662,0.016164,-0.086216,10.088205,0.188336,0.080693,0.080659
32.990766,0.839000,0.928000,1.496000,0.833643,0.857442,1.540987,0.833658,0.857337,1.541052,0.000000,0.000000,0.000000,1.000000,-0.075624,0.483496,-0.037177,0.000532,-0.002677,0.007623,-0.001137,-0.002392,0.000266,0,0.000000,0.000000,0.000000,0.000000,0.000000,0.000000,0.000000,0.000000,0.083850,0.083973
33.007449,0.834000,0.933000,1.496000,0.774427,0.898712,1.551406,0.773703,0.899364,1.551077,0.000000,0.000000,0.000000,1.000000,-0.075624,0.483496,-0.037177,0.000533,-0.002676,0.007623,-0.001137,-0.002392,0.000266,0,0.000000,0.000000,0.000000,0.000000,0.000000,0.000000,0.000000,0.000000,0.088286,0.088321
33.024123,0.829000,0.936000,1.497000,0.802546,0.911837,1.593245,0.802515,0.911559,1.593342,0.000000,0.000000,0.000000,1.000000,-0.075624,0.483496,-0.037177,0.000532,-0.002676,0.007623,-0.001137,-0.002392,0.000266,0,0.000000,0.000000,0.000000,0.000000,0.000000,0.000000,0.000000,0.000000,0.102698,0.102862
33.040684,0.823000,0.940000,1.496000,0.833249,0.914790,1.585196,0.833201,0.914459,1.585304,0.000000,0.000000,0.000000,1.000000,-0.075624,0.483496,-0.037177,0.000531,-0.002677,0.007623,-0.001137,-0.002393,0.000266,0,0.000000,0.000000,0.000000,0.000000,0.000000,0.000000,0.000000,0.000000,0.093256,0.093443
33.057298,0.820000,0.943000,1.497000,0.797846,0.924386,1.531904,0.797667,0.924446,1.531859,0.000000,0.000000,0.000000,1.000000,-0.075624,0.483496,-0.037177,0.000533,-0.002676,0.007623,-0.001137,-0.002392,0.000266,0,0.000000,0.000000,0.000000,0.000000,0.000000,0.000000,0.000000,0.000000,0.045338,0.045367
33.073947,0.815000,0.946000,1.497000,0.808945,0.904811,1.590866,0.809235,0.904625,1.590887,0.000000,0.000000,0.000000,1.000000,-0.075624,0.483496,-0.037177,0.000532,-0.002677,0.007623,-0.001137,-0.002392,0.000266,0,0.000000,0.000000,0.000000,0.000000,0.000000,0.000000,0.000000,0.000000,0.102684,0.102762
33.090589,0.811000,0.949000,1.497000,0.807769,0.906325,1.571069,0.807714,0.906324,1.571075,0.000000,0.000000,0.000000,1.000000,-0.075624,0.483496,-0.037177,0.000532,-0.002677,0.007623,-0.001137,-0.002392,0.000266,0,0.000000,0.000000,0.000000,0.000000,0.000000,0.000000,0.000000,0.000000,0.085544,0.085552
33.107238,0.805000,0.954000,1.497000,0.750940,0.934364,1.543878,0.750597,0.934569,1.543770,0.000000,0.000000,0.000000,1.000000,-0.075624,0.483496,-0.037177,0.000533,-0.002676,0.007623,-0.001137,-0.002392,0.000266,0,0.000000,0.000000,0.000000,0.000000,0.000000,0.000000,0.000000,0.000000,0.074200,0.074328
33.123787,0.797000,0.959000,1.497000,0.739136,0.922281,1.465450,0.739188,0.922152,1.465495,0.000000,0.000000,0.000000,1.000000,-0.075624,0.483496,-0.037177,0.000533,-0.002676,0.007623,-0.001138,-0.002392,0.000266,0,0.000000,0.000000,0.000000,0.000000,0.000000,0.000000,0.000000,0.000000,0.075445,0.075449
33.140410,0.792000,0.962000,1.497000,0.757954,0.928996,1.499482,0.757971,0.928781,1.499588,0.000000,0.000000,0.000000,1.000000,-0.075624,0.483496,-0.037177,0.000532,-0.002677,0.007623,-0.001137,-0.002392,0.000266,0,0.000000,0.000000,0.000000,0.000000,0.000000,0.000000,0.000000,0.000000,0.047482,0.047625
33.157046,0.786000,0.966000,1.497000,0.784655,0.915326,1.543230,0.784823,0.915056,1.543354,0.000000,0.000000,0.000000,1.000000,-0.075624,0.483496,-0.037177,0.000533,-0.002675,0.007623,-0.001138,-0.002392,0.000266,0,0.000000,0.000000,0.000000,0.000000,0.000000,0.000000,0.000000,0.000000,0.068606,0.068886
33.173773,0.781000,0.970000,1.497000,0.735810,0.944111,1.593749,0.735497,0.944496,1.593578,0.000000,0.000000,0.000000,1.000000,-0.075624,0.483496,-0.037177,0.000533,-0.002675,0.007623,-0.001138,-0.002392,0.000266,0,0.000000,0.000000,0.000000,0.000000,0.000000,0.000000,0.000000,0.000000,0.109876,0.109765
33.190320,0.776000,0.972000,1.497000,0.756157,0.915539,1.564210,0.756255,0.915377,1.564260,0.000000,0.000000,0.000000,1.000000,-0.075624,0.483496,-0.037177,0.000533,-0.002675,0.007623,-0.001138,-0.002392,0.000266,0,0.000000,0.000000,0.000000,0.000000,0.000000,0.000000,0.000000,0.000000,0.089993,0.090111
33.206916,0.770000,0.977000,1.497000,0.735736,0.898040,1.515655,0.735972,0.898256,1.515671,0.000000,0.000000,0.000000,1.000000,-0.075624,0.483496,-0.037177,0.000533,-0.002675,0.007623,-0.001138,-0.002392,0.000266,0,0.000000,0.000000,0.000000,0.000000,0.000000,0.000000,0.000000,0.000000,0.088072,0.087790
33.223523,0.765000,0.980000,1.497000,0.699360,0.963525,1.541653,0.698937,0.963487,1.541573,0.000000,0.000000,0.000000,1.000000,-0.075624,0.483496,-0.037177,0.000532,-0.002674,0.007623,-0.001138,-0.002393,0.000266,0,0.000000,0.000000,0.000000,0.000000,0.000000,0.000000,0.000000,0.000000,0.081080,0.081386
33.240224,0.765000,0.980000,1.497000,0.741002,0.938436,1.545156,0.741261,0.937863,1.545226,0.000000,0.000000,0.000000,1.000000,-0.075624,0.483496,-0.037177,0.000530,-0.002674,0.007623,-0.001138,-0.002393,0.000266,0,0.000000,0.000000,0.000000,0.000000,0.000000,0.000000,0.000000,0.000000,0.067989,0.068300
33.256791,0.748000,0.992000,1.496000,0.733115,0.970056,1.524313,0.732695,0.970096,1.524273,0.000000,0.000000,0.000000,1.000000,-0.075624,0.483496,-0.037177,0.000530,-0.002674,0.007623,-0.001138,-0.002393,0.000266,0,0.000000,0.000000,0.000000,0.000000,0.000000,0.000000,0.000000,0.000000,0.038791,0.038902
33.273398,0.742000,0.996000,1.496000,0.719396,0.959227,1.559979,0.719596,0.959374,1.559877,0.000000,0.000000,0.000000,1.000000,-0.075624,0.483496,-0.037177,0.000530,-0.002674,0.007623,-0.001138,-0.002393,0.000266,0,0.000000,0.000000,0.000000,0.000000,0.000000,0.000000,0.000000,0.000000,0.077178,0.076966
33.290120,0.736000,1.000000,1.496000,0.727128,0.946369,1.508166,0.727077,0.946289,1.508205,0.000000,0.000000,0.000000,1.000000,-0.075624,0.483496,-0.037177,0.000530,-0.002674,0.007623,-0.001138,-0.002393,0.000266,0,0.000000,0.000000,0.000000,0.000000,0.000000,0.000000,0.000000,0.000000,0.055704,0.055798
33.306679,0.729000,1.004000,1.497000,0.725181,0.894116,1.475528,0.725726,0.893950,1.475549,0.000000,0.000000,0.000000,1.000000,-0.075624,0.483496,-0.037177,0.000530,-0.002674,0.007623,-0.001138,-0.002393,0.000266,0,0.000000,0.000000,0.000000,0.000000,0.000000,0.000000,0.000000,0.000000,0.112027,0.112169
33.323340,0.723000,1.008000,1.497000,0.718129,0.949139,1.530201,0.717906,0.948950,1.530170,0.000000,0.000000,0.000000,1.000000,-0.075624,0.483496,-0.037177,0.000530,-0.002674,0.007623,-0.001138,-0.002393,0.000266,0,0.000000,0.000000,0.000000,0.000000,0.000000,0.000000,0.000000,0.000000,0.067754,0.067920
33.339958,0.715000,1.014000,1.497000,0.721276,0.925521,1.615812,0.721489,0.925461,1.615677,0.000000,0.000000,0.000000,1.000000,-0.075624,0.483496,-0.037177,0.000530,-0.002674,0.007623,-0.001138,-0.002393,0.000266,0,0.000000,0.000000,0.000000,0.000000,0.000000,0.000000,0.000000,0.000000,0.148271,0.148208
33.356528,0.709000,1.017000,1.497000,0.695228,0.993865,1.474075,0.695225,0.993856,1.474078,0.000000,0.000000,0.000000,1.000000,-0.075624,0.483496,-0.037177,0.000530,-0.002674,0.007623,-0.001138,-0.002393,0.000266,0,0.000000,0.000000,0.000000,0.000000,0.000000,0.000000,0.000000,0.000000,0.035362,0.035367
33.373179,0.703000,1.020000,1.497000,0.639506,0.951220,1.518846,0.639860,0.951505,1.518659,0.000000,0.000000,0.000000,1.000000,-0.075624,0.483496,-0.037177,0.000530,-0.002674,0.007623,-0.001138,-0.002393,0.000266,0,0.000000,0.000000,0.000000,0.000000,0.000000,0.000000,0.000000,0.000000,0.096122,0.095642
33.389812,0.699000,1.023000,1.498000,0.693437,0.979550,1.475640,0.693169,0.979096,1.475842,0.000000,0.000000,0.000000,1.000000,-0.075624,0.483496,-0.037177,0.000530,-0.002674,0.007623,-0.001138,-0.002393,0.000266,0,0.000000,0.000000,0.000000,0.000000,0.000000,0.000000,0.000000,0.000000,0.049182,0.049523
33.406405,0.694000,1.026000,1.497000,0.688203,0.996502,1.632536,0.688199,0.996503,1.632535,0.000000,0.000000,0.000000,1.000000,-0.075624,0.483496,-0.037177,0.000530,-0.002674,0.007623,-0.001138,-0.002393,0.000266,0,0.000000,0.000000,0.000000,0.000000,0.000000,0.000000,0.000000,0.000000,0.138829,0.138829
33.439653,0.686000,1.032000,1.498000,0.673559,0.969161,1.516718,0.673556,0.969161,1.516718,0.000000,0.000000,0.000000,1.000000,-0.075624,0.483496,-0.037177,0.000530,-0.002674,0.007623,-0.001138,-0.002393,0.000266,0,0.000000,0.000000,0.000000,0.000000,0.000000,0.000000,0.000000,0.000000,0.066737,0.066737
33.456280,0.680000,1.036000,1.498000,0.676736,0.981268,1.588284,0.676761,0.981109,1.588259,0.000000,0.000000,0.000000,1.000000,-0.075624,0.483496,-0.037177,0.000530,-0.002674,0.007623,-0.001138,-0.002393,0.000266,0,0.000000,0.000000,0.000000,0.000000,0.000000,0.000000,0.000000,0.000000,0.105629,0.105689
33.472908,0.676000,1.038000,1.498000,0.678276,1.016494,1.516685,0.677840,1.016372,1.516644,0.000000,0.000000,0.000000,1.000000,-0.075624,0.483496,-0.037177,0.000530,-0.002674,0.007623,-0.001138,-0.002393,0.000266,0,0.000000,0.000000,0.000000,0.000000,0.000000,0.000000,0.000000,0.000000,0.028580,0.028613
33.489508,0.670000,1.042000,1.498000,0.640932,0.958700,1.523462,0.641561,0.958947,1.523352,0.000000,0.000000,0.000000,1.000000,-0.075624,0.483496,-0.037177,0.000530,-0.002674,0.007623,-0.001138,-0.002393,0.000266,0,0.000000,0.000000,0.000000,0.000000,0.000000,0.000000,0.000000,0.000000,0.091826,0.091375
33.506138,0.665000,1.045000,1.498000,0.628147,1.005020,1.505288,0.627912,1.004994,1.505143,0.000000,0.000000,0.000000,1.000000,-0.075624,0.483496,-0.037177,0.000530,-0.002674,0.007623,-0.001138,-0.002393,0.000266,0,0.000000,0.000000,0.000000,0.000000,0.000000,0.000000,0.000000,0.000000,0.054860,0.055018
33.522788,0.660000,1.048000,1.499000,0.672509,1.015537,1.540741,0.672469,1.015159,1.540930,0.000000,0.000000,0.000000,1.000000,-0.075624,0.483496,-0.037177,0.000530,-0.002674,0.007623,-0.001138,-0.002393,0.000266,0,0.000000,0.000000,0.000000,0.000000,0.000000,0.000000,0.000000,0.000000,0.054338,0.054701
33.539488,0.655000,1.050000,1.498000,0.625273,0.980027,1.533047,0.625506,0.980223,1.532879,0.000000,0.000000,0.000000,1.000000,-0.075624,0.483496,-0.037177,0.000530,-0.002674,0.007623,-0.001138,-0.002393,0.000266,0,0.000000,0.000000,0.000000,0.000000,0.000000,0.000000,0.000000,0.000000,0.083715,0.083398
33.556004,0.651000,1.054000,1.498000,0.649743,1.005258,1.591319,0.649591,1.005007,1.591407,0.000000,0.000000,0.000000,1.000000,-0.075624,0.483496,-0.037177,0.000530,-0.002674,0.007623,-0.001138,-0.002393,0.000266,0,0.000000,0.000000,0.000000,0.000000,0.000000,0.000000,0.000000,0.000000,0.105289,0.105485
33.572647,0.644000,1.057000,1.499000,0.624824,1.015736,1.490366,0.624823,1.015734,1.490367,0.000000,0.000000,0.000000,1.000000,-0.075624,0.483496,-0.037177,0.000530,-0.002674,0.007623,-0.001138,-0.002393,0.000266,0,0.000000,0.000000,0.000000,0.000000,0.000000,0.000000,0.000000,0.000000,0.046314,0.046316
33.589257,0.640000,1.061000,1.498000,0.641344,1.006007,1.487671,0.641388,1.005907,1.487679,0.000000,0.000000,0.000000,1.000000,-0.075624,0.483496,-0.037177,0.000530,-0.002674,0.007623,-0.001138,-0.002393,0.000266,0,0.000000,0.000000,0.000000,0.000000,0.000000,0.000000,0.000000,0.000000,0.055970,0.056069
33.605926,0.633000,1.064000,1.498000,0.624049,1.045208,1.630148,0.624046,1.045208,1.630147,0.000000,0.000000,0.000000,1.000000,-0.075624,0.483496,-0.037177,0.000530,-0.002674,0.007623,-0.001138,-0.002393,0.000266,0,0.000000,0.000000,0.000000,0.000000,0.000000,0.000000,0.000000,0.000000,0.133777,0.133776
33.622504,0.626000,1.070000,1.498000,0.571553,1.048491,1.438014,0.571550,1.048489,1.438016,0.000000,0.000000,0.000000,1.000000,-0.075624,0.483496,-0.037177,0.000530,-0.002674,0.007623,-0.001138,-0.002393,0.000266,0,0.000000,0.000000,0.000000,0.000000,0.000000,0.000000,0.000000,0.000000,0.083818,0.083819
33.639095,0.621000,1.071000,1.498000,0.586257,1.019397,1.523639,0.586649,1.019133,1.523641,0.000000,0.000000,0.000000,1.000000,-0.075624,0.483496,-0.037177,0.000530,-0.002674,0.007623,-0.001138,-0.002393,0.000266,0,0.000000,0.000000,0.000000,0.000000,0.000000,0.000000,0.000000,0.000000,0.067285,0.067288
33.655757,0.614000,1.075000,1.499000,0.576074,1.015354,1.522606,0.576115,1.015461,1.522566,0.000000,0.000000,0.000000,1.000000,-0.075624,0.483496,-0.037177,0.000530,-0.002674,0.007623,-0.001138,-0.002393,0.000266,0,0.000000,0.000000,0.000000,0.000000,0.000000,0.000000,0.000000,0.000000,0.074520,0.074401
33.672414,0.609000,1.078000,1.499000,0.602845,1.004806,1.547205,0.602925,1.004633,1.547311,0.000000,0.000000,0.000000,1.000000,-0.075624,0.483496,-0.037177,0.000530,-0.002674,0.007623,-0.001138,-0.002393,0.000266,0,0.000000,0.000000,0.000000,0.000000,0.000000,0.000000,0.000000,0.000000,0.087858,0.088054
33.689036,0.604000,1.081000,1.498000,0.613062,1.078602,1.530660,0.612454,1.078324,1.530766,0.000000,0.000000,0.000000,1.000000,-0.075624,0.483496,-0.037177,0.000530,-0.002674,0.007623,-0.001138,-0.002393,0.000266,0,0.000000,0.000000,0.000000,0.000000,0.000000,0.000000,0.000000,0.000000,0.033979,0.033945
33.705653,0.598000,1.085000,1.499000,0.577812,1.017574,1.536855,0.578420,1.017746,1.536828,0.000000,0.000000,0.000000,1.000000,-0.075624,0.483496,-0.037177,0.000530,-0.002674,0.007623,-0.001138,-0.002393,0.000266,0,0.000000,0.000000,0.000000,0.000000,0.000000,0.000000,0.000000,0.000000,0.079918,0.079608
33.722213,0.588000,1.090000,1.498000,0.564961,1.041485,1.538779,0.564780,1.041554,1.538813,0.000000,0.000000,0.000000,1.000000,-0.075624,0.483496,-0.037177,0.000530,-0.002674,0.007623,-0.001138,-0.002393,0.000266,0,0.000000,0.000000,0.000000,0.000000,0.000000,0.000000,0.000000,0.000000,0.067435,0.067468
33.738907,0.582000,1.093000,1.499000,0.561967,1.063232,1.560537,0.561904,1.063211,1.560533,0.000000,0.000000,0.000000,1.000000,-0.075624,0.483496,-0.037177,0.000530,-0.002674,0.007623,-0.001138,-0.002393,0.000266,0,0.000000,0.000000,0.000000,0.000000,0.000000,0.000000,0.000000,0.000000,0.071234,0.071257
33.755512,0.579000,1.095000,1.499000,0.568126,1.067943,1.566506,0.568130,1.067937,1.566533,0.000000,0.000000,0.000000,1.000000,-0.075624,0.483496,-0.037177,0.000530,-0.002674,0.007623,-0.001138,-0.002393,0.000266,0,0.000000,0.000000,0.000000,0.000000,0.000000,0.000000,0.000000,0.000000,0.073535,0.073561
33.772187,0.572000,1.098000,1.499000,0.574079,1.020947,1.591866,0.574491,1.020834,1.591900,0.000000,0.000000,0.000000,1.000000,-0.075624,0.483496,-0.037177,0.000530,-0.002674,0.007623,-0.001138,-0.002393,0.000266,0,0.000000,0.000000,0.000000,0.000000,0.000000,0.000000,0.000000,0.000000,0.120688,0.120794
33.788724,0.567000,1.101000,1.499000,0.513558,1.056955,1.518197,0.512974,1.057091,1.518053,0.000000,0.000000,0.000000,1.000000,-0.075624,0.483496,-0.037177,0.000530,-0.002674,0.007623,-0.001138,-0.002393,0.000266,0,0.000000,0.000000,0.000000,0.000000,0.000000,0.000000,0.000000,0.000000,0.071865,0.072179
33.805373,0.562000,1.103000,1.499000,0.554938,1.074042,1.514209,0.554869,1.073846,1.514272,0.000000,0.000000,0.000000,1.000000,-0.075624,0.483496,-0.037177,0.000530,-0.002674,0.007623,-0.001138,-0.002393,0.000266,0,0.000000,0.000000,0.000000,0.000000,0.000000,0.000000,0.000000,0.000000,0.033463,0.033675
33.822002,0.556000,1.106000,1.500000,0.572959,1.053498,1.539179,0.573338,1.053192,1.539244,0.000000,0.000000,0.000000,1.000000,-0.075624,0.483496,-0.037177,0.000530,-0.002674,0.007623,-0.001138,-0.002393,0.000266,0,0.000000,0.000000,0.000000,0.000000,0.000000,0.000000,0.000000,0.000000,0.067669,0.068040
33.855297,0.546000,1.111000,1.499000,0.521714,1.084285,1.608909,0.521629,1.084418,1.608663,0.000000,0.000000,0.000000,1.000000,-0.075624,0.483496,-0.037177,0.000530,-0.002674,0.007623,-0.001138,-0.002393,0.000266,0,0.000000,0.000000,0.000000,0.000000,0.000000,0.000000,0.000000,0.000000,0.115687,0.115440
33.871818,0.541000,1.113000,1.499000,0.519190,1.084151,1.422911,0.519184,1.084148,1.422912,0.000000,0.000000,0.000000,1.000000,-0.075624,0.483496,-0.037177,0.000530,-0.002674,0.007623,-0.001138,-0.002393,0.000266,0,0.000000,0.000000,0.000000,0.000000,0.000000,0.000000,0.000000,0.000000,0.084247,0.084248
33.888503,0.534000,1.116000,1.499000,0.507674,1.084513,1.543178,0.507673,1.084516,1.543177,0.000000,0.000000,0.000000,1.000000,-0.075624,0.483496,-0.037177,0.000530,-0.002674,0.007623,-0.001138,-0.002393,0.000266,0,0.000000,0.000000,0.000000,0.000000,0.000000,0.000000,0.000000,0.000000,0.060301,0.060299
33.905173,0.527000,1.119000,1.499000,0.496055,1.043113,1.520702,0.496725,1.043258,1.520803,0.000000,0.000000,0.000000,1.000000,-0.075624,0.483496,-0.037177,0.000530,-0.002674,0.007623,-0.001138,-0.002393,0.000266,0,0.000000,0.000000,0.000000,0.000000,0.000000,0.000000,0.000000,0.000000,0.084778,0.084432
33.921792,0.522000,1.122000,1.499000,0.498948,1.100399,1.506870,0.498441,1.100235,1.507004,0.000000,0.000000,0.000000,1.000000,-0.075624,0.483496,-0.037177,0.000530,-0.002674,0.007623,-0.001138,-0.002393,0.000266,0,0.000000,0.000000,0.000000,0.000000,0.000000,0.000000,0.000000,0.000000,0.032557,0.033057
33.938370,0.507000,1.128000,1.499000,0.529311,1.047370,1.547967,0.529307,1.047211,1.547891,0.000000,0.000000,0.000000,1.000000,-0.075624,0.483496,-0.037177,0.000530,-0.002674,0.007623,-0.001138,-0.002393,0.000266,0,0.000000,0.000000,0.000000,0.000000,0.000000,0.000000,0.000000,0.000000,0.096936,0.097030
33.954986,0.501000,1.130000,1.500000,0.459079,1.084134,1.486567,0.458537,1.084436,1.486424,0.000000,0.000000,0.000000,1.000000,-0.075624,0.483496,-0.037177,0.000530,-0.002674,0.007623,-0.001138,-0.002393,0.000266,0,0.000000,0.000000,0.000000,0.000000,0.000000,0.000000,0.000000,0.000000,0.063573,0.063746
33.971662,0.494000,1.133000,1.499000,0.434644,1.096764,1.545660,0.434692,1.096978,1.545480,0.000000,0.000000,0.000000,1.000000,-0.075624,0.483496,-0.037177,0.000530,-0.002674,0.007623,-0.001138,-0.002393,0.000266,0,0.000000,0.000000,0.000000,0.000000,0.000000,0.000000,0.000000,0.000000,0.083746,0.083519
33.988236,0.487000,1.136000,1.499000,0.492644,1.098440,1.572891,0.492709,1.097854,1.573361,0.000000,0.000000,0.000000,1.000000,-0.075624,0.483496,-0.037177,0.000530,-0.002674,0.007623,-0.001138,-0.002393,0.000266,0,0.000000,0.000000,0.000000,0.000000,0.000000,0.000000,0.000000,0.000000,0.083082,0.083769
34.021537,0.475000,1.140000,1.500000,0.453444,1.102327,1.471425,0.453444,1.102324,1.471426,0.000000,0.000000,0.000000,1.000000,-0.075624,0.483496,-0.037177,0.000530,-0.002674,0.007623,-0.001138,-0.002393,0.000266,0,0.000000,0.000000,0.000000,0.000000,0.000000,0.000000,0.000000,0.000000,0.051966,0.051967
34.038133,0.475000,1.140000,1.500000,0.479740,1.102474,1.588847,0.479737,1.102474,1.588847,0.000000,0.000000,0.000000,1.000000,-0.075624,0.483496,-0.037177,0.000530,-0.002674,0.007623,-0.001138,-0.002393,0.000266,0,0.000000,0.000000,0.000000,0.000000,0.000000,0.000000,0.000000,0.000000,0.096563,0.096563
34.054814,0.468000,1.142000,1.500000,0.416965,1.137747,1.421966,0.416964,1.137739,1.421969,0.000000,0.000000,0.000000,1.000000,-0.075624,0.483496,-0.037177,0.000530,-0.002674,0.007623,-0.001138,-0.002393,0.000266,0,0.000000,0.000000,0.000000,0.000000,0.000000,0.000000,0.000000,0.000000,0.093338,0.093336
34.071312,0.463000,1.145000,1.500000,0.442242,1.121851,1.535616,0.442240,1.121852,1.535615,0.000000,0.000000,0.000000,1.000000,-0.075624,0.483496,-0.037177,0.000530,-0.002674,0.007623,-0.001138,-0.002393,0.000266,0,0.000000,0.000000,0.000000,0.000000,0.000000,0.000000,0.000000,0.000000,0.047279,0.047278
34.087946,0.457000,1.146000,1.500000,0.406847,1.149582,1.518234,0.406480,1.149893,1.518132,0.000000,0.000000,0.000000,1.000000,-0.075624,0.483496,-0.037177,0.000530,-0.002674,0.007623,-0.001138,-0.002393,0.000266,0,0.000000,0.000000,0.000000,0.000000,0.000000,0.000000,0.000000,0.000000,0.053485,0.053817
34.104664,0.450000,1.148000,1.500000,0.456106,1.089698,1.542188,0.456067,1.089449,1.542140,0.000000,0.000000,0.000000,1.000000,-0.075624,0.483496,-0.037177,0.000530,-0.002674,0.007623,-0.001138,-0.002393,0.000266,0,0.000000,0.000000,0.000000,0.000000,0.000000,0.000000,0.000000,0.000000,0.072224,0.072394
34.121270,0.445000,1.150000,1.500000,0.401800,1.133800,1.447501,0.400924,1.134038,1.447491,0.000000,0.000000,0.000000,1.000000,-0.075624,0.483496,-0.037177,0.000530,-0.002674,0.007623,-0.001138,-0.002393,0.000266,0,0.000000,0.000000,0.000000,0.000000,0.000000,0.000000,0.000000,0.000000,0.069892,0.070389
34.137937,0.439000,1.151000,1.500000,0.398363,1.108753,1.472298,0.398677,1.108779,1.472258,0.000000,0.000000,0.000000,1.000000,-0.075624,0.483496,-0.037177,0.000530,-0.002674,0.007623,-0.001138,-0.002393,0.000266,0,0.000000,0.000000,0.000000,0.000000,0.000000,0.000000,0.000000,0.000000,0.064835,0.064639
34.154427,0.437000,1.152000,1.500000,0.477085,1.090480,1.572318,0.477074,1.090483,1.572316,0.000000,0.000000,0.000000,1.000000,-0.075624,0.483496,-0.037177,0.000530,-0.002674,0.007623,-0.001138,-0.002393,0.000266,0,0.000000,0.000000,0.000000,0.000000,0.000000,0.000000,0.000000,0.000000,0.103060,0.103053
34.171180,0.425000,1.156000,1.500000,0.430454,1.114570,1.549149,0.430064,1.115085,1.548984,0.000000,0.000000,0.000000,1.000000,-0.075624,0.483496,-0.037177,0.000530,-0.002674,0.007623,-0.001138,-0.002393,0.000266,0,0.000000,0.000000,0.000000,0.000000,0.000000,0.000000,0.000000,0.000000,0.064512,0.064025
34.187731,0.421000,1.157000,1.500000,0.415737,1.050399,1.549349,0.416118,1.050324,1.549326,0.000000,0.000000,0.000000,1.000000,-0.075624,0.483496,-0.037177,0.000530,-0.002674,0.007623,-0.001138,-0.002393,0.000266,0,0.000000,0.000000,0.000000,0.000000,0.000000,0.000000,0.000000,0.000000,0.117587,0.117629
34.220953,0.409000,1.161000,1.501000,0.416495,1.123932,1.549968,0.416096,1.123699,1.549974,0.000000,0.000000,0.000000,1.000000,-0.075624,0.483496,-0.037177,0.000530,-0.002674,0.007623,-0.001138,-0.002393,0.000266,0,0.000000,0.000000,0.000000,0.000000,0.000000,0.000000,0.000000,0.000000,0.061871,0.061969
34.237545,0.403000,1.162000,1.501000,0.362717,1.137476,1.434737,0.362718,1.137473,1.434738,0.000000,0.000000,0.000000,1.000000,-0.075624,0.483496,-0.037177,0.000530,-0.002674,0.007623,-0.001138,-0.002393,0.000266,0,0.000000,0.000000,0.000000,0.000000,0.000000,0.000000,0.000000,0.000000,0.081332,0.081332
34.254225,0.396000,1.164000,1.501000,0.389771,1.139463,1.539831,0.389770,1.139463,1.539830,0.000000,0.000000,0.000000,1.000000,-0.075624,0.483496,-0.037177,0.000530,-0.002674,0.007623,-0.001138,-0.002393,0.000266,0,0.000000,0.000000,0.000000,0.000000,0.000000,0.000000,0.000000,0.000000,0.046354,0.046354
34.270838,0.389000,1.166000,1.501000,0.363961,1.117112,1.566818,0.364154,1.117251,1.566773,0.000000,0.000000,0.000000,1.000000,-0.075624,0.483496,-0.037177,0.000530,-0.002674,0.007623,-0.001138,-0.002393,0.000266,0,0.000000,0.000000,0.000000,0.000000,0.000000,0.000000,0.000000,0.000000,0.085727,0.085556
34.287464,0.382000,1.167000,1.501000,0.360379,1.109180,1.516927,0.360308,1.109075,1.516910,0.000000,0.000000,0.000000,1.000000,-0.075624,0.483496,-0.037177,0.000530,-0.002674,0.007623,-0.001138,-0.002393,0.000266,0,0.000000,0.000000,0.000000,0.000000,0.000000,0.000000,0.000000,0.000000,0.063752,0.063867
34.320731,0.368000,1.172000,1.501000,0.359289,1.171265,1.525842,0.358560,1.171078,1.525776,0.000000,0.000000,0.000000,1.000000,-0.075624,0.483496,-0.037177,0.000530,-0.002674,0.007623,-0.001138,-0.002393,0.000266,0,0.000000,0.000000,0.000000,0.000000,0.000000,0.000000,0.000000,0.000000,0.026335,0.026530
34.337329,0.362000,1.173000,1.501000,0.354057,1.137128,1.485487,0.354246,1.137076,1.485558,0.000000,0.000000,0.000000,1.000000,-0.075624,0.483496,-0.037177,0.000530,-0.002674,0.007623,-0.001138,-0.002393,0.000266,0,0.000000,0.000000,0.000000,0.000000,0.000000,0.000000,0.000000,0.000000,0.039882,0.039864
34.353980,0.357000,1.175000,1.501000,0.337902,1.116638,1.575088,0.338207,1.116602,1.574971,0.000000,0.000000,0.000000,1.000000,-0.075624,0.483496,-0.037177,0.000530,-0.002674,0.007623,-0.001138,-0.002393,0.000266,0,0.000000,0.000000,0.000000,0.000000,0.000000,0.000000,0.000000,0.000000,0.096228,0.096100
34.370571,0.354000,1.176000,1.501000,0.357434,1.143073,1.571379,0.357420,1.143009,1.571465,0.000000,0.000000,0.000000,1.000000,-0.075624,0.483496,-0.037177,0.000530,-0.002674,0.007623,-0.001138,-0.002393,0.000266,0,0.000000,0.000000,0.000000,0.000000,0.000000,0.000000,0.000000,0.000000,0.077776,0.077881
34.387177,0.348000,1.177000,1.501000,0.349992,1.132490,1.615224,0.350150,1.132476,1.615186,0.000000,0.000000,0.000000,1.000000,-0.075624,0.483496,-0.037177,0.000530,-0.002674,0.007623,-0.001138,-0.002393,0.000266,0,0.000000,0.000000,0.000000,0.000000,0.000000,0.000000,0.000000,0.000000,0.122606,0.122578
34.403873,0.343000,1.179000,1.501000,0.300746,1.142205,1.553221,0.300575,1.142530,1.553172,0.000000,0.000000,0.000000,1.000000,-0.075624,0.483496,-0.037177,0.000530,-0.002674,0.007623,-0.001138,-0.002393,0.000266,0,0.000000,0.000000,0.000000,0.000000,0.000000,0.000000,0.000000,0.000000,0.076591,0.076497
34.420464,0.336000,1.180000,1.501000,0.342346,1.117431,1.533119,0.342346,1.117255,1.533384,0.000000,0.000000,0.000000,1.000000,-0.075624,0.483496,-0.037177,0.000530,-0.002674,0.007623,-0.001138,-0.002393,0.000266,0,0.000000,0.000000,0.000000,0.000000,0.000000,0.000000,0.000000,0.000000,0.070617,0.070894
34.437080,0.327000,1.183000,1.501000,0.262654,1.168803,1.485107,0.262040,1.169105,1.485119,0.000000,0.000000,0.000000,1.000000,-0.075624,0.483496,-0.037177,0.000530,-0.002674,0.007623,-0.001138,-0.002393,0.000266,0,0.000000,0.000000,0.000000,0.000000,0.000000,0.000000,0.000000,0.000000,0.067783,0.068301
34.453682,0.320000,1.184000,1.501000,0.299140,1.130897,1.499483,0.299311,1.130616,1.499564,0.000000,0.000000,0.000000,1.000000,-0.075624,0.483496,-0.037177,0.000530,-0.002674,0.007623,-0.001138,-0.002393,0.000266,0,0.000000,0.000000,0.000000,0.000000,0.000000,0.000000,0.000000,0.000000,0.057073,0.057271
34.470324,0.309000,1.187000,1.501000,0.289514,1.127627,1.560932,0.289584,1.127749,1.560830,0.000000,0.000000,0.000000,1.000000,-0.075624,0.483496,-0.037177,0.000530,-0.002674,0.007623,-0.001138,-0.002393,0.000266,0,0.000000,0.000000,0.000000,0.000000,0.000000,0.000000,0.000000,0.000000,0.086583,0.086414
34.487022,0.306000,1.188000,1.501000,0.277119,1.139502,1.550325,0.277081,1.139507,1.550345,0.000000,0.000000,0.000000,1.000000,-0.075624,0.483496,-0.037177,0.000530,-0.002674,0.007623,-0.001138,-0.002393,0.000266,0,0.000000,0.000000,0.000000,0.000000,0.000000,0.000000,0.000000,0.000000,0.074961,0.074985
34.503592,0.305000,1.188000,1.501000,0.322307,1.106527,1.527899,0.322269,1.106363,1.528238,0.000000,0.000000,0.000000,1.000000,-0.075624,0.483496,-0.037177,0.000530,-0.002674,0.007623,-0.001138,-0.002393,0.000266,0,0.000000,0.000000,0.000000,0.000000,0.000000,0.000000,0.000000,0.000000,0.087527,0.087776
34.520239,0.295000,1.191000,1.501000,0.254542,1.173578,1.456928,0.253953,1.173578,1.456911,0.000000,0.000000,0.000000,1.000000,-0.075624,0.483496,-0.037177,0.000530,-0.002674,0.007623,-0.001138,-0.002393,0.000266,0,0.000000,0.000000,0.000000,0.000000,0.000000,0.000000,0.000000,0.000000,0.062311,0.062707
34.536822,0.289000,1.192000,1.501000,0.293455,1.129647,1.497658,0.293590,1.129400,1.497822,0.000000,0.000000,0.000000,1.000000,-0.075624,0.483496,-0.037177,0.000530,-0.002674,0.007623,-0.001138,-0.002393,0.000266,0,0.000000,0.000000,0.000000,0.000000,0.000000,0.000000,0.000000,0.000000,0.062602,0.062849
34.553499,0.284000,1.193000,1.501000,0.265825,1.181942,1.466285,0.265380,1.181974,1.466243,0.000000,0.000000,0.000000,1.000000,-0.075624,0.483496,-0.037177,0.000530,-0.002674,0.007623,-0.001138,-0.002393,0.000266,0,0.000000,0.000000,0.000000,0.000000,0.000000,0.000000,0.000000,0.000000,0.040716,0.040943
34.570108,0.279000,1.195000,1.501000,0.270127,1.144873,1.525820,0.270231,1.144809,1.525730,0.000000,0.000000,0.000000,1.000000,-0.075624,0.483496,-0.037177,0.000530,-0.002674,0.007623,-0.001138,-0.002393,0.000266,0,0.000000,0.000000,0.000000,0.000000,0.000000,0.000000,0.000000,0.000000,0.056635,0.056636
34.586714,0.273000,1.195000,1.501000,0.256218,1.139524,1.564721,0.256274,1.139553,1.564672,0.000000,0.000000,0.000000,1.000000,-0.075624,0.483496,-0.037177,0.000530,-0.002674,0.007623,-0.001138,-0.002393,0.000266,0,0.000000,0.000000,0.000000,0.000000,0.000000,0.000000,0.000000,0.000000,0.086137,0.086071
34.603279,0.267000,1.197000,1.501000,0.231852,1.124532,1.523348,0.231946,1.124612,1.523340,0.000000,0.000000,0.000000,1.000000,-0.075624,0.483496,-0.037177,0.000530,-0.002674,0.007623,-0.001138,-0.002393,0.000266,0,0.000000,0.000000,0.000000,0.000000,0.000000,0.000000,0.000000,0.000000,0.083585,0.083474
34.620014,0.260000,1.199000,1.501000,0.253204,1.156691,1.554157,0.253251,1.156663,1.554267,0.000000,0.000000,0.000000,1.000000,-0.075624,0.483496,-0.037177,0.000530,-0.002674,0.007623,-0.001138,-0.002393,0.000266,0,0.000000,0.000000,0.000000,0.000000,0.000000,0.000000,0.000000,0.000000,0.068278,0.068376
34.636579,0.254000,1.200000,1.501000,0.210261,1.180709,1.557538,0.210066,1.180976,1.557328,0.000000,0.000000,0.000000,1.000000,-0.075624,0.483496,-0.037177,0.000530,-0.002674,0.007623,-0.001138,-0.002393,0.000266,0,0.000000,0.000000,0.000000,0.000000,0.000000,0.000000,0.000000,0.000000,0.074039,0.073925
34.669810,0.244000,1.203000,1.500000,0.212057,1.171449,1.587029,0.212200,1.171439,1.587005,0.000000,0.000000,0.000000,1.000000,-0.075624,0.483496,-0.037177,0.000530,-0.002674,0.007623,-0.001138,-0.002393,0.000266,0,0.000000,0.000000,0.000000,0.000000,0.000000,0.000000,0.000000,0.000000,0.097928,0.097863
34.686450,0.239000,1.204000,1.500000,0.226408,1.156678,1.482166,0.226404,1.156679,1.482166,0.000000,0.000000,0.000000,1.000000,-0.075624,0.483496,-0.037177,0.000530,-0.002674,0.007623,-0.001138,-0.002393,0.000266,0,0.000000,0.000000,0.000000,0.000000,0.000000,0.000000,0.000000,0.000000,0.052115,0.052115
34.703097,0.230000,1.206000,1.500000,0.209487,1.182655,1.555568,0.209368,1.182679,1.555407,0.000000,0.000000,0.000000,1.000000,-0.075624,0.483496,-0.037177,0.000530,-0.002674,0.007623,-0.001138,-0.002393,0.000266,0,0.000000,0.000000,0.000000,0.000000,0.000000,0.000000,0.000000,0.000000,0.063667,0.063557
34.736281,0.223000,1.207000,1.500000,0.194949,1.153198,1.509584,0.195070,1.153201,1.509624,0.000000,0.000000,0.000000,1.000000,-0.075624,0.483496,-0.037177,0.000530,-0.002674,0.007623,-0.001138,-0.002393,0.000266,0,0.000000,0.000000,0.000000,0.000000,0.000000,0.000000,0.000000,0.000000,0.061428,0.061376
34.752906,0.214000,1.209000,1.500000,0.175568,1.163022,1.509347,0.175515,1.163115,1.509300,0.000000,0.000000,0.000000,1.000000,-0.075624,0.483496,-0.037177,0.000530,-0.002674,0.007623,-0.001138,-0.002393,0.000266,0,0.000000,0.000000,0.000000,0.000000,0.000000,0.000000,0.000000,0.000000,0.060649,0.060605
34.769569,0.212000,1.209000,1.500000,0.195530,1.143849,1.555435,0.195702,1.143680,1.555478,0.000000,0.000000,0.000000,1.000000,-0.075624,0.483496,-0.037177,0.000530,-0.002674,0.007623,-0.001138,-0.002393,0.000266,0,0.000000,0.000000,0.000000,0.000000,0.000000,0.000000,0.000000,0.000000,0.087114,0.087237
34.786200,0.206000,1.210000,1.500000,0.232032,1.161626,1.595101,0.231972,1.161309,1.595223,0.000000,0.000000,0.000000,1.000000,-0.075624,0.483496,-0.037177,0.000530,-0.002674,0.007623,-0.001138,-0.002393,0.000266,0,0.000000,0.000000,0.000000,0.000000,0.000000,0.000000,0.000000,0.000000,0.109827,0.110058
34.802820,0.201000,1.211000,1.500000,0.205235,1.175022,1.575070,0.205032,1.175297,1.574934,0.000000,0.000000,0.000000,1.000000,-0.075624,0.483496,-0.037177,0.000530,-0.002674,0.007623,-0.001138,-0.002393,0.000266,0,0.000000,0.000000,0.000000,0.000000,0.000000,0.000000,0.000000,0.000000,0.083354,0.083102
34.819391,0.194000,1.212000,1.500000,0.167457,1.185849,1.514634,0.167374,1.185908,1.514645,0.000000,0.000000,0.000000,1.000000,-0.075624,0.483496,-0.037177,0.000530,-0.002674,0.007623,-0.001138,-0.002393,0.000266,0,0.000000,0.000000,0.000000,0.000000,0.000000,0.000000,0.000000,0.000000,0.040032,0.040052
34.836063,0.190000,1.213000,1.500000,0.165521,1.129126,1.514869,0.166136,1.129051,1.515000,0.000000,0.000000,0.000000,1.000000,-0.075624,0.483496,-0.037177,0.000530,-0.002674,0.007623,-0.001138,-0.002393,0.000266,0,0.000000,0.000000,0.000000,0.000000,0.000000,0.000000,0.000000,0.000000,0.088629,0.088555
34.852683,0.185000,1.214000,1.500000,0.167232,1.150008,1.547900,0.167191,1.149960,1.547915,0.000000,0.000000,0.000000,1.000000,-0.075624,0.483496,-0.037177,0.000530,-0.002674,0.007623,-0.001138,-0.002393,0.000266,0,0.000000,0.000000,0.000000,0.000000,0.000000,0.000000,0.000000,0.000000,0.081884,0.081940
34.869316,0.177000,1.215000,1.500000,0.154559,1.162230,1.540071,0.154496,1.162281,1.540106,0.000000,0.000000,0.000000,1.000000,-0.075624,0.483496,-0.037177,0.000530,-0.002674,0.007623,-0.001138,-0.002393,0.000266,0,0.000000,0.000000,0.000000,0.000000,0.000000,0.000000,0.000000,0.000000,0.069957,0.069958
34.885862,0.174000,1.216000,1.500000,0.181848,1.170451,1.577587,0.181910,1.170286,1.577703,0.000000,0.000000,0.000000,1.000000,-0.075624,0.483496,-0.037177,0.000530,-0.002674,0.007623,-0.001138,-0.002393,0.000266,0,0.000000,0.000000,0.000000,0.000000,0.000000,0.000000,0.000000,0.000000,0.090311,0.090499
34.902531,0.168000,1.217000,1.500000,0.137506,1.156701,1.504864,0.137521,1.157025,1.504689,0.000000,0.000000,0.000000,1.000000,-0.075624,0.483496,-0.037177,0.000530,-0.002674,0.007623,-0.001138,-0.002393,0.000266,0,0.000000,0.000000,0.000000,0.000000,0.000000,0.000000,0.000000,0.000000,0.067746,0.067439
34.919212,0.162000,1.218000,1.500000,0.122942,1.162160,1.555138,0.122983,1.162197,1.555069,0.000000,0.000000,0.000000,1.000000,-0.075624,0.483496,-0.037177,0.000530,-0.002674,0.007623,-0.001138,-0.002393,0.000266,0,0.000000,0.000000,0.000000,0.000000,0.000000,0.000000,0.000000,0.000000,0.087658,0.087572
34.935816,0.157000,1.218000,1.500000,0.126319,1.214388,1.541295,0.125941,1.214225,1.541359,0.000000,0.000000,0.000000,1.000000,-0.075624,0.483496,-0.037177,0.000530,-0.002674,0.007623,-0.001138,-0.002393,0.000266,0,0.000000,0.000000,0.000000,0.000000,0.000000,0.000000,0.000000,0.000000,0.051572,0.051861
34.952437,0.150000,1.220000,1.500000,0.127157,1.180817,1.628769,0.127692,1.180753,1.628566,0.000000,0.000000,0.000000,1.000000,-0.075624,0.483496,-0.037177,0.000530,-0.002674,0.007623,-0.001138,-0.002393,0.000266,0,0.000000,0.000000,0.000000,0.000000,0.000000,0.000000,0.000000,0.000000,0.136523,0.136261
34.969010,0.142000,1.221000,1.500000,0.114640,1.158683,1.516190,0.114638,1.158683,1.516191,0.000000,0.000000,0.000000,1.000000,-0.075624,0.483496,-0.037177,0.000530,-0.002674,0.007623,-0.001138,-0.002393,0.000266,0,0.000000,0.000000,0.000000,0.000000,0.000000,0.000000,0.000000,0.000000,0.069958,0.069959
34.985760,0.134000,1.222000,1.499000,0.077386,1.191675,1.516694,0.077174,1.191816,1.516690,0.000000,0.000000,0.000000,1.000000,-0.075624,0.483496,-0.037177,0.000530,-0.002674,0.007623,-0.001138,-0.002393,0.000266,0,0.000000,0.000000,0.000000,0.000000,0.000000,0.000000,0.000000,0.000000,0.066617,0.066732
35.002310,0.127000,1.223000,1.499000,0.121485,1.160902,1.492757,0.121391,1.160904,1.492845,0.000000,0.000000,0.000000,1.000000,-0.075624,0.483496,-0.037177,0.000530,-0.002674,0.007623,-0.001138,-0.002393,0.000266,0,0.000000,0.000000,0.000000,0.000000,0.000000,0.000000,0.000000,0.000000,0.062654,0.062652
35.035601,0.114000,1.225000,1.499000,0.102440,1.152689,1.655081,0.102438,1.152691,1.655080,0.000000,0.000000,0.000000,1.000000,-0.075624,0.483496,-0.037177,0.000530,-0.002674,0.007623,-0.001138,-0.002393,0.000266,0,0.000000,0.000000,0.000000,0.000000,0.000000,0.000000,0.000000,0.000000,0.172406,0.172404
35.052173,0.108000,1.226000,1.498000,0.047244,1.156248,1.482771,0.047242,1.156247,1.482771,0.000000,0.000000,0.000000,1.000000,-0.075624,0.483496,-0.037177,0.000530,-0.002674,0.007623,-0.001138,-0.002393,0.000266,0,0.000000,0.000000,0.000000,0.000000,0.000000,0.000000,0.000000,0.000000,0.093747,0.093749
35.068837,0.103000,1.228000,1.498000,0.094896,1.182975,1.571719,0.095072,1.182668,1.571886,0.000000,0.000000,0.000000,1.000000,-0.075624,0.483496,-0.037177,0.000530,-0.002674,0.007623,-0.001138,-0.002393,0.000266,0,0.000000,0.000000,0.000000,0.000000,0.000000,0.000000,0.000000,0.000000,0.086761,0.087046
35.085440,0.097000,1.228000,1.498000,0.110990,1.151619,1.633343,0.111087,1.151466,1.633356,0.000000,0.000000,0.000000,1.000000,-0.075624,0.483496,-0.037177,0.000530,-0.002674,0.007623,-0.001138,-0.002393,0.000266,0,0.000000,0.000000,0.000000,0.000000,0.000000,0.000000,0.000000,0.000000,0.156037,0.156131
35.102032,0.091000,1.229000,1.498000,0.066931,1.153170,1.532920,0.066930,1.153170,1.532921,0.000000,0.000000,0.000000,1.000000,-0.075624,0.483496,-0.037177,0.000530,-0.002674,0.007623,-0.001138,-0.002393,0.000266,0,0.000000,0.000000,0.000000,0.000000,0.000000,0.000000,0.000000,0.000000,0.086884,0.086885
35.118619,0.083000,1.230000,1.498000,0.082512,1.169794,1.568782,0.082546,1.169733,1.568836,0.000000,0.000000,0.000000,1.000000,-0.075624,0.483496,-0.037177,0.000530,-0.002674,0.007623,-0.001138,-0.002393,0.000266,0,0.000000,0.000000,0.000000,0.000000,0.000000,0.000000,0.000000,0.000000,0.092926,0.093006
35.135311,0.078000,1.230000,1.498000,0.068083,1.171231,1.509747,0.068203,1.171141,1.509835,0.000000,0.000000,0.000000,1.000000,-0.075624,0.483496,-0.037177,0.000530,-0.002674,0.007623,-0.001138,-0.002393,0.000266,0,0.000000,0.000000,0.000000,0.000000,0.000000,0.000000,0.000000,0.000000,0.060746,0.060831
35.151910,0.072000,1.231000,1.498000,0.066785,1.199203,1.520793,0.066894,1.199167,1.520843,0.000000,0.000000,0.000000,1.000000,-0.075624,0.483496,-0.037177,0.000530,-0.002674,0.007623,-0.001138,-0.002393,0.000266,0,0.000000,0.000000,0.000000,0.000000,0.000000,0.000000,0.000000,0.000000,0.039469,0.039512
35.168502,0.062000,1.232000,1.499000,0.102938,1.193636,1.542468,0.102981,1.193379,1.542585,0.000000,0.000000,0.000000,1.000000,-0.075624,0.483496,-0.037177,0.000530,-0.002674,0.007623,-0.001138,-0.002393,0.000266,0,0.000000,0.000000,0.000000,0.000000,0.000000,0.000000,0.000000,0.000000,0.070974,0.071209
35.185130,0.055000,1.233000,1.499000,0.061207,1.168966,1.542505,0.061419,1.169163,1.542469,0.000000,0.000000,0.000000,1.000000,-0.075624,0.483496,-0.037177,0.000530,-0.002674,0.007623,-0.001138,-0.002393,0.000266,0,0.000000,0.000000,0.000000,0.000000,0.000000,0.000000,0.000000,0.000000,0.077664,0.077498
35.201762,0.048000,1.234000,1.499000,0.028670,1.202272,1.531367,0.028560,1.202270,1.531254,0.000000,0.000000,0.000000,1.000000,-0.075624,0.483496,-0.037177,0.000530,-0.002674,0.007623,-0.001138,-0.002393,0.000266,0,0.000000,0.000000,0.000000,0.000000,0.000000,0.000000,0.000000,0.000000,0.049274,0.049245
35.218401,0.043000,1.234000,1.499000,0.003554,1.220908,1.498649,0.003380,1.221028,1.498647,0.000000,0.000000,0.000000,1.000000,-0.075624,0.483496,-0.037177,0.000530,-0.002674,0.007623,-0.001138,-0.002393,0.000266,0,0.000000,0.000000,0.000000,0.000000,0.000000,0.000000,0.000000,0.000000,0.041563,0.041691
35.235034,0.032000,1.235000,1.499000,0.023507,1.121899,1.506669,0.023785,1.121470,1.506961,0.000000,0.000000,0.000000,1.000000,-0.075624,0.483496,-0.037177,0.000530,-0.002674,0.007623,-0.001138,-0.002393,0.000266,0,0.000000,0.000000,0.000000,0.000000,0.000000,0.000000,0.000000,0.000000,0.113678,0.114105
35.251593,0.027000,1.235000,1.499000,0.006061,1.200477,1.456203,0.005379,1.200323,1.455998,0.000000,0.000000,0.000000,1.000000,-0.075624,0.483496,-0.037177,0.000530,-0.002674,0.007623,-0.001138,-0.002393,0.000266,0,0.000000,0.000000,0.000000,0.000000,0.000000,0.000000,0.000000,0.000000,0.058837,0.059322
35.268250,0.021000,1.236000,1.499000,0.008905,1.189789,1.501164,0.009000,1.189682,1.501245,0.000000,0.000000,0.000000,1.000000,-0.075624,0.483496,-0.037177,0.000530,-0.002674,0.007623,-0.001138,-0.002393,0.000266,0,0.000000,0.000000,0.000000,0.000000,0.000000,0.000000,0.000000,0.000000,0.047816,0.047899
35.284893,0.015000,1.235000,1.498000,-0.013643,1.185949,1.556833,-0.013611,1.185877,1.556828,0.000000,0.000000,0.000000,1.000000,-0.075624,0.483496,-0.037177,0.000530,-0.002674,0.007623,-0.001138,-0.002393,0.000266,0,0.000000,0.000000,0.000000,0.000000,0.000000,0.000000,0.000000,0.000000,0.081778,0.081807
35.301517,0.005000,1.236000,1.498000,0.000955,1.178338,1.495220,0.000962,1.178248,1.495188,0.000000,0.000000,0.000000,1.000000,-0.075624,0.483496,-0.037177,0.000530,-0.002674,0.007623,-0.001138,-0.002393,0.000266,0,0.000000,0.000000,0.000000,0.000000,0.000000,0.000000,0.000000,0.000000,0.057871,0.057961
35.318131,0.000000,1.237000,1.498000,-0.018977,1.192428,1.562043,-0.018923,1.192378,1.561983,0.000000,0.000000,0.000000,1.000000,-0.075624,0.483496,-0.037177,0.000530,-0.002674,0.007623,-0.001138,-0.002393,0.000266,0,0.000000,0.000000,0.000000,0.000000,0.000000,0.000000,0.000000,0.000000,0.080301,0.080268
35.351452,-0.011000,1.237000,1.498000,-0.006765,1.167616,1.602404,-0.006500,1.167440,1.602528,0.000000,0.000000,0.000000,1.000000,-0.075624,0.483496,-0.037177,0.000530,-0.002674,0.007623,-0.001138,-0.002393,0.000266,0,0.000000,0.000000,0.000000,0.000000,0.000000,0.000000,0.000000,0.000000,0.125428,0.125639
35.368007,-0.019000,1.237000,1.498000,-0.041794,1.199822,1.555674,-0.041908,1.199782,1.555730,0.000000,0.000000,0.000000,1.000000,-0.075624,0.483496,-0.037177,0.000530,-0.002674,0.007623,-0.001138,-0.002393,0.000266,0,0.000000,0.000000,0.000000,0.000000,0.000000,0.000000,0.000000,0.000000,0.072305,0.072406
35.384642,-0.031000,1.237000,1.498000,-0.025944,1.205913,1.600585,-0.025904,1.205858,1.600606,0.000000,0.000000,0.000000,1.000000,-0.075624,0.483496,-0.037177,0.000530,-0.002674,0.007623,-0.001138,-0.002393,0.000266,0,0.000000,0.000000,0.000000,0.000000,0.000000,0.000000,0.000000,0.000000,0.107311,0.107349
35.401250,-0.034000,1.238000,1.498000,-0.037566,1.182908,1.510330,-0.037529,1.182675,1.510327,0.000000,0.000000,0.000000,1.000000,-0.075624,0.483496,-0.037177,0.000530,-0.002674,0.007623,-0.001138,-0.002393,0.000266,0,0.000000,0.000000,0.000000,0.000000,0.000000,0.000000,0.000000,0.000000,0.056568,0.056791
35.417865,-0.042000,1.238000,1.498000,-0.069201,1.217553,1.577429,-0.069262,1.217516,1.577489,0.000000,0.000000,0.000000,1.000000,-0.075624,0.483496,-0.037177,0.000530,-0.002674,0.007623,-0.001138,-0.002393,0.000266,0,0.000000,0.000000,0.000000,0.000000,0.000000,0.000000,0.000000,0.000000,0.086412,0.086495
35.434581,-0.050000,1.237000,1.498000,-0.016879,1.184336,1.479385,-0.016941,1.184102,1.479543,0.000000,0.000000,0.000000,1.000000,-0.075624,0.483496,-0.037177,0.000530,-0.002674,0.007623,-0.001138,-0.002393,0.000266,0,0.000000,0.000000,0.000000,0.000000,0.000000,0.000000,0.000000,0.000000,0.064939,0.065052
35.451126,-0.060000,1.237000,1.498000,-0.080514,1.178291,1.579298,-0.080174,1.178722,1.579065,0.000000,0.000000,0.000000,1.000000,-0.075624,0.483496,-0.037177,0.000530,-0.002674,0.007623,-0.001138,-0.002393,0.000266,0,0.000000,0.000000,0.000000,0.000000,0.000000,0.000000,0.000000,0.000000,0.102356,0.101857
35.467746,-0.062000,1.237000,1.499000,-0.074258,1.233720,1.572304,-0.073826,1.233674,1.572354,0.000000,0.000000,0.000000,1.000000,-0.075624,0.483496,-0.037177,0.000530,-0.002674,0.007623,-0.001138,-0.002393,0.000266,0,0.000000,0.000000,0.000000,0.000000,0.000000,0.000000,0.000000,0.000000,0.074394,0.074375
35.484343,-0.069000,1.237000,1.499000,-0.074920,1.195370,1.541264,-0.074760,1.195288,1.541331,0.000000,0.000000,0.000000,1.000000,-0.075624,0.483496,-0.037177,0.000530,-0.002674,0.007623,-0.001138,-0.002393,0.000266,0,0.000000,0.000000,0.000000,0.000000,0.000000,0.000000,0.000000,0.000000,0.059619,0.059708
35.500998,-0.077000,1.237000,1.500000,-0.048288,1.209592,1.660300,-0.048289,1.209592,1.660299,0.000000,0.000000,0.000000,1.000000,-0.075624,0.483496,-0.037177,0.000530,-0.002674,0.007623,-0.001138,-0.002393,0.000266,0,0.000000,0.000000,0.000000,0.000000,0.000000,0.000000,0.000000,0.000000,0.165142,0.165141
35.534249,-0.090000,1.237000,1.500000,-0.047255,1.213514,1.550218,-0.047256,1.213513,1.550218,0.000000,0.000000,0.000000,1.000000,-0.075624,0.483496,-0.037177,0.000530,-0.002674,0.007623,-0.001138,-0.002393,0.000266,0,0.000000,0.000000,0.000000,0.000000,0.000000,0.000000,0.000000,0.000000,0.070004,0.070003
35.550804,-0.096000,1.236000,1.501000,-0.113331,1.193944,1.526009,-0.113247,1.193823,1.525923,0.000000,0.000000,0.000000,1.000000,-0.075624,0.483496,-0.037177,0.000530,-0.002674,0.007623,-0.001138,-0.002393,0.000266,0,0.000000,0.000000,0.000000,0.000000,0.000000,0.000000,0.000000,0.000000,0.051909,0.051937
35.567521,-0.100000,1.236000,1.501000,-0.107801,1.210901,1.529904,-0.107873,1.210848,1.529886,0.000000,0.000000,0.000000,1.000000,-0.075624,0.483496,-0.037177,0.000530,-0.002674,0.007623,-0.001138,-0.002393,0.000266,0,0.000000,0.000000,0.000000,0.000000,0.000000,0.000000,0.000000,0.000000,0.039067,0.039103
35.584094,-0.110000,1.236000,1.501000,-0.079990,1.206856,1.647317,-0.079992,1.206857,1.647317,0.000000,0.000000,0.000000,1.000000,-0.075624,0.483496,-0.037177,0.000530,-0.002674,0.007623,-0.001138,-0.002393,0.000266,0,0.000000,0.000000,0.000000,0.000000,0.000000,0.000000,0.000000,0.000000,0.152180,0.152179
35.600773,-0.116000,1.236000,1.501000,-0.119903,1.192674,1.513284,-0.119903,1.192674,1.513285,0.000000,0.000000,0.000000,1.000000,-0.075624,0.483496,-0.037177,0.000530,-0.002674,0.007623,-0.001138,-0.002393,0.000266,0,0.000000,0.000000,0.000000,0.000000,0.000000,0.000000,0.000000,0.000000,0.045203,0.045203
35.617320,-0.125000,1.235000,1.501000,-0.147193,1.179871,1.595153,-0.146993,1.179793,1.595090,0.000000,0.000000,0.000000,1.000000,-0.075624,0.483496,-0.037177,0.000530,-0.002674,0.007623,-0.001138,-0.002393,0.000266,0,0.000000,0.000000,0.000000,0.000000,0.000000,0.000000,0.000000,0.000000,0.111339,0.111285
35.633974,-0.131000,1.234000,1.501000,-0.097325,1.222561,1.538868,-0.097448,1.222197,1.538854,0.000000,0.000000,0.000000,1.000000,-0.075624,0.483496,-0.037177,0.000530,-0.002674,0.007623,-0.001138,-0.002393,0.000266,0,0.000000,0.000000,0.000000,0.000000,0.000000,0.000000,0.000000,0.000000,0.051950,0.051942
35.650598,-0.141000,1.234000,1.501000,-0.125047,1.169352,1.519666,-0.125008,1.169190,1.519774,0.000000,0.000000,0.000000,1.000000,-0.075624,0.483496,-0.037177,0.000530,-0.002674,0.007623,-0.001138,-0.002393,0.000266,0,0.000000,0.000000,0.000000,0.000000,0.000000,0.000000,0.000000,0.000000,0.069154,0.069343
35.667251,-0.151000,1.233000,1.501000,-0.121610,1.187973,1.561356,-0.121524,1.187899,1.561388,0.000000,0.000000,0.000000,1.000000,-0.075624,0.483496,-0.037177,0.000530,-0.002674,0.007623,-0.001138,-0.002393,0.000266,0,0.000000,0.000000,0.000000,0.000000,0.000000,0.000000,0.000000,0.000000,0.080834,0.080930
35.683844,-0.157000,1.232000,1.501000,-0.115621,1.193778,1.541587,-0.115655,1.193738,1.541595,0.000000,0.000000,0.000000,1.000000,-0.075624,0.483496,-0.037177,0.000530,-0.002674,0.007623,-0.001138,-0.002393,0.000266,0,0.000000,0.000000,0.000000,0.000000,0.000000,0.000000,0.000000,0.000000,0.069429,0.069436
35.700446,-0.164000,1.232000,1.502000,-0.149689,1.204661,1.487419,-0.149704,1.204598,1.487379,0.000000,0.000000,0.000000,1.000000,-0.075624,0.483496,-0.037177,0.000530,-0.002674,0.007623,-0.001138,-0.002393,0.000266,0,0.000000,0.000000,0.000000,0.000000,0.000000,0.000000,0.000000,0.000000,0.034130,0.034191
35.717194,-0.172000,1.230000,1.502000,-0.171159,1.179470,1.508343,-0.170922,1.179551,1.508291,0.000000,0.000000,0.000000,1.000000,-0.075624,0.483496,-0.037177,0.000530,-0.002674,0.007623,-0.001138,-0.002393,0.000266,0,0.000000,0.000000,0.000000,0.000000,0.000000,0.000000,0.000000,0.000000,0.050934,0.050852
35.733841,-0.172000,1.230000,1.502000,-0.171668,1.193664,1.534973,-0.171580,1.193590,1.534967,0.000000,0.000000,0.000000,1.000000,-0.075624,0.483496,-0.037177,0.000530,-0.002674,0.007623,-0.001138,-0.002393,0.000266,0,0.000000,0.000000,0.000000,0.000000,0.000000,0.000000,0.000000,0.000000,0.049068,0.049119
35.750379,-0.182000,1.229000,1.502000,-0.152353,1.215902,1.601758,-0.152203,1.215853,1.601816,0.000000,0.000000,0.000000,1.000000,-0.075624,0.483496,-0.037177,0.000530,-0.002674,0.007623,-0.001138,-0.002393,0.000266,0,0.000000,0.000000,0.000000,0.000000,0.000000,0.000000,0.000000,0.000000,0.104891,0.104995
35.766981,-0.189000,1.228000,1.502000,-0.133658,1.163622,1.572451,-0.134046,1.163623,1.572546,0.000000,0.000000,0.000000,1.000000,-0.075624,0.483496,-0.037177,0.000530,-0.002674,0.007623,-0.001138,-0.002393,0.000266,0,0.000000,0.000000,0.000000,0.000000,0.000000,0.000000,0.000000,0.000000,0.110320,0.110186
35.783652,-0.196000,1.227000,1.502000,-0.193204,1.237933,1.515736,-0.193588,1.237836,1.515635,0.000000,0.000000,0.000000,1.000000,-0.075624,0.483496,-0.037177,0.000530,-0.002674,0.007623,-0.001138,-0.002393,0.000266,0,0.000000,0.000000,0.000000,0.000000,0.000000,0.000000,0.000000,0.000000,0.017778,0.017583
35.800291,-0.201000,1.226000,1.502000,-0.162274,1.161851,1.477383,-0.162240,1.161534,1.477544,0.000000,0.000000,0.000000,1.000000,-0.075624,0.483496,-0.037177,0.000530,-0.002674,0.007623,-0.001138,-0.002393,0.000266,0,0.000000,0.000000,0.000000,0.000000,0.000000,0.000000,0.000000,0.000000,0.078872,0.079097
35.816901,-0.207000,1.225000,1.503000,-0.197796,1.219254,1.518541,-0.197888,1.219081,1.518648,0.000000,0.000000,0.000000,1.000000,-0.075624,0.483496,-0.037177,0.000530,-0.002674,0.007623,-0.001138,-0.002393,0.000266,0,0.000000,0.000000,0.000000,0.000000,0.000000,0.000000,0.000000,0.000000,0.018954,0.019050
35.833469,-0.215000,1.224000,1.503000,-0.162797,1.173196,1.597994,-0.163026,1.173177,1.597707,0.000000,0.000000,0.000000,1.000000,-0.075624,0.483496,-0.037177,0.000530,-0.002674,0.007623,-0.001138,-0.002393,0.000266,0,0.000000,0.000000,0.000000,0.000000,0.000000,0.000000,0.000000,0.000000,0.119708,0.119389
35.850061,-0.218000,1.224000,1.503000,-0.225117,1.185490,1.549375,-0.225092,1.185446,1.549459,0.000000,0.000000,0.000000,1.000000,-0.075624,0.483496,-0.037177,0.000530,-0.002674,0.007623,-0.001138,-0.002393,0.000266,0,0.000000,0.000000,0.000000,0.000000,0.000000,0.000000,0.000000,0.000000,0.060699,0.060787
35.866731,-0.228000,1.222000,1.503000,-0.188240,1.169975,1.556219,-0.188348,1.170265,1.556038,0.000000,0.000000,0.000000,1.000000,-0.075624,0.483496,-0.037177,0.000530,-0.002674,0.007623,-0.001138,-0.002393,0.000266,0,0.000000,0.000000,0.000000,0.000000,0.000000,0.000000,0.000000,0.000000,0.084378,0.084034
35.883399,-0.236000,1.221000,1.503000,-0.244175,1.180771,1.391363,-0.244177,1.180771,1.391363,0.000000,0.000000,0.000000,1.000000,-0.075624,0.483496,-0.037177,0.000530,-0.002674,0.007623,-0.001138,-0.002393,0.000266,0,0.000000,0.000000,0.000000,0.000000,0.000000,0.000000,0.000000,0.000000,0.118945,0.118946
35.899934,-0.242000,1.220000,1.503000,-0.219371,1.180121,1.554591,-0.219369,1.180119,1.554591,0.000000,0.000000,0.000000,1.000000,-0.075624,0.483496,-0.037177,0.000530,-0.002674,0.007623,-0.001138,-0.002393,0.000266,0,0.000000,0.000000,0.000000,0.000000,0.000000,0.000000,0.000000,0.000000,0.069022,0.069024
35.916577,-0.247000,1.218000,1.503000,-0.209769,1.164246,1.521833,-0.209643,1.164158,1.521894,0.000000,0.000000,0.000000,1.000000,-0.075624,0.483496,-0.037177,0.000530,-0.002674,0.007623,-0.001138,-0.002393,0.000266,0,0.000000,0.000000,0.000000,0.000000,0.000000,0.000000,0.000000,0.000000,0.068046,0.068202
35.933211,-0.255000,1.218000,1.503000,-0.228488,1.186409,1.528651,-0.228616,1.186488,1.528646,0.000000,0.000000,0.000000,1.000000,-0.075624,0.483496,-0.037177,0.000530,-0.002674,0.007623,-0.001138,-0.002393,0.000266,0,0.000000,0.000000,0.000000,0.000000,0.000000,0.000000,0.000000,0.000000,0.048567,0.048445
35.949905,-0.259000,1.217000,1.503000,-0.247588,1.170371,1.523640,-0.247581,1.170333,1.523654,0.000000,0.000000,0.000000,1.000000,-0.075624,0.483496,-0.037177,0.000530,-0.002674,0.007623,-0.001138,-0.002393,0.000266,0,0.000000,0.000000,0.000000,0.000000,0.000000,0.000000,0.000000,0.000000,0.052254,0.052295
35.966446,-0.270000,1.215000,1.504000,-0.228072,1.216732,1.504999,-0.227939,1.216684,1.504993,0.000000,0.000000,0.000000,1.000000,-0.075624,0.483496,-0.037177,0.000530,-0.002674,0.007623,-0.001138,-0.002393,0.000266,0,0.000000,0.000000,0.000000,0.000000,0.000000,0.000000,0.000000,0.000000,0.041976,0.042107
35.983036,-0.280000,1.213000,1.504000,-0.249761,1.169057,1.498274,-0.249489,1.169052,1.498316,0.000000,0.000000,0.000000,1.000000,-0.075624,0.483496,-0.037177,0.000530,-0.002674,0.007623,-0.001138,-0.002393,0.000266,0,0.000000,0.000000,0.000000,0.000000,0.000000,0.000000,0.000000,0.000000,0.053649,0.053802
35.999693,-0.298000,1.209000,1.503000,-0.237821,1.229605,1.475667,-0.238025,1.229388,1.475643,0.000000,0.000000,0.000000,1.000000,-0.075624,0.483496,-0.037177,0.000530,-0.002674,0.007623,-0.001138,-0.002393,0.000266,0,0.000000,0.000000,0.000000,0.000000,0.000000,0.000000,0.000000,0.000000,0.069233,0.069001
36.016378,-0.306000,1.209000,1.504000,-0.256997,1.175476,1.494365,-0.256897,1.175374,1.494313,0.000000,0.000000,0.000000,1.000000,-0.075624,0.483496,-0.037177,0.000530,-0.002674,0.007623,-0.001138,-0.002393,0.000266,0,0.000000,0.000000,0.000000,0.000000,0.000000,0.000000,0.000000,0.000000,0.060150,0.060296
36.032995,-0.311000,1.207000,1.503000,-0.268659,1.149713,1.504233,-0.268699,1.149656,1.504231,0.000000,0.000000,0.000000,1.000000,-0.075624,0.483496,-0.037177,0.000530,-0.002674,0.007623,-0.001138,-0.002393,0.000266,0,0.000000,0.000000,0.000000,0.000000,0.000000,0.000000,0.000000,0.000000,0.071246,0.071269
36.049683,-0.317000,1.206000,1.504000,-0.262767,1.184639,1.621912,-0.262767,1.184638,1.621912,0.000000,0.000000,0.000000,1.000000,-0.075624,0.483496,-0.037177,0.000530,-0.002674,0.007623,-0.001138,-0.002393,0.000266,0,0.000000,0.000000,0.000000,0.000000,0.000000,0.000000,0.000000,0.000000,0.131532,0.131532
36.066197,-0.317000,1.206000,1.504000,-0.296045,1.184603,1.523057,-0.296004,1.184727,1.522998,0.000000,0.000000,0.000000,1.000000,-0.075624,0.483496,-0.037177,0.000530,-0.002674,0.007623,-0.001138,-0.002393,0.000266,0,0.000000,0.000000,0.000000,0.000000,0.000000,0.000000,0.000000,0.000000,0.035498,0.035416
36.082911,-0.331000,1.204000,1.503000,-0.297705,1.177692,1.521476,-0.297715,1.177688,1.521478,0.000000,0.000000,0.000000,1.000000,-0.075624,0.483496,-0.037177,0.000530,-0.002674,0.007623,-0.001138,-0.002393,0.000266,0,0.000000,0.000000,0.000000,0.000000,0.000000,0.000000,0.000000,0.000000,0.046282,0.046278
36.099485,-0.339000,1.203000,1.503000,-0.316584,1.189633,1.509642,-0.316654,1.189715,1.509582,0.000000,0.000000,0.000000,1.000000,-0.075624,0.483496,-0.037177,0.000530,-0.002674,0.007623,-0.001138,-0.002393,0.000266,0,0.000000,0.000000,0.000000,0.000000,0.000000,0.000000,0.000000,0.000000,0.026930,0.026817
36.132704,-0.361000,1.199000,1.502000,-0.322702,1.155698,1.555140,-0.322502,1.155671,1.555102,0.000000,0.000000,0.000000,1.000000,-0.075624,0.483496,-0.037177,0.000530,-0.002674,0.007623,-0.001138,-0.002393,0.000266,0,0.000000,0.000000,0.000000,0.000000,0.000000,0.000000,0.000000,0.000000,0.078521,0.078608
36.149334,-0.365000,1.198000,1.502000,-0.259987,1.153289,1.577044,-0.259878,1.153403,1.577139,0.000000,0.000000,0.000000,1.000000,-0.075624,0.483496,-0.037177,0.000530,-0.002674,0.007623,-0.001138,-0.002393,0.000266,0,0.000000,0.000000,0.000000,0.000000,0.000000,0.000000,0.000000,0.000000,0.136595,0.136695
36.165966,-0.372000,1.196000,1.502000,-0.342977,1.172852,1.467963,-0.342975,1.172852,1.467963,0.000000,0.000000,0.000000,1.000000,-0.075624,0.483496,-0.037177,0.000530,-0.002674,0.007623,-0.001138,-0.002393,0.000266,0,0.000000,0.000000,0.000000,0.000000,0.000000,0.000000,0.000000,0.000000,0.050365,0.050367
36.182591,-0.378000,1.195000,1.502000,-0.295227,1.122473,1.500110,-0.295349,1.122468,1.500537,0.000000,0.000000,0.000000,1.000000,-0.075624,0.483496,-0.037177,0.000530,-0.002674,0.007623,-0.001138,-0.002393,0.000266,0,0.000000,0.000000,0.000000,0.000000,0.000000,0.000000,0.000000,0.000000,0.110069,0.109974
36.199183,-0.381000,1.195000,1.502000,-0.341058,1.173343,1.512013,-0.341299,1.173414,1.511634,0.000000,0.000000,0.000000,1.000000,-0.075624,0.483496,-0.037177,0.000530,-0.002674,0.007623,-0.001138,-0.002393,0.000266,0,0.000000,0.000000,0.000000,0.000000,0.000000,0.000000,0.000000,0.000000,0.046526,0.046206
36.215801,-0.385000,1.194000,1.502000,-0.333963,1.198728,1.429135,-0.333636,1.198623,1.429038,0.000000,0.000000,0.000000,1.000000,-0.075624,0.483496,-0.037177,0.000530,-0.002674,0.007623,-0.001138,-0.002393,0.000266,0,0.000000,0.000000,0.000000,0.000000,0.000000,0.000000,0.000000,0.000000,0.089087,0.089348
36.232453,-0.390000,1.193000,1.502000,-0.366619,1.164754,1.505154,-0.366189,1.164662,1.505095,0.000000,0.000000,0.000000,1.000000,-0.075624,0.483496,-0.037177,0.000530,-0.002674,0.007623,-0.001138,-0.002393,0.000266,0,0.000000,0.000000,0.000000,0.000000,0.000000,0.000000,0.000000,0.000000,0.036803,0.037143
36.249101,-0.398000,1.191000,1.502000,-0.353821,1.159795,1.505247,-0.353811,1.159767,1.505282,0.000000,0.000000,0.000000,1.000000,-0.075624,0.483496,-0.037177,0.000530,-0.002674,0.007623,-0.001138,-0.002393,0.000266,0,0.000000,0.000000,0.000000,0.000000,0.000000,0.000000,0.000000,0.000000,0.054186,0.054212
36.265684,-0.409000,1.188000,1.502000,-0.361180,1.176512,1.500577,-0.361144,1.176492,1.500491,0.000000,0.000000,0.000000,1.000000,-0.075624,0.483496,-0.037177,0.000530,-0.002674,0.007623,-0.001138,-0.002393,0.000266,0,0.000000,0.000000,0.000000,0.000000,0.000000,0.000000,0.000000,0.000000,0.049201,0.049243
36.282339,-0.416000,1.187000,1.503000,-0.378493,1.155705,1.552973,-0.378454,1.155582,1.552993,0.000000,0.000000,0.000000,1.000000,-0.075624,0.483496,-0.037177,0.000530,-0.002674,0.007623,-0.001138,-0.002393,0.000266,0,0.000000,0.000000,0.000000,0.000000,0.000000,0.000000,0.000000,0.000000,0.069882,0.069972
36.298975,-0.423000,1.185000,1.503000,-0.363637,1.151079,1.563698,-0.363651,1.151126,1.563672,0.000000,0.000000,0.000000,1.000000,-0.075624,0.483496,-0.037177,0.000530,-0.002674,0.007623,-0.001138,-0.002393,0.000266,0,0.000000,0.000000,0.000000,0.000000,0.000000,0.000000,0.000000,0.000000,0.091426,0.091383
36.315613,-0.427000,1.184000,1.503000,-0.341262,1.134069,1.656065,-0.341118,1.133795,1.656156,0.000000,0.000000,0.000000,1.000000,-0.075624,0.483496,-0.037177,0.000530,-0.002674,0.007623,-0.001138,-0.002393,0.000266,0,0.000000,0.000000,0.000000,0.000000,0.000000,0.000000,0.000000,0.000000,0.182409,0.182628
36.332212,-0.432000,1.182000,1.503000,-0.418374,1.144607,1.492058,-0.418373,1.144605,1.492059,0.000000,0.000000,0.000000,1.000000,-0.075624,0.483496,-0.037177,0.000530,-0.002674,0.007623,-0.001138,-0.002393,0.000266,0,0.000000,0.000000,0.000000,0.000000,0.000000,0.000000,0.000000,0.000000,0.041275,0.041277
36.348802,-0.446000,1.179000,1.504000,-0.384323,1.139014,1.554913,-0.384352,1.139227,1.554831,0.000000,0.000000,0.000000,1.000000,-0.075624,0.483496,-0.037177,0.000530,-0.002674,0.007623,-0.001138,-0.002393,0.000266,0,0.000000,0.000000,0.000000,0.000000,0.000000,0.000000,0.000000,0.000000,0.089415,0.089253
36.382111,-0.457000,1.176000,1.504000,-0.410084,1.148881,1.510147,-0.410096,1.148829,1.510047,0.000000,0.000000,0.000000,1.000000,-0.075624,0.483496,-0.037177,0.000530,-0.002674,0.007623,-0.001138,-0.002393,0.000266,0,0.000000,0.000000,0.000000,0.000000,0.000000,0.000000,0.000000,0.000000,0.054538,0.054542
36.398683,-0.462000,1.175000,1.504000,-0.396876,1.122423,1.618185,-0.396877,1.122424,1.618184,0.000000,0.000000,0.000000,1.000000,-0.075624,0.483496,-0.037177,0.000530,-0.002674,0.007623,-0.001138,-0.002393,0.000266,0,0.000000,0.000000,0.000000,0.000000,0.000000,0.000000,0.000000,0.000000,0.141575,0.141574
36.415258,-0.473000,1.171000,1.504000,-0.404937,1.167965,1.516633,-0.404936,1.167964,1.516634,0.000000,0.000000,0.000000,1.000000,-0.075624,0.483496,-0.037177,0.000530,-0.002674,0.007623,-0.001138,-0.002393,0.000266,0,0.000000,0.000000,0.000000,0.000000,0.000000,0.000000,0.000000,0.000000,0.069292,0.069293
36.431894,-0.481000,1.168000,1.504000,-0.476986,1.149940,1.477228,-0.476762,1.150005,1.477138,0.000000,0.000000,0.000000,1.000000,-0.075624,0.483496,-0.037177,0.000530,-0.002674,0.007623,-0.001138,-0.002393,0.000266,0,0.000000,0.000000,0.000000,0.000000,0.000000,0.000000,0.000000,0.000000,0.032542,0.032609
36.448616,-0.487000,1.166000,1.504000,-0.441192,1.163614,1.471039,-0.441165,1.163541,1.471132,0.000000,0.000000,0.000000,1.000000,-0.075624,0.483496,-0.037177,0.000530,-0.002674,0.007623,-0.001138,-0.002393,0.000266,0,0.000000,0.000000,0.000000,0.000000,0.000000,0.000000,0.000000,0.000000,0.056485,0.056455
36.465215,-0.491000,1.164000,1.504000,-0.416009,1.191281,1.422846,-0.415933,1.191206,1.422847,0.000000,0.000000,0.000000,1.000000,-0.075624,0.483496,-0.037177,0.000530,-0.002674,0.007623,-0.001138,-0.002393,0.000266,0,0.000000,0.000000,0.000000,0.000000,0.000000,0.000000,0.000000,0.000000,0.113815,0.113846
36.481879,-0.495000,1.163000,1.504000,-0.401547,1.130569,1.491365,-0.401899,1.130456,1.491237,0.000000,0.000000,0.000000,1.000000,-0.075624,0.483496,-0.037177,0.000530,-0.002674,0.007623,-0.001138,-0.002393,0.000266,0,0.000000,0.000000,0.000000,0.000000,0.000000,0.000000,0.000000,0.000000,0.099724,0.099448
36.498414,-0.498000,1.162000,1.504000,-0.437096,1.088386,1.489078,-0.437304,1.088034,1.489203,0.000000,0.000000,0.000000,1.000000,-0.075624,0.483496,-0.037177,0.000530,-0.002674,0.007623,-0.001138,-0.002393,0.000266,0,0.000000,0.000000,0.000000,0.000000,0.000000,0.000000,0.000000,0.000000,0.096700,0.096819
36.515092,-0.508000,1.157000,1.505000,-0.412303,1.124142,1.543458,-0.411736,1.124334,1.543592,0.000000,0.000000,0.000000,1.000000,-0.075624,0.483496,-0.037177,0.000530,-0.002674,0.007623,-0.001138,-0.002393,0.000266,0,0.000000,0.000000,0.000000,0.000000,0.000000,0.000000,0.000000,0.000000,0.108243,0.108734
36.531664,-0.515000,1.155000,1.504000,-0.456056,1.129042,1.431137,-0.456055,1.129042,1.431137,0.000000,0.000000,0.000000,1.000000,-0.075624,0.483496,-0.037177,0.000530,-0.002674,0.007623,-0.001138,-0.002393,0.000266,0,0.000000,0.000000,0.000000,0.000000,0.000000,0.000000,0.000000,0.000000,0.097248,0.097248
36.548351,-0.520000,1.152000,1.504000,-0.471259,1.105731,1.551116,-0.471255,1.105732,1.551116,0.000000,0.000000,0.000000,1.000000,-0.075624,0.483496,-0.037177,0.000530,-0.002674,0.007623,-0.001138,-0.002393,0.000266,0,0.000000,0.000000,0.000000,0.000000,0.000000,0.000000,0.000000,0.000000,0.082076,0.082078
36.564916,-0.523000,1.151000,1.504000,-0.453208,1.156045,1.485650,-0.453163,1.156029,1.485426,0.000000,0.000000,0.000000,1.000000,-0.075624,0.483496,-0.037177,0.000530,-0.002674,0.007623,-0.001138,-0.002393,0.000266,0,0.000000,0.000000,0.000000,0.000000,0.000000,0.000000,0.000000,0.000000,0.072340,0.072440
36.581549,-0.530000,1.148000,1.504000,-0.469046,1.123386,1.499765,-0.468794,1.123462,1.499730,0.000000,0.000000,0.000000,1.000000,-0.075624,0.483496,-0.037177,0.000530,-0.002674,0.007623,-0.001138,-0.002393,0.000266,0,0.000000,0.000000,0.000000,0.000000,0.000000,0.000000,0.000000,0.000000,0.065872,0.066079
36.598204,-0.534000,1.146000,1.504000,-0.490081,1.102369,1.501461,-0.490218,1.102184,1.501505,0.000000,0.000000,0.000000,1.000000,-0.075624,0.483496,-0.037177,0.000530,-0.002674,0.007623,-0.001138,-0.002393,0.000266,0,0.000000,0.000000,0.000000,0.000000,0.000000,0.000000,0.000000,0.000000,0.061960,0.061991
36.614796,-0.539000,1.143000,1.504000,-0.478867,1.150460,1.556670,-0.478622,1.150314,1.556846,0.000000,0.000000,0.000000,1.000000,-0.075624,0.483496,-0.037177,0.000530,-0.002674,0.007623,-0.001138,-0.002393,0.000266,0,0.000000,0.000000,0.000000,0.000000,0.000000,0.000000,0.000000,0.000000,0.080286,0.080571
36.631477,-0.541000,1.143000,1.504000,-0.487526,1.131123,1.534696,-0.487576,1.131084,1.534721,0.000000,0.000000,0.000000,1.000000,-0.075624,0.483496,-0.037177,0.000530,-0.002674,0.007623,-0.001138,-0.002393,0.000266,0,0.000000,0.000000,0.000000,0.000000,0.000000,0.000000,0.000000,0.000000,0.062792,0.062769
36.647979,-0.551000,1.137000,1.504000,-0.492398,1.139172,1.523666,-0.492395,1.139166,1.523650,0.000000,0.000000,0.000000,1.000000,-0.075624,0.483496,-0.037177,0.000530,-0.002674,0.007623,-0.001138,-0.002393,0.000266,0,0.000000,0.000000,0.000000,0.000000,0.000000,0.000000,0.000000,0.000000,0.061852,0.061849
36.664681,-0.557000,1.134000,1.504000,-0.519923,1.101450,1.467001,-0.519846,1.101323,1.467098,0.000000,0.000000,0.000000,1.000000,-0.075624,0.483496,-0.037177,0.000530,-0.002674,0.007623,-0.001138,-0.002393,0.000266,0,0.000000,0.000000,0.000000,0.000000,0.000000,0.000000,0.000000,0.000000,0.061670,0.061724
36.681340,-0.558000,1.133000,1.505000,-0.501233,1.137296,1.493582,-0.500789,1.137369,1.493707,0.000000,0.000000,0.000000,1.000000,-0.075624,0.483496,-0.037177,0.000530,-0.002674,0.007623,-0.001138,-0.002393,0.000266,0,0.000000,0.000000,0.000000,0.000000,0.000000,0.000000,0.000000,0.000000,0.058063,0.058478
36.714526,-0.571000,1.126000,1.505000,-0.539141,1.089655,1.528485,-0.538810,1.089597,1.528504,0.000000,0.000000,0.000000,1.000000,-0.075624,0.483496,-0.037177,0.000530,-0.002674,0.007623,-0.001138,-0.002393,0.000266,0,0.000000,0.000000,0.000000,0.000000,0.000000,0.000000,0.000000,0.000000,0.053736,0.053980
36.731153,-0.577000,1.123000,1.504000,-0.511183,1.113091,1.577331,-0.511090,1.112851,1.577366,0.000000,0.000000,0.000000,1.000000,-0.075624,0.483496,-0.037177,0.000530,-0.002674,0.007623,-0.001138,-0.002393,0.000266,0,0.000000,0.000000,0.000000,0.000000,0.000000,0.000000,0.000000,0.000000,0.099033,0.099145
36.747818,-0.580000,1.121000,1.504000,-0.537010,1.141209,1.526737,-0.536817,1.141010,1.526788,0.000000,0.000000,0.000000,1.000000,-0.075624,0.483496,-0.037177,0.000530,-0.002674,0.007623,-0.001138,-0.002393,0.000266,0,0.000000,0.000000,0.000000,0.000000,0.000000,0.000000,0.000000,0.000000,0.052664,0.052768
36.764434,-0.590000,1.116000,1.505000,-0.564416,1.100785,1.572457,-0.564247,1.100772,1.572411,0.000000,0.000000,0.000000,1.000000,-0.075624,0.483496,-0.037177,0.000530,-0.002674,0.007623,-0.001138,-0.002393,0.000266,0,0.000000,0.000000,0.000000,0.000000,0.000000,0.000000,0.000000,0.000000,0.073733,0.073752
36.781020,-0.594000,1.113000,1.504000,-0.521264,1.098875,1.607103,-0.521242,1.098748,1.607063,0.000000,0.000000,0.000000,1.000000,-0.075624,0.483496,-0.037177,0.000530,-0.002674,0.007623,-0.001138,-0.002393,0.000266,0,0.000000,0.000000,0.000000,0.000000,0.000000,0.000000,0.000000,0.000000,0.126966,0.126960
36.797603,-0.603000,1.108000,1.504000,-0.529712,1.097196,1.500030,-0.529712,1.097196,1.500030,0.000000,0.000000,0.000000,1.000000,-0.075624,0.483496,-0.037177,0.000530,-0.002674,0.007623,-0.001138,-0.002393,0.000266,0,0.000000,0.000000,0.000000,0.000000,0.000000,0.000000,0.000000,0.000000,0.074187,0.074186
36.830981,-0.612000,1.102000,1.504000,-0.576929,1.130414,1.575754,-0.576647,1.129950,1.575940,0.000000,0.000000,0.000000,1.000000,-0.075624,0.483496,-0.037177,0.000530,-0.002674,0.007623,-0.001138,-0.002393,0.000266,0,0.000000,0.000000,0.000000,0.000000,0.000000,0.000000,0.000000,0.000000,0.084770,0.084890
36.847522,-0.619000,1.099000,1.504000,-0.594072,1.087576,1.572642,-0.593638,1.087657,1.572595,0.000000,0.000000,0.000000,1.000000,-0.075624,0.483496,-0.037177,0.000530,-0.002674,0.007623,-0.001138,-0.002393,0.000266,0,0.000000,0.000000,0.000000,0.000000,0.000000,0.000000,0.000000,0.000000,0.073917,0.074008
36.864172,-0.623000,1.096000,1.505000,-0.550118,1.087503,1.421604,-0.550117,1.087500,1.421610,0.000000,0.000000,0.000000,1.000000,-0.075624,0.483496,-0.037177,0.000530,-0.002674,0.007623,-0.001138,-0.002393,0.000266,0,0.000000,0.000000,0.000000,0.000000,0.000000,0.000000,0.000000,0.000000,0.111080,0.111077
36.880758,-0.630000,1.092000,1.504000,-0.618199,1.108954,1.513755,-0.617996,1.109007,1.513828,0.000000,0.000000,0.000000,1.000000,-0.075624,0.483496,-0.037177,0.000530,-0.002674,0.007623,-0.001138,-0.002393,0.000266,0,0.000000,0.000000,0.000000,0.000000,0.000000,0.000000,0.000000,0.000000,0.022844,0.023020
36.897419,-0.631000,1.091000,1.505000,-0.555634,1.101950,1.496040,-0.555516,1.102122,1.496097,0.000000,0.000000,0.000000,1.000000,-0.075624,0.483496,-0.037177,0.000530,-0.002674,0.007623,-0.001138,-0.002393,0.000266,0,0.000000,0.000000,0.000000,0.000000,0.000000,0.000000,0.000000,0.000000,0.076683,0.076817
36.914019,-0.636000,1.088000,1.504000,-0.557142,1.081106,1.508717,-0.557397,1.081030,1.508752,0.000000,0.000000,0.000000,1.000000,-0.075624,0.483496,-0.037177,0.000530,-0.002674,0.007623,-0.001138,-0.002393,0.000266,0,0.000000,0.000000,0.000000,0.000000,0.000000,0.000000,0.000000,0.000000,0.079300,0.079055
36.930620,-0.641000,1.084000,1.505000,-0.593234,1.087416,1.456613,-0.593310,1.087465,1.456401,0.000000,0.000000,0.000000,1.000000,-0.075624,0.483496,-0.037177,0.000530,-0.002674,0.007623,-0.001138,-0.002393,0.000266,0,0.000000,0.000000,0.000000,0.000000,0.000000,0.000000,0.000000,0.000000,0.068077,0.068178
36.947241,-0.648000,1.080000,1.504000,-0.625560,1.095420,1.454788,-0.625556,1.095564,1.454784,0.000000,0.000000,0.000000,1.000000,-0.075624,0.483496,-0.037177,0.000530,-0.002674,0.007623,-0.001138,-0.002393,0.000266,0,0.000000,0.000000,0.000000,0.000000,0.000000,0.000000,0.000000,0.000000,0.056242,0.056287
36.963890,-0.654000,1.076000,1.505000,-0.643401,1.036992,1.446251,-0.643393,1.036831,1.446486,0.000000,0.000000,0.000000,1.000000,-0.075624,0.483496,-0.037177,0.000530,-0.002674,0.007623,-0.001138,-0.002393,0.000266,0,0.000000,0.000000,0.000000,0.000000,0.000000,0.000000,0.000000,0.000000,0.071312,0.071208
36.980532,-0.662000,1.070000,1.504000,-0.634936,1.031262,1.523366,-0.634823,1.031150,1.523358,0.000000,0.000000,0.000000,1.000000,-0.075624,0.483496,-0.037177,0.000530,-0.002674,0.007623,-0.001138,-0.002393,0.000266,0,0.000000,0.000000,0.000000,0.000000,0.000000,0.000000,0.000000,0.000000,0.051070,0.051212
36.997124,-0.666000,1.068000,1.504000,-0.576085,1.100510,1.577519,-0.575787,1.099932,1.577682,0.000000,0.000000,0.000000,1.000000,-0.075624,0.483496,-0.037177,0.000530,-0.002674,0.007623,-0.001138,-0.002393,0.000266,0,0.000000,0.000000,0.000000,0.000000,0.000000,0.000000,0.000000,0.000000,0.120609,0.120777
37.013713,-0.669000,1.066000,1.504000,-0.625046,1.079354,1.453260,-0.625046,1.079355,1.453259,0.000000,0.000000,0.000000,1.000000,-0.075624,0.483496,-0.037177,0.000530,-0.002674,0.007623,-0.001138,-0.002393,0.000266,0,0.000000,0.000000,0.000000,0.000000,0.000000,0.000000,0.000000,0.000000,0.068446,0.068447
37.030412,-0.676000,1.061000,1.504000,-0.648730,1.047226,1.488476,-0.648658,1.047100,1.488523,0.000000,0.000000,0.000000,1.000000,-0.075624,0.483496,-0.037177,0.000530,-0.002674,0.007623,-0.001138,-0.002393,0.000266,0,0.000000,0.000000,0.000000,0.000000,0.000000,0.000000,0.000000,0.000000,0.034269,0.034356
37.047014,-0.681000,1.057000,1.504000,-0.646037,1.070288,1.557308,-0.645758,1.070040,1.557375,0.000000,0.000000,0.000000,1.000000,-0.075624,0.483496,-0.037177,0.000530,-0.002674,0.007623,-0.001138,-0.002393,0.000266,0,0.000000,0.000000,0.000000,0.000000,0.000000,0.000000,0.000000,0.000000,0.065121,0.065276
37.063674,-0.686000,1.054000,1.504000,-0.653508,1.093028,1.520624,-0.653464,1.092979,1.520607,0.000000,0.000000,0.000000,1.000000,-0.075624,0.483496,-0.037177,0.000530,-0.002674,0.007623,-0.001138,-0.002393,0.000266,0,0.000000,0.000000,0.000000,0.000000,0.000000,0.000000,0.000000,0.000000,0.053435,0.053420
37.080257,-0.692000,1.050000,1.504000,-0.680011,1.051463,1.558108,-0.679749,1.051416,1.558161,0.000000,0.000000,0.000000,1.000000,-0.075624,0.483496,-0.037177,0.000530,-0.002674,0.007623,-0.001138,-0.002393,0.000266,0,0.000000,0.000000,0.000000,0.000000,0.000000,0.000000,0.000000,0.000000,0.055439,0.055548
37.096885,-0.696000,1.047000,1.504000,-0.648025,1.086045,1.507887,-0.647548,1.086176,1.507831,0.000000,0.000000,0.000000,1.000000,-0.075624,0.483496,-0.037177,0.000530,-0.002674,0.007623,-0.001138,-0.002393,0.000266,0,0.000000,0.000000,0.000000,0.000000,0.000000,0.000000,0.000000,0.000000,0.061978,0.062426
37.113526,-0.702000,1.042000,1.504000,-0.691285,1.024727,1.531357,-0.690577,1.024843,1.531266,0.000000,0.000000,0.000000,1.000000,-0.075624,0.483496,-0.037177,0.000530,-0.002674,0.007623,-0.001138,-0.002393,0.000266,0,0.000000,0.000000,0.000000,0.000000,0.000000,0.000000,0.000000,0.000000,0.034082,0.034180
37.130160,-0.708000,1.037000,1.504000,-0.704578,1.049752,1.536475,-0.704558,1.049718,1.536495,0.000000,0.000000,0.000000,1.000000,-0.075624,0.483496,-0.037177,0.000530,-0.002674,0.007623,-0.001138,-0.002393,0.000266,0,0.000000,0.000000,0.000000,0.000000,0.000000,0.000000,0.000000,0.000000,0.035056,0.035064
37.146706,-0.716000,1.032000,1.504000,-0.694701,1.019350,1.558816,-0.694583,1.019325,1.558740,0.000000,0.000000,0.000000,1.000000,-0.075624,0.483496,-0.037177,0.000530,-0.002674,0.007623,-0.001138,-0.002393,0.000266,0,0.000000,0.000000,0.000000,0.000000,0.000000,0.000000,0.000000,0.000000,0.060154,0.060132
37.163337,-0.724000,1.026000,1.504000,-0.697512,1.057722,1.519303,-0.697493,1.057654,1.519298,0.000000,0.000000,0.000000,1.000000,-0.075624,0.483496,-0.037177,0.000530,-0.002674,0.007623,-0.001138,-0.002393,0.000266,0,0.000000,0.000000,0.000000,0.000000,0.000000,0.000000,0.000000,0.000000,0.044069,0.044030
37.180047,-0.730000,1.022000,1.504000,-0.691039,1.062128,1.526532,-0.691005,1.062152,1.526532,0.000000,0.000000,0.000000,1.000000,-0.075624,0.483496,-0.037177,0.000530,-0.002674,0.007623,-0.001138,-0.002393,0.000266,0,0.000000,0.000000,0.000000,0.000000,0.000000,0.000000,0.000000,0.000000,0.060299,0.060337
37.196670,-0.736000,1.018000,1.504000,-0.661761,1.038946,1.562411,-0.661658,1.038839,1.562536,0.000000,0.000000,0.000000,1.000000,-0.075624,0.483496,-0.037177,0.000530,-0.002674,0.007623,-0.001138,-0.002393,0.000266,0,0.000000,0.000000,0.000000,0.000000,0.000000,0.000000,0.000000,0.000000,0.096757,0.096888
37.213264,-0.742000,1.013000,1.505000,-0.715090,1.018404,1.520006,-0.714947,1.018250,1.519991,0.000000,0.000000,0.000000,1.000000,-0.075624,0.483496,-0.037177,0.000530,-0.002674,0.007623,-0.001138,-0.002393,0.000266,0,0.000000,0.000000,0.000000,0.000000,0.000000,0.000000,0.000000,0.000000,0.031282,0.031372
37.229830,-0.745000,1.011000,1.505000,-0.696558,1.020337,1.440488,-0.696411,1.020215,1.440475,0.000000,0.000000,0.000000,1.000000,-0.075624,0.483496,-0.037177,0.000530,-0.002674,0.007623,-0.001138,-0.002393,0.000266,0,0.000000,0.000000,0.000000,0.000000,0.000000,0.000000,0.000000,0.000000,0.081214,0.081298
37.246587,-0.756000,1.003000,1.505000,-0.744566,1.050666,1.509329,-0.744610,1.051107,1.509261,0.000000,0.000000,0.000000,1.000000,-0.075624,0.483496,-0.037177,0.000530,-0.002674,0.007623,-0.001138,-0.002393,0.000266,0,0.000000,0.000000,0.000000,0.000000,0.000000,0.000000,0.000000,0.000000,0.049209,0.049620
37.263155,-0.760000,1.000000,1.505000,-0.715396,1.006316,1.523179,-0.715470,1.006304,1.523104,0.000000,0.000000,0.000000,1.000000,-0.075624,0.483496,-0.037177,0.000530,-0.002674,0.007623,-0.001138,-0.002393,0.000266,0,0.000000,0.000000,0.000000,0.000000,0.000000,0.000000,0.000000,0.000000,0.048579,0.048481
37.279741,-0.765000,0.996000,1.505000,-0.759079,0.968476,1.507362,-0.758826,0.968461,1.507352,0.000000,0.000000,0.000000,1.000000,-0.075624,0.483496,-0.037177,0.000530,-0.002674,0.007623,-0.001138,-0.002393,0.000266,0,0.000000,0.000000,0.000000,0.000000,0.000000,0.000000,0.000000,0.000000,0.028252,0.028321
37.296428,-0.776000,0.988000,1.504000,-0.697222,1.052445,1.611873,-0.697221,1.052444,1.611875,0.000000,0.000000,0.000000,1.000000,-0.075624,0.483496,-0.037177,0.000530,-0.002674,0.007623,-0.001138,-0.002393,0.000266,0,0.000000,0.000000,0.000000,0.000000,0.000000,0.000000,0.000000,0.000000,0.148310,0.148311
37.312949,-0.782000,0.984000,1.504000,-0.743931,1.011153,1.502938,-0.743931,1.011153,1.502940,0.000000,0.000000,0.000000,1.000000,-0.075624,0.483496,-0.037177,0.000530,-0.002674,0.007623,-0.001138,-0.002393,0.000266,0,0.000000,0.000000,0.000000,0.000000,0.000000,0.000000,0.000000,0.000000,0.046772,0.046772
37.329681,-0.785000,0.981000,1.504000,-0.772279,1.009608,1.495002,-0.772257,1.009566,1.495017,0.000000,0.000000,0.000000,1.000000,-0.075624,0.483496,-0.037177,0.000530,-0.002674,0.007623,-0.001138,-0.002393,0.000266,0,0.000000,0.000000,0.000000,0.000000,0.000000,0.000000,0.000000,0.000000,0.032576,0.032544
37.346298,-0.787000,0.980000,1.504000,-0.731157,0.988779,1.502328,-0.731176,0.988869,1.502258,0.000000,0.000000,0.000000,1.000000,-0.075624,0.483496,-0.037177,0.000530,-0.002674,0.007623,-0.001138,-0.002393,0.000266,0,0.000000,0.000000,0.000000,0.000000,0.000000,0.000000,0.000000,0.000000,0.056554,0.056551
37.362821,-0.792000,0.975000,1.504000,-0.718896,0.999914,1.561378,-0.718771,0.999735,1.561416,0.000000,0.000000,0.000000,1.000000,-0.075624,0.483496,-0.037177,0.000530,-0.002674,0.007623,-0.001138,-0.002393,0.000266,0,0.000000,0.000000,0.000000,0.000000,0.000000,0.000000,0.000000,0.000000,0.096214,0.096285
37.379439,-0.796000,0.973000,1.504000,-0.752625,0.993683,1.602609,-0.752564,0.993570,1.602648,0.000000,0.000000,0.000000,1.000000,-0.075624,0.483496,-0.037177,0.000530,-0.002674,0.007623,-0.001138,-0.002393,0.000266,0,0.000000,0.000000,0.000000,0.000000,0.000000,0.000000,0.000000,0.000000,0.109695,0.109733
37.396122,-0.798000,0.970000,1.504000,-0.766200,1.004159,1.563762,-0.766342,1.004223,1.563696,0.000000,0.000000,0.000000,1.000000,-0.075624,0.483496,-0.037177,0.000530,-0.002674,0.007623,-0.001138,-0.002393,0.000266,0,0.000000,0.000000,0.000000,0.000000,0.000000,0.000000,0.000000,0.000000,0.075826,0.075743
37.412720,-0.806000,0.964000,1.504000,-0.758862,0.980714,1.545671,-0.758886,0.980702,1.545704,0.000000,0.000000,0.000000,1.000000,-0.075624,0.483496,-0.037177,0.000530,-0.002674,0.007623,-0.001138,-0.002393,0.000266,0,0.000000,0.000000,0.000000,0.000000,0.000000,0.000000,0.000000,0.000000,0.065098,0.065099
37.429366,-0.813000,0.959000,1.503000,-0.799991,1.000469,1.561695,-0.799946,1.000421,1.561744,0.000000,0.000000,0.000000,1.000000,-0.075624,0.483496,-0.037177,0.000530,-0.002674,0.007623,-0.001138,-0.002393,0.000266,0,0.000000,0.000000,0.000000,0.000000,0.000000,0.000000,0.000000,0.000000,0.073034,0.073055
37.445936,-0.816000,0.956000,1.503000,-0.813684,0.943563,1.468377,-0.813383,0.943152,1.468538,0.000000,0.000000,0.000000,1.000000,-0.075624,0.483496,-0.037177,0.000530,-0.002674,0.007623,-0.001138,-0.002393,0.000266,0,0.000000,0.000000,0.000000,0.000000,0.000000,0.000000,0.000000,0.000000,0.036862,0.036872
37.479242,-0.825000,0.949000,1.503000,-0.757856,0.998261,1.550078,-0.757666,0.997502,1.550117,0.000000,0.000000,0.000000,1.000000,-0.075624,0.483496,-0.037177,0.000530,-0.002674,0.007623,-0.001138,-0.002393,0.000266,0,0.000000,0.000000,0.000000,0.000000,0.000000,0.000000,0.000000,0.000000,0.095662,0.095427
37.495881,-0.825000,0.949000,1.503000,-0.776927,1.003419,1.516136,-0.776912,1.003460,1.516149,0.000000,0.000000,0.000000,1.000000,-0.075624,0.483496,-0.037177,0.000530,-0.002674,0.007623,-0.001138,-0.002393,0.000266,0,0.000000,0.000000,0.000000,0.000000,0.000000,0.000000,0.000000,0.000000,0.073791,0.073832
37.512439,-0.835000,0.942000,1.502000,-0.843088,0.972188,1.423099,-0.842721,0.971789,1.423067,0.000000,0.000000,0.000000,1.000000,-0.075624,0.483496,-0.037177,0.000530,-0.002674,0.007623,-0.001138,-0.002393,0.000266,0,0.000000,0.000000,0.000000,0.000000,0.000000,0.000000,0.000000,0.000000,0.084865,0.084720
37.529063,-0.839000,0.939000,1.502000,-0.801186,0.974879,1.490826,-0.801125,0.974820,1.490711,0.000000,0.000000,0.000000,1.000000,-0.075624,0.483496,-0.037177,0.000530,-0.002674,0.007623,-0.001138,-0.002393,0.000266,0,0.000000,0.000000,0.000000,0.000000,0.000000,0.000000,0.000000,0.000000,0.053311,0.053339
37.545728,-0.846000,0.933000,1.502000,-0.813234,0.933807,1.496200,-0.812959,0.933826,1.496218,0.000000,0.000000,0.000000,1.000000,-0.075624,0.483496,-0.037177,0.000530,-0.002674,0.007623,-0.001138,-0.002393,0.000266,0,0.000000,0.000000,0.000000,0.000000,0.000000,0.000000,0.000000,0.000000,0.033285,0.033554
37.562347,-0.852000,0.928000,1.502000,-0.792253,0.975588,1.569507,-0.791998,0.975325,1.569607,0.000000,0.000000,0.000000,1.000000,-0.075624,0.483496,-0.037177,0.000530,-0.002674,0.007623,-0.001138,-0.002393,0.000266,0,0.000000,0.000000,0.000000,0.000000,0.000000,0.000000,0.000000,0.000000,0.101939,0.102033
37.578986,-0.859000,0.922000,1.502000,-0.821085,0.942895,1.480124,-0.820561,0.942588,1.480279,0.000000,0.000000,0.000000,1.000000,-0.075624,0.483496,-0.037177,0.000530,-0.002674,0.007623,-0.001138,-0.002393,0.000266,0,0.000000,0.000000,0.000000,0.000000,0.000000,0.000000,0.000000,0.000000,0.048505,0.048716
37.595647,-0.867000,0.916000,1.502000,-0.822761,0.942198,1.549677,-0.822586,0.942131,1.549670,0.000000,0.000000,0.000000,1.000000,-0.075624,0.483496,-0.037177,0.000530,-0.002674,0.007623,-0.001138,-0.002393,0.000266,0,0.000000,0.000000,0.000000,0.000000,0.000000,0.000000,0.000000,0.000000,0.070118,0.070199
37.628891,-0.881000,0.903000,1.501000,-0.835475,0.945700,1.480078,-0.835463,0.945700,1.480076,0.000000,0.000000,0.000000,1.000000,-0.075624,0.483496,-0.037177,0.000530,-0.002674,0.007623,-0.001138,-0.002393,0.000266,0,0.000000,0.000000,0.000000,0.000000,0.000000,0.000000,0.000000,0.000000,0.065829,0.065839
37.645518,-0.886000,0.900000,1.501000,-0.831386,0.963481,1.484292,-0.831454,0.963443,1.484298,0.000000,0.000000,0.000000,1.000000,-0.075624,0.483496,-0.037177,0.000530,-0.002674,0.007623,-0.001138,-0.002393,0.000266,0,0.000000,0.000000,0.000000,0.000000,0.000000,0.000000,0.000000,0.000000,0.085391,0.085319
37.662063,-0.891000,0.895000,1.501000,-0.838004,0.940071,1.538609,-0.837813,0.940006,1.538612,0.000000,0.000000,0.000000,1.000000,-0.075624,0.483496,-0.037177,0.000530,-0.002674,0.007623,-0.001138,-0.002393,0.000266,0,0.000000,0.000000,0.000000,0.000000,0.000000,0.000000,0.000000,0.000000,0.079085,0.079178
37.678702,-0.891000,0.895000,1.501000,-0.793481,0.952800,1.517403,-0.793422,0.952709,1.517467,0.000000,0.000000,0.000000,1.000000,-0.075624,0.483496,-0.037177,0.000530,-0.002674,0.007623,-0.001138,-0.002393,0.000266,0,0.000000,0.000000,0.000000,0.000000,0.000000,0.000000,0.000000,0.000000,0.114542,0.114556
37.695363,-0.895000,0.893000,1.501000,-0.887051,0.960187,1.498557,-0.886838,0.959630,1.498773,0.000000,0.000000,0.000000,1.000000,-0.075624,0.483496,-0.037177,0.000530,-0.002674,0.007623,-0.001138,-0.002393,0.000266,0,0.000000,0.000000,0.000000,0.000000,0.000000,0.000000,0.000000,0.000000,0.067699,0.067165
37.711979,-0.897000,0.891000,1.501000,-0.848069,0.916897,1.516376,-0.848211,0.916976,1.516303,0.000000,0.000000,0.000000,1.000000,-0.075624,0.483496,-0.037177,0.000530,-0.002674,0.007623,-0.001138,-0.002393,0.000266,0,0.000000,0.000000,0.000000,0.000000,0.000000,0.000000,0.000000,0.000000,0.057457,0.057352
37.728547,-0.904000,0.885000,1.501000,-0.858628,0.910225,1.572457,-0.858437,0.910257,1.572368,0.000000,0.000000,0.000000,1.000000,-0.075624,0.483496,-0.037177,0.000530,-0.002674,0.007623,-0.001138,-0.002393,0.000266,0,0.000000,0.000000,0.000000,0.000000,0.000000,0.000000,0.000000,0.000000,0.088323,0.088359
37.745261,-0.916000,0.875000,1.500000,-0.808587,0.896193,1.621637,-0.808486,0.896046,1.621614,0.000000,0.000000,0.000000,1.000000,-0.075624,0.483496,-0.037177,0.000530,-0.002674,0.007623,-0.001138,-0.002393,0.000266,0,0.000000,0.000000,0.000000,0.000000,0.000000,0.000000,0.000000,0.000000,0.163653,0.163683
37.761884,-0.920000,0.871000,1.500000,-0.890071,0.924170,1.464631,-0.890070,0.924170,1.464630,0.000000,0.000000,0.000000,1.000000,-0.075624,0.483496,-0.037177,0.000530,-0.002674,0.007623,-0.001138,-0.002393,0.000266,0,0.000000,0.000000,0.000000,0.000000,0.000000,0.000000,0.000000,0.000000,0.070525,0.070526
37.778498,-0.925000,0.869000,1.500000,-0.888820,0.914673,1.533585,-0.888792,0.914615,1.533527,0.000000,0.000000,0.000000,1.000000,-0.075624,0.483496,-0.037177,0.000530,-0.002674,0.007623,-0.001138,-0.002393,0.000266,0,0.000000,0.000000,0.000000,0.000000,0.000000,0.000000,0.000000,0.000000,0.067253,0.067200
37.795126,-0.928000,0.866000,1.500000,-0.881834,0.877483,1.569788,-0.881910,0.877463,1.569726,0.000000,0.000000,0.000000,1.000000,-0.075624,0.483496,-0.037177,0.000530,-0.002674,0.007623,-0.001138,-0.002393,0.000266,0,0.000000,0.000000,0.000000,0.000000,0.000000,0.000000,0.000000,0.000000,0.084460,0.084364
37.811742,-0.929000,0.865000,1.500000,-0.886363,0.884425,1.486071,-0.886139,0.884164,1.486128,0.000000,0.000000,0.000000,1.000000,-0.075624,0.483496,-0.037177,0.000530,-0.002674,0.007623,-0.001138,-0.002393,0.000266,0,0.000000,0.000000,0.000000,0.000000,0.000000,0.000000,0.000000,0.000000,0.048880,0.048957
37.828305,-0.934000,0.861000,1.500000,-0.892543,0.894833,1.512863,-0.892570,0.894837,1.512878,0.000000,0.000000,0.000000,1.000000,-0.075624,0.483496,-0.037177,0.000530,-0.002674,0.007623,-0.001138,-0.002393,0.000266,0,0.000000,0.000000,0.000000,0.000000,0.000000,0.000000,0.000000,0.000000,0.055035,0.055020
37.845013,-0.937000,0.859000,1.499000,-0.864047,0.927151,1.616959,-0.864047,0.927148,1.616960,0.000000,0.000000,0.000000,1.000000,-0.075624,0.483496,-0.037177,0.000530,-0.002674,0.007623,-0.001138,-0.002393,0.000266,0,0.000000,0.000000,0.000000,0.000000,0.000000,0.000000,0.000000,0.000000,0.154535,0.154535
37.861580,-0.941000,0.855000,1.499000,-0.907704,0.872019,1.529538,-0.906998,0.871721,1.529727,0.000000,0.000000,0.000000,1.000000,-0.075624,0.483496,-0.037177,0.000530,-0.002674,0.007623,-0.001138,-0.002393,0.000266,0,0.000000,0.000000,0.000000,0.000000,0.000000,0.000000,0.000000,0.000000,0.048279,0.048784
37.878173,-0.946000,0.852000,1.499000,-0.909530,0.878412,1.566328,-0.909517,0.878398,1.566324,0.000000,0.000000,0.000000,1.000000,-0.075624,0.483496,-0.037177,0.000530,-0.002674,0.007623,-0.001138,-0.002393,0.000266,0,0.000000,0.000000,0.000000,0.000000,0.000000,0.000000,0.000000,0.000000,0.080999,0.080996
37.894793,-0.951000,0.846000,1.499000,-0.888371,0.891697,1.545400,-0.888182,0.891811,1.545336,0.000000,0.000000,0.000000,1.000000,-0.075624,0.483496,-0.037177,0.000530,-0.002674,0.007623,-0.001138,-0.002393,0.000266,0,0.000000,0.000000,0.000000,0.000000,0.000000,0.000000,0.000000,0.000000,0.090352,0.090508
37.911465,-0.957000,0.842000,1.499000,-0.943936,0.852387,1.546912,-0.943811,0.852169,1.547006,0.000000,0.000000,0.000000,1.000000,-0.075624,0.483496,-0.037177,0.000530,-0.002674,0.007623,-0.001138,-0.002393,0.000266,0,0.000000,0.000000,0.000000,0.000000,0.000000,0.000000,0.000000,0.000000,0.050736,0.050813
37.928067,-0.972000,0.829000,1.499000,-0.887332,0.887822,1.566252,-0.886986,0.887800,1.566248,0.000000,0.000000,0.000000,1.000000,-0.075624,0.483496,-0.037177,0.000530,-0.002674,0.007623,-0.001138,-0.002393,0.000266,0,0.000000,0.000000,0.000000,0.000000,0.000000,0.000000,0.000000,0.000000,0.123092,0.123317
37.944685,-0.977000,0.823000,1.499000,-0.890380,0.888278,1.544931,-0.890328,0.888232,1.544943,0.000000,0.000000,0.000000,1.000000,-0.075624,0.483496,-0.037177,0.000530,-0.002674,0.007623,-0.001138,-0.002393,0.000266,0,0.000000,0.000000,0.000000,0.000000,0.000000,0.000000,0.000000,0.000000,0.117787,0.117805
37.961274,-0.981000,0.819000,1.499000,-0.947525,0.864144,1.513683,-0.947374,0.863911,1.513780,0.000000,0.000000,0.000000,1.000000,-0.075624,0.483496,-0.037177,0.000530,-0.002674,0.007623,-0.001138,-0.002393,0.000266,0,0.000000,0.000000,0.000000,0.000000,0.000000,0.000000,0.000000,0.000000,0.058088,0.058019
37.977968,-0.983000,0.818000,1.499000,-0.924185,0.842260,1.563979,-0.924109,0.842163,1.563917,0.000000,0.000000,0.000000,1.000000,-0.075624,0.483496,-0.037177,0.000530,-0.002674,0.007623,-0.001138,-0.002393,0.000266,0,0.000000,0.000000,0.000000,0.000000,0.000000,0.000000,0.000000,0.000000,0.090940,0.090919
37.994622,-0.984000,0.816000,1.499000,-0.947062,0.830734,1.542734,-0.946907,0.830837,1.542741,0.000000,0.000000,0.000000,1.000000,-0.075624,0.483496,-0.037177,0.000530,-0.002674,0.007623,-0.001138,-0.002393,0.000266,0,0.000000,0.000000,0.000000,0.000000,0.000000,0.000000,0.000000,0.000000,0.059111,0.059239
38.011196,-0.991000,0.810000,1.499000,-0.881393,0.839806,1.644831,-0.881395,0.839807,1.644831,0.000000,0.000000,0.000000,1.000000,-0.075624,0.483496,-0.037177,0.000530,-0.002674,0.007623,-0.001138,-0.002393,0.000266,0,0.000000,0.000000,0.000000,0.000000,0.000000,0.000000,0.000000,0.000000,0.184849,0.184848
38.027834,-0.997000,0.803000,1.500000,-0.947444,0.848990,1.569004,-0.947144,0.849175,1.569084,0.000000,0.000000,0.000000,1.000000,-0.075624,0.483496,-0.037177,0.000530,-0.002674,0.007623,-0.001138,-0.002393,0.000266,0,0.000000,0.000000,0.000000,0.000000,0.000000,0.000000,0.000000,0.000000,0.096605,0.096904
38.044447,-1.000000,0.800000,1.500000,-0.946586,0.836035,1.473134,-0.946520,0.835912,1.473121,0.000000,0.000000,0.000000,1.000000,-0.075624,0.483496,-0.037177,0.000530,-0.002674,0.007623,-0.001138,-0.002393,0.000266,0,0.000000,0.000000,0.000000,0.000000,0.000000,0.000000,0.000000,0.000000,0.069809,0.069802
38.061123,-1.005000,0.794000,1.500000,-0.971112,0.822078,1.489049,-0.971184,0.821967,1.489100,0.000000,0.000000,0.000000,1.000000,-0.075624,0.483496,-0.037177,0.000530,-0.002674,0.007623,-0.001138,-0.002393,0.000266,0,0.000000,0.000000,0.000000,0.000000,0.000000,0.000000,0.000000,0.000000,0.045350,0.045216
38.077704,-1.007000,0.792000,1.501000,-0.945360,0.820102,1.503764,-0.945315,0.820202,1.503734,0.000000,0.000000,0.000000,1.000000,-0.075624,0.483496,-0.037177,0.000530,-0.002674,0.007623,-0.001138,-0.002393,0.000266,0,0.000000,0.000000,0.000000,0.000000,0.000000,0.000000,0.000000,0.000000,0.067800,0.067881
38.110918,-1.018000,0.780000,1.501000,-0.994654,0.833837,1.545236,-0.994580,0.833908,1.545281,0.000000,0.000000,0.000000,1.000000,-0.075624,0.483496,-0.037177,0.000530,-0.002674,0.007623,-0.001138,-0.002393,0.000266,0,0.000000,0.000000,0.000000,0.000000,0.000000,0.000000,0.000000,0.000000,0.073487,0.073589
38.127577,-1.019000,0.778000,1.501000,-1.006780,0.854889,1.463224,-1.006439,0.854610,1.463330,0.000000,0.000000,0.000000,1.000000,-0.075624,0.483496,-0.037177,0.000530,-0.002674,0.007623,-0.001138,-0.002393,0.000266,0,0.000000,0.000000,0.000000,0.000000,0.000000,0.000000,0.000000,0.000000,0.086535,0.086289
38.144202,-1.024000,0.772000,1.501000,-0.970985,0.819114,1.528888,-0.970982,0.819086,1.528728,0.000000,0.000000,0.000000,1.000000,-0.075624,0.483496,-0.037177,0.000530,-0.002674,0.007623,-0.001138,-0.002393,0.000266,0,0.000000,0.000000,0.000000,0.000000,0.000000,0.000000,0.000000,0.000000,0.076211,0.076137
38.160837,-1.028000,0.767000,1.501000,-0.990722,0.805780,1.541419,-0.990666,0.805807,1.541394,0.000000,0.000000,0.000000,1.000000,-0.075624,0.483496,-0.037177,0.000530,-0.002674,0.007623,-0.001138,-0.002393,0.000266,0,0.000000,0.000000,0.000000,0.000000,0.000000,0.000000,0.000000,0.000000,0.067284,0.067316
38.177370,-1.031000,0.764000,1.501000,-1.014014,0.827771,1.575203,-1.014053,0.827841,1.575057,0.000000,0.000000,0.000000,1.000000,-0.075624,0.483496,-0.037177,0.000530,-0.002674,0.007623,-0.001138,-0.002393,0.000266,0,0.000000,0.000000,0.000000,0.000000,0.000000,0.000000,0.000000,0.000000,0.099304,0.099233
38.194033,-1.034000,0.759000,1.501000,-0.991125,0.805670,1.459837,-0.991125,0.805668,1.459839,0.000000,0.000000,0.000000,1.000000,-0.075624,0.483496,-0.037177,0.000530,-0.002674,0.007623,-0.001138,-0.002393,0.000266,0,0.000000,0.000000,0.000000,0.000000,0.000000,0.000000,0.000000,0.000000,0.075569,0.075568
38.210711,-1.040000,0.751000,1.502000,-1.006384,0.768752,1.548785,-1.006064,0.768760,1.548591,0.000000,0.000000,0.000000,1.000000,-0.075624,0.483496,-0.037177,0.000530,-0.002674,0.007623,-0.001138,-0.002393,0.000266,0,0.000000,0.000000,0.000000,0.000000,0.000000,0.000000,0.000000,0.000000,0.060283,0.060313
38.227298,-1.048000,0.740000,1.502000,-1.016260,0.799125,1.507208,-1.016439,0.799102,1.507262,0.000000,0.000000,0.000000,1.000000,-0.075624,0.483496,-0.037177,0.000530,-0.002674,0.007623,-0.001138,-0.002393,0.000266,0,0.000000,0.000000,0.000000,0.000000,0.000000,0.000000,0.000000,0.000000,0.067308,0.067207
38.243944,-1.052000,0.736000,1.502000,-1.018004,0.778631,1.592297,-1.017727,0.778470,1.592274,0.000000,0.000000,0.000000,1.000000,-0.075624,0.483496,-0.037177,0.000530,-0.002674,0.007623,-0.001138,-0.002393,0.000266,0,0.000000,0.000000,0.000000,0.000000,0.000000,0.000000,0.000000,0.000000,0.105484,0.105488
38.260508,-1.054000,0.732000,1.502000,-1.007883,0.829159,1.450287,-1.007884,0.829159,1.450287,0.000000,0.000000,0.000000,1.000000,-0.075624,0.483496,-0.037177,0.000530,-0.002674,0.007623,-0.001138,-0.002393,0.000266,0,0.000000,0.000000,0.000000,0.000000,0.000000,0.000000,0.000000,0.000000,0.119334,0.119335
38.277253,-1.059000,0.724000,1.502000,-1.070110,0.740885,1.516967,-1.069429,0.740698,1.516879,0.000000,0.000000,0.000000,1.000000,-0.075624,0.483496,-0.037177,0.000530,-0.002674,0.007623,-0.001138,-0.002393,0.000266,0,0.000000,0.000000,0.000000,0.000000,0.000000,0.000000,0.000000,0.000000,0.025150,0.024678
38.293790,-1.068000,0.711000,1.503000,-1.027806,0.773021,1.556388,-1.027662,0.772877,1.556449,0.000000,0.000000,0.000000,1.000000,-0.075624,0.483496,-0.037177,0.000530,-0.002674,0.007623,-0.001138,-0.002393,0.000266,0,0.000000,0.000000,0.000000,0.000000,0.000000,0.000000,0.000000,0.000000,0.091173,0.091174
38.310406,-1.072000,0.706000,1.503000,-1.042334,0.750922,1.554079,-1.042218,0.750949,1.554088,0.000000,0.000000,0.000000,1.000000,-0.075624,0.483496,-0.037177,0.000530,-0.002674,0.007623,-0.001138,-0.002393,0.000266,0,0.000000,0.000000,0.000000,0.000000,0.000000,0.000000,0.000000,0.000000,0.074210,0.074279
38.327060,-1.078000,0.696000,1.503000,-1.043457,0.790598,1.539654,-1.043517,0.790570,1.539598,0.000000,0.000000,0.000000,1.000000,-0.075624,0.483496,-0.037177,0.000530,-0.002674,0.007623,-0.001138,-0.002393,0.000266,0,0.000000,0.000000,0.000000,0.000000,0.000000,0.000000,0.000000,0.000000,0.107171,0.107107
38.343656,-1.079000,0.694000,1.503000,-1.043166,0.762128,1.482647,-1.042998,0.762100,1.482788,0.000000,0.000000,0.000000,1.000000,-0.075624,0.483496,-0.037177,0.000530,-0.002674,0.007623,-0.001138,-0.002393,0.000266,0,0.000000,0.000000,0.000000,0.000000,0.000000,0.000000,0.000000,0.000000,0.079622,0.079639
38.360303,-1.082000,0.691000,1.503000,-1.009457,0.761444,1.506419,-1.009425,0.761613,1.506257,0.000000,0.000000,0.000000,1.000000,-0.075624,0.483496,-0.037177,0.000530,-0.002674,0.007623,-0.001138,-0.002393,0.000266,0,0.000000,0.000000,0.000000,0.000000,0.000000,0.000000,0.000000,0.000000,0.101176,0.101311
38.376918,-1.085000,0.686000,1.503000,-1.056522,0.753337,1.606237,-1.056155,0.753202,1.606198,0.000000,0.000000,0.000000,1.000000,-0.075624,0.483496,-0.037177,0.000530,-0.002674,0.007623,-0.001138,-0.002393,0.000266,0,0.000000,0.000000,0.000000,0.000000,0.000000,0.000000,0.000000,0.000000,0.126503,0.126483
38.393550,-1.086000,0.685000,1.503000,-1.074604,0.715395,1.575742,-1.074526,0.715367,1.575855,0.000000,0.000000,0.000000,1.000000,-0.075624,0.483496,-0.037177,0.000530,-0.002674,0.007623,-0.001138,-0.002393,0.000266,0,0.000000,0.000000,0.000000,0.000000,0.000000,0.000000,0.000000,0.000000,0.079656,0.079760
38.410161,-1.088000,0.681000,1.503000,-1.064061,0.720482,1.529110,-1.063987,0.720462,1.529083,0.000000,0.000000,0.000000,1.000000,-0.075624,0.483496,-0.037177,0.000530,-0.002674,0.007623,-0.001138,-0.002393,0.000266,0,0.000000,0.000000,0.000000,0.000000,0.000000,0.000000,0.000000,0.000000,0.053044,0.053049
38.426821,-1.089000,0.679000,1.503000,-1.020940,0.707169,1.564307,-1.020864,0.707069,1.564309,0.000000,0.000000,0.000000,1.000000,-0.075624,0.483496,-0.037177,0.000530,-0.002674,0.007623,-0.001138,-0.002393,0.000266,0,0.000000,0.000000,0.000000,0.000000,0.000000,0.000000,0.000000,0.000000,0.095834,0.095860
38.443428,-1.094000,0.673000,1.502000,-1.055363,0.720757,1.557292,-1.055346,0.720848,1.557362,0.000000,0.000000,0.000000,1.000000,-0.075624,0.483496,-0.037177,0.000530,-0.002674,0.007623,-0.001138,-0.002393,0.000266,0,0.000000,0.000000,0.000000,0.000000,0.000000,0.000000,0.000000,0.000000,0.082648,0.082756
38.460012,-1.095000,0.671000,1.502000,-1.075562,0.744215,1.535549,-1.075744,0.744323,1.535395,0.000000,0.000000,0.000000,1.000000,-0.075624,0.483496,-0.037177,0.000530,-0.002674,0.007623,-0.001138,-0.002393,0.000266,0,0.000000,0.000000,0.000000,0.000000,0.000000,0.000000,0.000000,0.000000,0.082848,0.082838
38.476639,-1.097000,0.668000,1.502000,-1.030976,0.728870,1.561737,-1.030941,0.728937,1.561658,0.000000,0.000000,0.000000,1.000000,-0.075624,0.483496,-0.037177,0.000530,-0.002674,0.007623,-0.001138,-0.002393,0.000266,0,0.000000,0.000000,0.000000,0.000000,0.000000,0.000000,0.000000,0.000000,0.107856,0.107872
38.493299,-1.100000,0.662000,1.502000,-1.089549,0.729482,1.526033,-1.089371,0.729287,1.526184,0.000000,0.000000,0.000000,1.000000,-0.075624,0.483496,-0.037177,0.000530,-0.002674,0.007623,-0.001138,-0.002393,0.000266,0,0.000000,0.000000,0.000000,0.000000,0.000000,0.000000,0.000000,0.000000,0.072392,0.072287
38.509916,-1.100000,0.662000,1.502000,-1.103027,0.726422,1.551836,-1.103026,0.726383,1.551852,0.000000,0.000000,0.000000,1.000000,-0.075624,0.483496,-0.037177,0.000530,-0.002674,0.007623,-0.001138,-0.002393,0.000266,0,0.000000,0.000000,0.000000,0.000000,0.000000,0.000000,0.000000,0.000000,0.081504,0.081484
38.526568,-1.111000,0.645000,1.502000,-1.052239,0.684583,1.538002,-1.052187,0.684570,1.538108,0.000000,0.000000,0.000000,1.000000,-0.075624,0.483496,-0.037177,0.000530,-0.002674,0.007623,-0.001138,-0.002393,0.000266,0,0.000000,0.000000,0.000000,0.000000,0.000000,0.000000,0.000000,0.000000,0.079472,0.079552
38.543145,-1.114000,0.640000,1.502000,-1.029782,0.695034,1.574095,-1.029738,0.694968,1.574087,0.000000,0.000000,0.000000,1.000000,-0.075624,0.483496,-0.037177,0.000530,-0.002674,0.007623,-0.001138,-0.002393,0.000266,0,0.000000,0.000000,0.000000,0.000000,0.000000,0.000000,0.000000,0.000000,0.123770,0.123767
38.559776,-1.116000,0.637000,1.502000,-1.073812,0.723947,1.472151,-1.073812,0.723947,1.472151,0.000000,0.000000,0.000000,1.000000,-0.075624,0.483496,-0.037177,0.000530,-0.002674,0.007623,-0.001138,-0.002393,0.000266,0,0.000000,0.000000,0.000000,0.000000,0.000000,0.000000,0.000000,0.000000,0.101146,0.101146
38.576490,-1.123000,0.623000,1.503000,-1.147819,0.683207,1.537501,-1.148019,0.682570,1.537811,0.000000,0.000000,0.000000,1.000000,-0.075624,0.483496,-0.037177,0.000530,-0.002674,0.007623,-0.001138,-0.002393,0.000266,0,0.000000,0.000000,0.000000,0.000000,0.000000,0.000000,0.000000,0.000000,0.073696,0.073392
38.593021,-1.126000,0.620000,1.503000,-1.062196,0.704581,1.580924,-1.061859,0.704262,1.580949,0.000000,0.000000,0.000000,1.000000,-0.075624,0.483496,-0.037177,0.000530,-0.002674,0.007623,-0.001138,-0.002393,0.000266,0,0.000000,0.000000,0.000000,0.000000,0.000000,0.000000,0.000000,0.000000,0.131518,0.131492
38.609696,-1.131000,0.611000,1.503000,-1.043679,0.669043,1.607276,-1.043748,0.669084,1.607044,0.000000,0.000000,0.000000,1.000000,-0.075624,0.483496,-0.037177,0.000530,-0.002674,0.007623,-0.001138,-0.002393,0.000266,0,0.000000,0.000000,0.000000,0.000000,0.000000,0.000000,0.000000,0.000000,0.147876,0.147688
38.626265,-1.133000,0.606000,1.503000,-1.098766,0.663839,1.510962,-1.098304,0.663672,1.511067,0.000000,0.000000,0.000000,1.000000,-0.075624,0.483496,-0.037177,0.000530,-0.002674,0.007623,-0.001138,-0.002393,0.000266,0,0.000000,0.000000,0.000000,0.000000,0.000000,0.000000,0.000000,0.000000,0.067681,0.067786
38.642936,-1.136000,0.601000,1.503000,-1.099575,0.664525,1.512477,-1.099572,0.664521,1.512480,0.000000,0.000000,0.000000,1.000000,-0.075624,0.483496,-0.037177,0.000530,-0.002674,0.007623,-0.001138,-0.002393,0.000266,0,0.000000,0.000000,0.000000,0.000000,0.000000,0.000000,0.000000,0.000000,0.073838,0.073836
38.659517,-1.139000,0.595000,1.503000,-1.108890,0.641159,1.554385,-1.109057,0.640995,1.554491,0.000000,0.000000,0.000000,1.000000,-0.075624,0.483496,-0.037177,0.000530,-0.002674,0.007623,-0.001138,-0.002393,0.000266,0,0.000000,0.000000,0.000000,0.000000,0.000000,0.000000,0.000000,0.000000,0.075351,0.075256
38.676167,-1.142000,0.590000,1.503000,-1.111250,0.645000,1.503115,-1.111223,0.645041,1.503028,0.000000,0.000000,0.000000,1.000000,-0.075624,0.483496,-0.037177,0.000530,-0.002674,0.007623,-0.001138,-0.002393,0.000266,0,0.000000,0.000000,0.000000,0.000000,0.000000,0.000000,0.000000,0.000000,0.063013,0.063061
38.692740,-1.144000,0.586000,1.503000,-1.128742,0.687641,1.565354,-1.128876,0.687644,1.565461,0.000000,0.000000,0.000000,1.000000,-0.075624,0.483496,-0.037177,0.000530,-0.002674,0.007623,-0.001138,-0.002393,0.000266,0,0.000000,0.000000,0.000000,0.000000,0.000000,0.000000,0.000000,0.000000,0.120216,0.120256
38.709432,-1.148000,0.579000,1.503000,-1.122090,0.627953,1.526583,-1.122073,0.627774,1.526526,0.000000,0.000000,0.000000,1.000000,-0.075624,0.483496,-0.037177,0.000530,-0.002674,0.007623,-0.001138,-0.002393,0.000266,0,0.000000,0.000000,0.000000,0.000000,0.000000,0.000000,0.000000,0.000000,0.060199,0.060038
38.726054,-1.149000,0.576000,1.503000,-1.183983,0.629454,1.513286,-1.183804,0.629474,1.513293,0.000000,0.000000,0.000000,1.000000,-0.075624,0.483496,-0.037177,0.000530,-0.002674,0.007623,-0.001138,-0.002393,0.000266,0,0.000000,0.000000,0.000000,0.000000,0.000000,0.000000,0.000000,0.000000,0.064707,0.064628
38.742657,-1.151000,0.573000,1.503000,-1.114582,0.646039,1.574142,-1.114076,0.646181,1.574122,0.000000,0.000000,0.000000,1.000000,-0.075624,0.483496,-0.037177,0.000530,-0.002674,0.007623,-0.001138,-0.002393,0.000266,0,0.000000,0.000000,0.000000,0.000000,0.000000,0.000000,0.000000,0.000000,0.108269,0.108523
38.759226,-1.151000,0.572000,1.503000,-1.138015,0.628803,1.541961,-1.137940,0.628744,1.541955,0.000000,0.000000,0.000000,1.000000,-0.075624,0.483496,-0.037177,0.000530,-0.002674,0.007623,-0.001138,-0.002393,0.000266,0,0.000000,0.000000,0.000000,0.000000,0.000000,0.000000,0.000000,0.000000,0.070094,0.070057
38.775892,-1.153000,0.568000,1.503000,-1.114747,0.629279,1.500749,-1.114699,0.629276,1.500751,0.000000,0.000000,0.000000,1.000000,-0.075624,0.483496,-0.037177,0.000530,-0.002674,0.007623,-0.001138,-0.002393,0.000266,0,0.000000,0.000000,0.000000,0.000000,0.000000,0.000000,0.000000,0.000000,0.072273,0.072297
38.792522,-1.157000,0.559000,1.503000,-1.161584,0.590733,1.538266,-1.161211,0.590836,1.538232,0.000000,0.000000,0.000000,1.000000,-0.075624,0.483496,-0.037177,0.000530,-0.002674,0.007623,-0.001138,-0.002393,0.000266,0,0.000000,0.000000,0.000000,0.000000,0.000000,0.000000,0.000000,0.000000,0.047662,0.047671
38.809143,-1.162000,0.551000,1.502000,-1.154428,0.628953,1.483018,-1.153971,0.628965,1.482985,0.000000,0.000000,0.000000,1.000000,-0.075624,0.483496,-0.037177,0.000530,-0.002674,0.007623,-0.001138,-0.002393,0.000266,0,0.000000,0.000000,0.000000,0.000000,0.000000,0.000000,0.000000,0.000000,0.080587,0.080651
38.825756,-1.164000,0.547000,1.502000,-1.126694,0.604536,1.544064,-1.126595,0.604439,1.544017,0.000000,0.000000,0.000000,1.000000,-0.075624,0.483496,-0.037177,0.000530,-0.002674,0.007623,-0.001138,-0.002393,0.000266,0,0.000000,0.000000,0.000000,0.000000,0.000000,0.000000,0.000000,0.000000,0.080446,0.080398
38.842372,-1.168000,0.538000,1.502000,-1.134194,0.577681,1.560483,-1.134111,0.577698,1.560461,0.000000,0.000000,0.000000,1.000000,-0.075624,0.483496,-0.037177,0.000530,-0.002674,0.007623,-0.001138,-0.002393,0.000266,0,0.000000,0.000000,0.000000,0.000000,0.000000,0.000000,0.000000,0.000000,0.078343,0.078372
38.858998,-1.170000,0.533000,1.502000,-1.171965,0.611015,1.527519,-1.171909,0.610987,1.527688,0.000000,0.000000,0.000000,1.000000,-0.075624,0.483496,-0.037177,0.000530,-0.002674,0.007623,-0.001138,-0.002393,0.000266,0,0.000000,0.000000,0.000000,0.000000,0.000000,0.000000,0.000000,0.000000,0.082106,0.082131
38.875688,-1.172000,0.529000,1.502000,-1.147110,0.574179,1.585298,-1.147125,0.574152,1.585273,0.000000,0.000000,0.000000,1.000000,-0.075624,0.483496,-0.037177,0.000530,-0.002674,0.007623,-0.001138,-0.002393,0.000266,0,0.000000,0.000000,0.000000,0.000000,0.000000,0.000000,0.000000,0.000000,0.097976,0.097938
38.892343,-1.176000,0.520000,1.502000,-1.133416,0.597876,1.520629,-1.133139,0.597926,1.520501,0.000000,0.000000,0.000000,1.000000,-0.075624,0.483496,-0.037177,0.000530,-0.002674,0.007623,-0.001138,-0.002393,0.000266,0,0.000000,0.000000,0.000000,0.000000,0.000000,0.000000,0.000000,0.000000,0.090692,0.090840
38.908845,-1.179000,0.513000,1.502000,-1.151163,0.564664,1.613596,-1.150995,0.564561,1.613513,0.000000,0.000000,0.000000,1.000000,-0.075624,0.483496,-0.037177,0.000530,-0.002674,0.007623,-0.001138,-0.002393,0.000266,0,0.000000,0.000000,0.000000,0.000000,0.000000,0.000000,0.000000,0.000000,0.126086,0.126008
38.925522,-1.181000,0.508000,1.502000,-1.164498,0.595181,1.491234,-1.164498,0.595180,1.491235,0.000000,0.000000,0.000000,1.000000,-0.075624,0.483496,-0.037177,0.000530,-0.002674,0.007623,-0.001138,-0.002393,0.000266,0,0.000000,0.000000,0.000000,0.000000,0.000000,0.000000,0.000000,0.000000,0.089379,0.089378
38.942152,-1.183000,0.502000,1.502000,-1.214897,0.557737,1.505286,-1.215072,0.557351,1.505378,0.000000,0.000000,0.000000,1.000000,-0.075624,0.483496,-0.037177,0.000530,-0.002674,0.007623,-0.001138,-0.002393,0.000266,0,0.000000,0.000000,0.000000,0.000000,0.000000,0.000000,0.000000,0.000000,0.064302,0.064061
38.958749,-1.186000,0.497000,1.502000,-1.198300,0.532812,1.571043,-1.198259,0.532743,1.571007,0.000000,0.000000,0.000000,1.000000,-0.075624,0.483496,-0.037177,0.000530,-0.002674,0.007623,-0.001138,-0.002393,0.000266,0,0.000000,0.000000,0.000000,0.000000,0.000000,0.000000,0.000000,0.000000,0.078745,0.078675
38.975345,-1.189000,0.490000,1.502000,-1.176114,0.565200,1.556119,-1.176296,0.565030,1.556212,0.000000,0.000000,0.000000,1.000000,-0.075624,0.483496,-0.037177,0.000530,-0.002674,0.007623,-0.001138,-0.002393,0.000266,0,0.000000,0.000000,0.000000,0.000000,0.000000,0.000000,0.000000,0.000000,0.093541,0.093434
38.991950,-1.191000,0.484000,1.502000,-1.187344,0.511209,1.615502,-1.187324,0.511130,1.615519,0.000000,0.000000,0.000000,1.000000,-0.075624,0.483496,-0.037177,0.000530,-0.002674,0.007623,-0.001138,-0.002393,0.000266,0,0.000000,0.000000,0.000000,0.000000,0.000000,0.000000,0.000000,0.000000,0.116775,0.116774
39.008702,-1.196000,0.474000,1.501000,-1.209173,0.534669,1.503487,-1.209172,0.534668,1.503490,0.000000,0.000000,0.000000,1.000000,-0.075624,0.483496,-0.037177,0.000530,-0.002674,0.007623,-0.001138,-0.002393,0.000266,0,0.000000,0.000000,0.000000,0.000000,0.000000,0.000000,0.000000,0.000000,0.062132,0.062131
39.025239,-1.197000,0.470000,1.501000,-1.140641,0.547491,1.517110,-1.140376,0.547354,1.517279,0.000000,0.000000,0.000000,1.000000,-0.075624,0.483496,-0.037177,0.000530,-0.002674,0.007623,-0.001138,-0.002393,0.000266,0,0.000000,0.000000,0.000000,0.000000,0.000000,0.000000,0.000000,0.000000,0.097164,0.097236
39.041823,-1.198000,0.467000,1.501000,-1.231309,0.533639,1.440071,-1.230675,0.533702,1.439922,0.000000,0.000000,0.000000,1.000000,-0.075624,0.483496,-0.037177,0.000530,-0.002674,0.007623,-0.001138,-0.002393,0.000266,0,0.000000,0.000000,0.000000,0.000000,0.000000,0.000000,0.000000,0.000000,0.096242,0.096163
39.058499,-1.200000,0.463000,1.501000,-1.171603,0.542095,1.544510,-1.171605,0.542094,1.544511,0.000000,0.000000,0.000000,1.000000,-0.075624,0.483496,-0.037177,0.000530,-0.002674,0.007623,-0.001138,-0.002393,0.000266,0,0.000000,0.000000,0.000000,0.000000,0.000000,0.000000,0.000000,0.000000,0.094634,0.094633
39.075104,-1.203000,0.456000,1.501000,-1.177705,0.507478,1.512281,-1.177520,0.507392,1.512276,0.000000,0.000000,0.000000,1.000000,-0.075624,0.483496,-0.037177,0.000530,-0.002674,0.007623,-0.001138,-0.002393,0.000266,0,0.000000,0.000000,0.000000,0.000000,0.000000,0.000000,0.000000,0.000000,0.058455,0.058459
39.091787,-1.207000,0.447000,1.500000,-1.192597,0.508445,1.500650,-1.192547,0.508420,1.500736,0.000000,0.000000,0.000000,1.000000,-0.075624,0.483496,-0.037177,0.000530,-0.002674,0.007623,-0.001138,-0.002393,0.000266,0,0.000000,0.000000,0.000000,0.000000,0.000000,0.000000,0.000000,0.000000,0.063114,0.063102
39.108358,-1.209000,0.441000,1.500000,-1.224141,0.522792,1.467505,-1.224055,0.522734,1.467580,0.000000,0.000000,0.000000,1.000000,-0.075624,0.483496,-0.037177,0.000530,-0.002674,0.007623,-0.001138,-0.002393,0.000266,0,0.000000,0.000000,0.000000,0.000000,0.000000,0.000000,0.000000,0.000000,0.089304,0.089208
39.124953,-1.209000,0.441000,1.500000,-1.231726,0.519392,1.413827,-1.231592,0.519248,1.413858,0.000000,0.000000,0.000000,1.000000,-0.075624,0.483496,-0.037177,0.000530,-0.002674,0.007623,-0.001138,-0.002393,0.000266,0,0.000000,0.000000,0.000000,0.000000,0.000000,0.000000,0.000000,0.000000,0.118691,0.118548
39.141650,-1.216000,0.423000,1.500000,-1.218769,0.455093,1.527554,-1.218769,0.455094,1.527553,0.000000,0.000000,0.000000,1.000000,-0.075624,0.483496,-0.037177,0.000530,-0.002674,0.007623,-0.001138,-0.002393,0.000266,0,0.000000,0.000000,0.000000,0.000000,0.000000,0.000000,0.000000,0.000000,0.042390,0.042390
39.174907,-1.219000,0.417000,1.500000,-1.206038,0.481892,1.518280,-1.205899,0.481924,1.518243,0.000000,0.000000,0.000000,1.000000,-0.075624,0.483496,-0.037177,0.000530,-0.002674,0.007623,-0.001138,-0.002393,0.000266,0,0.000000,0.000000,0.000000,0.000000,0.000000,0.000000,0.000000,0.000000,0.068653,0.068699
39.191460,-1.222000,0.410000,1.500000,-1.227030,0.466460,1.541580,-1.227012,0.466406,1.541582,0.000000,0.000000,0.000000,1.000000,-0.075624,0.483496,-0.037177,0.000530,-0.002674,0.007623,-0.001138,-0.002393,0.000266,0,0.000000,0.000000,0.000000,0.000000,0.000000,0.000000,0.000000,0.000000,0.070299,0.070256
39.208041,-1.224000,0.404000,1.500000,-1.256935,0.433689,1.520295,-1.256632,0.433745,1.520326,0.000000,0.000000,0.000000,1.000000,-0.075624,0.483496,-0.037177,0.000530,-0.002674,0.007623,-0.001138,-0.002393,0.000266,0,0.000000,0.000000,0.000000,0.000000,0.000000,0.000000,0.000000,0.000000,0.048766,0.048608
39.224736,-1.225000,0.400000,1.499000,-1.213078,0.486422,1.405891,-1.213078,0.486422,1.405892,0.000000,0.000000,0.000000,1.000000,-0.075624,0.483496,-0.037177,0.000530,-0.002674,0.007623,-0.001138,-0.002393,0.000266,0,0.000000,0.000000,0.000000,0.000000,0.000000,0.000000,0.000000,0.000000,0.127594,0.127593
39.241370,-1.228000,0.391000,1.499000,-1.268348,0.454970,1.538115,-1.268348,0.454971,1.538113,0.000000,0.000000,0.000000,1.000000,-0.075624,0.483496,-0.037177,0.000530,-0.002674,0.007623,-0.001138,-0.002393,0.000266,0,0.000000,0.000000,0.000000,0.000000,0.000000,0.000000,0.000000,0.000000,0.085147,0.085147
39.257960,-1.230000,0.387000,1.499000,-1.234335,0.456973,1.537240,-1.234327,0.456821,1.537222,0.000000,0.000000,0.000000,1.000000,-0.075624,0.483496,-0.037177,0.000530,-0.002674,0.007623,-0.001138,-0.002393,0.000266,0,0.000000,0.000000,0.000000,0.000000,0.000000,0.000000,0.000000,0.000000,0.079858,0.079716
39.274577,-1.233000,0.377000,1.500000,-1.189645,0.440134,1.532175,-1.189528,0.440075,1.532189,0.000000,0.000000,0.000000,1.000000,-0.075624,0.483496,-0.037177,0.000530,-0.002674,0.007623,-0.001138,-0.002393,0.000266,0,0.000000,0.000000,0.000000,0.000000,0.000000,0.000000,0.000000,0.000000,0.083071,0.083092
39.291203,-1.234000,0.372000,1.500000,-1.205024,0.463670,1.510351,-1.205013,0.463640,1.510531,0.000000,0.000000,0.000000,1.000000,-0.075624,0.483496,-0.037177,0.000530,-0.002674,0.007623,-0.001138,-0.002393,0.000266,0,0.000000,0.000000,0.000000,0.000000,0.000000,0.000000,0.000000,0.000000,0.096696,0.096691
39.307925,-1.237000,0.363000,1.500000,-1.269852,0.444058,1.491635,-1.269568,0.444046,1.491644,0.000000,0.000000,0.000000,1.000000,-0.075624,0.483496,-0.037177,0.000530,-0.002674,0.007623,-0.001138,-0.002393,0.000266,0,0.000000,0.000000,0.000000,0.000000,0.000000,0.000000,0.000000,0.000000,0.087861,0.087743
39.324497,-1.240000,0.353000,1.500000,-1.233198,0.447847,1.590996,-1.232939,0.447656,1.590950,0.000000,0.000000,0.000000,1.000000,-0.075624,0.483496,-0.037177,0.000530,-0.002674,0.007623,-0.001138,-0.002393,0.000266,0,0.000000,0.000000,0.000000,0.000000,0.000000,0.000000,0.000000,0.000000,0.131615,0.131459
39.341077,-1.240000,0.351000,1.500000,-1.259767,0.394376,1.502045,-1.259160,0.394020,1.502240,0.000000,0.000000,0.000000,1.000000,-0.075624,0.483496,-0.037177,0.000530,-0.002674,0.007623,-0.001138,-0.002393,0.000266,0,0.000000,0.000000,0.000000,0.000000,0.000000,0.000000,0.000000,0.000000,0.047712,0.047147
39.357719,-1.240000,0.351000,1.500000,-1.258484,0.398361,1.440031,-1.258443,0.398364,1.440006,0.000000,0.000000,0.000000,1.000000,-0.075624,0.483496,-0.037177,0.000530,-0.002674,0.007623,-0.001138,-0.002393,0.000266,0,0.000000,0.000000,0.000000,0.000000,0.000000,0.000000,0.000000,0.000000,0.078620,0.078630
39.374346,-1.244000,0.333000,1.501000,-1.257080,0.405828,1.561560,-1.257081,0.405829,1.561560,0.000000,0.000000,0.000000,1.000000,-0.075624,0.483496,-0.037177,0.000530,-0.002674,0.007623,-0.001138,-0.002393,0.000266,0,0.000000,0.000000,0.000000,0.000000,0.000000,0.000000,0.000000,0.000000,0.095617,0.095617
39.390974,-1.245000,0.331000,1.500000,-1.229752,0.390910,1.502808,-1.229614,0.391034,1.502677,0.000000,0.000000,0.000000,1.000000,-0.075624,0.483496,-0.037177,0.000530,-0.002674,0.007623,-0.001138,-0.002393,0.000266,0,0.000000,0.000000,0.000000,0.000000,0.000000,0.000000,0.000000,0.000000,0.061884,0.062032
39.407566,-1.247000,0.322000,1.500000,-1.243598,0.402110,1.483263,-1.243614,0.402137,1.483257,0.000000,0.000000,0.000000,1.000000,-0.075624,0.483496,-0.037177,0.000530,-0.002674,0.007623,-0.001138,-0.002393,0.000266,0,0.000000,0.000000,0.000000,0.000000,0.000000,0.000000,0.000000,0.000000,0.081910,0.081938
39.424189,-1.248000,0.314000,1.500000,-1.268256,0.371902,1.551151,-1.267864,0.372001,1.551057,0.000000,0.000000,0.000000,1.000000,-0.075624,0.483496,-0.037177,0.000530,-0.002674,0.007623,-0.001138,-0.002393,0.000266,0,0.000000,0.000000,0.000000,0.000000,0.000000,0.000000,0.000000,0.000000,0.079871,0.079784
39.440822,-1.249000,0.311000,1.500000,-1.256507,0.406258,1.439663,-1.256507,0.406258,1.439662,0.000000,0.000000,0.000000,1.000000,-0.075624,0.483496,-0.037177,0.000530,-0.002674,0.007623,-0.001138,-0.002393,0.000266,0,0.000000,0.000000,0.000000,0.000000,0.000000,0.000000,0.000000,0.000000,0.113009,0.113009
39.457509,-1.249000,0.311000,1.500000,-1.260307,0.371888,1.442636,-1.260351,0.371867,1.442558,0.000000,0.000000,0.000000,1.000000,-0.075624,0.483496,-0.037177,0.000530,-0.002674,0.007623,-0.001138,-0.002393,0.000266,0,0.000000,0.000000,0.000000,0.000000,0.000000,0.000000,0.000000,0.000000,0.084415,0.084458
39.474093,-1.252000,0.295000,1.500000,-1.227503,0.373624,1.595454,-1.227502,0.373624,1.595454,0.000000,0.000000,0.000000,1.000000,-0.075624,0.483496,-0.037177,0.000530,-0.002674,0.007623,-0.001138,-0.002393,0.000266,0,0.000000,0.000000,0.000000,0.000000,0.000000,0.000000,0.000000,0.000000,0.126069,0.126068
39.490678,-1.254000,0.284000,1.500000,-1.255628,0.385364,1.538390,-1.255403,0.385288,1.538489,0.000000,0.000000,0.000000,1.000000,-0.075624,0.483496,-0.037177,0.000530,-0.002674,0.007623,-0.001138,-0.002393,0.000266,0,0.000000,0.000000,0.000000,0.000000,0.000000,0.000000,0.000000,0.000000,0.108402,0.108363
39.507305,-1.255000,0.276000,1.500000,-1.283713,0.347620,1.505909,-1.283441,0.347621,1.506024,0.000000,0.000000,0.000000,1.000000,-0.075624,0.483496,-0.037177,0.000530,-0.002674,0.007623,-0.001138,-0.002393,0.000266,0,0.000000,0.000000,0.000000,0.000000,0.000000,0.000000,0.000000,0.000000,0.077387,0.077296
39.523994,-1.257000,0.266000,1.500000,-1.263426,0.331147,1.601122,-1.263029,0.331003,1.601144,0.000000,0.000000,0.000000,1.000000,-0.075624,0.483496,-0.037177,0.000530,-0.002674,0.007623,-0.001138,-0.002393,0.000266,0,0.000000,0.000000,0.000000,0.000000,0.000000,0.000000,0.000000,0.000000,0.120462,0.120382
39.540602,-1.259000,0.257000,1.500000,-1.259075,0.339370,1.541594,-1.258904,0.339355,1.541559,0.000000,0.000000,0.000000,1.000000,-0.075624,0.483496,-0.037177,0.000530,-0.002674,0.007623,-0.001138,-0.002393,0.000266,0,0.000000,0.000000,0.000000,0.000000,0.000000,0.000000,0.000000,0.000000,0.092276,0.092247
39.557165,-1.259000,0.255000,1.500000,-1.267765,0.350355,1.483016,-1.267707,0.350351,1.482996,0.000000,0.000000,0.000000,1.000000,-0.075624,0.483496,-0.037177,0.000530,-0.002674,0.007623,-0.001138,-0.002393,0.000266,0,0.000000,0.000000,0.000000,0.000000,0.000000,0.000000,0.000000,0.000000,0.097251,0.097246
39.573872,-1.260000,0.247000,1.500000,-1.290809,0.328277,1.521220,-1.290925,0.328221,1.521192,0.000000,0.000000,0.000000,1.000000,-0.075624,0.483496,-0.037177,0.000530,-0.002674,0.007623,-0.001138,-0.002393,0.000266,0,0.000000,0.000000,0.000000,0.000000,0.000000,0.000000,0.000000,0.000000,0.089473,0.089456
39.590472,-1.261000,0.240000,1.500000,-1.239842,0.348135,1.619231,-1.239325,0.348066,1.619223,0.000000,0.000000,0.000000,1.000000,-0.075624,0.483496,-0.037177,0.000530,-0.002674,0.007623,-0.001138,-0.002393,0.000266,0,0.000000,0.000000,0.000000,0.000000,0.000000,0.000000,0.000000,0.000000,0.162348,0.162365
39.623732,-1.262000,0.231000,1.500000,-1.261493,0.306032,1.536099,-1.261236,0.305825,1.536201,0.000000,0.000000,0.000000,1.000000,-0.075624,0.483496,-0.037177,0.000530,-0.002674,0.007623,-0.001138,-0.002393,0.000266,0,0.000000,0.000000,0.000000,0.000000,0.000000,0.000000,0.000000,0.000000,0.083266,0.083125
39.640303,-1.263000,0.224000,1.500000,-1.287656,0.293792,1.436163,-1.287655,0.293791,1.436164,0.000000,0.000000,0.000000,1.000000,-0.075624,0.483496,-0.037177,0.000530,-0.002674,0.007623,-0.001138,-0.002393,0.000266,0,0.000000,0.000000,0.000000,0.000000,0.000000,0.000000,0.000000,0.000000,0.097745,0.097743
39.657049,-1.265000,0.213000,1.500000,-1.258344,0.281579,1.556339,-1.258345,0.281579,1.556339,0.000000,0.000000,0.000000,1.000000,-0.075624,0.483496,-0.037177,0.000530,-0.002674,0.007623,-0.001138,-0.002393,0.000266,0,0.000000,0.000000,0.000000,0.000000,0.000000,0.000000,0.000000,0.000000,0.089003,0.089003
39.673618,-1.265000,0.213000,1.500000,-1.290848,0.303546,1.564324,-1.290832,0.303546,1.564264,0.000000,0.000000,0.000000,1.000000,-0.075624,0.483496,-0.037177,0.000530,-0.002674,0.007623,-0.001138,-0.002393,0.000266,0,0.000000,0.000000,0.000000,0.000000,0.000000,0.000000,0.000000,0.000000,0.114036,0.113999
39.690181,-1.265000,0.213000,1.500000,-1.291262,0.319274,1.552239,-1.291071,0.319271,1.552286,0.000000,0.000000,0.000000,1.000000,-0.075624,0.483496,-0.037177,0.000530,-0.002674,0.007623,-0.001138,-0.002393,0.000266,0,0.000000,0.000000,0.000000,0.000000,0.000000,0.000000,0.000000,0.000000,0.121296,0.121272
39.706849,-1.266000,0.204000,1.500000,-1.279054,0.273568,1.459475,-1.278876,0.273507,1.459658,0.000000,0.000000,0.000000,1.000000,-0.075624,0.483496,-0.037177,0.000530,-0.002674,0.007623,-0.001138,-0.002393,0.000266,0,0.000000,0.000000,0.000000,0.000000,0.000000,0.000000,0.000000,0.000000,0.081562,0.081391
39.723436,-1.267000,0.195000,1.500000,-1.249166,0.309827,1.526882,-1.248871,0.309702,1.526904,0.000000,0.000000,0.000000,1.000000,-0.075624,0.483496,-0.037177,0.000530,-0.002674,0.007623,-0.001138,-0.002393,0.000266,0,0.000000,0.000000,0.000000,0.000000,0.000000,0.000000,0.000000,0.000000,0.119272,0.119202
39.740091,-1.268000,0.186000,1.500000,-1.295645,0.266020,1.534857,-1.295416,0.265995,1.535014,0.000000,0.000000,0.000000,1.000000,-0.075624,0.483496,-0.037177,0.000530,-0.002674,0.007623,-0.001138,-0.002393,0.000266,0,0.000000,0.000000,0.000000,0.000000,0.000000,0.000000,0.000000,0.000000,0.091556,0.091525
39.756686,-1.268000,0.183000,1.500000,-1.314818,0.312302,1.496603,-1.314691,0.312326,1.496491,0.000000,0.000000,0.000000,1.000000,-0.075624,0.483496,-0.037177,0.000530,-0.002674,0.007623,-0.001138,-0.002393,0.000266,0,0.000000,0.000000,0.000000,0.000000,0.000000,0.000000,0.000000,0.000000,0.137559,0.137541
39.773307,-1.268000,0.177000,1.499000,-1.277864,0.247735,1.478844,-1.277593,0.247678,1.479070,0.000000,0.000000,0.000000,1.000000,-0.075624,0.483496,-0.037177,0.000530,-0.002674,0.007623,-0.001138,-0.002393,0.000266,0,0.000000,0.000000,0.000000,0.000000,0.000000,0.000000,0.000000,0.000000,0.074209,0.074059
39.789900,-1.270000,0.170000,1.500000,-1.283689,0.236348,1.551755,-1.283688,0.236154,1.551850,0.000000,0.000000,0.000000,1.000000,-0.075624,0.483496,-0.037177,0.000530,-0.002674,0.007623,-0.001138,-0.002393,0.000266,0,0.000000,0.000000,0.000000,0.000000,0.000000,0.000000,0.000000,0.000000,0.085253,0.085160
39.806551,-1.270000,0.159000,1.500000,-1.254123,0.241005,1.515152,-1.254093,0.240937,1.515165,0.000000,0.000000,0.000000,1.000000,-0.075624,0.483496,-0.037177,0.000530,-0.002674,0.007623,-0.001138,-0.002393,0.000266,0,0.000000,0.000000,0.000000,0.000000,0.000000,0.000000,0.000000,0.000000,0.084891,0.084834
39.823222,-1.270000,0.157000,1.500000,-1.308731,0.273119,1.507036,-1.308482,0.272928,1.507177,0.000000,0.000000,0.000000,1.000000,-0.075624,0.483496,-0.037177,0.000530,-0.002674,0.007623,-0.001138,-0.002393,0.000266,0,0.000000,0.000000,0.000000,0.000000,0.000000,0.000000,0.000000,0.000000,0.122610,0.122359
39.839801,-1.271000,0.142000,1.500000,-1.319392,0.245930,1.466358,-1.319342,0.245919,1.466422,0.000000,0.000000,0.000000,1.000000,-0.075624,0.483496,-0.037177,0.000530,-0.002674,0.007623,-0.001138,-0.002393,0.000266,0,0.000000,0.000000,0.000000,0.000000,0.000000,0.000000,0.000000,0.000000,0.119478,0.119431
39.873032,-1.272000,0.131000,1.501000,-1.345333,0.203551,1.451486,-1.345412,0.203404,1.451475,0.000000,0.000000,0.000000,1.000000,-0.075624,0.483496,-0.037177,0.000530,-0.002674,0.007623,-0.001138,-0.002393,0.000266,0,0.000000,0.000000,0.000000,0.000000,0.000000,0.000000,0.000000,0.000000,0.114425,0.114387
39.906331,-1.271000,0.121000,1.500000,-1.297106,0.207187,1.561348,-1.297106,0.207187,1.561348,0.000000,0.000000,0.000000,1.000000,-0.075624,0.483496,-0.037177,0.000530,-0.002674,0.007623,-0.001138,-0.002393,0.000266,0,0.000000,0.000000,0.000000,0.000000,0.000000,0.000000,0.000000,0.000000,0.108964,0.108965
39.922884,-1.272000,0.115000,1.501000,-1.265122,0.186670,1.424030,-1.265122,0.186669,1.424031,0.000000,0.000000,0.000000,1.000000,-0.075624,0.483496,-0.037177,0.000530,-0.002674,0.007623,-0.001138,-0.002393,0.000266,0,0.000000,0.000000,0.000000,0.000000,0.000000,0.000000,0.000000,0.000000,0.105396,0.105395
39.939528,-1.272000,0.115000,1.501000,-1.317706,0.191544,1.560396,-1.317706,0.191545,1.560397,0.000000,0.000000,0.000000,1.000000,-0.075624,0.483496,-0.037177,0.000530,-0.002674,0.007623,-0.001138,-0.002393,0.000266,0,0.000000,0.000000,0.000000,0.000000,0.000000,0.000000,0.000000,0.000000,0.107126,0.107126
39.956176,-1.272000,0.112000,1.501000,-1.276480,0.166597,1.471927,-1.276187,0.166616,1.471817,0.000000,0.000000,0.000000,1.000000,-0.075624,0.483496,-0.037177,0.000530,-0.002674,0.007623,-0.001138,-0.002393,0.000266,0,0.000000,0.000000,0.000000,0.000000,0.000000,0.000000,0.000000,0.000000,0.062017,0.062065
39.972806,-1.271000,0.109000,1.501000,-1.304587,0.177690,1.566698,-1.304380,0.177602,1.566681,0.000000,0.000000,0.000000,1.000000,-0.075624,0.483496,-0.037177,0.000530,-0.002674,0.007623,-0.001138,-0.002393,0.000266,0,0.000000,0.000000,0.000000,0.000000,0.000000,0.000000,0.000000,0.000000,0.100810,0.100670
39.989474,-1.271000,0.101000,1.501000,-1.289464,0.172113,1.501288,-1.289280,0.172151,1.501215,0.000000,0.000000,0.000000,1.000000,-0.075624,0.483496,-0.037177,0.000530,-0.002674,0.007623,-0.001138,-0.002393,0.000266,0,0.000000,0.000000,0.000000,0.000000,0.000000,0.000000,0.000000,0.000000,0.073472,0.073462
40.006029,-1.272000,0.095000,1.501000,-1.267394,0.176552,1.586303,-1.267287,0.176548,1.586252,0.000000,0.000000,0.000000,1.000000,-0.075624,0.483496,-0.037177,0.000530,-0.002674,0.007623,-0.001138,-0.002393,0.000266,0,0.000000,0.000000,0.000000,0.000000,0.000000,0.000000,0.000000,0.000000,0.118104,0.118069
40.022679,-1.272000,0.089000,1.501000,-1.298585,0.148570,1.548717,-1.298664,0.148321,1.548753,0.000000,0.000000,0.000000,1.000000,-0.075624,0.483496,-0.037177,0.000530,-0.002674,0.007623,-0.001138,-0.002393,0.000266,0,0.000000,0.000000,0.000000,0.000000,0.000000,0.000000,0.000000,0.000000,0.080822,0.080686
40.039312,-1.272000,0.089000,1.501000,-1.339259,0.151004,1.483633,-1.339130,0.151208,1.483532,0.000000,0.000000,0.000000,1.000000,-0.075624,0.483496,-0.037177,0.000530,-0.002674,0.007623,-0.001138,-0.002393,0.000266,0,0.000000,0.000000,0.000000,0.000000,0.000000,0.000000,0.000000,0.000000,0.093112,0.093174
40.072535,-1.272000,0.071000,1.501000,-1.284397,0.182205,1.500418,-1.284256,0.182047,1.500492,0.000000,0.000000,0.000000,1.000000,-0.075624,0.483496,-0.037177,0.000530,-0.002674,0.007623,-0.001138,-0.002393,0.000266,0,0.000000,0.000000,0.000000,0.000000,0.000000,0.000000,0.000000,0.000000,0.111896,0.111723
40.105835,-1.272000,0.064000,1.501000,-1.301394,0.154716,1.431716,-1.301336,0.154621,1.431757,0.000000,0.000000,0.000000,1.000000,-0.075624,0.483496,-0.037177,0.000530,-0.002674,0.007623,-0.001138,-0.002393,0.000266,0,0.000000,0.000000,0.000000,0.000000,0.000000,0.000000,0.000000,0.000000,0.117871,0.117760
40.122448,-1.272000,0.062000,1.500000,-1.276692,0.132846,1.563434,-1.276692,0.132846,1.563435,0.000000,0.000000,0.000000,1.000000,-0.075624,0.483496,-0.037177,0.000530,-0.002674,0.007623,-0.001138,-0.002393,0.000266,0,0.000000,0.000000,0.000000,0.000000,0.000000,0.000000,0.000000,0.000000,0.095211,0.095211
40.139053,-1.272000,0.055000,1.500000,-1.333576,0.130560,1.456806,-1.333572,0.130563,1.456805,0.000000,0.000000,0.000000,1.000000,-0.075624,0.483496,-0.037177,0.000530,-0.002674,0.007623,-0.001138,-0.002393,0.000266,0,0.000000,0.000000,0.000000,0.000000,0.000000,0.000000,0.000000,0.000000,0.106614,0.106615
40.172279,-1.272000,0.046000,1.500000,-1.303524,0.129365,1.556888,-1.303524,0.129365,1.556888,0.000000,0.000000,0.000000,1.000000,-0.075624,0.483496,-0.037177,0.000530,-0.002674,0.007623,-0.001138,-0.002393,0.000266,0,0.000000,0.000000,0.000000,0.000000,0.000000,0.000000,0.000000,0.000000,0.105734,0.105735
40.188976,-1.272000,0.038000,1.500000,-1.337221,0.152048,1.427671,-1.337221,0.152047,1.427671,0.000000,0.000000,0.000000,1.000000,-0.075624,0.483496,-0.037177,0.000530,-0.002674,0.007623,-0.001138,-0.002393,0.000266,0,0.000000,0.000000,0.000000,0.000000,0.000000,0.000000,0.000000,0.000000,0.149974,0.149974
40.205526,-1.272000,0.037000,1.500000,-1.344076,0.114772,1.528031,-1.344075,0.114773,1.528031,0.000000,0.000000,0.000000,1.000000,-0.075624,0.483496,-0.037177,0.000530,-0.002674,0.007623,-0.001138,-0.002393,0.000266,0,0.000000,0.000000,0.000000,0.000000,0.000000,0.000000,0.000000,0.000000,0.109677,0.109677
40.222162,-1.272000,0.033000,1.500000,-1.386996,0.071722,1.426388,-1.386992,0.071722,1.426389,0.000000,0.000000,0.000000,1.000000,-0.075624,0.483496,-0.037177,0.000530,-0.002674,0.007623,-0.001138,-0.002393,0.000266,0,0.000000,0.000000,0.000000,0.000000,0.000000,0.000000,0.000000,0.000000,0.141923,0.141919
40.238736,-1.272000,0.018000,1.499000,-1.321466,0.066776,1.544429,-1.321467,0.066774,1.544430,0.000000,0.000000,0.000000,1.000000,-0.075624,0.483496,-0.037177,0.000530,-0.002674,0.007623,-0.001138,-0.002393,0.000266,0,0.000000,0.000000,0.000000,0.000000,0.000000,0.000000,0.000000,0.000000,0.083004,0.083005
40.255434,-1.271000,0.015000,1.498000,-1.301863,0.069009,1.448485,-1.301567,0.068950,1.448472,0.000000,0.000000,0.000000,1.000000,-0.075624,0.483496,-0.037177,0.000530,-0.002674,0.007623,-0.001138,-0.002393,0.000266,0,0.000000,0.000000,0.000000,0.000000,0.000000,0.000000,0.000000,0.000000,0.079506,0.079360
40.288610,-1.272000,0.007000,1.498000,-1.322340,0.072186,1.515813,-1.322271,0.072069,1.515909,0.000000,0.000000,0.000000,1.000000,-0.075624,0.483496,-0.037177,0.000530,-0.002674,0.007623,-0.001138,-0.002393,0.000266,0,0.000000,0.000000,0.000000,0.000000,0.000000,0.000000,0.000000,0.000000,0.084265,0.084153
40.305291,-1.271000,-0.003000,1.498000,-1.305805,0.084950,1.420721,-1.305682,0.084842,1.420732,0.000000,0.000000,0.000000,1.000000,-0.075624,0.483496,-0.037177,0.000530,-0.002674,0.007623,-0.001138,-0.002393,0.000266,0,0.000000,0.000000,0.000000,0.000000,0.000000,0.000000,0.000000,0.000000,0.122142,0.122023
40.321933,-1.271000,-0.005000,1.498000,-1.374607,0.082162,1.494335,-1.374109,0.082395,1.494185,0.000000,0.000000,0.000000,1.000000,-0.075624,0.483496,-0.037177,0.000530,-0.002674,0.007623,-0.001138,-0.002393,0.000266,0,0.000000,0.000000,0.000000,0.000000,0.000000,0.000000,0.000000,0.000000,0.135444,0.135218
40.338553,-1.272000,-0.013000,1.498000,-1.355895,0.036435,1.455916,-1.355980,0.036457,1.455989,0.000000,0.000000,0.000000,1.000000,-0.075624,0.483496,-0.037177,0.000530,-0.002674,0.007623,-0.001138,-0.002393,0.000266,0,0.000000,0.000000,0.000000,0.000000,0.000000,0.000000,0.000000,0.000000,0.106081,0.106130
40.355175,-1.271000,-0.017000,1.498000,-1.367567,0.056894,1.545649,-1.367289,0.056658,1.545647,0.000000,0.000000,0.000000,1.000000,-0.075624,0.483496,-0.037177,0.000530,-0.002674,0.007623,-0.001138,-0.002393,0.000266,0,0.000000,0.000000,0.000000,0.000000,0.000000,0.000000,0.000000,0.000000,0.130598,0.130259
40.371746,-1.271000,-0.022000,1.497000,-1.340697,0.027260,1.417104,-1.340697,0.027260,1.417104,0.000000,0.000000,0.000000,1.000000,-0.075624,0.483496,-0.037177,0.000530,-0.002674,0.007623,-0.001138,-0.002393,0.000266,0,0.000000,0.000000,0.000000,0.000000,0.000000,0.000000,0.000000,0.000000,0.116909,0.116908
40.388422,-1.271000,-0.030000,1.498000,-1.334429,0.048406,1.487652,-1.334279,0.048432,1.487733,0.000000,0.000000,0.000000,1.000000,-0.075624,0.483496,-0.037177,0.000530,-0.002674,0.007623,-0.001138,-0.002393,0.000266,0,0.000000,0.000000,0.000000,0.000000,0.000000,0.000000,0.000000,0.000000,0.101380,0.101297
40.405024,-1.271000,-0.038000,1.498000,-1.312492,0.023721,1.474972,-1.312564,0.023804,1.474927,0.000000,0.000000,0.000000,1.000000,-0.075624,0.483496,-0.037177,0.000530,-0.002674,0.007623,-0.001138,-0.002393,0.000266,0,0.000000,0.000000,0.000000,0.000000,0.000000,0.000000,0.000000,0.000000,0.077854,0.077972
40.421657,-1.271000,-0.043000,1.498000,-1.340271,0.018759,1.515069,-1.340085,0.018789,1.514995,0.000000,0.000000,0.000000,1.000000,-0.075624,0.483496,-0.037177,0.000530,-0.002674,0.007623,-0.001138,-0.002393,0.000266,0,0.000000,0.000000,0.000000,0.000000,0.000000,0.000000,0.000000,0.000000,0.094361,0.094231
40.454836,-1.270000,-0.064000,1.498000,-1.347667,0.027943,1.550854,-1.347613,0.027890,1.550907,0.000000,0.000000,0.000000,1.000000,-0.075624,0.483496,-0.037177,0.000530,-0.002674,0.007623,-0.001138,-0.002393,0.000266,0,0.000000,0.000000,0.000000,0.000000,0.000000,0.000000,0.000000,0.000000,0.131451,0.131403
40.471552,-1.270000,-0.066000,1.498000,-1.371776,0.032694,1.342778,-1.371776,0.032696,1.342777,0.000000,0.000000,0.000000,1.000000,-0.075624,0.483496,-0.037177,0.000530,-0.002674,0.007623,-0.001138,-0.002393,0.000266,0,0.000000,0.000000,0.000000,0.000000,0.000000,0.000000,0.000000,0.000000,0.210220,0.210222
40.521338,-1.269000,-0.083000,1.498000,-1.353538,-0.050286,1.576834,-1.353540,-0.050286,1.576834,0.000000,0.000000,0.000000,1.000000,-0.075624,0.483496,-0.037177,0.000530,-0.002674,0.007623,-0.001138,-0.002393,0.000266,0,0.000000,0.000000,0.000000,0.000000,0.000000,0.000000,0.000000,0.000000,0.120132,0.120133
40.537989,-1.269000,-0.092000,1.498000,-1.334378,-0.015408,1.537331,-1.334429,-0.015463,1.537364,0.000000,0.000000,0.000000,1.000000,-0.075624,0.483496,-0.037177,0.000530,-0.002674,0.007623,-0.001138,-0.002393,0.000266,0,0.000000,0.000000,0.000000,0.000000,0.000000,0.000000,0.000000,0.000000,0.108109,0.108113
40.554701,-1.269000,-0.093000,1.498000,-1.310510,-0.037901,1.484054,-1.310406,-0.037979,1.483997,0.000000,0.000000,0.000000,1.000000,-0.075624,0.483496,-0.037177,0.000530,-0.002674,0.007623,-0.001138,-0.002393,0.000266,0,0.000000,0.000000,0.000000,0.000000,0.000000,0.000000,0.000000,0.000000,0.070380,0.070270
40.571253,-1.268000,-0.099000,1.498000,-1.303790,-0.036589,1.545367,-1.303831,-0.036669,1.545368,0.000000,0.000000,0.000000,1.000000,-0.075624,0.483496,-0.037177,0.000530,-0.002674,0.007623,-0.001138,-0.002393,0.000266,0,0.000000,0.000000,0.000000,0.000000,0.000000,0.000000,0.000000,0.000000,0.086137,0.086097
40.604485,-1.267000,-0.111000,1.499000,-1.348842,-0.057572,1.509438,-1.348810,-0.057759,1.509475,0.000000,0.000000,0.000000,1.000000,-0.075624,0.483496,-0.037177,0.000530,-0.002674,0.007623,-0.001138,-0.002393,0.000266,0,0.000000,0.000000,0.000000,0.000000,0.000000,0.000000,0.000000,0.000000,0.098294,0.098169
40.637758,-1.267000,-0.114000,1.498000,-1.309068,-0.087917,1.614812,-1.309068,-0.087916,1.614812,0.000000,0.000000,0.000000,1.000000,-0.075624,0.483496,-0.037177,0.000530,-0.002674,0.007623,-0.001138,-0.002393,0.000266,0,0.000000,0.000000,0.000000,0.000000,0.000000,0.000000,0.000000,0.000000,0.126867,0.126866
40.654327,-1.266000,-0.123000,1.498000,-1.343882,-0.042005,1.449593,-1.343882,-0.042007,1.449594,0.000000,0.000000,0.000000,1.000000,-0.075624,0.483496,-0.037177,0.000530,-0.002674,0.007623,-0.001138,-0.002393,0.000266,0,0.000000,0.000000,0.000000,0.000000,0.000000,0.000000,0.000000,0.000000,0.122348,0.122347
40.670937,-1.266000,-0.128000,1.499000,-1.329520,-0.074037,1.476409,-1.329635,-0.073993,1.476440,0.000000,0.000000,0.000000,1.000000,-0.075624,0.483496,-0.037177,0.000530,-0.002674,0.007623,-0.001138,-0.002393,0.000266,0,0.000000,0.000000,0.000000,0.000000,0.000000,0.000000,0.000000,0.000000,0.086355,0.086459
40.687616,-1.265000,-0.134000,1.499000,-1.326389,-0.106035,1.484651,-1.326226,-0.106036,1.484701,0.000000,0.000000,0.000000,1.000000,-0.075624,0.483496,-0.037177,0.000530,-0.002674,0.007623,-0.001138,-0.002393,0.000266,0,0.000000,0.000000,0.000000,0.000000,0.000000,0.000000,0.000000,0.000000,0.068967,0.068812
40.720846,-1.264000,-0.142000,1.499000,-1.282018,-0.125038,1.511653,-1.281852,-0.125173,1.511524,0.000000,0.000000,0.000000,1.000000,-0.075624,0.483496,-0.037177,0.000530,-0.002674,0.007623,-0.001138,-0.002393,0.000266,0,0.000000,0.000000,0.000000,0.000000,0.000000,0.000000,0.000000,0.000000,0.027793,0.027544
40.737436,-1.264000,-0.144000,1.498000,-1.323752,-0.056892,1.350257,-1.323751,-0.056892,1.350257,0.000000,0.000000,0.000000,1.000000,-0.075624,0.483496,-0.037177,0.000530,-0.002674,0.007623,-0.001138,-0.002393,0.000266,0,0.000000,0.000000,0.000000,0.000000,0.000000,0.000000,0.000000,0.000000,0.181621,0.181620
40.754095,-1.263000,-0.152000,1.499000,-1.302327,-0.113072,1.573724,-1.302329,-0.113072,1.573724,0.000000,0.000000,0.000000,1.000000,-0.075624,0.483496,-0.037177,0.000530,-0.002674,0.007623,-0.001138,-0.002393,0.000266,0,0.000000,0.000000,0.000000,0.000000,0.000000,0.000000,0.000000,0.000000,0.092982,0.092983
40.770753,-1.262000,-0.160000,1.499000,-1.261214,-0.097488,1.467239,-1.261219,-0.097495,1.467245,0.000000,0.000000,0.000000,1.000000,-0.075624,0.483496,-0.037177,0.000530,-0.002674,0.007623,-0.001138,-0.002393,0.000266,0,0.000000,0.000000,0.000000,0.000000,0.000000,0.000000,0.000000,0.000000,0.070122,0.070114
40.787352,-1.262000,-0.166000,1.499000,-1.345545,-0.130707,1.554250,-1.345249,-0.130777,1.554231,0.000000,0.000000,0.000000,1.000000,-0.075624,0.483496,-0.037177,0.000530,-0.002674,0.007623,-0.001138,-0.002393,0.000266,0,0.000000,0.000000,0.000000,0.000000,0.000000,0.000000,0.000000,0.000000,0.106198,0.105932
40.803977,-1.260000,-0.180000,1.499000,-1.366463,-0.107816,1.415736,-1.366463,-0.107816,1.415736,0.000000,0.000000,0.000000,1.000000,-0.075624,0.483496,-0.037177,0.000530,-0.002674,0.007623,-0.001138,-0.002393,0.000266,0,0.000000,0.000000,0.000000,0.000000,0.000000,0.000000,0.000000,0.000000,0.153224,0.153225
40.820570,-1.259000,-0.186000,1.499000,-1.277923,-0.168697,1.516853,-1.277923,-0.168697,1.516854,0.000000,0.000000,0.000000,1.000000,-0.075624,0.483496,-0.037177,0.000530,-0.002674,0.007623,-0.001138,-0.002393,0.000266,0,0.000000,0.000000,0.000000,0.000000,0.000000,0.000000,0.000000,0.000000,0.031245,0.031245
40.853877,-1.258000,-0.200000,1.499000,-1.329766,-0.127503,1.473383,-1.329803,-0.127266,1.473273,0.000000,0.000000,0.000000,1.000000,-0.075624,0.483496,-0.037177,0.000530,-0.002674,0.007623,-0.001138,-0.002393,0.000266,0,0.000000,0.000000,0.000000,0.000000,0.000000,0.000000,0.000000,0.000000,0.105178,0.105394
40.870488,-1.257000,-0.203000,1.500000,-1.284586,-0.176310,1.529672,-1.284472,-0.176234,1.529492,0.000000,0.000000,0.000000,1.000000,-0.075624,0.483496,-0.037177,0.000530,-0.002674,0.007623,-0.001138,-0.002393,0.000266,0,0.000000,0.000000,0.000000,0.000000,0.000000,0.000000,0.000000,0.000000,0.048516,0.048383
40.887064,-1.256000,-0.209000,1.500000,-1.286035,-0.158249,1.532986,-1.285988,-0.158255,1.533006,0.000000,0.000000,0.000000,1.000000,-0.075624,0.483496,-0.037177,0.000530,-0.002674,0.007623,-0.001138,-0.002393,0.000266,0,0.000000,0.000000,0.000000,0.000000,0.000000,0.000000,0.000000,0.000000,0.067572,0.067556
40.903761,-1.255000,-0.214000,1.499000,-1.312397,-0.167655,1.607573,-1.312326,-0.167612,1.607546,0.000000,0.000000,0.000000,1.000000,-0.075624,0.483496,-0.037177,0.000530,-0.002674,0.007623,-0.001138,-0.002393,0.000266,0,0.000000,0.000000,0.000000,0.000000,0.000000,0.000000,0.000000,0.000000,0.131265,0.131226
40.920427,-1.254000,-0.220000,1.500000,-1.263726,-0.176620,1.561096,-1.263484,-0.176592,1.561078,0.000000,0.000000,0.000000,1.000000,-0.075624,0.483496,-0.037177,0.000530,-0.002674,0.007623,-0.001138,-0.002393,0.000266,0,0.000000,0.000000,0.000000,0.000000,0.000000,0.000000,0.000000,0.000000,0.075559,0.075529
40.937009,-1.253000,-0.226000,1.500000,-1.322182,-0.171287,1.641327,-1.322069,-0.171248,1.641472,0.000000,0.000000,0.000000,1.000000,-0.075624,0.483496,-0.037177,0.000530,-0.002674,0.007623,-0.001138,-0.002393,0.000266,0,0.000000,0.000000,0.000000,0.000000,0.000000,0.000000,0.000000,0.000000,0.166593,0.166681
40.953660,-1.252000,-0.234000,1.500000,-1.289114,-0.173416,1.459793,-1.289114,-0.173418,1.459796,0.000000,0.000000,0.000000,1.000000,-0.075624,0.483496,-0.037177,0.000530,-0.002674,0.007623,-0.001138,-0.002393,0.000266,0,0.000000,0.000000,0.000000,0.000000,0.000000,0.000000,0.000000,0.000000,0.081636,0.081633
40.970213,-1.251000,-0.241000,1.500000,-1.310453,-0.163910,1.493709,-1.310421,-0.163803,1.493655,0.000000,0.000000,0.000000,1.000000,-0.075624,0.483496,-0.037177,0.000530,-0.002674,0.007623,-0.001138,-0.002393,0.000266,0,0.000000,0.000000,0.000000,0.000000,0.000000,0.000000,0.000000,0.000000,0.097556,0.097624
40.986864,-1.250000,-0.245000,1.500000,-1.302680,-0.186810,1.546506,-1.302542,-0.186792,1.546464,0.000000,0.000000,0.000000,1.000000,-0.075624,0.483496,-0.037177,0.000530,-0.002674,0.007623,-0.001138,-0.002393,0.000266,0,0.000000,0.000000,0.000000,0.000000,0.000000,0.000000,0.000000,0.000000,0.091236,0.091147
41.020052,-1.248000,-0.256000,1.500000,-1.303136,-0.220357,1.436984,-1.303134,-0.220358,1.436987,0.000000,0.000000,0.000000,1.000000,-0.075624,0.483496,-0.037177,0.000530,-0.002674,0.007623,-0.001138,-0.002393,0.000266,0,0.000000,0.000000,0.000000,0.000000,0.000000,0.000000,0.000000,0.000000,0.091002,0.090999
41.036722,-1.246000,-0.266000,1.500000,-1.287031,-0.245348,1.477296,-1.286958,-0.245359,1.477299,0.000000,0.000000,0.000000,1.000000,-0.075624,0.483496,-0.037177,0.000530,-0.002674,0.007623,-0.001138,-0.002393,0.000266,0,0.000000,0.000000,0.000000,0.000000,0.000000,0.000000,0.000000,0.000000,0.051240,0.051176
41.053392,-1.244000,-0.280000,1.500000,-1.212914,-0.221217,1.518759,-1.212719,-0.221522,1.518643,0.000000,0.000000,0.000000,1.000000,-0.075624,0.483496,-0.037177,0.000530,-0.002674,0.007623,-0.001138,-0.002393,0.000266,0,0.000000,0.000000,0.000000,0.000000,0.000000,0.000000,0.000000,0.000000,0.069092,0.068890
41.069990,-1.242000,-0.289000,1.501000,-1.339161,-0.217061,1.439314,-1.339158,-0.217065,1.439316,0.000000,0.000000,0.000000,1.000000,-0.075624,0.483496,-0.037177,0.000530,-0.002674,0.007623,-0.001138,-0.002393,0.000266,0,0.000000,0.000000,0.000000,0.000000,0.000000,0.000000,0.000000,0.000000,0.135723,0.135718
41.086591,-1.241000,-0.293000,1.501000,-1.296892,-0.234075,1.414497,-1.296790,-0.233939,1.414390,0.000000,0.000000,0.000000,1.000000,-0.075624,0.483496,-0.037177,0.000530,-0.002674,0.007623,-0.001138,-0.002393,0.000266,0,0.000000,0.000000,0.000000,0.000000,0.000000,0.000000,0.000000,0.000000,0.118654,0.118752
41.103171,-1.240000,-0.299000,1.501000,-1.300849,-0.230129,1.575525,-1.300849,-0.230125,1.575524,0.000000,0.000000,0.000000,1.000000,-0.075624,0.483496,-0.037177,0.000530,-0.002674,0.007623,-0.001138,-0.002393,0.000266,0,0.000000,0.000000,0.000000,0.000000,0.000000,0.000000,0.000000,0.000000,0.118321,0.118322
41.119849,-1.239000,-0.304000,1.501000,-1.301648,-0.213630,1.433451,-1.301648,-0.213629,1.433452,0.000000,0.000000,0.000000,1.000000,-0.075624,0.483496,-0.037177,0.000530,-0.002674,0.007623,-0.001138,-0.002393,0.000266,0,0.000000,0.000000,0.000000,0.000000,0.000000,0.000000,0.000000,0.000000,0.129052,0.129052
41.136431,-1.238000,-0.308000,1.501000,-1.351105,-0.275078,1.415556,-1.351370,-0.275380,1.415713,0.000000,0.000000,0.000000,1.000000,-0.075624,0.483496,-0.037177,0.000530,-0.002674,0.007623,-0.001138,-0.002393,0.000266,0,0.000000,0.000000,0.000000,0.000000,0.000000,0.000000,0.000000,0.000000,0.145524,0.145570
41.169690,-1.237000,-0.316000,1.501000,-1.301161,-0.267142,1.580226,-1.301162,-0.267141,1.580225,0.000000,0.000000,0.000000,1.000000,-0.075624,0.483496,-0.037177,0.000530,-0.002674,0.007623,-0.001138,-0.002393,0.000266,0,0.000000,0.000000,0.000000,0.000000,0.000000,0.000000,0.000000,0.000000,0.113051,0.113052
41.186282,-1.236000,-0.321000,1.501000,-1.306479,-0.284601,1.530171,-1.306334,-0.284650,1.530189,0.000000,0.000000,0.000000,1.000000,-0.075624,0.483496,-0.037177,0.000530,-0.002674,0.007623,-0.001138,-0.002393,0.000266,0,0.000000,0.000000,0.000000,0.000000,0.000000,0.000000,0.000000,0.000000,0.084517,0.084381
41.202946,-1.234000,-0.328000,1.501000,-1.285820,-0.273166,1.434396,-1.285589,-0.273114,1.434335,0.000000,0.000000,0.000000,1.000000,-0.075624,0.483496,-0.037177,0.000530,-0.002674,0.007623,-0.001138,-0.002393,0.000266,0,0.000000,0.000000,0.000000,0.000000,0.000000,0.000000,0.000000,0.000000,0.100638,0.100589
41.219592,-1.233000,-0.332000,1.501000,-1.277150,-0.269970,1.653934,-1.277150,-0.269973,1.653936,0.000000,0.000000,0.000000,1.000000,-0.075624,0.483496,-0.037177,0.000530,-0.002674,0.007623,-0.001138,-0.002393,0.000266,0,0.000000,0.000000,0.000000,0.000000,0.000000,0.000000,0.000000,0.000000,0.170838,0.170839
41.236199,-1.233000,-0.333000,1.501000,-1.277343,-0.281862,1.567126,-1.276987,-0.281926,1.567100,0.000000,0.000000,0.000000,1.000000,-0.075624,0.483496,-0.037177,0.000530,-0.002674,0.007623,-0.001138,-0.002393,0.000266,0,0.000000,0.000000,0.000000,0.000000,0.000000,0.000000,0.000000,0.000000,0.094626,0.094407
41.269434,-1.231000,-0.341000,1.501000,-1.259168,-0.314728,1.524375,-1.258965,-0.314740,1.524497,0.000000,0.000000,0.000000,1.000000,-0.075624,0.483496,-0.037177,0.000530,-0.002674,0.007623,-0.001138,-0.002393,0.000266,0,0.000000,0.000000,0.000000,0.000000,0.000000,0.000000,0.000000,0.000000,0.045056,0.044986
41.286114,-1.230000,-0.347000,1.501000,-1.270811,-0.311037,1.515422,-1.270794,-0.311047,1.515439,0.000000,0.000000,0.000000,1.000000,-0.075624,0.483496,-0.037177,0.000530,-0.002674,0.007623,-0.001138,-0.002393,0.000266,0,0.000000,0.000000,0.000000,0.000000,0.000000,0.000000,0.000000,0.000000,0.056275,0.056260
41.302705,-1.229000,-0.350000,1.501000,-1.300477,-0.308816,1.533973,-1.300486,-0.309032,1.534137,0.000000,0.000000,0.000000,1.000000,-0.075624,0.483496,-0.037177,0.000530,-0.002674,0.007623,-0.001138,-0.002393,0.000266,0,0.000000,0.000000,0.000000,0.000000,0.000000,0.000000,0.000000,0.000000,0.088839,0.088807
41.319309,-1.228000,-0.356000,1.501000,-1.279592,-0.308983,1.463515,-1.279444,-0.309008,1.463512,0.000000,0.000000,0.000000,1.000000,-0.075624,0.483496,-0.037177,0.000530,-0.002674,0.007623,-0.001138,-0.002393,0.000266,0,0.000000,0.000000,0.000000,0.000000,0.000000,0.000000,0.000000,0.000000,0.079231,0.079120
41.335917,-1.227000,-0.361000,1.501000,-1.277289,-0.356790,1.510442,-1.277362,-0.356656,1.510260,0.000000,0.000000,0.000000,1.000000,-0.075624,0.483496,-0.037177,0.000530,-0.002674,0.007623,-0.001138,-0.002393,0.000266,0,0.000000,0.000000,0.000000,0.000000,0.000000,0.000000,0.000000,0.000000,0.051341,0.051390
41.352601,-1.226000,-0.367000,1.501000,-1.280559,-0.334354,1.547693,-1.280464,-0.334448,1.547660,0.000000,0.000000,0.000000,1.000000,-0.075624,0.483496,-0.037177,0.000530,-0.002674,0.007623,-0.001138,-0.002393,0.000266,0,0.000000,0.000000,0.000000,0.000000,0.000000,0.000000,0.000000,0.000000,0.078884,0.078760
41.369221,-1.224000,-0.376000,1.501000,-1.270371,-0.338036,1.457421,-1.270037,-0.338256,1.457394,0.000000,0.000000,0.000000,1.000000,-0.075624,0.483496,-0.037177,0.000530,-0.002674,0.007623,-0.001138,-0.002393,0.000266,0,0.000000,0.000000,0.000000,0.000000,0.000000,0.000000,0.000000,0.000000,0.074099,0.073793
41.402420,-1.220000,-0.391000,1.502000,-1.283260,-0.344158,1.427710,-1.283202,-0.344156,1.427749,0.000000,0.000000,0.000000,1.000000,-0.075624,0.483496,-0.037177,0.000530,-0.002674,0.007623,-0.001138,-0.002393,0.000266,0,0.000000,0.000000,0.000000,0.000000,0.000000,0.000000,0.000000,0.000000,0.108236,0.108176
41.419069,-1.219000,-0.396000,1.502000,-1.282879,-0.361420,1.513177,-1.282673,-0.361329,1.513096,0.000000,0.000000,0.000000,1.000000,-0.075624,0.483496,-0.037177,0.000530,-0.002674,0.007623,-0.001138,-0.002393,0.000266,0,0.000000,0.000000,0.000000,0.000000,0.000000,0.000000,0.000000,0.000000,0.073492,0.073345
41.435698,-1.215000,-0.408000,1.502000,-1.263815,-0.366777,1.510766,-1.263768,-0.366821,1.510757,0.000000,0.000000,0.000000,1.000000,-0.075624,0.483496,-0.037177,0.000530,-0.002674,0.007623,-0.001138,-0.002393,0.000266,0,0.000000,0.000000,0.000000,0.000000,0.000000,0.000000,0.000000,0.000000,0.064491,0.064426
41.452280,-1.214000,-0.414000,1.502000,-1.306199,-0.375961,1.597655,-1.306089,-0.375788,1.597625,0.000000,0.000000,0.000000,1.000000,-0.075624,0.483496,-0.037177,0.000530,-0.002674,0.007623,-0.001138,-0.002393,0.000266,0,0.000000,0.000000,0.000000,0.000000,0.000000,0.000000,0.000000,0.000000,0.138194,0.138147
41.468882,-1.212000,-0.420000,1.502000,-1.280141,-0.344618,1.434357,-1.280141,-0.344617,1.434357,0.000000,0.000000,0.000000,1.000000,-0.075624,0.483496,-0.037177,0.000530,-0.002674,0.007623,-0.001138,-0.002393,0.000266,0,0.000000,0.000000,0.000000,0.000000,0.000000,0.000000,0.000000,0.000000,0.122071,0.122071
41.485546,-1.210000,-0.429000,1.503000,-1.259941,-0.365402,1.511783,-1.259943,-0.365313,1.511695,0.000000,0.000000,0.000000,1.000000,-0.075624,0.483496,-0.037177,0.000530,-0.002674,0.007623,-0.001138,-0.002393,0.000266,0,0.000000,0.000000,0.000000,0.000000,0.000000,0.000000,0.000000,0.000000,0.081338,0.081399
41.502202,-1.209000,-0.435000,1.503000,-1.240970,-0.354457,1.471750,-1.240827,-0.354362,1.471690,0.000000,0.000000,0.000000,1.000000,-0.075624,0.483496,-0.037177,0.000530,-0.002674,0.007623,-0.001138,-0.002393,0.000266,0,0.000000,0.000000,0.000000,0.000000,0.000000,0.000000,0.000000,0.000000,0.092119,0.092173
41.518833,-1.209000,-0.435000,1.503000,-1.309598,-0.389700,1.459002,-1.309433,-0.389840,1.459097,0.000000,0.000000,0.000000,1.000000,-0.075624,0.483496,-0.037177,0.000530,-0.002674,0.007623,-0.001138,-0.002393,0.000266,0,0.000000,0.000000,0.000000,0.000000,0.000000,0.000000,0.000000,0.000000,0.118776,0.118549
41.535409,-1.198000,-0.469000,1.503000,-1.331247,-0.384212,1.495406,-1.331215,-0.384163,1.495359,0.000000,0.000000,0.000000,1.000000,-0.075624,0.483496,-0.037177,0.000530,-0.002674,0.007623,-0.001138,-0.002393,0.000266,0,0.000000,0.000000,0.000000,0.000000,0.000000,0.000000,0.000000,0.000000,0.158119,0.158120
41.552038,-1.196000,-0.474000,1.503000,-1.249607,-0.421928,1.550446,-1.249089,-0.421982,1.550252,0.000000,0.000000,0.000000,1.000000,-0.075624,0.483496,-0.037177,0.000530,-0.002674,0.007623,-0.001138,-0.002393,0.000266,0,0.000000,0.000000,0.000000,0.000000,0.000000,0.000000,0.000000,0.000000,0.088523,0.088074
41.568703,-1.194000,-0.481000,1.503000,-1.274486,-0.391913,1.482266,-1.274075,-0.391908,1.482327,0.000000,0.000000,0.000000,1.000000,-0.075624,0.483496,-0.037177,0.000530,-0.002674,0.007623,-0.001138,-0.002393,0.000266,0,0.000000,0.000000,0.000000,0.000000,0.000000,0.000000,0.000000,0.000000,0.121838,0.121560
41.585339,-1.192000,-0.486000,1.503000,-1.286586,-0.442305,1.394541,-1.286149,-0.442381,1.394698,0.000000,0.000000,0.000000,1.000000,-0.075624,0.483496,-0.037177,0.000530,-0.002674,0.007623,-0.001138,-0.002393,0.000266,0,0.000000,0.000000,0.000000,0.000000,0.000000,0.000000,0.000000,0.000000,0.150397,0.149987
41.601940,-1.190000,-0.491000,1.503000,-1.264291,-0.422815,1.494428,-1.264083,-0.422870,1.494461,0.000000,0.000000,0.000000,1.000000,-0.075624,0.483496,-0.037177,0.000530,-0.002674,0.007623,-0.001138,-0.002393,0.000266,0,0.000000,0.000000,0.000000,0.000000,0.000000,0.000000,0.000000,0.000000,0.101202,0.101009
41.618526,-1.188000,-0.496000,1.503000,-1.300451,-0.412766,1.395366,-1.300065,-0.412814,1.395496,0.000000,0.000000,0.000000,1.000000,-0.075624,0.483496,-0.037177,0.000530,-0.002674,0.007623,-0.001138,-0.002393,0.000266,0,0.000000,0.000000,0.000000,0.000000,0.000000,0.000000,0.000000,0.000000,0.176517,0.176169
41.635188,-1.188000,-0.497000,1.503000,-1.249601,-0.489036,1.567385,-1.249605,-0.489035,1.567385,0.000000,0.000000,0.000000,1.000000,-0.075624,0.483496,-0.037177,0.000530,-0.002674,0.007623,-0.001138,-0.002393,0.000266,0,0.000000,0.000000,0.000000,0.000000,0.000000,0.000000,0.000000,0.000000,0.089463,0.089465
41.668418,-1.184000,-0.507000,1.503000,-1.299510,-0.467579,1.415761,-1.299509,-0.467579,1.415762,0.000000,0.000000,0.000000,1.000000,-0.075624,0.483496,-0.037177,0.000530,-0.002674,0.007623,-0.001138,-0.002393,0.000266,0,0.000000,0.000000,0.000000,0.000000,0.000000,0.000000,0.000000,0.000000,0.150024,0.150023
41.685044,-1.180000,-0.517000,1.502000,-1.265375,-0.489235,1.499932,-1.265321,-0.489053,1.499813,0.000000,0.000000,0.000000,1.000000,-0.075624,0.483496,-0.037177,0.000530,-0.002674,0.007623,-0.001138,-0.002393,0.000266,0,0.000000,0.000000,0.000000,0.000000,0.000000,0.000000,0.000000,0.000000,0.089800,0.089808
41.701632,-1.177000,-0.523000,1.502000,-1.212335,-0.441103,1.513245,-1.212058,-0.441029,1.513275,0.000000,0.000000,0.000000,1.000000,-0.075624,0.483496,-0.037177,0.000530,-0.002674,0.007623,-0.001138,-0.002393,0.000266,0,0.000000,0.000000,0.000000,0.000000,0.000000,0.000000,0.000000,0.000000,0.089901,0.089863
41.718371,-1.177000,-0.523000,1.502000,-1.309330,-0.500041,1.365841,-1.309330,-0.500040,1.365842,0.000000,0.000000,0.000000,1.000000,-0.075624,0.483496,-0.037177,0.000530,-0.002674,0.007623,-0.001138,-0.002393,0.000266,0,0.000000,0.000000,0.000000,0.000000,0.000000,0.000000,0.000000,0.000000,0.191252,0.191252
41.751510,-1.168000,-0.541000,1.502000,-1.235640,-0.482029,1.545413,-1.235641,-0.482031,1.545415,0.000000,0.000000,0.000000,1.000000,-0.075624,0.483496,-0.037177,0.000530,-0.002674,0.007623,-0.001138,-0.002393,0.000266,0,0.000000,0.000000,0.000000,0.000000,0.000000,0.000000,0.000000,0.000000,0.099687,0.099687
41.768205,-1.167000,-0.545000,1.502000,-1.260338,-0.513181,1.569620,-1.260339,-0.513170,1.569706,0.000000,0.000000,0.000000,1.000000,-0.075624,0.483496,-0.037177,0.000530,-0.002674,0.007623,-0.001138,-0.002393,0.000266,0,0.000000,0.000000,0.000000,0.000000,0.000000,0.000000,0.000000,0.000000,0.119569,0.119622
41.801468,-1.163000,-0.552000,1.502000,-1.239052,-0.513396,1.505446,-1.238873,-0.513406,1.505397,0.000000,0.000000,0.000000,1.000000,-0.075624,0.483496,-0.037177,0.000530,-0.002674,0.007623,-0.001138,-0.002393,0.000266,0,0.000000,0.000000,0.000000,0.000000,0.000000,0.000000,0.000000,0.000000,0.085359,0.085192
41.818102,-1.157000,-0.564000,1.502000,-1.277864,-0.504400,1.505667,-1.277893,-0.504036,1.505629,0.000000,0.000000,0.000000,1.000000,-0.075624,0.483496,-0.037177,0.000530,-0.002674,0.007623,-0.001138,-0.002393,0.000266,0,0.000000,0.000000,0.000000,0.000000,0.000000,0.000000,0.000000,0.000000,0.134810,0.134996
41.834595,-1.154000,-0.569000,1.502000,-1.194653,-0.508641,1.514412,-1.194304,-0.508517,1.514146,0.000000,0.000000,0.000000,1.000000,-0.075624,0.483496,-0.037177,0.000530,-0.002674,0.007623,-0.001138,-0.002393,0.000266,0,0.000000,0.000000,0.000000,0.000000,0.000000,0.000000,0.000000,0.000000,0.073824,0.073689
41.851295,-1.152000,-0.574000,1.502000,-1.213531,-0.537695,1.535844,-1.213661,-0.537739,1.535886,0.000000,0.000000,0.000000,1.000000,-0.075624,0.483496,-0.037177,0.000530,-0.002674,0.007623,-0.001138,-0.002393,0.000266,0,0.000000,0.000000,0.000000,0.000000,0.000000,0.000000,0.000000,0.000000,0.079054,0.079154
41.867903,-1.147000,-0.581000,1.502000,-1.257675,-0.576231,1.415644,-1.257674,-0.576227,1.415643,0.000000,0.000000,0.000000,1.000000,-0.075624,0.483496,-0.037177,0.000530,-0.002674,0.007623,-0.001138,-0.002393,0.000266,0,0.000000,0.000000,0.000000,0.000000,0.000000,0.000000,0.000000,0.000000,0.140460,0.140460
41.884567,-1.143000,-0.588000,1.502000,-1.219138,-0.491895,1.502147,-1.218483,-0.491968,1.502365,0.000000,0.000000,0.000000,1.000000,-0.075624,0.483496,-0.037177,0.000530,-0.002674,0.007623,-0.001138,-0.002393,0.000266,0,0.000000,0.000000,0.000000,0.000000,0.000000,0.000000,0.000000,0.000000,0.122610,0.122147
41.901111,-1.139000,-0.594000,1.502000,-1.249401,-0.580630,1.540706,-1.249213,-0.580499,1.540916,0.000000,0.000000,0.000000,1.000000,-0.075624,0.483496,-0.037177,0.000530,-0.002674,0.007623,-0.001138,-0.002393,0.000266,0,0.000000,0.000000,0.000000,0.000000,0.000000,0.000000,0.000000,0.000000,0.117751,0.117659
41.917728,-1.134000,-0.602000,1.502000,-1.264027,-0.510774,1.488964,-1.263791,-0.510652,1.489069,0.000000,0.000000,0.000000,1.000000,-0.075624,0.483496,-0.037177,0.000530,-0.002674,0.007623,-0.001138,-0.002393,0.000266,0,0.000000,0.000000,0.000000,0.000000,0.000000,0.000000,0.000000,0.000000,0.159371,0.159240
41.934418,-1.130000,-0.609000,1.502000,-1.200559,-0.570540,1.560048,-1.200530,-0.570138,1.559805,0.000000,0.000000,0.000000,1.000000,-0.075624,0.483496,-0.037177,0.000530,-0.002674,0.007623,-0.001138,-0.002393,0.000266,0,0.000000,0.000000,0.000000,0.000000,0.000000,0.000000,0.000000,0.000000,0.099133,0.099127
41.951037,-1.126000,-0.616000,1.502000,-1.179516,-0.557960,1.581909,-1.179530,-0.557959,1.581873,0.000000,0.000000,0.000000,1.000000,-0.075624,0.483496,-0.037177,0.000530,-0.002674,0.007623,-0.001138,-0.002393,0.000266,0,0.000000,0.000000,0.000000,0.000000,0.000000,0.000000,0.000000,0.000000,0.112330,0.112311
41.967626,-1.122000,-0.622000,1.502000,-1.253293,-0.545647,1.373973,-1.253291,-0.545659,1.373982,0.000000,0.000000,0.000000,1.000000,-0.075624,0.483496,-0.037177,0.000530,-0.002674,0.007623,-0.001138,-0.002393,0.000266,0,0.000000,0.000000,0.000000,0.000000,0.000000,0.000000,0.000000,0.000000,0.198642,0.198630
41.984270,-1.118000,-0.627000,1.503000,-1.211099,-0.566481,1.449658,-1.210749,-0.566515,1.449716,0.000000,0.000000,0.000000,1.000000,-0.075624,0.483496,-0.037177,0.000530,-0.002674,0.007623,-0.001138,-0.002393,0.000266,0,0.000000,0.000000,0.000000,0.000000,0.000000,0.000000,0.000000,0.000000,0.123189,0.122882
42.017561,-1.112000,-0.637000,1.502000,-1.185300,-0.603580,1.486301,-1.185450,-0.603430,1.486151,0.000000,0.000000,0.000000,1.000000,-0.075624,0.483496,-0.037177,0.000530,-0.002674,0.007623,-0.001138,-0.002393,0.000266,0,0.000000,0.000000,0.000000,0.000000,0.000000,0.000000,0.000000,0.000000,0.082074,0.082298
42.034139,-1.106000,-0.645000,1.502000,-1.197528,-0.629318,1.516118,-1.197592,-0.629280,1.516084,0.000000,0.000000,0.000000,1.000000,-0.075624,0.483496,-0.037177,0.000530,-0.002674,0.007623,-0.001138,-0.002393,0.000266,0,0.000000,0.000000,0.000000,0.000000,0.000000,0.000000,0.000000,0.000000,0.093929,0.093992
42.050742,-1.104000,-0.648000,1.502000,-1.158065,-0.633379,1.459559,-1.157828,-0.633044,1.459391,0.000000,0.000000,0.000000,1.000000,-0.075624,0.483496,-0.037177,0.000530,-0.002674,0.007623,-0.001138,-0.002393,0.000266,0,0.000000,0.000000,0.000000,0.000000,0.000000,0.000000,0.000000,0.000000,0.070271,0.070261
42.084093,-1.097000,-0.657000,1.502000,-1.219153,-0.584786,1.456185,-1.218857,-0.584733,1.456062,0.000000,0.000000,0.000000,1.000000,-0.075624,0.483496,-0.037177,0.000530,-0.002674,0.007623,-0.001138,-0.002393,0.000266,0,0.000000,0.000000,0.000000,0.000000,0.000000,0.000000,0.000000,0.000000,0.149115,0.148936
42.100646,-1.090000,-0.667000,1.501000,-1.175604,-0.608450,1.546651,-1.175430,-0.608341,1.546539,0.000000,0.000000,0.000000,1.000000,-0.075624,0.483496,-0.037177,0.000530,-0.002674,0.007623,-0.001138,-0.002393,0.000266,0,0.000000,0.000000,0.000000,0.000000,0.000000,0.000000,0.000000,0.000000,0.113314,0.113194
42.117270,-1.085000,-0.673000,1.500000,-1.237475,-0.603513,1.382970,-1.237475,-0.603513,1.382970,0.000000,0.000000,0.000000,1.000000,-0.075624,0.483496,-0.037177,0.000530,-0.002674,0.007623,-0.001138,-0.002393,0.000266,0,0.000000,0.000000,0.000000,0.000000,0.000000,0.000000,0.000000,0.000000,0.204384,0.204384
42.133849,-1.084000,-0.675000,1.501000,-1.196690,-0.640240,1.490399,-1.196690,-0.640239,1.490399,0.000000,0.000000,0.000000,1.000000,-0.075624,0.483496,-0.037177,0.000530,-0.002674,0.007623,-0.001138,-0.002393,0.000266,0,0.000000,0.000000,0.000000,0.000000,0.000000,0.000000,0.000000,0.000000,0.118405,0.118405
42.150518,-1.076000,-0.686000,1.500000,-1.211917,-0.629355,1.503086,-1.211937,-0.629300,1.503049,0.000000,0.000000,0.000000,1.000000,-0.075624,0.483496,-0.037177,0.000530,-0.002674,0.007623,-0.001138,-0.002393,0.000266,0,0.000000,0.000000,0.000000,0.000000,0.000000,0.000000,0.000000,0.000000,0.147281,0.147319
42.167179,-1.073000,-0.689000,1.500000,-1.196802,-0.614166,1.507752,-1.196671,-0.614082,1.507743,0.000000,0.000000,0.000000,1.000000,-0.075624,0.483496,-0.037177,0.000530,-0.002674,0.007623,-0.001138,-0.002393,0.000266,0,0.000000,0.000000,0.000000,0.000000,0.000000,0.000000,0.000000,0.000000,0.144870,0.144801
42.183775,-1.070000,-0.694000,1.500000,-1.222571,-0.657331,1.439725,-1.222312,-0.657320,1.439927,0.000000,0.000000,0.000000,1.000000,-0.075624,0.483496,-0.037177,0.000530,-0.002674,0.007623,-0.001138,-0.002393,0.000266,0,0.000000,0.000000,0.000000,0.000000,0.000000,0.000000,0.000000,0.000000,0.168094,0.167789
42.200356,-1.062000,-0.704000,1.499000,-1.146180,-0.632063,1.538077,-1.145705,-0.631961,1.538021,0.000000,0.000000,0.000000,1.000000,-0.075624,0.483496,-0.037177,0.000530,-0.002674,0.007623,-0.001138,-0.002393,0.000266,0,0.000000,0.000000,0.000000,0.000000,0.000000,0.000000,0.000000,0.000000,0.117423,0.117127
42.216991,-1.057000,-0.710000,1.500000,-1.215371,-0.657076,1.531561,-1.215095,-0.656876,1.531443,0.000000,0.000000,0.000000,1.000000,-0.075624,0.483496,-0.037177,0.000530,-0.002674,0.007623,-0.001138,-0.002393,0.000266,0,0.000000,0.000000,0.000000,0.000000,0.000000,0.000000,0.000000,0.000000,0.169936,0.169720
42.233635,-1.054000,-0.714000,1.499000,-1.178381,-0.690670,1.520331,-1.178064,-0.690766,1.520354,0.000000,0.000000,0.000000,1.000000,-0.075624,0.483496,-0.037177,0.000530,-0.002674,0.007623,-0.001138,-0.002393,0.000266,0,0.000000,0.000000,0.000000,0.000000,0.000000,0.000000,0.000000,0.000000,0.128335,0.128014
42.250293,-1.050000,-0.719000,1.500000,-1.245793,-0.650243,1.483179,-1.245739,-0.649868,1.482968,0.000000,0.000000,0.000000,1.000000,-0.075624,0.483496,-0.037177,0.000530,-0.002674,0.007623,-0.001138,-0.002393,0.000266,0,0.000000,0.000000,0.000000,0.000000,0.000000,0.000000,0.000000,0.000000,0.208196,0.208286
42.266839,-1.047000,-0.723000,1.500000,-1.150066,-0.680283,1.469973,-1.149391,-0.680342,1.469739,0.000000,0.000000,0.000000,1.000000,-0.075624,0.483496,-0.037177,0.000530,-0.002674,0.007623,-0.001138,-0.002393,0.000266,0,0.000000,0.000000,0.000000,0.000000,0.000000,0.000000,0.000000,0.000000,0.115537,0.114976
42.283445,-1.040000,-0.731000,1.500000,-1.180600,-0.661599,1.458962,-1.180751,-0.661346,1.458878,0.000000,0.000000,0.000000,1.000000,-0.075624,0.483496,-0.037177,0.000530,-0.002674,0.007623,-0.001138,-0.002393,0.000266,0,0.000000,0.000000,0.000000,0.000000,0.000000,0.000000,0.000000,0.000000,0.162077,0.162338
42.300125,-1.036000,-0.736000,1.500000,-1.117591,-0.680892,1.617767,-1.117592,-0.680892,1.617768,0.000000,0.000000,0.000000,1.000000,-0.075624,0.483496,-0.037177,0.000530,-0.002674,0.007623,-0.001138,-0.002393,0.000266,0,0.000000,0.000000,0.000000,0.000000,0.000000,0.000000,0.000000,0.000000,0.153502,0.153504
42.316770,-1.033000,-0.739000,1.500000,-1.198255,-0.694023,1.494656,-1.198254,-0.694022,1.494655,0.000000,0.000000,0.000000,1.000000,-0.075624,0.483496,-0.037177,0.000530,-0.002674,0.007623,-0.001138,-0.002393,0.000266,0,0.000000,0.000000,0.000000,0.000000,0.000000,0.000000,0.000000,0.000000,0.171349,0.171349
42.333355,-1.027000,-0.746000,1.500000,-1.162558,-0.667836,1.566784,-1.162579,-0.667857,1.566782,0.000000,0.000000,0.000000,1.000000,-0.075624,0.483496,-0.037177,0.000530,-0.002674,0.007623,-0.001138,-0.002393,0.000266,0,0.000000,0.000000,0.000000,0.000000,0.000000,0.000000,0.000000,0.000000,0.170135,0.170140
42.350018,-1.023000,-0.750000,1.500000,-1.220331,-0.725407,1.503106,-1.219677,-0.725303,1.503211,0.000000,0.000000,0.000000,1.000000,-0.075624,0.483496,-0.037177,0.000530,-0.002674,0.007623,-0.001138,-0.002393,0.000266,0,0.000000,0.000000,0.000000,0.000000,0.000000,0.000000,0.000000,0.000000,0.198882,0.198248
42.366657,-1.015000,-0.760000,1.500000,-1.139256,-0.728139,1.563664,-1.138897,-0.728529,1.563543,0.000000,0.000000,0.000000,1.000000,-0.075624,0.483496,-0.037177,0.000530,-0.002674,0.007623,-0.001138,-0.002393,0.000266,0,0.000000,0.000000,0.000000,0.000000,0.000000,0.000000,0.000000,0.000000,0.143205,0.142754
42.383303,-1.011000,-0.763000,1.499000,-1.149954,-0.722513,1.531044,-1.149984,-0.722411,1.531013,0.000000,0.000000,0.000000,1.000000,-0.075624,0.483496,-0.037177,0.000530,-0.002674,0.007623,-0.001138,-0.002393,0.000266,0,0.000000,0.000000,0.000000,0.000000,0.000000,0.000000,0.000000,0.000000,0.148237,0.148286
42.399860,-1.002000,-0.774000,1.499000,-1.124951,-0.678141,1.528834,-1.125282,-0.678270,1.528866,0.000000,0.000000,0.000000,1.000000,-0.075624,0.483496,-0.037177,0.000530,-0.002674,0.007623,-0.001138,-0.002393,0.000266,0,0.000000,0.000000,0.000000,0.000000,0.000000,0.000000,0.000000,0.000000,0.158732,0.158917
42.416446,-0.999000,-0.778000,1.500000,-1.194023,-0.693186,1.437217,-1.193490,-0.692920,1.437258,0.000000,0.000000,0.000000,1.000000,-0.075624,0.483496,-0.037177,0.000530,-0.002674,0.007623,-0.001138,-0.002393,0.000266,0,0.000000,0.000000,0.000000,0.000000,0.000000,0.000000,0.000000,0.000000,0.221741,0.221363
42.433073,-0.994000,-0.783000,1.500000,-1.137170,-0.727304,1.539065,-1.137170,-0.727304,1.539065,0.000000,0.000000,0.000000,1.000000,-0.075624,0.483496,-0.037177,0.000530,-0.002674,0.007623,-0.001138,-0.002393,0.000266,0,0.000000,0.000000,0.000000,0.000000,0.000000,0.000000,0.000000,0.000000,0.158511,0.158511
42.449735,-0.989000,-0.788000,1.500000,-1.148783,-0.728978,1.516824,-1.148751,-0.728937,1.516824,0.000000,0.000000,0.000000,1.000000,-0.075624,0.483496,-0.037177,0.000530,-0.002674,0.007623,-0.001138,-0.002393,0.000266,0,0.000000,0.000000,0.000000,0.000000,0.000000,0.000000,0.000000,0.000000,0.171164,0.171149
42.466351,-0.988000,-0.789000,1.500000,-1.158394,-0.696945,1.470494,-1.158415,-0.696855,1.470492,0.000000,0.000000,0.000000,1.000000,-0.075624,0.483496,-0.037177,0.000530,-0.002674,0.007623,-0.001138,-0.002393,0.000266,0,0.000000,0.000000,0.000000,0.000000,0.000000,0.000000,0.000000,0.000000,0.195905,0.195966
42.482979,-0.980000,-0.798000,1.500000,-1.124737,-0.761050,1.524884,-1.124411,-0.761014,1.525230,0.000000,0.000000,0.000000,1.000000,-0.075624,0.483496,-0.037177,0.000530,-0.002674,0.007623,-0.001138,-0.002393,0.000266,0,0.000000,0.000000,0.000000,0.000000,0.000000,0.000000,0.000000,0.000000,0.151438,0.151192
42.499576,-0.978000,-0.800000,1.501000,-1.138214,-0.748935,1.538532,-1.138199,-0.748900,1.538513,0.000000,0.000000,0.000000,1.000000,-0.075624,0.483496,-0.037177,0.000530,-0.002674,0.007623,-0.001138,-0.002393,0.000266,0,0.000000,0.000000,0.000000,0.000000,0.000000,0.000000,0.000000,0.000000,0.172293,0.172286
42.516262,-0.972000,-0.806000,1.501000,-1.182002,-0.788917,1.431834,-1.181999,-0.788910,1.431836,0.000000,0.000000,0.000000,1.000000,-0.075624,0.483496,-0.037177,0.000530,-0.002674,0.007623,-0.001138,-0.002393,0.000266,0,0.000000,0.000000,0.000000,0.000000,0.000000,0.000000,0.000000,0.000000,0.221758,0.221755
42.532859,-0.968000,-0.810000,1.501000,-1.175824,-0.728101,1.408243,-1.176250,-0.728093,1.408373,0.000000,0.000000,0.000000,1.000000,-0.075624,0.483496,-0.037177,0.000530,-0.002674,0.007623,-0.001138,-0.002393,0.000266,0,0.000000,0.000000,0.000000,0.000000,0.000000,0.000000,0.000000,0.000000,0.241872,0.242191
42.549512,-0.963000,-0.815000,1.502000,-1.153487,-0.767584,1.500236,-1.153146,-0.767404,1.500123,0.000000,0.000000,0.000000,1.000000,-0.075624,0.483496,-0.037177,0.000530,-0.002674,0.007623,-0.001138,-0.002393,0.000266,0,0.000000,0.000000,0.000000,0.000000,0.000000,0.000000,0.000000,0.000000,0.196308,0.196021
42.566071,-0.957000,-0.821000,1.502000,-1.165414,-0.768149,1.498299,-1.165412,-0.768156,1.498305,0.000000,0.000000,0.000000,1.000000,-0.075624,0.483496,-0.037177,0.000530,-0.002674,0.007623,-0.001138,-0.002393,0.000266,0,0.000000,0.000000,0.000000,0.000000,0.000000,0.000000,0.000000,0.000000,0.215042,0.215039
42.582712,-0.951000,-0.828000,1.503000,-1.125528,-0.765860,1.489127,-1.125475,-0.766036,1.489146,0.000000,0.000000,0.000000,1.000000,-0.075624,0.483496,-0.037177,0.000530,-0.002674,0.007623,-0.001138,-0.002393,0.000266,0,0.000000,0.000000,0.000000,0.000000,0.000000,0.000000,0.000000,0.000000,0.185779,0.185669
42.599402,-0.946000,-0.831000,1.502000,-1.173160,-0.769542,1.474587,-1.173060,-0.769356,1.474511,0.000000,0.000000,0.000000,1.000000,-0.075624,0.483496,-0.037177,0.000530,-0.002674,0.007623,-0.001138,-0.002393,0.000266,0,0.000000,0.000000,0.000000,0.000000,0.000000,0.000000,0.000000,0.000000,0.236918,0.236879
42.616007,-0.946000,-0.831000,1.502000,-1.119986,-0.760327,1.484874,-1.119894,-0.760458,1.484845,0.000000,0.000000,0.000000,1.000000,-0.075624,0.483496,-0.037177,0.000530,-0.002674,0.007623,-0.001138,-0.002393,0.000266,0,0.000000,0.000000,0.000000,0.000000,0.000000,0.000000,0.000000,0.000000,0.188571,0.188440
42.632633,-0.939000,-0.838000,1.502000,-1.108420,-0.807660,1.494526,-1.108025,-0.807657,1.494532,0.000000,0.000000,0.000000,1.000000,-0.075624,0.483496,-0.037177,0.000530,-0.002674,0.007623,-0.001138,-0.002393,0.000266,0,0.000000,0.000000,0.000000,0.000000,0.000000,0.000000,0.000000,0.000000,0.172278,0.171889
42.649164,-0.934000,-0.844000,1.502000,-1.143422,-0.755635,1.450447,-1.143108,-0.755604,1.450664,0.000000,0.000000,0.000000,1.000000,-0.075624,0.483496,-0.037177,0.000530,-0.002674,0.007623,-0.001138,-0.002393,0.000266,0,0.000000,0.000000,0.000000,0.000000,0.000000,0.000000,0.000000,0.000000,0.233075,0.232756
42.682515,-0.927000,-0.850000,1.502000,-1.085710,-0.795910,1.421612,-1.085282,-0.795950,1.421614,0.000000,0.000000,0.000000,1.000000,-0.075624,0.483496,-0.037177,0.000530,-0.002674,0.007623,-0.001138,-0.002393,0.000266,0,0.000000,0.000000,0.000000,0.000000,0.000000,0.000000,0.000000,0.000000,0.185948,0.185571
42.699063,-0.924000,-0.852000,1.502000,-1.126984,-0.814555,1.536805,-1.126984,-0.814555,1.536805,0.000000,0.000000,0.000000,1.000000,-0.075624,0.483496,-0.037177,0.000530,-0.002674,0.007623,-0.001138,-0.002393,0.000266,0,0.000000,0.000000,0.000000,0.000000,0.000000,0.000000,0.000000,0.000000,0.209322,0.209322
42.715704,-0.916000,-0.859000,1.502000,-1.093728,-0.801451,1.447381,-1.093825,-0.801466,1.447437,0.000000,0.000000,0.000000,1.000000,-0.075624,0.483496,-0.037177,0.000530,-0.002674,0.007623,-0.001138,-0.002393,0.000266,0,0.000000,0.000000,0.000000,0.000000,0.000000,0.000000,0.000000,0.000000,0.194634,0.194703
42.732367,-0.909000,-0.867000,1.502000,-1.075632,-0.803325,1.455118,-1.075608,-0.803373,1.455120,0.000000,0.000000,0.000000,1.000000,-0.075624,0.483496,-0.037177,0.000530,-0.002674,0.007623,-0.001138,-0.002393,0.000266,0,0.000000,0.000000,0.000000,0.000000,0.000000,0.000000,0.000000,0.000000,0.184442,0.184403
42.748976,-0.905000,-0.870000,1.502000,-1.084987,-0.827139,1.467199,-1.085026,-0.827172,1.467322,0.000000,0.000000,0.000000,1.000000,-0.075624,0.483496,-0.037177,0.000530,-0.002674,0.007623,-0.001138,-0.002393,0.000266,0,0.000000,0.000000,0.000000,0.000000,0.000000,0.000000,0.000000,0.000000,0.188264,0.188272
42.765599,-0.898000,-0.877000,1.503000,-1.079029,-0.847210,1.572821,-1.079029,-0.847210,1.572821,0.000000,0.000000,0.000000,1.000000,-0.075624,0.483496,-0.037177,0.000530,-0.002674,0.007623,-0.001138,-0.002393,0.000266,0,0.000000,0.000000,0.000000,0.000000,0.000000,0.000000,0.000000,0.000000,0.196300,0.196301
42.782169,-0.894000,-0.881000,1.503000,-1.082209,-0.827243,1.426395,-1.082206,-0.827243,1.426398,0.000000,0.000000,0.000000,1.000000,-0.075624,0.483496,-0.037177,0.000530,-0.002674,0.007623,-0.001138,-0.002393,0.000266,0,0.000000,0.000000,0.000000,0.000000,0.000000,0.000000,0.000000,0.000000,0.210193,0.210189
42.798826,-0.885000,-0.889000,1.503000,-1.132658,-0.819762,1.497685,-1.132486,-0.819710,1.497693,0.000000,0.000000,0.000000,1.000000,-0.075624,0.483496,-0.037177,0.000530,-0.002674,0.007623,-0.001138,-0.002393,0.000266,0,0.000000,0.000000,0.000000,0.000000,0.000000,0.000000,0.000000,0.000000,0.257210,0.257058
42.832076,-0.881000,-0.893000,1.503000,-1.111727,-0.799699,1.450294,-1.111822,-0.799711,1.450324,0.000000,0.000000,0.000000,1.000000,-0.075624,0.483496,-0.037177,0.000530,-0.002674,0.007623,-0.001138,-0.002393,0.000266,0,0.000000,0.000000,0.000000,0.000000,0.000000,0.000000,0.000000,0.000000,0.254397,0.254472
42.848733,-0.875000,-0.899000,1.504000,-1.021289,-0.881123,1.504610,-1.021016,-0.880462,1.504352,0.000000,0.000000,0.000000,1.000000,-0.075624,0.483496,-0.037177,0.000530,-0.002674,0.007623,-0.001138,-0.002393,0.000266,0,0.000000,0.000000,0.000000,0.000000,0.000000,0.000000,0.000000,0.000000,0.147379,0.147189
42.865283,-0.870000,-0.903000,1.504000,-1.063939,-0.840148,1.454482,-1.063830,-0.839992,1.454496,0.000000,0.000000,0.000000,1.000000,-0.075624,0.483496,-0.037177,0.000530,-0.002674,0.007623,-0.001138,-0.002393,0.000266,0,0.000000,0.000000,0.000000,0.000000,0.000000,0.000000,0.000000,0.000000,0.209797,0.209740
42.881993,-0.865000,-0.908000,1.504000,-0.994510,-0.878814,1.540854,-0.994309,-0.878438,1.540726,0.000000,0.000000,0.000000,1.000000,-0.075624,0.483496,-0.037177,0.000530,-0.002674,0.007623,-0.001138,-0.002393,0.000266,0,0.000000,0.000000,0.000000,0.000000,0.000000,0.000000,0.000000,0.000000,0.137778,0.137636
42.898585,-0.860000,-0.912000,1.504000,-1.045979,-0.831347,1.508892,-1.045795,-0.831201,1.508961,0.000000,0.000000,0.000000,1.000000,-0.075624,0.483496,-0.037177,0.000530,-0.002674,0.007623,-0.001138,-0.002393,0.000266,0,0.000000,0.000000,0.000000,0.000000,0.000000,0.000000,0.000000,0.000000,0.202773,0.202664
42.915209,-0.854000,-0.917000,1.504000,-1.035238,-0.886589,1.486272,-1.034797,-0.886626,1.486280,0.000000,0.000000,0.000000,1.000000,-0.075624,0.483496,-0.037177,0.000530,-0.002674,0.007623,-0.001138,-0.002393,0.000266,0,0.000000,0.000000,0.000000,0.000000,0.000000,0.000000,0.000000,0.000000,0.184625,0.184185
42.931765,-0.849000,-0.923000,1.504000,-1.029834,-0.854861,1.479926,-1.029871,-0.854867,1.479971,0.000000,0.000000,0.000000,1.000000,-0.075624,0.483496,-0.037177,0.000530,-0.002674,0.007623,-0.001138,-0.002393,0.000266,0,0.000000,0.000000,0.000000,0.000000,0.000000,0.000000,0.000000,0.000000,0.194739,0.194766
42.948414,-0.844000,-0.927000,1.503000,-1.095424,-0.872286,1.452614,-1.095229,-0.872144,1.452485,0.000000,0.000000,0.000000,1.000000,-0.075624,0.483496,-0.037177,0.000530,-0.002674,0.007623,-0.001138,-0.002393,0.000266,0,0.000000,0.000000,0.000000,0.000000,0.000000,0.000000,0.000000,0.000000,0.262195,0.262063
42.965086,-0.844000,-0.927000,1.503000,-1.023274,-0.874404,1.492280,-1.023062,-0.874246,1.492108,0.000000,0.000000,0.000000,1.000000,-0.075624,0.483496,-0.037177,0.000530,-0.002674,0.007623,-0.001138,-0.002393,0.000266,0,0.000000,0.000000,0.000000,0.000000,0.000000,0.000000,0.000000,0.000000,0.187138,0.186989
42.981712,-0.835000,-0.936000,1.503000,-1.024242,-0.888806,1.482849,-1.024295,-0.888802,1.482869,0.000000,0.000000,0.000000,1.000000,-0.075624,0.483496,-0.037177,0.000530,-0.002674,0.007623,-0.001138,-0.002393,0.000266,0,0.000000,0.000000,0.000000,0.000000,0.000000,0.000000,0.000000,0.000000,0.196076,0.196127
42.998309,-0.835000,-0.936000,1.503000,-0.991201,-0.908144,1.580555,-0.991078,-0.907921,1.580558,0.000000,0.000000,0.000000,1.000000,-0.075624,0.483496,-0.037177,0.000530,-0.002674,0.007623,-0.001138,-0.002393,0.000266,0,0.000000,0.000000,0.000000,0.000000,0.000000,0.000000,0.000000,0.000000,0.176606,0.176534
43.014960,-0.822000,-0.949000,1.502000,-1.010686,-0.909896,1.542722,-1.010607,-0.909868,1.542749,0.000000,0.000000,0.000000,1.000000,-0.075624,0.483496,-0.037177,0.000530,-0.002674,0.007623,-0.001138,-0.002393,0.000266,0,0.000000,0.000000,0.000000,0.000000,0.000000,0.000000,0.000000,0.000000,0.196951,0.196887
43.048205,-0.803000,-0.965000,1.501000,-1.001872,-0.894115,1.563719,-1.001953,-0.894150,1.563721,0.000000,0.000000,0.000000,1.000000,-0.075624,0.483496,-0.037177,0.000530,-0.002674,0.007623,-0.001138,-0.002393,0.000266,0,0.000000,0.000000,0.000000,0.000000,0.000000,0.000000,0.000000,0.000000,0.220246,0.220309
43.081387,-0.800000,-0.968000,1.501000,-0.976298,-0.888068,1.548080,-0.976222,-0.887942,1.547991,0.000000,0.000000,0.000000,1.000000,-0.075624,0.483496,-0.037177,0.000530,-0.002674,0.007623,-0.001138,-0.002393,0.000266,0,0.000000,0.000000,0.000000,0.000000,0.000000,0.000000,0.000000,0.000000,0.199215,0.199178
43.098096,-0.796000,-0.971000,1.501000,-0.977896,-0.905823,1.456278,-0.977694,-0.905828,1.456272,0.000000,0.000000,0.000000,1.000000,-0.075624,0.483496,-0.037177,0.000530,-0.002674,0.007623,-0.001138,-0.002393,0.000266,0,0.000000,0.000000,0.000000,0.000000,0.000000,0.000000,0.000000,0.000000,0.198328,0.198143
43.114724,-0.793000,-0.974000,1.500000,-0.962277,-0.945592,1.452802,-0.962624,-0.945438,1.452637,0.000000,0.000000,0.000000,1.000000,-0.075624,0.483496,-0.037177,0.000530,-0.002674,0.007623,-0.001138,-0.002393,0.000266,0,0.000000,0.000000,0.000000,0.000000,0.000000,0.000000,0.000000,0.000000,0.178015,0.178413
43.131312,-0.788000,-0.977000,1.500000,-1.003164,-0.880266,1.561518,-1.003163,-0.880266,1.561517,0.000000,0.000000,0.000000,1.000000,-0.075624,0.483496,-0.037177,0.000530,-0.002674,0.007623,-0.001138,-0.002393,0.000266,0,0.000000,0.000000,0.000000,0.000000,0.000000,0.000000,0.000000,0.000000,0.243798,0.243797
43.147971,-0.781000,-0.984000,1.500000,-0.908391,-0.935434,1.564179,-0.907748,-0.935294,1.563956,0.000000,0.000000,0.000000,1.000000,-0.075624,0.483496,-0.037177,0.000530,-0.002674,0.007623,-0.001138,-0.002393,0.000266,0,0.000000,0.000000,0.000000,0.000000,0.000000,0.000000,0.000000,0.000000,0.150685,0.150092
43.164526,-0.774000,-0.990000,1.500000,-1.002844,-0.930300,1.593192,-1.002499,-0.930370,1.593345,0.000000,0.000000,0.000000,1.000000,-0.075624,0.483496,-0.037177,0.000530,-0.002674,0.007623,-0.001138,-0.002393,0.000266,0,0.000000,0.000000,0.000000,0.000000,0.000000,0.000000,0.000000,0.000000,0.254202,0.253931
43.181213,-0.765000,-0.998000,1.499000,-0.924745,-0.952951,1.496149,-0.924337,-0.952194,1.495850,0.000000,0.000000,0.000000,1.000000,-0.075624,0.483496,-0.037177,0.000530,-0.002674,0.007623,-0.001138,-0.002393,0.000266,0,0.000000,0.000000,0.000000,0.000000,0.000000,0.000000,0.000000,0.000000,0.166000,0.165820
43.197795,-0.759000,-1.003000,1.499000,-0.986123,-0.933105,1.536495,-0.986056,-0.932878,1.536595,0.000000,0.000000,0.000000,1.000000,-0.075624,0.483496,-0.037177,0.000530,-0.002674,0.007623,-0.001138,-0.002393,0.000266,0,0.000000,0.000000,0.000000,0.000000,0.000000,0.000000,0.000000,0.000000,0.240574,0.240593
43.214422,-0.752000,-1.007000,1.499000,-0.919175,-0.927479,1.506996,-0.918968,-0.927110,1.506880,0.000000,0.000000,0.000000,1.000000,-0.075624,0.483496,-0.037177,0.000530,-0.002674,0.007623,-0.001138,-0.002393,0.000266,0,0.000000,0.000000,0.000000,0.000000,0.000000,0.000000,0.000000,0.000000,0.185297,0.185265
43.231059,-0.748000,-1.011000,1.499000,-0.934267,-0.966308,1.596737,-0.934334,-0.966051,1.596671,0.000000,0.000000,0.000000,1.000000,-0.075624,0.483496,-0.037177,0.000530,-0.002674,0.007623,-0.001138,-0.002393,0.000266,0,0.000000,0.000000,0.000000,0.000000,0.000000,0.000000,0.000000,0.000000,0.215047,0.215129
43.247655,-0.741000,-1.016000,1.498000,-0.943614,-0.966801,1.526399,-0.943440,-0.966656,1.526415,0.000000,0.000000,0.000000,1.000000,-0.075624,0.483496,-0.037177,0.000530,-0.002674,0.007623,-0.001138,-0.002393,0.000266,0,0.000000,0.000000,0.000000,0.000000,0.000000,0.000000,0.000000,0.000000,0.210427,0.210295
43.264364,-0.720000,-1.032000,1.497000,-0.901178,-0.932350,1.582123,-0.901158,-0.932561,1.582122,0.000000,0.000000,0.000000,1.000000,-0.075624,0.483496,-0.037177,0.000530,-0.002674,0.007623,-0.001138,-0.002393,0.000266,0,0.000000,0.000000,0.000000,0.000000,0.000000,0.000000,0.000000,0.000000,0.223610,0.223500
43.280909,-0.720000,-1.032000,1.497000,-0.951297,-0.969590,1.552977,-0.951352,-0.969736,1.553078,0.000000,0.000000,0.000000,1.000000,-0.075624,0.483496,-0.037177,0.000530,-0.002674,0.007623,-0.001138,-0.002393,0.000266,0,0.000000,0.000000,0.000000,0.000000,0.000000,0.000000,0.000000,0.000000,0.246022,0.246060
43.297523,-0.716000,-1.034000,1.497000,-0.923267,-0.962369,1.480543,-0.923090,-0.962112,1.480419,0.000000,0.000000,0.000000,1.000000,-0.075624,0.483496,-0.037177,0.000530,-0.002674,0.007623,-0.001138,-0.002393,0.000266,0,0.000000,0.000000,0.000000,0.000000,0.000000,0.000000,0.000000,0.000000,0.219912,0.219839
43.314137,-0.710000,-1.037000,1.496000,-0.953016,-0.959807,1.530043,-0.952872,-0.959770,1.530004,0.000000,0.000000,0.000000,1.000000,-0.075624,0.483496,-0.037177,0.000530,-0.002674,0.007623,-0.001138,-0.002393,0.000266,0,0.000000,0.000000,0.000000,0.000000,0.000000,0.000000,0.000000,0.000000,0.257243,0.257114
43.330792,-0.698000,-1.046000,1.496000,-0.889113,-0.988548,1.481374,-0.888963,-0.988149,1.480986,0.000000,0.000000,0.000000,1.000000,-0.075624,0.483496,-0.037177,0.000530,-0.002674,0.007623,-0.001138,-0.002393,0.000266,0,0.000000,0.000000,0.000000,0.000000,0.000000,0.000000,0.000000,0.000000,0.200097,0.200098
43.347409,-0.693000,-1.048000,1.496000,-0.946728,-0.996075,1.501065,-0.946619,-0.995913,1.501002,0.000000,0.000000,0.000000,1.000000,-0.075624,0.483496,-0.037177,0.000530,-0.002674,0.007623,-0.001138,-0.002393,0.000266,0,0.000000,0.000000,0.000000,0.000000,0.000000,0.000000,0.000000,0.000000,0.259036,0.258961
43.364009,-0.689000,-1.051000,1.496000,-0.843156,-1.018366,1.605794,-0.843156,-1.018366,1.605794,0.000000,0.000000,0.000000,1.000000,-0.075624,0.483496,-0.037177,0.000530,-0.002674,0.007623,-0.001138,-0.002393,0.000266,0,0.000000,0.000000,0.000000,0.000000,0.000000,0.000000,0.000000,0.000000,0.192051,0.192052
43.380618,-0.680000,-1.057000,1.496000,-0.950786,-0.966646,1.480218,-0.950786,-0.966648,1.480217,0.000000,0.000000,0.000000,1.000000,-0.075624,0.483496,-0.037177,0.000530,-0.002674,0.007623,-0.001138,-0.002393,0.000266,0,0.000000,0.000000,0.000000,0.000000,0.000000,0.000000,0.000000,0.000000,0.285898,0.285898
43.397321,-0.677000,-1.059000,1.496000,-0.875866,-1.003053,1.500778,-0.875665,-1.002749,1.500576,0.000000,0.000000,0.000000,1.000000,-0.075624,0.483496,-0.037177,0.000530,-0.002674,0.007623,-0.001138,-0.002393,0.000266,0,0.000000,0.000000,0.000000,0.000000,0.000000,0.000000,0.000000,0.000000,0.206642,0.206526
43.413890,-0.673000,-1.061000,1.497000,-0.881810,-0.991670,1.478007,-0.881801,-0.991634,1.477983,0.000000,0.000000,0.000000,1.000000,-0.075624,0.483496,-0.037177,0.000530,-0.002674,0.007623,-0.001138,-0.002393,0.000266,0,0.000000,0.000000,0.000000,0.000000,0.000000,0.000000,0.000000,0.000000,0.220837,0.220842
43.430544,-0.666000,-1.066000,1.497000,-0.890317,-1.032393,1.544593,-0.890511,-1.032379,1.544750,0.000000,0.000000,0.000000,1.000000,-0.075624,0.483496,-0.037177,0.000530,-0.002674,0.007623,-0.001138,-0.002393,0.000266,0,0.000000,0.000000,0.000000,0.000000,0.000000,0.000000,0.000000,0.000000,0.231760,0.231982
43.447111,-0.662000,-1.067000,1.497000,-0.813535,-0.980007,1.551936,-0.813139,-0.979615,1.551604,0.000000,0.000000,0.000000,1.000000,-0.075624,0.483496,-0.037177,0.000530,-0.002674,0.007623,-0.001138,-0.002393,0.000266,0,0.000000,0.000000,0.000000,0.000000,0.000000,0.000000,0.000000,0.000000,0.183163,0.182923
43.463823,-0.658000,-1.070000,1.497000,-0.897200,-1.040568,1.489472,-0.896872,-1.040560,1.489473,0.000000,0.000000,0.000000,1.000000,-0.075624,0.483496,-0.037177,0.000530,-0.002674,0.007623,-0.001138,-0.002393,0.000266,0,0.000000,0.000000,0.000000,0.000000,0.000000,0.000000,0.000000,0.000000,0.241121,0.240797
43.480417,-0.651000,-1.073000,1.497000,-0.859325,-1.005799,1.571756,-0.859434,-1.006000,1.571559,0.000000,0.000000,0.000000,1.000000,-0.075624,0.483496,-0.037177,0.000530,-0.002674,0.007623,-0.001138,-0.002393,0.000266,0,0.000000,0.000000,0.000000,0.000000,0.000000,0.000000,0.000000,0.000000,0.231309,0.231285
43.497058,-0.651000,-1.073000,1.497000,-0.836397,-1.035868,1.499961,-0.836292,-1.035839,1.499922,0.000000,0.000000,0.000000,1.000000,-0.075624,0.483496,-0.037177,0.000530,-0.002674,0.007623,-0.001138,-0.002393,0.000266,0,0.000000,0.000000,0.000000,0.000000,0.000000,0.000000,0.000000,0.000000,0.189102,0.189004
43.513656,-0.640000,-1.080000,1.497000,-0.829517,-1.009369,1.541842,-0.829374,-1.009354,1.541879,0.000000,0.000000,0.000000,1.000000,-0.075624,0.483496,-0.037177,0.000530,-0.002674,0.007623,-0.001138,-0.002393,0.000266,0,0.000000,0.000000,0.000000,0.000000,0.000000,0.000000,0.000000,0.000000,0.207162,0.207045
43.530279,-0.635000,-1.083000,1.497000,-0.905086,-1.029463,1.448143,-0.904687,-1.029425,1.448142,0.000000,0.000000,0.000000,1.000000,-0.075624,0.483496,-0.037177,0.000530,-0.002674,0.007623,-0.001138,-0.002393,0.000266,0,0.000000,0.000000,0.000000,0.000000,0.000000,0.000000,0.000000,0.000000,0.279642,0.279264
43.546955,-0.628000,-1.086000,1.497000,-0.872669,-1.032430,1.456558,-0.872614,-1.032456,1.456587,0.000000,0.000000,0.000000,1.000000,-0.075624,0.483496,-0.037177,0.000530,-0.002674,0.007623,-0.001138,-0.002393,0.000266,0,0.000000,0.000000,0.000000,0.000000,0.000000,0.000000,0.000000,0.000000,0.253709,0.253646
43.563525,-0.619000,-1.091000,1.497000,-0.853876,-1.028943,1.525782,-0.853803,-1.028931,1.525778,0.000000,0.000000,0.000000,1.000000,-0.075624,0.483496,-0.037177,0.000530,-0.002674,0.007623,-0.001138,-0.002393,0.000266,0,0.000000,0.000000,0.000000,0.000000,0.000000,0.000000,0.000000,0.000000,0.244635,0.244567
43.580161,-0.614000,-1.094000,1.497000,-0.776547,-1.059088,1.462874,-0.776154,-1.058666,1.462605,0.000000,0.000000,0.000000,1.000000,-0.075624,0.483496,-0.037177,0.000530,-0.002674,0.007623,-0.001138,-0.002393,0.000266,0,0.000000,0.000000,0.000000,0.000000,0.000000,0.000000,0.000000,0.000000,0.169721,0.169486
43.596738,-0.604000,-1.098000,1.497000,-0.826743,-1.069894,1.556197,-0.826692,-1.069486,1.556129,0.000000,0.000000,0.000000,1.000000,-0.075624,0.483496,-0.037177,0.000530,-0.002674,0.007623,-0.001138,-0.002393,0.000266,0,0.000000,0.000000,0.000000,0.000000,0.000000,0.000000,0.000000,0.000000,0.232182,0.232166
43.613410,-0.601000,-1.100000,1.497000,-0.769556,-1.058367,1.545555,-0.769359,-1.057956,1.545249,0.000000,0.000000,0.000000,1.000000,-0.075624,0.483496,-0.037177,0.000530,-0.002674,0.007623,-0.001138,-0.002393,0.000266,0,0.000000,0.000000,0.000000,0.000000,0.000000,0.000000,0.000000,0.000000,0.180283,0.180112
43.630072,-0.594000,-1.104000,1.497000,-0.837551,-1.079579,1.508392,-0.837374,-1.079509,1.508472,0.000000,0.000000,0.000000,1.000000,-0.075624,0.483496,-0.037177,0.000530,-0.002674,0.007623,-0.001138,-0.002393,0.000266,0,0.000000,0.000000,0.000000,0.000000,0.000000,0.000000,0.000000,0.000000,0.245037,0.244872
43.646658,-0.594000,-1.104000,1.497000,-0.817938,-1.082999,1.434309,-0.817679,-1.082880,1.434245,0.000000,0.000000,0.000000,1.000000,-0.075624,0.483496,-0.037177,0.000530,-0.002674,0.007623,-0.001138,-0.002393,0.000266,0,0.000000,0.000000,0.000000,0.000000,0.000000,0.000000,0.000000,0.000000,0.233494,0.233274
43.663277,-0.580000,-1.112000,1.497000,-0.883117,-1.051686,1.424572,-0.882849,-1.051644,1.424608,0.000000,0.000000,0.000000,1.000000,-0.075624,0.483496,-0.037177,0.000530,-0.002674,0.007623,-0.001138,-0.002393,0.000266,0,0.000000,0.000000,0.000000,0.000000,0.000000,0.000000,0.000000,0.000000,0.317433,0.317177
43.679855,-0.574000,-1.114000,1.497000,-0.843263,-1.073898,1.470341,-0.843138,-1.073813,1.470414,0.000000,0.000000,0.000000,1.000000,-0.075624,0.483496,-0.037177,0.000530,-0.002674,0.007623,-0.001138,-0.002393,0.000266,0,0.000000,0.000000,0.000000,0.000000,0.000000,0.000000,0.000000,0.000000,0.273535,0.273417
43.696528,-0.566000,-1.118000,1.498000,-0.784814,-1.082535,1.589470,-0.784816,-1.082535,1.589469,0.000000,0.000000,0.000000,1.000000,-0.075624,0.483496,-0.037177,0.000530,-0.002674,0.007623,-0.001138,-0.002393,0.000266,0,0.000000,0.000000,0.000000,0.000000,0.000000,0.000000,0.000000,0.000000,0.239800,0.239802
43.713185,-0.558000,-1.122000,1.498000,-0.812736,-1.092318,1.477871,-0.812735,-1.092318,1.477871,0.000000,0.000000,0.000000,1.000000,-0.075624,0.483496,-0.037177,0.000530,-0.002674,0.007623,-0.001138,-0.002393,0.000266,0,0.000000,0.000000,0.000000,0.000000,0.000000,0.000000,0.000000,0.000000,0.257248,0.257247
43.729713,-0.551000,-1.126000,1.498000,-0.818141,-1.065138,1.516347,-0.818047,-1.065160,1.516340,0.000000,0.000000,0.000000,1.000000,-0.075624,0.483496,-0.037177,0.000530,-0.002674,0.007623,-0.001138,-0.002393,0.000266,0,0.000000,0.000000,0.000000,0.000000,0.000000,0.000000,0.000000,0.000000,0.274600,0.274503
43.763008,-0.545000,-1.129000,1.498000,-0.787179,-1.131258,1.555297,-0.787232,-1.131001,1.555417,0.000000,0.000000,0.000000,1.000000,-0.075624,0.483496,-0.037177,0.000530,-0.002674,0.007623,-0.001138,-0.002393,0.000266,0,0.000000,0.000000,0.000000,0.000000,0.000000,0.000000,0.000000,0.000000,0.248874,0.248952
43.796239,-0.535000,-1.135000,1.498000,-0.788377,-1.068343,1.458585,-0.787775,-1.068134,1.458900,0.000000,0.000000,0.000000,1.000000,-0.075624,0.483496,-0.037177,0.000530,-0.002674,0.007623,-0.001138,-0.002393,0.000266,0,0.000000,0.000000,0.000000,0.000000,0.000000,0.000000,0.000000,0.000000,0.264946,0.264376
43.846168,-0.530000,-1.137000,1.498000,-0.788528,-1.099152,1.502928,-0.788333,-1.099042,1.502908,0.000000,0.000000,0.000000,1.000000,-0.075624,0.483496,-0.037177,0.000530,-0.002674,0.007623,-0.001138,-0.002393,0.000266,0,0.000000,0.000000,0.000000,0.000000,0.000000,0.000000,0.000000,0.000000,0.261331,0.261153
43.879356,-0.528000,-1.138000,1.498000,-0.735524,-1.153535,1.465444,-0.735388,-1.153165,1.465088,0.000000,0.000000,0.000000,1.000000,-0.075624,0.483496,-0.037177,0.000530,-0.002674,0.007623,-0.001138,-0.002393,0.000266,0,0.000000,0.000000,0.000000,0.000000,0.000000,0.000000,0.000000,0.000000,0.210636,0.210530
43.895974,-0.526000,-1.138000,1.498000,-0.717383,-1.135237,1.578096,-0.717383,-1.135238,1.578097,0.000000,0.000000,0.000000,1.000000,-0.075624,0.483496,-0.037177,0.000530,-0.002674,0.007623,-0.001138,-0.002393,0.000266,0,0.000000,0.000000,0.000000,0.000000,0.000000,0.000000,0.000000,0.000000,0.207486,0.207486
43.912657,-0.513000,-1.144000,1.498000,-0.737911,-1.128593,1.502744,-0.737605,-1.128696,1.502887,0.000000,0.000000,0.000000,1.000000,-0.075624,0.483496,-0.037177,0.000530,-0.002674,0.007623,-0.001138,-0.002393,0.000266,0,0.000000,0.000000,0.000000,0.000000,0.000000,0.000000,0.000000,0.000000,0.225488,0.225179
43.929266,-0.508000,-1.147000,1.498000,-0.730158,-1.107673,1.512383,-0.730119,-1.107664,1.512401,0.000000,0.000000,0.000000,1.000000,-0.075624,0.483496,-0.037177,0.000530,-0.002674,0.007623,-0.001138,-0.002393,0.000266,0,0.000000,0.000000,0.000000,0.000000,0.000000,0.000000,0.000000,0.000000,0.226070,0.226034
43.945859,-0.501000,-1.149000,1.498000,-0.713267,-1.183322,1.586088,-0.713417,-1.182942,1.586159,0.000000,0.000000,0.000000,1.000000,-0.075624,0.483496,-0.037177,0.000530,-0.002674,0.007623,-0.001138,-0.002393,0.000266,0,0.000000,0.000000,0.000000,0.000000,0.000000,0.000000,0.000000,0.000000,0.232368,0.232476
43.962450,-0.501000,-1.149000,1.498000,-0.692359,-1.140891,1.538724,-0.692270,-1.140721,1.538668,0.000000,0.000000,0.000000,1.000000,-0.075624,0.483496,-0.037177,0.000530,-0.002674,0.007623,-0.001138,-0.002393,0.000266,0,0.000000,0.000000,0.000000,0.000000,0.000000,0.000000,0.000000,0.000000,0.195812,0.195721
43.979121,-0.487000,-1.155000,1.498000,-0.694333,-1.150908,1.582764,-0.694366,-1.150866,1.582756,0.000000,0.000000,0.000000,1.000000,-0.075624,0.483496,-0.037177,0.000530,-0.002674,0.007623,-0.001138,-0.002393,0.000266,0,0.000000,0.000000,0.000000,0.000000,0.000000,0.000000,0.000000,0.000000,0.224028,0.224057
43.995782,-0.477000,-1.159000,1.498000,-0.738566,-1.168683,1.552172,-0.738391,-1.168309,1.552134,0.000000,0.000000,0.000000,1.000000,-0.075624,0.483496,-0.037177,0.000530,-0.002674,0.007623,-0.001138,-0.002393,0.000266,0,0.000000,0.000000,0.000000,0.000000,0.000000,0.000000,0.000000,0.000000,0.267292,0.267100
44.012415,-0.466000,-1.163000,1.497000,-0.696020,-1.174476,1.537375,-0.695895,-1.174559,1.537429,0.000000,0.000000,0.000000,1.000000,-0.075624,0.483496,-0.037177,0.000530,-0.002674,0.007623,-0.001138,-0.002393,0.000266,0,0.000000,0.000000,0.000000,0.000000,0.000000,0.000000,0.000000,0.000000,0.233819,0.233709
44.028964,-0.461000,-1.165000,1.497000,-0.647220,-1.188476,1.675154,-0.647221,-1.188476,1.675155,0.000000,0.000000,0.000000,1.000000,-0.075624,0.483496,-0.037177,0.000530,-0.002674,0.007623,-0.001138,-0.002393,0.000266,0,0.000000,0.000000,0.000000,0.000000,0.000000,0.000000,0.000000,0.000000,0.258782,0.258783
44.045696,-0.458000,-1.167000,1.498000,-0.697543,-1.129435,1.481650,-0.697545,-1.129436,1.481649,0.000000,0.000000,0.000000,1.000000,-0.075624,0.483496,-0.037177,0.000530,-0.002674,0.007623,-0.001138,-0.002393,0.000266,0,0.000000,0.000000,0.000000,0.000000,0.000000,0.000000,0.000000,0.000000,0.243021,0.243023
44.062233,-0.451000,-1.169000,1.498000,-0.664440,-1.177185,1.527717,-0.664556,-1.176893,1.527420,0.000000,0.000000,0.000000,1.000000,-0.075624,0.483496,-0.037177,0.000530,-0.002674,0.007623,-0.001138,-0.002393,0.000266,0,0.000000,0.000000,0.000000,0.000000,0.000000,0.000000,0.000000,0.000000,0.215654,0.215718
44.078908,-0.437000,-1.175000,1.498000,-0.688207,-1.158388,1.490015,-0.688209,-1.158262,1.489991,0.000000,0.000000,0.000000,1.000000,-0.075624,0.483496,-0.037177,0.000530,-0.002674,0.007623,-0.001138,-0.002393,0.000266,0,0.000000,0.000000,0.000000,0.000000,0.000000,0.000000,0.000000,0.000000,0.251882,0.251894
44.095474,-0.433000,-1.175000,1.498000,-0.686101,-1.179120,1.502205,-0.686120,-1.179097,1.502206,0.000000,0.000000,0.000000,1.000000,-0.075624,0.483496,-0.037177,0.000530,-0.002674,0.007623,-0.001138,-0.002393,0.000266,0,0.000000,0.000000,0.000000,0.000000,0.000000,0.000000,0.000000,0.000000,0.253169,0.253188
44.112083,-0.424000,-1.178000,1.498000,-0.671890,-1.132424,1.531864,-0.671863,-1.132454,1.531810,0.000000,0.000000,0.000000,1.000000,-0.075624,0.483496,-0.037177,0.000530,-0.002674,0.007623,-0.001138,-0.002393,0.000266,0,0.000000,0.000000,0.000000,0.000000,0.000000,0.000000,0.000000,0.000000,0.254310,0.254271
44.128772,-0.419000,-1.179000,1.498000,-0.653258,-1.159762,1.481356,-0.652962,-1.159821,1.481308,0.000000,0.000000,0.000000,1.000000,-0.075624,0.483496,-0.037177,0.000530,-0.002674,0.007623,-0.001138,-0.002393,0.000266,0,0.000000,0.000000,0.000000,0.000000,0.000000,0.000000,0.000000,0.000000,0.235635,0.235339
44.145412,-0.409000,-1.182000,1.498000,-0.650868,-1.210925,1.510351,-0.650595,-1.210855,1.510524,0.000000,0.000000,0.000000,1.000000,-0.075624,0.483496,-0.037177,0.000530,-0.002674,0.007623,-0.001138,-0.002393,0.000266,0,0.000000,0.000000,0.000000,0.000000,0.000000,0.000000,0.000000,0.000000,0.243905,0.243634
44.162004,-0.403000,-1.186000,1.499000,-0.603463,-1.217223,1.585076,-0.603453,-1.217365,1.584870,0.000000,0.000000,0.000000,1.000000,-0.075624,0.483496,-0.037177,0.000530,-0.002674,0.007623,-0.001138,-0.002393,0.000266,0,0.000000,0.000000,0.000000,0.000000,0.000000,0.000000,0.000000,0.000000,0.220384,0.220316
44.178589,-0.389000,-1.190000,1.500000,-0.643756,-1.156821,1.482742,-0.643755,-1.156823,1.482744,0.000000,0.000000,0.000000,1.000000,-0.075624,0.483496,-0.037177,0.000530,-0.002674,0.007623,-0.001138,-0.002393,0.000266,0,0.000000,0.000000,0.000000,0.000000,0.000000,0.000000,0.000000,0.000000,0.257486,0.257485
44.195248,-0.386000,-1.191000,1.500000,-0.569915,-1.195931,1.524778,-0.569778,-1.195517,1.524742,0.000000,0.000000,0.000000,1.000000,-0.075624,0.483496,-0.037177,0.000530,-0.002674,0.007623,-0.001138,-0.002393,0.000266,0,0.000000,0.000000,0.000000,0.000000,0.000000,0.000000,0.000000,0.000000,0.185642,0.185491
44.211928,-0.371000,-1.196000,1.501000,-0.674890,-1.188351,1.483234,-0.674887,-1.188350,1.483235,0.000000,0.000000,0.000000,1.000000,-0.075624,0.483496,-0.037177,0.000530,-0.002674,0.007623,-0.001138,-0.002393,0.000266,0,0.000000,0.000000,0.000000,0.000000,0.000000,0.000000,0.000000,0.000000,0.304505,0.304502
44.228493,-0.367000,-1.197000,1.501000,-0.634508,-1.183120,1.509010,-0.634475,-1.183337,1.508980,0.000000,0.000000,0.000000,1.000000,-0.075624,0.483496,-0.037177,0.000530,-0.002674,0.007623,-0.001138,-0.002393,0.000266,0,0.000000,0.000000,0.000000,0.000000,0.000000,0.000000,0.000000,0.000000,0.267987,0.267943
44.245075,-0.364000,-1.197000,1.501000,-0.592514,-1.200097,1.499505,-0.592341,-1.200175,1.499496,0.000000,0.000000,0.000000,1.000000,-0.075624,0.483496,-0.037177,0.000530,-0.002674,0.007623,-0.001138,-0.002393,0.000266,0,0.000000,0.000000,0.000000,0.000000,0.000000,0.000000,0.000000,0.000000,0.228540,0.228368
44.261679,-0.354000,-1.200000,1.501000,-0.592342,-1.208160,1.564705,-0.596556,-1.208767,1.536916,-0.134647,0.028107,-0.661310,0.737394,-0.085696,0.483541,-0.062664,0.000530,-0.002674,0.007623,-0.001138,-0.002393,0.000266,13,-0.269657,0.413716,9.761962,-0.311919,-0.010055,-0.032782,9.776156,0.316132,0.246843,0.245357
44.278395,-0.349000,-1.203000,1.501000,-0.615640,-1.204375,1.590690,-0.600545,-1.201381,1.550952,-0.092358,-0.011595,0.894093,-0.438103,-0.083070,0.491071,-0.039783,0.000530,-0.002674,0.007623,-0.001138,-0.002393,0.000266,3,-0.280240,0.419778,10.002511,-0.236056,0.033798,-0.043438,10.015382,0.243769,0.281324,0.256462
44.294969,-0.336000,-1.206000,1.501000,-0.629542,-1.190924,1.493743,-0.608370,-1.192532,1.535637,-0.071358,0.013777,0.864671,-0.497053,-0.097606,0.477347,-0.041345,0.000530,-0.002674,0.007623,-0.001138,-0.002393,0.000266,17,-0.222152,0.154074,9.721294,-0.006451,0.059369,0.040670,9.725586,0.091124,0.294018,0.274894
44.311582,-0.332000,-1.207000,1.501000,-0.582070,-1.220213,1.611010,-0.606538,-1.192710,1.550112,0.062257,-0.009954,-0.843403,0.533569,-0.115063,0.466686,-0.042879,0.000530,-0.002674,0.007623,-0.001138,-0.002393,0.000266,16,-0.148527,0.083762,9.716613,0.003538,0.064551,0.015792,9.718758,0.081421,0.273517,0.279262
44.344832,-0.323000,-1.210000,1.501000,-0.578230,-1.235169,1.520585,-0.610483,-1.173264,1.544456,0.017603,-0.026966,-0.738152,0.673865,-0.111930,0.438530,-0.040422,0.000531,-0.002674,0.007623,-0.001138,-0.002393,0.000266,34,-0.157949,0.078166,9.901206,0.052805,-0.038000,-0.015609,9.907589,0.085686,0.257215,0.293060
44.361497,-0.319000,-1.211000,1.501000,-0.581640,-1.220022,1.577871,-0.617512,-1.202088,1.546851,0.020723,-0.011032,-0.252778,0.967239,-0.132874,0.385901,-0.050256,0.000530,-0.002674,0.007622,-0.001138,-0.002393,0.000266,17,-0.336243,-0.380881,9.742766,0.091425,-0.047406,0.003662,9.757435,0.113272,0.273807,0.302144
44.378088,-0.312000,-1.212000,1.501000,-0.538453,-1.214305,1.572676,-0.597308,-1.185322,1.550307,0.015868,-0.006363,0.255900,0.966552,-0.074559,0.386967,-0.045078,0.000530,-0.002674,0.007623,-0.001138,-0.002393,0.000266,17,-0.278737,-0.019331,9.605386,-0.024566,0.005823,0.007061,9.612401,0.058019,0.237536,0.290764
44.394747,-0.298000,-1.217000,1.501000,-0.536831,-1.238107,1.505641,-0.590045,-1.184038,1.544246,0.044326,0.008836,-0.011641,0.998910,-0.020256,0.371276,-0.044598,0.000530,-0.002674,0.007625,-0.001138,-0.002393,0.000266,16,-0.222690,0.264400,9.762552,-0.106604,-0.012193,0.001746,9.769737,0.120595,0.239807,0.297064
44.411293,-0.289000,-1.219000,1.501000,-0.530375,-1.205648,1.511510,-0.582336,-1.183698,1.539686,0.057933,0.027426,-0.145234,0.987319,-0.052415,0.332526,-0.053754,0.000530,-0.002674,0.007626,-0.001138,-0.002393,0.000266,17,-0.292822,0.296557,9.860982,-0.084795,0.032462,0.011588,9.872573,0.111464,0.241972,0.297975
44.427963,-0.287000,-1.220000,1.501000,-0.564981,-1.221566,1.496542,-0.581354,-1.183455,1.534383,0.063119,0.032731,-0.198361,0.977547,-0.040133,0.290185,-0.055168,0.000530,-0.002674,0.007627,-0.001138,-0.002393,0.000266,17,-0.153137,0.080885,10.031581,-0.061110,0.064469,0.012584,10.035286,0.098172,0.278022,0.298486
44.444607,-0.280000,-1.222000,1.501000,-0.541454,-1.269741,1.562016,-0.577779,-1.188238,1.535204,0.069334,0.043123,-0.261417,0.961766,-0.024733,0.242919,-0.056959,0.000530,-0.002674,0.007626,-0.001138,-0.002393,0.000266,17,-0.241641,0.234459,9.969665,-0.081558,0.050925,-0.006137,9.976060,0.107152,0.272691,0.301632
44.461177,-0.278000,-1.221000,1.501000,-0.521365,-1.251316,1.508048,-0.572774,-1.191473,1.531338,0.073306,0.053287,-0.323170,0.941991,-0.001265,0.195386,-0.062836,0.000530,-0.002674,0.007628,-0.001138,-0.002393,0.000266,16,-0.197982,0.257595,9.874168,-0.028124,0.050078,-0.004644,9.881210,0.082401,0.245347,0.297799
44.477804,-0.270000,-1.223000,1.501000,-0.566052,-1.235850,1.538781,-0.572557,-1.193201,1.530397,0.076098,0.056566,-0.358347,0.928761,0.005272,0.148894,-0.067308,0.000530,-0.002674,0.007627,-0.001138,-0.002393,0.000266,17,-0.034421,-0.173963,9.850978,-0.038055,-0.012982,0.010241,9.854600,0.050909,0.298730,0.305439
44.494443,-0.257000,-1.227000,1.500000,-0.509849,-1.218543,1.570275,-0.567894,-1.194216,1.531774,0.076275,0.063362,-0.411815,0.905856,0.019507,0.113376,-0.073092,0.000530,-0.002674,0.007625,-0.001138,-0.002393,0.000266,17,-0.337413,0.297615,9.653231,-0.033918,0.020362,-0.028579,9.669223,0.078535,0.262570,0.314228
44.511127,-0.255000,-1.227000,1.500000,-0.544661,-1.230993,1.496978,-0.566524,-1.196535,1.527752,0.072874,0.072570,-0.527410,0.843364,0.031567,0.069391,-0.082791,0.000530,-0.002674,0.007627,-0.001138,-0.002393,0.000266,17,-0.236895,0.311315,9.632125,-0.043789,-0.060190,-0.004976,9.640438,0.078808,0.289704,0.314238
44.527677,-0.244000,-1.230000,1.500000,-0.533073,-1.220514,1.497550,-0.565440,-1.198892,1.524099,0.061748,0.085105,-0.708036,0.698305,0.036100,0.025701,-0.092015,0.000530,-0.002674,0.007629,-0.001138,-0.002393,0.000266,16,-0.143331,0.350112,9.654319,0.062428,-0.011923,-0.007677,9.662084,0.074534,0.289239,0.323839
44.544265,-0.234000,-1.231000,1.500000,-0.520945,-1.244394,1.511946,-0.563723,-1.204282,1.521245,0.058278,0.094224,-0.775475,0.621582,0.043209,-0.003711,-0.097105,0.000530,-0.002674,0.007630,-0.001138,-0.002393,0.000266,17,-0.226111,-0.109169,9.739392,0.093782,0.006464,0.010982,9.745035,0.098210,0.287506,0.331485
44.560992,-0.233000,-1.232000,1.499000,-0.513687,-1.192985,1.563665,-0.554368,-1.202103,1.522069,0.065402,0.087946,-0.636874,0.763138,0.080060,-0.030288,-0.099961,0.000531,-0.002674,0.007626,-0.001138,-0.002393,0.000266,17,-0.066553,-0.111919,9.755904,0.002666,0.059368,0.004166,9.758415,0.072182,0.290670,0.323579
44.577583,-0.223000,-1.235000,1.499000,-0.516921,-1.253069,1.461468,-0.550926,-1.207179,1.516374,0.066698,0.090815,-0.652219,0.749609,0.102090,-0.092272,-0.111289,0.000530,-0.002674,0.007632,-0.001138,-0.002393,0.000266,17,-0.350570,0.121497,9.826133,-0.011006,0.076506,0.001240,9.834983,0.083438,0.296858,0.329562
44.594193,-0.220000,-1.236000,1.499000,-0.491862,-1.260090,1.579893,-0.545975,-1.213698,1.517265,0.066158,0.095956,-0.682138,0.721874,0.117584,-0.147355,-0.117302,0.000531,-0.002674,0.007625,-0.001138,-0.002393,0.000266,17,-0.025453,0.462790,9.795404,0.047062,0.128724,0.020183,9.807055,0.141852,0.284663,0.327247
44.610785,-0.208000,-1.238000,1.499000,-0.473337,-1.225450,1.540203,-0.541325,-1.219313,1.515936,0.055881,0.103491,-0.781201,0.613100,0.120931,-0.189539,-0.122879,0.000531,-0.002674,0.007622,-0.001138,-0.002393,0.000266,16,-0.041707,0.152332,9.784396,0.115363,0.060547,0.033170,9.788487,0.143121,0.268810,0.334278
44.627492,-0.198000,-1.240000,1.499000,-0.486376,-1.237815,1.557147,-0.534805,-1.223788,1.515746,0.054992,0.105490,-0.775318,0.620266,0.138150,-0.207284,-0.122747,0.000531,-0.002674,0.007617,-0.001138,-0.002393,0.000266,17,-0.107702,-0.260545,9.796814,-0.063892,0.071294,0.039241,9.801877,0.126948,0.294188,0.337610
44.644111,-0.193000,-1.241000,1.499000,-0.455599,-1.273738,1.504291,-0.527928,-1.231430,1.512334,0.052285,0.109303,-0.787942,0.603711,0.181016,-0.260157,-0.132068,0.000531,-0.002674,0.007618,-0.001138,-0.002393,0.000266,17,-0.136806,-0.101210,9.854998,-0.150132,0.004973,-0.056740,9.858049,0.162385,0.264685,0.335330
44.660681,-0.183000,-1.243000,1.499000,-0.472270,-1.211759,1.450337,-0.520695,-1.235523,1.506969,0.047245,0.111725,-0.799042,0.588911,0.196630,-0.297140,-0.137964,0.000530,-0.002674,0.007628,-0.001138,-0.002393,0.000266,17,-0.184592,0.241167,9.941493,-0.077557,-0.025966,-0.025950,9.947773,0.117391,0.294993,0.337871
44.677339,-0.179000,-1.244000,1.499000,-0.438206,-1.229565,1.553813,-0.511709,-1.240484,1.506536,0.035624,0.113383,-0.849892,0.513379,0.230535,-0.332159,-0.139162,0.000530,-0.002674,0.007621,-0.001138,-0.002393,0.000266,16,-0.096060,0.558799,9.984709,0.089059,-0.031759,-0.000136,10.002528,0.101547,0.265331,0.332813
44.693895,-0.174000,-1.246000,1.499000,-0.463403,-1.233372,1.494835,-0.504502,-1.245527,1.503468,-0.019292,-0.112678,0.911312,-0.395528,0.255762,-0.377886,-0.146073,0.000531,-0.002674,0.007623,-0.001138,-0.002393,0.000266,17,-0.207758,0.212971,9.870400,0.112756,-0.052294,-0.017184,9.875803,0.129085,0.289709,0.330532
44.710552,-0.164000,-1.248000,1.499000,-0.483632,-1.311887,1.543703,-0.498462,-1.254461,1.502619,-0.025993,-0.112068,0.886542,-0.448116,0.275125,-0.429872,-0.149320,0.000531,-0.002674,0.007614,-0.001138,-0.002393,0.000266,17,-0.194064,0.300458,9.969518,0.176640,-0.033849,-0.018639,9.977393,0.196377,0.329005,0.334544
44.743804,-0.149000,-1.250000,1.499000,-0.445879,-1.327344,1.600251,-0.485706,-1.273158,1.501732,0.034727,0.110387,-0.856402,0.503175,0.306010,-0.515945,-0.153791,0.000531,-0.002674,0.007591,-0.001138,-0.002393,0.000266,33,0.032297,0.087371,9.901517,0.226981,-0.000818,0.014571,9.906529,0.235981,0.323065,0.337513
44.760399,-0.143000,-1.251000,1.499000,-0.404648,-1.294441,1.605629,-0.474851,-1.282267,1.503619,0.037718,0.110599,-0.832903,0.540942,0.336253,-0.547101,-0.154828,0.000531,-0.002674,0.007569,-0.001138,-0.002393,0.000266,17,-0.248962,-0.130663,9.743079,0.043324,-0.085351,0.022743,9.747994,0.112501,0.285861,0.333353
44.777030,-0.141000,-1.252000,1.499000,-0.459774,-1.267894,1.517558,-0.468157,-1.289525,1.502076,0.038607,0.110055,-0.823020,0.555910,0.351244,-0.575070,-0.156729,0.000531,-0.002674,0.007566,-0.001139,-0.002393,0.000266,17,-0.076492,0.112773,9.837469,-0.039145,-0.035301,0.026543,9.841767,0.083526,0.319709,0.329317
44.793679,-0.132000,-1.253000,1.499000,-0.420335,-1.281942,1.551756,-0.459798,-1.298453,1.501641,0.031143,0.110932,-0.851200,0.512038,0.372714,-0.611772,-0.157762,0.000532,-0.002674,0.007555,-0.001138,-0.002393,0.000266,17,-0.007964,0.388125,9.937555,-0.044106,-0.037239,0.025525,9.946301,0.080471,0.294547,0.330945
44.810320,-0.122000,-1.254000,1.499000,-0.394736,-1.272212,1.537448,-0.448372,-1.304929,1.500883,0.032630,0.111170,-0.828662,0.547628,0.403676,-0.630967,-0.159165,0.000532,-0.002674,0.007547,-0.001138,-0.002393,0.000266,17,-0.214496,-0.060811,9.763956,-0.176496,-0.086774,0.014989,9.770896,0.200897,0.276035,0.330327
44.826921,-0.118000,-1.255000,1.499000,-0.384863,-1.278206,1.578700,-0.438433,-1.313990,1.501455,-0.014370,-0.113128,0.892675,-0.436035,0.425852,-0.651644,-0.159205,0.000534,-0.002675,0.007531,-0.001138,-0.002393,0.000266,16,-0.465672,-0.005815,9.758010,-0.235051,-0.068910,-0.008533,9.773499,0.249173,0.279476,0.325827
44.843550,-0.113000,-1.256000,1.499000,-0.466966,-1.334849,1.537497,-0.434055,-1.322825,1.500985,-0.019066,-0.112818,0.874307,-0.471694,0.437038,-0.681636,-0.161413,0.000533,-0.002674,0.007520,-0.001138,-0.002393,0.000266,17,-0.089009,0.497351,9.696840,-0.171896,-0.041128,-0.000591,9.710552,0.182343,0.364680,0.327942
44.860263,-0.111000,-1.256000,1.498000,-0.426045,-1.285101,1.460278,-0.426413,-1.332016,1.496844,-0.007559,-0.111648,0.914683,-0.388371,0.461409,-0.708463,-0.171180,0.000534,-0.002675,0.007533,-0.001138,-0.002393,0.000266,17,-0.460524,0.485244,9.612517,0.049283,0.011717,-0.000928,9.638500,0.080408,0.318627,0.324446
44.876877,-0.111000,-1.256000,1.498000,-0.401748,-1.292633,1.486267,-0.416949,-1.339610,1.494157,-0.007017,-0.109817,0.916384,-0.384878,0.478768,-0.720256,-0.172501,0.000533,-0.002674,0.007536,-0.001138,-0.002393,0.000266,17,-0.292432,-0.249026,9.754300,0.107948,0.046343,-0.011757,9.764496,0.121617,0.293281,0.317191
44.893420,-0.098000,-1.257000,1.498000,-0.377966,-1.277517,1.568753,-0.406958,-1.345215,1.495465,-0.011361,-0.109316,0.899117,-0.423685,0.494559,-0.730143,-0.172332,0.000534,-0.002674,0.007518,-0.001138,-0.002392,0.000266,16,0.055522,-0.133541,9.586444,-0.030914,0.092040,0.039972,9.589243,0.126113,0.289496,0.321315
44.910027,-0.092000,-1.257000,1.498000,-0.367897,-1.305242,1.582933,-0.395151,-1.354564,1.495889,0.013007,-0.106165,0.964370,-0.241974,0.525495,-0.752075,-0.177721,0.000537,-0.002676,0.007497,-0.001138,-0.002392,0.000266,17,-0.091064,0.182223,9.494507,-0.112508,0.081047,-0.010108,9.498871,0.153957,0.292677,0.318470
44.926669,-0.081000,-1.257000,1.498000,-0.398410,-1.271364,1.520268,-0.388711,-1.357959,1.495498,0.006901,-0.104762,0.951485,-0.289228,0.530804,-0.752819,-0.174150,0.000536,-0.002673,0.007492,-0.001139,-0.002392,0.000266,17,-0.176631,0.059520,9.739178,-0.047765,-0.016793,-0.035781,9.741350,0.079477,0.318515,0.323860
44.943320,-0.059000,-1.257000,1.498000,-0.380487,-1.301137,1.508786,-0.376836,-1.367286,1.493019,0.036664,-0.093516,0.993883,-0.045913,0.566749,-0.771210,-0.177551,0.000539,-0.002674,0.007491,-0.001138,-0.002391,0.000266,17,-0.252562,0.071461,9.828732,0.079325,-0.018683,0.032595,9.833205,0.091807,0.324682,0.336464
44.959972,-0.050000,-1.256000,1.497000,-0.315313,-1.289838,1.522851,-0.364951,-1.373743,1.491736,0.039569,-0.089575,0.994947,-0.022145,0.585156,-0.780340,-0.175325,0.000538,-0.002672,0.007484,-0.001139,-0.002391,0.000266,17,-0.070965,-0.007253,9.835683,0.050768,-0.059409,0.014342,9.838148,0.095020,0.268708,0.336282
44.976514,-0.045000,-1.256000,1.498000,-0.336170,-1.322041,1.508976,-0.353632,-1.382198,1.490213,0.039983,-0.088697,0.994850,-0.028411,0.604567,-0.798013,-0.176265,0.000538,-0.002671,0.007480,-0.001140,-0.002391,0.000266,16,-0.013983,0.219704,9.818169,0.018330,-0.074096,-0.022651,9.821617,0.102889,0.298767,0.333527
44.993119,-0.038000,-1.255000,1.498000,-0.370545,-1.293501,1.530046,-0.340823,-1.388911,1.488946,0.068117,-0.068415,0.967943,0.231875,0.627779,-0.813142,-0.175742,0.000540,-0.002669,0.007472,-0.001140,-0.002390,0.000266,17,-0.215094,0.378213,9.905267,0.160384,-0.073283,0.003060,9.916706,0.193519,0.336297,0.331234
45.009786,-0.038000,-1.255000,1.498000,-0.346634,-1.294940,1.445892,-0.331063,-1.403939,1.483886,0.104523,-0.022972,0.755119,0.646795,0.643944,-0.893836,-0.189953,0.000547,-0.002659,0.007485,-0.001144,-0.002388,0.000266,17,-0.265198,-0.068154,9.928750,0.181771,-0.047394,0.008706,9.936330,0.202577,0.315540,0.329041
45.026420,-0.038000,-1.255000,1.498000,-0.317646,-1.319982,1.616099,-0.324649,-1.395677,1.492276,0.090223,-0.032315,0.825008,0.556935,0.675718,-0.840781,-0.179286,0.000533,-0.002671,0.007465,-0.001140,-0.002393,0.000267,17,-0.307279,-0.273965,9.734482,0.001719,0.028343,0.039847,9.744063,0.092569,0.310438,0.319359
45.043052,-0.038000,-1.255000,1.498000,-0.331326,-1.284369,1.530971,-0.317834,-1.398456,1.492538,0.095704,-0.016303,0.712333,0.695095,0.632370,-0.824160,-0.166690,0.000531,-0.002676,0.007452,-0.001138,-0.002394,0.000266,16,-0.015409,0.091675,9.747096,-0.210154,-0.006778,0.021544,9.751034,0.216438,0.296631,0.314510
45.059610,-0.007000,-1.252000,1.498000,-0.345336,-1.304622,1.539874,-0.310278,-1.404117,1.492550,0.098865,0.006467,0.519877,0.848476,0.648053,-0.797117,-0.159761,0.000529,-0.002683,0.007437,-0.001136,-0.002395,0.000266,17,0.241440,0.749686,9.703822,-0.232684,-0.030303,-0.018079,9.737386,0.239908,0.344955,0.339333
45.092941,0.010000,-1.250000,1.498000,-0.326423,-1.301666,1.595367,-0.296014,-1.421434,1.493500,0.093615,-0.005051,0.608581,0.787934,0.656820,-0.823936,-0.149893,0.000527,-0.002689,0.007399,-0.001134,-0.002396,0.000266,34,-0.089964,0.451113,9.928935,-0.042949,-0.025560,-0.022508,9.943869,0.117324,0.354020,0.350791
45.109504,0.014000,-1.249000,1.498000,-0.312433,-1.288932,1.583828,-0.287160,-1.423504,1.495724,0.093385,0.007508,0.497217,0.862553,0.677457,-0.819015,-0.149508,0.000530,-0.002699,0.007368,-0.001130,-0.002395,0.000266,17,-0.140698,-0.118332,9.530536,-0.005297,-0.055975,0.001557,9.533275,0.086821,0.339881,0.348072
45.128221,0.028000,-1.247000,1.498000,-0.278750,-1.310646,1.518413,-0.281350,-1.432289,1.494902,0.091018,-0.002545,0.575030,0.813049,0.674780,-0.830584,-0.145886,0.000537,-0.002709,0.007361,-0.001126,-0.002393,0.000265,18,-0.184294,0.364910,9.896229,0.087085,-0.031805,-0.028087,9.906917,0.114117,0.313947,0.360609
45.157378,0.038000,-1.246000,1.498000,-0.250440,-1.337271,1.516525,-0.260753,-1.445603,1.493085,0.090943,0.032468,0.219864,0.970739,0.709862,-0.882879,-0.149642,0.000556,-0.002707,0.007350,-0.001126,-0.002385,0.000265,30,-0.241419,0.261622,9.884506,0.139206,0.011327,0.005983,9.897037,0.145953,0.303103,0.359331
45.196835,0.057000,-1.244000,1.498000,-0.218313,-1.324950,1.594714,-0.226159,-1.464246,1.493036,0.087350,0.041956,0.137821,0.985705,0.789247,-0.871718,-0.142778,0.000554,-0.002722,0.007304,-0.001120,-0.002386,0.000266,40,-0.050869,-0.056325,9.851739,0.051079,0.037849,-0.008823,9.853584,0.083524,0.302826,0.358764
45.221729,0.057000,-1.244000,1.498000,-0.287289,-1.373272,1.530819,-0.211294,-1.474328,1.492677,0.083718,0.045730,0.098682,0.990536,0.767683,-0.851632,-0.131769,0.000553,-0.002731,0.007288,-0.001116,-0.002387,0.000266,25,-0.184748,0.289603,9.845553,-0.015598,0.069300,0.002259,9.855949,0.083505,0.369220,0.353639
45.269551,0.082000,-1.241000,1.498000,-0.214690,-1.336479,1.550208,-0.177422,-1.497349,1.491342,0.076538,0.052961,-0.017577,0.995504,0.798171,-0.869694,-0.127287,0.000566,-0.002749,0.007255,-0.001109,-0.002381,0.000267,48,-0.094759,0.272023,9.830590,0.008040,0.003404,-0.010931,9.838940,0.086425,0.316017,0.364773
45.288263,0.090000,-1.240000,1.498000,-0.188240,-1.340812,1.597940,-0.165586,-1.495868,1.496403,0.073860,0.052340,-0.006422,0.995873,0.807455,-0.846961,-0.116513,0.000571,-0.002768,0.007193,-0.001101,-0.002380,0.000267,19,-0.066429,0.146115,9.832057,-0.015109,0.065139,-0.021127,9.836190,0.093555,0.312360,0.361656
45.315205,0.100000,-1.240000,1.497000,-0.175691,-1.338361,1.563753,-0.147582,-1.500530,1.499014,0.070857,0.052000,0.006246,0.996111,0.812562,-0.839295,-0.108021,0.000575,-0.002788,0.007152,-0.001093,-0.002378,0.000267,27,-0.247778,-0.019150,9.854657,-0.038590,0.067023,0.005888,9.861482,0.090719,0.300227,0.359412
45.335991,0.100000,-1.240000,1.497000,-0.241168,-1.327666,1.548183,-0.124083,-1.505486,1.498145,0.028751,0.074208,-0.626191,0.775598,0.784967,-0.844686,-0.102533,0.000560,-0.002821,0.007123,-0.001080,-0.002385,0.000268,21,0.025670,0.035616,9.865590,-0.170946,0.011232,0.018184,9.866755,0.205730,0.355950,0.347415
45.352666,0.111000,-1.238000,1.497000,-0.195548,-1.337269,1.594585,-0.127424,-1.489945,1.504376,0.064914,0.041252,0.170991,0.982266,0.804157,-0.780709,-0.091837,0.000470,-0.002823,0.007070,-0.001084,-0.002421,0.000273,12,0.000626,-0.127062,9.823540,-0.316695,-0.106439,0.032028,9.826103,0.337653,0.336673,0.346953
45.375551,0.125000,-1.235000,1.497000,-0.233546,-1.356661,1.671704,-0.131406,-1.495289,1.512184,0.064967,0.012124,0.520455,0.851328,0.775501,-0.804948,-0.079133,0.000403,-0.002749,0.006968,-0.001115,-0.002451,0.000271,19,-0.066564,0.589220,9.994664,-0.193210,-0.181701,-0.010822,10.014519,0.269844,0.416987,0.365684
45.404640,0.132000,-1.236000,1.497000,-0.194149,-1.341443,1.657139,-0.118744,-1.501533,1.518214,0.062918,0.014730,0.461732,0.884663,0.704849,-0.800266,-0.062490,0.000377,-0.002715,0.006875,-0.001130,-0.002465,0.000270,29,-0.264201,0.247646,9.865429,-0.032474,-0.166913,0.011066,9.876064,0.180692,0.378333,0.365828
45.429494,0.134000,-1.236000,1.498000,-0.177269,-1.342466,1.557510,-0.109433,-1.504833,1.520138,0.058728,0.021698,0.343320,0.937129,0.697491,-0.715068,-0.050567,0.000385,-0.002775,0.006846,-0.001103,-0.002462,0.000270,22,-0.284892,-0.140222,9.775451,-0.123346,-0.018091,0.010505,9.783494,0.131659,0.334312,0.363347
45.454472,0.152000,-1.234000,1.498000,-0.182138,-1.353450,1.622711,-0.098514,-1.506513,1.525076,0.051409,0.030854,0.180177,0.981805,0.772177,-0.680729,-0.048019,0.000410,-0.002852,0.006770,-0.001069,-0.002452,0.000269,11,-0.241646,0.164663,9.676703,-0.163093,-0.003860,0.007178,9.684225,0.166887,0.376124,0.371152
45.481499,0.164000,-1.233000,1.498000,-0.162392,-1.347297,1.566709,-0.082360,-1.507918,1.526970,0.042057,0.041744,-0.019727,0.998048,0.795203,-0.737360,-0.051685,0.000453,-0.002914,0.006737,-0.001039,-0.002432,0.000270,22,-0.262911,-0.127547,9.810685,-0.129894,0.042957,0.006908,9.817098,0.144225,0.352585,0.370286
45.516790,0.175000,-1.231000,1.498000,-0.159607,-1.335652,1.532665,-0.075404,-1.502949,1.527884,0.037335,0.042287,-0.058816,0.996674,0.743348,-0.704875,-0.046434,0.000553,-0.002964,0.006728,-0.001015,-0.002384,0.000269,4,-0.002562,0.061084,9.643466,-0.138805,-0.037753,-0.044231,9.643823,0.152660,0.352300,0.370879
45.543841,0.186000,-1.230000,1.498000,-0.134693,-1.328291,1.516428,-0.069747,-1.496351,1.527798,0.031841,0.045508,-0.184245,0.981310,0.755902,-0.636686,-0.043616,0.000672,-0.002961,0.006731,-0.001016,-0.002329,0.000267,9,-0.352465,0.480383,9.679600,0.125830,-0.095711,0.004881,9.698094,0.160929,0.335924,0.370456
45.570858,0.186000,-1.230000,1.498000,-0.123635,-1.384779,1.520577,-0.053275,-1.501592,1.527032,0.026362,0.048868,-0.301496,0.951849,0.798829,-0.631439,-0.043056,0.000721,-0.002955,0.006733,-0.001020,-0.002305,0.000267,11,0.137016,0.199453,9.950331,0.004470,0.011239,-0.026704,9.954798,0.065817,0.346901,0.363122
45.591624,0.186000,-1.230000,1.498000,-0.156685,-1.348413,1.566505,-0.035135,-1.510255,1.527802,0.014831,-0.051325,0.924269,-0.377984,0.798055,-0.691461,-0.042368,0.000676,-0.002978,0.006709,-0.001012,-0.002329,0.000266,6,-0.198095,-0.242640,9.964682,-0.050815,0.017185,0.027822,9.969745,0.077477,0.368982,0.358234
45.616533,0.186000,-1.230000,1.498000,-0.088179,-1.344704,1.553497,-0.023965,-1.503130,1.529652,0.005329,0.054138,-0.648766,0.759041,0.777431,-0.624394,-0.028133,0.000899,-0.002788,0.006667,-0.001100,-0.002225,0.000266,8,-0.139574,-0.366931,10.013782,-0.113051,0.016923,0.007486,10.022083,0.131939,0.302343,0.345958
45.647726,0.230000,-1.224000,1.498000,-0.078898,-1.347177,1.536901,-0.012815,-1.498521,1.530371,0.020133,0.043565,-0.234826,0.970852,0.779316,-0.605730,-0.024975,0.000571,-0.003102,0.006673,-0.000953,-0.002385,0.000275,10,-0.353593,0.131403,9.932872,-0.099320,-0.009751,-0.024975,9.946324,0.111989,0.334819,0.367925
45.685097,0.244000,-1.222000,1.497000,-0.119151,-1.319923,1.506680,-0.007137,-1.496690,1.529656,0.022051,0.040839,-0.202019,0.978281,0.753156,-0.604001,-0.028609,0.000530,-0.003124,0.006687,-0.000943,-0.002404,0.000276,13,0.047603,-0.129255,9.692497,0.175626,0.022735,0.002745,9.696812,0.178996,0.376246,0.373619
45.724610,0.260000,-1.219000,1.498000,-0.086133,-1.335463,1.403942,0.016256,-1.504826,1.523728,0.018729,0.044764,-0.406011,0.912579,0.744049,-0.547258,-0.027598,0.000662,-0.003132,0.006783,-0.000937,-0.002337,0.000271,36,-0.289138,0.292641,9.857426,0.230194,0.092446,0.007061,9.870001,0.253981,0.377119,0.376522
45.762013,0.274000,-1.216000,1.498000,-0.013607,-1.354556,1.506388,0.038461,-1.508565,1.522778,0.024126,0.044309,-0.265235,0.962863,0.789917,-0.525421,-0.021230,0.000640,-0.003174,0.006790,-0.000918,-0.002350,0.000274,38,-0.129367,0.096390,10.025123,0.041351,0.169553,0.008666,10.030232,0.203278,0.319352,0.376413
45.799436,0.283000,-1.215000,1.499000,-0.077031,-1.352784,1.503215,0.058258,-1.511007,1.522069,0.023946,0.044046,-0.296402,0.953747,0.806989,-0.559993,-0.017201,0.000634,-0.003223,0.006798,-0.000896,-0.002353,0.000275,38,-0.114580,0.166793,10.014071,0.097104,0.055729,-0.010696,10.017417,0.149160,0.385519,0.372373
45.832644,0.283000,-1.215000,1.499000,-0.013028,-1.359516,1.696566,0.079001,-1.511675,1.531015,0.022225,0.044344,-0.398123,0.915990,0.764019,-0.542564,-0.000943,0.000753,-0.003246,0.006601,-0.000886,-0.002295,0.000273,33,-0.191279,0.204275,9.909259,0.135619,0.074993,-0.008506,9.915613,0.169465,0.384122,0.361464
45.861851,0.306000,-1.210000,1.500000,-0.014260,-1.346626,1.569579,0.091237,-1.509376,1.533984,0.023395,0.042301,-0.456251,0.888537,0.766604,-0.474213,0.001180,0.000907,-0.003238,0.006539,-0.000890,-0.002220,0.000271,30,-0.060437,0.246145,9.675411,0.241716,0.087646,0.010497,9.680382,0.264778,0.355070,0.370006
45.897090,0.323000,-1.205000,1.500000,0.056528,-1.355576,1.621688,0.093398,-1.496875,1.538948,0.027503,0.041350,-0.286457,0.956805,0.781477,-0.447810,0.004528,0.000762,-0.003329,0.006442,-0.000851,-0.002296,0.000273,7,-0.026686,0.195570,9.778071,0.095964,0.108219,0.040469,9.780745,0.152841,0.329376,0.373397
45.936656,0.332000,-1.203000,1.500000,0.010854,-1.336774,1.504900,0.094821,-1.488960,1.538142,0.027321,0.040184,-0.284005,0.957591,0.777516,-0.448406,0.004121,0.000744,-0.003372,0.006461,-0.000831,-0.002305,0.000271,9,-0.303884,-0.005528,9.887985,0.088127,0.012814,0.015297,9.893278,0.095483,0.347928,0.373472
45.969818,0.344000,-1.200000,1.500000,0.021722,-1.346161,1.519214,0.093513,-1.481295,1.537965,0.026426,0.039036,-0.296958,0.953726,0.748029,-0.435899,0.006219,0.000769,-0.003390,0.006466,-0.000822,-0.002292,0.000270,9,-0.214893,-0.351056,9.912495,0.011088,-0.017756,0.001223,9.921757,0.058881,0.354394,0.378565
46.009232,0.363000,-1.194000,1.500000,0.058618,-1.327456,1.652861,0.100779,-1.475205,1.543656,0.023885,0.038337,-0.331723,0.942295,0.738845,-0.393313,0.015016,0.000805,-0.003402,0.006345,-0.000817,-0.002274,0.000268,10,-0.140647,0.190576,9.917804,-0.153474,-0.010333,-0.014388,9.922439,0.158916,0.365821,0.386965
46.061243,0.382000,-1.189000,1.500000,0.061277,-1.354940,1.510111,0.134021,-1.483223,1.543173,0.019408,0.033220,-0.372553,0.927213,0.774165,-0.391337,0.004841,0.000896,-0.003411,0.006367,-0.000814,-0.002228,0.000266,20,-0.048504,0.134442,9.752350,-0.013996,-0.175753,-0.025570,9.754204,0.196791,0.361250,0.387202
46.109019,0.394000,-1.184000,1.500000,0.061234,-1.342044,1.591921,0.163236,-1.487560,1.546420,0.016480,0.029706,-0.376880,0.925639,0.782660,-0.402799,0.009075,0.000959,-0.003439,0.006291,-0.000803,-0.002197,0.000264,9,-0.413420,-0.053862,9.747209,0.020355,-0.063118,-0.006680,9.757150,0.092767,0.379685,0.384129
46.156842,0.394000,-1.184000,1.500000,0.131517,-1.348219,1.614670,0.195857,-1.490696,1.550910,0.015975,0.030682,-0.406483,0.913003,0.776378,-0.396093,0.021243,0.001017,-0.003485,0.006185,-0.000784,-0.002168,0.000262,15,-0.295024,0.098857,9.851261,0.065592,0.088223,-0.015457,9.863989,0.136735,0.330173,0.368666
46.196329,0.421000,-1.174000,1.500000,0.126676,-1.308508,1.431525,0.191618,-1.476367,1.545739,0.014559,0.029539,-0.434795,0.899927,0.760303,-0.345269,0.018460,0.001101,-0.003498,0.006305,-0.000779,-0.002124,0.000259,4,-0.191577,0.087663,9.924805,0.041351,0.067309,0.007981,9.927124,0.083092,0.330768,0.382274
46.242021,0.438000,-1.167000,1.500000,0.119470,-1.352639,1.551241,0.218782,-1.477120,1.547375,0.011409,0.025905,-0.468611,0.882951,0.797733,-0.328571,0.023736,0.001207,-0.003516,0.006281,-0.000774,-0.002072,0.000258,10,0.003334,0.306666,9.925562,-0.075155,-0.073581,-0.022156,9.931966,0.165505,0.372221,0.382721
46.285651,0.454000,-1.161000,1.499000,0.132939,-1.317810,1.537803,0.243832,-1.474589,1.548363,0.008143,0.025417,-0.479455,0.877161,0.795008,-0.325913,0.018997,0.001305,-0.003543,0.006267,-0.000765,-0.002023,0.000254,10,-0.280378,0.240454,9.733834,-0.006934,-0.061583,-0.012764,9.741925,0.105843,0.359410,0.380717
46.333437,0.473000,-1.154000,1.499000,0.139731,-1.307799,1.573035,0.267479,-1.470215,1.551184,0.007055,0.028783,-0.463624,0.885536,0.767687,-0.303521,0.025753,0.001360,-0.003618,0.006202,-0.000732,-0.001999,0.000251,7,-0.343591,0.175391,9.824405,-0.121061,0.126667,0.002805,9.832777,0.180626,0.374438,0.380728
46.372910,0.473000,-1.154000,1.499000,0.119229,-1.368093,1.557593,0.118446,-1.368120,1.557206,0.000000,0.000000,-0.000000,1.000000,0.767687,-0.303521,0.025753,0.001395,-0.003607,0.006200,-0.000737,-0.001982,0.000249,0,0.000000,0.000000,0.000000,0.000000,0.000000,0.000000,0.000000,0.000000,0.417640,0.418263
46.412395,0.501000,-1.143000,1.499000,0.169365,-1.347588,1.529481,0.141086,-1.366734,1.541919,0.015723,-0.040472,0.794349,0.605909,0.774791,-0.305528,0.022436,0.001371,-0.003623,0.006197,-0.000728,-0.001996,0.000248,12,-0.138721,0.388535,9.728545,0.041217,0.007468,-0.036947,9.738781,0.063822,0.390854,0.425954
46.453950,0.513000,-1.138000,1.500000,0.239062,-1.316949,1.502255,0.162331,-1.372747,1.532745,0.019820,-0.040856,0.440418,0.896644,0.779473,-0.345031,0.022361,0.001315,-0.003665,0.006198,-0.000704,-0.002028,0.000248,3,-0.239592,-0.040000,9.673419,0.025729,0.026006,-0.008482,9.678242,0.063053,0.327215,0.423258
46.497581,0.530000,-1.132000,1.500000,0.191398,-1.331782,1.530976,0.202535,-1.394115,1.529295,0.018231,-0.083036,0.776896,0.623863,0.724292,-0.367069,0.022040,0.001254,-0.003710,0.006199,-0.000679,-0.002064,0.000248,15,-0.153623,0.037138,9.880239,0.000259,0.017043,0.022509,9.883809,0.057895,0.394365,0.420471
46.541214,0.530000,-1.132000,1.500000,0.282911,-1.325791,1.652407,0.228730,-1.401576,1.554169,-0.013660,-0.068929,0.653790,0.753406,0.627307,-0.446717,0.029834,0.001189,-0.003740,0.006191,-0.000660,-0.002102,0.000249,6,-0.237095,0.000848,10.046792,-0.189946,-0.097307,-0.013452,10.051610,0.214924,0.349050,0.407884
46.578652,0.530000,-1.132000,1.500000,0.314212,-1.348587,1.566917,0.248163,-1.390953,1.558030,-0.038525,-0.043194,0.779734,0.623431,0.558059,-0.421797,0.028629,0.001124,-0.003767,0.006194,-0.000645,-0.002142,0.000251,9,-0.402163,0.137218,10.000485,-0.203091,-0.109581,-0.026205,10.010212,0.232930,0.312974,0.387113
46.620249,0.568000,-1.113000,1.499000,0.284040,-1.291794,1.536209,0.288519,-1.371617,1.556583,-0.034614,-0.035625,0.790030,0.611053,0.507722,-0.398636,0.023533,0.001097,-0.003778,0.006195,-0.000639,-0.002158,0.000250,39,-0.241835,-0.045805,9.683147,0.124673,0.019823,-0.004874,9.691112,0.140478,0.337616,0.385108
46.661801,0.584000,-1.105000,1.499000,0.289863,-1.289077,1.591978,0.309329,-1.366416,1.561591,-0.040237,-0.035641,0.745504,0.664331,0.491397,-0.349186,0.015123,0.001072,-0.003787,0.006188,-0.000634,-0.002173,0.000250,6,-0.136559,-0.054687,9.587644,0.079513,0.042856,0.035890,9.590271,0.115937,0.359229,0.384317
46.705419,0.599000,-1.096000,1.499000,0.301270,-1.342264,1.561924,0.325230,-1.373424,1.561061,-0.034327,-0.042851,0.584688,0.809398,0.434400,-0.331085,0.007438,0.001055,-0.003792,0.006185,-0.000631,-0.002185,0.000250,13,-0.167718,-0.056986,9.550280,0.073131,-0.024075,0.025951,9.552961,0.091911,0.391469,0.394672
46.755243,0.599000,-1.096000,1.499000,0.312362,-1.315229,1.600455,0.334999,-1.381705,1.565707,-0.043780,-0.050905,0.605868,0.792727,0.372999,-0.281865,0.003075,0.001041,-0.003794,0.006173,-0.000629,-0.002194,0.000250,15,-0.048929,0.061096,9.800842,-0.096247,-0.056331,-0.000248,9.808152,0.189891,0.374855,0.394682
46.800942,0.635000,-1.071000,1.498000,0.317664,-1.324783,1.510727,0.346293,-1.378906,1.559982,-0.020300,-0.060616,0.167497,0.983798,0.268442,-0.214912,-0.003574,0.001031,-0.003796,0.006181,-0.000628,-0.002201,0.000249,9,-0.110477,0.609470,9.864196,-0.139338,0.065026,0.007499,9.886091,0.165021,0.406534,0.426614
46.844557,0.645000,-1.065000,1.499000,0.362194,-1.315373,1.606536,0.356894,-1.372436,1.564758,-0.020445,-0.058905,0.057824,0.996378,0.223918,-0.140386,-0.000513,0.001025,-0.003796,0.006162,-0.000628,-0.002206,0.000249,44,-0.020590,0.192497,9.858129,-0.060625,0.080685,-0.005375,9.865608,0.109934,0.392721,0.426434
46.886194,0.660000,-1.053000,1.499000,0.381107,-1.316981,1.555572,0.366513,-1.366407,1.563839,-0.018412,-0.059700,0.000190,0.998047,0.183456,-0.076648,-0.005035,0.001029,-0.003795,0.006163,-0.000629,-0.002203,0.000249,15,0.062497,0.180843,9.650507,0.002850,0.002949,-0.011175,9.653592,0.076281,0.388160,0.434238
46.929790,0.674000,-1.043000,1.499000,0.383943,-1.322370,1.525720,0.375267,-1.360516,1.560027,-0.016749,-0.057930,-0.027584,0.997799,0.134758,-0.025889,-0.014070,0.001037,-0.003791,0.006176,-0.000631,-0.002198,0.000248,10,-0.074154,0.120363,9.893996,0.182053,0.027341,0.003110,9.898114,0.201947,0.403602,0.440207
46.967253,0.683000,-1.036000,1.499000,0.427999,-1.310891,1.527716,0.381017,-1.352864,1.556710,-0.039099,-0.045040,0.231978,0.970891,0.130554,-0.002571,-0.019404,0.001042,-0.003788,0.006192,-0.000633,-0.002194,0.000248,12,-0.413532,-0.201543,9.698242,0.116127,0.122276,-0.013901,9.709964,0.170752,0.376052,0.441505
47.006744,0.697000,-1.025000,1.499000,0.390376,-1.276680,1.546768,0.384701,-1.343115,1.556157,-0.028220,-0.051743,0.047157,0.997147,0.140212,0.028975,-0.019017,0.001053,-0.003784,0.006189,-0.000635,-0.002188,0.000248,5,-0.195144,0.590539,9.840812,0.104753,0.138968,-0.001159,9.860636,0.174253,0.399553,0.449438
47.054560,0.715000,-1.012000,1.499000,0.449048,-1.268979,1.545935,0.396383,-1.330560,1.553982,-0.049128,-0.031961,0.327967,0.942869,0.125966,0.099798,-0.013911,0.001059,-0.003781,0.006192,-0.000637,-0.002182,0.000248,10,-0.039930,0.207571,9.729088,0.018670,0.060860,0.017245,9.734654,0.084147,0.372789,0.453895
47.098161,0.728000,-1.000000,1.500000,0.451297,-1.208963,1.491266,0.403514,-1.308652,1.547340,-0.066225,-0.016854,0.521143,0.850729,0.118355,0.214585,-0.020424,0.001063,-0.003781,0.006218,-0.000638,-0.002179,0.000247,3,-0.043655,-0.085126,9.961883,-0.047475,0.027448,0.022398,9.962899,0.091339,0.346852,0.450331
47.148016,0.740000,-0.992000,1.500000,0.458034,-1.235578,1.530755,0.416928,-1.288164,1.545168,-0.057519,-0.027838,0.370963,0.926447,0.043636,0.256181,-0.032768,0.001064,-0.003778,0.006224,-0.000640,-0.002177,0.000247,18,-0.153429,0.102938,9.899545,-0.025940,-0.073340,0.044686,9.906716,0.108108,0.373873,0.440601
47.197853,0.753000,-0.981000,1.501000,0.510133,-1.241157,1.598037,0.430348,-1.265031,1.547784,-0.070336,-0.017791,0.510977,0.856528,0.043368,0.260025,-0.020900,0.001066,-0.003779,0.006198,-0.000640,-0.002175,0.000247,9,-0.257688,0.052989,9.885112,-0.243931,-0.093379,0.028171,9.891304,0.268120,0.368893,0.432396
47.239484,0.769000,-0.969000,1.502000,0.492382,-1.250317,1.582335,0.440399,-1.261797,1.550581,-0.069649,-0.016308,0.508193,0.858267,0.096646,0.315200,-0.016376,0.001071,-0.003775,0.006181,-0.000642,-0.002172,0.000247,3,-0.250356,0.117011,10.009807,-0.368697,-0.114421,-0.008783,10.013763,0.386317,0.402629,0.442796
47.285241,0.783000,-0.959000,1.502000,0.528819,-1.233679,1.580071,0.452076,-1.243134,1.551161,-0.070491,0.003158,0.748350,0.659540,0.056981,0.400634,-0.024093,0.001074,-0.003766,0.006173,-0.000646,-0.002170,0.000247,11,-0.131575,0.111407,9.634748,-0.065332,-0.086905,0.061466,9.637123,0.150214,0.382298,0.438930
47.335053,0.796000,-0.948000,1.502000,0.582074,-1.239778,1.597210,0.470290,-1.221294,1.553259,-0.061044,0.022717,0.897054,0.437094,0.030915,0.420363,-0.021490,0.001080,-0.003756,0.006162,-0.000650,-0.002167,0.000246,43,-0.211005,0.170383,9.840702,0.049675,-0.164062,0.012102,9.849737,0.177854,0.374118,0.428257
47.384836,0.812000,-0.935000,1.502000,0.584765,-1.223324,1.644431,0.486249,-1.194226,1.559971,-0.058480,0.023258,0.882383,0.466303,0.028131,0.435317,-0.014117,0.001075,-0.003753,0.006103,-0.000651,-0.002168,0.000246,11,-0.173644,0.100290,9.805086,0.034507,-0.025535,-0.000404,9.808193,0.052651,0.393768,0.420324
47.434848,0.826000,-0.924000,1.502000,0.555158,-1.223477,1.577968,0.499840,-1.179303,1.560841,-0.052682,0.034840,0.942501,0.328179,0.034597,0.464627,-0.007296,0.001089,-0.003747,0.006113,-0.000654,-0.002163,0.000245,10,-0.314409,0.132812,9.768107,0.067871,0.030517,-0.001675,9.774766,0.082809,0.410869,0.418357
47.492919,0.826000,-0.924000,1.502000,0.595659,-1.170570,1.547678,0.516201,-1.151992,1.559642,-0.046274,0.046278,0.983834,0.166697,0.034100,0.522544,-0.011593,0.001099,-0.003741,0.006149,-0.000656,-0.002158,0.000245,37,-0.163273,0.142900,9.757279,0.082816,0.053502,-0.007932,9.763627,0.123678,0.340500,0.388945
47.530344,0.826000,-0.924000,1.502000,0.605545,-1.208692,1.524676,0.529518,-1.152365,1.556729,-0.037664,0.053623,0.997835,-0.005676,0.051776,0.534333,-0.014016,0.001117,-0.003740,0.006216,-0.000656,-0.002151,0.000245,13,-0.237719,-0.064322,9.933113,0.106148,-0.007666,0.018924,9.937697,0.113408,0.360783,0.378216
47.571948,0.867000,-0.888000,1.501000,0.615148,-1.164719,1.582615,0.535777,-1.151325,1.558346,-0.041927,0.046961,0.989319,0.131470,0.045173,0.549686,-0.011435,0.001128,-0.003736,0.006205,-0.000658,-0.002145,0.000246,8,0.093036,-0.347815,9.998269,0.009215,0.085256,0.033275,10.006145,0.106956,0.382968,0.427010
47.619724,0.881000,-0.876000,1.502000,0.676234,-1.186545,1.562680,0.558278,-1.138418,1.559061,-0.036745,0.052252,0.997508,0.029964,0.077098,0.521885,-0.007390,0.001126,-0.003722,0.006233,-0.000664,-0.002143,0.000245,12,-0.217045,0.400042,9.781510,-0.089776,0.082634,-0.030411,9.792836,0.133914,0.376894,0.419843
47.667499,0.895000,-0.862000,1.502000,0.625738,-1.159605,1.653929,0.573686,-1.119530,1.566201,-0.041332,0.048087,0.970652,0.231977,0.093080,0.570575,-0.005419,0.001128,-0.003720,0.006157,-0.000665,-0.002142,0.000245,7,-0.083867,0.003196,9.815264,0.076518,0.015655,-0.010000,9.816427,0.104061,0.429130,0.416757
47.717363,0.910000,-0.845000,1.501000,0.653640,-1.128544,1.469349,0.589546,-1.098313,1.559386,-0.037828,0.049435,0.979693,0.190597,0.095309,0.608603,-0.019201,0.001139,-0.003718,0.006287,-0.000665,-0.002137,0.000245,10,-0.059254,-0.352265,9.680252,0.154705,-0.025315,0.003784,9.690668,0.165189,0.383562,0.412635
47.771337,0.910000,-0.845000,1.501000,0.678038,-1.142596,1.511042,0.606551,-1.076774,1.555043,-0.037743,0.045241,0.956210,0.286691,0.099675,0.614711,-0.019339,0.001147,-0.003712,0.006385,-0.000667,-0.002134,0.000244,16,-0.260470,0.181483,9.814543,0.072158,-0.000418,-0.018549,9.821621,0.092272,0.377453,0.385644
47.823369,0.936000,-0.817000,1.501000,0.644714,-1.100903,1.532287,0.615240,-1.052378,1.552148,-0.038168,0.048413,0.956779,0.284208,0.085354,0.643996,-0.016173,0.001167,-0.003736,0.006439,-0.000657,-0.002127,0.000245,21,-0.219295,0.333047,9.921024,0.093629,0.076441,-0.003285,9.931621,0.142005,0.407955,0.401131
47.871186,0.948000,-0.802000,1.500000,0.709317,-1.114133,1.651236,0.629054,-1.051708,1.559240,-0.036026,0.050046,0.964340,0.257382,0.107815,0.639480,-0.007823,0.001182,-0.003738,0.006358,-0.000657,-0.002123,0.000244,8,-0.010326,0.781539,9.840878,0.171568,-0.027425,-0.065277,9.872681,0.191313,0.421033,0.409378
47.914801,0.958000,-0.789000,1.500000,0.667450,-1.110035,1.579378,0.633983,-1.055306,1.560851,-0.035920,0.048126,0.954887,0.290833,0.115008,0.628619,-0.004858,0.001187,-0.003737,0.006356,-0.000657,-0.002122,0.000245,7,-0.173853,-0.123244,9.945653,0.006024,0.037495,-0.030643,9.951538,0.058689,0.440209,0.423803
47.952239,0.969000,-0.776000,1.501000,0.723864,-1.068869,1.530419,0.646004,-1.046913,1.558732,-0.030324,0.057158,0.997863,0.009126,0.145569,0.663399,-0.007297,0.001201,-0.003768,0.006413,-0.000644,-0.002115,0.000245,6,0.013582,0.097944,9.985734,-0.096283,0.058513,0.015887,9.986870,0.125940,0.383052,0.425503
48.037382,0.986000,-0.757000,1.502000,0.747530,-1.054720,1.595448,0.659642,-1.014903,1.559897,-0.031609,0.051804,0.990796,0.120995,0.134009,0.694368,-0.008535,0.001210,-0.003783,0.006392,-0.000638,-0.002112,0.000246,17,-0.306734,0.048455,9.775123,-0.039108,-0.013264,0.014479,9.780502,0.085604,0.392731,0.419971
48.058201,0.997000,-0.743000,1.502000,0.749925,-1.031979,1.567037,0.672752,-1.000476,1.560258,-0.029024,0.051659,0.994615,0.085031,0.139150,0.728365,-0.013879,0.001223,-0.003773,0.006413,-0.000642,-0.002107,0.000245,6,0.267981,-0.254560,9.750434,-0.155773,-0.089290,0.005997,9.757492,0.182222,0.385726,0.418120
48.108066,1.006000,-0.730000,1.503000,0.731663,-1.025518,1.573021,0.685671,-0.971360,1.560662,-0.027185,0.048274,0.989677,0.132173,0.138496,0.746715,-0.014315,0.001234,-0.003772,0.006422,-0.000642,-0.002103,0.000245,22,-0.138997,-0.094852,9.828586,-0.055974,-0.090549,0.006871,9.837252,0.114930,0.409261,0.405204
48.157853,1.014000,-0.720000,1.503000,0.772338,-1.043843,1.509797,0.705763,-0.946193,1.557634,-0.026055,0.047320,0.993936,0.095779,0.138789,0.764692,-0.012466,0.001267,-0.003772,0.006542,-0.000641,-0.002090,0.000244,14,-0.091770,0.020204,9.839907,-0.110594,-0.034096,0.001702,9.841480,0.141079,0.404130,0.386210
48.216136,1.026000,-0.701000,1.502000,0.796784,-1.030363,1.487491,0.724628,-0.921984,1.552976,-0.026388,0.046664,0.987820,0.146073,0.144097,0.778132,-0.013382,0.001307,-0.003757,0.006701,-0.000647,-0.002074,0.000244,14,-0.126498,-0.061644,9.842060,-0.029579,0.042679,0.027798,9.844363,0.117674,0.401535,0.377170
48.261782,1.037000,-0.686000,1.502000,0.838753,-1.021127,1.524145,0.838429,-1.020942,1.524646,-0.000000,0.000000,0.000000,1.000000,0.144097,0.778132,-0.013382,0.001295,-0.003727,0.006697,-0.000660,-0.002079,0.000244,1,-0.018653,-0.119276,9.782747,0.184435,0.099685,0.010671,9.783492,0.209923,0.390003,0.390038
48.322100,1.051000,-0.665000,1.502000,0.811432,-0.988110,1.604631,0.846358,-0.980457,1.565686,0.003587,0.010249,0.269407,0.962965,0.151913,0.804481,-0.013922,0.001286,-0.003708,0.006695,-0.000669,-0.002083,0.000243,17,0.022681,0.100900,9.743142,0.042961,-0.020525,0.005174,9.750775,0.134014,0.415121,0.381376
48.411391,1.068000,-0.642000,1.502000,0.887788,-0.967884,1.536607,0.854341,-0.948056,1.553990,-0.001672,0.024595,0.415376,0.909316,0.180605,0.765357,0.003133,0.001287,-0.003708,0.006696,-0.000669,-0.002083,0.000243,10,-0.363522,-0.327254,10.025474,-0.162382,-0.058788,0.016957,10.038094,0.176502,0.373998,0.376860
48.446771,1.075000,-0.632000,1.502000,0.894133,-0.949634,1.553140,0.853251,-0.921795,1.553969,-0.014135,0.029125,0.901304,0.431975,0.230202,0.803898,0.005492,0.001287,-0.003708,0.006696,-0.000669,-0.002082,0.000243,9,-0.298478,0.277381,9.902384,0.097000,-0.100026,-0.017455,9.911500,0.149502,0.369079,0.368585
48.500730,1.075000,-0.632000,1.502000,0.887120,-0.954671,1.467401,0.882607,-0.905646,1.535356,0.029800,0.017023,0.809196,0.586535,0.259904,0.738057,-0.010015,0.001287,-0.003708,0.006705,-0.000669,-0.002082,0.000243,26,-0.236972,0.261675,9.662846,0.139550,-0.099468,0.009774,9.671505,0.183176,0.374983,0.336170
48.556915,1.075000,-0.632000,1.502000,0.924258,-0.919948,1.456499,0.923911,-0.920206,1.456395,-0.000000,-0.000000,0.000000,1.000000,0.259904,0.738057,-0.010015,0.001287,-0.003708,0.006705,-0.000669,-0.002082,0.000243,0,0.000000,0.000000,0.000000,0.000000,0.000000,0.000000,0.000000,0.000000,0.328188,0.328588
48.608868,1.103000,-0.585000,1.501000,0.916825,-0.925530,1.489513,0.916789,-0.925469,1.489502,0.000000,0.000000,0.000000,1.000000,0.259904,0.738057,-0.010015,0.001287,-0.003707,0.006705,-0.000669,-0.002082,0.000243,0,0.000000,0.000000,0.000000,0.000000,0.000000,0.000000,0.000000,0.000000,0.388270,0.388234
48.650376,1.111000,-0.569000,1.500000,0.932471,-0.870297,1.429452,0.932294,-0.870153,1.429424,0.000000,0.000000,0.000000,1.000000,0.259904,0.738057,-0.010015,0.001287,-0.003707,0.006705,-0.000669,-0.002082,0.000243,1,-0.063762,0.080923,9.798190,0.007096,0.029146,-0.015507,9.798732,0.033768,0.357253,0.357226
48.694001,1.118000,-0.554000,1.501000,0.975150,-0.850518,1.587383,0.959737,-0.844123,1.509860,0.018696,-0.032055,-0.113773,0.992814,0.236952,0.730790,-0.002351,0.001287,-0.003708,0.006704,-0.000670,-0.002080,0.000243,22,-0.033849,0.097756,9.806636,0.145765,-0.007610,0.016698,9.812415,0.158877,0.340281,0.330601
48.735544,1.118000,-0.554000,1.501000,0.992113,-0.831719,1.518903,0.977386,-0.821283,1.512176,0.016525,-0.018118,-0.094635,0.995210,0.218269,0.699593,-0.011868,0.001289,-0.003707,0.006703,-0.000670,-0.002080,0.000243,7,-0.327077,-0.231639,9.586166,0.016092,-0.094940,0.018609,9.595062,0.111219,0.305444,0.302221
48.772986,1.134000,-0.520000,1.500000,0.967252,-0.816569,1.471532,0.967258,-0.816566,1.471529,0.000000,0.000000,-0.000000,1.000000,0.218269,0.699593,-0.011868,0.001289,-0.003707,0.006703,-0.000671,-0.002079,0.000243,1,-0.089107,-0.448809,9.889201,-0.150590,-0.122540,0.052281,9.899782,0.201064,0.341421,0.341416
48.826970,1.140000,-0.508000,1.500000,0.963248,-0.831818,1.469869,0.974440,-0.783156,1.470553,0.003052,-0.012211,0.996625,0.081123,0.211189,0.687454,-0.010671,0.001289,-0.003706,0.006703,-0.000671,-0.002078,0.000243,7,0.183185,0.212762,9.819448,-0.056065,0.000753,-0.020156,9.827361,0.072304,0.370145,0.322471
48.868535,1.148000,-0.489000,1.500000,1.010253,-0.805276,1.485574,0.982145,-0.751689,1.475297,0.006545,-0.008919,0.937926,0.346660,0.183746,0.672531,-0.023739,0.001290,-0.003706,0.006703,-0.000671,-0.002078,0.000243,2,-0.150182,0.159544,9.502188,0.246387,-0.001256,0.015518,9.504732,0.246899,0.345272,0.311646
48.905950,1.152000,-0.478000,1.500000,1.011660,-0.797618,1.491857,0.994509,-0.707431,1.479250,0.014002,-0.015325,0.633478,0.773482,0.208055,0.703081,-0.025848,0.001290,-0.003706,0.006703,-0.000671,-0.002078,0.000243,23,-0.182055,-0.071219,9.663109,0.121401,-0.033338,-0.005956,9.667084,0.138232,0.349167,0.279056
48.943414,1.158000,-0.464000,1.501000,1.007376,-0.768899,1.523442,1.006257,-0.753657,1.490153,0.006662,-0.012920,0.872816,0.487833,0.236388,0.665072,-0.027534,0.001290,-0.003706,0.006701,-0.000671,-0.002078,0.000243,10,-0.053542,-0.115129,9.707444,0.031751,0.085657,0.026860,9.710847,0.097554,0.340815,0.327177
48.982871,1.163000,-0.453000,1.500000,1.031042,-0.778957,1.514364,1.017273,-0.750371,1.491551,0.004560,-0.014093,0.923210,0.384010,0.220937,0.626401,-0.030022,0.001290,-0.003706,0.006700,-0.000671,-0.002078,0.000243,32,-0.100311,0.277652,9.774886,-0.058971,0.035645,-0.021329,9.782914,0.089181,0.351948,0.331266
49.024432,1.170000,-0.436000,1.500000,1.035177,-0.761426,1.517540,1.021672,-0.746642,1.494485,0.005984,-0.014460,0.940778,0.338663,0.222383,0.623371,-0.031198,0.001290,-0.003706,0.006698,-0.000671,-0.002078,0.000243,11,0.094959,0.183485,9.697411,-0.082050,-0.013858,-0.009411,9.701437,0.086847,0.352686,0.344282
49.076370,1.178000,-0.416000,1.500000,1.033109,-0.737586,1.610640,1.033757,-0.718132,1.508197,0.006126,-0.008568,0.945378,0.325805,0.226161,0.594968,-0.023805,0.001290,-0.003706,0.006684,-0.000671,-0.002078,0.000243,14,-0.216500,0.109436,9.925452,0.157314,0.067737,0.050318,9.930344,0.187602,0.369665,0.334898
49.120007,1.184000,-0.398000,1.499000,1.021122,-0.709900,1.516872,1.040137,-0.696083,1.508068,0.010664,-0.012072,0.907301,0.420173,0.222593,0.580790,-0.030218,0.001290,-0.003706,0.006682,-0.000671,-0.002078,0.000243,6,-0.189101,-0.118448,9.815787,0.096880,0.007240,0.048342,9.820825,0.192795,0.352321,0.331108
49.157413,1.190000,-0.383000,1.499000,1.065165,-0.740465,1.549796,1.045112,-0.698863,1.512146,0.012977,-0.015083,0.916678,0.399131,0.234471,0.559610,-0.030072,0.001290,-0.003706,0.006676,-0.000671,-0.002078,0.000243,5,0.075288,-0.178009,9.678228,-0.155457,-0.114594,0.054156,9.680226,0.200745,0.382028,0.347757
49.194799,1.192000,-0.377000,1.499000,1.036347,-0.762695,1.487185,1.051713,-0.697988,1.509311,0.010157,-0.016148,0.999314,0.031740,0.269796,0.548136,-0.033664,0.001290,-0.003707,0.006679,-0.000671,-0.002078,0.000243,3,-0.104696,-0.064519,9.600698,-0.242609,-0.069764,0.036949,9.601534,0.255253,0.416087,0.350457
49.223869,1.199000,-0.361000,1.500000,1.038142,-0.718983,1.490438,1.053606,-0.696974,1.506955,0.023723,-0.017604,0.886681,0.461437,0.265697,0.553461,-0.037279,0.001290,-0.003707,0.006682,-0.000671,-0.002078,0.000243,11,-0.500735,-0.201201,9.647295,-0.316031,-0.081457,-0.017868,9.662913,0.329580,0.392580,0.366150
49.259222,1.204000,-0.346000,1.499000,1.035939,-0.720213,1.492500,1.057007,-0.689871,1.504939,0.026905,-0.016722,0.804222,0.593485,0.257765,0.518016,-0.038080,0.001290,-0.003707,0.006684,-0.000671,-0.002079,0.000243,8,-0.247927,-0.135805,9.921772,-0.210199,-0.044015,-0.002657,9.926750,0.215265,0.410271,0.374018
49.294548,1.208000,-0.334000,1.500000,1.046842,-0.692067,1.570684,1.059690,-0.681853,1.509307,0.028027,-0.013849,0.683526,0.729256,0.264609,0.489241,-0.036551,0.001290,-0.003707,0.006672,-0.000671,-0.002079,0.000243,15,-0.011993,0.187980,9.807280,-0.083759,0.027181,0.006387,9.809497,0.096830,0.398974,0.378264
49.329956,1.212000,-0.319000,1.500000,1.074410,-0.670318,1.497107,1.074342,-0.670315,1.497068,-0.000000,-0.000000,0.000000,1.000000,0.264609,0.489241,-0.036551,0.001289,-0.003707,0.006672,-0.000671,-0.002079,0.000243,1,-0.408803,-0.069808,9.870750,0.059484,0.206568,0.031700,9.879458,0.217287,0.377311,0.377333
49.369441,1.217000,-0.304000,1.500000,1.094593,-0.677691,1.610335,1.095333,-0.687430,1.556556,0.083563,0.323290,0.919945,0.205433,0.245918,0.502666,-0.049220,0.001290,-0.003707,0.006672,-0.000671,-0.002079,0.000243,6,-0.263820,0.110735,10.105292,0.145962,0.053489,-0.039669,10.109720,0.161662,0.408415,0.406227
49.408855,1.222000,-0.286000,1.500000,1.142294,-0.665848,1.544892,1.100019,-0.673313,1.557128,0.036750,0.223169,0.535310,0.813811,0.236984,0.518232,-0.081166,0.001289,-0.003707,0.006671,-0.000670,-0.002079,0.000243,3,-0.220330,-0.087260,9.951102,0.068867,0.068740,0.037946,9.954033,0.106259,0.390708,0.410066
49.446291,1.224000,-0.276000,1.499000,1.121818,-0.625926,1.497439,1.115633,-0.647567,1.535451,-0.070982,0.136864,0.377375,0.913136,0.330611,0.580295,-0.054150,0.001289,-0.003707,0.006674,-0.000670,-0.002079,0.000243,22,-0.219879,-0.124533,9.833397,0.046601,-0.014577,-0.007625,9.838658,0.073563,0.364544,0.388760
49.483626,1.225000,-0.275000,1.500000,1.108528,-0.671326,1.589131,1.120285,-0.642866,1.545636,-0.066223,0.120767,0.359997,0.922731,0.355908,0.609579,-0.054137,0.001289,-0.003707,0.006674,-0.000670,-0.002079,0.000243,17,-0.246630,0.297668,9.800864,0.111733,-0.045179,0.025556,9.808833,0.130318,0.422592,0.385192
49.525207,1.232000,-0.245000,1.499000,1.140230,-0.622676,1.529971,1.124726,-0.636859,1.541872,-0.035286,0.140089,0.616577,0.773927,0.367046,0.622725,-0.056921,0.001289,-0.003707,0.006674,-0.000670,-0.002079,0.000243,2,-0.098552,0.259616,9.905026,0.388529,0.130645,0.020448,9.909124,0.410519,0.389897,0.408533
49.566753,1.236000,-0.228000,1.500000,1.077752,-0.569959,1.523001,1.118179,-0.625056,1.538884,-0.041598,0.140899,0.635289,0.758172,0.367215,0.647121,-0.061485,0.001288,-0.003707,0.006674,-0.000670,-0.002079,0.000243,5,0.183368,-0.076882,9.572304,-0.002617,0.059095,0.016412,9.574494,0.075522,0.377501,0.415989
49.604145,1.240000,-0.209000,1.500000,1.130570,-0.569687,1.505725,1.120269,-0.619554,1.536180,-0.003785,0.130547,0.847262,0.514869,0.358045,0.653786,-0.059900,0.001288,-0.003707,0.006674,-0.000670,-0.002080,0.000243,8,-0.079389,0.179883,9.748181,-0.120283,-0.180627,0.001096,9.751012,0.219042,0.376965,0.429185
49.658242,1.243000,-0.189000,1.499000,1.130966,-0.530171,1.483495,1.137404,-0.587769,1.528902,0.003822,0.116776,0.896200,0.427988,0.433574,0.726021,-0.067106,0.001289,-0.003707,0.006676,-0.000670,-0.002080,0.000243,14,-0.198399,0.038837,10.008888,0.033558,0.032371,0.018251,10.019261,0.154140,0.359429,0.413596
49.697718,1.243000,-0.187000,1.500000,1.113990,-0.532509,1.553662,1.113837,-0.532249,1.553532,0.000000,0.000000,0.000000,1.000000,0.433574,0.726021,-0.067106,0.001289,-0.003707,0.006676,-0.000670,-0.002080,0.000243,0,0.000000,0.000000,0.000000,0.000000,0.000000,0.000000,0.000000,0.000000,0.372692,0.372486
49.735098,1.247000,-0.160000,1.499000,1.129704,-0.549206,1.562940,1.125292,-0.537314,1.558237,-0.007864,0.004158,0.644111,0.764880,0.431824,0.720971,-0.067687,0.001289,-0.003707,0.006676,-0.000670,-0.002080,0.000243,6,-0.178328,0.122088,9.831373,-0.203814,-0.045759,-0.015295,9.834053,0.210146,0.411495,0.400859
49.785060,1.249000,-0.145000,1.499000,1.149042,-0.492939,1.562962,1.146038,-0.502722,1.557514,-0.006947,-0.000814,0.382830,0.923792,0.430441,0.729832,-0.073840,0.001289,-0.003707,0.006676,-0.000670,-0.002080,0.000243,16,-0.235082,-0.083093,9.751551,0.078357,-0.012080,0.015775,9.757831,0.096511,0.367620,0.376816
49.824505,1.249000,-0.145000,1.499000,1.191234,-0.499320,1.510121,1.191191,-0.499327,1.510097,0.000000,-0.000000,0.000000,1.000000,0.430441,0.729832,-0.073840,0.001289,-0.003707,0.006675,-0.000670,-0.002080,0.000243,0,0.000000,0.000000,0.000000,0.000000,0.000000,0.000000,0.000000,0.000000,0.359171,0.359184
49.865977,1.250000,-0.113000,1.499000,1.144143,-0.510506,1.466245,1.196387,-0.489796,1.494790,0.090823,-0.037970,0.066557,0.992915,0.428647,0.691213,-0.077084,0.001289,-0.003707,0.006675,-0.000670,-0.002080,0.000243,11,-0.047280,0.033035,9.758964,0.100077,0.066223,-0.004062,9.761403,0.124707,0.412662,0.380614
49.911719,1.251000,-0.094000,1.499000,1.155879,-0.432432,1.579227,1.215920,-0.466350,1.514779,0.086632,-0.007628,0.032352,0.995686,0.376072,0.620632,-0.085792,0.001289,-0.003707,0.006674,-0.000670,-0.002080,0.000243,8,-0.090189,-0.342203,9.858564,0.151587,-0.001856,0.038533,9.866978,0.221355,0.360584,0.374332
49.944937,1.251000,-0.082000,1.499000,1.190330,-0.451624,1.592272,1.205735,-0.464517,1.532914,0.085136,0.008105,-0.031737,0.995831,0.413712,0.640265,-0.078388,0.001289,-0.003707,0.006673,-0.000670,-0.002080,0.000243,4,-0.278373,-0.622541,9.779803,-0.062573,-0.108529,-0.008634,9.803618,0.127462,0.386008,0.386676
49.994857,1.252000,-0.068000,1.499000,1.209569,-0.439363,1.544537,1.206398,-0.428780,1.533300,0.067709,-0.029366,0.198428,0.977333,0.401281,0.526234,-0.090267,0.001289,-0.003707,0.006673,-0.000670,-0.002080,0.000243,10,-0.089770,0.131807,9.901137,-0.153896,-0.019351,-0.026152,9.904050,0.169844,0.376543,0.365264
50.050881,1.253000,-0.044000,1.499000,1.223895,-0.409540,1.644700,1.222861,-0.403463,1.548110,0.068230,-0.035357,0.222961,0.971794,0.362388,0.479471,-0.091113,0.001289,-0.003707,0.006664,-0.000670,-0.002080,0.000243,16,0.060663,0.012656,9.842381,-0.153092,-0.134987,-0.024105,9.845774,0.241007,0.394583,0.364052
50.098739,1.253000,-0.032000,1.499000,1.189451,-0.405466,1.564523,1.229708,-0.386578,1.546089,0.074876,-0.030407,0.058428,0.995015,0.322486,0.383873,-0.108338,0.001289,-0.003707,0.006659,-0.000670,-0.002080,0.000243,2,0.134572,-0.259857,9.620013,-0.039853,0.051669,-0.004238,9.624741,0.073484,0.384459,0.358448
50.142391,1.254000,-0.015000,1.499000,1.234086,-0.356148,1.582731,1.232824,-0.378664,1.550518,0.076402,-0.012830,-0.131643,0.988265,0.317786,0.387962,-0.106244,0.001289,-0.003707,0.006656,-0.000670,-0.002080,0.000243,8,-0.063008,-0.110633,9.707791,-0.076793,-0.010565,-0.021024,9.709525,0.093415,0.351837,0.367905
50.186005,1.255000,0.010000,1.499000,1.174482,-0.367657,1.536171,1.226135,-0.375636,1.548381,0.076310,-0.017117,-0.131926,0.988170,0.295443,0.386911,-0.107711,0.001289,-0.003707,0.006656,-0.000670,-0.002080,0.000243,3,-0.317757,-0.167431,9.707608,0.183966,0.020768,0.016038,9.714299,0.186228,0.387930,0.389854
50.225471,1.255000,0.028000,1.499000,1.218389,-0.381575,1.604943,1.226337,-0.375246,1.553604,0.076174,-0.020454,-0.098228,0.992033,0.289557,0.376573,-0.105822,0.001290,-0.003707,0.006651,-0.000670,-0.002080,0.000243,5,0.052579,-0.138051,10.020338,0.044333,0.088292,0.004721,10.021505,0.100697,0.424636,0.407935
50.281619,1.255000,0.042000,1.500000,1.208283,-0.286909,1.534616,1.235460,-0.353906,1.545947,0.081635,-0.036527,-0.022938,0.995729,0.243930,0.284749,-0.107960,0.001290,-0.003707,0.006654,-0.000670,-0.002079,0.000243,51,-0.124841,-0.173055,9.969873,0.162637,-0.070971,0.016505,9.974498,0.190281,0.334009,0.399042
50.323196,1.255000,0.061000,1.499000,1.195454,-0.314510,1.562193,1.239285,-0.346964,1.542451,0.083545,-0.053505,0.124102,0.987297,0.209327,0.198755,-0.113130,0.001290,-0.003707,0.006650,-0.000670,-0.002079,0.000243,42,-0.138369,0.083784,9.935298,0.095431,-0.020099,-0.003583,9.940809,0.122992,0.385417,0.410572
50.370899,1.255000,0.063000,1.499000,1.241609,-0.305016,1.627612,1.243400,-0.323649,1.546962,0.085003,-0.011660,-0.363970,0.927450,0.181386,0.188534,-0.108244,0.001290,-0.003706,0.006624,-0.000670,-0.002080,0.000243,17,-0.115303,-0.360563,9.765368,0.036122,-0.048196,-0.000962,9.782614,0.132698,0.390072,0.389786
50.420789,1.252000,0.093000,1.499000,1.205527,-0.267828,1.570166,1.243314,-0.306407,1.545043,0.078686,-0.003062,-0.487185,0.869741,0.114928,0.179969,-0.110228,0.001289,-0.003707,0.006613,-0.000670,-0.002080,0.000243,10,-0.077630,-0.200645,9.651456,-0.097937,-0.044807,-0.004448,9.656243,0.121186,0.370704,0.402146
50.472759,1.250000,0.122000,1.498000,1.242125,-0.238355,1.482130,1.246224,-0.288056,1.535072,0.076493,0.003133,-0.539705,0.838366,0.068822,0.135451,-0.117426,0.001290,-0.003707,0.006643,-0.000670,-0.002080,0.000243,9,0.235104,0.138512,9.816877,-0.083852,0.084068,-0.021981,9.821525,0.155434,0.360791,0.411746
50.524696,1.245000,0.144000,1.498000,1.218411,-0.231038,1.535419,1.245296,-0.271947,1.530865,0.070506,0.002459,-0.565629,0.821637,0.039080,0.099571,-0.114778,0.001290,-0.003706,0.006639,-0.000671,-0.002080,0.000243,11,0.108445,-0.071245,9.863151,-0.081916,0.065331,-0.008812,9.866772,0.155956,0.377837,0.417244
50.578740,1.244000,0.147000,1.498000,1.220506,-0.216794,1.535723,1.241546,-0.256617,1.526466,0.069463,0.008245,-0.643603,0.762156,-0.037240,0.098476,-0.106306,0.001290,-0.003706,0.006631,-0.000670,-0.002079,0.000243,13,-0.376678,-0.151102,9.907485,-0.041754,0.007033,-0.005394,9.919349,0.094856,0.366498,0.404627
50.618257,1.240000,0.167000,1.499000,1.249877,-0.163746,1.538626,1.241406,-0.236280,1.525155,0.070497,0.004150,-0.627834,0.775137,-0.043320,0.102707,-0.097207,0.001292,-0.003705,0.006626,-0.000671,-0.002079,0.000243,40,-0.211179,0.124222,9.942700,0.213400,0.189383,-0.013292,9.947753,0.292962,0.333258,0.404130
50.680598,1.233000,0.197000,1.499000,1.230818,-0.178968,1.558920,1.235136,-0.220942,1.523632,0.078137,0.007609,-0.683382,0.725828,-0.114133,0.087624,-0.096838,0.001293,-0.003706,0.006596,-0.000671,-0.002079,0.000243,58,-0.173119,-0.253636,9.802699,0.227121,0.238867,-0.005553,9.810275,0.335734,0.380719,0.418673
50.734619,1.229000,0.215000,1.500000,1.181662,-0.121595,1.384918,1.220091,-0.198692,1.507215,0.074939,0.006240,-0.702757,0.707445,-0.185682,0.087708,-0.116452,0.001297,-0.003704,0.006715,-0.000671,-0.002078,0.000243,6,-0.104370,-0.029723,9.768588,0.003347,0.006654,-0.034827,9.769559,0.053881,0.358860,0.413850
50.776121,1.224000,0.233000,1.500000,1.227466,-0.124054,1.487345,1.217155,-0.185152,1.503998,0.073923,0.004579,-0.710409,0.699881,-0.194044,0.091719,-0.117515,0.001299,-0.003702,0.006736,-0.000671,-0.002077,0.000243,23,-0.216286,0.541707,9.808251,0.083992,0.029298,-0.005553,9.829729,0.131112,0.357295,0.418228
50.828069,1.219000,0.253000,1.501000,1.239429,-0.117151,1.495076,1.208421,-0.171264,1.498680,0.071555,-0.005330,-0.604969,0.793009,-0.200047,0.051762,-0.115665,0.001299,-0.003696,0.006746,-0.000674,-0.002076,0.000243,12,-0.177424,-0.172507,9.885922,0.024435,-0.044082,-0.016772,9.895865,0.063596,0.370762,0.424403
50.882163,1.213000,0.277000,1.501000,1.295279,-0.088990,1.616699,1.203699,-0.153591,1.504144,0.068885,-0.012821,-0.538245,0.839871,-0.197341,0.032701,-0.100834,0.001308,-0.003699,0.006631,-0.000673,-0.002073,0.000243,23,-0.182866,0.076206,9.960049,0.160853,-0.007494,-0.006443,9.964180,0.171973,0.392562,0.430703
50.927816,1.210000,0.289000,1.502000,1.246998,-0.058323,1.583877,1.246925,-0.058330,1.583968,0.000000,0.000000,-0.000000,1.000000,-0.197341,0.032701,-0.100834,0.001305,-0.003709,0.006632,-0.000669,-0.002074,0.000243,1,-0.126094,-0.113259,9.889083,0.266573,-0.067362,0.007880,9.890536,0.275065,0.358756,0.358776
50.979778,1.205000,0.309000,1.503000,1.255274,-0.022203,1.554412,1.241691,-0.044046,1.566159,0.013684,0.008895,-0.490960,0.871029,-0.215314,0.029960,-0.092598,0.001304,-0.003710,0.006630,-0.000669,-0.002075,0.000243,7,-0.184195,-0.192185,9.936159,-0.100534,-0.090841,-0.010216,9.941664,0.140325,0.338919,0.360523
51.029713,1.200000,0.327000,1.503000,1.266462,-0.021448,1.503596,1.235447,-0.044372,1.541147,0.007126,0.003940,-0.073810,0.997239,-0.203733,0.013007,-0.092492,0.001303,-0.003712,0.006629,-0.000668,-0.002076,0.000243,7,-0.237644,0.034794,9.841865,-0.122859,-0.007382,0.011862,9.844937,0.124265,0.354730,0.375005
51.085731,1.195000,0.346000,1.503000,1.255391,-0.008815,1.533479,1.225605,-0.041052,1.535187,0.009488,0.003713,-0.230496,0.973020,-0.200999,-0.004064,-0.106834,0.001303,-0.003711,0.006628,-0.000668,-0.002075,0.000243,8,0.039847,0.141994,9.475707,-0.153273,-0.201247,-0.014772,9.480425,0.255380,0.361206,0.389592
51.143905,1.189000,0.364000,1.503000,1.285825,0.017660,1.531049,1.222013,-0.045781,1.528111,0.017151,0.008792,0.047280,0.998696,-0.211370,0.023866,-0.106574,0.001303,-0.003711,0.006629,-0.000668,-0.002075,0.000243,8,-0.262518,-0.082971,9.849837,-0.073837,-0.078411,-0.006945,9.856534,0.109430,0.360712,0.411874
51.208313,1.182000,0.385000,1.503000,1.274010,0.041261,1.475072,1.221649,-0.045924,1.511684,0.029764,0.018962,0.228041,0.973012,-0.183513,0.024333,-0.111905,0.001303,-0.003711,0.006636,-0.000668,-0.002075,0.000243,2,0.027910,-0.105259,9.837856,0.025141,0.030765,0.018782,9.838535,0.045059,0.356934,0.432832
51.249883,1.176000,0.404000,1.503000,1.268544,0.056325,1.592725,1.268518,0.056327,1.592689,0.000000,0.000000,0.000000,1.000000,-0.183513,0.024333,-0.111905,0.001303,-0.003711,0.006634,-0.000668,-0.002075,0.000243,1,-0.319779,-0.175068,9.673616,0.286612,0.013488,0.046173,9.680483,0.290620,0.370800,0.370783
51.299737,1.171000,0.419000,1.503000,1.226193,0.081675,1.526481,1.245327,0.072085,1.556303,0.020999,0.018765,0.895319,0.444533,-0.179413,0.042932,-0.110773,0.001304,-0.003710,0.006633,-0.000668,-0.002075,0.000243,17,-0.092409,0.195419,9.792951,0.123237,0.064388,0.002521,9.799062,0.181924,0.342616,0.358769
51.355995,1.165000,0.434000,1.503000,1.240567,0.020268,1.561217,1.239057,0.061382,1.554890,-0.012185,0.003607,0.159015,0.987194,-0.147015,0.024205,-0.102938,0.001304,-0.003711,0.006632,-0.000668,-0.002075,0.000243,21,0.040570,0.063998,9.918577,0.042880,0.150154,0.001281,9.922660,0.182558,0.424586,0.383434
51.393432,1.160000,0.447000,1.503000,1.256781,0.092241,1.553361,1.256770,0.092249,1.553344,0.000000,0.000000,0.000000,1.000000,-0.147015,0.024205,-0.102938,0.001304,-0.003710,0.006632,-0.000668,-0.002075,0.000243,0,0.000000,0.000000,0.000000,0.000000,0.000000,0.000000,0.000000,0.000000,0.371156,0.371143
51.434932,1.153000,0.465000,1.502000,1.200155,0.146616,1.509721,1.283898,0.096135,1.535601,0.017027,0.108775,0.956658,-0.269600,-0.148882,0.017580,-0.102132,0.001304,-0.003710,0.006631,-0.000668,-0.002075,0.000243,6,0.255681,0.595890,9.830948,0.315854,0.166453,-0.023082,9.853162,0.358297,0.321950,0.392842
51.480602,1.142000,0.491000,1.500000,1.238930,0.158364,1.457252,1.265840,0.101848,1.505870,-0.069076,-0.072052,-0.479596,0.871794,-0.163867,0.115432,-0.117176,0.001304,-0.003710,0.006632,-0.000668,-0.002075,0.000243,14,-0.064538,-0.069450,9.853791,0.065349,-0.015422,-0.021651,9.855258,0.091092,0.349099,0.408424
51.530424,1.142000,0.491000,1.500000,1.221919,0.165457,1.498295,1.250925,0.103944,1.502046,-0.067616,-0.071814,-0.483369,0.869842,-0.174280,0.177369,-0.120546,0.001303,-0.003710,0.006632,-0.000668,-0.002075,0.000243,10,0.005474,-0.148381,9.808028,-0.041446,-0.051670,-0.015512,9.810157,0.072387,0.335214,0.402096
51.563727,1.134000,0.510000,1.499000,1.260125,0.186567,1.582651,1.199753,0.123294,1.513119,-0.089000,0.027567,0.491440,0.865913,-0.244267,0.185680,-0.120035,0.001304,-0.003710,0.006627,-0.000668,-0.002075,0.000243,18,-0.062716,0.045080,9.786424,0.082281,-0.027455,-0.034603,9.788859,0.108028,0.357091,0.392510
51.605291,1.127000,0.525000,1.499000,1.237242,0.195179,1.553870,1.207306,0.146633,1.517328,-0.113672,0.044157,0.522974,0.843580,-0.287403,0.203482,-0.121782,0.001303,-0.003710,0.006624,-0.000668,-0.002075,0.000243,3,-0.310902,-0.265688,9.970189,-0.039072,-0.008794,-0.019914,9.978791,0.046837,0.352060,0.387229
51.646836,1.119000,0.543000,1.499000,1.197965,0.251663,1.503349,1.215042,0.183005,1.511283,-0.105317,0.025356,0.653248,0.749354,-0.236748,0.261667,-0.126808,0.001304,-0.003710,0.006624,-0.000668,-0.002075,0.000243,7,-0.227068,0.364873,9.663728,0.011199,0.054063,0.059952,9.674191,0.097977,0.301880,0.372789
51.696751,1.109000,0.564000,1.498000,1.205370,0.210881,1.609715,1.201579,0.201738,1.517783,-0.099575,0.030576,0.699309,0.707190,-0.296486,0.378348,-0.136326,0.001304,-0.003710,0.006613,-0.000668,-0.002075,0.000243,23,-0.087894,0.133272,9.828137,0.028528,0.013654,-0.030048,9.832371,0.088845,0.382701,0.374427
51.744470,1.102000,0.579000,1.498000,1.188659,0.252302,1.467940,1.187172,0.226509,1.505460,-0.099696,0.038783,0.725293,0.680078,-0.322181,0.481948,-0.143708,0.001304,-0.003710,0.006617,-0.000668,-0.002075,0.000243,10,-0.095950,-0.244325,9.831166,-0.008617,-0.007764,-0.018047,9.837105,0.064654,0.339330,0.362711
51.786072,1.095000,0.594000,1.498000,1.170348,0.263085,1.471090,1.183426,0.234704,1.500077,-0.102430,0.039262,0.705601,0.700067,-0.320577,0.513675,-0.148454,0.001304,-0.003710,0.006619,-0.000668,-0.002075,0.000243,9,-0.093251,-0.628236,9.831752,-0.085869,0.062051,0.014742,9.853590,0.115374,0.340450,0.370023
51.823460,1.087000,0.612000,1.498000,1.191091,0.296331,1.482332,1.181596,0.244074,1.497245,-0.098995,0.052651,0.793689,0.597901,-0.332096,0.543616,-0.154239,0.001304,-0.003710,0.006618,-0.000668,-0.002075,0.000243,3,-0.101662,0.100552,9.800982,0.187537,-0.012819,0.051584,9.802772,0.196288,0.332757,0.379893
51.883719,1.077000,0.634000,1.498000,1.142564,0.320845,1.536787,1.160061,0.279098,1.492881,-0.099428,0.053582,0.803576,0.584387,-0.399607,0.658018,-0.166193,0.001304,-0.003710,0.006603,-0.000668,-0.002075,0.000243,14,-0.034816,0.115831,9.708868,-0.007249,-0.144449,-0.010184,9.711377,0.163441,0.322287,0.364528
51.927353,1.069000,0.646000,1.498000,1.173280,0.309309,1.444884,1.144233,0.309594,1.481662,-0.100113,0.058185,0.816270,0.565946,-0.425883,0.722833,-0.180721,0.001303,-0.003710,0.006617,-0.000668,-0.002075,0.000243,10,-0.165477,-0.274676,9.685493,-0.041956,0.120134,-0.024295,9.692013,0.148995,0.356450,0.345103
51.968952,1.061000,0.663000,1.499000,1.158247,0.328728,1.468071,1.143339,0.318579,1.478877,-0.112572,0.039958,0.680730,0.722730,-0.414761,0.745224,-0.184321,0.001304,-0.003710,0.006620,-0.000668,-0.002075,0.000243,9,-0.026166,-0.077494,9.679524,-0.191612,0.030672,-0.019607,9.680239,0.196930,0.349502,0.354698
52.022998,1.051000,0.679000,1.499000,1.137072,0.340128,1.539032,1.123283,0.359315,1.475013,-0.119547,0.019287,0.550621,0.825926,-0.470386,0.851388,-0.184038,0.001304,-0.003709,0.006598,-0.000668,-0.002075,0.000243,17,-0.235372,0.101453,9.909844,-0.235304,-0.106437,0.002657,9.920778,0.262192,0.351917,0.328632
52.068634,1.044000,0.693000,1.499000,1.142047,0.338838,1.602106,1.108282,0.391533,1.478591,-0.117197,0.011356,0.476943,0.871012,-0.500298,0.906759,-0.175985,0.001305,-0.003708,0.006553,-0.000668,-0.002075,0.000243,2,-0.294737,-0.025992,9.817220,-0.115221,-0.067020,0.016455,9.822263,0.134918,0.381674,0.308919
52.108144,1.038000,0.702000,1.499000,1.134557,0.366232,1.554102,1.109203,0.392502,1.483839,-0.115160,0.012375,0.485053,0.866781,-0.485489,0.904805,-0.169555,0.001305,-0.003708,0.006529,-0.000668,-0.002075,0.000243,5,-0.352175,-0.497769,9.681572,-0.051434,-0.014433,0.049982,9.701256,0.086494,0.353694,0.317945
52.145513,1.030000,0.714000,1.499000,1.163749,0.386386,1.475732,1.099415,0.421059,1.478393,-0.111971,0.010295,0.443460,0.889213,-0.496815,0.959283,-0.174041,0.001306,-0.003709,0.006542,-0.000668,-0.002075,0.000243,34,-0.238534,0.114341,9.822951,0.066027,0.047929,0.009707,9.828646,0.117255,0.354628,0.301757
52.187131,1.023000,0.727000,1.499000,1.171315,0.402827,1.528042,1.100866,0.431096,1.480253,-0.108891,0.014799,0.457353,0.882469,-0.482653,0.979333,-0.175111,0.001306,-0.003709,0.006531,-0.000668,-0.002075,0.000243,15,0.042828,0.405220,9.582290,0.098170,0.107956,-0.011826,9.594141,0.147910,0.357671,0.306551
52.222421,1.016000,0.737000,1.499000,1.125055,0.435525,1.556134,1.100862,0.440509,1.483759,-0.107506,0.020245,0.497768,0.860383,-0.475256,0.997657,-0.174866,0.001306,-0.003707,0.006502,-0.000668,-0.002075,0.000243,5,0.144648,-0.161420,9.467236,0.075531,-0.013578,0.015927,9.470499,0.082294,0.325645,0.308773
52.265996,1.007000,0.750000,1.500000,1.128406,0.461147,1.505407,1.097443,0.453842,1.482593,-0.105648,0.025094,0.550792,0.827549,-0.476826,1.018038,-0.180064,0.001305,-0.003709,0.006492,-0.000668,-0.002075,0.000243,6,-0.123308,-0.053563,9.463122,-0.146541,-0.180360,0.014215,9.464636,0.234544,0.313376,0.310150
52.311753,0.999000,0.764000,1.500000,1.157035,0.435794,1.602364,1.084501,0.495617,1.483800,-0.103736,0.027541,0.550874,0.827658,-0.484459,1.094514,-0.156018,0.001306,-0.003708,0.006447,-0.000668,-0.002075,0.000243,8,0.034515,0.286905,10.121650,0.139222,0.029652,-0.034702,10.127581,0.182661,0.378382,0.282139
52.361676,0.985000,0.782000,1.500000,1.131811,0.445266,1.553355,1.072382,0.544211,1.481028,-0.089242,0.054737,0.773478,0.625117,-0.481096,1.126553,-0.144663,0.001306,-0.003706,0.006433,-0.000668,-0.002075,0.000243,9,-0.022277,-0.201831,10.096942,0.039882,0.194582,-0.029040,10.099909,0.208329,0.371201,0.254046
52.409496,0.976000,0.793000,1.500000,1.133749,0.475344,1.460850,1.062704,0.591383,1.473188,-0.061481,0.073054,0.930273,0.354224,-0.493590,1.130865,-0.140092,0.001306,-0.003706,0.006478,-0.000668,-0.002075,0.000243,5,0.146777,0.274637,9.929625,0.069591,0.052033,-0.008204,9.936775,0.139590,0.356823,0.221102
52.463450,0.963000,0.809000,1.501000,1.056583,0.522332,1.530435,1.037933,0.627228,1.473658,-0.069629,0.058283,0.850878,0.517457,-0.509451,1.203057,-0.136688,0.001315,-0.003703,0.006455,-0.000669,-0.002073,0.000243,20,-0.035576,0.219782,9.865555,0.063181,-0.039094,-0.025630,9.869271,0.119125,0.302989,0.198504
52.513401,0.952000,0.824000,1.500000,1.070017,0.532351,1.526597,1.024368,0.661941,1.473240,-0.056410,0.067113,0.907672,0.410421,-0.516455,1.191613,-0.121801,0.001322,-0.003705,0.006453,-0.000669,-0.002070,0.000243,27,-0.136709,0.032348,9.918159,0.180356,0.071285,0.006067,9.922533,0.208421,0.315744,0.179489
52.563228,0.941000,0.838000,1.501000,1.089727,0.546230,1.519353,1.021450,0.699476,1.472900,-0.039596,0.072922,0.971525,0.221934,-0.460174,1.175604,-0.113274,0.001326,-0.003720,0.006460,-0.000664,-0.002069,0.000243,22,-0.012661,0.154257,9.903074,0.200459,0.013634,0.009552,9.909048,0.226357,0.328003,0.162637
52.617235,0.922000,0.860000,1.501000,1.051262,0.582072,1.601489,1.008946,0.728428,1.478868,-0.026277,0.073974,0.995976,0.043235,-0.441152,1.182998,-0.101493,0.001323,-0.003736,0.006368,-0.000659,-0.002070,0.000244,24,0.039763,0.007300,9.802384,0.054518,-0.008527,-0.010852,9.807774,0.095138,0.322569,0.159250
52.675386,0.911000,0.872000,1.500000,1.043505,0.575063,1.557793,0.942856,0.770704,1.479861,-0.051143,0.059588,0.923356,0.375828,-0.542394,1.185461,-0.095114,0.001330,-0.003762,0.006336,-0.000650,-0.002068,0.000245,13,0.034237,0.288648,9.923428,0.032761,-0.035271,0.023063,9.928692,0.076930,0.330256,0.108080
52.723207,0.895000,0.889000,1.499000,1.051451,0.594370,1.593360,0.949240,0.771509,1.490386,-0.002445,-0.057672,-0.823801,0.563933,-0.528142,1.055704,-0.065232,0.001242,-0.003719,0.006253,-0.000664,-0.002096,0.000243,6,-0.038294,-0.183880,9.892752,0.016917,0.027173,-0.000656,9.895435,0.039462,0.346680,0.129693
52.781359,0.882000,0.903000,1.499000,1.005758,0.642060,1.529655,0.940414,0.784733,1.492312,-0.007952,0.055321,0.901937,-0.428236,-0.473095,1.069016,-0.068276,0.001219,-0.003736,0.006264,-0.000659,-0.002105,0.000243,16,-0.146537,-0.155791,9.709181,-0.027843,0.028864,0.031827,9.712775,0.081391,0.290423,0.132076
52.841612,0.866000,0.920000,1.499000,1.000578,0.662380,1.529328,0.923302,0.803712,1.493158,-0.017597,0.054022,0.973346,-0.222193,-0.544542,1.024835,-0.073459,0.001234,-0.003793,0.006265,-0.000640,-0.002101,0.000243,9,-0.001881,-0.376449,9.591353,-0.039408,0.001310,0.020702,9.600447,0.071259,0.292232,0.129771
52.897847,0.850000,0.935000,1.499000,1.007174,0.649470,1.525927,0.908646,0.816971,1.494031,-0.016796,0.050001,0.976564,-0.208662,-0.552575,0.949273,-0.056772,0.001221,-0.003825,0.006276,-0.000628,-0.002106,0.000243,7,0.297842,0.827433,9.934314,-0.016927,-0.113234,-0.004976,9.973702,0.121855,0.327042,0.131890
52.951754,0.834000,0.952000,1.499000,0.974263,0.666211,1.500812,0.882926,0.837420,1.491889,-0.029860,0.041451,0.947644,0.315215,-0.593540,0.943343,-0.058369,0.001237,-0.003861,0.006315,-0.000614,-0.002100,0.000243,11,-0.194965,-0.046147,9.860839,0.054780,0.056541,-0.046853,9.863978,0.103785,0.318359,0.124791
53.007979,0.825000,0.960000,1.499000,0.939754,0.668958,1.491898,0.894213,0.852471,1.491387,-0.008549,-0.023694,-0.512513,0.858310,-0.431880,0.859284,-0.050815,0.001099,-0.003575,0.006374,-0.000723,-0.002146,0.000239,23,-0.035780,0.127837,9.860409,-0.094434,-0.007688,-0.033651,9.864862,0.121077,0.312929,0.128105
53.051581,0.825000,0.960000,1.499000,0.922104,0.671313,1.468805,0.868717,0.841786,1.488047,-0.009301,0.033911,0.949909,-0.310541,-0.536387,0.832174,-0.048061,0.001086,-0.003865,0.006478,-0.000611,-0.002159,0.000238,6,-0.028932,0.277493,9.957479,-0.090652,-0.126969,-0.014769,9.964156,0.161550,0.306074,0.126513
53.099344,0.798000,0.983000,1.499000,0.948214,0.709678,1.565773,0.850791,0.858914,1.491862,-0.013807,0.032216,0.994971,-0.093833,-0.506369,0.797989,-0.053906,0.001268,-0.004015,0.006404,-0.000548,-0.002089,0.000242,5,-0.230756,0.371454,9.463830,-0.026622,-0.024450,0.022527,9.474649,0.078916,0.318948,0.135038
53.151247,0.784000,0.995000,1.499000,0.914429,0.765318,1.455550,0.834166,0.878191,1.486262,-0.010685,0.028858,0.986610,-0.160165,-0.500276,0.772469,-0.057510,0.001262,-0.004048,0.006514,-0.000534,-0.002091,0.000241,51,-0.032103,0.150761,9.771969,-0.080113,-0.041682,-0.003522,9.776375,0.119060,0.267682,0.127762
53.207411,0.765000,1.010000,1.499000,0.936948,0.764435,1.535144,0.825479,0.889753,1.488816,-0.016674,0.023014,0.997591,0.063280,-0.482224,0.756482,-0.046947,0.001306,-0.004112,0.006468,-0.000507,-0.002074,0.000242,8,-0.005068,-0.032292,9.917855,0.063211,0.096228,-0.044212,9.919092,0.153961,0.301952,0.134984
53.261418,0.765000,1.010000,1.499000,0.961197,0.771882,1.544313,0.811497,0.967167,1.490552,-0.029475,0.003461,0.555661,0.830879,-0.601223,0.660058,-0.034311,0.001462,-0.004113,0.006374,-0.000504,-0.002008,0.000247,2,-0.065224,-0.080996,9.894154,-0.169712,-0.067970,-0.069296,9.894733,0.195661,0.311844,0.063780
53.311280,0.735000,1.033000,1.500000,0.912797,0.751692,1.557971,0.912528,0.750920,1.558563,-0.000000,0.000000,0.000000,1.000000,-0.601223,0.660058,-0.034311,0.001722,-0.003747,0.006392,-0.000663,-0.001892,0.000245,0,0.000000,0.000000,0.000000,0.000000,0.000000,0.000000,0.000000,0.000000,0.337796,0.338401
53.361063,0.718000,1.046000,1.500000,0.906265,0.774438,1.549079,0.883517,0.782724,1.552656,-0.013081,0.006093,0.873835,-0.486009,-0.606747,0.661529,-0.021539,0.001699,-0.003976,0.006402,-0.000562,-0.001905,0.000253,7,-0.134839,-0.030983,10.031232,0.158278,0.101663,0.027896,10.032411,0.190862,0.334064,0.315409
53.408918,0.700000,1.057000,1.500000,0.886223,0.818264,1.524186,0.859230,0.808923,1.541779,0.018980,-0.011560,-0.548576,0.835805,-0.594728,0.651081,-0.016044,0.001262,-0.004097,0.006394,-0.000512,-0.002099,0.000245,4,0.141841,0.392167,9.965556,0.171739,0.147913,-0.024566,9.974285,0.228277,0.303741,0.297728
53.475430,0.683000,1.068000,1.500000,0.909830,0.811291,1.564696,0.860284,0.843663,1.546882,0.031025,0.017941,0.361901,0.931528,-0.555845,0.607343,-0.017020,0.001396,-0.004084,0.006391,-0.000518,-0.002036,0.000244,15,-0.069526,0.134709,9.802533,0.161309,0.075906,-0.041897,9.806278,0.187258,0.348621,0.289749
53.533659,0.661000,1.082000,1.501000,0.850063,0.889678,1.534364,0.834492,0.876690,1.543055,0.031093,0.024513,0.494201,0.868445,-0.502166,0.593168,-0.019163,0.001213,-0.004092,0.006390,-0.000515,-0.002121,0.000240,13,0.018686,-0.287094,9.822195,0.095643,0.104902,0.030909,9.828131,0.171530,0.271746,0.272067
53.587680,0.661000,1.082000,1.501000,0.840598,0.916919,1.552129,0.816201,0.910037,1.543557,0.032970,0.029232,0.541408,0.839605,-0.469881,0.607792,-0.018172,0.001106,-0.004073,0.006384,-0.000526,-0.002174,0.000238,6,-0.097464,0.187390,9.821371,0.097222,0.036452,0.011935,9.837998,0.121760,0.249241,0.235520
53.639582,0.628000,1.102000,1.502000,0.811729,0.901879,1.481134,0.799034,0.933402,1.532809,0.044108,0.034763,0.575451,0.815906,-0.413997,0.575359,-0.021974,0.001134,-0.004067,0.006398,-0.000527,-0.002160,0.000238,3,0.196158,0.043823,9.864269,0.254979,0.066804,0.033855,9.866476,0.266212,0.272471,0.242131
53.691527,0.609000,1.111000,1.502000,0.801895,0.917193,1.506096,0.783740,0.951780,1.527388,0.050580,0.032171,0.541139,0.838794,-0.328708,0.522615,-0.025789,0.001080,-0.004034,0.006404,-0.000545,-0.002189,0.000239,10,0.061378,-0.110640,9.818752,0.026346,-0.074701,0.020585,9.819778,0.132238,0.273471,0.237759
53.753858,0.592000,1.121000,1.502000,0.789566,0.883379,1.513413,0.775076,0.962731,1.523138,0.061056,0.022107,0.673716,0.736132,-0.298266,0.427677,-0.020165,0.001080,-0.004033,0.006409,-0.000544,-0.002190,0.000239,17,-0.042216,0.275908,10.002966,-0.066895,-0.158914,-0.008679,10.012398,0.179132,0.309235,0.242926
53.818295,0.564000,1.134000,1.501000,0.796900,0.949736,1.546168,0.767961,0.976112,1.523964,0.061490,0.016978,0.678704,0.731636,-0.195516,0.362354,-0.035506,0.001080,-0.004034,0.006396,-0.000543,-0.002191,0.000239,5,-0.100604,0.052367,9.673963,-0.218276,-0.051560,-0.025900,9.674746,0.225980,0.300393,0.258952
53.880593,0.548000,1.141000,1.501000,0.772465,0.929721,1.503531,0.763159,0.983904,1.518231,0.068168,0.015335,0.682349,0.727680,-0.142962,0.287915,-0.050018,0.001080,-0.004034,0.006406,-0.000543,-0.002192,0.000239,11,-0.066543,0.375970,9.763490,0.006896,-0.050271,0.011244,9.771660,0.079140,0.308269,0.266964
53.930516,0.526000,1.150000,1.500000,0.736352,0.961202,1.520516,0.755431,0.990225,1.515944,0.067477,0.010305,0.737252,0.672161,-0.102465,0.244956,-0.048753,0.001081,-0.004034,0.006403,-0.000542,-0.002193,0.000239,4,-0.056472,0.434402,9.808832,0.059045,0.032296,0.008514,9.819919,0.100114,0.283396,0.280037
53.984571,0.507000,1.158000,1.500000,0.714496,0.942055,1.543266,0.746874,0.988637,1.515864,0.067068,0.004418,0.749817,0.658222,-0.076905,0.175927,-0.049154,0.001081,-0.004034,0.006379,-0.000542,-0.002194,0.000239,8,0.129337,0.073383,9.875811,-0.095880,0.071937,0.066338,9.877844,0.143642,0.302587,0.294066
54.038543,0.487000,1.165000,1.499000,0.712069,1.030915,1.515855,0.735818,1.002072,1.514194,0.062607,-0.000173,0.839639,0.539525,-0.003230,0.160326,-0.052686,0.001081,-0.004035,0.006379,-0.000541,-0.002195,0.000239,9,0.154316,-0.100508,9.919732,-0.002509,0.056764,0.031542,9.927259,0.108087,0.262524,0.297803
54.103026,0.468000,1.172000,1.499000,0.657966,0.963523,1.515031,0.720368,0.998450,1.511326,0.060032,-0.004885,0.847306,0.527678,-0.006173,0.080175,-0.060444,0.001081,-0.004036,0.006373,-0.000541,-0.002195,0.000239,11,-0.041993,-0.221241,9.678224,-0.024492,-0.013308,0.016251,9.685536,0.089776,0.282501,0.306531
54.150810,0.451000,1.177000,1.499000,0.678551,1.034170,1.511004,0.714622,1.001596,1.511293,0.055628,-0.012225,0.913561,0.402693,-0.009487,0.096749,-0.060452,0.001085,-0.004037,0.006378,-0.000540,-0.002194,0.000239,3,-0.126285,-0.242806,9.563731,-0.008847,0.041934,-0.000478,9.567766,0.053516,0.268931,0.316882
54.196529,0.435000,1.183000,1.498000,0.686118,1.002829,1.572473,0.708033,1.004702,1.516802,0.053120,-0.012826,0.923950,0.378590,-0.043362,0.089617,-0.052620,0.001082,-0.004037,0.006327,-0.000540,-0.002195,0.000239,6,0.541382,0.879786,9.750644,0.047589,-0.014942,-0.022345,9.805510,0.069936,0.317912,0.326635
54.246336,0.435000,1.183000,1.498000,0.662716,1.040718,1.581142,0.700080,1.010238,1.521833,0.053625,-0.008791,0.902026,0.428247,-0.042085,0.082432,-0.042995,0.001082,-0.004038,0.006277,-0.000540,-0.002196,0.000239,15,0.008814,0.190768,10.016367,0.097899,0.003238,-0.021647,10.018994,0.113944,0.281090,0.317304
54.289949,0.404000,1.191000,1.499000,0.620684,1.019413,1.504105,0.690559,1.009344,1.520382,0.051417,-0.011348,0.916221,0.397198,-0.056783,0.072248,-0.041697,0.001083,-0.004037,0.006290,-0.000540,-0.002196,0.000239,9,-0.022621,-0.007192,9.987051,-0.016518,-0.027996,0.017064,9.987686,0.064776,0.276442,0.339959
54.337793,0.390000,1.194000,1.498000,0.597649,1.024424,1.547461,0.679852,1.010498,1.522387,0.050749,-0.010868,0.914375,0.401528,-0.070673,0.057044,-0.042355,0.001083,-0.004037,0.006272,-0.000540,-0.002196,0.000239,6,-0.318021,0.412635,9.598202,0.213682,-0.001774,0.013799,9.612515,0.218286,0.272618,0.343922
54.385577,0.368000,1.200000,1.498000,0.610349,1.043450,1.556411,0.674096,1.008329,1.523842,0.037516,-0.024625,0.994232,0.097416,-0.085834,0.048418,-0.041067,0.001084,-0.004039,0.006253,-0.000540,-0.002194,0.000239,7,0.200067,0.449921,9.661757,-0.146059,-0.066447,-0.022804,9.677021,0.164876,0.294368,0.362078
54.427206,0.357000,1.203000,1.498000,0.607271,1.058756,1.561525,0.665101,1.019901,1.526826,0.041824,-0.018368,0.970973,0.234788,-0.091818,0.061819,-0.037104,0.001085,-0.004042,0.006231,-0.000539,-0.002194,0.000239,4,-0.209083,0.165952,9.881490,0.079798,0.081780,0.003387,9.885304,0.116717,0.295765,0.359559
54.464557,0.343000,1.207000,1.498000,0.575569,1.086764,1.542009,0.654882,1.027201,1.527675,0.038979,-0.019833,0.978785,0.200170,-0.109981,0.064067,-0.036420,0.001086,-0.004042,0.006224,-0.000539,-0.002193,0.000239,9,0.019981,0.292383,9.663397,-0.113316,-0.070163,-0.010170,9.668297,0.154225,0.265484,0.361219
54.508205,0.324000,1.212000,1.498000,0.573031,1.072116,1.567107,0.646638,1.030808,1.529957,0.038993,-0.019937,0.977342,0.207086,-0.118370,0.056580,-0.032509,0.001085,-0.004042,0.006200,-0.000539,-0.002194,0.000239,3,0.037720,0.126244,9.842242,-0.076175,-0.102376,0.016697,9.843179,0.129759,0.293870,0.371412
54.576765,0.307000,1.216000,1.497000,0.539174,1.103225,1.507988,0.627643,1.036967,1.526540,0.026585,-0.027494,0.997938,-0.051537,-0.115073,0.055008,-0.046350,0.001083,-0.004048,0.006218,-0.000537,-0.002194,0.000239,12,-0.038804,0.026672,9.570060,-0.015698,-0.031898,0.035354,9.576966,0.058967,0.258347,0.368425
54.609926,0.291000,1.220000,1.497000,0.533309,1.073261,1.637557,0.628872,1.029122,1.531251,0.014847,0.041167,-0.671032,0.740135,-0.148845,-0.031985,-0.044442,0.001071,-0.004053,0.006126,-0.000534,-0.002199,0.000238,2,-0.063200,-0.249864,9.750646,-0.192920,0.069863,-0.005166,9.754094,0.205295,0.316231,0.389570
54.657810,0.270000,1.225000,1.497000,0.509361,1.085193,1.536548,0.595202,1.051517,1.532013,0.012872,0.036274,-0.698448,0.714625,-0.199428,-0.013967,-0.035165,0.001091,-0.004036,0.006132,-0.000542,-0.002190,0.000238,16,0.149135,-0.005626,9.950661,-0.111823,0.092367,0.014084,9.953657,0.157711,0.280006,0.370241
54.707763,0.252000,1.229000,1.497000,0.479012,1.114727,1.505582,0.573093,1.059262,1.529292,0.024736,0.032873,-0.536987,0.842587,-0.113659,-0.012267,-0.045847,0.001104,-0.004021,0.006157,-0.000548,-0.002185,0.000238,9,0.211238,0.541255,9.767766,0.057808,0.125280,-0.004126,9.789093,0.155759,0.254296,0.364629
54.757555,0.229000,1.233000,1.497000,0.479296,1.147231,1.601375,0.555076,1.071230,1.533175,0.019181,0.033509,-0.617150,0.785897,-0.156120,0.005891,-0.039280,0.001110,-0.004010,0.006067,-0.000552,-0.002182,0.000238,7,0.095580,-0.217494,9.714235,0.001733,0.080557,0.005971,9.726148,0.144401,0.284427,0.365792
54.815720,0.210000,1.237000,1.497000,0.402452,1.132781,1.483838,0.525825,1.073427,1.528099,0.030206,0.027632,-0.522250,0.851809,-0.207420,-0.008028,-0.026355,0.001123,-0.003975,0.006131,-0.000565,-0.002178,0.000238,13,-0.037042,-0.050718,10.079761,0.067799,-0.015504,0.003014,10.081406,0.123828,0.219255,0.357027
54.871806,0.210000,1.237000,1.497000,0.422809,1.166455,1.543196,0.500015,1.088630,1.528702,0.032664,0.024058,-0.543736,0.838275,-0.197655,-0.029403,-0.032447,0.001129,-0.003960,0.006109,-0.000572,-0.002174,0.000238,25,-0.121405,0.222221,9.749501,0.136121,0.024555,-0.002591,9.756265,0.150702,0.228907,0.327303
54.929990,0.164000,1.244000,1.497000,0.391803,1.147298,1.556905,0.477211,1.102396,1.530507,0.019154,0.021737,-0.736557,0.675754,-0.238820,-0.019227,-0.024639,0.001142,-0.003942,0.006055,-0.000578,-0.002170,0.000238,5,0.091044,0.092221,9.905787,-0.002577,-0.068692,-0.010904,9.909875,0.173991,0.254626,0.345363
54.975664,0.145000,1.246000,1.497000,0.389746,1.181192,1.563343,0.453317,1.111518,1.532769,0.016761,0.021587,-0.733570,0.679064,-0.266181,-0.026811,-0.013435,0.001133,-0.003913,0.005999,-0.000590,-0.002174,0.000238,17,0.114794,0.039839,9.929858,-0.176053,-0.082910,-0.000163,9.932060,0.199402,0.261729,0.338266
55.027711,0.129000,1.248000,1.497000,0.402204,1.102172,1.567931,0.434032,1.109755,1.535218,0.011069,0.021354,-0.749946,0.661062,-0.277187,-0.072917,-0.007861,0.001164,-0.003917,0.005930,-0.000589,-0.002162,0.000238,14,0.320131,0.318379,9.878471,-0.082057,-0.064116,-0.013449,9.895039,0.112532,0.317706,0.337071
55.079602,0.104000,1.251000,1.497000,0.365656,1.150894,1.573160,0.411439,1.112540,1.538291,0.009452,0.020136,-0.743644,0.668206,-0.275271,-0.079451,0.000868,0.001183,-0.003901,0.005856,-0.000596,-0.002154,0.000238,14,-0.111869,-0.020180,9.894391,-0.173967,-0.107346,0.010986,9.900295,0.210930,0.290320,0.339698
55.127393,0.086000,1.251000,1.497000,0.359469,1.177280,1.472576,0.392904,1.117370,1.533362,0.011604,0.018036,-0.713547,0.700279,-0.276618,-0.076877,-0.002348,0.001210,-0.003885,0.005980,-0.000602,-0.002144,0.000238,20,-0.171158,0.012057,9.815765,-0.067679,-0.052402,0.013781,9.818724,0.185536,0.284282,0.336704
55.175210,0.066000,1.252000,1.498000,0.327330,1.147786,1.558326,0.373301,1.119702,1.535571,0.013395,0.018151,-0.710117,0.703722,-0.270789,-0.076639,0.001423,0.001238,-0.003878,0.005926,-0.000605,-0.002132,0.000238,4,-0.077895,0.512130,9.859579,0.000436,0.085377,-0.033792,9.873351,0.094729,0.287738,0.336672
55.231351,0.066000,1.252000,1.498000,0.353267,1.183986,1.539502,0.357682,1.124155,1.536339,0.016173,0.016886,-0.682109,0.730877,-0.262449,-0.077020,0.007108,0.001268,-0.003875,0.005919,-0.000607,-0.002119,0.000237,12,-0.251151,0.400832,9.843873,0.101668,0.071129,-0.030852,9.856448,0.136211,0.298112,0.320769
55.283284,0.021000,1.252000,1.498000,0.262381,1.159427,1.464189,0.336073,1.127937,1.531399,0.021576,0.013712,-0.663013,0.748171,-0.266419,-0.093234,0.008064,0.001318,-0.003879,0.006062,-0.000605,-0.002097,0.000236,7,0.289696,0.273879,10.002006,0.165312,0.080633,0.028234,10.010103,0.192406,0.260725,0.340262
55.339347,0.000000,1.251000,1.498000,0.257383,1.210210,1.553323,0.316407,1.139760,1.534578,0.018231,0.011606,-0.725306,0.688088,-0.288947,-0.091513,0.019341,0.001341,-0.003848,0.006012,-0.000619,-0.002088,0.000237,13,0.039436,-0.244157,9.933832,0.028359,-0.047904,-0.010258,9.937992,0.086160,0.266403,0.337381
55.393450,-0.018000,1.250000,1.499000,0.245070,1.156485,1.648143,0.244540,1.156506,1.648049,-0.000000,0.000000,-0.000000,1.000000,-0.288947,-0.091513,0.019341,0.001359,-0.003870,0.006005,-0.000609,-0.002079,0.000236,1,0.017655,-0.475155,9.789675,0.080767,-0.019846,0.034262,9.801215,0.089950,0.316535,0.316045
55.447392,-0.042000,1.248000,1.500000,0.251178,1.168180,1.530093,0.241738,1.161157,1.588642,-0.006320,0.018652,-0.185175,0.982508,-0.252762,-0.089943,0.011254,0.001352,-0.003858,0.006007,-0.000615,-0.002082,0.000236,8,0.178229,0.039974,9.832104,0.108649,-0.027049,0.024755,9.833838,0.118538,0.305336,0.309688
55.507679,-0.062000,1.245000,1.500000,0.247466,1.194640,1.553807,0.238668,1.152165,1.578301,0.030062,-0.009609,0.971661,0.234262,-0.222507,-0.048660,0.020819,0.001345,-0.003843,0.006011,-0.000622,-0.002084,0.000236,13,-0.082664,-0.145558,9.918609,-0.063367,0.005270,-0.011797,9.920713,0.115562,0.318120,0.324270
55.557514,-0.078000,1.243000,1.500000,0.172516,1.182137,1.523479,0.209660,1.170634,1.565258,0.013604,0.021961,0.809826,0.586101,-0.235443,-0.066577,0.010683,0.001345,-0.003843,0.006015,-0.000623,-0.002083,0.000236,8,0.109896,0.241054,9.715370,0.038429,-0.127638,0.025326,9.721390,0.167123,0.258870,0.303716
55.615701,-0.098000,1.239000,1.499000,0.161611,1.188162,1.543102,0.193101,1.172705,1.561254,0.001404,0.036401,0.528485,0.848161,-0.228343,-0.035657,0.023068,0.001345,-0.003843,0.006017,-0.000623,-0.002083,0.000236,17,-0.156773,-0.122262,9.972612,0.017991,0.041172,0.050068,9.981861,0.158478,0.268193,0.304976
55.657371,-0.113000,1.237000,1.500000,0.169322,1.167180,1.539150,0.169424,1.167201,1.539149,0.000000,0.000000,0.000000,1.000000,-0.228343,-0.035657,0.023068,0.001345,-0.003843,0.006017,-0.000623,-0.002083,0.000236,0,0.000000,0.000000,0.000000,0.000000,0.000000,0.000000,0.000000,0.000000,0.293451,0.293543
55.717554,-0.141000,1.232000,1.501000,0.105356,1.214593,1.564303,0.141480,1.204260,1.551274,-0.023993,-0.010285,-0.089204,0.995671,-0.255645,0.008442,0.016903,0.001345,-0.003843,0.006016,-0.000623,-0.002083,0.000236,10,-0.079467,0.425598,9.682778,0.021170,0.042925,0.028095,9.695227,0.201242,0.254954,0.288256
55.777852,-0.163000,1.227000,1.502000,0.075681,1.212458,1.511410,0.142268,1.214821,1.540115,-0.037005,0.043993,0.948328,0.312040,-0.226806,0.055401,0.013752,0.001345,-0.003843,0.006016,-0.000623,-0.002083,0.000236,4,0.219156,0.113639,9.805851,-0.204422,0.180857,0.005583,9.809001,0.273458,0.239309,0.307879
55.829818,-0.188000,1.222000,1.502000,0.073554,1.200703,1.530357,0.096216,1.201593,1.538392,-0.048078,0.014651,0.540070,0.840118,-0.283285,0.103921,0.013656,0.001345,-0.003843,0.006017,-0.000623,-0.002083,0.000236,7,0.165140,0.039037,9.965195,-0.068358,0.037453,-0.015656,9.966913,0.084639,0.263947,0.287262
55.881700,-0.202000,1.219000,1.501000,0.023379,1.184667,1.483015,0.083053,1.217684,1.524932,-0.015465,0.058483,0.993964,0.091523,-0.332636,0.080374,0.022199,0.001345,-0.003843,0.006023,-0.000623,-0.002083,0.000236,6,-0.221167,0.113177,9.904429,0.213148,0.203291,0.043787,9.908150,0.301579,0.228688,0.286058
55.939884,-0.223000,1.215000,1.501000,0.011100,1.213121,1.556216,0.033677,1.212534,1.533020,-0.050072,0.020572,0.606576,0.793180,-0.358230,0.170170,0.015617,0.001345,-0.003843,0.006016,-0.000623,-0.002083,0.000236,27,-0.280428,-0.230654,9.816074,0.021820,0.113839,0.005274,9.826326,0.154534,0.240531,0.258678
55.989799,-0.243000,1.210000,1.501000,0.026281,1.210882,1.469330,0.017654,1.219242,1.523806,-0.047225,0.021065,0.621141,0.781991,-0.357810,0.222378,-0.000920,0.001345,-0.003843,0.006033,-0.000623,-0.002083,0.000236,2,-0.135553,0.071289,9.585457,0.051656,-0.003589,-0.039821,9.586843,0.065588,0.271139,0.261813
56.045921,-0.262000,1.206000,1.501000,0.010517,1.222301,1.565765,0.000739,1.229620,1.529784,-0.048636,0.023335,0.693437,0.718495,-0.346879,0.257471,0.005455,0.001345,-0.003843,0.006020,-0.000623,-0.002083,0.000236,13,0.002443,-0.063488,9.777323,-0.058008,-0.034945,0.009050,9.780364,0.097402,0.280581,0.265364
56.091565,-0.275000,1.202000,1.501000,-0.017094,1.228487,1.566552,-0.017163,1.228452,1.566556,0.000000,0.000000,0.000000,1.000000,-0.346879,0.257471,0.005455,0.001345,-0.003843,0.006020,-0.000623,-0.002083,0.000236,0,0.000000,0.000000,0.000000,0.000000,0.000000,0.000000,0.000000,0.000000,0.267422,0.267352
56.151837,-0.298000,1.196000,1.501000,-0.091010,1.221672,1.509054,-0.075433,1.249048,1.539734,0.015262,0.001440,0.513455,0.857979,-0.335727,0.256060,0.010151,0.001345,-0.003843,0.006020,-0.000623,-0.002083,0.000236,17,0.242060,0.116575,9.946204,0.016407,-0.019752,-0.004562,9.952012,0.092729,0.208731,0.232057
56.199570,-0.317000,1.192000,1.500000,-0.074592,1.241946,1.586790,-0.074598,1.241961,1.586779,0.000000,0.000000,0.000000,1.000000,-0.335727,0.256060,0.010151,0.001345,-0.003842,0.006020,-0.000623,-0.002083,0.000236,1,-0.130242,0.047492,9.824591,0.014181,-0.237846,0.003959,9.825569,0.238302,0.262276,0.262270
56.249496,-0.330000,1.188000,1.499000,-0.074494,1.209005,1.576543,-0.110366,1.252477,1.581732,0.000064,-0.000601,-0.815534,0.578710,-0.332836,0.243323,0.002192,0.001345,-0.003843,0.006020,-0.000623,-0.002083,0.000236,7,0.063487,0.147842,9.808515,0.066776,-0.210052,-0.010494,9.810692,0.231463,0.267838,0.243395
56.297328,-0.330000,1.188000,1.499000,-0.116939,1.251339,1.538812,-0.098851,1.239739,1.567256,0.005381,-0.011317,0.749560,0.661817,-0.339376,0.245224,0.000130,0.001345,-0.003843,0.006020,-0.000623,-0.002083,0.000236,10,-0.017501,0.004542,9.661600,-0.069908,-0.013465,-0.005863,9.662019,0.099738,0.225814,0.246507
56.334703,-0.330000,1.188000,1.499000,-0.089634,1.172414,1.498484,-0.103198,1.242334,1.550372,0.003656,-0.009266,0.998881,-0.046234,-0.317406,0.200720,-0.001575,0.001345,-0.003843,0.006021,-0.000623,-0.002083,0.000236,8,0.075235,-0.000668,9.771522,-0.075062,-0.029465,0.034449,9.772365,0.122388,0.240871,0.238811
56.372045,-0.365000,1.179000,1.499000,-0.141070,1.218876,1.427254,-0.108200,1.227470,1.525019,0.004560,-0.028540,0.999069,-0.032044,-0.328772,0.210837,-0.003120,0.001345,-0.003843,0.006023,-0.000623,-0.002084,0.000236,5,0.005627,0.138180,9.851051,0.025585,-0.005965,0.005207,9.852124,0.031530,0.238500,0.262627
56.424117,-0.383000,1.174000,1.499000,-0.180234,1.163308,1.503998,-0.123632,1.253471,1.522716,-0.007475,0.032557,-0.772741,0.633842,-0.283566,0.164139,-0.000856,0.001345,-0.003843,0.006024,-0.000623,-0.002083,0.000236,11,0.008852,0.115999,9.881225,-0.119867,-0.020962,-0.018872,9.882960,0.124521,0.203109,0.272305
56.490575,-0.408000,1.168000,1.499000,-0.153577,1.199544,1.540638,-0.163933,1.222955,1.524134,0.006145,-0.035061,0.993911,0.104282,-0.307999,0.092998,0.008485,0.001345,-0.003843,0.006022,-0.000623,-0.002083,0.000236,9,-0.092199,0.044059,10.015626,0.024801,-0.027858,-0.028677,10.019398,0.071761,0.259730,0.251437
56.536286,-0.419000,1.164000,1.499000,-0.138060,1.173457,1.553374,-0.172199,1.221058,1.528127,0.002196,-0.043993,0.997123,-0.061692,-0.332404,-0.013349,0.002393,0.001346,-0.003843,0.006017,-0.000622,-0.002083,0.000236,14,-0.166412,-0.039231,9.746393,0.043564,0.034348,0.031999,9.752460,0.099971,0.286310,0.254980
56.582006,-0.449000,1.155000,1.499000,-0.220262,1.157633,1.464912,-0.177117,1.208451,1.519723,-0.001231,-0.058530,0.998282,-0.002489,-0.326010,-0.018258,-0.005820,0.001345,-0.003843,0.006024,-0.000623,-0.002084,0.000236,10,-0.087429,-0.430140,9.656406,-0.008357,0.102978,0.018109,9.668351,0.124779,0.231279,0.277861
56.621482,-0.461000,1.150000,1.499000,-0.259221,1.215105,1.475457,-0.182033,1.208557,1.514595,-0.010471,-0.060605,0.981770,-0.179848,-0.312813,-0.032306,-0.009038,0.001345,-0.003843,0.006029,-0.000623,-0.002084,0.000236,8,-0.020454,0.009212,9.769165,-0.120389,0.087110,-0.023194,9.769879,0.153832,0.213325,0.285472
56.667177,-0.477000,1.144000,1.499000,-0.192200,1.193719,1.549076,-0.187322,1.206715,1.517664,-0.009125,-0.061337,0.985314,-0.159094,-0.310996,-0.047244,-0.011683,0.001345,-0.003843,0.006024,-0.000623,-0.002084,0.000236,8,0.291877,0.265281,9.565364,-0.013381,0.005910,-0.007469,9.573633,0.021793,0.293412,0.296976
56.712909,-0.494000,1.137000,1.499000,-0.226963,1.203729,1.479828,-0.192265,1.205407,1.514105,-0.009694,-0.061847,0.987723,-0.143122,-0.321290,-0.053618,-0.012912,0.001345,-0.003843,0.006029,-0.000623,-0.002084,0.000236,8,-0.105234,0.046733,9.865867,0.114112,0.071280,0.039612,9.867305,0.146813,0.275915,0.309761
56.758556,-0.511000,1.130000,1.500000,-0.258651,1.154991,1.559173,-0.258577,1.154823,1.559284,0.000000,0.000000,-0.000000,1.000000,-0.321290,-0.053618,-0.012912,0.001345,-0.003843,0.006029,-0.000622,-0.002084,0.000236,0,0.000000,0.000000,0.000000,0.000000,0.000000,0.000000,0.000000,0.000000,0.260396,0.260477
56.802207,-0.525000,1.123000,1.500000,-0.290162,1.176386,1.564015,-0.266884,1.165422,1.562285,-0.032832,0.004925,0.981873,0.186608,-0.320378,-0.051206,-0.012078,0.001345,-0.003843,0.006029,-0.000622,-0.002084,0.000236,5,0.155455,0.252422,10.039105,-0.075003,-0.031979,-0.010534,10.043738,0.090867,0.249192,0.268892
56.866661,-0.554000,1.110000,1.499000,-0.306445,1.149301,1.421150,-0.287507,1.160271,1.514346,-0.023211,0.008918,0.962999,0.268355,-0.349337,-0.038655,-0.013757,0.001345,-0.003843,0.006030,-0.000622,-0.002084,0.000236,5,-0.077646,-0.124600,9.796721,-0.046397,-0.112056,-0.004135,9.798616,0.126160,0.262466,0.271627
56.910277,-0.565000,1.104000,1.499000,-0.285241,1.172476,1.548311,-0.304520,1.160576,1.522204,-0.027331,0.015849,0.944564,0.326802,-0.347243,-0.022686,-0.014411,0.001345,-0.003843,0.006029,-0.000622,-0.002084,0.000236,17,-0.219321,0.137311,9.864249,0.001836,-0.209202,0.007752,9.869690,0.219893,0.292209,0.267562
56.978889,-0.586000,1.094000,1.499000,-0.352558,1.141673,1.553939,-0.321517,1.160315,1.528289,-0.024053,0.020844,0.972978,0.228692,-0.398583,0.006879,-0.010065,0.001345,-0.003843,0.006027,-0.000622,-0.002084,0.000236,11,-0.068736,0.147029,9.883983,0.129121,0.047470,-0.008412,9.889733,0.209396,0.244512,0.274239
57.016275,-0.603000,1.085000,1.499000,-0.366247,1.170530,1.558787,-0.346425,1.158739,1.533234,-0.032791,0.005826,0.858960,0.510958,-0.433275,0.007421,-0.011012,0.001345,-0.003843,0.006024,-0.000622,-0.002084,0.000236,13,0.268878,-0.060636,9.808155,-0.009850,-0.062211,-0.009021,9.812194,0.123219,0.258731,0.269147
57.074510,-0.625000,1.074000,1.498000,-0.310351,1.124517,1.541919,-0.358867,1.155011,1.534191,-0.024372,0.006873,0.871522,0.489702,-0.412120,0.003975,-0.002460,0.001345,-0.003843,0.006025,-0.000622,-0.002084,0.000236,29,-0.060167,0.066606,9.815705,-0.104090,-0.058898,0.014538,9.821037,0.147390,0.321691,0.280534
57.120207,-0.642000,1.065000,1.499000,-0.386208,1.146240,1.461356,-0.379974,1.151904,1.524515,-0.020460,0.003322,0.727432,0.685867,-0.437280,0.011049,0.005422,0.001345,-0.003843,0.006041,-0.000622,-0.002084,0.000236,3,0.016586,0.032327,10.107668,0.180837,0.080704,-0.000381,10.108090,0.198336,0.271010,0.277238
57.167934,-0.660000,1.055000,1.499000,-0.395012,1.155898,1.542996,-0.399776,1.153783,1.527136,-0.018998,0.006310,0.751513,0.659414,-0.443311,0.028754,0.011803,0.001345,-0.003843,0.006036,-0.000622,-0.002084,0.000236,19,-0.036329,-0.112933,9.977138,0.070956,-0.012362,0.008509,9.980276,0.089772,0.286940,0.279761
57.211593,-0.676000,1.046000,1.499000,-0.397446,1.129693,1.455866,-0.403539,1.149846,1.519396,-0.015119,0.004772,0.713088,0.700896,-0.435781,0.013843,0.005877,0.001345,-0.003843,0.006056,-0.000622,-0.002084,0.000236,14,-0.263256,-0.090953,9.678667,0.105043,-0.009214,0.030821,9.684893,0.122663,0.294037,0.292292
57.253110,-0.691000,1.037000,1.499000,-0.457457,1.105722,1.523004,-0.411956,1.143812,1.519763,-0.012288,-0.000368,0.650980,0.758996,-0.451896,0.000987,0.005177,0.001344,-0.003843,0.006054,-0.000622,-0.002084,0.000236,6,0.145873,-0.172638,9.697908,0.089899,-0.052364,0.010619,9.701062,0.105971,0.244624,0.299509
57.296798,-0.711000,1.024000,1.499000,-0.464855,1.084161,1.544944,-0.423439,1.136241,1.522154,-0.008934,-0.002335,0.654609,0.755911,-0.468308,-0.022228,0.004774,0.001344,-0.003843,0.006048,-0.000622,-0.002084,0.000236,13,-0.138059,0.261463,9.734057,0.086147,-0.051520,0.027613,9.739511,0.141238,0.257522,0.309557
57.350858,-0.723000,1.016000,1.499000,-0.497868,1.110175,1.472114,-0.451679,1.130714,1.517752,-0.007605,-0.004666,0.664668,0.747085,-0.486615,-0.013258,-0.008708,0.001345,-0.003843,0.006063,-0.000622,-0.002084,0.000236,10,0.247658,0.241970,9.808263,-0.010014,0.017150,-0.042684,9.815321,0.090217,0.245512,0.295171
57.396549,-0.737000,1.007000,1.500000,-0.498483,1.086211,1.566903,-0.454662,1.125750,1.521860,-0.005326,-0.004051,0.697667,0.716391,-0.484307,-0.018986,-0.005617,0.001345,-0.003843,0.006046,-0.000622,-0.002084,0.000236,5,0.160059,0.022250,9.757937,0.120651,-0.063224,-0.073542,9.759456,0.163074,0.260078,0.307073
57.442271,-0.737000,1.007000,1.500000,-0.508901,1.108462,1.504158,-0.467688,1.122030,1.520101,0.000914,-0.016555,0.422131,0.906383,-0.520799,-0.027259,-0.006142,0.001344,-0.003843,0.006051,-0.000622,-0.002084,0.000236,5,-0.318080,0.258286,10.161174,0.013444,-0.097806,0.007670,10.169645,0.119226,0.249681,0.293538
57.492079,-0.769000,0.983000,1.500000,-0.547430,1.086775,1.519725,-0.503252,1.117581,1.519819,0.000244,-0.021322,0.334860,0.942027,-0.576139,-0.038931,0.004879,0.001343,-0.003843,0.006050,-0.000622,-0.002084,0.000236,5,-0.079229,-0.110440,10.050404,-0.052526,0.046243,0.015961,10.060161,0.074994,0.245462,0.298541
57.550371,-0.782000,0.973000,1.500000,-0.576738,1.069633,1.540789,-0.543113,1.109916,1.521421,-0.001434,-0.026517,0.304833,0.952035,-0.606100,-0.062726,0.002197,0.001344,-0.003843,0.006040,-0.000622,-0.002084,0.000236,12,0.122762,-0.008306,9.712120,-0.056852,-0.043671,-0.004326,9.722815,0.080291,0.230508,0.276174
57.598149,-0.782000,0.973000,1.500000,-0.526829,1.048222,1.546553,-0.543133,1.102983,1.523104,-0.000051,-0.026846,0.323224,0.945941,-0.601148,-0.079991,0.003296,0.001344,-0.003843,0.006032,-0.000622,-0.002084,0.000236,2,0.126119,-0.017075,9.629431,-0.016059,-0.046657,0.009019,9.630482,0.050960,0.270070,0.272923
57.643854,-0.808000,0.952000,1.499000,-0.594790,1.078708,1.477203,-0.548939,1.099031,1.520010,-0.002386,-0.026342,0.429372,0.902740,-0.616457,-0.093385,-0.000578,0.001344,-0.003842,0.006048,-0.000623,-0.002084,0.000236,5,0.127071,-0.020743,9.635773,-0.020516,-0.020839,0.008268,9.637077,0.033307,0.248975,0.298617
57.693738,-0.826000,0.936000,1.498000,-0.601212,1.074014,1.495250,-0.582186,1.091105,1.518366,-0.010650,-0.026167,0.436695,0.899166,-0.645530,-0.126055,0.004131,0.001344,-0.003842,0.006060,-0.000623,-0.002084,0.000236,2,-0.191229,-0.210191,10.003060,-0.286589,0.185670,0.024292,10.007131,0.342439,0.263790,0.289685
57.749790,-0.838000,0.926000,1.499000,-0.609565,1.071452,1.466491,-0.617222,1.082047,1.515049,-0.013017,-0.025382,0.467139,0.883724,-0.699590,-0.123296,0.003386,0.001344,-0.003841,0.006095,-0.000623,-0.002084,0.000236,22,-0.029536,0.419956,9.889123,-0.097673,0.154227,-0.027637,9.900929,0.209109,0.272756,0.270835
57.805971,-0.854000,0.911000,1.499000,-0.671284,1.058168,1.507607,-0.657929,1.072936,1.514710,-0.013002,-0.020729,0.462001,0.886542,-0.740377,-0.118542,0.008329,0.001345,-0.003841,0.006101,-0.000623,-0.002084,0.000236,5,0.122463,0.363095,9.883466,0.082749,0.189311,-0.023018,9.891431,0.209167,0.234772,0.254782
57.874449,-0.870000,0.895000,1.500000,-0.669821,1.026863,1.560963,-0.699249,1.060774,1.518549,-0.009937,-0.020095,0.430296,0.902409,-0.775050,-0.112506,0.011206,0.001347,-0.003838,0.006066,-0.000624,-0.002083,0.000236,8,-0.077871,0.235871,9.854221,0.088411,0.008087,-0.047831,9.858468,0.106931,0.247338,0.238707
57.938896,-0.889000,0.877000,1.499000,-0.681045,0.988917,1.613052,-0.739133,1.041337,1.526364,-0.001717,-0.017894,0.286718,0.957847,-0.757976,-0.119204,0.011934,0.001352,-0.003835,0.005979,-0.000625,-0.002082,0.000236,11,0.041467,0.338123,9.629530,-0.030483,0.069679,-0.011205,9.636215,0.085702,0.262257,0.224088
58.003394,-0.903000,0.864000,1.499000,-0.742564,1.003926,1.449521,-0.775797,1.025764,1.520173,0.002924,-0.017971,0.171540,0.985009,-0.744894,-0.158206,-0.008543,0.001351,-0.003828,0.006080,-0.000627,-0.002082,0.000236,5,0.079491,0.017700,9.527734,-0.002608,-0.038534,-0.017786,9.528257,0.075727,0.218557,0.206873
58.051071,-0.919000,0.847000,1.499000,-0.739462,0.979348,1.519475,-0.739457,0.979344,1.519474,-0.000000,-0.000000,0.000000,1.000000,-0.744894,-0.158206,-0.008543,0.001342,-0.003828,0.006078,-0.000627,-0.002085,0.000236,0,0.000000,0.000000,0.000000,0.000000,0.000000,0.000000,0.000000,0.000000,0.223984,0.223986
58.107292,-0.938000,0.830000,1.499000,-0.752461,0.950887,1.511990,-0.771378,0.970688,1.513348,0.022938,0.031483,0.976162,-0.213519,-0.726821,-0.143438,-0.001496,0.001342,-0.003828,0.006078,-0.000627,-0.002085,0.000236,15,0.134033,0.147033,9.970868,0.000341,0.074177,0.000080,9.973857,0.134438,0.221827,0.218545
58.173746,-0.954000,0.815000,1.500000,-0.790230,0.986176,1.541448,-0.799657,0.971013,1.523307,0.012306,0.043915,0.937242,0.345684,-0.711196,-0.091390,0.006267,0.001342,-0.003828,0.006077,-0.000627,-0.002085,0.000236,8,0.248462,0.227257,9.950275,0.170631,0.046859,0.017382,9.957872,0.178045,0.240499,0.220692
58.221524,-0.969000,0.799000,1.500000,-0.798264,0.926318,1.548814,-0.822656,0.952511,1.529634,0.027173,0.038062,0.909898,0.412186,-0.675082,-0.088239,0.010358,0.001342,-0.003828,0.006076,-0.000627,-0.002085,0.000236,13,0.036735,0.221412,9.979540,0.143480,-0.167859,-0.010304,9.985956,0.223158,0.218503,0.214151
58.288006,-0.987000,0.782000,1.501000,-0.835566,0.915914,1.513294,-0.857194,0.938975,1.526174,0.038151,0.030990,0.922539,0.382760,-0.587817,-0.083258,0.000233,0.001342,-0.003828,0.006079,-0.000627,-0.002085,0.000236,20,-0.091496,-0.096651,9.706830,-0.062223,-0.114497,-0.014332,9.709481,0.215751,0.202525,0.205242
58.344147,-0.998000,0.770000,1.501000,-0.815072,0.948598,1.530259,-0.872584,0.936582,1.525396,0.051309,0.037144,0.928345,0.366283,-0.505167,-0.070857,-0.004262,0.001342,-0.003828,0.006077,-0.000627,-0.002085,0.000236,15,-0.070069,0.165878,9.643800,0.015494,-0.079394,0.018935,9.647399,0.225005,0.257324,0.209938
58.395978,-1.012000,0.755000,1.501000,-0.844575,0.930398,1.473911,-0.884687,0.932189,1.516520,0.055487,0.044283,0.934266,0.349440,-0.395013,-0.058358,-0.013128,0.001342,-0.003828,0.006092,-0.000627,-0.002085,0.000236,33,-0.143771,0.105229,9.851191,0.241757,0.106255,0.024514,9.857145,0.279987,0.243986,0.218736
58.458361,-1.028000,0.737000,1.501000,-0.855642,0.920759,1.523759,-0.895055,0.928222,1.515649,0.058288,0.043232,0.948006,0.309867,-0.280365,-0.026651,-0.022052,0.001342,-0.003828,0.006088,-0.000627,-0.002085,0.000236,48,0.010240,0.026234,9.818961,-0.050129,0.063837,-0.002091,9.820746,0.136583,0.252968,0.233355
58.512424,-1.039000,0.723000,1.500000,-0.896950,0.866027,1.511328,-0.901767,0.916631,1.513649,0.064681,0.028718,0.995989,0.054752,-0.197209,-0.032012,-0.010242,0.001342,-0.003829,0.006094,-0.000626,-0.002085,0.000236,12,0.050826,0.003581,10.005323,-0.166361,0.009035,-0.002902,10.005701,0.190940,0.201899,0.237723
58.570618,-1.057000,0.700000,1.501000,-0.924537,0.833407,1.518342,-0.907113,0.899050,1.512607,0.070632,0.003830,0.978990,-0.191247,-0.132341,-0.072939,-0.014377,0.001343,-0.003829,0.006097,-0.000626,-0.002085,0.000236,13,0.121820,0.102954,9.952353,-0.126794,-0.063100,0.032144,9.955714,0.165649,0.188798,0.249443
58.637102,-1.070000,0.679000,1.502000,-0.917547,0.865012,1.523656,-0.916916,0.883155,1.515969,0.061974,-0.013059,0.887906,-0.455644,-0.072436,-0.068445,-0.028318,0.001344,-0.003829,0.006092,-0.000627,-0.002084,0.000236,23,0.119787,0.348940,9.662475,0.038536,-0.135037,0.011282,9.673992,0.175227,0.241477,0.255557
58.699433,-1.084000,0.658000,1.502000,-0.931753,0.851851,1.511684,-0.920890,0.876058,1.510495,0.074926,0.002489,0.996375,-0.040198,0.043661,-0.106698,-0.057124,0.001342,-0.003828,0.006093,-0.000627,-0.002085,0.000236,9,-0.202437,0.400717,9.439646,-0.157697,-0.105261,-0.051888,9.450498,0.201907,0.246680,0.272445
58.759650,-1.100000,0.631000,1.502000,-0.955983,0.817453,1.531459,-0.920169,0.857222,1.509935,0.069838,0.004521,0.997510,-0.008693,0.114004,-0.158214,-0.057082,0.001342,-0.003829,0.006077,-0.000626,-0.002085,0.000236,4,0.086950,0.249054,9.912182,0.120805,0.138760,-0.031766,9.916327,0.187106,0.237431,0.289099
58.813754,-1.112000,0.610000,1.502000,-0.935170,0.841973,1.536533,-0.922841,0.854495,1.512540,0.068771,0.005821,0.997404,0.020533,0.114123,-0.161367,-0.052626,0.001342,-0.003829,0.006057,-0.000627,-0.002085,0.000236,8,-0.140244,-0.230213,10.031766,-0.007155,0.090550,0.010436,10.035817,0.112286,0.293723,0.309305
58.865665,-1.123000,0.592000,1.502000,-0.976499,0.786202,1.493163,-0.925040,0.841298,1.510378,0.067718,0.004817,0.995809,0.061278,0.119503,-0.200348,-0.054435,0.001342,-0.003828,0.006076,-0.000627,-0.002085,0.000236,7,-0.173885,0.329337,9.899390,-0.168996,0.113303,-0.042162,9.906599,0.211553,0.243423,0.318446
58.923856,-1.132000,0.577000,1.502000,-0.942903,0.796820,1.470782,-0.917731,0.822421,1.503801,0.066773,0.001879,0.996791,0.044109,0.202501,-0.232055,-0.054334,0.001342,-0.003827,0.006111,-0.000627,-0.002085,0.000236,23,-0.162261,0.379449,9.914249,0.041107,0.055445,-0.015160,9.926383,0.112531,0.291639,0.325801
58.969582,-1.141000,0.558000,1.502000,-1.008850,0.770034,1.550108,-0.926598,0.806269,1.507148,0.064492,-0.001623,0.997837,0.012622,0.206056,-0.255010,-0.051461,0.001343,-0.003830,0.006079,-0.000626,-0.002085,0.000236,26,-0.207334,0.229501,9.766730,0.038700,0.043662,-0.008020,9.773098,0.082071,0.254434,0.328073
59.023650,-1.152000,0.538000,1.502000,-1.004627,0.713921,1.608646,-0.941992,0.801513,1.518995,0.060536,0.003493,0.995882,0.067395,0.170877,-0.268287,-0.041283,0.001345,-0.003826,0.006014,-0.000628,-0.002084,0.000236,2,-0.036120,0.496090,9.674668,0.050285,-0.000987,-0.008962,9.687452,0.051595,0.253062,0.337389
59.073495,-1.159000,0.524000,1.502000,-1.013410,0.720930,1.562597,-0.948462,0.795258,1.522363,0.058598,0.010622,0.981066,0.184290,0.164522,-0.258803,-0.034531,0.001345,-0.003825,0.005984,-0.000629,-0.002084,0.000236,3,0.068757,0.012782,10.059819,0.153732,0.030907,0.030033,10.060101,0.160540,0.252289,0.343979
59.119180,-1.166000,0.507000,1.502000,-1.016253,0.721774,1.461211,-0.951149,0.786052,1.517612,0.055726,0.023078,0.908590,0.413311,0.202532,-0.281702,-0.042770,0.001345,-0.003818,0.006032,-0.000632,-0.002084,0.000236,7,-0.212688,-0.177420,9.872070,0.127703,0.012810,-0.017377,9.877437,0.140443,0.264983,0.352526
59.183676,-1.176000,0.484000,1.502000,-1.051624,0.706656,1.478004,-0.950645,0.742608,1.509509,0.060372,0.025967,0.856061,0.512679,0.237335,-0.404518,-0.052624,0.001340,-0.003817,0.006066,-0.000632,-0.002086,0.000236,10,-0.109179,0.119828,9.616043,0.116217,-0.050493,0.029514,9.619312,0.142960,0.256166,0.343102
59.245993,-1.183000,0.467000,1.503000,-1.100149,0.719454,1.429812,-0.961927,0.730947,1.504435,0.061301,0.023783,0.863003,0.500901,0.161977,-0.393904,-0.051060,0.001341,-0.003820,0.006141,-0.000630,-0.002086,0.000236,11,0.150807,0.252634,9.727970,0.206446,-0.080851,0.001648,9.733597,0.223581,0.275597,0.344302
59.297904,-1.191000,0.447000,1.503000,-1.071879,0.682631,1.562418,-0.972883,0.725217,1.509015,0.058105,0.031961,0.753558,0.654028,0.135842,-0.413318,-0.044631,0.001347,-0.003819,0.006096,-0.000631,-0.002084,0.000236,15,-0.312487,0.179678,9.798205,0.303713,0.168033,0.047712,9.806589,0.353324,0.270633,0.353576
59.358162,-1.197000,0.429000,1.503000,-1.070261,0.671921,1.541607,-0.972250,0.690783,1.508216,0.057711,0.012543,0.948106,0.312421,0.202912,-0.433856,-0.041050,0.001339,-0.003835,0.006071,-0.000624,-0.002087,0.000236,7,0.181515,-0.161406,9.978448,-0.094521,-0.028052,0.009823,9.983385,0.104459,0.276701,0.345065
59.422576,-1.204000,0.412000,1.503000,-1.119973,0.644927,1.541221,-0.976073,0.660347,1.508639,0.051068,-0.000219,0.979093,0.196898,0.230547,-0.448939,-0.046440,0.001325,-0.003848,0.006036,-0.000619,-0.002092,0.000236,15,-0.062370,-0.034145,9.748272,-0.133743,0.059103,0.037699,9.750726,0.169152,0.250552,0.337133
59.439384,-1.208000,0.404000,1.503000,-1.088273,0.644301,1.523133,-0.985619,0.652163,1.510134,0.049643,-0.001641,0.976560,0.209437,0.210831,-0.457490,-0.044046,0.001320,-0.003853,0.006024,-0.000617,-0.002095,0.000236,11,0.203088,-0.175409,9.737039,-0.243944,-0.035719,0.021278,9.741725,0.250014,0.269230,0.333300
59.455937,-1.208000,0.404000,1.503000,-1.140506,0.634829,1.516569,-1.139061,0.634353,1.516882,0.000000,0.000000,0.000000,1.000000,0.210831,-0.457490,-0.044046,0.001320,-0.003853,0.006024,-0.000617,-0.002095,0.000236,0,0.000000,0.000000,0.000000,0.000000,0.000000,0.000000,0.000000,0.000000,0.240877,0.240848
59.472409,-1.211000,0.393000,1.503000,-1.105366,0.641106,1.458888,-1.139061,0.634353,1.516882,0.000000,0.000000,0.000000,1.000000,0.210831,-0.457490,-0.044046,0.001320,-0.003853,0.006024,-0.000617,-0.002095,0.000236,7,-0.202529,-0.300862,9.606605,-0.211778,-0.113182,0.031303,9.613794,0.242763,0.273242,0.252229
59.489053,-1.212000,0.391000,1.502000,-1.161426,0.619211,1.484014,-1.139061,0.634353,1.516882,0.000000,0.000000,0.000000,1.000000,0.210831,-0.457490,-0.044046,0.001320,-0.003853,0.006024,-0.000617,-0.002095,0.000236,1,-0.125554,-0.330430,9.623289,-0.251195,-0.127546,0.050367,9.629779,0.286188,0.234439,0.254485
59.505693,-1.213000,0.389000,1.503000,-1.096919,0.624644,1.580589,-1.139061,0.634353,1.516882,0.000000,0.000000,0.000000,1.000000,0.210831,-0.457490,-0.044046,0.001320,-0.003853,0.006024,-0.000617,-0.002095,0.000236,12,0.071442,0.576388,9.762729,-0.185711,0.065187,-0.018284,9.780857,0.200593,0.273903,0.256628
59.538972,-1.215000,0.383000,1.503000,-1.143874,0.625090,1.522628,-1.139061,0.634353,1.516882,0.000000,0.000000,0.000000,1.000000,0.210831,-0.457490,-0.044046,0.001320,-0.003853,0.006024,-0.000617,-0.002095,0.000236,34,-0.146157,-0.013536,9.747077,-0.219270,0.085699,0.017847,9.753723,0.248586,0.253085,0.262941
59.555505,-1.216000,0.381000,1.503000,-1.174328,0.562301,1.492696,-1.139061,0.634353,1.516882,0.000000,0.000000,0.000000,1.000000,0.210831,-0.457490,-0.044046,0.001320,-0.003853,0.006024,-0.000617,-0.002095,0.000236,16,-0.031844,0.019009,9.753200,-0.311391,0.115874,-0.029614,9.761495,0.338848,0.186313,0.265142
59.572213,-1.218000,0.376000,1.503000,-1.138014,0.527728,1.501889,-1.139061,0.634353,1.516882,0.000000,0.000000,0.000000,1.000000,0.210831,-0.457490,-0.044046,0.001320,-0.003853,0.006024,-0.000617,-0.002095,0.000236,17,-0.067398,0.657813,9.723207,-0.186287,0.146221,-0.031043,9.746454,0.255908,0.171523,0.270501
59.588849,-1.218000,0.376000,1.503000,-1.138279,0.573215,1.548185,-1.139061,0.634353,1.516882,0.000000,0.000000,0.000000,1.000000,0.210831,-0.457490,-0.044046,0.001320,-0.003853,0.006024,-0.000617,-0.002095,0.000236,17,-0.106168,0.261859,9.774441,-0.031613,0.083730,-0.024169,9.783448,0.105496,0.217464,0.270501
59.605459,-1.218000,0.373000,1.503000,-1.170434,0.583652,1.448238,-1.139061,0.634353,1.516882,0.000000,0.000000,0.000000,1.000000,0.210831,-0.457490,-0.044046,0.001320,-0.003853,0.006024,-0.000617,-0.002095,0.000236,17,-0.013929,-0.103373,9.817824,0.006368,-0.000768,0.012647,9.822229,0.108353,0.222791,0.273367
59.622010,-1.221000,0.366000,1.503000,-1.158333,0.523772,1.436221,-1.139061,0.634353,1.516882,0.000000,0.000000,0.000000,1.000000,0.210831,-0.457490,-0.044046,0.001320,-0.003853,0.006024,-0.000617,-0.002095,0.000236,16,-0.113858,0.202806,9.866032,-0.078782,0.020281,0.030548,9.870803,0.099309,0.182424,0.280928
59.638666,-1.222000,0.361000,1.502000,-1.184367,0.575677,1.489541,-1.139061,0.634353,1.516882,0.000000,0.000000,0.000000,1.000000,0.210831,-0.457490,-0.044046,0.001320,-0.003853,0.006024,-0.000617,-0.002095,0.000236,17,-0.003834,0.629051,9.893118,-0.048562,0.021831,-0.041241,9.919600,0.116346,0.218307,0.286046
59.655392,-1.223000,0.358000,1.502000,-1.133344,0.577277,1.529466,-1.139061,0.634353,1.516882,0.000000,0.000000,0.000000,1.000000,0.210831,-0.457490,-0.044046,0.001320,-0.003853,0.006024,-0.000617,-0.002095,0.000236,17,-0.240636,0.237257,9.908677,0.075864,0.051743,-0.038646,9.917546,0.111873,0.238485,0.289203
59.671921,-1.225000,0.352000,1.502000,-1.190860,0.532849,1.515984,-1.139061,0.634353,1.516882,0.000000,0.000000,0.000000,1.000000,0.210831,-0.457490,-0.044046,0.001320,-0.003853,0.006024,-0.000617,-0.002095,0.000236,17,-0.058036,0.022530,9.896360,0.124328,0.067264,0.014854,9.897237,0.144945,0.184573,0.295517
59.688572,-1.227000,0.346000,1.502000,-1.162873,0.575991,1.511182,-1.139061,0.634353,1.516882,0.000000,0.000000,0.000000,1.000000,0.210831,-0.457490,-0.044046,0.001320,-0.003853,0.006024,-0.000617,-0.002095,0.000236,16,0.032637,-0.291766,9.856515,0.143453,0.101168,-0.014702,9.861791,0.178468,0.238940,0.301832
59.705145,-1.228000,0.342000,1.503000,-1.206284,0.533194,1.530900,-1.139061,0.634353,1.516882,0.000000,0.000000,0.000000,1.000000,0.210831,-0.457490,-0.044046,0.001320,-0.003853,0.006024,-0.000617,-0.002095,0.000236,17,-0.123797,-0.069264,9.868725,0.109544,0.065851,-0.024985,9.870459,0.133427,0.194436,0.305898
59.738464,-1.232000,0.329000,1.503000,-1.165618,0.541017,1.506904,-1.139061,0.634353,1.516882,0.000000,0.000000,0.000000,1.000000,0.210831,-0.457490,-0.044046,0.001320,-0.003853,0.006024,-0.000617,-0.002095,0.000236,34,0.087014,-0.065543,9.658306,-0.040053,-0.007251,-0.016181,9.660858,0.114265,0.222200,0.319486
59.788302,-1.233000,0.324000,1.503000,-1.155355,0.489349,1.496337,-1.139061,0.634353,1.516882,0.000000,0.000000,0.000000,1.000000,0.210831,-0.457490,-0.044046,0.001320,-0.003853,0.006024,-0.000617,-0.002095,0.000236,50,-0.239967,0.086262,9.785834,-0.021579,-0.037800,-0.013837,9.793608,0.150611,0.182793,0.324556
59.804935,-1.233000,0.324000,1.503000,-1.200329,0.494568,1.574853,-1.139061,0.634353,1.516882,0.000000,0.000000,0.000000,1.000000,0.210831,-0.457490,-0.044046,0.001320,-0.003853,0.006024,-0.000617,-0.002095,0.000236,17,0.039675,-0.107052,9.950101,0.148532,0.058813,-0.001652,9.952001,0.163765,0.187946,0.324556
59.821596,-1.234000,0.322000,1.503000,-1.229645,0.475291,1.506575,-1.139061,0.634353,1.516882,0.000000,0.000000,0.000000,1.000000,0.210831,-0.457490,-0.044046,0.001320,-0.003853,0.006024,-0.000617,-0.002095,0.000236,13,0.035678,-0.061921,10.036224,0.144162,0.087525,-0.015921,10.038142,0.174389,0.153394,0.326758
59.838185,-1.234000,0.322000,1.503000,-1.195416,0.503677,1.555304,-1.139061,0.634353,1.516882,0.000000,0.000000,0.000000,1.000000,0.210831,-0.457490,-0.044046,0.001320,-0.003853,0.006024,-0.000617,-0.002095,0.000236,4,-0.299579,0.035845,10.124340,0.022681,0.055576,-0.030691,10.128936,0.070331,0.192953,0.326758
59.854779,-1.234000,0.322000,1.503000,-1.212547,0.484042,1.479499,-1.139061,0.634353,1.516882,0.000000,0.000000,0.000000,1.000000,0.210831,-0.457490,-0.044046,0.001320,-0.003853,0.006024,-0.000617,-0.002095,0.000236,8,-0.206377,0.218047,9.850513,0.045343,0.088498,0.028580,9.855211,0.124109,0.165137,0.326758
59.871428,-1.234000,0.322000,1.503000,-1.166705,0.465471,1.610301,-1.139061,0.634353,1.516882,0.000000,0.000000,0.000000,1.000000,0.210831,-0.457490,-0.044046,0.001320,-0.003853,0.006024,-0.000617,-0.002095,0.000236,0,0.000000,0.000000,0.000000,0.000000,0.000000,0.000000,0.000000,0.000000,0.191379,0.326758
59.888054,-1.234000,0.322000,1.503000,-1.242341,0.436801,1.479593,-1.139061,0.634353,1.516882,0.000000,0.000000,0.000000,1.000000,0.210831,-0.457490,-0.044046,0.001320,-0.003853,0.006024,-0.000617,-0.002095,0.000236,0,0.000000,0.000000,0.000000,0.000000,0.000000,0.000000,0.000000,0.000000,0.117460,0.326758
59.904651,-1.234000,0.322000,1.503000,-1.228895,0.496464,1.474517,-1.139061,0.634353,1.516882,0.000000,0.000000,0.000000,1.000000,0.210831,-0.457490,-0.044046,0.001320,-0.003853,0.006024,-0.000617,-0.002095,0.000236,16,0.070954,0.218623,9.894077,0.127550,-0.060494,-0.020503,9.897150,0.149051,0.176848,0.326758
59.937904,-1.234000,0.322000,1.503000,-1.182522,0.464273,1.578361,-1.139061,0.634353,1.516882,0.000000,0.000000,0.000000,1.000000,0.210831,-0.457490,-0.044046,0.001320,-0.003853,0.006024,-0.000617,-0.002095,0.000236,34,-0.092464,0.012814,9.748344,0.176427,-0.029853,0.020514,9.751488,0.186415,0.169029,0.326758
59.954581,-1.234000,0.322000,1.503000,-1.213700,0.422711,1.497004,-1.139061,0.634353,1.516882,0.000000,0.000000,0.000000,1.000000,0.210831,-0.457490,-0.044046,0.001320,-0.003853,0.006024,-0.000617,-0.002095,0.000236,17,-0.203071,-0.276636,9.791667,0.066563,-0.007849,0.001511,9.798446,0.109251,0.102911,0.326758
59.971217,-1.234000,0.322000,1.503000,-1.261095,0.466788,1.483814,-1.139061,0.634353,1.516882,0.000000,0.000000,0.000000,1.000000,0.210831,-0.457490,-0.044046,0.001320,-0.003853,0.006024,-0.000617,-0.002095,0.000236,17,-0.080997,-0.159267,9.743925,-0.140555,-0.106827,0.005159,9.747670,0.179376,0.148546,0.326758
60.004393,-1.234000,0.322000,1.503000,-1.219850,0.413128,1.547256,-1.139061,0.634353,1.516882,0.000000,0.000000,0.000000,1.000000,0.210831,-0.457490,-0.044046,0.001320,-0.003853,0.006024,-0.000617,-0.002095,0.000236,33,-0.092292,0.252017,9.865131,-0.133840,-0.103964,0.004960,9.872935,0.181457,0.102290,0.326758
60.021059,-1.234000,0.322000,1.503000,-1.194686,0.453783,1.623330,-1.139061,0.634353,1.516882,0.000000,0.000000,0.000000,1.000000,0.210831,-0.457490,-0.044046,0.001320,-0.003853,0.006024,-0.000617,-0.002095,0.000236,17,-0.275477,0.380495,9.723117,-0.014140,-0.106581,0.017699,9.737969,0.148567,0.182734,0.326758
60.037649,-1.234000,0.322000,1.503000,-1.215271,0.417320,1.505283,-1.139061,0.634353,1.516882,0.000000,0.000000,0.000000,1.000000,0.210831,-0.457490,-0.044046,0.001320,-0.003853,0.006024,-0.000617,-0.002095,0.000236,17,-0.306942,0.123123,9.768864,-0.117803,-0.087542,0.032218,9.777262,0.152722,0.097170,0.326758
60.054272,-1.234000,0.322000,1.503000,-1.183621,0.447985,1.466893,-1.139061,0.634353,1.516882,0.000000,0.000000,0.000000,1.000000,0.210831,-0.457490,-0.044046,0.001320,-0.003853,0.006024,-0.000617,-0.002095,0.000236,16,-0.201259,0.006797,9.822507,-0.108112,-0.060765,0.012625,9.825734,0.129035,0.140407,0.326758
60.070846,-1.234000,0.322000,1.503000,-1.246382,0.375753,1.555433,-1.139061,0.634353,1.516882,0.000000,0.000000,0.000000,1.000000,0.210831,-0.457490,-0.044046,0.001320,-0.003853,0.006024,-0.000617,-0.002095,0.000236,17,-0.034332,0.605911,9.870570,0.001049,-0.054138,-0.023601,9.890756,0.095259,0.076105,0.326758
60.104181,-1.234000,0.322000,1.503000,-1.252896,0.358780,1.583447,-1.139061,0.634353,1.516882,0.000000,0.000000,0.000000,1.000000,0.210831,-0.457490,-0.044046,0.001320,-0.003853,0.006024,-0.000617,-0.002095,0.000236,34,-0.026613,0.261374,9.656303,0.113657,-0.064937,0.037839,9.663256,0.146561,0.090452,0.326758
60.120784,-1.234000,0.322000,1.503000,-1.211340,0.404368,1.552048,-1.139061,0.634353,1.516882,0.000000,0.000000,0.000000,1.000000,0.210831,-0.457490,-0.044046,0.001320,-0.003853,0.006024,-0.000617,-0.002095,0.000236,6,-0.135160,-0.322918,9.572913,0.077094,-0.084440,-0.022512,9.579352,0.123605,0.098507,0.326758
60.137408,-1.234000,0.322000,1.503000,-1.270825,0.400776,1.512333,-1.139061,0.634353,1.516882,0.000000,0.000000,0.000000,1.000000,0.210831,-0.457490,-0.044046,0.001320,-0.003853,0.006024,-0.000617,-0.002095,0.000236,0,0.000000,0.000000,0.000000,0.000000,0.000000,0.000000,0.000000,0.000000,0.087458,0.326758
60.153982,-1.234000,0.322000,1.503000,-1.276449,0.383724,1.527416,-1.139061,0.634353,1.516882,0.000000,0.000000,0.000000,1.000000,0.210831,-0.457490,-0.044046,0.001320,-0.003853,0.006024,-0.000617,-0.002095,0.000236,0,0.000000,0.000000,0.000000,0.000000,0.000000,0.000000,0.000000,0.000000,0.078790,0.326758
60.170680,-1.234000,0.322000,1.503000,-1.295669,0.344221,1.461599,-1.139061,0.634353,1.516882,0.000000,0.000000,0.000000,1.000000,0.210831,-0.457490,-0.044046,0.001320,-0.003853,0.006024,-0.000617,-0.002095,0.000236,0,0.000000,0.000000,0.000000,0.000000,0.000000,0.000000,0.000000,0.000000,0.077530,0.326758
60.203845,-1.234000,0.322000,1.503000,-1.246459,0.364151,1.471498,-1.139061,0.634353,1.516882,0.000000,0.000000,0.000000,1.000000,0.210831,-0.457490,-0.044046,0.001320,-0.003853,0.006024,-0.000617,-0.002095,0.000236,0,0.000000,0.000000,0.000000,0.000000,0.000000,0.000000,0.000000,0.000000,0.054077,0.326758
60.220460,-1.234000,0.322000,1.503000,-1.278864,0.368425,1.590913,-1.139061,0.634353,1.516882,0.000000,0.000000,0.000000,1.000000,0.210831,-0.457490,-0.044046,0.001320,-0.003853,0.006024,-0.000617,-0.002095,0.000236,0,0.000000,0.000000,0.000000,0.000000,0.000000,0.000000,0.000000,0.000000,0.109072,0.326758
60.237132,-1.234000,0.322000,1.503000,-1.190134,0.356407,1.558377,-1.139061,0.634353,1.516882,0.000000,0.000000,0.000000,1.000000,0.210831,-0.457490,-0.044046,0.001320,-0.003853,0.006024,-0.000617,-0.002095,0.000236,0,0.000000,0.000000,0.000000,0.000000,0.000000,0.000000,0.000000,0.000000,0.078579,0.326758
60.253777,-1.234000,0.322000,1.503000,-1.276652,0.306327,1.568827,-1.139061,0.634353,1.516882,0.000000,0.000000,0.000000,1.000000,0.210831,-0.457490,-0.044046,0.001320,-0.003853,0.006024,-0.000617,-0.002095,0.000236,0,0.000000,0.000000,0.000000,0.000000,0.000000,0.000000,0.000000,0.000000,0.079988,0.326758
60.270392,-1.234000,0.322000,1.503000,-1.211053,0.363962,1.504856,-1.139061,0.634353,1.516882,0.000000,0.000000,0.000000,1.000000,0.210831,-0.457490,-0.044046,0.001320,-0.003853,0.006024,-0.000617,-0.002095,0.000236,0,0.000000,0.000000,0.000000,0.000000,0.000000,0.000000,0.000000,0.000000,0.047863,0.326758
60.286957,-1.234000,0.322000,1.503000,-1.279493,0.340969,1.558773,-1.139061,0.634353,1.516882,0.000000,0.000000,0.000000,1.000000,0.210831,-0.457490,-0.044046,0.001320,-0.003853,0.006024,-0.000617,-0.002095,0.000236,0,0.000000,0.000000,0.000000,0.000000,0.000000,0.000000,0.000000,0.000000,0.074431,0.326758
60.303631,-1.234000,0.322000,1.503000,-1.259761,0.335602,1.524513,-1.139061,0.634353,1.516882,0.000000,0.000000,0.000000,1.000000,0.210831,-0.457490,-0.044046,0.001320,-0.003853,0.006024,-0.000617,-0.002095,0.000236,0,0.000000,0.000000,0.000000,0.000000,0.000000,0.000000,0.000000,0.000000,0.036214,0.326758
60.320250,-1.234000,0.322000,1.503000,-1.287092,0.320440,1.575673,-1.139061,0.634353,1.516882,0.000000,0.000000,0.000000,1.000000,0.210831,-0.457490,-0.044046,0.001320,-0.003853,0.006024,-0.000617,-0.002095,0.000236,0,0.000000,0.000000,0.000000,0.000000,0.000000,0.000000,0.000000,0.000000,0.090014,0.326758
60.336908,-1.234000,0.322000,1.503000,-1.278180,0.282212,1.542524,-1.139061,0.634353,1.516882,0.000000,0.000000,0.000000,1.000000,0.210831,-0.457490,-0.044046,0.001320,-0.003853,0.006024,-0.000617,-0.002095,0.000236,0,0.000000,0.000000,0.000000,0.000000,0.000000,0.000000,0.000000,0.000000,0.071394,0.326758
60.353469,-1.234000,0.322000,1.503000,-1.223885,0.305993,1.546525,-1.139061,0.634353,1.516882,0.000000,0.000000,0.000000,1.000000,0.210831,-0.457490,-0.044046,0.001320,-0.003853,0.006024,-0.000617,-0.002095,0.000236,0,0.000000,0.000000,0.000000,0.000000,0.000000,0.000000,0.000000,0.000000,0.047466,0.326758
60.370074,-1.234000,0.322000,1.503000,-1.274116,0.311695,1.524894,-1.139061,0.634353,1.516882,0.000000,0.000000,0.000000,1.000000,0.210831,-0.457490,-0.044046,0.001320,-0.003853,0.006024,-0.000617,-0.002095,0.000236,0,0.000000,0.000000,0.000000,0.000000,0.000000,0.000000,0.000000,0.000000,0.046849,0.326758
60.386768,-1.234000,0.322000,1.503000,-1.246746,0.307483,1.552381,-1.139061,0.634353,1.516882,0.000000,0.000000,0.000000,1.000000,0.210831,-0.457490,-0.044046,0.001320,-0.003853,0.006024,-0.000617,-0.002095,0.000236,0,0.000000,0.000000,0.000000,0.000000,0.000000,0.000000,0.000000,0.000000,0.053026,0.326758
60.403362,-1.234000,0.322000,1.503000,-1.250300,0.307577,1.478288,-1.139061,0.634353,1.516882,0.000000,0.000000,0.000000,1.000000,0.210831,-0.457490,-0.044046,0.001320,-0.003853,0.006024,-0.000617,-0.002095,0.000236,0,0.000000,0.000000,0.000000,0.000000,0.000000,0.000000,0.000000,0.000000,0.032931,0.326758
60.419984,-1.234000,0.322000,1.503000,-1.298241,0.270001,1.505928,-1.139061,0.634353,1.516882,0.000000,0.000000,0.000000,1.000000,0.210831,-0.457490,-0.044046,0.001320,-0.003853,0.006024,-0.000617,-0.002095,0.000236,0,0.000000,0.000000,0.000000,0.000000,0.000000,0.000000,0.000000,0.000000,0.082701,0.326758
60.436611,-1.234000,0.322000,1.503000,-1.244910,0.289879,1.504203,-1.139061,0.634353,1.516882,0.000000,0.000000,0.000000,1.000000,0.210831,-0.457490,-0.044046,0.001320,-0.003853,0.006024,-0.000617,-0.002095,0.000236,0,0.000000,0.000000,0.000000,0.000000,0.000000,0.000000,0.000000,0.000000,0.033944,0.326758
60.453261,-1.234000,0.322000,1.503000,-1.278451,0.266867,1.522096,-1.139061,0.634353,1.516882,0.000000,0.000000,0.000000,1.000000,0.210831,-0.457490,-0.044046,0.001320,-0.003853,0.006024,-0.000617,-0.002095,0.000236,0,0.000000,0.000000,0.000000,0.000000,0.000000,0.000000,0.000000,0.000000,0.073350,0.326758
60.469926,-1.234000,0.322000,1.503000,-1.267892,0.273741,1.547550,-1.139061,0.634353,1.516882,0.000000,0.000000,0.000000,1.000000,0.210831,-0.457490,-0.044046,0.001320,-0.003853,0.006024,-0.000617,-0.002095,0.000236,0,0.000000,0.000000,0.000000,0.000000,0.000000,0.000000,0.000000,0.000000,0.073907,0.326758
