timestamp,gt_x,gt_y,gt_z,wls_x,wls_y,wls_z,tc_x,tc_y,tc_z,tc_qx,tc_qy,tc_qz,tc_qw,tc_vx,tc_vy,tc_vz,tc_bias_ax,tc_bias_ay,tc_bias_az,tc_bias_gx,tc_bias_gy,tc_bias_gz,imu_n,imu_mean_ax,imu_mean_ay,imu_mean_az,imu_mean_gx,imu_mean_gy,imu_mean_gz,imu_accel_norm_mean,imu_gyro_norm_mean,wls_gt_err,tc_gt_err
0.023481,1.276000,0.020000,0.085000,1.243136,-0.038056,-0.145728,1.243136,-0.038056,-0.145728,-0.002768,-0.006919,0.015221,0.999856,0.000000,0.000000,0.000000,0.000000,0.000000,0.000000,0.000000,0.000000,0.000000,23,0.241350,0.011699,9.804060,0.000804,0.003479,-0.000359,9.807048,0.004977,0.240179,0.240179
0.040115,1.276000,0.020000,0.085000,1.229894,-0.034312,-0.036267,1.240740,-0.036361,-0.143798,-0.002905,-0.007095,0.015221,0.999855,0.001379,0.001143,0.000644,0.000001,-0.000001,-0.000003,0.000000,0.000000,-0.000000,17,0.237577,0.000134,9.796478,-0.001028,0.000728,-0.000271,9.799363,0.002766,0.140646,0.238261
0.056814,1.276000,0.020000,0.085000,1.229370,-0.040696,0.028313,1.238643,-0.035693,-0.140731,-0.001726,-0.005990,0.015358,0.999863,0.003215,0.001659,0.002959,0.000003,-0.000002,-0.000015,-0.000001,-0.000001,-0.000000,17,0.233111,0.004183,9.803354,0.000870,-0.000094,0.000175,9.806130,0.003684,0.095246,0.235482
0.089962,1.276000,0.020000,0.085000,1.185360,-0.042862,0.003887,1.231952,-0.035683,-0.138059,-0.000617,-0.011570,0.016477,0.999797,-0.001496,0.002289,0.006678,0.000016,-0.000003,-0.000046,-0.000002,0.000000,-0.000001,33,0.248361,0.022700,9.799631,-0.001277,0.000049,0.000261,9.802808,0.003278,0.136918,0.234086
0.106674,1.276000,0.020000,0.085000,1.279999,-0.045735,0.019328,1.236990,-0.035989,-0.134699,0.000813,-0.001238,0.016019,0.999871,0.015743,0.001141,0.011381,0.000018,-0.000005,-0.000083,-0.000003,-0.000011,-0.000001,17,0.247190,0.031482,9.796757,0.001107,0.000698,0.000116,9.799929,0.003809,0.093005,0.230053
0.123243,1.276000,0.020000,0.085000,1.234715,-0.049232,-0.002146,1.236729,-0.036887,-0.131846,0.002462,-0.000798,0.016441,0.999861,0.019924,-0.001868,0.016037,0.000022,-0.000005,-0.000120,-0.000004,-0.000011,-0.000001,17,0.252380,0.022335,9.804521,-0.001276,-0.001678,0.000637,9.807801,0.004448,0.118710,0.227597
0.139913,1.276000,0.020000,0.085000,1.220356,-0.078357,-0.040989,1.235251,-0.041296,-0.129803,0.008730,-0.002652,0.018348,0.999790,0.018982,-0.017321,0.019420,0.000024,-0.000004,-0.000147,-0.000007,-0.000010,-0.000002,17,0.231823,0.009434,9.798598,-0.000432,0.000551,0.000655,9.801345,0.003081,0.169244,0.227063
0.156453,1.276000,0.020000,0.085000,1.268525,-0.100948,0.044828,1.238483,-0.047313,-0.125862,0.015883,0.001525,0.022752,0.999614,0.032870,-0.038937,0.026110,0.000029,-0.000001,-0.000203,-0.000007,-0.000013,-0.000006,16,0.225431,0.011895,9.799697,-0.001254,0.000373,0.000824,9.802299,0.002278,0.127664,0.224502
0.189782,1.276000,0.020000,0.085000,1.239200,-0.065893,0.069952,1.239156,-0.049603,-0.120366,0.015744,0.001086,0.022133,0.999630,0.040023,-0.048292,0.036219,0.000031,0.000008,-0.000294,0.000003,-0.000010,-0.000005,34,0.236014,0.029524,9.809033,-0.000302,-0.000263,0.000027,9.811920,0.004039,0.094648,0.219948
0.206455,1.276000,0.020000,0.085000,1.226429,-0.076212,-0.004975,1.238269,-0.052717,-0.117060,0.017885,-0.000593,0.021131,0.999617,0.038048,-0.061300,0.042137,0.000031,0.000012,-0.000349,0.000007,-0.000008,-0.000003,17,0.227679,0.025511,9.799174,-0.000484,-0.001735,-0.000471,9.801857,0.002651,0.140746,0.218036
0.223008,1.276000,0.020000,0.085000,1.214502,-0.052889,-0.028802,1.236385,-0.053181,-0.114118,0.016681,-0.002908,0.018147,0.999692,0.032175,-0.062515,0.047562,0.000030,0.000018,-0.000393,0.000013,-0.000006,0.000001,17,0.242765,0.031843,9.813892,-0.000728,0.001843,-0.000553,9.816951,0.004396,0.148478,0.215807
0.239577,1.276000,0.020000,0.085000,1.209948,-0.077540,0.031692,1.234149,-0.055920,-0.109636,0.017747,-0.005204,0.016506,0.999693,0.024656,-0.072981,0.055892,0.000031,0.000023,-0.000467,0.000018,-0.000006,0.000003,16,0.226633,0.011688,9.798038,-0.000998,-0.000651,-0.000245,9.800667,0.002482,0.129301,0.213069
0.256233,1.276000,0.020000,0.085000,1.206870,-0.051418,0.085470,1.231651,-0.055507,-0.103395,0.015398,-0.007175,0.011483,0.999790,0.016575,-0.068793,0.067989,0.000033,0.000034,-0.000569,0.000029,-0.000008,0.000008,17,0.240785,0.017146,9.798002,-0.000958,0.002863,-0.000308,9.800978,0.003891,0.099397,0.207752
0.289508,1.276000,0.020000,0.085000,1.212255,-0.070936,-0.053095,1.230229,-0.059168,-0.099760,0.016291,-0.008762,0.011378,0.999764,0.011791,-0.083311,0.071382,0.000033,0.000035,-0.000600,0.000028,-0.000007,0.000008,34,0.244233,0.012992,9.815706,-0.000969,-0.001817,-0.000073,9.818758,0.003758,0.177209,0.206152
0.306076,1.276000,0.020000,0.085000,1.258873,-0.023547,0.013652,1.232787,-0.055906,-0.094937,0.012280,-0.006794,0.006873,0.999878,0.022982,-0.066224,0.079634,0.000038,0.000044,-0.000672,0.000037,-0.000014,0.000013,16,0.244305,0.022917,9.806236,0.000219,0.001863,-0.000754,9.809306,0.003055,0.085325,0.200016
0.322730,1.276000,0.020000,0.085000,1.215371,-0.048359,0.053864,1.231230,-0.055387,-0.088917,0.010796,-0.007942,0.004698,0.999899,0.017377,-0.061599,0.090252,0.000039,0.000050,-0.000768,0.000040,-0.000015,0.000014,17,0.232790,0.021748,9.821087,-0.000006,-0.003236,-0.000978,9.823872,0.005633,0.096531,0.194768
0.339365,1.276000,0.020000,0.085000,1.168238,-0.054360,-0.015910,1.225861,-0.055859,-0.085185,0.010285,-0.011355,0.003813,0.999875,-0.002858,-0.061715,0.095562,0.000035,0.000052,-0.000815,0.000040,-0.000012,0.000013,17,0.247019,0.026867,9.812295,0.000632,0.000695,0.000691,9.815444,0.004706,0.165302,0.192955
0.355984,1.276000,0.020000,0.085000,1.225773,-0.075175,0.056483,1.225558,-0.058138,-0.078968,0.011366,-0.011443,0.005455,0.999855,-0.003409,-0.069766,0.105037,0.000039,0.000053,-0.000905,0.000036,-0.000018,0.000011,17,0.242758,0.030507,9.800757,-0.001392,0.001389,-0.000785,9.803815,0.004319,0.111329,0.188508
0.372569,1.276000,0.020000,0.085000,1.216846,-0.065704,-0.044261,1.224726,-0.059752,-0.076226,0.011627,-0.011863,0.006080,0.999844,-0.006133,-0.074731,0.107462,0.000039,0.000053,-0.000927,0.000036,-0.000018,0.000010,16,0.236084,0.023889,9.816292,-0.001560,0.000628,-0.000355,9.819161,0.003113,0.165990,0.187038
0.389178,1.276000,0.020000,0.085000,1.215178,-0.048329,0.066514,1.223569,-0.059155,-0.069615,0.010263,-0.012749,0.002765,0.999862,-0.010537,-0.069640,0.117489,0.000042,0.000058,-0.001019,0.000035,-0.000023,0.000013,17,0.233104,0.024532,9.808205,-0.001203,-0.002904,-0.001271,9.811006,0.004303,0.093327,0.181439
0.405871,1.276000,0.020000,0.085000,1.252543,-0.037909,0.049817,1.225537,-0.057709,-0.063509,0.008138,-0.011674,-0.001681,0.999897,-0.002715,-0.060811,0.126041,0.000048,0.000062,-0.001097,0.000037,-0.000027,0.000019,17,0.236575,0.016514,9.825006,0.000762,0.001116,0.000412,9.827869,0.002958,0.071704,0.175043
0.422480,1.276000,0.020000,0.085000,1.280691,-0.100242,0.070082,1.229586,-0.062102,-0.056810,0.009841,-0.009690,0.000237,0.999905,0.012213,-0.075913,0.134771,0.000055,0.000058,-0.001181,0.000027,-0.000035,0.000019,17,0.230787,0.029186,9.806949,-0.002357,0.001426,-0.000768,9.809711,0.004433,0.121255,0.170309
0.439101,1.276000,0.020000,0.085000,1.218857,-0.059268,-0.037549,1.228892,-0.062953,-0.053936,0.009617,-0.010101,0.000032,0.999903,0.009732,-0.076910,0.136187,0.000054,0.000059,-0.001192,0.000028,-0.000034,0.000019,17,0.234279,0.025139,9.814514,0.001388,-0.001615,-0.001849,9.817343,0.003411,0.156739,0.168533
0.455728,1.276000,0.020000,0.085000,1.255396,-0.053826,0.090406,1.230807,-0.062829,-0.046539,0.008845,-0.009245,-0.000965,0.999918,0.016440,-0.073559,0.145862,0.000057,0.000062,-0.001288,0.000033,-0.000035,0.000019,16,0.228466,0.026789,9.810835,-0.000395,0.000808,-0.000581,9.813535,0.003361,0.076838,0.161882
0.488996,1.276000,0.020000,0.085000,1.255316,-0.057933,-0.004660,1.233319,-0.064457,-0.040267,0.008419,-0.008441,-0.001482,0.999928,0.025433,-0.074691,0.148656,0.000059,0.000063,-0.001316,0.000036,-0.000041,0.000020,34,0.244049,0.030464,9.809084,0.000325,0.000619,0.000005,9.812172,0.003392,0.120583,0.156992
0.505618,1.276000,0.020000,0.085000,1.183851,-0.048700,-0.032050,1.229593,-0.064073,-0.037542,0.007721,-0.010062,0.000063,0.999920,0.011812,-0.070610,0.149467,0.000055,0.000064,-0.001322,0.000043,-0.000029,0.000017,17,0.230453,0.022915,9.809197,-0.000284,0.000644,-0.000542,9.811940,0.003272,0.164049,0.155686
0.555455,1.276000,0.020000,0.085000,1.246397,-0.032493,0.086128,1.231509,-0.063116,-0.024917,0.005871,-0.009549,-0.001641,0.999936,0.018294,-0.059012,0.158487,0.000055,0.000066,-0.001435,0.000074,-0.000033,0.000018,50,0.240642,0.026862,9.808816,-0.000382,0.001125,0.000193,9.811811,0.004302,0.060275,0.144809
0.572130,1.276000,0.020000,0.085000,1.205601,-0.060625,0.046903,1.229072,-0.063420,-0.019224,0.005621,-0.010512,0.000611,0.999929,0.009622,-0.057810,0.163684,0.000053,0.000066,-0.001499,0.000075,-0.000021,0.000015,17,0.242501,0.010227,9.802983,0.002064,-0.001254,-0.000431,9.805988,0.004121,0.113612,0.141506
0.605358,1.276000,0.020000,0.085000,1.206570,-0.089921,0.040411,1.226919,-0.067994,-0.011430,0.006520,-0.011283,0.003452,0.999909,0.002125,-0.070037,0.167962,0.000051,0.000064,-0.001553,0.000055,-0.000008,0.000011,33,0.237840,0.016169,9.812250,-0.001104,0.002286,-0.000262,9.815147,0.004394,0.137445,0.139465
0.621935,1.276000,0.020000,0.085000,1.203270,-0.088720,-0.030276,1.224739,-0.071385,-0.009763,0.007289,-0.011952,0.005829,0.999885,-0.004761,-0.079535,0.166596,0.000050,0.000064,-0.001531,0.000040,0.000003,0.000008,17,0.243931,0.027408,9.818441,0.000011,0.000444,-0.000093,9.821510,0.001864,0.174351,0.141275
0.638568,1.276000,0.020000,0.085000,1.224750,-0.073589,0.025269,1.224585,-0.072674,-0.005545,0.007268,-0.011953,0.005806,0.999885,-0.004821,-0.081188,0.169107,0.000050,0.000063,-0.001562,0.000040,0.000002,0.000008,17,0.247269,0.027571,9.815967,0.000317,0.002784,-0.001456,9.819121,0.004397,0.122284,0.139392
0.655230,1.276000,0.020000,0.085000,1.225594,-0.054826,0.010777,1.224592,-0.072017,-0.002081,0.006659,-0.011931,0.004303,0.999897,-0.004589,-0.076269,0.170292,0.000050,0.000064,-0.001576,0.000052,0.000002,0.000010,17,0.233682,0.030355,9.811267,0.001245,-0.001079,-0.000331,9.814097,0.005016,0.116828,0.136722
0.671788,1.276000,0.020000,0.085000,1.270373,-0.051959,-0.024789,1.228516,-0.071242,-0.000505,0.006091,-0.010885,0.001133,0.999922,0.007881,-0.071538,0.168589,0.000052,0.000065,-0.001552,0.000065,-0.000013,0.000014,16,0.242433,0.026207,9.800431,0.002025,-0.000408,-0.001112,9.803467,0.004435,0.131390,0.133757
0.688422,1.276000,0.020000,0.085000,1.238599,-0.057076,-0.027407,1.229547,-0.071040,0.000909,0.005708,-0.010659,0.000349,0.999927,0.011147,-0.068773,0.166729,0.000053,0.000066,-0.001526,0.000073,-0.000016,0.000015,17,0.244021,0.026793,9.804815,-0.001603,-0.000770,-0.000319,9.807890,0.005009,0.141332,0.132353
0.705100,1.276000,0.020000,0.085000,1.207064,-0.087773,0.017082,1.227859,-0.073552,0.004202,0.006081,-0.011093,0.001760,0.999918,0.005824,-0.074746,0.167783,0.000052,0.000065,-0.001538,0.000065,-0.000010,0.000013,17,0.225624,0.009108,9.815729,-0.000113,0.002373,-0.000206,9.818332,0.003293,0.144845,0.132657
0.721700,1.276000,0.020000,0.085000,1.294835,-0.054501,0.053792,1.233201,-0.072834,0.009062,0.005530,-0.009868,-0.001621,0.999935,0.021361,-0.070424,0.170820,0.000053,0.000065,-0.001579,0.000077,-0.000029,0.000017,17,0.235158,0.003521,9.809303,0.000430,0.001978,-0.001629,9.812126,0.003737,0.082940,0.127344
0.738310,1.276000,0.020000,0.085000,1.244090,-0.074391,0.026309,1.234330,-0.073940,0.012395,0.005519,-0.009702,-0.002193,0.999935,0.024323,-0.071535,0.171713,0.000053,0.000065,-0.001591,0.000077,-0.000032,0.000018,16,0.237952,0.037294,9.803459,0.000019,-0.001173,-0.000397,9.806422,0.003552,0.115640,0.125827
0.754920,1.276000,0.020000,0.085000,1.251080,-0.033716,-0.087870,1.236139,-0.071817,0.010695,0.004774,-0.009373,-0.001475,0.999944,0.029487,-0.063172,0.165906,0.000055,0.000066,-0.001503,0.000103,-0.000043,0.000016,17,0.247702,0.024567,9.820405,-0.000166,0.000210,-0.000174,9.823562,0.002921,0.182730,0.124662
0.771590,1.276000,0.020000,0.085000,1.235719,-0.088267,-0.023151,1.236651,-0.074241,0.011776,0.005087,-0.009361,-0.002796,0.999939,0.030643,-0.068829,0.163798,0.000056,0.000067,-0.001471,0.000094,-0.000044,0.000018,17,0.245969,0.013536,9.808023,-0.000219,-0.000459,-0.000123,9.811117,0.003096,0.158244,0.125664
0.788227,1.276000,0.020000,0.085000,1.202569,-0.046356,-0.013155,1.234632,-0.073043,0.013323,0.004618,-0.009868,0.001145,0.999940,0.024897,-0.063213,0.162785,0.000056,0.000067,-0.001450,0.000112,-0.000035,0.000012,17,0.257675,0.014508,9.827507,-0.000542,0.000868,-0.000959,9.830896,0.002829,0.139390,0.124523
0.821432,1.276000,0.020000,0.085000,1.250896,-0.040934,0.098774,1.236524,-0.071861,0.022236,0.003885,-0.009696,0.001616,0.999944,0.029100,-0.055275,0.167912,0.000055,0.000065,-0.001527,0.000146,-0.000041,0.000011,33,0.239232,0.030005,9.813484,-0.000005,-0.001132,-0.000041,9.816449,0.004059,0.067327,0.118051
0.838080,1.276000,0.020000,0.085000,1.193938,-0.076784,0.043694,1.233546,-0.073040,0.025773,0.004002,-0.010361,0.006197,0.999919,0.020621,-0.056948,0.168956,0.000055,0.000065,-0.001546,0.000141,-0.000015,0.000005,17,0.251936,0.011582,9.796915,0.000134,0.000657,0.000978,9.800166,0.002749,0.133445,0.118180
0.854723,1.276000,0.020000,0.085000,1.298148,-0.053920,0.039816,1.238850,-0.072243,0.029020,0.003555,-0.009446,0.000059,0.999949,0.034717,-0.053120,0.169782,0.000055,0.000064,-0.001556,0.000165,-0.000053,0.000013,17,0.251124,0.007034,9.816684,-0.000016,-0.001498,-0.000461,9.819899,0.003799,0.089422,0.114117
0.871326,1.276000,0.020000,0.085000,1.181543,-0.055899,-0.051736,1.235120,-0.071818,0.028250,0.003395,-0.010210,0.006572,0.999921,0.024443,-0.050266,0.165303,0.000057,0.000065,-0.001482,0.000181,-0.000024,0.000003,17,0.244144,0.021464,9.798587,-0.001249,-0.000221,-0.000245,9.801658,0.003344,0.182700,0.115423
0.887925,1.276000,0.020000,0.085000,1.239426,-0.071174,0.021950,1.235828,-0.072489,0.030472,0.003362,-0.010120,0.006092,0.999925,0.025929,-0.050445,0.164898,0.000057,0.000066,-0.001473,0.000182,-0.000026,0.000004,16,0.241227,0.038049,9.806872,-0.000916,0.004063,-0.000164,9.809916,0.004819,0.116729,0.114636
0.904506,1.276000,0.020000,0.085000,1.184535,-0.075170,-0.007688,1.232507,-0.073510,0.031382,0.003475,-0.010755,0.011237,0.999873,0.016770,-0.051300,0.162713,0.000058,0.000067,-0.001437,0.000178,0.000003,-0.000003,17,0.229185,0.045986,9.795352,-0.000288,0.000218,0.000289,9.798143,0.002098,0.161289,0.116235
0.939922,1.276000,0.020000,0.085000,1.184747,-0.091041,0.033369,1.229290,-0.076723,0.036913,0.003807,-0.011414,0.016515,0.999791,0.008074,-0.056110,0.162584,0.000059,0.000068,-0.001434,0.000152,0.000045,-0.000010,36,0.245979,0.036507,9.803224,0.000134,-0.000699,-0.000752,9.806386,0.004440,0.152718,0.117684
0.956511,1.276000,0.020000,0.085000,1.286553,-0.101585,-0.002303,1.233858,-0.079745,0.037751,0.004168,-0.010693,0.013726,0.999840,0.019854,-0.062697,0.160375,0.000058,0.000070,-0.001388,0.000113,-0.000008,-0.000007,17,0.240598,0.032019,9.805974,-0.001639,-0.001647,-0.002049,9.808981,0.004362,0.150054,0.118142
0.973152,1.276000,0.020000,0.085000,1.229671,-0.059870,0.037772,1.233850,-0.079012,0.040199,0.003865,-0.010738,0.013631,0.999842,0.019440,-0.059050,0.160419,0.000058,0.000069,-0.001388,0.000145,-0.000004,-0.000007,16,0.236800,0.012768,9.810171,0.001392,0.000658,0.000664,9.813038,0.002649,0.103712,0.116564
0.989719,1.276000,0.020000,0.085000,1.268674,-0.060546,-0.029707,1.236840,-0.078547,0.039696,0.003601,-0.010304,0.010707,0.999883,0.026664,-0.056143,0.156746,0.000058,0.000069,-0.001317,0.000172,-0.000038,-0.000004,17,0.235387,0.028183,9.797938,0.000762,0.000147,-0.001640,9.800808,0.004539,0.140354,0.115315
1.006445,1.276000,0.020000,0.085000,1.211323,-0.057372,-0.069220,1.235576,-0.077951,0.037595,0.003370,-0.010531,0.012481,0.999861,0.023315,-0.053204,0.151665,0.000061,0.000070,-0.001210,0.000200,-0.000022,-0.000006,17,0.240630,0.016178,9.817596,-0.001718,0.001288,0.000236,9.820562,0.003399,0.184265,0.116085
1.022995,1.276000,0.020000,0.085000,1.264396,-0.042289,0.030858,1.238034,-0.075985,0.039730,0.002864,-0.010207,0.009856,0.999895,0.028957,-0.046232,0.151396,0.000060,0.000068,-0.001203,0.000257,-0.000047,-0.000004,17,0.242700,0.031198,9.810936,0.001173,0.001128,-0.000502,9.813994,0.003215,0.083342,0.112712
1.039636,1.276000,0.020000,0.085000,1.222230,-0.056267,0.093503,1.237217,-0.075028,0.044251,0.002604,-0.010413,0.012290,0.999867,0.026560,-0.042111,0.153757,0.000060,0.000065,-0.001255,0.000290,-0.000030,-0.000008,16,0.249124,0.024426,9.795844,-0.000218,-0.002089,-0.000944,9.799046,0.003402,0.093702,0.110431
1.056278,1.276000,0.020000,0.085000,1.255813,-0.062296,-0.033512,1.239063,-0.074851,0.043436,0.002449,-0.010188,0.009880,0.999896,0.030790,-0.040367,0.150421,0.000061,0.000066,-0.001177,0.000310,-0.000052,-0.000005,17,0.247939,0.031071,9.823493,0.000737,0.001124,0.000662,9.826673,0.004092,0.145689,0.109948
1.072903,1.276000,0.020000,0.085000,1.219320,-0.038033,-0.055851,1.238298,-0.072917,0.041788,0.002095,-0.010340,0.012277,0.999869,0.028635,-0.034060,0.146274,0.000064,0.000066,-0.001082,0.000367,-0.000040,-0.000009,17,0.240313,0.034550,9.825130,0.001810,-0.000203,-0.001518,9.828132,0.004012,0.162541,0.109189
1.089544,1.276000,0.020000,0.085000,1.193192,-0.103808,-0.012704,1.235727,-0.075823,0.041900,0.002548,-0.010750,0.017479,0.999786,0.021982,-0.040455,0.143999,0.000067,0.000070,-0.001026,0.000312,-0.000000,-0.000015,17,0.231039,0.018914,9.816910,0.000539,-0.000231,0.000018,9.819655,0.002849,0.178134,0.112523
1.106127,1.276000,0.020000,0.085000,1.227396,-0.055468,-0.020620,1.235611,-0.075086,0.041727,0.002340,-0.010798,0.017489,0.999786,0.021359,-0.037485,0.141087,0.000069,0.000070,-0.000965,0.000345,0.000006,-0.000016,17,0.233594,0.017880,9.795768,0.000216,0.000398,-0.001189,9.798575,0.003410,0.138612,0.112005
1.122754,1.276000,0.020000,0.085000,1.246615,-0.060743,0.031657,1.236703,-0.074620,0.043485,0.002160,-0.010702,0.015825,0.999815,0.023364,-0.035191,0.140533,0.000068,0.000069,-0.000953,0.000372,-0.000005,-0.000014,16,0.228243,0.019113,9.800619,0.000841,-0.000604,0.000634,9.803296,0.002889,0.101136,0.110548
1.139476,1.276000,0.020000,0.085000,1.210933,-0.047535,-0.067951,1.235507,-0.073452,0.041341,0.001934,-0.010871,0.017618,0.999784,0.020142,-0.031273,0.136137,0.000072,0.000070,-0.000845,0.000417,0.000017,-0.000017,17,0.224008,0.023015,9.823993,0.000134,0.001786,-0.000130,9.826578,0.003845,0.179412,0.110811
1.156003,1.276000,0.020000,0.085000,1.214126,-0.043199,-0.052270,1.234566,-0.071994,0.039870,0.001668,-0.011030,0.018644,0.999764,0.017669,-0.026346,0.132568,0.000074,0.000069,-0.000755,0.000469,0.000037,-0.000019,17,0.233371,0.045722,9.824714,0.000497,-0.001302,0.000483,9.827595,0.002957,0.163296,0.110528
1.172638,1.276000,0.020000,0.085000,1.213284,-0.065219,-0.056599,1.233577,-0.072122,0.038289,0.001649,-0.011172,0.020697,0.999722,0.015320,-0.026018,0.128615,0.000077,0.000072,-0.000659,0.000478,0.000056,-0.000022,17,0.240936,0.012358,9.806603,-0.001130,0.000403,0.001222,9.809577,0.002886,0.176765,0.111661
1.222547,1.276000,0.020000,0.085000,1.282843,-0.066193,0.076591,1.237996,-0.072683,0.045947,0.001463,-0.010723,0.014135,0.999842,0.024310,-0.024640,0.130025,0.000072,0.000069,-0.000695,0.000504,-0.000024,-0.000014,50,0.235949,0.017087,9.804335,0.000768,0.000337,-0.001111,9.807199,0.004216,0.086872,0.107515
1.255792,1.276000,0.020000,0.085000,1.248303,-0.058227,0.105609,1.239453,-0.072044,0.052587,0.001205,-0.010645,0.012960,0.999859,0.026226,-0.021609,0.132766,0.000070,0.000065,-0.000764,0.000561,-0.000038,-0.000013,34,0.228470,0.005716,9.813084,-0.001014,0.000455,-0.000777,9.815759,0.003447,0.085506,0.104204
1.272350,1.276000,0.020000,0.085000,1.220281,-0.067864,-0.011826,1.238468,-0.072177,0.051955,0.001206,-0.010807,0.015067,0.999827,0.023744,-0.021197,0.129631,0.000073,0.000067,-0.000685,0.000568,-0.000005,-0.000016,16,0.241401,0.021423,9.782742,-0.000371,-0.000767,-0.000539,9.785763,0.003370,0.142127,0.104868
1.288997,1.276000,0.020000,0.085000,1.221349,-0.041430,-0.064247,1.237750,-0.070280,0.049259,0.000927,-0.010914,0.015934,0.999813,0.022057,-0.015513,0.124729,0.000077,0.000066,-0.000547,0.000653,0.000019,-0.000019,17,0.248245,0.051840,9.802264,0.000977,0.000349,-0.000800,9.805545,0.003625,0.170397,0.104360
1.305652,1.276000,0.020000,0.085000,1.224122,-0.039281,0.049441,1.237091,-0.068070,0.051230,0.000603,-0.011036,0.016711,0.999799,0.020079,-0.009346,0.124410,0.000078,0.000062,-0.000548,0.000750,0.000047,-0.000022,17,0.232715,0.030409,9.785940,0.001231,-0.000665,0.000919,9.788758,0.002978,0.086429,0.102033
1.324353,1.276000,0.020000,0.085000,1.207939,-0.091741,0.006342,1.235315,-0.070235,0.051643,0.000916,-0.011255,0.021719,0.999700,0.015713,-0.013976,0.122818,0.000082,0.000067,-0.000491,0.000670,0.000097,-0.000028,19,0.226256,0.016018,9.820806,-0.001961,0.000866,-0.000388,9.823432,0.003428,0.152661,0.104452
1.341036,1.276000,0.020000,0.085000,1.228310,-0.048393,-0.058783,1.235278,-0.069011,0.049264,0.000723,-0.011283,0.020907,0.999717,0.015455,-0.010781,0.118477,0.000085,0.000067,-0.000360,0.000726,0.000104,-0.000028,17,0.235156,0.013461,9.811267,-0.000039,-0.000706,0.000113,9.814102,0.001916,0.166209,0.104203
1.357548,1.276000,0.020000,0.085000,1.194387,-0.048011,0.038488,1.232622,-0.067661,0.050649,0.000564,-0.011595,0.024542,0.999631,0.009638,-0.006871,0.118239,0.000089,0.000065,-0.000348,0.000791,0.000182,-0.000034,16,0.246278,0.027849,9.817425,0.000539,-0.000060,-0.000500,9.820553,0.003461,0.115973,0.103664
1.374213,1.276000,0.020000,0.085000,1.271235,-0.088731,0.115134,1.235346,-0.069149,0.054982,0.000705,-0.011325,0.021694,0.999700,0.015159,-0.009658,0.120938,0.000084,0.000066,-0.000418,0.000732,0.000111,-0.000029,17,0.238057,0.026761,9.822083,0.000822,0.000625,-0.002056,9.825005,0.004061,0.112930,0.102476
1.390828,1.276000,0.020000,0.085000,1.226719,-0.087186,0.048755,1.234977,-0.070645,0.056639,0.000891,-0.011376,0.023659,0.999655,0.014037,-0.012614,0.121047,0.000085,0.000068,-0.000407,0.000674,0.000126,-0.000031,17,0.231344,0.018283,9.829904,-0.000572,0.001464,0.000725,9.832648,0.003525,0.123414,0.103459
1.407472,1.276000,0.020000,0.085000,1.228178,-0.013998,-0.032168,1.234936,-0.066915,0.055224,0.000388,-0.011409,0.020712,0.999720,0.013784,-0.003768,0.117790,0.000087,0.000063,-0.000307,0.000844,0.000139,-0.000030,17,0.245242,0.010044,9.810611,0.002970,-0.000486,-0.007856,9.813699,0.010082,0.131039,0.100633
1.424080,1.276000,0.020000,0.085000,1.230002,-0.075849,0.013855,1.234848,-0.067697,0.055460,0.000486,-0.011413,0.022308,0.999686,0.013096,-0.005230,0.116319,0.000088,0.000066,-0.000256,0.000811,0.000145,-0.000031,16,0.213771,0.020738,9.813047,0.000373,0.002536,0.071628,9.815693,0.105337,0.127924,0.101276
1.440655,1.276000,0.020000,0.085000,1.223785,-0.072608,0.047079,1.234321,-0.068162,0.056941,0.000637,-0.011466,0.022102,0.999690,0.010633,-0.005974,0.115936,0.000090,0.000067,-0.000244,0.000794,0.000166,-0.000033,17,0.172704,0.008834,9.805430,0.009283,0.001955,-0.199169,9.808294,0.226073,0.112874,0.101474
1.457371,1.276000,0.020000,0.085000,1.220249,-0.048357,0.073384,1.233572,-0.066862,0.059375,0.000533,-0.011548,0.022389,0.999683,0.009004,-0.002621,0.117009,0.000091,0.000064,-0.000263,0.000861,0.000198,-0.000034,17,0.246714,0.013874,9.834940,0.009790,0.001540,0.030269,9.838207,0.044631,0.088970,0.100008
1.473954,1.276000,0.020000,0.085000,1.223353,-0.054244,0.004142,1.233159,-0.066158,0.059215,0.000395,-0.011605,0.022260,0.999685,0.008228,-0.002041,0.114986,0.000093,0.000063,-0.000199,0.000896,0.000217,-0.000035,17,0.244896,-0.057128,9.804905,-0.006154,-0.000281,-0.022353,9.808276,0.061245,0.121745,0.099616
1.490564,1.276000,0.020000,0.085000,1.201923,-0.056331,-0.080143,1.231488,-0.065811,0.055920,0.000230,-0.011734,0.024697,0.999626,0.005357,-0.001126,0.110483,0.000098,0.000066,-0.000038,0.000912,0.000272,-0.000039,16,0.267528,0.016870,9.833037,-0.018957,0.005045,0.022908,9.836914,0.081240,0.196433,0.100948
1.507118,1.276000,0.020000,0.085000,1.251236,-0.061021,0.016656,1.232864,-0.065527,0.056237,0.001396,-0.010014,0.020910,0.999730,0.007263,-0.000606,0.111925,0.000097,0.000067,0.000009,0.000921,0.000229,-0.000036,17,0.185368,0.008621,9.986369,0.150656,0.188978,-0.192242,9.989871,0.317709,0.108851,0.100015
1.523816,1.276000,0.020000,0.085000,1.246177,-0.066478,-0.019720,1.233921,-0.065768,0.055313,0.003235,-0.006259,0.019505,0.999785,0.011698,-0.007811,0.113956,0.000096,0.000070,0.000099,0.000906,0.000195,-0.000034,17,0.316220,-0.369815,10.088905,0.233635,0.443640,-0.041419,10.103139,0.536597,0.139047,0.100040
1.540432,1.276000,0.020000,0.086000,1.221878,-0.036380,-0.049327,1.233363,-0.064109,0.053544,0.002969,0.003599,0.019538,0.999798,-0.006062,0.002633,0.126694,0.000099,0.000068,0.000219,0.000992,0.000217,-0.000035,17,-0.915565,0.491494,10.790923,0.014888,1.191618,0.079582,10.853327,1.210442,0.156273,0.099728
1.557116,1.275000,0.020000,0.086000,1.251581,-0.077723,0.167611,1.234215,-0.064697,0.059818,0.008806,0.021580,0.016418,0.999594,-0.013826,0.009277,0.163322,0.000096,0.000067,0.000092,0.000958,0.000181,-0.000033,17,-0.857242,0.634899,11.756905,0.729926,2.134673,-0.268141,11.815311,2.279117,0.129455,0.097583
1.573627,1.276000,0.020000,0.087000,1.216577,-0.061812,0.113264,1.233076,-0.064320,0.064578,0.016712,0.037106,0.016896,0.999029,0.004395,0.006719,0.217778,0.000096,0.000065,0.000032,0.000976,0.000223,-0.000035,16,0.511240,0.102697,13.201300,1.045585,1.960914,-0.089660,13.219065,2.230858,0.104470,0.097237
1.606950,1.277000,0.019000,0.093000,1.266779,-0.046836,0.048815,1.236198,-0.063493,0.072766,0.023727,0.056177,0.011521,0.998072,0.063601,-0.020807,0.335670,0.000093,0.000063,0.000063,0.001044,0.000134,-0.000032,34,0.382840,-0.372366,13.530971,0.461015,1.147044,-0.127976,13.554959,1.266658,0.079945,0.094230
1.623575,1.279000,0.019000,0.098000,1.175308,-0.016719,0.009626,1.233496,-0.060729,0.076455,0.025772,0.060217,0.014194,0.997752,0.093130,-0.017336,0.389384,0.000101,0.000056,0.000137,0.001240,0.000308,-0.000043,17,0.711337,0.374891,13.361777,0.332084,0.523752,-0.127384,13.388140,0.651004,0.140847,0.094295
1.640135,1.281000,0.019000,0.103000,1.184838,0.008273,-0.006189,1.232058,-0.056557,0.079907,0.027641,0.058825,0.015208,0.997770,0.121209,-0.021518,0.422366,0.000108,0.000047,0.000234,0.001523,0.000451,-0.000052,16,0.710200,-0.304338,12.283302,0.312264,-0.143743,0.006678,12.309488,0.387507,0.145892,0.092938
1.656799,1.283000,0.018000,0.108000,1.192481,0.003333,-0.090822,1.231418,-0.053208,0.080730,0.027926,0.056486,0.014857,0.997902,0.134274,-0.023877,0.432016,0.000115,0.000042,0.000439,0.001759,0.000571,-0.000059,17,-0.096379,-0.115304,10.871006,0.102053,-0.272502,-0.156616,10.881914,0.346724,0.218950,0.092060
1.673471,1.286000,0.018000,0.113000,1.187127,-0.007395,-0.016536,1.230727,-0.050731,0.084228,0.029010,0.054554,0.016556,0.997952,0.147017,-0.026021,0.426439,0.000122,0.000036,0.000557,0.001945,0.000702,-0.000069,17,0.034923,-0.014088,9.773059,0.200487,-0.218658,-0.120187,9.785061,0.328380,0.164925,0.092773
1.690087,1.290000,0.015000,0.120000,1.198910,-0.006786,-0.101129,1.231042,-0.048605,0.084596,0.028526,0.050175,0.017541,0.998179,0.162379,-0.033992,0.409598,0.000128,0.000035,0.000783,0.002114,0.000800,-0.000075,17,0.197955,-0.353456,9.266131,-0.017163,-0.511523,-0.031157,9.280731,0.515338,0.240146,0.093675
1.706648,1.293000,0.015000,0.125000,1.233936,0.000224,-0.052446,1.233814,-0.046018,0.086036,0.028118,0.044962,0.012592,0.998514,0.182307,-0.028386,0.392456,0.000130,0.000031,0.000951,0.002312,0.000805,-0.000073,16,0.444006,0.498452,9.077852,-0.034439,-0.653968,-0.114065,9.103240,0.664922,0.187601,0.093512
1.723282,1.298000,0.013000,0.131000,1.233167,-0.029325,-0.107271,1.236580,-0.045583,0.085374,0.027831,0.040021,0.011363,0.998747,0.196635,-0.032915,0.365790,0.000133,0.000035,0.001190,0.002366,0.000811,-0.000074,17,0.203298,0.105099,8.611120,-0.027981,-0.621486,-0.080910,8.625278,0.628234,0.250535,0.096365
1.739929,1.302000,0.012000,0.135000,1.196254,-0.047634,-0.081911,1.237012,-0.046588,0.085274,0.026167,0.034965,0.016720,0.998906,0.193351,-0.051353,0.333571,0.000141,0.000042,0.001395,0.002336,0.000921,-0.000082,17,-0.584160,-0.750020,8.186188,-0.187659,-0.618778,-0.039831,8.242296,0.651102,0.248574,0.100641
1.756565,1.305000,0.010000,0.139000,1.215323,-0.023795,-0.029771,1.238762,-0.046136,0.086536,0.024139,0.030528,0.017716,0.999085,0.202206,-0.053919,0.306948,0.000145,0.000042,0.001537,0.002420,0.000985,-0.000087,17,0.116741,0.032409,8.440153,-0.228892,-0.531552,-0.087241,8.447734,0.586700,0.194082,0.101445
1.773171,1.309000,0.008000,0.142000,1.237571,-0.038471,-0.031432,1.242011,-0.046646,0.087324,0.023267,0.025204,0.017206,0.999263,0.214875,-0.056268,0.278020,0.000147,0.000044,0.001684,0.002442,0.000990,-0.000088,17,0.313765,0.198757,8.333238,-0.109015,-0.639024,-0.049082,8.343872,0.651623,0.193236,0.102289
1.789766,1.315000,0.006000,0.146000,1.257143,-0.009226,0.126646,1.246120,-0.045140,0.092689,0.021536,0.020362,0.015380,0.999442,0.214511,-0.057800,0.249654,0.000145,0.000035,0.001638,0.002616,0.000958,-0.000089,16,-0.453643,-0.025373,7.937096,-0.196227,-0.610154,0.008486,7.951586,0.641854,0.062879,0.101003
1.806385,1.319000,0.004000,0.149000,1.276468,-0.032860,-0.024632,1.251263,-0.045432,0.092421,0.019563,0.015097,0.011574,0.999628,0.217892,-0.062487,0.215873,0.000142,0.000037,0.001784,0.002666,0.000865,-0.000084,17,-0.261405,0.024153,7.948475,-0.248338,-0.663711,-0.072648,7.955241,0.713021,0.182526,0.101158
1.823078,1.323000,0.002000,0.151000,1.292089,-0.042330,0.106393,1.257019,-0.046248,0.096025,0.017315,0.009050,0.007715,0.999779,0.224319,-0.067335,0.187083,0.000136,0.000036,0.001773,0.002695,0.000755,-0.000079,17,-0.020207,0.031029,8.038310,-0.276465,-0.751954,-0.070406,8.039185,0.804871,0.070074,0.098507
1.839659,1.329000,0.000000,0.153000,1.274130,-0.028928,0.025730,1.261624,-0.046367,0.096477,0.014319,0.002396,0.007028,0.999870,0.232150,-0.072791,0.157749,0.000134,0.000035,0.001860,0.002766,0.000699,-0.000080,17,0.270377,-0.188739,8.179431,-0.352808,-0.815923,-0.022855,8.188232,0.891796,0.141581,0.099420
1.856282,1.333000,-0.002000,0.154000,1.276800,-0.058527,0.114483,1.265929,-0.048256,0.099242,0.010581,-0.003709,0.004971,0.999925,0.231146,-0.083848,0.131505,0.000133,0.000037,0.001842,0.002726,0.000668,-0.000077,16,-0.115213,-0.377711,8.124899,-0.484563,-0.777241,-0.051778,8.137509,0.918381,0.088968,0.098166
1.872949,1.339000,-0.005000,0.156000,1.267284,-0.083809,0.176952,1.269331,-0.051662,0.103608,0.007665,-0.009116,0.001965,0.999927,0.219751,-0.093462,0.111332,0.000133,0.000041,0.001753,0.002599,0.000695,-0.000070,17,-0.536789,-0.163057,8.406248,-0.393092,-0.668904,-0.074099,8.427552,0.781076,0.108596,0.098873
1.889525,1.343000,-0.007000,0.156000,1.361245,-0.125696,0.131786,1.277710,-0.057836,0.106003,0.004771,-0.014757,-0.008002,0.999848,0.220064,-0.106319,0.092592,0.000120,0.000054,0.001728,0.002319,0.000420,-0.000048,17,-0.220961,0.051190,8.622522,-0.386568,-0.742953,-0.011752,8.628145,0.837869,0.122507,0.096679
1.906188,1.347000,-0.010000,0.156000,1.309121,-0.054419,0.167199,1.282716,-0.059056,0.109324,0.001404,-0.021230,-0.007368,0.999746,0.216493,-0.102041,0.080604,0.000115,0.000051,0.001655,0.002350,0.000343,-0.000050,17,-0.076710,0.235661,8.965934,-0.400560,-0.807196,-0.038885,8.969599,0.903338,0.059441,0.093367
1.922800,1.353000,-0.013000,0.156000,1.281053,-0.087858,0.098330,1.285979,-0.062549,0.110213,-0.001806,-0.027188,-0.011673,0.999561,0.207269,-0.106005,0.076045,0.000117,0.000057,0.001672,0.002244,0.000358,-0.000042,17,-0.005419,0.033928,9.568552,-0.383761,-0.717553,-0.032643,9.571114,0.816196,0.118768,0.095096
1.939438,1.357000,-0.015000,0.157000,1.302705,-0.133116,0.196827,1.289593,-0.068609,0.114102,-0.006108,-0.032157,-0.020772,0.999248,0.193034,-0.122347,0.077734,0.000114,0.000067,0.001573,0.002000,0.000336,-0.000024,16,-0.220118,-0.480727,9.785088,-0.542337,-0.642645,-0.034961,9.799683,0.842420,0.135962,0.096218
1.956060,1.360000,-0.017000,0.156000,1.319037,-0.089495,0.065315,1.294138,-0.071877,0.113761,-0.010347,-0.037120,-0.023224,0.998987,0.183617,-0.123348,0.079417,0.000111,0.000073,0.001634,0.001904,0.000231,-0.000020,17,-0.060941,-0.078616,10.033305,-0.524689,-0.650239,-0.075036,10.037215,0.840618,0.123115,0.095568
1.972656,1.364000,-0.019000,0.156000,1.330677,-0.050282,0.085635,1.298964,-0.072289,0.114158,-0.013182,-0.041449,-0.018683,0.998879,0.167665,-0.115684,0.079952,0.000106,0.000070,0.001668,0.001966,0.000112,-0.000028,17,-0.497800,0.001590,9.978937,-0.350354,-0.557933,-0.040077,9.999582,0.660755,0.083906,0.093916
1.989340,1.368000,-0.022000,0.157000,1.353445,-0.091075,0.098029,1.304384,-0.075237,0.114943,-0.016570,-0.044134,-0.019174,0.998704,0.152518,-0.115879,0.083707,0.000097,0.000075,0.001689,0.001875,-0.000072,-0.000025,17,-0.387105,-0.209875,10.136560,-0.413821,-0.367895,-0.031470,10.148554,0.557534,0.091982,0.093005
2.005876,1.371000,-0.025000,0.157000,1.288149,-0.077832,0.144758,1.305576,-0.077034,0.117225,-0.020331,-0.046783,-0.020840,0.998481,0.135978,-0.108239,0.093300,0.000100,0.000074,0.001655,0.001891,0.000000,-0.000024,16,0.025833,0.080533,10.413838,-0.467574,-0.334595,-0.072593,10.415454,0.589012,0.099022,0.092574
2.039169,1.376000,-0.028000,0.158000,1.331086,-0.126613,0.026922,1.310739,-0.083679,0.117442,-0.025296,-0.052296,-0.027117,0.997943,0.094841,-0.092011,0.099330,0.000096,0.000088,0.001774,0.001645,-0.000127,-0.000012,34,-0.316784,0.186365,10.188181,-0.299667,-0.360421,-0.037064,10.198446,0.476871,0.170068,0.094890
2.055820,1.378000,-0.029000,0.158000,1.340517,-0.099239,0.193686,1.313558,-0.085734,0.121516,-0.026157,-0.054249,-0.027043,0.997818,0.080637,-0.075733,0.103286,0.000090,0.000089,0.001679,0.001592,-0.000208,-0.000012,17,-0.008959,0.524747,10.005845,-0.108032,-0.253087,-0.046955,10.020752,0.302695,0.087247,0.093288
2.072383,1.380000,-0.032000,0.158000,1.326738,-0.118810,0.104490,1.315256,-0.088981,0.122511,-0.025999,-0.056088,-0.030805,0.997612,0.060349,-0.065328,0.099250,0.000088,0.000098,0.001703,0.001437,-0.000269,-0.000005,16,-0.328711,0.365867,9.718711,0.023246,-0.254474,-0.059230,9.733746,0.281024,0.115048,0.093264
2.088969,1.382000,-0.033000,0.159000,1.317235,-0.119428,0.153020,1.315896,-0.091795,0.125000,-0.024125,-0.057001,-0.034263,0.997494,0.042531,-0.054723,0.098819,0.000087,0.000103,0.001668,0.001318,-0.000271,0.000001,17,-0.030085,0.324742,9.818290,0.245118,-0.124813,-0.012536,9.825534,0.282469,0.108167,0.094777
2.107684,1.383000,-0.034000,0.159000,1.336064,-0.082302,0.155215,1.317586,-0.091968,0.127667,-0.023681,-0.057055,-0.031180,0.997603,0.020521,-0.052029,0.093237,0.000084,0.000101,0.001631,0.001362,-0.000330,-0.000003,19,-0.227302,-0.396463,9.538771,0.045801,-0.010869,0.023029,9.553837,0.110801,0.067457,0.092850
2.140966,1.384000,-0.036000,0.159000,1.350922,-0.113937,0.109560,1.319695,-0.094858,0.129943,-0.026239,-0.055775,-0.031239,0.997610,-0.015472,-0.039940,0.083414,0.000077,0.000108,0.001658,0.001217,-0.000475,-0.000002,34,-0.133272,-0.052898,9.615831,-0.172120,0.061955,-0.059223,9.618293,0.200327,0.098044,0.091889
2.157609,1.384000,-0.037000,0.159000,1.347864,-0.061687,0.035613,1.321458,-0.093338,0.128136,-0.027295,-0.054414,-0.026099,0.997804,-0.029327,-0.027696,0.078490,0.000072,0.000102,0.001782,0.001330,-0.000612,-0.000009,16,-0.090221,0.082819,9.771394,-0.157194,0.161635,0.004540,9.772527,0.233678,0.130919,0.089655
2.174175,1.383000,-0.038000,0.159000,1.334616,-0.096700,0.122090,1.321693,-0.093869,0.129153,-0.026889,-0.052781,-0.025580,0.997916,-0.046036,-0.012499,0.076622,0.000070,0.000104,0.001792,0.001302,-0.000669,-0.000009,17,-0.137046,0.419605,9.820382,0.030261,0.196002,-0.025143,9.832178,0.209892,0.084553,0.088152
2.190850,1.382000,-0.038000,0.159000,1.352664,-0.114186,0.171863,1.322556,-0.095100,0.131783,-0.025851,-0.050814,-0.024660,0.998069,-0.058112,0.001458,0.080437,0.000062,0.000109,0.001737,0.001193,-0.000784,-0.000008,17,0.055903,0.486931,10.036389,0.103684,0.227986,0.015094,10.050963,0.254369,0.082646,0.086803
2.207562,1.381000,-0.038000,0.159000,1.323284,-0.116854,0.085850,1.321652,-0.096526,0.131588,-0.025138,-0.049043,-0.025595,0.998152,-0.075440,0.006400,0.079828,0.000062,0.000116,0.001800,0.001055,-0.000807,-0.000006,17,-0.103788,-0.060365,9.936142,0.071299,0.210204,0.009916,9.937886,0.227274,0.122065,0.087744
2.224136,1.380000,-0.039000,0.159000,1.359131,-0.127850,0.152841,1.322451,-0.098244,0.133624,-0.024524,-0.046723,-0.024572,0.998304,-0.086509,0.011775,0.085190,0.000054,0.000125,0.001774,0.000872,-0.000953,-0.000005,17,0.045998,0.068590,10.145216,0.034314,0.260543,-0.020488,10.146543,0.275057,0.091476,0.086404
2.257322,1.376000,-0.038000,0.160000,1.344606,-0.120877,0.115261,1.320547,-0.099363,0.135851,-0.024741,-0.040067,-0.023183,0.998622,-0.121558,0.015783,0.092504,0.000048,0.000134,0.001804,0.000710,-0.001066,-0.000006,33,-0.278367,-0.280722,10.114712,-0.036959,0.398541,0.011212,10.128288,0.414256,0.099276,0.086160
2.273970,1.374000,-0.038000,0.160000,1.366866,-0.107163,0.153876,1.321393,-0.099499,0.137973,-0.025797,-0.036490,-0.020645,0.998788,-0.126211,0.024660,0.096457,0.000037,0.000136,0.001782,0.000649,-0.001266,-0.000006,17,0.155378,0.182104,10.047241,-0.156322,0.409633,-0.019856,10.051130,0.449381,0.069799,0.083874
2.307159,1.368000,-0.037000,0.161000,1.327977,-0.107033,0.135503,1.317789,-0.098873,0.140968,-0.028276,-0.030659,-0.019781,0.998934,-0.139365,0.055580,0.101796,0.000034,0.000139,0.001791,0.000585,-0.001315,-0.000007,33,0.197268,0.456171,10.024251,-0.166077,0.353090,0.023091,10.039747,0.395922,0.084596,0.082162
2.323856,1.366000,-0.036000,0.162000,1.335686,-0.119260,0.058874,1.316924,-0.099557,0.139823,-0.027089,-0.028451,-0.018074,0.999065,-0.145023,0.066532,0.102445,0.000030,0.000148,0.001910,0.000404,-0.001420,-0.000007,17,0.060924,0.403699,10.055757,0.102498,0.266413,-0.013696,10.064869,0.298844,0.135964,0.083305
2.340498,1.363000,-0.036000,0.162000,1.329137,-0.121403,0.192526,1.315300,-0.099849,0.143216,-0.025670,-0.026326,-0.016665,0.999185,-0.155637,0.068391,0.104685,0.000026,0.000155,0.001840,0.000277,-0.001469,-0.000008,17,-0.181060,-0.192858,9.875726,0.152632,0.256928,0.044432,9.883572,0.309043,0.096810,0.081883
2.357060,1.359000,-0.035000,0.163000,1.328409,-0.130234,0.153871,1.313634,-0.100762,0.145266,-0.025121,-0.023351,-0.014955,0.999300,-0.163976,0.071840,0.107810,0.000021,0.000165,0.001829,0.000082,-0.001528,-0.000009,17,-0.105656,-0.000682,10.006196,0.030201,0.357207,0.004510,10.008059,0.363692,0.100442,0.081836
2.392337,1.352000,-0.031000,0.164000,1.333521,-0.126278,0.176110,1.309336,-0.099855,0.149966,-0.018441,-0.018275,-0.012001,0.999591,-0.177288,0.090365,0.107115,0.000014,0.000174,0.001793,-0.000100,-0.001638,-0.000010,35,-0.059920,0.243646,9.792045,0.366404,0.292524,0.022714,9.797413,0.488189,0.097806,0.082208
2.409023,1.349000,-0.030000,0.164000,1.325534,-0.091785,0.153191,1.307625,-0.097893,0.151710,-0.016034,-0.015245,-0.011316,0.999691,-0.180312,0.096497,0.102706,0.000009,0.000171,0.001791,-0.000059,-0.001731,-0.000009,17,-0.011596,0.017726,9.539930,0.306300,0.362923,0.056477,9.543853,0.485106,0.066969,0.080451
2.425651,1.344000,-0.028000,0.165000,1.278229,-0.064151,0.159552,1.302994,-0.093978,0.153579,-0.014153,-0.012219,-0.014678,0.999717,-0.185715,0.110448,0.103104,0.000016,0.000161,0.001778,0.000147,-0.001616,-0.000008,17,0.081850,0.171816,9.836192,0.256442,0.387919,-0.065228,9.840114,0.472366,0.075249,0.078517
2.442318,1.341000,-0.026000,0.165000,1.287309,-0.078421,0.125944,1.299133,-0.091217,0.154293,-0.011274,-0.008830,-0.015750,0.999773,-0.191390,0.117915,0.103360,0.000020,0.000157,0.001818,0.000222,-0.001565,-0.000008,17,-0.075732,0.056113,9.895014,0.353396,0.420889,0.000014,9.895991,0.552374,0.084593,0.078235
2.458855,1.337000,-0.024000,0.166000,1.293778,-0.123536,0.172177,1.295964,-0.091713,0.156445,-0.008179,-0.005683,-0.012308,0.999875,-0.194224,0.109875,0.102327,0.000020,0.000168,0.001798,0.000026,-0.001541,-0.000011,16,0.037035,-0.318870,9.704258,0.356690,0.409807,0.092678,9.712788,0.552475,0.108691,0.079751
2.475488,1.333000,-0.023000,0.166000,1.297579,-0.102060,0.096327,1.293226,-0.090939,0.156016,-0.007367,-0.003340,-0.010705,0.999910,-0.189847,0.106432,0.100794,0.000019,0.000172,0.001886,-0.000062,-0.001565,-0.000013,17,0.342893,-0.206216,9.826484,0.097730,0.296713,0.024475,9.835477,0.327293,0.111173,0.079356
2.492183,1.329000,-0.021000,0.167000,1.279679,-0.067013,0.154606,1.289549,-0.087651,0.157589,-0.007713,-0.002010,-0.012944,0.999884,-0.188321,0.116874,0.106535,0.000022,0.000166,0.001887,0.000060,-0.001524,-0.000011,17,0.186156,0.234180,10.163024,-0.025521,0.169129,-0.024435,10.171338,0.191904,0.068581,0.078021
2.508820,1.325000,-0.019000,0.167000,1.330819,-0.051348,0.201640,1.289014,-0.083231,0.160820,-0.007273,0.000637,-0.016047,0.999845,-0.186658,0.127279,0.116416,0.000011,0.000154,0.001829,0.000254,-0.001730,-0.000003,17,-0.233522,0.092064,10.328707,0.079471,0.288437,0.042967,10.333794,0.309809,0.047751,0.073883
2.525441,1.320000,-0.016000,0.168000,1.245472,-0.057244,0.180033,1.283561,-0.079469,0.163361,-0.006453,0.003100,-0.017272,0.999825,-0.192816,0.130808,0.121844,0.000021,0.000148,0.001801,0.000391,-0.001552,-0.000005,17,-0.165822,-0.172814,10.110048,0.112479,0.323564,0.071094,10.113963,0.353896,0.086025,0.073332
2.542029,1.317000,-0.014000,0.169000,1.334756,-0.109142,0.257396,1.283543,-0.079305,0.168364,-0.004905,0.005801,-0.015548,0.999850,-0.183124,0.131392,0.127256,0.000006,0.000154,0.001682,0.000242,-0.001779,-0.000002,16,0.190520,0.207134,9.961106,0.169087,0.308418,0.002249,9.969336,0.356066,0.131077,0.073379
2.558677,1.312000,-0.012000,0.170000,1.297144,-0.065804,0.116497,1.281619,-0.076504,0.168655,-0.002908,0.007957,-0.016599,0.999826,-0.174554,0.136930,0.126805,0.000003,0.000152,0.001755,0.000283,-0.001857,-0.000000,17,0.257114,0.175764,9.886533,0.249654,0.259319,-0.013430,9.891778,0.362848,0.077319,0.071313
2.575309,1.309000,-0.010000,0.171000,1.282993,-0.038260,0.040230,1.279150,-0.072128,0.166479,-0.000651,0.010193,-0.018776,0.999772,-0.169720,0.142728,0.124184,0.000005,0.000144,0.001926,0.000429,-0.001886,0.000002,17,0.046556,0.038057,9.906903,0.295428,0.276447,0.041513,9.909235,0.411967,0.136293,0.069075
2.593976,1.304000,-0.007000,0.172000,1.262957,-0.060453,0.216376,1.275346,-0.068820,0.170379,0.000409,0.012157,-0.018973,0.999746,-0.162610,0.143550,0.131086,0.000008,0.000141,0.001860,0.000488,-0.001826,0.000001,19,0.229970,-0.029409,10.107486,0.118967,0.222255,0.051662,10.111759,0.274005,0.080690,0.068157
2.610595,1.301000,-0.005000,0.173000,1.283641,-0.068030,0.198786,1.273430,-0.066609,0.173334,0.000001,0.013661,-0.019605,0.999714,-0.158177,0.142507,0.137835,0.000005,0.000141,0.001826,0.000483,-0.001871,0.000003,16,-0.047738,-0.063144,10.186884,-0.054744,0.182687,-0.044719,10.187974,0.212698,0.070278,0.067497
2.627204,1.298000,-0.003000,0.174000,1.252840,-0.062668,0.096408,1.269928,-0.064408,0.173014,0.000509,0.015021,-0.018872,0.999709,-0.157789,0.141121,0.141727,0.000010,0.000141,0.001929,0.000481,-0.001799,0.000000,17,-0.146778,-0.063357,10.207782,0.062252,0.184191,0.004435,10.209993,0.204352,0.107797,0.067528
2.643908,1.293000,0.000000,0.175000,1.257508,-0.004240,0.172768,1.267019,-0.058410,0.175257,0.000845,0.015865,-0.023064,0.999608,-0.153217,0.146435,0.144997,0.000015,0.000126,0.001926,0.000747,-0.001753,0.000003,17,-0.021342,-0.170567,10.028369,0.070089,0.111231,0.069383,10.030945,0.172917,0.035814,0.063928
2.660461,1.290000,0.001000,0.176000,1.238644,-0.029395,0.083698,1.263216,-0.054519,0.174650,0.001848,0.016773,-0.024186,0.999565,-0.146944,0.148051,0.146477,0.000024,0.000120,0.002043,0.000862,-0.001647,0.000001,17,0.193168,-0.042212,10.091140,0.133565,0.128402,-0.016136,10.093806,0.189791,0.109913,0.061657
2.677092,1.287000,0.003000,0.177000,1.242506,-0.028462,0.079218,1.259916,-0.050714,0.174005,0.002451,0.017742,-0.025258,0.999520,-0.140839,0.153993,0.150796,0.000030,0.000116,0.002166,0.000958,-0.001572,-0.000001,17,0.097887,0.253324,10.262548,0.081371,0.127746,-0.011952,10.269204,0.171549,0.111942,0.060230
2.693682,1.283000,0.006000,0.179000,1.183880,-0.002439,-0.006670,1.253723,-0.045777,0.170635,0.003086,0.019556,-0.025322,0.999483,-0.146113,0.163302,0.150579,0.000053,0.000105,0.002391,0.001169,-0.001272,-0.000010,16,-0.268680,0.341732,10.154858,0.103150,0.276358,0.013216,10.165572,0.305530,0.210640,0.060066
2.710306,1.280000,0.008000,0.181000,1.197428,-0.010409,0.115244,1.248518,-0.041282,0.171251,0.003879,0.021695,-0.025841,0.999423,-0.146342,0.165123,0.149969,0.000069,0.000097,0.002457,0.001331,-0.001050,-0.000016,17,-0.095587,-0.044824,9.890659,0.116859,0.304350,-0.016423,9.892658,0.334070,0.107149,0.059286
2.726959,1.277000,0.010000,0.182000,1.166695,-0.046835,0.041640,1.241669,-0.039694,0.169535,0.005537,0.021813,-0.020249,0.999542,-0.146945,0.156711,0.145897,0.000089,0.000098,0.002618,0.001345,-0.000745,-0.000031,17,0.106978,-0.242922,9.828184,0.215201,0.069685,0.013301,9.832275,0.277192,0.187345,0.062234
2.743638,1.274000,0.013000,0.184000,1.204051,0.017126,0.041643,1.237620,-0.033791,0.167885,0.007341,0.021668,-0.023799,0.999455,-0.141113,0.165316,0.146592,0.000102,0.000087,0.002775,0.001553,-0.000587,-0.000030,17,0.064726,0.259663,10.104080,0.241984,0.015147,0.019170,10.109769,0.247739,0.158668,0.061421
2.762300,1.271000,0.014000,0.185000,1.133475,-0.022928,0.018226,1.229294,-0.030838,0.165873,0.009852,0.021820,-0.019113,0.999531,-0.145351,0.164987,0.145965,0.000130,0.000083,0.002959,0.001657,-0.000194,-0.000047,19,-0.065696,0.184141,10.035581,0.292225,0.065735,-0.053875,10.040628,0.309331,0.219295,0.064154
2.778857,1.268000,0.017000,0.187000,1.209008,-0.053390,0.068165,1.225848,-0.030199,0.165035,0.010936,0.021454,-0.014327,0.999607,-0.140615,0.155380,0.142583,0.000133,0.000090,0.003086,0.001581,-0.000141,-0.000055,16,0.051481,-0.136539,9.807937,0.136449,-0.042438,0.047209,9.810177,0.193423,0.150189,0.066985
2.795500,1.265000,0.018000,0.189000,1.135970,0.026788,-0.042203,1.219061,-0.024708,0.160811,0.010811,0.020728,-0.015580,0.999605,-0.142310,0.156637,0.137401,0.000159,0.000078,0.003336,0.001811,0.000222,-0.000061,17,0.008587,-0.056315,9.894510,0.016878,-0.033777,0.000269,9.896524,0.089607,0.264917,0.068768
2.812236,1.262000,0.021000,0.191000,1.208145,0.006802,0.089677,1.216456,-0.020382,0.160779,0.011068,0.021172,-0.018941,0.999535,-0.140873,0.154167,0.136784,0.000163,0.000073,0.003425,0.001901,0.000273,-0.000057,17,-0.298867,-0.151360,9.910284,0.038774,0.065711,-0.077552,9.917260,0.116803,0.115621,0.068556
2.828793,1.260000,0.022000,0.193000,1.154758,-0.013335,0.031961,1.210851,-0.018051,0.158978,0.012358,0.020930,-0.015564,0.999583,-0.143368,0.146346,0.136932,0.000179,0.000071,0.003583,0.001963,0.000493,-0.000067,17,-0.187062,-0.219784,10.069366,0.170084,0.002271,0.029565,10.074626,0.180221,0.195596,0.071953
2.845370,1.258000,0.023000,0.194000,1.184385,0.044337,-0.002352,1.207662,-0.012094,0.156122,0.013656,0.021075,-0.020081,0.999483,-0.139105,0.145218,0.138888,0.000189,0.000060,0.003778,0.002150,0.000626,-0.000061,16,-0.041849,-0.228537,10.267636,0.182042,0.052088,0.071422,10.271079,0.217729,0.210781,0.072113
2.862004,1.255000,0.026000,0.197000,1.151557,-0.033838,0.109079,1.202321,-0.011733,0.156881,0.013183,0.020726,-0.014782,0.999589,-0.138189,0.141776,0.145225,0.000201,0.000063,0.003836,0.002134,0.000799,-0.000074,17,0.001282,0.261451,10.308560,-0.045597,-0.031669,-0.061437,10.314395,0.201807,0.148362,0.076213
2.878651,1.253000,0.027000,0.199000,1.202282,0.043792,-0.092489,1.200548,-0.006182,0.151570,0.015366,0.021024,-0.019750,0.999466,-0.132469,0.146677,0.148130,0.000203,0.000057,0.004140,0.002250,0.000844,-0.000067,17,-0.140174,0.284268,10.462421,0.281337,0.057262,-0.007604,10.478927,0.313881,0.296344,0.078114
2.895330,1.251000,0.028000,0.202000,1.117334,0.022334,0.023374,1.194088,-0.002693,0.150083,0.016196,0.021652,-0.017283,0.999485,-0.132770,0.137781,0.154816,0.000226,0.000049,0.004291,0.002403,0.001148,-0.000077,17,0.031807,-0.355615,10.480123,0.125309,0.118703,0.066347,10.489813,0.199777,0.223172,0.082923
2.911878,1.249000,0.029000,0.204000,1.175928,-0.022931,0.001056,1.191050,-0.002283,0.147892,0.016148,0.020714,-0.013733,0.999561,-0.124469,0.132846,0.157264,0.000226,0.000057,0.004477,0.002349,0.001183,-0.000084,16,0.206947,0.222250,10.280435,0.001216,-0.119307,-0.034602,10.287180,0.175401,0.221862,0.086515
2.928500,1.248000,0.032000,0.206000,1.143601,-0.003008,0.033546,1.186641,-0.000686,0.146872,0.016139,0.019415,-0.010948,0.999621,-0.122546,0.131703,0.160385,0.000237,0.000058,0.004616,0.002377,0.001337,-0.000091,17,-0.011338,0.297535,10.231164,0.019018,-0.145274,-0.005556,10.237219,0.201433,0.204609,0.091266
2.945134,1.246000,0.032000,0.210000,1.156003,0.009627,0.057886,1.183198,0.001701,0.146724,0.015255,0.019302,-0.009953,0.999648,-0.122296,0.126320,0.165231,0.000244,0.000057,0.004724,0.002419,0.001443,-0.000093,17,-0.204305,-0.053173,10.289382,-0.100577,-0.000800,0.031370,10.292638,0.120684,0.178153,0.094159
2.961760,1.244000,0.033000,0.212000,1.157141,0.000312,0.006548,1.179950,0.003253,0.145116,0.014989,0.018903,-0.008100,0.999676,-0.116843,0.123869,0.166093,0.000248,0.000059,0.004895,0.002422,0.001506,-0.000097,17,0.078156,0.208295,10.143257,-0.028406,-0.037785,0.005044,10.146143,0.142268,0.225441,0.097267
2.978397,1.242000,0.033000,0.216000,1.167192,-0.027108,0.097316,1.177387,0.003130,0.146344,0.014490,0.017933,-0.004700,0.999723,-0.111233,0.116163,0.169054,0.000247,0.000068,0.004959,0.002335,0.001515,-0.000102,17,0.028282,0.048126,10.093732,-0.061376,-0.122546,-0.025489,10.096100,0.156252,0.152627,0.099594
2.994985,1.241000,0.034000,0.218000,1.191283,-0.009142,0.080492,1.176400,0.004000,0.146943,0.014495,0.017219,-0.004072,0.999738,-0.109485,0.111335,0.170715,0.000240,0.000074,0.005046,0.002276,0.001442,-0.000103,16,-0.341096,0.093660,10.045810,-0.003583,-0.101891,-0.037597,10.052883,0.151110,0.152451,0.100609
3.011597,1.240000,0.034000,0.221000,1.140802,-0.013024,0.096154,1.172858,0.004478,0.148072,0.014863,0.016590,-0.001374,0.999751,-0.110896,0.107649,0.171017,0.000247,0.000079,0.005109,0.002236,0.001546,-0.000106,17,-0.235409,0.170817,9.929548,0.044058,-0.066028,0.008105,9.937726,0.164437,0.166247,0.103432
3.028292,1.238000,0.035000,0.225000,1.171220,-0.037104,0.169155,1.170975,0.003586,0.151388,0.013823,0.016547,0.002188,0.999765,-0.106529,0.096485,0.171078,0.000245,0.000091,0.005091,0.002105,0.001516,-0.000110,17,-0.067268,-0.120785,9.797186,-0.137876,-0.012421,0.029307,9.799953,0.149819,0.113037,0.104392
3.044870,1.237000,0.035000,0.228000,1.251652,-0.021473,0.186245,1.173425,0.003682,0.155131,0.012633,0.016545,0.002144,0.999781,-0.094658,0.087379,0.173477,0.000220,0.000099,0.005062,0.001988,0.001201,-0.000111,17,-0.084202,-0.117496,9.910574,-0.157349,-0.045906,-0.034805,9.911936,0.175825,0.071745,0.101649
3.061497,1.237000,0.036000,0.230000,1.161037,-0.030208,0.263575,1.171313,0.003107,0.161094,0.011457,0.016863,0.003855,0.999785,-0.093878,0.080800,0.180757,0.000223,0.000107,0.004938,0.001883,0.001229,-0.000110,16,-0.223686,0.023095,10.073227,-0.159448,0.041617,-0.030195,10.077138,0.200666,0.106212,0.100721
3.078070,1.236000,0.036000,0.234000,1.154065,0.002773,0.125398,1.169064,0.004239,0.162850,0.011011,0.016861,0.004061,0.999789,-0.090493,0.079708,0.184881,0.000226,0.000108,0.004983,0.001875,0.001284,-0.000110,17,-0.035681,0.179199,10.136211,-0.057764,0.003742,-0.014476,10.138870,0.125629,0.140042,0.102720
3.094760,1.235000,0.035000,0.238000,1.199310,-0.051177,0.182156,1.169205,0.002246,0.166316,0.009900,0.016038,0.006481,0.999801,-0.083297,0.065629,0.189472,0.000215,0.000126,0.004971,0.001663,0.001143,-0.000110,17,-0.095909,-0.297689,10.084368,-0.164242,-0.117717,0.001346,10.090179,0.243499,0.108714,0.102666
3.111398,1.234000,0.036000,0.240000,1.180337,0.021143,0.243413,1.168420,0.004435,0.171736,0.008335,0.016912,0.005281,0.999808,-0.083378,0.066304,0.199118,0.000213,0.000118,0.004882,0.001746,0.001108,-0.000111,17,-0.392489,0.094144,10.252014,-0.182264,0.101310,-0.046998,10.261662,0.223846,0.055786,0.099785
3.128004,1.233000,0.036000,0.245000,1.229609,-0.009927,0.118246,1.170295,0.004600,0.173322,0.009935,0.017119,0.005888,0.999787,-0.071059,0.064270,0.202897,0.000193,0.000124,0.004956,0.001669,0.000863,-0.000114,17,0.021458,0.174352,10.157184,0.181198,-0.010091,0.024099,10.161287,0.201326,0.134861,0.100278
3.144629,1.232000,0.036000,0.248000,1.143674,-0.009668,0.156540,1.167897,0.004681,0.175999,0.008776,0.017510,0.007002,0.999784,-0.070540,0.054611,0.210854,0.000200,0.000130,0.004979,0.001600,0.000955,-0.000111,16,-0.178569,-0.303165,10.359284,-0.154964,0.065805,0.093641,10.369288,0.228485,0.135100,0.101362
3.161299,1.231000,0.036000,0.253000,1.164332,0.007763,0.063090,1.166761,0.005554,0.175998,0.006857,0.016878,0.006788,0.999811,-0.062452,0.059389,0.219720,0.000198,0.000132,0.005116,0.001585,0.000956,-0.000111,17,0.140016,0.467367,10.588636,-0.241471,-0.067055,-0.032798,10.601082,0.277396,0.203243,0.104799
3.177897,1.231000,0.036000,0.257000,1.157722,0.028926,0.063567,1.165401,0.007623,0.176169,0.006238,0.015690,0.005894,0.999840,-0.063092,0.062844,0.225477,0.000199,0.000127,0.005251,0.001657,0.000981,-0.000112,17,-0.326023,0.234433,10.372847,-0.067541,-0.142008,-0.073108,10.386013,0.185378,0.206969,0.107899
3.194548,1.231000,0.036000,0.261000,1.230234,0.015710,0.119165,1.167729,0.008952,0.178101,0.006192,0.016445,0.005461,0.999831,-0.056184,0.061065,0.234543,0.000178,0.000124,0.005326,0.001681,0.000730,-0.000119,17,-0.305558,-0.009553,10.471576,0.002298,0.051765,-0.073032,10.477626,0.163163,0.143281,0.107736
3.211111,1.230000,0.036000,0.266000,1.151632,0.012000,0.095733,1.166179,0.009919,0.179302,0.004620,0.016793,0.005403,0.999834,-0.048416,0.064444,0.242616,0.000181,0.000126,0.005426,0.001669,0.000780,-0.000117,16,0.225483,0.334431,10.498172,-0.198698,0.055410,-0.002133,10.507426,0.225771,0.188966,0.110770
3.227727,1.230000,0.035000,0.270000,1.117564,0.017204,0.008599,1.163132,0.011053,0.178049,0.002755,0.015449,0.005219,0.999863,-0.047329,0.064691,0.246092,0.000193,0.000129,0.005627,0.001654,0.000945,-0.000114,17,0.019893,0.107712,10.356762,-0.237306,-0.138016,0.004961,10.361733,0.281233,0.285113,0.116189
3.244439,1.230000,0.035000,0.274000,1.163530,-0.011671,0.179472,1.162423,0.010805,0.182009,0.001346,0.013470,0.005544,0.999893,-0.046827,0.065464,0.253172,0.000192,0.000138,0.005632,0.001546,0.000939,-0.000110,17,-0.277673,0.241231,10.254321,-0.188146,-0.241020,0.038882,10.263037,0.312731,0.124627,0.116681
3.261045,1.230000,0.035000,0.279000,1.220604,-0.001298,0.085807,1.164706,0.011068,0.183135,0.001622,0.011559,0.005731,0.999915,-0.040004,0.071100,0.254395,0.000172,0.000145,0.005753,0.001472,0.000712,-0.000113,17,-0.192405,0.480358,10.078203,0.018050,-0.265655,-0.027772,10.093418,0.294263,0.196798,0.118432
3.277674,1.230000,0.034000,0.281000,1.100860,-0.002146,0.115366,1.160885,0.011322,0.185239,0.001697,0.010072,0.005319,0.999934,-0.047491,0.064634,0.253483,0.000189,0.000154,0.005835,0.001374,0.000939,-0.000103,17,-0.301847,-0.212786,9.882144,-0.002905,-0.145011,0.057833,9.892203,0.193747,0.213116,0.120255
3.294189,1.230000,0.035000,0.289000,1.126650,0.002768,0.197318,1.158444,0.011840,0.189524,-0.000711,0.008934,0.004568,0.999949,-0.048445,0.067106,0.255999,0.000199,0.000158,0.005824,0.001323,0.001064,-0.000098,16,-0.037224,0.237440,9.954875,-0.311037,-0.121266,-0.033785,9.960680,0.354227,0.141865,0.124708
3.310843,1.230000,0.034000,0.294000,1.173916,-0.038464,0.213765,1.158475,0.010185,0.194233,-0.000950,0.008060,0.003745,0.999960,-0.046935,0.067495,0.256313,0.000194,0.000178,0.005806,0.001094,0.001007,-0.000092,17,-0.159993,0.366583,9.807500,-0.065440,-0.111991,-0.065086,9.819586,0.174880,0.121796,0.125045
3.327537,1.230000,0.034000,0.299000,1.183361,-0.032187,0.178399,1.159007,0.008852,0.197768,-0.000848,0.007286,0.004025,0.999965,-0.044644,0.061985,0.253662,0.000185,0.000195,0.005833,0.000893,0.000912,-0.000088,17,-0.166260,-0.050350,9.691006,-0.017779,-0.108664,0.061021,9.694930,0.141542,0.145260,0.126176
3.344109,1.230000,0.034000,0.303000,1.153089,-0.009548,0.248069,1.157954,0.008879,0.203338,-0.000497,0.006524,0.003676,0.999972,-0.044075,0.063291,0.254328,0.000188,0.000202,0.005781,0.000810,0.000939,-0.000083,17,-0.057641,0.182662,9.769311,0.028683,-0.088252,0.016249,9.777032,0.131717,0.104063,0.125516
3.360757,1.230000,0.034000,0.309000,1.212219,0.003921,0.221885,1.160078,0.009627,0.207775,-0.002068,0.005870,0.004683,0.999970,-0.037388,0.065314,0.257111,0.000172,0.000203,0.005767,0.000809,0.000738,-0.000091,16,-0.032173,0.115675,9.966648,-0.198011,-0.113297,-0.015945,9.969005,0.246909,0.093862,0.125418
3.377330,1.230000,0.034000,0.313000,1.166223,-0.029860,0.206343,1.159779,0.008385,0.211727,-0.002474,0.004868,0.003517,0.999979,-0.039221,0.059875,0.262098,0.000169,0.000219,0.005777,0.000612,0.000709,-0.000083,17,-0.255073,-0.076101,10.129590,-0.079406,-0.123037,-0.008315,10.133644,0.157423,0.139719,0.125870
3.394081,1.229000,0.033000,0.318000,1.197551,-0.062728,0.269579,1.160949,0.005406,0.217594,-0.002633,0.005346,0.002391,0.999979,-0.036135,0.049296,0.269613,0.000158,0.000247,0.005721,0.000292,0.000586,-0.000074,17,-0.126760,-0.202986,10.183030,-0.070602,0.041219,0.020668,10.187785,0.155140,0.111792,0.124393
3.410616,1.229000,0.034000,0.324000,1.197567,-0.000796,0.245338,1.162282,0.005906,0.222742,-0.003664,0.004194,0.003206,0.999979,-0.031526,0.050128,0.278636,0.000148,0.000248,0.005697,0.000283,0.000453,-0.000079,17,-0.033457,0.013833,10.321679,-0.126328,-0.160303,-0.009738,10.323223,0.227546,0.091578,0.124474
3.427240,1.229000,0.034000,0.329000,1.155533,-0.052825,0.213870,1.161361,0.003344,0.226766,-0.003747,0.005072,-0.001022,0.999980,-0.034640,0.055325,0.288289,0.000149,0.000273,0.005716,-0.000019,0.000482,-0.000064,16,-0.229991,0.719949,10.463215,-0.060766,0.116168,-0.185911,10.495337,0.353310,0.161836,0.126359
3.443846,1.229000,0.034000,0.335000,1.130114,0.027500,0.200535,1.159272,0.005484,0.230572,-0.002022,0.005835,-0.000807,0.999981,-0.039099,0.058453,0.298573,0.000157,0.000265,0.005749,0.000070,0.000586,-0.000063,17,-0.219249,0.036758,10.513807,0.238722,0.120854,0.031231,10.523442,0.297722,0.167038,0.128765
3.460512,1.229000,0.034000,0.340000,1.182116,-0.000164,0.147515,1.159934,0.005889,0.232855,-0.003409,0.006198,-0.000001,0.999975,-0.034447,0.056088,0.309816,0.000148,0.000269,0.005851,0.000027,0.000492,-0.000066,17,-0.000879,-0.150695,10.669447,-0.172373,0.031923,0.059751,10.680776,0.202556,0.201037,0.130538
3.477111,1.229000,0.034000,0.346000,1.144235,-0.009546,0.189622,1.158622,0.005863,0.236584,-0.003019,0.006003,-0.002457,0.999974,-0.033847,0.065456,0.320119,0.000152,0.000277,0.005907,-0.000072,0.000542,-0.000059,17,0.002640,0.648193,10.547970,0.025780,-0.014698,-0.138792,10.570077,0.225302,0.183127,0.133103
3.493782,1.229000,0.035000,0.353000,1.175646,0.007954,0.181120,1.159017,0.006984,0.240144,-0.001315,0.006481,-0.001749,0.999977,-0.033060,0.070038,0.326019,0.000145,0.000278,0.005977,-0.000075,0.000472,-0.000062,17,-0.196878,0.244360,10.281121,0.206665,0.047289,0.024005,10.290266,0.277761,0.181992,0.135716
3.510343,1.229000,0.035000,0.358000,1.159662,-0.005573,0.193361,1.158583,0.007230,0.243758,-0.002115,0.005823,-0.001872,0.999979,-0.031912,0.072689,0.328791,0.000144,0.000284,0.006038,-0.000153,0.000463,-0.000060,16,-0.065773,0.254507,10.089580,-0.114584,-0.084070,0.072273,10.097915,0.198176,0.183194,0.137043
3.526996,1.229000,0.035000,0.364000,1.174708,-0.028334,0.239487,1.158840,0.006373,0.248753,-0.000827,0.004676,-0.004035,0.999981,-0.032793,0.075297,0.331766,0.000138,0.000299,0.006052,-0.000321,0.000408,-0.000055,17,-0.252400,0.419710,10.023865,0.130319,-0.148053,-0.114882,10.039822,0.230384,0.149874,0.137927
3.543671,1.229000,0.036000,0.369000,1.188668,-0.029214,0.342253,1.159660,0.005663,0.256792,0.000115,0.005329,-0.004260,0.999977,-0.036364,0.070419,0.340560,0.000131,0.000312,0.005955,-0.000457,0.000320,-0.000053,17,-0.467299,-0.084321,10.184638,0.092455,0.063880,0.051064,10.196954,0.133280,0.081209,0.135348
3.560225,1.229000,0.036000,0.377000,1.150052,-0.021018,0.297584,1.158478,0.005289,0.263507,0.000554,0.004460,-0.005869,0.999973,-0.037878,0.072241,0.351588,0.000135,0.000322,0.005916,-0.000582,0.000358,-0.000045,17,-0.132900,0.317213,10.417499,0.033766,-0.096494,0.010735,10.424018,0.155046,0.125661,0.137103
3.576861,1.229000,0.037000,0.382000,1.218525,-0.031578,0.334414,1.160855,0.004529,0.271002,0.001622,0.005630,-0.006213,0.999964,-0.032977,0.074065,0.360990,0.000118,0.000335,0.005846,-0.000713,0.000167,-0.000049,16,-0.143717,0.378154,10.291970,0.114020,0.117167,-0.079518,10.301836,0.218995,0.084125,0.134234
3.593429,1.229000,0.038000,0.390000,1.196368,-0.027835,0.375473,1.162038,0.004016,0.279702,0.001369,0.006201,-0.006609,0.999958,-0.026220,0.074882,0.368588,0.000110,0.000346,0.005737,-0.000827,0.000064,-0.000048,17,0.108328,0.274611,10.109805,-0.050494,0.057180,-0.000351,10.119468,0.097728,0.074901,0.133433
3.610100,1.229000,0.038000,0.396000,1.180626,-0.029356,0.252732,1.162530,0.003318,0.284741,0.003616,0.006522,-0.008827,0.999933,-0.023393,0.085710,0.376862,0.000104,0.000360,0.005778,-0.000986,-0.000001,-0.000044,17,-0.081622,0.991509,10.387551,0.243066,0.030768,-0.097795,10.437606,0.273495,0.165538,0.134163
3.626752,1.229000,0.039000,0.403000,1.163634,-0.040143,0.317430,1.162022,0.002128,0.291750,0.005640,0.005924,-0.010556,0.999911,-0.026092,0.076365,0.382558,0.000104,0.000377,0.005751,-0.001182,-0.000000,-0.000034,17,-0.284050,-0.125859,10.120506,0.213960,-0.064824,0.097399,10.134051,0.258870,0.133636,0.134990
3.643324,1.229000,0.039000,0.411000,1.161487,0.022930,0.294821,1.161681,0.004403,0.297684,0.006264,0.006060,-0.009698,0.999915,-0.026883,0.070433,0.385556,0.000104,0.000369,0.005753,-0.001095,-0.000001,-0.000038,16,-0.161178,-0.419737,10.012538,0.093808,0.015325,-0.032828,10.023674,0.133926,0.135328,0.136269
3.659935,1.229000,0.040000,0.417000,1.120767,-0.017895,0.200652,1.159149,0.003904,0.300790,0.005216,0.005530,-0.012806,0.999889,-0.031542,0.069020,0.388310,0.000113,0.000380,0.005870,-0.001235,0.000116,-0.000027,17,-0.192794,0.249629,10.170984,-0.149702,-0.037104,-0.022330,10.178341,0.181966,0.248742,0.140310
3.676579,1.229000,0.041000,0.423000,1.129980,-0.011256,0.326501,1.157078,0.004175,0.307714,0.007917,0.004961,-0.015097,0.999842,-0.034571,0.082968,0.395359,0.000121,0.000385,0.005848,-0.001310,0.000210,-0.000019,17,-0.144867,1.107791,10.195217,0.306215,-0.050687,-0.055355,10.258991,0.327840,0.147810,0.140783
3.693224,1.228000,0.041000,0.432000,1.215461,-0.019015,0.350400,1.159438,0.004297,0.315229,0.009757,0.006344,-0.013938,0.999835,-0.033216,0.079188,0.400354,0.000105,0.000394,0.005811,-0.001386,0.000029,-0.000025,17,-0.364446,0.099634,10.055890,0.216621,0.138908,0.033754,10.071753,0.279603,0.102067,0.140297
3.709886,1.228000,0.041000,0.439000,1.168987,-0.041965,0.432760,1.159155,0.002987,0.325173,0.009539,0.006451,-0.016343,0.999800,-0.027920,0.069594,0.408686,0.000104,0.000410,0.005689,-0.001559,0.000014,-0.000019,17,0.166616,-0.065273,10.122206,-0.053823,0.013098,-0.042956,10.124852,0.127656,0.102003,0.138351
3.726459,1.228000,0.042000,0.445000,1.175662,-0.024419,0.363813,1.159476,0.002498,0.332586,0.010129,0.007344,-0.017651,0.999766,-0.027556,0.064770,0.414131,0.000100,0.000420,0.005655,-0.001664,-0.000034,-0.000018,16,-0.204226,0.084386,10.097012,0.052671,0.107078,-0.056197,10.102070,0.155738,0.117226,0.137451
3.743089,1.228000,0.043000,0.454000,1.158493,0.001619,0.453891,1.158862,0.003617,0.342715,0.010495,0.007567,-0.017461,0.999764,-0.029802,0.067327,0.423452,0.000103,0.000419,0.005525,-0.001648,-0.000015,-0.000017,17,-0.270811,0.338188,10.168384,0.043772,0.028137,0.013859,10.179968,0.073161,0.080893,0.136805
3.759751,1.228000,0.043000,0.461000,1.189628,-0.045901,0.459922,1.159724,0.001975,0.352873,0.010730,0.007386,-0.018855,0.999737,-0.027870,0.061260,0.431979,0.000097,0.000436,0.005405,-0.001825,-0.000083,-0.000015,17,-0.187525,0.159836,10.132593,-0.002590,-0.031771,0.005761,10.137026,0.108039,0.096835,0.134299
3.776337,1.227000,0.043000,0.470000,1.238433,-0.031773,0.388371,1.163271,0.001169,0.360780,0.012456,0.008336,-0.018117,0.999724,-0.021357,0.056372,0.440811,0.000075,0.000449,0.005379,-0.001938,-0.000320,-0.000024,17,-0.208581,0.152474,10.303652,0.189610,0.078058,-0.025790,10.308711,0.210259,0.111288,0.133193
3.793038,1.227000,0.044000,0.477000,1.168858,-0.011715,0.341752,1.163211,0.001222,0.367399,0.012881,0.009522,-0.018984,0.999691,-0.019437,0.050584,0.448312,0.000073,0.000455,0.005410,-0.001997,-0.000343,-0.000023,17,-0.098323,0.019127,10.314785,0.036708,0.139485,-0.027198,10.315645,0.151612,0.157406,0.133833
3.809566,1.227000,0.044000,0.484000,1.184735,-0.030687,0.475070,1.163857,0.000280,0.377512,0.012253,0.009875,-0.019129,0.999693,-0.015665,0.046914,0.455015,0.000069,0.000465,0.005299,-0.002109,-0.000384,-0.000022,16,-0.067421,0.236518,10.044675,-0.102487,0.036420,0.094473,10.049403,0.194767,0.086280,0.131294
3.826276,1.228000,0.045000,0.493000,1.132795,0.009876,0.323792,1.162096,0.001433,0.383132,0.012654,0.009421,-0.020338,0.999669,-0.016587,0.053058,0.460039,0.000076,0.000462,0.005366,-0.002093,-0.000301,-0.000018,17,-0.095146,0.588523,10.222360,0.041021,-0.043155,-0.059928,10.242633,0.143838,0.197304,0.135323
3.842832,1.227000,0.046000,0.501000,1.150494,-0.001775,0.386123,1.161215,0.002038,0.390528,0.012948,0.009223,-0.021237,0.999648,-0.018399,0.051552,0.462736,0.000079,0.000464,0.005371,-0.002111,-0.000269,-0.000016,17,-0.238168,0.202589,9.982298,0.032161,-0.018959,-0.037259,9.989472,0.087967,0.146056,0.135884
3.876010,1.227000,0.046000,0.518000,1.171098,-0.034043,0.441600,1.161072,0.001317,0.406660,0.012985,0.008947,-0.022524,0.999622,-0.014732,0.038481,0.465443,0.000076,0.000478,0.005331,-0.002250,-0.000300,-0.000013,33,-0.080088,-0.000541,9.867067,-0.010732,-0.018075,0.022778,9.870321,0.195993,0.123971,0.136893
3.892676,1.227000,0.045000,0.526000,1.207610,-0.037524,0.512181,1.163196,-0.000262,0.417125,0.013003,0.009929,-0.023687,0.999586,-0.007132,0.032071,0.468873,0.000063,0.000492,0.005220,-0.002376,-0.000430,-0.000016,17,0.039927,0.110247,9.842256,-0.028538,0.091810,-0.091877,9.844465,0.174998,0.085891,0.134065
3.909384,1.227000,0.046000,0.533000,1.188473,-0.025077,0.582166,1.164190,-0.001009,0.429664,0.012394,0.010329,-0.023609,0.999591,-0.004151,0.024684,0.476816,0.000059,0.000499,0.005037,-0.002437,-0.000483,-0.000017,17,-0.124872,-0.072056,10.001562,-0.089972,0.040405,0.039647,10.003565,0.126276,0.094624,0.129744
3.925971,1.227000,0.046000,0.543000,1.143157,-0.016745,0.499202,1.162842,-0.001554,0.439457,0.012218,0.010600,-0.025520,0.999543,-0.006039,0.020339,0.482106,0.000066,0.000504,0.004964,-0.002490,-0.000416,-0.000011,17,-0.177567,0.090605,10.015472,-0.033867,0.044920,-0.051285,10.017859,0.142239,0.113512,0.130762
3.942563,1.227000,0.046000,0.550000,1.225181,-0.020881,0.437189,1.166127,-0.002283,0.446678,0.012472,0.010740,-0.024351,0.999568,0.004606,0.021440,0.485285,0.000047,0.000513,0.004980,-0.002556,-0.000600,-0.000020,16,0.056725,0.456163,10.037504,0.020064,-0.015022,0.020570,10.049823,0.150722,0.131159,0.129276
3.959174,1.227000,0.046000,0.558000,1.153673,-0.027188,0.574448,1.165310,-0.003330,0.458196,0.010337,0.010593,-0.026174,0.999548,0.004219,0.016278,0.493062,0.000053,0.000519,0.004840,-0.002625,-0.000551,-0.000014,17,-0.106726,0.076200,10.070467,-0.275891,-0.023345,-0.027706,10.074479,0.319283,0.104900,0.127279
3.975865,1.227000,0.046000,0.568000,1.205630,-0.019834,0.575724,1.167371,-0.003752,0.469620,0.009257,0.012281,-0.026335,0.999535,0.008270,0.022737,0.505152,0.000043,0.000524,0.004715,-0.002659,-0.000651,-0.000019,17,-0.241914,0.652744,10.332086,-0.149328,0.187572,-0.098602,10.361633,0.271812,0.069646,0.125337
3.992453,1.227000,0.046000,0.576000,1.195858,0.009377,0.536560,1.169084,-0.002387,0.479751,0.009760,0.012090,-0.023777,0.999597,0.017865,0.028399,0.512505,0.000037,0.000520,0.004647,-0.002602,-0.000718,-0.000024,17,0.168611,0.451139,10.158315,0.070490,-0.030315,0.104252,10.180797,0.172579,0.062182,0.122309
4.009069,1.227000,0.046000,0.586000,1.189746,-0.029746,0.622402,1.170213,-0.003402,0.491948,0.009829,0.011734,-0.024855,0.999574,0.018485,0.020706,0.521446,0.000033,0.000528,0.004493,-0.002671,-0.000760,-0.000023,16,-0.277632,-0.141666,10.116610,-0.005047,-0.054428,-0.050397,10.121970,0.112434,0.091926,0.120462
4.025631,1.227000,0.046000,0.594000,1.178912,-0.045163,0.631776,1.170666,-0.005367,0.504296,0.010183,0.012479,-0.027201,0.999500,0.019859,0.015521,0.533101,0.000032,0.000540,0.004344,-0.002788,-0.000772,-0.000020,17,-0.195774,0.150103,10.286884,0.014891,0.090479,-0.077376,10.292433,0.131469,0.109773,0.117724
4.042287,1.227000,0.046000,0.602000,1.154733,-0.040931,0.517967,1.170061,-0.007303,0.513073,0.010987,0.012011,-0.029295,0.999438,0.025228,0.007579,0.536591,0.000035,0.000551,0.004340,-0.002906,-0.000736,-0.000014,17,0.193381,-0.002964,10.036865,0.069040,-0.045071,0.032823,10.040162,0.109714,0.140858,0.118284
4.058931,1.228000,0.046000,0.613000,1.213587,0.016730,0.557784,1.172831,-0.005630,0.522994,0.010382,0.011883,-0.026838,0.999515,0.028540,0.005803,0.542671,0.000025,0.000544,0.004299,-0.002819,-0.000840,-0.000022,17,-0.264617,-0.094303,10.118115,-0.052269,-0.042943,-0.014563,10.122749,0.139192,0.064135,0.117517
4.075563,1.228000,0.045000,0.622000,1.162762,-0.018569,0.643369,1.172588,-0.006136,0.535466,0.009602,0.012223,-0.027962,0.999488,0.029670,0.008847,0.550880,0.000030,0.000546,0.004170,-0.002849,-0.000788,-0.000020,17,-0.106833,0.442970,10.088040,-0.103462,0.046525,-0.050537,10.101056,0.158584,0.093561,0.114776
4.092119,1.228000,0.046000,0.629000,1.217786,0.009804,0.700591,1.175299,-0.004688,0.548999,0.011347,0.012877,-0.025606,0.999525,0.036755,0.015389,0.557909,0.000022,0.000540,0.003990,-0.002778,-0.000873,-0.000026,16,-0.044990,0.451812,9.944182,0.233254,0.068541,0.013623,9.957913,0.246175,0.080868,0.108382
4.108783,1.228000,0.046000,0.629000,1.131539,0.010985,0.577704,1.173602,-0.003616,0.558672,0.011967,0.012064,-0.025585,0.999528,0.035165,0.008034,0.554273,0.000035,0.000533,0.003964,-0.002727,-0.000753,-0.000022,17,-0.058853,-0.300470,9.560217,0.095294,-0.070431,0.037967,9.570210,0.167728,0.114726,0.101818
4.125484,1.228000,0.045000,0.646000,1.195445,-0.024986,0.649119,1.175141,-0.004639,0.570128,0.010661,0.012063,-0.026418,0.999521,0.037625,0.001429,0.553585,0.000030,0.000539,0.003873,-0.002780,-0.000800,-0.000023,17,-0.174201,-0.080568,9.619854,-0.170039,-0.012282,-0.056752,9.624792,0.191003,0.077250,0.104951
4.142061,1.229000,0.045000,0.660000,1.163064,-0.006233,0.654777,1.175033,-0.004560,0.581605,0.010848,0.012076,-0.027340,0.999494,0.038991,0.008132,0.558857,0.000036,0.000538,0.003786,-0.002773,-0.000758,-0.000021,17,-0.096485,0.607476,9.974292,0.016187,0.008910,-0.085080,9.996037,0.153354,0.083664,0.107305
4.158696,1.230000,0.044000,0.668000,1.188294,0.008040,0.629758,1.176275,-0.003629,0.591604,0.012003,0.010633,-0.025762,0.999539,0.039606,0.007654,0.560390,0.000034,0.000533,0.003740,-0.002730,-0.000781,-0.000022,16,-0.251597,0.089894,9.828240,0.158553,-0.184283,0.092415,9.837686,0.269909,0.067045,0.104839
4.175240,1.230000,0.046000,0.679000,1.173128,0.010344,0.684066,1.176628,-0.002612,0.603107,0.011368,0.009547,-0.025007,0.999577,0.039397,0.005956,0.562085,0.000037,0.000527,0.003644,-0.002677,-0.000757,-0.000022,17,-0.164965,-0.004256,9.752519,-0.059447,-0.138067,0.018233,9.754264,0.177337,0.067316,0.104745
4.191999,1.231000,0.045000,0.687000,1.186537,-0.009272,0.731433,1.177583,-0.002664,0.615915,0.010621,0.009342,-0.025474,0.999575,0.040649,0.012682,0.567040,0.000037,0.000527,0.003508,-0.002679,-0.000764,-0.000022,17,-0.162064,0.621245,9.873280,-0.094056,-0.031464,-0.065594,9.896937,0.132214,0.083046,0.100888
4.208586,1.231000,0.045000,0.695000,1.184768,0.029988,0.662465,1.178603,-0.000505,0.626360,0.011722,0.008986,-0.024214,0.999598,0.043054,0.020326,0.571142,0.000038,0.000515,0.003464,-0.002585,-0.000762,-0.000023,17,-0.077344,0.469542,9.977388,0.145203,-0.046228,-0.032428,9.990008,0.188447,0.058492,0.097610
4.225197,1.232000,0.045000,0.706000,1.187508,-0.009149,0.640792,1.179724,-0.000699,0.635984,0.012348,0.009043,-0.024061,0.999593,0.043982,0.013244,0.572899,0.000035,0.000518,0.003459,-0.002610,-0.000783,-0.000023,17,-0.153423,-0.127519,9.916498,0.070100,0.005418,0.047277,9.922199,0.123832,0.095728,0.098607
4.241744,1.232000,0.045000,0.714000,1.181795,-0.018170,0.696445,1.180390,-0.001464,0.646624,0.011399,0.009251,-0.024675,0.999588,0.043315,0.004456,0.573277,0.000035,0.000523,0.003401,-0.002649,-0.000789,-0.000023,16,-0.204742,-0.219269,9.741290,-0.130956,0.023263,-0.000734,9.746890,0.190390,0.082578,0.096758
4.258412,1.233000,0.044000,0.723000,1.196404,-0.011535,0.700664,1.181822,-0.001880,0.657223,0.010661,0.008855,-0.025531,0.999578,0.046805,0.005729,0.575520,0.000031,0.000526,0.003352,-0.002671,-0.000821,-0.000024,17,-0.046132,0.334174,9.857295,-0.101024,-0.058931,-0.092473,9.865319,0.166954,0.070159,0.095136
4.275093,1.233000,0.044000,0.731000,1.173156,-0.017889,0.709304,1.182038,-0.002621,0.667945,0.011120,0.007948,-0.025804,0.999574,0.047323,0.005884,0.580882,0.000035,0.000530,0.003304,-0.002708,-0.000797,-0.000023,17,-0.093509,0.319547,10.050071,0.042806,-0.106564,0.049514,10.056671,0.151930,0.088782,0.093524
4.291642,1.234000,0.044000,0.742000,1.181116,0.009874,0.765857,1.182639,-0.001645,0.680271,0.009886,0.006339,-0.024531,0.999630,0.048369,0.010566,0.587062,0.000038,0.000524,0.003202,-0.002663,-0.000778,-0.000022,17,-0.066514,0.408308,10.008973,-0.133385,-0.192863,0.087446,10.022310,0.307160,0.067309,0.092368
4.308258,1.234000,0.044000,0.750000,1.223820,-0.061764,0.769357,1.185214,-0.004666,0.691911,0.009962,0.006051,-0.026867,0.999571,0.047649,0.012714,0.591607,0.000025,0.000544,0.003116,-0.002812,-0.000872,-0.000024,16,-0.405413,0.681720,9.935199,-0.021984,-0.054755,-0.101608,9.972085,0.156135,0.108001,0.090126
4.341548,1.235000,0.043000,0.770000,1.187478,-0.040927,0.809893,1.186630,-0.006206,0.714443,0.010298,0.006188,-0.027616,0.999546,0.048646,0.008513,0.593506,0.000026,0.000556,0.003001,-0.002900,-0.000868,-0.000024,34,-0.082450,0.196746,9.773130,0.013444,0.007531,0.025621,9.778751,0.135972,0.104372,0.088586
4.358158,1.236000,0.043000,0.778000,1.162061,-0.019487,0.846925,1.185880,-0.006661,0.728089,0.009969,0.005597,-0.028848,0.999518,0.046197,0.006700,0.596749,0.000038,0.000557,0.002854,-0.002918,-0.000794,-0.000023,17,-0.098046,0.143819,9.764246,-0.044102,-0.056146,-0.063230,9.767370,0.133364,0.118837,0.086426
4.374774,1.236000,0.043000,0.789000,1.174785,-0.010651,0.820964,1.185826,-0.006682,0.740079,0.010348,0.005333,-0.029305,0.999503,0.041079,0.004293,0.597461,0.000044,0.000557,0.002755,-0.002917,-0.000755,-0.000022,16,-0.340478,0.025397,9.681907,0.043863,-0.025682,-0.032393,9.689891,0.135127,0.087449,0.085901
4.391359,1.237000,0.043000,0.798000,1.156842,-0.004857,0.770063,1.184877,-0.006547,0.750245,0.009802,0.005066,-0.029444,0.999506,0.036100,-0.004035,0.597111,0.000054,0.000555,0.002729,-0.002908,-0.000684,-0.000020,17,-0.221002,-0.347071,9.744901,-0.058723,-0.022632,0.025727,9.754506,0.132733,0.097447,0.086326
4.408065,1.237000,0.042000,0.806000,1.183132,-0.038201,0.859514,1.185168,-0.008253,0.763053,0.009136,0.003801,-0.030220,0.999494,0.037866,-0.004914,0.605780,0.000057,0.000565,0.002614,-0.002977,-0.000671,-0.000022,17,0.027448,0.309360,10.140387,-0.089937,-0.149477,0.001493,10.149524,0.212417,0.110443,0.084003
4.424695,1.238000,0.042000,0.818000,1.138990,0.011583,0.809791,1.183274,-0.007142,0.774229,0.008025,0.004328,-0.030646,0.999489,0.030703,-0.001355,0.612904,0.000074,0.000556,0.002567,-0.002918,-0.000558,-0.000018,17,-0.267143,0.237673,10.161366,-0.132513,0.077943,-0.042373,10.169488,0.180353,0.103901,0.085591
4.441304,1.238000,0.043000,0.826000,1.208449,-0.008649,0.959730,1.184816,-0.006933,0.789908,0.007497,0.004789,-0.030446,0.999497,0.035961,0.002234,0.622795,0.000072,0.000551,0.002362,-0.002899,-0.000591,-0.000017,17,0.120563,0.347985,10.068855,-0.065439,0.045645,-0.021578,10.076270,0.096090,0.146371,0.081390
4.474520,1.239000,0.043000,0.846000,1.202683,-0.001943,0.910798,1.186789,-0.006481,0.813548,0.007340,0.004348,-0.030645,0.999494,0.040412,-0.001871,0.627737,0.000069,0.000546,0.002239,-0.002872,-0.000615,-0.000016,33,0.006484,-0.006562,9.861097,-0.008659,-0.030290,-0.034079,9.862954,0.150658,0.086819,0.078915
4.491210,1.239000,0.042000,0.854000,1.159956,-0.026400,0.903754,1.185763,-0.007561,0.826360,0.008299,0.004187,-0.031717,0.999454,0.032553,-0.004639,0.629933,0.000081,0.000552,0.002141,-0.002913,-0.000544,-0.000017,17,-0.389311,0.065817,9.783977,0.099364,-0.006105,-0.055394,9.792214,0.163739,0.115767,0.077811
4.507783,1.240000,0.042000,0.866000,1.187564,-0.006839,0.913231,1.186242,-0.007472,0.839180,0.008213,0.004540,-0.031319,0.999465,0.033212,-0.005212,0.632744,0.000083,0.000549,0.002048,-0.002901,-0.000537,-0.000017,17,-0.045793,0.108842,9.823169,-0.013103,0.045277,0.037181,9.825693,0.125002,0.085823,0.077825
4.524417,1.240000,0.043000,0.874000,1.166446,0.025351,0.831974,1.185736,-0.005656,0.848666,0.007392,0.004915,-0.031137,0.999476,0.033427,0.001442,0.634523,0.000091,0.000535,0.002066,-0.002818,-0.000489,-0.000012,16,0.014595,0.366855,9.948820,-0.091991,0.053538,-0.026642,9.956595,0.127870,0.086532,0.077160
4.541048,1.241000,0.043000,0.883000,1.239685,-0.020481,0.878594,1.189080,-0.006419,0.859365,0.007679,0.005257,-0.031419,0.999463,0.039653,0.006130,0.637676,0.000072,0.000541,0.002045,-0.002855,-0.000607,-0.000013,17,-0.035489,0.535087,9.959385,0.025822,0.016428,-0.049590,9.976519,0.122361,0.063647,0.075476
4.557671,1.241000,0.042000,0.894000,1.198525,-0.032330,0.919310,1.190100,-0.007738,0.871215,0.007316,0.006194,-0.031636,0.999453,0.040164,0.003663,0.637785,0.000070,0.000551,0.001987,-0.002914,-0.000624,-0.000016,17,-0.124151,0.136314,9.726865,-0.059743,0.104617,0.019049,9.729531,0.151668,0.089273,0.074725
4.574336,1.242000,0.043000,0.902000,1.219545,0.012968,0.905376,1.192266,-0.006426,0.882403,0.008138,0.006673,-0.031605,0.999445,0.045212,0.012193,0.637738,0.000061,0.000540,0.001959,-0.002861,-0.000681,-0.000013,17,0.004270,0.539422,9.751331,0.106000,0.049058,-0.063735,9.767366,0.145778,0.037650,0.072804
4.590909,1.242000,0.042000,0.914000,1.232390,-0.014925,0.917789,1.194580,-0.006764,0.888189,0.008527,0.006613,-0.031544,0.999444,0.048299,0.011712,0.638387,0.000048,0.000543,0.001925,-0.002878,-0.000760,-0.000013,8,-0.163413,0.196930,9.771951,0.094945,-0.043673,-0.004059,9.775543,0.125159,0.057854,0.072752
4.607498,1.243000,0.043000,0.922000,1.203684,-0.017328,0.969126,1.195634,-0.007097,0.900489,0.009355,0.006123,-0.031643,0.999437,0.046899,0.008429,0.637901,0.000047,0.000545,0.001844,-0.002895,-0.000771,-0.000013,16,-0.233779,0.008220,9.636903,0.100005,-0.061494,0.002592,9.642159,0.162657,0.086059,0.072222
4.624170,1.243000,0.043000,0.930000,1.214803,0.007301,0.996475,1.197181,-0.006052,0.913435,0.010124,0.006788,-0.031379,0.999433,0.046530,0.012835,0.639394,0.000044,0.000536,0.001745,-0.002853,-0.000796,-0.000011,17,-0.231772,0.331277,9.722007,0.094361,0.079055,-0.020982,9.733387,0.137236,0.080551,0.069136
4.640802,1.243000,0.043000,0.938000,1.186555,0.007940,0.965272,1.197318,-0.005061,0.925118,0.011397,0.006456,-0.031049,0.999432,0.046670,0.011816,0.635700,0.000050,0.000529,0.001696,-0.002818,-0.000766,-0.000010,17,-0.048131,0.052823,9.498708,0.162404,-0.027622,0.009239,9.500473,0.172740,0.071827,0.067547
4.657444,1.244000,0.044000,0.949000,1.229780,-0.021991,0.884844,1.199740,-0.005939,0.933944,0.010911,0.005856,-0.031372,0.999431,0.048399,0.000818,0.628289,0.000037,0.000537,0.001757,-0.002861,-0.000838,-0.000010,17,-0.152430,-0.336035,9.470484,-0.065398,-0.087954,-0.003058,9.480065,0.129202,0.093129,0.068407
4.673976,1.244000,0.044000,0.957000,1.180788,-0.008043,0.960504,1.199449,-0.006041,0.944340,0.011031,0.005901,-0.032118,0.999406,0.042028,-0.000835,0.627559,0.000044,0.000538,0.001737,-0.002864,-0.000797,-0.000011,16,-0.410005,0.085916,9.722858,0.009930,0.011975,-0.085740,9.738653,0.144901,0.081954,0.068185
4.690674,1.245000,0.043000,0.966000,1.232310,-0.034048,0.987712,1.201654,-0.007539,0.955360,0.011032,0.006056,-0.032011,0.999408,0.044155,-0.008217,0.626898,0.000033,0.000549,0.001701,-0.002921,-0.000860,-0.000013,17,-0.130462,-0.063840,9.707433,-0.006326,0.012145,0.052479,9.710432,0.202769,0.081049,0.067426
4.707326,1.245000,0.043000,0.977000,1.188335,-0.001687,0.933655,1.201715,-0.007434,0.964568,0.010807,0.006091,-0.032148,0.999406,0.043273,-0.010865,0.628448,0.000037,0.000547,0.001737,-0.002911,-0.000835,-0.000013,17,-0.112301,-0.001466,9.955877,-0.037733,0.008183,-0.019343,9.962460,0.146289,0.084182,0.067614
4.723912,1.246000,0.044000,0.985000,1.235118,0.012057,0.947428,1.204071,-0.006592,0.974019,0.011333,0.006120,-0.032105,0.999402,0.044083,-0.009279,0.630724,0.000025,0.000539,0.001769,-0.002871,-0.000898,-0.000009,17,-0.239210,0.209102,9.998297,0.072508,-0.010455,-0.038365,10.005581,0.119877,0.050502,0.066619
4.740548,1.246000,0.043000,0.993000,1.201311,0.025026,1.019070,1.204556,-0.005024,0.985646,0.012010,0.006075,-0.031349,0.999418,0.041623,-0.004204,0.635606,0.000029,0.000523,0.001728,-0.002801,-0.000884,-0.000006,17,-0.259591,0.336570,10.025037,0.093529,-0.000047,0.027187,10.044071,0.120748,0.054771,0.063859
4.757101,1.246000,0.044000,1.004000,1.195119,-0.008189,0.975936,1.204751,-0.005251,0.995179,0.011460,0.005670,-0.031338,0.999427,0.040379,-0.000960,0.638613,0.000032,0.000526,0.001750,-0.002809,-0.000867,-0.000007,16,-0.172120,0.458748,10.027013,-0.072745,-0.050422,0.008383,10.040904,0.153378,0.078104,0.064845
4.773783,1.247000,0.043000,1.013000,1.210207,-0.026727,1.087344,1.205508,-0.006237,1.008020,0.011415,0.005794,-0.032157,0.999401,0.039862,0.004063,0.642347,0.000032,0.000532,0.001658,-0.002847,-0.000870,-0.000009,17,-0.188290,0.637818,9.869923,-0.015303,0.012820,-0.074167,9.893163,0.106672,0.108364,0.064581
4.790389,1.247000,0.044000,1.023000,1.200343,0.006643,1.049663,1.205835,-0.005467,1.019474,0.013406,0.005291,-0.031783,0.999391,0.039272,0.002171,0.641248,0.000036,0.000525,0.001621,-0.002817,-0.000855,-0.000008,17,-0.101743,0.054654,9.684454,0.244568,-0.049718,0.025141,9.687334,0.260924,0.065447,0.064451
4.806996,1.247000,0.044000,1.031000,1.215201,-0.020794,1.085349,1.206820,-0.006254,1.031744,0.012946,0.005006,-0.031577,0.999405,0.038179,-0.008297,0.637025,0.000034,0.000530,0.001559,-0.002844,-0.000866,-0.000009,17,-0.165593,-0.312391,9.463154,-0.061604,-0.039699,0.041585,9.471949,0.107931,0.090351,0.064346
4.823656,1.248000,0.045000,1.039000,1.153031,-0.019149,1.011293,1.204816,-0.007073,1.040869,0.011573,0.004320,-0.032356,0.999400,0.033293,-0.008995,0.631834,0.000052,0.000539,0.001592,-0.002874,-0.000771,-0.000015,16,-0.136131,0.259474,9.532544,-0.180529,-0.073746,-0.088353,9.540785,0.219856,0.117906,0.067676
4.856936,1.248000,0.044000,1.058000,1.218165,-0.019700,1.062522,1.206495,-0.007962,1.061540,0.012457,0.003702,-0.032108,0.999400,0.031355,-0.007590,0.626690,0.000047,0.000545,0.001592,-0.002901,-0.000795,-0.000016,34,-0.178282,0.311547,9.643884,0.046091,-0.040395,0.016724,9.653349,0.117827,0.070485,0.066597
4.873518,1.249000,0.044000,1.070000,1.218255,-0.022707,1.156994,1.207453,-0.008819,1.074511,0.013926,0.004199,-0.032383,0.999370,0.033023,-0.014585,0.628326,0.000045,0.000549,0.001491,-0.002924,-0.000809,-0.000018,17,-0.002376,-0.091728,9.747047,0.169076,0.062694,-0.026369,9.749134,0.185867,0.113855,0.067353
4.890141,1.249000,0.044000,1.077000,1.242685,0.015392,1.092631,1.209733,-0.007765,1.084627,0.013744,0.004867,-0.032606,0.999362,0.037317,-0.017601,0.626712,0.000032,0.000535,0.001482,-0.002870,-0.000871,-0.000011,16,0.019952,-0.067858,9.695493,-0.015016,0.068999,-0.040297,9.697130,0.115926,0.033206,0.065419
4.923375,1.250000,0.044000,1.096000,1.222098,-0.027022,1.074577,1.211546,-0.009611,1.104084,0.014612,0.005381,-0.032699,0.999344,0.037213,-0.032534,0.622688,0.000025,0.000546,0.001522,-0.002914,-0.000897,-0.000014,34,-0.126900,-0.116896,9.724089,0.045274,0.032424,0.000319,9.728454,0.103937,0.079257,0.066470
4.940030,1.250000,0.044000,1.104000,1.208106,0.003186,1.091862,1.211972,-0.009485,1.113590,0.014378,0.004993,-0.032688,0.999350,0.035606,-0.039713,0.620520,0.000027,0.000540,0.001549,-0.002887,-0.000891,-0.000012,17,-0.153529,-0.238721,9.728701,-0.022253,-0.046591,-0.004125,9.733929,0.071703,0.059734,0.066323
4.956635,1.250000,0.043000,1.113000,1.190681,-0.026671,1.055509,1.211533,-0.011202,1.121613,0.013525,0.004372,-0.032732,0.999363,0.035552,-0.047597,0.614723,0.000033,0.000553,0.001633,-0.002930,-0.000858,-0.000017,17,0.018499,-0.089030,9.602937,-0.112944,-0.072033,-0.000742,9.603708,0.140062,0.108065,0.067021
4.973199,1.250000,0.043000,1.123000,1.265175,-0.017418,1.175996,1.214776,-0.012262,1.132738,0.013528,0.004195,-0.032901,0.999358,0.038286,-0.053531,0.614237,0.000011,0.000552,0.001581,-0.002935,-0.000951,-0.000014,16,-0.171755,-0.094586,9.694862,-0.002447,-0.044216,-0.016334,9.698279,0.086089,0.081787,0.066252
4.989848,1.251000,0.043000,1.131000,1.183103,0.018607,1.080148,1.213822,-0.011487,1.140689,0.013140,0.004436,-0.032705,0.999369,0.035040,-0.057749,0.610041,0.000024,0.000538,0.001654,-0.002876,-0.000897,-0.000011,17,-0.115929,-0.174918,9.676671,-0.037493,0.040710,0.010861,9.680729,0.068223,0.088266,0.066670
5.006505,1.251000,0.044000,1.139000,1.208507,-0.023739,1.156125,1.214069,-0.013110,1.150782,0.012221,0.004568,-0.032853,0.999375,0.033124,-0.067972,0.605990,0.000026,0.000545,0.001648,-0.002899,-0.000886,-0.000014,17,-0.145881,-0.322212,9.560890,-0.120438,0.013316,-0.019909,9.567780,0.137341,0.081777,0.069024
5.023147,1.251000,0.043000,1.149000,1.229265,0.001459,1.112475,1.215427,-0.013479,1.159174,0.011513,0.004186,-0.033100,0.999377,0.032662,-0.070031,0.596938,0.000019,0.000537,0.001706,-0.002871,-0.000916,-0.000010,17,-0.186184,0.003148,9.359983,-0.082903,-0.054296,-0.027838,9.363285,0.125331,0.059432,0.067519
5.039702,1.251000,0.043000,1.157000,1.224665,0.018819,1.169088,1.216372,-0.012791,1.168588,0.011628,0.003934,-0.033398,0.999367,0.033232,-0.069819,0.591184,0.000017,0.000518,0.001704,-0.002803,-0.000929,-0.000003,16,-0.079116,0.028841,9.439837,0.027275,-0.035138,-0.035255,9.440688,0.083575,0.037740,0.066679
5.056402,1.251000,0.042000,1.168000,1.250311,-0.006816,1.211434,1.218528,-0.013511,1.179063,0.012413,0.004031,-0.033371,0.999358,0.036004,-0.070992,0.585271,0.000004,0.000512,0.001665,-0.002785,-0.000983,0.000001,17,-0.076490,0.095407,9.376396,0.098126,0.003384,0.013718,9.379776,0.125766,0.065346,0.065256
5.073036,1.251000,0.042000,1.175000,1.216445,-0.011716,1.106422,1.219099,-0.014630,1.185857,0.011868,0.004398,-0.033101,0.999372,0.034717,-0.073470,0.576783,0.000002,0.000514,0.001763,-0.002786,-0.000986,0.000001,17,-0.147416,0.073125,9.442946,-0.067111,0.037704,0.033914,9.447578,0.116323,0.093714,0.065897
5.089680,1.252000,0.043000,1.182000,1.228309,-0.024472,1.161690,1.220138,-0.016406,1.194168,0.010144,0.004860,-0.033547,0.999374,0.036071,-0.081087,0.570336,-0.000004,0.000520,0.001805,-0.002806,-0.001004,-0.000000,17,-0.047045,-0.199088,9.485466,-0.216856,0.046004,-0.052242,9.490760,0.245971,0.074339,0.068501
5.106279,1.252000,0.042000,1.193000,1.222713,-0.014095,1.090337,1.220986,-0.017770,1.199950,0.008228,0.004567,-0.033946,0.999379,0.037313,-0.087942,0.558932,-0.000009,0.000523,0.001940,-0.002808,-0.001017,-0.000000,17,-0.023550,-0.233924,9.349374,-0.234150,-0.047724,-0.049502,9.353622,0.263619,0.120599,0.067695
5.122826,1.252000,0.042000,1.200000,1.207596,-0.014217,1.139442,1.221001,-0.019011,1.206569,0.006728,0.003978,-0.033619,0.999404,0.036095,-0.089615,0.549894,-0.000005,0.000524,0.002021,-0.002806,-0.000999,-0.000001,16,-0.098080,0.018911,9.377618,-0.188934,-0.077471,0.039363,9.382136,0.218333,0.093805,0.068749
5.139553,1.252000,0.042000,1.207000,1.231958,-0.031516,1.234873,1.222060,-0.021023,1.216020,0.005975,0.003489,-0.034059,0.999396,0.037311,-0.090384,0.545398,-0.000009,0.000529,0.001999,-0.002825,-0.001015,-0.000002,17,-0.061349,0.124123,9.488952,-0.099474,-0.071919,-0.054333,9.491873,0.203508,0.081137,0.070354
5.156124,1.252000,0.041000,1.216000,1.254730,-0.031556,1.219923,1.224241,-0.022999,1.224698,0.006476,0.003731,-0.034040,0.999393,0.037727,-0.092450,0.543995,-0.000024,0.000534,0.002008,-0.002841,-0.001067,-0.000002,17,-0.190017,0.041438,9.735730,0.055107,0.013824,-0.004263,9.740024,0.132873,0.072713,0.070300
5.172838,1.253000,0.042000,1.224000,1.215792,0.009375,1.185354,1.224479,-0.022839,1.232220,0.006798,0.004277,-0.033954,0.999391,0.034610,-0.093149,0.541338,-0.000021,0.000517,0.002062,-0.002783,-0.001055,0.000003,17,-0.218456,-0.098604,9.737997,0.047242,0.066866,0.015822,9.742018,0.115973,0.062788,0.071310
5.189315,1.252000,0.041000,1.231000,1.240427,-0.018750,1.247858,1.225730,-0.024030,1.240924,0.006889,0.006132,-0.034018,0.999379,0.032099,-0.096553,0.540074,-0.000027,0.000513,0.002055,-0.002772,-0.001079,0.000005,16,-0.321359,-0.134042,9.714528,0.004416,0.229181,-0.007233,9.722190,0.235118,0.063153,0.070834
5.205951,1.253000,0.043000,1.240000,1.226766,-0.028497,1.246737,1.226293,-0.025738,1.249523,0.006957,0.007029,-0.034563,0.999354,0.034005,-0.096886,0.537094,-0.000027,0.000515,0.002058,-0.002778,-0.001080,0.000004,17,-0.020067,0.128255,9.639129,-0.000186,0.111182,-0.066759,9.641276,0.134920,0.076455,0.074356
5.222607,1.252000,0.041000,1.247000,1.212392,-0.035393,1.234987,1.226175,-0.027795,1.257524,0.007374,0.007306,-0.034618,0.999347,0.032107,-0.101810,0.531863,-0.000022,0.000521,0.002085,-0.002794,-0.001060,0.000002,17,-0.175534,-0.126767,9.532242,0.039219,0.042619,-0.011832,9.535267,0.114957,0.086885,0.074232
5.239228,1.252000,0.042000,1.256000,1.234018,-0.058840,1.250868,1.227045,-0.031060,1.265736,0.008359,0.007987,-0.034468,0.999339,0.028910,-0.109812,0.527445,-0.000028,0.000538,0.002105,-0.002848,-0.001073,-0.000003,17,-0.364281,-0.195761,9.573676,0.101404,0.081482,-0.001797,9.583754,0.162639,0.102560,0.077816
5.255870,1.252000,0.042000,1.263000,1.216088,0.007275,1.231223,1.226988,-0.030802,1.272704,0.009236,0.008856,-0.034827,0.999311,0.027226,-0.110906,0.522765,-0.000022,0.000517,0.002152,-0.002781,-0.001058,0.000003,16,-0.203026,-0.128495,9.591637,0.121325,0.116645,-0.017477,9.595109,0.184658,0.059205,0.077588
5.272427,1.253000,0.042000,1.271000,1.209100,0.001567,1.321867,1.226506,-0.030820,1.282346,0.009721,0.009326,-0.035236,0.999288,0.027198,-0.116439,0.520254,-0.000011,0.000496,0.002101,-0.002717,-0.001027,0.000010,17,-0.042923,-0.364146,9.572075,0.070831,0.068795,-0.014722,9.580281,0.117737,0.078418,0.078316
5.289077,1.252000,0.042000,1.277000,1.203388,0.010370,1.364529,1.225717,-0.030451,1.293109,0.009750,0.010218,-0.035599,0.999266,0.025145,-0.120324,0.517486,0.000005,0.000468,0.002012,-0.002635,-0.000986,0.000018,17,-0.159952,-0.312136,9.494669,0.017207,0.115929,0.008210,9.502225,0.138736,0.105000,0.078736
5.322334,1.253000,0.042000,1.293000,1.246089,-0.017211,1.319255,1.227550,-0.033480,1.309919,0.010257,0.010036,-0.036499,0.999231,0.031711,-0.121602,0.505139,-0.000003,0.000456,0.002000,-0.002601,-0.001016,0.000024,33,-0.034497,0.088419,9.418135,0.031894,-0.014722,-0.041150,9.421593,0.152205,0.065138,0.081433
5.341022,1.252000,0.042000,1.302000,1.195462,-0.004738,1.271607,1.226544,-0.034089,1.317398,0.011667,0.009948,-0.036466,0.999217,0.029840,-0.126052,0.495184,0.000012,0.000440,0.002054,-0.002549,-0.000968,0.000028,19,-0.126838,-0.199858,9.347785,0.168785,0.006947,0.038708,9.351353,0.184296,0.079403,0.081698
5.357623,1.253000,0.042000,1.309000,1.217403,0.008362,1.352325,1.226495,-0.033743,1.326174,0.011034,0.010112,-0.036839,0.999209,0.028213,-0.129697,0.488112,0.000020,0.000411,0.002018,-0.002465,-0.000952,0.000039,17,-0.192413,-0.279244,9.311473,-0.058663,0.018522,0.029267,9.321239,0.113471,0.065389,0.082064
5.374299,1.253000,0.042000,1.317000,1.192978,-0.011016,1.311237,1.225343,-0.034500,1.333383,0.009924,0.009129,-0.037407,0.999209,0.030769,-0.122800,0.481233,0.000037,0.000397,0.002041,-0.002423,-0.000903,0.000042,17,0.108820,0.496269,9.420108,-0.125198,-0.110971,-0.037294,9.434791,0.179872,0.080291,0.082979
5.390994,1.253000,0.042000,1.323000,1.201387,-0.009509,1.300633,1.224734,-0.035059,1.339996,0.009625,0.007727,-0.037740,0.999211,0.033898,-0.115257,0.472537,0.000049,0.000383,0.002087,-0.002378,-0.000869,0.000047,17,0.111917,0.517406,9.352138,-0.024323,-0.164540,0.000859,9.372049,0.177821,0.076272,0.083821
5.407518,1.254000,0.043000,1.331000,1.255367,-0.033938,1.399192,1.226662,-0.036615,1.348980,0.010027,0.007009,-0.038007,0.999203,0.034950,-0.110938,0.471886,0.000037,0.000378,0.002026,-0.002368,-0.000910,0.000051,16,-0.239500,0.422614,9.650263,0.054906,-0.102099,-0.003527,9.664467,0.124332,0.102818,0.086076
5.424152,1.253000,0.043000,1.338000,1.210188,-0.040536,1.520938,1.226127,-0.038306,1.361662,0.010968,0.006431,-0.038126,0.999192,0.031600,-0.117139,0.469308,0.000053,0.000371,0.001829,-0.002359,-0.000873,0.000050,17,-0.193480,-0.214847,9.321023,0.120758,-0.062977,-0.008561,9.326731,0.143159,0.205614,0.088842
5.440838,1.254000,0.043000,1.344000,1.236141,-0.010657,1.395650,1.227064,-0.038646,1.370053,0.011907,0.006435,-0.038929,0.999150,0.031438,-0.116842,0.462069,0.000051,0.000351,0.001796,-0.002304,-0.000886,0.000059,17,-0.156542,0.045079,9.310257,0.124259,0.004068,-0.025738,9.314334,0.132777,0.076588,0.089836
5.457442,1.254000,0.043000,1.351000,1.234001,-0.039304,1.357505,1.227915,-0.040508,1.376886,0.013147,0.006441,-0.038844,0.999138,0.033263,-0.116212,0.454317,0.000047,0.000351,0.001820,-0.002304,-0.000897,0.000060,17,-0.064081,0.272335,9.366465,0.149291,0.003515,0.013390,9.371575,0.156797,0.084949,0.091236
5.474101,1.255000,0.043000,1.357000,1.212452,-0.022220,1.381428,1.227727,-0.041388,1.384264,0.014258,0.005391,-0.038924,0.999126,0.035104,-0.118566,0.445258,0.000055,0.000339,0.001821,-0.002269,-0.000875,0.000064,17,0.087675,0.015119,9.267643,0.143601,-0.115201,0.026892,9.269721,0.190963,0.081614,0.092782
5.490644,1.254000,0.043000,1.363000,1.210806,-0.019768,1.397199,1.227432,-0.042060,1.391471,0.014682,0.004017,-0.039571,0.999101,0.032711,-0.121121,0.439737,0.000065,0.000325,0.001811,-0.002229,-0.000850,0.000068,16,-0.136089,-0.034814,9.444616,0.067544,-0.166796,-0.033800,9.449072,0.196556,0.083517,0.093550
5.507314,1.255000,0.044000,1.370000,1.182988,-0.042711,1.438291,1.225731,-0.043820,1.399758,0.015338,0.003672,-0.039608,0.999091,0.029342,-0.117401,0.435111,0.000089,0.000324,0.001761,-0.002226,-0.000783,0.000064,17,-0.097358,0.487138,9.428805,0.079931,-0.026758,-0.022567,9.443260,0.104788,0.131788,0.097234
5.523942,1.255000,0.043000,1.376000,1.245200,-0.002122,1.439456,1.227069,-0.043383,1.407861,0.016717,0.004642,-0.040493,0.999029,0.028218,-0.110137,0.433058,0.000083,0.000295,0.001721,-0.002149,-0.000810,0.000079,17,-0.253044,0.493492,9.598281,0.177817,0.118747,0.020065,9.616854,0.217085,0.078477,0.096214
5.540556,1.255000,0.042000,1.381000,1.237759,-0.016651,1.434146,1.227999,-0.043717,1.415561,0.017844,0.006153,-0.040955,0.998983,0.029039,-0.111445,0.427619,0.000080,0.000276,0.001697,-0.002099,-0.000825,0.000088,17,-0.090764,0.084001,9.439555,0.139288,0.186580,0.021682,9.442076,0.236617,0.081004,0.096285
5.557158,1.255000,0.043000,1.388000,1.254998,-0.016033,1.356488,1.229817,-0.044098,1.420151,0.018232,0.007100,-0.041703,0.998938,0.034401,-0.118118,0.414818,0.000066,0.000260,0.001774,-0.002053,-0.000867,0.000099,16,0.112270,-0.233446,9.143136,0.053851,0.113202,-0.006882,9.147963,0.139284,0.066917,0.096197
5.573744,1.256000,0.043000,1.393000,1.190814,-0.025252,1.365856,1.228605,-0.045036,1.424854,0.017865,0.007128,-0.041587,0.998950,0.036170,-0.124428,0.406332,0.000083,0.000252,0.001842,-0.002025,-0.000817,0.000098,17,0.185956,-0.149845,9.391129,-0.040781,0.016350,0.016730,9.396466,0.069567,0.098206,0.097547
5.590491,1.256000,0.043000,1.398000,1.234319,0.028051,1.401100,1.229519,-0.043231,1.430511,0.017262,0.006638,-0.043132,0.998898,0.038902,-0.117269,0.399730,0.000083,0.000207,0.001872,-0.001904,-0.000830,0.000118,17,-0.008700,0.367732,9.439498,-0.044478,-0.062690,-0.003272,9.448518,0.100472,0.026517,0.095885
5.607088,1.256000,0.043000,1.405000,1.235351,-0.014939,1.421501,1.230416,-0.043661,1.436533,0.016179,0.006758,-0.043792,0.998887,0.037827,-0.120388,0.392218,0.000081,0.000189,0.001889,-0.001856,-0.000839,0.000127,17,-0.192049,-0.035904,9.383012,-0.122309,0.005835,-0.005738,9.388446,0.128930,0.063684,0.095702
5.623679,1.256000,0.042000,1.410000,1.194254,-0.045415,1.353446,1.229373,-0.045643,1.439840,0.015065,0.007257,-0.043326,0.998921,0.033686,-0.124605,0.382729,0.000095,0.000194,0.001990,-0.001863,-0.000794,0.000120,16,-0.227397,0.026349,9.377344,-0.149994,0.066864,0.000515,9.381507,0.167774,0.121047,0.096336
5.640245,1.257000,0.042000,1.416000,1.196931,-0.027006,1.483025,1.228282,-0.046523,1.447051,0.014192,0.008097,-0.043375,0.998925,0.028041,-0.124098,0.378417,0.000114,0.000181,0.001943,-0.001830,-0.000748,0.000121,17,-0.344310,0.150181,9.451755,-0.110184,0.114957,0.004760,9.460637,0.166604,0.113413,0.098108
5.656982,1.256000,0.041000,1.421000,1.240850,-0.027754,1.445953,1.229351,-0.047506,1.452885,0.013029,0.008310,-0.044109,0.998907,0.032243,-0.127181,0.371515,0.000108,0.000168,0.001951,-0.001797,-0.000766,0.000128,17,0.060745,-0.026632,9.402305,-0.134986,0.017555,-0.019990,9.403635,0.162551,0.074694,0.097776
5.673524,1.256000,0.041000,1.425000,1.244006,-0.016905,1.460968,1.230597,-0.047968,1.458948,0.011468,0.007692,-0.045231,0.998881,0.036836,-0.130468,0.363893,0.000103,0.000147,0.001947,-0.001745,-0.000787,0.000139,17,0.094823,-0.139020,9.341498,-0.178100,-0.086351,-0.036778,9.344391,0.207384,0.069214,0.098555
5.690169,1.256000,0.039000,1.430000,1.221377,-0.025974,1.416078,1.230789,-0.048982,1.463414,0.010773,0.006532,-0.045194,0.998899,0.034007,-0.132008,0.355024,0.000107,0.000135,0.002002,-0.001711,-0.000777,0.000143,17,-0.258300,-0.018774,9.360148,-0.072065,-0.140266,0.045802,9.364132,0.181223,0.074928,0.097432
5.706790,1.256000,0.040000,1.435000,1.288199,-0.012203,1.535193,1.233907,-0.049062,1.471009,0.008826,0.005804,-0.046392,0.998867,0.037504,-0.131686,0.352934,0.000084,0.000106,0.001927,-0.001643,-0.000851,0.000162,16,-0.133329,-0.022146,9.544202,-0.227161,-0.120940,0.030736,9.545980,0.267419,0.117476,0.098573
5.723379,1.257000,0.041000,1.440000,1.257517,-0.033838,1.510316,1.235541,-0.050306,1.477655,0.006169,0.005004,-0.047373,0.998846,0.039283,-0.134984,0.349664,0.000075,0.000093,0.001889,-0.001613,-0.000879,0.000170,17,-0.066207,-0.163545,9.533493,-0.319026,-0.120152,-0.048448,9.535519,0.348455,0.102691,0.101070
5.740000,1.257000,0.039000,1.445000,1.211661,-0.017023,1.421925,1.235098,-0.050814,1.481433,0.004436,0.004266,-0.047807,0.998838,0.033293,-0.134331,0.340813,0.000086,0.000075,0.001955,-0.001565,-0.000852,0.000172,17,-0.342031,-0.062715,9.381997,-0.199828,-0.093526,-0.028901,9.388941,0.229752,0.075675,0.099366
5.756676,1.258000,0.039000,1.450000,1.223277,-0.036635,1.456892,1.235104,-0.052243,1.486081,0.003377,0.003278,-0.047932,0.998840,0.030049,-0.134252,0.333439,0.000091,0.000067,0.001988,-0.001543,-0.000838,0.000173,17,-0.214115,-0.016468,9.412979,-0.121254,-0.121801,-0.003434,9.416719,0.196935,0.083510,0.100754
5.773248,1.257000,0.037000,1.455000,1.289021,-0.014207,1.452955,1.238130,-0.052384,1.490080,0.002940,0.002603,-0.049406,0.998771,0.033436,-0.128068,0.326789,0.000065,0.000042,0.002034,-0.001482,-0.000911,0.000191,16,-0.114146,0.230651,9.456776,-0.036976,-0.107079,-0.020422,9.461102,0.149765,0.060429,0.097858
5.789849,1.257000,0.037000,1.459000,1.248748,-0.005613,1.507255,1.239115,-0.051930,1.495660,0.004130,0.002331,-0.050290,0.998723,0.030105,-0.117184,0.324272,0.000063,0.000011,0.002018,-0.001409,-0.000924,0.000202,17,-0.338462,0.445974,9.620354,0.165243,-0.034778,-0.011071,9.637766,0.180730,0.064903,0.097838
5.806492,1.258000,0.037000,1.463000,1.242871,-0.028468,1.464715,1.239765,-0.052636,1.499771,0.004904,0.003184,-0.050329,0.998716,0.025817,-0.120347,0.318770,0.000061,-0.000003,0.002058,-0.001373,-0.000931,0.000207,17,-0.320556,-0.249721,9.535642,0.099772,0.107145,0.040455,9.549063,0.159424,0.067215,0.098586
5.823158,1.257000,0.037000,1.467000,1.275817,-0.014844,1.497964,1.241873,-0.052691,1.504740,0.004848,0.005021,-0.051573,0.998645,0.027763,-0.120028,0.312921,0.000045,-0.000028,0.002066,-0.001313,-0.000978,0.000220,17,-0.099112,-0.110430,9.467111,-0.001047,0.209614,-0.025558,9.471764,0.218947,0.063251,0.098476
5.839776,1.258000,0.037000,1.471000,1.242159,-0.015774,1.521361,1.242326,-0.052725,1.510268,0.004896,0.006737,-0.052391,0.998592,0.027424,-0.113330,0.309725,0.000048,-0.000054,0.002051,-0.001257,-0.000977,0.000226,17,-0.158368,0.279436,9.582206,0.008011,0.207246,-0.049261,9.591822,0.221550,0.074647,0.099188
5.856337,1.258000,0.038000,1.475000,1.221906,-0.045660,1.520169,1.241772,-0.054063,1.515276,0.005863,0.008395,-0.052220,0.998583,0.024810,-0.114670,0.301846,0.000059,-0.000059,0.002043,-0.001245,-0.000950,0.000223,16,-0.199203,-0.046680,9.296508,0.113278,0.222562,-0.010034,9.303072,0.257296,0.101695,0.101789
5.873009,1.257000,0.037000,1.479000,1.261649,-0.015883,1.454862,1.243218,-0.054011,1.518089,0.007068,0.009486,-0.053136,0.998517,0.030543,-0.110893,0.292280,0.000048,-0.000081,0.002117,-0.001190,-0.000979,0.000233,17,0.084879,0.162347,9.337395,0.153151,0.139236,-0.010679,9.342084,0.215188,0.058317,0.100004
5.889647,1.257000,0.036000,1.483000,1.259817,-0.027089,1.508001,1.244517,-0.054368,1.522337,0.009587,0.010015,-0.054014,0.998444,0.035274,-0.103226,0.285150,0.000041,-0.000099,0.002133,-0.001149,-0.001000,0.000241,17,-0.014853,0.485696,9.390349,0.314416,0.076942,-0.031299,9.404466,0.329055,0.067921,0.099346
5.906283,1.258000,0.038000,1.486000,1.240427,-0.000398,1.524527,1.244937,-0.053329,1.526984,0.012104,0.010625,-0.054125,0.998404,0.036866,-0.100581,0.280439,0.000046,-0.000134,0.002132,-0.001071,-0.000994,0.000248,17,-0.078436,0.093148,9.523674,0.320915,0.092303,0.048033,9.525920,0.342373,0.057162,0.100953
5.922839,1.258000,0.037000,1.489000,1.305159,-0.012579,1.617690,1.248327,-0.052725,1.533968,0.012958,0.011008,-0.056309,0.998269,0.044399,-0.103723,0.278706,0.000025,-0.000161,0.002035,-0.000988,-0.001080,0.000264,16,0.038875,-0.205225,9.537355,0.124094,0.037242,0.017520,9.541778,0.138588,0.145750,0.100828
5.939507,1.259000,0.039000,1.495000,1.209855,-0.020799,1.502534,1.247291,-0.052743,1.537364,0.013545,0.010450,-0.056154,0.998276,0.045107,-0.101514,0.273417,0.000046,-0.000179,0.002071,-0.000946,-0.001032,0.000258,17,-0.001267,0.238705,9.547911,0.088368,-0.049876,-0.044159,9.552651,0.128433,0.077769,0.101728
5.956145,1.258000,0.036000,1.497000,1.269037,-0.013487,1.556665,1.248944,-0.052431,1.542214,0.014085,0.011014,-0.055953,0.998273,0.046384,-0.100249,0.267208,0.000039,-0.000208,0.002052,-0.000896,-0.001043,0.000270,17,-0.207178,0.108234,9.389265,0.071776,0.063696,-0.006504,9.394546,0.118227,0.078299,0.099731
5.972788,1.259000,0.037000,1.502000,1.251924,-0.037668,1.575143,1.249802,-0.053227,1.547441,0.014244,0.011682,-0.056112,0.998255,0.049070,-0.097193,0.265934,0.000041,-0.000220,0.002019,-0.000872,-0.001044,0.000272,17,-0.090941,0.376468,9.661935,0.018571,0.082293,0.000733,9.670413,0.100945,0.104763,0.101442
5.989410,1.259000,0.038000,1.504000,1.235845,0.011245,1.573862,1.249969,-0.051552,1.552572,0.013496,0.012067,-0.056341,0.998247,0.053222,-0.088950,0.264014,0.000053,-0.000263,0.001988,-0.000782,-0.001022,0.000275,17,0.052207,0.447615,9.641505,-0.067917,0.048645,-0.004795,9.653450,0.113146,0.078312,0.102276
6.005962,1.258000,0.036000,1.507000,1.273656,-0.038104,1.569761,1.251914,-0.052184,1.557105,0.013995,0.012414,-0.057198,0.998188,0.058556,-0.082655,0.259161,0.000043,-0.000274,0.001974,-0.000759,-0.001050,0.000283,16,-0.049055,0.587283,9.467105,0.065321,0.039657,-0.024790,9.486486,0.087760,0.098364,0.101608
6.022663,1.259000,0.036000,1.511000,1.259906,-0.026575,1.516030,1.253235,-0.052254,1.559856,0.015178,0.012768,-0.057272,0.998162,0.058785,-0.084050,0.249682,0.000040,-0.000288,0.002025,-0.000724,-0.001060,0.000288,17,-0.251023,0.061145,9.310292,0.152625,0.052127,0.039520,9.318090,0.183813,0.062783,0.101039
6.039254,1.259000,0.035000,1.514000,1.294571,-0.002906,1.606142,1.256513,-0.050952,1.565081,0.014004,0.012075,-0.056898,0.998209,0.069067,-0.090331,0.243349,0.000017,-0.000328,0.001969,-0.000591,-0.001218,0.000324,17,0.141271,-0.409944,9.362824,-0.103878,-0.124389,0.012539,9.373357,0.171468,0.105794,0.100016
6.055845,1.259000,0.035000,1.518000,1.247872,-0.024386,1.506626,1.257325,-0.051160,1.567184,0.012632,0.010973,-0.056879,0.998241,0.071547,-0.090849,0.236296,0.000021,-0.000342,0.002037,-0.000557,-0.001208,0.000324,17,-0.029953,0.092820,9.496779,-0.151784,-0.140764,-0.005373,9.500825,0.218581,0.061481,0.099223
6.072454,1.260000,0.033000,1.520000,1.253939,0.018658,1.518581,1.258291,-0.049181,1.569369,0.011481,0.010311,-0.057152,0.998246,0.066180,-0.087886,0.232480,0.000026,-0.000385,0.002092,-0.000465,-0.001203,0.000328,16,-0.527227,0.009354,9.654469,-0.115958,-0.089763,-0.004942,9.669539,0.149594,0.015635,0.095885
6.089066,1.260000,0.032000,1.523000,1.297139,-0.024061,1.624939,1.261078,-0.049249,1.574639,0.009781,0.010228,-0.057990,0.998217,0.069630,-0.086994,0.230497,0.000011,-0.000406,0.002034,-0.000423,-0.001245,0.000341,17,-0.150704,0.114846,9.589874,-0.200415,-0.033873,0.025411,9.592330,0.209920,0.122121,0.096276
6.105809,1.261000,0.032000,1.526000,1.284797,-0.034518,1.572565,1.263079,-0.050035,1.578166,0.007693,0.008965,-0.059063,0.998184,0.075375,-0.088880,0.222395,-0.000000,-0.000418,0.002044,-0.000427,-0.001213,0.000339,17,0.140804,0.018523,9.325805,-0.248925,-0.164559,-0.011490,9.329285,0.302684,0.084612,0.097239
6.122444,1.261000,0.031000,1.529000,1.258746,-0.016540,1.634604,1.263976,-0.049738,1.583385,0.006167,0.007696,-0.059291,0.998192,0.072772,-0.088945,0.216984,0.000008,-0.000443,0.001981,-0.000379,-0.001200,0.000338,17,-0.253907,-0.082354,9.370555,-0.164192,-0.165145,-0.053179,9.376807,0.246115,0.115833,0.097392
6.138973,1.261000,0.032000,1.531000,1.249440,-0.035534,1.591078,1.264378,-0.050353,1.586873,0.004305,0.006946,-0.058370,0.998262,0.071209,-0.088986,0.211756,0.000017,-0.000453,0.001974,-0.000361,-0.001180,0.000333,16,-0.161552,0.007821,9.456965,-0.227854,-0.105407,0.063010,9.460549,0.274153,0.091126,0.099575
6.155595,1.262000,0.031000,1.534000,1.244763,-0.027814,1.522986,1.264631,-0.050704,1.588198,0.001314,0.007511,-0.057654,0.998307,0.069131,-0.088552,0.204593,0.000026,-0.000464,0.002048,-0.000335,-0.001158,0.000329,17,-0.174563,-0.045444,9.493783,-0.371854,0.048804,0.040238,9.499162,0.384097,0.062269,0.098081
6.172230,1.262000,0.030000,1.536000,1.264786,-0.019921,1.583764,1.265759,-0.050499,1.591248,-0.001148,0.008910,-0.058458,0.998249,0.071375,-0.078421,0.199556,0.000028,-0.000484,0.002055,-0.000294,-0.001156,0.000330,17,-0.063627,0.479192,9.506946,-0.307234,0.151838,-0.088454,9.523537,0.361732,0.069147,0.097707
6.188912,1.261000,0.028000,1.539000,1.236029,-0.007404,1.569655,1.265520,-0.049602,1.593781,-0.001661,0.010405,-0.057927,0.998265,0.067853,-0.069608,0.193823,0.000046,-0.000510,0.002078,-0.000242,-0.001119,0.000324,17,-0.300206,0.262891,9.496404,-0.062512,0.190161,-0.016635,9.505885,0.204209,0.053072,0.095097
6.205499,1.262000,0.029000,1.541000,1.282176,-0.043681,1.636199,1.267359,-0.050350,1.598143,-0.001198,0.011137,-0.058025,0.998252,0.072969,-0.068058,0.191980,0.000041,-0.000518,0.002034,-0.000229,-0.001134,0.000328,17,0.033222,0.043374,9.627138,0.052174,0.088308,0.038929,9.628467,0.130795,0.121460,0.097931
6.222069,1.262000,0.028000,1.543000,1.264205,-0.014354,1.583409,1.268349,-0.049644,1.600603,-0.001055,0.011112,-0.058302,0.998237,0.076016,-0.063825,0.185013,0.000045,-0.000541,0.002052,-0.000183,-0.001128,0.000330,16,-0.009890,0.068138,9.400514,0.031394,-0.000445,-0.028863,9.407635,0.089520,0.058579,0.096887
6.238755,1.263000,0.029000,1.544000,1.250832,-0.040644,1.577976,1.268791,-0.050164,1.602791,-0.000395,0.010629,-0.058118,0.998253,0.080785,-0.058506,0.178886,0.000054,-0.000545,0.002079,-0.000174,-0.001107,0.000325,17,0.145048,0.312640,9.483581,0.085827,-0.049508,-0.031936,9.492665,0.112294,0.078439,0.098777
6.255359,1.262000,0.027000,1.547000,1.266953,-0.029430,1.579587,1.270017,-0.050055,1.604869,0.000993,0.010135,-0.058019,0.998264,0.082232,-0.053684,0.172379,0.000056,-0.000557,0.002107,-0.000148,-0.001104,0.000326,17,-0.121860,0.202140,9.451419,0.180604,-0.050703,0.019282,9.455558,0.193530,0.065352,0.096698
6.272038,1.263000,0.027000,1.548000,1.207132,-0.041465,1.477241,1.268541,-0.050587,1.603796,0.001691,0.009533,-0.056257,0.998369,0.079268,-0.049536,0.165242,0.000083,-0.000553,0.002249,-0.000148,-0.001037,0.000308,17,-0.131241,0.242483,9.611649,0.090914,-0.050842,0.030134,9.616131,0.112358,0.113205,0.095727
6.288599,1.264000,0.028000,1.549000,1.321488,-0.021897,1.610960,1.272239,-0.049894,1.606466,0.002700,0.009533,-0.057935,0.998271,0.087258,-0.042203,0.160840,0.000059,-0.000575,0.002246,-0.000106,-0.001095,0.000327,16,0.048739,0.372337,9.524416,0.138467,-0.010302,-0.011947,9.532396,0.160990,0.098151,0.097148
6.305170,1.264000,0.027000,1.552000,1.290358,-0.085092,1.692776,1.274274,-0.052141,1.611488,0.003975,0.009035,-0.057983,0.998269,0.088707,-0.045509,0.157658,0.000052,-0.000558,0.002154,-0.000143,-0.001110,0.000328,17,-0.141243,0.019462,9.457444,0.152644,-0.056417,0.018082,9.460561,0.169260,0.181871,0.099538
6.321855,1.264000,0.027000,1.553000,1.256645,-0.008096,1.655957,1.274806,-0.050721,1.615306,0.004019,0.008441,-0.057510,0.998301,0.088858,-0.050178,0.153731,0.000068,-0.000589,0.002103,-0.000088,-0.001084,0.000325,17,-0.006749,-0.444218,9.480464,0.028210,-0.065711,0.012214,9.491788,0.100139,0.109023,0.100197
6.338520,1.265000,0.028000,1.554000,1.247968,-0.022291,1.621118,1.274993,-0.050125,1.617953,0.003090,0.008056,-0.057132,0.998329,0.092144,-0.047042,0.153327,0.000084,-0.000607,0.002095,-0.000055,-0.001050,0.000318,17,0.145442,0.127462,9.769062,-0.101151,-0.044922,-0.029431,9.775793,0.122880,0.085581,0.101456
6.355121,1.266000,0.026000,1.556000,1.258053,-0.027155,1.672486,1.275636,-0.049642,1.622088,0.002045,0.007146,-0.056393,0.998381,0.095501,-0.039423,0.154176,0.000099,-0.000625,0.002033,-0.000026,-0.001025,0.000313,17,0.106406,0.401495,9.761335,-0.111098,-0.110280,0.036365,9.771492,0.166198,0.128287,0.100907
6.371685,1.266000,0.026000,1.557000,1.268790,-0.027143,1.662430,1.276768,-0.049045,1.625676,0.001803,0.005856,-0.056165,0.998403,0.099945,-0.030716,0.153179,0.000107,-0.000642,0.001988,0.000003,-0.001012,0.000312,16,0.149304,0.483006,9.669692,-0.013101,-0.161344,0.011802,9.684496,0.184681,0.118099,0.102294
6.388480,1.267000,0.026000,1.560000,1.292300,-0.035458,1.655572,1.278995,-0.048813,1.628940,0.001494,0.004144,-0.056717,0.998381,0.100515,-0.030260,0.150990,0.000102,-0.000654,0.001957,0.000023,-0.001025,0.000317,17,-0.115343,-0.000187,9.620547,-0.020450,-0.218882,-0.016806,9.625012,0.223289,0.116410,0.102439
6.404994,1.266000,0.026000,1.561000,1.279328,-0.036237,1.601280,1.280588,-0.048682,1.630496,0.000863,0.002718,-0.056671,0.998389,0.098107,-0.025438,0.152024,0.000102,-0.000660,0.001990,0.000037,-0.001025,0.000318,17,-0.241892,0.227776,9.924188,-0.060827,-0.182021,0.013170,9.931388,0.202071,0.075323,0.103053
6.421628,1.267000,0.027000,1.562000,1.283270,-0.034922,1.593024,1.282345,-0.048411,1.631802,0.000399,0.001870,-0.056586,0.998396,0.100606,-0.017586,0.149013,0.000101,-0.000667,0.002035,0.000053,-0.001028,0.000320,17,0.042229,0.433893,9.704151,-0.045012,-0.105691,0.027279,9.714408,0.124190,0.071144,0.103897
6.438249,1.267000,0.025000,1.564000,1.255689,-0.004000,1.615871,1.282645,-0.046490,1.633602,0.000486,0.001009,-0.056292,0.998414,0.098539,-0.010490,0.145726,0.000118,-0.000694,0.002051,0.000103,-0.000996,0.000314,16,-0.055151,0.222033,9.628492,0.031749,-0.099099,-0.034656,9.631907,0.127502,0.060494,0.100995
6.454838,1.268000,0.027000,1.565000,1.287814,-0.037836,1.686980,1.284309,-0.046162,1.637434,0.000785,0.000595,-0.056425,0.998406,0.098135,-0.009994,0.141689,0.000120,-0.000703,0.001993,0.000116,-0.000996,0.000315,17,-0.041597,-0.012693,9.468929,0.049065,-0.051101,-0.009150,9.470769,0.091611,0.139555,0.104237
6.471519,1.269000,0.026000,1.566000,1.279673,-0.032528,1.744572,1.285438,-0.045502,1.642839,0.000923,0.000248,-0.056104,0.998424,0.097182,-0.005101,0.136164,0.000130,-0.000718,0.001873,0.000136,-0.000981,0.000312,17,-0.045233,0.212532,9.266105,0.026245,-0.035773,0.006466,9.270867,0.061937,0.188222,0.106240
6.488148,1.269000,0.027000,1.567000,1.241283,-0.007300,1.595211,1.284986,-0.043720,1.643595,0.001105,0.000084,-0.055268,0.998471,0.094193,0.003540,0.132830,0.000154,-0.000738,0.001924,0.000175,-0.000933,0.000302,17,-0.025465,0.352082,9.685323,0.031058,-0.007274,-0.021767,9.692922,0.087084,0.052351,0.105469
6.504696,1.269000,0.027000,1.568000,1.285105,-0.048215,1.619309,1.286400,-0.043928,1.644832,0.001605,-0.000056,-0.055143,0.998477,0.090371,0.000277,0.126773,0.000153,-0.000734,0.001954,0.000168,-0.000933,0.000301,16,-0.224300,-0.173664,9.475648,0.063796,-0.014562,0.012332,9.481967,0.099513,0.092462,0.106003
6.521318,1.269000,0.028000,1.569000,1.238953,-0.017491,1.656277,1.285539,-0.042640,1.647130,0.001361,-0.000547,-0.053851,0.998548,0.084447,-0.000580,0.120869,0.000180,-0.000750,0.001938,0.000195,-0.000880,0.000289,17,-0.106321,-0.185250,9.422968,-0.018267,-0.048517,0.013333,9.428171,0.076321,0.102906,0.106621
6.537988,1.269000,0.029000,1.569000,1.280123,-0.078154,1.672087,1.286539,-0.044260,1.649710,0.002016,-0.001045,-0.053693,0.998555,0.086556,0.006735,0.116306,0.000181,-0.000728,0.001914,0.000153,-0.000873,0.000282,17,0.103682,0.658424,9.475693,0.067199,-0.053814,-0.042360,9.501553,0.121577,0.149106,0.110403
6.554655,1.269000,0.027000,1.570000,1.257806,-0.033837,1.559036,1.286695,-0.043709,1.648814,0.002810,-0.001612,-0.053148,0.998581,0.082292,0.010405,0.108107,0.000192,-0.000728,0.002016,0.000159,-0.000847,0.000276,17,-0.134115,0.223770,9.486070,0.109713,-0.057896,-0.005413,9.494358,0.141428,0.062823,0.107352
6.571236,1.269000,0.029000,1.570000,1.260968,-0.033763,1.652344,1.286749,-0.043099,1.650599,0.002676,-0.001553,-0.052312,0.998626,0.073116,0.004364,0.100261,0.000207,-0.000733,0.002012,0.000168,-0.000818,0.000270,17,-0.360246,-0.401490,9.328049,-0.011872,0.013857,0.029822,9.345458,0.094280,0.103847,0.109588
6.587832,1.269000,0.027000,1.571000,1.275838,-0.043637,1.606595,1.287351,-0.043093,1.650802,0.002584,-0.000208,-0.052363,0.998625,0.066134,0.008912,0.098040,0.000210,-0.000730,0.002063,0.000164,-0.000808,0.000267,16,-0.406678,0.306134,9.755119,-0.021433,0.171270,-0.040257,9.773815,0.184420,0.079394,0.107788
6.604470,1.269000,0.027000,1.572000,1.292427,-0.033345,1.725286,1.288482,-0.042352,1.654596,0.003140,0.001791,-0.052407,0.998619,0.064891,0.016306,0.103330,0.000213,-0.000740,0.001980,0.000178,-0.000808,0.000268,17,-0.137412,0.431773,9.986725,0.062268,0.254672,0.010883,9.997456,0.264720,0.166394,0.109596
6.621108,1.269000,0.028000,1.572000,1.205009,-0.017322,1.645162,1.285634,-0.040857,1.655991,0.003967,0.003263,-0.050486,0.998712,0.058077,0.019004,0.102713,0.000257,-0.000753,0.001985,0.000199,-0.000721,0.000249,17,-0.095765,0.108165,9.784199,0.100775,0.215032,0.017884,9.785943,0.247178,0.107246,0.109875
6.654303,1.268000,0.028000,1.573000,1.274732,-0.017960,1.683828,1.286862,-0.038998,1.660120,0.005905,0.005691,-0.050627,0.998684,0.058088,0.027015,0.106396,0.000268,-0.000769,0.001954,0.000226,-0.000705,0.000249,33,-0.081531,0.269643,9.894007,0.115274,0.158052,-0.008770,9.899868,0.230588,0.120168,0.111510
6.670925,1.268000,0.028000,1.574000,1.263978,-0.015181,1.683206,1.286647,-0.037307,1.662519,0.006889,0.005596,-0.050052,0.998707,0.057959,0.032868,0.107432,0.000285,-0.000785,0.001925,0.000253,-0.000678,0.000247,17,-0.025226,0.381336,9.830196,0.141030,0.005871,0.038779,9.839772,0.192858,0.117502,0.111573
6.687594,1.268000,0.029000,1.574000,1.275855,-0.038281,1.665880,1.287011,-0.036835,1.664307,0.007269,0.005684,-0.049813,0.998716,0.057457,0.035453,0.106419,0.000291,-0.000784,0.001922,0.000250,-0.000666,0.000243,17,-0.106839,0.295413,9.737739,0.044660,0.017104,-0.010216,9.743408,0.067476,0.114150,0.113362
6.704268,1.267000,0.029000,1.575000,1.264994,-0.032423,1.639140,1.286885,-0.036080,1.665226,0.009021,0.005591,-0.049385,0.998723,0.055434,0.035580,0.104925,0.000302,-0.000784,0.001952,0.000251,-0.000644,0.000238,17,-0.132873,0.147856,9.764216,0.212511,0.005057,-0.010677,9.767574,0.221477,0.088830,0.113011
6.720841,1.267000,0.030000,1.575000,1.290848,-0.030480,1.659313,1.287958,-0.035278,1.666713,0.010391,0.005507,-0.048971,0.998731,0.054349,0.031296,0.102431,0.000300,-0.000787,0.001961,0.000258,-0.000647,0.000240,17,-0.170956,-0.106488,9.678191,0.168453,-0.003990,0.071559,9.680698,0.195568,0.106467,0.114507
6.737420,1.268000,0.031000,1.575000,1.308667,-0.020711,1.723224,1.289723,-0.034020,1.670021,0.010424,0.005300,-0.049722,0.998695,0.057344,0.031076,0.102544,0.000295,-0.000801,0.001896,0.000278,-0.000663,0.000247,16,-0.002308,0.106821,9.705995,0.011554,-0.030405,-0.006388,9.707108,0.101931,0.162167,0.117169
6.754162,1.267000,0.029000,1.576000,1.243789,-0.002625,1.645248,1.288435,-0.032033,1.670891,0.009507,0.004831,-0.049098,0.998737,0.049066,0.026542,0.099319,0.000321,-0.000818,0.001921,0.000309,-0.000616,0.000240,17,-0.355474,-0.269429,9.655252,-0.097399,-0.046929,-0.007297,9.667150,0.122396,0.079588,0.114842
6.787372,1.267000,0.030000,1.576000,1.250679,-0.010332,1.671533,1.287973,-0.030117,1.674017,0.008072,0.005722,-0.048415,0.998778,0.042134,0.028877,0.093130,0.000345,-0.000832,0.001919,0.000330,-0.000574,0.000234,34,-0.233179,0.150007,9.616953,-0.086809,0.054089,0.001688,9.630526,0.121885,0.104975,0.116882
6.803986,1.267000,0.031000,1.576000,1.249154,-0.059785,1.637507,1.286686,-0.031335,1.674241,0.007706,0.005482,-0.047029,0.998849,0.039730,0.023030,0.086435,0.000361,-0.000806,0.001965,0.000289,-0.000537,0.000216,16,-0.053521,-0.042126,9.463447,-0.057028,-0.023077,-0.027038,9.464342,0.080452,0.111101,0.118002
6.820553,1.267000,0.031000,1.576000,1.274669,0.013015,1.596976,1.286843,-0.028724,1.673126,0.007884,0.005042,-0.047859,0.998810,0.037136,0.026630,0.081020,0.000368,-0.000832,0.002056,0.000338,-0.000526,0.000224,17,-0.221773,0.119284,9.618624,0.036173,-0.051570,-0.020598,9.623035,0.097718,0.028675,0.115733
6.837242,1.267000,0.032000,1.576000,1.245020,-0.025208,1.683907,1.285281,-0.028166,1.674744,0.008310,0.005146,-0.046770,0.998858,0.028507,0.021012,0.078681,0.000393,-0.000834,0.002041,0.000338,-0.000483,0.000213,17,-0.400029,-0.238983,9.640803,0.052719,0.023189,0.012932,9.653099,0.110095,0.124096,0.117067
6.853847,1.267000,0.032000,1.576000,1.265049,-0.036182,1.659450,1.284712,-0.028340,1.675498,0.007861,0.006563,-0.045894,0.998894,0.022754,0.014061,0.074981,0.000402,-0.000826,0.002060,0.000326,-0.000464,0.000206,17,-0.335392,-0.251037,9.619612,-0.065704,0.174729,0.021831,9.630191,0.195223,0.107780,0.117705
6.870407,1.266000,0.031000,1.576000,1.277563,-0.013266,1.688065,1.284710,-0.027327,1.677029,0.007432,0.007894,-0.046253,0.998871,0.023618,0.014736,0.073379,0.000408,-0.000837,0.002044,0.000343,-0.000455,0.000208,16,-0.053502,0.107304,9.678855,-0.056684,0.169854,-0.023377,9.682422,0.190647,0.121044,0.118148
6.887086,1.266000,0.031000,1.577000,1.239487,-0.002360,1.671205,1.282906,-0.025834,1.678022,0.007082,0.008183,-0.046018,0.998882,0.020974,0.016891,0.073837,0.000435,-0.000852,0.002047,0.000368,-0.000409,0.000204,17,-0.111332,0.125891,9.833525,-0.040455,0.053543,-0.024958,9.837130,0.086746,0.103395,0.117138
6.903677,1.266000,0.030000,1.577000,1.248642,-0.000505,1.568590,1.281732,-0.024430,1.675781,0.007727,0.008417,-0.045740,0.998888,0.019505,0.015119,0.072630,0.000450,-0.000861,0.002174,0.000390,-0.000379,0.000202,17,-0.104108,-0.082028,9.948745,0.077492,0.040654,0.014088,9.950255,0.136096,0.036091,0.113877
6.920324,1.265000,0.030000,1.577000,1.293709,-0.020707,1.637630,1.282668,-0.024086,1.675728,0.008336,0.008708,-0.045931,0.998872,0.020267,0.008407,0.071733,0.000442,-0.000862,0.002221,0.000393,-0.000392,0.000206,17,-0.147173,-0.260043,9.837237,0.077672,0.033272,0.019490,9.843547,0.109739,0.084092,0.113950
6.936935,1.265000,0.030000,1.577000,1.269552,-0.011348,1.650494,1.282390,-0.023370,1.676110,0.009313,0.008437,-0.045934,0.998865,0.017926,0.005125,0.072127,0.000449,-0.000868,0.002250,0.000405,-0.000380,0.000207,17,-0.240137,-0.106546,9.880560,0.122036,-0.022751,0.004103,9.885283,0.137994,0.084450,0.113901
6.953519,1.265000,0.031000,1.577000,1.205193,-0.031134,1.634307,1.278970,-0.023801,1.675978,0.010141,0.008142,-0.044182,0.998939,0.009902,0.004227,0.074481,0.000487,-0.000858,0.002296,0.000389,-0.000310,0.000187,16,-0.325927,0.170043,10.032985,0.103661,-0.012767,-0.009849,10.043133,0.113315,0.103545,0.113996
6.970161,1.265000,0.032000,1.577000,1.302822,-0.018357,1.672947,1.280309,-0.023403,1.677051,0.012551,0.008911,-0.044648,0.998884,0.016975,0.007898,0.077294,0.000475,-0.000862,0.002302,0.000397,-0.000331,0.000194,17,0.121878,0.458558,9.989021,0.298727,0.102611,0.016866,10.004530,0.319385,0.114770,0.115386
6.986824,1.265000,0.033000,1.576000,1.246678,-0.020908,1.603886,1.279083,-0.023293,1.676022,0.013451,0.009335,-0.043896,0.998902,0.017131,0.002146,0.076712,0.000489,-0.000858,0.002387,0.000394,-0.000303,0.000187,17,-0.010152,-0.079137,9.927812,0.109652,0.064478,0.017829,9.928691,0.140647,0.063398,0.115636
7.003426,1.265000,0.032000,1.576000,1.290855,-0.035713,1.698832,1.279880,-0.023870,1.677961,0.014287,0.009577,-0.043861,0.998890,0.019085,0.002038,0.079166,0.000482,-0.000852,0.002364,0.000383,-0.000314,0.000186,17,-0.131680,0.318906,9.914012,0.097080,0.030088,-0.008860,9.921093,0.118571,0.142623,0.117213
7.020045,1.264000,0.032000,1.577000,1.251972,-0.052540,1.699129,1.278812,-0.025274,1.679801,0.014406,0.009704,-0.042708,0.998937,0.020555,0.001575,0.076522,0.000495,-0.000833,0.002341,0.000351,-0.000289,0.000173,16,0.017748,0.407494,9.596209,0.006740,0.022325,-0.005469,9.606095,0.080423,0.149021,0.118608
7.036615,1.264000,0.032000,1.577000,1.265559,-0.000618,1.662316,1.278580,-0.024019,1.680468,0.014953,0.009887,-0.043214,0.998905,0.023185,0.002777,0.075130,0.000504,-0.000848,0.002359,0.000375,-0.000276,0.000178,17,0.024586,0.237003,9.752014,0.074481,0.032792,-0.008615,9.755156,0.125694,0.091352,0.118560
7.053297,1.264000,0.031000,1.577000,1.296778,-0.030779,1.688068,1.279788,-0.024360,1.681842,0.015208,0.009687,-0.043143,0.998906,0.025828,-0.005421,0.071878,0.000494,-0.000844,0.002354,0.000370,-0.000292,0.000178,17,-0.073376,-0.163692,9.611411,0.035557,-0.028760,0.018894,9.615586,0.087059,0.131252,0.119607
7.069923,1.263000,0.030000,1.577000,1.224354,-0.005169,1.674738,1.277623,-0.023571,1.682775,0.014526,0.009375,-0.042673,0.998940,0.021573,-0.013601,0.065653,0.000526,-0.000854,0.002357,0.000386,-0.000242,0.000176,17,-0.155214,-0.325743,9.453471,-0.073800,-0.024564,0.021826,9.462570,0.135416,0.110829,0.119466
7.086541,1.264000,0.030000,1.577000,1.264624,-0.049746,1.617533,1.277390,-0.025238,1.681759,0.013625,0.009900,-0.042121,0.998971,0.018375,-0.019696,0.059843,0.000526,-0.000834,0.002436,0.000356,-0.000234,0.000166,17,-0.321403,0.019780,9.584139,-0.118916,0.057288,-0.043433,9.592760,0.148525,0.089458,0.119185
7.103120,1.263000,0.029000,1.577000,1.254054,-0.036055,1.584552,1.276678,-0.026188,1.679645,0.012952,0.011016,-0.041208,0.999006,0.016892,-0.021682,0.053623,0.000531,-0.000821,0.002549,0.000341,-0.000218,0.000159,16,-0.210751,0.193667,9.608148,-0.095112,0.141686,0.034703,9.613756,0.177996,0.066100,0.117341
7.119767,1.263000,0.029000,1.577000,1.297641,-0.035880,1.717802,1.277895,-0.026994,1.681632,0.011094,0.012044,-0.041317,0.999012,0.023428,-0.026997,0.053308,0.000522,-0.000818,0.002508,0.000334,-0.000235,0.000159,17,0.107034,-0.029000,9.727513,-0.236147,0.113074,-0.014769,9.729557,0.272304,0.158854,0.119603
7.136412,1.264000,0.028000,1.576000,1.214292,-0.046046,1.666638,1.275387,-0.028356,1.682031,0.010254,0.011754,-0.040578,0.999055,0.025162,-0.028201,0.051163,0.000553,-0.000802,0.002523,0.000312,-0.000182,0.000148,17,0.129941,0.244174,9.705819,-0.108770,-0.021703,-0.032197,9.712740,0.144797,0.127158,0.120616
7.153058,1.264000,0.028000,1.576000,1.287554,-0.025176,1.669882,1.276388,-0.028716,1.682448,0.008655,0.011105,-0.040359,0.999086,0.029583,-0.035461,0.048050,0.000546,-0.000805,0.002538,0.000316,-0.000192,0.000150,17,0.024466,-0.259866,9.656046,-0.188701,-0.088514,0.044569,9.659920,0.217559,0.110437,0.121249
7.169693,1.265000,0.029000,1.575000,1.309925,-0.040438,1.701949,1.278347,-0.029840,1.683753,0.006346,0.010679,-0.040126,0.999117,0.032985,-0.038814,0.049911,0.000528,-0.000800,0.002520,0.000307,-0.000220,0.000149,16,-0.136202,-0.012882,9.893910,-0.293343,-0.075960,0.021783,9.896219,0.311570,0.151512,0.124369
7.186231,1.265000,0.028000,1.575000,1.224386,-0.066450,1.618277,1.276464,-0.032331,1.682521,0.005362,0.008917,-0.039126,0.999180,0.033101,-0.039822,0.048403,0.000550,-0.000770,0.002595,0.000266,-0.000179,0.000137,17,0.005786,0.235522,9.845991,-0.129925,-0.204671,-0.013836,9.853756,0.256726,0.111549,0.123822
7.219580,1.265000,0.026000,1.575000,1.253102,-0.059056,1.640593,1.276446,-0.034906,1.682806,0.002231,0.006914,-0.038513,0.999232,0.031947,-0.033780,0.051581,0.000559,-0.000749,0.002648,0.000236,-0.000162,0.000129,34,-0.156561,0.318017,9.945634,-0.188283,-0.127808,-0.006181,9.954056,0.247840,0.108067,0.124349
7.236149,1.265000,0.027000,1.575000,1.278974,0.004468,1.659268,1.277054,-0.033339,1.682902,0.002444,0.005852,-0.039211,0.999211,0.031225,-0.026094,0.054875,0.000561,-0.000776,0.002674,0.000276,-0.000161,0.000139,16,-0.206427,0.320891,10.062893,0.046628,-0.133799,0.023378,10.072642,0.160513,0.088341,0.124213
7.252764,1.265000,0.027000,1.574000,1.211518,-0.061552,1.646957,1.274475,-0.035195,1.682651,0.002171,0.005024,-0.038319,0.999251,0.026393,-0.025000,0.056624,0.000594,-0.000751,0.002716,0.000243,-0.000108,0.000131,17,-0.123736,0.250459,9.985321,-0.045961,-0.088263,0.021545,9.994030,0.119479,0.126588,0.125551
7.269387,1.266000,0.026000,1.574000,1.306881,-0.029546,1.655988,1.276459,-0.035276,1.682688,0.001233,0.004425,-0.038338,0.999254,0.029269,-0.018652,0.056468,0.000574,-0.000756,0.002751,0.000250,-0.000136,0.000132,17,-0.095679,0.417528,9.861296,-0.105391,-0.087081,0.008880,9.873317,0.142663,0.107139,0.125209
7.286084,1.266000,0.026000,1.574000,1.258505,-0.009321,1.652335,1.276095,-0.034245,1.682625,0.000388,0.003764,-0.038964,0.999233,0.026369,-0.014915,0.051568,0.000585,-0.000771,0.002784,0.000274,-0.000120,0.000138,17,-0.183297,0.107559,9.567451,-0.092576,-0.079503,-0.013982,9.571035,0.127807,0.086256,0.124623
7.302642,1.266000,0.026000,1.574000,1.256370,-0.018467,1.647228,1.275630,-0.033684,1.682328,0.001093,0.003186,-0.039175,0.999227,0.024287,-0.011801,0.046850,0.000596,-0.000780,0.002824,0.000287,-0.000103,0.000141,17,-0.117085,0.121958,9.591019,0.091985,-0.060894,0.007909,9.594086,0.122469,0.086211,0.124056
7.319272,1.266000,0.026000,1.574000,1.267527,-0.051890,1.696812,1.275579,-0.034715,1.683483,0.001794,0.002874,-0.038512,0.999252,0.021457,-0.006686,0.045767,0.000600,-0.000768,0.002809,0.000270,-0.000096,0.000137,16,-0.230230,0.430485,9.711309,0.084287,-0.033727,0.038854,9.725555,0.116143,0.145437,0.125557
7.335864,1.267000,0.026000,1.574000,1.231693,-0.037070,1.653715,1.273878,-0.034938,1.683267,0.001943,0.003200,-0.038725,0.999243,0.015470,-0.005296,0.042601,0.000623,-0.000763,0.002842,0.000264,-0.000061,0.000136,17,-0.241474,0.113845,9.671968,0.013395,0.050534,-0.031874,9.676018,0.078616,0.107605,0.125300
7.352521,1.267000,0.026000,1.574000,1.274719,-0.022947,1.620462,1.274249,-0.034478,1.681979,0.002715,0.003484,-0.038996,0.999230,0.017803,-0.000494,0.040831,0.000620,-0.000768,0.002915,0.000273,-0.000063,0.000138,17,0.035403,0.290771,9.820569,0.095305,0.038049,-0.013139,9.826957,0.114815,0.067927,0.123974
7.369155,1.267000,0.027000,1.573000,1.295210,-0.042659,1.704898,1.275482,-0.034810,1.683328,0.004429,0.003816,-0.038359,0.999247,0.020096,0.008727,0.040805,0.000609,-0.000764,0.002892,0.000267,-0.000080,0.000136,17,-0.062026,0.659529,9.766113,0.203174,0.042709,0.060524,9.789573,0.224056,0.151807,0.126747
7.385769,1.267000,0.027000,1.573000,1.251125,-0.019758,1.639817,1.274744,-0.033952,1.682614,0.004578,0.003241,-0.038366,0.999248,0.021331,0.009631,0.038246,0.000621,-0.000771,0.002940,0.000278,-0.000060,0.000139,16,0.111360,0.091402,9.733084,0.027608,-0.065105,0.029191,9.739135,0.104234,0.083084,0.125660
7.402326,1.267000,0.026000,1.573000,1.277038,-0.048397,1.686908,1.275154,-0.034546,1.683317,0.004545,0.003275,-0.038274,0.999252,0.019772,0.006444,0.037172,0.000619,-0.000761,0.002937,0.000265,-0.000063,0.000136,17,-0.164265,-0.053382,9.729072,-0.009500,-0.000931,-0.020256,9.731683,0.104263,0.136421,0.126104
7.419023,1.267000,0.026000,1.573000,1.288158,-0.001109,1.675978,1.276048,-0.032800,1.683695,0.003853,0.003336,-0.038434,0.999248,0.018618,0.009606,0.038235,0.000614,-0.000784,0.002945,0.000296,-0.000071,0.000142,17,-0.197117,0.090650,9.882969,-0.075356,0.001692,0.045857,9.888794,0.106954,0.108568,0.125669
7.435638,1.267000,0.027000,1.573000,1.239526,-0.053614,1.673558,1.274680,-0.033668,1.684024,0.003298,0.003338,-0.038063,0.999264,0.016369,0.011617,0.041727,0.000633,-0.000768,0.002956,0.000274,-0.000043,0.000138,17,-0.065506,0.294476,10.037911,-0.076743,0.005298,0.004145,10.044933,0.095154,0.131778,0.126751
7.452274,1.267000,0.027000,1.573000,1.254795,-0.049352,1.746663,1.273919,-0.034144,1.686603,0.004509,0.003325,-0.038259,0.999252,0.014374,0.014890,0.044584,0.000647,-0.000759,0.002884,0.000261,-0.000026,0.000136,16,-0.112903,0.349737,9.865068,0.149004,0.009479,-0.048202,9.872864,0.168213,0.190098,0.129198
7.468835,1.267000,0.027000,1.572000,1.260529,0.001359,1.624681,1.273589,-0.032211,1.685418,0.005449,0.003009,-0.038512,0.999239,0.012086,0.017093,0.044435,0.000653,-0.000779,0.002953,0.000291,-0.000015,0.000142,17,-0.149239,0.067716,9.925275,0.135205,-0.031932,0.035997,9.929394,0.155084,0.058946,0.128113
7.485545,1.267000,0.027000,1.573000,1.267909,-0.042956,1.689129,1.273520,-0.032494,1.686232,0.004895,0.003203,-0.038006,0.999260,0.012702,0.011886,0.045677,0.000656,-0.000772,0.002950,0.000280,-0.000011,0.000140,17,0.015284,-0.148271,9.882118,-0.066175,0.019246,0.039321,9.886360,0.115428,0.135575,0.128077
7.502197,1.267000,0.028000,1.572000,1.292640,-0.018790,1.673579,1.274598,-0.031690,1.686566,0.003865,0.003032,-0.038548,0.999245,0.012673,0.008591,0.045867,0.000646,-0.000781,0.002966,0.000293,-0.000025,0.000142,17,-0.128922,-0.194966,9.849147,-0.119729,-0.030315,-0.041153,9.852488,0.141847,0.114739,0.129406
7.518779,1.268000,0.031000,1.571000,1.251826,-0.020189,1.622919,1.273828,-0.031074,1.685346,0.003412,0.002560,-0.038825,0.999237,0.008485,0.007058,0.042315,0.000655,-0.000785,0.003037,0.000300,-0.000009,0.000143,17,-0.209496,-0.085917,9.716238,-0.049808,-0.052491,-0.021759,9.719767,0.088843,0.074682,0.130239
7.535374,1.267000,0.029000,1.571000,1.304577,-0.029893,1.648726,1.275389,-0.030988,1.684806,0.003333,0.002309,-0.038674,0.999244,0.010146,0.005312,0.035855,0.000636,-0.000785,0.003082,0.000302,-0.000034,0.000144,16,-0.078354,-0.050529,9.477230,-0.008380,-0.041635,0.019614,9.478915,0.091855,0.104507,0.128921
7.552013,1.267000,0.031000,1.571000,1.245126,-0.030770,1.618915,1.274230,-0.030946,1.683306,0.004333,0.002110,-0.038917,0.999231,0.005987,0.007496,0.027426,0.000649,-0.000781,0.003157,0.000298,-0.000013,0.000143,17,-0.193998,0.192189,9.413504,0.122166,-0.012650,-0.034409,9.418745,0.145112,0.081178,0.128461
7.568602,1.267000,0.031000,1.570000,1.272374,-0.039863,1.691944,1.274245,-0.031250,1.683963,0.006035,0.001761,-0.038829,0.999226,0.007063,0.007249,0.024807,0.000650,-0.000775,0.003148,0.000290,-0.000012,0.000141,17,0.035711,0.134463,9.622182,0.210271,-0.036757,-0.002929,9.624154,0.225015,0.141141,0.130058
7.585359,1.267000,0.030000,1.570000,1.293653,-0.016942,1.685751,1.275197,-0.030465,1.684390,0.007053,0.002549,-0.038853,0.999217,0.004824,0.005402,0.022339,0.000640,-0.000785,0.003146,0.000304,-0.000026,0.000144,17,-0.249642,-0.071614,9.659843,0.125103,0.094360,0.017791,9.664636,0.171463,0.127719,0.129647
7.601853,1.266000,0.030000,1.569000,1.294194,-0.034777,1.656517,1.276164,-0.030648,1.683862,0.007985,0.003038,-0.038883,0.999207,0.005567,0.005229,0.022552,0.000628,-0.000781,0.003181,0.000300,-0.000042,0.000143,16,-0.102510,0.158463,9.879069,0.115468,0.063057,-0.011873,9.883638,0.145384,0.112473,0.130287
7.618459,1.266000,0.030000,1.569000,1.253472,-0.025588,1.659133,1.275253,-0.030299,1.683486,0.009500,0.003679,-0.038833,0.999194,0.004974,0.008736,0.024796,0.000639,-0.000783,0.003207,0.000302,-0.000025,0.000143,17,-0.044757,0.372005,9.992573,0.180706,0.097071,0.008580,10.002200,0.226078,0.106634,0.129725
7.635155,1.266000,0.031000,1.568000,1.282235,0.020918,1.629283,1.275708,-0.027774,1.682273,0.009999,0.004794,-0.039244,0.999168,0.003129,0.005451,0.025235,0.000635,-0.000816,0.003266,0.000346,-0.000029,0.000149,17,-0.195478,-0.238670,9.953337,0.077854,0.138670,0.003852,9.964005,0.209033,0.064194,0.128868
7.651811,1.266000,0.030000,1.569000,1.235319,-0.000964,1.685783,1.273931,-0.026403,1.682848,0.009273,0.005784,-0.039796,0.999148,0.000403,0.004399,0.030140,0.000660,-0.000833,0.003257,0.000368,0.000004,0.000151,17,-0.097103,-0.024593,10.090095,-0.088415,0.130987,-0.049759,10.093388,0.180055,0.124653,0.127301
7.668433,1.265000,0.031000,1.568000,1.246425,-0.046376,1.617644,1.272780,-0.027345,1.681379,0.009757,0.007167,-0.039345,0.999152,0.000573,0.004214,0.033888,0.000670,-0.000815,0.003332,0.000346,0.000021,0.000147,17,-0.029897,0.289898,10.158887,0.043486,0.174633,0.016304,10.164177,0.197483,0.093790,0.127748
7.684958,1.265000,0.031000,1.568000,1.253876,-0.031788,1.642394,1.272007,-0.027569,1.680725,0.009788,0.007339,-0.038605,0.999180,0.001957,-0.003059,0.033345,0.000678,-0.000810,0.003376,0.000340,0.000033,0.000146,16,0.045070,-0.228395,9.862365,0.001073,0.027747,0.081913,9.867277,0.131844,0.097983,0.127226
7.701623,1.265000,0.030000,1.568000,1.298367,-0.023597,1.589669,1.273344,-0.027569,1.678459,0.008791,0.006709,-0.038941,0.999180,0.006012,-0.005155,0.031811,0.000659,-0.000809,0.003482,0.000342,0.000011,0.000147,17,-0.012452,0.031798,9.894763,-0.118873,-0.090247,-0.036577,9.897299,0.158188,0.066749,0.124840
7.718304,1.265000,0.032000,1.568000,1.271616,-0.007909,1.633338,1.273428,-0.026727,1.677619,0.008199,0.005966,-0.039248,0.999178,0.008223,-0.001052,0.033080,0.000658,-0.000820,0.003532,0.000358,0.000012,0.000149,17,-0.018028,0.330645,9.969314,-0.063282,-0.094246,-0.021148,9.976673,0.151934,0.076847,0.124645
7.734883,1.266000,0.034000,1.568000,1.312383,-0.046504,1.692663,1.275270,-0.027703,1.678581,0.008133,0.005442,-0.038473,0.999212,0.010031,-0.003654,0.033761,0.000636,-0.000808,0.003520,0.000343,-0.000018,0.000147,17,-0.164418,0.092894,9.831372,-0.009466,-0.075883,0.081055,9.834938,0.130384,0.155477,0.126970
7.751513,1.264000,0.030000,1.568000,1.278446,-0.008241,1.707384,1.275538,-0.026835,1.679987,0.007497,0.005416,-0.038731,0.999207,0.011728,-0.005045,0.035422,0.000637,-0.000823,0.003487,0.000361,-0.000017,0.000149,16,0.003489,-0.038996,9.859447,-0.074044,-0.007076,-0.016794,9.866377,0.101983,0.145255,0.126112
7.768095,1.264000,0.031000,1.567000,1.225959,-0.021604,1.686814,1.273517,-0.026611,1.680775,0.006968,0.004849,-0.039048,0.999201,0.012223,-0.001784,0.035478,0.000666,-0.000826,0.003475,0.000363,0.000020,0.000149,17,0.122914,0.329108,9.796017,-0.062012,-0.058689,-0.041382,9.803424,0.106970,0.136271,0.127884
7.784792,1.265000,0.034000,1.567000,1.228845,0.006157,1.600888,1.271802,-0.025119,1.678951,0.006499,0.004476,-0.039189,0.999201,0.007754,0.002012,0.032119,0.000688,-0.000843,0.003561,0.000386,0.000052,0.000151,17,-0.188324,0.213182,9.751241,-0.045564,-0.035552,0.001053,9.757503,0.080206,0.056840,0.126784
7.801375,1.264000,0.032000,1.566000,1.302719,-0.022904,1.678858,1.273326,-0.024969,1.679413,0.007575,0.004186,-0.039409,0.999186,0.013634,0.004738,0.028160,0.000671,-0.000845,0.003564,0.000390,0.000030,0.000152,17,0.121028,0.306044,9.570679,0.130826,-0.037672,-0.017220,9.578023,0.161173,0.131341,0.127260
7.817955,1.264000,0.032000,1.566000,1.239279,-0.032351,1.646174,1.272027,-0.025281,1.678794,0.008968,0.004140,-0.039300,0.999179,0.007727,0.001834,0.020418,0.000688,-0.000838,0.003600,0.000381,0.000053,0.000150,16,-0.298881,-0.009923,9.379084,0.176207,0.008569,0.000900,9.385475,0.184955,0.105736,0.126760
7.834594,1.264000,0.032000,1.566000,1.268625,0.006242,1.652059,1.272011,-0.023809,1.678282,0.009626,0.005196,-0.039036,0.999178,0.005018,-0.001826,0.014846,0.000690,-0.000858,0.003628,0.000406,0.000057,0.000153,17,-0.225241,-0.215247,9.508319,0.090084,0.135575,0.055557,9.513713,0.184037,0.089950,0.125642
7.851275,1.263000,0.032000,1.565000,1.236984,-0.021191,1.614262,1.270605,-0.023771,1.676563,0.008790,0.006189,-0.039031,0.999180,0.005248,-0.003174,0.007562,0.000706,-0.000856,0.003697,0.000405,0.000080,0.000152,17,0.033660,0.089039,9.487318,-0.106596,0.123470,-0.007226,9.490690,0.195821,0.077025,0.124958
7.867864,1.264000,0.034000,1.564000,1.245100,-0.010418,1.646555,1.269628,-0.023262,1.675742,0.007022,0.006077,-0.039346,0.999182,0.007643,-0.009510,-0.000384,0.000720,-0.000863,0.003728,0.000414,0.000098,0.000153,17,0.170700,-0.284971,9.378876,-0.208277,-0.009492,-0.033855,9.385682,0.226732,0.095631,0.125686
7.884473,1.264000,0.033000,1.564000,1.226703,-0.035589,1.658302,1.267864,-0.024064,1.675207,0.005133,0.004797,-0.039229,0.999206,0.005510,-0.015222,-0.001298,0.000743,-0.000852,0.003745,0.000401,0.000127,0.000150,17,-0.040622,-0.168847,9.781524,-0.226501,-0.151645,-0.007779,9.785255,0.277215,0.122427,0.125053
7.901075,1.264000,0.033000,1.563000,1.292329,0.009262,1.659321,1.269012,-0.022723,1.674746,0.005651,0.004542,-0.039759,0.999183,0.002555,-0.010491,0.003861,0.000730,-0.000876,0.003763,0.000429,0.000112,0.000155,16,-0.404754,0.207381,10.161453,0.076475,-0.035673,-0.025029,10.174032,0.196353,0.103169,0.124970
7.917676,1.264000,0.034000,1.563000,1.246518,-0.052473,1.654189,1.268046,-0.024292,1.674240,0.007343,0.003847,-0.039044,0.999203,-0.002699,-0.008754,0.011034,0.000740,-0.000853,0.003787,0.000403,0.000125,0.000151,17,-0.337093,0.381787,10.298538,0.210196,-0.075029,0.054147,10.312707,0.258483,0.126881,0.125653
7.934381,1.263000,0.034000,1.562000,1.248063,-0.013233,1.695122,1.267054,-0.023848,1.675131,0.007777,0.004405,-0.038817,0.999206,-0.006780,-0.005382,0.019781,0.000753,-0.000862,0.003761,0.000412,0.000141,0.000152,17,-0.270328,0.286797,10.299624,0.056025,0.078478,0.040571,10.309434,0.109853,0.142041,0.127127
7.951009,1.262000,0.032000,1.562000,1.263431,-0.011794,1.607630,1.266874,-0.023411,1.673463,0.008094,0.005820,-0.039354,0.999176,-0.005709,-0.002936,0.024319,0.000752,-0.000867,0.003836,0.000419,0.000142,0.000153,17,-0.047360,0.268575,10.211974,0.033768,0.171321,-0.057122,10.215883,0.194051,0.063262,0.124571
7.967602,1.263000,0.033000,1.562000,1.248439,-0.019791,1.631500,1.266023,-0.023335,1.672621,0.009071,0.006534,-0.039212,0.999168,-0.005808,-0.005342,0.029060,0.000760,-0.000867,0.003883,0.000420,0.000154,0.000153,16,-0.052054,0.008484,10.196585,0.120221,0.100777,0.017908,10.196882,0.176403,0.088483,0.124176
7.984176,1.262000,0.034000,1.562000,1.256968,-0.026740,1.678777,1.265535,-0.023621,1.673307,0.008342,0.006402,-0.038742,0.999194,-0.006441,-0.012143,0.034866,0.000765,-0.000864,0.003876,0.000417,0.000160,0.000153,17,-0.098799,-0.223984,10.167259,-0.084708,-0.016638,0.056549,10.172372,0.135582,0.131726,0.125388
8.000880,1.263000,0.034000,1.562000,1.248322,-0.010645,1.671019,1.264663,-0.023157,1.673838,0.008617,0.006114,-0.039340,0.999170,-0.007630,-0.005733,0.040187,0.000776,-0.000873,0.003877,0.000427,0.000173,0.000154,17,-0.168290,0.475410,10.125651,0.032235,-0.029724,-0.059685,10.144119,0.107515,0.118717,0.125608
8.017511,1.263000,0.035000,1.562000,1.259180,-0.001091,1.719147,1.264236,-0.022133,1.675870,0.008999,0.005930,-0.039368,0.999167,-0.010525,-0.005784,0.041090,0.000782,-0.000890,0.003824,0.000446,0.000179,0.000157,17,-0.254225,0.051872,9.784391,0.053909,-0.017415,0.020351,9.792710,0.083619,0.161283,0.127405
8.034119,1.263000,0.036000,1.562000,1.280950,-0.022068,1.659537,1.264857,-0.022302,1.676007,0.009398,0.005129,-0.039194,0.999174,-0.006079,-0.011854,0.038302,0.000772,-0.000890,0.003845,0.000447,0.000167,0.000157,17,0.105499,-0.176044,9.682202,0.054002,-0.098728,0.024251,9.685866,0.138594,0.114924,0.128063
8.050680,1.262000,0.037000,1.561000,1.277405,-0.024650,1.640797,1.265353,-0.022631,1.675491,0.009818,0.004400,-0.039339,0.999168,-0.007823,-0.013096,0.033696,0.000763,-0.000887,0.003886,0.000445,0.000157,0.000157,16,-0.264662,0.105411,9.588246,0.056508,-0.094356,-0.018929,9.595403,0.137570,0.102008,0.129132
8.067314,1.261000,0.034000,1.561000,1.261616,-0.005196,1.626879,1.265082,-0.022087,1.674524,0.009435,0.004134,-0.039197,0.999178,-0.013268,-0.016242,0.026567,0.000763,-0.000897,0.003940,0.000457,0.000159,0.000158,17,-0.396624,-0.122555,9.469814,-0.039765,-0.032746,0.025611,9.479800,0.090543,0.076660,0.126689
8.083955,1.262000,0.037000,1.561000,1.280102,-0.036665,1.640649,1.265587,-0.023101,1.673869,0.008095,0.003518,-0.039073,0.999197,-0.009490,-0.018402,0.022445,0.000751,-0.000886,0.003981,0.000445,0.000146,0.000157,17,0.069387,0.113652,9.622223,-0.165630,-0.088533,0.007258,9.628331,0.197989,0.109991,0.127923
8.100612,1.261000,0.034000,1.561000,1.254100,-0.000370,1.618555,1.265022,-0.022332,1.672551,0.007259,0.002002,-0.039471,0.999192,-0.007993,-0.012135,0.016430,0.000756,-0.000899,0.004041,0.000461,0.000153,0.000159,17,0.048861,0.428348,9.544611,-0.088189,-0.181903,-0.037021,9.555263,0.211220,0.067391,0.125032
8.117224,1.261000,0.034000,1.560000,1.253949,-0.002883,1.682042,1.264397,-0.021564,1.673102,0.007715,-0.000285,-0.039757,0.999180,-0.010473,-0.011800,0.016620,0.000764,-0.000913,0.004029,0.000477,0.000163,0.000160,16,-0.119727,0.061539,9.799848,0.074756,-0.284353,-0.024051,9.804472,0.305730,0.127689,0.126060
8.133780,1.261000,0.035000,1.559000,1.253548,0.010033,1.576524,1.263829,-0.020353,1.670458,0.009183,-0.001533,-0.040078,0.999153,-0.017079,-0.012471,0.011750,0.000766,-0.000931,0.004135,0.000499,0.000168,0.000162,17,-0.365093,-0.055840,9.695987,0.199270,-0.152080,-0.026497,9.704239,0.257934,0.031400,0.124478
8.150480,1.261000,0.036000,1.558000,1.236365,-0.028369,1.540949,1.262496,-0.021103,1.666736,0.010851,-0.001981,-0.039773,0.999148,-0.022403,-0.019253,0.007207,0.000774,-0.000918,0.004279,0.000488,0.000182,0.000161,17,-0.177490,-0.173620,9.784444,0.207926,-0.042427,0.027015,9.788815,0.222656,0.071000,0.122827
8.167098,1.260000,0.035000,1.559000,1.274323,-0.017441,1.628238,1.262683,-0.021340,1.665666,0.011246,-0.001754,-0.039499,0.999155,-0.026367,-0.027793,0.004098,0.000764,-0.000919,0.004324,0.000490,0.000172,0.000161,17,-0.229897,-0.333029,9.706410,0.048377,0.026929,0.036118,9.716421,0.081632,0.088028,0.120661
8.183728,1.259000,0.035000,1.558000,1.262734,-0.023912,1.662474,1.262233,-0.021904,1.665637,0.010781,-0.001623,-0.039774,0.999149,-0.030990,-0.027784,0.003821,0.000764,-0.000918,0.004328,0.000489,0.000171,0.000161,17,-0.255694,0.202227,9.800118,-0.055622,0.012130,-0.033975,9.806843,0.088078,0.119997,0.121796
8.200301,1.260000,0.038000,1.557000,1.236410,-0.015159,1.588039,1.260721,-0.022064,1.663387,0.010174,-0.001558,-0.039656,0.999160,-0.031579,-0.026907,0.003540,0.000774,-0.000918,0.004413,0.000491,0.000186,0.000161,16,0.076391,0.245601,9.939608,-0.075603,0.011288,0.017842,9.943693,0.105614,0.065922,0.122173
8.216944,1.259000,0.035000,1.556000,1.242788,-0.020713,1.593098,1.259532,-0.022475,1.661335,0.010300,-0.002068,-0.039252,0.999174,-0.032922,-0.026363,0.002624,0.000781,-0.000915,0.004491,0.000489,0.000195,0.000161,17,0.004225,0.225104,9.882429,0.015737,-0.061493,0.050116,9.886758,0.100076,0.068870,0.119996
8.233678,1.258000,0.036000,1.556000,1.285397,0.008053,1.631559,1.260169,-0.021529,1.660498,0.009186,-0.002062,-0.039161,0.999189,-0.036370,-0.030309,0.000641,0.000765,-0.000937,0.004524,0.000514,0.000179,0.000163,17,-0.258138,-0.216375,9.758999,-0.123299,-0.009906,0.029294,9.766134,0.137167,0.085093,0.119307
8.250242,1.258000,0.036000,1.555000,1.252156,-0.014986,1.638023,1.259237,-0.021740,1.659800,0.008452,-0.002308,-0.039338,0.999188,-0.040284,-0.033929,-0.004636,0.000768,-0.000941,0.004548,0.000518,0.000183,0.000164,17,-0.159778,-0.097365,9.533008,-0.086758,-0.032186,-0.018313,9.535964,0.099916,0.097604,0.119660
8.266790,1.256000,0.034000,1.554000,1.244276,-0.022265,1.589443,1.258032,-0.022388,1.657570,0.007117,-0.001928,-0.038831,0.999219,-0.043768,-0.038038,-0.012318,0.000773,-0.000937,0.004626,0.000516,0.000190,0.000164,16,-0.116734,-0.112667,9.464523,-0.171312,0.045011,0.063424,9.469302,0.191109,0.067524,0.117943
8.283467,1.256000,0.035000,1.553000,1.227431,-0.000797,1.588517,1.256103,-0.021999,1.655298,0.005410,-0.001892,-0.038923,0.999226,-0.045238,-0.034123,-0.017614,0.000787,-0.000949,0.004700,0.000529,0.000209,0.000165,17,0.048681,0.271134,9.601565,-0.206687,0.007416,0.004546,9.607151,0.213702,0.057958,0.117106
8.300086,1.255000,0.036000,1.552000,1.256613,-0.008416,1.623984,1.255450,-0.021874,1.654062,0.003719,-0.001649,-0.039053,0.999229,-0.047263,-0.029520,-0.020353,0.000786,-0.000957,0.004734,0.000539,0.000208,0.000166,17,-0.117529,0.311347,9.695944,-0.207845,0.019761,-0.007213,9.704231,0.210820,0.084600,0.117330
8.316761,1.254000,0.035000,1.551000,1.227815,-0.011032,1.602990,1.253509,-0.021893,1.652223,0.002552,-0.000326,-0.038798,0.999244,-0.055228,-0.031697,-0.022059,0.000799,-0.000962,0.004789,0.000545,0.000224,0.000167,17,-0.343015,-0.141113,9.805220,-0.146886,0.160877,0.037656,9.813386,0.227884,0.074213,0.116117
8.333310,1.254000,0.038000,1.550000,1.227126,-0.020603,1.556684,1.251607,-0.022439,1.649001,0.001915,0.000792,-0.038608,0.999252,-0.059134,-0.036114,-0.028537,0.000809,-0.000957,0.004894,0.000542,0.000238,0.000167,16,-0.142911,-0.242095,9.586578,-0.087590,0.147172,0.023190,9.592728,0.191772,0.064816,0.116016
8.349904,1.253000,0.035000,1.550000,1.252330,-0.015697,1.614578,1.250747,-0.022737,1.647470,0.000440,0.001737,-0.038785,0.999246,-0.061971,-0.037947,-0.036769,0.000806,-0.000961,0.004932,0.000547,0.000236,0.000168,17,-0.204894,-0.153926,9.361616,-0.185569,0.110257,-0.015340,9.368116,0.218762,0.082103,0.113310
8.366561,1.252000,0.035000,1.549000,1.239622,-0.000067,1.599097,1.249369,-0.022292,1.645447,-0.000994,0.002610,-0.039211,0.999227,-0.061103,-0.033268,-0.038694,0.000811,-0.000975,0.004983,0.000562,0.000243,0.000170,17,0.036661,0.173328,9.771351,-0.176742,0.103621,-0.031297,9.775974,0.210236,0.062390,0.112211
8.383211,1.250000,0.036000,1.548000,1.236522,-0.001334,1.594163,1.247899,-0.021815,1.643308,-0.001669,0.003009,-0.039192,0.999226,-0.063014,-0.025161,-0.040482,0.000816,-0.000987,0.005038,0.000576,0.000250,0.000172,17,-0.160191,0.375817,9.797789,-0.080559,0.051341,0.019729,9.807086,0.153596,0.060881,0.111492
8.399824,1.250000,0.037000,1.546000,1.271344,-0.003448,1.658160,1.247903,-0.021324,1.643085,-0.003674,0.004543,-0.038983,0.999223,-0.065736,-0.026249,-0.042508,0.000803,-0.001003,0.005021,0.000592,0.000236,0.000175,17,-0.316617,-0.225468,9.657253,-0.243543,0.169359,0.043706,9.667359,0.310943,0.121126,0.113277
8.416425,1.249000,0.036000,1.545000,1.211614,-0.006206,1.592416,1.245342,-0.021070,1.640923,-0.006052,0.006049,-0.039025,0.999202,-0.070675,-0.026063,-0.045097,0.000822,-0.001010,0.005073,0.000600,0.000258,0.000176,16,-0.258780,-0.168887,9.738091,-0.304141,0.187835,0.006251,9.744256,0.366873,0.073670,0.111677
8.433022,1.247000,0.036000,1.544000,1.220689,-0.016734,1.615405,1.243187,-0.021266,1.639462,-0.007630,0.007927,-0.039096,0.999175,-0.071760,-0.023462,-0.045870,0.000835,-0.001012,0.005099,0.000602,0.000272,0.000176,17,-0.120471,0.007742,9.809927,-0.206859,0.229956,-0.005265,9.811769,0.314490,0.092584,0.111386
8.449715,1.246000,0.037000,1.543000,1.232065,-0.009255,1.590903,1.241656,-0.021090,1.637275,-0.008339,0.009782,-0.039255,0.999147,-0.068960,-0.018981,-0.049147,0.000839,-0.001018,0.005151,0.000609,0.000278,0.000177,17,0.025910,0.076073,9.710908,-0.094917,0.223214,-0.007243,9.712417,0.249951,0.068033,0.110820
8.466309,1.246000,0.038000,1.541000,1.244171,-0.041758,1.578969,1.240752,-0.022469,1.634695,-0.009739,0.011006,-0.039065,0.999129,-0.067322,-0.022001,-0.054229,0.000832,-0.001000,0.005217,0.000592,0.000273,0.000174,17,-0.111424,-0.250061,9.609473,-0.179932,0.140568,-0.005181,9.614497,0.249573,0.088353,0.111637
8.482941,1.245000,0.038000,1.540000,1.280842,0.015281,1.678551,1.241470,-0.020914,1.635170,-0.011318,0.012133,-0.039406,0.999086,-0.064975,-0.015963,-0.053899,0.000812,-0.001031,0.005168,0.000624,0.000250,0.000180,16,-0.254852,-0.036543,9.743416,-0.194244,0.124799,0.000015,9.747733,0.247176,0.144904,0.111985
8.499547,1.244000,0.040000,1.539000,1.225471,-0.022660,1.603467,1.239802,-0.021296,1.633396,-0.013355,0.013244,-0.038878,0.999067,-0.065927,-0.016458,-0.054175,0.000819,-0.001028,0.005202,0.000621,0.000259,0.000179,17,-0.231151,-0.263669,9.841056,-0.253751,0.131641,0.059033,9.849065,0.305054,0.091791,0.112629
8.516234,1.243000,0.040000,1.537000,1.214092,0.010799,1.593690,1.237728,-0.020037,1.631393,-0.016459,0.013764,-0.039202,0.999001,-0.062704,-0.007226,-0.054166,0.000833,-0.001049,0.005241,0.000642,0.000275,0.000182,17,-0.001204,0.138806,9.894465,-0.372357,0.062128,-0.012600,9.897222,0.394637,0.070015,0.111992
8.532828,1.243000,0.042000,1.536000,1.198584,0.002981,1.533349,1.235149,-0.019099,1.627622,-0.019348,0.013702,-0.039524,0.998937,-0.059921,0.006998,-0.055887,0.000852,-0.001059,0.005346,0.000653,0.000298,0.000184,17,-0.002107,0.434080,9.911188,-0.349042,-0.007576,-0.029315,9.921271,0.354438,0.059181,0.110406
8.549480,1.242000,0.044000,1.535000,1.259715,-0.048816,1.644770,1.235260,-0.020284,1.627223,-0.021934,0.013591,-0.039318,0.998894,-0.057030,0.016446,-0.054395,0.000836,-0.001039,0.005329,0.000634,0.000281,0.000181,17,-0.235391,0.296291,9.889658,-0.319573,-0.031300,-0.010218,9.898652,0.326575,0.144838,0.112619
8.566026,1.241000,0.044000,1.534000,1.242590,0.009950,1.586460,1.234813,-0.018593,1.625157,-0.023364,0.013307,-0.039371,0.998863,-0.051082,0.027050,-0.054545,0.000831,-0.001058,0.005374,0.000654,0.000276,0.000184,16,0.040686,0.097836,9.898393,-0.170012,-0.045269,0.020484,9.900132,0.188376,0.062562,0.110751
8.582705,1.240000,0.045000,1.533000,1.201713,-0.019875,1.534910,1.232646,-0.018335,1.621616,-0.023800,0.013499,-0.039209,0.998856,-0.051851,0.031564,-0.055899,0.000845,-0.001051,0.005471,0.000648,0.000294,0.000182,17,-0.192707,-0.161741,9.900850,-0.057322,0.027150,0.005294,9.904747,0.083589,0.075354,0.109171
8.599355,1.239000,0.046000,1.532000,1.227533,0.020898,1.541922,1.231723,-0.016066,1.618330,-0.024587,0.013900,-0.039455,0.998822,-0.049453,0.039968,-0.060127,0.000846,-0.001075,0.005558,0.000673,0.000296,0.000187,17,-0.119936,-0.126976,9.712297,-0.088732,0.044771,0.006921,9.714634,0.125308,0.029327,0.106574
8.616001,1.240000,0.049000,1.530000,1.219960,0.008957,1.503144,1.230560,-0.014356,1.613882,-0.024555,0.014451,-0.039663,0.998807,-0.045071,0.051464,-0.066306,0.000847,-0.001086,0.005684,0.000686,0.000301,0.000188,17,-0.015516,0.134961,9.672824,0.007141,0.069817,-0.007757,9.676076,0.102697,0.052214,0.105543
8.632516,1.238000,0.050000,1.529000,1.207893,-0.013008,1.559467,1.228954,-0.013555,1.611213,-0.024617,0.014636,-0.039593,0.998805,-0.043240,0.056903,-0.072524,0.000858,-0.001082,0.005742,0.000684,0.000313,0.000187,16,-0.082619,-0.108777,9.528216,-0.008798,0.028811,-0.003919,9.530223,0.072291,0.076189,0.104307
8.649140,1.238000,0.053000,1.527000,1.244174,-0.007185,1.599540,1.228985,-0.012376,1.609709,-0.024386,0.014399,-0.039768,0.998808,-0.040248,0.062463,-0.073882,0.000848,-0.001086,0.005755,0.000688,0.000304,0.000189,17,-0.170827,-0.162645,9.744342,0.033000,-0.032039,-0.009024,9.748489,0.058702,0.094458,0.105812
8.665859,1.238000,0.056000,1.526000,1.245525,-0.011590,1.615715,1.229114,-0.011336,1.608721,-0.024532,0.013945,-0.039611,0.998817,-0.035932,0.066255,-0.072727,0.000838,-0.001087,0.005749,0.000688,0.000293,0.000190,17,-0.085876,-0.241324,9.870801,-0.014534,-0.060054,0.028662,9.874986,0.074761,0.112578,0.107032
8.682528,1.238000,0.061000,1.523000,1.234558,0.033548,1.533460,1.228886,-0.008233,1.605288,-0.025286,0.013298,-0.039481,0.998812,-0.034167,0.076871,-0.075307,0.000833,-0.001115,0.005830,0.000717,0.000290,0.000194,17,-0.214743,-0.037832,9.802366,-0.076669,-0.088117,0.044456,9.805151,0.130429,0.029578,0.107924
8.699068,1.238000,0.061000,1.523000,1.256466,0.018807,1.591032,1.229617,-0.005785,1.603703,-0.025785,0.012264,-0.039681,0.998804,-0.031037,0.086298,-0.074806,0.000817,-0.001134,0.005846,0.000736,0.000274,0.000198,16,-0.198862,-0.031656,9.883062,-0.052330,-0.142943,0.012348,9.885421,0.184707,0.082155,0.105088
8.715705,1.237000,0.065000,1.521000,1.230742,-0.017483,1.661829,1.229123,-0.004895,1.604310,-0.025555,0.011101,-0.039528,0.998830,-0.032858,0.089800,-0.071643,0.000818,-0.001128,0.005780,0.000729,0.000274,0.000198,17,-0.325442,-0.241771,9.890368,0.031085,-0.147690,0.009364,9.901461,0.167012,0.163326,0.109032
8.748942,1.237000,0.071000,1.518000,1.239970,0.047693,1.633726,1.228607,0.000785,1.602864,-0.025029,0.009323,-0.039349,0.998868,-0.029071,0.106036,-0.074758,0.000815,-0.001170,0.005740,0.000768,0.000270,0.000201,34,-0.119849,-0.129954,9.697371,0.044034,-0.109215,0.016159,9.700009,0.144705,0.118087,0.110465
8.782127,1.236000,0.078000,1.515000,1.290705,-0.010662,1.656336,1.230716,0.003661,1.602189,-0.026204,0.006860,-0.040020,0.998832,-0.020906,0.114453,-0.074215,0.000775,-0.001162,0.005677,0.000760,0.000229,0.000210,33,-0.058435,-0.202872,9.778588,-0.067524,-0.164205,0.004224,9.781945,0.187441,0.175583,0.114700
8.798764,1.236000,0.081000,1.514000,1.205742,0.024162,1.545196,1.229253,0.006440,1.599211,-0.026107,0.005124,-0.039388,0.998870,-0.022257,0.122306,-0.077335,0.000789,-0.001173,0.005743,0.000772,0.000245,0.000206,17,-0.116450,-0.114265,9.738226,0.021845,-0.208274,0.028306,9.741182,0.231953,0.071549,0.113427
8.832052,1.235000,0.090000,1.511000,1.211244,0.010520,1.530882,1.227672,0.010633,1.594527,-0.026062,0.002223,-0.039551,0.998875,-0.028651,0.142966,-0.075414,0.000797,-0.001169,0.005826,0.000768,0.000254,0.000204,34,-0.255498,0.080914,9.952412,0.011171,-0.171519,-0.022996,9.959589,0.207420,0.085304,0.115454
8.881915,1.235000,0.105000,1.505000,1.231127,0.041676,1.563966,1.226352,0.019558,1.589800,-0.021476,0.002152,-0.039335,0.998993,-0.035027,0.157906,-0.079375,0.000793,-0.001191,0.005861,0.000788,0.000251,0.000205,50,-0.180989,-0.218775,9.753880,0.188984,0.003524,0.010147,9.762338,0.205659,0.086614,0.120690
8.948411,1.233000,0.125000,1.499000,1.205247,0.053157,1.544950,1.222710,0.031861,1.583069,-0.019201,0.001750,-0.039177,0.999046,-0.047628,0.175916,-0.081852,0.000808,-0.001214,0.005919,0.000808,0.000266,0.000200,67,-0.194149,-0.163675,9.799614,0.073273,-0.006837,-0.011467,9.806039,0.149382,0.089683,0.125890
8.965102,1.233000,0.129000,1.497000,1.239762,0.057351,1.511337,1.223211,0.036209,1.579010,-0.017690,0.002888,-0.039407,0.999062,-0.045717,0.194256,-0.085195,0.000788,-0.001235,0.006028,0.000828,0.000250,0.000206,17,-0.126450,0.620055,9.812017,0.185060,0.139157,0.034772,9.833586,0.239898,0.073382,0.124224
8.981682,1.231000,0.134000,1.495000,1.212006,0.075359,1.472366,1.221998,0.041622,1.573629,-0.016018,0.003900,-0.038998,0.999103,-0.046416,0.203653,-0.087166,0.000792,-0.001267,0.006184,0.000857,0.000257,0.000204,17,-0.084921,0.032424,9.946638,0.212914,0.133740,0.016230,9.949056,0.259487,0.065665,0.121644
8.998256,1.231000,0.141000,1.493000,1.191894,0.064986,1.442866,1.219703,0.045893,1.567401,-0.015064,0.004796,-0.038194,0.999145,-0.048327,0.206364,-0.092685,0.000808,-0.001280,0.006374,0.000870,0.000276,0.000197,16,-0.052638,-0.230141,9.771474,0.124164,0.128617,0.020379,9.774776,0.189308,0.099101,0.121279
9.014859,1.230000,0.147000,1.492000,1.259556,0.075126,1.519562,1.221492,0.050767,1.564143,-0.014064,0.006006,-0.039401,0.999106,-0.042094,0.214605,-0.093181,0.000774,-0.001305,0.006444,0.000892,0.000246,0.000210,17,0.004983,0.068917,9.893113,0.125165,0.141338,-0.004648,9.895695,0.194945,0.082456,0.120573
9.048195,1.230000,0.159000,1.488000,1.263261,0.085497,1.531570,1.222870,0.059755,1.559958,-0.010446,0.007739,-0.040597,0.999091,-0.034869,0.224648,-0.091935,0.000738,-0.001334,0.006490,0.000916,0.000214,0.000225,34,-0.058037,-0.015382,9.894641,0.218062,0.105464,0.004936,9.897387,0.251410,0.091691,0.122794
9.064782,1.229000,0.166000,1.486000,1.212161,0.114135,1.521953,1.221741,0.066489,1.557117,-0.007756,0.007586,-0.039750,0.999151,-0.033836,0.232123,-0.095437,0.000746,-0.001385,0.006537,0.000959,0.000224,0.000218,16,-0.022199,-0.017702,9.678385,0.365275,0.000517,0.014432,9.679980,0.376580,0.065316,0.122526
9.081394,1.228000,0.169000,1.485000,1.203140,0.070068,1.517717,1.220218,0.070158,1.554193,-0.004968,0.006939,-0.039214,0.999194,-0.030772,0.235418,-0.096456,0.000758,-0.001382,0.006592,0.000958,0.000235,0.000212,17,0.134459,0.107615,9.840801,0.352893,-0.064276,0.004558,9.844049,0.362302,0.107126,0.120905
9.098054,1.228000,0.175000,1.484000,1.229954,0.135688,1.394487,1.220600,0.077512,1.546746,-0.003550,0.006401,-0.039425,0.999196,-0.028385,0.240300,-0.100413,0.000743,-0.001435,0.006815,0.001005,0.000226,0.000217,17,-0.071994,-0.108448,9.936614,0.200797,-0.063623,0.008481,9.938875,0.220238,0.097785,0.116171
9.114712,1.228000,0.183000,1.482000,1.224980,0.138734,1.509955,1.220476,0.084848,1.543796,-0.001884,0.005848,-0.039192,0.999213,-0.026061,0.247103,-0.101360,0.000740,-0.001488,0.006859,0.001050,0.000225,0.000215,17,-0.007837,0.034657,9.835223,0.225196,-0.061897,0.000525,9.836369,0.236074,0.052441,0.116229
9.131366,1.227000,0.188000,1.481000,1.236985,0.101232,1.513063,1.221108,0.089643,1.541073,0.000646,0.005741,-0.039737,0.999193,-0.023228,0.253139,-0.098606,0.000727,-0.001499,0.006900,0.001059,0.000214,0.000222,17,-0.065314,0.292712,10.045834,0.309401,-0.007055,0.009095,10.052379,0.320619,0.093040,0.115402
9.147858,1.226000,0.196000,1.479000,1.213748,0.104492,1.490266,1.220419,0.094219,1.537736,0.002705,0.005725,-0.039503,0.999199,-0.022488,0.253146,-0.100734,0.000730,-0.001507,0.006967,0.001066,0.000218,0.000220,16,-0.034126,-0.020854,9.793671,0.265092,0.009542,0.002983,9.796961,0.270468,0.093009,0.117645
9.164507,1.225000,0.201000,1.478000,1.213641,0.146765,1.443377,1.219858,0.100952,1.532757,0.003049,0.004797,-0.038914,0.999226,-0.018110,0.255862,-0.107071,0.000731,-0.001546,0.007089,0.001101,0.000221,0.000216,17,0.189735,-0.030317,9.631872,0.066360,-0.110863,0.022212,9.636636,0.151007,0.065339,0.114168
9.181225,1.225000,0.207000,1.476000,1.214374,0.150111,1.417201,1.219437,0.107580,1.526921,0.003959,0.004028,-0.038681,0.999236,-0.017682,0.261616,-0.113403,0.000730,-0.001581,0.007238,0.001132,0.000223,0.000214,17,-0.057583,0.189781,9.671247,0.129213,-0.088211,-0.005867,9.675526,0.158662,0.082502,0.111840
9.197795,1.224000,0.214000,1.474000,1.218126,0.153142,1.579921,1.218983,0.114217,1.527025,0.004883,0.002820,-0.037836,0.999268,-0.016895,0.262117,-0.111709,0.000735,-0.001620,0.007158,0.001164,0.000227,0.000209,17,0.017219,-0.115506,9.798344,0.133634,-0.141824,0.032741,9.800385,0.202804,0.122301,0.113108
9.214384,1.223000,0.219000,1.473000,1.236052,0.174966,1.431963,1.219771,0.121324,1.521951,0.006041,0.002296,-0.038271,0.999247,-0.019263,0.262850,-0.116289,0.000721,-0.001666,0.007277,0.001203,0.000217,0.000215,16,-0.296848,-0.163345,9.730997,0.168445,-0.065256,0.002732,9.738776,0.189936,0.061590,0.109303
9.230988,1.222000,0.224000,1.471000,1.201683,0.162966,1.506016,1.218458,0.127555,1.519615,0.006811,0.002226,-0.036971,0.999291,-0.021460,0.262054,-0.118114,0.000733,-0.001697,0.007290,0.001229,0.000228,0.000204,17,-0.065665,-0.121173,9.736945,0.120262,-0.000497,0.028283,9.739008,0.133987,0.073239,0.108063
9.247683,1.222000,0.232000,1.470000,1.230244,0.177888,1.470205,1.218840,0.134149,1.516035,0.006209,0.001954,-0.037020,0.999293,-0.019842,0.255212,-0.121364,0.000725,-0.001735,0.007347,0.001261,0.000222,0.000208,17,0.026247,-0.525583,9.722804,-0.052075,-0.035574,0.023892,9.739432,0.109401,0.054737,0.108185
9.264313,1.222000,0.238000,1.468000,1.195329,0.196059,1.601577,1.217010,0.141524,1.517103,0.006215,0.001347,-0.035429,0.999352,-0.023449,0.260037,-0.118120,0.000746,-0.001787,0.007223,0.001303,0.000240,0.000189,17,-0.102479,0.088073,9.818726,0.021877,-0.067017,-0.027769,9.821387,0.099205,0.142525,0.108368
9.280931,1.221000,0.246000,1.466000,1.205895,0.177493,1.463661,1.216089,0.147522,1.513367,0.007454,0.000836,-0.034654,0.999371,-0.026901,0.264683,-0.121482,0.000750,-0.001811,0.007285,0.001323,0.000245,0.000184,17,-0.198166,0.250185,9.715354,0.161845,-0.054149,0.028853,9.722892,0.182047,0.070191,0.109388
9.297504,1.220000,0.251000,1.465000,1.197459,0.220117,1.528204,1.214587,0.155320,1.512025,0.008069,0.000024,-0.033291,0.999413,-0.028152,0.266844,-0.124156,0.000764,-0.001868,0.007253,0.001370,0.000258,0.000171,16,0.026135,-0.075714,9.607058,0.103500,-0.096204,0.002152,9.607510,0.182666,0.073868,0.106749
9.314155,1.220000,0.256000,1.463000,1.191941,0.160547,1.528801,1.212904,0.159666,1.510653,0.008092,-0.001654,-0.032395,0.999441,-0.030233,0.262872,-0.126587,0.000778,-0.001869,0.007227,0.001371,0.000269,0.000159,17,0.015399,-0.106408,9.622400,0.008525,-0.205728,-0.012180,9.623785,0.211951,0.119283,0.107709
9.330755,1.218000,0.260000,1.461000,1.207154,0.163978,1.460505,1.212190,0.163920,1.506960,0.008297,-0.003030,-0.032390,0.999436,-0.034701,0.263988,-0.127309,0.000778,-0.001867,0.007288,0.001370,0.000271,0.000158,17,-0.217267,0.207379,9.861975,0.030080,-0.171125,-0.006579,9.868271,0.203469,0.096634,0.106665
9.347405,1.217000,0.266000,1.459000,1.179848,0.234443,1.546296,1.209751,0.171800,1.506309,0.009584,-0.002593,-0.030219,0.999494,-0.043072,0.273626,-0.124813,0.000801,-0.001921,0.007225,0.001414,0.000290,0.000141,17,-0.305933,0.406841,9.873759,0.175412,0.062119,0.047141,9.890126,0.201502,0.099984,0.105661
9.363959,1.217000,0.273000,1.458000,1.221893,0.235845,1.481567,1.209794,0.179102,1.503569,0.010041,-0.001800,-0.030666,0.999478,-0.043211,0.271752,-0.128008,0.000796,-0.001969,0.007246,0.001453,0.000286,0.000147,16,-0.013361,-0.232706,9.663581,0.074648,0.100890,-0.005770,9.667649,0.131611,0.044270,0.104620
9.380566,1.215000,0.278000,1.456000,1.163860,0.236167,1.469997,1.206716,0.186055,1.500477,0.009727,-0.001778,-0.028574,0.999543,-0.048130,0.265993,-0.130536,0.000821,-0.002009,0.007276,0.001487,0.000309,0.000126,17,-0.029130,-0.441004,9.724882,-0.018661,0.011649,0.006387,9.736997,0.080183,0.067537,0.102473
9.397224,1.215000,0.284000,1.454000,1.216190,0.233684,1.522299,1.206428,0.192553,1.499145,0.009449,-0.001184,-0.028953,0.999535,-0.051211,0.266703,-0.130573,0.000819,-0.002045,0.007241,0.001516,0.000307,0.000131,17,-0.196015,-0.005822,9.756744,-0.022214,0.070544,-0.010385,9.761695,0.083319,0.084840,0.102343
9.413878,1.214000,0.290000,1.453000,1.180894,0.245738,1.535326,1.204197,0.199415,1.498310,0.009684,-0.000643,-0.027479,0.999575,-0.054473,0.269029,-0.126762,0.000836,-0.002085,0.007186,0.001547,0.000321,0.000119,17,-0.063791,0.089146,9.963901,0.040524,0.072844,0.023674,9.967146,0.141365,0.099160,0.101758
9.447051,1.211000,0.300000,1.450000,1.204829,0.257669,1.512969,1.202619,0.210685,1.494894,0.009944,-0.001207,-0.027436,0.999573,-0.052726,0.267211,-0.123124,0.000839,-0.002128,0.007155,0.001581,0.000323,0.000121,33,0.075577,0.009194,9.906848,0.025387,-0.034183,0.002692,9.910584,0.100374,0.076125,0.100314
9.463763,1.210000,0.305000,1.448000,1.182463,0.250743,1.447202,1.200746,0.216764,1.491368,0.010102,-0.000483,-0.026616,0.999595,-0.059817,0.260060,-0.125307,0.000849,-0.002156,0.007207,0.001604,0.000333,0.000114,17,-0.312621,-0.428128,9.787151,0.032433,0.093090,0.009680,9.802603,0.137189,0.060851,0.098752
9.480430,1.209000,0.311000,1.446000,1.238252,0.233839,1.574656,1.201664,0.221755,1.492205,0.010115,0.000457,-0.028251,0.999550,-0.061724,0.264608,-0.119851,0.000833,-0.002172,0.007099,0.001614,0.000317,0.000130,17,-0.294570,0.371322,9.965818,0.003713,0.111323,-0.030636,9.978947,0.139525,0.152846,0.100764
9.497028,1.207000,0.315000,1.445000,1.154167,0.275985,1.448535,1.198196,0.228750,1.488881,0.011668,0.000486,-0.026397,0.999583,-0.067243,0.274648,-0.118384,0.000860,-0.002210,0.007143,0.001646,0.000340,0.000111,17,-0.162315,0.573277,9.972543,0.204252,0.016213,-0.005463,9.996056,0.215615,0.065772,0.097171
9.513600,1.206000,0.321000,1.444000,1.223533,0.246897,1.497589,1.198506,0.233738,1.487355,0.013569,0.000526,-0.027055,0.999542,-0.068337,0.268230,-0.120112,0.000847,-0.002223,0.007130,0.001655,0.000329,0.000123,16,-0.183068,-0.245947,9.692328,0.246714,0.009507,0.049825,9.698198,0.259722,0.093116,0.097727
9.530241,1.204000,0.327000,1.442000,1.196813,0.284521,1.459539,1.197383,0.240312,1.484563,0.013805,0.001012,-0.026690,0.999548,-0.072884,0.262059,-0.124092,0.000848,-0.002260,0.007156,0.001685,0.000331,0.000124,17,-0.281789,-0.371490,9.627088,0.050131,0.060997,0.044330,9.640253,0.158736,0.046516,0.096800
9.546947,1.203000,0.331000,1.440000,1.193753,0.293131,1.466289,1.196108,0.246924,1.481996,0.013207,0.001177,-0.027290,0.999540,-0.071825,0.257527,-0.127159,0.000851,-0.002299,0.007170,0.001717,0.000334,0.000125,17,0.065812,-0.270783,9.655472,-0.059955,0.017702,-0.081950,9.666213,0.126210,0.047017,0.094233
9.563536,1.203000,0.331000,1.440000,1.217498,0.282448,1.460642,1.196114,0.252686,1.479272,0.013013,0.001436,-0.028218,0.999516,-0.072271,0.256159,-0.128789,0.000840,-0.002325,0.007191,0.001737,0.000326,0.000136,17,-0.145960,0.015179,9.758710,-0.014589,0.028195,-0.003776,9.760476,0.064067,0.054714,0.087880
9.580054,1.200000,0.341000,1.437000,1.158331,0.284475,1.448806,1.193122,0.258038,1.476318,0.012336,0.002121,-0.026670,0.999566,-0.077027,0.255138,-0.132907,0.000859,-0.002345,0.007220,0.001754,0.000342,0.000123,16,-0.170413,0.029212,9.606535,-0.078407,0.090250,0.024654,9.610776,0.132236,0.071209,0.092065
9.596729,1.199000,0.344000,1.436000,1.181280,0.268643,1.471706,1.191338,0.262399,1.474075,0.010953,0.003318,-0.026335,0.999588,-0.080470,0.250050,-0.138098,0.000865,-0.002350,0.007222,0.001758,0.000347,0.000119,17,-0.206967,-0.128337,9.498131,-0.174730,0.145988,-0.006456,9.503243,0.233433,0.085250,0.090372
9.613393,1.198000,0.351000,1.434000,1.204910,0.272091,1.482127,1.190753,0.266697,1.472136,0.008685,0.004174,-0.026849,0.999593,-0.081260,0.244446,-0.141364,0.000858,-0.002355,0.007210,0.001762,0.000341,0.000124,17,-0.167870,-0.182942,9.597373,-0.278917,0.097283,-0.001901,9.602242,0.297303,0.092686,0.092811
9.630044,1.196000,0.354000,1.432000,1.193215,0.317269,1.474115,1.189621,0.272970,1.469945,0.005932,0.004496,-0.027043,0.999607,-0.083133,0.244953,-0.144567,0.000859,-0.002393,0.007199,0.001791,0.000342,0.000128,17,-0.203797,-0.062907,9.605521,-0.320703,0.032402,-0.004231,9.608904,0.324465,0.055951,0.089701
9.646679,1.194000,0.358000,1.431000,1.225016,0.271093,1.565994,1.189953,0.276823,1.470737,0.004485,0.005573,-0.028355,0.999572,-0.081023,0.244843,-0.140841,0.000843,-0.002395,0.007082,0.001789,0.000328,0.000138,17,-0.102342,0.100694,9.850231,-0.179064,0.118763,-0.036495,9.853055,0.233648,0.163518,0.090471
9.663171,1.192000,0.363000,1.429000,1.161370,0.312872,1.475964,1.187322,0.282261,1.468752,0.003887,0.006472,-0.027432,0.999595,-0.082573,0.244337,-0.142710,0.000860,-0.002420,0.007068,0.001809,0.000341,0.000131,16,-0.089267,-0.114937,9.677025,-0.067028,0.117596,0.007492,9.678739,0.153319,0.075211,0.090116
9.679852,1.191000,0.368000,1.427000,1.201310,0.322330,1.445460,1.186815,0.287952,1.465769,0.003176,0.007022,-0.027991,0.999578,-0.077462,0.247112,-0.144090,0.000852,-0.002448,0.007090,0.001831,0.000336,0.000137,17,0.108191,0.071012,9.769601,-0.082621,0.062299,-0.003742,9.771730,0.114367,0.050327,0.089041
9.696520,1.189000,0.370000,1.426000,1.150625,0.339580,1.476298,1.183841,0.294265,1.463845,0.001551,0.006407,-0.026977,0.999614,-0.079868,0.243289,-0.145817,0.000875,-0.002486,0.007067,0.001861,0.000354,0.000129,17,-0.101685,-0.413590,9.681111,-0.180087,-0.070168,-0.000189,9.691431,0.203496,0.070199,0.084822
9.713083,1.187000,0.375000,1.424000,1.173019,0.313575,1.452800,1.182071,0.298973,1.461161,-0.000662,0.005892,-0.026549,0.999630,-0.080749,0.242276,-0.148075,0.000881,-0.002498,0.007075,0.001870,0.000359,0.000127,17,-0.133512,-0.134353,9.690929,-0.258896,-0.066788,0.021333,9.698504,0.271371,0.069267,0.084767
9.729693,1.186000,0.380000,1.422000,1.160072,0.338093,1.389903,1.179915,0.304431,1.456624,-0.002586,0.005120,-0.026132,0.999642,-0.080200,0.243906,-0.152478,0.000891,-0.002522,0.007153,0.001890,0.000368,0.000124,16,0.006367,-0.084514,9.669247,-0.229864,-0.099682,0.000875,9.671435,0.252103,0.058810,0.083346
9.746291,1.185000,0.385000,1.420000,1.192752,0.288404,1.390703,1.179387,0.307308,1.452131,-0.003918,0.004416,-0.026763,0.999624,-0.076360,0.243452,-0.156076,0.000878,-0.002503,0.007232,0.001877,0.000360,0.000127,17,0.075247,0.007208,9.711210,-0.171635,-0.096813,-0.033341,9.712261,0.202146,0.101238,0.084262
9.762982,1.183000,0.389000,1.418000,1.152817,0.342683,1.426438,1.176971,0.312781,1.448899,-0.004444,0.004539,-0.026253,0.999635,-0.079052,0.247596,-0.154092,0.000894,-0.002526,0.007255,0.001895,0.000372,0.000123,17,-0.155684,0.025329,9.979439,-0.053820,0.018632,-0.001105,9.982434,0.078835,0.055924,0.082464
9.779593,1.181000,0.391000,1.417000,1.160346,0.387761,1.404447,1.175024,0.320210,1.445062,-0.005231,0.004334,-0.025872,0.999642,-0.079717,0.252497,-0.154954,0.000904,-0.002580,0.007297,0.001937,0.000382,0.000125,17,-0.067756,-0.122520,9.835615,-0.072352,-0.021407,0.033615,9.837109,0.117386,0.024386,0.076383
9.796205,1.180000,0.397000,1.415000,1.172332,0.330613,1.406128,1.173746,0.324430,1.441486,-0.005623,0.004143,-0.025890,0.999640,-0.080551,0.252455,-0.155751,0.000904,-0.002583,0.007340,0.001940,0.000383,0.000126,16,-0.131931,-0.138653,9.834792,-0.045939,-0.024233,-0.000488,9.837264,0.095808,0.067414,0.077505
9.812787,1.178000,0.400000,1.413000,1.169571,0.315414,1.493935,1.172243,0.327883,1.440743,-0.005996,0.003828,-0.025919,0.999639,-0.084764,0.251723,-0.153444,0.000907,-0.002575,0.007275,0.001933,0.000384,0.000124,17,-0.309477,-0.125917,9.850563,-0.054240,-0.043416,-0.022293,9.857258,0.091911,0.117373,0.077483
9.829457,1.176000,0.406000,1.411000,1.170097,0.364559,1.431020,1.170847,0.333520,1.438031,-0.006427,0.003829,-0.025937,0.999636,-0.085670,0.256809,-0.154657,0.000909,-0.002601,0.007281,0.001953,0.000386,0.000126,17,-0.147673,0.029452,9.752157,-0.045650,-0.000977,0.011430,9.756357,0.122911,0.046400,0.077528
9.846062,1.176000,0.410000,1.409000,1.141534,0.349871,1.399431,1.168185,0.338294,1.434380,-0.005893,0.003882,-0.025347,0.999654,-0.089133,0.259421,-0.155655,0.000925,-0.002608,0.007321,0.001959,0.000399,0.000123,17,-0.173925,-0.022308,9.820602,0.064662,0.013456,0.014777,9.823981,0.099265,0.069964,0.076465
9.862753,1.174000,0.414000,1.408000,1.172462,0.375982,1.377155,1.167019,0.344118,1.430069,-0.005085,0.004954,-0.025696,0.999645,-0.091587,0.259254,-0.159200,0.000920,-0.002632,0.007383,0.001978,0.000397,0.000126,17,-0.255152,-0.276251,9.697467,0.104460,0.130500,-0.006157,9.705536,0.172486,0.048981,0.073616
9.879291,1.172000,0.419000,1.405000,1.134777,0.380844,1.382333,1.164227,0.349720,1.426170,-0.004051,0.006154,-0.025345,0.999652,-0.091384,0.265276,-0.159108,0.000938,-0.002654,0.007431,0.001996,0.000412,0.000125,16,0.015335,0.138634,9.907178,0.138172,0.162952,-0.002776,9.912048,0.223567,0.057924,0.072859
9.895933,1.170000,0.424000,1.404000,1.172330,0.344921,1.425625,1.163199,0.353590,1.423667,-0.003947,0.006679,-0.025368,0.999648,-0.088678,0.267218,-0.158774,0.000932,-0.002647,0.007430,0.001991,0.000407,0.000125,17,-0.002868,0.096852,9.838166,0.012568,0.064432,0.014791,9.839594,0.092377,0.082015,0.073421
9.912643,1.169000,0.428000,1.402000,1.156752,0.375508,1.474007,1.161492,0.358824,1.422741,-0.004468,0.006326,-0.025167,0.999653,-0.087595,0.268616,-0.156576,0.000939,-0.002664,0.007366,0.002002,0.000412,0.000126,17,-0.030886,-0.086104,9.845100,-0.054128,-0.041423,0.023646,9.846303,0.101335,0.089947,0.072608
9.929249,1.167000,0.433000,1.400000,1.154775,0.352828,1.439483,1.159796,0.362798,1.420791,-0.004258,0.005974,-0.025500,0.999648,-0.088243,0.275097,-0.153441,0.000943,-0.002657,0.007344,0.001996,0.000414,0.000125,17,-0.153023,0.328158,9.967378,0.024112,-0.041742,-0.055608,9.978576,0.162244,0.090200,0.073570
9.945851,1.165000,0.436000,1.399000,1.151826,0.427788,1.383867,1.158183,0.369985,1.417341,-0.003150,0.005260,-0.025528,0.999655,-0.090597,0.281647,-0.152578,0.000949,-0.002703,0.007377,0.002031,0.000421,0.000129,16,-0.241466,0.040129,9.931582,0.161366,-0.083938,0.023161,9.937792,0.207924,0.021679,0.068854
9.962396,1.164000,0.441000,1.397000,1.151797,0.405290,1.514645,1.156380,0.376016,1.417981,-0.003991,0.004326,-0.025100,0.999668,-0.094917,0.282487,-0.152056,0.000959,-0.002732,0.007256,0.002050,0.000427,0.000132,17,-0.322905,-0.172766,9.651014,-0.080217,-0.116530,0.069207,9.660917,0.193634,0.123550,0.068711
9.979127,1.162000,0.444000,1.395000,1.136807,0.397459,1.378971,1.154075,0.381348,1.414377,-0.004349,0.003684,-0.025563,0.999657,-0.097154,0.282889,-0.155183,0.000970,-0.002743,0.007296,0.002059,0.000437,0.000132,17,-0.144572,-0.140755,9.692901,-0.039087,-0.076048,-0.081481,9.695408,0.130460,0.055296,0.066057
9.995739,1.160000,0.449000,1.393000,1.132686,0.417405,1.464778,1.151543,0.387536,1.413485,-0.005171,0.002836,-0.025610,0.999655,-0.097647,0.288801,-0.152678,0.000987,-0.002770,0.007229,0.002078,0.000449,0.000134,17,-0.009569,0.109589,9.863721,-0.085527,-0.099725,-0.009626,9.865780,0.144692,0.083045,0.065338
10.012392,1.159000,0.456000,1.391000,1.125023,0.430685,1.446142,1.148764,0.394238,1.412061,-0.005309,0.002792,-0.025771,0.999650,-0.101423,0.298625,-0.151670,0.001006,-0.002801,0.007183,0.002100,0.000465,0.000136,17,-0.189166,0.295255,9.809055,-0.003780,0.001439,-0.024449,9.817157,0.104192,0.069541,0.066053
10.028925,1.158000,0.459000,1.390000,1.148410,0.430315,1.504251,1.147138,0.400575,1.412597,-0.004346,0.003323,-0.026027,0.999646,-0.100449,0.305706,-0.147489,0.001013,-0.002831,0.007069,0.002120,0.000468,0.000140,16,0.003663,0.183637,9.891626,0.131704,0.071955,-0.001034,9.895401,0.165508,0.118187,0.063578
10.045550,1.156000,0.464000,1.388000,1.081829,0.400308,1.440158,1.142638,0.405272,1.411160,-0.003212,0.002658,-0.025159,0.999675,-0.101343,0.302855,-0.147573,0.001054,-0.002827,0.007030,0.002116,0.000499,0.000134,17,0.170652,-0.218942,9.751241,0.143343,-0.058045,0.015563,9.757217,0.173717,0.110809,0.064529
10.062226,1.154000,0.469000,1.385000,1.156658,0.450448,1.395405,1.141717,0.412068,1.408343,-0.002915,0.002128,-0.025420,0.999670,-0.099941,0.301247,-0.149079,0.001045,-0.002858,0.007043,0.002139,0.000494,0.000141,17,-0.010859,-0.347968,9.748314,0.054373,-0.065792,0.034615,9.755415,0.126668,0.021437,0.062746
10.078842,1.152000,0.473000,1.383000,1.111742,0.390138,1.412497,1.138774,0.415768,1.406098,-0.001941,0.001707,-0.025208,0.999679,-0.100891,0.298520,-0.147380,0.001062,-0.002836,0.007036,0.002123,0.000505,0.000136,17,0.022181,-0.096361,9.899501,0.112285,-0.041777,-0.035237,9.901773,0.170338,0.096731,0.063119
10.095451,1.151000,0.477000,1.382000,1.118406,0.464950,1.414354,1.136342,0.422558,1.404112,-0.002157,0.000789,-0.025791,0.999665,-0.102755,0.300384,-0.148501,0.001077,-0.002871,0.007018,0.002148,0.000518,0.000141,16,-0.050090,-0.144695,9.717110,-0.009255,-0.110707,-0.043806,9.720111,0.142556,0.047480,0.060561
10.112023,1.149000,0.481000,1.380000,1.120623,0.436490,1.427114,1.134006,0.427855,1.402543,-0.000536,0.000689,-0.026193,0.999657,-0.108016,0.307047,-0.145384,0.001088,-0.002879,0.006986,0.002153,0.000526,0.000142,17,-0.296887,0.302907,9.946967,0.201994,-0.007698,-0.054520,9.957258,0.236632,0.070754,0.059644
10.128702,1.147000,0.487000,1.378000,1.087893,0.467744,1.439390,1.130162,0.434523,1.401403,0.000847,0.002081,-0.025989,0.999660,-0.118145,0.305294,-0.145225,0.001121,-0.002907,0.006934,0.002173,0.000551,0.000146,17,-0.432657,-0.280590,9.751265,0.179408,0.186861,0.027640,9.768751,0.266695,0.087367,0.059875
10.145335,1.145000,0.490000,1.376000,1.094322,0.423078,1.407936,1.126671,0.438762,1.399280,0.000917,0.003450,-0.025177,0.999677,-0.120377,0.306933,-0.146966,0.001142,-0.002894,0.006922,0.002162,0.000566,0.000142,17,-0.062111,0.175987,9.686235,0.006613,0.176523,0.046355,9.695091,0.203922,0.089815,0.059188
10.161920,1.143000,0.495000,1.374000,1.113789,0.452049,1.423042,1.124287,0.444025,1.397832,0.002031,0.004395,-0.025710,0.999658,-0.119968,0.311749,-0.139972,0.001151,-0.002901,0.006890,0.002167,0.000573,0.000143,16,-0.013061,0.289030,10.205128,0.141470,0.127831,-0.061315,10.210294,0.226961,0.071437,0.059300
10.178519,1.142000,0.500000,1.372000,1.105675,0.495665,1.370267,1.121662,0.451131,1.394859,0.003488,0.004722,-0.025583,0.999655,-0.122184,0.308826,-0.140907,0.001163,-0.002936,0.006914,0.002193,0.000585,0.000151,17,-0.139582,-0.336546,9.823361,0.198130,0.057080,0.067903,9.830862,0.237414,0.036624,0.057657
10.195173,1.140000,0.504000,1.370000,1.128710,0.415646,1.391967,1.120077,0.454148,1.392545,0.003465,0.004960,-0.025427,0.999658,-0.120312,0.300976,-0.139305,0.001155,-0.002905,0.006919,0.002170,0.000577,0.000144,17,-0.009954,-0.230256,9.907678,-0.010083,0.025910,-0.029633,9.916839,0.081703,0.091741,0.058227
10.211847,1.138000,0.509000,1.368000,1.062983,0.461484,1.417881,1.115619,0.459256,1.391195,0.005000,0.005352,-0.026197,0.999630,-0.122615,0.307171,-0.131368,0.001193,-0.002906,0.006883,0.002170,0.000605,0.000145,17,-0.030700,0.442650,10.240354,0.185370,0.066550,-0.111108,10.250428,0.249963,0.101850,0.059273
10.228465,1.136000,0.511000,1.367000,1.109297,0.464600,1.339210,1.113441,0.464283,1.387532,0.005918,0.005519,-0.025347,0.999646,-0.123351,0.302291,-0.130548,0.001193,-0.002904,0.006940,0.002169,0.000606,0.000145,17,-0.132548,-0.172112,9.962385,0.116124,0.025701,0.095861,9.971118,0.201968,0.060318,0.055794
10.245100,1.135000,0.517000,1.365000,1.109305,0.485186,1.359082,1.111436,0.469753,1.384685,0.006788,0.005827,-0.025879,0.999625,-0.121038,0.301807,-0.129606,0.001194,-0.002915,0.006969,0.002178,0.000608,0.000147,16,0.046673,0.013444,9.925125,0.114912,0.042900,-0.044552,9.932541,0.177497,0.041321,0.056347
10.261691,1.133000,0.521000,1.364000,1.062996,0.449426,1.349344,1.107489,0.473361,1.381606,0.008779,0.005672,-0.025087,0.999631,-0.120606,0.298060,-0.131586,0.001221,-0.002893,0.007007,0.002162,0.000628,0.000144,17,0.118766,0.067885,9.761268,0.249530,0.003308,0.049088,9.766471,0.261381,0.101184,0.056836
10.278337,1.132000,0.525000,1.362000,1.111799,0.485823,1.415117,1.105773,0.478538,1.380561,0.010152,0.005650,-0.025693,0.999602,-0.120095,0.290855,-0.129207,0.001219,-0.002901,0.006965,0.002167,0.000627,0.000146,17,-0.076597,-0.295185,9.893254,0.173513,-0.000665,-0.054011,9.898793,0.200526,0.069024,0.056490
10.294986,1.130000,0.530000,1.360000,1.077227,0.478974,1.388726,1.102614,0.483081,1.378764,0.011992,0.005524,-0.025610,0.999585,-0.120306,0.283653,-0.128906,0.001237,-0.002897,0.006952,0.002163,0.000640,0.000147,17,0.006126,-0.203776,9.820662,0.223423,-0.000784,0.009618,9.823187,0.234468,0.078828,0.057476
10.311569,1.128000,0.533000,1.358000,1.096077,0.480351,1.374902,1.100515,0.487103,1.376675,0.011878,0.004793,-0.025398,0.999595,-0.121902,0.273499,-0.129572,0.001240,-0.002891,0.006954,0.002159,0.000642,0.000146,16,-0.155827,-0.386691,9.784935,-0.011678,-0.092337,0.018864,9.795701,0.123712,0.063849,0.056664
10.328141,1.127000,0.537000,1.357000,1.105077,0.479904,1.412389,1.098813,0.490977,1.375768,0.012837,0.004231,-0.025625,0.999580,-0.122402,0.276637,-0.126314,0.001237,-0.002884,0.006912,0.002154,0.000639,0.000144,17,-0.168262,0.466148,9.940794,0.116770,-0.066167,-0.044524,9.954214,0.150828,0.082513,0.057139
10.344830,1.124000,0.540000,1.355000,1.074353,0.481451,1.357346,1.095843,0.494784,1.373233,0.014623,0.004166,-0.025408,0.999562,-0.123883,0.271823,-0.126931,0.001251,-0.002872,0.006930,0.002145,0.000649,0.000144,17,-0.073961,0.048317,9.814741,0.215254,-0.001081,0.017478,9.819976,0.231902,0.076800,0.056300
10.361458,1.123000,0.543000,1.354000,1.083477,0.503481,1.461540,1.093235,0.499400,1.373894,0.015452,0.004276,-0.025401,0.999549,-0.127080,0.257856,-0.125607,0.001263,-0.002879,0.006824,0.002148,0.000657,0.000147,17,-0.169346,-0.601991,9.739900,0.104265,0.018605,0.031595,9.761409,0.147131,0.121197,0.056415
10.378106,1.122000,0.548000,1.353000,1.078061,0.524445,1.410174,1.090513,0.504631,1.372982,0.014988,0.004175,-0.025425,0.999556,-0.126172,0.250861,-0.126935,0.001275,-0.002896,0.006777,0.002159,0.000666,0.000153,17,0.057142,-0.222184,9.671643,-0.047645,-0.005325,0.043253,9.675799,0.109025,0.075858,0.057197
10.394647,1.119000,0.550000,1.350000,1.095531,0.498390,1.391945,1.088794,0.508075,1.371603,0.012406,0.004021,-0.025752,0.999583,-0.128497,0.245933,-0.125412,0.001271,-0.002889,0.006754,0.002154,0.000663,0.000151,16,-0.247365,-0.010089,9.872175,-0.326510,-0.030378,-0.059715,9.880020,0.339454,0.070525,0.056007
10.411312,1.119000,0.553000,1.349000,1.121479,0.503960,1.444365,1.088188,0.511776,1.371855,0.011424,0.004639,-0.025758,0.999592,-0.126344,0.252484,-0.119415,0.001252,-0.002887,0.006671,0.002153,0.000645,0.000146,17,-0.130504,0.662166,10.028710,-0.126998,0.064076,-0.043886,10.053168,0.174273,0.107263,0.056313
10.427953,1.117000,0.556000,1.348000,1.094269,0.528195,1.403232,1.086468,0.516480,1.370929,0.010338,0.004700,-0.025609,0.999608,-0.123738,0.250715,-0.119136,0.001249,-0.002898,0.006631,0.002160,0.000643,0.000147,17,0.043348,0.049341,9.776454,-0.129032,0.001507,0.027490,9.778622,0.157739,0.065882,0.054952
10.444556,1.115000,0.559000,1.346000,1.083237,0.539325,1.456681,1.084291,0.521527,1.371653,0.008631,0.003639,-0.025758,0.999624,-0.123093,0.248215,-0.115317,0.001255,-0.002916,0.006528,0.002172,0.000647,0.000151,17,-0.009857,-0.066922,9.878317,-0.195780,-0.130549,0.017468,9.882564,0.241365,0.116817,0.054821
10.461182,1.114000,0.562000,1.345000,1.044336,0.503323,1.401772,1.080585,0.524471,1.370826,0.007585,0.002837,-0.026493,0.999616,-0.128423,0.250365,-0.111059,0.001282,-0.002899,0.006490,0.002158,0.000667,0.000156,16,-0.239662,0.382933,10.012576,-0.135233,-0.094409,-0.055676,10.026113,0.180771,0.107327,0.056497
10.477743,1.112000,0.565000,1.342000,1.113342,0.544195,1.411956,1.080023,0.529251,1.370349,0.007284,0.002875,-0.026041,0.999630,-0.129490,0.252220,-0.109126,0.001261,-0.002914,0.006442,0.002170,0.000650,0.000152,17,-0.281391,0.184543,9.848745,-0.036306,-0.009604,0.024805,9.856771,0.078785,0.072996,0.055715
10.494477,1.111000,0.567000,1.341000,1.034521,0.508491,1.306901,1.076003,0.532103,1.366701,0.006785,0.003017,-0.025916,0.999637,-0.136002,0.243461,-0.112021,0.001286,-0.002891,0.006512,0.002153,0.000670,0.000156,17,-0.259040,-0.280895,9.759786,-0.068131,0.025758,0.051365,9.768103,0.139678,0.102152,0.055706
10.511056,1.109000,0.569000,1.340000,1.107827,0.514936,1.443121,1.075217,0.535147,1.367209,0.006067,0.003774,-0.025835,0.999641,-0.134838,0.242660,-0.109333,0.001267,-0.002880,0.006426,0.002145,0.000653,0.000148,17,-0.141350,0.142384,9.829423,-0.092634,0.081453,-0.056027,9.835825,0.144708,0.116440,0.055024
10.527644,1.107000,0.572000,1.338000,1.084476,0.550897,1.411137,1.073585,0.539556,1.366864,0.006100,0.004480,-0.025873,0.999637,-0.132857,0.244080,-0.111276,0.001262,-0.002891,0.006373,0.002153,0.000649,0.000148,16,0.001080,0.143261,9.598722,0.007895,0.089055,-0.009733,9.602111,0.111809,0.079383,0.054794
10.544275,1.106000,0.575000,1.336000,1.041359,0.492240,1.340719,1.070164,0.541077,1.364308,0.006363,0.004816,-0.025832,0.999634,-0.130972,0.245942,-0.115826,0.001280,-0.002850,0.006403,0.002122,0.000661,0.000150,17,0.126549,0.486486,9.574081,0.014930,0.048921,0.025308,9.589737,0.106438,0.105119,0.056888
10.577549,1.103000,0.580000,1.333000,1.030367,0.543747,1.371333,1.064160,0.548850,1.360722,0.006629,0.004540,-0.026490,0.999617,-0.135201,0.238946,-0.122080,0.001306,-0.002844,0.006387,0.002117,0.000682,0.000160,34,-0.117069,-0.075737,9.612363,0.014976,-0.009287,0.001555,9.617170,0.110267,0.089774,0.056986
10.594157,1.102000,0.581000,1.331000,1.084506,0.542848,1.326963,1.063028,0.552314,1.357705,0.006753,0.005512,-0.026156,0.999620,-0.135420,0.242255,-0.121253,0.001287,-0.002836,0.006429,0.002112,0.000668,0.000151,17,-0.241209,0.368357,9.921995,0.010684,0.109932,-0.029161,9.932596,0.136047,0.042165,0.055270
10.610732,1.100000,0.583000,1.329000,1.049579,0.560491,1.319621,1.060387,0.556272,1.354652,0.006799,0.005489,-0.026028,0.999623,-0.135298,0.235130,-0.124437,0.001293,-0.002837,0.006471,0.002113,0.000673,0.000154,16,-0.031479,-0.333916,9.689784,0.008434,0.001817,0.041061,9.698110,0.105251,0.056008,0.054237
10.627378,1.098000,0.586000,1.327000,1.102395,0.573746,1.356511,1.060336,0.560658,1.352767,0.005598,0.005228,-0.025695,0.999640,-0.130398,0.231357,-0.122318,0.001263,-0.002851,0.006469,0.002124,0.000649,0.000142,17,-0.008370,-0.199408,9.930006,-0.136521,-0.051457,-0.061264,9.935874,0.177822,0.032255,0.052199
10.644032,1.097000,0.588000,1.326000,1.037262,0.501140,1.304071,1.057248,0.561287,1.349308,0.006241,0.005179,-0.026429,0.999618,-0.132284,0.225115,-0.119515,0.001273,-0.002796,0.006528,0.002086,0.000657,0.000144,17,-0.123814,0.048592,10.078787,0.059580,0.000009,-0.073192,10.080129,0.116198,0.107676,0.053264
10.660656,1.096000,0.589000,1.325000,1.031777,0.567079,1.323209,1.053987,0.565044,1.346650,0.006277,0.004885,-0.026186,0.999625,-0.131729,0.220239,-0.114000,0.001288,-0.002796,0.006555,0.002085,0.000669,0.000151,17,0.052687,-0.167927,10.197558,0.008584,-0.026455,0.090673,10.199494,0.124467,0.067885,0.052988
10.677286,1.094000,0.591000,1.323000,1.053621,0.521163,1.430421,1.051906,0.566292,1.347532,0.004982,0.003421,-0.025713,0.999651,-0.130371,0.215003,-0.105105,0.001291,-0.002762,0.006457,0.002061,0.000669,0.000149,16,0.013742,0.004430,10.211091,-0.168724,-0.189148,0.051788,10.212283,0.277754,0.134339,0.054628
10.693868,1.092000,0.592000,1.322000,1.071784,0.592787,1.388670,1.050808,0.570870,1.347240,0.002790,0.001955,-0.026108,0.999653,-0.131489,0.217407,-0.097771,0.001278,-0.002783,0.006406,0.002076,0.000659,0.000144,17,-0.226147,0.062044,10.182937,-0.260326,-0.197030,-0.093617,10.190445,0.348566,0.069672,0.052728
10.710572,1.091000,0.594000,1.321000,1.017857,0.499954,1.379025,1.047123,0.570880,1.346681,0.002955,0.001353,-0.027213,0.999624,-0.138315,0.215209,-0.094065,0.001299,-0.002723,0.006370,0.002033,0.000673,0.000152,17,-0.300806,0.269944,9.985150,-0.000996,-0.067534,-0.062003,9.995475,0.123999,0.132520,0.055850
10.727155,1.089000,0.596000,1.319000,1.038927,0.565346,1.354807,1.044555,0.573928,1.345430,0.002576,0.001142,-0.026977,0.999632,-0.140332,0.207967,-0.095733,0.001304,-0.002716,0.006358,0.002028,0.000677,0.000154,17,-0.097326,-0.344598,9.696250,-0.042751,-0.024744,0.047889,9.704283,0.117810,0.068769,0.056224
10.743792,1.088000,0.597000,1.318000,1.070217,0.515221,1.383092,1.043532,0.574412,1.344988,0.001587,-0.000078,-0.026158,0.999657,-0.137240,0.205026,-0.095714,0.001285,-0.002670,0.006318,0.001997,0.000660,0.000141,17,0.035542,0.141320,9.744526,-0.127740,-0.157107,-0.006074,9.749218,0.216278,0.106024,0.056710
10.760362,1.086000,0.599000,1.316000,1.041261,0.576057,1.318961,1.041368,0.577585,1.342711,0.001014,-0.000848,-0.026313,0.999653,-0.140969,0.207257,-0.097394,0.001284,-0.002668,0.006347,0.001995,0.000659,0.000140,16,-0.239350,0.164883,9.756058,-0.068817,-0.099018,-0.025556,9.766498,0.141829,0.050366,0.056250
10.777000,1.085000,0.600000,1.315000,1.059388,0.570539,1.366054,1.040028,0.580381,1.341864,0.000048,-0.001260,-0.025627,0.999671,-0.142302,0.198645,-0.101047,0.001271,-0.002661,0.006320,0.001992,0.000648,0.000133,17,-0.136384,-0.482882,9.542132,-0.116283,-0.061631,0.014351,9.556172,0.143136,0.064268,0.055938
10.793659,1.084000,0.601000,1.314000,1.049725,0.552332,1.292620,1.038373,0.582074,1.338721,-0.001652,-0.002061,-0.025337,0.999675,-0.139802,0.201697,-0.101462,0.001260,-0.002635,0.006379,0.001975,0.000639,0.000126,17,0.100687,0.307056,9.878858,-0.215044,-0.107437,-0.018184,9.889616,0.251418,0.063249,0.055237
10.810332,1.082000,0.603000,1.312000,1.062890,0.575447,1.377207,1.037324,0.585081,1.338278,-0.001803,-0.002867,-0.024866,0.999685,-0.136970,0.213411,-0.100267,0.001244,-0.002630,0.006334,0.001972,0.000625,0.000116,17,0.061077,0.715204,9.815024,-0.017655,-0.105922,-0.031204,9.844416,0.128451,0.073323,0.054841
10.843499,1.079000,0.605000,1.310000,1.028941,0.544630,1.377034,1.032457,0.589671,1.336278,-0.000932,-0.003599,-0.024869,0.999684,-0.145505,0.209214,-0.102346,0.001248,-0.002592,0.006285,0.001946,0.000627,0.000119,33,-0.181785,-0.048842,9.710635,0.050372,-0.042607,0.016609,9.714264,0.112277,0.103170,0.055603
10.860162,1.077000,0.607000,1.308000,1.024549,0.594631,1.390339,1.029719,0.593277,1.336393,-0.000641,-0.003992,-0.025140,0.999676,-0.146467,0.218651,-0.100584,0.001255,-0.002595,0.006216,0.001948,0.000632,0.000123,17,0.024564,0.527863,9.800429,0.035734,-0.046026,0.002077,9.817514,0.084911,0.098406,0.056833
10.876784,1.076000,0.608000,1.307000,1.024185,0.579129,1.334144,1.027128,0.595993,1.334686,0.000498,-0.004602,-0.025087,0.999675,-0.149266,0.215908,-0.102805,0.001256,-0.002580,0.006218,0.001937,0.000633,0.000124,17,-0.067077,-0.070875,9.684672,0.135354,-0.068665,0.019804,9.688352,0.178812,0.065231,0.057439
10.893390,1.074000,0.609000,1.306000,1.009128,0.587798,1.261459,1.024081,0.598668,1.330792,0.001596,-0.005017,-0.025420,0.999663,-0.152763,0.209851,-0.106905,0.001263,-0.002567,0.006305,0.001928,0.000639,0.000129,16,-0.047391,-0.303042,9.703462,0.138029,-0.046105,0.003877,9.708993,0.158111,0.081497,0.056686
10.910001,1.073000,0.611000,1.304000,1.030370,0.559189,1.387957,1.021980,0.599945,1.330903,0.001644,-0.006276,-0.025276,0.999659,-0.153691,0.206463,-0.106773,0.001259,-0.002535,0.006237,0.001906,0.000635,0.000127,17,0.026930,0.002967,9.704788,0.000370,-0.156982,0.006589,9.707426,0.173763,0.107473,0.058729
10.926650,1.071000,0.613000,1.302000,1.017818,0.555166,1.395355,1.019279,0.601025,1.331237,0.001736,-0.006560,-0.025274,0.999658,-0.158277,0.205101,-0.104031,0.001262,-0.002498,0.006160,0.001881,0.000636,0.000129,17,-0.130889,0.166085,9.853853,-0.000921,-0.035392,0.029048,9.858715,0.121700,0.122017,0.060607
10.943327,1.069000,0.613000,1.301000,1.006198,0.573232,1.343434,1.016074,0.602824,1.329947,0.002368,-0.006822,-0.025630,0.999645,-0.166282,0.196468,-0.104804,0.001268,-0.002473,0.006145,0.001863,0.000641,0.000134,17,-0.286315,-0.350427,9.750525,0.075523,-0.022578,0.005846,9.762473,0.095323,0.085593,0.061177
10.959950,1.067000,0.613000,1.299000,0.994879,0.540316,1.428371,1.012164,0.602970,1.331312,0.002903,-0.006520,-0.026659,0.999619,-0.174631,0.191169,-0.103204,0.001284,-0.002422,0.006028,0.001828,0.000651,0.000145,17,-0.256362,0.000211,9.723264,0.048812,0.044119,-0.020308,9.727098,0.098660,0.164989,0.064434
10.976477,1.065000,0.614000,1.298000,1.004578,0.556961,1.316968,1.009148,0.603563,1.329252,0.002342,-0.006377,-0.026878,0.999616,-0.179589,0.185144,-0.103065,0.001285,-0.002382,0.006046,0.001801,0.000652,0.000145,16,-0.155121,-0.098763,9.855907,-0.084098,0.016268,-0.010961,9.857930,0.116193,0.085229,0.064847
10.993131,1.063000,0.616000,1.297000,1.043150,0.514733,1.358774,1.008042,0.602061,1.328497,0.002306,-0.005915,-0.025822,0.999646,-0.183010,0.173498,-0.101070,0.001260,-0.002311,0.006017,0.001756,0.000630,0.000127,17,-0.250266,-0.249269,9.891674,-0.026459,0.053468,-0.025650,9.899653,0.139372,0.120271,0.064859
11.009831,1.061000,0.616000,1.295000,1.041341,0.552650,1.321976,1.006873,0.602289,1.326655,0.002337,-0.004745,-0.024442,0.999687,-0.185052,0.164703,-0.099653,0.001236,-0.002271,0.006029,0.001731,0.000609,0.000109,17,-0.191851,-0.257520,9.921280,-0.012093,0.130649,0.006747,9.927485,0.175900,0.071606,0.064185
11.026380,1.058000,0.617000,1.294000,0.994851,0.551120,1.363103,1.003267,0.602373,1.326176,0.001873,-0.004299,-0.025128,0.999673,-0.189856,0.155706,-0.097646,0.001241,-0.002229,0.005987,0.001702,0.000613,0.000115,17,-0.134432,-0.281086,9.870483,-0.072923,0.057838,-0.020008,9.878481,0.125310,0.114469,0.065153
11.042987,1.057000,0.619000,1.293000,1.001538,0.567236,1.282603,1.000381,0.602988,1.323306,0.002016,-0.004321,-0.024800,0.999681,-0.191063,0.159258,-0.097335,0.001237,-0.002197,0.006040,0.001681,0.000610,0.000113,16,-0.028108,0.456088,9.922079,0.009691,-0.002487,0.029295,9.934898,0.114895,0.076575,0.066186
11.059582,1.054000,0.618000,1.292000,1.010527,0.554088,1.322510,0.997996,0.603102,1.321758,0.002855,-0.004819,-0.024746,0.999678,-0.191869,0.163352,-0.094046,0.001228,-0.002157,0.006043,0.001655,0.000602,0.000106,17,-0.041866,0.530954,10.016951,0.081898,-0.062317,-0.046777,10.031640,0.175058,0.083100,0.065146
11.076247,1.053000,0.619000,1.291000,0.976997,0.586149,1.347794,0.993897,0.604869,1.321112,0.003971,-0.005519,-0.025588,0.999649,-0.198119,0.162714,-0.089419,0.001239,-0.002142,0.006010,0.001644,0.000611,0.000116,17,-0.182504,0.114662,10.052816,0.135390,-0.077567,-0.008143,10.058627,0.164677,0.100405,0.067821
11.092897,1.050000,0.620000,1.289000,1.047172,0.595497,1.410763,0.993347,0.607004,1.322459,0.005004,-0.006049,-0.023727,0.999688,-0.198784,0.157173,-0.088393,0.001209,-0.002137,0.005907,0.001644,0.000585,0.000091,17,-0.179114,-0.219907,9.711242,0.130872,-0.076256,-0.009344,9.715787,0.165393,0.124236,0.067067
11.109500,1.049000,0.622000,1.288000,0.980436,0.591775,1.267397,0.989803,0.608513,1.319376,0.006296,-0.006470,-0.023851,0.999675,-0.202879,0.153807,-0.091923,0.001212,-0.002121,0.005971,0.001633,0.000588,0.000094,16,-0.101941,-0.022272,9.697235,0.163757,-0.046063,0.017680,9.702980,0.196823,0.077711,0.068342
11.126143,1.045000,0.621000,1.286000,1.063434,0.565998,1.354572,0.990400,0.608843,1.319011,0.007350,-0.006993,-0.021126,0.999725,-0.197774,0.150992,-0.088483,0.001167,-0.002091,0.005936,0.001617,0.000550,0.000058,17,0.073600,0.179239,9.961549,0.123937,-0.088236,0.003107,9.963740,0.160767,0.089817,0.064952
11.142714,1.043000,0.622000,1.285000,1.026345,0.564869,1.302117,0.989172,0.608997,1.317077,0.008467,-0.007291,-0.019829,0.999741,-0.201023,0.143061,-0.087808,0.001142,-0.002055,0.005960,0.001595,0.000530,0.000040,17,-0.233647,-0.110842,9.903204,0.128827,-0.047141,-0.004311,9.908965,0.139925,0.061922,0.063996
11.159368,1.041000,0.622000,1.284000,0.985303,0.560010,1.294248,0.985867,0.608831,1.314913,0.009409,-0.007639,-0.020014,0.999726,-0.202123,0.135014,-0.090900,0.001139,-0.002014,0.005988,0.001568,0.000528,0.000042,17,0.082516,-0.086092,9.678485,0.104595,-0.041252,0.000296,9.680668,0.138069,0.083964,0.064565
11.176059,1.038000,0.623000,1.283000,1.009636,0.567501,1.267733,0.983915,0.608909,1.311934,0.008318,-0.007906,-0.018969,0.999754,-0.202403,0.128271,-0.092366,0.001120,-0.001980,0.006046,0.001547,0.000513,0.000029,17,-0.001300,-0.022852,9.817775,-0.138803,-0.043280,0.014787,9.820745,0.157082,0.064169,0.062936
11.192576,1.036000,0.623000,1.282000,0.958918,0.577393,1.310376,0.979605,0.609331,1.310440,0.007011,-0.008623,-0.020146,0.999735,-0.206550,0.124413,-0.095166,0.001131,-0.001953,0.006047,0.001527,0.000522,0.000042,16,0.010607,0.056014,9.642538,-0.172871,-0.088123,-0.023732,9.645421,0.205713,0.093951,0.064622
11.209218,1.034000,0.623000,1.281000,0.983550,0.568267,1.282349,0.976667,0.609238,1.308025,0.006300,-0.009685,-0.019857,0.999736,-0.208594,0.118951,-0.099185,0.001123,-0.001918,0.006081,0.001505,0.000516,0.000039,17,0.008867,-0.010489,9.621746,-0.093248,-0.133445,0.010593,9.622223,0.170597,0.074450,0.064860
11.225855,1.031000,0.622000,1.280000,0.988478,0.579631,1.360201,0.973913,0.609707,1.308025,0.005753,-0.010418,-0.019576,0.999738,-0.214345,0.112290,-0.099567,0.001116,-0.001896,0.006022,0.001492,0.000510,0.000033,17,-0.205856,-0.166943,9.696315,-0.073577,-0.096665,-0.008436,9.700757,0.137465,0.100177,0.064772
11.242504,1.028000,0.622000,1.278000,0.974767,0.570965,1.213057,0.970697,0.609480,1.303457,0.004860,-0.011077,-0.019680,0.999733,-0.219667,0.104858,-0.104462,0.001108,-0.001861,0.006133,0.001469,0.000504,0.000030,17,-0.146692,-0.155493,9.707189,-0.116117,-0.082945,-0.038616,9.711219,0.170204,0.098264,0.063941
11.259115,1.026000,0.623000,1.277000,1.004367,0.573638,1.246053,0.969121,0.609301,1.300071,0.004198,-0.010317,-0.018397,0.999769,-0.226548,0.104160,-0.105189,0.001083,-0.001831,0.006202,0.001451,0.000485,0.000011,16,-0.430358,0.215166,9.892966,-0.096996,0.083693,-0.015669,9.907110,0.153035,0.062147,0.062890
11.275681,1.023000,0.622000,1.276000,1.010208,0.547555,1.328939,0.967664,0.608039,1.299281,0.003979,-0.008414,-0.016932,0.999813,-0.229400,0.104630,-0.103648,0.001057,-0.001784,0.006174,0.001423,0.000464,-0.000008,17,-0.221600,0.392349,9.868343,-0.051338,0.224117,0.008128,9.879560,0.243675,0.092240,0.061636
11.292379,1.020000,0.622000,1.274000,1.007889,0.561886,1.297738,0.966109,0.607493,1.297564,0.004293,-0.006572,-0.015485,0.999849,-0.230117,0.101834,-0.102482,0.001031,-0.001748,0.006179,0.001403,0.000443,-0.000028,17,-0.113783,0.131351,9.889717,0.023459,0.222975,0.000946,9.891527,0.236195,0.065756,0.060580
11.309006,1.018000,0.621000,1.273000,0.967718,0.580804,1.273727,0.962616,0.607768,1.295202,0.005212,-0.005298,-0.015315,0.999855,-0.232976,0.095441,-0.101048,0.001025,-0.001725,0.006207,0.001388,0.000439,-0.000029,17,-0.080415,-0.160656,9.950534,0.103328,0.159797,0.004415,9.953072,0.213807,0.064378,0.061117
11.325634,1.013000,0.621000,1.271000,1.000302,0.582999,1.395742,0.960644,0.608176,1.296646,0.005831,-0.004033,-0.014191,0.999874,-0.232887,0.086518,-0.096439,0.001006,-0.001709,0.006093,0.001381,0.000423,-0.000046,17,-0.066318,-0.331171,9.907986,0.066760,0.144254,-0.015496,9.916775,0.171317,0.131019,0.059694
11.342151,1.011000,0.621000,1.270000,0.983117,0.582766,1.262429,0.958301,0.608210,1.294094,0.005951,-0.002754,-0.013342,0.999889,-0.232455,0.079513,-0.097052,0.000989,-0.001688,0.006135,0.001368,0.000410,-0.000058,16,-0.030006,-0.196484,9.846682,0.007434,0.155148,-0.005368,9.850461,0.186945,0.047923,0.059341
11.358800,1.007000,0.620000,1.269000,0.940137,0.553633,1.280030,0.953820,0.606831,1.292108,0.006434,-0.002544,-0.014156,0.999876,-0.235027,0.073744,-0.096065,0.000993,-0.001643,0.006152,0.001339,0.000414,-0.000048,17,-0.029831,0.005616,9.903468,0.047529,0.030042,-0.001987,9.905527,0.107902,0.094852,0.059460
11.375545,1.004000,0.620000,1.268000,0.994593,0.576263,1.330437,0.952124,0.606563,1.291698,0.007411,-0.002215,-0.012688,0.999890,-0.235513,0.066863,-0.097272,0.000969,-0.001621,0.006111,0.001327,0.000395,-0.000067,17,-0.182610,-0.140887,9.672775,0.112712,0.030596,0.003112,9.676349,0.128476,0.076810,0.058594
11.392099,1.002000,0.618000,1.266000,0.952902,0.584649,1.240188,0.948523,0.606516,1.288543,0.007640,-0.001752,-0.012458,0.999892,-0.236044,0.064088,-0.098571,0.000964,-0.001601,0.006170,0.001315,0.000391,-0.000069,17,-0.024185,0.092702,9.828501,0.022699,0.056098,0.011120,9.829039,0.071077,0.064724,0.059159
11.408743,0.998000,0.619000,1.265000,0.987326,0.574690,1.299892,0.946878,0.605986,1.287355,0.008004,-0.001338,-0.011224,0.999904,-0.235438,0.056106,-0.097172,0.000940,-0.001577,0.006160,0.001302,0.000373,-0.000087,16,-0.128394,-0.192401,9.887063,0.038890,0.041922,-0.012967,9.891137,0.117992,0.057400,0.057294
11.425307,0.996000,0.617000,1.264000,0.967776,0.589914,1.306081,0.944326,0.606059,1.286393,0.008785,-0.001630,-0.010366,0.999906,-0.234485,0.048251,-0.098098,0.000927,-0.001565,0.006140,0.001296,0.000363,-0.000097,17,-0.016452,-0.255635,9.728629,0.090152,-0.041652,0.011917,9.733568,0.136389,0.057455,0.057370
11.441951,0.992000,0.617000,1.262000,0.981416,0.532969,1.338206,0.945237,0.602994,1.287532,0.008553,-0.001652,-0.009445,0.999917,-0.232534,0.042355,-0.096800,0.000906,-0.001513,0.006089,0.001264,0.000347,-0.000108,4,-0.155006,-0.046355,9.779159,-0.211619,-0.058455,0.073433,9.780722,0.234876,0.113932,0.055090
11.458669,0.989000,0.616000,1.262000,0.957588,0.588618,1.259064,0.942226,0.602971,1.285116,0.007555,-0.002114,-0.009175,0.999927,-0.231092,0.037455,-0.098911,0.000896,-0.001501,0.006121,0.001258,0.000340,-0.000115,17,0.052451,-0.063590,9.739193,-0.124828,-0.060179,-0.029077,9.742689,0.149488,0.041775,0.053776
11.475234,0.987000,0.615000,1.261000,0.943634,0.573351,1.264621,0.938646,0.602203,1.282898,0.006735,-0.002777,-0.008997,0.999933,-0.232995,0.036539,-0.098665,0.000891,-0.001478,0.006144,0.001243,0.000336,-0.000116,17,-0.090303,0.210805,9.865661,-0.104116,-0.082415,0.014319,9.870413,0.138243,0.060236,0.054602
11.491792,0.983000,0.613000,1.259000,1.005284,0.553728,1.290301,0.938269,0.600629,1.281529,0.006849,-0.002583,-0.007145,0.999948,-0.228543,0.034862,-0.098456,0.000854,-0.001444,0.006141,0.001224,0.000308,-0.000144,16,0.010435,0.256919,9.815379,0.003951,0.007338,-0.033607,9.819202,0.077072,0.070637,0.051590
11.508474,0.979000,0.612000,1.258000,0.932606,0.547169,1.268317,0.934445,0.598723,1.279543,0.007641,-0.002333,-0.008065,0.999936,-0.232203,0.030680,-0.098941,0.000851,-0.001402,0.006157,0.001198,0.000306,-0.000139,17,-0.171174,0.117483,9.815621,0.078462,0.028985,-0.064591,9.818568,0.163833,0.080386,0.051240
11.525129,0.977000,0.612000,1.257000,0.995646,0.533674,1.335894,0.933670,0.596287,1.279548,0.009353,-0.001636,-0.006139,0.999936,-0.227491,0.018219,-0.099794,0.000817,-0.001355,0.006102,0.001172,0.000281,-0.000162,17,0.052497,-0.304378,9.670707,0.193247,0.071424,0.017214,9.677132,0.217502,0.112725,0.051310
11.541700,0.975000,0.611000,1.255000,0.936910,0.548456,1.264378,0.930241,0.594294,1.277434,0.008132,-0.000997,-0.005883,0.999949,-0.224419,0.006319,-0.100582,0.000810,-0.001318,0.006120,0.001148,0.000276,-0.000161,17,0.189720,-0.340170,9.800410,-0.153925,0.075383,0.042532,9.812767,0.226276,0.073828,0.052780
11.558295,0.970000,0.609000,1.254000,0.916927,0.584287,1.364998,0.926123,0.594047,1.278520,0.007154,-0.001170,-0.007059,0.999949,-0.222284,0.009277,-0.094637,0.000817,-0.001312,0.006021,0.001145,0.000281,-0.000154,16,0.218926,0.367774,10.012274,-0.124215,-0.018730,-0.080376,10.022383,0.165011,0.125491,0.052440
11.574941,0.967000,0.607000,1.253000,0.939593,0.554798,1.296857,0.923308,0.592421,1.277558,0.006670,-0.001497,-0.006598,0.999955,-0.224751,0.003628,-0.092574,0.000807,-0.001283,0.006003,0.001128,0.000274,-0.000158,17,-0.180610,-0.023421,9.915709,-0.067355,-0.045613,0.014940,9.919784,0.113463,0.073482,0.052198
11.591607,0.964000,0.606000,1.251000,0.931535,0.563102,1.288641,0.920205,0.591127,1.276413,0.006263,-0.001858,-0.006294,0.999959,-0.223788,-0.002541,-0.090637,0.000800,-0.001261,0.005991,0.001115,0.000268,-0.000161,17,0.040990,-0.124786,9.915546,-0.059699,-0.049184,0.012917,9.917152,0.145868,0.065658,0.052773
11.608222,0.960000,0.603000,1.250000,0.958823,0.573691,1.250059,0.918592,0.590249,1.274162,0.005221,-0.002413,-0.005077,0.999971,-0.222181,-0.008669,-0.090071,0.000778,-0.001246,0.006023,0.001108,0.000252,-0.000179,17,-0.051917,-0.171956,9.899214,-0.126891,-0.078875,-0.012146,9.901394,0.173271,0.029332,0.049609
11.624832,0.958000,0.603000,1.249000,0.923683,0.525908,1.264605,0.915884,0.587208,1.272599,0.004586,-0.002638,-0.005448,0.999971,-0.225366,-0.013589,-0.092856,0.000770,-0.001197,0.006036,0.001077,0.000247,-0.000177,14,-0.223377,0.077225,9.641664,-0.112503,-0.035878,-0.035127,9.645386,0.135232,0.085816,0.050794
11.641410,0.954000,0.601000,1.248000,0.927691,0.569896,1.289992,0.914665,0.586363,1.272369,0.003916,-0.002661,-0.005092,0.999976,-0.226178,-0.014271,-0.092340,0.000763,-0.001185,0.006018,0.001071,0.000241,-0.000182,9,-0.152667,0.149756,9.810239,-0.157481,-0.006705,0.005169,9.812671,0.163541,0.058506,0.048532
11.674777,0.948000,0.598000,1.246000,0.942956,0.524750,1.285853,0.908907,0.583353,1.269820,0.003977,-0.003691,-0.004941,0.999973,-0.220571,-0.003157,-0.087604,0.000747,-0.001129,0.006004,0.001063,0.000195,-0.000194,34,0.150620,0.530574,9.940865,-0.006475,-0.069517,-0.000930,9.960230,0.156234,0.083542,0.048065
11.691381,0.940000,0.594000,1.243000,0.928480,0.543139,1.222057,0.906409,0.581314,1.266948,0.004373,-0.004112,-0.004050,0.999974,-0.221184,-0.012606,-0.086461,0.000730,-0.001096,0.006061,0.001043,0.000182,-0.000202,17,-0.059833,-0.287733,9.979526,0.041346,-0.056736,0.034046,9.985629,0.134865,0.056198,0.043160
11.707923,0.938000,0.593000,1.242000,0.886244,0.552682,1.185932,0.902169,0.579631,1.263155,0.004089,-0.004342,-0.004820,0.999971,-0.225512,-0.018986,-0.087643,0.000735,-0.001070,0.006150,0.001025,0.000187,-0.000193,16,-0.125005,-0.177494,9.903928,-0.045602,-0.026121,-0.008886,9.908174,0.099400,0.086301,0.043705
11.724582,0.931000,0.589000,1.240000,0.923352,0.499045,1.275410,0.899630,0.575584,1.262060,0.004963,-0.003909,-0.004510,0.999970,-0.225927,-0.025985,-0.088103,0.000719,-0.001006,0.006140,0.000987,0.000176,-0.000196,17,-0.064218,0.017121,9.773018,0.085918,0.050016,0.006691,9.777122,0.103477,0.096976,0.040629
11.741216,0.929000,0.588000,1.240000,0.934709,0.561128,1.312815,0.897485,0.574562,1.262168,0.006173,-0.003189,-0.004691,0.999965,-0.226481,-0.022926,-0.086775,0.000681,-0.001002,0.006084,0.000961,0.000197,-0.000228,17,-0.082745,0.362007,9.797880,0.147158,0.086597,-0.001219,9.810405,0.178509,0.077825,0.040806
11.757834,0.927000,0.587000,1.239000,0.870370,0.524713,1.319666,0.892509,0.571907,1.262467,0.006973,-0.002099,-0.005733,0.999957,-0.228234,-0.029915,-0.085255,0.000693,-0.000963,0.006018,0.000937,0.000204,-0.000213,17,0.058844,-0.089295,9.798519,0.084958,0.137147,0.000881,9.800762,0.162769,0.116591,0.044364
11.774461,0.923000,0.586000,1.237000,0.911183,0.555135,1.187665,0.890077,0.570574,1.258879,0.007634,-0.001197,-0.005207,0.999957,-0.227291,-0.032790,-0.088122,0.000677,-0.000948,0.006104,0.000928,0.000193,-0.000223,16,-0.022699,0.053473,9.779952,0.079178,0.109561,-0.026619,9.780608,0.156321,0.059382,0.042434
11.791010,0.914000,0.580000,1.234000,0.897313,0.507974,1.247118,0.886995,0.567140,1.257082,0.008139,-0.000510,-0.005527,0.999951,-0.224473,-0.037387,-0.089417,0.000669,-0.000898,0.006120,0.000898,0.000187,-0.000224,17,0.144103,0.154683,9.763819,0.046487,0.082254,-0.049252,9.766851,0.122626,0.075088,0.037781
11.807733,0.914000,0.580000,1.234000,0.881300,0.566315,1.248494,0.883258,0.566498,1.255407,0.008544,0.000165,-0.005688,0.999947,-0.225240,-0.038232,-0.090048,0.000669,-0.000898,0.006128,0.000897,0.000187,-0.000223,17,-0.036320,0.104820,9.781252,0.047801,0.086437,-0.014235,9.783102,0.111988,0.038297,0.039820
11.824373,0.913000,0.581000,1.233000,0.898290,0.494167,1.285452,0.880391,0.562585,1.254782,0.009281,0.000633,-0.005630,0.999941,-0.225988,-0.044504,-0.089003,0.000659,-0.000840,0.006098,0.000863,0.000180,-0.000224,17,-0.125451,0.120013,9.829189,0.073736,0.055655,-0.003338,9.832414,0.112775,0.102506,0.043323
11.840961,0.912000,0.580000,1.233000,0.853149,0.538602,1.248751,0.875510,0.560747,1.253182,0.009826,0.000956,-0.006279,0.999932,-0.229002,-0.047921,-0.086292,0.000671,-0.000820,0.006102,0.000851,0.000187,-0.000213,17,-0.096900,0.083540,9.987689,0.058065,0.043639,0.013633,9.989160,0.107377,0.073657,0.045929
11.857551,0.908000,0.578000,1.232000,0.910739,0.538035,1.199163,0.873801,0.558883,1.250196,0.010547,0.001946,-0.004995,0.999930,-0.225908,-0.054131,-0.085726,0.000648,-0.000802,0.006166,0.000840,0.000172,-0.000228,16,-0.015527,-0.065928,9.960277,0.086022,0.115671,0.021955,9.963994,0.159569,0.051797,0.043198
11.874155,0.904000,0.575000,1.231000,0.933757,0.489776,1.290883,0.873132,0.554819,1.249988,0.010479,0.002458,-0.003880,0.999935,-0.219895,-0.068153,-0.082733,0.000612,-0.000749,0.006127,0.000812,0.000148,-0.000249,17,0.059339,-0.352044,9.944939,-0.026863,0.049169,-0.045207,9.951560,0.110085,0.108326,0.041481
11.890855,0.901000,0.573000,1.230000,0.877282,0.515008,1.211224,0.869950,0.551817,1.247469,0.010163,0.002596,-0.004108,0.999937,-0.219112,-0.072818,-0.083160,0.000604,-0.000716,0.006172,0.000793,0.000143,-0.000249,17,-0.038018,0.085911,9.866516,-0.050828,0.013558,-0.031404,9.871725,0.083274,0.065407,0.041449
11.907446,0.897000,0.570000,1.228000,0.898919,0.500097,1.231012,0.867801,0.548310,1.245574,0.008867,0.002536,-0.004496,0.999947,-0.215869,-0.072691,-0.080687,0.000580,-0.000665,0.006193,0.000771,0.000141,-0.000255,17,0.003161,0.419110,9.993390,-0.170215,-0.013508,0.006703,10.003247,0.190839,0.069994,0.040397
11.924056,0.894000,0.569000,1.228000,0.873540,0.520707,1.234081,0.865657,0.546228,1.244291,0.008965,0.002386,-0.004499,0.999947,-0.214231,-0.071026,-0.078321,0.000575,-0.000644,0.006207,0.000758,0.000137,-0.000256,12,0.035012,0.490009,10.041085,0.007304,-0.028552,-0.018682,10.054215,0.063408,0.052800,0.039841
11.940637,0.891000,0.567000,1.226000,0.913471,0.518375,1.254982,0.913512,0.518607,1.255128,-0.000000,-0.000000,0.000000,1.000000,-0.214231,-0.071026,-0.078321,0.000575,-0.000644,0.006207,0.000758,0.000137,-0.000256,1,0.228214,0.156019,9.768528,-0.000105,-0.016913,0.037758,9.772439,0.041373,0.060904,0.060804
11.957301,0.885000,0.563000,1.225000,0.816645,0.487441,1.237111,0.817098,0.488892,1.236735,0.000000,0.000000,-0.000000,1.000000,-0.214231,-0.071026,-0.078321,0.000575,-0.000644,0.006207,0.000758,0.000137,-0.000256,0,0.000000,0.000000,0.000000,0.000000,0.000000,0.000000,0.000000,0.000000,0.102607,0.101195
11.973953,0.882000,0.561000,1.224000,0.932490,0.526237,1.234314,0.882777,0.515371,1.235488,0.120929,-0.299388,-0.166172,0.931735,-0.269646,-0.121693,-0.077233,0.000575,-0.000644,0.006207,0.000758,0.000137,-0.000256,2,-0.010230,0.490729,9.971593,-0.125006,-0.237952,-0.016534,9.983771,0.269500,0.062162,0.047059
11.990528,0.880000,0.559000,1.223000,0.857451,0.518798,1.270952,0.863059,0.510295,1.243758,-0.016054,-0.390103,0.061095,0.918602,-0.300384,-0.131356,-0.112474,0.000575,-0.000643,0.006207,0.000758,0.000137,-0.000256,16,-0.039888,0.358324,9.834107,-0.138029,-0.149606,0.038441,9.842877,0.215569,0.066514,0.055588
12.007159,0.875000,0.556000,1.222000,0.849346,0.536412,1.277259,0.853732,0.499725,1.244854,-0.207572,-0.434548,0.433412,0.761732,-0.450836,-0.106507,-0.194754,0.000575,-0.000644,0.006207,0.000758,0.000137,-0.000256,17,-0.143785,-0.013665,9.804497,-0.159832,-0.113670,0.000600,9.808266,0.200704,0.063995,0.064355
12.023784,0.872000,0.553000,1.221000,0.855291,0.476932,1.260871,0.851229,0.506825,1.253175,-0.022336,-0.401990,0.224106,0.887514,-0.566647,-0.131455,-0.235018,0.000575,-0.000644,0.006207,0.000758,0.000137,-0.000256,17,-0.263907,-0.081758,9.716976,-0.084247,-0.106290,-0.034831,9.722206,0.145771,0.087494,0.059990
12.040467,0.869000,0.552000,1.220000,0.828533,0.505803,1.327772,0.839014,0.504468,1.262107,0.048825,-0.400622,0.061569,0.912868,-0.684573,-0.155198,-0.290322,0.000574,-0.000644,0.006206,0.000758,0.000137,-0.000256,17,-0.021571,0.216245,9.733920,0.034029,-0.069067,-0.046491,9.738213,0.134470,0.124043,0.070224
12.057049,0.865000,0.549000,1.219000,0.888321,0.472093,1.349703,0.835947,0.496984,1.272284,0.133394,-0.377233,-0.109937,0.909843,-0.797191,-0.179193,-0.331392,0.000574,-0.000644,0.006206,0.000758,0.000137,-0.000256,17,-0.263731,0.491093,10.059926,0.193092,0.023713,0.008257,10.076241,0.198078,0.153434,0.079931
12.090326,0.856000,0.543000,1.216000,0.823491,0.476303,1.303229,0.808444,0.488116,1.265575,0.204186,-0.346848,-0.269570,0.874835,-1.020338,-0.234220,-0.422624,0.000574,-0.000644,0.006206,0.000758,0.000137,-0.000256,33,0.067992,0.264412,9.911808,0.166024,0.048971,-0.016210,9.920094,0.189055,0.114517,0.087929
12.106950,0.853000,0.542000,1.215000,0.813614,0.485269,1.204913,0.793619,0.484064,1.252351,0.261302,-0.311165,-0.411362,0.815892,-1.133797,-0.265109,-0.477707,0.000574,-0.000644,0.006208,0.000758,0.000137,-0.000256,17,-0.098304,-0.107941,9.813084,0.194107,0.018589,0.007147,9.814842,0.208676,0.069796,0.090982
12.123538,0.850000,0.540000,1.214000,0.795928,0.481529,1.120730,0.776240,0.479484,1.231399,0.309362,-0.269574,-0.534777,0.738674,-1.251595,-0.293377,-0.540944,0.000574,-0.000644,0.006213,0.000758,0.000137,-0.000256,17,-0.184932,-0.188195,9.724812,0.104339,0.097671,0.006193,9.729071,0.153631,0.122646,0.096981
12.140160,0.845000,0.536000,1.212000,0.852752,0.488390,1.242549,0.765952,0.475281,1.227039,0.337631,-0.226286,-0.625276,0.666205,-1.348682,-0.316298,-0.580210,0.000574,-0.000644,0.006217,0.000758,0.000137,-0.000256,16,-0.124867,-0.190952,9.846833,0.154478,0.061235,-0.009404,9.851867,0.169497,0.057097,0.100804
12.156761,0.841000,0.533000,1.211000,0.790042,0.490030,1.254968,0.747386,0.470969,1.222353,0.342323,-0.212784,-0.651180,0.643042,-1.455746,-0.340043,-0.624309,0.000574,-0.000644,0.006218,0.000758,0.000137,-0.000256,17,0.094552,-0.232076,9.891867,0.003490,0.083954,0.023335,9.897624,0.113206,0.079852,0.112873
12.173407,0.838000,0.532000,1.210000,0.835852,0.473379,1.285278,0.733963,0.465693,1.219700,0.357863,-0.171128,-0.718468,0.571360,-1.548735,-0.368931,-0.655210,0.000574,-0.000644,0.006222,0.000758,0.000137,-0.000256,17,-0.032217,0.055559,9.947252,-0.103765,0.033288,-0.048481,9.947785,0.133067,0.095435,0.123751
12.190046,0.833000,0.528000,1.209000,0.790850,0.457584,1.255526,0.714432,0.459111,1.212806,0.363775,-0.145783,-0.755841,0.524519,-1.647429,-0.396250,-0.691176,0.000574,-0.000644,0.006225,0.000758,0.000137,-0.000256,17,-0.134610,0.020613,9.908782,-0.055392,-0.011296,-0.017263,9.911478,0.080456,0.094339,0.137180
12.206709,0.830000,0.525000,1.208000,0.823645,0.472845,1.290290,0.696406,0.451817,1.211093,0.362119,-0.130188,-0.774338,0.502317,-1.734648,-0.424919,-0.719311,0.000574,-0.000643,0.006231,0.000758,0.000137,-0.000256,17,-0.047342,-0.059294,9.808674,-0.036510,-0.049179,0.055035,9.810290,0.095597,0.097633,0.152357
12.223225,0.825000,0.522000,1.207000,0.817698,0.460604,1.289251,0.681360,0.447310,1.207194,0.354764,-0.126363,-0.779288,0.500885,-1.811591,-0.446323,-0.740134,0.000574,-0.000643,0.006237,0.000758,0.000137,-0.000256,16,-0.068568,0.047188,9.848924,-0.076195,-0.068206,-0.040502,9.850472,0.122537,0.102899,0.161899
12.239907,0.821000,0.519000,1.206000,0.802692,0.427430,1.295907,0.662261,0.440176,1.203052,0.316328,-0.188016,-0.665369,0.649516,-1.889154,-0.491208,-0.761670,0.000574,-0.000643,0.006243,0.000758,0.000137,-0.000256,17,-0.093526,0.445941,9.991314,0.101185,-0.046342,-0.067967,10.004856,0.180757,0.129628,0.177257
12.256562,0.818000,0.517000,1.205000,0.804885,0.465742,1.194894,0.642053,0.437141,1.193065,0.181253,-0.309146,-0.264424,0.895353,-1.935140,-0.532815,-0.761855,0.000575,-0.000643,0.006260,0.000758,0.000137,-0.000256,17,-0.110765,0.253997,9.918617,0.227047,0.042085,0.051555,9.926432,0.238752,0.053866,0.193590
12.273179,0.813000,0.514000,1.204000,0.783408,0.442004,1.284897,0.623643,0.429335,1.190544,0.281800,-0.210767,-0.591530,0.725436,-2.003519,-0.528504,-0.768610,0.000575,-0.000642,0.006268,0.000758,0.000137,-0.000257,17,0.052821,-0.144322,9.955028,0.157118,0.056554,0.036372,9.957111,0.192714,0.112264,0.207859
12.289800,0.809000,0.510000,1.203000,0.787311,0.472729,1.148981,0.605451,0.421519,1.178989,0.286928,-0.197739,-0.608569,0.712892,-2.087931,-0.554271,-0.808058,0.000574,-0.000643,0.006297,0.000758,0.000137,-0.000257,16,-0.089705,0.068870,9.921257,-0.059549,0.111014,-0.057134,9.923476,0.150286,0.069120,0.223243
12.306383,0.806000,0.508000,1.202000,0.843230,0.384999,1.325801,0.589605,0.407415,1.177166,0.260109,-0.213827,-0.519190,0.785534,-2.143945,-0.684763,-0.842843,0.000574,-0.000642,0.006310,0.000758,0.000137,-0.000256,17,-0.029512,0.386817,9.671976,0.002744,0.103325,-0.027599,9.680454,0.130956,0.178444,0.239918
12.323082,0.801000,0.504000,1.201000,0.766889,0.455944,1.166077,0.569873,0.401138,1.167916,0.198998,-0.259737,-0.321286,0.888657,-2.177324,-0.666139,-0.833584,0.000573,-0.000642,0.006339,0.000758,0.000137,-0.000256,17,0.074071,0.194108,9.764788,0.037463,0.045394,0.019012,9.771869,0.096842,0.068502,0.255137
12.339667,0.797000,0.501000,1.200000,0.825876,0.458998,1.295661,0.553365,0.393724,1.170674,0.188130,-0.257577,-0.297780,0.899771,-2.193168,-0.643931,-0.805271,0.000572,-0.000642,0.006362,0.000758,0.000137,-0.000256,17,-0.066242,-0.004873,9.839845,-0.044603,0.022733,-0.032857,9.841075,0.139774,0.108393,0.267818
12.356273,0.793000,0.498000,1.199000,0.741003,0.436958,1.118048,0.534874,0.380652,1.161009,0.208541,-0.235830,-0.374190,0.872282,-2.234366,-0.655983,-0.812868,0.000574,-0.000639,0.006397,0.000758,0.000137,-0.000256,16,-0.078711,0.392026,9.987150,0.212187,0.063732,-0.019290,9.998075,0.235993,0.113943,0.286082
12.422763,0.776000,0.483000,1.195000,0.747930,0.457792,1.200403,0.403111,0.338458,1.110110,-0.306923,0.015784,0.902072,-0.303011,-2.474194,-0.810285,-0.869872,0.000570,-0.000643,0.006450,0.000758,0.000137,-0.000256,68,0.022209,0.109594,9.860468,0.088673,0.065158,0.008101,9.866306,0.156600,0.038112,0.408834
12.439348,0.773000,0.480000,1.195000,0.729376,0.447083,1.245291,0.404445,0.330288,1.119055,0.225348,-0.172090,-0.507749,0.813508,-2.419562,-0.917461,-0.841414,0.000572,-0.000640,0.006487,0.000759,0.000137,-0.000250,16,0.237972,0.311898,9.851939,0.014760,0.056892,0.014460,9.860710,0.091769,0.074269,0.404987
12.456034,0.769000,0.477000,1.194000,0.735626,0.428054,1.188250,0.398144,0.326207,1.117714,0.250348,-0.106418,-0.703779,0.656274,-2.351846,-0.985598,-0.798544,0.000572,-0.000642,0.006541,0.000759,0.000137,-0.000251,17,0.191504,0.180314,9.787155,-0.097068,0.006899,0.018848,9.792883,0.115626,0.059520,0.407544
12.472687,0.765000,0.473000,1.192000,0.745993,0.429352,1.303478,0.389200,0.317552,1.118614,0.254706,-0.060586,-0.810859,0.523413,-2.331260,-0.977336,-0.775137,0.000573,-0.000643,0.006576,0.000759,0.000137,-0.000252,17,0.005260,0.462029,9.634509,-0.084596,-0.042188,-0.033320,9.647062,0.112779,0.121218,0.413250
12.489311,0.761000,0.469000,1.192000,0.730965,0.432825,1.230982,0.381264,0.315757,1.120070,0.229139,-0.094562,-0.713582,0.655251,-2.313931,-0.964323,-0.749507,0.000572,-0.000643,0.006615,0.000759,0.000137,-0.000251,17,0.185857,0.505397,9.967841,-0.050396,-0.087287,-0.003885,9.984060,0.120341,0.061077,0.415761
12.505889,0.758000,0.466000,1.191000,0.726329,0.406898,1.200115,0.375686,0.314651,1.119368,0.191518,-0.132481,-0.544318,0.805908,-2.291103,-0.914599,-0.724647,0.000567,-0.000641,0.006665,0.000758,0.000136,-0.000249,16,-0.013707,0.046947,9.709160,-0.168516,-0.062780,0.036274,9.711293,0.188955,0.067669,0.417375
12.522530,0.754000,0.461000,1.190000,0.736691,0.371646,1.265254,0.371792,0.315454,1.123129,0.091057,-0.186658,-0.074638,0.975344,-2.262604,-0.926987,-0.707443,0.000568,-0.000638,0.006694,0.000757,0.000136,-0.000242,17,-0.049213,0.071491,9.803222,-0.146678,-0.076625,-0.008544,9.805504,0.186647,0.118097,0.414413
12.555764,0.745000,0.453000,1.188000,0.711331,0.379282,1.199242,0.330100,0.302844,1.110904,0.057119,-0.185925,0.072425,0.978225,-2.280716,-0.941873,-0.693742,0.000566,-0.000635,0.006748,0.000757,0.000136,-0.000241,34,-0.112120,0.081002,9.820808,0.029766,-0.026276,-0.016691,9.825493,0.114524,0.081819,0.447920
12.572405,0.742000,0.449000,1.187000,0.702258,0.417999,1.197972,0.325182,0.301415,1.109513,0.060556,-0.175123,0.046266,0.981593,-2.231480,-0.916763,-0.657290,0.000563,-0.000634,0.006800,0.000758,0.000136,-0.000240,17,-0.225332,0.094096,10.082092,0.060593,0.081124,-0.008023,10.085813,0.148365,0.051584,0.448913
12.588958,0.739000,0.446000,1.186000,0.713476,0.406276,1.228745,0.322906,0.298400,1.110189,0.060124,-0.165318,0.048687,0.983201,-2.167045,-0.889450,-0.620113,0.000559,-0.000634,0.006838,0.000758,0.000135,-0.000237,16,0.194057,0.386315,9.942818,0.189901,0.139932,0.039955,9.955652,0.258281,0.063691,0.447959
12.605631,0.735000,0.442000,1.185000,0.721942,0.385191,1.159025,0.321877,0.294372,1.107992,0.058530,-0.158411,0.047842,0.984475,-2.105009,-0.874717,-0.594430,0.000557,-0.000633,0.006893,0.000758,0.000135,-0.000236,17,0.135732,-0.065476,9.781120,-0.073215,-0.177791,0.009722,9.787280,0.228364,0.063816,0.445415
12.622265,0.731000,0.438000,1.184000,0.700261,0.376184,1.198402,0.320193,0.287495,1.107040,0.067179,-0.147393,-0.013881,0.986696,-2.053353,-0.870200,-0.570372,0.000552,-0.000634,0.006931,0.000758,0.000135,-0.000234,17,-0.283350,0.018014,9.894032,-0.106043,-0.022307,-0.063470,9.900165,0.140535,0.070523,0.444227
12.638886,0.727000,0.432000,1.184000,0.715029,0.384908,1.216380,0.318282,0.283152,1.106947,0.063829,-0.140781,-0.002288,0.987978,-1.993275,-0.849270,-0.542665,0.000549,-0.000635,0.006960,0.000759,0.000134,-0.000231,17,0.233164,0.457800,9.921249,0.017851,-0.095543,0.027923,9.936238,0.123810,0.058390,0.441750
12.655498,0.723000,0.428000,1.183000,0.721932,0.360871,1.235331,0.319840,0.278487,1.108170,0.062498,-0.134025,-0.002238,0.989003,-1.932233,-0.838882,-0.517192,0.000543,-0.000637,0.006983,0.000759,0.000134,-0.000227,16,-0.076710,0.211485,9.912842,0.051746,-0.158124,0.034366,9.919138,0.175888,0.085124,0.436453
12.672066,0.720000,0.425000,1.182000,0.678984,0.381643,1.212799,0.320016,0.274697,1.107680,0.068662,-0.124780,-0.041999,0.988914,-1.883424,-0.820358,-0.495178,0.000539,-0.000638,0.007012,0.000759,0.000133,-0.000227,17,-0.282871,0.172326,10.005654,0.319447,0.058202,0.021770,10.011783,0.327707,0.067162,0.433707
12.688792,0.716000,0.420000,1.181000,0.683841,0.352630,1.212845,0.320148,0.268481,1.106983,0.069546,-0.116713,-0.059991,0.988910,-1.830524,-0.818112,-0.478097,0.000532,-0.000640,0.007035,0.000760,0.000133,-0.000225,17,0.086853,-0.017487,9.814712,0.004717,0.052090,0.019651,9.816395,0.107110,0.081160,0.430274
12.705397,0.712000,0.415000,1.181000,0.655534,0.374293,1.245780,0.318892,0.264805,1.107643,0.066730,-0.110535,-0.064342,0.989540,-1.780845,-0.811963,-0.459501,0.000525,-0.000642,0.007044,0.000760,0.000132,-0.000223,17,0.120750,0.035045,9.867028,-0.121962,-0.033782,-0.008736,9.870934,0.139805,0.095089,0.427169
12.722039,0.709000,0.412000,1.180000,0.693097,0.336634,1.273516,0.318836,0.259436,1.110149,0.064024,-0.104240,-0.052263,0.991112,-1.727560,-0.801168,-0.439453,0.000516,-0.000643,0.007036,0.000760,0.000132,-0.000220,17,0.094022,0.492011,9.790858,0.054106,0.069840,-0.017928,9.804584,0.100025,0.121154,0.424715
12.738607,0.705000,0.408000,1.178000,0.680672,0.353580,1.293335,0.319452,0.256189,1.112865,0.064167,-0.098155,-0.054400,0.991609,-1.678437,-0.793961,-0.425263,0.000508,-0.000644,0.007025,0.000761,0.000131,-0.000218,16,-0.054788,0.024313,9.581210,0.241319,0.045863,0.033332,9.582452,0.264304,0.129829,0.419447
12.755264,0.701000,0.402000,1.178000,0.662684,0.310880,1.290266,0.319033,0.249342,1.115132,0.064459,-0.092594,-0.072747,0.990949,-1.635779,-0.809702,-0.411715,0.000500,-0.000646,0.007008,0.000761,0.000130,-0.000217,17,0.001883,-0.408776,9.774199,-0.049536,-0.059270,0.037564,9.784263,0.163840,0.149582,0.416120
12.771971,0.697000,0.397000,1.177000,0.661851,0.363208,1.221866,0.324234,0.248849,1.116448,0.061773,-0.087972,-0.069513,0.991773,-1.586735,-0.806498,-0.397517,0.000490,-0.000649,0.007011,0.000761,0.000129,-0.000215,13,0.125477,0.160651,9.938110,-0.059100,-0.036007,0.001772,9.941421,0.097652,0.066259,0.405672
12.788517,0.694000,0.394000,1.177000,0.645434,0.365740,1.169385,0.322504,0.245643,1.114130,0.059670,-0.083245,-0.073747,0.992004,-1.544298,-0.797247,-0.387607,0.000482,-0.000649,0.007031,0.000761,0.000128,-0.000213,17,-0.046099,0.488286,9.815027,-0.063011,-0.009666,-0.047156,9.828039,0.129446,0.056703,0.404935
12.805116,0.690000,0.389000,1.175000,0.648535,0.267637,1.265357,0.325631,0.237866,1.116223,0.061423,-0.077113,-0.093338,0.990742,-1.492000,-0.796294,-0.373073,0.000472,-0.000651,0.007014,0.000762,0.000127,-0.000213,14,0.112892,0.594094,9.799858,0.082155,0.138325,-0.013804,9.819692,0.186564,0.156884,0.398825
12.821716,0.686000,0.383000,1.175000,0.632188,0.367888,1.147548,0.324154,0.236373,1.113124,0.061037,-0.073158,-0.077842,0.992403,-1.452054,-0.779919,-0.364783,0.000463,-0.000652,0.007038,0.000762,0.000126,-0.000214,17,0.034666,0.369835,9.845641,0.376886,0.103274,0.052436,9.858494,0.403536,0.062271,0.395298
12.838433,0.682000,0.378000,1.174000,0.653190,0.293887,1.292984,0.322644,0.231735,1.114797,0.054754,-0.070634,-0.024135,0.995706,-1.424480,-0.784909,-0.353435,0.000450,-0.000641,0.007010,0.000760,0.000124,-0.000216,17,-0.114190,-0.163968,9.905221,-0.104929,0.015906,0.025189,9.913929,0.178945,0.148533,0.392474
12.854984,0.679000,0.374000,1.173000,0.650075,0.326810,1.210887,0.322119,0.230211,1.114263,0.046759,-0.068209,0.057109,0.994937,-1.383676,-0.773645,-0.342441,0.000436,-0.000621,0.007007,0.000758,0.000122,-0.000209,17,0.032767,0.640095,9.876492,0.013804,0.033566,-0.041468,9.899075,0.105721,0.067074,0.389216
12.871639,0.676000,0.370000,1.172000,0.640723,0.309051,1.128997,0.329027,0.229814,1.112651,0.046899,-0.065229,0.049476,0.995539,-1.334360,-0.764957,-0.334691,0.000429,-0.000614,0.007030,0.000757,0.000121,-0.000207,11,0.069814,0.340599,9.920456,0.033516,-0.129765,0.008292,9.927073,0.153929,0.082514,0.378899
12.888220,0.671000,0.364000,1.171000,0.629759,0.309883,1.192497,0.327614,0.225152,1.111195,0.045645,-0.063022,0.047402,0.995840,-1.300388,-0.757117,-0.326072,0.000417,-0.000614,0.007029,0.000757,0.000119,-0.000208,17,-0.096522,0.345575,9.905075,-0.078736,-0.142766,0.052817,9.915766,0.174199,0.071356,0.375192
12.904851,0.668000,0.360000,1.170000,0.618257,0.298320,1.228591,0.326836,0.220470,1.111058,0.046243,-0.059802,0.037572,0.996430,-1.265792,-0.745591,-0.312442,0.000403,-0.000613,0.007012,0.000757,0.000117,-0.000202,17,-0.095955,0.563041,10.085583,0.100177,-0.051972,-0.006072,10.103302,0.134990,0.098548,0.373276
12.921497,0.665000,0.354000,1.170000,0.623226,0.262557,1.152116,0.326177,0.211948,1.108287,0.048832,-0.056053,0.019948,0.997033,-1.229599,-0.748839,-0.303248,0.000389,-0.000614,0.007022,0.000757,0.000116,-0.000202,17,-0.058033,0.161718,10.082742,0.186694,0.021891,0.029077,10.088070,0.191327,0.102111,0.372543
12.938121,0.661000,0.350000,1.169000,0.654690,0.262298,1.236846,0.328605,0.204640,1.109127,0.048949,-0.053530,0.003166,0.997361,-1.183392,-0.755752,-0.293412,0.000373,-0.000618,0.006997,0.000757,0.000113,-0.000199,16,0.119802,0.037598,9.873566,-0.056632,-0.155369,0.052459,9.875294,0.202791,0.111061,0.367696
12.954677,0.656000,0.342000,1.168000,0.626900,0.308805,1.082530,0.338008,0.204324,1.106411,0.049292,-0.050146,-0.043044,0.996596,-1.138230,-0.746775,-0.288223,0.000360,-0.000630,0.007030,0.000759,0.000111,-0.000196,11,-0.120182,0.212028,10.061300,-0.194864,-0.159837,-0.017928,10.065151,0.254894,0.096197,0.351948
12.971389,0.652000,0.337000,1.167000,0.617017,0.245246,1.208758,0.338859,0.197107,1.106428,0.048931,-0.047728,-0.043698,0.996704,-1.113115,-0.743624,-0.278822,0.000341,-0.000636,0.007006,0.000759,0.000109,-0.000197,17,-0.244194,0.355381,10.001457,0.028511,-0.076374,-0.009783,10.011765,0.104052,0.106707,0.348277
12.987977,0.649000,0.332000,1.167000,0.603410,0.254453,1.236036,0.352092,0.197302,1.109592,0.046676,-0.039330,-0.049549,0.996905,-1.043074,-0.707493,-0.267975,0.000353,-0.000661,0.006964,0.000762,0.000116,-0.000199,7,-0.147660,0.303111,9.855342,-0.072418,0.027588,0.007029,9.861410,0.093663,0.113393,0.331050
13.004628,0.644000,0.325000,1.166000,0.595776,0.248849,1.216149,0.595898,0.248869,1.216215,0.000000,-0.000000,-0.000000,1.000000,-1.043074,-0.707493,-0.267975,0.000348,-0.000671,0.006966,0.000764,0.000115,-0.000208,0,0.000000,0.000000,0.000000,0.000000,0.000000,0.000000,0.000000,0.000000,0.103148,0.103108
13.021223,0.642000,0.322000,1.165000,0.621307,0.253936,1.197611,0.621284,0.253954,1.197649,-0.000000,0.000000,0.000000,1.000000,-1.043074,-0.707493,-0.267975,0.000345,-0.000669,0.006966,0.000764,0.000115,-0.000212,0,0.000000,0.000000,0.000000,0.000000,0.000000,0.000000,0.000000,0.000000,0.078258,0.078265
13.054509,0.634000,0.310000,1.164000,0.611183,0.237467,1.167328,0.599706,0.234527,1.178156,-0.001587,0.000380,0.004960,0.999986,-1.044457,-0.693974,-0.268924,0.000343,-0.000660,0.006967,0.000763,0.000114,-0.000213,34,-0.052612,0.394600,9.789181,-0.094580,0.028970,-0.003631,9.800018,0.147860,0.076110,0.084098
13.071140,0.627000,0.301000,1.163000,0.582232,0.240452,1.184335,0.578306,0.226486,1.177270,0.006240,0.041962,0.972333,-0.229713,-1.041778,-0.685755,-0.267790,0.000339,-0.000645,0.006967,0.000761,0.000114,-0.000215,17,0.166621,0.526802,9.873367,0.132675,0.158006,-0.025589,9.891984,0.219939,0.078265,0.090151
13.087768,0.625000,0.298000,1.162000,0.606631,0.254599,1.200623,0.561774,0.217902,1.181448,0.010817,0.036936,0.996351,-0.076186,-1.032223,-0.678092,-0.267622,0.000339,-0.000627,0.006968,0.000759,0.000114,-0.000215,10,-0.008465,-0.004437,9.847956,0.123058,0.081949,0.054046,9.848518,0.161710,0.060932,0.103882
13.104320,0.620000,0.292000,1.162000,0.603032,0.207748,1.271103,0.602809,0.207843,1.271110,0.000000,0.000000,-0.000000,1.000000,-1.032223,-0.678092,-0.267622,0.000341,-0.000614,0.006968,0.000758,0.000114,-0.000215,1,0.026974,0.006161,10.036649,-0.011418,-0.076895,0.113383,10.036687,0.137473,0.138888,0.138863
13.120967,0.616000,0.286000,1.162000,0.579099,0.252485,1.220084,0.579054,0.252477,1.219905,-0.000000,0.000000,0.000000,1.000000,-1.032223,-0.678092,-0.267622,0.000342,-0.000607,0.006969,0.000757,0.000114,-0.000215,0,0.000000,0.000000,0.000000,0.000000,0.000000,0.000000,0.000000,0.000000,0.076542,0.076432
13.137655,0.613000,0.281000,1.161000,0.558710,0.217004,1.207112,0.559029,0.217137,1.207114,0.000000,0.000000,0.000000,1.000000,-1.032223,-0.678092,-0.267622,0.000343,-0.000604,0.006969,0.000757,0.000114,-0.000216,0,0.000000,0.000000,0.000000,0.000000,0.000000,0.000000,0.000000,0.000000,0.095756,0.095487
13.154311,0.608000,0.273000,1.160000,0.563957,0.206788,1.225167,0.564073,0.206740,1.225227,-0.000000,0.000000,0.000000,1.000000,-1.032223,-0.678092,-0.267622,0.000342,-0.000604,0.006969,0.000757,0.000114,-0.000216,0,0.000000,0.000000,0.000000,0.000000,0.000000,0.000000,0.000000,0.000000,0.102813,0.102832
13.170827,0.604000,0.268000,1.160000,0.577982,0.174124,1.186462,0.578242,0.174002,1.186600,0.000000,0.000000,0.000000,1.000000,-1.032223,-0.678092,-0.267622,0.000341,-0.000607,0.006969,0.000758,0.000114,-0.000217,0,0.000000,0.000000,0.000000,0.000000,0.000000,0.000000,0.000000,0.000000,0.100945,0.101028
13.187454,0.599000,0.260000,1.160000,0.568398,0.212745,1.164355,0.568404,0.212702,1.164412,-0.000000,0.000000,0.000000,1.000000,-1.032223,-0.678092,-0.267622,0.000340,-0.000612,0.006969,0.000759,0.000114,-0.000217,0,0.000000,0.000000,0.000000,0.000000,0.000000,0.000000,0.000000,0.000000,0.056467,0.056504
13.204140,0.595000,0.255000,1.159000,0.589583,0.153439,1.232867,0.590069,0.153248,1.232952,0.000000,0.000000,0.000000,1.000000,-1.032223,-0.678092,-0.267622,0.000338,-0.000617,0.006969,0.000760,0.000114,-0.000218,0,0.000000,0.000000,0.000000,0.000000,0.000000,0.000000,0.000000,0.000000,0.125699,0.125883
13.220714,0.591000,0.249000,1.159000,0.575272,0.208167,1.251469,0.575315,0.208119,1.251537,-0.000000,0.000000,0.000000,1.000000,-1.032223,-0.678092,-0.267622,0.000337,-0.000623,0.006969,0.000761,0.000114,-0.000219,0,0.000000,0.000000,0.000000,0.000000,0.000000,0.000000,0.000000,0.000000,0.102300,0.102374
13.237288,0.585000,0.240000,1.158000,0.549350,0.165549,1.203971,0.549956,0.165777,1.204111,0.000000,0.000000,0.000000,1.000000,-1.032223,-0.678092,-0.267622,0.000336,-0.000629,0.006969,0.000762,0.000114,-0.000219,0,0.000000,0.000000,0.000000,0.000000,0.000000,0.000000,0.000000,0.000000,0.094484,0.094145
13.253922,0.577000,0.229000,1.157000,0.595387,0.139094,1.193751,0.595281,0.139160,1.193796,-0.000000,0.000000,0.000000,1.000000,-1.032223,-0.678092,-0.267622,0.000335,-0.000634,0.006969,0.000763,0.000114,-0.000220,0,0.000000,0.000000,0.000000,0.000000,0.000000,0.000000,0.000000,0.000000,0.098852,0.098790
13.270572,0.575000,0.225000,1.157000,0.583510,0.174927,1.166630,0.583188,0.174971,1.166589,0.000000,0.000000,0.000000,1.000000,-1.032223,-0.678092,-0.267622,0.000334,-0.000639,0.006969,0.000764,0.000113,-0.000221,0,0.000000,0.000000,0.000000,0.000000,0.000000,0.000000,0.000000,0.000000,0.051696,0.051593
13.287225,0.570000,0.219000,1.157000,0.550834,0.146539,1.221845,0.550927,0.146667,1.221738,-0.000000,0.000000,0.000000,1.000000,-1.032223,-0.678092,-0.267622,0.000333,-0.000643,0.006969,0.000764,0.000113,-0.000221,0,0.000000,0.000000,0.000000,0.000000,0.000000,0.000000,0.000000,0.000000,0.099110,0.098929
13.303805,0.566000,0.213000,1.157000,0.542208,0.142704,1.191415,0.542198,0.142673,1.191411,0.000000,0.000000,0.000000,1.000000,-1.032223,-0.678092,-0.267622,0.000332,-0.000646,0.006969,0.000765,0.000113,-0.000222,0,0.000000,0.000000,0.000000,0.000000,0.000000,0.000000,0.000000,0.000000,0.081805,0.081832
13.320389,0.562000,0.207000,1.156000,0.516819,0.130657,1.140819,0.516815,0.130840,1.140817,-0.000000,0.000000,0.000000,1.000000,-1.032223,-0.678092,-0.267622,0.000331,-0.000649,0.006969,0.000765,0.000113,-0.000222,0,0.000000,0.000000,0.000000,0.000000,0.000000,0.000000,0.000000,0.000000,0.090000,0.089848
13.337104,0.558000,0.202000,1.156000,0.551917,0.144753,1.273565,0.551917,0.144753,1.273565,-0.000000,0.000000,0.000000,1.000000,-1.032223,-0.678092,-0.267622,0.000330,-0.000650,0.006969,0.000766,0.000113,-0.000223,0,0.000000,0.000000,0.000000,0.000000,0.000000,0.000000,0.000000,0.000000,0.130903,0.130903
13.353714,0.554000,0.195000,1.156000,0.522238,0.154469,1.122483,0.522240,0.154464,1.122486,-0.000000,0.000000,0.000000,1.000000,-1.032223,-0.678092,-0.267622,0.000330,-0.000651,0.006969,0.000766,0.000113,-0.000223,0,0.000000,0.000000,0.000000,0.000000,0.000000,0.000000,0.000000,0.000000,0.061441,0.061442
13.370378,0.550000,0.190000,1.156000,0.520310,0.105589,1.133521,0.520680,0.105589,1.133569,0.000000,0.000000,0.000000,1.000000,-1.032223,-0.678092,-0.267622,0.000329,-0.000652,0.006969,0.000766,0.000113,-0.000223,0,0.000000,0.000000,0.000000,0.000000,0.000000,0.000000,0.000000,0.000000,0.092261,0.092130
13.386936,0.546000,0.184000,1.155000,0.477347,0.120990,1.102679,0.477164,0.121252,1.102517,-0.000000,0.000000,0.000000,1.000000,-1.032223,-0.678092,-0.267622,0.000329,-0.000652,0.006970,0.000766,0.000113,-0.000224,0,0.000000,0.000000,0.000000,0.000000,0.000000,0.000000,0.000000,0.000000,0.106869,0.106912
13.420225,0.531000,0.162000,1.154000,0.501495,0.111153,1.196364,0.501600,0.110960,1.196446,0.000000,0.000000,0.000000,1.000000,-1.032223,-0.678092,-0.267622,0.000328,-0.000652,0.006970,0.000766,0.000113,-0.000225,0,0.000000,0.000000,0.000000,0.000000,0.000000,0.000000,0.000000,0.000000,0.072462,0.072603
13.436815,0.526000,0.154000,1.154000,0.513605,0.110023,1.206502,0.513598,0.110071,1.206485,-0.000000,0.000000,0.000000,1.000000,-1.032223,-0.678092,-0.267622,0.000328,-0.000651,0.006970,0.000766,0.000113,-0.000225,0,0.000000,0.000000,0.000000,0.000000,0.000000,0.000000,0.000000,0.000000,0.069600,0.069558
13.453501,0.526000,0.154000,1.154000,0.523216,0.091894,1.195548,0.523366,0.091827,1.195588,0.000000,0.000000,0.000000,1.000000,-1.032223,-0.678092,-0.267622,0.000327,-0.000651,0.006970,0.000766,0.000113,-0.000225,0,0.000000,0.000000,0.000000,0.000000,0.000000,0.000000,0.000000,0.000000,0.074774,0.074847
13.470036,0.520000,0.146000,1.154000,0.541816,0.086236,1.235895,0.541875,0.086074,1.235901,-0.000000,0.000000,0.000000,1.000000,-1.032223,-0.678092,-0.267622,0.000327,-0.000650,0.006970,0.000766,0.000113,-0.000226,0,0.000000,0.000000,0.000000,0.000000,0.000000,0.000000,0.000000,0.000000,0.103704,0.103814
13.486674,0.517000,0.140000,1.154000,0.541584,0.040262,1.270092,0.541462,0.040257,1.270092,0.000000,0.000000,0.000000,1.000000,-1.032223,-0.678092,-0.267622,0.000327,-0.000649,0.006970,0.000766,0.000112,-0.000226,0,0.000000,0.000000,0.000000,0.000000,0.000000,0.000000,0.000000,0.000000,0.155014,0.154998
13.503349,0.508000,0.127000,1.153000,0.501993,0.057169,1.178099,0.501630,0.057589,1.177978,-0.000000,0.000000,0.000000,1.000000,-1.032223,-0.678092,-0.267622,0.000326,-0.000648,0.006970,0.000766,0.000112,-0.000226,0,0.000000,0.000000,0.000000,0.000000,0.000000,0.000000,0.000000,0.000000,0.074448,0.074043
13.519935,0.506000,0.123000,1.153000,0.475203,0.061638,1.142348,0.475163,0.061628,1.142318,0.000000,0.000000,0.000000,1.000000,-1.032223,-0.678092,-0.267622,0.000326,-0.000642,0.006969,0.000764,0.000112,-0.000229,0,0.000000,0.000000,0.000000,0.000000,0.000000,0.000000,0.000000,0.000000,0.069478,0.069509
13.536565,0.502000,0.118000,1.152000,0.445733,0.060934,1.132575,0.445728,0.061060,1.132507,-0.000000,0.000000,0.000000,1.000000,-1.032223,-0.678092,-0.267622,0.000326,-0.000637,0.006970,0.000764,0.000112,-0.000230,0,0.000000,0.000000,0.000000,0.000000,0.000000,0.000000,0.000000,0.000000,0.082462,0.082394
13.553148,0.502000,0.118000,1.152000,0.489906,0.072510,1.163375,0.489888,0.072286,1.163505,0.000000,0.000000,0.000000,1.000000,-1.032223,-0.678092,-0.267622,0.000326,-0.000636,0.006970,0.000764,0.000112,-0.000229,0,0.000000,0.000000,0.000000,0.000000,0.000000,0.000000,0.000000,0.000000,0.048425,0.048670
13.569850,0.495000,0.107000,1.152000,0.498388,0.035695,1.225641,0.498111,0.035749,1.225606,-0.000000,0.000000,0.000000,1.000000,-1.032223,-0.678092,-0.267622,0.000325,-0.000635,0.006970,0.000764,0.000112,-0.000226,0,0.000000,0.000000,0.000000,0.000000,0.000000,0.000000,0.000000,0.000000,0.102561,0.102490
13.586431,0.489000,0.098000,1.151000,0.471939,0.051163,1.093497,0.471939,0.051163,1.093498,-0.000000,0.000000,0.000000,1.000000,-1.032223,-0.678092,-0.267622,0.000325,-0.000634,0.006970,0.000764,0.000112,-0.000228,0,0.000000,0.000000,0.000000,0.000000,0.000000,0.000000,0.000000,0.000000,0.076101,0.076101
13.619665,0.477000,0.080000,1.150000,0.483804,0.058462,1.206266,0.483804,0.058462,1.206266,-0.000000,0.000000,0.000000,1.000000,-1.032223,-0.678092,-0.267622,0.000323,-0.000632,0.006970,0.000763,0.000112,-0.000227,0,0.000000,0.000000,0.000000,0.000000,0.000000,0.000000,0.000000,0.000000,0.060630,0.060630
13.636282,0.473000,0.074000,1.149000,0.455925,0.032412,1.239770,0.456059,0.032579,1.239701,0.000000,0.000000,0.000000,1.000000,-1.032223,-0.678092,-0.267622,0.000324,-0.000631,0.006970,0.000763,0.000111,-0.000227,0,0.000000,0.000000,0.000000,0.000000,0.000000,0.000000,0.000000,0.000000,0.101293,0.101140
13.652933,0.468000,0.068000,1.149000,0.464913,-0.032789,1.294262,0.465614,-0.032909,1.294526,-0.000000,0.000000,0.000000,1.000000,-1.032223,-0.678092,-0.267622,0.000324,-0.000632,0.006970,0.000764,0.000111,-0.000227,0,0.000000,0.000000,0.000000,0.000000,0.000000,0.000000,0.000000,0.000000,0.176830,0.177104
13.669555,0.467000,0.065000,1.149000,0.432620,0.017282,1.272316,0.432294,0.017407,1.272221,0.000000,0.000000,0.000000,1.000000,-1.032223,-0.678092,-0.267622,0.000323,-0.000635,0.006970,0.000764,0.000112,-0.000227,0,0.000000,0.000000,0.000000,0.000000,0.000000,0.000000,0.000000,0.000000,0.136623,0.136576
13.686137,0.462000,0.057000,1.149000,0.433302,0.008677,1.216689,0.433333,0.008622,1.216707,-0.000000,0.000000,0.000000,1.000000,-1.032223,-0.678092,-0.267622,0.000323,-0.000639,0.006970,0.000765,0.000112,-0.000228,0,0.000000,0.000000,0.000000,0.000000,0.000000,0.000000,0.000000,0.000000,0.087980,0.088014
13.702817,0.457000,0.050000,1.148000,0.431318,-0.016658,1.330840,0.431318,-0.016658,1.330840,-0.000000,0.000000,0.000000,1.000000,-1.032223,-0.678092,-0.267622,0.000323,-0.000643,0.006970,0.000766,0.000112,-0.000228,0,0.000000,0.000000,0.000000,0.000000,0.000000,0.000000,0.000000,0.000000,0.196299,0.196299
13.719417,0.452000,0.042000,1.148000,0.446770,-0.021156,1.134585,0.446770,-0.021156,1.134585,-0.000000,0.000000,0.000000,1.000000,-1.032223,-0.678092,-0.267622,0.000323,-0.000647,0.006970,0.000767,0.000112,-0.000229,0,0.000000,0.000000,0.000000,0.000000,0.000000,0.000000,0.000000,0.000000,0.064776,0.064776
13.736072,0.449000,0.037000,1.148000,0.401804,-0.019028,1.130101,0.401794,-0.018935,1.130125,0.000000,0.000000,0.000000,1.000000,-1.032223,-0.678092,-0.267622,0.000323,-0.000650,0.006970,0.000767,0.000112,-0.000229,0,0.000000,0.000000,0.000000,0.000000,0.000000,0.000000,0.000000,0.000000,0.075412,0.075343
13.752639,0.444000,0.029000,1.148000,0.398703,-0.020363,1.171740,0.398778,-0.020397,1.171751,-0.000000,0.000000,0.000000,1.000000,-1.032223,-0.678092,-0.267622,0.000323,-0.000653,0.006970,0.000768,0.000112,-0.000230,0,0.000000,0.000000,0.000000,0.000000,0.000000,0.000000,0.000000,0.000000,0.071078,0.071058
13.769250,0.438000,0.020000,1.147000,0.376540,-0.024531,1.167674,0.376538,-0.024515,1.167661,0.000000,0.000000,0.000000,1.000000,-1.032223,-0.678092,-0.267622,0.000323,-0.000655,0.006970,0.000768,0.000112,-0.000230,0,0.000000,0.000000,0.000000,0.000000,0.000000,0.000000,0.000000,0.000000,0.078662,0.078651
13.785930,0.435000,0.015000,1.147000,0.370123,-0.051919,1.237670,0.370235,-0.051975,1.237747,-0.000000,0.000000,0.000000,1.000000,-1.032223,-0.678092,-0.267622,0.000323,-0.000657,0.006970,0.000769,0.000112,-0.000231,0,0.000000,0.000000,0.000000,0.000000,0.000000,0.000000,0.000000,0.000000,0.130032,0.130058
13.802558,0.428000,0.003000,1.147000,0.402910,-0.053657,1.194738,0.402883,-0.053805,1.194788,0.000000,0.000000,0.000000,1.000000,-1.032223,-0.678092,-0.267622,0.000324,-0.000662,0.006970,0.000770,0.000112,-0.000228,0,0.000000,0.000000,0.000000,0.000000,0.000000,0.000000,0.000000,0.000000,0.078220,0.078367
13.835738,0.417000,-0.013000,1.146000,0.380243,-0.068257,1.099043,0.380187,-0.068203,1.099084,-0.000000,0.000000,0.000000,1.000000,-1.032223,-0.678092,-0.267622,0.000324,-0.000663,0.006969,0.000769,0.000113,-0.000231,0,0.000000,0.000000,0.000000,0.000000,0.000000,0.000000,0.000000,0.000000,0.081298,0.081263
13.852391,0.411000,-0.023000,1.146000,0.374146,-0.095916,1.235125,0.374146,-0.095906,1.235122,-0.000000,0.000000,0.000000,1.000000,-1.032223,-0.678092,-0.267622,0.000324,-0.000665,0.006969,0.000770,0.000113,-0.000233,0,0.000000,0.000000,0.000000,0.000000,0.000000,0.000000,0.000000,0.000000,0.120906,0.120898
13.869067,0.407000,-0.029000,1.146000,0.402009,-0.084664,1.232309,0.401945,-0.084781,1.232366,0.000000,0.000000,0.000000,1.000000,-1.032223,-0.678092,-0.267622,0.000324,-0.000662,0.006969,0.000769,0.000113,-0.000234,0,0.000000,0.000000,0.000000,0.000000,0.000000,0.000000,0.000000,0.000000,0.102824,0.102938
13.885648,0.404000,-0.036000,1.146000,0.407402,-0.105761,1.213704,0.407583,-0.105779,1.213804,-0.000000,0.000000,0.000000,1.000000,-1.032223,-0.678092,-0.267622,0.000323,-0.000659,0.006969,0.000768,0.000112,-0.000234,0,0.000000,0.000000,0.000000,0.000000,0.000000,0.000000,0.000000,0.000000,0.097272,0.097362
13.902313,0.398000,-0.045000,1.145000,0.342959,-0.138589,1.122910,0.343468,-0.137814,1.123043,0.000000,0.000000,0.000000,1.000000,-1.032223,-0.678092,-0.267622,0.000323,-0.000655,0.006969,0.000767,0.000112,-0.000235,0,0.000000,0.000000,0.000000,0.000000,0.000000,0.000000,0.000000,0.000000,0.110799,0.109865
13.918860,0.386000,-0.066000,1.144000,0.378457,-0.102802,1.159027,0.378230,-0.103067,1.159066,-0.000000,0.000000,0.000000,1.000000,-1.032223,-0.678092,-0.267622,0.000322,-0.000650,0.006969,0.000766,0.000112,-0.000235,0,0.000000,0.000000,0.000000,0.000000,0.000000,0.000000,0.000000,0.000000,0.040461,0.040760
13.935545,0.380000,-0.075000,1.144000,0.358330,-0.089589,1.143679,0.358194,-0.089451,1.143611,0.000000,0.000000,0.000000,1.000000,-1.032223,-0.678092,-0.267622,0.000323,-0.000645,0.006970,0.000765,0.000112,-0.000238,0,0.000000,0.000000,0.000000,0.000000,0.000000,0.000000,0.000000,0.000000,0.026125,0.026163
13.952171,0.376000,-0.083000,1.144000,0.338287,-0.161264,1.129661,0.339395,-0.161033,1.129724,-0.000000,0.000000,0.000000,1.000000,-1.032223,-0.678092,-0.267622,0.000321,-0.000639,0.006970,0.000764,0.000111,-0.000235,0,0.000000,0.000000,0.000000,0.000000,0.000000,0.000000,0.000000,0.000000,0.088052,0.087367
13.968765,0.375000,-0.085000,1.144000,0.353380,-0.134846,1.132795,0.353227,-0.134923,1.132783,0.000000,0.000000,0.000000,1.000000,-1.032223,-0.678092,-0.267622,0.000322,-0.000635,0.006970,0.000763,0.000111,-0.000234,0,0.000000,0.000000,0.000000,0.000000,0.000000,0.000000,0.000000,0.000000,0.055476,0.055607
13.985401,0.367000,-0.098000,1.144000,0.334781,-0.157907,1.202137,0.334814,-0.157793,1.202062,-0.000000,0.000000,0.000000,1.000000,-1.032223,-0.678092,-0.267622,0.000323,-0.000634,0.006970,0.000763,0.000111,-0.000235,0,0.000000,0.000000,0.000000,0.000000,0.000000,0.000000,0.000000,0.000000,0.089481,0.089344
14.002020,0.361000,-0.108000,1.144000,0.346884,-0.160727,1.186585,0.346904,-0.160815,1.186630,0.000000,0.000000,0.000000,1.000000,-1.032223,-0.678092,-0.267622,0.000323,-0.000635,0.006971,0.000763,0.000111,-0.000235,0,0.000000,0.000000,0.000000,0.000000,0.000000,0.000000,0.000000,0.000000,0.069231,0.069321
14.018699,0.348000,-0.132000,1.144000,0.380034,-0.168579,1.319720,0.380032,-0.168578,1.319720,0.000000,0.000000,0.000000,1.000000,-1.032223,-0.678092,-0.267622,0.000324,-0.000637,0.006971,0.000764,0.000111,-0.000236,0,0.000000,0.000000,0.000000,0.000000,0.000000,0.000000,0.000000,0.000000,0.182323,0.182322
14.035277,0.344000,-0.140000,1.144000,0.331488,-0.173589,1.190191,0.331489,-0.173590,1.190192,0.000000,0.000000,0.000000,1.000000,-1.032223,-0.678092,-0.267622,0.000324,-0.000639,0.006970,0.000764,0.000111,-0.000236,0,0.000000,0.000000,0.000000,0.000000,0.000000,0.000000,0.000000,0.000000,0.058467,0.058468
14.051832,0.342000,-0.142000,1.144000,0.324688,-0.244075,1.255538,0.325539,-0.244003,1.255784,-0.000000,0.000000,0.000000,1.000000,-1.032223,-0.678092,-0.267622,0.000324,-0.000642,0.006970,0.000765,0.000111,-0.000237,0,0.000000,0.000000,0.000000,0.000000,0.000000,0.000000,0.000000,0.000000,0.152183,0.152220
14.068494,0.340000,-0.147000,1.143000,0.290795,-0.215210,1.234979,0.290618,-0.215043,1.234854,0.000000,0.000000,0.000000,1.000000,-1.032223,-0.678092,-0.267622,0.000324,-0.000645,0.006970,0.000766,0.000112,-0.000237,0,0.000000,0.000000,0.000000,0.000000,0.000000,0.000000,0.000000,0.000000,0.124634,0.124521
14.085195,0.335000,-0.157000,1.143000,0.375261,-0.218478,1.227190,0.375256,-0.218790,1.227217,-0.000000,0.000000,0.000000,1.000000,-1.032223,-0.678092,-0.267622,0.000324,-0.000648,0.006970,0.000767,0.000112,-0.000235,0,0.000000,0.000000,0.000000,0.000000,0.000000,0.000000,0.000000,0.000000,0.111752,0.111942
14.101785,0.332000,-0.161000,1.143000,0.308350,-0.192472,1.180938,0.308111,-0.192077,1.180849,0.000000,0.000000,0.000000,1.000000,-1.032223,-0.678092,-0.267622,0.000325,-0.000653,0.006970,0.000768,0.000112,-0.000234,0,0.000000,0.000000,0.000000,0.000000,0.000000,0.000000,0.000000,0.000000,0.054673,0.054488
14.118385,0.328000,-0.168000,1.143000,0.328458,-0.259190,1.200673,0.328134,-0.259138,1.200774,-0.000000,0.000000,0.000000,1.000000,-1.032223,-0.678092,-0.267622,0.000325,-0.000660,0.006970,0.000769,0.000113,-0.000236,0,0.000000,0.000000,0.000000,0.000000,0.000000,0.000000,0.000000,0.000000,0.107898,0.107907
14.134961,0.325000,-0.173000,1.143000,0.296489,-0.260813,1.250996,0.296382,-0.260827,1.251077,0.000000,0.000000,0.000000,1.000000,-1.032223,-0.678092,-0.267622,0.000326,-0.000663,0.006970,0.000770,0.000113,-0.000237,0,0.000000,0.000000,0.000000,0.000000,0.000000,0.000000,0.000000,0.000000,0.142082,0.142173
14.151627,0.320000,-0.183000,1.143000,0.272748,-0.213070,1.128700,0.272751,-0.213076,1.128702,0.000000,0.000000,0.000000,1.000000,-1.032223,-0.678092,-0.267622,0.000325,-0.000663,0.006970,0.000770,0.000113,-0.000238,0,0.000000,0.000000,0.000000,0.000000,0.000000,0.000000,0.000000,0.000000,0.057805,0.057805
14.184936,0.299000,-0.219000,1.142000,0.300475,-0.273606,1.266639,0.300475,-0.273605,1.266639,0.000000,0.000000,0.000000,1.000000,-1.032223,-0.678092,-0.267622,0.000325,-0.000663,0.006970,0.000770,0.000113,-0.000238,0,0.000000,0.000000,0.000000,0.000000,0.000000,0.000000,0.000000,0.000000,0.136084,0.136084
14.201455,0.294000,-0.228000,1.142000,0.322743,-0.265090,1.273008,0.322767,-0.265084,1.273045,-0.000000,0.000000,0.000000,1.000000,-1.032223,-0.678092,-0.267622,0.000325,-0.000661,0.006970,0.000769,0.000113,-0.000238,0,0.000000,0.000000,0.000000,0.000000,0.000000,0.000000,0.000000,0.000000,0.139158,0.139196
14.218118,0.292000,-0.231000,1.142000,0.312315,-0.274605,1.192369,0.321046,-0.266645,1.236010,-0.261843,0.410641,-0.140863,0.861957,-1.042284,-0.682525,-0.315927,0.000324,-0.000658,0.006970,0.000769,0.000112,-0.000238,4,-0.035800,-0.054125,9.721762,-0.120226,-0.001804,0.022974,9.722111,0.132107,0.069650,0.104653
14.234772,0.287000,-0.241000,1.142000,0.295216,-0.308323,1.192311,0.295092,-0.284443,1.216037,-0.196001,0.416261,0.051403,0.886379,-0.891505,-0.629777,-0.359627,0.000324,-0.000656,0.006970,0.000768,0.000112,-0.000237,17,0.210164,0.295017,9.661245,0.082673,-0.048944,0.011919,9.669869,0.169761,0.084446,0.086222
14.251379,0.280000,-0.253000,1.142000,0.263143,-0.293256,1.186640,0.279811,-0.297867,1.203668,-0.274944,0.369269,-0.189937,0.867162,-0.770301,-0.568377,-0.425574,0.000323,-0.000653,0.006970,0.000767,0.000112,-0.000237,17,-0.163395,-0.021946,9.690752,-0.109398,-0.046881,0.016398,9.693033,0.169683,0.062430,0.076263
14.267976,0.276000,-0.259000,1.142000,0.294731,-0.301075,1.113237,0.274299,-0.305682,1.177898,-0.291333,0.367900,-0.237285,0.850571,-0.646696,-0.510448,-0.501887,0.000323,-0.000651,0.006971,0.000766,0.000112,-0.000237,16,-0.085304,0.346495,9.904345,0.038390,0.052718,-0.028550,9.911621,0.083282,0.054300,0.058913
14.284608,0.271000,-0.267000,1.142000,0.317734,-0.300510,1.170699,0.273733,-0.311453,1.168339,-0.336146,0.334833,-0.326881,0.817338,-0.514382,-0.452768,-0.584042,0.000323,-0.000648,0.006970,0.000766,0.000112,-0.000237,17,0.178245,0.617812,10.028822,0.118747,0.057864,0.024179,10.049944,0.146782,0.064270,0.051742
14.301304,0.270000,-0.269000,1.142000,0.231877,-0.296118,1.131143,0.261991,-0.313703,1.156724,-0.322265,0.345761,-0.296600,0.829833,-0.416171,-0.398263,-0.648563,0.000323,-0.000647,0.006971,0.000765,0.000112,-0.000237,14,0.042582,0.664027,9.813468,0.021203,0.142810,0.074259,9.837160,0.206067,0.048027,0.047742
14.317915,0.267000,-0.274000,1.142000,0.254745,-0.316133,1.113911,0.260075,-0.315208,1.148873,-0.369577,0.293698,-0.409526,0.780669,-0.387897,-0.388089,-0.666606,0.000324,-0.000644,0.006971,0.000764,0.000112,-0.000240,4,0.144451,0.488094,9.866550,0.118425,0.086960,0.029110,9.879940,0.151211,0.052100,0.042347
14.334495,0.262000,-0.284000,1.142000,0.237163,-0.313377,1.118029,0.237158,-0.313383,1.118032,-0.000000,0.000000,-0.000000,1.000000,-0.387897,-0.388089,-0.666606,0.000323,-0.000640,0.006971,0.000763,0.000111,-0.000239,0,0.000000,0.000000,0.000000,0.000000,0.000000,0.000000,0.000000,0.000000,0.045327,0.045331
14.351165,0.244000,-0.314000,1.142000,0.207236,-0.329588,1.205624,0.220195,-0.318332,1.157383,-0.081564,0.043363,0.403747,0.910195,-0.389710,-0.390570,-0.663818,0.000323,-0.000638,0.006972,0.000763,0.000111,-0.000238,17,-0.044065,0.675745,10.103217,-0.120634,-0.000173,0.011079,10.130210,0.136409,0.075117,0.028672
14.367740,0.241000,-0.319000,1.142000,0.246999,-0.330369,1.218066,0.222528,-0.330736,1.170022,-0.029524,0.055738,0.692339,0.718810,-0.389507,-0.358352,-0.659468,0.000323,-0.000637,0.006972,0.000762,0.000111,-0.000237,17,0.127785,0.498037,10.022436,-0.017055,-0.055408,0.000626,10.042768,0.098574,0.077144,0.035556
14.384404,0.237000,-0.325000,1.142000,0.266398,-0.374894,1.298288,0.227263,-0.340846,1.193933,-0.014967,0.020320,0.407205,0.912988,-0.376948,-0.345656,-0.656589,0.000323,-0.000637,0.006971,0.000763,0.000111,-0.000237,17,-0.052432,0.312726,9.906922,0.001063,0.084932,-0.024160,9.912866,0.171290,0.166672,0.055163
14.400986,0.230000,-0.337000,1.142000,0.260390,-0.364200,1.255968,0.227800,-0.350970,1.197244,-0.002085,0.022805,0.440369,0.897525,-0.372231,-0.342573,-0.655099,0.000323,-0.000639,0.006971,0.000763,0.000111,-0.000237,17,0.158621,0.068364,9.868300,0.024925,-0.012568,0.023158,9.871036,0.165920,0.121046,0.057026
14.417559,0.228000,-0.341000,1.142000,0.217044,-0.362392,1.185266,0.224335,-0.360068,1.186834,-0.003900,0.038329,0.559179,0.828151,-0.365359,-0.333097,-0.655829,0.000323,-0.000641,0.006971,0.000764,0.000111,-0.000238,16,-0.013168,0.070215,9.788659,-0.032571,0.092035,0.017374,9.790387,0.142923,0.049493,0.048858
14.434229,0.228000,-0.341000,1.142000,0.245185,-0.363309,1.178190,0.222592,-0.365146,1.176434,-0.005067,0.040572,0.533194,0.845004,-0.353607,-0.322521,-0.654448,0.000323,-0.000644,0.006971,0.000765,0.000111,-0.000238,17,-0.063990,0.397501,9.916854,-0.135054,-0.003839,-0.010360,9.926746,0.177058,0.045855,0.042403
14.450866,0.223000,-0.348000,1.142000,0.202391,-0.395211,1.141045,0.214981,-0.373763,1.162830,-0.005784,0.032737,0.391153,0.919725,-0.354032,-0.319719,-0.654226,0.000323,-0.000646,0.006971,0.000766,0.000111,-0.000238,17,-0.055821,0.546272,9.842429,0.059323,-0.007961,0.020269,9.859057,0.084471,0.051522,0.034087
14.467545,0.221000,-0.353000,1.143000,0.230825,-0.388960,1.234567,0.211676,-0.380197,1.161242,-0.005386,0.031703,0.360142,0.932343,-0.344135,-0.315346,-0.651667,0.000323,-0.000648,0.006969,0.000766,0.000111,-0.000239,17,-0.036400,0.129481,9.867030,-0.045024,0.005833,0.009351,9.868531,0.117413,0.098865,0.034050
14.484069,0.215000,-0.362000,1.143000,0.225140,-0.384448,1.148701,0.208467,-0.385060,1.150724,-0.005410,0.031607,0.335343,0.941550,-0.334167,-0.307146,-0.652456,0.000324,-0.000650,0.006969,0.000767,0.000112,-0.000239,16,-0.019622,0.288459,9.796913,-0.065562,-0.098970,-0.029482,9.801968,0.141820,0.025283,0.025181
14.500675,0.212000,-0.366000,1.142000,0.223707,-0.389529,1.261180,0.205225,-0.389708,1.151518,-0.004717,0.032792,0.319953,0.946854,-0.326879,-0.293728,-0.646820,0.000324,-0.000651,0.006965,0.000767,0.000112,-0.000240,17,-0.000136,0.492255,9.977683,0.184712,0.001928,0.005225,9.990148,0.190787,0.122043,0.026430
14.517361,0.204000,-0.380000,1.143000,0.175152,-0.412084,1.131448,0.197554,-0.396227,1.140311,-0.005499,0.026168,0.195694,0.980300,-0.325908,-0.291603,-0.649408,0.000324,-0.000652,0.006965,0.000768,0.000112,-0.000240,17,-0.004525,0.235391,9.668052,0.134176,0.045749,0.036104,9.671844,0.158614,0.044665,0.017667
14.534013,0.200000,-0.387000,1.143000,0.196714,-0.418463,1.178553,0.192581,-0.402690,1.133517,-0.004757,0.024742,0.162656,0.986361,-0.318420,-0.291075,-0.651593,0.000324,-0.000653,0.006963,0.000768,0.000112,-0.000240,17,0.060188,0.162772,9.593222,0.003656,0.028497,0.006966,9.595300,0.111277,0.047589,0.019777
14.550590,0.195000,-0.396000,1.143000,0.168408,-0.408664,1.203838,0.185846,-0.407303,1.129472,-0.008667,0.012869,-0.058459,0.998169,-0.318752,-0.280995,-0.648747,0.000324,-0.000653,0.006958,0.000768,0.000112,-0.000240,16,0.111417,0.360717,9.824980,0.004188,-0.091644,-0.025616,9.832812,0.101601,0.067593,0.019864
14.567173,0.195000,-0.396000,1.143000,0.195196,-0.392531,1.133926,0.181955,-0.409828,1.120141,-0.009614,0.012393,-0.079370,0.996722,-0.312382,-0.267945,-0.644242,0.000323,-0.000654,0.006957,0.000768,0.000112,-0.000240,17,0.001838,0.269992,10.075466,0.168616,0.012894,0.022301,10.080823,0.191925,0.009717,0.029730
14.583876,0.189000,-0.405000,1.143000,0.175993,-0.453014,1.279857,0.176459,-0.417381,1.121155,-0.008804,0.008146,-0.160006,0.987043,-0.315184,-0.271218,-0.635397,0.000323,-0.000654,0.006945,0.000768,0.000112,-0.000240,17,-0.155794,0.233948,9.963246,-0.028314,0.028363,0.048341,9.969186,0.157314,0.145617,0.028067
14.600529,0.174000,-0.430000,1.144000,0.203529,-0.428221,1.157684,0.173879,-0.422250,1.113718,-0.007893,0.012290,-0.109946,0.993830,-0.301865,-0.262714,-0.631888,0.000323,-0.000653,0.006941,0.000768,0.000112,-0.000240,17,-0.004089,0.472624,9.957164,-0.010625,0.044267,0.001849,9.970235,0.069519,0.032594,0.031258
14.617109,0.170000,-0.436000,1.144000,0.188527,-0.505404,1.298954,0.169904,-0.433217,1.115213,-0.004086,0.011903,-0.144500,0.989425,-0.291433,-0.280813,-0.624156,0.000323,-0.000653,0.006926,0.000767,0.000111,-0.000240,17,0.219094,0.377854,9.805444,-0.017851,0.053926,-0.011238,9.816171,0.107746,0.170795,0.028922
14.633680,0.162000,-0.450000,1.145000,0.206824,-0.458217,1.234941,0.165723,-0.439513,1.112849,-0.003563,0.007037,-0.212191,0.977196,-0.301519,-0.277986,-0.619325,0.000323,-0.000653,0.006913,0.000767,0.000111,-0.000240,16,0.159337,0.248083,9.777525,-0.032525,0.047497,-0.011430,9.782486,0.103654,0.100828,0.034022
14.650301,0.158000,-0.457000,1.145000,0.156948,-0.456610,1.155451,0.160449,-0.444547,1.105794,-0.003459,0.004202,-0.244972,0.969515,-0.300846,-0.262225,-0.621004,0.000323,-0.000652,0.006908,0.000767,0.000111,-0.000240,17,-0.003873,0.142318,9.620327,0.063411,-0.081766,-0.014105,9.622171,0.182222,0.010512,0.041209
14.667038,0.156000,-0.461000,1.146000,0.159150,-0.507076,1.200689,0.152906,-0.451277,1.101339,-0.004077,-0.005924,-0.399262,0.916809,-0.294602,-0.265276,-0.618666,0.000323,-0.000652,0.006897,0.000767,0.000111,-0.000240,17,0.016109,-0.066577,9.726199,-0.005607,-0.036505,-0.002764,9.728622,0.132515,0.071581,0.045811
14.683603,0.152000,-0.467000,1.146000,0.160369,-0.464184,1.180435,0.147028,-0.455936,1.095944,-0.005345,-0.008705,-0.451310,0.892309,-0.301346,-0.249154,-0.613667,0.000322,-0.000651,0.006886,0.000766,0.000111,-0.000240,17,-0.074548,0.184384,9.892058,-0.110853,0.037061,0.006315,9.894520,0.154050,0.035549,0.051504
14.700225,0.146000,-0.477000,1.146000,0.153053,-0.469574,1.110776,0.142573,-0.460845,1.087612,-0.005756,-0.007300,-0.452114,0.891912,-0.281319,-0.232243,-0.611952,0.000322,-0.000651,0.006883,0.000766,0.000111,-0.000241,16,-0.038493,0.236309,9.933136,-0.075263,0.087559,-0.016139,9.936565,0.147193,0.036682,0.060678
14.733503,0.140000,-0.488000,1.147000,0.125621,-0.530912,1.151145,0.129111,-0.467345,1.071833,-0.006911,-0.015405,-0.572205,0.819937,-0.261679,-0.243598,-0.604328,0.000322,-0.000651,0.006870,0.000766,0.000111,-0.000241,34,0.007516,0.228748,9.919905,-0.027319,0.052579,0.008984,9.924744,0.162386,0.045446,0.078710
14.750168,0.136000,-0.494000,1.147000,0.150240,-0.535343,1.161403,0.121386,-0.472647,1.067029,-0.005909,-0.015477,-0.530178,0.847724,-0.295493,-0.260048,-0.594620,0.000322,-0.000650,0.006853,0.000766,0.000111,-0.000241,17,-0.036387,0.778185,9.947904,-0.157365,0.029621,-0.055363,9.979415,0.180727,0.046037,0.084053
14.766738,0.132000,-0.500000,1.147000,0.110389,-0.546274,1.105607,0.116619,-0.481575,1.059565,-0.002781,-0.008983,-0.405885,0.913876,-0.413533,-0.360713,-0.580533,0.000321,-0.000650,0.006846,0.000766,0.000111,-0.000241,17,0.182876,0.552130,9.967821,0.182477,0.132395,0.035877,9.989704,0.251302,0.065740,0.090669
14.783320,0.127000,-0.509000,1.147000,0.121510,-0.549214,1.087218,0.118559,-0.501616,1.051921,0.002347,0.002599,-0.311318,0.950299,-0.336890,-0.346294,-0.584977,0.000323,-0.000653,0.006844,0.000766,0.000111,-0.000241,16,0.216486,-0.230922,9.852529,-0.011308,-0.094039,0.057308,9.858593,0.203531,0.072258,0.095738
14.799961,0.122000,-0.517000,1.147000,0.129186,-0.543767,1.109846,0.115849,-0.512304,1.045625,0.005164,0.004232,-0.292436,0.956262,-0.294009,-0.332716,-0.585072,0.000325,-0.000652,0.006832,0.000766,0.000112,-0.000241,17,-0.041183,-0.084697,9.779481,-0.047080,-0.094095,-0.060561,9.780886,0.124630,0.046352,0.101670
14.816592,0.118000,-0.523000,1.147000,0.158099,-0.572735,1.237206,0.114319,-0.522128,1.045186,0.006114,0.004934,-0.290836,0.956741,-0.279399,-0.356717,-0.578777,0.000325,-0.000653,0.006793,0.000766,0.000112,-0.000241,17,-0.063319,0.060181,9.606796,-0.017008,-0.108496,0.002614,9.607890,0.114878,0.110538,0.101884
14.833241,0.113000,-0.531000,1.148000,0.081158,-0.556663,1.200297,0.107602,-0.529674,1.043162,0.006689,0.002038,-0.305371,0.952208,-0.284608,-0.360872,-0.569231,0.000325,-0.000653,0.006759,0.000766,0.000112,-0.000241,17,0.073005,0.441926,9.865467,0.070570,-0.212666,0.030880,9.878176,0.271456,0.066389,0.104985
14.849789,0.110000,-0.535000,1.147000,0.076887,-0.548819,1.135172,0.100265,-0.535814,1.038778,0.005331,-0.000423,-0.335679,0.941961,-0.297211,-0.361636,-0.563377,0.000325,-0.000654,0.006736,0.000766,0.000112,-0.000241,16,-0.106499,0.087008,9.843654,-0.119805,-0.153466,0.019788,9.845870,0.209990,0.037780,0.108662
14.866463,0.105000,-0.544000,1.148000,0.144423,-0.543408,1.188967,0.098970,-0.541625,1.036702,0.005184,0.000397,-0.310868,0.950439,-0.286803,-0.356799,-0.555372,0.000325,-0.000654,0.006701,0.000766,0.000112,-0.000242,17,-0.224045,0.261518,9.818786,0.005558,-0.067094,-0.021230,9.827968,0.108029,0.056858,0.111487
14.883059,0.098000,-0.554000,1.148000,0.074350,-0.603138,1.185836,0.091694,-0.551393,1.034549,0.007036,-0.000462,-0.331102,0.943569,-0.298463,-0.369248,-0.549048,0.000325,-0.000656,0.006665,0.000766,0.000112,-0.000242,17,-0.131033,0.061512,9.717514,0.078953,0.029433,0.016793,9.719510,0.103588,0.066373,0.113656
14.899763,0.094000,-0.561000,1.148000,0.106248,-0.551983,1.214024,0.089402,-0.556880,1.033682,0.009358,0.001593,-0.241830,0.970272,-0.289567,-0.371028,-0.543345,0.000327,-0.000658,0.006618,0.000766,0.000112,-0.000242,17,0.046394,0.042846,9.580924,0.138297,0.035892,0.000778,9.582646,0.159766,0.067753,0.114485
14.916387,0.090000,-0.568000,1.149000,0.088267,-0.646267,1.088551,0.084205,-0.569307,1.027172,0.012946,0.002572,-0.194850,0.980744,-0.287652,-0.392149,-0.543590,0.000327,-0.000659,0.006605,0.000766,0.000112,-0.000242,17,0.052775,0.341120,9.624296,0.100714,-0.001082,-0.010485,9.630873,0.133683,0.098908,0.121973
14.932902,0.085000,-0.575000,1.150000,0.080720,-0.571727,1.215759,0.077997,-0.574439,1.026974,0.013291,0.001080,-0.235773,0.971717,-0.294725,-0.386731,-0.533951,0.000326,-0.000660,0.006554,0.000766,0.000112,-0.000242,16,-0.076582,0.241978,9.772486,0.162520,0.022949,-0.011135,9.776133,0.176052,0.065979,0.123226
14.949557,0.084000,-0.577000,1.150000,0.078121,-0.643412,1.248823,0.072469,-0.585112,1.027866,0.015919,0.000944,-0.238989,0.970891,-0.301414,-0.402272,-0.525992,0.000326,-0.000661,0.006494,0.000766,0.000112,-0.000242,17,-0.175884,0.066396,9.595671,0.169630,0.039730,0.025890,9.598816,0.191979,0.119211,0.122945
14.966207,0.080000,-0.583000,1.150000,0.082652,-0.632810,1.243754,0.068881,-0.592842,1.030411,0.016341,0.001228,-0.236350,0.971530,-0.305789,-0.415327,-0.516353,0.000326,-0.000662,0.006435,0.000766,0.000112,-0.000242,13,-0.150715,-0.191607,9.719963,-0.053046,0.013452,0.048258,9.724696,0.138680,0.106197,0.120507
14.982823,0.073000,-0.594000,1.151000,0.068521,-0.633952,1.145643,0.064029,-0.601260,1.027830,0.016650,0.001109,-0.242340,0.970048,-0.308889,-0.425293,-0.508517,0.000326,-0.000663,0.006403,0.000766,0.000112,-0.000242,15,-0.059403,0.081518,9.947477,-0.033563,-0.010268,-0.009105,9.949429,0.114358,0.040557,0.123709
14.999381,0.069000,-0.599000,1.151000,0.090373,-0.609859,1.209548,0.062029,-0.603947,1.031646,0.015608,0.000256,-0.285248,0.958326,-0.312094,-0.423410,-0.497514,0.000325,-0.000663,0.006354,0.000766,0.000112,-0.000242,7,-0.129336,-0.066316,10.116426,-0.056116,-0.048143,-0.007403,10.118257,0.081089,0.063266,0.119660
15.032739,0.058000,-0.617000,1.152000,0.080985,-0.657753,1.210558,0.061583,-0.613003,1.031895,0.018209,0.003308,-0.161901,0.986633,-0.298632,-0.445448,-0.483296,0.000327,-0.000667,0.006305,0.000765,0.000112,-0.000242,15,0.025381,0.101656,10.214097,0.034776,0.021740,0.042107,10.216861,0.145364,0.074954,0.120225
15.049334,0.052000,-0.625000,1.153000,0.079040,-0.656963,1.266133,0.055612,-0.622217,1.033257,0.016508,0.000751,-0.268501,0.963138,-0.304240,-0.443087,-0.467473,0.000327,-0.000668,0.006239,0.000765,0.000112,-0.000243,17,0.068205,0.387042,10.066162,-0.080421,-0.057540,-0.066586,10.075753,0.128626,0.120631,0.119830
15.065943,0.046000,-0.635000,1.154000,0.075053,-0.657409,1.264296,0.052170,-0.629660,1.035982,0.015368,0.000014,-0.315980,0.948641,-0.305516,-0.444801,-0.454793,0.000327,-0.000670,0.006172,0.000765,0.000112,-0.000243,14,-0.124064,0.142783,9.923559,-0.081918,-0.055519,0.024537,9.927590,0.147325,0.116239,0.118300
15.082543,0.038000,-0.645000,1.154000,0.022279,-0.671329,1.278220,0.046456,-0.639127,1.038341,0.017344,0.001784,-0.151127,0.988361,-0.304826,-0.464365,-0.444399,0.000329,-0.000671,0.006098,0.000765,0.000112,-0.000243,17,0.085018,-0.091758,9.736647,-0.094304,-0.047600,0.015211,9.738869,0.131045,0.127949,0.116116
15.099184,0.038000,-0.645000,1.154000,0.027922,-0.677958,1.183650,0.041940,-0.643988,1.040577,0.016487,0.000220,-0.192122,0.981233,-0.313155,-0.470708,-0.438665,0.000330,-0.000674,0.006056,0.000765,0.000112,-0.000243,8,-0.050867,-0.044163,9.674222,-0.168842,-0.118866,-0.021703,9.674730,0.207991,0.045463,0.113496
15.115846,0.037000,-0.647000,1.154000,0.080721,-0.666018,1.170765,0.080641,-0.666035,1.170776,0.000000,-0.000000,-0.000000,1.000000,-0.313155,-0.470708,-0.438665,0.000330,-0.000674,0.006056,0.000765,0.000112,-0.000243,0,0.000000,0.000000,0.000000,0.000000,0.000000,0.000000,0.000000,0.000000,0.050540,0.050481
15.132426,0.032000,-0.655000,1.155000,0.063516,-0.692863,1.201707,0.063702,-0.692757,1.201787,0.000000,0.000000,0.000000,1.000000,-0.313155,-0.470708,-0.438665,0.000330,-0.000674,0.006056,0.000765,0.000112,-0.000243,0,0.000000,0.000000,0.000000,0.000000,0.000000,0.000000,0.000000,0.000000,0.067885,0.067968
15.149032,0.023000,-0.668000,1.155000,0.042288,-0.682434,1.191654,0.050200,-0.691524,1.193101,-0.009739,-0.013952,-0.169482,0.985386,-0.310939,-0.463647,-0.440935,0.000330,-0.000674,0.006056,0.000765,0.000112,-0.000243,16,0.198172,0.325539,9.680444,0.060047,0.044261,0.038515,9.689631,0.143258,0.043862,0.052392
15.165701,0.016000,-0.678000,1.156000,0.037542,-0.706315,1.170298,0.045149,-0.699192,1.180603,-0.009860,-0.014046,-0.170197,0.985261,-0.297940,-0.452883,-0.439742,0.000330,-0.000674,0.006057,0.000765,0.000112,-0.000243,17,0.211260,0.606061,9.897168,-0.009695,-0.007990,-0.021286,9.919582,0.074163,0.038343,0.043635
15.182339,0.011000,-0.684000,1.156000,0.026478,-0.693999,1.123369,0.040270,-0.707338,1.161018,-0.006845,-0.007766,-0.067423,0.997671,-0.292870,-0.449110,-0.437561,0.000330,-0.000674,0.006057,0.000765,0.000112,-0.000243,17,-0.128718,0.629822,9.972130,0.026728,0.071986,-0.010644,9.994177,0.109812,0.037474,0.037770
15.215526,0.002000,-0.699000,1.157000,-0.006661,-0.733286,1.185088,0.025189,-0.704858,1.158938,-0.021731,-0.011792,-0.281129,0.959351,-0.315307,-0.445229,-0.434938,0.000330,-0.000674,0.006056,0.000765,0.000112,-0.000243,21,0.084908,0.296108,9.879880,-0.016954,0.064386,-0.000979,9.888729,0.172586,0.045161,0.023996
15.232210,-0.009000,-0.716000,1.158000,0.011797,-0.740632,1.191744,0.016055,-0.725218,1.158265,-0.005662,-0.022929,-0.391213,0.919997,-0.319545,-0.429036,-0.435446,0.000330,-0.000674,0.006056,0.000765,0.000112,-0.000243,17,-0.144410,0.075073,9.800526,0.068459,0.038148,-0.010142,9.803013,0.089648,0.046668,0.026698
15.248836,-0.014000,-0.723000,1.159000,-0.022419,-0.731701,1.114675,0.005128,-0.733833,1.145859,-0.000906,-0.024242,-0.381558,0.924027,-0.334638,-0.430402,-0.439453,0.000330,-0.000674,0.006056,0.000765,0.000112,-0.000243,17,-0.099040,-0.151772,9.614913,-0.009472,0.059555,0.006075,9.618471,0.085786,0.045949,0.025611
15.265418,-0.017000,-0.727000,1.159000,0.010557,-0.743932,1.215992,0.000988,-0.741383,1.148410,-0.000300,-0.021876,-0.365935,0.930383,-0.333710,-0.429192,-0.440340,0.000330,-0.000674,0.006055,0.000765,0.000112,-0.000243,17,0.328703,0.274673,9.639900,-0.022847,0.047935,0.011243,9.650160,0.080675,0.065530,0.025349
15.282101,-0.023000,-0.736000,1.160000,-0.026941,-0.770659,1.164174,-0.006925,-0.750942,1.143923,0.005100,-0.025687,-0.481798,0.875891,-0.343053,-0.432715,-0.442454,0.000330,-0.000674,0.006054,0.000765,0.000112,-0.000243,16,0.202086,0.254563,9.637080,0.032947,-0.014459,-0.006941,9.643062,0.044215,0.035132,0.027206
15.298653,-0.025000,-0.738000,1.160000,-0.019001,-0.755857,1.264827,-0.011563,-0.755147,1.152215,0.005257,-0.029270,-0.521381,0.852806,-0.352356,-0.429243,-0.439587,0.000330,-0.000674,0.006051,0.000765,0.000112,-0.000243,11,0.088487,-0.009327,9.797435,-0.037390,-0.018381,-0.005715,9.798066,0.071581,0.106506,0.023134
15.315322,-0.026000,-0.741000,1.160000,-0.024324,-0.748353,1.178850,-0.024326,-0.748353,1.178840,0.000000,-0.000000,-0.000000,1.000000,-0.352356,-0.429243,-0.439587,0.000330,-0.000674,0.006051,0.000765,0.000112,-0.000243,0,0.000000,0.000000,0.000000,0.000000,0.000000,0.000000,0.000000,0.000000,0.020303,0.020294
15.331911,-0.040000,-0.761000,1.162000,-0.074030,-0.797021,1.211571,-0.029615,-0.767284,1.191630,0.005230,0.040413,0.973039,0.227012,-0.349874,-0.433018,-0.439468,0.000330,-0.000674,0.006051,0.000765,0.000112,-0.000244,17,-0.021559,0.375275,9.787597,-0.118744,0.074359,-0.004714,9.795258,0.167947,0.070092,0.032020
15.348535,-0.041000,-0.763000,1.162000,0.030475,-0.783968,1.212475,-0.024644,-0.783501,1.193240,0.017366,0.027325,0.061891,0.997558,-0.334271,-0.430416,-0.438192,0.000330,-0.000674,0.006051,0.000765,0.000112,-0.000244,17,0.154733,0.424656,9.892797,0.012113,0.063548,-0.049821,9.904733,0.117072,0.089979,0.040789
15.365127,-0.044000,-0.767000,1.163000,-0.048980,-0.793180,1.209496,-0.030643,-0.791167,1.192427,0.020657,0.024616,-0.015854,0.999358,-0.340637,-0.448841,-0.434469,0.000330,-0.000674,0.006051,0.000765,0.000112,-0.000244,16,0.053032,0.183535,10.045515,0.101509,-0.027298,0.015603,10.049233,0.138666,0.053592,0.040353
15.381756,-0.052000,-0.779000,1.164000,-0.006658,-0.809932,1.255582,-0.035086,-0.800477,1.199382,0.033204,0.021912,0.058812,0.997476,-0.335625,-0.441729,-0.431742,0.000330,-0.000674,0.006050,0.000765,0.000112,-0.000244,17,-0.141040,0.008724,9.934980,0.022166,0.027593,-0.004714,9.936648,0.124937,0.106770,0.044713
15.398446,-0.057000,-0.787000,1.165000,-0.044448,-0.836881,1.207797,-0.041255,-0.812999,1.194805,0.033487,0.015550,0.025133,0.999002,-0.324167,-0.467434,-0.432940,0.000330,-0.000674,0.006050,0.000765,0.000112,-0.000244,17,-0.197123,-0.318790,9.801648,-0.046140,0.100230,-0.027763,9.810055,0.134168,0.066912,0.042570
15.415037,-0.059000,-0.790000,1.165000,-0.051012,-0.832259,1.187730,-0.047177,-0.822844,1.187582,0.034149,0.017944,0.062130,0.997322,-0.319229,-0.481325,-0.433995,0.000330,-0.000674,0.006050,0.000765,0.000112,-0.000244,17,0.009432,0.060340,9.786367,-0.024012,0.021098,-0.006694,9.787827,0.109530,0.048644,0.041575
15.431654,-0.066000,-0.801000,1.166000,-0.052186,-0.848918,1.219572,-0.052331,-0.832952,1.185611,0.036250,0.017070,0.074214,0.996437,-0.316628,-0.495423,-0.433025,0.000330,-0.000674,0.006049,0.000765,0.000112,-0.000244,16,-0.150228,0.103025,9.856971,-0.007228,0.038801,0.009371,9.860839,0.070503,0.073191,0.039905
15.448267,-0.067000,-0.802000,1.166000,-0.015881,-0.833273,1.237874,-0.052249,-0.839898,1.185324,0.036649,0.019745,0.114168,0.992589,-0.304499,-0.503379,-0.430517,0.000330,-0.000674,0.006048,0.000765,0.000112,-0.000244,17,-0.229966,-0.038754,9.918896,0.085500,-0.047834,0.034169,9.922236,0.137641,0.093579,0.045025
15.464941,-0.071000,-0.807000,1.167000,-0.067562,-0.875128,1.232118,-0.058391,-0.851210,1.183784,0.037513,0.021650,0.001965,0.999060,-0.305123,-0.524101,-0.427428,0.000330,-0.000674,0.006046,0.000765,0.000112,-0.000244,17,-0.245218,-0.114337,9.966453,0.029992,0.081718,-0.002555,9.971498,0.158877,0.094306,0.048941
15.498183,-0.080000,-0.821000,1.168000,-0.068213,-0.870427,1.258848,-0.068442,-0.868873,1.178119,0.036831,0.021203,-0.018420,0.998927,-0.293477,-0.537378,-0.417203,0.000330,-0.000674,0.006042,0.000765,0.000112,-0.000244,34,0.034233,0.256270,10.039772,0.028668,0.008973,-0.007279,10.046982,0.098036,0.104093,0.050278
15.514772,-0.087000,-0.832000,1.169000,-0.071941,-0.861035,1.221156,-0.073007,-0.875430,1.175924,0.033994,0.021530,-0.040327,0.998376,-0.286243,-0.537432,-0.413557,0.000330,-0.000674,0.006039,0.000765,0.000112,-0.000244,16,0.159262,0.120551,9.925760,0.012554,0.043746,0.028820,9.930322,0.081432,0.061563,0.046151
15.531386,-0.090000,-0.835000,1.168000,-0.090085,-0.873029,1.218611,-0.078781,-0.882743,1.173291,0.031626,0.020206,-0.037285,0.998600,-0.284735,-0.544661,-0.415432,0.000330,-0.000674,0.006036,0.000765,0.000112,-0.000244,17,0.023833,-0.190330,9.598233,-0.060889,-0.062048,-0.009467,9.601174,0.110514,0.063306,0.049328
15.548066,-0.097000,-0.847000,1.169000,-0.125593,-0.867904,1.201071,-0.086147,-0.886995,1.170814,0.027836,0.017617,-0.079827,0.996264,-0.292098,-0.541429,-0.415603,0.000330,-0.000674,0.006033,0.000765,0.000112,-0.000244,13,0.146309,0.088647,9.635233,-0.048313,-0.097685,-0.018033,9.637264,0.126932,0.047782,0.041481
15.564684,-0.101000,-0.853000,1.170000,-0.079494,-0.867738,1.223689,-0.088585,-0.890132,1.170953,0.027053,0.016300,-0.084498,0.995923,-0.287522,-0.535214,-0.413710,0.000330,-0.000674,0.006029,0.000765,0.000112,-0.000244,10,0.212963,0.296325,9.761018,0.033665,-0.058417,0.039232,9.769056,0.092407,0.059684,0.039165
15.581267,-0.108000,-0.863000,1.170000,-0.093665,-0.917319,1.164180,-0.091730,-0.897647,1.166266,0.027786,0.016042,-0.071159,0.996949,-0.280370,-0.544416,-0.415166,0.000330,-0.000674,0.006030,0.000765,0.000112,-0.000244,11,0.184084,0.223387,9.733802,-0.091643,-0.068935,0.017451,9.739610,0.147414,0.056479,0.038458
15.597882,-0.113000,-0.870000,1.171000,-0.061270,-0.892442,1.233960,-0.092343,-0.902267,1.166617,0.025453,0.017132,-0.127338,0.991385,-0.274364,-0.544852,-0.412554,0.000330,-0.000674,0.006025,0.000765,0.000112,-0.000244,11,-0.008102,0.374093,9.830871,-0.164594,-0.098410,-0.028314,9.838378,0.195499,0.084520,0.038563
15.614527,-0.124000,-0.887000,1.172000,-0.054116,-0.907427,1.242866,-0.093792,-0.910628,1.164859,0.022855,0.019910,-0.203220,0.978664,-0.266761,-0.548155,-0.410247,0.000330,-0.000674,0.006019,0.000765,0.000112,-0.000244,17,-0.362859,0.126404,9.788522,-0.041623,0.029286,0.004360,9.796441,0.075032,0.101602,0.039010
15.631165,-0.129000,-0.896000,1.173000,-0.095387,-0.921652,1.254787,-0.097780,-0.919649,1.163662,0.021858,0.021310,-0.223014,0.974337,-0.258884,-0.552268,-0.411811,0.000330,-0.000674,0.006010,0.000765,0.000112,-0.000244,17,0.078850,0.084593,9.507712,-0.053906,0.092372,-0.001640,9.513560,0.159348,0.092070,0.040264
15.647756,-0.130000,-0.897000,1.173000,-0.097484,-0.892596,1.214553,-0.099217,-0.920393,1.164338,0.020057,0.020844,-0.209833,0.977309,-0.255203,-0.542168,-0.411023,0.000330,-0.000674,0.006005,0.000765,0.000112,-0.000244,6,0.251591,0.690512,9.524446,-0.174720,0.062146,-0.011381,9.552997,0.198752,0.052947,0.039621
15.664337,-0.134000,-0.902000,1.174000,-0.105319,-0.950589,1.249937,-0.105315,-0.950565,1.249934,0.000000,-0.000000,0.000000,1.000000,-0.255203,-0.542168,-0.411023,0.000330,-0.000674,0.006005,0.000765,0.000112,-0.000244,0,0.000000,0.000000,0.000000,0.000000,0.000000,0.000000,0.000000,0.000000,0.094603,0.094591
15.697650,-0.144000,-0.917000,1.176000,-0.098017,-0.941071,1.188710,-0.105181,-0.952584,1.248248,0.014081,-0.060902,-0.011830,0.997974,-0.328289,-0.558189,-0.411431,0.000330,-0.000674,0.006005,0.000765,0.000112,-0.000244,2,-0.059041,0.200261,9.691643,0.208663,0.107859,0.070261,9.694230,0.245447,0.053436,0.089403
15.714298,-0.156000,-0.936000,1.178000,-0.113941,-0.927789,1.264435,-0.112233,-0.945645,1.227328,-0.137124,-0.144622,0.672281,0.712965,-0.328491,-0.547679,-0.443797,0.000330,-0.000674,0.006005,0.000765,0.000112,-0.000244,17,0.190296,0.574491,9.876465,-0.111249,-0.110515,-0.076809,9.899157,0.195628,0.096475,0.066647
15.730857,-0.164000,-0.947000,1.180000,-0.157315,-0.967584,1.252398,-0.126222,-0.957825,1.228315,-0.158379,-0.147112,0.764458,0.607353,-0.407423,-0.555761,-0.444300,0.000330,-0.000674,0.006005,0.000765,0.000112,-0.000244,16,-0.214813,0.268741,9.919715,-0.102803,-0.015793,0.017404,9.930640,0.158335,0.075564,0.062279
15.747457,-0.167000,-0.951000,1.180000,-0.105723,-0.965670,1.156158,-0.127123,-0.966344,1.208984,-0.052583,-0.214682,0.391562,0.893211,-0.478311,-0.565673,-0.458855,0.000330,-0.000674,0.006006,0.000765,0.000112,-0.000244,17,0.141236,0.740711,9.998540,-0.097298,0.041871,0.026591,10.027477,0.136548,0.067369,0.051630
15.764197,-0.167000,-0.951000,1.180000,-0.160572,-0.945514,1.147846,-0.138551,-0.968551,1.193141,-0.077171,-0.209442,0.467699,0.855241,-0.539099,-0.560194,-0.473161,0.000330,-0.000674,0.006006,0.000765,0.000112,-0.000244,13,0.253011,0.461731,9.954926,-0.139995,-0.032186,-0.024408,9.972732,0.162613,0.033246,0.035917
15.780752,-0.171000,-0.957000,1.181000,-0.136812,-0.935668,1.196725,-0.140213,-0.967007,1.191590,-0.008483,-0.225924,0.192261,0.954946,-0.551112,-0.550663,-0.473198,0.000330,-0.000674,0.006006,0.000765,0.000112,-0.000244,4,0.093712,0.571958,10.125960,-0.079410,-0.002443,-0.031561,10.142599,0.090707,0.043257,0.034061
15.797418,-0.178000,-0.966000,1.182000,-0.133573,-1.005371,1.274806,-0.143186,-0.974704,1.199249,-0.076600,-0.206914,0.458861,0.860678,-0.589853,-0.563116,-0.478671,0.000330,-0.000674,0.006005,0.000765,0.000112,-0.000245,9,0.119894,-0.064237,10.127328,-0.209624,0.071797,0.005185,10.131455,0.225377,0.110167,0.039816
15.814007,-0.181000,-0.970000,1.182000,-0.169121,-0.991910,1.216753,-0.169182,-0.991903,1.216750,-0.000000,0.000000,0.000000,1.000000,-0.589853,-0.563116,-0.478671,0.000330,-0.000674,0.006005,0.000765,0.000112,-0.000245,0,0.000000,0.000000,0.000000,0.000000,0.000000,0.000000,0.000000,0.000000,0.042766,0.042743
15.830650,-0.183000,-0.973000,1.182000,-0.119655,-1.015824,1.249408,-0.119581,-1.015861,1.249199,0.000000,-0.000000,0.000000,1.000000,-0.589853,-0.563116,-0.478671,0.000330,-0.000674,0.006005,0.000765,0.000112,-0.000245,0,0.000000,0.000000,0.000000,0.000000,0.000000,0.000000,0.000000,0.000000,0.101933,0.101856
15.847272,-0.187000,-0.978000,1.183000,-0.190003,-0.974664,1.224245,-0.189456,-0.975061,1.224807,-0.000000,0.000000,0.000000,1.000000,-0.589853,-0.563116,-0.478671,0.000330,-0.000674,0.006005,0.000765,0.000112,-0.000245,0,0.000000,0.000000,0.000000,0.000000,0.000000,0.000000,0.000000,0.000000,0.041489,0.041982
15.863880,-0.188000,-0.980000,1.183000,-0.205140,-1.027282,1.169319,-0.205278,-1.027329,1.169335,0.000000,0.000000,0.000000,1.000000,-0.589853,-0.563116,-0.478671,0.000330,-0.000674,0.006005,0.000765,0.000112,-0.000245,0,0.000000,0.000000,0.000000,0.000000,0.000000,0.000000,0.000000,0.000000,0.052120,0.052205
15.880508,-0.191000,-0.985000,1.184000,-0.160335,-1.016035,1.178051,-0.160296,-1.015946,1.177982,-0.000000,0.000000,0.000000,1.000000,-0.589853,-0.563116,-0.478671,0.000330,-0.000674,0.006005,0.000765,0.000112,-0.000245,0,0.000000,0.000000,0.000000,0.000000,0.000000,0.000000,0.000000,0.000000,0.044033,0.044006
15.897104,-0.200000,-0.997000,1.185000,-0.160234,-0.988832,1.194696,-0.160101,-0.988804,1.194817,0.000000,0.000000,0.000000,1.000000,-0.589853,-0.563116,-0.478671,0.000330,-0.000674,0.006005,0.000765,0.000112,-0.000245,0,0.000000,0.000000,0.000000,0.000000,0.000000,0.000000,0.000000,0.000000,0.041738,0.041898
15.913737,-0.206000,-1.003000,1.186000,-0.182123,-1.055652,1.270865,-0.182931,-1.055551,1.270925,-0.000000,0.000000,0.000000,1.000000,-0.589853,-0.563116,-0.478671,0.000330,-0.000674,0.006005,0.000765,0.000112,-0.000245,0,0.000000,0.000000,0.000000,0.000000,0.000000,0.000000,0.000000,0.000000,0.102686,0.102500
15.930398,-0.207000,-1.005000,1.186000,-0.195655,-1.031028,1.184685,-0.195633,-1.030842,1.184670,0.000000,0.000000,0.000000,1.000000,-0.589853,-0.563116,-0.478671,0.000330,-0.000674,0.006005,0.000765,0.000112,-0.000245,0,0.000000,0.000000,0.000000,0.000000,0.000000,0.000000,0.000000,0.000000,0.028423,0.028263
15.946981,-0.212000,-1.012000,1.187000,-0.161544,-1.041905,1.208588,-0.161615,-1.041707,1.208417,-0.000000,0.000000,0.000000,1.000000,-0.589853,-0.563116,-0.478671,0.000330,-0.000674,0.006005,0.000765,0.000112,-0.000245,0,0.000000,0.000000,0.000000,0.000000,0.000000,0.000000,0.000000,0.000000,0.062499,0.062288
15.963617,-0.218000,-1.018000,1.187000,-0.222073,-1.023106,1.119132,-0.221786,-1.023145,1.119293,0.000000,0.000000,0.000000,1.000000,-0.589853,-0.563116,-0.478671,0.000330,-0.000674,0.006005,0.000765,0.000112,-0.000245,0,0.000000,0.000000,0.000000,0.000000,0.000000,0.000000,0.000000,0.000000,0.068182,0.068008
15.980259,-0.219000,-1.020000,1.188000,-0.209491,-1.063369,1.174348,-0.209545,-1.063285,1.174367,-0.000000,0.000000,0.000000,1.000000,-0.589853,-0.563116,-0.478671,0.000330,-0.000674,0.006005,0.000765,0.000112,-0.000245,0,0.000000,0.000000,0.000000,0.000000,0.000000,0.000000,0.000000,0.000000,0.046451,0.046355
15.996921,-0.224000,-1.025000,1.188000,-0.201207,-1.066234,1.219700,-0.201221,-1.066184,1.219705,0.000000,0.000000,0.000000,1.000000,-0.589853,-0.563116,-0.478671,0.000330,-0.000674,0.006005,0.000765,0.000112,-0.000245,0,0.000000,0.000000,0.000000,0.000000,0.000000,0.000000,0.000000,0.000000,0.056786,0.056747
16.013581,-0.230000,-1.033000,1.189000,-0.221944,-1.066729,1.180797,-0.221865,-1.066818,1.180875,-0.000000,0.000000,0.000000,1.000000,-0.589853,-0.563116,-0.478671,0.000330,-0.000674,0.006005,0.000765,0.000112,-0.000245,0,0.000000,0.000000,0.000000,0.000000,0.000000,0.000000,0.000000,0.000000,0.035635,0.035719
16.030099,-0.233000,-1.037000,1.190000,-0.208532,-1.101780,1.223499,-0.208652,-1.101678,1.223437,0.000000,0.000000,0.000000,1.000000,-0.589853,-0.563116,-0.478671,0.000330,-0.000674,0.006005,0.000764,0.000112,-0.000245,0,0.000000,0.000000,0.000000,0.000000,0.000000,0.000000,0.000000,0.000000,0.076924,0.076773
16.046791,-0.239000,-1.043000,1.191000,-0.238981,-1.099068,1.119198,-0.238981,-1.099069,1.119198,0.000000,0.000000,0.000000,1.000000,-0.589853,-0.563116,-0.478671,0.000330,-0.000674,0.006005,0.000764,0.000112,-0.000245,0,0.000000,0.000000,0.000000,0.000000,0.000000,0.000000,0.000000,0.000000,0.091100,0.091100
16.063419,-0.240000,-1.046000,1.191000,-0.232791,-1.080948,1.232608,-0.232792,-1.080949,1.232608,0.000000,0.000000,0.000000,1.000000,-0.589853,-0.563116,-0.478671,0.000330,-0.000674,0.006005,0.000764,0.000112,-0.000245,0,0.000000,0.000000,0.000000,0.000000,0.000000,0.000000,0.000000,0.000000,0.054815,0.054814
16.080026,-0.243000,-1.048000,1.191000,-0.207251,-1.089576,1.209009,-0.207227,-1.089453,1.208829,-0.000000,0.000000,0.000000,1.000000,-0.589853,-0.563116,-0.478671,0.000330,-0.000674,0.006005,0.000764,0.000112,-0.000245,0,0.000000,0.000000,0.000000,0.000000,0.000000,0.000000,0.000000,0.000000,0.057714,0.057584
16.096580,-0.248000,-1.053000,1.192000,-0.187037,-1.108935,1.283065,-0.187288,-1.108704,1.283040,0.000000,0.000000,0.000000,1.000000,-0.589853,-0.563116,-0.478671,0.000330,-0.000674,0.006005,0.000764,0.000112,-0.000245,0,0.000000,0.000000,0.000000,0.000000,0.000000,0.000000,0.000000,0.000000,0.123037,0.122789
16.113199,-0.251000,-1.056000,1.193000,-0.253711,-1.091279,1.197410,-0.253343,-1.091662,1.197728,-0.000000,0.000000,0.000000,1.000000,-0.589853,-0.563116,-0.478671,0.000330,-0.000674,0.006005,0.000764,0.000112,-0.000245,0,0.000000,0.000000,0.000000,0.000000,0.000000,0.000000,0.000000,0.000000,0.035657,0.036050
16.129950,-0.255000,-1.061000,1.193000,-0.253792,-1.054190,1.187197,-0.253750,-1.054182,1.187261,0.000000,0.000000,0.000000,1.000000,-0.589853,-0.563116,-0.478671,0.000330,-0.000674,0.006005,0.000764,0.000112,-0.000245,0,0.000000,0.000000,0.000000,0.000000,0.000000,0.000000,0.000000,0.000000,0.009028,0.008999
16.146526,-0.263000,-1.069000,1.194000,-0.247970,-1.107543,1.230122,-0.248174,-1.107398,1.230093,-0.000000,0.000000,0.000000,1.000000,-0.589853,-0.563116,-0.478671,0.000330,-0.000674,0.006005,0.000764,0.000112,-0.000245,0,0.000000,0.000000,0.000000,0.000000,0.000000,0.000000,0.000000,0.000000,0.054921,0.054744
16.163130,-0.267000,-1.074000,1.195000,-0.222575,-1.124269,1.227759,-0.222712,-1.124022,1.227513,0.000000,0.000000,0.000000,1.000000,-0.589853,-0.563116,-0.478671,0.000330,-0.000674,0.006005,0.000764,0.000112,-0.000245,0,0.000000,0.000000,0.000000,0.000000,0.000000,0.000000,0.000000,0.000000,0.074657,0.074301
16.179680,-0.273000,-1.080000,1.196000,-0.250275,-1.149177,1.226124,-0.250163,-1.149048,1.226200,-0.000000,0.000000,0.000000,1.000000,-0.589853,-0.563116,-0.478671,0.000330,-0.000674,0.006005,0.000764,0.000112,-0.000245,0,0.000000,0.000000,0.000000,0.000000,0.000000,0.000000,0.000000,0.000000,0.078799,0.078748
16.196346,-0.276000,-1.084000,1.196000,-0.247071,-1.077415,1.209827,-0.246408,-1.077301,1.210176,0.000000,0.000000,0.000000,1.000000,-0.589853,-0.563116,-0.478671,0.000330,-0.000674,0.006005,0.000764,0.000112,-0.000245,0,0.000000,0.000000,0.000000,0.000000,0.000000,0.000000,0.000000,0.000000,0.032733,0.033490
16.212966,-0.283000,-1.092000,1.198000,-0.266410,-1.173021,1.198555,-0.266592,-1.172908,1.198762,-0.000000,0.000000,0.000000,1.000000,-0.589853,-0.563116,-0.478671,0.000330,-0.000674,0.006005,0.000764,0.000112,-0.000245,0,0.000000,0.000000,0.000000,0.000000,0.000000,0.000000,0.000000,0.000000,0.082704,0.082558
16.229602,-0.287000,-1.096000,1.198000,-0.241675,-1.155369,1.316836,-0.241676,-1.155370,1.316836,-0.000000,0.000000,0.000000,1.000000,-0.589853,-0.563116,-0.478671,0.000330,-0.000674,0.006005,0.000764,0.000112,-0.000245,0,0.000000,0.000000,0.000000,0.000000,0.000000,0.000000,0.000000,0.000000,0.140361,0.140361
16.246193,-0.295000,-1.105000,1.200000,-0.259674,-1.126498,1.206846,-0.259674,-1.126498,1.206847,-0.000000,0.000000,0.000000,1.000000,-0.589853,-0.563116,-0.478671,0.000330,-0.000674,0.006005,0.000764,0.000112,-0.000245,0,0.000000,0.000000,0.000000,0.000000,0.000000,0.000000,0.000000,0.000000,0.041916,0.041916
16.279488,-0.304000,-1.114000,1.202000,-0.318936,-1.147230,1.202967,-0.319002,-1.147384,1.203126,0.000000,0.000000,0.000000,1.000000,-0.589853,-0.563116,-0.478671,0.000330,-0.000674,0.006005,0.000764,0.000112,-0.000245,0,0.000000,0.000000,0.000000,0.000000,0.000000,0.000000,0.000000,0.000000,0.036445,0.036618
16.296095,-0.310000,-1.118000,1.203000,-0.287183,-1.129796,1.189588,-0.287135,-1.129730,1.189527,-0.000000,0.000000,0.000000,1.000000,-0.589853,-0.563116,-0.478671,0.000330,-0.000674,0.006005,0.000764,0.000112,-0.000245,0,0.000000,0.000000,0.000000,0.000000,0.000000,0.000000,0.000000,0.000000,0.028976,0.029016
16.312729,-0.313000,-1.123000,1.203000,-0.282012,-1.201787,1.220891,-0.282278,-1.201633,1.221004,0.000000,0.000000,0.000000,1.000000,-0.589853,-0.563116,-0.478671,0.000330,-0.000674,0.006005,0.000764,0.000112,-0.000245,0,0.000000,0.000000,0.000000,0.000000,0.000000,0.000000,0.000000,0.000000,0.086532,0.086320
16.329280,-0.322000,-1.131000,1.205000,-0.290948,-1.164792,1.158207,-0.290758,-1.164661,1.158246,-0.000000,0.000000,0.000000,1.000000,-0.589853,-0.563116,-0.478671,0.000330,-0.000674,0.006005,0.000764,0.000112,-0.000245,0,0.000000,0.000000,0.000000,0.000000,0.000000,0.000000,0.000000,0.000000,0.065542,0.065537
16.345968,-0.325000,-1.134000,1.206000,-0.263364,-1.182157,1.227206,-0.263481,-1.181985,1.227151,0.000000,0.000000,0.000000,1.000000,-0.589853,-0.563116,-0.478671,0.000330,-0.000674,0.006005,0.000764,0.000112,-0.000245,0,0.000000,0.000000,0.000000,0.000000,0.000000,0.000000,0.000000,0.000000,0.081042,0.080837
16.362611,-0.332000,-1.140000,1.207000,-0.304662,-1.171097,1.228370,-0.304661,-1.171013,1.228382,-0.000000,0.000000,0.000000,1.000000,-0.589853,-0.563116,-0.478671,0.000330,-0.000674,0.006005,0.000764,0.000112,-0.000245,0,0.000000,0.000000,0.000000,0.000000,0.000000,0.000000,0.000000,0.000000,0.046595,0.046544
16.379234,-0.333000,-1.141000,1.207000,-0.301742,-1.216792,1.239279,-0.301915,-1.216716,1.239269,0.000000,0.000000,0.000000,1.000000,-0.589853,-0.563116,-0.478671,0.000330,-0.000674,0.006005,0.000764,0.000112,-0.000245,0,0.000000,0.000000,0.000000,0.000000,0.000000,0.000000,0.000000,0.000000,0.088111,0.087980
16.395778,-0.343000,-1.150000,1.209000,-0.298382,-1.220333,1.340797,-0.298382,-1.220333,1.340797,0.000000,0.000000,0.000000,1.000000,-0.589853,-0.563116,-0.478671,0.000330,-0.000674,0.006005,0.000764,0.000112,-0.000245,0,0.000000,0.000000,0.000000,0.000000,0.000000,0.000000,0.000000,0.000000,0.155910,0.155910
16.412468,-0.345000,-1.151000,1.209000,-0.310393,-1.197129,1.228847,-0.310393,-1.197129,1.228848,0.000000,0.000000,0.000000,1.000000,-0.589853,-0.563116,-0.478671,0.000330,-0.000674,0.006005,0.000764,0.000112,-0.000245,0,0.000000,0.000000,0.000000,0.000000,0.000000,0.000000,0.000000,0.000000,0.060987,0.060988
16.429085,-0.350000,-1.156000,1.211000,-0.310601,-1.202913,1.206023,-0.310583,-1.202895,1.206017,-0.000000,0.000000,0.000000,1.000000,-0.589853,-0.563116,-0.478671,0.000330,-0.000674,0.006005,0.000764,0.000112,-0.000245,0,0.000000,0.000000,0.000000,0.000000,0.000000,0.000000,0.000000,0.000000,0.061464,0.061463
16.445733,-0.356000,-1.160000,1.212000,-0.278816,-1.236827,1.274501,-0.279040,-1.236522,1.274473,0.000000,0.000000,0.000000,1.000000,-0.589853,-0.563116,-0.478671,0.000330,-0.000674,0.006005,0.000764,0.000112,-0.000245,0,0.000000,0.000000,0.000000,0.000000,0.000000,0.000000,0.000000,0.000000,0.125563,0.125225
16.462317,-0.362000,-1.166000,1.213000,-0.349210,-1.190793,1.256446,-0.349180,-1.190406,1.256630,-0.000000,0.000000,0.000000,1.000000,-0.589853,-0.563116,-0.478671,0.000330,-0.000674,0.006005,0.000764,0.000112,-0.000245,0,0.000000,0.000000,0.000000,0.000000,0.000000,0.000000,0.000000,0.000000,0.051631,0.051609
16.478898,-0.366000,-1.170000,1.214000,-0.347336,-1.231881,1.237243,-0.347303,-1.231846,1.237270,0.000000,0.000000,0.000000,1.000000,-0.589853,-0.563116,-0.478671,0.000330,-0.000674,0.006005,0.000764,0.000112,-0.000245,0,0.000000,0.000000,0.000000,0.000000,0.000000,0.000000,0.000000,0.000000,0.068687,0.068673
16.495613,-0.370000,-1.171000,1.215000,-0.344361,-1.228785,1.294364,-0.344370,-1.228718,1.294369,-0.000000,0.000000,0.000000,1.000000,-0.589853,-0.563116,-0.478671,0.000330,-0.000674,0.006005,0.000764,0.000112,-0.000245,0,0.000000,0.000000,0.000000,0.000000,0.000000,0.000000,0.000000,0.000000,0.101465,0.101429
16.512261,-0.380000,-1.179000,1.217000,-0.321997,-1.194582,1.347547,-0.321907,-1.194507,1.347557,0.000000,0.000000,0.000000,1.000000,-0.589853,-0.563116,-0.478671,0.000330,-0.000674,0.006005,0.000764,0.000112,-0.000245,0,0.000000,0.000000,0.000000,0.000000,0.000000,0.000000,0.000000,0.000000,0.143700,0.143738
16.528875,-0.386000,-1.183000,1.218000,-0.360328,-1.221662,1.259597,-0.360075,-1.221707,1.259878,-0.000000,0.000000,0.000000,1.000000,-0.589853,-0.563116,-0.478671,0.000330,-0.000674,0.006005,0.000764,0.000112,-0.000245,0,0.000000,0.000000,0.000000,0.000000,0.000000,0.000000,0.000000,0.000000,0.062323,0.062642
16.545437,-0.392000,-1.187000,1.220000,-0.323808,-1.247579,1.283633,-0.323655,-1.247624,1.283645,0.000000,0.000000,0.000000,1.000000,-0.589853,-0.563116,-0.478671,0.000330,-0.000674,0.006005,0.000764,0.000112,-0.000245,0,0.000000,0.000000,0.000000,0.000000,0.000000,0.000000,0.000000,0.000000,0.111216,0.111341
16.562105,-0.398000,-1.192000,1.221000,-0.361774,-1.244950,1.314644,-0.361846,-1.244706,1.314641,-0.000000,0.000000,0.000000,1.000000,-0.589853,-0.563116,-0.478671,0.000330,-0.000674,0.006005,0.000764,0.000112,-0.000245,0,0.000000,0.000000,0.000000,0.000000,0.000000,0.000000,0.000000,0.000000,0.113513,0.113374
16.578775,-0.403000,-1.194000,1.221000,-0.338566,-1.262411,1.222616,-0.338340,-1.262162,1.222484,0.000000,0.000000,0.000000,1.000000,-0.589853,-0.563116,-0.478671,0.000330,-0.000674,0.006005,0.000764,0.000112,-0.000245,0,0.000000,0.000000,0.000000,0.000000,0.000000,0.000000,0.000000,0.000000,0.093992,0.093963
16.595322,-0.413000,-1.200000,1.223000,-0.303307,-1.244312,1.266941,-0.303305,-1.244320,1.266873,-0.000000,0.000000,0.000000,1.000000,-0.589853,-0.563116,-0.478671,0.000330,-0.000674,0.006005,0.000764,0.000112,-0.000245,0,0.000000,0.000000,0.000000,0.000000,0.000000,0.000000,0.000000,0.000000,0.126202,0.126183
16.611972,-0.417000,-1.203000,1.224000,-0.363864,-1.216604,1.300103,-0.363672,-1.216757,1.300319,0.000000,0.000000,0.000000,1.000000,-0.589853,-0.563116,-0.478671,0.000330,-0.000674,0.006005,0.000764,0.000112,-0.000245,0,0.000000,0.000000,0.000000,0.000000,0.000000,0.000000,0.000000,0.000000,0.093809,0.094115
16.628534,-0.422000,-1.205000,1.225000,-0.399558,-1.262130,1.311340,-0.399494,-1.261981,1.311502,-0.000000,0.000000,0.000000,1.000000,-0.589853,-0.563116,-0.478671,0.000330,-0.000674,0.006005,0.000764,0.000112,-0.000245,0,0.000000,0.000000,0.000000,0.000000,0.000000,0.000000,0.000000,0.000000,0.105935,0.106000
16.645193,-0.422000,-1.205000,1.225000,-0.354124,-1.221738,1.230009,-0.353940,-1.221311,1.229958,0.000000,0.000000,0.000000,1.000000,-0.589853,-0.563116,-0.478671,0.000330,-0.000674,0.006005,0.000764,0.000112,-0.000245,0,0.000000,0.000000,0.000000,0.000000,0.000000,0.000000,0.000000,0.000000,0.070088,0.070162
16.661823,-0.439000,-1.213000,1.228000,-0.387109,-1.244728,1.310086,-0.387552,-1.244731,1.310244,-0.000000,0.000000,0.000000,1.000000,-0.589853,-0.563116,-0.478671,0.000330,-0.000674,0.006005,0.000764,0.000112,-0.000245,0,0.000000,0.000000,0.000000,0.000000,0.000000,0.000000,0.000000,0.000000,0.102164,0.102068
16.678414,-0.441000,-1.215000,1.228000,-0.383620,-1.311971,1.268542,-0.383294,-1.311881,1.268595,0.000000,0.000000,0.000000,1.000000,-0.589853,-0.563116,-0.478671,0.000330,-0.000674,0.006005,0.000764,0.000112,-0.000245,0,0.000000,0.000000,0.000000,0.000000,0.000000,0.000000,0.000000,0.000000,0.119748,0.119849
16.694999,-0.453000,-1.219000,1.230000,-0.367242,-1.236591,1.170076,-0.366869,-1.236083,1.170125,-0.000000,0.000000,0.000000,1.000000,-0.589853,-0.563116,-0.478671,0.000330,-0.000674,0.006005,0.000764,0.000112,-0.000245,0,0.000000,0.000000,0.000000,0.000000,0.000000,0.000000,0.000000,0.000000,0.106089,0.106280
16.711729,-0.461000,-1.222000,1.231000,-0.409081,-1.282577,1.271459,-0.409079,-1.282577,1.271459,-0.000000,0.000000,0.000000,1.000000,-0.589853,-0.563116,-0.478671,0.000330,-0.000674,0.006005,0.000764,0.000112,-0.000245,0,0.000000,0.000000,0.000000,0.000000,0.000000,0.000000,0.000000,0.000000,0.089455,0.089455
16.728355,-0.465000,-1.224000,1.232000,-0.402555,-1.274368,1.227625,-0.402581,-1.274380,1.227639,0.000000,0.000000,0.000000,1.000000,-0.589853,-0.563116,-0.478671,0.000330,-0.000674,0.006005,0.000764,0.000112,-0.000245,0,0.000000,0.000000,0.000000,0.000000,0.000000,0.000000,0.000000,0.000000,0.080346,0.080333
16.744958,-0.471000,-1.226000,1.233000,-0.368696,-1.297919,1.298905,-0.368534,-1.298029,1.299017,-0.000000,0.000000,0.000000,1.000000,-0.589853,-0.563116,-0.478671,0.000330,-0.000674,0.006005,0.000764,0.000112,-0.000245,0,0.000000,0.000000,0.000000,0.000000,0.000000,0.000000,0.000000,0.000000,0.141358,0.141583
16.761518,-0.471000,-1.226000,1.233000,-0.386925,-1.253676,1.291287,-0.386794,-1.253651,1.291453,0.000000,0.000000,0.000000,1.000000,-0.589853,-0.563116,-0.478671,0.000330,-0.000674,0.006005,0.000764,0.000112,-0.000245,0,0.000000,0.000000,0.000000,0.000000,0.000000,0.000000,0.000000,0.000000,0.105981,0.106170
16.778178,-0.481000,-1.229000,1.235000,-0.389913,-1.264052,1.359018,-0.390055,-1.263977,1.359031,-0.000000,0.000000,0.000000,1.000000,-0.589853,-0.563116,-0.478671,0.000330,-0.000674,0.006005,0.000764,0.000112,-0.000245,0,0.000000,0.000000,0.000000,0.000000,0.000000,0.000000,0.000000,0.000000,0.157816,0.157727
16.794817,-0.484000,-1.231000,1.236000,-0.387426,-1.288677,1.410016,-0.387425,-1.288638,1.410082,0.000000,0.000000,0.000000,1.000000,-0.589853,-0.563116,-0.478671,0.000330,-0.000674,0.006005,0.000764,0.000112,-0.000245,0,0.000000,0.000000,0.000000,0.000000,0.000000,0.000000,0.000000,0.000000,0.207207,0.207252
16.811448,-0.488000,-1.231000,1.236000,-0.464476,-1.250254,1.242681,-0.464469,-1.250251,1.242687,0.000000,0.000000,0.000000,1.000000,-0.589853,-0.563116,-0.478671,0.000330,-0.000674,0.006005,0.000764,0.000112,-0.000245,0,0.000000,0.000000,0.000000,0.000000,0.000000,0.000000,0.000000,0.000000,0.031125,0.031129
16.844660,-0.498000,-1.235000,1.239000,-0.403181,-1.293562,1.224413,-0.402725,-1.293598,1.224360,-0.000000,0.000000,0.000000,1.000000,-0.589853,-0.563116,-0.478671,0.000330,-0.000674,0.006005,0.000764,0.000112,-0.000245,0,0.000000,0.000000,0.000000,0.000000,0.000000,0.000000,0.000000,0.000000,0.112396,0.112806
16.861362,-0.502000,-1.236000,1.240000,-0.391969,-1.283520,1.279819,-0.392141,-1.283592,1.279739,0.000000,0.000000,0.000000,1.000000,-0.589853,-0.563116,-0.478671,0.000330,-0.000674,0.006005,0.000764,0.000112,-0.000245,0,0.000000,0.000000,0.000000,0.000000,0.000000,0.000000,0.000000,0.000000,0.126295,0.126148
16.877953,-0.506000,-1.238000,1.241000,-0.441928,-1.299575,1.283065,-0.441947,-1.299618,1.283176,-0.000000,0.000000,0.000000,1.000000,-0.589853,-0.563116,-0.478671,0.000330,-0.000674,0.006005,0.000764,0.000112,-0.000245,0,0.000000,0.000000,0.000000,0.000000,0.000000,0.000000,0.000000,0.000000,0.098316,0.098379
16.894571,-0.519000,-1.241000,1.245000,-0.411147,-1.267410,1.345495,-0.411173,-1.267462,1.345363,0.000000,0.000000,0.000000,1.000000,-0.589853,-0.563116,-0.478671,0.000330,-0.000674,0.006005,0.000764,0.000112,-0.000245,0,0.000000,0.000000,0.000000,0.000000,0.000000,0.000000,0.000000,0.000000,0.149763,0.149665
16.911156,-0.522000,-1.242000,1.246000,-0.436410,-1.284997,1.306656,-0.436274,-1.284990,1.306753,-0.000000,0.000000,0.000000,1.000000,-0.589853,-0.563116,-0.478671,0.000330,-0.000674,0.006005,0.000764,0.000112,-0.000245,0,0.000000,0.000000,0.000000,0.000000,0.000000,0.000000,0.000000,0.000000,0.113373,0.113525
16.927822,-0.529000,-1.244000,1.248000,-0.460694,-1.249744,1.344859,-0.460517,-1.249755,1.345025,0.000000,0.000000,0.000000,1.000000,-0.589853,-0.563116,-0.478671,0.000330,-0.000674,0.006005,0.000764,0.000112,-0.000245,0,0.000000,0.000000,0.000000,0.000000,0.000000,0.000000,0.000000,0.000000,0.118660,0.118899
16.944449,-0.538000,-1.246000,1.250000,-0.484802,-1.325409,1.245267,-0.484147,-1.325267,1.245527,-0.000000,0.000000,0.000000,1.000000,-0.589853,-0.563116,-0.478671,0.000330,-0.000674,0.006005,0.000764,0.000112,-0.000245,0,0.000000,0.000000,0.000000,0.000000,0.000000,0.000000,0.000000,0.000000,0.095699,0.095934
16.961066,-0.538000,-1.246000,1.250000,-0.456113,-1.281488,1.325225,-0.456261,-1.281582,1.325042,0.000000,0.000000,0.000000,1.000000,-0.589853,-0.563116,-0.478671,0.000330,-0.000674,0.006005,0.000764,0.000112,-0.000245,0,0.000000,0.000000,0.000000,0.000000,0.000000,0.000000,0.000000,0.000000,0.116721,0.116528
16.977695,-0.547000,-1.248000,1.252000,-0.451616,-1.339922,1.365049,-0.451931,-1.339773,1.365192,-0.000000,0.000000,0.000000,1.000000,-0.589853,-0.563116,-0.478671,0.000330,-0.000674,0.006005,0.000764,0.000112,-0.000245,0,0.000000,0.000000,0.000000,0.000000,0.000000,0.000000,0.000000,0.000000,0.174148,0.173990
16.994246,-0.555000,-1.250000,1.255000,-0.468140,-1.330866,1.356940,-0.468142,-1.330812,1.356996,0.000000,0.000000,0.000000,1.000000,-0.589853,-0.563116,-0.478671,0.000330,-0.000674,0.006005,0.000764,0.000112,-0.000245,0,0.000000,0.000000,0.000000,0.000000,0.000000,0.000000,0.000000,0.000000,0.156447,0.156454
17.010953,-0.559000,-1.250000,1.256000,-0.415747,-1.336653,1.410896,-0.415788,-1.336497,1.410613,-0.000000,0.000000,0.000000,1.000000,-0.589853,-0.563116,-0.478671,0.000330,-0.000674,0.006005,0.000764,0.000112,-0.000245,0,0.000000,0.000000,0.000000,0.000000,0.000000,0.000000,0.000000,0.000000,0.228085,0.227808
17.027506,-0.565000,-1.251000,1.258000,-0.462215,-1.315514,1.358443,-0.461868,-1.315582,1.358814,0.000000,0.000000,0.000000,1.000000,-0.589853,-0.563116,-0.478671,0.000330,-0.000674,0.006005,0.000764,0.000112,-0.000245,0,0.000000,0.000000,0.000000,0.000000,0.000000,0.000000,0.000000,0.000000,0.157530,0.158021
17.044198,-0.570000,-1.252000,1.259000,-0.507633,-1.340910,1.282779,-0.507307,-1.340570,1.283012,-0.000000,0.000000,0.000000,1.000000,-0.589853,-0.563116,-0.478671,0.000330,-0.000674,0.006005,0.000764,0.000112,-0.000245,0,0.000000,0.000000,0.000000,0.000000,0.000000,0.000000,0.000000,0.000000,0.111176,0.111138
17.060724,-0.570000,-1.252000,1.259000,-0.474335,-1.323779,1.292007,-0.474320,-1.323748,1.291893,0.000000,0.000000,0.000000,1.000000,-0.589853,-0.563116,-0.478671,0.000330,-0.000674,0.006005,0.000764,0.000112,-0.000245,0,0.000000,0.000000,0.000000,0.000000,0.000000,0.000000,0.000000,0.000000,0.124071,0.124034
17.077446,-0.582000,-1.253000,1.262000,-0.463687,-1.345002,1.345696,-0.463863,-1.344985,1.345715,-0.000000,0.000000,0.000000,1.000000,-0.589853,-0.563116,-0.478671,0.000330,-0.000674,0.006005,0.000764,0.000112,-0.000245,0,0.000000,0.000000,0.000000,0.000000,0.000000,0.000000,0.000000,0.000000,0.171660,0.171540
17.094050,-0.589000,-1.253000,1.264000,-0.481989,-1.355801,1.339282,-0.481949,-1.355786,1.339348,0.000000,0.000000,0.000000,1.000000,-0.589853,-0.563116,-0.478671,0.000330,-0.000674,0.006005,0.000764,0.000112,-0.000245,0,0.000000,0.000000,0.000000,0.000000,0.000000,0.000000,0.000000,0.000000,0.166394,0.166440
17.110667,-0.597000,-1.254000,1.266000,-0.484345,-1.341624,1.278399,-0.484141,-1.341603,1.278485,-0.000000,0.000000,0.000000,1.000000,-0.589853,-0.563116,-0.478671,0.000330,-0.000674,0.006005,0.000764,0.000112,-0.000245,0,0.000000,0.000000,0.000000,0.000000,0.000000,0.000000,0.000000,0.000000,0.143258,0.143413
17.127226,-0.602000,-1.254000,1.267000,-0.474711,-1.320827,1.337507,-0.474729,-1.320784,1.337484,0.000000,0.000000,0.000000,1.000000,-0.589853,-0.563116,-0.478671,0.000330,-0.000674,0.006005,0.000764,0.000112,-0.000245,0,0.000000,0.000000,0.000000,0.000000,0.000000,0.000000,0.000000,0.000000,0.160124,0.160081
17.143896,-0.608000,-1.254000,1.269000,-0.504982,-1.365620,1.314036,-0.505301,-1.365836,1.314204,-0.000000,0.000000,0.000000,1.000000,-0.589853,-0.563116,-0.478671,0.000330,-0.000674,0.006005,0.000764,0.000112,-0.000245,0,0.000000,0.000000,0.000000,0.000000,0.000000,0.000000,0.000000,0.000000,0.158430,0.158423
17.160521,-0.608000,-1.254000,1.269000,-0.503105,-1.335628,1.380581,-0.503206,-1.335615,1.380562,0.000000,0.000000,0.000000,1.000000,-0.589853,-0.563116,-0.478671,0.000330,-0.000674,0.006005,0.000764,0.000112,-0.000245,0,0.000000,0.000000,0.000000,0.000000,0.000000,0.000000,0.000000,0.000000,0.173541,0.173462
17.177179,-0.621000,-1.254000,1.273000,-0.480304,-1.356706,1.331857,-0.480236,-1.356533,1.331715,-0.000000,0.000000,0.000000,1.000000,-0.589853,-0.563116,-0.478671,0.000330,-0.000674,0.006005,0.000764,0.000112,-0.000245,0,0.000000,0.000000,0.000000,0.000000,0.000000,0.000000,0.000000,0.000000,0.183869,0.183780
17.193732,-0.628000,-1.253000,1.275000,-0.539395,-1.320825,1.266118,-0.538971,-1.320827,1.266420,0.000000,0.000000,0.000000,1.000000,-0.589853,-0.563116,-0.478671,0.000330,-0.000674,0.006005,0.000764,0.000112,-0.000245,0,0.000000,0.000000,0.000000,0.000000,0.000000,0.000000,0.000000,0.000000,0.111937,0.112251
17.210361,-0.633000,-1.254000,1.276000,-0.500888,-1.343481,1.315720,-0.501115,-1.343105,1.315522,-0.000000,0.000000,0.000000,1.000000,-0.589853,-0.563116,-0.478671,0.000330,-0.000674,0.006005,0.000764,0.000112,-0.000245,0,0.000000,0.000000,0.000000,0.000000,0.000000,0.000000,0.000000,0.000000,0.164432,0.163998
17.243652,-0.642000,-1.252000,1.278000,-0.554446,-1.321389,1.411856,-0.554385,-1.321623,1.412359,0.000000,0.000000,0.000000,1.000000,-0.589853,-0.563116,-0.478671,0.000330,-0.000674,0.006005,0.000764,0.000112,-0.000245,0,0.000000,0.000000,0.000000,0.000000,0.000000,0.000000,0.000000,0.000000,0.174351,0.174861
17.260256,-0.645000,-1.253000,1.279000,-0.555387,-1.357880,1.329954,-0.555226,-1.357699,1.330042,-0.000000,0.000000,0.000000,1.000000,-0.589853,-0.563116,-0.478671,0.000330,-0.000674,0.006005,0.000764,0.000112,-0.000245,0,0.000000,0.000000,0.000000,0.000000,0.000000,0.000000,0.000000,0.000000,0.147060,0.147060
17.276828,-0.652000,-1.251000,1.281000,-0.520415,-1.362187,1.371561,-0.520523,-1.361940,1.371301,0.000000,0.000000,0.000000,1.000000,-0.589853,-0.563116,-0.478671,0.000330,-0.000674,0.006005,0.000764,0.000112,-0.000245,0,0.000000,0.000000,0.000000,0.000000,0.000000,0.000000,0.000000,0.000000,0.194624,0.194289
17.310175,-0.667000,-1.249000,1.285000,-0.550154,-1.366321,1.318668,-0.549958,-1.366365,1.318851,-0.000000,0.000000,0.000000,1.000000,-0.589853,-0.563116,-0.478671,0.000330,-0.000674,0.006005,0.000764,0.000112,-0.000245,0,0.000000,0.000000,0.000000,0.000000,0.000000,0.000000,0.000000,0.000000,0.168970,0.169172
17.359970,-0.679000,-1.246000,1.288000,-0.578515,-1.357806,1.297024,-0.578415,-1.357850,1.297149,0.000000,0.000000,0.000000,1.000000,-0.589853,-0.563116,-0.478671,0.000330,-0.000674,0.006005,0.000764,0.000112,-0.000245,0,0.000000,0.000000,0.000000,0.000000,0.000000,0.000000,0.000000,0.000000,0.150597,0.150703
17.393269,-0.683000,-1.245000,1.289000,-0.599458,-1.356169,1.272620,-0.599416,-1.356115,1.272658,-0.000000,0.000000,0.000000,1.000000,-0.589853,-0.563116,-0.478671,0.000330,-0.000674,0.006005,0.000764,0.000112,-0.000245,0,0.000000,0.000000,0.000000,0.000000,0.000000,0.000000,0.000000,0.000000,0.140022,0.140000
17.409837,-0.684000,-1.245000,1.289000,-0.583266,-1.332904,1.303951,-0.583214,-1.332839,1.303949,0.000000,0.000000,0.000000,1.000000,-0.589853,-0.563116,-0.478671,0.000330,-0.000674,0.006005,0.000764,0.000112,-0.000245,0,0.000000,0.000000,0.000000,0.000000,0.000000,0.000000,0.000000,0.000000,0.134529,0.134525
17.426485,-0.689000,-1.243000,1.291000,-0.617648,-1.336736,1.279716,-0.617600,-1.336815,1.279777,-0.000000,0.000000,0.000000,1.000000,-0.589853,-0.563116,-0.478671,0.000330,-0.000674,0.006005,0.000764,0.000112,-0.000245,0,0.000000,0.000000,0.000000,0.000000,0.000000,0.000000,0.000000,0.000000,0.118342,0.118428
17.443126,-0.695000,-1.242000,1.292000,-0.634856,-1.301195,1.270676,-0.634647,-1.301217,1.270806,0.000000,0.000000,0.000000,1.000000,-0.589853,-0.563116,-0.478671,0.000330,-0.000674,0.006005,0.000764,0.000112,-0.000245,0,0.000000,0.000000,0.000000,0.000000,0.000000,0.000000,0.000000,0.000000,0.087040,0.087168
17.459804,-0.698000,-1.241000,1.293000,-0.642135,-1.356269,1.259846,-0.642154,-1.356217,1.259954,-0.000000,0.000000,0.000000,1.000000,-0.589853,-0.563116,-0.478671,0.000330,-0.000674,0.006005,0.000764,0.000112,-0.000245,0,0.000000,0.000000,0.000000,0.000000,0.000000,0.000000,0.000000,0.000000,0.132314,0.132234
17.476398,-0.702000,-1.239000,1.294000,-0.652742,-1.322270,1.315769,-0.652804,-1.322179,1.315742,0.000000,0.000000,0.000000,1.000000,-0.589853,-0.563116,-0.478671,0.000330,-0.000674,0.006005,0.000764,0.000112,-0.000245,0,0.000000,0.000000,0.000000,0.000000,0.000000,0.000000,0.000000,0.000000,0.099167,0.099054
17.493010,-0.710000,-1.237000,1.297000,-0.568007,-1.344666,1.298031,-0.567642,-1.344480,1.297796,-0.000000,0.000000,0.000000,1.000000,-0.589853,-0.563116,-0.478671,0.000330,-0.000674,0.006005,0.000764,0.000112,-0.000245,0,0.000000,0.000000,0.000000,0.000000,0.000000,0.000000,0.000000,0.000000,0.178199,0.178377
17.526258,-0.718000,-1.235000,1.299000,-0.638852,-1.351342,1.334072,-0.638777,-1.351474,1.334034,0.000000,0.000000,0.000000,1.000000,-0.589853,-0.563116,-0.478671,0.000330,-0.000674,0.006005,0.000764,0.000112,-0.000246,0,0.000000,0.000000,0.000000,0.000000,0.000000,0.000000,0.000000,0.000000,0.145017,0.145155
17.542860,-0.724000,-1.233000,1.302000,-0.660558,-1.357087,1.275533,-0.660395,-1.357037,1.275626,-0.000000,0.000000,0.000000,1.000000,-0.589853,-0.563116,-0.478671,0.000330,-0.000674,0.006005,0.000764,0.000112,-0.000246,0,0.000000,0.000000,0.000000,0.000000,0.000000,0.000000,0.000000,0.000000,0.141856,0.141867
17.559469,-0.727000,-1.231000,1.303000,-0.670840,-1.320505,1.261496,-0.670603,-1.320526,1.261702,0.000000,0.000000,0.000000,1.000000,-0.589853,-0.563116,-0.478671,0.000330,-0.000674,0.006005,0.000764,0.000112,-0.000246,0,0.000000,0.000000,0.000000,0.000000,0.000000,0.000000,0.000000,0.000000,0.113524,0.113583
17.576067,-0.731000,-1.229000,1.304000,-0.643099,-1.314946,1.250385,-0.643084,-1.314988,1.250343,-0.000000,0.000000,0.000000,1.000000,-0.589853,-0.563116,-0.478671,0.000330,-0.000674,0.006005,0.000764,0.000112,-0.000246,0,0.000000,0.000000,0.000000,0.000000,0.000000,0.000000,0.000000,0.000000,0.134119,0.134173
17.592755,-0.735000,-1.228000,1.306000,-0.626791,-1.364946,1.330298,-0.626949,-1.364690,1.330425,0.000000,0.000000,0.000000,1.000000,-0.589853,-0.563116,-0.478671,0.000330,-0.000674,0.006005,0.000764,0.000112,-0.000246,0,0.000000,0.000000,0.000000,0.000000,0.000000,0.000000,0.000000,0.000000,0.176220,0.175943
17.609365,-0.735000,-1.228000,1.306000,-0.609918,-1.326932,1.373995,-0.609658,-1.326829,1.373928,-0.000000,0.000000,0.000000,1.000000,-0.589853,-0.563116,-0.478671,0.000330,-0.000674,0.006005,0.000764,0.000112,-0.000246,0,0.000000,0.000000,0.000000,0.000000,0.000000,0.000000,0.000000,0.000000,0.173367,0.173470
17.625977,-0.741000,-1.226000,1.309000,-0.639412,-1.363528,1.368376,-0.639720,-1.363725,1.368553,0.000000,0.000000,0.000000,1.000000,-0.589853,-0.563116,-0.478671,0.000330,-0.000674,0.006005,0.000764,0.000112,-0.000246,0,0.000000,0.000000,0.000000,0.000000,0.000000,0.000000,0.000000,0.000000,0.180996,0.181031
17.642562,-0.750000,-1.222000,1.312000,-0.670499,-1.369035,1.362773,-0.670491,-1.369046,1.362856,-0.000000,0.000000,0.000000,1.000000,-0.589853,-0.563116,-0.478671,0.000330,-0.000674,0.006005,0.000764,0.000112,-0.000246,0,0.000000,0.000000,0.000000,0.000000,0.000000,0.000000,0.000000,0.000000,0.174693,0.174730
17.659237,-0.754000,-1.221000,1.313000,-0.657586,-1.327727,1.339173,-0.657432,-1.327636,1.339178,0.000000,0.000000,0.000000,1.000000,-0.589853,-0.563116,-0.478671,0.000330,-0.000674,0.006005,0.000764,0.000112,-0.000246,0,0.000000,0.000000,0.000000,0.000000,0.000000,0.000000,0.000000,0.000000,0.146189,0.146226
17.675847,-0.757000,-1.220000,1.315000,-0.657784,-1.367191,1.365280,-0.658190,-1.367067,1.365154,-0.000000,0.000000,0.000000,1.000000,-0.589853,-0.563116,-0.478671,0.000330,-0.000674,0.006005,0.000764,0.000112,-0.000246,0,0.000000,0.000000,0.000000,0.000000,0.000000,0.000000,0.000000,0.000000,0.184491,0.184140
17.692532,-0.763000,-1.217000,1.317000,-0.676326,-1.312795,1.303975,-0.676284,-1.312465,1.303865,0.000000,0.000000,0.000000,1.000000,-0.589853,-0.563116,-0.478671,0.000330,-0.000674,0.006005,0.000764,0.000112,-0.000246,0,0.000000,0.000000,0.000000,0.000000,0.000000,0.000000,0.000000,0.000000,0.129841,0.129636
17.709086,-0.766000,-1.216000,1.318000,-0.636996,-1.365140,1.377965,-0.637076,-1.364829,1.377897,-0.000000,0.000000,0.000000,1.000000,-0.589853,-0.563116,-0.478671,0.000330,-0.000674,0.006005,0.000764,0.000112,-0.000246,0,0.000000,0.000000,0.000000,0.000000,0.000000,0.000000,0.000000,0.000000,0.206108,0.205813
17.725694,-0.770000,-1.214000,1.319000,-0.706017,-1.348292,1.344661,-0.705801,-1.348162,1.344763,0.000000,0.000000,0.000000,1.000000,-0.589853,-0.563116,-0.478671,0.000330,-0.000674,0.006005,0.000764,0.000112,-0.000246,0,0.000000,0.000000,0.000000,0.000000,0.000000,0.000000,0.000000,0.000000,0.150952,0.150947
17.742389,-0.773000,-1.213000,1.321000,-0.699147,-1.336187,1.350346,-0.699220,-1.336225,1.350275,-0.000000,0.000000,0.000000,1.000000,-0.589853,-0.563116,-0.478671,0.000330,-0.000674,0.006005,0.000764,0.000112,-0.000246,0,0.000000,0.000000,0.000000,0.000000,0.000000,0.000000,0.000000,0.000000,0.146596,0.146577
17.759023,-0.778000,-1.211000,1.322000,-0.678460,-1.345213,1.366828,-0.678555,-1.345018,1.366724,0.000000,0.000000,0.000000,1.000000,-0.589853,-0.563116,-0.478671,0.000330,-0.000674,0.006005,0.000764,0.000112,-0.000246,0,0.000000,0.000000,0.000000,0.000000,0.000000,0.000000,0.000000,0.000000,0.173006,0.172773
17.775600,-0.780000,-1.210000,1.323000,-0.672416,-1.339874,1.414001,-0.672508,-1.339950,1.413958,-0.000000,0.000000,0.000000,1.000000,-0.589853,-0.563116,-0.478671,0.000330,-0.000674,0.006005,0.000764,0.000112,-0.000246,0,0.000000,0.000000,0.000000,0.000000,0.000000,0.000000,0.000000,0.000000,0.191632,0.191612
17.792209,-0.784000,-1.208000,1.325000,-0.691013,-1.366602,1.349876,-0.691066,-1.366771,1.349936,0.000000,0.000000,0.000000,1.000000,-0.589853,-0.563116,-0.478671,0.000330,-0.000674,0.006005,0.000764,0.000112,-0.000246,0,0.000000,0.000000,0.000000,0.000000,0.000000,0.000000,0.000000,0.000000,0.185526,0.185652
17.825541,-0.797000,-1.201000,1.329000,-0.685936,-1.354471,1.369402,-0.685955,-1.354491,1.369381,-0.000000,0.000000,0.000000,1.000000,-0.589853,-0.563116,-0.478671,0.000330,-0.000674,0.006005,0.000764,0.000112,-0.000246,0,0.000000,0.000000,0.000000,0.000000,0.000000,0.000000,0.000000,0.000000,0.193703,0.193704
17.842104,-0.798000,-1.201000,1.330000,-0.743596,-1.325140,1.288035,-0.743212,-1.324739,1.288294,0.000000,0.000000,0.000000,1.000000,-0.589853,-0.563116,-0.478671,0.000330,-0.000674,0.006005,0.000764,0.000112,-0.000246,0,0.000000,0.000000,0.000000,0.000000,0.000000,0.000000,0.000000,0.000000,0.141886,0.141607
17.858748,-0.799000,-1.200000,1.330000,-0.740104,-1.359036,1.377118,-0.740011,-1.358802,1.377184,-0.000000,0.000000,0.000000,1.000000,-0.589853,-0.563116,-0.478671,0.000330,-0.000674,0.006005,0.000764,0.000112,-0.000246,0,0.000000,0.000000,0.000000,0.000000,0.000000,0.000000,0.000000,0.000000,0.176015,0.175852
17.875360,-0.806000,-1.196000,1.333000,-0.712221,-1.329272,1.329832,-0.712088,-1.329148,1.329737,0.000000,0.000000,0.000000,1.000000,-0.589853,-0.563116,-0.478671,0.000330,-0.000674,0.006005,0.000764,0.000112,-0.000246,0,0.000000,0.000000,0.000000,0.000000,0.000000,0.000000,0.000000,0.000000,0.162991,0.162968
17.891999,-0.816000,-1.190000,1.336000,-0.676212,-1.377403,1.459930,-0.676211,-1.377402,1.459932,0.000000,0.000000,0.000000,1.000000,-0.589853,-0.563116,-0.478671,0.000330,-0.000674,0.006005,0.000764,0.000112,-0.000246,0,0.000000,0.000000,0.000000,0.000000,0.000000,0.000000,0.000000,0.000000,0.264611,0.264612
17.925171,-0.823000,-1.186000,1.339000,-0.728705,-1.320482,1.372024,-0.728109,-1.320190,1.372354,-0.000000,0.000000,0.000000,1.000000,-0.589853,-0.563116,-0.478671,0.000330,-0.000674,0.006005,0.000764,0.000112,-0.000246,0,0.000000,0.000000,0.000000,0.000000,0.000000,0.000000,0.000000,0.000000,0.167533,0.167702
17.941818,-0.829000,-1.183000,1.341000,-0.741008,-1.329563,1.411240,-0.741185,-1.329584,1.411300,0.000000,0.000000,0.000000,1.000000,-0.589853,-0.563116,-0.478671,0.000330,-0.000674,0.006005,0.000764,0.000112,-0.000246,0,0.000000,0.000000,0.000000,0.000000,0.000000,0.000000,0.000000,0.000000,0.184816,0.184771
17.958485,-0.838000,-1.177000,1.345000,-0.711157,-1.351834,1.375361,-0.742946,-1.335335,1.395834,0.153610,0.226751,-0.031965,0.961231,-0.569449,-0.534461,-0.479965,0.000330,-0.000674,0.006005,0.000764,0.000112,-0.000246,7,-0.047234,-0.067270,9.693581,0.138610,0.049894,-0.008363,9.694204,0.157868,0.218124,0.191544
17.975215,-0.843000,-1.174000,1.346000,-0.763194,-1.340230,1.321359,-0.740816,-1.340007,1.369458,-0.060652,0.167693,0.074081,0.981179,-0.551406,-0.560924,-0.506308,0.000330,-0.000674,0.006005,0.000764,0.000112,-0.000246,2,-0.148516,-0.075890,9.661988,0.218748,0.056117,0.051630,9.663476,0.231791,0.186034,0.196342
17.991698,-0.844000,-1.173000,1.347000,-0.700154,-1.349981,1.433717,-0.737765,-1.348954,1.377172,0.013905,0.206685,0.362979,0.908479,-0.500207,-0.536907,-0.495985,0.000330,-0.000674,0.006005,0.000764,0.000112,-0.000246,16,-0.109177,0.157800,10.034119,-0.110553,0.037647,-0.053601,10.037093,0.174900,0.243996,0.207740
18.008304,-0.849000,-1.169000,1.348000,-0.710787,-1.323230,1.416566,-0.737246,-1.350973,1.376652,0.074712,0.214493,0.637040,0.736607,-0.441726,-0.500290,-0.508868,0.000330,-0.000674,0.006005,0.000764,0.000112,-0.000246,17,-0.073071,0.477783,9.899009,0.063615,0.065637,0.002494,9.911262,0.106029,0.218154,0.215462
18.024976,-0.850000,-1.170000,1.349000,-0.699440,-1.357620,1.470905,-0.736282,-1.358462,1.384633,0.089222,0.214099,0.697240,0.678275,-0.374561,-0.467408,-0.523080,0.000330,-0.000674,0.006004,0.000764,0.000112,-0.000246,17,0.108985,0.290472,9.951716,0.121800,0.091787,0.012488,9.959193,0.164492,0.269686,0.222978
18.041644,-0.850000,-1.170000,1.349000,-0.757718,-1.298329,1.379903,-0.744414,-1.356854,1.377418,0.049411,0.215736,0.626129,0.747649,-0.317982,-0.415413,-0.538771,0.000330,-0.000674,0.006004,0.000764,0.000112,-0.000246,17,-0.078962,-0.071080,9.880388,-0.011779,-0.110434,0.033210,9.881292,0.158126,0.161057,0.216496
18.074817,-0.863000,-1.159000,1.354000,-0.757677,-1.344719,1.345208,-0.754074,-1.365039,1.357467,0.032626,0.221132,0.579334,0.783842,-0.203677,-0.349589,-0.564812,0.000330,-0.000674,0.006004,0.000764,0.000112,-0.000246,33,-0.117259,0.058440,9.899115,0.006219,-0.087063,-0.042988,9.903973,0.167135,0.213686,0.233086
18.091453,-0.878000,-1.147000,1.359000,-0.728886,-1.309607,1.485617,-0.754510,-1.364133,1.363776,0.077395,0.193611,0.785183,0.583106,-0.155438,-0.299009,-0.574077,0.000330,-0.000674,0.005999,0.000764,0.000112,-0.000246,17,-0.291983,-0.188567,9.848919,-0.045246,-0.012948,-0.001568,9.855541,0.115485,0.254377,0.249839
18.124752,-0.878000,-1.147000,1.359000,-0.764745,-1.291952,1.380090,-0.753817,-1.377718,1.348335,0.175859,0.044823,0.978798,-0.094969,-0.126315,-0.276250,-0.562862,0.000330,-0.000674,0.005996,0.000764,0.000112,-0.000246,34,0.177226,0.123918,9.744774,-0.185858,0.010156,-0.013514,9.750735,0.203834,0.185155,0.262233
18.157878,-0.888000,-1.140000,1.363000,-0.762465,-1.315757,1.432219,-0.760243,-1.366539,1.341171,0.179969,0.085310,0.965493,-0.167798,-0.019742,-0.145191,-0.598258,0.000330,-0.000674,0.005988,0.000764,0.000113,-0.000246,33,-0.136800,0.204695,9.665309,-0.027744,0.041242,-0.036729,9.669824,0.118168,0.226806,0.260995
18.174647,-0.890000,-1.137000,1.364000,-0.752266,-1.329239,1.504410,-0.762107,-1.362424,1.346586,0.171046,0.093846,0.967980,-0.157958,0.051024,-0.105419,-0.616092,0.000331,-0.000674,0.005974,0.000764,0.000113,-0.000246,17,-0.220912,-0.161847,9.681543,0.086431,0.070095,-0.002375,9.686307,0.126129,0.275030,0.259761
18.191222,-0.897000,-1.131000,1.366000,-0.785774,-1.315790,1.413070,-0.763725,-1.360794,1.343363,0.163118,0.102681,0.975122,-0.109479,0.105948,-0.055928,-0.631197,0.000331,-0.000674,0.005967,0.000764,0.000113,-0.000246,17,-0.086393,-0.256558,9.716830,0.015512,0.067913,0.000886,9.721481,0.087019,0.220758,0.266609
18.224387,-0.904000,-1.124000,1.369000,-0.791305,-1.282545,1.343907,-0.762727,-1.353226,1.324233,0.146933,0.136865,0.979122,0.031621,0.132710,0.043190,-0.632596,0.000331,-0.000673,0.005961,0.000764,0.000113,-0.000246,33,0.133204,-0.172546,9.819036,-0.073996,-0.034639,0.008112,9.822538,0.151425,0.196129,0.272959
18.241037,-0.905000,-1.123000,1.370000,-0.779441,-1.317558,1.419695,-0.763843,-1.343120,1.320511,0.073538,0.185923,0.879016,0.432847,0.193909,0.140450,-0.656697,0.000331,-0.000675,0.005948,0.000764,0.000113,-0.000246,17,-0.110853,0.036343,10.022731,-0.066842,-0.094826,-0.001781,10.025747,0.130709,0.236828,0.266134
18.257720,-0.907000,-1.122000,1.370000,-0.837469,-1.282502,1.339468,-0.769248,-1.338941,1.314745,0.104991,0.164692,0.951740,0.236737,0.203708,0.193120,-0.656989,0.000331,-0.000674,0.005943,0.000764,0.000113,-0.000246,17,-0.260541,0.227693,9.892068,-0.007050,-0.052207,-0.021054,9.899763,0.131730,0.177560,0.262854
18.290954,-0.912000,-1.116000,1.373000,-0.808626,-1.331257,1.417461,-0.765674,-1.327586,1.300910,0.067850,0.182255,0.889785,0.412870,0.274885,0.275637,-0.669816,0.000332,-0.000675,0.005928,0.000764,0.000113,-0.000246,33,-0.204894,0.030673,9.804844,0.021773,0.004280,-0.005293,9.810250,0.086703,0.242896,0.267165
18.307512,-0.915000,-1.113000,1.374000,-0.818580,-1.251754,1.424554,-0.768628,-1.318143,1.300897,0.080098,0.173780,0.928853,0.317201,0.282190,0.340553,-0.670093,0.000332,-0.000675,0.005904,0.000764,0.000113,-0.000246,17,0.042385,-0.049385,9.738965,-0.055730,0.012147,-0.004603,9.740597,0.121850,0.176366,0.262397
18.324248,-0.922000,-1.105000,1.376000,-0.805610,-1.297021,1.401075,-0.767036,-1.307511,1.295709,0.037182,0.188337,0.838314,0.510271,0.310098,0.396379,-0.678943,0.000333,-0.000675,0.005887,0.000764,0.000113,-0.000246,17,-0.189956,-0.182786,9.625503,-0.052716,-0.017443,-0.009542,9.629931,0.081758,0.225937,0.267341
18.340832,-0.924000,-1.103000,1.377000,-0.861443,-1.285844,1.371045,-0.770885,-1.300351,1.292176,0.042234,0.182083,0.863164,0.469052,0.317151,0.440000,-0.679866,0.000333,-0.000675,0.005875,0.000764,0.000113,-0.000246,17,-0.113910,-0.056362,9.637806,-0.100384,-0.094578,-0.005430,9.640250,0.141487,0.193341,0.263793
18.374062,-0.931000,-1.096000,1.380000,-0.883878,-1.245813,1.291906,-0.769994,-1.288814,1.275576,0.069983,0.167623,0.932583,0.311920,0.350545,0.529540,-0.684360,0.000332,-0.000675,0.005870,0.000764,0.000113,-0.000246,33,-0.075657,0.116908,9.943912,-0.070213,-0.099194,0.005632,9.946718,0.137208,0.180069,0.272038
18.390674,-0.939000,-1.088000,1.383000,-0.847160,-1.277268,1.415705,-0.772760,-1.286917,1.273800,0.082744,0.152824,0.952435,0.250332,0.354841,0.545445,-0.667364,0.000329,-0.000672,0.005842,0.000764,0.000113,-0.000246,17,0.109333,0.220267,10.064472,0.008358,-0.048275,-0.019668,10.069840,0.093621,0.212901,0.281298
18.407327,-0.941000,-1.085000,1.384000,-0.858621,-1.237176,1.356260,-0.777307,-1.265943,1.268500,0.068020,0.159913,0.938702,0.297723,0.387792,0.615016,-0.677993,0.000331,-0.000672,0.005819,0.000764,0.000113,-0.000246,17,-0.138327,0.031675,9.847535,-0.017654,-0.037481,0.007824,9.854180,0.108875,0.175252,0.269956
18.423926,-0.946000,-1.078000,1.386000,-0.825941,-1.219545,1.415590,-0.775926,-1.249413,1.264846,0.031404,0.170199,0.868471,0.464548,0.393439,0.694878,-0.681378,0.000332,-0.000671,0.005785,0.000764,0.000113,-0.000245,17,-0.182220,-0.417767,9.840509,-0.163807,0.010163,-0.006634,9.851337,0.170544,0.187949,0.270159
18.440498,-0.947000,-1.077000,1.386000,-0.916867,-1.246104,1.371459,-0.782595,-1.237835,1.261417,0.011543,0.169515,0.830080,0.531129,0.357495,0.765204,-0.677400,0.000330,-0.000673,0.005766,0.000764,0.000113,-0.000246,16,-0.121322,-0.073286,9.865454,-0.087763,-0.023129,-0.067822,9.867509,0.129188,0.172382,0.261568
18.490469,-0.960000,-1.060000,1.392000,-0.862092,-1.218295,1.394746,-0.772305,-1.198393,1.238250,-0.022533,0.167361,0.730036,0.662216,0.409062,0.849386,-0.674100,0.000333,-0.000674,0.005729,0.000764,0.000113,-0.000246,51,-0.047593,0.114049,9.799660,-0.001860,0.006471,-0.011986,9.803320,0.121447,0.186148,0.279323
18.507085,-0.963000,-1.056000,1.394000,-0.900312,-1.260893,1.382499,-0.777522,-1.191697,1.238130,-0.090759,0.142343,0.413633,0.894656,0.395225,0.865630,-0.663113,0.000335,-0.000675,0.005706,0.000764,0.000113,-0.000246,16,-0.001521,0.164186,9.816518,-0.034065,0.133710,0.022210,9.819697,0.175444,0.214577,0.277689
18.540344,-0.969000,-1.048000,1.396000,-0.909270,-1.225661,1.390802,-0.773085,-1.156673,1.223390,-0.168262,0.044475,-0.307668,0.935441,0.424587,0.883723,-0.653370,0.000337,-0.000674,0.005671,0.000764,0.000113,-0.000245,34,-0.156141,0.040738,9.683054,-0.084102,0.028959,-0.020572,9.686503,0.136417,0.187505,0.282819
18.556935,-0.973000,-1.043000,1.399000,-0.893240,-1.233453,1.457395,-0.785059,-1.148032,1.226070,-0.163287,-0.001172,-0.558310,0.813404,0.331633,0.926317,-0.627914,0.000335,-0.000669,0.005615,0.000764,0.000112,-0.000246,17,-0.094808,-0.178621,9.819394,0.023474,0.050277,-0.027888,9.821882,0.145534,0.214579,0.276149
18.573570,-0.977000,-1.036000,1.401000,-0.906144,-1.241935,1.459593,-0.794758,-1.142654,1.230962,-0.151204,-0.029691,-0.690665,0.706567,0.335432,1.019511,-0.632642,0.000330,-0.000665,0.005554,0.000762,0.000111,-0.000246,17,-0.131107,-0.301884,9.863542,0.020533,0.042742,-0.009035,9.869434,0.090812,0.225528,0.271109
18.590175,-0.977000,-1.036000,1.401000,-0.919233,-1.208123,1.367794,-0.801880,-1.129814,1.229122,0.121307,0.083425,0.899098,-0.412248,0.381080,1.023036,-0.625866,0.000331,-0.000664,0.005527,0.000762,0.000112,-0.000245,16,-0.273194,-0.215979,9.953333,0.074557,0.037799,-0.007768,9.960106,0.158283,0.184570,0.262698
18.606794,-0.984000,-1.026000,1.405000,-0.914704,-1.210975,1.390614,-0.807762,-1.116999,1.228132,0.118713,0.080492,0.889098,-0.434663,0.337754,0.994363,-0.596081,0.000333,-0.000662,0.005492,0.000762,0.000112,-0.000246,17,-0.126635,-0.276026,9.904109,0.003713,0.159282,0.031359,9.910990,0.197088,0.198052,0.265750
18.623432,-0.985000,-1.024000,1.406000,-0.922675,-1.244895,1.492286,-0.816065,-1.104352,1.231462,0.034756,0.138665,0.973342,0.179356,0.211228,0.995329,-0.557934,0.000320,-0.000665,0.005429,0.000762,0.000110,-0.000245,17,0.180164,-0.086042,9.914870,0.036423,0.086997,-0.030999,9.921085,0.136047,0.245203,0.255850
18.640105,-0.993000,-1.011000,1.410000,-0.867691,-1.201284,1.414486,-0.806049,-1.095905,1.229574,0.054315,0.127856,0.988040,0.066926,0.255519,1.074991,-0.564758,0.000316,-0.000685,0.005380,0.000766,0.000109,-0.000247,17,0.085266,-0.010816,9.910492,0.062335,0.005259,0.013955,9.915090,0.090515,0.227882,0.273337
18.656655,-0.998000,-1.004000,1.412000,-0.917943,-1.250179,1.459395,-0.773564,-1.117063,1.246031,-0.135065,-0.000753,-0.594561,0.792625,0.566901,1.021321,-0.578700,0.000294,-0.000675,0.005317,0.000767,0.000103,-0.000246,16,-0.160526,0.028009,9.927632,0.026316,0.040476,0.038652,9.930482,0.100104,0.263172,0.301165
18.673226,-1.001000,-0.999000,1.414000,-0.884915,-1.222478,1.431080,-0.818754,-1.103354,1.242907,-0.125440,0.047024,-0.195471,0.971517,0.399724,1.061012,-0.551426,0.000321,-0.000655,0.005283,0.000760,0.000108,-0.000247,17,-0.128284,0.120667,9.913958,0.026733,0.090944,-0.023280,9.916924,0.145740,0.252409,0.270880
18.689945,-1.001000,-0.999000,1.414000,-0.901675,-1.198577,1.506845,-0.822896,-1.090191,1.248103,-0.127612,-0.010126,-0.586914,0.799466,0.303110,1.077833,-0.525159,0.000324,-0.000659,0.005209,0.000761,0.000109,-0.000246,17,0.178635,-0.174128,9.734189,-0.105964,-0.031433,0.001517,9.738366,0.136823,0.241488,0.259921
18.706546,-1.010000,-0.983000,1.420000,-0.963859,-1.196677,1.408914,-0.830172,-1.080283,1.248034,-0.121365,-0.024512,-0.664176,0.737252,0.290463,1.089256,-0.514004,0.000321,-0.000663,0.005174,0.000761,0.000109,-0.000246,17,-0.049644,0.238604,9.874465,-0.009044,-0.041413,-0.018007,9.878431,0.093008,0.218883,0.267159
18.723190,-1.015000,-0.975000,1.422000,-0.920221,-1.203037,1.433543,-0.820101,-1.077867,1.250165,-0.121236,0.039357,-0.242081,0.961847,0.286315,1.081963,-0.497819,0.000317,-0.000659,0.005121,0.000760,0.000107,-0.000246,17,-0.116288,-0.235639,9.755835,0.046734,-0.053674,0.014954,9.762514,0.098530,0.247219,0.279454
18.739761,-1.021000,-0.965000,1.426000,-0.907418,-1.198541,1.357558,-0.831978,-1.082315,1.248726,-0.114239,0.028211,-0.322129,0.939354,0.252446,1.111886,-0.496535,0.000289,-0.000666,0.005107,0.000763,0.000100,-0.000250,16,-0.186360,-0.214463,9.800198,-0.115899,-0.027910,0.000954,9.806826,0.129186,0.268564,0.284461
18.756383,-1.024000,-0.956000,1.428000,-0.942402,-1.188528,1.450881,-0.835305,-1.066192,1.253178,-0.096340,0.078835,0.193254,0.973220,0.210837,1.090342,-0.468018,0.000331,-0.000641,0.005045,0.000756,0.000110,-0.000250,17,-0.044025,0.116474,9.921342,-0.239139,-0.043042,-0.008191,9.923664,0.253518,0.247489,0.279841
18.773096,-1.029000,-0.949000,1.432000,-0.951075,-1.204965,1.408256,-0.840611,-1.057695,1.254275,-0.094290,0.079234,0.244033,0.961914,0.251264,1.066485,-0.455305,0.000353,-0.000650,0.005015,0.000758,0.000116,-0.000249,17,-0.059582,0.168563,9.984526,-0.252398,-0.022587,-0.027184,9.987191,0.257406,0.268616,0.280876
18.789680,-1.033000,-0.941000,1.434000,-0.920735,-1.169034,1.425557,-0.837698,-1.052896,1.257199,-0.072968,0.091922,0.467397,0.876222,0.270173,1.084914,-0.448811,0.000372,-0.000669,0.004968,0.000763,0.000120,-0.000249,17,-0.065083,0.232924,9.875699,-0.113628,-0.053388,-0.023232,9.880151,0.152571,0.254312,0.286220
18.822868,-1.039000,-0.929000,1.438000,-0.975179,-1.147128,1.296734,-0.829172,-1.027923,1.245691,0.023709,0.101126,0.965361,0.239351,0.221632,1.105337,-0.436927,0.000368,-0.000674,0.004951,0.000764,0.000120,-0.000250,33,-0.171147,0.347710,9.826642,0.097291,0.034412,-0.026039,9.835832,0.172357,0.267599,0.301324
18.856159,-1.044000,-0.920000,1.441000,-0.966631,-1.188369,1.470751,-0.837175,-1.009631,1.245760,-0.042061,0.101383,0.687121,0.718204,0.259672,1.113740,-0.428717,0.000395,-0.000689,0.004882,0.000765,0.000120,-0.000256,34,-0.049961,-0.060790,9.713673,0.164131,0.188673,0.022787,9.717761,0.262290,0.280879,0.298209
18.872761,-1.047000,-0.912000,1.443000,-1.006120,-1.175209,1.375227,-0.850693,-1.010250,1.247725,-0.060697,0.087475,0.510531,0.853242,0.252592,1.138081,-0.425058,0.000397,-0.000633,0.004849,0.000755,0.000122,-0.000255,16,0.309042,0.061378,9.793997,-0.103878,0.038634,0.020041,9.799996,0.160314,0.274852,0.293806
18.889372,-1.055000,-0.898000,1.447000,-0.928450,-1.192359,1.434682,-0.854136,-1.004427,1.249737,-0.054850,0.088766,0.549497,0.828954,0.203007,1.145788,-0.408996,0.000395,-0.000637,0.004798,0.000754,0.000123,-0.000252,17,0.261199,0.607165,10.016510,0.103141,-0.072275,-0.045846,10.040525,0.163063,0.320646,0.300974
18.906051,-1.059000,-0.888000,1.450000,-0.938673,-1.140492,1.475869,-0.858951,-0.998840,1.254340,-0.043812,0.091312,0.638215,0.763167,0.171294,1.096718,-0.384058,0.000396,-0.000648,0.004716,0.000756,0.000124,-0.000250,17,-0.133154,0.146527,9.887951,0.142443,-0.059056,0.010350,9.894818,0.175327,0.280892,0.300978
18.939309,-1.065000,-0.876000,1.453000,-0.977442,-1.215330,1.522087,-0.856607,-0.983149,1.256099,-0.019932,0.094050,0.807949,0.581357,0.187472,1.059521,-0.360845,0.000405,-0.000666,0.004606,0.000759,0.000127,-0.000250,34,-0.029953,-0.030062,9.823866,0.008424,0.023939,-0.007345,9.828858,0.139862,0.357190,0.306070
19.038965,-1.071000,-0.861000,1.457000,-1.005177,-1.147114,1.462952,-0.840781,-0.901538,1.236037,-0.011049,0.090880,0.855679,0.509346,0.261463,1.174308,-0.349055,0.000440,-0.000692,0.004478,0.000762,0.000136,-0.000251,100,-0.085982,-0.015410,9.897859,0.014381,0.021743,0.000172,9.904722,0.152435,0.293648,0.321665
19.055606,-1.071000,-0.861000,1.457000,-1.007775,-1.121986,1.408513,-0.851089,-0.909717,1.242490,-0.008268,0.085648,0.871548,0.482701,0.221854,1.155025,-0.335125,0.000465,-0.000719,0.004396,0.000768,0.000144,-0.000250,17,-0.052631,0.036606,9.734118,-0.050233,-0.022358,-0.014968,9.736244,0.117196,0.272877,0.311045
19.072318,-1.077000,-0.847000,1.461000,-1.016388,-1.107439,1.370305,-0.871682,-0.924393,1.248389,0.000263,0.076938,0.933154,0.351147,0.111724,1.106985,-0.313673,0.000466,-0.000699,0.004354,0.000763,0.000141,-0.000246,12,-0.064114,-0.055079,9.896876,0.051783,-0.037253,-0.007592,9.898481,0.095045,0.282361,0.305530
19.088917,-1.083000,-0.833000,1.466000,-1.056247,-1.080523,1.337195,-0.872502,-0.930148,1.249915,0.036860,0.057533,0.986267,-0.150359,0.076523,1.028974,-0.293601,0.000413,-0.000778,0.004318,0.000786,0.000133,-0.000244,17,-0.040633,0.117666,9.919918,0.090579,-0.094720,0.009294,9.921549,0.143703,0.280310,0.316923
19.105479,-1.086000,-0.824000,1.468000,-1.020479,-1.075454,1.334659,-0.859819,-0.897856,1.247547,0.049261,0.051002,0.942830,-0.325643,0.146624,0.957385,-0.283498,0.000278,-0.000797,0.004284,0.000796,0.000099,-0.000236,9,-0.173033,-0.047819,9.749028,0.079644,-0.087649,0.018750,9.750795,0.123332,0.292065,0.324364
19.122154,-1.092000,-0.809000,1.473000,-1.066487,-1.103075,1.382954,-0.943760,-0.912499,1.245061,0.034123,0.054965,0.957334,-0.281650,0.037948,1.026929,-0.298431,0.000127,-0.000780,0.004292,0.000793,0.000047,-0.000245,7,-0.151954,0.036514,9.630075,-0.009855,-0.056787,0.027729,9.632092,0.107600,0.308609,0.290935
19.155411,-1.096000,-0.795000,1.476000,-1.092237,-1.060253,1.271845,-0.951769,-0.900042,1.238004,0.035031,0.052305,0.946172,-0.317484,0.024956,1.046131,-0.300291,0.000166,-0.000864,0.004302,0.000816,0.000061,-0.000245,26,-0.163126,0.262316,9.790252,0.010905,-0.022348,-0.018153,9.801877,0.079131,0.334742,0.297453
19.171919,-1.100000,-0.784000,1.480000,-1.092954,-1.072063,1.348449,-0.942433,-0.833166,1.247226,-0.070931,0.027274,-0.031697,0.996604,0.207916,1.043343,-0.283793,0.000188,-0.000941,0.004103,0.000837,0.000069,-0.000249,16,0.148379,-0.118640,9.768460,0.005533,0.096624,-0.035356,9.772726,0.122034,0.316758,0.285356
19.188568,-1.103000,-0.773000,1.482000,-1.076541,-1.080688,1.382947,-0.954948,-0.905036,1.251682,-0.050915,0.044985,0.302707,0.950659,0.133325,0.991333,-0.278460,0.000432,-0.000344,0.004180,0.000663,0.000133,-0.000241,10,0.241190,0.136313,9.708370,-0.002820,0.052022,-0.055346,9.713220,0.093297,0.324320,0.303972
19.205266,-1.103000,-0.773000,1.482000,-1.056898,-1.092522,1.460939,-0.957925,-0.921890,1.261593,-0.038477,0.054388,0.521349,0.850739,0.033338,1.069057,-0.273410,0.000586,-0.000429,0.004053,0.000687,0.000185,-0.000247,8,0.353197,0.105350,9.729466,0.149627,0.025608,-0.001576,9.736851,0.163337,0.323517,0.302975
19.221885,-1.112000,-0.745000,1.489000,-1.050469,-1.050531,1.369252,-0.961320,-0.916609,1.264165,-0.041876,0.048664,0.425567,0.902647,0.035077,1.008985,-0.256902,0.000646,-0.000814,0.003995,0.000806,0.000206,-0.000248,6,0.099348,-0.236247,10.021130,-0.027867,0.032856,0.018456,10.024705,0.127961,0.333878,0.320477
19.238511,-1.117000,-0.731000,1.493000,-0.984985,-1.078551,1.505536,-0.965639,-0.920520,1.272745,-0.048129,0.037895,0.225303,0.972361,0.090671,0.969293,-0.245066,0.000686,-0.000765,0.003881,0.000790,0.000218,-0.000247,4,0.192729,-0.071162,9.923626,-0.238715,0.046168,-0.028161,9.925786,0.246229,0.371991,0.327628
19.271718,-1.119000,-0.722000,1.495000,-1.046520,-1.071414,1.450338,-0.982010,-0.864920,1.262399,-0.011736,0.063104,0.916972,0.393754,-0.027804,0.961090,-0.232278,0.000155,-0.000960,0.003788,0.000828,0.000043,-0.000253,25,-0.227902,-0.190889,9.901860,-0.106128,-0.015037,-0.022143,9.907642,0.120275,0.359636,0.305444
19.288368,-1.124000,-0.707000,1.500000,-1.060790,-1.044702,1.467936,-0.960036,-0.891146,1.281568,-0.046295,0.040091,0.284368,0.956757,0.026423,0.955125,-0.213622,0.000521,-0.000996,0.003650,0.000863,0.000159,-0.000253,8,0.004651,-0.298482,9.798558,-0.018146,-0.020832,-0.007776,9.803514,0.066062,0.345060,0.329403
19.329912,-1.124000,-0.705000,1.500000,-1.111579,-1.035860,1.301529,-0.979180,-0.870184,1.272254,-0.052223,0.021084,-0.031866,0.997904,0.090756,0.964661,-0.217667,0.000779,-0.000663,0.003692,0.000763,0.000242,-0.000262,42,-0.168405,-0.210618,9.823618,-0.032720,-0.041514,-0.000411,9.829933,0.102949,0.386023,0.316429
19.377701,-1.132000,-0.679000,1.507000,-1.083120,-1.008570,1.393403,-0.990468,-0.849125,1.270388,-0.053093,0.011668,-0.161284,0.985410,0.076917,0.889563,-0.199881,0.000769,-0.000475,0.003621,0.000708,0.000238,-0.000267,21,0.004196,0.111433,9.856842,-0.017421,-0.074005,0.000991,9.864006,0.099378,0.352008,0.323974
19.398527,-1.136000,-0.666000,1.510000,-1.081313,-1.024208,1.471479,-1.081327,-1.024128,1.471535,-0.000000,0.000000,-0.000000,1.000000,0.076917,0.889563,-0.199881,0.000667,-0.000353,0.003627,0.000669,0.000210,-0.000268,0,0.000000,0.000000,0.000000,0.000000,0.000000,0.000000,0.000000,0.000000,0.364400,0.364314
19.435871,-1.136000,-0.666000,1.510000,-1.140166,-1.014202,1.379062,-1.081796,-0.996101,1.420859,0.005289,0.040626,-0.415189,0.908812,0.092362,0.848409,-0.211404,0.000554,-0.000294,0.003630,0.000648,0.000177,-0.000267,12,-0.072784,0.178959,9.875374,-0.118533,-0.082322,-0.022002,9.882047,0.153187,0.372031,0.346195
19.473264,-1.144000,-0.635000,1.517000,-1.108667,-1.004208,1.339158,-1.094578,-0.971295,1.388840,0.037735,0.024406,-0.230096,0.972130,0.101284,0.790941,-0.225693,0.000378,-0.000278,0.003633,0.000639,0.000122,-0.000265,37,-0.031623,-0.016956,9.551373,-0.072148,-0.149123,0.000728,9.555207,0.180608,0.411328,0.363265
19.510669,-1.147000,-0.625000,1.519000,-1.109828,-1.003327,1.442834,-1.090286,-0.944382,1.395695,0.038172,0.010392,-0.240348,0.969880,0.060519,0.766220,-0.226652,0.000178,-0.000360,0.003631,0.000661,0.000057,-0.000263,29,-0.094208,-0.288874,9.716872,-0.095397,-0.061687,0.024003,9.723566,0.140946,0.387704,0.347024
19.546042,-1.151000,-0.611000,1.522000,-1.169740,-0.958863,1.401281,-1.090542,-0.920057,1.390417,0.029162,0.005573,-0.301274,0.953075,0.067470,0.783393,-0.225597,0.000044,-0.000572,0.003628,0.000725,0.000010,-0.000263,14,0.018804,0.343457,9.844745,-0.069383,0.046223,-0.019368,9.857223,0.168989,0.368691,0.341300
19.575110,-1.154000,-0.599000,1.525000,-1.121487,-0.954095,1.410159,-1.116412,-0.936209,1.390367,0.036264,-0.021041,0.168586,0.984795,0.069264,0.737307,-0.231979,0.000051,-0.000773,0.003629,0.000787,0.000010,-0.000266,7,-0.073271,-0.181543,9.646692,-0.036185,0.226399,0.016028,9.649568,0.246428,0.374617,0.365032
19.608415,-1.154000,-0.599000,1.525000,-1.137673,-0.966810,1.423954,-1.120366,-0.937398,1.392019,0.034310,-0.039171,0.529105,0.846957,0.052791,0.707120,-0.230889,0.000103,-0.000828,0.003619,0.000805,0.000027,-0.000281,7,0.111145,0.288285,9.852192,0.131530,0.081943,0.004530,9.857299,0.163423,0.381787,0.365142
19.643739,-1.164000,-0.565000,1.531000,-1.139682,-0.922699,1.384125,-1.122126,-0.926870,1.387870,0.026043,-0.049057,0.753848,0.654697,0.043086,0.687571,-0.228581,0.000140,-0.000865,0.003623,0.000825,0.000031,-0.000279,9,0.123130,0.092094,9.964590,0.201027,0.065896,0.020287,9.968076,0.228497,0.387443,0.391395
19.676999,-1.167000,-0.550000,1.534000,-1.116859,-0.906111,1.432887,-1.120450,-0.911113,1.388509,0.013101,-0.054424,0.889829,0.452848,0.036256,0.659758,-0.228206,0.000099,-0.000860,0.003617,0.000834,0.000014,-0.000263,18,-0.090283,0.230356,9.832254,0.118347,0.073640,-0.022116,9.836783,0.183701,0.373568,0.392094
19.720591,-1.173000,-0.528000,1.538000,-1.145395,-0.914142,1.430990,-1.122759,-0.905234,1.390113,-0.003011,-0.058642,0.979214,0.194146,0.031225,0.641619,-0.226211,0.000065,-0.000696,0.003621,0.000769,0.000008,-0.000241,7,-0.103920,-0.200221,9.951839,0.224687,0.081761,-0.057306,9.955402,0.253264,0.401646,0.408290
19.760062,-1.176000,-0.516000,1.540000,-1.144219,-0.931962,1.432477,-1.122718,-0.887476,1.385347,-0.021820,-0.062993,0.992199,-0.105340,0.020321,0.577630,-0.223536,0.000495,-0.000983,0.003583,0.000862,0.000153,-0.000260,13,0.055798,-0.137075,9.980048,-0.016672,-0.024582,-0.011903,9.982069,0.098573,0.430808,0.405895
19.795349,-1.176000,-0.516000,1.540000,-1.130368,-0.892106,1.487812,-1.126663,-0.868469,1.389425,-0.027616,-0.060314,0.986150,-0.152011,-0.010529,0.530098,-0.222765,0.000385,-0.000991,0.003562,0.000862,0.000121,-0.000259,35,0.155468,0.178653,9.830659,0.061791,-0.045157,-0.020536,9.837594,0.108311,0.382441,0.386447
19.832772,-1.186000,-0.481000,1.548000,-1.148910,-0.851822,1.494794,-1.129663,-0.855386,1.393988,-0.025173,-0.058214,0.994278,-0.085956,-0.033112,0.509891,-0.220645,0.000365,-0.000985,0.003540,0.000862,0.000116,-0.000257,23,0.049868,0.282985,9.726962,0.070847,-0.037958,0.033543,9.734486,0.135419,0.376451,0.408728
19.870266,-1.189000,-0.471000,1.550000,-1.166350,-0.846568,1.439311,-1.133670,-0.849946,1.394802,-0.035937,-0.054855,0.967515,-0.244159,-0.041487,0.495235,-0.222340,0.000427,-0.000981,0.003531,0.000863,0.000138,-0.000255,6,-0.216207,-0.366507,9.574514,0.032201,0.017560,-0.041339,9.584573,0.078010,0.392194,0.413217
19.903409,-1.194000,-0.450000,1.554000,-1.190806,-0.826835,1.393042,-1.138863,-0.843031,1.393441,-0.037560,-0.051725,0.963585,-0.259648,-0.061104,0.503095,-0.220676,0.000514,-0.000959,0.003532,0.000856,0.000169,-0.000257,5,0.196449,-0.111531,9.810306,-0.190034,-0.096803,-0.019228,9.813241,0.215921,0.409783,0.428127
19.940873,-1.198000,-0.439000,1.558000,-1.178034,-0.825885,1.480707,-1.142736,-0.834997,1.397188,-0.035670,-0.050533,0.974989,-0.213471,-0.076008,0.504210,-0.218825,0.000578,-0.000925,0.003522,0.000845,0.000191,-0.000258,7,-0.297886,-0.101505,9.563261,0.019989,-0.086971,0.053835,9.568814,0.142259,0.395035,0.430962
19.972046,-1.201000,-0.429000,1.560000,-1.272062,-0.744971,1.292260,-1.147913,-0.834508,1.386205,0.059301,0.043127,-0.854412,0.514397,-0.110712,0.446137,-0.229368,0.000616,-0.000891,0.003533,0.000834,0.000205,-0.000260,3,-0.050130,0.183191,9.881991,0.029797,-0.058898,-0.037675,9.884046,0.077270,0.420205,0.444364
20.007376,-1.205000,-0.416000,1.564000,-1.217677,-0.815135,1.462533,-1.156507,-0.821481,1.386101,-0.053464,-0.046601,0.922903,-0.378444,-0.225445,0.376132,-0.236463,0.000637,-0.000872,0.003520,0.000827,0.000213,-0.000260,13,0.124041,-0.438259,9.763022,0.069936,0.008530,-0.001321,9.774046,0.141742,0.412026,0.445438
20.040590,-1.211000,-0.393000,1.570000,-1.176308,-0.783243,1.395904,-1.168715,-0.799014,1.382158,-0.052156,-0.041348,0.932407,-0.355230,-0.186758,0.439275,-0.225653,0.000645,-0.000870,0.003518,0.000826,0.000216,-0.000261,19,-0.116688,-0.222273,9.783763,0.073062,0.097304,0.036338,9.787651,0.146752,0.428722,0.449355
20.080056,-1.215000,-0.378000,1.574000,-1.208072,-0.770693,1.470703,-1.174761,-0.786606,1.383934,-0.052486,-0.039082,0.937454,-0.341903,-0.202054,0.450909,-0.220175,0.000641,-0.000878,0.003496,0.000828,0.000215,-0.000262,7,0.228269,-0.197050,9.705066,0.015580,0.036630,0.039845,9.709976,0.082085,0.406111,0.452441
20.132014,-1.217000,-0.371000,1.575000,-1.174238,-0.720647,1.428220,-1.186373,-0.761189,1.376134,-0.051936,-0.039280,0.923905,-0.377039,-0.241841,0.401624,-0.214802,0.000632,-0.000895,0.003481,0.000835,0.000211,-0.000263,13,0.147886,0.018998,9.960375,-0.199126,-0.033181,0.010899,9.963200,0.208188,0.381609,0.439014
20.175649,-1.221000,-0.352000,1.580000,-1.273790,-0.709023,1.409939,-1.203648,-0.737027,1.370114,-0.049876,-0.036262,0.926971,-0.370031,-0.285456,0.373864,-0.213376,0.000613,-0.000918,0.003458,0.000843,0.000204,-0.000263,40,0.145452,0.347887,9.814638,-0.078867,-0.087867,0.005757,9.826111,0.176992,0.398965,0.438862
20.233879,-1.225000,-0.334000,1.586000,-1.277877,-0.735829,1.535945,-1.226285,-0.718570,1.370761,-0.052662,-0.031950,0.920888,-0.384931,-0.344314,0.336384,-0.210342,0.000590,-0.000936,0.003378,0.000851,0.000195,-0.000264,32,-0.102330,0.042328,9.681323,0.059736,-0.048948,0.001030,9.688340,0.118984,0.408372,0.440708
20.300372,-1.227000,-0.325000,1.588000,-1.182049,-0.716587,1.549777,-1.244084,-0.702151,1.369588,-0.049892,-0.033304,0.928944,-0.365327,-0.373484,0.267516,-0.198005,0.000566,-0.000954,0.003279,0.000858,0.000185,-0.000264,33,0.032523,-0.058313,9.822313,0.053401,-0.016696,0.018519,9.824881,0.134343,0.396007,0.436164
20.316964,-1.229000,-0.315000,1.591000,-1.174908,-0.682663,1.601490,-1.243103,-0.695310,1.382167,-0.049861,-0.031557,0.918576,-0.390815,-0.367403,0.264985,-0.179375,0.000546,-0.000971,0.003165,0.000863,0.000176,-0.000265,15,0.020483,-0.293061,9.892986,-0.030118,0.146326,0.029982,9.898835,0.166640,0.371769,0.434104
20.333571,-1.231000,-0.306000,1.594000,-1.235085,-0.678495,1.608987,-1.248177,-0.688164,1.394130,-0.050266,-0.030327,0.902343,-0.427001,-0.376834,0.263866,-0.162833,0.000522,-0.000981,0.003049,0.000867,0.000166,-0.000266,10,0.136756,0.126953,9.724049,-0.213673,0.070370,-0.008166,9.726289,0.230923,0.372819,0.431616
20.354367,-1.233000,-0.293000,1.598000,-1.204159,-0.705124,1.454592,-1.245344,-0.689973,1.396929,-0.048640,-0.033689,0.917216,-0.393973,-0.366616,0.250725,-0.159037,0.000501,-0.000989,0.003024,0.000870,0.000157,-0.000267,5,0.243420,0.283706,9.867187,-0.202112,0.093258,-0.058189,9.875184,0.230748,0.437315,0.445162
20.387628,-1.233000,-0.293000,1.598000,-1.223668,-0.619859,1.467076,-1.247250,-0.679067,1.399707,-0.048258,-0.030733,0.907681,-0.415743,-0.364231,0.260064,-0.152087,0.000490,-0.000991,0.002993,0.000871,0.000154,-0.000267,7,-0.082940,0.112116,9.829211,0.037895,-0.009273,0.028325,9.830253,0.081480,0.352229,0.434248
20.427122,-1.240000,-0.263000,1.606000,-1.267749,-0.650155,1.480804,-1.258135,-0.670691,1.401320,0.053883,0.016269,-0.793908,0.605427,-0.387033,0.262535,-0.147550,0.000493,-0.000989,0.002955,0.000870,0.000154,-0.000267,6,-0.144116,-0.191298,9.809789,0.104134,-0.062252,0.059895,9.813231,0.171022,0.407840,0.456547
20.466584,-1.241000,-0.258000,1.608000,-1.206967,-0.648562,1.566539,-1.268575,-0.658304,1.405614,0.056562,0.007262,-0.730812,0.680192,-0.396317,0.230451,-0.129848,0.000501,-0.000986,0.002876,0.000869,0.000158,-0.000268,32,-0.095175,0.100238,10.040473,0.234753,-0.026598,0.011374,10.052828,0.251784,0.394228,0.449404
20.501864,-1.245000,-0.236000,1.614000,-1.219137,-0.598880,1.460468,-1.218874,-0.599154,1.460541,0.000000,0.000000,-0.000000,1.000000,-0.396317,0.230451,-0.129848,0.000509,-0.000986,0.002874,0.000868,0.000162,-0.000269,1,-0.223201,-0.704505,10.091025,-0.040599,-0.045820,0.045614,10.118050,0.076344,0.394871,0.395112
20.537278,-1.246000,-0.232000,1.616000,-1.208077,-0.630386,1.484935,-1.230045,-0.604838,1.471089,0.037447,-0.002972,0.814736,0.578614,-0.386947,0.227742,-0.126490,0.000520,-0.000983,0.002874,0.000866,0.000167,-0.000270,32,0.188146,-0.169623,9.893643,0.134661,0.105728,0.037700,9.899791,0.194766,0.421103,0.400327
20.574638,-1.248000,-0.218000,1.619000,-1.238726,-0.573688,1.555273,-1.235708,-0.592813,1.495912,0.011215,0.006174,0.549132,0.835638,-0.379366,0.228453,-0.123084,0.000532,-0.000978,0.002874,0.000864,0.000172,-0.000270,38,0.012935,0.079819,9.851207,0.142729,0.004832,-0.017141,9.854424,0.193521,0.361471,0.394698
20.622418,-1.250000,-0.207000,1.623000,-1.232076,-0.571702,1.554865,-1.249945,-0.583698,1.506059,0.011764,-0.015260,0.993863,0.108928,-0.374824,0.219975,-0.121606,0.000537,-0.000976,0.002872,0.000863,0.000174,-0.000272,48,0.002620,-0.156372,9.810704,-0.040197,-0.021490,0.005263,9.813231,0.162625,0.371445,0.394432
20.655626,-1.250000,-0.207000,1.623000,-1.253900,-0.543045,1.562617,-1.258851,-0.582635,1.515915,0.000262,-0.019105,0.848246,0.529258,-0.366156,0.209843,-0.121643,0.000536,-0.000977,0.002870,0.000863,0.000174,-0.000272,14,-0.000390,0.243979,9.754739,0.005158,-0.018559,0.051224,9.758855,0.093525,0.341449,0.390700
20.693037,-1.255000,-0.184000,1.630000,-1.246193,-0.540882,1.493990,-1.262554,-0.567649,1.511810,-0.022164,-0.002614,-0.302516,0.952883,-0.353807,0.232547,-0.122994,0.000538,-0.000977,0.002870,0.000863,0.000174,-0.000273,5,-0.256001,0.249060,9.832278,0.187516,-0.050532,0.005217,9.839561,0.203438,0.382022,0.401513
20.730474,-1.257000,-0.171000,1.633000,-1.233566,-0.496963,1.505050,-1.257814,-0.552638,1.508775,0.024504,-0.019135,0.927237,-0.373182,-0.299365,0.249993,-0.117834,0.000541,-0.000976,0.002870,0.000862,0.000175,-0.000273,12,0.047261,0.085051,10.117252,-0.005694,-0.026342,-0.100398,10.117929,0.157221,0.350959,0.401348
20.772033,-1.260000,-0.155000,1.638000,-1.255022,-0.458753,1.443484,-1.258552,-0.537730,1.498595,-0.026788,0.013438,-0.600588,0.798997,-0.222441,0.302856,-0.119959,0.000543,-0.000975,0.002872,0.000862,0.000177,-0.000273,12,-0.168510,-0.474312,9.830581,0.129662,0.063314,-0.011930,9.844025,0.149675,0.360732,0.407331
20.811515,-1.262000,-0.147000,1.640000,-1.316067,-0.461725,1.517788,-1.275595,-0.512169,1.496166,-0.034692,0.005950,-0.607088,0.793854,-0.272750,0.340993,-0.116437,0.000545,-0.000975,0.002868,0.000861,0.000178,-0.000274,10,-0.005689,0.205078,9.961920,0.002604,0.033427,-0.036411,9.964698,0.154730,0.341923,0.392711
20.844792,-1.262000,-0.147000,1.640000,-1.226848,-0.457906,1.531444,-1.270417,-0.505208,1.499310,-0.039813,0.004554,-0.598007,0.800489,-0.268513,0.364309,-0.116283,0.000546,-0.000974,0.002865,0.000861,0.000178,-0.000274,2,-0.065810,0.201671,9.944081,0.125715,0.221976,0.008121,9.946356,0.255811,0.331184,0.384938
20.882255,-1.266000,-0.123000,1.649000,-1.248234,-0.477129,1.670165,-1.277075,-0.489069,1.511500,-0.038489,0.008736,-0.550809,0.833698,-0.243768,0.389736,-0.109716,0.000547,-0.000974,0.002846,0.000861,0.000178,-0.000274,32,0.146330,0.014547,9.874704,0.054620,0.175794,0.014189,9.877126,0.196024,0.355206,0.391197
20.931979,-1.268000,-0.115000,1.651000,-1.248241,-0.401953,1.525185,-1.282462,-0.460748,1.507365,-0.045013,0.010154,-0.536567,0.842595,-0.207890,0.457179,-0.121341,0.000546,-0.000974,0.002840,0.000861,0.000178,-0.000275,18,-0.047520,-0.227145,9.564159,0.061047,0.185978,-0.010996,9.568538,0.230044,0.313945,0.374676
20.952792,-1.271000,-0.104000,1.656000,-1.295568,-0.455953,1.492286,-1.295724,-0.455955,1.492240,0.000000,0.000000,0.000000,1.000000,-0.207890,0.457179,-0.121341,0.000546,-0.000975,0.002840,0.000861,0.000178,-0.000275,0,0.000000,0.000000,0.000000,0.000000,0.000000,0.000000,0.000000,0.000000,0.388943,0.388974
20.988164,-1.273000,-0.096000,1.659000,-1.267453,-0.363511,1.527364,-1.265871,-0.472942,1.506106,-0.003119,0.029161,-0.735047,0.677382,-0.192469,0.462266,-0.121771,0.000545,-0.000975,0.002840,0.000861,0.000178,-0.000275,5,0.243614,-0.038837,9.801343,-0.081568,-0.124455,-0.006301,9.804537,0.152075,0.298196,0.406832
21.056717,-1.273000,-0.096000,1.659000,-1.262212,-0.352765,1.544116,-1.285576,-0.445422,1.513078,0.028222,0.028887,0.706195,0.706864,-0.158870,0.450115,-0.118086,0.000544,-0.000976,0.002839,0.000862,0.000177,-0.000275,18,-0.180077,-0.039420,9.935288,0.009463,-0.068456,-0.010803,9.941142,0.118203,0.281501,0.378876
21.073331,-1.279000,-0.074000,1.666000,-1.268071,-0.378163,1.563226,-1.285041,-0.426699,1.528712,0.028458,0.032101,0.607895,0.792858,-0.165593,0.472881,-0.115111,0.000544,-0.000976,0.002839,0.000862,0.000177,-0.000275,11,-0.048662,0.433849,9.899598,-0.192504,-0.133472,-0.024842,9.909704,0.239542,0.321243,0.378525
21.094149,-1.280000,-0.068000,1.668000,-1.251993,-0.361391,1.563408,-1.271727,-0.360962,1.531237,-0.000450,0.032806,0.115872,0.992722,-0.132705,0.449431,-0.115698,0.000543,-0.000976,0.002838,0.000862,0.000177,-0.000276,21,-0.022661,0.295907,9.869129,0.010108,-0.127378,-0.031246,9.874723,0.156521,0.312734,0.323418
21.137797,-1.284000,-0.054000,1.672000,-1.335318,-0.361007,1.524545,-1.291239,-0.345223,1.527838,0.008336,0.023753,0.113231,0.993250,-0.139545,0.425477,-0.115713,0.000543,-0.000976,0.002838,0.000862,0.000176,-0.000276,15,-0.133332,-0.312741,9.813191,-0.050018,-0.093765,0.043109,9.820715,0.154832,0.344427,0.325032
21.183526,-1.287000,-0.046000,1.676000,-1.278714,-0.336911,1.485466,-1.293601,-0.329218,1.517259,0.011474,0.027349,0.193111,0.980729,-0.109882,0.411005,-0.113362,0.000543,-0.000976,0.002841,0.000862,0.000176,-0.000276,15,-0.318622,0.104694,9.899703,-0.156207,0.108692,-0.034007,9.907329,0.199891,0.347852,0.324738
21.222972,-1.287000,-0.046000,1.676000,-1.295395,-0.319119,1.569811,-1.297267,-0.313838,1.520210,0.012375,0.029940,0.169602,0.984980,-0.092272,0.411541,-0.111672,0.000543,-0.000976,0.002835,0.000862,0.000176,-0.000276,17,-0.096787,0.052079,9.799957,0.060644,0.088965,-0.009917,9.802404,0.128888,0.293157,0.310021
21.252064,-1.292000,-0.020000,1.686000,-1.242177,-0.310359,1.618545,-1.291510,-0.303504,1.528682,0.011369,0.031549,0.248923,0.967942,-0.051425,0.402434,-0.111009,0.000543,-0.000976,0.002823,0.000862,0.000176,-0.000276,8,-0.144203,-0.190066,9.733059,-0.160924,0.065111,0.016971,9.737384,0.224016,0.302227,0.324228
21.308153,-1.293000,-0.011000,1.689000,-1.298010,-0.317818,1.595901,-1.293417,-0.291784,1.531956,0.009528,0.033489,0.180954,0.982875,-0.027173,0.384603,-0.110562,0.000544,-0.000976,0.002811,0.000862,0.000176,-0.000276,20,0.075147,0.104581,9.851338,-0.120512,0.075557,-0.010470,9.854907,0.161543,0.320671,0.321718
21.353847,-1.295000,-0.005000,1.693000,-1.306419,-0.293977,1.646050,-1.296184,-0.277036,1.539366,0.009616,0.030425,0.092295,0.995220,-0.010873,0.380052,-0.093557,0.000544,-0.000976,0.002785,0.000862,0.000177,-0.000277,36,-0.115380,0.123440,10.019549,0.027405,-0.166331,-0.033103,10.024640,0.190665,0.292989,0.312423
21.393336,-1.296000,0.002000,1.697000,-1.382015,-0.271743,1.660101,-1.304987,-0.267478,1.547727,0.014531,0.024242,0.056812,0.997985,-0.021169,0.385711,-0.079901,0.000544,-0.000975,0.002750,0.000861,0.000177,-0.000277,40,-0.028235,-0.083143,9.908398,0.047277,-0.114782,0.003093,9.910290,0.156689,0.289302,0.308191
21.414137,-1.296000,0.014000,1.701000,-1.277381,-0.269261,1.662406,-1.305195,-0.258577,1.556822,0.011079,0.024274,-0.000746,0.999644,-0.019321,0.352453,-0.070256,0.000544,-0.000976,0.002719,0.000862,0.000177,-0.000277,21,-0.319862,-0.053478,9.936549,0.093396,-0.115059,0.009310,9.943855,0.164668,0.286483,0.308497
21.451487,-1.296000,0.019000,1.703000,-1.275888,-0.267185,1.644183,-1.303560,-0.247024,1.561957,0.012267,0.025260,-0.038115,0.998879,-0.002892,0.345451,-0.066949,0.000544,-0.000976,0.002692,0.000862,0.000176,-0.000277,37,-0.237514,0.027024,9.755373,0.163327,0.010339,0.014357,9.761472,0.194782,0.292858,0.301196
21.484793,-1.296000,0.019000,1.703000,-1.296431,-0.244836,1.550276,-1.302689,-0.237239,1.558803,0.013486,0.027714,-0.023021,0.999260,0.015866,0.339608,-0.073439,0.000544,-0.000976,0.002696,0.000862,0.000176,-0.000277,34,-0.010800,0.203376,9.650770,0.009699,0.144631,-0.004694,9.667629,0.164423,0.304851,0.294102
21.532583,-1.297000,0.031000,1.709000,-1.274703,-0.205766,1.653399,-1.298046,-0.218013,1.563167,0.013856,0.026753,-0.016144,0.999416,0.050181,0.346572,-0.076057,0.000544,-0.000976,0.002654,0.000862,0.000176,-0.000277,48,0.026607,0.134134,9.614596,0.072155,-0.069336,0.002949,9.622030,0.154354,0.244227,0.288575
21.551309,-1.297000,0.035000,1.711000,-1.350903,-0.206041,1.523871,-1.304047,-0.210953,1.559134,0.016170,0.024831,-0.003090,0.999556,0.033891,0.344174,-0.076742,0.000543,-0.000976,0.002669,0.000862,0.000176,-0.000277,19,-0.216646,0.042051,9.853102,0.242706,0.031327,0.010805,9.857671,0.254183,0.309877,0.289147
21.590789,-1.295000,0.045000,1.713000,-1.292380,-0.171827,1.584602,-1.301171,-0.193724,1.558385,0.013630,0.029447,-0.122247,0.991969,0.055383,0.340985,-0.070037,0.000545,-0.000976,0.002655,0.000862,0.000176,-0.000277,40,-0.130344,-0.120635,9.940160,0.060641,0.201373,0.001178,9.944189,0.255210,0.252006,0.284487
21.628159,-1.293000,0.054000,1.718000,-1.248701,-0.215329,1.660620,-1.292420,-0.186067,1.563428,0.016789,0.032180,-0.069241,0.996939,0.093326,0.307661,-0.064275,0.000544,-0.000976,0.002603,0.000862,0.000176,-0.000277,38,0.026368,-0.160767,9.814380,0.045672,0.070714,-0.007115,9.817273,0.176143,0.278914,0.285526
21.659366,-1.293000,0.057000,1.720000,-1.247404,-0.194616,1.639675,-1.283964,-0.179181,1.566980,0.016694,0.031335,-0.042534,0.998464,0.131243,0.286891,-0.059076,0.000544,-0.000976,0.002562,0.000862,0.000176,-0.000277,31,0.165148,-0.075681,9.856279,-0.065514,-0.127270,-0.026477,9.862612,0.175119,0.268033,0.281564
21.711219,-1.292000,0.059000,1.723000,-1.282838,-0.165935,1.741495,-1.278879,-0.163802,1.577721,0.012677,0.029123,-0.025162,0.999179,0.138970,0.277742,-0.042764,0.000545,-0.000976,0.002449,0.000862,0.000176,-0.000277,52,-0.268070,-0.025641,9.841258,-0.151223,-0.058001,-0.002362,9.848210,0.185016,0.225880,0.266306
21.732067,-1.289000,0.068000,1.725000,-1.269313,-0.165194,1.677378,-1.275666,-0.158685,1.584190,0.011872,0.029296,-0.025589,0.999173,0.147937,0.271673,-0.040179,0.000545,-0.000976,0.002387,0.000862,0.000176,-0.000277,21,-0.081945,-0.057712,9.569069,-0.076925,0.023186,0.002355,9.570611,0.114815,0.238820,0.267192
21.779857,-1.286000,0.076000,1.730000,-1.248954,-0.132205,1.749788,-1.266480,-0.142861,1.594503,0.008360,0.028447,-0.048139,0.998400,0.176727,0.264489,-0.038214,0.000546,-0.000977,0.002268,0.000862,0.000176,-0.000277,49,0.046529,-0.149233,9.580298,-0.087574,-0.056495,-0.008000,9.583055,0.126267,0.212399,0.258148
21.802714,-1.285000,0.077000,1.731000,-1.264638,-0.122878,1.725101,-1.263540,-0.133914,1.603260,0.006628,0.027632,-0.056202,0.998015,0.178275,0.270820,-0.027828,0.000548,-0.000978,0.002176,0.000862,0.000176,-0.000278,23,-0.311843,-0.048584,9.787859,-0.070354,-0.045770,-0.026284,9.793876,0.119447,0.200999,0.247513
21.854726,-1.282000,0.084000,1.734000,-1.328990,-0.158365,1.677430,-1.263161,-0.122523,1.607745,0.006204,0.029179,-0.199281,0.979488,0.181671,0.238893,-0.019381,0.000548,-0.000979,0.002117,0.000862,0.000176,-0.000278,39,-0.264604,0.024020,9.830095,0.059149,0.077911,0.005902,9.838468,0.153797,0.253276,0.242790
21.883727,-1.281000,0.088000,1.736000,-1.349195,-0.133452,1.571184,-1.272156,-0.121496,1.605354,0.007246,0.028449,-0.223730,0.974209,0.139521,0.232473,-0.020917,0.000551,-0.000979,0.002142,0.000862,0.000177,-0.000278,11,-0.054100,-0.286968,9.742519,0.148736,0.177338,0.011085,9.748634,0.240146,0.284352,0.247053
21.921091,-1.279000,0.091000,1.739000,-1.286807,-0.122540,1.753198,-1.274007,-0.120516,1.615124,0.006753,0.028508,-0.252584,0.967131,0.134544,0.248097,-0.009674,0.000552,-0.000976,0.002039,0.000862,0.000177,-0.000278,7,0.013403,-0.174496,9.773730,-0.082931,0.056161,-0.044359,9.775358,0.149102,0.214154,0.245172
21.954417,-1.277000,0.096000,1.741000,-1.309864,-0.091011,1.702179,-1.274805,-0.110606,1.620829,0.009663,0.028908,-0.296240,0.954627,0.136107,0.249491,-0.002771,0.000553,-0.000974,0.001973,0.000861,0.000177,-0.000278,30,-0.141921,0.001316,9.830495,0.189826,0.141205,0.012985,9.834880,0.250083,0.193805,0.239022
21.985502,-1.277000,0.097000,1.745000,-1.334964,-0.122506,1.640203,-1.277185,-0.104068,1.622132,0.012038,0.030278,-0.300670,0.953171,0.131512,0.234570,-0.003344,0.000556,-0.000974,0.001958,0.000861,0.000177,-0.000278,18,-0.095828,-0.011787,9.800056,0.091615,0.159463,-0.032920,9.801842,0.203829,0.250051,0.235638
22.029134,-1.275000,0.099000,1.747000,-1.325866,-0.135180,1.706458,-1.279329,-0.101007,1.627598,0.013004,0.031038,-0.309313,0.950365,0.131966,0.218775,0.004074,0.000557,-0.000972,0.001893,0.000861,0.000177,-0.000278,18,-0.109832,0.025037,9.828490,-0.008573,0.144710,0.025398,9.830867,0.160220,0.243046,0.232977
22.070704,-1.273000,0.104000,1.750000,-1.314338,-0.108671,1.715838,-1.281003,-0.098851,1.633400,0.015716,0.031058,-0.283502,0.958340,0.125053,0.205805,0.012300,0.000558,-0.000970,0.001824,0.000860,0.000177,-0.000278,9,-0.140348,0.002653,9.921798,0.132219,0.137858,0.025611,9.923768,0.197694,0.219328,0.234111
22.112303,-1.273000,0.104000,1.750000,-1.352277,-0.106172,1.715525,-1.286777,-0.095319,1.638858,0.015096,0.029872,-0.324272,0.945371,0.113323,0.200265,0.019859,0.000560,-0.000969,0.001761,0.000860,0.000178,-0.000278,10,0.132019,0.073566,9.908005,0.020775,-0.014926,-0.091892,9.913219,0.169798,0.227257,0.228627
22.141411,-1.268000,0.112000,1.756000,-1.322464,-0.077663,1.762075,-1.288902,-0.096406,1.646102,0.018167,0.029733,-0.117201,0.992497,0.118181,0.193841,0.029375,0.000561,-0.000964,0.001673,0.000858,0.000178,-0.000278,3,-0.319378,0.287077,10.042217,0.160147,0.119277,-0.022883,10.051697,0.201380,0.197421,0.236532
22.176750,-1.268000,0.112000,1.756000,-1.331380,-0.072809,1.737624,-1.289601,-0.092117,1.651997,0.019733,0.028080,-0.048068,0.998254,0.129935,0.191314,0.031421,0.000562,-0.000962,0.001607,0.000858,0.000178,-0.000278,8,-0.179964,-0.061097,9.731389,0.114166,-0.048398,-0.021578,9.734388,0.139108,0.196237,0.230102
22.220384,-1.265000,0.111000,1.763000,-1.375282,-0.048281,1.673857,-1.292194,-0.088953,1.653888,0.018329,0.026657,0.106308,0.993807,0.129727,0.196035,0.026431,0.000568,-0.000955,0.001589,0.000856,0.000180,-0.000278,5,-0.398633,-0.332344,9.579038,-0.171035,0.060648,-0.001083,9.593503,0.183622,0.213258,0.229404
22.257851,-1.261000,0.115000,1.764000,-1.333733,-0.067411,1.758232,-1.294530,-0.085608,1.660090,0.015646,0.024684,0.157754,0.987046,0.103381,0.196649,0.033622,0.000573,-0.000959,0.001513,0.000857,0.000181,-0.000278,7,-0.077946,0.181227,9.752939,-0.336204,0.026779,-0.020422,9.755272,0.341804,0.196461,0.228397
22.315960,-1.261000,0.117000,1.765000,-1.357368,-0.010882,1.816214,-1.297075,-0.070055,1.671098,0.016211,0.022293,0.174229,0.984319,0.112639,0.171361,0.032134,0.000589,-0.000965,0.001375,0.000860,0.000185,-0.000278,10,-0.094722,0.138153,9.693805,0.057409,-0.050239,-0.008577,9.705433,0.082156,0.168117,0.212388
22.340929,-1.254000,0.115000,1.772000,-1.382077,-0.006136,1.677909,-1.305714,-0.059809,1.672159,0.014477,0.020985,0.197803,0.979910,0.115841,0.200908,0.032523,0.000600,-0.000979,0.001363,0.000864,0.000188,-0.000278,8,-0.156739,-0.308664,9.712011,0.010415,-0.011105,-0.013226,9.719103,0.056360,0.199827,0.207848
22.386622,-1.251000,0.120000,1.773000,-1.389395,0.000900,1.705378,-1.311613,-0.047241,1.675018,0.010979,0.017552,0.312758,0.949607,0.086620,0.219892,0.033680,0.000598,-0.001005,0.001327,0.000871,0.000187,-0.000278,11,-0.130592,-0.252808,9.652903,-0.133747,-0.043908,-0.020416,9.657786,0.152413,0.194707,0.203086
22.428176,-1.248000,0.117000,1.777000,-1.327219,0.025588,1.677350,-1.311633,-0.035267,1.676045,0.009432,0.017159,0.453311,0.891137,0.084313,0.221264,0.038325,0.000585,-0.001026,0.001321,0.000877,0.000183,-0.000278,17,-0.088393,0.081831,10.005038,0.107180,0.177254,0.010444,10.007702,0.209280,0.156722,0.193459
22.490538,-1.243000,0.118000,1.781000,-1.360120,0.015394,1.779926,-1.310227,-0.015319,1.684262,0.011854,0.014252,0.494585,0.868931,0.100964,0.243462,0.048679,0.000562,-0.001040,0.001216,0.000880,0.000177,-0.000278,14,0.088523,-0.016870,9.912785,-0.064734,-0.090415,0.016747,9.915518,0.170102,0.155712,0.177909
22.617311,-1.231000,0.120000,1.788000,-1.357688,0.012431,1.709260,-1.305433,0.013824,1.691224,0.015110,0.001291,0.606466,0.794965,0.100723,0.210314,0.040779,0.000562,-0.001052,0.001183,0.000884,0.000176,-0.000278,66,-0.291719,0.046683,9.725605,-0.046937,-0.153380,0.005954,9.733825,0.223021,0.183905,0.161800
22.633896,-1.229000,0.120000,1.788000,-1.344884,0.056760,1.706093,-1.310464,0.022872,1.692963,0.014379,-0.001441,0.754277,0.656398,0.091740,0.220038,0.040455,0.000531,-0.001058,0.001155,0.000885,0.000167,-0.000279,16,-0.203271,0.039405,9.695850,-0.063855,-0.011485,-0.014300,9.699686,0.082025,0.155361,0.158437
22.650470,-1.226000,0.119000,1.791000,-1.364744,0.037707,1.793685,-1.314767,0.030258,1.699994,0.013698,-0.002704,0.824237,0.566072,0.082117,0.226010,0.044110,0.000506,-0.001050,0.001020,0.000883,0.000159,-0.000278,17,-0.074238,-0.031440,9.611589,-0.025923,-0.030304,0.019588,9.613278,0.079606,0.160828,0.155038
22.667157,-1.224000,0.117000,1.792000,-1.338342,0.006586,1.769509,-1.316069,0.030453,1.704993,0.013841,-0.004132,0.836134,0.548335,0.080412,0.213995,0.046201,0.000510,-0.001055,0.000934,0.000884,0.000160,-0.000278,17,-0.120464,0.007656,9.676792,-0.063057,-0.066337,-0.009273,9.681112,0.122770,0.160534,0.153419
22.704598,-1.221000,0.118000,1.792000,-1.351906,0.060996,1.681500,-1.317530,0.040172,1.705196,0.014597,-0.007277,0.838465,0.544711,0.071454,0.200388,0.042925,0.000503,-0.001060,0.000961,0.000885,0.000157,-0.000278,38,-0.132752,0.245678,9.760217,-0.100567,-0.141349,-0.011020,9.773847,0.197332,0.180544,0.151361
22.743987,-1.218000,0.116000,1.794000,-1.333162,0.054906,1.709662,-1.316958,0.047964,1.707241,0.016319,-0.002657,0.839616,0.542928,0.067774,0.179216,0.049173,0.000499,-0.001062,0.000955,0.000886,0.000156,-0.000278,24,-0.274591,0.469981,10.068846,0.207580,0.030518,0.010797,10.086868,0.223475,0.155267,0.148151
22.777307,-1.216000,0.110000,1.796000,-1.367262,0.033853,1.742209,-1.321383,0.046522,1.709860,0.015962,-0.002613,0.874463,0.484822,0.065698,0.169549,0.051435,0.000498,-0.001070,0.000908,0.000888,0.000156,-0.000279,10,-0.205752,-0.105268,9.836986,0.210521,0.104753,-0.029104,9.840793,0.240175,0.177685,0.150184
22.814691,-1.212000,0.111000,1.798000,-1.339642,0.034623,1.769903,-1.321983,0.049366,1.713909,0.015111,-0.001082,0.870657,0.491656,0.065409,0.165430,0.056605,0.000497,-0.001070,0.000835,0.000888,0.000155,-0.000278,13,-0.134841,0.111405,9.933249,0.099965,0.161019,-0.003988,9.935349,0.200033,0.151378,0.151546
22.856238,-1.209000,0.108000,1.799000,-1.331868,0.022716,1.742491,-1.319633,0.052151,1.717751,0.014633,-0.000657,0.882709,0.469691,0.077789,0.149066,0.056117,0.000504,-0.001074,0.000802,0.000889,0.000157,-0.000278,22,-0.038479,0.019943,9.794131,-0.031951,0.000585,0.002443,9.798445,0.146179,0.159885,0.148189
22.899861,-1.206000,0.102000,1.802000,-1.394897,0.058789,1.662820,-1.323583,0.056804,1.716930,0.012000,-0.001885,0.883091,0.469044,0.070675,0.141759,0.060154,0.000499,-0.001089,0.000874,0.000893,0.000155,-0.000278,15,-0.089068,0.005755,9.914378,-0.112041,0.077929,-0.004384,9.915723,0.145078,0.238580,0.152004
22.941460,-1.199000,0.102000,1.804000,-1.350117,0.102610,1.642798,-1.350041,0.102689,1.642606,-0.000000,-0.000000,0.000000,1.000000,0.070675,0.141759,0.060154,0.000499,-0.001089,0.000874,0.000893,0.000155,-0.000278,1,-0.208954,-0.192802,9.645014,0.113561,0.028363,0.082158,9.649203,0.143005,0.220959,0.221047
22.991355,-1.194000,0.098000,1.806000,-1.339699,0.090054,1.675818,-1.343384,0.098031,1.660534,-0.030848,0.014449,0.541160,0.840229,0.061000,0.147859,0.058981,0.000499,-0.001089,0.000874,0.000893,0.000155,-0.000278,8,-0.376695,0.142040,9.770129,0.116103,0.062412,0.028645,9.778728,0.142363,0.195547,0.208509
23.020380,-1.192000,0.089000,1.809000,-1.346266,0.096308,1.697846,-1.341559,0.101736,1.673455,-0.029936,0.014106,0.366955,0.929650,0.045833,0.159388,0.059485,0.000499,-0.001089,0.000874,0.000893,0.000155,-0.000278,7,-0.105723,0.147242,9.809142,0.170579,0.152004,-0.029673,9.811077,0.231724,0.190281,0.202244
23.072428,-1.185000,0.083000,1.812000,-1.366249,0.131007,1.691423,-1.345381,0.113801,1.680254,-0.031256,0.011696,0.793693,0.607403,0.026799,0.203461,0.053215,0.000499,-0.001089,0.000873,0.000893,0.000155,-0.000278,31,-0.111007,0.015298,9.753554,0.000181,0.027882,-0.008785,9.755351,0.097452,0.222924,0.209828
23.097329,-1.180000,0.076000,1.814000,-1.373445,0.085074,1.725463,-1.348180,0.116680,1.690387,-0.017425,0.018544,0.989152,0.144674,-0.003118,0.180060,0.052673,0.000499,-0.001089,0.000872,0.000893,0.000155,-0.000278,23,-0.154565,-0.217072,9.718283,-0.083974,-0.054644,0.017927,9.723829,0.161363,0.212937,0.212649
23.136795,-1.176000,0.077000,1.815000,-1.298597,0.059089,1.765494,-1.340333,0.107619,1.705429,-0.020531,0.007486,0.982253,0.186282,0.027248,0.171394,0.057333,0.000499,-0.001089,0.000868,0.000893,0.000155,-0.000278,37,-0.160430,0.038176,9.841743,-0.244649,-0.105819,-0.005281,9.844955,0.280485,0.133423,0.199871
23.169988,-1.173000,0.074000,1.816000,-1.322847,0.112952,1.748370,-1.337769,0.113833,1.713154,-0.018739,0.006029,0.981063,0.192684,0.032094,0.185420,0.055148,0.000499,-0.001089,0.000865,0.000893,0.000155,-0.000278,14,-0.314036,-0.031867,9.812539,-0.054538,-0.149524,0.003152,9.822302,0.173498,0.168953,0.198274
23.201215,-1.168000,0.064000,1.818000,-1.364118,0.053164,1.784989,-1.336091,0.110386,1.724165,-0.007852,0.003283,0.993057,0.117324,0.031934,0.161492,0.062898,0.000499,-0.001089,0.000857,0.000893,0.000155,-0.000278,32,-0.225325,0.164825,9.957741,-0.017023,-0.046829,-0.034077,9.967386,0.168791,0.199172,0.198018
23.238593,-1.166000,0.061000,1.819000,-1.363769,0.072032,1.721509,-1.332022,0.113199,1.725862,-0.000437,0.006525,0.999542,-0.029549,0.054471,0.179399,0.059359,0.000499,-0.001089,0.000857,0.000893,0.000155,-0.000278,37,-0.145726,0.041827,9.739661,0.160097,0.142920,0.014138,9.745476,0.228742,0.220769,0.197389
23.280098,-1.166000,0.061000,1.819000,-1.284693,0.066591,1.708875,-1.327808,0.111187,1.726033,-0.003917,0.001704,0.941340,0.337433,0.107839,0.134174,0.060724,0.000499,-0.001089,0.000864,0.000893,0.000155,-0.000278,29,0.039806,0.049719,9.834472,0.045063,0.025453,-0.024976,9.837059,0.158194,0.162009,0.193245
23.319576,-1.151000,0.048000,1.823000,-1.324503,0.080395,1.758046,-1.325984,0.105299,1.731145,-0.001453,-0.001835,0.888458,0.458953,0.054353,0.098703,0.066497,0.000499,-0.001088,0.000859,0.000893,0.000155,-0.000278,13,-0.202972,0.182864,9.857001,-0.069498,-0.157788,-0.021337,9.863606,0.174674,0.188074,0.205767
23.361138,-1.147000,0.043000,1.824000,-1.318269,0.053640,1.746436,-1.322190,0.099596,1.734524,0.002193,-0.002261,0.877372,0.479800,0.073255,0.055200,0.058348,0.000499,-0.001088,0.000857,0.000893,0.000155,-0.000278,4,-0.099936,-0.226827,9.547186,0.139734,0.044275,0.042108,9.550595,0.153550,0.188315,0.204697
23.398592,-1.142000,0.038000,1.826000,-1.281127,0.066691,1.755361,-1.314276,0.096311,1.738024,0.008360,-0.004615,0.867914,0.496624,0.093421,0.019579,0.053758,0.000499,-0.001088,0.000853,0.000893,0.000155,-0.000278,4,-0.271168,0.145527,9.722452,0.058168,-0.141820,-0.010094,9.727457,0.155982,0.158648,0.202037
23.435971,-1.137000,0.031000,1.828000,-1.311548,0.046673,1.753356,-1.309658,0.088147,1.740892,0.011680,-0.002187,0.853093,0.521623,0.105532,-0.024740,0.051440,0.000499,-0.001088,0.000849,0.000893,0.000155,-0.000278,7,-0.166922,0.020353,9.715856,0.098980,-0.038798,0.010255,9.717476,0.211204,0.190484,0.201654
23.469225,-1.132000,0.025000,1.830000,-1.299318,0.044469,1.737081,-1.307201,0.082190,1.740623,0.013935,-0.003254,0.845277,0.534137,0.112345,-0.047577,0.049810,0.000499,-0.001088,0.000851,0.000893,0.000155,-0.000278,5,-0.133996,-0.036648,9.752628,0.170124,0.055591,0.021198,9.753654,0.180846,0.192376,0.204828
23.502511,-1.124000,0.013000,1.833000,-1.285200,0.064249,1.752007,-1.302551,0.078014,1.742771,0.018223,-0.003254,0.814639,0.579673,0.123705,-0.066654,0.043035,0.000499,-0.001088,0.000848,0.000893,0.000155,-0.000278,31,-0.080044,0.043857,9.601451,0.072045,-0.112997,-0.013776,9.606985,0.156481,0.187541,0.210354
23.541931,-1.121000,0.008000,1.834000,-1.297300,0.109059,1.824329,-1.301182,0.081456,1.749357,0.017359,-0.001609,0.820780,0.570979,0.126835,-0.057013,0.048843,0.000499,-0.001088,0.000819,0.000893,0.000155,-0.000278,5,-0.313766,0.128967,9.812096,0.074342,-0.052184,0.027918,9.818451,0.102964,0.203441,0.212193
23.575200,-1.119000,-0.005000,1.836000,-1.307232,0.058156,1.776662,-1.300518,0.078569,1.751533,0.017564,-0.002069,0.815040,0.579135,0.125530,-0.067699,0.051411,0.000499,-0.001088,0.000810,0.000893,0.000155,-0.000278,4,-0.029916,0.343869,9.988205,-0.040961,0.114734,-0.002613,9.994264,0.123100,0.207222,0.216950
23.610543,-1.111000,-0.008000,1.838000,-1.241755,0.047032,1.773672,-1.292602,0.075287,1.753528,0.018419,-0.000795,0.829010,0.558930,0.144341,-0.083882,0.052543,0.000499,-0.001089,0.000806,0.000893,0.000155,-0.000278,11,-0.318097,0.269693,9.877318,0.126496,0.087196,-0.050807,9.886739,0.165948,0.155768,0.216913
23.643719,-1.111000,-0.009000,1.838000,-1.270364,0.024108,1.725836,-1.283663,0.070349,1.752992,0.015933,-0.003443,0.875120,0.483631,0.173097,-0.101702,0.052635,0.000498,-0.001089,0.000817,0.000893,0.000155,-0.000278,16,-0.224327,-0.025649,9.983181,-0.103443,0.075337,-0.037921,9.991211,0.172069,0.197671,0.208171
23.677036,-1.106000,-0.019000,1.839000,-1.270118,0.028324,1.759763,-1.277734,0.060445,1.754823,0.017167,-0.002510,0.877499,0.479265,0.188234,-0.125785,0.052252,0.000499,-0.001088,0.000815,0.000893,0.000155,-0.000278,18,-0.210382,0.039662,9.826508,0.115239,0.062598,0.008933,9.829801,0.144713,0.188289,0.207098
23.714438,-1.105000,-0.021000,1.839000,-1.272983,0.046897,1.688639,-1.273424,0.056924,1.751495,0.019532,-0.000360,0.852481,0.522394,0.196346,-0.139039,0.044357,0.000499,-0.001088,0.000843,0.000893,0.000155,-0.000278,16,-0.268060,0.119927,9.628612,0.143926,0.010788,-0.020225,9.634227,0.163209,0.235450,0.205172
23.753986,-1.105000,-0.021000,1.839000,-1.241800,0.024160,1.790057,-1.267234,0.051381,1.754365,0.021863,0.002825,0.805982,0.591529,0.209952,-0.159628,0.048624,0.000499,-0.001088,0.000829,0.000893,0.000155,-0.000278,6,-0.270122,-0.009127,10.055894,0.086070,0.160549,0.014794,10.060042,0.183837,0.152149,0.196779
23.793339,-1.086000,-0.060000,1.845000,-1.285680,0.034403,1.703714,-1.264460,0.047203,1.752155,0.024764,0.005526,0.768454,0.639402,0.209520,-0.169268,0.045909,0.000498,-0.001087,0.000850,0.000893,0.000155,-0.000278,9,-0.112367,0.351377,9.799547,0.201174,0.016321,0.053407,9.807633,0.212822,0.262194,0.227949
23.834896,-1.086000,-0.060000,1.845000,-1.283660,0.037229,1.787613,-1.261948,0.041518,1.755197,0.028721,0.006638,0.677158,0.735247,0.211406,-0.191178,0.044386,0.000497,-0.001087,0.000834,0.000893,0.000154,-0.000278,18,-0.436399,-0.178601,9.665870,-0.019752,-0.087524,0.009774,9.678468,0.126642,0.227632,0.222100
23.889020,-1.070000,-0.096000,1.850000,-1.215149,0.052291,1.764188,-1.249029,0.031422,1.757729,0.023136,0.003988,0.574346,0.818276,0.223139,-0.216983,0.036123,0.000494,-0.001087,0.000832,0.000893,0.000154,-0.000278,22,-0.136942,0.124187,9.647227,-0.334821,-0.005798,-0.022411,9.666221,0.342715,0.224548,0.238331
23.916077,-1.068000,-0.098000,1.849000,-1.262136,0.045403,1.690887,-1.248124,0.030442,1.754330,0.022846,0.003246,0.572651,0.819474,0.214970,-0.214656,0.033648,0.000493,-0.001088,0.000867,0.000893,0.000154,-0.000278,11,-0.038556,0.770581,9.924432,-0.072833,-0.115424,-0.014984,9.955740,0.139853,0.288536,0.240633
23.949219,-1.063000,-0.112000,1.851000,-1.219423,0.009637,1.801697,-1.243408,0.026795,1.757162,0.023290,0.002390,0.581632,0.813115,0.218338,-0.223669,0.038753,0.000494,-0.001087,0.000844,0.000893,0.000154,-0.000278,4,-0.398530,0.532029,10.053693,-0.054701,-0.086655,0.000613,10.075854,0.105380,0.204192,0.246204
24.003331,-1.059000,-0.120000,1.852000,-1.241637,-0.006104,1.819467,-1.238270,0.017861,1.761534,0.024474,0.004842,0.550058,0.834753,0.217456,-0.238675,0.046671,0.000495,-0.001087,0.000811,0.000893,0.000154,-0.000278,17,-0.032555,0.221430,10.021044,0.072102,0.095156,-0.026270,10.024548,0.133069,0.217685,0.243573
24.055167,-1.047000,-0.145000,1.854000,-1.243511,-0.005381,1.801262,-1.228825,0.003806,1.765909,0.029616,0.008217,0.491311,0.870442,0.229905,-0.266425,0.044074,0.000495,-0.001088,0.000786,0.000893,0.000154,-0.000278,51,-0.110483,-0.013555,9.725307,0.176787,-0.020034,0.013588,9.728100,0.212912,0.246762,0.250925
24.082322,-1.043000,-0.153000,1.854000,-1.298340,-0.002455,1.748423,-1.229946,-0.003412,1.766215,0.031330,0.007631,0.437422,0.898678,0.213942,-0.269932,0.045843,0.000497,-0.001091,0.000796,0.000894,0.000154,-0.000278,8,-0.025173,0.140633,9.841984,0.011901,-0.050645,0.000043,9.849601,0.110856,0.314657,0.255013
24.119584,-1.043000,-0.153000,1.854000,-1.220087,-0.025764,1.853038,-1.226808,-0.008283,1.771472,0.032123,0.007334,0.440199,0.897295,0.212924,-0.279281,0.050497,0.000499,-0.001091,0.000740,0.000894,0.000154,-0.000278,12,-0.333327,0.486302,9.749523,0.077029,-0.071846,-0.031413,9.767881,0.122493,0.218059,0.248071
24.150804,-1.030000,-0.181000,1.856000,-1.204721,-0.024021,1.763002,-1.219990,-0.017117,1.772306,0.031003,0.008367,0.420662,0.906649,0.213542,-0.290300,0.052551,0.000497,-0.001090,0.000748,0.000894,0.000154,-0.000278,19,-0.148102,0.625456,9.907132,-0.061048,0.075004,-0.018435,9.928839,0.141080,0.252623,0.264497
24.181915,-1.030000,-0.181000,1.856000,-1.193188,-0.017233,1.770842,-1.212951,-0.022834,1.773352,0.033074,0.009051,0.440515,0.897090,0.215949,-0.292542,0.056377,0.000496,-0.001090,0.000751,0.000893,0.000154,-0.000278,3,-0.038607,0.582889,9.946638,0.217114,-0.053722,-0.014250,9.963891,0.225786,0.246377,0.255575
24.231830,-1.004000,-0.233000,1.860000,-1.192682,-0.037920,1.812331,-1.202724,-0.035051,1.777550,0.038975,0.009868,0.447069,0.893596,0.234110,-0.299956,0.053839,0.000496,-0.001090,0.000723,0.000893,0.000154,-0.000278,13,0.257303,0.189288,9.895387,0.158659,-0.099763,0.014584,9.901156,0.202422,0.275553,0.292358
24.279689,-1.002000,-0.237000,1.860000,-1.187568,-0.039352,1.833228,-1.196990,-0.040793,1.781744,0.038658,0.009155,0.454534,0.889843,0.239017,-0.307503,0.059787,0.000497,-0.001090,0.000682,0.000893,0.000154,-0.000278,11,-0.126017,0.215446,9.891168,-0.006127,-0.025256,-0.008348,9.898145,0.078289,0.272428,0.287475
24.321212,-0.998000,-0.244000,1.860000,-1.288675,-0.019296,1.630461,-1.197248,-0.051041,1.775774,0.040918,0.008740,0.440191,0.896929,0.227634,-0.318816,0.048122,0.000497,-0.001096,0.000806,0.000895,0.000154,-0.000278,11,0.063494,0.291952,9.715097,0.168457,-0.025577,0.004849,9.720589,0.178887,0.433211,0.289874
24.358626,-0.990000,-0.262000,1.862000,-1.198889,-0.050847,1.767953,-1.189641,-0.061944,1.777012,0.043768,0.009195,0.424449,0.904347,0.238503,-0.344956,0.039545,0.000496,-0.001098,0.000813,0.000896,0.000154,-0.000278,38,-0.211238,0.031341,9.626461,0.146022,-0.050349,0.009797,9.631749,0.182271,0.311552,0.295130
24.393891,-0.976000,-0.290000,1.864000,-1.239877,-0.034525,1.693428,-1.188135,-0.071486,1.773477,0.041609,0.008380,0.495831,0.867381,0.232468,-0.358610,0.027329,0.000498,-0.001103,0.000889,0.000897,0.000155,-0.000278,35,-0.243306,0.131886,9.624117,0.013563,0.026443,0.017336,9.631245,0.131333,0.404961,0.317717
24.427195,-0.972000,-0.298000,1.864000,-1.179336,-0.061469,1.766974,-1.180026,-0.080301,1.774018,0.039837,0.009823,0.521986,0.851967,0.239974,-0.383850,0.029122,0.000494,-0.001106,0.000896,0.000898,0.000154,-0.000277,34,-0.351391,0.132597,9.906161,0.004392,0.100477,-0.014863,9.915712,0.121108,0.329164,0.314267
24.466677,-0.972000,-0.298000,1.864000,-1.134815,-0.081037,1.820423,-1.166137,-0.092959,1.777758,0.041294,0.013546,0.491825,0.869609,0.272506,-0.402246,0.024141,0.000485,-0.001104,0.000851,0.000897,0.000151,-0.000277,40,-0.072709,-0.055798,9.643100,0.101838,0.096520,0.002279,9.646282,0.157154,0.274737,0.295244
24.501924,-0.958000,-0.325000,1.867000,-1.132642,-0.069852,1.739208,-1.153903,-0.102598,1.776264,0.039874,0.013827,0.479859,0.876330,0.294466,-0.416218,0.022428,0.000476,-0.001104,0.000894,0.000897,0.000149,-0.000277,35,-0.172604,0.066470,9.859647,-0.079012,0.021455,0.020289,9.865810,0.155503,0.334561,0.309958
24.539390,-0.950000,-0.339000,1.868000,-1.157890,-0.116898,1.876245,-1.145921,-0.117569,1.783470,0.036948,0.013838,0.515587,0.855928,0.288065,-0.430232,0.033634,0.000478,-0.001109,0.000779,0.000898,0.000149,-0.000277,38,-0.300049,0.568403,9.914934,-0.063606,0.076488,-0.014942,9.941132,0.156800,0.304328,0.307509
24.576790,-0.942000,-0.356000,1.869000,-1.206121,-0.094118,1.694126,-1.141902,-0.129220,1.779512,0.035332,0.014523,0.567148,0.822730,0.282038,-0.435796,0.034518,0.000471,-0.001117,0.000882,0.000901,0.000148,-0.000277,38,-0.201338,0.399609,9.972825,0.078213,0.049745,-0.016709,9.984743,0.132722,0.411003,0.315275
24.653662,-0.932000,-0.374000,1.870000,-1.187877,-0.109861,1.740555,-1.129380,-0.155507,1.779482,0.031945,0.012352,0.603547,0.796592,0.299634,-0.457475,0.019918,0.000462,-0.001136,0.000932,0.000906,0.000146,-0.000277,74,-0.201017,0.053622,9.654236,-0.041656,-0.011301,0.000704,9.659076,0.105938,0.389869,0.308044
24.670272,-0.930000,-0.388000,1.870000,-1.195990,-0.111815,1.692126,-1.133503,-0.156281,1.774427,0.028243,0.011100,0.657881,0.752510,0.285372,-0.444947,0.013190,0.000450,-0.001145,0.001042,0.000909,0.000143,-0.000277,8,-0.198422,0.521495,9.765064,-0.029689,0.052347,0.011393,9.781660,0.081192,0.422691,0.322864
24.701467,-0.929000,-0.390000,1.870000,-1.147571,-0.119841,1.837146,-1.147553,-0.119882,1.837106,-0.000000,-0.000000,0.000000,1.000000,0.285372,-0.444947,0.013190,0.000450,-0.001145,0.001042,0.000909,0.000143,-0.000277,1,-0.229317,0.508240,9.923950,-0.010710,0.062116,-0.012761,9.939601,0.064312,0.349054,0.349015
24.790803,-0.895000,-0.444000,1.870000,-1.114421,-0.181818,1.762012,-1.119207,-0.167960,1.800621,0.010159,0.004353,0.035173,0.999320,0.286940,-0.446132,0.019545,0.000450,-0.001146,0.001043,0.000909,0.000143,-0.000277,46,-0.040231,0.387475,10.019208,-0.010560,0.032075,-0.002035,10.031276,0.103966,0.358534,0.362326
24.807437,-0.890000,-0.454000,1.870000,-1.121786,-0.191087,1.803987,-1.122657,-0.190940,1.804047,-0.000000,0.000000,-0.000000,1.000000,0.286940,-0.446132,0.019545,0.000450,-0.001145,0.001043,0.000909,0.000143,-0.000277,0,0.000000,0.000000,0.000000,0.000000,0.000000,0.000000,0.000000,0.000000,0.356659,0.357323
24.836582,-0.887000,-0.460000,1.870000,-1.110535,-0.208215,1.810277,-1.110697,-0.206112,1.807246,-0.002518,0.003336,0.130100,0.991492,0.285033,-0.439051,0.010656,0.000450,-0.001145,0.001043,0.000909,0.000143,-0.000277,16,-0.009606,0.067112,9.523587,-0.020856,0.066138,-0.009875,9.525260,0.095374,0.341951,0.344148
24.890535,-0.872000,-0.489000,1.871000,-1.139913,-0.177417,1.818822,-1.106839,-0.208213,1.810602,-0.009918,-0.023349,-0.648507,0.760786,0.261268,-0.403820,0.006400,0.000450,-0.001145,0.001043,0.000909,0.000143,-0.000277,54,-0.140990,-0.096919,9.724941,-0.108624,-0.059372,-0.003728,9.729330,0.150711,0.414226,0.370997
24.915500,-0.869000,-0.496000,1.871000,-1.173535,-0.209529,1.719650,-1.121549,-0.216399,1.787450,-0.014832,-0.032693,-0.684440,0.728185,0.245974,-0.376111,0.003270,0.000450,-0.001146,0.001045,0.000909,0.000143,-0.000277,25,-0.292521,-0.004519,9.874599,-0.166134,-0.054468,0.000938,9.883479,0.180942,0.444650,0.385926
24.954948,-0.864000,-0.505000,1.871000,-1.127632,-0.205262,1.724883,-1.116556,-0.224837,1.774741,-0.018472,-0.034031,-0.678914,0.733196,0.239410,-0.335537,0.004079,0.000450,-0.001146,0.001047,0.000909,0.000143,-0.000277,40,-0.015800,0.191884,9.912664,-0.154515,-0.065843,0.012722,9.916993,0.200290,0.425082,0.389284
25.044311,-0.851000,-0.532000,1.872000,-1.156424,-0.249190,1.737241,-1.108918,-0.247799,1.767579,-0.018782,-0.045768,-0.688163,0.723868,0.179894,-0.256011,-0.003810,0.000450,-0.001146,0.001051,0.000909,0.000143,-0.000277,90,-0.167222,0.050884,9.801462,-0.031571,-0.050432,-0.001936,9.806343,0.090467,0.437522,0.397739
25.060883,-0.847000,-0.539000,1.871000,-1.068675,-0.272448,1.702017,-1.100564,-0.258588,1.758312,-0.020049,-0.034398,-0.549824,0.834331,0.194395,-0.249098,-0.003605,0.000450,-0.001146,0.001062,0.000909,0.000143,-0.000277,17,-0.302775,0.382573,9.988756,0.027584,-0.004181,-0.003777,10.001504,0.125903,0.385675,0.394492
25.090082,-0.837000,-0.559000,1.871000,-1.082509,-0.253025,1.815831,-1.092640,-0.263239,1.765801,-0.021781,-0.034819,-0.571145,0.819821,0.194975,-0.209988,-0.003486,0.000450,-0.001146,0.001053,0.000909,0.000143,-0.000277,30,-0.265624,0.365286,9.773780,-0.046892,-0.018734,0.012264,9.788171,0.080783,0.396155,0.404837
25.146093,-0.828000,-0.579000,1.871000,-1.094812,-0.285498,1.785798,-1.084763,-0.275350,1.767765,-0.019990,-0.034075,-0.568721,0.821581,0.168780,-0.162904,-0.015066,0.000450,-0.001146,0.001048,0.000909,0.000143,-0.000277,56,-0.254317,0.094833,9.621942,-0.017700,0.036592,-0.003712,9.629753,0.099552,0.405699,0.410838
25.173144,-0.820000,-0.595000,1.871000,-1.070706,-0.283092,1.771559,-1.078925,-0.280137,1.767899,-0.021014,-0.031963,-0.550656,0.833856,0.164158,-0.139567,-0.016941,0.000450,-0.001146,0.001048,0.000909,0.000143,-0.000277,27,-0.310529,0.086028,9.765621,-0.030053,0.037955,-0.029178,9.773548,0.106719,0.412345,0.420489
25.231315,-0.814000,-0.609000,1.870000,-1.052384,-0.320653,1.908435,-1.068863,-0.292445,1.782067,-0.016334,-0.029410,-0.557148,0.829732,0.146192,-0.108749,-0.005844,0.000451,-0.001146,0.001004,0.000909,0.000143,-0.000277,56,-0.298418,0.029259,9.851134,0.052353,0.076862,0.032284,9.858538,0.123766,0.376096,0.415806
25.279096,-0.801000,-0.639000,1.871000,-1.009287,-0.367527,1.906286,-1.058843,-0.307140,1.794399,-0.009945,-0.026425,-0.573887,0.818448,0.163523,-0.131251,0.010121,0.000451,-0.001146,0.000970,0.000909,0.000143,-0.000277,16,-0.213723,0.283719,10.114365,0.125232,0.041107,0.000056,10.121924,0.170843,0.343986,0.427179
25.308258,-0.797000,-0.644000,1.871000,-0.999184,-0.381963,1.970978,-1.050927,-0.320932,1.810935,-0.006923,-0.024079,-0.580187,0.814098,0.168837,-0.154291,0.029302,0.000453,-0.001147,0.000916,0.000909,0.000143,-0.000277,25,-0.029276,0.327827,10.069414,-0.059101,-0.045675,-0.013727,10.080740,0.209877,0.345741,0.415283
25.351859,-0.788000,-0.664000,1.871000,-1.031767,-0.369285,1.732640,-1.045595,-0.332885,1.805027,0.006476,-0.030718,-0.835658,0.548353,0.178586,-0.157019,0.021562,0.000452,-0.001146,0.000951,0.000909,0.000143,-0.000277,20,-0.213275,-0.076059,9.688017,0.000949,-0.191853,0.032661,9.692055,0.203241,0.406722,0.424670
25.395506,-0.781000,-0.678000,1.871000,-1.040382,-0.356532,1.851174,-1.038357,-0.338965,1.809191,-0.002129,-0.026846,-0.723869,0.689412,0.163037,-0.157903,0.015389,0.000452,-0.001146,0.000935,0.000909,0.000143,-0.000277,14,-0.373611,0.233613,9.525214,-0.032886,-0.020383,0.015209,9.540994,0.062565,0.413538,0.430114
25.453652,-0.769000,-0.702000,1.870000,-0.973403,-0.426822,1.807527,-1.029370,-0.355982,1.809380,0.005049,-0.023434,-0.831154,0.555525,0.182332,-0.177322,0.012026,0.000452,-0.001145,0.000948,0.000908,0.000143,-0.000277,14,-0.017125,0.023748,9.679878,-0.156529,0.057871,-0.005514,9.680840,0.173002,0.348434,0.437259
25.482769,-0.769000,-0.702000,1.870000,-0.986154,-0.446696,1.906293,-1.024220,-0.370169,1.816697,-0.012916,0.022517,0.947428,-0.318915,0.190289,-0.236642,0.021357,0.000453,-0.001144,0.000919,0.000908,0.000143,-0.000277,15,-0.037392,0.565743,9.895598,0.016185,-0.083792,-0.006332,9.912722,0.093586,0.337125,0.422007
25.520179,-0.755000,-0.730000,1.870000,-0.992498,-0.481687,1.959077,-1.016953,-0.391011,1.827543,-0.015877,0.017915,0.990705,-0.133906,0.166366,-0.258819,0.025323,0.000454,-0.001145,0.000864,0.000908,0.000143,-0.000277,28,-0.186023,-0.226640,9.701508,-0.091567,-0.048489,0.002477,9.709753,0.138817,0.354964,0.430506
25.555441,-0.744000,-0.754000,1.871000,-0.989470,-0.476664,1.813409,-1.012131,-0.407170,1.826908,-0.018244,0.013481,0.999363,0.027537,0.153089,-0.295729,0.029208,0.000454,-0.001145,0.000881,0.000908,0.000143,-0.000277,17,-0.169300,0.625062,9.972976,-0.120693,-0.016969,-0.022110,9.997339,0.155581,0.374817,0.440602
25.597027,-0.736000,-0.768000,1.871000,-0.968154,-0.491369,1.918197,-1.012977,-0.399316,1.833524,-0.027059,-0.000857,0.424391,0.905074,0.044829,-0.550035,0.047402,0.000461,-0.001146,0.000832,0.000908,0.000144,-0.000277,2,-0.302467,0.386646,9.954586,-0.058797,-0.083058,-0.114245,9.966738,0.155876,0.364208,0.462653
25.632430,-0.736000,-0.768000,1.871000,-0.911468,-0.501140,1.828303,-0.988691,-0.435509,1.834497,-0.009650,-0.001788,0.186366,0.982431,0.145937,-0.379023,0.036765,0.000462,-0.001143,0.000854,0.000908,0.000145,-0.000277,4,-0.506856,-0.169849,9.656863,0.245180,-0.081408,0.066285,9.671728,0.267176,0.322221,0.419208
25.665606,-0.729000,-0.782000,1.871000,-1.001983,-0.495887,1.856671,-0.984405,-0.450539,1.836444,-0.006061,-0.000483,0.196434,0.980498,0.178742,-0.344057,0.038517,0.000459,-0.001136,0.000846,0.000906,0.000144,-0.000277,3,-0.111499,0.244022,9.896020,0.077604,-0.005282,0.018767,9.899891,0.081218,0.395709,0.419872
25.705098,-0.710000,-0.817000,1.870000,-0.961423,-0.562632,1.780117,-0.977136,-0.471823,1.833910,-0.005467,-0.001080,0.215804,0.976421,0.168930,-0.361242,0.040718,0.000460,-0.001134,0.000885,0.000906,0.000145,-0.000277,6,0.017584,0.524574,9.964849,-0.045337,0.001658,0.018037,9.978926,0.082983,0.368776,0.437962
25.742602,-0.701000,-0.834000,1.870000,-0.941914,-0.564491,1.861349,-0.970312,-0.490459,1.836487,-0.004982,-0.003139,0.191728,0.981431,0.166255,-0.374299,0.041363,0.000461,-0.001132,0.000880,0.000905,0.000145,-0.000277,9,-0.135211,0.586801,9.877915,-0.206387,-0.161582,-0.034624,9.896674,0.265293,0.361593,0.437805
25.777885,-0.693000,-0.850000,1.870000,-0.935045,-0.584203,1.902069,-0.961892,-0.510158,1.841557,-0.003276,-0.003406,0.197051,0.980382,0.159404,-0.391415,0.048590,0.000462,-0.001129,0.000851,0.000904,0.000145,-0.000277,7,-0.399350,0.373419,9.899636,0.032479,-0.019538,-0.027288,9.914866,0.063698,0.360918,0.434286
25.815207,-0.685000,-0.865000,1.869000,-0.936849,-0.587902,1.938591,-0.955596,-0.531026,1.849028,0.001144,-0.001988,0.176568,0.984286,0.155359,-0.407491,0.057106,0.000464,-0.001125,0.000799,0.000904,0.000145,-0.000277,11,-0.060429,0.274819,9.841554,0.040589,0.039722,0.010470,9.846483,0.112349,0.380860,0.430302
25.852675,-0.672000,-0.885000,1.868000,-0.881352,-0.610241,1.874216,-0.948061,-0.553342,1.851663,0.004597,-0.002848,0.047692,0.998847,0.173035,-0.394893,0.047104,0.000470,-0.001125,0.000792,0.000903,0.000147,-0.000277,7,0.055825,0.635561,9.479067,0.020300,0.008843,0.018319,9.501401,0.040742,0.345484,0.431826
25.910834,-0.659000,-0.909000,1.868000,-0.855319,-0.610950,1.935247,-0.941014,-0.570073,1.858840,0.012958,-0.005205,-0.487120,0.873223,0.233637,-0.365304,0.044032,0.000484,-0.001114,0.000729,0.000900,0.000150,-0.000277,4,-0.212926,0.076076,9.499638,0.035364,0.023219,0.001061,9.502780,0.043566,0.363177,0.441007
25.939931,-0.653000,-0.919000,1.867000,-0.918993,-0.654763,1.843424,-0.928369,-0.590395,1.857774,0.013491,-0.000334,-0.221467,0.975075,0.255805,-0.457776,0.042276,0.000459,-0.001110,0.000750,0.000900,0.000143,-0.000276,7,0.069202,0.444868,9.744073,0.144828,0.006902,-0.004521,9.755178,0.146181,0.375672,0.428829
25.979439,-0.642000,-0.937000,1.867000,-0.920311,-0.672432,1.774141,-0.917528,-0.613541,1.853845,0.014979,0.001930,-0.135924,0.990604,0.205641,-0.506008,0.036195,0.000467,-0.001107,0.000825,0.000899,0.000145,-0.000276,12,-0.086203,0.108474,9.892322,0.053099,0.087463,-0.057432,9.895008,0.127999,0.395064,0.425105
26.018926,-0.624000,-0.966000,1.864000,-0.849093,-0.680282,1.883411,-0.900386,-0.636571,1.856742,0.015722,0.008533,0.025243,0.999521,0.199049,-0.477266,0.052094,0.000463,-0.001102,0.000816,0.000898,0.000144,-0.000277,9,-0.312553,0.358098,10.126988,0.230179,0.233232,0.008497,10.139737,0.334315,0.364250,0.430076
26.070830,-0.616000,-0.977000,1.864000,-0.875770,-0.730109,2.049525,-0.890441,-0.666489,1.871038,0.017742,0.011564,-0.016645,0.999637,0.217314,-0.509112,0.079100,0.000452,-0.001098,0.000652,0.000896,0.000141,-0.000277,14,-0.195467,0.256070,10.079247,0.019899,0.088369,-0.005424,10.085582,0.130761,0.403553,0.414469
26.116488,-0.600000,-1.003000,1.863000,-0.868462,-0.690810,1.905336,-0.882160,-0.681857,1.875093,0.017150,0.011212,-0.010260,0.999737,0.222461,-0.514926,0.070219,0.000452,-0.001097,0.000625,0.000895,0.000141,-0.000277,7,-0.157518,0.120437,9.394430,-0.079233,-0.059522,-0.009787,9.397577,0.100215,0.413916,0.427661
26.162250,-0.591000,-1.016000,1.862000,-0.851345,-0.735013,1.918864,-0.870769,-0.706274,1.880398,0.017712,0.012367,-0.005899,0.999749,0.234281,-0.537082,0.077732,0.000451,-0.001094,0.000591,0.000894,0.000140,-0.000277,11,-0.092042,0.198939,9.862369,-0.008390,0.095710,0.034469,9.865409,0.107538,0.387255,0.417779
26.224580,-0.577000,-1.038000,1.861000,-0.852953,-0.719139,1.871063,-0.858150,-0.730617,1.883275,0.012276,0.011425,0.002241,0.999857,0.240324,-0.527053,0.071941,0.000450,-0.001096,0.000604,0.000895,0.000140,-0.000277,19,-0.279041,0.669900,9.651893,-0.036746,-0.014122,-0.043434,9.684486,0.109350,0.421811,0.417164
26.255831,-0.577000,-1.038000,1.861000,-0.836254,-0.787159,1.869584,-0.851153,-0.746696,1.883431,0.012981,0.011257,0.010710,0.999795,0.240315,-0.538302,0.066632,0.000448,-0.001088,0.000628,0.000893,0.000139,-0.000277,7,-0.494887,0.395319,9.647345,-0.006764,-0.011106,-0.010406,9.668293,0.052167,0.360843,0.400650
26.291053,-0.577000,-1.038000,1.861000,-0.847181,-0.797949,1.846414,-0.845772,-0.770865,1.883126,0.014924,0.009669,-0.096989,0.995127,0.254693,-0.548973,0.067533,0.000447,-0.001083,0.000675,0.000891,0.000139,-0.000277,9,0.090110,0.291293,9.897343,-0.151877,-0.083102,0.011344,9.903891,0.187362,0.361711,0.379591
26.328459,-0.545000,-1.087000,1.858000,-0.793419,-0.816090,1.906703,-0.830029,-0.790358,1.886316,0.012183,0.011102,-0.077751,0.996837,0.269304,-0.554886,0.070637,0.000436,-0.001082,0.000656,0.000891,0.000136,-0.000277,32,-0.260489,0.236471,9.867476,-0.168583,-0.004743,-0.020355,9.875149,0.183488,0.370778,0.412359
26.394987,-0.538000,-1.097000,1.857000,-0.797387,-0.831262,1.890386,-0.816867,-0.814763,1.889176,0.013154,0.009983,-0.087399,0.996037,0.282835,-0.551466,0.078477,0.000432,-0.001078,0.000660,0.000890,0.000135,-0.000277,11,-0.001124,0.433279,9.932544,-0.006639,-0.037506,0.024037,9.943266,0.078194,0.372845,0.398070
26.430321,-0.524000,-1.118000,1.855000,-0.792101,-0.864534,1.887953,-0.809791,-0.830746,1.890306,0.014295,0.010543,-0.114861,0.993223,0.284621,-0.568748,0.077789,0.000428,-0.001072,0.000671,0.000888,0.000134,-0.000276,13,-0.378058,-0.052965,9.794790,0.083070,0.043589,-0.018157,9.803358,0.155930,0.370417,0.406740
26.480141,-0.512000,-1.135000,1.854000,-0.781837,-0.841891,1.948533,-0.798039,-0.847546,1.896209,0.013239,0.011115,-0.094232,0.995400,0.296841,-0.572947,0.073774,0.000427,-0.001075,0.000606,0.000889,0.000133,-0.000276,11,0.032087,0.112002,9.597393,-0.100036,-0.021791,0.008276,9.599039,0.113402,0.409465,0.407713
26.527922,-0.497000,-1.155000,1.852000,-0.769431,-0.899846,1.873456,-0.788290,-0.868412,1.896520,0.012271,0.010047,-0.122972,0.992283,0.297140,-0.580949,0.073198,0.000423,-0.001069,0.000643,0.000887,0.000132,-0.000276,7,-0.394323,0.308726,9.821423,-0.087160,-0.093925,0.020465,9.834777,0.130720,0.373876,0.411053
26.565339,-0.485000,-1.174000,1.851000,-0.808458,-0.877675,1.823156,-0.781080,-0.885953,1.894261,0.010380,0.011224,-0.136495,0.990523,0.291942,-0.592378,0.064879,0.000426,-0.001067,0.000730,0.000887,0.000133,-0.000276,10,-0.265091,0.052181,9.649087,-0.138656,0.059494,0.016413,9.656108,0.156326,0.439555,0.415339
26.623609,-0.468000,-1.197000,1.849000,-0.877671,-0.849224,1.739515,-0.781699,-0.901059,1.887092,0.010912,0.007770,-0.141841,0.989799,0.274454,-0.569388,0.048778,0.000445,-0.001072,0.000907,0.000889,0.000139,-0.000276,4,-0.224510,0.443870,9.596977,0.041966,-0.099414,-0.010009,9.609920,0.108924,0.548421,0.432942
26.669329,-0.458000,-1.213000,1.848000,-0.770059,-0.947448,1.924637,-0.775460,-0.916957,1.890188,0.009896,0.007462,-0.143400,0.989587,0.273480,-0.581497,0.045002,0.000443,-0.001065,0.000867,0.000887,0.000138,-0.000276,6,-0.230993,0.016631,9.565882,-0.141443,-0.032990,-0.029245,9.569070,0.153340,0.416859,0.436122
26.710871,-0.447000,-1.227000,1.847000,-0.754876,-0.935471,1.880931,-0.765159,-0.935618,1.891008,0.010751,0.008740,-0.117805,0.992940,0.282368,-0.572565,0.043134,0.000438,-0.001062,0.000882,0.000886,0.000137,-0.000277,23,-0.032648,0.424827,9.727513,0.060948,0.057308,0.016025,9.737906,0.105464,0.425357,0.433665
26.843837,-0.427000,-1.256000,1.844000,-0.684899,-1.012611,1.975676,-0.721949,-1.010518,1.902337,0.013582,0.009407,-0.115307,0.993192,0.288282,-0.564928,0.040911,0.000426,-0.001071,0.000746,0.000888,0.000133,-0.000276,55,-0.294931,0.121759,9.815550,0.041820,-0.013013,-0.005010,9.826162,0.141690,0.378271,0.388149
26.860485,-0.424000,-1.260000,1.844000,-0.698586,-1.005022,1.944681,-0.714980,-1.017227,1.905936,0.014204,0.009899,-0.103926,0.994434,0.296734,-0.566171,0.045998,0.000423,-0.001081,0.000675,0.000890,0.000132,-0.000276,17,0.181622,-0.087856,9.953454,0.112987,0.052444,0.007789,9.959529,0.150597,0.388005,0.383985
26.877089,-0.419000,-1.266000,1.843000,-0.666507,-1.023653,1.924173,-0.704824,-1.026328,1.907780,0.014225,0.010204,-0.107097,0.994094,0.307469,-0.566011,0.047050,0.000411,-0.001087,0.000652,0.000892,0.000128,-0.000276,17,-0.155982,0.242478,9.808996,0.009361,-0.007079,-0.039486,9.815900,0.080540,0.355782,0.378595
26.910305,-0.407000,-1.283000,1.841000,-0.687637,-1.058897,1.944218,-0.695702,-1.043599,1.911235,0.015227,0.010398,-0.118987,0.992725,0.312016,-0.562499,0.050597,0.000410,-0.001085,0.000600,0.000891,0.000127,-0.000276,27,-0.228679,0.573359,9.848480,0.056371,0.020234,-0.009601,9.869014,0.113391,0.373675,0.381569
26.927004,-0.405000,-1.285000,1.841000,-0.695859,-1.027149,1.864795,-0.695863,-1.027157,1.864797,0.000000,0.000000,-0.000000,1.000000,0.312016,-0.562499,0.050597,0.000410,-0.001085,0.000600,0.000891,0.000127,-0.000276,0,0.000000,0.000000,0.000000,0.000000,0.000000,0.000000,0.000000,0.000000,0.389426,0.389424
26.966426,-0.387000,-1.309000,1.837000,-0.661459,-1.076594,1.930589,-0.688422,-1.045178,1.898197,0.005176,-0.002259,-0.726989,0.686626,0.310168,-0.564090,0.053021,0.000410,-0.001085,0.000600,0.000891,0.000127,-0.000276,12,-0.185266,0.100627,9.862201,0.039711,0.044855,0.037746,9.866143,0.114143,0.371617,0.405218
27.024622,-0.371000,-1.329000,1.833000,-0.638634,-1.094997,1.758439,-0.670963,-1.077902,1.853513,0.002175,0.016638,0.474591,0.880047,0.342332,-0.572922,0.046059,0.000410,-0.001085,0.000603,0.000891,0.000127,-0.000276,15,-0.090958,0.219239,9.664113,0.008000,-0.031163,-0.001857,9.669201,0.151026,0.363242,0.391726
27.041274,-0.369000,-1.332000,1.833000,-0.630008,-1.110022,1.926200,-0.654201,-1.091426,1.872479,0.002394,0.026570,0.281616,0.959156,0.357011,-0.553810,0.045502,0.000410,-0.001085,0.000602,0.000891,0.000127,-0.000276,15,0.019043,0.007128,9.727194,-0.058170,-0.001824,-0.016418,9.729545,0.075497,0.355086,0.375199
27.074559,-0.346000,-1.359000,1.829000,-0.608486,-1.058119,1.887498,-0.626794,-1.104502,1.875672,-0.000858,0.032349,0.248478,0.968097,0.373476,-0.528678,0.037864,0.000410,-0.001085,0.000601,0.000891,0.000127,-0.000276,11,0.197558,0.182114,9.544419,-0.053200,-0.060436,0.028892,9.549012,0.100850,0.403547,0.381828
27.124336,-0.340000,-1.364000,1.828000,-0.564770,-1.133892,1.941871,-0.604702,-1.124722,1.887690,-0.004453,0.036845,0.257505,0.965564,0.398912,-0.529494,0.032297,0.000410,-0.001085,0.000597,0.000891,0.000127,-0.000276,10,-0.203789,0.064907,9.638694,-0.092990,-0.068064,-0.010220,9.644427,0.123122,0.341230,0.361779
27.161787,-0.335000,-1.370000,1.827000,-0.545445,-1.128723,1.992582,-0.585349,-1.140564,1.903840,-0.009797,0.036374,0.504535,0.862569,0.419711,-0.498924,0.026888,0.000409,-0.001085,0.000587,0.000891,0.000127,-0.000276,26,-0.236661,0.204848,9.579917,-0.125141,0.028424,-0.012123,9.587826,0.141717,0.360442,0.348167
27.199163,-0.335000,-1.370000,1.827000,-0.581183,-1.180445,1.942965,-0.568349,-1.161845,1.909533,-0.009079,0.037903,0.270079,0.962049,0.411276,-0.491992,0.019002,0.000410,-0.001085,0.000583,0.000891,0.000127,-0.000276,38,-0.190802,0.401983,9.532964,-0.043487,0.037189,-0.019447,9.545680,0.128938,0.331640,0.323406
27.238646,-0.314000,-1.391000,1.823000,-0.554960,-1.173158,1.943233,-0.552587,-1.179879,1.914316,-0.007860,0.038506,0.237595,0.970569,0.436376,-0.457160,0.022865,0.000410,-0.001086,0.000577,0.000891,0.000127,-0.000276,39,-0.032547,0.492107,9.891335,0.061329,0.096540,-0.013697,9.910014,0.150095,0.346371,0.331413
27.273919,-0.305000,-1.399000,1.822000,-0.531155,-1.189678,1.935290,-0.536140,-1.194410,1.917276,-0.006266,0.040244,0.241768,0.969479,0.461392,-0.436458,0.028321,0.000410,-0.001086,0.000573,0.000891,0.000127,-0.000276,36,-0.039498,0.161146,9.966161,0.133805,0.027852,0.032963,9.972733,0.182996,0.328324,0.323049
27.307210,-0.293000,-1.410000,1.819000,-0.558218,-1.211662,2.000255,-0.526543,-1.208328,1.926862,-0.005545,0.039086,0.312754,0.949013,0.449054,-0.418295,0.044413,0.000410,-0.001086,0.000552,0.000891,0.000127,-0.000276,34,-0.215897,0.395727,10.123498,0.081674,0.004889,-0.013649,10.136560,0.141560,0.377534,0.326876
27.344577,-0.283000,-1.418000,1.817000,-0.541741,-1.220645,1.975236,-0.514888,-1.222433,1.933128,-0.007590,0.035124,0.319435,0.946926,0.447729,-0.409318,0.047759,0.000410,-0.001087,0.000538,0.000891,0.000127,-0.000276,13,-0.198534,0.340345,9.891489,-0.030563,-0.044454,-0.020310,9.914077,0.110936,0.361849,0.324814
27.380017,-0.273000,-1.426000,1.816000,-0.548454,-1.220247,1.915012,-0.506031,-1.233533,1.933028,-0.013531,0.028974,0.313173,0.949158,0.439861,-0.395475,0.037667,0.000410,-0.001086,0.000542,0.000891,0.000127,-0.000276,12,-0.180063,-0.105282,9.734757,-0.217028,-0.112153,0.018658,9.737256,0.256864,0.357788,0.324103
27.419482,-0.259000,-1.437000,1.813000,-0.454231,-1.205630,1.971431,-0.486740,-1.242838,1.937603,-0.018115,0.026898,0.280525,0.959299,0.463203,-0.358202,0.034289,0.000410,-0.001087,0.000525,0.000891,0.000127,-0.000276,11,-0.040807,0.203037,9.690793,-0.220217,-0.116925,0.007536,9.693810,0.253616,0.341684,0.324176
27.452671,-0.259000,-1.437000,1.813000,-0.504247,-1.233301,1.819705,-0.474070,-1.250500,1.928592,-0.023322,0.024445,0.238310,0.970601,0.457169,-0.310619,0.015200,0.000410,-0.001086,0.000571,0.000891,0.000127,-0.000276,2,-0.038016,0.602355,9.516796,-0.216869,-0.080735,0.008330,9.535971,0.232030,0.318880,0.307244
27.481816,-0.242000,-1.450000,1.811000,-0.531570,-1.257054,1.866393,-0.469827,-1.258052,1.924036,-0.023385,0.021448,0.321970,0.946218,0.430035,-0.292535,0.011027,0.000410,-0.001086,0.000596,0.000891,0.000127,-0.000276,30,-0.148354,0.443936,9.802358,-0.068803,-0.130803,0.001144,9.815329,0.173523,0.352346,0.318632
27.517100,-0.226000,-1.459000,1.808000,-0.492561,-1.277792,1.835951,-0.461749,-1.269598,1.917802,-0.020500,0.020141,0.375367,0.926431,0.410987,-0.292005,0.010902,0.000409,-0.001085,0.000637,0.000891,0.000127,-0.000276,31,-0.387893,0.011108,9.981310,0.053704,-0.057470,0.017957,9.990252,0.128732,0.323531,0.321726
27.562886,-0.205000,-1.474000,1.805000,-0.478388,-1.318596,1.905346,-0.448470,-1.288282,1.917388,-0.018324,0.020607,0.433921,0.900529,0.395060,-0.291165,0.006514,0.000409,-0.001084,0.000647,0.000891,0.000127,-0.000276,11,-0.040514,0.122820,9.701727,0.045309,0.037243,0.010309,9.704056,0.087671,0.330092,0.326190
27.639661,-0.198000,-1.478000,1.803000,-0.481541,-1.344492,1.892811,-0.429680,-1.316306,1.915876,-0.021420,0.016560,0.475177,0.879474,0.362757,-0.284292,0.006823,0.000410,-0.001085,0.000667,0.000891,0.000128,-0.000276,49,-0.152765,0.248190,9.947731,-0.132452,0.046652,-0.002484,9.956468,0.157437,0.326015,0.304239
27.656310,-0.177000,-1.490000,1.800000,-0.500523,-1.293527,1.758101,-0.434298,-1.321061,1.904164,-0.023863,0.015005,0.496177,0.867764,0.327947,-0.276423,-0.004098,0.000408,-0.001083,0.000765,0.000891,0.000128,-0.000276,17,-0.158727,0.003313,9.871368,-0.204809,0.139366,0.011915,9.873601,0.253730,0.380821,0.324951
27.706168,-0.177000,-1.490000,1.800000,-0.452241,-1.337412,1.797520,-0.425172,-1.333129,1.895529,-0.023167,0.015612,0.510670,0.859323,0.310226,-0.257464,-0.014833,0.000408,-0.001083,0.000844,0.000891,0.000128,-0.000276,21,-0.017426,0.151923,9.712046,-0.056506,0.058866,0.004673,9.713993,0.174162,0.314717,0.308745
27.745698,-0.156000,-1.501000,1.795000,-0.483602,-1.312570,1.790022,-0.424007,-1.340852,1.887033,-0.021501,0.018757,0.591536,0.805774,0.261684,-0.254155,-0.033350,0.000407,-0.001083,0.000914,0.000892,0.000128,-0.000276,7,-0.623693,0.294616,9.581866,0.176182,0.161113,0.034173,9.606982,0.246076,0.377960,0.325492
27.793469,-0.147000,-1.506000,1.794000,-0.430806,-1.352146,1.731658,-0.414499,-1.353340,1.873697,-0.022830,0.020270,0.622825,0.781766,0.252584,-0.233166,-0.043648,0.000404,-0.001080,0.001045,0.000892,0.000128,-0.000276,5,0.091122,0.183097,9.874105,0.000342,0.057891,0.022497,9.876891,0.066766,0.328790,0.318139
27.834996,-0.131000,-1.514000,1.791000,-0.410216,-1.399381,1.878630,-0.405495,-1.367563,1.872393,-0.021520,0.019284,0.617874,0.785746,0.240293,-0.225432,-0.042144,0.000406,-0.001082,0.001045,0.000892,0.000128,-0.000276,12,-0.069266,0.165818,9.808241,0.154498,0.044089,0.012545,9.812345,0.180001,0.314289,0.321584
27.884870,-0.120000,-1.520000,1.789000,-0.351942,-1.416304,1.827363,-0.389104,-1.382763,1.867362,-0.019988,0.021913,0.589005,0.807585,0.244943,-0.210580,-0.037584,0.000408,-0.001079,0.001100,0.000891,0.000129,-0.000276,10,-0.147281,0.299644,9.975677,0.091907,0.079832,-0.007817,9.983897,0.135873,0.256947,0.312076
27.932691,-0.103000,-1.527000,1.785000,-0.373920,-1.442242,1.820494,-0.375176,-1.400877,1.862186,-0.018760,0.022674,0.589288,0.807387,0.243875,-0.208752,-0.039510,0.000410,-0.001075,0.001157,0.000890,0.000130,-0.000276,26,-0.076427,0.264584,9.840208,0.076626,0.042895,0.000976,9.846139,0.117398,0.286080,0.309750
27.970031,-0.093000,-1.532000,1.783000,-0.379452,-1.395406,1.787001,-0.368652,-1.406849,1.855098,-0.021141,0.021724,0.579154,0.814654,0.237624,-0.192014,-0.048071,0.000409,-0.001074,0.001231,0.000890,0.000130,-0.000276,15,-0.151556,0.105842,9.701918,-0.139121,0.012775,0.024949,9.705472,0.150353,0.317378,0.311200
28.005372,-0.084000,-1.537000,1.781000,-0.345321,-1.480070,2.011059,-0.345259,-1.480039,2.010887,-0.000000,-0.000000,0.000000,1.000000,0.237624,-0.192014,-0.048071,0.000409,-0.001074,0.001231,0.000890,0.000130,-0.000276,1,0.143498,0.354412,9.764989,0.029211,-0.084251,-0.018081,9.772472,0.090986,0.352784,0.352631
28.046933,-0.073000,-1.541000,1.779000,-0.363600,-1.442107,1.776384,-0.348454,-1.466900,1.892997,-0.058792,0.021621,0.010069,0.997985,0.232796,-0.160519,-0.017347,0.000409,-0.001073,0.001233,0.000890,0.000130,-0.000276,8,0.019521,0.343422,10.008594,-0.041055,-0.033744,-0.010187,10.021724,0.070781,0.306977,0.307183
28.086487,-0.073000,-1.541000,1.779000,-0.384083,-1.470766,1.798234,-0.356298,-1.469483,1.859585,-0.042203,0.006817,0.223512,0.973763,0.217578,-0.128702,-0.049225,0.000409,-0.001074,0.001232,0.000890,0.000130,-0.000276,13,-0.298644,0.218196,9.643193,-0.088950,0.016537,-0.014108,9.652318,0.113940,0.319492,0.303094
28.121814,-0.073000,-1.541000,1.779000,-0.326298,-1.464659,1.835591,-0.342912,-1.470722,1.852241,-0.040684,0.015913,0.285875,0.957271,0.215977,-0.075989,-0.057178,0.000409,-0.001074,0.001233,0.000890,0.000130,-0.000276,14,-0.119380,0.532852,9.602805,-0.027223,-0.001846,-0.018707,9.620749,0.085275,0.270537,0.288367
28.161329,-0.038000,-1.554000,1.773000,-0.318830,-1.498905,1.931038,-0.330884,-1.478651,1.866748,-0.037405,0.014798,0.276553,0.960156,0.218963,-0.055763,-0.050652,0.000409,-0.001074,0.001229,0.000890,0.000130,-0.000276,15,-0.220569,0.130508,9.861764,0.060128,0.015991,-0.011582,9.866563,0.132328,0.326921,0.316619
28.204844,-0.025000,-1.559000,1.769000,-0.392523,-1.527783,1.817138,-0.344488,-1.485140,1.857237,-0.028799,-0.010822,-0.025129,0.999211,0.186768,-0.060762,-0.051694,0.000409,-0.001074,0.001234,0.000890,0.000130,-0.000276,6,-0.316410,-0.027629,9.870112,0.008780,-0.055398,0.009647,9.875435,0.101138,0.371974,0.339579
28.269262,0.002000,-1.565000,1.762000,-0.322579,-1.504165,1.753126,-0.329834,-1.494473,1.840081,-0.023556,-0.009233,0.011527,0.999613,0.167201,-0.044656,-0.054529,0.000409,-0.001074,0.001246,0.000890,0.000130,-0.000276,8,-0.159719,0.388313,9.831437,-0.095370,-0.082369,-0.004878,9.842102,0.126621,0.330350,0.348116
28.302568,0.004000,-1.565000,1.762000,-0.313880,-1.534683,1.803587,-0.323988,-1.501875,1.834649,-0.018545,-0.007639,0.009598,0.999753,0.168546,-0.057498,-0.052483,0.000409,-0.001073,0.001253,0.000890,0.000130,-0.000276,10,-0.289447,0.010646,9.981383,0.005919,-0.118912,0.006305,9.985851,0.125298,0.322019,0.341817
28.360723,0.030000,-1.569000,1.754000,-0.296839,-1.547148,1.730455,-0.314111,-1.512507,1.819959,-0.007273,-0.011449,-0.096099,0.995279,0.159512,-0.062414,-0.060417,0.000408,-0.001073,0.001275,0.000890,0.000130,-0.000276,30,-0.123277,0.271119,9.598391,0.084578,0.010036,0.014404,9.605507,0.103301,0.328414,0.354901
28.393929,0.036000,-1.569000,1.752000,-0.284892,-1.544499,1.797164,-0.284866,-1.544469,1.797164,0.000000,0.000000,-0.000000,1.000000,0.159512,-0.062414,-0.060417,0.000408,-0.001073,0.001275,0.000890,0.000130,-0.000276,1,-0.242718,0.017329,9.428247,-0.083458,-0.174776,-0.037435,9.431387,0.197264,0.324980,0.324957
28.462512,0.048000,-1.570000,1.748000,-0.221041,-1.561042,1.887316,-0.277719,-1.538563,1.840620,-0.014783,0.002372,0.327812,0.944624,0.149871,-0.068098,-0.064082,0.000408,-0.001073,0.001275,0.000890,0.000130,-0.000276,21,-0.261566,0.126209,9.685588,0.002261,0.038209,-0.029313,9.692132,0.085579,0.303104,0.340088
28.508257,0.065000,-1.571000,1.742000,-0.263287,-1.545289,1.761611,-0.274005,-1.539002,1.813581,-0.017601,0.001789,0.402031,0.915455,0.129387,-0.049836,-0.065927,0.000408,-0.001073,0.001275,0.000890,0.000130,-0.000276,9,-0.297902,0.335679,9.689704,0.024061,0.041236,-0.001238,9.701452,0.065499,0.329876,0.347954
28.553963,0.078000,-1.569000,1.738000,-0.268453,-1.579727,1.707874,-0.252585,-1.558323,1.784853,0.029273,0.003521,-0.702253,0.711317,0.123248,-0.069453,-0.067406,0.000408,-0.001073,0.001277,0.000890,0.000130,-0.000276,14,-0.325206,-0.213687,9.853444,-0.000187,0.091117,-0.012710,9.861551,0.103917,0.347926,0.334060
28.578930,0.084000,-1.569000,1.735000,-0.190530,-1.549795,1.701287,-0.252121,-1.554636,1.767758,-0.053369,-0.003770,0.998348,-0.020932,0.098726,-0.053363,-0.069956,0.000408,-0.001073,0.001279,0.000890,0.000130,-0.000276,14,-0.286832,-0.034330,9.793853,0.012364,-0.046588,-0.036855,9.799079,0.085547,0.277258,0.338019
28.614206,0.084000,-1.569000,1.735000,-0.220532,-1.558324,1.806070,-0.233832,-1.561634,1.772433,-0.038697,-0.002013,0.941521,-0.334719,0.109857,-0.068723,-0.067004,0.000408,-0.001073,0.001277,0.000890,0.000130,-0.000276,7,-0.218616,0.235922,9.796781,0.069806,0.008375,-0.003105,9.803881,0.088373,0.312897,0.320113
28.664171,0.105000,-1.567000,1.728000,-0.196536,-1.580041,1.746589,-0.223654,-1.567663,1.766715,-0.034468,-0.005208,0.973929,-0.224157,0.108903,-0.101034,-0.068510,0.000408,-0.001073,0.001280,0.000890,0.000130,-0.000276,33,-0.123707,0.352798,9.817090,0.018834,0.009735,-0.001774,9.828196,0.070581,0.302390,0.330927
28.684894,0.113000,-1.565000,1.726000,-0.157396,-1.620523,1.789496,-0.225607,-1.568024,1.768158,0.009495,-0.013991,-0.494561,0.868978,0.178510,-0.060688,-0.066631,0.000408,-0.001073,0.001280,0.000890,0.000130,-0.000276,5,-0.027745,0.261083,9.756687,0.031034,-0.060901,0.008912,9.760611,0.077295,0.283246,0.341235
28.722308,0.129000,-1.562000,1.722000,-0.165478,-1.582603,1.749670,-0.199795,-1.580275,1.763626,0.018203,0.013123,-0.776494,0.629725,0.172315,-0.103471,-0.074275,0.000408,-0.001073,0.001282,0.000890,0.000130,-0.000276,13,-0.096981,0.085720,9.707752,-0.086816,-0.048282,-0.000664,9.709704,0.123237,0.296492,0.331923
28.763853,0.148000,-1.557000,1.717000,-0.162265,-1.603759,1.786346,-0.190375,-1.587316,1.763587,0.016262,0.017799,-0.847016,0.531020,0.175587,-0.144361,-0.077865,0.000408,-0.001073,0.001280,0.000890,0.000130,-0.000276,17,-0.191756,0.195579,9.709751,-0.065574,-0.073833,-0.009303,9.714667,0.126514,0.321341,0.342910
28.809543,0.151000,-1.557000,1.716000,-0.125342,-1.615557,1.820564,-0.175358,-1.597148,1.766004,-0.010280,-0.023465,0.898785,-0.437640,0.213737,-0.169463,-0.087769,0.000409,-0.001073,0.001270,0.000890,0.000130,-0.000276,16,-0.385243,0.136514,9.474334,-0.124507,-0.054353,-0.049139,9.484535,0.150190,0.301210,0.332599
28.846933,0.170000,-1.552000,1.711000,-0.124234,-1.615089,1.689595,-0.161964,-1.604622,1.756175,-0.005793,-0.028704,0.895971,-0.443146,0.252656,-0.211367,-0.091801,0.000408,-0.001073,0.001288,0.000890,0.000130,-0.000276,14,0.100021,0.468566,10.020875,-0.090989,0.000593,-0.037277,10.032878,0.125135,0.301682,0.339131
28.890565,0.180000,-1.549000,1.708000,-0.114995,-1.641005,1.818888,-0.146713,-1.617645,1.758243,-0.003329,-0.030264,0.923963,-0.381267,0.282880,-0.247054,-0.076153,0.000409,-0.001073,0.001272,0.000890,0.000130,-0.000276,16,-0.320329,0.243000,10.119548,0.003497,0.013782,0.040594,10.128682,0.069892,0.328303,0.337606
28.934190,0.180000,-1.549000,1.708000,-0.088902,-1.640995,1.832090,-0.130730,-1.630777,1.761541,-0.001082,-0.033582,0.941349,-0.335757,0.323121,-0.286813,-0.081664,0.000409,-0.001073,0.001249,0.000890,0.000130,-0.000276,18,-0.265937,0.513342,9.551310,-0.067118,0.094240,0.002171,9.569825,0.120094,0.310112,0.325741
28.971641,0.201000,-1.543000,1.703000,-0.055295,-1.668512,1.795685,-0.113232,-1.641778,1.761833,0.000712,-0.038387,0.938524,-0.343074,0.364097,-0.311877,-0.092584,0.000409,-0.001073,0.001239,0.000890,0.000130,-0.000276,6,-0.200933,-0.048273,9.388905,-0.107699,0.086104,0.020620,9.392984,0.145109,0.300051,0.334605
29.009110,0.210000,-1.541000,1.700000,-0.044221,-1.631469,1.828377,-0.095670,-1.650810,1.764215,0.003918,-0.039750,0.960066,-0.276908,0.385211,-0.321782,-0.086745,0.000410,-0.001073,0.001214,0.000890,0.000130,-0.000276,8,-0.120193,-0.330564,9.859546,-0.054143,0.106773,0.042419,9.866367,0.142055,0.298821,0.331083
29.048574,0.223000,-1.537000,1.697000,-0.056292,-1.629420,1.708499,-0.078364,-1.658118,1.757370,0.006998,-0.038934,0.964825,-0.259899,0.411138,-0.329340,-0.083835,0.000410,-0.001073,0.001235,0.000890,0.000130,-0.000276,8,-0.170196,-0.143762,9.986173,-0.032776,0.044407,-0.007259,9.989248,0.074450,0.294411,0.330355
29.098418,0.236000,-1.532000,1.694000,-0.057336,-1.644813,1.726718,-0.065711,-1.664270,1.753188,0.011417,-0.035449,0.976467,-0.212427,0.438996,-0.360320,-0.083631,0.000410,-0.001073,0.001246,0.000890,0.000130,-0.000276,4,-0.069147,0.815931,10.009275,0.069417,-0.161876,0.007260,10.042771,0.177660,0.315980,0.334705
29.142090,0.247000,-1.528000,1.691000,0.025344,-1.690497,1.802048,-0.048892,-1.674346,1.754508,0.016097,-0.034883,0.982874,-0.180232,0.470949,-0.379926,-0.090960,0.000410,-0.001074,0.001227,0.000890,0.000130,-0.000276,4,0.147485,-0.152922,9.477128,0.018171,-0.164658,0.018818,9.479838,0.168945,0.296426,0.336158
29.200293,0.248000,-1.528000,1.690000,0.015134,-1.687227,1.685038,-0.027875,-1.685273,1.746939,0.017053,-0.037154,0.975337,-0.216904,0.513009,-0.397899,-0.097925,0.000409,-0.001074,0.001258,0.000890,0.000130,-0.000276,12,-0.382725,-0.153490,9.834360,-0.038871,0.007803,0.013887,9.843865,0.074355,0.282142,0.322621
29.229348,0.266000,-1.518000,1.684000,-0.023052,-1.705412,1.858343,-0.025837,-1.689322,1.753503,0.017354,-0.036881,0.980428,-0.192611,0.511818,-0.399222,-0.092226,0.000411,-0.001075,0.001212,0.000890,0.000130,-0.000276,4,-0.175810,-0.448461,9.534324,-0.090554,0.051114,-0.031776,9.546733,0.109563,0.386095,0.345472
29.264669,0.277000,-1.512000,1.680000,-0.024053,-1.672133,1.734824,-0.010147,-1.698610,1.749963,0.016295,-0.038537,0.973957,-0.222840,0.528905,-0.409506,-0.088954,0.000410,-0.001075,0.001218,0.000890,0.000130,-0.000276,17,-0.054746,0.024074,9.937672,-0.039784,0.047434,0.013726,9.938519,0.104912,0.345371,0.349530
29.297821,0.289000,-1.502000,1.675000,0.060360,-1.726016,1.710233,0.010667,-1.714370,1.744641,0.017482,-0.039421,0.981982,-0.183988,0.563397,-0.441949,-0.087228,0.000410,-0.001074,0.001238,0.000891,0.000130,-0.000276,8,-0.088162,0.173036,10.039579,-0.006490,0.084962,-0.003562,10.042194,0.089590,0.322026,0.356960
29.351991,0.297000,-1.497000,1.672000,0.053781,-1.675498,1.779204,0.032909,-1.722885,1.744088,0.019235,-0.038521,0.981499,-0.186564,0.586362,-0.443663,-0.097102,0.000411,-0.001074,0.001215,0.000890,0.000131,-0.000276,9,0.071422,-0.052041,9.347869,-0.048457,-0.069849,-0.003664,9.348851,0.088967,0.320171,0.354915
29.378938,0.303000,-1.492000,1.670000,0.049155,-1.672495,1.778870,0.045194,-1.723644,1.744978,0.017647,-0.036670,0.975831,-0.214704,0.613302,-0.430541,-0.096052,0.000412,-0.001074,0.001192,0.000890,0.000131,-0.000276,17,-0.570809,0.047206,9.727874,0.133030,0.093737,0.034797,9.747862,0.173829,0.329952,0.354605
29.418421,0.318000,-1.480000,1.666000,0.079429,-1.703746,1.798055,0.066387,-1.734397,1.745359,0.019820,-0.033976,0.991654,-0.122781,0.635631,-0.439934,-0.094252,0.000414,-0.001074,0.001158,0.000890,0.000131,-0.000276,21,-0.110588,-0.067749,9.760525,-0.134078,0.059366,0.005561,9.765034,0.174661,0.352728,0.366504
29.472454,0.337000,-1.463000,1.660000,0.052742,-1.650426,1.731395,0.098821,-1.745859,1.740883,0.023729,-0.025176,0.999382,-0.006183,0.656916,-0.455511,-0.075655,0.000418,-0.001070,0.001156,0.000889,0.000132,-0.000276,15,-0.239366,0.505103,10.018853,-0.076150,-0.100107,-0.024600,10.035764,0.157016,0.347891,0.378524
29.507765,0.342000,-1.458000,1.658000,0.095547,-1.674827,1.883117,0.098954,-1.738005,1.750019,0.022896,-0.022359,0.999481,0.003563,0.662859,-0.424160,-0.062899,0.000417,-0.001068,0.001061,0.000889,0.000131,-0.000276,4,-0.309511,0.225544,10.227879,0.144768,-0.019501,0.055067,10.235564,0.158767,0.398034,0.382023
29.561789,0.359000,-1.445000,1.654000,0.100320,-1.648303,1.785668,0.136156,-1.751791,1.749739,0.032391,0.002044,0.943599,0.329496,0.673670,-0.426741,-0.058948,0.000422,-0.001059,0.001022,0.000886,0.000133,-0.000276,19,-0.179503,0.126865,10.126613,0.260440,0.059503,0.011075,10.131440,0.274778,0.354378,0.391084
29.588807,0.366000,-1.438000,1.651000,0.126803,-1.703872,1.838107,0.136457,-1.749479,1.755088,0.033558,0.009351,0.897643,0.439344,0.657369,-0.405914,-0.052900,0.000428,-0.001056,0.000958,0.000885,0.000134,-0.000276,9,-0.011011,-0.205823,9.551715,0.209762,-0.053662,0.011492,9.554956,0.218163,0.403624,0.400679
29.632431,0.376000,-1.433000,1.649000,0.117128,-1.641755,1.796966,0.147469,-1.736358,1.757052,0.032511,0.028249,0.620624,0.782925,0.602393,-0.345327,-0.045311,0.000416,-0.001073,0.000934,0.000889,0.000131,-0.000275,10,-0.234372,0.132489,9.744197,0.024017,-0.033160,-0.010605,9.748482,0.058595,0.363988,0.394877
29.682327,0.387000,-1.421000,1.646000,0.155095,-1.685832,1.796574,0.152655,-1.735375,1.759333,0.030263,0.028077,0.628562,0.776663,0.667677,-0.297288,-0.045489,0.000419,-0.001080,0.000897,0.000891,0.000131,-0.000276,8,-0.371553,-0.507672,9.641856,0.096732,0.140084,0.005148,9.663486,0.178948,0.382869,0.408159
29.723871,0.400000,-1.409000,1.642000,0.146287,-1.701374,1.748231,0.154225,-1.733930,1.758795,0.029201,0.027229,0.633661,0.772580,0.675953,-0.314979,-0.048956,0.000416,-0.001084,0.000899,0.000892,0.000130,-0.000276,6,-0.025958,-0.075418,9.532126,0.021488,-0.042649,0.070892,9.532855,0.099290,0.401420,0.423823
29.769541,0.400000,-1.409000,1.642000,0.160862,-1.630699,1.681604,0.162870,-1.728955,1.754353,0.028531,0.026587,0.614724,0.787777,0.682798,-0.297747,-0.050886,0.000414,-0.001084,0.000941,0.000892,0.000130,-0.000276,6,-0.382063,0.123453,9.956272,-0.123881,-0.319809,0.005684,9.964408,0.343926,0.328490,0.413794
29.806972,0.425000,-1.386000,1.635000,0.135798,-1.642025,1.695489,0.163390,-1.725192,1.751434,0.027920,0.024661,0.653125,0.756333,0.681332,-0.284913,-0.052513,0.000410,-0.001084,0.000969,0.000892,0.000129,-0.000276,4,-0.218035,-0.499240,9.957193,-0.033629,-0.155869,0.034738,9.972220,0.171663,0.390954,0.443900
29.846476,0.440000,-1.373000,1.630000,0.222105,-1.670165,1.752486,0.198404,-1.729715,1.749417,0.023162,0.034255,0.390079,0.919853,0.713748,-0.274958,-0.044764,0.000413,-0.001088,0.000962,0.000893,0.000130,-0.000276,29,-0.332783,0.178892,10.049277,-0.117842,0.063583,0.028270,10.059231,0.160096,0.388314,0.447074
29.890146,0.452000,-1.360000,1.627000,0.191926,-1.649409,1.634898,0.221190,-1.730912,1.741976,0.016236,0.038895,0.271998,0.961374,0.724131,-0.270408,-0.054701,0.000412,-0.001092,0.001037,0.000895,0.000130,-0.000276,35,-0.271858,0.075771,9.704489,-0.170164,0.189439,-0.031392,9.711232,0.263581,0.389176,0.451740
29.933736,0.465000,-1.347000,1.623000,0.230209,-1.646337,1.744455,0.228787,-1.725729,1.741748,0.014123,0.039852,0.247288,0.968019,0.731970,-0.249759,-0.056189,0.000410,-0.001096,0.001027,0.000896,0.000130,-0.000276,6,-0.050915,-0.039777,9.550316,-0.133415,0.034389,0.009183,9.550797,0.140649,0.399350,0.461881
29.979493,0.479000,-1.332000,1.618000,0.185303,-1.580017,1.651541,0.237635,-1.719338,1.736652,0.006373,0.044816,-0.085029,0.995350,0.735257,-0.227967,-0.061950,0.000401,-0.001100,0.001078,0.000897,0.000128,-0.000275,4,-0.006102,0.335584,9.670416,-0.218823,-0.139906,-0.018611,9.677001,0.262195,0.385870,0.471558
30.039722,0.494000,-1.314000,1.613000,0.231586,-1.655340,1.653049,0.279864,-1.725993,1.728574,0.004200,0.045274,0.082880,0.995522,0.783797,-0.243949,-0.071807,0.000386,-0.001099,0.001144,0.000897,0.000124,-0.000275,14,-0.140991,-0.087080,9.796973,-0.107497,0.068110,-0.033113,9.798801,0.137344,0.432409,0.478487
30.087556,0.513000,-1.292000,1.606000,0.235684,-1.653750,1.717394,0.309716,-1.724259,1.725296,0.002610,0.049271,-0.024390,0.998484,0.765364,-0.235622,-0.069294,0.000396,-0.001128,0.001137,0.000905,0.000127,-0.000274,2,-0.292584,0.026157,9.822544,0.087843,0.180448,0.029268,9.826951,0.203357,0.469229,0.492345
30.137376,0.519000,-1.285000,1.604000,0.259305,-1.618703,1.736294,0.346961,-1.721565,1.722883,0.003625,0.048140,-0.353512,0.934183,0.772187,-0.179129,-0.061426,0.000426,-0.001161,0.001106,0.000914,0.000136,-0.000274,22,-0.302865,-0.043030,9.869362,0.173943,0.125863,-0.016603,9.878203,0.226002,0.443058,0.484066
30.181015,0.533000,-1.269000,1.599000,0.290342,-1.596561,1.710974,0.339811,-1.708537,1.722917,0.003857,0.045960,-0.311358,0.949173,0.791884,-0.133249,-0.060327,0.000466,-0.001161,0.001094,0.000914,0.000148,-0.000274,9,0.070132,0.174901,10.014502,0.135748,0.051101,-0.007197,10.016911,0.149224,0.422749,0.495853
30.228857,0.543000,-1.256000,1.595000,0.330867,-1.638695,1.679550,0.370144,-1.704800,1.718275,0.006029,0.034158,-0.559502,0.828103,0.833174,-0.140310,-0.069551,0.000527,-0.001128,0.001117,0.000903,0.000165,-0.000274,9,-0.208600,0.088404,9.803693,0.184957,-0.008831,0.015451,9.808607,0.186460,0.445651,0.496485
30.272511,0.554000,-1.242000,1.592000,0.330269,-1.593607,1.721388,0.369795,-1.694490,1.718537,0.003814,0.025166,-0.695653,0.717927,0.809242,-0.130277,-0.067872,0.000554,-0.001081,0.001090,0.000889,0.000173,-0.000275,2,-0.105555,0.181371,9.694149,0.395400,-0.043061,0.063854,9.696536,0.409710,0.436376,0.504668
30.328600,0.570000,-1.223000,1.586000,0.316682,-1.568814,1.709780,0.401846,-1.688062,1.715074,-0.002634,0.025492,-0.647452,0.761675,0.794121,-0.109214,-0.076645,0.000581,-0.001026,0.001066,0.000873,0.000179,-0.000277,13,-0.062240,0.009300,9.579166,-0.087673,-0.097515,-0.016354,9.581880,0.267157,0.446182,0.511095
30.368059,0.578000,-1.212000,1.584000,0.345211,-1.599181,1.803243,0.406117,-1.680628,1.718718,-0.005024,0.018844,-0.757863,0.652122,0.771797,-0.080711,-0.067551,0.000565,-0.000956,0.000945,0.000852,0.000174,-0.000278,18,-0.183411,0.054533,9.959241,-0.144731,-0.098038,-0.029817,9.962072,0.179763,0.502162,0.517016
30.422063,0.593000,-1.193000,1.577000,0.354580,-1.541334,1.721873,0.432729,-1.677529,1.715402,-0.001938,0.025747,-0.627279,0.778367,0.815743,-0.055589,-0.062342,0.000548,-0.000869,0.000922,0.000828,0.000169,-0.000281,10,-0.168265,0.125884,9.811638,-0.167071,0.043139,-0.003373,9.823242,0.208513,0.446283,0.528781
30.469917,0.593000,-1.193000,1.577000,0.388350,-1.512426,1.753673,0.436238,-1.652440,1.717059,0.005619,-0.010747,0.880630,-0.473649,0.799348,-0.007579,-0.058770,0.000486,-0.000852,0.000834,0.000822,0.000147,-0.000279,5,-0.508890,0.159974,9.844458,0.127174,0.059457,0.041224,9.859146,0.147507,0.418483,0.505249
30.511430,0.613000,-1.163000,1.568000,0.383417,-1.514550,1.734601,0.461734,-1.635639,1.716144,0.006797,-0.006453,0.922045,-0.386970,0.776883,0.041929,-0.059453,0.000500,-0.000804,0.000765,0.000807,0.000151,-0.000279,42,-0.155990,-0.055566,9.720962,-0.067511,-0.002804,-0.000378,9.726351,0.131332,0.451721,0.517896
30.582116,0.635000,-1.128000,1.559000,0.406082,-1.480529,1.723175,0.482276,-1.646408,1.716062,0.005486,-0.004417,0.918259,-0.395919,0.770928,0.041374,-0.053350,0.000256,-0.000820,0.000733,0.000814,0.000071,-0.000284,49,-0.115546,0.010547,9.898684,0.148500,-0.075947,0.024808,9.901929,0.202194,0.451258,0.562796
30.621577,0.640000,-1.121000,1.557000,0.409753,-1.502048,1.699842,0.493619,-1.631373,1.714671,0.004819,0.002684,0.955072,-0.296324,0.729665,0.062653,-0.052177,0.000317,-0.000759,0.000710,0.000795,0.000091,-0.000283,9,-0.250493,0.091335,9.816315,0.076206,-0.070616,-0.021813,9.823300,0.136814,0.467563,0.553867
30.675522,0.653000,-1.101000,1.553000,0.480670,-1.481268,1.739862,0.512001,-1.604806,1.714448,0.007938,0.014392,0.999605,-0.022803,0.664883,0.122648,-0.051278,0.000204,-0.000820,0.000632,0.000815,0.000054,-0.000283,7,-0.106884,-0.209009,9.777694,0.087593,-0.068069,-0.000348,9.781327,0.136882,0.457404,0.547509
30.723361,0.667000,-1.079000,1.547000,0.440481,-1.473423,1.699612,0.534163,-1.573134,1.711063,0.005141,0.030451,0.902682,0.429198,0.644120,0.189013,-0.046449,0.000117,-0.001188,0.000621,0.000935,0.000028,-0.000275,7,-0.457841,0.086710,9.922496,0.166487,0.091870,0.033277,9.933836,0.195002,0.479761,0.537337
30.773257,0.676000,-1.063000,1.543000,0.475057,-1.483991,1.748066,0.560395,-1.536130,1.710103,0.005365,0.042608,0.707626,0.705281,0.723172,0.268583,-0.059396,0.000128,-0.001310,0.000527,0.000970,0.000032,-0.000280,3,-0.252232,0.019833,9.603223,0.384715,0.123845,-0.026018,9.606650,0.405217,0.509572,0.514918
30.821023,0.690000,-1.041000,1.537000,0.438433,-1.430004,1.741319,0.559895,-1.530510,1.711052,0.001245,0.037592,0.975476,0.216870,0.681841,0.314730,-0.056201,0.000070,-0.001322,0.000426,0.000974,0.000014,-0.000274,6,-0.495289,-0.140461,9.768292,0.042510,-0.000128,-0.042512,9.782234,0.069563,0.506316,0.535576
30.866695,0.701000,-1.022000,1.533000,0.458903,-1.431494,1.671043,0.578977,-1.501533,1.705982,0.002336,0.040047,0.904490,0.424605,0.679107,0.393559,-0.062514,0.000211,-0.001516,0.000454,0.001037,0.000060,-0.000273,14,-0.313236,0.099160,9.735973,0.036340,0.025651,-0.009186,9.743748,0.073233,0.495331,0.524179
30.912412,0.712000,-1.005000,1.528000,0.498335,-1.354396,1.617730,0.596244,-1.473497,1.697375,0.000489,0.036046,0.923669,0.381491,0.690771,0.506441,-0.074473,0.000204,-0.001554,0.000575,0.001048,0.000059,-0.000273,4,-0.388580,-0.306749,9.739627,-0.183612,-0.031811,0.054682,9.752400,0.195233,0.419263,0.511446
30.956043,0.727000,-0.979000,1.522000,0.467073,-1.373010,1.676180,0.604995,-1.444447,1.693185,-0.001671,0.035223,0.944337,0.327086,0.670644,0.534396,-0.077161,-0.000003,-0.001518,0.000538,0.001031,-0.000010,-0.000271,22,-0.151003,-0.252342,9.715958,-0.159171,0.002294,-0.014428,9.726034,0.183981,0.496566,0.510715
31.012227,0.735000,-0.967000,1.519000,0.520424,-1.375089,1.751028,0.620016,-1.418157,1.693812,-0.004582,0.028517,0.982586,0.183549,0.659278,0.618887,-0.078686,-0.000113,-0.001446,0.000364,0.001005,-0.000049,-0.000273,17,-0.141265,-0.059211,9.776982,-0.083676,0.047272,0.003850,9.786160,0.167445,0.516155,0.497316
31.057901,0.751000,-0.937000,1.512000,0.531046,-1.316612,1.741106,0.627774,-1.386363,1.694065,-0.007406,0.025620,0.998870,0.039328,0.597735,0.679350,-0.069602,-0.000290,-0.001226,0.000193,0.000928,-0.000108,-0.000277,2,-0.116982,-0.206253,9.947453,-0.048282,0.107938,0.040759,9.950308,0.125119,0.494949,0.500260
31.109860,0.758000,-0.926000,1.510000,0.563237,-1.366615,1.616221,0.645296,-1.357875,1.685485,-0.006774,0.020509,0.999130,0.035669,0.545353,0.652176,-0.082282,-0.000366,-0.001024,0.000337,0.000857,-0.000130,-0.000282,10,-0.004387,-0.220893,9.777123,-0.095741,0.009095,0.025663,9.781097,0.120868,0.493312,0.479597
31.168034,0.770000,-0.904000,1.505000,0.542657,-1.272619,1.618145,0.661913,-1.321616,1.676906,-0.003779,0.016680,0.999676,0.018833,0.528963,0.595113,-0.096336,-0.000359,-0.000620,0.000435,0.000719,-0.000120,-0.000282,59,-0.203481,0.073953,9.577388,-0.140010,-0.127230,-0.001293,9.583724,0.203689,0.447623,0.464368
31.209581,0.780000,-0.885000,1.500000,0.581944,-1.282536,1.632025,0.581753,-1.282435,1.632138,0.000000,0.000000,-0.000000,1.000000,0.528963,0.595113,-0.096336,-0.000359,-0.000620,0.000435,0.000719,-0.000120,-0.000282,0,0.000000,0.000000,0.000000,0.000000,0.000000,0.000000,0.000000,0.000000,0.463348,0.463375
31.251178,0.780000,-0.885000,1.500000,0.543401,-1.264717,1.651376,0.573899,-1.264609,1.645535,0.106235,0.114808,-0.817710,0.553971,0.524158,0.591258,-0.099057,-0.000359,-0.000620,0.000435,0.000719,-0.000120,-0.000282,4,-0.486397,0.197942,9.711522,-0.135166,0.135787,-0.009523,9.725842,0.192325,0.472312,0.455809
31.284414,0.795000,-0.856000,1.492000,0.572641,-1.262880,1.544331,0.572187,-1.270207,1.609773,-0.011733,-0.176839,0.809988,0.559026,0.538148,0.580397,-0.100248,-0.000359,-0.000620,0.000435,0.000719,-0.000120,-0.000282,2,-0.137547,0.096675,9.768676,-0.109741,-0.003619,-0.060961,9.770772,0.129374,0.466619,0.484854
31.326021,0.806000,-0.836000,1.487000,0.596038,-1.256103,1.602401,0.582094,-1.257583,1.605268,0.121967,-0.008361,-0.087900,0.988599,0.503878,0.544444,-0.098751,-0.000359,-0.000620,0.000435,0.000719,-0.000120,-0.000282,5,-0.071837,0.037551,10.116080,0.230334,0.108152,0.011180,10.116505,0.256049,0.483620,0.491786
31.363344,0.818000,-0.812000,1.481000,0.580942,-1.227243,1.609125,0.583868,-1.252176,1.604715,0.114817,-0.009186,-0.030842,0.992865,0.503788,0.538068,-0.098337,-0.000359,-0.000620,0.000435,0.000719,-0.000120,-0.000282,2,-0.226050,0.015300,9.909188,0.133446,0.085768,-0.008371,9.911833,0.159967,0.495014,0.513691
31.413250,0.826000,-0.797000,1.478000,0.579886,-1.208992,1.621589,0.604878,-1.223987,1.604005,0.093827,0.008697,-0.286712,0.953372,0.461405,0.438405,-0.108840,-0.000359,-0.000620,0.000435,0.000719,-0.000120,-0.000282,44,-0.019893,0.036144,9.825409,-0.134746,-0.226294,-0.001276,9.833853,0.275213,0.500926,0.497081
31.461051,0.828000,-0.794000,1.477000,0.607157,-1.186037,1.537048,0.624467,-1.200028,1.590161,0.090484,0.007642,-0.356463,0.929886,0.431248,0.376236,-0.111243,-0.000359,-0.000620,0.000438,0.000719,-0.000121,-0.000282,40,-0.310154,0.140899,9.888949,0.099509,-0.088460,-0.006365,9.899252,0.198390,0.453950,0.468070
31.500538,0.847000,-0.760000,1.470000,0.664666,-1.175462,1.636157,0.632590,-1.193243,1.595368,0.095708,0.016188,-0.459090,0.883071,0.439763,0.369597,-0.108811,-0.000359,-0.000620,0.000436,0.000719,-0.000121,-0.000282,12,-0.129801,-0.291499,9.753717,0.365681,0.048316,-0.000409,9.759091,0.369641,0.483180,0.499388
31.548376,0.855000,-0.743000,1.466000,0.599496,-1.150959,1.544218,0.651860,-1.173253,1.584991,0.084100,0.027884,-0.589427,0.802948,0.399064,0.280641,-0.125146,-0.000359,-0.000620,0.000440,0.000719,-0.000121,-0.000282,16,-0.222776,-0.198862,9.740492,-0.047705,-0.001118,-0.016991,9.745832,0.098084,0.487679,0.490451
31.581590,0.864000,-0.724000,1.462000,0.652989,-1.168655,1.564050,0.662752,-1.163373,1.579597,0.081527,0.022586,-0.534250,0.841082,0.381762,0.227702,-0.132834,-0.000359,-0.000621,0.000442,0.000719,-0.000121,-0.000282,30,-0.114616,-0.233983,9.769481,-0.096296,0.072837,0.000629,9.774901,0.188381,0.502651,0.497372
31.629419,0.872000,-0.708000,1.458000,0.695711,-1.134655,1.630556,0.682299,-1.156886,1.578577,0.080707,0.040521,-0.672524,0.734545,0.365061,0.136569,-0.135343,-0.000359,-0.000621,0.000433,0.000719,-0.000121,-0.000282,3,0.048646,0.547861,9.848648,0.092669,-0.033926,-0.004868,9.874738,0.105931,0.492837,0.502020
31.670930,0.882000,-0.689000,1.454000,0.692360,-1.097133,1.659508,0.698658,-1.158263,1.580748,0.077113,0.048102,-0.663888,0.742289,0.318476,0.091594,-0.132980,-0.000359,-0.000621,0.000416,0.000719,-0.000121,-0.000282,31,-0.078935,0.069590,9.938908,0.122071,0.009300,-0.039616,9.941660,0.149407,0.494742,0.519507
31.714556,0.891000,-0.670000,1.450000,0.642603,-1.077929,1.565612,0.708755,-1.151993,1.578281,0.071691,0.036661,-0.505402,0.859119,0.320931,0.138120,-0.126908,-0.000359,-0.000621,0.000416,0.000719,-0.000121,-0.000282,8,-0.255942,-0.590101,9.716442,0.064211,-0.046633,0.070827,9.739385,0.147468,0.491399,0.531024
31.756123,0.903000,-0.645000,1.444000,0.694288,-1.103734,1.593891,0.705445,-1.144600,1.579552,0.078029,0.024800,-0.431136,0.898564,0.337561,0.266781,-0.097324,-0.000359,-0.000620,0.000413,0.000719,-0.000121,-0.000282,5,-0.307622,0.182709,9.806072,-0.035351,-0.080728,-0.054228,9.814097,0.104257,0.525799,0.554078
31.803929,0.909000,-0.632000,1.441000,0.693715,-1.082354,1.685199,0.704518,-1.115261,1.585625,0.077066,-0.009107,-0.246434,0.966048,0.298507,0.179975,-0.101297,-0.000359,-0.000619,0.000386,0.000719,-0.000121,-0.000282,43,-0.178149,0.290004,9.860171,-0.092350,-0.019720,-0.003099,9.876897,0.119597,0.555698,0.544307
31.841326,0.917000,-0.615000,1.437000,0.708101,-1.043908,1.612919,0.712471,-1.098281,1.585031,0.070284,-0.006476,-0.341226,0.937328,0.247144,0.133668,-0.100659,-0.000359,-0.000621,0.000377,0.000719,-0.000121,-0.000282,37,-0.187643,-0.167052,9.993422,-0.119438,-0.005703,0.026960,9.997606,0.142914,0.508476,0.545257
31.887056,0.927000,-0.593000,1.432000,0.681698,-1.009053,1.574873,0.721984,-1.079159,1.581331,0.067574,0.008898,-0.605794,0.792697,0.191101,0.146831,-0.094839,-0.000359,-0.000622,0.000376,0.000719,-0.000121,-0.000282,47,-0.164390,0.248795,9.896559,0.014255,0.006906,-0.002432,9.904000,0.106783,0.503672,0.548345
31.924392,0.933000,-0.579000,1.429000,0.779113,-0.999410,1.604903,0.729940,-1.069301,1.581905,0.064324,0.001901,-0.503349,0.861684,0.204950,0.187408,-0.089595,-0.000359,-0.000621,0.000373,0.000719,-0.000121,-0.000282,14,0.076427,-0.110585,9.688771,0.102121,-0.000646,0.018495,9.692340,0.109164,0.481007,0.552276
31.974421,0.942000,-0.558000,1.425000,0.804625,-0.985954,1.529008,0.739940,-1.055156,1.576981,0.057505,-0.008061,-0.314545,0.947465,0.226228,0.193450,-0.092208,-0.000359,-0.000622,0.000399,0.000719,-0.000121,-0.000282,11,-0.351555,0.065098,9.745171,-0.003044,0.142458,0.015887,9.752186,0.150315,0.461340,0.557755
32.017944,0.949000,-0.542000,1.422000,0.737735,-0.985822,1.530263,0.742170,-1.042582,1.572093,0.046248,-0.021817,-0.007968,0.998660,0.205976,0.191205,-0.101744,-0.000360,-0.000622,0.000417,0.000719,-0.000121,-0.000282,22,-0.182687,-0.202458,9.535568,0.181730,0.126985,-0.005087,9.541654,0.227667,0.503320,0.562039
32.063717,0.955000,-0.525000,1.418000,0.786215,-0.951458,1.578765,0.749658,-1.030882,1.572146,0.045567,-0.018589,-0.055199,0.997262,0.215217,0.214577,-0.097853,-0.000359,-0.000622,0.000417,0.000719,-0.000121,-0.000282,7,-0.048328,0.090523,9.870262,0.135156,0.021865,0.026034,9.871348,0.141538,0.486004,0.567312
32.103192,0.960000,-0.512000,1.415000,0.776410,-0.930954,1.552857,0.755009,-1.012379,1.567122,0.021596,-0.033066,0.333689,0.941856,0.206748,0.215767,-0.091966,-0.000359,-0.000622,0.000427,0.000719,-0.000121,-0.000282,36,-0.167612,-0.118724,9.975013,-0.148996,-0.109235,0.020059,9.982447,0.202429,0.477737,0.561731
32.140505,0.968000,-0.489000,1.411000,0.807904,-0.896130,1.556239,0.760049,-0.996020,1.563948,0.005575,-0.035942,0.532235,0.845815,0.219646,0.222749,-0.088717,-0.000358,-0.000627,0.000436,0.000721,-0.000120,-0.000282,31,-0.210629,-0.129493,9.888329,-0.012311,-0.000952,0.017497,9.895819,0.088992,0.460955,0.568952
32.200756,0.980000,-0.457000,1.404000,0.807496,-0.884055,1.457333,0.778083,-0.968985,1.553428,0.009748,-0.028483,0.346303,0.937639,0.194824,0.241243,-0.091218,-0.000362,-0.000627,0.000500,0.000720,-0.000121,-0.000282,16,-0.327408,-0.125214,9.906604,-0.162570,0.034833,-0.031766,9.914489,0.177897,0.463657,0.570287
32.238232,0.982000,-0.451000,1.402000,0.835956,-0.885168,1.574585,0.791788,-0.948252,1.552106,0.001565,-0.030538,0.506438,0.861734,0.206904,0.252947,-0.088815,-0.000364,-0.000628,0.000487,0.000721,-0.000121,-0.000282,5,-0.211583,-0.291902,9.756201,0.011632,-0.081377,0.014900,9.762980,0.086973,0.489506,0.553148
32.285999,0.989000,-0.432000,1.397000,0.780222,-0.838232,1.459129,0.794058,-0.930158,1.544757,-0.000542,-0.029108,0.516537,0.855770,0.182836,0.298385,-0.091007,-0.000369,-0.000628,0.000542,0.000720,-0.000122,-0.000282,19,-0.150529,0.079553,9.958447,0.090918,-0.032532,-0.016698,9.965676,0.117371,0.460947,0.554974
32.331664,0.996000,-0.413000,1.393000,0.811668,-0.845822,1.492055,0.797896,-0.917298,1.540707,-0.001275,-0.027540,0.495276,0.868298,0.175780,0.311693,-0.097669,-0.000373,-0.000628,0.000573,0.000720,-0.000123,-0.000282,11,-0.254060,-0.495288,9.508377,-0.023696,-0.015287,0.012102,9.527262,0.055894,0.480755,0.561586
32.369101,1.003000,-0.395000,1.389000,0.816819,-0.822759,1.484782,0.801631,-0.901555,1.535598,-0.003368,-0.026682,0.506919,0.861574,0.166882,0.329705,-0.104876,-0.000375,-0.000630,0.000606,0.000721,-0.000123,-0.000282,18,-0.286461,-0.037792,9.617428,0.027315,-0.021328,0.030280,9.625219,0.066725,0.476251,0.564481
32.414790,1.008000,-0.382000,1.386000,0.860737,-0.790004,1.558801,0.805515,-0.882643,1.534363,-0.013854,-0.025523,0.673361,0.738743,0.167105,0.356082,-0.101611,-0.000375,-0.000633,0.000596,0.000722,-0.000123,-0.000282,15,-0.174123,0.102557,9.828630,0.045958,0.071087,0.024758,9.831346,0.104497,0.466919,0.560049
32.452266,1.008000,-0.382000,1.386000,0.900728,-0.785953,1.460568,0.808840,-0.872527,1.528400,-0.032586,-0.020629,0.964882,0.259839,0.178348,0.380570,-0.106265,-0.000370,-0.000639,0.000652,0.000723,-0.000122,-0.000282,8,-0.082433,-0.129844,9.765630,0.019752,0.017172,-0.047835,9.767474,0.060551,0.424554,0.548233
32.502033,1.024000,-0.341000,1.375000,0.860809,-0.746310,1.540325,0.819875,-0.844596,1.526345,-0.029313,-0.013883,0.948815,0.314162,0.181705,0.423463,-0.099232,-0.000374,-0.000625,0.000639,0.000719,-0.000124,-0.000282,19,-0.386970,-0.179060,9.887612,0.182731,0.004838,0.024546,9.899207,0.188348,0.467162,0.564075
32.564431,1.034000,-0.312000,1.368000,0.869419,-0.693686,1.412200,0.832855,-0.802337,1.513874,-0.031757,-0.008981,0.997866,0.056348,0.170213,0.476691,-0.102668,-0.000379,-0.000618,0.000725,0.000718,-0.000124,-0.000282,24,-0.097876,-0.026938,9.832412,0.023620,-0.006640,-0.008941,9.838475,0.075773,0.418001,0.549698
32.599755,1.038000,-0.303000,1.365000,0.852867,-0.710880,1.424355,0.852463,-0.710694,1.424128,0.000000,0.000000,-0.000000,1.000000,0.170213,0.476691,-0.102668,-0.000367,-0.000609,0.000722,0.000715,-0.000120,-0.000282,1,-0.184340,-0.197709,9.722254,-0.000398,-0.068164,0.027396,9.726011,0.073464,0.451844,0.451812
32.645497,1.043000,-0.288000,1.361000,0.859123,-0.667870,1.476435,0.854412,-0.693752,1.454100,-0.158225,0.092201,0.863882,0.469225,0.149479,0.481400,-0.118337,-0.000340,-0.000622,0.000719,0.000720,-0.000112,-0.000282,19,-0.092563,0.018320,9.694659,0.009979,-0.150185,0.017459,9.699096,0.162896,0.437536,0.457021
32.689120,1.049000,-0.274000,1.357000,0.849366,-0.662497,1.473466,0.856376,-0.673952,1.455471,-0.146315,0.056797,0.823165,0.545679,0.082084,0.517982,-0.118831,-0.000356,-0.000646,0.000721,0.000727,-0.000118,-0.000282,18,-0.196111,0.139872,9.982888,0.009825,0.004852,-0.019549,9.986818,0.075813,0.452049,0.454711
32.726494,1.056000,-0.254000,1.351000,0.872972,-0.660184,1.416195,0.861108,-0.662143,1.443530,-0.130924,0.013110,0.703299,0.698611,0.075178,0.541495,-0.115153,-0.000365,-0.000647,0.000721,0.000727,-0.000121,-0.000282,7,0.008831,-0.247355,9.915496,-0.000710,-0.022758,-0.069875,9.919254,0.078293,0.450261,0.461655
32.774321,1.056000,-0.254000,1.351000,0.924150,-0.658284,1.481020,0.874711,-0.651142,1.449101,-0.105460,-0.029465,0.435354,0.893576,0.063297,0.578707,-0.114387,-0.000372,-0.000647,0.000720,0.000727,-0.000123,-0.000282,5,-0.106451,-0.184840,9.897591,-0.147788,0.000089,0.002693,9.900062,0.153033,0.444674,0.447449
32.813813,1.067000,-0.227000,1.344000,0.949078,-0.604747,1.481180,0.888577,-0.636812,1.452995,-0.102619,-0.024703,0.399700,0.910549,0.055534,0.611456,-0.118211,-0.000374,-0.000649,0.000718,0.000727,-0.000124,-0.000281,5,-0.160620,0.408339,9.690288,0.063179,-0.063989,0.007407,9.700560,0.101290,0.418828,0.460066
32.859482,1.074000,-0.210000,1.340000,0.997262,-0.595530,1.428177,0.903716,-0.617757,1.446469,-0.125864,0.023655,0.690381,0.712020,0.049532,0.670398,-0.121400,-0.000388,-0.000630,0.000720,0.000721,-0.000128,-0.000282,4,-0.258427,-0.004187,10.012335,0.131745,0.039381,-0.034985,10.016360,0.142019,0.402862,0.454531
32.909335,1.080000,-0.199000,1.337000,0.966941,-0.552666,1.498428,0.907413,-0.596173,1.449645,-0.139814,0.063580,0.880161,0.449139,-0.010232,0.768504,-0.139643,-0.000388,-0.000625,0.000717,0.000719,-0.000128,-0.000282,7,-0.094202,-0.171230,9.886357,0.087224,0.162073,0.002881,9.889089,0.189048,0.404872,0.447462
32.971723,1.089000,-0.179000,1.332000,0.969520,-0.568341,1.406603,0.919577,-0.547220,1.436792,-0.113683,0.053717,0.802248,0.583600,-0.055530,0.917381,-0.166944,-0.000387,-0.000625,0.000725,0.000719,-0.000128,-0.000282,18,-0.190487,-0.213503,9.712645,0.166531,0.084024,0.015026,9.717664,0.226180,0.414038,0.418654
33.009155,1.094000,-0.171000,1.329000,0.978873,-0.535370,1.473022,0.928119,-0.538570,1.438143,-0.107512,0.072556,0.858462,0.496205,-0.016761,0.907159,-0.161105,-0.000388,-0.000625,0.000722,0.000720,-0.000128,-0.000282,8,0.115852,-0.042499,9.613134,-0.069280,0.083892,-0.038253,9.614168,0.121589,0.408365,0.417776
33.048597,1.094000,-0.171000,1.329000,0.956809,-0.523467,1.391347,0.931014,-0.506782,1.428438,-0.106895,0.068101,0.837783,0.531089,-0.038185,0.975655,-0.173430,-0.000388,-0.000626,0.000730,0.000720,-0.000128,-0.000282,34,-0.020422,0.034162,9.757467,-0.064048,0.044774,-0.029406,9.759274,0.099787,0.383329,0.386267
33.090171,1.105000,-0.151000,1.323000,1.022705,-0.488514,1.459710,0.941426,-0.472519,1.425592,-0.096507,0.077198,0.859046,0.496756,-0.024250,1.052785,-0.176103,-0.000388,-0.000625,0.000730,0.000720,-0.000128,-0.000282,16,0.022632,0.152934,10.008188,0.015429,-0.030938,-0.006698,10.015714,0.096335,0.373334,0.375041
33.127516,1.112000,-0.141000,1.319000,0.998411,-0.468075,1.425407,0.948829,-0.437610,1.420337,-0.087114,0.081538,0.877251,0.464967,-0.025513,1.117022,-0.173903,-0.000388,-0.000626,0.000735,0.000720,-0.000128,-0.000282,22,-0.023327,0.050514,10.016106,0.075744,-0.008613,0.004560,10.017863,0.107794,0.362220,0.353372
33.175369,1.118000,-0.130000,1.315000,1.003315,-0.454406,1.397124,0.955805,-0.408492,1.413900,-0.070252,0.086415,0.921306,0.372548,-0.016850,1.148326,-0.172974,-0.000388,-0.000626,0.000749,0.000720,-0.000128,-0.000282,32,-0.123745,-0.016582,9.903302,0.025728,-0.076642,0.006500,9.913213,0.120937,0.353746,0.337114
33.216912,1.128000,-0.114000,1.311000,0.977447,-0.467480,1.406012,0.962095,-0.392035,1.410828,-0.050880,0.091670,0.964677,0.241672,-0.003435,1.153232,-0.170892,-0.000389,-0.000625,0.000761,0.000719,-0.000128,-0.000282,14,-0.048388,0.079335,9.818634,0.019359,-0.014072,0.016686,9.821548,0.078258,0.395780,0.338812
33.266816,1.133000,-0.105000,1.308000,1.045850,-0.449079,1.429577,0.973020,-0.372957,1.409205,-0.037437,0.090271,0.977337,0.187782,0.019500,1.147681,-0.167790,-0.000390,-0.000625,0.000767,0.000719,-0.000128,-0.000282,9,-0.063177,0.028071,9.781496,-0.113638,-0.063460,-0.026369,9.782589,0.135400,0.375189,0.328081
33.314578,1.138000,-0.093000,1.304000,1.027804,-0.425338,1.440669,0.978480,-0.361115,1.409106,-0.034765,0.081686,0.981906,0.167268,0.036409,1.150396,-0.165241,-0.000390,-0.000625,0.000769,0.000720,-0.000129,-0.000282,13,-0.130041,0.206834,9.755468,-0.153356,-0.017238,-0.030622,9.759688,0.159504,0.375859,0.329210
33.356172,1.141000,-0.087000,1.301000,1.020177,-0.348573,1.370422,0.981922,-0.336917,1.402988,-0.071329,0.059814,0.783719,0.614100,0.044882,1.200200,-0.170728,-0.000390,-0.000626,0.000786,0.000720,-0.000128,-0.000282,20,0.021307,-0.099138,9.899768,0.104039,-0.013385,0.025290,9.902221,0.114796,0.296375,0.313314
33.399788,1.147000,-0.075000,1.297000,1.021900,-0.367519,1.361605,0.988847,-0.304764,1.395530,-0.067560,0.057065,0.765945,0.636795,0.050030,1.216265,-0.175825,-0.000390,-0.000627,0.000811,0.000720,-0.000128,-0.000282,22,-0.227865,0.272752,9.745033,0.098804,-0.041131,0.004681,9.753934,0.122968,0.324640,0.295824
33.439268,1.147000,-0.075000,1.297000,1.003672,-0.354713,1.361974,0.991893,-0.293282,1.391199,-0.064804,0.055235,0.763511,0.640157,0.061924,1.206887,-0.177220,-0.000389,-0.000626,0.000834,0.000720,-0.000128,-0.000282,6,-0.473066,-0.556912,9.716787,0.028146,0.021424,0.021333,9.744279,0.043994,0.320942,0.283864
33.478763,1.155000,-0.053000,1.289000,0.998006,-0.354156,1.420272,0.994673,-0.281625,1.390858,-0.061122,0.055969,0.780972,0.619043,0.067728,1.199488,-0.173984,-0.000390,-0.000625,0.000833,0.000720,-0.000128,-0.000282,4,-0.332602,-0.074023,9.798657,0.080876,0.111704,0.002318,9.804823,0.141160,0.364108,0.297236
33.526552,1.157000,-0.048000,1.287000,1.009615,-0.321829,1.347099,1.000635,-0.263811,1.385380,-0.033607,0.074007,0.964455,0.251435,0.087855,1.192549,-0.168564,-0.000391,-0.000624,0.000857,0.000719,-0.000129,-0.000282,3,-0.617239,0.028158,10.102277,0.266059,0.242759,0.002179,10.121815,0.360421,0.316728,0.284083
33.568102,1.161000,-0.037000,1.282000,1.054415,-0.309434,1.445522,1.008789,-0.243305,1.385926,-0.049231,0.066550,0.847360,0.524527,0.105895,1.227238,-0.164548,-0.000391,-0.000625,0.000843,0.000719,-0.000129,-0.000282,15,-0.097091,-0.096886,10.009329,0.094973,0.084780,-0.008085,10.010607,0.135412,0.335142,0.276641
33.619996,1.164000,-0.030000,1.279000,1.065152,-0.283772,1.376397,1.017697,-0.224852,1.382843,-0.057076,0.055463,0.686430,0.722828,0.098183,1.243896,-0.164668,-0.000392,-0.000624,0.000854,0.000719,-0.000129,-0.000282,10,-0.311837,0.090735,9.892707,0.054826,-0.028481,0.004416,9.898816,0.079026,0.289236,0.264868
33.665744,1.167000,-0.023000,1.275000,1.065191,-0.262128,1.460147,1.018525,-0.215541,1.385403,-0.065407,0.034727,0.440279,0.894802,0.096901,1.223769,-0.155457,-0.000392,-0.000627,0.000835,0.000720,-0.000129,-0.000282,16,-0.296207,-0.040706,9.904566,-0.089543,-0.003593,-0.030606,9.910364,0.108580,0.319103,0.267031
33.709412,1.167000,-0.023000,1.275000,1.088566,-0.278137,1.426707,1.032452,-0.172337,1.381640,-0.060208,0.041462,0.519590,0.851283,0.126374,1.224801,-0.152954,-0.000393,-0.000625,0.000833,0.000719,-0.000129,-0.000282,41,-0.260020,-0.184870,9.748766,-0.007474,0.005344,-0.032744,9.755941,0.078905,0.307021,0.227545
33.755114,1.175000,-0.006000,1.268000,1.081800,-0.289083,1.379293,1.043306,-0.167661,1.381269,-0.045174,0.055385,0.742053,0.666520,0.098527,1.193051,-0.148066,-0.000399,-0.000624,0.000838,0.000719,-0.000130,-0.000282,12,0.120929,0.080418,9.754787,-0.076027,-0.035242,0.000102,9.756391,0.106644,0.318132,0.237292
33.798765,1.178000,0.000000,1.265000,1.065509,-0.235402,1.329615,1.042710,-0.163274,1.375793,-0.021410,0.061503,0.973342,0.219921,0.166189,1.132308,-0.147697,-0.000389,-0.000625,0.000886,0.000720,-0.000128,-0.000282,9,-0.032851,-0.364261,9.725494,0.130884,-0.002753,0.028015,9.732802,0.145376,0.268781,0.239242
33.859003,1.182000,0.005000,1.262000,1.053400,-0.217104,1.246886,1.055691,-0.103242,1.359033,-0.011183,0.053575,0.995532,0.076946,0.188851,1.255899,-0.176182,-0.000386,-0.000644,0.000981,0.000723,-0.000127,-0.000282,22,-0.145979,0.141739,9.791792,-0.074554,-0.038716,-0.001662,9.804449,0.251699,0.257093,0.192577
33.896391,1.186000,0.010000,1.259000,1.103877,-0.222687,1.363345,1.072263,-0.073387,1.353841,-0.006407,0.047289,0.997170,0.058084,0.224634,1.246006,-0.172780,-0.000382,-0.000652,0.001006,0.000725,-0.000126,-0.000282,5,-0.324012,-0.177548,9.842884,-0.130979,-0.059154,-0.016688,9.849904,0.146985,0.267909,0.169954
33.935916,1.189000,0.014000,1.257000,1.104841,-0.216614,1.303850,1.078139,-0.075051,1.349729,-0.010404,0.042495,0.986889,0.155358,0.250007,1.204448,-0.173805,-0.000378,-0.000655,0.001063,0.000726,-0.000125,-0.000282,13,-0.326807,0.072421,9.832994,-0.246779,-0.061480,-0.018026,9.839271,0.256580,0.249921,0.169761
33.973304,1.193000,0.018000,1.254000,1.111843,-0.233440,1.324266,1.055642,-0.062898,1.346458,-0.039111,0.035719,0.833261,0.550337,0.186819,1.148461,-0.170827,-0.000379,-0.000661,0.001109,0.000726,-0.000125,-0.000281,8,-0.171492,0.003959,9.888794,-0.142021,-0.139963,-0.021505,9.891143,0.203091,0.273396,0.184283
34.023192,1.199000,0.024000,1.249000,1.120807,-0.191649,1.400107,1.099279,-0.042683,1.342500,-0.016681,0.033806,0.933389,0.356881,0.268416,1.111712,-0.158096,-0.000369,-0.000662,0.001087,0.000728,-0.000122,-0.000281,10,-0.320713,-0.206911,9.878936,-0.059694,-0.053323,0.008212,9.886603,0.136564,0.274685,0.152096
34.071030,1.204000,0.029000,1.245000,1.144753,-0.164807,1.317928,1.086674,-0.028415,1.339868,-0.044810,0.027211,0.590150,0.805590,0.186438,1.134616,-0.164678,-0.000369,-0.000645,0.001133,0.000722,-0.000122,-0.000282,5,-0.032883,0.168237,9.802678,0.116744,-0.145397,0.019307,9.804406,0.191750,0.215383,0.161437
34.118770,1.207000,0.032000,1.243000,1.121426,-0.161520,1.401511,1.107475,-0.051729,1.342514,-0.025664,0.026423,0.744698,0.666384,0.275987,1.029024,-0.155155,-0.000361,-0.000608,0.001096,0.000714,-0.000120,-0.000282,15,-0.455322,-0.150162,9.646888,-0.140842,-0.112970,-0.031666,9.661228,0.186103,0.264383,0.163764
34.158251,1.211000,0.033000,1.241000,1.136177,-0.152345,1.362184,1.114168,-0.049916,1.341871,-0.020282,0.026475,0.816213,0.576788,0.290709,1.021208,-0.153132,-0.000345,-0.000644,0.001098,0.000724,-0.000116,-0.000281,7,-0.182154,0.239641,9.945504,0.335027,0.091567,-0.006078,9.950491,0.348477,0.233745,0.162562
34.206021,1.216000,0.037000,1.237000,1.168065,-0.165425,1.308609,1.124291,-0.043899,1.337977,-0.017940,0.026870,0.786697,0.616493,0.307425,0.996736,-0.157905,-0.000340,-0.000631,0.001135,0.000720,-0.000114,-0.000281,7,0.152674,-0.286273,9.670659,0.179145,-0.084469,-0.004168,9.676249,0.203801,0.220004,0.158592
34.253858,1.220000,0.039000,1.233000,1.113452,-0.083891,1.278775,1.128679,-0.038257,1.333433,-0.013620,0.028482,0.845064,0.533732,0.318180,0.992875,-0.159150,-0.000337,-0.000625,0.001174,0.000719,-0.000114,-0.000281,7,-0.305288,0.249715,10.057937,0.076426,0.108937,0.021690,10.066396,0.136928,0.168967,0.156189
34.295441,1.224000,0.041000,1.230000,1.156745,-0.110498,1.317549,1.134943,-0.034476,1.331153,-0.011041,0.028289,0.865384,0.500188,0.328138,0.984903,-0.159468,-0.000333,-0.000624,0.001191,0.000718,-0.000113,-0.000281,9,-0.263044,0.028734,9.882905,0.016402,-0.017513,-0.030141,9.886586,0.054391,0.187456,0.154466
34.341118,1.227000,0.043000,1.228000,1.116109,-0.125989,1.287443,1.152400,0.002222,1.324023,0.003705,0.033078,0.995424,0.089567,0.390074,1.071205,-0.166180,-0.000329,-0.000595,0.001209,0.000711,-0.000112,-0.000282,23,-0.270619,-0.270708,9.861059,0.104529,0.266586,-0.013264,9.871954,0.295607,0.210683,0.128251
34.382660,1.227000,0.043000,1.228000,1.113863,-0.104745,1.313230,1.147172,-0.007649,1.322117,-0.027634,0.019220,0.108726,0.993502,0.434122,1.060634,-0.181608,-0.000412,-0.000578,0.001235,0.000703,-0.000136,-0.000282,13,0.081942,-0.109308,9.489535,-0.143366,0.005527,0.026454,9.495042,0.161767,0.204677,0.133401
34.420024,1.231000,0.045000,1.223000,1.135901,-0.080466,1.290852,1.140355,0.002815,1.317504,-0.022320,0.000773,-0.551752,0.833709,0.412621,1.049932,-0.172558,-0.000459,-0.000646,0.001278,0.000724,-0.000150,-0.000279,6,-0.257036,0.258364,9.888591,0.114745,-0.040361,-0.012715,9.895600,0.130833,0.171433,0.137576
34.480306,1.234000,0.046000,1.219000,1.127843,-0.072919,1.272884,1.149846,0.050050,1.305632,0.003047,0.007023,0.888449,-0.458911,0.426833,1.041936,-0.160642,-0.000422,-0.000706,0.001336,0.000742,-0.000138,-0.000279,19,-0.220775,0.083984,10.096632,0.031733,0.256773,-0.019905,10.101791,0.265248,0.168269,0.120844
34.513611,1.236000,0.047000,1.217000,1.127292,-0.049272,1.269578,1.167590,0.066064,1.302630,0.004397,0.007041,0.919440,-0.393142,0.509286,1.017117,-0.157591,-0.000410,-0.000754,0.001357,0.000755,-0.000133,-0.000279,10,0.003285,0.218454,9.965742,-0.035551,0.131377,0.007531,9.970536,0.169201,0.154435,0.111247
34.559377,1.239000,0.048000,1.212000,1.190249,-0.053831,1.333332,1.157721,0.074506,1.297789,0.001111,0.006246,0.909832,-0.414929,0.400161,0.941085,-0.157097,-0.000393,-0.000748,0.001372,0.000752,-0.000130,-0.000281,35,-0.070657,0.258122,9.768141,0.034734,-0.052436,-0.013009,9.773419,0.114215,0.165734,0.121114
34.615402,1.240000,0.050000,1.210000,1.130190,-0.066655,1.272318,1.174016,0.102478,1.288717,-0.004986,0.008084,0.964671,-0.263287,0.297181,0.856255,-0.146304,-0.000398,-0.000776,0.001407,0.000759,-0.000131,-0.000281,11,-0.213967,0.238291,9.518735,0.071223,-0.030863,-0.014004,9.524718,0.104481,0.171902,0.115343
34.656952,1.241000,0.048000,1.208000,1.164432,-0.071458,1.267341,1.178746,0.094565,1.285977,-0.002260,0.000609,0.903720,-0.428118,0.299596,0.815184,-0.142174,-0.000465,-0.000800,0.001446,0.000764,-0.000149,-0.000281,14,-0.187946,0.243084,10.156259,-0.051436,0.043217,0.008959,10.161335,0.094435,0.153799,0.110110
34.700570,1.242000,0.047000,1.205000,1.155237,-0.033499,1.298474,1.174676,0.091581,1.284969,-0.006639,0.001569,0.940486,-0.339763,0.272601,0.772012,-0.140544,-0.000501,-0.000797,0.001449,0.000763,-0.000159,-0.000280,4,0.237929,0.035707,9.853603,-0.062945,-0.065761,-0.024112,9.857078,0.097205,0.150815,0.113644
34.762890,1.244000,0.044000,1.201000,1.160782,-0.028135,1.326772,1.190957,0.119763,1.278835,-0.001503,-0.000039,0.906636,-0.421910,0.290227,0.732787,-0.142504,-0.000527,-0.000825,0.001412,0.000771,-0.000166,-0.000282,17,-0.094496,0.187427,9.749364,0.015764,-0.110969,-0.009903,9.754070,0.119076,0.167174,0.120879
34.792092,1.244000,0.043000,1.200000,1.167513,-0.033633,1.305635,1.168720,-0.031884,1.305671,0.000000,0.000000,0.000000,1.000000,0.290227,0.732787,-0.142504,-0.000568,-0.000782,0.001405,0.000759,-0.000179,-0.000282,0,0.000000,0.000000,0.000000,0.000000,0.000000,0.000000,0.000000,0.000000,0.151266,0.149803
34.850158,1.247000,0.040000,1.196000,1.201387,0.006946,1.300369,1.184453,0.008166,1.298822,0.010444,0.025957,-0.845434,0.533346,0.283661,0.718988,-0.141534,-0.000497,-0.000831,0.001409,0.000774,-0.000157,-0.000281,20,-0.330698,-0.246811,9.700437,0.008179,0.053612,0.002687,9.714113,0.081344,0.118600,0.124490
34.887564,1.247000,0.036000,1.193000,1.144160,-0.021927,1.232376,1.144028,-0.021756,1.232239,0.000000,0.000000,-0.000000,1.000000,0.283661,0.718988,-0.141534,-0.000477,-0.000840,0.001410,0.000776,-0.000151,-0.000281,1,-0.259447,0.272428,9.899952,-0.086477,-0.097187,0.054305,9.907098,0.140970,0.124427,0.124413
34.945795,1.248000,0.032000,1.191000,1.163176,-0.007325,1.232756,1.161599,0.005868,1.228684,0.004413,-0.003440,0.200176,0.979744,0.274121,0.716893,-0.142009,-0.000477,-0.000840,0.001410,0.000776,-0.000151,-0.000281,26,-0.068932,0.334230,9.764445,0.007598,-0.132281,0.020261,9.775021,0.151662,0.102397,0.097817
34.970714,1.248000,0.030000,1.189000,1.169599,-0.021280,1.222069,1.162549,0.006716,1.225259,-0.001267,-0.000155,0.570979,0.820964,0.229437,0.708223,-0.143174,-0.000477,-0.000840,0.001410,0.000776,-0.000151,-0.000281,2,0.024400,-0.115393,9.691205,-0.090539,-0.232612,0.029580,9.691935,0.251549,0.099347,0.095701
35.012294,1.248000,0.026000,1.186000,1.192877,-0.016191,1.283634,1.178375,0.010349,1.238039,-0.006755,-0.019798,0.686363,0.726958,0.250202,0.701345,-0.140088,-0.000477,-0.000840,0.001409,0.000776,-0.000151,-0.000281,23,-0.243799,-0.010394,9.859686,-0.167744,-0.055696,-0.018030,9.864997,0.181905,0.119796,0.088321
35.047646,1.249000,0.020000,1.184000,1.186008,-0.014197,1.201960,1.185547,0.020783,1.227051,0.001825,-0.025558,0.632651,0.774013,0.230005,0.662832,-0.140170,-0.000477,-0.000840,0.001410,0.000776,-0.000151,-0.000281,25,-0.250447,0.397277,9.850666,0.118284,-0.089379,-0.024226,9.862979,0.186789,0.073891,0.076683
35.085022,1.250000,0.015000,1.181000,1.187898,0.014324,1.241096,1.192386,0.038659,1.224910,0.008820,-0.027661,0.607850,0.793521,0.212041,0.628582,-0.140719,-0.000477,-0.000840,0.001409,0.000776,-0.000151,-0.000281,26,-0.088256,-0.038236,9.883013,0.065480,-0.005821,0.024890,9.884866,0.124266,0.086421,0.076205
35.120386,1.250000,0.004000,1.177000,1.193813,-0.023048,1.254631,1.193916,0.036774,1.227213,0.019551,-0.037412,0.479402,0.876580,0.194668,0.592525,-0.143063,-0.000477,-0.000840,0.001407,0.000776,-0.000151,-0.000281,10,-0.042089,0.142247,9.776578,0.073797,-0.135241,-0.019950,9.780383,0.160386,0.099575,0.082103
35.166054,1.250000,0.001000,1.177000,1.224709,-0.006444,1.258877,1.197649,0.043390,1.228300,0.028518,-0.046314,0.315236,0.947454,0.147959,0.569991,-0.149022,-0.000477,-0.000840,0.001404,0.000776,-0.000151,-0.000280,13,-0.271737,-0.495502,9.699305,0.032057,0.006878,0.062967,9.716614,0.127925,0.086017,0.084672
35.215895,1.251000,-0.003000,1.175000,1.151288,-0.048576,1.229133,1.199760,0.052132,1.221365,0.025498,-0.063258,0.581713,0.810530,-0.036574,0.425914,-0.172426,-0.000476,-0.000839,0.001400,0.000776,-0.000151,-0.000281,49,-0.127241,0.339959,9.774741,-0.110569,0.022101,-0.012049,9.786356,0.143115,0.122270,0.088401
35.257424,1.251000,-0.003000,1.175000,1.221313,-0.010847,1.136909,1.203630,0.049593,1.206413,0.040654,-0.057618,0.461471,0.884348,0.058233,0.345366,-0.176942,-0.000477,-0.000841,0.001414,0.000777,-0.000151,-0.000280,32,-0.351533,-0.055239,9.779023,-0.019064,0.042775,-0.002359,9.788327,0.095057,0.048927,0.077439
35.298993,1.251000,-0.016000,1.171000,1.221858,-0.046023,1.243318,1.206743,0.038591,1.207979,0.034899,-0.068790,0.604306,0.793009,0.087616,0.299093,-0.179037,-0.000477,-0.000841,0.001406,0.000777,-0.000151,-0.000281,3,-0.182839,-0.004485,9.717804,0.024057,-0.003379,-0.021919,9.719711,0.046189,0.083550,0.079412
35.353084,1.251000,-0.027000,1.169000,1.222715,-0.005261,1.225120,1.209007,0.044059,1.200161,0.045770,-0.068734,0.562016,0.822993,0.021377,0.185391,-0.180371,-0.000477,-0.000841,0.001398,0.000777,-0.000151,-0.000280,11,-0.372611,0.336458,9.960123,0.070933,-0.014432,0.008326,9.974858,0.109273,0.066499,0.088226
35.390433,1.250000,-0.034000,1.168000,1.212580,-0.027899,1.114663,1.207950,0.036202,1.186062,0.050618,-0.076614,0.603121,0.792346,0.057626,0.122971,-0.188487,-0.000478,-0.000841,0.001416,0.000777,-0.000151,-0.000280,17,-0.247413,0.146330,9.816606,0.174271,0.036679,-0.005833,9.822949,0.181422,0.065439,0.083802
35.432031,1.250000,-0.046000,1.165000,1.226020,-0.030378,1.224504,1.213733,0.029048,1.187140,0.041453,-0.077717,0.706068,0.702645,0.060067,0.016357,-0.201581,-0.000478,-0.000841,0.001403,0.000777,-0.000151,-0.000280,8,-0.084781,-0.100938,9.772420,0.319137,0.022621,0.000541,9.774019,0.320775,0.066029,0.086242
35.481936,1.251000,-0.052000,1.164000,1.222939,0.005513,1.198346,1.219154,0.024565,1.178289,0.044535,-0.072571,0.719688,0.689057,-0.005364,-0.075261,-0.221562,-0.000478,-0.000841,0.001393,0.000777,-0.000151,-0.000280,13,-0.328281,0.096160,9.705783,0.113784,0.075366,-0.032127,9.719320,0.144098,0.072628,0.084146
35.529725,1.250000,-0.065000,1.161000,1.202230,-0.043990,1.205174,1.217069,0.009503,1.168780,0.044389,-0.074534,0.730439,0.677446,-0.028339,-0.192646,-0.240711,-0.000477,-0.000841,0.001369,0.000777,-0.000151,-0.000280,26,-0.204742,0.056561,9.587893,0.083529,0.081359,-0.012722,9.592873,0.127043,0.068372,0.081827
35.577498,1.249000,-0.074000,1.160000,1.181398,-0.004556,1.153009,1.210111,-0.002813,1.156786,0.051449,-0.075054,0.695225,0.713009,-0.072438,-0.296507,-0.243953,-0.000476,-0.000841,0.001368,0.000777,-0.000151,-0.000280,5,-0.038371,0.336163,9.875914,-0.043873,-0.052669,0.029782,9.884686,0.090471,0.097167,0.081180
35.614967,1.248000,-0.083000,1.159000,1.215877,-0.004525,1.241371,1.208614,-0.010050,1.157645,0.025754,-0.083731,0.828798,0.552647,-0.067616,-0.341744,-0.235694,-0.000477,-0.000843,0.001321,0.000777,-0.000151,-0.000280,27,-0.424429,-0.241476,9.977724,-0.172247,-0.065159,0.023597,9.995002,0.215249,0.118217,0.082914
35.652271,1.247000,-0.092000,1.157000,1.172392,0.012483,1.183264,1.201146,-0.014014,1.154749,0.021037,-0.084733,0.827409,0.554772,-0.113658,-0.368407,-0.234699,-0.000477,-0.000843,0.001306,0.000777,-0.000151,-0.000280,16,-0.050002,0.656173,9.883845,-0.230175,0.089429,0.003905,9.908844,0.253473,0.131045,0.090495
35.691776,1.246000,-0.105000,1.156000,1.157284,-0.017159,1.134552,1.194907,-0.020883,1.149853,-0.018078,-0.089291,0.959425,0.266840,-0.145202,-0.393263,-0.240780,-0.000477,-0.000843,0.001312,0.000777,-0.000151,-0.000280,7,-0.051472,0.297553,9.736450,0.034723,-0.036237,-0.017564,9.742060,0.088637,0.126675,0.098611
35.735443,1.245000,-0.117000,1.155000,1.248516,-0.058274,1.183964,1.200026,-0.030891,1.148412,-0.055787,-0.081698,0.992795,-0.067607,-0.141165,-0.432195,-0.238657,-0.000478,-0.000842,0.001294,0.000777,-0.000152,-0.000280,18,-0.206203,-0.302996,9.881377,0.117705,0.042721,0.030392,9.888729,0.137911,0.065574,0.097370
35.776947,1.243000,-0.132000,1.153000,1.201452,-0.026789,1.186441,1.190941,-0.041386,1.142736,0.101081,0.056722,-0.844439,0.522961,-0.184708,-0.463898,-0.237269,-0.000471,-0.000844,0.001267,0.000777,-0.000150,-0.000280,22,-0.104014,0.178778,9.854429,0.101356,0.043867,0.010405,9.858778,0.121841,0.117958,0.105006
35.822721,1.243000,-0.134000,1.153000,1.202887,-0.032420,1.175747,1.185202,-0.059278,1.135760,0.106462,0.049275,-0.774935,0.621058,-0.219658,-0.552563,-0.253473,-0.000471,-0.000846,0.001246,0.000778,-0.000151,-0.000280,20,-0.133755,0.323911,9.616050,0.077827,0.039855,0.004323,9.625040,0.139727,0.111557,0.096027
35.866326,1.240000,-0.151000,1.151000,1.224859,-0.026351,1.145534,1.189021,-0.059159,1.135675,0.102665,0.052423,-0.799157,0.589966,-0.211408,-0.549575,-0.251488,-0.000471,-0.000846,0.001247,0.000778,-0.000150,-0.000280,6,-0.283098,-0.132154,9.710913,-0.127049,0.044489,0.012855,9.716286,0.141359,0.125684,0.106153
35.905772,1.238000,-0.158000,1.150000,1.224630,-0.052388,1.224252,1.190964,-0.060015,1.140430,0.102181,0.051942,-0.795393,0.595157,-0.205620,-0.552928,-0.245451,-0.000470,-0.000847,0.001204,0.000778,-0.000150,-0.000280,4,-0.298593,0.111423,9.770795,0.018101,-0.112688,-0.007319,9.776019,0.116031,0.129792,0.109111
35.945276,1.236000,-0.170000,1.149000,1.239267,-0.067593,1.203395,1.193979,-0.069062,1.140495,-0.081085,-0.070174,0.929579,-0.352682,-0.200349,-0.565644,-0.240962,-0.000470,-0.000848,0.001176,0.000778,-0.000151,-0.000280,10,-0.078796,-0.111684,9.792960,-0.101235,-0.025321,0.035721,9.796008,0.125006,0.116003,0.109666
35.986838,1.233000,-0.183000,1.147000,1.227813,-0.074978,1.181651,1.191509,-0.082539,1.137074,-0.054543,-0.082447,0.991952,-0.079111,-0.194409,-0.602224,-0.234874,-0.000470,-0.000847,0.001156,0.000778,-0.000151,-0.000280,15,-0.331011,0.339640,10.037385,-0.051365,0.047780,-0.037870,10.051110,0.133304,0.113562,0.109144
36.030524,1.231000,-0.194000,1.146000,1.187030,-0.065983,1.127765,1.188669,-0.084419,1.136511,-0.041301,-0.082675,0.993787,0.062015,-0.209945,-0.604159,-0.236543,-0.000478,-0.000845,0.001171,0.000778,-0.000153,-0.000281,7,-0.144302,-0.036121,9.870976,0.200350,-0.002742,-0.001101,9.872380,0.207981,0.136580,0.117856
36.069969,1.229000,-0.207000,1.145000,1.191450,-0.075078,1.118160,1.179179,-0.105641,1.126791,-0.042078,-0.083439,0.994917,0.037513,-0.250467,-0.665673,-0.246948,-0.000478,-0.000844,0.001181,0.000777,-0.000153,-0.000281,35,0.089581,0.359414,9.756194,-0.095255,-0.106615,-0.009004,9.776506,0.156939,0.139763,0.114400
36.117801,1.228000,-0.216000,1.144000,1.242330,-0.085024,1.232593,1.182647,-0.121401,1.126987,-0.006359,-0.085327,0.936443,0.340226,-0.231304,-0.690710,-0.236733,-0.000478,-0.000846,0.001125,0.000778,-0.000153,-0.000280,23,-0.159149,0.214240,9.899493,-0.071635,-0.028899,0.036967,9.912992,0.099959,0.158773,0.106279
36.161361,1.224000,-0.232000,1.144000,1.179922,-0.095282,1.161791,1.180489,-0.122216,1.127544,0.012164,-0.082426,0.860894,0.501916,-0.227525,-0.701601,-0.235700,-0.000482,-0.000849,0.001106,0.000778,-0.000154,-0.000281,6,-0.166564,0.276227,9.696478,-0.171474,0.002464,-0.069870,9.702867,0.185757,0.144745,0.119233
36.200899,1.222000,-0.246000,1.143000,1.229625,-0.098386,1.196759,1.182366,-0.126877,1.129079,0.032860,-0.075282,0.750600,0.655631,-0.216698,-0.710833,-0.231470,-0.000483,-0.000853,0.001074,0.000779,-0.000154,-0.000281,7,-0.075437,0.100130,9.774686,0.122142,0.001881,-0.022923,9.775644,0.127707,0.157284,0.126313
36.246608,1.220000,-0.259000,1.142000,1.213381,-0.126096,1.083320,1.180089,-0.144341,1.121131,0.051037,-0.066695,0.620598,0.779618,-0.209404,-0.760252,-0.240579,-0.000484,-0.000857,0.001102,0.000780,-0.000154,-0.000281,16,-0.175007,-0.138502,9.709909,0.031503,-0.016481,-0.024015,9.714179,0.088615,0.145433,0.123187
36.286097,1.216000,-0.277000,1.141000,1.186646,-0.123326,1.143714,1.171767,-0.169653,1.113989,0.055013,-0.063919,0.590852,0.802361,-0.236979,-0.816197,-0.242485,-0.000488,-0.000860,0.001088,0.000781,-0.000155,-0.000281,36,-0.239474,0.260780,9.843315,0.078959,-0.033176,-0.001096,9.853478,0.157738,0.156476,0.119204
36.323520,1.214000,-0.290000,1.140000,1.186516,-0.116253,1.156213,1.163627,-0.191266,1.108831,0.047432,-0.065835,0.628167,0.773836,-0.251827,-0.854142,-0.243937,-0.000495,-0.000860,0.001066,0.000781,-0.000157,-0.000281,38,-0.252361,-0.046655,9.741924,-0.096287,0.030352,-0.001111,9.748125,0.145583,0.176653,0.115141
36.362991,1.212000,-0.303000,1.139000,1.216197,-0.145814,1.217533,1.163326,-0.197864,1.111912,0.045017,-0.065516,0.633601,0.769565,-0.249730,-0.860290,-0.236649,-0.000501,-0.000861,0.000999,0.000781,-0.000159,-0.000281,12,-0.135503,-0.015352,9.794106,-0.141571,0.043838,-0.023752,9.795774,0.159386,0.175763,0.118981
36.400405,1.210000,-0.318000,1.138000,1.180597,-0.154020,1.122118,1.164614,-0.212134,1.108064,0.055409,-0.058242,0.534916,0.841072,-0.251893,-0.878672,-0.237305,-0.000509,-0.000860,0.000997,0.000781,-0.000161,-0.000280,12,0.079936,0.485853,9.849007,-0.101201,-0.042274,0.023337,9.862252,0.136308,0.167350,0.119011
36.441981,1.205000,-0.344000,1.136000,1.216739,-0.146550,1.208694,1.163732,-0.218148,1.110255,0.051272,-0.059557,0.573082,0.815721,-0.261750,-0.882146,-0.228566,-0.000515,-0.000855,0.000940,0.000779,-0.000164,-0.000280,9,-0.064343,0.402156,9.952108,0.036845,-0.067925,0.030371,9.960515,0.098070,0.210733,0.134924
36.495953,1.203000,-0.356000,1.136000,1.160733,-0.154673,1.146852,1.150664,-0.255172,1.101905,0.047849,-0.061921,0.597206,0.798262,-0.293242,-0.940600,-0.223151,-0.000533,-0.000851,0.000916,0.000778,-0.000169,-0.000280,16,-0.096694,0.104972,9.856172,-0.017600,-0.069732,0.006347,9.857835,0.115107,0.206002,0.118608
36.537507,1.201000,-0.371000,1.135000,1.179051,-0.178895,1.122703,1.153596,-0.252256,1.102802,0.051032,-0.058355,0.562503,0.823153,-0.280848,-0.925668,-0.219423,-0.000542,-0.000843,0.000911,0.000776,-0.000173,-0.000279,4,-0.418598,-0.085390,9.713217,0.043462,0.049990,-0.007319,9.722669,0.079058,0.193745,0.131848
36.587311,1.198000,-0.388000,1.134000,1.157814,-0.178072,1.126316,1.142860,-0.285345,1.095208,0.044727,-0.061204,0.606009,0.791838,-0.315068,-0.986042,-0.224907,-0.000551,-0.000813,0.000899,0.000767,-0.000176,-0.000279,40,-0.147493,0.235414,9.807130,-0.111131,-0.028157,-0.016604,9.814531,0.137386,0.213878,0.122814
36.635194,1.193000,-0.414000,1.133000,1.193580,-0.190377,1.102817,1.144270,-0.285007,1.094361,0.040403,-0.062705,0.644709,0.760780,-0.325082,-0.971500,-0.221268,-0.000558,-0.000802,0.000912,0.000763,-0.000178,-0.000279,9,-0.223688,0.185153,9.952168,-0.053288,-0.070817,-0.013028,9.957528,0.105222,0.225651,0.143202
36.685057,1.191000,-0.429000,1.132000,1.227162,-0.190335,1.219870,1.137119,-0.318418,1.092245,0.037436,-0.058373,0.683897,0.726276,-0.335213,-0.985704,-0.214288,-0.000573,-0.000782,0.000815,0.000757,-0.000183,-0.000279,7,-0.154903,0.157453,9.912905,0.246740,-0.077473,-0.012333,9.918970,0.277792,0.256885,0.129275
36.732833,1.186000,-0.454000,1.130000,1.186444,-0.245338,1.108676,1.135384,-0.334192,1.090987,-0.005642,-0.070339,0.953499,0.293020,-0.293942,-1.041996,-0.216206,-0.000432,-0.000743,0.000792,0.000747,-0.000137,-0.000281,14,0.106165,-0.154698,9.666187,0.006518,0.026864,-0.039212,9.668118,0.091141,0.209749,0.135786
36.782646,1.183000,-0.468000,1.129000,1.187199,-0.234029,1.101475,1.125487,-0.374535,1.082245,-0.025919,-0.065185,0.994899,0.072492,-0.269213,-1.063216,-0.211474,-0.000375,-0.000745,0.000804,0.000746,-0.000119,-0.000283,25,-0.121543,-0.152384,9.729535,0.050896,0.091220,-0.043368,9.733271,0.145385,0.235622,0.119287
36.826304,1.183000,-0.468000,1.129000,1.216692,-0.241452,1.146196,1.128954,-0.385444,1.082594,-0.028802,-0.063516,0.997233,0.025722,-0.198328,-1.034379,-0.199410,-0.000337,-0.000772,0.000764,0.000754,-0.000108,-0.000285,18,-0.180407,-0.078615,9.736353,0.116231,0.047067,0.037314,9.741281,0.160857,0.229684,0.109041
36.867848,1.176000,-0.500000,1.128000,1.207271,-0.252684,1.150421,1.127624,-0.413378,1.079558,-0.015189,-0.060603,0.986766,0.149632,-0.212450,-1.042194,-0.197280,-0.000342,-0.000709,0.000707,0.000733,-0.000110,-0.000286,37,-0.151646,0.062369,9.722213,0.080971,-0.068422,0.048543,9.728800,0.164007,0.250292,0.110409
36.917779,1.172000,-0.516000,1.127000,1.192147,-0.293000,1.245908,1.119324,-0.455932,1.080605,-0.010740,-0.059390,0.981305,0.182750,-0.150527,-1.059695,-0.164513,-0.000329,-0.000704,0.000511,0.000730,-0.000106,-0.000286,37,0.028800,0.456725,10.095440,0.037118,-0.035052,-0.008659,10.109110,0.089774,0.253523,0.092388
36.971812,1.165000,-0.538000,1.126000,1.157617,-0.290050,1.187116,1.094608,-0.452608,1.080804,0.014199,-0.049128,0.854047,0.517677,-0.344521,-1.025773,-0.170074,-0.000460,-0.000561,0.000447,0.000683,-0.000154,-0.000283,18,0.130849,0.315467,9.937017,-0.008578,-0.005163,-0.002049,9.946568,0.068142,0.255478,0.119539
37.017495,1.161000,-0.554000,1.126000,1.166278,-0.329833,1.133365,1.089491,-0.522918,1.077149,0.031804,-0.051195,0.752425,0.655915,-0.272586,-1.193084,-0.192614,-0.000282,-0.000596,0.000316,0.000697,-0.000093,-0.000285,7,-0.129258,-0.014182,9.793640,0.038450,0.039442,0.021132,9.796314,0.113042,0.224350,0.092012
37.063189,1.154000,-0.574000,1.126000,1.194497,-0.306093,1.175715,1.099843,-0.502104,1.079425,0.035569,-0.041845,0.648590,0.759154,-0.201612,-1.084307,-0.176389,-0.000764,-0.000496,0.000256,0.000663,-0.000257,-0.000277,8,0.087257,0.030362,9.491087,-0.148359,-0.022296,-0.002450,9.494404,0.154442,0.275473,0.101347
37.115190,1.149000,-0.590000,1.127000,1.172862,-0.374060,1.084786,1.100294,-0.531515,1.073203,0.041471,-0.032270,0.563383,0.824523,-0.085960,-1.101830,-0.182880,-0.000846,-0.000490,0.000273,0.000663,-0.000284,-0.000276,12,-0.105512,-0.163775,9.749714,0.007266,0.053785,0.047114,9.753521,0.145393,0.221317,0.093203
37.162960,1.144000,-0.603000,1.127000,1.191566,-0.383918,1.181313,1.102097,-0.550626,1.075375,0.038885,-0.034765,0.524673,0.849704,-0.100528,-1.094603,-0.156759,-0.001054,-0.000606,0.000108,0.000703,-0.000356,-0.000272,4,-0.212065,0.012049,10.154564,-0.248984,-0.148715,-0.013068,10.156805,0.290461,0.230672,0.084641
37.210703,1.133000,-0.632000,1.127000,1.223330,-0.425993,1.156517,1.110659,-0.575521,1.076428,0.038568,-0.033477,0.537645,0.841623,-0.144168,-1.082247,-0.139144,-0.001181,-0.000647,-0.000015,0.000719,-0.000401,-0.000267,4,-0.102900,-0.132550,10.048838,-0.012211,-0.052973,-0.039957,10.050998,0.120703,0.226869,0.079036
37.266938,1.127000,-0.646000,1.128000,1.180954,-0.414901,1.136141,1.102528,-0.609567,1.072898,0.035607,-0.033361,0.476089,0.878042,0.070677,-1.175804,-0.141163,-0.000958,-0.000136,-0.000088,0.000532,-0.000317,-0.000264,8,-0.026296,-0.037213,9.764509,-0.103993,-0.056640,-0.006117,9.767285,0.154313,0.237453,0.070445
37.325068,1.118000,-0.667000,1.128000,1.176030,-0.458359,1.179828,1.110755,-0.643686,1.076542,0.039956,-0.028869,0.338319,0.939740,-0.012852,-1.142524,-0.122614,-0.001524,-0.000712,-0.000313,0.000741,-0.000521,-0.000252,44,-0.090005,0.246642,9.884470,-0.046768,-0.114439,0.019647,9.889721,0.165252,0.222677,0.056956
37.372851,1.110000,-0.683000,1.127000,1.152615,-0.468745,1.200995,1.110498,-0.662369,1.082037,0.035586,-0.031257,0.358353,0.932384,-0.061803,-1.117298,-0.115142,-0.001674,-0.000779,-0.000567,0.000765,-0.000574,-0.000251,5,-0.312124,0.302582,9.770495,-0.092391,-0.091982,0.002468,9.780472,0.149834,0.230644,0.049472
37.424772,1.102000,-0.697000,1.127000,1.166027,-0.494084,1.176636,1.104172,-0.676921,1.085673,0.028867,-0.035858,0.538715,0.841229,-0.140898,-1.072434,-0.107601,-0.001739,-0.000525,-0.000760,0.000672,-0.000598,-0.000254,17,-0.253401,0.322136,9.845112,-0.035650,-0.011886,0.015911,9.856636,0.095057,0.218490,0.045998
37.476741,1.091000,-0.717000,1.127000,1.137458,-0.473970,1.128393,1.102629,-0.706730,1.083775,0.032420,-0.023344,0.219029,0.974900,-0.078932,-1.045121,-0.094320,-0.001715,-0.000394,-0.000863,0.000627,-0.000583,-0.000273,5,-0.037943,0.337380,9.839883,-0.049844,-0.012863,-0.048713,9.847974,0.138747,0.247434,0.045925
37.539081,1.079000,-0.740000,1.127000,1.131927,-0.529899,1.179673,1.094097,-0.713357,1.088609,0.019862,-0.039371,0.515960,0.855477,-0.064366,-1.003478,-0.100431,-0.001937,-0.000620,-0.001072,0.000712,-0.000660,-0.000280,11,0.074381,0.012288,9.642225,-0.196495,-0.183679,-0.041386,9.643718,0.275831,0.222976,0.049109
37.595210,1.067000,-0.760000,1.128000,1.178801,-0.546990,1.122788,1.090401,-0.726878,1.087931,0.017077,-0.040194,0.603478,0.796183,-0.104922,-0.954931,-0.087438,-0.001924,-0.000120,-0.001139,0.000521,-0.000654,-0.000281,3,0.183882,0.297408,9.974026,0.070660,0.036894,-0.015689,9.980772,0.084414,0.240624,0.057010
37.647141,1.057000,-0.779000,1.128000,1.172919,-0.545692,1.170689,1.087422,-0.743560,1.091230,0.013348,-0.038071,0.615637,0.786997,-0.180123,-0.913762,-0.067303,-0.001959,0.000132,-0.001336,0.000423,-0.000666,-0.000279,11,0.050122,1.069696,10.030527,0.122838,0.061885,-0.050022,10.089595,0.195982,0.263993,0.059443
37.692890,1.046000,-0.799000,1.129000,1.151175,-0.572583,1.094854,1.084281,-0.757302,1.089604,0.012859,-0.031959,0.575829,0.816844,-0.238408,-0.848488,-0.065258,-0.002162,0.000139,-0.001337,0.000422,-0.000745,-0.000279,12,0.158976,0.294306,9.916622,0.029608,0.042266,0.006591,9.926477,0.126889,0.251977,0.068966
37.748910,1.035000,-0.818000,1.129000,1.143053,-0.558101,1.082102,1.078315,-0.773816,1.086500,0.015724,-0.027365,0.523915,0.851185,-0.276508,-0.806123,-0.072395,-0.002413,0.000083,-0.001315,0.000446,-0.000845,-0.000276,21,-0.009505,0.008291,9.806002,0.095079,-0.055043,-0.014006,9.809669,0.137863,0.285346,0.075065
37.800877,1.023000,-0.840000,1.129000,1.146426,-0.611046,1.144839,1.076474,-0.785114,1.088497,0.018710,-0.023489,0.431930,0.901407,-0.310338,-0.753348,-0.069303,-0.002705,-0.000165,-0.001468,0.000546,-0.000966,-0.000267,48,-0.208347,0.065398,9.740098,0.086061,-0.047756,-0.014801,9.746037,0.147060,0.260586,0.086674
37.854887,1.012000,-0.860000,1.131000,1.114814,-0.603685,1.068840,1.074157,-0.793326,1.085339,0.016401,-0.017411,0.290611,0.956542,-0.354427,-0.646773,-0.049757,-0.002966,-0.000650,-0.001415,0.000749,-0.001075,-0.000253,4,-0.097893,0.552423,10.134628,-0.104947,0.072439,0.006074,10.150337,0.128928,0.283076,0.101951
37.908978,1.002000,-0.879000,1.132000,1.136572,-0.649910,1.159570,1.074173,-0.803935,1.089661,0.014580,-0.011687,0.161197,0.986745,-0.312386,-0.567784,-0.033397,-0.003036,-0.001302,-0.001619,0.001025,-0.001106,-0.000247,5,0.144346,-0.266256,9.968436,-0.028688,0.068614,0.030753,9.973470,0.090545,0.267118,0.112411
37.965028,0.988000,-0.902000,1.134000,1.119390,-0.691050,1.148424,1.073362,-0.816205,1.093170,0.016605,-0.010328,0.059391,0.998043,-0.263464,-0.479003,-0.021013,-0.002927,-0.001862,-0.001781,0.001267,-0.001059,-0.000247,3,0.057700,0.189210,9.935821,0.084097,-0.090689,0.011699,9.937837,0.125002,0.248940,0.127728
38.023252,0.976000,-0.923000,1.136000,1.085422,-0.679880,1.050988,1.069613,-0.825320,1.089356,0.016797,-0.004730,-0.028371,0.999445,-0.213698,-0.392014,-0.017933,-0.002741,-0.002323,-0.001661,0.001472,-0.000976,-0.000248,3,-0.120512,0.243261,9.792965,0.049935,0.132796,-0.011869,9.796800,0.142809,0.279835,0.143110
38.075161,0.967000,-0.937000,1.137000,1.087102,-0.693413,1.075845,1.066939,-0.835644,1.087355,0.013483,-0.003110,-0.122826,0.992332,-0.167437,-0.329481,-0.022256,-0.002458,-0.002764,-0.001627,0.001670,-0.000847,-0.000252,7,-0.246214,0.061040,9.724379,-0.147019,-0.037802,-0.062266,9.728220,0.168383,0.278386,0.150749
38.122971,0.948000,-0.965000,1.139000,1.016139,-0.745224,1.150639,1.056661,-0.848459,1.090944,0.010989,-0.002437,-0.195099,0.980719,-0.130289,-0.306379,-0.014632,-0.002047,-0.003142,-0.001837,0.001843,-0.000660,-0.000261,4,-0.221452,-0.343981,9.824165,-0.070891,-0.104556,-0.026498,9.832888,0.130446,0.230390,0.166429
38.191572,0.939000,-0.982000,1.141000,1.047736,-0.761812,1.188319,1.047985,-0.872681,1.096987,0.012483,0.003217,-0.275320,0.961266,-0.108189,-0.274692,-0.007083,-0.001631,-0.003450,-0.002167,0.001986,-0.000466,-0.000268,23,0.035107,-0.020103,9.758317,0.012953,0.140861,0.020591,9.765899,0.175404,0.250091,0.160516
38.245536,0.929000,-0.997000,1.143000,1.054481,-0.765191,1.118573,1.045346,-0.886378,1.098266,0.014508,0.007737,-0.352227,0.935770,-0.031651,-0.243918,0.011934,-0.001144,-0.003696,-0.002253,0.002104,-0.000232,-0.000282,8,0.044152,0.324260,10.002859,0.123708,0.138488,0.007999,10.012323,0.232712,0.264721,0.166658
38.303765,0.917000,-1.015000,1.145000,1.013677,-0.796238,1.163645,1.037397,-0.902617,1.103499,0.012628,0.010529,-0.403515,0.914825,0.016706,-0.234373,0.018134,-0.000650,-0.003874,-0.002494,0.002188,0.000007,-0.000298,14,0.088402,0.174760,9.856677,0.047000,0.029636,-0.026037,9.861163,0.096822,0.239898,0.169846
38.357831,0.905000,-1.034000,1.147000,1.021942,-0.807353,1.046711,1.033112,-0.915893,1.099613,0.014546,0.011233,-0.449014,0.893336,0.094514,-0.220536,0.017027,-0.000237,-0.003991,-0.002323,0.002246,0.000214,-0.000310,11,0.061357,0.292246,9.915771,0.136117,0.047194,0.016744,9.920893,0.152720,0.274048,0.180575
38.418050,0.895000,-1.048000,1.148000,1.031916,-0.842263,1.149893,1.031463,-0.934064,1.104280,0.015070,0.013637,-0.482007,0.875932,0.182533,-0.233001,0.033544,0.000137,-0.004089,-0.002519,0.002293,0.000400,-0.000327,13,-0.071560,0.406856,10.020108,0.089802,0.106652,-0.000677,10.029000,0.170422,0.247138,0.183071
38.470004,0.880000,-1.075000,1.151000,0.993439,-0.878963,1.107956,1.027268,-0.950185,1.105886,0.011320,0.014101,-0.502628,0.864314,0.255181,-0.249482,0.036212,0.000455,-0.004165,-0.002554,0.002330,0.000562,-0.000342,8,-0.103125,0.521616,9.762584,-0.056667,-0.030856,-0.036634,9.777284,0.108088,0.230547,0.198247
38.526127,0.872000,-1.088000,1.152000,1.024790,-0.911756,1.237561,1.026524,-0.967622,1.117162,0.010870,0.014611,-0.514391,0.857363,0.273748,-0.289808,0.037488,0.000635,-0.004242,-0.003033,0.002366,0.000654,-0.000348,6,-0.120648,-0.413457,9.732678,-0.136635,0.028875,0.027743,9.742337,0.145454,0.248451,0.198953
38.584279,0.858000,-1.110000,1.155000,0.993111,-0.926927,1.183525,1.022674,-0.988473,1.123676,0.009029,0.012677,-0.519675,0.854222,0.282339,-0.331718,0.032140,0.000811,-0.004341,-0.003293,0.002415,0.000748,-0.000349,12,0.007338,-0.185361,9.808076,-0.105515,-0.023237,0.029125,9.810185,0.144857,0.229313,0.207044
38.638349,0.848000,-1.127000,1.157000,1.028502,-0.937131,1.165497,1.022565,-1.007497,1.128793,0.002851,0.017166,-0.517999,0.855204,0.296975,-0.360350,0.058942,0.000855,-0.004493,-0.003458,0.002492,0.000770,-0.000347,7,-0.050909,0.056283,10.256955,-0.161141,0.041794,0.016215,10.258908,0.174992,0.262113,0.213423
38.690298,0.836000,-1.144000,1.159000,0.952840,-0.954444,1.136724,1.013922,-1.023876,1.132025,0.003399,0.017848,-0.503872,0.863587,0.289042,-0.401994,0.054864,0.000887,-0.004642,-0.003508,0.002570,0.000782,-0.000347,5,0.120001,-0.072455,9.875437,-0.018145,0.032515,0.018188,9.883194,0.056022,0.223784,0.216365
38.744301,0.823000,-1.164000,1.162000,0.968815,-1.000265,1.182218,1.008615,-1.045760,1.138427,0.000155,0.015992,-0.500689,0.865479,0.324972,-0.412058,0.055829,0.000908,-0.004754,-0.003708,0.002630,0.000789,-0.000337,8,-0.058608,0.214274,9.749529,-0.035549,-0.078631,-0.013408,9.756600,0.099546,0.220182,0.221335
38.796246,0.808000,-1.185000,1.166000,0.926814,-1.021480,1.172806,1.000835,-1.065917,1.143998,0.000335,0.013129,-0.497975,0.867092,0.379165,-0.419248,0.070712,0.001019,-0.004835,-0.003859,0.002674,0.000844,-0.000335,4,0.120379,0.722992,10.103597,0.038015,-0.061673,0.027671,10.130426,0.080567,0.202242,0.227706
38.852438,0.796000,-1.200000,1.168000,0.888483,-1.028632,1.095933,0.991779,-1.085901,1.143821,-0.000353,0.014236,-0.498400,0.866830,0.420254,-0.408533,0.058157,0.001180,-0.004905,-0.003703,0.002715,0.000929,-0.000330,23,-0.134264,0.542289,9.754703,-0.007145,0.044391,-0.004731,9.772972,0.109093,0.207638,0.227888
38.912580,0.784000,-1.215000,1.170000,0.931743,-1.051856,1.162223,0.990013,-1.106035,1.148101,0.002493,0.011519,-0.514834,0.857209,0.434038,-0.416542,0.058117,0.001410,-0.004988,-0.003805,0.002761,0.001060,-0.000334,17,-0.211213,0.620815,9.649492,0.153761,0.025490,-0.031264,9.687732,0.164405,0.220237,0.234082
38.964594,0.772000,-1.229000,1.172000,0.930646,-1.088055,1.111344,0.988525,-1.126423,1.148637,0.000519,0.013692,-0.522752,0.852375,0.423295,-0.429447,0.077702,0.001569,-0.005023,-0.003679,0.002782,0.001153,-0.000334,6,-0.209528,-0.143400,10.222520,-0.072245,0.100195,0.012797,10.226492,0.136975,0.220710,0.240730
39.022730,0.760000,-1.242000,1.174000,0.946798,-1.045560,1.155064,0.989595,-1.141423,1.153431,0.004335,0.013664,-0.521190,0.853320,0.412325,-0.446585,0.080918,0.001676,-0.005188,-0.003728,0.002875,0.001212,-0.000336,19,-0.052545,-0.250145,9.919850,-0.025086,0.044468,0.053718,9.924333,0.155686,0.271737,0.251501
39.078852,0.744000,-1.258000,1.176000,0.893328,-1.115608,1.145921,0.984168,-1.159599,1.156823,0.010204,0.010915,-0.516034,0.856438,0.381888,-0.462761,0.068901,0.001778,-0.005247,-0.003721,0.002911,0.001270,-0.000332,8,-0.054944,-0.051914,9.616264,0.243386,0.015004,0.023199,9.617517,0.249644,0.208517,0.260252
39.155737,0.729000,-1.272000,1.178000,0.842939,-1.105231,1.271242,0.974250,-1.181747,1.171298,0.016438,0.010219,-0.498410,0.866725,0.329823,-0.457002,0.069702,0.001872,-0.005381,-0.004241,0.002991,0.001314,-0.000330,30,-0.140152,-0.096436,9.571655,0.126203,0.041195,0.028972,9.577137,0.152179,0.222459,0.261416
39.201468,0.717000,-1.282000,1.181000,0.852768,-1.127246,1.150271,0.960749,-1.188704,1.173026,0.013892,0.010626,-0.468028,0.883540,0.237571,-0.451544,0.071738,0.001754,-0.005531,-0.004189,0.003086,0.001233,-0.000318,25,-0.007319,-0.130479,9.867496,-0.064837,-0.021901,0.023951,9.875767,0.142213,0.208149,0.261116
39.259615,0.701000,-1.295000,1.184000,0.841821,-1.132989,1.157078,0.946436,-1.198162,1.176164,0.014234,0.009221,-0.421077,0.906866,0.131982,-0.443942,0.077482,0.001473,-0.005714,-0.004147,0.003205,0.001041,-0.000305,12,-0.252242,-0.358442,9.874115,0.084981,0.027390,0.047974,9.884358,0.114819,0.216340,0.263966
39.321968,0.691000,-1.303000,1.186000,0.894455,-1.186742,1.198222,0.936164,-1.212787,1.182991,0.010210,0.012306,-0.366032,0.930465,0.060365,-0.426345,0.097273,0.001071,-0.005875,-0.004229,0.003312,0.000780,-0.000298,20,-0.163179,0.159596,10.103915,-0.112457,-0.006739,0.014492,10.118605,0.148833,0.234647,0.261252
39.380176,0.679000,-1.310000,1.188000,0.821311,-1.217157,1.157060,0.912750,-1.220319,1.186055,0.002190,0.012597,-0.274208,0.961585,0.003194,-0.386236,0.093739,0.000634,-0.005951,-0.004090,0.003371,0.000501,-0.000285,55,0.026142,0.319738,9.782892,-0.234923,-0.048494,0.015921,9.790596,0.260563,0.172713,0.250371
39.430042,0.664000,-1.320000,1.191000,0.812371,-1.189819,1.124571,0.812056,-1.189842,1.124395,0.000000,0.000000,-0.000000,1.000000,0.003194,-0.386236,0.093739,0.001924,-0.005719,-0.004115,0.003194,0.001434,-0.000354,1,-0.282632,-0.218998,9.579437,0.046528,-0.109222,0.033405,9.586107,0.123329,0.208264,0.208082
39.488178,0.650000,-1.327000,1.194000,0.832003,-1.229751,1.179321,0.823041,-1.222433,1.154672,-0.007933,-0.010908,-0.661914,0.749459,0.012038,-0.380596,0.093502,0.001924,-0.005719,-0.004115,0.003194,0.001434,-0.000354,20,-0.057171,0.065827,9.775314,-0.016807,0.028346,0.016395,9.779340,0.095981,0.206876,0.205971
39.548478,0.626000,-1.340000,1.200000,0.771749,-1.278745,1.179303,0.817658,-1.238372,1.168139,-0.007198,-0.009082,0.102912,0.994623,-0.000688,-0.401429,0.109706,0.001924,-0.005719,-0.004116,0.003193,0.001435,-0.000354,18,-0.107305,0.127424,10.031249,-0.007675,0.192156,0.029716,10.034670,0.206596,0.159447,0.219262
39.602470,0.609000,-1.346000,1.204000,0.816566,-1.279651,1.236757,0.810843,-1.270956,1.189150,-0.001987,-0.009399,-0.046630,0.998866,-0.016699,-0.348535,0.112389,0.001924,-0.005719,-0.004121,0.003193,0.001435,-0.000354,54,0.056044,0.499630,9.825911,-0.073552,-0.042559,-0.000191,9.843760,0.144633,0.220360,0.215853
39.646105,0.603000,-1.347000,1.206000,0.757996,-1.313338,1.156620,0.797674,-1.292166,1.185960,0.001266,-0.019563,-0.253250,0.967202,-0.030982,-0.356202,0.106213,0.001924,-0.005719,-0.004117,0.003193,0.001435,-0.000354,44,-0.053824,0.231440,9.700694,0.064894,0.059220,0.012496,9.709898,0.127040,0.166118,0.203240
39.691851,0.594000,-1.351000,1.208000,0.786809,-1.311938,1.136384,0.793045,-1.308389,1.181567,-0.002758,-0.020430,-0.305244,0.952051,-0.050765,-0.330464,0.106343,0.001924,-0.005719,-0.004107,0.003193,0.001435,-0.000354,47,0.002308,0.074084,9.878678,-0.176798,0.016184,0.016908,9.881126,0.193918,0.209356,0.205264
39.735501,0.583000,-1.353000,1.211000,0.779145,-1.357610,1.216029,0.787500,-1.320925,1.189920,-0.002583,-0.025406,-0.332829,0.942641,-0.017691,-0.324626,0.108772,0.001924,-0.005719,-0.004113,0.003193,0.001436,-0.000354,36,-0.050824,0.471452,9.825874,-0.031130,-0.035919,-0.020467,9.838331,0.114269,0.196264,0.208070
39.779178,0.573000,-1.355000,1.213000,0.754522,-1.324995,1.229994,0.786803,-1.325093,1.196735,-0.003994,-0.027300,-0.515666,0.856345,-0.048864,-0.365805,0.114652,0.001924,-0.005719,-0.004121,0.003193,0.001436,-0.000354,13,-0.016613,0.191305,9.949353,0.067350,0.048474,0.033286,9.951415,0.117284,0.184768,0.216497
39.820734,0.573000,-1.355000,1.213000,0.719545,-1.343721,1.118017,0.784230,-1.329400,1.189139,-0.008721,-0.029509,-0.543244,0.839011,-0.132726,-0.318358,0.108053,0.001924,-0.005718,-0.004107,0.003193,0.001436,-0.000354,11,-0.138859,0.382794,9.767431,-0.160415,-0.033485,-0.007909,9.776808,0.170949,0.174999,0.214110
39.860164,0.554000,-1.360000,1.218000,0.712996,-1.338857,1.182141,0.768380,-1.340635,1.190462,-0.003813,-0.023498,-0.318124,0.947750,-0.223680,-0.253088,0.109237,0.001923,-0.005718,-0.004106,0.003193,0.001435,-0.000354,16,-0.356142,0.373682,9.817675,0.050514,-0.015724,-0.020155,9.832903,0.089938,0.164355,0.217007
39.914205,0.554000,-1.360000,1.218000,0.662439,-1.372014,1.182481,0.737697,-1.360843,1.194696,0.012679,-0.028615,-0.307316,0.951093,-0.234568,-0.274478,0.117293,0.001924,-0.005719,-0.004107,0.003193,0.001436,-0.000354,9,-0.019736,0.209264,9.918813,0.247465,0.146809,0.007206,9.922673,0.291741,0.114739,0.185172
39.955792,0.528000,-1.362000,1.225000,0.713228,-1.364361,1.170116,0.731749,-1.365815,1.193470,0.014001,-0.029166,-0.271352,0.961936,-0.240681,-0.292426,0.118149,0.001925,-0.005719,-0.004101,0.003194,0.001436,-0.000354,12,-0.155092,0.174894,9.982465,0.145912,0.046743,0.033717,9.986822,0.176630,0.193203,0.206209
39.997350,0.516000,-1.363000,1.228000,0.687962,-1.369415,1.274073,0.723233,-1.368738,1.201683,0.014255,-0.032349,-0.294730,0.954927,-0.267100,-0.291767,0.119685,0.001925,-0.005719,-0.004128,0.003194,0.001436,-0.000354,5,0.032109,-0.200030,9.697282,-0.045725,-0.135846,-0.048873,9.699701,0.151784,0.178142,0.208976
40.038910,0.501000,-1.365000,1.232000,0.658624,-1.380011,1.243023,0.711224,-1.374279,1.206791,0.014186,-0.035230,-0.295337,0.954638,-0.297225,-0.282909,0.122589,0.001925,-0.005720,-0.004143,0.003194,0.001436,-0.000354,10,-0.008349,0.569497,9.851300,-0.118412,-0.041601,0.021697,9.868370,0.163846,0.158720,0.211934
40.084619,0.492000,-1.366000,1.235000,0.653988,-1.423175,1.204694,0.700798,-1.380555,1.208523,0.019203,-0.039592,-0.435369,0.899176,-0.317314,-0.280125,0.123758,0.001924,-0.005720,-0.004141,0.003194,0.001436,-0.000354,6,-0.171076,0.220182,9.946507,0.009875,-0.054853,0.004288,9.950522,0.057554,0.174435,0.210973
40.126217,0.478000,-1.367000,1.239000,0.689597,-1.418543,1.250938,0.691946,-1.388694,1.214294,0.020421,-0.041057,-0.458512,0.887504,-0.319502,-0.271219,0.127722,0.001925,-0.005721,-0.004152,0.003194,0.001436,-0.000354,17,0.049997,0.528260,9.879453,0.050862,-0.021769,-0.002540,9.894996,0.158996,0.218111,0.216458
40.173935,0.467000,-1.366000,1.242000,0.608851,-1.405756,1.271365,0.682330,-1.390343,1.219783,0.022097,-0.044959,-0.559569,0.827269,-0.345233,-0.283292,0.128984,0.001925,-0.005722,-0.004174,0.003194,0.001436,-0.000354,5,0.110194,0.064697,9.724772,-0.059679,-0.134063,0.036996,9.725755,0.198673,0.150215,0.217837
40.225863,0.447000,-1.366000,1.247000,0.630512,-1.432102,1.245177,0.669742,-1.399623,1.223385,0.018229,-0.043817,-0.392497,0.918528,-0.374653,-0.286849,0.130290,0.001924,-0.005722,-0.004184,0.003194,0.001436,-0.000354,13,-0.316896,0.064923,9.885802,-0.036227,0.012783,0.016042,9.891478,0.086899,0.195063,0.226500
40.277806,0.432000,-1.366000,1.251000,0.654824,-1.441781,1.300640,0.649392,-1.420016,1.234406,0.018443,-0.041720,-0.308333,0.950184,-0.432953,-0.296660,0.140742,0.001924,-0.005724,-0.004216,0.003194,0.001436,-0.000354,7,0.137000,0.405309,9.973051,0.012719,-0.030216,-0.026728,9.983428,0.055639,0.240535,0.224616
40.327672,0.424000,-1.366000,1.253000,0.597794,-1.450715,1.158448,0.623998,-1.438270,1.235664,0.022081,-0.040619,-0.322464,0.945452,-0.487188,-0.306300,0.140685,0.001924,-0.005723,-0.004172,0.003194,0.001436,-0.000354,21,-0.006763,0.111486,10.013073,0.007154,0.040323,0.031852,10.014985,0.087429,0.215224,0.213360
40.373392,0.417000,-1.365000,1.255000,0.617336,-1.471134,1.339387,0.612071,-1.449406,1.245886,0.020630,-0.040788,-0.284391,0.957618,-0.510432,-0.322544,0.147107,0.001924,-0.005723,-0.004228,0.003194,0.001436,-0.000354,23,-0.067886,-0.141561,9.835428,-0.017466,-0.096850,0.008056,9.838214,0.126214,0.241909,0.212745
40.410842,0.406000,-1.364000,1.258000,0.620683,-1.435487,1.209542,0.609388,-1.450510,1.244829,0.019649,-0.040304,-0.281828,0.958417,-0.512919,-0.316609,0.143221,0.001924,-0.005723,-0.004208,0.003194,0.001436,-0.000354,3,-0.270321,0.200842,9.625804,-0.078484,0.037469,-0.030659,9.631732,0.102736,0.231403,0.221414
40.456532,0.395000,-1.364000,1.261000,0.561107,-1.444184,1.199052,0.589677,-1.457740,1.245849,0.018302,-0.040126,-0.324728,0.944779,-0.555181,-0.311987,0.138964,0.001924,-0.005723,-0.004183,0.003194,0.001436,-0.000354,17,0.085062,0.123103,9.868745,-0.195984,0.070413,-0.027075,9.874706,0.214855,0.194573,0.216601
40.498079,0.385000,-1.363000,1.264000,0.531513,-1.438818,1.247629,0.574198,-1.459810,1.248228,0.023365,-0.042977,-0.427533,0.902675,-0.596340,-0.295490,0.139439,0.001924,-0.005722,-0.004191,0.003193,0.001436,-0.000354,11,-0.125548,-0.046066,9.968361,0.075178,-0.062848,-0.027870,9.970722,0.132675,0.165778,0.213112
40.541733,0.367000,-1.361000,1.268000,0.546787,-1.416219,1.195134,0.564050,-1.459585,1.247046,0.025655,-0.044388,-0.477373,0.877204,-0.618866,-0.278218,0.137886,0.001925,-0.005722,-0.004167,0.003193,0.001436,-0.000354,7,-0.154337,-0.176272,9.993232,0.105320,-0.054009,0.029337,9.996255,0.133217,0.201697,0.221330
40.587421,0.355000,-1.357000,1.272000,0.534056,-1.461651,1.218092,0.541647,-1.468172,1.249710,0.025565,-0.045154,-0.483113,0.874019,-0.663060,-0.270183,0.134048,0.001925,-0.005721,-0.004148,0.003193,0.001436,-0.000354,29,-0.307579,-0.125616,9.847963,0.011541,-0.016574,0.010857,9.854696,0.113479,0.214287,0.218388
40.622844,0.346000,-1.354000,1.274000,0.523965,-1.495666,1.297035,0.527386,-1.475979,1.254881,0.024320,-0.044704,-0.465044,0.883824,-0.682373,-0.275276,0.134908,0.001925,-0.005721,-0.004175,0.003193,0.001436,-0.000354,16,-0.066198,0.184107,9.756097,-0.070117,0.013644,-0.009513,9.759235,0.131543,0.228630,0.219420
40.660154,0.334000,-1.348000,1.277000,0.480356,-1.469479,1.322891,0.509111,-1.479356,1.261285,0.026633,-0.045589,-0.490109,0.870060,-0.713323,-0.256457,0.135116,0.001926,-0.005721,-0.004222,0.003193,0.001436,-0.000354,8,-0.323757,0.270692,9.688558,0.066452,0.047007,-0.025980,9.697906,0.110795,0.195661,0.219466
40.722491,0.306000,-1.338000,1.285000,0.522525,-1.439734,1.238940,0.470614,-1.488898,1.268422,0.028914,-0.043780,-0.556897,0.828923,-0.739655,-0.232991,0.139415,0.001925,-0.005726,-0.004194,0.003194,0.001436,-0.000354,35,0.089041,0.294360,9.892741,0.045552,0.036836,-0.006374,9.898500,0.120492,0.243628,0.223926
40.761966,0.302000,-1.336000,1.286000,0.514520,-1.459080,1.332511,0.450378,-1.492480,1.277917,0.030605,-0.045103,-0.606139,0.793489,-0.742220,-0.207367,0.147803,0.001925,-0.005733,-0.004238,0.003196,0.001436,-0.000354,6,-0.067569,0.359245,9.929183,0.126921,-0.041885,-0.002732,9.937199,0.138962,0.249953,0.215795
40.822239,0.280000,-1.324000,1.292000,0.469218,-1.462069,1.169867,0.414514,-1.499061,1.279385,0.032937,-0.043626,-0.650477,0.757556,-0.778205,-0.179877,0.133779,0.001925,-0.005738,-0.004109,0.003198,0.001436,-0.000354,59,-0.145981,0.041933,9.758828,0.042828,0.059183,0.008651,9.762154,0.109715,0.264165,0.221132
40.876407,0.273000,-1.322000,1.294000,0.470131,-1.466274,1.287440,0.386400,-1.502211,1.287247,0.031221,-0.043027,-0.706953,0.705260,-0.787142,-0.157354,0.137101,0.001928,-0.005752,-0.004094,0.003202,0.001437,-0.000354,55,0.042073,0.181220,9.859900,-0.028872,-0.066341,-0.002189,9.866684,0.131618,0.244374,0.213028
40.928307,0.258000,-1.311000,1.299000,0.513423,-1.466707,1.279105,0.370643,-1.503048,1.294019,0.029515,-0.042100,-0.715238,0.696987,-0.782636,-0.135400,0.134841,0.001941,-0.005776,-0.004041,0.003209,0.001441,-0.000354,24,-0.279664,0.048903,9.863679,0.032851,-0.078600,0.003811,9.869444,0.151032,0.299803,0.222701
40.980201,0.243000,-1.302000,1.303000,0.433946,-1.497159,1.292207,0.345582,-1.507549,1.300844,0.030036,-0.039765,-0.624670,0.779297,-0.772869,-0.120885,0.137375,0.001943,-0.005797,-0.004004,0.003216,0.001442,-0.000355,7,-0.163056,0.338756,9.736843,0.017787,0.101604,0.048023,9.746567,0.251655,0.273247,0.229735
41.034190,0.227000,-1.291000,1.308000,0.415917,-1.437033,1.200123,0.324663,-1.507340,1.301202,0.028187,-0.036783,-0.660038,0.749801,-0.777585,-0.089284,0.130573,0.001923,-0.005821,-0.003838,0.003224,0.001435,-0.000355,8,-0.051438,0.124043,9.817968,-0.102399,-0.026013,0.021358,9.819915,0.159559,0.262017,0.237460
41.079926,0.215000,-1.285000,1.311000,0.417663,-1.494120,1.231387,0.332455,-1.498873,1.295643,0.019335,-0.035218,-0.494882,0.868031,-0.752681,-0.091600,0.125120,0.001950,-0.005836,-0.003716,0.003229,0.001444,-0.000355,2,-0.057794,-0.066884,9.824695,-0.246520,-0.072138,-0.023915,9.825101,0.258085,0.301897,0.244486
41.127703,0.188000,-1.269000,1.319000,0.450532,-1.449546,1.215890,0.317363,-1.497949,1.295839,-0.003714,-0.025645,-0.075815,0.996785,-0.705998,-0.143548,0.124413,0.001932,-0.005874,-0.003573,0.003242,0.001438,-0.000355,7,-0.055605,0.280904,9.937011,-0.178879,-0.071736,-0.007250,9.942098,0.194034,0.334890,0.263987
41.181799,0.181000,-1.261000,1.321000,0.367694,-1.510458,1.312338,0.293279,-1.499071,1.302666,-0.023130,-0.003962,0.480486,0.876689,-0.569255,-0.101107,0.131590,0.001842,-0.005836,-0.003570,0.003230,0.001408,-0.000354,18,-0.074493,0.107748,9.799911,0.004837,-0.019991,0.012876,9.804417,0.134719,0.311703,0.263857
41.235741,0.163000,-1.247000,1.326000,0.382855,-1.474030,1.328046,0.279328,-1.490585,1.310154,-0.032168,0.008849,0.772748,0.633835,-0.543723,0.104526,0.128991,0.001833,-0.005672,-0.003572,0.003176,0.001405,-0.000354,54,-0.045470,-0.101683,9.849195,-0.111293,-0.047321,-0.005276,9.851536,0.129144,0.316043,0.270402
41.287721,0.154000,-1.243000,1.329000,0.361478,-1.479694,1.280064,0.269841,-1.480845,1.313434,-0.032376,0.013523,0.864485,0.501432,-0.634918,0.124553,0.112137,0.001938,-0.005586,-0.003482,0.003147,0.001443,-0.000355,53,-0.089287,-0.033990,9.673876,-0.125220,0.014146,-0.001740,9.676359,0.157242,0.318538,0.265013
41.352161,0.127000,-1.217000,1.338000,0.364332,-1.453292,1.350720,0.252756,-1.471879,1.321457,-0.030641,0.008825,0.844688,0.534308,-0.603072,0.119597,0.120226,0.001958,-0.005570,-0.003508,0.003141,0.001450,-0.000355,46,-0.207621,0.165871,9.884135,-0.107652,-0.061609,-0.019793,9.891801,0.149435,0.335145,0.284695
41.389545,0.115000,-1.207000,1.343000,0.335243,-1.473557,1.370049,0.245289,-1.464800,1.329918,-0.029160,0.012078,0.887329,0.460055,-0.600031,0.143197,0.134352,0.001981,-0.005533,-0.003555,0.003128,0.001459,-0.000356,9,-0.018889,0.131091,10.096730,-0.039346,-0.055313,-0.020568,10.097915,0.086115,0.346831,0.289149
41.441495,0.115000,-1.207000,1.343000,0.348929,-1.464938,1.337493,0.234070,-1.457702,1.337069,-0.029144,0.013635,0.880312,0.473302,-0.587900,0.161938,0.141873,0.002002,-0.005498,-0.003519,0.003115,0.001467,-0.000357,52,-0.001921,0.151034,9.957770,0.017024,0.073583,0.003096,9.961571,0.121832,0.348259,0.277605
41.485153,0.100000,-1.195000,1.348000,0.296291,-1.446022,1.359573,0.228984,-1.452325,1.342245,-0.029732,0.012623,0.866607,0.497945,-0.582953,0.182888,0.136911,0.001995,-0.005476,-0.003539,0.003107,0.001464,-0.000357,28,0.272528,0.156939,9.606091,-0.100022,0.048121,-0.043130,9.613010,0.150885,0.318867,0.287900
41.530801,0.087000,-1.182000,1.354000,0.289400,-1.450515,1.372287,0.289049,-1.450662,1.372170,-0.000000,-0.000000,0.000000,1.000000,-0.582953,0.182888,0.136911,0.001995,-0.005476,-0.003539,0.003107,0.001464,-0.000357,0,0.000000,0.000000,0.000000,0.000000,0.000000,0.000000,0.000000,0.000000,0.336750,0.336650
41.568285,0.079000,-1.172000,1.357000,0.303454,-1.456979,1.332050,0.288636,-1.450613,1.352362,-0.006333,-0.022317,0.188565,0.981787,-0.576491,0.178433,0.134412,0.001995,-0.005476,-0.003539,0.003107,0.001464,-0.000357,16,0.013987,0.383432,10.015310,0.093491,-0.059076,-0.005167,10.023783,0.132239,0.363614,0.348703
41.609873,0.079000,-1.172000,1.357000,0.243133,-1.437104,1.300932,0.268952,-1.445146,1.337902,0.015895,-0.019874,0.007317,0.999649,-0.589772,0.181085,0.149517,0.001995,-0.005476,-0.003539,0.003107,0.001464,-0.000357,12,0.086131,0.153846,10.171471,0.115019,0.079506,0.032746,10.173400,0.152665,0.316802,0.333249
41.643063,0.058000,-1.153000,1.364000,0.269103,-1.418879,1.398144,0.256317,-1.437740,1.355836,0.007623,-0.020902,0.386463,0.922036,-0.589999,0.176488,0.152347,0.001995,-0.005476,-0.003539,0.003107,0.001464,-0.000357,17,-0.134155,-0.096565,9.874225,0.083422,0.070953,0.017547,9.876110,0.139416,0.341207,0.347092
41.692936,0.035000,-1.124000,1.371000,0.273898,-1.421421,1.374019,0.227940,-1.435227,1.365187,-0.016682,-0.027630,0.954716,0.295761,-0.555092,0.170900,0.154651,0.001995,-0.005476,-0.003540,0.003107,0.001464,-0.000357,4,-0.125166,-0.405437,9.813152,0.094254,-0.019716,-0.004854,9.823210,0.132746,0.381498,0.366227
41.726122,0.032000,-1.121000,1.372000,0.192210,-1.409612,1.313012,0.214922,-1.418267,1.360886,0.018037,0.006529,0.319959,0.947237,-0.584421,0.141680,0.159586,0.001995,-0.005476,-0.003537,0.003107,0.001464,-0.000357,2,-0.258814,0.315425,10.031995,0.122895,0.018096,-0.020045,10.040327,0.125879,0.335326,0.349216
41.771849,0.013000,-1.102000,1.379000,0.195955,-1.390233,1.300726,0.189363,-1.408399,1.358183,0.014324,0.009363,0.360791,0.932490,-0.563093,0.140938,0.153612,0.001995,-0.005476,-0.003529,0.003107,0.001464,-0.000357,46,-0.048157,-0.156569,9.726324,0.151305,0.103136,0.004278,9.730362,0.197396,0.350254,0.354144
41.817624,0.002000,-1.092000,1.383000,0.268804,-1.378970,1.351780,0.152592,-1.405965,1.364085,-0.004116,-0.002000,0.714984,0.699126,-0.564772,0.214445,0.154598,0.001995,-0.005477,-0.003527,0.003107,0.001464,-0.000357,46,0.051563,-0.024743,9.819305,0.076397,0.083420,0.013950,9.823175,0.128970,0.393079,0.348726
41.863334,-0.008000,-1.078000,1.387000,0.201418,-1.401854,1.347058,0.173219,-1.393122,1.364418,0.014301,0.024068,0.465774,0.884461,-0.474823,0.175434,0.149397,0.001995,-0.005477,-0.003521,0.003107,0.001464,-0.000357,28,0.160002,0.232834,9.779645,-0.011339,-0.066942,0.023940,9.786646,0.110936,0.387727,0.364214
41.902799,-0.025000,-1.058000,1.393000,0.178333,-1.379182,1.350334,0.159494,-1.385483,1.367755,0.012004,0.025854,0.412140,0.910674,-0.430713,0.168382,0.145009,0.001995,-0.005477,-0.003517,0.003107,0.001464,-0.000357,30,0.013502,-0.127883,9.776105,-0.086110,-0.026885,-0.026659,9.778373,0.143742,0.382521,0.376724
41.967198,-0.039000,-1.038000,1.397000,0.137898,-1.349730,1.396645,0.133073,-1.369309,1.379359,0.006078,0.024559,0.448488,0.893431,-0.392067,0.197098,0.159992,0.001995,-0.005477,-0.003524,0.003107,0.001464,-0.000357,35,0.068156,-0.004649,9.963234,-0.086582,-0.013282,-0.000269,9.964674,0.137256,0.358425,0.373746
41.994228,-0.039000,-1.038000,1.397000,0.148858,-1.342957,1.419793,0.134196,-1.364385,1.383519,0.004259,0.026565,0.440599,0.897301,-0.384628,0.214449,0.162780,0.001995,-0.005477,-0.003536,0.003107,0.001464,-0.000357,4,0.064856,0.034688,9.983203,0.100289,0.088942,-0.044578,9.983598,0.142430,0.358900,0.369738
42.056553,-0.057000,-1.016000,1.403000,0.160339,-1.335180,1.418214,0.120458,-1.348417,1.395662,0.000118,0.031575,0.305266,0.951744,-0.319164,0.225584,0.159135,0.001995,-0.005477,-0.003546,0.003107,0.001464,-0.000357,56,-0.028626,-0.105340,9.732791,-0.046891,-0.007492,0.008608,9.737425,0.135255,0.386450,0.376890
42.085664,-0.072000,-0.997000,1.408000,0.159005,-1.338548,1.427751,0.123655,-1.344988,1.399424,-0.002487,0.035102,0.219328,0.975016,-0.292817,0.226927,0.158653,0.001996,-0.005477,-0.003557,0.003107,0.001464,-0.000357,9,-0.045014,0.065742,9.697757,-0.014383,0.113619,0.009622,9.698717,0.125377,0.412806,0.399312
42.125133,-0.072000,-0.997000,1.408000,0.074978,-1.342661,1.366850,0.113525,-1.341929,1.399391,-0.003513,0.032556,0.200121,0.979224,-0.301535,0.232114,0.158690,0.001996,-0.005477,-0.003546,0.003107,0.001464,-0.000357,9,0.099400,0.124613,9.865827,-0.031840,-0.064182,0.015147,9.868028,0.088059,0.377859,0.391752
42.166720,-0.095000,-0.970000,1.415000,0.104340,-1.327864,1.474247,0.101355,-1.331029,1.411609,-0.007370,0.031353,0.202357,0.978782,-0.283155,0.244928,0.171116,0.001996,-0.005477,-0.003575,0.003107,0.001464,-0.000357,32,-0.130996,-0.109081,9.961888,-0.151656,-0.033543,-0.002557,9.969009,0.185550,0.413900,0.410985
42.214497,-0.111000,-0.945000,1.420000,0.100271,-1.318911,1.362734,0.097213,-1.326005,1.410649,-0.009054,0.030893,0.194890,0.980297,-0.273283,0.248228,0.166712,0.001996,-0.005477,-0.003553,0.003107,0.001464,-0.000357,12,-0.224936,-0.046321,9.793095,-0.129420,-0.059436,-0.087615,9.797553,0.204625,0.433272,0.434287
42.251888,-0.119000,-0.931000,1.423000,0.120936,-1.292388,1.444723,0.097209,-1.319521,1.414545,-0.010850,0.031492,0.182329,0.982673,-0.258282,0.265934,0.170454,0.001996,-0.005477,-0.003567,0.003107,0.001464,-0.000357,10,0.107656,0.134445,10.037158,-0.078877,-0.088685,0.024178,10.040788,0.142856,0.434330,0.444709
42.285097,-0.131000,-0.916000,1.427000,0.080864,-1.253390,1.434088,0.091195,-1.306688,1.419546,-0.012112,0.031425,0.178929,0.983285,-0.248670,0.287402,0.172798,0.001996,-0.005477,-0.003578,0.003107,0.001464,-0.000357,15,-0.016101,-0.230834,9.823801,0.108539,-0.019153,-0.040450,9.828526,0.127360,0.398458,0.449515
42.322543,-0.131000,-0.916000,1.427000,0.041914,-1.298674,1.558233,0.079790,-1.296724,1.433932,-0.015700,0.030713,0.142303,0.989222,-0.248845,0.310494,0.185377,0.001996,-0.005478,-0.003640,0.003107,0.001464,-0.000357,14,-0.148788,0.445564,9.982704,-0.027327,0.028448,-0.053888,9.994627,0.112566,0.439955,0.435237
42.362054,-0.153000,-0.880000,1.436000,0.073820,-1.257163,1.480823,0.073352,-1.287206,1.440109,-0.017214,0.029917,0.113084,0.992986,-0.249848,0.334063,0.187957,0.001996,-0.005477,-0.003662,0.003107,0.001464,-0.000357,5,-0.113278,-0.168346,9.741528,0.026401,-0.011933,0.017787,9.743812,0.034972,0.442390,0.465907
42.420207,-0.168000,-0.857000,1.442000,0.050991,-1.284077,1.464055,0.058152,-1.269981,1.451429,-0.015327,0.026871,0.136158,0.990204,-0.234980,0.352052,0.179785,0.001996,-0.005476,-0.003668,0.003107,0.001464,-0.000357,6,-0.141868,0.120010,9.673759,0.037477,-0.074938,-0.019940,9.676959,0.101330,0.480456,0.470943
42.451385,-0.174000,-0.840000,1.444000,0.064103,-1.261923,1.479266,0.064096,-1.261924,1.479266,-0.000000,-0.000000,0.000000,1.000000,-0.234980,0.352052,0.179785,0.001996,-0.005476,-0.003668,0.003107,0.001464,-0.000357,0,0.000000,0.000000,0.000000,0.000000,0.000000,0.000000,0.000000,0.000000,0.485753,0.485750
42.492957,-0.184000,-0.827000,1.448000,-0.023355,-1.245793,1.441086,0.016865,-1.236235,1.461444,0.015835,-0.023063,-0.850461,0.525294,-0.251489,0.358726,0.183976,0.001996,-0.005476,-0.003668,0.003107,0.001464,-0.000357,38,-0.034114,0.126416,9.923770,0.046820,0.034174,-0.004258,9.925866,0.122689,0.448600,0.456071
42.536574,-0.195000,-0.806000,1.452000,0.029792,-1.211545,1.514972,0.015419,-1.231990,1.483093,0.024209,-0.025575,-0.742359,0.669076,-0.257228,0.356018,0.186559,0.001996,-0.005476,-0.003669,0.003107,0.001464,-0.000357,11,-0.055460,0.274510,9.914508,0.242029,0.143957,0.013912,9.920272,0.289142,0.467935,0.476141
42.576049,-0.195000,-0.806000,1.452000,0.025005,-1.197744,1.441391,0.015115,-1.226862,1.474615,0.025926,-0.030957,-0.656873,0.752920,-0.255982,0.360604,0.190492,0.001996,-0.005476,-0.003668,0.003107,0.001464,-0.000357,7,-0.153984,0.200812,10.115391,0.135627,0.198296,-0.138659,10.119059,0.293149,0.449420,0.470940
42.619677,-0.195000,-0.806000,1.452000,-0.009942,-1.175884,1.405209,0.015941,-1.231371,1.463655,0.038423,-0.037247,-0.541485,0.839006,-0.261944,0.371360,0.190290,0.001996,-0.005476,-0.003667,0.003107,0.001464,-0.000357,5,0.160949,0.252289,9.887433,0.016382,0.025180,-0.148527,9.892313,0.163756,0.416233,0.474945
42.654991,-0.224000,-0.755000,1.463000,-0.033798,-1.173866,1.334726,0.018465,-1.241593,1.447448,0.056817,-0.044928,-0.574914,0.815001,-0.278891,0.335494,0.183728,0.001996,-0.005476,-0.003664,0.003107,0.001464,-0.000357,16,0.108622,-0.215401,9.757694,-0.057985,-0.071152,-0.093892,9.762402,0.150948,0.477577,0.543879
42.696528,-0.237000,-0.736000,1.468000,0.004457,-1.173281,1.471166,0.004340,-1.173404,1.471055,0.000000,0.000000,-0.000000,1.000000,-0.278891,0.335494,0.183728,0.001996,-0.005476,-0.003665,0.003107,0.001464,-0.000357,1,-0.135268,0.015211,9.923193,-0.097641,0.011368,0.011839,9.924127,0.099011,0.499526,0.499576
42.765153,-0.254000,-0.706000,1.474000,-0.015410,-1.131400,1.431158,-0.015833,-1.144414,1.456895,0.020208,-0.032338,-0.725418,0.687252,-0.288864,0.369219,0.189593,0.001996,-0.005476,-0.003664,0.003107,0.001464,-0.000357,17,-0.024121,0.213079,9.935309,0.064596,0.039175,-0.041287,9.948607,0.145154,0.489618,0.499223
42.798378,-0.267000,-0.683000,1.480000,-0.086794,-1.104933,1.518854,-0.087156,-1.104866,1.518700,0.000000,0.000000,-0.000000,1.000000,-0.288864,0.369219,0.189593,0.001996,-0.005476,-0.003664,0.003107,0.001464,-0.000357,0,0.000000,0.000000,0.000000,0.000000,0.000000,0.000000,0.000000,0.000000,0.460447,0.460231
42.844116,-0.276000,-0.666000,1.483000,-0.084975,-1.120265,1.408786,-0.084074,-1.131211,1.471000,-0.348185,-0.149177,-0.612637,0.693679,-0.267231,0.398325,0.205509,0.001996,-0.005476,-0.003663,0.003107,0.001464,-0.000357,14,0.373445,-0.019662,9.615413,-0.016456,0.018669,-0.057827,9.623755,0.093038,0.498352,0.503390
42.885681,-0.287000,-0.647000,1.487000,-0.095429,-1.089857,1.415038,-0.093493,-1.095945,1.447694,-0.206100,-0.104462,-0.741793,0.629566,-0.229888,0.501127,0.156032,0.001996,-0.005476,-0.003663,0.003107,0.001464,-0.000357,16,-0.092189,0.095434,10.008634,-0.125389,0.003250,-0.001582,10.011209,0.136724,0.487853,0.490450
42.931370,-0.302000,-0.616000,1.493000,-0.115312,-1.113247,1.614031,-0.100723,-1.079680,1.491616,0.113664,0.215798,0.957628,-0.153170,-0.190640,0.647692,0.130123,0.001996,-0.005476,-0.003665,0.003107,0.001464,-0.000357,26,-0.129729,-0.064946,9.939250,-0.084657,0.081644,-0.000706,9.941570,0.148040,0.544752,0.505483
42.979154,-0.314000,-0.597000,1.498000,-0.098643,-1.057918,1.542851,-0.105220,-1.074815,1.503914,0.114295,0.199099,0.955921,-0.183059,-0.173934,0.697300,0.113759,0.001996,-0.005476,-0.003666,0.003107,0.001464,-0.000357,5,-0.096082,-0.139782,9.645175,-0.054280,0.042850,0.003514,9.646792,0.078352,0.510720,0.521470
43.029129,-0.326000,-0.576000,1.502000,-0.119532,-1.017443,1.489794,-0.113455,-1.032001,1.503536,0.092795,0.215210,0.968894,-0.079487,-0.104475,0.913528,0.065125,0.001996,-0.005476,-0.003667,0.003107,0.001464,-0.000357,20,0.030954,-0.186930,9.872889,0.142593,-0.016750,0.003891,9.877784,0.158484,0.487493,0.503105
43.066455,-0.341000,-0.550000,1.508000,-0.162750,-1.021462,1.564444,-0.121897,-1.020552,1.511079,0.081406,0.219895,0.970088,-0.062832,-0.108811,0.961951,0.058677,0.001996,-0.005476,-0.003670,0.003107,0.001464,-0.000357,9,-0.165200,-0.077416,10.061916,0.103552,0.059641,0.019972,10.064086,0.124296,0.507184,0.519071
43.110129,-0.348000,-0.538000,1.510000,-0.146028,-0.988927,1.524730,-0.123794,-0.998668,1.521119,0.079527,0.215484,0.970633,-0.071509,-0.089842,1.051332,0.046493,0.001995,-0.005476,-0.003671,0.003107,0.001464,-0.000357,10,-0.023996,-0.209973,9.997092,0.064629,-0.016962,-0.006941,9.999808,0.110649,0.494313,0.512452
43.147457,-0.361000,-0.515000,1.516000,-0.109965,-0.938576,1.515576,-0.125872,-0.972083,1.520492,0.048747,0.230049,0.969834,0.064218,-0.056649,1.154514,0.017321,0.001996,-0.005476,-0.003672,0.003107,0.001464,-0.000357,8,-0.033232,-0.311931,9.739297,0.019549,-0.040594,0.002646,9.745211,0.102790,0.492377,0.514033
43.195319,-0.361000,-0.515000,1.516000,-0.191114,-1.000918,1.553315,-0.132417,-0.941316,1.517265,-0.004817,0.237456,0.932755,0.271220,-0.030238,1.281052,-0.019315,0.001996,-0.005476,-0.003670,0.003107,0.001464,-0.000357,7,-0.141199,-0.397022,9.554313,0.092247,-0.053444,-0.003068,9.563660,0.113913,0.516110,0.483733
43.243102,-0.361000,-0.515000,1.516000,-0.202525,-0.921513,1.510434,-0.129584,-0.898718,1.512206,-0.109467,0.225935,0.736192,0.628484,0.007346,1.431046,-0.066547,0.001995,-0.005476,-0.003666,0.003107,0.001464,-0.000357,17,-0.107087,-0.036326,9.762202,-0.021059,-0.028939,-0.012974,9.767438,0.064630,0.436346,0.448115
43.288825,-0.361000,-0.515000,1.516000,-0.162220,-0.905577,1.559369,-0.127191,-0.860197,1.510546,-0.132648,0.217393,0.688136,0.679421,0.095414,1.520442,-0.103390,0.001995,-0.005476,-0.003668,0.003107,0.001464,-0.000357,9,0.185589,-0.077176,9.645527,0.123615,-0.107167,-0.026879,9.647759,0.192525,0.440391,0.416962
43.334529,-0.361000,-0.515000,1.516000,-0.201606,-0.892365,1.501287,-0.201667,-0.892339,1.501357,-0.000000,0.000000,0.000000,1.000000,0.095414,1.520442,-0.103390,0.001995,-0.005476,-0.003671,0.003107,0.001464,-0.000357,0,0.000000,0.000000,0.000000,0.000000,0.000000,0.000000,0.000000,0.000000,0.409911,0.409861
43.396929,-0.427000,-0.405000,1.539000,-0.217047,-0.878142,1.575532,-0.215767,-0.834060,1.535737,0.007143,0.028429,-0.702724,0.710859,0.083946,1.499444,-0.091922,0.001995,-0.005476,-0.003674,0.003107,0.001464,-0.000357,2,-0.082005,-0.317306,9.953295,0.002692,-0.081785,0.025640,9.962930,0.225777,0.518920,0.478249
43.430096,-0.439000,-0.387000,1.543000,-0.251401,-0.857228,1.521024,-0.251445,-0.857119,1.521048,0.000000,0.000000,-0.000000,1.000000,0.083946,1.499444,-0.091922,0.001995,-0.005476,-0.003674,0.003107,0.001464,-0.000357,0,0.000000,0.000000,0.000000,0.000000,0.000000,0.000000,0.000000,0.000000,0.506745,0.506627
43.473722,-0.447000,-0.374000,1.546000,-0.300247,-0.811860,1.447665,-0.255417,-0.819064,1.481117,0.016004,-0.065796,0.944925,-0.320204,0.084965,1.479473,-0.100374,0.001995,-0.005476,-0.003674,0.003107,0.001464,-0.000357,21,-0.016330,-0.023604,9.613608,-0.088161,0.032092,-0.014654,9.616074,0.106121,0.472152,0.488872
43.515269,-0.460000,-0.352000,1.551000,-0.257093,-0.835736,1.541293,-0.267122,-0.793571,1.500879,0.035472,0.028581,-0.122320,0.991445,0.120716,1.449371,-0.097738,0.001995,-0.005476,-0.003674,0.003107,0.001464,-0.000357,11,0.078589,0.104303,9.900719,0.014824,0.050960,0.034782,9.902891,0.095801,0.524658,0.484457
43.571363,-0.476000,-0.326000,1.556000,-0.288997,-0.804107,1.545642,-0.264798,-0.752637,1.509921,0.043780,0.036458,0.254849,0.965301,0.116240,1.443320,-0.087095,0.001995,-0.005476,-0.003675,0.003107,0.001464,-0.000357,9,-0.024858,0.133390,10.084024,0.077429,0.024301,0.027031,10.086822,0.101216,0.513482,0.478276
43.623327,-0.486000,-0.307000,1.559000,-0.316622,-0.762818,1.472118,-0.249532,-0.705697,1.502283,0.042704,0.071078,-0.035427,0.995926,0.116691,1.398600,-0.094368,0.001995,-0.005475,-0.003674,0.003107,0.001464,-0.000357,21,0.054485,-0.038611,9.656332,-0.054582,-0.019944,0.007380,9.659599,0.122074,0.493971,0.467004
43.669055,-0.501000,-0.280000,1.564000,-0.353033,-0.738919,1.475661,-0.290813,-0.709605,1.493581,0.067617,0.001089,0.202154,0.977016,0.106051,1.375492,-0.116197,0.001996,-0.005476,-0.003675,0.003107,0.001464,-0.000357,16,0.100580,0.215715,9.803359,0.149865,-0.010669,0.011662,9.808146,0.158656,0.490209,0.483423
43.716842,-0.516000,-0.256000,1.568000,-0.342119,-0.669191,1.474017,-0.296088,-0.688036,1.489172,0.055926,0.003241,0.054307,0.996952,0.093020,1.350083,-0.099987,0.001995,-0.005475,-0.003670,0.003107,0.001464,-0.000357,4,-0.205143,-0.236951,9.647136,0.090591,0.165440,-0.007563,9.652261,0.192910,0.458033,0.491152
43.770859,-0.525000,-0.242000,1.571000,-0.370015,-0.671943,1.665648,-0.305118,-0.659751,1.509450,0.052963,-0.006821,0.075570,0.995710,0.067155,1.324390,-0.097488,0.001995,-0.005476,-0.003682,0.003107,0.001464,-0.000357,14,0.129600,-0.178480,9.728390,-0.224249,0.007676,-0.022999,9.731159,0.241915,0.466722,0.476081
43.824912,-0.539000,-0.217000,1.576000,-0.389888,-0.640094,1.629310,-0.315688,-0.605750,1.518565,0.056048,-0.021448,0.072882,0.995533,0.009543,1.262683,-0.102576,0.001995,-0.005476,-0.003697,0.003107,0.001464,-0.000357,43,-0.088662,0.048913,9.683503,0.054835,-0.129374,-0.009648,9.688669,0.166760,0.451758,0.451989
43.887274,-0.554000,-0.192000,1.582000,-0.426374,-0.632946,1.553522,-0.326051,-0.534524,1.516691,0.057591,0.020756,-0.842073,0.535878,-0.252608,1.157770,-0.121882,0.001994,-0.005472,-0.003710,0.003106,0.001464,-0.000357,17,-0.082406,0.119655,9.856971,-0.009686,0.008191,-0.000272,9.859120,0.046475,0.459927,0.416592
43.916350,-0.554000,-0.192000,1.582000,-0.332418,-0.597895,1.594923,-0.332423,-0.597897,1.594989,0.000000,0.000000,-0.000000,1.000000,-0.252608,1.157770,-0.121882,0.001994,-0.005476,-0.003711,0.003107,0.001464,-0.000357,0,0.000000,0.000000,0.000000,0.000000,0.000000,0.000000,0.000000,0.000000,0.462618,0.462620
43.962063,-0.554000,-0.192000,1.582000,-0.383252,-0.566822,1.638585,-0.366649,-0.550105,1.615121,-0.020981,0.025253,-0.174109,0.984179,-0.247608,1.158761,-0.118552,0.001995,-0.005477,-0.003711,0.003107,0.001464,-0.000357,30,0.147246,0.016934,9.909356,0.004478,-0.051509,0.021873,9.913552,0.099333,0.415750,0.405508
44.005666,-0.574000,-0.153000,1.589000,-0.404333,-0.565186,1.560196,-0.364551,-0.535870,1.595684,-0.024903,0.029171,-0.517707,0.854698,-0.239763,1.172431,-0.119824,0.001997,-0.005475,-0.003712,0.003107,0.001465,-0.000357,4,0.213166,-0.328770,9.730811,-0.000543,-0.075862,0.042373,9.738819,0.091033,0.446670,0.436467
44.047231,-0.600000,-0.111000,1.598000,-0.437528,-0.556536,1.567740,-0.370318,-0.519289,1.587613,-0.026050,0.027454,-0.366789,0.929534,-0.284601,1.177690,-0.115847,0.001995,-0.005475,-0.003711,0.003107,0.001464,-0.000357,2,-0.030912,-0.254594,10.044191,-0.011261,0.016340,-0.038581,10.047514,0.045125,0.475200,0.468574
44.095001,-0.610000,-0.092000,1.602000,-0.435497,-0.550973,1.612403,-0.409945,-0.516316,1.589181,0.000531,0.005947,0.895064,-0.445898,-0.270038,1.160546,-0.113142,0.001995,-0.005476,-0.003711,0.003107,0.001464,-0.000357,6,0.368779,-0.203146,9.697702,-0.139344,0.047691,-0.014575,9.707237,0.148728,0.491137,0.469287
44.194805,-0.633000,-0.051000,1.612000,-0.495566,-0.492760,1.565158,-0.436447,-0.448527,1.578780,-0.004769,0.019772,0.829319,0.558405,-0.316805,1.163913,-0.123923,0.001995,-0.005476,-0.003710,0.003107,0.001464,-0.000357,15,0.025807,0.049854,9.610058,0.136143,0.118036,0.014684,9.611712,0.190336,0.465010,0.444707
44.211517,-0.642000,-0.036000,1.616000,-0.477271,-0.477857,1.543938,-0.447279,-0.436779,1.571946,-0.016723,0.000258,0.960799,0.276741,-0.391825,1.162213,-0.119817,0.001995,-0.005476,-0.003708,0.003107,0.001464,-0.000357,10,0.023473,0.250346,10.096499,-0.035180,-0.027629,-0.083571,10.102241,0.104240,0.477039,0.447751
44.263340,-0.653000,-0.017000,1.620000,-0.461520,-0.470284,1.690205,-0.468128,-0.394060,1.581411,-0.024000,-0.012859,0.982096,0.186405,-0.407922,1.111184,-0.101645,0.001995,-0.005476,-0.003722,0.003107,0.001464,-0.000357,22,-0.195907,-0.085244,9.980846,-0.133743,-0.055482,0.036190,9.984435,0.186521,0.497051,0.421712
44.315316,-0.671000,0.013000,1.627000,-0.508166,-0.431388,1.604932,-0.494099,-0.351184,1.578912,-0.028664,-0.021812,0.982901,0.180576,-0.475364,1.053293,-0.106080,0.001995,-0.005476,-0.003726,0.003107,0.001464,-0.000357,17,-0.159103,-0.139893,9.854650,0.033007,-0.031349,-0.006112,9.858398,0.099641,0.473796,0.407721
44.363099,-0.683000,0.030000,1.631000,-0.508213,-0.374429,1.516041,-0.498513,-0.353377,1.571133,-0.037820,-0.012714,0.984689,-0.169695,-0.485706,1.039985,-0.110116,0.001995,-0.005476,-0.003716,0.003107,0.001464,-0.000357,4,0.252166,0.082507,9.789364,-0.021979,-0.122443,0.004364,9.793001,0.126827,0.455334,0.429648
44.419210,-0.683000,0.030000,1.631000,-0.511860,-0.345313,1.572027,-0.507921,-0.341762,1.569195,0.048946,-0.008149,-0.758823,0.649404,-0.501570,0.988917,-0.113853,0.001995,-0.005475,-0.003717,0.003107,0.001464,-0.000357,11,0.099935,-0.164296,9.874589,-0.156069,0.026369,0.017084,9.877573,0.167126,0.416685,0.415547
44.462848,-0.705000,0.063000,1.639000,-0.528370,-0.327811,1.613259,-0.516342,-0.328300,1.571918,0.044404,-0.028135,-0.423774,0.904241,-0.500669,0.978940,-0.111966,0.001996,-0.005476,-0.003726,0.003107,0.001465,-0.000357,15,-0.152588,-0.027344,9.765546,-0.000516,0.008755,0.024550,9.767053,0.095735,0.429645,0.439554
44.512739,-0.705000,0.063000,1.639000,-0.562216,-0.336135,1.651376,-0.527906,-0.315830,1.576899,0.032792,-0.043581,-0.002030,0.998509,-0.523296,0.969616,-0.108671,0.001996,-0.005477,-0.003741,0.003107,0.001464,-0.000357,7,-0.086095,0.287747,9.852696,0.050900,0.071452,0.058295,9.858037,0.113999,0.424087,0.422766
44.558467,-0.727000,0.095000,1.647000,-0.567786,-0.295565,1.581438,-0.537016,-0.303823,1.576125,-0.003317,-0.051107,0.677322,0.733902,-0.528013,0.943893,-0.108080,0.001994,-0.005478,-0.003744,0.003107,0.001464,-0.000357,9,0.084507,-0.324073,9.910611,-0.028449,-0.072896,0.018350,9.916467,0.095110,0.426835,0.447412
44.608254,-0.744000,0.121000,1.653000,-0.573174,-0.268831,1.553391,-0.557641,-0.268550,1.571207,-0.039664,-0.028944,0.998790,0.002830,-0.543553,0.931932,-0.096757,0.001993,-0.005476,-0.003741,0.003107,0.001464,-0.000357,27,0.019370,-0.190722,10.072379,-0.064789,-0.070677,0.003351,10.076090,0.106848,0.437117,0.439510
44.658171,-0.752000,0.130000,1.656000,-0.599493,-0.252871,1.648744,-0.578856,-0.242026,1.573427,0.051772,-0.000399,-0.860130,0.507440,-0.609353,0.951250,-0.093058,0.001995,-0.005477,-0.003763,0.003107,0.001464,-0.000357,21,-0.089596,-0.224672,9.879767,0.032614,-0.028814,0.029795,9.883512,0.073333,0.412191,0.418570
44.705990,-0.766000,0.149000,1.660000,-0.594782,-0.239135,1.670077,-0.607072,-0.203633,1.576143,0.047960,-0.026005,-0.451031,0.890839,-0.677335,0.889386,-0.097732,0.001995,-0.005478,-0.003797,0.003107,0.001464,-0.000357,42,-0.207114,0.017388,9.729813,-0.006805,0.109475,-0.031235,9.737473,0.152340,0.424342,0.395778
44.753758,-0.780000,0.165000,1.665000,-0.619615,-0.224800,1.571381,-0.613980,-0.198412,1.574825,0.034495,-0.042245,-0.036729,0.997836,-0.676197,0.841925,-0.100032,0.001994,-0.005479,-0.003796,0.003108,0.001464,-0.000357,6,-0.172510,-0.095961,9.827172,-0.098260,0.122916,-0.013065,9.830088,0.203478,0.431777,0.409588
44.807780,-0.798000,0.189000,1.672000,-0.626279,-0.203843,1.640490,-0.624396,-0.186823,1.577683,0.016216,-0.052120,0.353128,0.933982,-0.665837,0.818845,-0.096869,0.001993,-0.005479,-0.003818,0.003108,0.001464,-0.000357,9,0.077589,0.152697,9.800496,0.112671,-0.024692,-0.002261,9.804587,0.120258,0.429891,0.424590
44.859785,-0.805000,0.196000,1.674000,-0.625437,-0.167532,1.619415,-0.632483,-0.174253,1.579306,-0.007591,-0.052507,0.717156,0.694891,-0.658402,0.817335,-0.091976,0.001992,-0.005479,-0.003832,0.003108,0.001464,-0.000357,12,-0.227443,0.138862,9.873514,0.172536,-0.058069,-0.024511,9.880099,0.206395,0.409118,0.419304
44.913812,-0.818000,0.213000,1.680000,-0.665123,-0.159197,1.662627,-0.645203,-0.160607,1.583091,-0.033025,-0.040849,0.960232,0.274218,-0.667329,0.832048,-0.085056,0.001991,-0.005478,-0.003862,0.003107,0.001463,-0.000357,10,-0.031717,-0.230519,9.827017,0.156558,-0.036205,-0.001983,9.832485,0.174355,0.402746,0.422886
44.965801,-0.827000,0.223000,1.683000,-0.711178,-0.111021,1.667039,-0.657753,-0.149579,1.587231,-0.052805,-0.018433,0.974883,-0.215579,-0.705206,0.862307,-0.079361,0.001991,-0.005477,-0.003895,0.003107,0.001463,-0.000357,9,-0.099867,-0.341917,9.904762,0.025616,-0.046649,-0.006619,9.911799,0.084137,0.353892,0.420276
45.015546,-0.842000,0.241000,1.688000,-0.686201,-0.090925,1.639137,-0.675445,-0.128137,1.588024,0.058385,-0.005916,-0.811257,0.581738,-0.755360,0.859001,-0.078998,0.001994,-0.005478,-0.003915,0.003107,0.001464,-0.000357,15,0.097165,0.086950,9.832125,0.085327,0.018015,0.016001,9.834704,0.127673,0.369913,0.417130
45.065437,-0.856000,0.257000,1.693000,-0.712178,-0.044004,1.661211,-0.698048,-0.100342,1.590318,0.053087,-0.024421,-0.589404,0.805722,-0.793214,0.848943,-0.079620,0.001995,-0.005479,-0.003945,0.003108,0.001464,-0.000357,21,0.027011,-0.053079,9.680735,-0.088385,-0.061950,0.034877,9.682689,0.139733,0.335110,0.403963
45.136127,-0.865000,0.269000,1.696000,-0.705758,-0.042739,1.674998,-0.751249,-0.041168,1.590161,0.049134,-0.033210,-0.336835,0.939694,-0.862856,0.810332,-0.082659,0.001994,-0.005482,-0.003988,0.003108,0.001464,-0.000357,18,-0.208489,0.042214,9.689269,0.098405,0.060985,0.003118,9.698621,0.225382,0.350685,0.346909
45.177665,-0.883000,0.290000,1.702000,-0.741774,0.007251,1.675920,-0.782765,-0.005857,1.592597,0.034398,-0.036079,-0.091583,0.994549,-0.884350,0.775193,-0.074241,0.001992,-0.005485,-0.004037,0.003109,0.001463,-0.000357,3,-0.011579,-0.167152,9.827558,-0.073405,0.197385,0.023791,9.829487,0.261964,0.317131,0.330980
45.233718,-0.883000,0.290000,1.702000,-0.770996,0.017433,1.674177,-0.787111,0.001656,1.597090,0.018821,-0.041181,0.159396,0.986176,-0.875225,0.778362,-0.065481,0.001989,-0.005487,-0.004082,0.003109,0.001463,-0.000357,7,0.071317,0.103620,10.124283,-0.249550,0.092910,-0.025963,10.125418,0.270380,0.295993,0.321470
45.277382,-0.912000,0.326000,1.712000,-0.793512,0.017036,1.638127,-0.821172,0.032516,1.597032,0.002074,-0.045613,0.432374,0.900538,-0.885578,0.739665,-0.061392,0.001986,-0.005486,-0.004106,0.003109,0.001462,-0.000357,44,-0.142598,-0.264576,9.859409,-0.022869,-0.066399,-0.002339,9.866959,0.108801,0.339051,0.328025
45.335548,-0.918000,0.331000,1.713000,-0.781730,0.083859,1.602885,-0.833836,0.053747,1.596526,-0.016461,-0.045216,0.677100,0.734316,-0.861903,0.758858,-0.060138,0.001983,-0.005484,-0.004103,0.003108,0.001462,-0.000357,14,-0.080775,-0.160517,9.767029,-0.091032,-0.047103,-0.003218,9.773191,0.139320,0.302942,0.312280
45.372989,-0.929000,0.346000,1.717000,-0.782695,0.037267,1.647007,-0.856294,0.078252,1.597723,-0.025016,-0.037017,0.829758,0.556333,-0.869537,0.748670,-0.060719,0.001988,-0.005477,-0.004128,0.003107,0.001463,-0.000356,38,-0.056507,-0.057011,9.703094,0.267905,0.079241,-0.003989,9.706100,0.283762,0.348741,0.301997
45.414529,-0.945000,0.362000,1.723000,-0.816450,0.062158,1.685940,-0.883140,0.104829,1.601068,-0.034601,-0.034640,0.919335,0.390417,-0.879059,0.738049,-0.060629,0.001999,-0.005475,-0.004189,0.003107,0.001466,-0.000356,42,0.008852,-0.184605,9.649791,-0.088209,0.082798,-0.000489,9.656648,0.172225,0.328334,0.291258
45.464399,-0.946000,0.363000,1.723000,-0.816051,0.066454,1.664974,-0.903569,0.126031,1.603220,-0.030806,-0.038574,0.917360,0.394986,-0.865390,0.703316,-0.056819,0.002009,-0.005476,-0.004230,0.003107,0.001468,-0.000356,29,-0.240360,-0.070972,9.776823,-0.188061,-0.098350,0.020217,9.781686,0.216101,0.328928,0.268890
45.499750,-0.956000,0.374000,1.727000,-0.759744,0.073991,1.726245,-0.905125,0.136618,1.610096,-0.031028,-0.038261,0.944613,0.324467,-0.843458,0.665427,-0.047694,0.002021,-0.005465,-0.004315,0.003105,0.001471,-0.000356,21,-0.062949,0.165285,9.847791,-0.119316,-0.002801,-0.032703,9.851764,0.126381,0.358500,0.269453
45.545455,-0.962000,0.382000,1.731000,-0.825985,0.125837,1.700291,-0.916094,0.150899,1.614721,-0.030307,-0.040355,0.948810,0.311789,-0.833012,0.664066,-0.040652,0.002028,-0.005470,-0.004380,0.003106,0.001473,-0.000356,2,0.103181,-0.200880,9.804407,-0.184766,-0.020931,0.024555,9.807053,0.187691,0.291655,0.262747
45.587020,-0.975000,0.395000,1.736000,-0.829439,0.117209,1.726040,-0.926921,0.164386,1.620713,-0.025175,-0.041629,0.928707,0.367610,-0.826585,0.636068,-0.030446,0.002034,-0.005466,-0.004465,0.003105,0.001474,-0.000356,11,0.041466,0.150651,9.928882,0.023923,-0.053931,-0.003138,9.931398,0.100852,0.313775,0.262270
45.630698,-0.981000,0.403000,1.739000,-0.872124,0.145900,1.625338,-0.940454,0.177432,1.620391,-0.026938,-0.040515,0.958444,0.281103,-0.820785,0.605132,-0.029843,0.002041,-0.005455,-0.004462,0.003102,0.001476,-0.000356,7,-0.251597,-0.133030,9.884908,-0.072575,-0.012911,0.018469,9.889067,0.076604,0.301452,0.258056
45.686820,-0.992000,0.412000,1.743000,-0.814425,0.196461,1.679149,-0.964325,0.208098,1.623258,-0.027975,-0.038946,0.965667,0.255320,-0.831118,0.572723,-0.020636,0.002058,-0.005456,-0.004496,0.003102,0.001480,-0.000356,27,0.141316,0.481332,9.919687,0.029554,0.073056,-0.022344,9.934141,0.122808,0.286473,0.238076
45.730461,-0.999000,0.420000,1.746000,-0.875315,0.164140,1.724896,-0.966405,0.212104,1.629411,-0.026103,-0.038558,0.964182,0.261121,-0.811786,0.550453,-0.012486,0.002065,-0.005446,-0.004587,0.003100,0.001482,-0.000357,3,0.012737,-0.356459,9.877452,0.043769,0.014407,0.041671,9.884131,0.063616,0.284969,0.240574
45.771976,-1.007000,0.427000,1.749000,-0.858195,0.179484,1.669597,-0.984616,0.229045,1.631451,-0.021252,-0.038457,0.958168,0.282812,-0.784593,0.525097,-0.014409,0.002084,-0.005449,-0.004609,0.003100,0.001488,-0.000356,7,-0.261270,-0.293664,9.648579,0.128103,-0.076602,0.013191,9.656867,0.154053,0.299519,0.231312
45.815679,-1.014000,0.433000,1.752000,-0.827101,0.178561,1.674075,-0.994262,0.242976,1.633820,-0.020246,-0.040823,0.970944,0.234928,-0.738043,0.491928,-0.019453,0.002111,-0.005431,-0.004635,0.003095,0.001496,-0.000356,19,-0.131620,-0.511497,9.664643,-0.070524,-0.056179,0.005884,9.679895,0.162355,0.325182,0.224645
45.863432,-1.014000,0.433000,1.752000,-0.876516,0.191718,1.726825,-1.013881,0.252789,1.638625,-0.014541,-0.039731,0.918125,0.394027,-0.718189,0.445907,-0.015747,0.002136,-0.005442,-0.004728,0.003098,0.001503,-0.000357,16,0.003551,-0.115377,9.773131,0.017602,0.073575,-0.002844,9.774789,0.138602,0.278842,0.212909
45.902861,-1.036000,0.449000,1.760000,-0.915459,0.242130,1.641251,-1.027612,0.265774,1.638576,-0.011712,-0.035939,0.888855,0.456628,-0.712851,0.434232,-0.017415,0.002156,-0.005465,-0.004720,0.003104,0.001509,-0.000357,7,0.202355,0.034023,9.792083,0.200126,0.150671,-0.021014,9.794357,0.252769,0.267258,0.219968
45.948598,-1.041000,0.453000,1.762000,-0.887004,0.199335,1.809802,-1.079579,0.273177,1.643143,-0.008401,-0.036977,0.833929,0.550567,-0.718988,0.345896,-0.006916,0.002129,-0.005593,-0.004947,0.003145,0.001502,-0.000357,47,0.008775,0.045203,9.940531,0.082801,0.028308,0.027321,9.944795,0.143522,0.300576,0.218978
45.994283,-1.041000,0.453000,1.762000,-0.903477,0.221989,1.814685,-1.051242,0.275697,1.660124,0.017084,-0.021901,0.531527,0.846586,-0.673185,0.426109,0.021954,0.002159,-0.005355,-0.005175,0.003070,0.001513,-0.000355,46,-0.062724,0.083013,9.939799,0.108493,-0.061464,0.011101,9.943290,0.152808,0.273961,0.204744
46.056643,-1.069000,0.467000,1.773000,-0.937010,0.246839,1.708024,-1.071506,0.288274,1.664421,0.016038,-0.020825,0.587485,0.808808,-0.660357,0.389939,0.026313,0.002193,-0.005342,-0.005235,0.003067,0.001523,-0.000356,63,-0.124987,0.012578,9.831386,0.033685,0.067412,-0.013456,9.836934,0.113291,0.264790,0.209138
46.112713,-1.070000,0.467000,1.774000,-0.965927,0.276962,1.737893,-1.079082,0.296722,1.670201,0.019720,-0.014553,0.590027,0.807011,-0.617876,0.337192,0.021603,0.002177,-0.005294,-0.005342,0.003050,0.001518,-0.000356,38,-0.028260,0.017424,9.634033,0.222497,0.119008,0.003919,9.636792,0.267632,0.219657,0.199627
46.164699,-1.079000,0.471000,1.777000,-1.014381,0.262577,1.734982,-1.092127,0.306886,1.675419,0.013891,-0.016050,0.677461,0.735253,-0.529309,0.239462,0.017842,0.002167,-0.005261,-0.005439,0.003038,0.001515,-0.000356,33,-0.084333,0.137585,9.790068,-0.002615,0.052021,-0.020615,9.793011,0.118919,0.222219,0.193454
46.218701,-1.088000,0.474000,1.781000,-0.957521,0.309671,1.742735,-1.096284,0.319966,1.680852,0.016245,-0.010338,0.702457,0.711466,-0.548307,0.195180,0.019497,0.002061,-0.005140,-0.005543,0.002998,0.001476,-0.000356,23,-0.244782,0.114228,9.798529,0.169755,0.052836,0.015312,9.804644,0.191471,0.213291,0.183915
46.291455,-1.099000,0.478000,1.785000,-0.939954,0.309253,1.813336,-1.095890,0.327491,1.691811,0.018602,-0.013752,0.700041,0.713728,-0.504148,0.174557,0.043458,0.002057,-0.005077,-0.005767,0.002977,0.001475,-0.000356,17,-0.180780,-0.040767,10.056294,-0.046498,-0.133986,-0.066311,10.060925,0.184577,0.233611,0.177050
46.328814,-1.099000,0.478000,1.785000,-1.007278,0.319826,1.741257,-1.091462,0.332342,1.696039,0.018398,-0.014111,0.718246,0.695402,-0.484684,0.170836,0.049595,0.002064,-0.005045,-0.005841,0.002966,0.001477,-0.000356,5,-0.067872,-0.069848,9.970850,-0.029257,-0.109094,-0.002366,9.971400,0.113751,0.188004,0.170843
46.372515,-1.107000,0.486000,1.789000,-1.050273,0.315680,1.744480,-1.097983,0.328421,1.700251,0.025561,-0.010772,0.581091,0.813366,-0.455220,0.138211,0.050658,0.001920,-0.005079,-0.005945,0.002978,0.001420,-0.000356,9,0.144833,0.208085,9.772059,-0.070689,-0.072794,-0.001919,9.775708,0.105138,0.184957,0.181077
46.422373,-1.107000,0.486000,1.789000,-1.027955,0.366932,1.773496,-1.028229,0.366911,1.773412,-0.000000,-0.000000,0.000000,1.000000,-0.455220,0.138211,0.050658,0.001899,-0.005096,-0.005947,0.002985,0.001410,-0.000357,0,0.000000,0.000000,0.000000,0.000000,0.000000,0.000000,0.000000,0.000000,0.143755,0.143631
46.466004,-1.120000,0.487000,1.795000,-1.055039,0.382838,1.643331,-1.046550,0.377502,1.707554,-0.006976,0.051946,-0.451460,0.890751,-0.448585,0.140342,0.032116,0.001899,-0.005096,-0.005946,0.002985,0.001410,-0.000357,14,0.144568,-0.001927,9.661398,0.186325,-0.127133,0.008172,9.663705,0.227715,0.195123,0.158213
46.567765,-1.129000,0.487000,1.799000,-1.111177,0.414689,1.703237,-1.080360,0.382997,1.708170,-0.022225,0.070087,-0.796051,0.600747,-0.431215,0.119166,0.051359,0.001899,-0.005096,-0.005945,0.002985,0.001410,-0.000357,10,-0.208019,-0.307792,9.910070,-0.044447,-0.021791,-0.016168,9.918079,0.077326,0.121315,0.146399
46.634313,-1.140000,0.487000,1.805000,-1.120962,0.410851,1.687445,-1.113378,0.401282,1.705789,-0.019579,0.047760,-0.694184,0.717945,-0.383169,0.088324,0.049009,0.001899,-0.005097,-0.005942,0.002985,0.001410,-0.000357,43,-0.087239,0.016949,9.784247,0.088133,-0.013411,0.027894,9.785732,0.127413,0.141352,0.133788
46.734074,-1.153000,0.483000,1.811000,-1.136923,0.415074,1.687784,-1.145488,0.412237,1.705512,-0.010947,0.034428,-0.733664,0.678552,-0.274509,0.059105,0.026014,0.001899,-0.005096,-0.005936,0.002985,0.001410,-0.000357,101,-0.010885,0.114375,9.609913,0.108236,0.015672,-0.007997,9.615409,0.146085,0.141614,0.127246
46.750691,-1.154000,0.483000,1.811000,-1.112155,0.414733,1.754697,-1.141775,0.413569,1.714159,-0.017075,0.033247,-0.814829,0.578495,-0.244806,0.053222,0.025160,0.001899,-0.005096,-0.005946,0.002985,0.001410,-0.000357,17,-0.195763,-0.112292,9.669657,-0.072766,0.069527,-0.024404,9.676330,0.117669,0.097884,0.119785
46.767299,-1.159000,0.479000,1.814000,-1.099644,0.376017,1.815628,-1.138534,0.409914,1.729534,-0.023419,0.033631,-0.863270,0.503076,-0.235645,0.040099,0.029200,0.001899,-0.005096,-0.005966,0.002985,0.001410,-0.000357,17,-0.134395,-0.165972,9.767777,-0.084894,0.070261,-0.046345,9.770894,0.134924,0.118875,0.111024
46.810955,-1.159000,0.481000,1.814000,-1.122487,0.429277,1.734186,-1.143784,0.414257,1.731128,-0.022741,0.036203,-0.837977,0.544028,-0.190798,0.032352,0.034392,0.001899,-0.005096,-0.005967,0.002985,0.001410,-0.000357,44,0.005350,-0.247450,9.957001,-0.108446,0.065014,0.001435,9.962027,0.165544,0.101876,0.107489
46.848340,-1.163000,0.476000,1.816000,-1.108184,0.456390,1.750461,-1.143425,0.422059,1.734447,-0.025171,0.037580,-0.830170,0.555673,-0.137776,0.047387,0.039534,0.001899,-0.005096,-0.005974,0.002985,0.001410,-0.000357,37,-0.190266,0.037667,9.973244,-0.095481,0.017179,0.004593,9.977486,0.113477,0.087663,0.099718
46.891967,-1.169000,0.472000,1.819000,-1.132152,0.446835,1.785834,-1.145487,0.427239,1.741776,-0.028205,0.040019,-0.845009,0.532506,-0.087716,0.041873,0.051199,0.001899,-0.005096,-0.005993,0.002985,0.001410,-0.000357,44,-0.013261,0.213836,10.056809,-0.146687,0.038480,-0.003735,10.064491,0.181066,0.055597,0.092303
46.954276,-1.174000,0.468000,1.821000,-1.137948,0.469261,1.737947,-1.146093,0.435925,1.743876,-0.031611,0.041992,-0.836536,0.545385,-0.022711,0.044895,0.043777,0.001899,-0.005095,-0.005991,0.002984,0.001410,-0.000357,63,-0.047128,-0.060526,9.739355,-0.088246,0.007910,0.002646,9.743151,0.107044,0.090549,0.088066
46.991708,-1.179000,0.462000,1.824000,-1.136807,0.457130,1.773233,-1.144792,0.441433,1.748157,-0.031931,0.043535,-0.815550,0.576162,0.020583,0.055859,0.036915,0.001899,-0.005096,-0.006006,0.002984,0.001410,-0.000357,38,-0.256889,0.012758,9.610922,-0.063895,0.037448,-0.002628,9.616437,0.093446,0.066191,0.085705
47.039495,-1.185000,0.457000,1.826000,-1.130426,0.420087,1.853031,-1.141721,0.439679,1.759774,-0.030015,0.043995,-0.846447,0.529803,0.060999,0.031493,0.036868,0.001900,-0.005095,-0.006070,0.002984,0.001410,-0.000357,27,-0.120396,-0.092081,9.614293,0.062271,0.103029,-0.020688,9.617325,0.132057,0.071215,0.080987
47.078963,-1.187000,0.456000,1.827000,-1.121111,0.478775,1.785770,-1.138568,0.445480,1.762150,-0.030661,0.044161,-0.828057,0.558060,0.071000,0.050221,0.038350,0.001900,-0.005095,-0.006085,0.002984,0.001410,-0.000357,3,-0.136918,-0.235583,9.724959,0.082871,0.118797,-0.005552,9.728813,0.146526,0.080994,0.081620
47.122582,-1.189000,0.451000,1.827000,-1.145274,0.434175,1.802908,-1.139326,0.444526,1.765738,-0.029555,0.044144,-0.821493,0.567739,0.072933,0.045093,0.041056,0.001900,-0.005095,-0.006104,0.002984,0.001410,-0.000357,2,0.100285,0.449101,9.843358,0.277594,0.063985,-0.006585,9.854241,0.285014,0.052683,0.079135
47.162129,-1.193000,0.447000,1.828000,-1.142307,0.435925,1.839948,-1.138222,0.444320,1.772241,-0.030061,0.044216,-0.826757,0.560012,0.081501,0.039090,0.044997,0.001901,-0.005095,-0.006138,0.002984,0.001410,-0.000357,18,-0.038569,-0.393415,9.764344,-0.047944,-0.029381,-0.016041,9.772954,0.123207,0.053246,0.078211
47.216141,-1.198000,0.440000,1.830000,-1.147362,0.445206,1.769607,-1.134086,0.446095,1.774152,-0.032437,0.043877,-0.818311,0.572179,0.132192,0.025707,0.038133,0.001901,-0.005095,-0.006135,0.002984,0.001410,-0.000357,15,-0.014151,0.044907,9.726434,-0.054486,-0.091618,0.003378,9.735189,0.114375,0.078985,0.085095
47.261967,-1.203000,0.433000,1.831000,-1.172630,0.424112,1.871332,-1.137015,0.445594,1.782485,-0.031745,0.044447,-0.802472,0.594184,0.134119,0.017667,0.048423,0.001900,-0.005094,-0.006189,0.002984,0.001410,-0.000357,19,-0.110357,-0.300012,9.965696,-0.104455,-0.079279,0.034128,9.971717,0.144517,0.051264,0.082864
47.307685,-1.208000,0.425000,1.834000,-1.187695,0.427735,1.827895,-1.140686,0.443991,1.786679,-0.028096,0.044412,-0.768907,0.637198,0.140550,0.015368,0.052546,0.001900,-0.005094,-0.006213,0.002984,0.001410,-0.000357,12,-0.311805,0.402239,9.916549,0.281607,0.087838,-0.011517,9.931470,0.299113,0.021378,0.084446
47.355359,-1.209000,0.425000,1.834000,-1.180933,0.491279,1.768692,-1.142045,0.449737,1.786194,-0.028886,0.041108,-0.798631,0.599720,0.136577,0.032562,0.050541,0.001901,-0.005094,-0.006204,0.002984,0.001410,-0.000357,7,-0.245928,-0.446587,9.572809,0.162335,0.012239,0.055258,9.586887,0.177557,0.097189,0.085908
47.394865,-1.219000,0.403000,1.839000,-1.180758,0.447681,1.878278,-1.144505,0.450174,1.792803,-0.026678,0.041605,-0.760618,0.647316,0.136349,0.030659,0.056843,0.001901,-0.005093,-0.006249,0.002984,0.001410,-0.000357,8,0.022200,0.053386,9.865428,0.035962,-0.038824,-0.005471,9.865763,0.091441,0.070722,0.099544
47.434380,-1.222000,0.396000,1.840000,-1.152381,0.429151,1.921555,-1.142884,0.448478,1.802128,-0.026773,0.041290,-0.733964,0.677404,0.159822,0.020108,0.065744,0.001902,-0.005093,-0.006315,0.002984,0.001410,-0.000357,14,0.086401,0.156410,9.841916,-0.010248,-0.146585,0.024879,9.844481,0.166754,0.112237,0.102213
47.475959,-1.225000,0.390000,1.842000,-1.151160,0.479876,1.793471,-1.140392,0.452012,1.802705,-0.028986,0.039008,-0.750190,0.659434,0.178977,0.026916,0.065790,0.001902,-0.005093,-0.006311,0.002984,0.001410,-0.000357,5,-0.172067,0.261405,9.888661,0.102199,-0.165753,-0.032301,9.893636,0.219187,0.126036,0.112019
47.538218,-1.230000,0.380000,1.844000,-1.190187,0.417422,1.805222,-1.135662,0.450020,1.806154,-0.028282,0.043512,-0.712688,0.699559,0.215419,0.008725,0.047425,0.001901,-0.005091,-0.006307,0.002983,0.001410,-0.000357,11,-0.072711,-0.207663,9.555445,-0.090058,0.031728,0.002405,9.571823,0.137678,0.067002,0.123429
47.575602,-1.233000,0.374000,1.846000,-1.221375,0.488191,1.846630,-1.136491,0.456571,1.810980,-0.027599,0.041778,-0.709690,0.702732,0.221034,0.036036,0.050249,0.001905,-0.005088,-0.006335,0.002982,0.001411,-0.000357,5,-0.425541,-0.087933,9.766069,-0.047447,0.029207,0.013172,9.775895,0.064607,0.114782,0.131751
47.619212,-1.239000,0.357000,1.848000,-1.170659,0.478312,1.759085,-1.137571,0.458362,1.808766,-0.026763,0.041865,-0.692254,0.719941,0.222821,0.041827,0.047200,0.001904,-0.005088,-0.006299,0.002982,0.001411,-0.000357,17,-0.191149,-0.103677,9.807327,-0.024896,0.010231,-0.039042,9.811135,0.077023,0.165206,0.148665
47.669198,-1.241000,0.353000,1.850000,-1.233836,0.447390,1.865595,-1.142381,0.459826,1.813366,-0.025646,0.040189,-0.684060,0.727866,0.214286,0.040750,0.052454,0.001908,-0.005084,-0.006335,0.002981,0.001412,-0.000357,11,0.051861,-0.125768,9.855786,0.064297,0.004055,-0.017516,9.857371,0.085974,0.095937,0.149932
47.712808,-1.245000,0.341000,1.852000,-1.162527,0.422311,1.782846,-1.141688,0.456659,1.812386,-0.026189,0.040715,-0.693238,0.719081,0.224012,0.030785,0.052355,0.001906,-0.005083,-0.006312,0.002980,0.001412,-0.000357,13,-0.184106,0.039480,9.977529,-0.138400,-0.027664,0.005731,9.982085,0.159732,0.134890,0.160062
47.754361,-1.248000,0.330000,1.853000,-1.218218,0.421228,1.789401,-1.145249,0.453965,1.812087,-0.023702,0.040628,-0.672863,0.738270,0.216992,0.027686,0.053875,0.001905,-0.005081,-0.006293,0.002980,0.001411,-0.000357,6,-0.483060,-0.032832,9.932674,0.126347,0.090477,0.024240,9.944738,0.158932,0.115127,0.166129
47.795895,-1.249000,0.327000,1.854000,-1.228442,0.457513,1.734386,-1.144618,0.457134,1.809950,-0.028427,0.034527,-0.802411,0.595093,0.248784,0.019180,0.045071,0.001910,-0.005075,-0.006232,0.002977,0.001413,-0.000356,31,-0.113332,0.357692,9.785180,0.027542,-0.101264,0.011880,9.795524,0.132892,0.178224,0.172542
47.841611,-1.254000,0.306000,1.856000,-1.216828,0.427160,1.816291,-1.142257,0.453664,1.811951,-0.027801,0.035456,-0.800194,0.598047,0.263570,0.004047,0.033982,0.001903,-0.005070,-0.006233,0.002976,0.001411,-0.000357,27,-0.054567,0.178763,9.519760,-0.093359,-0.012128,0.011688,9.527687,0.106978,0.132809,0.190345
47.889445,-1.260000,0.282000,1.858000,-1.205672,0.398365,1.791433,-1.146025,0.450030,1.811309,0.030413,-0.032129,0.905419,-0.422207,0.261063,-0.025708,0.028521,0.001909,-0.005061,-0.006212,0.002972,0.001413,-0.000356,3,-0.186448,0.027604,9.463858,-0.378519,0.057809,-0.035261,9.465990,0.384739,0.144650,0.208338
47.951730,-1.262000,0.269000,1.860000,-1.233055,0.385722,1.809169,-1.141153,0.441292,1.813513,0.023045,-0.025196,0.980046,-0.195816,0.279335,-0.084906,0.041059,0.001893,-0.005055,-0.006203,0.002971,0.001407,-0.000356,14,-0.326112,0.081941,9.775894,0.014147,0.192729,0.026184,9.782711,0.226492,0.130559,0.215522
48.001580,-1.262000,0.269000,1.860000,-1.262950,0.407859,1.782539,-1.151428,0.438231,1.812240,0.021788,-0.018588,0.999410,-0.018971,0.231970,-0.092183,0.042217,0.001881,-0.005064,-0.006173,0.002974,0.001403,-0.000357,3,-0.253815,0.099908,9.967809,0.049654,0.104833,0.033529,9.971726,0.121315,0.159006,0.207717
48.047294,-1.268000,0.231000,1.863000,-1.268899,0.351100,1.811938,-1.158444,0.431898,1.813009,0.020311,-0.018533,0.999441,-0.018991,0.211217,-0.116184,0.044610,0.001872,-0.005069,-0.006166,0.002976,0.001400,-0.000357,12,0.218715,0.339678,9.913376,0.104495,0.011221,0.023819,9.928459,0.130878,0.130508,0.234225
48.136664,-1.271000,0.203000,1.865000,-1.267680,0.344363,1.842863,-1.141489,0.397878,1.815125,0.022436,-0.028710,0.990774,-0.130538,0.263064,-0.208615,0.030821,0.001862,-0.005094,-0.006206,0.002987,0.001396,-0.000357,6,-0.212037,0.018900,9.627638,-0.021413,-0.034533,-0.043682,9.635657,0.075585,0.143124,0.239245
48.159516,-1.271000,0.196000,1.865000,-1.276488,0.350639,1.864911,-1.149523,0.367984,1.819643,0.024792,-0.016143,0.944625,0.326814,0.253123,-0.535459,0.018697,0.001903,-0.005075,-0.006248,0.002977,0.001415,-0.000358,15,0.024033,-0.428655,9.488718,-0.179598,-0.246547,0.014896,9.498991,0.307280,0.154736,0.215389
48.207327,-1.274000,0.171000,1.867000,-1.326407,0.317255,1.792306,-1.171517,0.372581,1.818163,0.022524,-0.031183,0.994388,-0.098550,0.216455,-0.444067,0.020506,0.001866,-0.005128,-0.006228,0.003000,0.001398,-0.000357,2,-0.114951,-0.197736,9.536226,-0.229936,-0.269745,-0.022825,9.539039,0.355265,0.172384,0.231350
48.263422,-1.273000,0.156000,1.867000,-1.287176,0.352677,1.876520,-1.163672,0.355193,1.823131,0.021414,-0.024567,0.998287,-0.048582,0.229007,-0.421299,0.036438,0.001853,-0.005139,-0.006291,0.003004,0.001391,-0.000357,5,-0.195520,0.289840,9.996974,0.135599,-0.050530,0.026876,10.004869,0.169692,0.197417,0.231419
48.317457,-1.276000,0.136000,1.869000,-1.283063,0.329995,1.868861,-1.169589,0.351147,1.825952,0.019731,-0.026410,0.993800,-0.106179,0.214182,-0.424445,0.041580,0.001844,-0.005154,-0.006337,0.003009,0.001386,-0.000357,7,-0.299518,-0.025137,10.078173,0.130002,0.031123,0.047074,10.083121,0.143923,0.194124,0.243854
48.367296,-1.275000,0.113000,1.871000,-1.291951,0.333639,1.767464,-1.291457,0.333689,1.767387,0.000000,0.000000,-0.000000,1.000000,0.214182,-0.424445,0.041580,0.001852,-0.005156,-0.006336,0.003010,0.001389,-0.000357,0,0.000000,0.000000,0.000000,0.000000,0.000000,0.000000,0.000000,0.000000,0.244313,0.244357
48.437943,-1.275000,0.101000,1.871000,-1.304467,0.286438,1.857223,-1.277696,0.304897,1.813297,0.004475,0.001590,0.087874,0.996120,0.187369,-0.423393,0.048305,0.001852,-0.005158,-0.006338,0.003010,0.001389,-0.000357,27,-0.193200,-0.066522,9.804425,0.136468,0.024270,0.006401,9.810720,0.142698,0.188270,0.211922
48.500302,-1.275000,0.082000,1.872000,-1.329817,0.292378,1.862312,-1.289057,0.292061,1.831270,-0.009122,0.004041,0.970076,0.242597,0.171015,-0.412067,0.049301,0.001853,-0.005158,-0.006340,0.003010,0.001390,-0.000357,63,-0.150524,0.112291,9.797727,-0.003107,0.017693,-0.016365,9.803537,0.081733,0.217618,0.214435
48.556447,-1.275000,0.082000,1.872000,-1.312757,0.307542,1.808771,-1.285989,0.279343,1.828246,-0.009316,-0.000789,0.194590,0.980840,0.180941,-0.349962,0.038934,0.001853,-0.005157,-0.006338,0.003010,0.001390,-0.000357,12,-0.257656,-0.074837,9.683506,0.118112,-0.025910,0.015311,9.688599,0.181408,0.237261,0.202434
48.608377,-1.276000,0.045000,1.873000,-1.300381,0.280987,1.846872,-1.293909,0.271529,1.831951,-0.009997,0.007673,0.145415,0.989291,0.168528,-0.356166,0.038461,0.001853,-0.005157,-0.006340,0.003010,0.001390,-0.000357,8,-0.162134,0.092809,9.642608,0.237640,0.104516,0.048509,9.644883,0.265508,0.238678,0.230913
48.668676,-1.276000,0.031000,1.874000,-1.303548,0.247637,1.816943,-1.288537,0.250725,1.831348,-0.022161,0.007746,0.201964,0.979112,0.154181,-0.318831,0.039272,0.001853,-0.005157,-0.006338,0.003010,0.001390,-0.000357,15,0.025833,0.317799,9.810053,-0.201532,0.131053,-0.000984,9.817935,0.278285,0.225712,0.224177
48.720564,-1.276000,0.009000,1.874000,-1.289954,0.191277,1.893342,-1.283512,0.225326,1.842625,-0.025154,0.005810,0.309086,0.950684,0.138060,-0.325989,0.046295,0.001853,-0.005157,-0.006350,0.003010,0.001390,-0.000357,21,-0.195985,0.302901,9.775789,-0.172179,0.060452,-0.027224,9.785789,0.188082,0.183831,0.218718
48.784976,-1.276000,-0.005000,1.874000,-1.283923,0.218251,1.835079,-1.277328,0.208870,1.844070,-0.028516,0.000280,0.271904,0.961902,0.111859,-0.282427,0.048266,0.001853,-0.005157,-0.006347,0.003010,0.001390,-0.000357,16,-0.203787,0.092860,9.895699,-0.118695,-0.051558,0.008226,9.899373,0.145076,0.226757,0.215959
48.837056,-1.276000,-0.020000,1.874000,-1.331799,0.167024,1.852557,-1.331660,0.166986,1.852543,-0.000000,-0.000000,0.000000,1.000000,0.111859,-0.282427,0.048266,0.001853,-0.005157,-0.006347,0.003010,0.001390,-0.000357,0,0.000000,0.000000,0.000000,0.000000,0.000000,0.000000,0.000000,0.000000,0.196345,0.196271
48.880588,-1.278000,-0.042000,1.874000,-1.332868,0.172599,1.757055,-1.320334,0.174680,1.804151,-0.085791,0.248540,0.528765,0.807017,0.110856,-0.281448,0.002017,0.001853,-0.005158,-0.006348,0.003010,0.001390,-0.000357,10,-0.164864,0.030723,9.449173,-0.049171,-0.017703,0.015423,9.451289,0.078530,0.250478,0.231563
48.932487,-1.276000,-0.056000,1.873000,-1.320210,0.158657,1.907009,-1.326836,0.162781,1.840913,-0.051496,0.161878,0.606030,0.777092,0.147626,-0.231868,0.028856,0.001853,-0.005157,-0.006347,0.003010,0.001390,-0.000357,4,-0.355438,0.311899,9.418519,-0.299615,0.003623,-0.003374,9.431896,0.299847,0.221786,0.226890
48.978224,-1.276000,-0.073000,1.872000,-1.316459,0.140383,1.869558,-1.322511,0.155847,1.848829,-0.009811,0.160731,0.786758,0.595887,0.162193,-0.212468,0.027649,0.001853,-0.005157,-0.006347,0.003010,0.001390,-0.000357,7,-0.072751,0.184751,9.993267,-0.053373,-0.027087,0.025796,9.996026,0.072282,0.217199,0.234673
49.032269,-1.276000,-0.088000,1.871000,-1.334513,0.155796,1.842763,-1.334496,0.155801,1.842754,-0.000000,-0.000000,0.000000,1.000000,0.162193,-0.212468,0.027649,0.001853,-0.005157,-0.006347,0.003010,0.001390,-0.000357,0,0.000000,0.000000,0.000000,0.000000,0.000000,0.000000,0.000000,0.000000,0.252304,0.252307
49.082106,-1.275000,-0.118000,1.870000,-1.328779,0.102918,1.804452,-1.328771,0.102827,1.804523,0.000000,0.000000,-0.000000,1.000000,0.162193,-0.212468,0.027649,0.001853,-0.005157,-0.006347,0.003010,0.001390,-0.000357,1,-0.138077,0.118219,9.943388,0.173296,-0.049609,0.048644,9.945050,0.186705,0.236630,0.236523
49.146543,-1.274000,-0.132000,1.870000,-1.352295,0.075724,1.851060,-1.333940,0.083061,1.828506,0.002869,-0.009785,0.142436,0.989752,0.147772,-0.212662,0.010450,0.001854,-0.005157,-0.006347,0.003010,0.001390,-0.000357,8,-0.186375,-0.012541,9.657723,0.027535,-0.080464,0.003806,9.660954,0.175004,0.222796,0.227081
49.179816,-1.272000,-0.161000,1.871000,-1.347330,0.090897,1.942811,-1.337610,0.082541,1.866890,-0.026806,0.002207,0.987407,-0.155897,0.136940,-0.220200,0.010555,0.001853,-0.005157,-0.006348,0.003010,0.001390,-0.000357,4,-0.146749,-0.050819,9.471456,0.101826,-0.071968,0.013364,9.473132,0.127327,0.272550,0.252258
49.231719,-1.270000,-0.169000,1.870000,-1.320848,0.056789,2.051977,-1.330563,0.069954,1.913017,-0.025831,0.001085,0.974407,0.223298,0.119957,-0.182561,0.013752,0.001853,-0.005157,-0.006355,0.003010,0.001390,-0.000357,42,-0.323885,-0.039362,9.755314,0.056279,-0.029075,-0.016242,9.762292,0.085947,0.294418,0.250235
49.302437,-1.267000,-0.190000,1.870000,-1.309610,0.032026,1.821851,-1.318258,0.049136,1.895596,-0.021549,0.000257,0.954704,0.296777,0.119571,-0.228995,-0.001843,0.001853,-0.005157,-0.006345,0.003010,0.001390,-0.000357,55,-0.165509,0.296300,9.598912,0.089931,-0.008771,-0.019107,9.612345,0.124428,0.231148,0.245903
49.344019,-1.264000,-0.211000,1.869000,-1.284227,0.026556,1.902233,-1.284145,0.026530,1.902225,-0.000000,-0.000000,0.000000,1.000000,0.119571,-0.228995,-0.001843,0.001853,-0.005157,-0.006345,0.003010,0.001390,-0.000357,0,0.000000,0.000000,0.000000,0.000000,0.000000,0.000000,0.000000,0.000000,0.240721,0.240687
49.393857,-1.259000,-0.239000,1.868000,-1.276037,-0.004416,1.880978,-1.280437,0.011855,1.891374,-0.012616,-0.001826,0.292097,0.956304,0.113735,-0.231994,0.000500,0.001853,-0.005157,-0.006345,0.003010,0.001390,-0.000357,17,-0.145875,0.378149,9.989438,0.123478,-0.012508,0.004794,9.999465,0.142825,0.235560,0.252852
49.452016,-1.257000,-0.249000,1.868000,-1.316276,-0.031047,2.004992,-1.278104,0.008019,1.928339,-0.001558,0.007660,0.278694,0.960348,0.109242,-0.229054,0.003666,0.001853,-0.005157,-0.006346,0.003010,0.001390,-0.000357,14,-0.271790,0.068745,9.791906,0.054239,0.024623,-0.021320,9.797456,0.107039,0.264166,0.264848
49.497725,-1.250000,-0.276000,1.866000,-1.318893,-0.035669,1.980427,-1.281445,-0.015024,1.941400,0.022837,0.001195,0.026862,0.999378,0.083642,-0.224454,0.005002,0.001853,-0.005157,-0.006348,0.003010,0.001390,-0.000357,46,-0.206444,0.115160,9.818481,0.074769,0.013561,0.013461,9.827607,0.153001,0.274952,0.273463
49.551714,-1.250000,-0.280000,1.866000,-1.279353,-0.047648,1.984940,-1.271586,-0.022618,1.952534,-0.039007,0.003652,0.870635,-0.490367,0.098510,-0.258335,0.003123,0.001853,-0.005157,-0.006349,0.003010,0.001390,-0.000357,12,0.027471,-0.056794,9.628772,-0.213444,0.001971,-0.026412,9.630754,0.216822,0.262670,0.272396
49.607889,-1.243000,-0.307000,1.865000,-1.317531,-0.076919,1.969333,-1.266883,-0.040267,1.955523,-0.022255,-0.010503,0.994250,0.104219,0.104099,-0.275306,0.001367,0.001853,-0.005157,-0.006350,0.003010,0.001390,-0.000357,21,-0.189388,-0.106542,9.724179,0.005716,0.043321,-0.006982,9.729217,0.086835,0.263396,0.282686
49.661853,-1.240000,-0.319000,1.864000,-1.337677,-0.062017,1.919852,-1.288205,-0.045648,1.948562,-0.019090,-0.005611,0.796747,0.603986,0.036530,-0.293936,-0.000240,0.001853,-0.005157,-0.006348,0.003010,0.001390,-0.000357,2,-0.467637,0.414105,9.825521,0.037322,-0.001662,0.010560,9.845382,0.040464,0.280536,0.290165
49.709715,-1.237000,-0.334000,1.863000,-1.329751,-0.092186,1.904881,-1.301812,-0.069186,1.943389,-0.022061,-0.023639,0.871878,0.488655,0.013127,-0.308679,0.001360,0.001853,-0.005157,-0.006345,0.003010,0.001390,-0.000357,39,-0.149902,0.371886,9.968275,-0.029251,0.001756,0.009512,9.978315,0.131563,0.262356,0.284235
49.755472,-1.230000,-0.362000,1.861000,-1.303632,-0.073483,1.939521,-1.302486,-0.082672,1.942921,-0.018320,-0.018990,0.878178,0.477606,-0.023484,-0.336006,-0.003572,0.001853,-0.005157,-0.006344,0.003010,0.001390,-0.000357,46,-0.131923,0.367450,9.723265,0.135334,-0.005247,0.016698,9.734215,0.140098,0.307944,0.299982
49.819839,-1.227000,-0.376000,1.860000,-1.312768,-0.115800,1.857226,-1.304122,-0.097125,1.933461,-0.017692,-0.023156,0.882790,0.468862,-0.031053,-0.366312,-0.010849,0.001853,-0.005157,-0.006330,0.003010,0.001390,-0.000357,15,-0.204768,-0.164805,9.659466,0.000679,0.025228,0.032345,9.666512,0.121463,0.273985,0.298522
49.880074,-1.227000,-0.376000,1.860000,-1.329088,-0.160010,1.846984,-1.308088,-0.113280,1.924402,-0.016624,-0.029088,0.877593,0.478234,-0.042841,-0.410626,-0.015192,0.001852,-0.005156,-0.006315,0.003010,0.001390,-0.000357,13,-0.230205,-0.140135,9.895699,0.069353,0.119448,-0.006452,9.899839,0.155790,0.239256,0.282391
49.925827,-1.219000,-0.406000,1.856000,-1.310153,-0.162558,1.869474,-1.310836,-0.130739,1.918785,-0.014539,-0.032807,0.869687,0.492297,-0.070425,-0.453030,-0.010284,0.001852,-0.005156,-0.006303,0.003010,0.001390,-0.000357,17,-0.298447,0.348236,10.175658,0.066740,-0.014825,0.002684,10.187689,0.085962,0.260297,0.296891
49.984017,-1.219000,-0.406000,1.856000,-1.246836,-0.231582,1.884694,-1.246221,-0.232184,1.884772,-0.000000,-0.000000,0.000000,1.000000,-0.070425,-0.453030,-0.010284,0.001852,-0.005156,-0.006303,0.003010,0.001390,-0.000357,0,0.000000,0.000000,0.000000,0.000000,0.000000,0.000000,0.000000,0.000000,0.178941,0.178272
50.036018,-1.211000,-0.440000,1.852000,-1.340524,-0.201777,1.927308,-1.249013,-0.244417,1.909667,-0.019999,0.014459,0.844170,0.535507,-0.079007,-0.441852,-0.012394,0.001852,-0.005156,-0.006303,0.003010,0.001390,-0.000357,11,-0.163820,0.059746,9.745030,0.103014,-0.113211,0.023470,9.747663,0.171089,0.281422,0.207421
50.087853,-1.204000,-0.461000,1.851000,-1.309810,-0.265452,1.936848,-1.244659,-0.230054,1.915137,-0.016624,0.019916,0.995852,0.087213,-0.107330,-0.458179,-0.016231,0.001852,-0.005156,-0.006303,0.003010,0.001390,-0.000357,8,-0.194271,0.254307,9.652233,-0.201995,-0.062119,0.010312,9.657789,0.212601,0.238337,0.243111
50.168936,-1.199000,-0.477000,1.850000,-1.354838,-0.267099,1.844900,-1.318591,-0.284242,1.897644,-0.033133,0.004253,0.996573,-0.075675,-0.155790,-0.446997,-0.015141,0.001853,-0.005156,-0.006300,0.003010,0.001390,-0.000357,12,-0.146504,0.327288,9.728636,-0.149434,-0.032690,-0.006077,9.735862,0.157200,0.261476,0.231792
50.225016,-1.191000,-0.498000,1.849000,-1.323446,-0.288349,1.829584,-1.327461,-0.301201,1.883382,-0.033023,0.006726,0.995597,-0.087464,-0.172652,-0.469852,-0.008915,0.001852,-0.005156,-0.006293,0.003010,0.001390,-0.000357,47,-0.092894,0.523899,9.993563,-0.158849,-0.067160,0.011442,10.010474,0.180311,0.248742,0.241937
50.274914,-1.183000,-0.519000,1.847000,-1.292454,-0.326844,1.861269,-1.323475,-0.305693,1.877918,-0.028758,0.000924,0.998880,-0.037558,-0.161567,-0.484303,-0.007121,0.001852,-0.005156,-0.006291,0.003010,0.001390,-0.000357,6,-0.418939,0.280922,9.977686,-0.006811,-0.016997,0.009815,9.990899,0.054071,0.221602,0.257273
50.330992,-1.178000,-0.532000,1.846000,-1.341340,-0.359706,1.787843,-1.325774,-0.321831,1.865935,-0.025776,0.007295,0.925895,-0.376829,-0.159009,-0.499657,-0.013526,0.001852,-0.005155,-0.006281,0.003010,0.001390,-0.000357,10,0.079846,0.057635,9.702774,0.115910,-0.009103,0.034653,9.703730,0.128465,0.244433,0.257693
50.385026,-1.169000,-0.555000,1.843000,-1.308312,-0.354528,1.871229,-1.326700,-0.332226,1.866162,0.017782,-0.015589,-0.804082,0.594048,-0.136524,-0.475276,-0.012395,0.001852,-0.005156,-0.006282,0.003010,0.001390,-0.000357,8,0.059797,0.075444,9.801659,0.198212,-0.202888,0.023823,9.802415,0.289576,0.245751,0.273923
50.443214,-1.165000,-0.565000,1.841000,-1.360738,-0.347142,1.856981,-1.338545,-0.354375,1.863609,-0.024449,0.007045,0.925772,-0.377225,-0.188277,-0.500349,-0.011026,0.001852,-0.005155,-0.006281,0.003010,0.001390,-0.000357,19,-0.183209,0.215813,9.895480,-0.193210,-0.080227,-0.021594,9.903401,0.213692,0.293310,0.273847
50.503453,-1.158000,-0.583000,1.840000,-1.308825,-0.400761,1.848592,-1.341202,-0.379551,1.861778,-0.029726,0.008819,0.894246,-0.446501,-0.182331,-0.543016,-0.010772,0.001852,-0.005155,-0.006276,0.003010,0.001390,-0.000357,22,0.045069,0.218975,9.761407,0.250562,0.139083,0.016110,9.767225,0.288444,0.236713,0.274643
50.580369,-1.150000,-0.597000,1.837000,-1.319105,-0.376687,1.842119,-1.342181,-0.390680,1.859752,0.029290,-0.009309,-0.851592,0.523303,-0.181364,-0.543407,-0.008950,0.001852,-0.005155,-0.006271,0.003010,0.001390,-0.000357,8,0.066552,0.339583,9.918214,-0.012547,0.056988,0.002536,9.924557,0.072585,0.277778,0.282876
50.617733,-1.144000,-0.610000,1.835000,-1.300785,-0.406066,1.794058,-1.338530,-0.396397,1.853819,0.028792,-0.007194,-0.828017,0.559918,-0.165747,-0.553577,-0.010290,0.001852,-0.005154,-0.006256,0.003010,0.001390,-0.000357,7,-0.229689,0.510051,10.097335,-0.074789,0.079432,0.015441,10.113215,0.116369,0.260474,0.289521
50.682210,-1.138000,-0.621000,1.832000,-1.277659,-0.442440,1.936773,-1.336878,-0.414953,1.860578,0.028350,-0.004129,-0.851163,0.524119,-0.164900,-0.578957,-0.006947,0.001852,-0.005155,-0.006272,0.003010,0.001390,-0.000357,4,0.172982,0.128044,9.861997,0.040907,0.014720,-0.019488,9.864573,0.048791,0.249731,0.287793
50.736191,-1.127000,-0.645000,1.828000,-1.299701,-0.453553,1.856682,-1.333811,-0.428147,1.860134,0.028450,-0.001427,-0.838184,0.544644,-0.147673,-0.589420,-0.006141,0.001851,-0.005154,-0.006269,0.003010,0.001390,-0.000357,11,-0.317516,0.323686,9.885227,-0.006609,0.173565,0.009089,9.895883,0.179918,0.259423,0.301378
50.790253,-1.127000,-0.645000,1.828000,-1.340768,-0.438087,1.818832,-1.339242,-0.446357,1.856659,0.030904,-0.001088,-0.840407,0.541072,-0.164273,-0.591177,-0.008401,0.001852,-0.005154,-0.006257,0.003010,0.001390,-0.000357,30,-0.151990,-0.091615,9.802363,0.062194,0.125175,0.007298,9.806198,0.180569,0.297648,0.292108
50.838032,-1.121000,-0.655000,1.826000,-1.302829,-0.486404,1.870230,-1.343289,-0.477738,1.857406,0.032636,-0.002133,-0.845989,0.532197,-0.164119,-0.621825,-0.000835,0.001852,-0.005155,-0.006260,0.003010,0.001390,-0.000357,45,-0.060248,0.315357,9.965730,0.161275,0.014635,0.018457,9.974324,0.179553,0.251878,0.286043
50.894175,-1.117000,-0.660000,1.825000,-1.285184,-0.515773,1.813000,-1.340822,-0.495474,1.853988,0.031944,0.000264,-0.856766,0.514716,-0.151003,-0.648435,-0.000464,0.001852,-0.005154,-0.006238,0.003010,0.001390,-0.000357,5,0.200005,0.244334,10.029387,0.116169,0.034703,-0.006886,10.036001,0.125341,0.221881,0.279294
50.968959,-1.112000,-0.669000,1.824000,-1.257620,-0.567786,1.926912,-1.341800,-0.551672,1.859578,0.027436,0.003880,-0.856452,0.515482,-0.133590,-0.689413,0.014238,0.001852,-0.005157,-0.006271,0.003010,0.001390,-0.000357,11,0.000650,0.104142,9.912053,0.023515,-0.044254,0.002304,9.914264,0.077107,0.205037,0.260460
51.014636,-1.108000,-0.676000,1.822000,-1.318406,-0.532887,1.770574,-1.337320,-0.553565,1.853298,0.026720,0.004466,-0.839071,0.543347,-0.127232,-0.689055,0.007564,0.001851,-0.005156,-0.006226,0.003010,0.001390,-0.000357,10,-0.205562,-0.039228,9.794892,-0.131002,-0.078315,0.037650,9.798983,0.175901,0.259609,0.261835
51.072841,-1.097000,-0.693000,1.817000,-1.259181,-0.552161,1.852927,-1.332989,-0.591136,1.853171,0.016232,0.009479,-0.845621,0.533453,-0.095101,-0.688115,-0.009017,0.001851,-0.005158,-0.006223,0.003011,0.001390,-0.000357,56,-0.162105,0.285162,9.504846,-0.222500,-0.156698,-0.000767,9.518346,0.283923,0.217782,0.259567
51.135146,-1.089000,-0.706000,1.813000,-1.225464,-0.555504,1.787602,-1.321655,-0.639366,1.847784,0.009944,-0.022935,0.988425,0.149639,-0.052854,-0.599026,-0.003432,0.001849,-0.005166,-0.006176,0.003014,0.001389,-0.000357,13,0.056592,0.513965,9.881719,-0.048479,-0.077080,0.027091,9.902278,0.136713,0.204736,0.244496
51.189149,-1.074000,-0.728000,1.806000,-1.248975,-0.560612,1.800359,-1.250011,-0.560651,1.800107,-0.000000,-0.000000,0.000000,1.000000,-0.052854,-0.599026,-0.003432,0.001855,-0.005148,-0.006170,0.003008,0.001391,-0.000357,0,0.000000,0.000000,0.000000,0.000000,0.000000,0.000000,0.000000,0.000000,0.242213,0.242940
51.255665,-1.059000,-0.744000,1.800000,-1.211864,-0.614068,1.761691,-1.247933,-0.617001,1.781231,-0.022867,0.002028,0.674202,0.738190,-0.060257,-0.616756,-0.017756,0.001852,-0.005140,-0.006160,0.003006,0.001390,-0.000357,14,-0.204347,-0.021466,9.744751,0.098668,0.067234,0.022137,9.748627,0.197017,0.204248,0.228423
51.301401,-1.059000,-0.744000,1.800000,-1.191461,-0.626094,1.805138,-1.223060,-0.648255,1.788298,-0.018450,0.008942,0.665554,0.746068,-0.056016,-0.634586,-0.007444,0.001844,-0.005149,-0.006163,0.003009,0.001388,-0.000357,5,-0.195866,0.291377,10.045303,-0.209259,-0.033820,-0.004719,10.052227,0.214070,0.177410,0.190314
51.353388,-1.059000,-0.744000,1.800000,-1.241515,-0.647767,1.870816,-1.218963,-0.666271,1.809603,-0.014354,0.002670,0.722135,0.691598,-0.064751,-0.566166,-0.000968,0.001842,-0.005160,-0.006170,0.003012,0.001387,-0.000357,52,-0.183932,0.426319,9.844121,-0.032552,-0.036378,-0.003256,9.857168,0.130023,0.218146,0.178107
51.426031,-1.033000,-0.768000,1.792000,-1.240098,-0.663702,1.907031,-1.238215,-0.692084,1.828536,-0.032013,0.003702,0.920392,0.389666,-0.166011,-0.542355,-0.007396,0.001853,-0.005161,-0.006187,0.003012,0.001390,-0.000357,18,-0.410345,0.331567,9.597349,0.097345,-0.063214,0.036980,9.614434,0.133631,0.258843,0.221836
51.467653,-1.023000,-0.775000,1.790000,-1.174870,-0.633804,1.857131,-1.175122,-0.633763,1.856845,-0.000000,-0.000000,0.000000,1.000000,-0.166011,-0.542355,-0.007396,0.001854,-0.005160,-0.006188,0.003012,0.001390,-0.000357,0,0.000000,0.000000,0.000000,0.000000,0.000000,0.000000,0.000000,0.000000,0.217962,0.218076
51.517580,-1.013000,-0.784000,1.787000,-1.166933,-0.687296,1.825331,-1.168546,-0.666537,1.840654,-0.081080,-0.039782,0.628116,0.772860,-0.164398,-0.537996,-0.007773,0.001854,-0.005160,-0.006189,0.003012,0.001390,-0.000357,18,-0.131384,0.081750,9.976495,-0.033680,0.007483,-0.046147,9.979687,0.105813,0.185785,0.202166
51.559074,-1.001000,-0.792000,1.783000,-1.138034,-0.662015,1.821852,-1.173675,-0.680678,1.833466,-0.099930,-0.055618,0.484902,0.867059,-0.207308,-0.541606,-0.012860,0.001854,-0.005160,-0.006189,0.003012,0.001390,-0.000357,4,-0.087936,0.123759,9.893918,0.072298,0.110961,-0.017818,9.895181,0.134377,0.192831,0.211556
51.613061,-0.991000,-0.796000,1.779000,-1.140364,-0.706651,1.816538,-1.181271,-0.700582,1.827677,-0.113469,-0.057873,0.432203,0.892735,-0.263806,-0.541447,-0.018494,0.001854,-0.005160,-0.006189,0.003012,0.001390,-0.000357,3,-0.110080,-0.179271,9.869372,-0.184459,-0.033351,-0.022210,9.871634,0.189484,0.178051,0.218351
51.671340,-0.979000,-0.803000,1.775000,-1.178896,-0.708307,1.756569,-1.189102,-0.721689,1.813217,-0.103868,-0.053545,0.444698,0.888025,-0.347206,-0.508321,-0.018391,0.001854,-0.005160,-0.006184,0.003012,0.001390,-0.000357,12,0.089071,0.013670,9.950544,0.052361,-0.065355,0.011042,9.951952,0.121310,0.221957,0.228505
51.714990,-0.971000,-0.806000,1.772000,-1.179857,-0.707486,1.866015,-1.179956,-0.707450,1.865963,-0.000000,-0.000000,0.000000,1.000000,-0.347206,-0.508321,-0.018391,0.001854,-0.005160,-0.006184,0.003012,0.001390,-0.000357,1,-0.010963,-0.342244,9.767635,0.113511,-0.072806,0.026984,9.773636,0.137526,0.249329,0.249407
51.768912,-0.959000,-0.811000,1.769000,-1.152946,-0.732966,1.918586,-1.155148,-0.728671,1.891512,-0.186532,0.166088,0.925972,-0.283190,-0.335727,-0.519384,-0.042797,0.001854,-0.005160,-0.006184,0.003012,0.001390,-0.000357,5,-0.027702,-0.436034,9.717209,0.015001,-0.092588,0.042610,9.727070,0.121564,0.257061,0.245482
51.820901,-0.949000,-0.812000,1.765000,-1.208846,-0.743885,1.841614,-1.158935,-0.742886,1.883538,-0.224366,0.183598,0.957033,-0.006334,-0.402584,-0.481650,-0.040982,0.001854,-0.005160,-0.006183,0.003012,0.001390,-0.000357,8,0.000948,0.125208,9.595664,-0.234456,-0.025117,-0.046335,9.596944,0.241905,0.279338,0.250800
51.870778,-0.944000,-0.813000,1.763000,-1.119612,-0.788333,1.880043,-1.175417,-0.755584,1.876199,0.045091,-0.183853,-0.696990,0.691643,-0.480449,-0.442280,-0.055628,0.001854,-0.005160,-0.006182,0.003012,0.001390,-0.000357,12,-0.013850,0.212436,9.868181,-0.134785,0.113607,0.008557,9.871722,0.180942,0.212479,0.263940
51.887456,-0.940000,-0.812000,1.761000,-1.145625,-0.763166,1.831358,-1.145475,-0.763226,1.831441,0.000000,0.000000,-0.000000,1.000000,-0.480449,-0.442280,-0.055628,0.001854,-0.005160,-0.006182,0.003012,0.001390,-0.000357,0,0.000000,0.000000,0.000000,0.000000,0.000000,0.000000,0.000000,0.000000,0.222748,0.222622
51.903987,-0.935000,-0.812000,1.759000,-1.101033,-0.763634,1.825926,-1.151056,-0.762126,1.827229,-0.016162,-0.038725,-0.438706,0.897650,-0.486428,-0.432292,-0.054232,0.001854,-0.005160,-0.006182,0.003012,0.001390,-0.000357,8,-0.169848,0.104205,9.994897,0.098539,0.065067,0.025957,9.997388,0.131714,0.185433,0.231997
51.920673,-0.926000,-0.811000,1.756000,-1.191615,-0.760733,1.689080,-1.191834,-0.760745,1.688978,0.000000,0.000000,-0.000000,1.000000,-0.486428,-0.432292,-0.054232,0.001854,-0.005159,-0.006182,0.003012,0.001390,-0.000357,0,0.000000,0.000000,0.000000,0.000000,0.000000,0.000000,0.000000,0.000000,0.278490,0.278721
51.970500,-0.916000,-0.809000,1.751000,-1.132654,-0.782626,1.743393,-1.208278,-0.835709,1.712931,0.030884,0.001561,-0.843814,0.535744,-0.478401,-0.443207,-0.052251,0.001854,-0.005160,-0.006182,0.003012,0.001390,-0.000357,26,-0.180237,0.298780,9.886563,0.002753,0.119496,-0.023128,9.895694,0.129171,0.218386,0.295955
51.987156,-0.915000,-0.809000,1.751000,-1.131444,-0.806886,1.810342,-1.199913,-0.850307,1.741453,0.050554,0.013070,-0.585970,0.808648,-0.484928,-0.475404,-0.052803,0.001854,-0.005160,-0.006182,0.003012,0.001390,-0.000357,16,-0.247860,0.607973,9.792951,0.092942,0.048353,0.019225,9.816573,0.113502,0.224441,0.288050
52.003701,-0.913000,-0.808000,1.751000,-1.144339,-0.772205,1.815650,-1.223636,-0.826381,1.759935,-0.032669,-0.011674,0.982075,-0.185273,-0.550243,-0.467520,-0.052509,0.001854,-0.005160,-0.006184,0.003012,0.001390,-0.000357,17,0.164487,0.516962,9.751575,0.134527,0.003507,0.024415,9.768557,0.145096,0.242855,0.311307
52.020365,-0.910000,-0.808000,1.750000,-1.123622,-0.790290,1.806323,-1.216384,-0.828894,1.768999,-0.027353,-0.021336,0.980356,-0.194161,-0.502226,-0.375406,-0.049352,0.001854,-0.005161,-0.006184,0.003012,0.001390,-0.000357,17,-0.216907,0.229451,9.637901,0.058524,-0.024855,0.007143,9.646219,0.079153,0.221631,0.307683
52.036988,-0.907000,-0.806000,1.748000,-1.154490,-0.802733,1.781649,-1.184524,-0.818403,1.772512,-0.004563,-0.003536,0.940881,-0.338688,-0.415459,-0.408721,-0.052556,0.001854,-0.005160,-0.006185,0.003012,0.001391,-0.000357,17,-0.134759,-0.071361,9.707376,-0.012649,-0.019955,0.013550,9.709668,0.047907,0.249788,0.278881
52.053644,-0.907000,-0.806000,1.748000,-1.116506,-0.788191,1.817507,-1.166434,-0.811019,1.778394,0.003593,0.007556,0.952730,-0.303702,-0.448880,-0.449804,-0.054057,0.001854,-0.005159,-0.006187,0.003012,0.001391,-0.000357,17,-0.058215,-0.065572,9.794671,-0.066903,0.024660,0.010642,9.796506,0.081958,0.221452,0.261257
52.070204,-0.907000,-0.806000,1.748000,-1.158855,-0.803242,1.795250,-1.170615,-0.815548,1.779764,0.005439,0.012737,0.998893,0.044957,-0.459559,-0.422412,-0.053704,0.001854,-0.005159,-0.006188,0.003012,0.001390,-0.000357,16,-0.005460,-0.063019,9.779536,-0.056057,0.038132,-0.007846,9.782227,0.082919,0.256263,0.265693
52.086855,-0.907000,-0.806000,1.748000,-1.072540,-0.810863,1.765333,-1.166096,-0.818041,1.775054,0.011684,0.022694,0.919619,0.391982,-0.427082,-0.401906,-0.054117,0.001854,-0.005159,-0.006186,0.003012,0.001390,-0.000357,17,-0.141057,0.187074,9.868087,-0.097821,0.043430,-0.002000,9.878421,0.110785,0.166516,0.260783
52.103495,-0.904000,-0.806000,1.747000,-1.153307,-0.794443,1.857399,-1.170334,-0.821435,1.782629,0.009606,0.031183,0.778827,0.626390,-0.422860,-0.400188,-0.052465,0.001854,-0.005159,-0.006192,0.003012,0.001390,-0.000357,17,-0.089718,0.903340,9.747507,-0.014544,0.081099,-0.023266,9.790701,0.107093,0.272902,0.269149
52.120184,-0.903000,-0.805000,1.747000,-1.121069,-0.837101,1.875853,-1.171282,-0.829008,1.790531,0.009308,0.035601,0.586777,0.808912,-0.401583,-0.391453,-0.049277,0.001854,-0.005159,-0.006198,0.003012,0.001391,-0.000357,17,-0.040342,0.179251,9.887202,0.068468,0.035239,-0.019138,9.892471,0.088522,0.255319,0.272849
52.136728,-0.903000,-0.805000,1.747000,-1.068246,-0.827832,1.828326,-1.166661,-0.834242,1.792684,0.008193,0.041960,0.413389,0.909550,-0.366222,-0.384253,-0.047222,0.001854,-0.005159,-0.006201,0.003012,0.001391,-0.000357,16,-0.227638,0.087564,9.978646,0.003473,0.043008,0.015326,9.983862,0.071830,0.185584,0.269183
52.153303,-0.903000,-0.805000,1.747000,-1.146795,-0.822526,1.731881,-1.169770,-0.839009,1.787098,0.004919,0.043310,0.264456,0.963412,-0.346390,-0.382562,-0.045686,0.001854,-0.005159,-0.006196,0.003012,0.001391,-0.000357,17,-0.184225,0.114577,10.061396,-0.031169,0.059720,0.008609,10.065910,0.109403,0.244892,0.271902
52.169970,-0.902000,-0.805000,1.746000,-1.147898,-0.802868,1.795946,-1.173157,-0.840684,1.786929,0.000030,0.045051,0.256442,0.965509,-0.330715,-0.360519,-0.045377,0.001854,-0.005159,-0.006197,0.003012,0.001391,-0.000357,17,-0.100522,0.131874,9.859133,-0.135458,0.009610,0.037154,9.863660,0.148371,0.250928,0.276540
52.186654,-0.902000,-0.805000,1.746000,-1.096463,-0.837223,1.812891,-1.171334,-0.845450,1.787767,-0.003804,0.046887,0.172100,0.983956,-0.299881,-0.349483,-0.044284,0.001854,-0.005159,-0.006200,0.003012,0.001391,-0.000357,17,-0.097599,0.197925,9.933948,-0.163414,-0.087616,-0.006168,9.937991,0.190367,0.208156,0.275539
52.203259,-0.902000,-0.805000,1.746000,-1.093211,-0.822298,1.872617,-1.169223,-0.848184,1.792265,-0.006026,0.049160,0.158632,0.986095,-0.269679,-0.325885,-0.039684,0.001854,-0.005160,-0.006211,0.003012,0.001391,-0.000357,17,-0.132175,0.533907,10.027600,-0.055767,-0.171167,0.000881,10.043962,0.185245,0.229984,0.274615
52.219838,-0.902000,-0.805000,1.746000,-1.118644,-0.840528,1.868091,-1.169063,-0.851698,1.796196,-0.007094,0.050525,0.159174,0.985931,-0.242535,-0.312446,-0.035035,0.001854,-0.005160,-0.006222,0.003012,0.001391,-0.000357,16,0.037018,0.122931,10.042235,-0.045016,-0.107464,0.029157,10.044793,0.137379,0.251203,0.275722
52.236476,-0.902000,-0.805000,1.746000,-1.117600,-0.831234,1.794968,-1.168605,-0.853998,1.795227,-0.008178,0.052265,0.171092,0.983834,-0.215973,-0.291671,-0.034035,0.001855,-0.005160,-0.006222,0.003012,0.001391,-0.000357,17,-0.036861,0.389194,10.003907,-0.065995,-0.124994,-0.010878,10.013967,0.176442,0.222642,0.275504
52.253192,-0.902000,-0.805000,1.746000,-1.113211,-0.840114,1.779709,-1.166984,-0.857642,1.793343,-0.008965,0.053442,0.150510,0.987122,-0.187218,-0.277769,-0.037526,0.001856,-0.005160,-0.006221,0.003012,0.001390,-0.000357,17,-0.193686,0.302861,9.761464,0.035261,-0.157217,-0.012236,9.769514,0.184993,0.216747,0.274279
52.269749,-0.902000,-0.805000,1.746000,-1.169481,-0.810278,1.711705,-1.168128,-0.860910,1.788182,-0.014546,0.050581,0.002905,0.998610,-0.162099,-0.276512,-0.046643,0.001854,-0.005160,-0.006211,0.003012,0.001391,-0.000357,17,-0.256521,0.170327,9.489538,0.011711,-0.138951,0.055822,9.499161,0.157396,0.269723,0.275189
52.402742,-0.902000,-0.805000,1.746000,-1.130103,-0.844968,1.742853,-1.166893,-0.898608,1.776095,-0.037443,0.043255,-0.306139,0.950266,-0.048687,-0.163136,-0.084206,0.001853,-0.005159,-0.006199,0.003012,0.001390,-0.000357,134,-0.168116,0.059834,9.604566,-0.099727,-0.120338,-0.004363,9.611761,0.193896,0.231599,0.282553
52.419336,-0.902000,-0.805000,1.746000,-1.107176,-0.810817,1.702817,-1.160091,-0.880350,1.768993,-0.040005,0.050331,-0.145443,0.987275,0.010142,-0.109924,-0.097224,0.001851,-0.005159,-0.006178,0.003012,0.001390,-0.000357,17,-0.132159,-0.004559,9.723442,-0.093296,0.111426,0.000600,9.725429,0.152195,0.209752,0.269847
52.435942,-0.902000,-0.805000,1.746000,-1.119097,-0.832080,1.794417,-1.158424,-0.871122,1.768732,-0.042525,0.050882,-0.116991,0.990917,0.045629,-0.073691,-0.095956,0.001851,-0.005160,-0.006195,0.003012,0.001390,-0.000357,16,-0.036580,0.154838,10.022173,-0.071656,0.079101,-0.037775,10.024302,0.172930,0.224073,0.265785
52.485877,-0.902000,-0.805000,1.746000,-1.144214,-0.855935,1.700057,-1.154794,-0.869639,1.759897,-0.036482,0.055556,-0.033436,0.997228,0.097343,-0.026302,-0.093307,0.001851,-0.005161,-0.006165,0.003012,0.001390,-0.000357,51,-0.238800,0.068738,10.042527,0.108848,0.093947,-0.006055,10.048755,0.165001,0.251739,0.261297
52.568960,-0.902000,-0.805000,1.746000,-1.071918,-0.857790,1.713599,-1.130693,-0.866753,1.748101,-0.035202,0.060568,-0.002213,0.997541,0.226640,0.049000,-0.099482,0.001848,-0.005161,-0.006140,0.003013,0.001389,-0.000357,84,-0.070688,0.158961,9.914543,0.011187,0.009464,0.008407,9.921477,0.104803,0.180856,0.236893
52.818321,-0.902000,-0.805000,1.746000,-1.067084,-0.839595,1.683448,-1.086365,-0.852621,1.728348,-0.044960,0.061128,-0.010171,0.997065,0.374789,0.159965,-0.136100,0.001846,-0.005161,-0.006093,0.003013,0.001388,-0.000357,124,-0.145425,0.016435,9.657897,-0.137277,-0.017492,0.010155,9.668914,0.226646,0.179895,0.191232
52.834943,-0.902000,-0.805000,1.746000,-1.002646,-0.897935,1.723108,-1.002645,-0.897936,1.723115,-0.000000,0.000000,0.000000,1.000000,0.374789,0.159965,-0.136100,0.001846,-0.005161,-0.006093,0.003013,0.001388,-0.000357,0,0.000000,0.000000,0.000000,0.000000,0.000000,0.000000,0.000000,0.000000,0.138891,0.138889
52.918128,-0.902000,-0.805000,1.746000,-1.072204,-0.851769,1.559334,-1.072196,-0.851771,1.559339,0.000000,0.000000,0.000000,1.000000,0.374789,0.159965,-0.136100,0.001846,-0.005161,-0.006093,0.003013,0.001388,-0.000357,0,0.000000,0.000000,0.000000,0.000000,0.000000,0.000000,0.000000,0.000000,0.256906,0.256897
52.967885,-0.902000,-0.805000,1.746000,-1.007465,-0.852653,1.637307,-1.006945,-0.852940,1.637645,0.000000,0.000000,0.000000,1.000000,0.374789,0.159965,-0.136100,0.001846,-0.005161,-0.006093,0.003013,0.001388,-0.000357,0,0.000000,0.000000,0.000000,0.000000,0.000000,0.000000,0.000000,0.000000,0.158769,0.158279
