timestamp,gt_x,gt_y,gt_z,wls_x,wls_y,wls_z,tc_x,tc_y,tc_z,tc_qx,tc_qy,tc_qz,tc_qw,tc_vx,tc_vy,tc_vz,tc_bias_ax,tc_bias_ay,tc_bias_az,tc_bias_gx,tc_bias_gy,tc_bias_gz,imu_n,imu_mean_ax,imu_mean_ay,imu_mean_az,imu_mean_gx,imu_mean_gy,imu_mean_gz,imu_accel_norm_mean,imu_gyro_norm_mean,wls_gt_err,tc_gt_err
0.023481,1.276000,0.020000,0.085000,1.272994,0.024120,-0.187541,1.271036,0.023162,-0.193436,-0.002768,-0.006919,0.015221,0.999856,0.000000,0.000000,0.000000,0.000000,0.000000,0.000000,0.000000,0.000000,0.000000,23,0.241350,0.011699,9.804060,0.000804,0.003479,-0.000359,9.807048,0.004977,0.272589,0.278499
0.040115,1.276000,0.020000,0.085000,1.269786,0.033923,-0.039192,1.267029,0.034713,-0.125417,-0.004547,-0.007434,0.017898,0.999802,-0.059495,0.186381,0.003381,0.000701,-0.002362,-0.000046,-0.000015,-0.000007,0.000002,17,0.237577,0.000134,9.796478,-0.001028,0.000728,-0.000271,9.799363,0.002766,0.125124,0.211122
0.056814,1.276000,0.020000,0.085000,1.259977,0.028085,-0.013836,1.262276,0.033724,-0.086325,-0.002738,-0.009490,0.012146,0.999877,-0.186715,0.058741,0.008677,0.004104,0.000843,-0.000150,-0.000225,-0.000041,0.000003,17,0.233111,0.004183,9.803354,0.000870,-0.000094,0.000175,9.806130,0.003684,0.100452,0.172421
0.072330,1.276000,0.020000,0.085000,1.256188,0.002089,0.095362,1.256444,0.022796,-0.044820,0.003203,-0.008798,-0.011092,0.999895,-0.186267,-0.187981,0.020148,0.004358,0.009842,-0.000284,-0.000384,-0.000211,0.000027,15,0.246634,0.027497,9.810811,-0.000746,0.001201,0.000736,9.813952,0.003601,0.028648,0.131315
0.089962,1.276000,0.020000,0.085000,1.219883,0.007458,0.043133,1.243114,0.017648,-0.021618,0.000802,-0.012271,-0.012399,0.999848,-0.356528,-0.131665,0.028098,0.011656,0.008293,-0.000729,0.000514,-0.000010,0.000021,18,0.249801,0.018703,9.790315,-0.001720,-0.000911,-0.000136,9.793521,0.003009,0.071128,0.111600
0.106674,1.276000,0.020000,0.085000,1.321301,0.015255,0.029054,1.260325,0.016511,-0.013656,-0.001044,-0.004849,-0.009361,0.999944,-0.115611,-0.096120,0.029565,-0.001821,0.004997,-0.000412,0.001111,-0.001825,0.000005,17,0.247190,0.031482,9.796757,0.001107,0.000698,0.000116,9.799929,0.003809,0.072143,0.099954
0.123243,1.276000,0.020000,0.085000,1.267879,0.014357,-0.032475,1.253676,0.016330,-0.014805,-0.002002,-0.009715,0.016268,0.999818,-0.257150,-0.085243,0.026909,0.008399,0.004569,-0.000595,0.001333,-0.000554,-0.000026,17,0.252380,0.022335,9.804521,-0.001276,-0.001678,0.000637,9.807801,0.004448,0.117890,0.102337
0.139913,1.276000,0.020000,0.085000,1.255435,-0.019961,-0.064882,1.249896,0.002719,-0.020639,0.003670,-0.009244,-0.077432,0.996948,-0.273071,-0.223101,0.017980,0.007524,0.016071,-0.000437,0.000336,-0.000800,0.000140,17,0.231823,0.009434,9.798598,-0.000432,0.000551,0.000655,9.801345,0.003081,0.156475,0.110180
0.156453,1.276000,0.020000,0.085000,1.288106,-0.033523,-0.001535,1.258001,-0.005375,-0.019777,0.003437,-0.003388,-0.143542,0.989632,-0.117168,-0.262055,0.017559,-0.004168,0.017565,-0.000254,0.000766,-0.003386,0.000267,16,0.225431,0.011895,9.799697,-0.001254,0.000373,0.000824,9.802299,0.002278,0.102468,0.109299
0.172651,1.276000,0.020000,0.085000,1.241274,-0.016446,-0.070889,1.247704,-0.006265,-0.024037,-0.000824,-0.008167,0.095105,0.995433,-0.234242,-0.216762,0.006162,0.004142,0.011103,-0.000005,0.003178,-0.000271,-0.000398,17,0.236562,0.028210,9.813263,0.000306,0.001285,0.000481,9.816158,0.003656,0.163815,0.115670
0.189782,1.276000,0.020000,0.085000,1.276277,0.001144,0.061268,1.256520,-0.003482,-0.012567,-0.003156,-0.003819,-0.173537,0.984815,-0.066641,-0.123082,0.027261,-0.006177,0.002984,-0.000490,0.005017,-0.004126,0.000313,17,0.235467,0.030837,9.804803,-0.000910,-0.001811,-0.000426,9.807683,0.004423,0.030312,0.102226
0.206455,1.276000,0.020000,0.085000,1.262964,-0.014399,-0.023304,1.250593,-0.011690,-0.014259,0.000950,-0.005536,-0.246415,0.969148,-0.151006,-0.192514,0.022824,-0.003468,0.009279,-0.000357,0.002965,-0.000274,0.000869,17,0.227679,0.025511,9.799174,-0.000484,-0.001735,-0.000471,9.801857,0.002651,0.114381,0.107247
0.223008,1.276000,0.020000,0.085000,1.246323,0.009269,-0.027131,1.243759,-0.007113,-0.014381,-0.003036,-0.010198,-0.203665,0.978983,-0.219294,-0.126320,0.018024,0.008584,0.003590,-0.000397,0.003982,0.004547,0.001059,17,0.242765,0.031843,9.813892,-0.000728,0.001843,-0.000553,9.816951,0.004396,0.116487,0.107941
0.239577,1.276000,0.020000,0.085000,1.233052,-0.011667,0.011215,1.238751,-0.014881,-0.011669,-0.000128,-0.008626,-0.061587,0.998064,-0.256563,-0.168100,0.027753,0.002740,0.011963,-0.000722,0.000362,0.001066,0.000119,16,0.226633,0.011688,9.798038,-0.000998,-0.000651,-0.000245,9.800667,0.002482,0.091058,0.109312
0.256233,1.276000,0.020000,0.085000,1.242743,0.000140,0.069058,1.240443,-0.009466,-0.004513,-0.002160,-0.007661,-0.380199,0.924870,-0.192349,-0.061356,0.042718,0.002291,0.000622,-0.001151,0.006515,-0.000249,0.000819,17,0.240785,0.017146,9.798002,-0.000958,0.002863,-0.000308,9.800978,0.003891,0.041888,0.100723
0.271845,1.276000,0.020000,0.085000,1.270901,0.027560,0.004254,1.235251,-0.004670,-0.003035,-0.007905,0.001631,0.724108,0.689639,-0.214088,0.250103,0.034649,0.008766,-0.014028,-0.001114,0.007737,0.003672,-0.002323,16,0.242883,0.018970,9.809414,-0.001930,-0.000933,0.000264,9.812443,0.003594,0.081259,0.100096
0.289508,1.276000,0.020000,0.085000,1.247610,-0.001455,-0.072669,1.237593,-0.006995,-0.010450,-0.003198,-0.000108,0.850202,0.526447,-0.222324,0.228087,0.018106,0.000840,0.016849,-0.000203,-0.001541,-0.002099,-0.001783,18,0.245432,0.007679,9.821300,-0.000116,-0.002603,-0.000373,9.824371,0.003903,0.161635,0.106370
0.306076,1.276000,0.020000,0.085000,1.289339,0.038885,-0.020296,1.247023,0.005549,-0.011916,-0.001394,0.004735,0.800431,0.599405,-0.161424,0.339780,0.008011,-0.010374,0.024438,0.000086,-0.002701,-0.006162,-0.001465,16,0.244305,0.022917,9.806236,0.000219,0.001863,-0.000754,9.809306,0.003055,0.107804,0.102182
0.322730,1.276000,0.020000,0.085000,1.253866,0.009849,0.018449,1.239783,-0.001170,-0.010230,-0.003923,-0.001295,0.908261,0.418384,-0.191886,0.204574,0.018976,0.005335,0.022197,-0.000138,0.000129,0.001193,-0.001455,17,0.232790,0.021748,9.821087,-0.000006,-0.003236,-0.000978,9.823872,0.005633,0.070866,0.104061
0.339365,1.276000,0.020000,0.085000,1.209296,0.008762,-0.019343,1.226410,-0.002937,-0.010881,-0.008374,0.005733,0.998505,0.053715,-0.293078,0.167111,0.010214,0.011691,0.011390,-0.000088,0.005995,0.000460,-0.002823,17,0.247019,0.026867,9.812295,0.000632,0.000695,0.000691,9.815444,0.004706,0.124351,0.110356
0.355984,1.276000,0.020000,0.085000,1.260462,-0.020192,0.046461,1.237803,-0.006674,-0.004523,0.003277,-0.000264,0.990527,0.137276,-0.201322,0.091621,0.036906,0.022449,0.017477,-0.000644,0.000307,0.003676,-0.002277,17,0.242758,0.030507,9.800757,-0.001392,0.001389,-0.000785,9.803815,0.004319,0.057811,0.100920
0.372569,1.276000,0.020000,0.085000,1.253990,-0.003146,-0.050221,1.231564,-0.001304,-0.010679,-0.009251,-0.000331,0.986554,0.163172,-0.240163,0.125816,0.009102,0.013354,0.024062,0.000233,0.001060,-0.003780,-0.003586,16,0.236084,0.023889,9.816292,-0.001560,0.000628,-0.000355,9.819161,0.003113,0.138942,0.107624
0.389178,1.276000,0.020000,0.085000,1.251424,0.006526,0.051071,1.231702,0.004507,-0.006496,0.000924,0.012276,0.995933,0.089252,-0.226662,0.133690,0.017376,0.009566,0.022087,-0.000255,-0.001298,-0.005945,-0.004401,17,0.233104,0.024532,9.808205,-0.001203,-0.002904,-0.001271,9.811006,0.004303,0.044008,0.102829
0.405871,1.276000,0.020000,0.085000,1.282380,0.024920,0.034184,1.241330,0.007517,-0.002148,0.009829,-0.009224,0.998022,0.061400,-0.188946,0.131576,0.044396,0.006697,0.041594,-0.001280,-0.007861,-0.002068,-0.003782,17,0.236575,0.016514,9.825006,0.000762,0.001116,0.000412,9.827869,0.002958,0.051451,0.094618
0.422480,1.276000,0.020000,0.085000,1.316056,-0.035755,0.044565,1.245470,0.001300,0.000557,-0.021616,-0.004806,0.992602,0.119377,-0.136234,0.156856,0.045597,0.029584,0.043354,-0.000301,-0.002203,0.006669,-0.003026,17,0.230787,0.029186,9.806949,-0.002357,0.001426,-0.000768,9.809711,0.004433,0.079675,0.091719
0.439101,1.276000,0.020000,0.085000,1.254713,0.003653,-0.033850,1.245534,0.012366,-0.003453,0.011209,0.025443,0.998554,0.046021,-0.046042,0.185528,0.017665,0.014490,0.021177,-0.000067,-0.000070,-0.002607,-0.006616,17,0.234279,0.025139,9.814514,0.001388,-0.001615,-0.001849,9.817343,0.003411,0.121843,0.093863
0.455728,1.276000,0.020000,0.085000,1.276909,0.011143,0.043940,1.255335,-0.001372,0.003474,0.022910,-0.043737,0.996691,-0.064567,-0.063016,0.048484,0.068191,0.010035,0.054191,-0.002633,-0.004607,0.002857,-0.003329,16,0.228466,0.026789,9.810835,-0.000395,0.000808,-0.000581,9.813535,0.003361,0.042014,0.086777
0.470988,1.276000,0.020000,0.085000,1.334197,-0.016008,0.154442,1.288219,-0.027331,0.014716,0.075515,-0.147119,0.957213,-0.237481,0.093512,-0.325646,0.169575,0.000033,0.088020,-0.006918,0.007800,0.014862,-0.003031,16,0.245516,0.024890,9.797148,0.000753,0.002076,0.000106,9.800257,0.003152,0.097497,0.085612
0.488996,1.276000,0.020000,0.085000,1.285678,0.004481,-0.014082,1.285747,-0.002290,-0.000954,0.017872,0.014444,0.082396,0.996335,0.275234,0.619072,-0.018257,-0.040058,-0.009619,0.011046,0.004765,0.007581,-0.002865,18,0.242746,0.035418,9.819694,-0.000055,-0.000676,-0.000085,9.822762,0.003606,0.100756,0.089331
0.505618,1.276000,0.020000,0.085000,1.214952,0.005285,-0.064848,1.239957,0.011140,0.003177,-0.007510,-0.001202,0.597974,0.801480,-0.095960,0.026937,0.036982,-0.012705,0.010901,-0.000435,0.007098,0.007294,-0.001894,17,0.230453,0.022915,9.809197,-0.000284,0.000644,-0.000542,9.811940,0.003272,0.162474,0.089847
0.521230,1.276000,0.020000,0.085000,1.250917,0.015743,0.158579,1.254842,0.009248,0.017972,0.000205,0.001909,0.576709,0.816947,0.039440,0.066449,0.080101,-0.008717,0.030270,-0.002677,0.000774,-0.001758,-0.001412,15,0.239220,0.034482,9.809211,-0.000565,0.001113,-0.001714,9.812192,0.004113,0.077853,0.071106
0.537743,1.276000,0.020000,0.085000,1.243221,-0.003681,-0.054841,1.248669,0.005022,0.013231,-0.001916,-0.003627,0.602055,0.798444,-0.028690,0.045704,0.063343,-0.005295,0.028659,-0.001496,0.002441,0.010624,-0.002504,17,0.242581,0.032379,9.813126,-0.000858,0.001235,0.001663,9.816180,0.004348,0.145570,0.078244
0.555455,1.276000,0.020000,0.085000,1.280843,0.034810,0.062272,1.255741,0.014741,0.019055,0.000744,0.001608,0.729614,0.683856,0.040550,0.088113,0.076403,-0.007703,0.036577,-0.002248,0.000747,0.001953,-0.003020,18,0.239996,0.015302,9.804416,0.000219,0.001031,0.000395,9.807368,0.004417,0.027556,0.069187
0.572130,1.276000,0.020000,0.085000,1.240032,0.001220,0.050629,1.247655,0.007532,0.023291,0.001022,-0.005493,0.723558,0.690241,-0.035630,0.026259,0.085755,-0.000595,0.030118,-0.002662,0.009635,0.008794,-0.002892,17,0.242501,0.010227,9.802983,0.002064,-0.001254,-0.000431,9.805988,0.004121,0.053176,0.069042
0.589140,1.276000,0.020000,0.085000,1.324263,0.030456,-0.027132,1.261426,0.013241,0.020101,0.002911,-0.001603,0.731937,0.681364,0.056482,0.061122,0.073278,-0.003139,0.040037,-0.002009,0.001787,0.005700,-0.003301,17,0.236350,0.012404,9.821092,-0.000446,0.001344,-0.000275,9.823946,0.002828,0.122524,0.066858
0.605358,1.276000,0.020000,0.085000,1.244786,-0.026559,0.019667,1.251185,0.005650,0.020519,-0.002549,-0.007642,0.594641,0.803951,-0.019604,-0.000888,0.070070,0.000372,0.031103,-0.001787,0.009809,0.012393,-0.002308,16,0.239424,0.020170,9.802854,-0.001804,0.003288,-0.000248,9.805799,0.006057,0.086084,0.070566
0.621935,1.276000,0.020000,0.085000,1.245274,-0.018889,-0.081027,1.251983,0.008281,0.012425,-0.004171,-0.004824,0.575689,0.817644,-0.016115,0.045534,0.045396,-0.002278,0.030510,-0.000422,0.009015,0.009715,-0.002033,17,0.243931,0.027408,9.818441,0.000011,0.000444,-0.000093,9.821510,0.001864,0.173267,0.077339
0.638568,1.276000,0.020000,0.085000,1.266682,-0.016576,0.036812,1.264492,0.006016,0.014867,-0.000651,-0.001225,0.435529,0.900174,0.086896,0.044321,0.050314,-0.008162,0.033629,-0.000728,-0.002427,0.007406,-0.001311,17,0.247269,0.027571,9.815967,0.000317,0.002784,-0.001456,9.819121,0.004397,0.061210,0.072434
0.655230,1.276000,0.020000,0.085000,1.259335,0.004136,-0.003763,1.260918,0.016226,0.013948,-0.003091,-0.000235,0.595604,0.803272,0.052550,0.126753,0.044455,-0.012229,0.030967,-0.000461,0.006993,0.000878,-0.002980,17,0.233682,0.030355,9.811267,0.001245,-0.001079,-0.000331,9.814097,0.005016,0.091696,0.072733
0.671788,1.276000,0.020000,0.085000,1.306867,0.017023,-0.023132,1.270129,0.023030,0.012530,0.002219,0.002793,0.753620,0.657300,0.094078,0.126109,0.039945,-0.015484,0.042184,-0.000202,-0.001565,-0.001205,-0.003787,16,0.242433,0.026207,9.800431,0.002025,-0.000408,-0.001112,9.803467,0.004435,0.112490,0.072770
0.688422,1.276000,0.020000,0.085000,1.271977,0.007128,-0.030750,1.259434,0.013668,0.008357,-0.001090,-0.008694,0.909359,0.415920,-0.015027,0.075314,0.028507,0.005394,0.047369,0.000544,0.010761,-0.006245,-0.005880,17,0.244021,0.026793,9.804815,-0.001603,-0.000770,-0.000319,9.807890,0.005009,0.116533,0.078668
0.705100,1.276000,0.020000,0.085000,1.244043,-0.006692,-0.010467,1.248093,0.010279,0.005461,-0.009359,-0.009920,0.786946,0.616871,-0.079631,0.036402,0.018011,0.003549,0.036654,0.001105,0.019539,-0.005878,-0.003753,17,0.225624,0.009108,9.815729,-0.000113,0.002373,-0.000206,9.818332,0.003293,0.104152,0.084852
0.721700,1.276000,0.020000,0.085000,1.342955,0.010717,0.056204,1.268947,0.013949,0.007009,-0.001368,-0.000569,0.691119,0.722740,0.053152,0.076306,0.020904,0.000397,0.038156,0.000944,0.009092,0.003876,-0.002087,17,0.235158,0.003521,9.809303,0.000430,0.001978,-0.001629,9.812126,0.003737,0.073474,0.078543
0.738310,1.276000,0.020000,0.085000,1.282790,-0.024621,0.054244,1.258639,0.006657,0.010074,-0.004527,-0.011219,0.812911,0.582262,-0.053739,0.013783,0.027811,0.006084,0.037423,0.000553,0.025721,0.000419,-0.004554,16,0.237952,0.037294,9.803459,0.000019,-0.001173,-0.000397,9.806422,0.003552,0.054617,0.078060
0.754920,1.276000,0.020000,0.085000,1.276542,0.033749,-0.111586,1.259926,0.018386,-0.003212,-0.009208,-0.003758,0.723506,0.690246,-0.048499,0.116909,-0.006942,-0.000547,0.035452,0.002623,0.018440,-0.007387,-0.003168,17,0.247702,0.024567,9.820405,-0.000166,0.000210,-0.000174,9.823562,0.002921,0.197067,0.089679
0.771590,1.276000,0.020000,0.085000,1.269398,-0.021647,-0.051489,1.258368,0.008215,-0.006100,-0.006538,-0.007293,0.777236,0.629133,-0.059604,0.023144,-0.014216,0.009037,0.035309,0.003117,0.020855,0.001050,-0.004163,17,0.245969,0.013536,9.808023,-0.000219,-0.000459,-0.000123,9.811117,0.003096,0.142854,0.093536
0.788227,1.276000,0.020000,0.085000,1.228481,0.015784,-0.028436,1.248728,0.013668,-0.008758,-0.010839,-0.007185,0.768879,0.639262,-0.112048,0.079069,-0.020311,0.003904,0.030343,0.003322,0.026164,-0.007083,-0.003884,17,0.257675,0.014508,9.827507,-0.000542,0.000868,-0.000959,9.830896,0.002829,0.123059,0.097849
0.804377,1.276000,0.020000,0.085000,1.260256,0.023056,-0.003103,1.258141,0.017536,-0.006786,-0.007788,-0.004099,0.717764,0.696231,-0.029445,0.101369,-0.014091,0.002265,0.036460,0.003094,0.015279,-0.004315,-0.002996,16,0.238954,0.031040,9.815455,-0.000719,0.000512,0.000238,9.818417,0.003661,0.089551,0.093540
0.821432,1.276000,0.020000,0.085000,1.268811,0.018288,0.073807,1.262673,0.016209,-0.000710,-0.003661,-0.002907,0.750462,0.660897,0.004408,0.073033,0.001948,0.003954,0.038497,0.002114,0.011702,-0.000924,-0.003123,17,0.239493,0.029031,9.811629,0.000667,-0.002680,-0.000304,9.814596,0.004433,0.013413,0.086823
0.838080,1.276000,0.020000,0.085000,1.234269,-0.013397,0.046567,1.253458,0.008529,0.003062,-0.004171,-0.007874,0.719513,0.694421,-0.059903,0.011220,0.010804,0.008945,0.032402,0.001426,0.019943,0.004539,-0.002189,17,0.251936,0.011582,9.796915,0.000134,0.000657,0.000978,9.800166,0.002749,0.065833,0.085753
0.854723,1.276000,0.020000,0.085000,1.336713,0.009482,0.066733,1.265196,0.010158,0.009376,-0.000591,-0.007281,0.790141,0.612881,0.025264,0.022766,0.024247,0.007343,0.041351,0.000665,0.015280,0.006262,-0.003535,17,0.251124,0.007034,9.816684,-0.000016,-0.001498,-0.000461,9.819899,0.003799,0.064268,0.077023
0.871326,1.276000,0.020000,0.085000,1.218016,0.013518,-0.067163,1.251222,0.010401,0.002123,-0.004891,-0.010167,0.746332,0.665479,-0.074688,0.033343,0.005014,0.005997,0.034519,0.001862,0.021283,0.006125,-0.003066,17,0.244144,0.021464,9.798587,-0.001249,-0.000221,-0.000245,9.801658,0.003344,0.162965,0.087033
0.887925,1.276000,0.020000,0.085000,1.267009,-0.010908,0.008541,1.262321,0.005862,0.004079,-0.000482,-0.008926,0.836524,0.547857,-0.002570,-0.012789,0.008982,0.012082,0.042239,0.001673,0.014909,0.008705,-0.004814,16,0.241227,0.038049,9.806872,-0.000916,0.004063,-0.000164,9.809916,0.004819,0.082959,0.083278
0.904506,1.276000,0.020000,0.085000,1.222502,-0.003774,-0.033709,1.244920,0.007481,-0.000995,-0.007593,-0.013101,0.797876,0.602631,-0.109917,0.012330,-0.002393,0.010231,0.035396,0.002262,0.029196,0.001038,-0.003400,17,0.229185,0.045986,9.795352,-0.000288,0.000218,0.000289,9.798143,0.002098,0.132359,0.092293
0.923680,1.276000,0.020000,0.085000,1.253929,0.017954,0.043822,1.255580,0.014862,0.002433,-0.005284,-0.004072,0.726682,0.686942,-0.011830,0.069141,0.007279,0.007599,0.038330,0.001820,0.012530,-0.000954,-0.002558,19,0.254226,0.034638,9.795015,-0.000887,-0.001993,0.000430,9.798377,0.003897,0.046765,0.085210
0.939922,1.276000,0.020000,0.085000,1.220834,-0.033126,0.009662,1.248286,0.003918,0.003037,-0.004254,-0.008594,0.713181,0.700914,-0.060569,-0.010507,0.007852,0.013279,0.034418,0.001699,0.017832,0.008110,-0.002124,17,0.236761,0.038596,9.812399,0.001276,0.000747,-0.002073,9.815336,0.005046,0.107431,0.088004
0.956511,1.276000,0.020000,0.085000,1.299664,-0.022780,-0.029851,1.261904,0.001355,-0.001791,0.000016,-0.008911,0.797045,0.603854,0.024615,-0.015829,-0.004127,0.013666,0.042383,0.002633,0.014042,0.008560,-0.003353,17,0.240598,0.032019,9.805974,-0.001639,-0.001647,-0.002049,9.808981,0.004362,0.124823,0.089884
0.973152,1.276000,0.020000,0.085000,1.263468,-0.001183,0.003170,1.253034,0.005391,-0.003113,-0.004314,-0.009652,0.781860,0.623364,-0.050716,0.022968,-0.007257,0.009745,0.037806,0.002860,0.021148,0.002457,-0.003123,16,0.236800,0.012768,9.810171,0.001392,0.000658,0.000664,9.813038,0.002649,0.085451,0.092221
0.989719,1.276000,0.020000,0.085000,1.305922,0.004635,-0.014017,1.263971,0.006372,-0.003542,-0.001988,-0.006705,0.745923,0.665996,0.034899,0.039159,-0.007937,0.009820,0.043652,0.002993,0.011517,0.003570,-0.002391,17,0.235387,0.028183,9.797938,0.000762,0.000147,-0.001640,9.800808,0.004539,0.104574,0.090388
1.006445,1.276000,0.020000,0.085000,1.240371,-0.000407,-0.066299,1.252450,0.004740,-0.008107,-0.004537,-0.009880,0.765889,0.642881,-0.058145,0.024660,-0.018286,0.009743,0.037818,0.003663,0.020884,0.001719,-0.002840,17,0.240630,0.016178,9.817596,-0.001718,0.001288,0.000236,9.820562,0.003399,0.156771,0.097244
1.022995,1.276000,0.020000,0.085000,1.294321,0.019721,0.029947,1.263059,0.009735,-0.005498,-0.003422,-0.006291,0.696519,0.717503,0.028462,0.065900,-0.011547,0.006814,0.043458,0.003208,0.009500,0.000878,-0.002265,17,0.242700,0.031198,9.810936,0.001173,0.001128,-0.000502,9.813994,0.003215,0.058022,0.091993
1.039636,1.276000,0.020000,0.085000,1.255167,0.004986,0.082627,1.252486,0.008031,0.000557,-0.005936,-0.009681,0.732556,0.680613,-0.058035,0.035796,0.001830,0.009311,0.038484,0.002113,0.019047,0.000956,-0.002992,16,0.249124,0.024426,9.795844,-0.000218,-0.002089,-0.000944,9.799046,0.003402,0.025788,0.088469
1.056278,1.276000,0.020000,0.085000,1.292080,0.011723,-0.048040,1.264504,0.010460,-0.003605,-0.003674,-0.006348,0.704911,0.709258,0.030429,0.056021,-0.007072,0.008448,0.044126,0.002905,0.009782,0.000547,-0.002427,17,0.247939,0.031071,9.823493,0.000737,0.001124,0.000662,9.826673,0.004092,0.134264,0.089856
1.072903,1.276000,0.020000,0.085000,1.252552,0.022517,-0.068668,1.254259,0.013747,-0.009096,-0.007324,-0.008281,0.750777,0.660464,-0.056483,0.071829,-0.020036,0.007854,0.039635,0.003778,0.018783,-0.004235,-0.003451,17,0.240313,0.034550,9.825130,0.001810,-0.000203,-0.001518,9.828132,0.004012,0.155467,0.096778
1.089544,1.276000,0.020000,0.085000,1.229594,-0.050601,-0.016655,1.247229,0.002491,-0.007826,-0.008474,-0.011915,0.740752,0.671619,-0.085013,-0.009406,-0.016702,0.015115,0.037847,0.003480,0.024035,0.000808,-0.002817,17,0.231039,0.018914,9.816910,0.000539,-0.000231,0.000018,9.819655,0.002849,0.132181,0.098748
1.106127,1.276000,0.020000,0.085000,1.261186,0.007638,-0.024994,1.256253,0.009865,-0.009795,-0.005959,-0.005876,0.660769,0.750543,-0.028372,0.065501,-0.020405,0.009409,0.038498,0.003837,0.013041,-0.000648,-0.001810,17,0.233594,0.017880,9.795768,0.000216,0.000398,-0.001189,9.798575,0.003410,0.111674,0.097359
1.122754,1.276000,0.020000,0.085000,1.278540,0.000302,0.022094,1.266877,0.005574,-0.006241,-0.001014,-0.006933,0.608847,0.793257,0.052290,0.024017,-0.011099,0.007336,0.042720,0.003221,0.005738,0.007308,-0.001283,16,0.228243,0.019113,9.800619,0.000841,-0.000604,0.000634,9.803296,0.002889,0.065967,0.092823
1.139476,1.276000,0.020000,0.085000,1.250377,0.004848,-0.068151,1.256131,0.006646,-0.011578,-0.003876,-0.009777,0.616550,0.787245,-0.034238,0.035525,-0.022713,0.008294,0.037514,0.004092,0.014309,0.007971,-0.001382,17,0.224008,0.023015,9.823993,0.000134,0.001786,-0.000130,9.826578,0.003845,0.156017,0.099500
1.156003,1.276000,0.020000,0.085000,1.243220,0.017015,-0.066263,1.251388,0.012363,-0.015697,-0.006416,-0.009445,0.632943,0.774114,-0.066370,0.079820,-0.032240,0.006295,0.035381,0.004735,0.018229,0.003501,-0.001743,17,0.233371,0.045722,9.824714,0.000497,-0.001302,0.000483,9.827595,0.002957,0.154803,0.103943
1.172638,1.276000,0.020000,0.085000,1.254293,-0.000359,-0.050304,1.257345,0.005762,-0.016778,-0.003056,-0.009708,0.655302,0.755298,-0.021904,0.013100,-0.032751,0.010278,0.039874,0.004837,0.012743,0.008098,-0.002123,17,0.240936,0.012358,9.806603,-0.001130,0.000403,0.001222,9.809577,0.002886,0.138539,0.104449
1.190036,1.276000,0.020000,0.085000,1.297187,-0.004090,0.022887,1.266399,0.003142,-0.013666,-0.001061,-0.007818,0.556401,0.830876,0.062782,0.017936,-0.025353,0.008978,0.044370,0.004225,0.004603,0.009118,-0.000047,17,0.241889,0.016825,9.792116,-0.000107,0.001237,-0.000609,9.795121,0.004402,0.069909,0.100555
1.205727,1.276000,0.020000,0.085000,1.238501,0.003451,-0.034761,1.257753,0.005693,-0.016532,-0.004269,-0.009864,0.451750,0.892080,-0.015595,0.014863,-0.030122,0.007784,0.037446,0.004539,0.010201,0.010317,0.000300,16,0.235910,0.029046,9.807681,0.001819,-0.000524,-0.001914,9.810566,0.004529,0.126581,0.104146
1.222547,1.276000,0.020000,0.085000,1.312306,-0.006241,0.060897,1.270719,0.003377,-0.011673,-0.000981,-0.006985,0.430132,0.902739,0.073789,0.008172,-0.017459,0.004595,0.041195,0.003747,0.001506,0.008143,0.000358,17,0.230047,0.006091,9.813404,0.000653,0.000248,-0.000856,9.816107,0.003736,0.050869,0.098234
1.238954,1.276000,0.020000,0.085000,1.281214,0.023149,0.023295,1.264410,0.010977,-0.010599,-0.004714,-0.008464,0.483344,0.875377,0.009951,0.065405,-0.014740,0.004713,0.037034,0.003543,0.010694,0.006861,-0.000613,17,0.239020,0.016502,9.814570,-0.001243,-0.000316,-0.000576,9.817496,0.003665,0.062005,0.096721
1.255792,1.276000,0.020000,0.085000,1.256994,0.012692,0.076725,1.252392,0.010814,-0.005587,-0.007424,-0.011325,0.507568,0.861506,-0.074053,0.046031,-0.003237,0.009582,0.035201,0.002525,0.017989,0.008307,-0.000434,17,0.217920,-0.005071,9.811598,-0.000786,0.001226,-0.000978,9.814022,0.003230,0.021980,0.094062
1.272350,1.276000,0.020000,0.085000,1.258016,-0.007807,-0.020725,1.253331,0.001265,-0.004792,-0.004507,-0.012673,0.543296,0.839433,-0.067844,-0.034675,-0.001436,0.014192,0.038416,0.002367,0.014997,0.012981,-0.001118,16,0.241401,0.021423,9.782742,-0.000371,-0.000767,-0.000539,9.785763,0.003370,0.110790,0.094486
1.288997,1.276000,0.020000,0.085000,1.263188,0.013820,-0.060914,1.255562,0.009909,-0.009258,-0.006940,-0.009857,0.535914,0.844187,-0.045140,0.045391,-0.011613,0.009532,0.037711,0.003216,0.015865,0.005575,-0.001056,17,0.248245,0.051840,9.802264,0.000977,0.000349,-0.000800,9.805545,0.003625,0.146605,0.096975
1.305652,1.276000,0.020000,0.085000,1.259206,0.022224,0.050163,1.253168,0.015423,-0.005003,-0.008501,-0.009525,0.525577,0.850650,-0.057886,0.082605,-0.002749,0.008060,0.035974,0.002468,0.017709,0.003463,-0.000857,17,0.232715,0.030409,9.785940,0.001231,-0.000665,0.000919,9.788758,0.002978,0.038738,0.092967
1.324353,1.276000,0.020000,0.085000,1.240630,-0.031644,-0.010587,1.248907,0.004768,-0.005604,-0.006210,-0.012254,0.549021,0.835696,-0.086661,-0.001217,-0.003666,0.013518,0.037317,0.002517,0.016736,0.009782,-0.001253,19,0.226256,0.016018,9.820806,-0.001961,0.000866,-0.000388,9.823432,0.003428,0.114258,0.095787
1.341036,1.276000,0.020000,0.085000,1.249022,0.005034,-0.076948,1.250970,0.013033,-0.010830,-0.008283,-0.009564,0.528852,0.848620,-0.062901,0.075122,-0.015799,0.009026,0.036562,0.003494,0.016883,0.003397,-0.000926,17,0.235156,0.013461,9.811267,-0.000039,-0.000706,0.000113,9.814102,0.001916,0.164860,0.099290
1.357548,1.276000,0.020000,0.085000,1.224056,0.018684,0.021982,1.239657,0.018088,-0.009269,-0.012390,-0.011059,0.624852,0.780566,-0.141693,0.115956,-0.012956,0.010199,0.033963,0.003152,0.025542,-0.000392,-0.002591,16,0.246278,0.027849,9.817425,0.000539,-0.000060,-0.000500,9.820553,0.003461,0.081678,0.101050
1.374213,1.276000,0.020000,0.085000,1.288416,-0.020396,0.086997,1.249758,0.013701,-0.003510,-0.008487,-0.006496,0.625992,0.779756,-0.056773,0.073179,0.002371,0.012432,0.038622,0.002238,0.013894,-0.003533,-0.001837,17,0.238057,0.026761,9.822083,0.000822,0.000625,-0.002056,9.825005,0.004061,0.042308,0.092533
1.390828,1.276000,0.020000,0.085000,1.261650,-0.031364,0.040039,1.241004,0.007827,-0.001719,-0.008943,-0.009899,0.620889,0.783785,-0.125770,0.033078,0.005695,0.015590,0.035346,0.001935,0.018296,0.000983,-0.001512,17,0.231344,0.018283,9.829904,-0.000572,0.001464,0.000725,9.832648,0.003525,0.069754,0.094303
1.407472,1.276000,0.020000,0.085000,1.263575,0.041592,-0.056404,1.240802,0.019147,-0.006835,-0.011202,-0.007521,0.600204,0.799733,-0.115957,0.119187,-0.006479,0.010914,0.034757,0.002821,0.018373,-0.004649,-0.001108,17,0.245242,0.010044,9.810611,0.002970,-0.000486,-0.007856,9.813699,0.010082,0.143582,0.098353
1.424080,1.276000,0.020000,0.085000,1.266442,-0.012540,0.010781,1.241783,0.010168,-0.006823,-0.008029,-0.009021,0.605022,0.796117,-0.102793,0.036317,-0.005390,0.015551,0.036665,0.002827,0.015510,0.001261,-0.001153,16,0.213771,0.020738,9.813047,0.000373,0.002536,0.071628,9.815693,0.105337,0.081600,0.098483
1.440655,1.276000,0.020000,0.085000,1.252955,-0.010960,0.033945,1.234011,0.009119,-0.004919,-0.009101,-0.010654,0.592405,0.805518,-0.152555,0.035748,-0.001846,0.016208,0.034008,0.002488,0.018728,0.002372,-0.000778,17,0.172704,0.008834,9.805430,0.009283,0.001955,-0.199169,9.808294,0.226073,0.064002,0.099834
1.457371,1.276000,0.020000,0.085000,1.259598,0.010688,0.062220,1.238709,0.016720,-0.001740,-0.009159,-0.008487,0.556237,0.830930,-0.111641,0.103772,0.005016,0.011281,0.034160,0.002071,0.015547,-0.000261,-0.000491,17,0.246714,0.013874,9.834940,0.009790,0.001540,0.030269,9.838207,0.044631,0.029574,0.094473
1.473954,1.276000,0.020000,0.085000,1.258637,0.004296,0.001652,1.237988,0.014191,-0.001169,-0.007713,-0.008918,0.554716,0.831956,-0.104570,0.075454,0.005790,0.013017,0.034959,0.002006,0.014084,0.001925,-0.000413,17,0.244896,-0.057128,9.804905,-0.006154,-0.000281,-0.022353,9.808276,0.061245,0.086573,0.094360
1.490564,1.276000,0.020000,0.085000,1.235734,-0.002982,-0.089722,1.227217,0.010846,-0.007991,-0.008561,-0.011813,0.567467,0.823267,-0.176317,0.047519,-0.010158,0.016134,0.032169,0.003054,0.017891,0.005047,-0.000529,16,0.267528,0.016870,9.833037,-0.018957,0.005045,0.022908,9.836914,0.081240,0.180768,0.105408
1.507118,1.276000,0.020000,0.085000,1.277357,0.002240,-0.006930,1.239223,0.011838,-0.007749,-0.006593,-0.006277,0.578561,0.815589,-0.080146,0.052704,-0.005899,0.014185,0.037136,0.003162,0.011696,0.001541,-0.001000,17,0.185368,0.008621,9.986369,0.150656,0.188978,-0.192242,9.989871,0.317709,0.093639,0.100108
1.523816,1.276000,0.020000,0.085000,1.284942,-0.016277,-0.011692,1.249235,0.007209,-0.007391,-0.005632,-0.000901,0.694798,0.719182,-0.046335,-0.018350,-0.002178,0.018548,0.041819,0.003220,0.008669,0.001906,-0.003801,17,0.316220,-0.369815,10.088905,0.233635,0.443640,-0.041419,10.103139,0.536597,0.103660,0.097037
1.540432,1.276000,0.020000,0.085000,1.256008,0.020194,-0.064412,1.234803,0.008678,-0.012495,-0.020268,0.002662,0.808651,0.587934,-0.111430,0.031616,0.002639,0.018406,0.040849,0.004031,0.015437,-0.006887,-0.003979,17,-0.915565,0.491494,10.790923,0.014888,1.191618,0.079582,10.853327,1.210442,0.150744,0.106445
1.557116,1.275860,0.020000,0.086000,1.292127,-0.018582,0.196413,1.242574,0.003471,-0.000417,-0.026615,0.019593,0.810430,0.584903,-0.055747,-0.032989,0.063252,0.022929,0.042309,0.002191,0.007615,-0.001570,-0.003682,17,-0.857242,0.634899,11.756905,0.729926,2.134673,-0.268141,11.815311,2.279117,0.118086,0.094070
1.573627,1.275422,0.020578,0.087000,1.248563,-0.002075,0.105173,1.232719,0.004932,0.006889,-0.031276,0.033926,0.763941,0.643634,-0.128509,0.007476,0.127955,0.018411,0.038826,0.001214,0.012613,0.002926,-0.002502,16,0.511240,0.102697,13.201300,1.045585,1.960914,-0.089660,13.219065,2.230858,0.039558,0.092120
1.590711,1.276000,0.020000,0.088836,1.314631,0.000065,0.145593,1.248024,0.003338,0.018769,-0.022878,0.046157,0.679493,0.731871,-0.002715,0.017707,0.205733,0.015148,0.043671,-0.000168,0.007553,0.013189,-0.000866,17,0.491809,-0.821592,13.386593,0.683084,1.301321,0.005623,13.422380,1.476839,0.071493,0.077264
1.606950,1.276137,0.019863,0.092137,1.302049,0.013425,0.012416,1.246731,0.010058,0.021041,-0.027171,0.052596,0.644269,0.762504,-0.034375,0.091793,0.260716,0.011463,0.041727,0.000183,0.012324,0.011692,-0.000724,17,0.273870,0.076860,13.675349,0.238946,0.992768,-0.261575,13.687539,1.056477,0.084073,0.077560
1.623575,1.278000,0.019520,0.095961,1.216305,0.046065,-0.001506,1.234845,0.016179,0.022454,-0.028989,0.054573,0.641151,0.764923,-0.099307,0.159095,0.308378,0.009682,0.037634,0.000672,0.017173,0.013693,-0.000654,17,0.711337,0.374891,13.361777,0.332084,0.523752,-0.127384,13.388140,0.651004,0.118367,0.085304
1.640135,1.279808,0.018192,0.100808,1.226382,0.065677,-0.028577,1.238530,0.028177,0.021867,-0.019533,0.058242,0.547934,0.834263,-0.023283,0.240053,0.332246,0.005629,0.036541,0.001338,0.016336,0.013351,0.000196,16,0.710200,-0.304338,12.283302,0.312264,-0.143743,0.006678,12.309488,0.387507,0.147816,0.089639
1.656799,1.282179,0.018000,0.107179,1.224683,0.066861,-0.105191,1.236068,0.031970,0.017592,-0.014883,0.054380,0.516285,0.854559,-0.013231,0.230824,0.327214,0.005377,0.035469,0.002833,0.017963,0.017969,0.000313,17,-0.096379,-0.115304,10.871006,0.102053,-0.272502,-0.156616,10.881914,0.346724,0.225376,0.101721
1.673471,1.285550,0.018000,0.112550,1.224511,0.055863,-0.039863,1.235072,0.029564,0.019316,-0.006501,0.049306,0.452219,0.890520,-0.000241,0.173571,0.318234,0.006738,0.035910,0.003505,0.018644,0.026169,0.001023,17,0.034923,-0.014088,9.773059,0.200487,-0.218658,-0.120187,9.785061,0.328380,0.168490,0.106650
1.690087,1.288822,0.017000,0.117822,1.245251,0.057891,-0.130394,1.243126,0.032982,0.016193,-0.000587,0.045656,0.415006,0.908672,0.084153,0.166334,0.290270,0.003566,0.038012,0.004515,0.014898,0.027058,0.000781,17,0.197955,-0.353456,9.266131,-0.017163,-0.511523,-0.031157,9.280731,0.515338,0.255306,0.112570
1.706648,1.292363,0.015000,0.124363,1.275863,0.069676,-0.078161,1.253885,0.038837,0.015893,0.003401,0.041599,0.376388,0.925521,0.174294,0.191778,0.267523,-0.000196,0.039416,0.004987,0.013585,0.025602,0.001795,16,0.444006,0.498452,9.077852,-0.034439,-0.653968,-0.114065,9.103240,0.664922,0.210423,0.117536
1.723282,1.296209,0.013604,0.128604,1.272154,0.035468,-0.129359,1.254926,0.031211,0.012054,0.010676,0.031398,0.280799,0.959193,0.166469,0.083457,0.231178,0.001671,0.039763,0.006301,0.012992,0.032420,0.002891,17,0.203298,0.105099,8.611120,-0.027981,-0.621486,-0.080910,8.625278,0.628234,0.260004,0.124893
1.739929,1.299978,0.012000,0.133957,1.235159,0.022665,-0.109516,1.245429,0.028608,0.006866,0.011200,0.020673,0.233556,0.972059,0.082646,0.029507,0.185108,0.005455,0.038137,0.007861,0.015899,0.038634,0.003284,17,-0.584160,-0.750020,8.186188,-0.187659,-0.618778,-0.039831,8.242296,0.651102,0.252179,0.139297
1.756565,1.304392,0.010000,0.138392,1.268742,0.034174,-0.046092,1.257610,0.031997,0.004313,0.009719,0.018187,0.245461,0.969187,0.164028,0.055298,0.149779,0.001517,0.039303,0.008471,0.015394,0.035228,0.002918,17,0.116741,0.032409,8.440153,-0.228892,-0.531552,-0.087241,8.447734,0.586700,0.189446,0.143700
1.773171,1.308645,0.008355,0.141645,1.286022,0.023702,-0.050770,1.268883,0.027993,0.002801,0.012134,0.013537,0.235347,0.971741,0.231474,0.012511,0.115649,-0.000233,0.042663,0.008852,0.012178,0.034304,0.002985,17,0.313765,0.198757,8.333238,-0.109015,-0.639024,-0.049082,8.343872,0.651623,0.194348,0.145755
1.789766,1.314094,0.006000,0.146000,1.292041,0.039235,0.096363,1.274670,0.035203,0.010203,0.009300,0.009115,0.280323,0.959817,0.242644,0.081413,0.098948,-0.002040,0.041507,0.008038,0.014803,0.033509,0.001921,16,-0.453643,-0.025373,7.937096,-0.196227,-0.610154,0.008486,7.951586,0.641854,0.063677,0.144388
1.806385,1.318567,0.004000,0.148567,1.308483,0.023156,-0.048849,1.286037,0.025888,0.004833,0.010809,0.003372,0.220278,0.975372,0.289603,-0.003335,0.053190,-0.003047,0.044161,0.008852,0.012166,0.032421,0.003373,17,-0.261405,0.024153,7.948475,-0.248338,-0.663711,-0.072648,7.955241,0.713021,0.198600,0.148986
1.823078,1.322773,0.002000,0.150773,1.316419,0.033797,0.054351,1.292703,0.034870,0.008333,0.008561,-0.002631,0.249789,0.968259,0.298875,0.046653,0.030002,-0.004555,0.043506,0.008461,0.013813,0.031341,0.002634,17,-0.020207,0.031029,8.038310,-0.276465,-0.751954,-0.070406,8.039185,0.804871,0.101728,0.149244
1.839659,1.327499,0.000000,0.153000,1.318141,0.030635,0.009209,1.298181,0.033070,0.007686,0.007237,-0.010557,0.237773,0.971236,0.295945,0.024643,0.000836,-0.003846,0.043818,0.008637,0.014012,0.031689,0.003005,17,0.270377,-0.188739,8.179431,-0.352808,-0.815923,-0.022855,8.188232,0.891796,0.147316,0.151886
1.856282,1.332505,-0.002000,0.154000,1.316114,-0.000751,0.115015,1.300891,0.022834,0.015769,0.007325,-0.018840,0.214518,0.976511,0.264564,-0.069071,-0.006406,-0.001773,0.045802,0.007366,0.010496,0.034069,0.002924,16,-0.115213,-0.377711,8.124899,-0.484563,-0.777241,-0.051778,8.137509,0.918381,0.042310,0.143958
1.872949,1.338061,-0.004061,0.155061,1.302587,-0.023355,0.164224,1.297167,0.009456,0.023411,0.003610,-0.026557,0.129437,0.991225,0.193924,-0.159986,-0.010219,0.001486,0.045528,0.006201,0.010755,0.034846,0.005150,17,-0.536789,-0.163057,8.406248,-0.393092,-0.668904,-0.074099,8.427552,0.781076,0.041408,0.138516
1.889525,1.342179,-0.007000,0.156000,1.378308,-0.046556,0.104966,1.312759,0.003528,0.027584,0.003856,-0.030578,0.165701,0.985694,0.264795,-0.172583,-0.021140,-0.001794,0.048759,0.005460,0.008029,0.032038,0.003077,17,-0.220961,0.051190,8.622522,-0.386568,-0.742953,-0.011752,8.628145,0.837869,0.073989,0.132163
1.906188,1.346655,-0.009655,0.156000,1.348465,0.009031,0.162181,1.312451,0.010104,0.034686,-0.001309,-0.038469,0.168693,0.984917,0.212834,-0.091293,-0.017588,0.000144,0.044257,0.004592,0.012488,0.032304,0.003503,17,-0.076710,0.235661,8.965934,-0.400560,-0.807196,-0.038885,8.969599,0.903338,0.019765,0.127583
1.922800,1.350967,-0.011000,0.156000,1.299933,-0.025147,0.078878,1.304958,0.000564,0.037424,-0.004678,-0.046296,0.126396,0.990888,0.120508,-0.141056,-0.015450,0.004577,0.044240,0.004108,0.011894,0.033832,0.004655,17,-0.005419,0.033928,9.568552,-0.383761,-0.717553,-0.032643,9.571114,0.816196,0.093554,0.127714
1.939438,1.355465,-0.014232,0.157000,1.337298,-0.071920,0.183124,1.313977,-0.012846,0.045674,-0.006771,-0.049515,0.111138,0.992548,0.141862,-0.208400,0.002260,0.003454,0.047392,0.002819,0.008233,0.030788,0.004861,16,-0.220118,-0.480727,9.785088,-0.542337,-0.642645,-0.034961,9.799683,0.842420,0.065881,0.118813
1.956060,1.359734,-0.016734,0.156000,1.347434,-0.035917,0.035375,1.319676,-0.009326,0.043756,-0.013253,-0.052956,0.098686,0.993620,0.144740,-0.139035,0.000603,0.001715,0.043723,0.003247,0.010762,0.026735,0.005778,17,-0.060941,-0.078616,10.033305,-0.524689,-0.650239,-0.075036,10.037215,0.840618,0.122758,0.119408
1.972656,1.363970,-0.019000,0.156030,1.376267,0.025920,0.034369,1.327936,0.000347,0.043966,-0.016861,-0.056010,0.122573,0.990734,0.156478,-0.059030,0.000691,0.000033,0.040615,0.003350,0.013561,0.023216,0.005346,17,-0.497800,0.001590,9.978937,-0.350354,-0.557933,-0.040077,9.999582,0.660755,0.130270,0.119294
1.989340,1.367345,-0.021345,0.157000,1.385242,-0.031744,0.087404,1.333340,-0.009723,0.046166,-0.017412,-0.058203,0.119084,0.991024,0.144453,-0.131609,0.009396,0.001002,0.043932,0.002982,0.009656,0.021940,0.005147,17,-0.387105,-0.209875,10.136560,-0.413821,-0.367895,-0.031470,10.148554,0.557534,0.072609,0.116515
2.005876,1.370728,-0.023728,0.157000,1.327672,-0.016675,0.148305,1.323517,-0.009889,0.054443,-0.022435,-0.062377,0.103475,0.992421,0.040602,-0.102427,0.036478,0.005227,0.041038,0.001627,0.011004,0.023280,0.005706,16,0.025833,0.080533,10.413838,-0.467574,-0.334595,-0.072593,10.415454,0.589012,0.044488,0.113747
2.022077,1.373119,-0.026119,0.157000,1.399660,-0.030518,0.069729,1.337017,-0.014527,0.057182,-0.024019,-0.061941,0.101346,0.992631,0.104353,-0.110145,0.046507,0.002051,0.042288,0.001549,0.008479,0.017963,0.005812,17,-0.096751,0.116166,10.201327,-0.379729,-0.422020,-0.049064,10.203515,0.577754,0.091323,0.106777
2.039169,1.376000,-0.027490,0.157490,1.372816,-0.051528,0.004628,1.333842,-0.021784,0.052645,-0.023108,-0.065877,0.116456,0.990739,0.021499,-0.148966,0.036224,0.006175,0.043945,0.002113,0.006687,0.019385,0.005860,17,-0.536816,0.256565,10.175034,-0.219606,-0.298823,-0.025064,10.193376,0.375988,0.154773,0.113147
2.055820,1.378000,-0.029000,0.158000,1.372722,-0.036565,0.176281,1.337313,-0.018525,0.064041,-0.025392,-0.066158,0.117461,0.990546,0.009091,-0.079206,0.062554,0.006110,0.041032,0.000638,0.008483,0.016359,0.006541,17,-0.008959,0.524747,10.005845,-0.108032,-0.253087,-0.046955,10.020752,0.302695,0.020477,0.102925
2.072383,1.380000,-0.031170,0.158000,1.354941,-0.033086,0.087398,1.330382,-0.018465,0.064334,-0.025582,-0.068621,0.112445,0.990956,-0.076110,-0.054743,0.056359,0.009537,0.039193,0.000439,0.008986,0.016868,0.006651,16,-0.328711,0.365867,9.718711,0.023246,-0.254474,-0.059230,9.733746,0.281024,0.074942,0.106755
2.088969,1.381538,-0.032000,0.159000,1.347652,-0.061534,0.137519,1.328928,-0.029241,0.069147,-0.019536,-0.069247,0.137985,0.987817,-0.109155,-0.130949,0.064252,0.011996,0.043135,-0.000154,0.005917,0.016497,0.005297,17,-0.030085,0.324742,9.818290,0.245118,-0.124813,-0.012536,9.825534,0.282469,0.049819,0.104158
2.107684,1.383000,-0.034000,0.159000,1.377750,-0.024710,0.172006,1.336156,-0.024460,0.078564,-0.022444,-0.064494,0.100440,0.992597,-0.069326,-0.055005,0.078501,0.008274,0.039240,-0.001055,0.006101,0.010881,0.006566,19,-0.227302,-0.396463,9.538771,0.045801,-0.010869,0.023029,9.553837,0.110801,0.016823,0.093570
2.123630,1.383000,-0.034607,0.159000,1.373822,-0.031659,0.035889,1.336965,-0.027997,0.076089,-0.022154,-0.063259,0.104229,0.992292,-0.086023,-0.079852,0.066108,0.009340,0.040288,-0.000546,0.004495,0.009541,0.006332,16,-0.060835,-0.141962,9.642964,-0.137694,0.033444,-0.088813,9.644845,0.169149,0.123488,0.095064
2.140966,1.384000,-0.035069,0.159000,1.379304,-0.048922,0.114021,1.342880,-0.036786,0.082190,-0.021036,-0.060880,0.121152,0.990542,-0.071609,-0.148049,0.072152,0.009205,0.043707,-0.001011,0.001662,0.007231,0.005272,18,-0.197661,0.026270,9.591713,-0.202722,0.087299,-0.032921,9.594690,0.228041,0.047297,0.087141
2.157609,1.384000,-0.037000,0.159000,1.383184,-0.001004,0.008673,1.344960,-0.028339,0.077581,-0.025731,-0.056534,0.080290,0.994834,-0.070911,-0.040039,0.056923,0.007181,0.038063,-0.000235,0.002473,0.003914,0.006949,16,-0.090221,0.082819,9.771394,-0.157194,0.161635,0.004540,9.772527,0.233678,0.154579,0.090709
2.174175,1.383299,-0.037701,0.159000,1.378591,-0.032464,0.142757,1.345458,-0.035400,0.082677,-0.022691,-0.054497,0.097156,0.993517,-0.079946,-0.103000,0.064938,0.008945,0.041453,-0.000790,-0.000299,0.003517,0.006382,17,-0.137046,0.419605,9.820382,0.030261,0.196002,-0.025143,9.832178,0.209892,0.017704,0.085220
2.190850,1.382810,-0.038810,0.159000,1.376743,-0.045574,0.122499,1.346123,-0.041645,0.085625,-0.020215,-0.051649,0.105899,0.992829,-0.094812,-0.135398,0.071905,0.009786,0.043560,-0.000996,-0.002205,0.002479,0.006023,17,0.055903,0.486931,10.036389,0.103684,0.227986,0.015094,10.050963,0.254369,0.037615,0.082084
2.207562,1.381492,-0.039000,0.159000,1.360055,-0.059447,0.076840,1.339217,-0.049821,0.085292,-0.018257,-0.050355,0.094090,0.994122,-0.154144,-0.171444,0.067691,0.012721,0.044523,-0.001079,-0.004566,0.003638,0.005997,17,-0.103788,-0.060365,9.936142,0.071299,0.210204,0.009916,9.937886,0.227274,0.087338,0.085657
2.224136,1.380239,-0.039000,0.159000,1.393565,-0.069739,0.152525,1.351100,-0.054276,0.091717,-0.017226,-0.044831,0.126694,0.990779,-0.075759,-0.192385,0.086136,0.009809,0.046927,-0.001265,-0.004704,-0.000934,0.004585,17,0.045998,0.068590,10.145216,0.034314,0.260543,-0.020488,10.146543,0.275057,0.034123,0.074896
2.239940,1.378897,-0.038103,0.159000,1.347113,-0.047180,0.124376,1.340892,-0.052296,0.094238,-0.018724,-0.042796,0.104417,0.993436,-0.159245,-0.147399,0.090951,0.012049,0.043310,-0.001886,-0.003875,-0.000017,0.005658,15,-0.466046,-0.387773,10.120494,0.026248,0.351294,-0.016402,10.139244,0.365763,0.047868,0.076419
2.257322,1.377000,-0.038000,0.160000,1.355749,-0.052958,0.098374,1.344521,-0.055824,0.096097,-0.019104,-0.037012,0.106331,0.993458,-0.127877,-0.157098,0.097325,0.010403,0.044079,-0.001674,-0.005119,-0.002457,0.005527,18,-0.121967,-0.191513,10.109894,-0.089631,0.437913,0.034225,10.119158,0.454666,0.066881,0.073866
2.273970,1.374188,-0.038000,0.160000,1.403066,-0.036144,0.157920,1.355821,-0.052682,0.101732,-0.021205,-0.029961,0.095495,0.994753,-0.050277,-0.099094,0.110001,0.005863,0.042723,-0.001773,-0.005579,-0.006726,0.006050,17,0.155378,0.182104,10.047241,-0.156322,0.409633,-0.019856,10.051130,0.449381,0.029013,0.062834
2.289592,1.372152,-0.038000,0.160152,1.315771,-0.060926,0.170148,1.344593,-0.055413,0.105086,-0.022410,-0.029044,0.100433,0.994267,-0.129093,-0.104094,0.114170,0.009742,0.042600,-0.002418,-0.005664,-0.004468,0.005896,16,0.266126,0.244454,9.871546,-0.189573,0.388985,0.020317,9.878743,0.437507,0.061679,0.063992
2.307159,1.369372,-0.038000,0.161000,1.361943,-0.044581,0.134488,1.353304,-0.053145,0.109671,-0.023853,-0.022985,0.087758,0.995591,-0.054830,-0.052951,0.127255,0.005458,0.041289,-0.002410,-0.006542,-0.008107,0.006437,17,0.132460,0.655434,10.167973,-0.143963,0.319306,0.025701,10.191281,0.356784,0.028309,0.055876
2.323856,1.366150,-0.037000,0.161850,1.358958,-0.056685,0.058008,1.351327,-0.059340,0.108209,-0.021277,-0.020732,0.087689,0.995705,-0.068715,-0.084872,0.122937,0.006369,0.043076,-0.001913,-0.008594,-0.007749,0.006757,17,0.060924,0.403699,10.055757,0.102498,0.266413,-0.013696,10.064869,0.298844,0.105936,0.059968
2.340498,1.363587,-0.036000,0.162000,1.366484,-0.060725,0.186277,1.354872,-0.062434,0.116341,-0.019077,-0.016957,0.078146,0.996615,-0.042188,-0.097531,0.137448,0.004678,0.043379,-0.002599,-0.010239,-0.009043,0.007157,17,-0.181060,-0.192858,9.875726,0.152632,0.256928,0.044432,9.883572,0.309043,0.034772,0.053474
2.357060,1.360257,-0.034257,0.162743,1.380621,-0.072230,0.163352,1.363637,-0.066773,0.123013,-0.018296,-0.012343,0.100474,0.994695,0.013893,-0.133732,0.151641,0.002638,0.046296,-0.002771,-0.011478,-0.011027,0.005955,17,-0.105656,-0.000682,10.006196,0.030201,0.357207,0.004510,10.008059,0.363692,0.043093,0.051450
2.372709,1.357267,-0.034000,0.163000,1.329729,-0.041046,-0.003342,1.354904,-0.062867,0.118243,-0.018177,-0.011743,0.101969,0.994552,-0.056829,-0.079762,0.136483,0.005441,0.043399,-0.002169,-0.009496,-0.009282,0.005738,15,-0.075861,0.255013,9.967485,0.239923,0.298673,-0.065975,9.972653,0.399587,0.168753,0.053311
2.392337,1.353097,-0.032000,0.164000,1.371867,-0.065144,0.174228,1.363454,-0.067915,0.126391,-0.012430,-0.006259,0.098732,0.995017,0.008998,-0.101801,0.147803,0.002214,0.045280,-0.002623,-0.011630,-0.011406,0.006020,20,-0.047964,0.235121,9.660465,0.461266,0.287912,0.089231,9.665982,0.554641,0.039439,0.053025
2.409023,1.349726,-0.030000,0.164000,1.360926,-0.032622,0.132825,1.360098,-0.057860,0.126448,-0.013112,-0.003573,0.106815,0.994186,-0.018439,-0.016029,0.137961,0.002823,0.041275,-0.002555,-0.008457,-0.011290,0.005052,17,-0.011596,0.017726,9.539930,0.306300,0.362923,0.056477,9.543853,0.485106,0.033230,0.047895
2.425651,1.345353,-0.028000,0.164353,1.324974,-0.004555,0.167763,1.349234,-0.048309,0.131260,-0.013886,-0.002051,0.122275,0.992397,-0.090889,0.048392,0.142993,0.005610,0.038307,-0.003278,-0.005492,-0.009700,0.003741,17,0.081850,0.171816,9.836192,0.256442,0.387919,-0.065228,9.840114,0.472366,0.031251,0.039021
2.442318,1.342024,-0.027000,0.165000,1.327891,-0.016720,0.095799,1.348198,-0.050137,0.129419,-0.009921,0.001930,0.122924,0.992365,-0.080940,0.013990,0.135908,0.005273,0.040246,-0.002672,-0.007072,-0.009616,0.003905,17,-0.075732,0.056113,9.895014,0.353396,0.420889,0.000014,9.895991,0.552374,0.071374,0.042889
2.458855,1.337487,-0.024487,0.166000,1.338942,-0.060263,0.180535,1.349096,-0.058498,0.136761,-0.005104,0.005668,0.124296,0.992216,-0.058274,-0.059756,0.147561,0.004779,0.043823,-0.003239,-0.009644,-0.009432,0.004178,16,0.037035,-0.318870,9.704258,0.356690,0.409807,0.092678,9.712788,0.552475,0.038643,0.046330
2.475488,1.333127,-0.023000,0.166000,1.319160,-0.038896,0.063620,1.339566,-0.052045,0.132108,-0.006686,0.006408,0.125355,0.992069,-0.105219,-0.002092,0.131013,0.006640,0.040536,-0.002518,-0.007287,-0.007870,0.004060,17,0.342893,-0.206216,9.826484,0.097730,0.296713,0.024475,9.835477,0.327293,0.104543,0.045097
2.492183,1.330144,-0.022000,0.167000,1.331873,-0.005330,0.169963,1.341686,-0.041552,0.136727,-0.008382,0.008640,0.111321,0.993712,-0.069507,0.080770,0.142985,0.004072,0.036912,-0.002922,-0.005748,-0.008934,0.004651,17,0.186156,0.234180,10.163024,-0.025521,0.169129,-0.024435,10.171338,0.191904,0.017020,0.037841
2.508820,1.325464,-0.019000,0.167000,1.345768,0.006965,0.192595,1.347262,-0.033427,0.143132,-0.008052,0.012547,0.092552,0.995596,-0.012626,0.128858,0.161301,0.000495,0.034814,-0.003477,-0.005481,-0.010396,0.005660,17,-0.233522,0.092064,10.328707,0.079471,0.288437,0.042967,10.333794,0.309809,0.041732,0.035398
2.525441,1.322248,-0.017000,0.168000,1.278827,0.008862,0.168997,1.331109,-0.028076,0.144884,-0.008845,0.012478,0.114577,0.993297,-0.108987,0.135962,0.164304,0.004467,0.034101,-0.003586,-0.003975,-0.007622,0.004257,17,-0.165822,-0.172814,10.110048,0.112479,0.323564,0.071094,10.113963,0.353896,0.050550,0.027121
2.542029,1.317771,-0.014771,0.169000,1.374310,-0.037747,0.249488,1.340901,-0.030780,0.155808,-0.005282,0.016728,0.100459,0.994787,-0.022704,0.101095,0.187352,0.000870,0.036479,-0.004555,-0.006417,-0.008949,0.005281,16,0.190520,0.207134,9.961106,0.169087,0.308418,0.002249,9.969336,0.356066,0.101009,0.031069
2.558677,1.313486,-0.012486,0.169514,1.333881,-0.002940,0.103952,1.332583,-0.021757,0.152131,-0.005644,0.017063,0.110187,0.993748,-0.073504,0.155790,0.171904,0.002910,0.033894,-0.003734,-0.004152,-0.007163,0.004598,17,0.257114,0.175764,9.886533,0.249654,0.259319,-0.013430,9.891778,0.362848,0.069322,0.027437
2.575309,1.309990,-0.010000,0.170010,1.315598,0.022258,0.024209,1.326184,-0.011075,0.146362,-0.005256,0.017959,0.108949,0.993871,-0.110923,0.208350,0.151454,0.004129,0.030750,-0.002652,-0.002116,-0.005740,0.004376,17,0.046556,0.038057,9.906903,0.295428,0.276447,0.041513,9.909235,0.411967,0.149432,0.028682
2.593976,1.305277,-0.007277,0.171000,1.297896,0.003890,0.213984,1.316420,-0.013105,0.153266,-0.002519,0.017800,0.108576,0.993926,-0.153322,0.153241,0.167700,0.006893,0.033115,-0.003166,-0.003647,-0.003128,0.004896,19,0.229970,-0.029409,10.107486,0.118967,0.222255,0.051662,10.111759,0.274005,0.045021,0.021740
2.610595,1.301791,-0.005790,0.172210,1.312380,-0.007028,0.181798,1.321406,-0.015072,0.159612,-0.001070,0.020319,0.102263,0.994549,-0.087343,0.108833,0.183983,0.004093,0.035799,-0.003668,-0.005662,-0.004011,0.005119,16,-0.047738,-0.063144,10.186884,-0.054744,0.182687,-0.044719,10.187974,0.212698,0.014339,0.025092
2.627204,1.298000,-0.003546,0.173454,1.293080,-0.005455,0.082734,1.310146,-0.012698,0.155356,-0.001010,0.019064,0.102834,0.994515,-0.155282,0.109205,0.172926,0.007113,0.035081,-0.002657,-0.004972,-0.001311,0.005560,17,-0.146778,-0.063357,10.207782,0.062252,0.184191,0.004435,10.209993,0.204352,0.090873,0.023639
2.643908,1.294022,-0.001022,0.174000,1.276471,0.073183,0.148403,1.305132,0.000728,0.159244,-0.002192,0.019128,0.091304,0.995637,-0.163056,0.184077,0.178722,0.006625,0.031271,-0.002941,-0.002857,-0.000750,0.006680,17,-0.021342,-0.170567,10.028369,0.070089,0.111231,0.069383,10.030945,0.172917,0.080434,0.018554
2.660461,1.290790,0.000210,0.176000,1.273613,0.029293,0.063117,1.300288,-0.003145,0.154860,0.001078,0.019483,0.091852,0.995582,-0.156850,0.111165,0.167278,0.007156,0.034830,-0.001970,-0.004959,0.000355,0.006742,17,0.193168,-0.042212,10.091140,0.133565,0.128402,-0.016136,10.093806,0.189791,0.117828,0.023417
2.677092,1.287428,0.002572,0.177000,1.277154,0.038415,0.054057,1.297919,0.003610,0.150457,0.000788,0.020604,0.090538,0.995680,-0.134939,0.147094,0.158091,0.005784,0.033572,-0.001122,-0.004053,0.000210,0.006747,17,0.097887,0.253324,10.262548,0.081371,0.127746,-0.011952,10.269204,0.171549,0.128473,0.028560
2.693682,1.283936,0.005064,0.179000,1.221915,0.060768,-0.020471,1.285168,0.010762,0.144248,0.000383,0.020307,0.092471,0.995508,-0.202544,0.179697,0.142012,0.008582,0.031895,0.000050,-0.002734,0.002525,0.006807,16,-0.268680,0.341732,10.154858,0.103150,0.276358,0.013216,10.165572,0.305530,0.216190,0.035237
2.710306,1.280790,0.007210,0.180210,1.235576,0.053022,0.099692,1.286400,0.012036,0.144134,0.002440,0.023662,0.087348,0.995894,-0.144636,0.149024,0.139080,0.006008,0.033863,0.000168,-0.004017,0.001813,0.007005,17,-0.095587,-0.044824,9.890659,0.116859,0.304350,-0.016423,9.892658,0.334070,0.103084,0.036828
2.726959,1.277398,0.009602,0.181602,1.202326,0.008524,0.016996,1.274362,0.006573,0.137893,0.005399,0.022333,0.095816,0.995134,-0.186073,0.081255,0.119774,0.008341,0.036650,0.001241,-0.005148,0.003942,0.006727,17,0.106978,-0.242922,9.828184,0.215201,0.069685,0.013301,9.832275,0.277192,0.180920,0.043919
2.743638,1.274020,0.011980,0.183980,1.251337,0.083637,0.017810,1.275050,0.017325,0.133653,0.005442,0.023596,0.097675,0.994924,-0.134286,0.148583,0.110620,0.005238,0.034179,0.001864,-0.003480,0.002773,0.006354,17,0.064726,0.259663,10.104080,0.241984,0.015147,0.019170,10.109769,0.247739,0.182378,0.050621
2.762300,1.271218,0.014000,0.185000,1.180078,0.038088,0.005801,1.262395,0.015936,0.128549,0.009196,0.021614,0.093137,0.995376,-0.193495,0.106225,0.097876,0.008441,0.035808,0.002898,-0.004021,0.005497,0.007100,19,-0.065696,0.184141,10.035581,0.292225,0.065735,-0.053875,10.040628,0.309331,0.202482,0.057169
2.778857,1.268036,0.015964,0.186964,1.254850,0.002362,0.038757,1.267743,0.012492,0.124210,0.012083,0.022389,0.084110,0.996132,-0.113156,0.059761,0.084568,0.004954,0.038558,0.003487,-0.005547,0.004562,0.007147,16,0.051481,-0.136539,9.807937,0.136449,-0.042438,0.047209,9.810177,0.193423,0.149413,0.062850
2.795500,1.265504,0.018000,0.189000,1.173954,0.086581,-0.058195,1.257498,0.022515,0.119875,0.010787,0.019943,0.070537,0.997251,-0.163151,0.109007,0.072494,0.006828,0.035017,0.004206,-0.003530,0.006057,0.008523,17,0.008587,-0.056315,9.894510,0.016878,-0.033777,0.000269,9.896524,0.089607,0.272379,0.069733
2.812236,1.263000,0.020000,0.190814,1.239537,0.072506,0.081580,1.261968,0.024675,0.120513,0.010707,0.022426,0.080306,0.996460,-0.082113,0.096805,0.073475,0.003162,0.036651,0.004059,-0.002642,0.003859,0.007695,17,-0.298867,-0.151360,9.910284,0.038774,0.065711,-0.077552,9.917260,0.116803,0.123448,0.070464
2.828793,1.260587,0.022000,0.192413,1.195181,0.046152,0.012578,1.251243,0.021791,0.117872,0.013124,0.019645,0.071364,0.997171,-0.145347,0.046748,0.068916,0.006215,0.038145,0.004712,-0.003029,0.006411,0.008970,17,-0.187062,-0.219784,10.069366,0.170084,0.002271,0.029565,10.074626,0.180221,0.192878,0.075125
2.845370,1.258409,0.023000,0.194000,1.223107,0.113712,-0.025290,1.252202,0.034067,0.112932,0.011803,0.020836,0.079430,0.996553,-0.104961,0.117623,0.062495,0.003517,0.035049,0.005362,-0.000773,0.005588,0.008083,16,-0.041849,-0.228537,10.267636,0.182042,0.052088,0.071422,10.271079,0.217729,0.239922,0.082055
2.862004,1.256000,0.025000,0.196000,1.189470,0.024468,0.085357,1.242774,0.026191,0.111832,0.013455,0.018875,0.073454,0.997029,-0.135713,0.040012,0.065925,0.005721,0.038608,0.005609,-0.002299,0.007194,0.008778,17,0.001282,0.261451,10.308560,-0.045597,-0.031669,-0.061437,10.314395,0.201807,0.129106,0.085210
2.878651,1.254000,0.026000,0.198932,1.254038,0.099750,-0.100865,1.246635,0.035341,0.101499,0.013607,0.020667,0.080333,0.996461,-0.077101,0.099542,0.050183,0.002229,0.036581,0.006940,-0.000693,0.006006,0.007921,17,-0.140174,0.284268,10.462421,0.281337,0.057262,-0.007604,10.478927,0.313881,0.308735,0.098157
2.895330,1.252000,0.028692,0.200692,1.170999,0.078488,-0.000078,1.233666,0.036909,0.096554,0.014640,0.018915,0.077878,0.996676,-0.147199,0.074424,0.047560,0.005818,0.036950,0.007830,-0.000422,0.008420,0.008545,17,0.031807,-0.355615,10.480123,0.125309,0.118703,0.066347,10.489813,0.199777,0.222147,0.106058
2.911878,1.249902,0.029000,0.203098,1.206986,0.042751,-0.007579,1.237615,0.031665,0.093737,0.016290,0.018675,0.072499,0.997061,-0.083232,0.018585,0.046738,0.003257,0.040349,0.008087,-0.001817,0.007782,0.008665,16,0.206947,0.222250,10.280435,0.001216,-0.119307,-0.034602,10.287180,0.175401,0.215442,0.110082
2.928500,1.248000,0.031332,0.206000,1.181012,0.058280,0.012278,1.225442,0.038506,0.087339,0.015034,0.014721,0.062861,0.997800,-0.150913,0.058213,0.037349,0.006127,0.038259,0.009165,-0.000049,0.009818,0.009525,17,-0.011338,0.297535,10.231164,0.019018,-0.145274,-0.005556,10.237219,0.201433,0.206741,0.120999
2.945134,1.246455,0.031000,0.208545,1.192777,0.073174,0.033779,1.227567,0.048253,0.085305,0.012409,0.015695,0.064102,0.997743,-0.098041,0.113459,0.039564,0.002834,0.036058,0.009383,0.001392,0.008705,0.008944,17,-0.204305,-0.053173,10.289382,-0.100577,-0.000800,0.031370,10.292638,0.120684,0.187625,0.125867
2.961760,1.244917,0.032083,0.212000,1.191102,0.072552,-0.013025,1.222294,0.051592,0.076248,0.012035,0.014806,0.069977,0.997366,-0.102809,0.113353,0.022195,0.002998,0.036094,0.010527,0.001490,0.009211,0.008789,17,0.078156,0.208295,10.143257,-0.028406,-0.037785,0.005044,10.146143,0.142268,0.234883,0.139000
2.978397,1.243000,0.033000,0.214415,1.214086,0.033926,0.077391,1.225379,0.043817,0.077608,0.013546,0.014401,0.069611,0.997378,-0.054654,0.038247,0.028467,0.001395,0.039939,0.010225,-0.000275,0.008783,0.008571,17,0.028282,0.048126,10.093732,-0.061376,-0.122546,-0.025489,10.096100,0.156252,0.140044,0.138361
2.994985,1.242000,0.034000,0.217789,1.227296,0.052820,0.013980,1.229508,0.051826,0.072067,0.011380,0.014776,0.083968,0.996294,-0.009013,0.098303,0.018052,-0.001562,0.037642,0.010904,0.001271,0.007775,0.006824,16,-0.341096,0.093660,10.045810,-0.003583,-0.101891,-0.037597,10.052883,0.151110,0.205203,0.147338
3.011597,1.240000,0.034000,0.220159,1.181292,0.052133,0.077668,1.218313,0.052735,0.072905,0.011589,0.011394,0.079474,0.996704,-0.090152,0.089457,0.021750,0.002064,0.037548,0.011002,0.001749,0.010086,0.007414,17,-0.235409,0.170817,9.929548,0.044058,-0.066028,0.008105,9.937726,0.164437,0.155175,0.150017
3.028292,1.239000,0.034484,0.223484,1.212535,0.027770,0.147948,1.223969,0.046972,0.078764,0.011903,0.012451,0.079563,0.996681,-0.026470,0.031021,0.034002,-0.000599,0.040565,0.010096,0.000412,0.009068,0.007240,17,-0.067268,-0.120785,9.797186,-0.137876,-0.012421,0.029307,9.799953,0.149819,0.080319,0.146033
3.044870,1.238000,0.035000,0.226940,1.275991,0.045813,0.146821,1.234680,0.049935,0.082807,0.010043,0.013747,0.071771,0.997276,0.053372,0.042524,0.042635,-0.004496,0.040365,0.009489,0.000846,0.007358,0.008387,17,-0.084202,-0.117496,9.910574,-0.157349,-0.045906,-0.034805,9.911936,0.175825,0.089327,0.144942
3.061497,1.237000,0.035323,0.230000,1.198641,0.053891,0.238814,1.225288,0.053262,0.094443,0.008127,0.011116,0.066218,0.997710,-0.027662,0.049838,0.073020,-0.001010,0.039397,0.008281,0.001712,0.009590,0.009091,16,-0.223686,0.023095,10.073227,-0.159448,0.041617,-0.030195,10.077138,0.200666,0.043519,0.137239
3.078070,1.236000,0.036000,0.233525,1.192059,0.061506,0.110387,1.219244,0.057235,0.094839,0.006628,0.009904,0.069313,0.997524,-0.056367,0.077529,0.076374,-0.000013,0.038123,0.008444,0.002655,0.010509,0.008785,17,-0.035681,0.179199,10.136211,-0.057764,0.003742,-0.014476,10.138870,0.125629,0.133208,0.141299
3.094760,1.235000,0.036000,0.236797,1.234160,0.006711,0.158976,1.225106,0.048363,0.098507,0.007390,0.009750,0.067454,0.997647,-0.004200,-0.000214,0.085621,-0.001993,0.041752,0.007991,0.000910,0.009829,0.008695,17,-0.095909,-0.297689,10.084368,-0.164242,-0.117717,0.001346,10.090179,0.243499,0.083154,0.139194
3.111398,1.234000,0.036000,0.239137,1.212502,0.082585,0.223447,1.221968,0.058938,0.106635,0.003319,0.009622,0.073023,0.997278,-0.029020,0.077673,0.109269,-0.001690,0.038131,0.007255,0.003005,0.010322,0.008307,17,-0.392489,0.094144,10.252014,-0.182264,0.101310,-0.046998,10.261662,0.223846,0.053651,0.135010
3.128004,1.233406,0.036000,0.243594,1.266567,0.059665,0.098821,1.233591,0.057059,0.106701,0.005835,0.011484,0.071735,0.997341,0.053882,0.047635,0.110583,-0.005250,0.040196,0.007288,0.002033,0.008824,0.008412,17,0.021458,0.174352,10.157184,0.181198,-0.010091,0.024099,10.161287,0.201326,0.150395,0.138503
3.144629,1.233000,0.036020,0.246980,1.182535,0.050655,0.135312,1.221831,0.055949,0.109774,0.004635,0.008919,0.065275,0.997817,-0.032640,0.026505,0.122667,-0.001399,0.040255,0.007281,0.002320,0.011130,0.009268,16,-0.178569,-0.303165,10.359284,-0.154964,0.065805,0.093641,10.369288,0.228485,0.123412,0.139095
3.161299,1.232000,0.035819,0.251181,1.201194,0.067998,0.058030,1.226982,0.062395,0.107938,0.001290,0.009497,0.072032,0.997356,0.024647,0.082557,0.126270,-0.004346,0.038431,0.007706,0.003292,0.009923,0.008682,17,0.140016,0.467367,10.588636,-0.241471,-0.067055,-0.032798,10.601082,0.277396,0.198222,0.145774
3.177897,1.231000,0.035427,0.254573,1.190206,0.090424,0.055834,1.220609,0.071699,0.107511,-0.001173,0.006923,0.074000,0.997234,-0.022650,0.148620,0.128931,-0.003105,0.035322,0.008139,0.004978,0.010823,0.008668,17,-0.326023,0.234433,10.372847,-0.067541,-0.142008,-0.073108,10.386013,0.185378,0.210205,0.151825
3.194548,1.231000,0.036000,0.259385,1.265267,0.069926,0.106804,1.231484,0.070683,0.109326,-0.000244,0.009242,0.068635,0.997599,0.054128,0.118459,0.139019,-0.006643,0.037176,0.008025,0.004070,0.009323,0.009321,17,-0.305558,-0.009553,10.471576,0.002298,0.051765,-0.073032,10.477626,0.163163,0.160019,0.154016
3.211111,1.230000,0.035483,0.264034,1.188354,0.068534,0.070811,1.218778,0.071435,0.107585,-0.001765,0.006637,0.068480,0.997629,-0.029853,0.114314,0.141087,-0.002729,0.037085,0.008656,0.004229,0.011582,0.009110,16,0.225483,0.334431,10.498172,-0.198698,0.055410,-0.002133,10.507426,0.225771,0.200405,0.160919
3.227727,1.230000,0.035000,0.268659,1.160212,0.082322,-0.010543,1.208269,0.076292,0.102147,-0.004361,0.003174,0.076864,0.997027,-0.097483,0.142626,0.129964,0.000172,0.035509,0.009769,0.004948,0.013204,0.007906,17,0.019893,0.107712,10.356762,-0.237306,-0.138016,0.004961,10.361733,0.281233,0.291657,0.172926
3.244439,1.230000,0.035000,0.273191,1.197663,0.048921,0.148090,1.213694,0.070145,0.107510,-0.003783,0.002417,0.077965,0.996946,-0.042579,0.083674,0.144932,-0.002266,0.038762,0.009237,0.003275,0.012231,0.007460,17,-0.277673,0.241231,10.254321,-0.188146,-0.241020,0.038882,10.263037,0.312731,0.129960,0.170150
3.261045,1.230000,0.035000,0.278145,1.252241,0.062062,0.069529,1.225440,0.071690,0.106642,-0.003530,0.002424,0.071368,0.997441,0.037517,0.098777,0.140899,-0.006181,0.038933,0.009582,0.003202,0.010445,0.008609,17,-0.192405,0.480358,10.078203,0.018050,-0.265655,-0.027772,10.093418,0.294263,0.211537,0.175443
3.277674,1.230000,0.034000,0.281000,1.141328,0.059727,0.103115,1.212893,0.071542,0.109085,-0.003417,-0.001404,0.068691,0.997631,-0.053704,0.083804,0.142790,-0.002227,0.038841,0.009654,0.003342,0.012417,0.008916,17,-0.301847,-0.212786,9.882144,-0.002905,-0.145011,0.057833,9.892203,0.193747,0.200419,0.176796
3.294189,1.230000,0.034312,0.287624,1.158462,0.067983,0.151284,1.215059,0.074935,0.114381,-0.006303,-0.001097,0.070133,0.997517,-0.004052,0.110488,0.152506,-0.004911,0.038099,0.009193,0.003585,0.011191,0.008893,16,-0.037224,0.237440,9.954875,-0.311037,-0.121266,-0.033785,9.960680,0.354227,0.157607,0.178569
3.310843,1.229340,0.034000,0.292319,1.210065,0.022264,0.207550,1.221131,0.068271,0.123087,-0.004906,-0.000826,0.066790,0.997755,0.045060,0.055575,0.167161,-0.007015,0.041202,0.008320,0.002065,0.010320,0.009062,17,-0.159993,0.366583,9.807500,-0.065440,-0.111991,-0.065086,9.819586,0.174880,0.087721,0.172862
3.327537,1.230000,0.034000,0.296965,1.215551,0.030277,0.138625,1.223300,0.069712,0.126433,-0.005383,-0.001430,0.074787,0.997184,0.058043,0.073819,0.165825,-0.007907,0.040463,0.008258,0.002312,0.010014,0.007980,17,-0.166260,-0.050350,9.691006,-0.017779,-0.108664,0.061021,9.694930,0.141542,0.159041,0.174360
3.344109,1.230000,0.034000,0.302425,1.179807,0.045895,0.236809,1.213132,0.072127,0.134535,-0.005803,-0.004417,0.074122,0.997223,-0.022235,0.096621,0.177748,-0.004492,0.039020,0.007645,0.003011,0.011630,0.008107,17,-0.057641,0.182662,9.769311,0.028683,-0.088252,0.016249,9.777032,0.131717,0.083464,0.172989
3.360757,1.230000,0.033000,0.306709,1.238176,0.064094,0.187619,1.222704,0.074513,0.140546,-0.007438,-0.003429,0.074803,0.997165,0.049974,0.111943,0.187441,-0.008013,0.038851,0.007203,0.002955,0.010048,0.008150,16,-0.032173,0.115675,9.966648,-0.198011,-0.113297,-0.015945,9.969005,0.246909,0.123354,0.171426
3.377330,1.230000,0.033092,0.312092,1.188282,0.034526,0.215472,1.213380,0.068347,0.147551,-0.006703,-0.006693,0.071193,0.997418,-0.026945,0.059092,0.202305,-0.004417,0.040678,0.006734,0.002115,0.011734,0.008337,17,-0.255073,-0.076101,10.129590,-0.079406,-0.123037,-0.008315,10.133644,0.157423,0.105251,0.169094
3.394081,1.229526,0.033526,0.316948,1.226522,-0.006643,0.233211,1.219900,0.057455,0.154590,-0.004938,-0.005315,0.083763,0.996459,0.021743,-0.015483,0.216726,-0.006302,0.044292,0.006272,0.000293,0.011006,0.006294,17,-0.126760,-0.202986,10.183030,-0.070602,0.041219,0.020668,10.187785,0.155140,0.092922,0.164395
3.410616,1.229000,0.033233,0.321767,1.236890,0.060384,0.217034,1.222598,0.065327,0.162209,-0.007717,-0.006303,0.087926,0.996077,0.033084,0.056225,0.233908,-0.007329,0.041087,0.005790,0.001647,0.010522,0.005952,17,-0.033457,0.013833,10.321679,-0.126328,-0.160303,-0.009738,10.323223,0.227546,0.108482,0.162879
3.427240,1.229000,0.033112,0.327225,1.190286,0.026741,0.187534,1.212833,0.058672,0.166022,-0.006901,-0.007533,0.083521,0.996454,-0.043403,0.015589,0.244367,-0.003900,0.042964,0.005795,0.000772,0.012095,0.006062,16,-0.229991,0.719949,10.463215,-0.060766,0.116168,-0.185911,10.495337,0.353310,0.145097,0.164015
3.443846,1.229000,0.034000,0.332774,1.169723,0.088482,0.182895,1.205561,0.068934,0.173040,-0.007313,-0.007203,0.077878,0.996910,-0.081402,0.089410,0.262438,-0.003030,0.039391,0.005403,0.002390,0.012418,0.007368,17,-0.219249,0.036758,10.513807,0.238722,0.120854,0.031231,10.523442,0.297722,0.170135,0.165181
3.460512,1.229000,0.034000,0.338647,1.211794,0.059380,0.118021,1.212522,0.063668,0.172815,-0.007118,-0.005425,0.080113,0.996746,-0.017164,0.038969,0.266450,-0.005745,0.042059,0.005982,0.001066,0.011251,0.006923,17,-0.000879,-0.150695,10.669447,-0.172373,0.031923,0.059751,10.680776,0.202556,0.222746,0.169268
3.477111,1.229000,0.034003,0.343993,1.177423,0.051167,0.179914,1.201342,0.061464,0.177893,-0.006327,-0.007806,0.080041,0.996741,-0.097998,0.029924,0.279119,-0.002119,0.042497,0.005896,0.000836,0.012861,0.006552,17,0.002640,0.648193,10.547970,0.025780,-0.014698,-0.138792,10.570077,0.225302,0.172849,0.170612
3.493782,1.229000,0.035000,0.350051,1.210803,0.067915,0.159513,1.208992,0.065986,0.181207,-0.005343,-0.005256,0.079234,0.996828,-0.030669,0.065366,0.283688,-0.005724,0.041557,0.006089,0.001194,0.011287,0.006913,17,-0.196878,0.244360,10.281121,0.206665,0.047289,0.024005,10.290266,0.277761,0.194215,0.172826
3.510343,1.229000,0.035000,0.355856,1.192722,0.050632,0.163861,1.201486,0.058867,0.183000,-0.004631,-0.007679,0.081062,0.996669,-0.087371,0.011019,0.281841,-0.002880,0.043861,0.006431,0.000171,0.012531,0.006434,16,-0.065773,0.254507,10.089580,-0.114584,-0.084070,0.072273,10.097915,0.198176,0.196017,0.176652
3.526996,1.229000,0.035000,0.361695,1.205278,0.032920,0.186297,1.206203,0.050484,0.187497,-0.001420,-0.007785,0.096013,0.995349,-0.046604,-0.047866,0.284471,-0.004521,0.047181,0.006463,-0.001295,0.011879,0.003693,17,-0.252400,0.419710,10.023865,0.130319,-0.148053,-0.114882,10.039822,0.230384,0.177007,0.176364
3.543671,1.229000,0.036000,0.368167,1.224792,0.037767,0.325966,1.215090,0.051241,0.205358,-0.000946,-0.005181,0.105997,0.994352,0.021285,-0.030471,0.320982,-0.008007,0.046932,0.004807,-0.001203,0.010418,0.002177,17,-0.467299,-0.084321,10.184638,0.092455,0.063880,0.051064,10.196954,0.133280,0.042447,0.164111
3.560225,1.229000,0.036241,0.374518,1.179397,0.043505,0.279900,1.203829,0.051608,0.216505,-0.001185,-0.008240,0.102360,0.994713,-0.065514,-0.016873,0.344838,-0.004409,0.045909,0.004014,-0.000681,0.011934,0.002760,17,-0.132900,0.317213,10.417499,0.033766,-0.096494,0.010735,10.424018,0.155046,0.107078,0.160741
3.576861,1.229000,0.037000,0.381281,1.271313,0.024782,0.328016,1.214572,0.048329,0.225780,0.000311,-0.005098,0.104833,0.994477,0.012293,-0.030212,0.361296,-0.008016,0.047354,0.003595,-0.001253,0.010414,0.002251,16,-0.143717,0.378154,10.291970,0.114020,0.117167,-0.079518,10.301836,0.218995,0.069114,0.156579
3.593429,1.229000,0.037000,0.387155,1.222603,0.030701,0.351414,1.205349,0.047098,0.239221,-0.000532,-0.006881,0.104505,0.994500,-0.063780,-0.021950,0.383876,-0.004741,0.046504,0.002543,-0.000879,0.011860,0.002345,17,0.108328,0.274611,10.109805,-0.050494,0.057180,-0.000351,10.119468,0.097728,0.036851,0.150152
3.610100,1.229000,0.037809,0.393618,1.204405,0.030110,0.232502,1.196741,0.045830,0.243336,0.001312,-0.008266,0.100740,0.994878,-0.132469,-0.011107,0.386669,-0.001936,0.046241,0.002786,-0.000689,0.013066,0.002818,17,-0.081622,0.991509,10.387551,0.243066,0.030768,-0.097795,10.437606,0.273495,0.163164,0.153915
3.626752,1.229000,0.038490,0.401471,1.199999,0.026079,0.296396,1.194246,0.042155,0.254319,0.003499,-0.008948,0.103609,0.994572,-0.145231,-0.035279,0.402234,-0.001449,0.047084,0.002203,-0.000939,0.013232,0.002413,17,-0.284050,-0.125859,10.120506,0.213960,-0.064824,0.097399,10.134051,0.258870,0.109708,0.151244
3.643324,1.229000,0.039000,0.408568,1.195695,0.090618,0.266064,1.192411,0.054360,0.260639,0.001699,-0.008445,0.094139,0.995522,-0.144425,0.043845,0.405515,-0.002421,0.043326,0.002197,0.000762,0.012789,0.004203,16,-0.161178,-0.419737,10.012538,0.093808,0.015325,-0.032828,10.023674,0.133926,0.155181,0.153160
3.659935,1.229000,0.040000,0.415247,1.164837,0.045798,0.173339,1.183950,0.047419,0.259801,0.002125,-0.010208,0.109129,0.993973,-0.191564,-0.019729,0.394317,-0.000050,0.045805,0.003102,-0.000251,0.013737,0.001468,17,-0.192794,0.249629,10.170984,-0.149702,-0.037104,-0.022330,10.178341,0.181966,0.250339,0.162012
3.676579,1.229000,0.040578,0.422156,1.167505,0.047949,0.320962,1.182188,0.048546,0.270569,0.004256,-0.009768,0.107549,0.994143,-0.182704,0.005550,0.411331,-0.001021,0.045437,0.002528,0.000008,0.013381,0.001785,17,-0.144867,1.107791,10.195217,0.306215,-0.050687,-0.055355,10.258991,0.327840,0.118643,0.158851
3.693224,1.228000,0.041000,0.430032,1.253011,0.046088,0.346461,1.192001,0.048448,0.281387,0.005960,-0.006095,0.106509,0.994275,-0.099023,0.001844,0.425132,-0.005181,0.046410,0.002104,-0.000173,0.011717,0.002028,17,-0.364446,0.099634,10.055890,0.216621,0.138908,0.033754,10.071753,0.279603,0.087382,0.153123
3.709886,1.228000,0.041000,0.437144,1.205227,0.015322,0.416481,1.183475,0.042230,0.295533,0.006198,-0.007769,0.101951,0.994740,-0.153396,-0.044615,0.447229,-0.002184,0.048025,0.001127,-0.000587,0.012818,0.002614,17,0.166616,-0.065273,10.122206,-0.053823,0.013098,-0.042956,10.124852,0.127656,0.040061,0.148451
3.726459,1.228000,0.041782,0.444565,1.207841,0.024191,0.317180,1.184525,0.043637,0.302879,0.005662,-0.006325,0.099966,0.994955,-0.136189,-0.018195,0.451955,-0.003491,0.046959,0.001161,-0.000023,0.012322,0.002900,16,-0.204226,0.084386,10.097012,0.052671,0.107078,-0.056197,10.102070,0.155738,0.130164,0.148217
3.743089,1.228000,0.043000,0.452146,1.200974,0.058285,0.439455,1.181781,0.052920,0.318117,0.003815,-0.006118,0.084825,0.996370,-0.147920,0.059620,0.476846,-0.004244,0.043553,0.000140,0.001423,0.012091,0.005068,17,-0.270811,0.338188,10.168384,0.043772,0.028137,0.013859,10.179968,0.073161,0.033543,0.142121
3.759751,1.228000,0.043000,0.459887,1.213880,0.020228,0.436975,1.185468,0.044704,0.333834,0.005716,-0.005626,0.084639,0.996379,-0.114072,-0.013027,0.501449,-0.005143,0.047262,-0.000893,0.000106,0.011637,0.005672,17,-0.187525,0.159836,10.132593,-0.002590,-0.031771,0.005761,10.137026,0.108039,0.035254,0.133045
3.776337,1.228000,0.044000,0.467817,1.259478,0.032828,0.370767,1.197259,0.045950,0.341744,0.006780,-0.002570,0.078312,0.996903,-0.026970,0.002187,0.506887,-0.009302,0.047340,-0.000712,0.000262,0.009991,0.006684,17,-0.208581,0.152474,10.303652,0.189610,0.078058,-0.025790,10.308711,0.210259,0.102637,0.129781
3.793038,1.227876,0.044000,0.474373,1.205625,0.052942,0.322401,1.189206,0.049594,0.346555,0.006008,-0.003194,0.081910,0.996616,-0.093462,0.026276,0.506042,-0.006595,0.045626,-0.000243,0.001011,0.011098,0.006056,17,-0.098323,0.019127,10.314785,0.036708,0.139485,-0.027198,10.315645,0.151612,0.153853,0.133657
3.809566,1.227000,0.044000,0.483093,1.220769,0.038926,0.469122,1.197710,0.044436,0.364126,0.006298,-0.001593,0.084013,0.996443,-0.029860,-0.021096,0.532745,-0.009275,0.048581,-0.001450,0.000188,0.010210,0.005689,16,-0.067421,0.236518,10.044675,-0.102487,0.036420,0.094473,10.049403,0.194767,0.016116,0.122520
3.826276,1.227000,0.045000,0.491570,1.159563,0.065355,0.315040,1.186662,0.048648,0.369039,0.005591,-0.003852,0.085601,0.996306,-0.105471,0.017852,0.530896,-0.006348,0.046589,-0.001018,0.001040,0.011387,0.005374,17,-0.095146,0.588523,10.222360,0.041021,-0.043155,-0.059928,10.242633,0.143838,0.190066,0.129053
3.842832,1.227000,0.045196,0.499392,1.187767,0.069958,0.366818,1.194693,0.052012,0.378551,0.005439,-0.002057,0.080522,0.996736,-0.032083,0.034845,0.536111,-0.010173,0.046656,-0.001075,0.001197,0.010029,0.006180,17,-0.238168,0.202589,9.982298,0.032161,-0.018959,-0.037259,9.989472,0.087967,0.140457,0.125270
3.859678,1.227000,0.045316,0.507368,1.230480,0.048986,0.399452,1.204770,0.048301,0.390756,0.006888,-0.001264,0.073004,0.997307,0.041722,-0.003693,0.543799,-0.013299,0.048874,-0.001460,0.000554,0.008889,0.007556,17,-0.038385,-0.028503,9.901808,0.066812,-0.109666,0.071669,9.904318,0.226658,0.108035,0.118750
3.876010,1.227000,0.045038,0.516076,1.204996,0.025550,0.402304,1.198564,0.041016,0.398788,0.007204,-0.002386,0.068887,0.997596,-0.015389,-0.058885,0.542973,-0.010329,0.050880,-0.001444,-0.000029,0.009973,0.008298,16,-0.124397,0.029169,9.830155,-0.093123,0.079240,-0.029169,9.834200,0.163412,0.117507,0.120752
3.892676,1.227000,0.045736,0.523793,1.238691,0.020018,0.478758,1.209538,0.037132,0.412704,0.007264,0.000242,0.064495,0.997892,0.062613,-0.073581,0.555653,-0.013799,0.052169,-0.002045,-0.000338,0.008738,0.008783,17,0.039927,0.110247,9.842256,-0.028538,0.091810,-0.091877,9.844465,0.174998,0.053162,0.112782
3.909384,1.227000,0.046000,0.531179,1.214522,0.028595,0.564981,1.199983,0.038211,0.431192,0.005616,-0.001596,0.070505,0.997494,-0.016363,-0.052105,0.581721,-0.010299,0.050448,-0.003274,0.000362,0.010013,0.008958,17,-0.124872,-0.072056,10.001562,-0.089972,0.040405,0.039647,10.003565,0.126276,0.040015,0.103864
3.925971,1.227000,0.046000,0.540326,1.181001,0.044755,0.470010,1.190487,0.041718,0.441205,0.004168,-0.003155,0.073352,0.997292,-0.088564,-0.019634,0.585178,-0.007516,0.048378,-0.003331,0.001190,0.011116,0.008435,17,-0.177567,0.090605,10.015472,-0.033867,0.044920,-0.051285,10.017859,0.142239,0.084035,0.105720
3.942563,1.227000,0.046000,0.548808,1.261806,0.045396,0.433585,1.202249,0.042447,0.448285,0.004266,-0.001176,0.071105,0.997459,-0.001003,-0.010025,0.583555,-0.011618,0.048968,-0.002978,0.001099,0.009725,0.008803,16,0.056725,0.456163,10.037504,0.020064,-0.015022,0.020570,10.049823,0.150722,0.120367,0.103587
3.959174,1.227000,0.046000,0.557374,1.186221,0.031477,0.539693,1.192358,0.039781,0.464853,0.002165,-0.003635,0.073888,0.997258,-0.078537,-0.026104,0.605042,-0.008132,0.049165,-0.003934,0.001128,0.011062,0.008332,17,-0.106726,0.076200,10.070467,-0.275891,-0.023345,-0.027706,10.074479,0.319283,0.046760,0.098990
3.975865,1.227000,0.046000,0.566217,1.225168,0.038491,0.536625,1.201466,0.040706,0.478803,0.000678,-0.000425,0.067568,0.997714,-0.005964,-0.003881,0.623713,-0.012037,0.049195,-0.004422,0.001150,0.009848,0.009173,17,-0.241914,0.652744,10.332086,-0.149328,0.187572,-0.098602,10.361633,0.271812,0.030586,0.091221
3.992453,1.227000,0.046000,0.574590,1.228745,0.073533,0.515337,1.203928,0.051738,0.490721,-0.000777,-0.000430,0.070691,0.997498,0.007845,0.081158,0.632836,-0.013201,0.045711,-0.004553,0.002394,0.009525,0.008750,17,0.168611,0.451139,10.158315,0.070490,-0.030315,0.104252,10.180797,0.172579,0.065361,0.087174
4.009069,1.227000,0.046000,0.583468,1.220847,0.053282,0.588071,1.201418,0.046060,0.506375,0.000803,-0.001817,0.072440,0.997371,-0.021813,0.012808,0.652142,-0.011572,0.048698,-0.005364,0.001451,0.010179,0.008361,16,-0.277632,-0.141666,10.116610,-0.005047,-0.054428,-0.050397,10.121970,0.112434,0.010586,0.081227
4.025631,1.227000,0.046000,0.592271,1.218980,0.019589,0.595938,1.202321,0.036227,0.522280,0.002776,-0.001373,0.071367,0.997445,-0.023138,-0.062477,0.672824,-0.011119,0.052284,-0.006120,0.000293,0.010433,0.008646,17,-0.195774,0.150103,10.286884,0.014891,0.090479,-0.077376,10.292433,0.131469,0.027845,0.074855
4.042287,1.227000,0.046000,0.600244,1.193025,0.017904,0.510440,1.192503,0.033364,0.529576,0.003320,-0.003724,0.068929,0.997609,-0.092841,-0.070402,0.667336,-0.007748,0.052075,-0.005638,0.000459,0.011600,0.009226,17,0.193381,-0.002964,10.036865,0.069040,-0.045071,0.032823,10.040162,0.109714,0.100042,0.079647
4.058931,1.227881,0.046000,0.610643,1.238771,0.071607,0.506459,1.198949,0.041507,0.537355,0.001209,-0.002644,0.065113,0.997874,-0.040790,-0.007648,0.664817,-0.010920,0.049463,-0.005152,0.001387,0.010547,0.009862,17,-0.264617,-0.094303,10.118115,-0.052269,-0.042943,-0.014563,10.122749,0.139192,0.107836,0.078920
4.075563,1.228000,0.045000,0.619914,1.201763,0.041341,0.633254,1.192246,0.036815,0.554936,0.001263,-0.003903,0.068751,0.997625,-0.096526,-0.043821,0.685282,-0.008171,0.051181,-0.006038,0.000906,0.011523,0.009139,17,-0.106833,0.442970,10.088040,-0.103462,0.046525,-0.050537,10.101056,0.158584,0.029660,0.074615
4.092119,1.228000,0.045671,0.628342,1.228827,0.079327,0.676515,1.197950,0.046123,0.573174,0.001285,-0.001973,0.063017,0.998010,-0.048296,0.032242,0.705833,-0.011070,0.048346,-0.006975,0.001901,0.010573,0.010194,16,-0.044990,0.451812,9.944182,0.233254,0.068541,0.013623,9.957913,0.246175,0.058771,0.062823
4.108783,1.228000,0.045101,0.638201,1.170846,0.071286,0.563950,1.187085,0.047514,0.582659,0.001922,-0.004559,0.069443,0.997574,-0.122222,0.021224,0.696985,-0.007681,0.048210,-0.006740,0.002055,0.011746,0.009080,17,-0.058853,-0.300470,9.560217,0.095294,-0.070431,0.037967,9.570210,0.167728,0.097291,0.069027
4.125484,1.228000,0.045000,0.646000,1.221179,0.053341,0.629597,1.196535,0.046224,0.597075,0.001123,-0.002904,0.068534,0.997644,-0.044980,-0.001659,0.702250,-0.011376,0.049784,-0.007159,0.001581,0.010610,0.009129,17,-0.174201,-0.080568,9.619854,-0.170039,-0.012282,-0.056752,9.624792,0.191003,0.019625,0.058182
4.142061,1.229000,0.045000,0.656190,1.199378,0.056558,0.641053,1.187571,0.048391,0.610265,0.000794,-0.004567,0.066478,0.997777,-0.115801,0.020192,0.708520,-0.008196,0.048752,-0.007353,0.001973,0.011562,0.009374,17,-0.096485,0.607476,9.974292,0.016187,0.008910,-0.085080,9.996037,0.153354,0.035216,0.061943
4.158696,1.229111,0.044000,0.665332,1.226336,0.065247,0.638568,1.198444,0.051640,0.624493,0.001624,-0.003882,0.057836,0.998317,-0.035860,0.043835,0.716789,-0.012276,0.048180,-0.007732,0.002128,0.010230,0.011006,16,-0.251597,0.089894,9.828240,0.158553,-0.184283,0.092415,9.837686,0.269909,0.034285,0.051640
4.175240,1.230000,0.044624,0.674129,1.210029,0.071941,0.670842,1.191249,0.056962,0.637802,0.000189,-0.006432,0.062542,0.998022,-0.094573,0.070326,0.719763,-0.009779,0.046729,-0.007960,0.002768,0.010984,0.010249,17,-0.164965,-0.004256,9.752519,-0.059447,-0.138067,0.018233,9.754264,0.177337,0.033998,0.054530
4.191999,1.230863,0.045000,0.683589,1.221979,0.049700,0.707860,1.196814,0.049883,0.655536,0.001162,-0.005714,0.064721,0.997886,-0.054680,0.011918,0.736032,-0.011333,0.050255,-0.008753,0.001689,0.010451,0.009786,17,-0.162064,0.621245,9.873280,-0.094056,-0.031464,-0.065594,9.896937,0.132214,0.026269,0.044387
4.208586,1.231000,0.045000,0.692504,1.215123,0.089633,0.659255,1.196160,0.060549,0.667806,0.000498,-0.006139,0.071400,0.997429,-0.063065,0.093018,0.739177,-0.011574,0.046766,-0.008748,0.002825,0.010401,0.008469,17,-0.077344,0.469542,9.977388,0.145203,-0.046228,-0.032428,9.990008,0.188447,0.057877,0.045449
4.225197,1.231552,0.045000,0.702103,1.226225,0.050216,0.626265,1.200552,0.052844,0.677025,0.002853,-0.005507,0.068119,0.997658,-0.035298,0.015102,0.733350,-0.012488,0.050550,-0.008335,0.001729,0.010118,0.009179,17,-0.153423,-0.127519,9.916498,0.070100,0.005418,0.047277,9.922199,0.123832,0.076204,0.040638
4.241744,1.232000,0.044112,0.711665,1.207133,0.048579,0.678518,1.192230,0.052180,0.686309,0.001767,-0.007102,0.068161,0.997647,-0.104214,0.002867,0.725902,-0.009316,0.050520,-0.008007,0.001834,0.011059,0.009241,16,-0.204742,-0.219269,9.741290,-0.130956,0.023263,-0.000734,9.746890,0.190390,0.041678,0.047851
4.258412,1.232000,0.044054,0.719838,1.229752,0.048191,0.676760,1.203363,0.051594,0.697148,0.001172,-0.005607,0.070114,0.997523,-0.020335,0.002274,0.724687,-0.013407,0.051225,-0.007851,0.001637,0.009858,0.008609,17,-0.046132,0.334174,9.857295,-0.101024,-0.058931,-0.092473,9.865319,0.166954,0.043335,0.037306
4.275093,1.233000,0.044000,0.729772,1.213327,0.047138,0.698009,1.196880,0.051035,0.707256,0.001543,-0.007853,0.070149,0.997504,-0.078446,0.001602,0.723840,-0.010722,0.051141,-0.007601,0.001748,0.010624,0.008735,17,-0.093509,0.319547,10.050071,0.042806,-0.106564,0.049514,10.056671,0.151930,0.037494,0.043141
4.291642,1.233766,0.044000,0.738298,1.215714,0.071859,0.735842,1.198749,0.060520,0.720270,-0.001342,-0.009063,0.066389,0.997752,-0.066249,0.080590,0.729861,-0.011908,0.047713,-0.007715,0.002757,0.010190,0.009523,17,-0.066514,0.408308,10.008973,-0.133385,-0.192863,0.087446,10.022310,0.307160,0.033287,0.042709
4.308258,1.234000,0.043408,0.748816,1.251692,-0.019984,0.729480,1.205969,0.048529,0.733568,0.000582,-0.008652,0.063457,0.997947,-0.032251,0.004037,0.735354,-0.013329,0.052033,-0.007856,0.001523,0.009773,0.009934,16,-0.405413,0.681720,9.935199,-0.021984,-0.054755,-0.101608,9.972085,0.156135,0.068596,0.032318
4.324723,1.234597,0.043000,0.757792,1.219956,0.049131,0.711424,1.203100,0.055545,0.742294,-0.000348,-0.009398,0.062108,0.998025,-0.061881,0.069703,0.727670,-0.012482,0.048930,-0.007408,0.002458,0.009942,0.010128,17,-0.143077,0.399652,9.838092,0.089922,-0.032673,-0.017054,9.848868,0.128632,0.049009,0.037277
4.341548,1.235000,0.043000,0.766723,1.214456,0.028898,0.781790,1.200975,0.047487,0.755580,0.000822,-0.009528,0.066188,0.997761,-0.077913,-0.005397,0.729412,-0.011360,0.052479,-0.007595,0.001504,0.010276,0.009490,17,-0.021822,-0.006160,9.708168,-0.063035,0.047734,0.068297,9.708634,0.143312,0.029119,0.036084
4.358158,1.236000,0.043000,0.776284,1.200713,0.048350,0.824283,1.195230,0.054201,0.771092,-0.001073,-0.010853,0.060873,0.998086,-0.119277,0.053922,0.736953,-0.009907,0.049432,-0.008059,0.002403,0.010591,0.010394,17,-0.098046,0.143819,9.764246,-0.044102,-0.056146,-0.063230,9.767370,0.133364,0.059815,0.042598
4.374774,1.236000,0.043000,0.785957,1.215102,0.048710,0.817684,1.201943,0.054494,0.785832,-0.000620,-0.009529,0.057964,0.998273,-0.064222,0.051247,0.743365,-0.012874,0.049932,-0.008454,0.002256,0.009705,0.010849,16,-0.340478,0.025397,9.681907,0.043863,-0.025682,-0.032393,9.689891,0.135127,0.038418,0.035945
4.391359,1.237000,0.043000,0.795506,1.191737,0.073251,0.740795,1.194868,0.062509,0.791609,-0.002520,-0.010807,0.061071,0.998072,-0.114944,0.096962,0.726932,-0.010936,0.047184,-0.007663,0.003068,0.010187,0.010242,17,-0.221002,-0.347071,9.744901,-0.058723,-0.022632,0.025727,9.754506,0.132733,0.077183,0.046593
4.408065,1.237000,0.042517,0.804448,1.233966,0.019833,0.850667,1.202506,0.054879,0.806865,-0.001541,-0.010790,0.061145,0.998069,-0.057421,0.035105,0.741294,-0.013354,0.050758,-0.008061,0.002057,0.009498,0.010225,17,0.027448,0.309360,10.140387,-0.089937,-0.149477,0.001493,10.149524,0.212417,0.051576,0.036722
4.424695,1.237000,0.042000,0.813506,1.178066,0.071421,0.795669,1.194668,0.062182,0.816362,-0.003940,-0.011316,0.058980,0.998187,-0.116482,0.087735,0.740088,-0.011086,0.048057,-0.007754,0.002819,0.010005,0.010520,17,-0.267143,0.237673,10.161366,-0.132513,0.077943,-0.042373,10.169488,0.180353,0.068241,0.046983
4.441304,1.238000,0.042094,0.822718,1.239017,0.053155,0.936000,1.204356,0.059960,0.835788,-0.003740,-0.009035,0.055265,0.998424,-0.035691,0.067690,0.762891,-0.014827,0.049793,-0.008658,0.002276,0.008942,0.011159,17,0.120563,0.347985,10.068855,-0.065439,0.045645,-0.021578,10.076270,0.096090,0.113825,0.040274
4.458073,1.238000,0.042271,0.833915,1.225214,0.065816,0.894425,1.199686,0.067184,0.851010,-0.005061,-0.009431,0.057236,0.998303,-0.080766,0.111197,0.771229,-0.012996,0.047423,-0.009086,0.002940,0.009412,0.010710,16,-0.038074,-0.069317,9.882425,-0.020926,0.083162,-0.013870,9.883963,0.130255,0.066176,0.048793
4.474520,1.239000,0.042000,0.842080,1.221367,0.068656,0.878512,1.198298,0.069942,0.863371,-0.005045,-0.010694,0.057158,0.998295,-0.088941,0.118140,0.771969,-0.012674,0.047130,-0.009095,0.003002,0.009454,0.010618,17,0.048420,0.052502,9.841023,0.002887,-0.137069,-0.053100,9.843180,0.169861,0.048464,0.053766
4.491210,1.239000,0.042000,0.852918,1.192089,0.039908,0.876395,1.190985,0.062739,0.875452,-0.002674,-0.011919,0.063327,0.997918,-0.145259,0.054331,0.769788,-0.010087,0.049933,-0.009023,0.002261,0.010168,0.009397,17,-0.389311,0.065817,9.783977,0.099364,-0.006105,-0.055394,9.792214,0.163739,0.052499,0.056950
4.507783,1.240000,0.042000,0.861899,1.223920,0.060731,0.887636,1.199525,0.067507,0.888034,-0.003565,-0.009672,0.058921,0.998209,-0.072682,0.090907,0.770510,-0.013861,0.048664,-0.008949,0.002552,0.009059,0.010201,17,-0.045793,0.108842,9.823169,-0.013103,0.045277,0.037181,9.825693,0.125002,0.035662,0.054515
4.524417,1.240000,0.042199,0.871204,1.203522,0.091229,0.814945,1.194592,0.077313,0.890644,-0.005744,-0.010035,0.059391,0.998168,-0.108498,0.155035,0.748756,-0.012550,0.045713,-0.007701,0.003352,0.009344,0.010001,16,0.014595,0.366855,9.948820,-0.091991,0.053538,-0.026642,9.956595,0.127870,0.083064,0.060603
4.541048,1.241000,0.043000,0.880786,1.274840,0.049058,0.878540,1.206179,0.072647,0.901635,-0.004304,-0.008034,0.046080,0.998896,-0.027585,0.115190,0.748234,-0.016036,0.048462,-0.007516,0.002547,0.008397,0.012472,17,-0.035489,0.535087,9.959385,0.025822,0.016428,-0.049590,9.976519,0.122361,0.034451,0.050261
4.557671,1.241000,0.042000,0.890596,1.228789,0.029939,0.910940,1.200026,0.067296,0.910572,-0.003927,-0.008678,0.047204,0.998840,-0.089716,0.073039,0.737636,-0.012945,0.050203,-0.007035,0.002031,0.009242,0.012379,17,-0.124151,0.136314,9.726865,-0.059743,0.104617,0.019049,9.729531,0.151668,0.026617,0.052132
4.574336,1.242000,0.043000,0.899050,1.252665,0.089820,0.888865,1.206297,0.077637,0.916540,-0.004494,-0.007246,0.042228,0.999072,-0.048765,0.148520,0.721646,-0.015250,0.047256,-0.006191,0.002782,0.008618,0.013048,17,0.004270,0.539422,9.751331,0.106000,0.049058,-0.063735,9.767366,0.145778,0.049088,0.052729
4.590909,1.242000,0.042000,0.909340,1.269347,0.047395,0.924515,1.213909,0.068776,0.929719,-0.001765,-0.006592,0.023693,0.999696,-0.009234,0.068867,0.722229,-0.016947,0.051261,-0.006221,0.001680,0.008097,0.015108,17,-0.159411,0.106440,9.763776,0.088392,-0.017117,-0.012920,9.767093,0.113134,0.031737,0.043833
4.607498,1.242000,0.043000,0.918802,1.237419,0.052347,0.950248,1.208716,0.071978,0.939564,-0.000717,-0.008902,0.002235,0.999958,-0.077615,0.069404,0.714189,-0.013925,0.050664,-0.005833,0.001185,0.009476,0.014667,16,-0.233779,0.008220,9.636903,0.100005,-0.061494,0.002592,9.642159,0.162657,0.033124,0.048771
4.624170,1.243000,0.043000,0.928341,1.239834,0.072031,0.973363,1.211032,0.080279,0.951626,-0.001921,-0.007843,-0.009124,0.999926,-0.061876,0.148354,0.714034,-0.015181,0.046941,-0.005794,0.002540,0.008674,0.015741,17,-0.231772,0.331277,9.722007,0.094361,0.079055,-0.020982,9.733387,0.137236,0.053663,0.054349
4.640802,1.243000,0.043446,0.936662,1.222037,0.077483,0.945057,1.204272,0.083911,0.960241,-0.000983,-0.009482,-0.026971,0.999591,-0.121815,0.157555,0.701154,-0.012467,0.046439,-0.005425,0.002609,0.009389,0.015453,17,-0.048131,0.052823,9.498708,0.162404,-0.027622,0.009239,9.500473,0.172740,0.040846,0.060772
4.657444,1.243979,0.043000,0.946938,1.250909,0.050375,0.868458,1.212160,0.076310,0.964907,-0.000038,-0.008602,-0.026950,0.999600,-0.053745,0.087543,0.677725,-0.015664,0.049675,-0.004341,0.001785,0.008606,0.015386,17,-0.152430,-0.336035,9.470484,-0.065398,-0.087954,-0.003058,9.480065,0.129202,0.079129,0.049446
4.673976,1.244000,0.043196,0.955392,1.217646,0.060692,0.948169,1.204581,0.078072,0.971008,-0.000229,-0.009996,-0.028735,0.999537,-0.122986,0.099309,0.664107,-0.012615,0.049187,-0.003738,0.001966,0.009339,0.015570,16,-0.410005,0.085916,9.722858,0.009930,0.011975,-0.085740,9.738653,0.144901,0.032447,0.054900
4.690674,1.244660,0.043340,0.964979,1.256844,0.031822,0.953709,1.212621,0.070373,0.981157,0.000876,-0.008321,-0.022036,0.999722,-0.056904,0.037704,0.660308,-0.016172,0.051960,-0.003520,0.001286,0.008518,0.014237,17,-0.130462,-0.063840,9.707433,-0.006326,0.012145,0.052479,9.710432,0.202769,0.020202,0.044933
4.707326,1.245000,0.043000,0.974107,1.226302,0.071539,0.928932,1.207364,0.077068,0.985400,-0.000622,-0.009118,-0.032842,0.999419,-0.098446,0.089996,0.646297,-0.014093,0.049406,-0.002666,0.001943,0.008876,0.016031,17,-0.112301,-0.001466,9.955877,-0.037733,0.008183,-0.019343,9.962460,0.146289,0.056612,0.052006
4.723912,1.245274,0.043274,0.982823,1.267820,0.072611,0.946819,1.219384,0.077933,0.994915,-0.000040,-0.007207,-0.031731,0.999470,-0.014189,0.089753,0.645960,-0.018499,0.049537,-0.002382,0.001877,0.007813,0.015915,17,-0.239210,0.209102,9.998297,0.072508,-0.010455,-0.038365,10.005581,0.119877,0.051626,0.044919
4.740548,1.246000,0.043000,0.992330,1.235535,0.102736,0.998591,1.214916,0.086553,1.004440,-0.000420,-0.008414,-0.027747,0.999579,-0.065020,0.143789,0.646111,-0.016181,0.047301,-0.002257,0.002489,0.008362,0.015202,17,-0.259591,0.336570,10.025037,0.093529,-0.000047,0.027187,10.044071,0.120748,0.060968,0.054861
4.757101,1.246000,0.043061,1.001182,1.231278,0.057500,0.967263,1.215004,0.076866,1.011302,0.001030,-0.008699,-0.023624,0.999683,-0.068082,0.062602,0.640663,-0.016362,0.051603,-0.001716,0.001439,0.008334,0.014515,16,-0.172120,0.458748,10.027013,-0.072745,-0.050422,0.008383,10.040904,0.153378,0.039695,0.046967
4.773783,1.247000,0.043669,1.010993,1.240340,0.055627,1.059159,1.219280,0.075471,1.023789,0.001122,-0.007716,-0.028314,0.999569,-0.032619,0.058595,0.646381,-0.018295,0.052206,-0.001943,0.001298,0.007851,0.015218,17,-0.188290,0.637818,9.869923,-0.015303,0.012820,-0.074167,9.893163,0.106672,0.050073,0.044085
4.790389,1.247000,0.044051,1.019898,1.237300,0.059474,1.024303,1.219681,0.075652,1.033590,0.002909,-0.008337,-0.028868,0.999544,-0.039016,0.061936,0.641557,-0.018085,0.052035,-0.001784,0.001410,0.007885,0.015329,17,-0.101743,0.054654,9.684454,0.244568,-0.049718,0.025141,9.687334,0.260924,0.018745,0.043959
4.806996,1.247000,0.044000,1.029371,1.236940,0.041532,1.062508,1.219606,0.066978,1.045789,0.003791,-0.008495,-0.046641,0.998868,-0.042901,-0.015705,0.639826,-0.018587,0.055340,-0.001959,0.000662,0.007754,0.018323,17,-0.165593,-0.312391,9.463154,-0.061604,-0.039699,0.041585,9.471949,0.107931,0.034719,0.039344
4.823656,1.248000,0.044326,1.037653,1.190034,0.061325,0.994728,1.209098,0.069385,1.048815,0.001874,-0.010603,-0.054835,0.998437,-0.117896,0.009434,0.617568,-0.015129,0.054520,-0.001049,0.000933,0.008464,0.019635,16,-0.136131,0.259474,9.532544,-0.180529,-0.073746,-0.088353,9.540785,0.219856,0.074105,0.047601
4.839510,1.248000,0.045000,1.046591,1.281167,0.032207,1.079460,1.219248,0.065382,1.056320,0.002407,-0.009385,-0.052524,0.998573,-0.041504,-0.015181,0.610312,-0.019025,0.055329,-0.000701,0.000686,0.007502,0.019139,16,-0.187430,0.487483,9.609272,0.015946,-0.076345,-0.032039,9.624995,0.113084,0.048415,0.036562
4.856936,1.248849,0.044849,1.056301,1.256872,0.051825,1.038909,1.215872,0.070255,1.063705,0.001947,-0.010587,-0.047991,0.998790,-0.087806,0.029925,0.599444,-0.016763,0.053284,-0.000255,0.001207,0.008045,0.018446,18,-0.170151,0.155159,9.674651,0.072886,-0.008440,0.060069,9.678554,0.122044,0.020385,0.042282
4.873518,1.249000,0.045090,1.065090,1.254270,0.053966,1.142814,1.216564,0.070790,1.077665,0.003138,-0.010119,-0.048251,0.998779,-0.087214,0.031405,0.608138,-0.016849,0.053085,-0.000773,0.001312,0.008002,0.018420,17,-0.002376,-0.091728,9.747047,0.169076,0.062694,-0.026369,9.749134,0.185867,0.078407,0.043252
4.890141,1.249000,0.044000,1.075079,1.292998,0.079440,1.068919,1.227548,0.075958,1.086821,0.001966,-0.007877,-0.051115,0.998660,-0.011252,0.067771,0.604695,-0.020495,0.050985,-0.000626,0.001839,0.007127,0.018870,16,0.019952,-0.067858,9.695493,-0.015016,0.068999,-0.040297,9.697130,0.115926,0.056831,0.040242
4.907134,1.249000,0.044000,1.084101,1.276220,0.000950,1.142457,1.227589,0.065006,1.097214,0.004524,-0.007506,-0.055180,0.998438,-0.024444,-0.016407,0.602255,-0.020360,0.055089,-0.000588,0.000922,0.007171,0.019600,18,-0.216765,0.014691,9.695230,0.081840,0.071661,-0.014434,9.698879,0.126753,0.077457,0.032736
4.923375,1.249000,0.044000,1.092501,1.259994,0.036495,1.053373,1.225603,0.071233,1.102271,0.002973,-0.008206,-0.056521,0.998363,-0.049444,0.038552,0.589328,-0.019116,0.052108,0.000066,0.001714,0.007428,0.019827,16,-0.025800,-0.264932,9.756556,0.004136,-0.011719,0.016916,9.761727,0.078270,0.041331,0.037209
4.940030,1.250000,0.044000,1.102478,1.242354,0.084764,1.063025,1.223306,0.081099,1.105951,0.001152,-0.008987,-0.050992,0.998658,-0.072149,0.101036,0.572192,-0.017880,0.048906,0.000868,0.002506,0.007617,0.018634,17,-0.153529,-0.238721,9.728701,-0.022253,-0.046591,-0.004125,9.733929,0.071703,0.057243,0.045837
4.956635,1.250000,0.043773,1.110682,1.229247,0.039933,1.036470,1.221475,0.072174,1.110979,0.002325,-0.009749,-0.026009,0.999611,-0.089324,0.015102,0.557461,-0.017443,0.053296,0.001498,0.001490,0.007734,0.014548,17,0.018499,-0.089030,9.602937,-0.112944,-0.072033,-0.000742,9.603708,0.140062,0.077155,0.040254
4.973199,1.250781,0.043781,1.120343,1.279137,0.064287,1.156238,1.231797,0.076159,1.120486,0.001453,-0.008324,-0.025097,0.999649,-0.014799,0.042923,0.557434,-0.021173,0.051484,0.001502,0.001926,0.006857,0.014302,16,-0.171755,-0.094586,9.694862,-0.002447,-0.044216,-0.016334,9.698279,0.086089,0.050129,0.037533
4.989848,1.251000,0.043000,1.128109,1.213538,0.072659,1.068471,1.221277,0.077070,1.123284,0.001010,-0.009832,-0.025105,0.999636,-0.093300,0.043003,0.539428,-0.017453,0.051737,0.002301,0.001955,0.007722,0.014323,17,-0.115929,-0.174918,9.676671,-0.037493,0.040710,0.010861,9.680729,0.068223,0.076418,0.045470
5.006505,1.251000,0.043452,1.137356,1.246147,0.043720,1.110863,1.228345,0.069813,1.131804,0.001197,-0.008253,-0.021416,0.999736,-0.035641,-0.019332,0.534767,-0.020755,0.054267,0.002407,0.001412,0.006982,0.013614,17,-0.145881,-0.322212,9.560890,-0.120438,0.013316,-0.019909,9.567780,0.137341,0.026936,0.035199
5.023147,1.251000,0.043000,1.146276,1.266414,0.073993,1.084308,1.236037,0.076426,1.136556,-0.000888,-0.007609,-0.023726,0.999689,0.010526,0.039466,0.515929,-0.022989,0.051088,0.003048,0.002104,0.006449,0.013892,17,-0.186184,0.003148,9.359983,-0.082903,-0.054296,-0.027838,9.363285,0.125331,0.070981,0.037890
5.039702,1.251000,0.043000,1.155515,1.267770,0.089100,1.148175,1.238029,0.084077,1.143825,-0.001947,-0.007798,-0.023041,0.999702,0.016032,0.093162,0.507285,-0.023170,0.048404,0.003191,0.002712,0.006402,0.013676,16,-0.079116,0.028841,9.439837,0.027275,-0.035138,-0.035255,9.440688,0.083575,0.049601,0.044635
5.056402,1.251000,0.043000,1.164096,1.289861,0.057756,1.195199,1.247378,0.077198,1.155285,0.000362,-0.006663,-0.026020,0.999639,0.067177,0.033263,0.508728,-0.025867,0.051542,0.002781,0.001995,0.005807,0.014290,17,-0.076490,0.095407,9.376396,0.098126,0.003384,0.013718,9.379776,0.125766,0.051917,0.035500
5.073036,1.252000,0.043000,1.172337,1.252977,0.051840,1.095633,1.239343,0.072702,1.156907,0.000295,-0.008041,-0.030931,0.999489,-0.010263,0.008889,0.485440,-0.022282,0.052904,0.003685,0.001720,0.006596,0.015235,17,-0.147416,0.073125,9.442946,-0.067111,0.037704,0.033914,9.447578,0.116323,0.077218,0.035784
5.089680,1.252000,0.042283,1.180567,1.264695,0.047088,1.134131,1.245910,0.068853,1.162681,-0.001011,-0.006588,-0.020285,0.999772,0.033265,-0.020259,0.474416,-0.024625,0.053931,0.004036,0.001509,0.006083,0.013273,17,-0.047045,-0.199088,9.485466,-0.216856,0.046004,-0.052242,9.490760,0.245971,0.048379,0.032602
5.106279,1.252000,0.042000,1.189003,1.250191,0.054277,1.078971,1.240946,0.069987,1.162433,-0.003576,-0.008043,-0.028990,0.999541,-0.018783,-0.003065,0.445801,-0.022066,0.052819,0.005136,0.001779,0.006589,0.014677,17,-0.023550,-0.233924,9.349374,-0.234150,-0.047724,-0.049502,9.353622,0.263619,0.110730,0.040142
5.122826,1.252000,0.042000,1.196956,1.248214,0.059662,1.095835,1.239893,0.071527,1.163596,-0.005613,-0.008640,-0.043951,0.998981,-0.027561,0.016846,0.424016,-0.021754,0.051908,0.005929,0.002003,0.006596,0.017101,16,-0.098080,0.018911,9.377618,-0.188934,-0.077471,0.039363,9.382136,0.218333,0.102722,0.046166
5.139553,1.252000,0.042000,1.205393,1.271412,0.038894,1.211018,1.249315,0.064563,1.174123,-0.005258,-0.007787,-0.040934,0.999118,0.032832,-0.033150,0.428141,-0.025020,0.054341,0.005492,0.001461,0.005911,0.016451,17,-0.061349,0.124123,9.488952,-0.099474,-0.071919,-0.054333,9.491873,0.203508,0.020447,0.038654
5.156124,1.252000,0.042000,1.212799,1.299305,0.023695,1.226322,1.261509,0.058604,1.183246,-0.003944,-0.006227,-0.023297,0.999701,0.099496,-0.071821,0.431197,-0.028609,0.056212,0.005291,0.001072,0.005204,0.013285,17,-0.190017,0.041438,9.735730,0.055107,0.013824,-0.004263,9.740024,0.132873,0.052494,0.035207
5.172838,1.252000,0.042824,1.220648,1.250934,0.074061,1.168872,1.255240,0.064777,1.187355,-0.004841,-0.007068,-0.023973,0.999676,0.036531,-0.014966,0.422172,-0.025573,0.053494,0.005678,0.001649,0.005861,0.013399,17,-0.218456,-0.098604,9.737997,0.047242,0.066866,0.015822,9.742018,0.115973,0.060478,0.040011
5.189315,1.252000,0.041000,1.229258,1.270258,0.052588,1.211747,1.261944,0.058240,1.195812,-0.003569,-0.004239,-0.022409,0.999734,0.077044,-0.068289,0.425733,-0.028098,0.055943,0.005439,0.001102,0.005342,0.013098,16,-0.321359,-0.134042,9.714528,0.004416,0.229181,-0.007233,9.722190,0.235118,0.027825,0.038919
5.205951,1.252000,0.042000,1.237143,1.256390,0.039470,1.232312,1.255753,0.050723,1.205802,-0.002438,-0.004703,-0.029046,0.999564,0.019471,-0.111931,0.430197,-0.025525,0.058280,0.005004,0.000575,0.005927,0.014202,17,-0.020067,0.128255,9.639129,-0.000186,0.111182,-0.066759,9.641276,0.134920,0.007001,0.032748
5.222607,1.252000,0.041000,1.245017,1.249226,0.029440,1.210167,1.252386,0.044585,1.212389,-0.001334,-0.005028,-0.032511,0.999458,-0.012468,-0.144963,0.424070,-0.024295,0.059862,0.005046,0.000224,0.006185,0.014747,17,-0.175534,-0.126767,9.532242,0.039219,0.042619,-0.011832,9.535267,0.114957,0.036822,0.032827
5.239228,1.252433,0.041866,1.252866,1.264265,0.010778,1.220481,1.258928,0.035894,1.219934,0.000611,-0.003451,-0.013906,0.999897,0.031839,-0.200007,0.421412,-0.026580,0.062468,0.004986,-0.000284,0.005746,0.011401,17,-0.364281,-0.195761,9.573676,0.101404,0.081482,-0.001797,9.583754,0.162639,0.046425,0.034093
5.255870,1.252000,0.041244,1.260513,1.256194,0.084939,1.201272,1.257701,0.046734,1.224558,-0.000656,-0.002903,-0.016754,0.999855,0.017149,-0.107199,0.413984,-0.025866,0.057828,0.005212,0.000737,0.005933,0.011841,16,-0.203026,-0.128495,9.591637,0.121325,0.116645,-0.017477,9.595109,0.184658,0.073731,0.036815
5.272427,1.252308,0.042000,1.268925,1.255547,0.066347,1.294561,1.258386,0.040723,1.236458,0.001058,-0.002540,-0.012579,0.999917,0.014533,-0.163669,0.424156,-0.025932,0.060456,0.004434,0.000201,0.005973,0.011089,17,-0.042923,-0.364146,9.572075,0.070831,0.068795,-0.014722,9.580281,0.117737,0.035503,0.033056
5.289077,1.252000,0.042000,1.276198,1.241885,0.082640,1.332330,1.252244,0.047657,1.246239,-0.000467,-0.002807,-0.025800,0.999663,-0.038186,-0.097355,0.425790,-0.023549,0.056967,0.004022,0.000961,0.006522,0.013448,17,-0.159952,-0.312136,9.494669,0.017207,0.115929,0.008210,9.502225,0.138736,0.070034,0.030489
5.305559,1.253000,0.042954,1.283909,1.277993,0.047691,1.321536,1.259742,0.041611,1.259055,-0.000288,-0.001551,-0.020219,0.999794,0.018143,-0.138228,0.433648,-0.026497,0.058923,0.003216,0.000578,0.005937,0.012405,17,-0.090755,0.027650,9.357695,-0.082056,0.001870,-0.034440,9.361438,0.126158,0.045419,0.025787
5.322334,1.252366,0.042000,1.291732,1.284405,0.059903,1.295322,1.263900,0.047299,1.266992,-0.000487,-0.001463,-0.013586,0.999907,0.044658,-0.081084,0.431637,-0.027551,0.056225,0.003080,0.001204,0.005789,0.011100,16,0.025277,0.152986,9.482353,0.152966,-0.032351,-0.048279,9.485507,0.179879,0.036877,0.027806
5.341022,1.252242,0.042000,1.299275,1.232278,0.056122,1.272402,1.252666,0.046500,1.275922,0.000899,-0.003494,-0.012246,0.999919,-0.041224,-0.083322,0.426214,-0.023539,0.056368,0.002881,0.001196,0.006700,0.010892,19,-0.126838,-0.199858,9.347785,0.168785,0.006947,0.038708,9.351353,0.184296,0.036334,0.023786
5.357623,1.253000,0.042527,1.307420,1.250171,0.061713,1.374289,1.258934,0.050254,1.290113,-0.000487,-0.001996,-0.008123,0.999965,0.019491,-0.056936,0.437466,-0.026621,0.054773,0.001835,0.001609,0.006111,0.010155,17,-0.192413,-0.279244,9.311473,-0.058663,0.018522,0.029267,9.321239,0.113471,0.069625,0.019860
5.374299,1.253000,0.042000,1.315061,1.231241,0.068475,1.288673,1.250040,0.054880,1.295801,-0.002278,-0.004476,-0.032209,0.999469,-0.053420,-0.012250,0.427759,-0.023018,0.053464,0.001978,0.001791,0.006865,0.014290,17,0.108820,0.496269,9.420108,-0.125198,-0.110971,-0.037294,9.434791,0.179872,0.043252,0.023359
5.390994,1.253000,0.042000,1.321161,1.242493,0.062830,1.284767,1.254504,0.053275,1.302095,-0.002164,-0.004850,-0.034402,0.999394,-0.008325,-0.019996,0.419366,-0.025247,0.054200,0.002041,0.001634,0.006407,0.014678,17,0.111917,0.517406,9.352138,-0.024323,-0.164540,0.000859,9.372049,0.177821,0.043230,0.022201
5.407518,1.253000,0.042000,1.328868,1.288669,0.037586,1.358984,1.264245,0.048186,1.312484,-0.001032,-0.004086,-0.038304,0.999257,0.056650,-0.048393,0.426728,-0.028751,0.055745,0.001526,0.001309,0.005685,0.015374,16,-0.239500,0.422614,9.650263,0.054906,-0.102099,-0.003527,9.664467,0.124332,0.046890,0.020813
5.424152,1.253905,0.042000,1.334810,1.253627,0.032828,1.494102,1.254507,0.047441,1.327430,-0.000008,-0.006489,-0.036571,0.999310,-0.025981,-0.055247,0.438899,-0.024933,0.056130,0.000412,0.001264,0.006506,0.015061,17,-0.193480,-0.214847,9.321023,0.120758,-0.062977,-0.008561,9.326731,0.143159,0.159556,0.009188
5.440838,1.254000,0.043617,1.342150,1.273797,0.074116,1.376576,1.259417,0.057212,1.336558,-0.000811,-0.005780,-0.043263,0.999047,0.006282,0.020518,0.436130,-0.026568,0.052367,0.000135,0.002068,0.006150,0.016157,17,-0.156542,0.045079,9.310257,0.124259,0.004068,-0.025738,9.314334,0.132777,0.050073,0.015667
5.457442,1.254000,0.042721,1.348721,1.274491,0.036737,1.335085,1.260427,0.048283,1.344173,0.002049,-0.005723,-0.041843,0.999106,0.007781,-0.049317,0.430879,-0.026916,0.056048,0.000044,0.001336,0.006098,0.015959,17,-0.064081,0.272335,9.366465,0.149291,0.003515,0.013390,9.371575,0.156797,0.025330,0.009640
5.474101,1.254069,0.043000,1.355138,1.258232,0.049885,1.348444,1.253236,0.053582,1.349333,0.002044,-0.008129,-0.042037,0.999081,-0.048978,-0.002497,0.416667,-0.023974,0.053854,0.000311,0.001840,0.006687,0.016008,17,0.087675,0.015119,9.267643,0.143601,-0.115201,0.026892,9.269721,0.190963,0.010466,0.012099
5.490644,1.254863,0.043000,1.361273,1.264752,0.048015,1.351557,1.257269,0.052436,1.354838,0.002573,-0.008771,-0.044126,0.998984,-0.022512,-0.011350,0.408493,-0.025467,0.054160,0.000464,0.001811,0.006360,0.016306,16,-0.136089,-0.034814,9.444616,0.067544,-0.166796,-0.033800,9.449072,0.196556,0.014742,0.011672
5.507314,1.255000,0.043000,1.367636,1.226018,0.030134,1.413752,1.247373,0.048259,1.364493,0.003881,-0.010513,-0.035561,0.999305,-0.093718,-0.035893,0.409453,-0.022212,0.055974,0.000018,0.001527,0.007025,0.014755,17,-0.097358,0.487138,9.428805,0.079931,-0.026758,-0.022567,9.443260,0.104788,0.055966,0.009783
5.523942,1.255000,0.043950,1.373900,1.281697,0.075477,1.427305,1.255783,0.055520,1.373755,0.003991,-0.008138,-0.045158,0.998939,-0.032612,0.025207,0.413226,-0.025340,0.053170,-0.000316,0.002118,0.006343,0.016436,17,-0.253044,0.493492,9.598281,0.177817,0.118747,0.020065,9.616854,0.217085,0.067519,0.011597
5.540556,1.255000,0.042462,1.380076,1.289350,0.056636,1.403100,1.262703,0.049344,1.383957,0.006489,-0.005717,-0.038658,0.999215,0.003442,-0.039542,0.416238,-0.027437,0.056240,-0.000799,0.001549,0.005942,0.015294,17,-0.090764,0.084001,9.439555,0.139288,0.186580,0.021682,9.442076,0.236617,0.043715,0.011034
5.557158,1.255000,0.042733,1.385467,1.290143,0.056357,1.329894,1.264952,0.049445,1.385391,0.006717,-0.004748,-0.038952,0.999207,0.011846,-0.042810,0.393556,-0.027783,0.056170,-0.000135,0.001643,0.005880,0.015312,16,0.112270,-0.233446,9.143136,0.053851,0.113202,-0.006882,9.147963,0.139284,0.067149,0.012003
5.573744,1.256000,0.043000,1.392199,1.231330,0.043934,1.356717,1.253993,0.047140,1.388899,0.006585,-0.006389,-0.039787,0.999166,-0.063190,-0.060429,0.380171,-0.024081,0.057139,0.000197,0.001550,0.006618,0.015534,17,0.185956,-0.149845,9.391129,-0.040781,0.016350,0.016730,9.396466,0.069567,0.043226,0.005662
5.590491,1.256000,0.043000,1.397629,1.269364,0.090882,1.398634,1.260731,0.054970,1.394984,0.004599,-0.005831,-0.044799,0.998968,-0.011764,0.007569,0.374885,-0.026472,0.053821,0.000224,0.002233,0.006126,0.016339,17,-0.008700,0.367732,9.439498,-0.044478,-0.062690,-0.003272,9.448518,0.100472,0.049723,0.013140
5.607088,1.256000,0.043000,1.403123,1.277351,0.071839,1.381318,1.265290,0.049866,1.400993,0.004752,-0.005028,-0.045537,0.998939,0.015491,-0.051637,0.368895,-0.028281,0.056705,0.000157,0.001728,0.005807,0.016469,17,-0.192049,-0.035904,9.383012,-0.122309,0.005835,-0.005738,9.388446,0.128930,0.041988,0.011746
5.623679,1.256000,0.042000,1.408647,1.246798,0.020080,1.339367,1.259799,0.040965,1.402632,0.004896,-0.005341,-0.042889,0.999054,-0.028951,-0.114634,0.351773,-0.026563,0.060032,0.000663,0.001171,0.006179,0.016033,16,-0.227397,0.026349,9.377344,-0.149994,0.066864,0.000515,9.381507,0.167774,0.073245,0.007189
5.640245,1.256000,0.042000,1.413652,1.234892,0.048007,1.458178,1.254856,0.048111,1.410543,0.002392,-0.005194,-0.048841,0.998790,-0.065269,-0.040506,0.351672,-0.024879,0.056482,0.000383,0.001887,0.006475,0.017072,17,-0.344310,0.150181,9.451755,-0.110184,0.114957,0.004760,9.460637,0.166604,0.049641,0.006952
5.656982,1.256000,0.040058,1.419117,1.278148,0.037148,1.425538,1.264134,0.045205,1.416730,0.001475,-0.003391,-0.048756,0.998804,0.010795,-0.058509,0.347027,-0.028768,0.057008,0.000330,0.001795,0.005768,0.016974,17,0.060745,-0.026632,9.402305,-0.134986,0.017555,-0.019990,9.403635,0.162551,0.023243,0.009917
5.673524,1.256000,0.041000,1.424324,1.267278,0.050992,1.442955,1.259144,0.051112,1.423103,-0.001253,-0.005108,-0.043409,0.999044,-0.027654,-0.007302,0.340743,-0.026525,0.054500,0.000243,0.002313,0.006204,0.015895,17,0.094823,-0.139020,9.341498,-0.178100,-0.086351,-0.036778,9.344391,0.207384,0.023962,0.010660
5.690169,1.256000,0.039375,1.429249,1.260557,0.060005,1.398140,1.256524,0.055674,1.425095,-0.002654,-0.006783,-0.047427,0.998848,-0.053547,0.026857,0.324638,-0.025336,0.052860,0.000723,0.002623,0.006408,0.016659,17,-0.258300,-0.018774,9.360148,-0.072065,-0.140266,0.045802,9.364132,0.181223,0.037605,0.016828
5.706790,1.256000,0.040000,1.434104,1.328274,0.062301,1.514212,1.269607,0.057857,1.436118,-0.004690,-0.005757,-0.055767,0.998416,0.030742,0.035161,0.335883,-0.029605,0.052084,-0.000056,0.002695,0.005600,0.018158,16,-0.133329,-0.022146,9.544202,-0.227161,-0.120940,0.030736,9.545980,0.267419,0.110174,0.022541
5.723379,1.257000,0.039767,1.438767,1.290744,0.064979,1.486589,1.262723,0.060123,1.444072,-0.007323,-0.008251,-0.050124,0.998682,-0.040166,0.041143,0.337999,-0.026138,0.052061,-0.000442,0.002697,0.006262,0.017051,17,-0.066207,-0.163545,9.533493,-0.319026,-0.120152,-0.048448,9.535519,0.348455,0.063728,0.021801
5.740000,1.257000,0.038326,1.443674,1.247030,0.053913,1.407437,1.252873,0.057958,1.445328,-0.008332,-0.010512,-0.045402,0.998879,-0.116953,0.018374,0.319963,-0.022792,0.053444,0.000080,0.002426,0.006888,0.016171,17,-0.342031,-0.062715,9.381997,-0.199828,-0.093526,-0.028901,9.388941,0.229752,0.040687,0.020129
5.756676,1.258000,0.039735,1.448531,1.258109,0.028594,1.445085,1.255619,0.047819,1.451658,-0.007668,-0.010671,-0.037291,0.999218,-0.086845,-0.055297,0.316125,-0.024954,0.056915,-0.000011,0.001732,0.006502,0.014679,17,-0.214115,-0.016468,9.412979,-0.121254,-0.121801,-0.003434,9.416719,0.196935,0.011662,0.008990
5.773248,1.258000,0.038465,1.453465,1.329189,0.052345,1.425652,1.267355,0.050009,1.454925,-0.008543,-0.009609,-0.044025,0.998948,-0.005545,-0.022174,0.306332,-0.028973,0.055171,0.000275,0.001956,0.005711,0.015795,16,-0.114146,0.230651,9.456776,-0.036976,-0.107079,-0.020422,9.461102,0.149765,0.077679,0.014930
5.789849,1.257876,0.037875,1.457875,1.291319,0.059314,1.492212,1.261612,0.051820,1.461144,-0.007415,-0.011291,-0.047740,0.998768,-0.073349,0.003053,0.306363,-0.025717,0.054673,0.000058,0.002025,0.006274,0.016443,17,-0.338462,0.445974,9.620354,0.165243,-0.034778,-0.011071,9.637766,0.180730,0.052507,0.014801
5.806492,1.257196,0.037804,1.461392,1.271862,0.041302,1.453757,1.255842,0.046050,1.465574,-0.005413,-0.011391,-0.047868,0.998774,-0.125419,-0.046878,0.300455,-0.023682,0.057283,0.000097,0.001531,0.006640,0.016550,17,-0.320556,-0.249721,9.535642,0.099772,0.107145,0.040455,9.549063,0.159424,0.016901,0.009344
5.823158,1.257518,0.037000,1.465964,1.306858,0.050120,1.475971,1.266514,0.048113,1.470834,-0.005889,-0.007808,-0.047122,0.998841,-0.043122,-0.026241,0.296226,-0.027848,0.055775,0.000110,0.001748,0.005857,0.016294,17,-0.099112,-0.110430,9.467111,-0.001047,0.209614,-0.025558,9.471764,0.218947,0.052026,0.015104
5.839776,1.258000,0.037000,1.471000,1.274906,0.046921,1.522412,1.258411,0.046895,1.479119,-0.005508,-0.007633,-0.048137,0.998796,-0.112635,-0.025913,0.300617,-0.024554,0.056345,-0.000395,0.001643,0.006468,0.016408,17,-0.158368,0.279436,9.582206,0.008011,0.207246,-0.049261,9.591822,0.221550,0.055022,0.012806
5.856337,1.257214,0.037214,1.474214,1.254068,0.027893,1.488036,1.251073,0.040552,1.483817,-0.003367,-0.006940,-0.057265,0.998329,-0.162687,-0.071798,0.291980,-0.022495,0.058882,-0.000427,0.001162,0.006867,0.018057,16,-0.199203,-0.046680,9.296508,0.113278,0.222562,-0.010034,9.303072,0.257296,0.016966,0.011878
5.873009,1.257000,0.037000,1.478297,1.294309,0.049418,1.432541,1.260710,0.044270,1.484499,-0.003012,-0.004234,-0.057813,0.998314,-0.080039,-0.031062,0.274847,-0.026397,0.056574,0.000184,0.001546,0.006156,0.018057,17,0.084879,0.162347,9.337395,0.153151,0.139236,-0.010679,9.342084,0.215188,0.060331,0.010251
5.889647,1.257893,0.036893,1.482107,1.296743,0.037795,1.514581,1.264354,0.039227,1.491232,0.000329,-0.003351,-0.051323,0.998676,-0.057090,-0.062841,0.273675,-0.027695,0.058487,-0.000103,0.001227,0.005976,0.016819,17,-0.014853,0.485696,9.390349,0.314416,0.076942,-0.031299,9.404466,0.329055,0.050642,0.011422
5.906283,1.257438,0.036877,1.485438,1.273519,0.071027,1.491692,1.260222,0.048134,1.493635,0.001426,-0.003658,-0.052031,0.998638,-0.092180,0.006672,0.263879,-0.025670,0.055281,0.000120,0.001856,0.006339,0.016961,17,-0.078436,0.093148,9.523674,0.320915,0.092303,0.048033,9.525920,0.342373,0.038261,0.014200
5.922839,1.258000,0.037000,1.488643,1.330684,0.048311,1.602379,1.270037,0.045444,1.503542,0.002750,-0.001745,-0.049288,0.998779,-0.013381,-0.022059,0.274553,-0.029771,0.056150,-0.000613,0.001713,0.005648,0.016464,16,0.038875,-0.205225,9.537355,0.124094,0.037242,0.017520,9.541778,0.138588,0.135451,0.020933
5.939507,1.258000,0.038000,1.493000,1.241438,0.040418,1.496567,1.259853,0.044115,1.507364,0.003537,-0.003975,-0.049789,0.998746,-0.088153,-0.026224,0.268916,-0.026118,0.056898,-0.000588,0.001658,0.006341,0.016496,17,-0.001267,0.238705,9.547911,0.088368,-0.049876,-0.044159,9.552651,0.128433,0.017114,0.015721
5.956145,1.258000,0.036000,1.496485,1.300686,0.068566,1.520403,1.268536,0.050366,1.512073,0.003121,-0.001945,-0.051366,0.998673,-0.017222,0.015008,0.263764,-0.029687,0.054581,-0.000626,0.002087,0.005713,0.016709,17,-0.207178,0.108234,9.389265,0.071776,0.063696,-0.006504,9.394546,0.118227,0.058777,0.023672
5.972788,1.258000,0.036353,1.499676,1.283894,0.023629,1.562057,1.266743,0.041342,1.520641,0.004792,-0.001804,-0.053329,0.998564,-0.038059,-0.050076,0.272351,-0.029074,0.058209,-0.001208,0.001491,0.005896,0.017089,17,-0.090941,0.376468,9.661935,0.018571,0.082293,0.000733,9.670413,0.100945,0.068729,0.023256
5.989410,1.259000,0.038000,1.503162,1.271670,0.094448,1.556499,1.265194,0.054229,1.526184,0.002189,-0.001805,-0.051018,0.998694,-0.045679,0.042189,0.273096,-0.028210,0.054085,-0.001424,0.002294,0.006059,0.016598,17,0.052207,0.447615,9.641505,-0.067917,0.048645,-0.004795,9.653450,0.113146,0.078687,0.028840
6.005962,1.258536,0.036536,1.507000,1.309441,0.018834,1.584221,1.271352,0.045009,1.535618,0.004177,-0.000657,-0.055780,0.998434,-0.003090,-0.020151,0.280451,-0.030687,0.057374,-0.002064,0.001720,0.005684,0.017428,16,-0.049055,0.587283,9.467105,0.065321,0.039657,-0.024790,9.486486,0.087760,0.094169,0.032481
6.022663,1.259000,0.036000,1.509826,1.300214,0.048481,1.496117,1.270001,0.054425,1.535778,0.003677,-0.000914,-0.052532,0.998612,-0.023613,0.050297,0.261361,-0.029482,0.054012,-0.001469,0.002397,0.005916,0.016844,17,-0.251023,0.061145,9.310292,0.152625,0.052127,0.039520,9.318090,0.183813,0.045192,0.033676
6.039254,1.259000,0.034199,1.513199,1.328279,0.057236,1.606133,1.281685,0.057379,1.544170,0.002187,-0.000351,-0.066372,0.997792,0.058387,0.061442,0.263785,-0.033258,0.052436,-0.001971,0.002650,0.005257,0.019313,17,0.141271,-0.409944,9.362824,-0.103878,-0.124389,0.012539,9.373357,0.171468,0.118182,0.044845
6.055845,1.259000,0.034000,1.516697,1.284977,0.041835,1.488117,1.274647,0.054703,1.543738,0.001601,-0.002986,-0.064413,0.997918,-0.009793,0.032133,0.247179,-0.030142,0.054331,-0.001353,0.002455,0.005855,0.018935,17,-0.029953,0.092820,9.496779,-0.151784,-0.140764,-0.005373,9.500825,0.218581,0.039408,0.037479
6.072454,1.259886,0.034000,1.518886,1.289782,0.089599,1.496322,1.276151,0.067208,1.542690,-0.001174,-0.003533,-0.042538,0.999088,-0.007868,0.107713,0.231582,-0.030407,0.050698,-0.000704,0.003133,0.005828,0.014964,16,-0.527227,0.009354,9.654469,-0.115958,-0.089763,-0.004942,9.669539,0.149594,0.067038,0.043977
6.089066,1.259362,0.032000,1.522362,1.330162,0.045134,1.613626,1.284696,0.058949,1.552082,-0.001495,-0.002575,-0.044432,0.999008,0.044925,0.044154,0.241651,-0.033466,0.053514,-0.001438,0.002625,0.005344,0.015399,17,-0.150704,0.114846,9.589874,-0.200415,-0.033873,0.025411,9.592330,0.209920,0.116251,0.047449
6.105809,1.260000,0.032000,1.524642,1.311795,0.050037,1.554652,1.279039,0.061429,1.552900,-0.003831,-0.005334,-0.043110,0.999049,-0.014759,0.058187,0.225940,-0.030262,0.053178,-0.001016,0.002703,0.005915,0.015148,17,0.140804,0.018523,9.325805,-0.248925,-0.164559,-0.011490,9.329285,0.302684,0.062519,0.045023
6.122444,1.261000,0.032000,1.527836,1.298399,0.053536,1.593723,1.274372,0.063150,1.557678,-0.005348,-0.007631,-0.043006,0.999031,-0.063106,0.065382,0.220910,-0.028041,0.052982,-0.001163,0.002731,0.006294,0.015047,17,-0.253907,-0.082354,9.370555,-0.164192,-0.165145,-0.053179,9.376807,0.246115,0.078763,0.045163
6.138973,1.261000,0.032000,1.530342,1.283099,0.036151,1.568092,1.268865,0.055393,1.560847,-0.005731,-0.009273,-0.035489,0.999311,-0.108053,0.003217,0.214483,-0.026321,0.056296,-0.001131,0.002159,0.006600,0.013778,16,-0.161552,0.007821,9.456965,-0.227854,-0.105407,0.063010,9.460549,0.274153,0.043939,0.039238
6.155595,1.261806,0.031000,1.532806,1.275795,0.041846,1.501229,1.265258,0.056574,1.557943,-0.008938,-0.009132,-0.039302,0.999146,-0.130409,0.019716,0.193066,-0.025332,0.055517,-0.000255,0.002244,0.006747,0.014499,17,-0.174563,-0.045444,9.493783,-0.371854,0.048804,0.040238,9.499162,0.384097,0.036200,0.036026
6.172230,1.262000,0.029189,1.535189,1.285085,0.043899,1.547312,1.269272,0.057078,1.560049,-0.011330,-0.006889,-0.040470,0.999093,-0.088827,0.033090,0.185461,-0.027516,0.055009,-0.000074,0.002250,0.006378,0.014527,17,-0.063627,0.479192,9.506946,-0.307234,0.151838,-0.088454,9.523537,0.361732,0.029938,0.038061
6.188912,1.262000,0.029000,1.538000,1.270255,0.065995,1.546499,1.263779,0.065211,1.559992,-0.012829,-0.006140,-0.046284,0.998827,-0.128002,0.098833,0.172161,-0.025536,0.052160,0.000311,0.002655,0.006703,0.015526,17,-0.300206,0.262891,9.496404,-0.062512,0.190161,-0.016635,9.505885,0.204209,0.038846,0.042403
6.205499,1.261967,0.029967,1.540000,1.312263,0.022068,1.599623,1.272547,0.057039,1.568025,-0.010902,-0.004009,-0.048911,0.998736,-0.060410,0.038149,0.181601,-0.029202,0.054938,-0.000263,0.002099,0.006125,0.015947,17,0.033222,0.043374,9.627138,0.052174,0.088308,0.038929,9.628467,0.130795,0.078403,0.040376
6.222069,1.261071,0.028000,1.542071,1.304548,0.038615,1.604263,1.270947,0.063016,1.571286,-0.011664,-0.004579,-0.050847,0.998628,-0.078224,0.093134,0.174912,-0.028064,0.052323,-0.000265,0.002478,0.006332,0.016220,16,-0.009890,0.068138,9.400514,0.031394,-0.000445,-0.028863,9.407635,0.089520,0.076621,0.046660
6.238755,1.263000,0.029000,1.543557,1.285490,0.029438,1.566666,1.264494,0.058267,1.572477,-0.009914,-0.006307,-0.044626,0.998935,-0.130128,0.056925,0.164901,-0.025586,0.054663,0.000017,0.002049,0.006777,0.015080,17,0.145048,0.312640,9.483581,0.085827,-0.049508,-0.031936,9.492665,0.112294,0.032249,0.041172
6.255359,1.262000,0.027000,1.546000,1.282553,0.034248,1.544996,1.263048,0.059732,1.571977,-0.008609,-0.006847,-0.046183,0.998872,-0.132451,0.071792,0.150701,-0.025551,0.054094,0.000474,0.002096,0.006786,0.015365,17,-0.121860,0.202140,9.451419,0.180604,-0.050703,0.019282,9.455558,0.193530,0.021817,0.041801
6.272038,1.263000,0.027000,1.547133,1.242316,0.036283,1.458488,1.251833,0.059122,1.564179,-0.007597,-0.008729,-0.050850,0.998639,-0.201006,0.069677,0.120878,-0.022233,0.054704,0.001849,0.001960,0.007316,0.016257,17,-0.131241,0.242483,9.611649,0.090914,-0.050842,0.030134,9.616131,0.112358,0.091499,0.038041
6.288599,1.263682,0.027682,1.549000,1.339204,0.060503,1.592725,1.262729,0.062616,1.566512,-0.006863,-0.006947,-0.055975,0.998384,-0.108296,0.093413,0.117669,-0.026789,0.053436,0.001861,0.002103,0.006577,0.017099,16,0.048739,0.372337,9.524416,0.138467,-0.010302,-0.011947,9.532396,0.160990,0.093234,0.039089
6.305170,1.263987,0.028960,1.551000,1.325139,-0.018134,1.688994,1.264790,0.050272,1.573731,-0.003905,-0.007400,-0.025809,0.999632,-0.109849,0.001193,0.123021,-0.027538,0.057907,0.001317,0.001429,0.006483,0.011747,17,-0.141243,0.019462,9.457444,0.152644,-0.056417,0.018082,9.460561,0.169260,0.158113,0.031170
6.321855,1.264000,0.027000,1.552336,1.291280,0.074437,1.637125,1.262511,0.060381,1.578832,-0.005296,-0.008301,-0.029346,0.999521,-0.123949,0.068679,0.125473,-0.026531,0.054249,0.000831,0.002015,0.006631,0.012346,17,-0.006749,-0.444218,9.480464,0.028210,-0.065711,0.012214,9.491788,0.100139,0.100915,0.042645
6.338520,1.265000,0.028000,1.554000,1.274658,0.043411,1.590367,1.258152,0.052871,1.582299,-0.004576,-0.009180,-0.023902,0.999662,-0.147588,0.002688,0.128437,-0.025627,0.057788,0.000689,0.001418,0.006779,0.011347,17,0.145442,0.127462,9.769062,-0.101151,-0.044922,-0.029431,9.775793,0.122880,0.040661,0.038292
6.355121,1.265140,0.026000,1.556000,1.286495,0.047070,1.679338,1.263648,0.055040,1.591594,-0.005862,-0.008875,-0.021896,0.999704,-0.092473,0.024962,0.145701,-0.028297,0.056756,-0.000258,0.001566,0.006313,0.010988,17,0.106406,0.401495,9.761335,-0.111098,-0.110280,0.036365,9.771492,0.166198,0.126934,0.045961
6.371685,1.266000,0.026703,1.557000,1.293330,0.038125,1.647727,1.267581,0.050552,1.598965,-0.005180,-0.009431,-0.024030,0.999653,-0.057345,-0.001533,0.156205,-0.030148,0.058382,-0.000864,0.001269,0.006010,0.011368,16,0.149304,0.483006,9.669692,-0.013101,-0.161344,0.011802,9.684496,0.184681,0.095440,0.048294
6.388480,1.266183,0.025366,1.559000,1.327828,0.040489,1.634860,1.278793,0.049911,1.604462,-0.005490,-0.009354,-0.030134,0.999487,0.021717,0.001171,0.159812,-0.034260,0.057833,-0.001169,0.001332,0.005311,0.012388,17,-0.115343,-0.000187,9.620547,-0.020450,-0.218882,-0.016806,9.625012,0.223289,0.098911,0.053181
6.404994,1.266900,0.026000,1.560100,1.313216,0.030370,1.586894,1.276024,0.044716,1.605597,-0.005022,-0.011751,-0.049862,0.998674,-0.022237,-0.030797,0.156759,-0.032096,0.059820,-0.000916,0.000899,0.005653,0.015865,17,-0.241892,0.227776,9.924188,-0.060827,-0.182021,0.013170,9.931388,0.202071,0.053686,0.050035
6.421628,1.267000,0.026402,1.562000,1.325754,0.034689,1.557862,1.284568,0.045921,1.606079,-0.005776,-0.011395,-0.042519,0.999014,0.031929,-0.008346,0.149078,-0.034675,0.058878,-0.000562,0.001046,0.005178,0.014557,17,0.042229,0.433893,9.704151,-0.045012,-0.105691,0.027279,9.714408,0.124190,0.059480,0.051309
6.438249,1.267000,0.025148,1.563000,1.291759,0.068555,1.595694,1.279633,0.053856,1.605927,-0.006668,-0.013315,-0.037636,0.999181,-0.020356,0.052125,0.139919,-0.031916,0.056323,-0.000306,0.001453,0.005591,0.013606,16,-0.055151,0.222033,9.628492,0.031749,-0.099099,-0.034656,9.631907,0.127502,0.059716,0.053164
6.454838,1.268000,0.026151,1.564151,1.329948,0.017032,1.696122,1.287564,0.046034,1.613893,-0.004944,-0.012487,-0.036287,0.999251,0.027336,-0.011065,0.148374,-0.034619,0.059259,-0.000983,0.000958,0.005092,0.013339,17,-0.041597,-0.012693,9.468929,0.049065,-0.051101,-0.009150,9.470769,0.091611,0.146072,0.057030
6.471519,1.268000,0.027000,1.565000,1.316787,0.035319,1.724975,1.285101,0.051552,1.624068,-0.005929,-0.013662,-0.031188,0.999403,-0.012658,0.047245,0.157354,-0.032462,0.056621,-0.002042,0.001388,0.005409,0.012414,17,-0.045233,0.212532,9.266105,0.026245,-0.035773,0.006466,9.270867,0.061937,0.167456,0.066214
6.488148,1.268088,0.026912,1.566000,1.275912,0.060657,1.588901,1.277421,0.057156,1.623291,-0.006335,-0.015024,-0.027734,0.999482,-0.076343,0.089267,0.146540,-0.029269,0.055092,-0.001655,0.001625,0.005883,0.011752,17,-0.025465,0.352082,9.685323,0.031058,-0.007274,-0.021767,9.692922,0.087084,0.041526,0.065453
6.504696,1.269000,0.027000,1.568000,1.307370,0.015116,1.594978,1.283755,0.049207,1.624551,-0.004305,-0.013919,-0.026190,0.999551,-0.032584,0.018258,0.139008,-0.031975,0.058321,-0.001393,0.001081,0.005381,0.011461,16,-0.224300,-0.173664,9.475648,0.063796,-0.014562,0.012332,9.481967,0.099513,0.048387,0.062521
6.521318,1.268634,0.026634,1.568634,1.277190,0.074832,1.640922,1.278984,0.059110,1.626792,-0.005943,-0.014957,-0.027541,0.999491,-0.069346,0.084932,0.132904,-0.030113,0.054981,-0.001505,0.001602,0.005635,0.011712,17,-0.106321,-0.185250,9.422968,-0.018267,-0.048517,0.013333,9.428171,0.076321,0.087304,0.067411
6.537988,1.269000,0.028176,1.569000,1.308215,-0.013858,1.661662,1.283300,0.048884,1.632463,-0.003583,-0.014592,-0.025934,0.999551,-0.037720,0.015221,0.136345,-0.031946,0.058878,-0.001850,0.000965,0.005277,0.011338,17,0.103682,0.658424,9.475693,0.067199,-0.053814,-0.042360,9.501553,0.121577,0.109046,0.068270
6.554655,1.269000,0.027000,1.570000,1.288833,0.039623,1.533457,1.280791,0.056947,1.625234,-0.004157,-0.015443,-0.028975,0.999452,-0.061709,0.082653,0.106325,-0.030717,0.055688,-0.000576,0.001458,0.005418,0.011859,17,-0.134115,0.223770,9.486070,0.109713,-0.057896,-0.005413,9.494358,0.141428,0.043452,0.063927
6.571236,1.269000,0.027906,1.570000,1.296118,0.033099,1.651200,1.284630,0.053261,1.629074,-0.003590,-0.014507,-0.029540,0.999452,-0.038233,0.044396,0.103538,-0.032433,0.057158,-0.000779,0.001218,0.005092,0.011975,17,-0.360246,-0.401490,9.328049,-0.011872,0.013857,0.029822,9.345458,0.094280,0.085766,0.066158
6.587832,1.269000,0.028061,1.570939,1.308266,0.022470,1.569456,1.290595,0.047296,1.627383,-0.002736,-0.011993,-0.030596,0.999456,0.001508,0.003443,0.094254,-0.034998,0.059293,-0.000214,0.000877,0.004640,0.012075,16,-0.406678,0.306134,9.755119,-0.021433,0.171270,-0.040257,9.773815,0.184420,0.039690,0.063421
6.604470,1.269000,0.027436,1.571564,1.329709,0.036675,1.708543,1.299546,0.050831,1.633848,-0.003052,-0.008662,-0.047201,0.998843,0.061589,0.048432,0.107697,-0.038116,0.056980,-0.000803,0.001195,0.004154,0.014996,17,-0.137412,0.431773,9.986725,0.062268,0.254672,0.010883,9.997456,0.264720,0.150114,0.073210
6.621108,1.268000,0.026818,1.572000,1.228472,0.042796,1.611016,1.288279,0.050753,1.635033,-0.002055,-0.008829,-0.045570,0.998920,-0.025565,0.047545,0.105747,-0.033974,0.057365,-0.000816,0.001130,0.004806,0.014739,17,-0.095765,0.108165,9.784199,0.100775,0.215032,0.017884,9.785943,0.247178,0.057793,0.070408
6.636726,1.268949,0.028051,1.572051,1.355986,0.069799,1.608820,1.301344,0.054075,1.637232,-0.001796,-0.005883,-0.048383,0.998810,0.055873,0.066205,0.107548,-0.038122,0.056308,-0.000775,0.001303,0.004154,0.015157,16,-0.174167,0.170461,9.846893,0.080867,0.155132,-0.022806,9.851481,0.190825,0.103297,0.077299
6.654303,1.269000,0.030000,1.573000,1.310561,0.043673,1.684939,1.295517,0.050395,1.643091,0.000375,-0.006010,-0.045398,0.998951,-0.006580,0.032942,0.119664,-0.035141,0.058541,-0.001353,0.000968,0.004640,0.014649,17,0.005655,0.362992,9.938350,0.147657,0.160800,0.004440,9.945409,0.268012,0.120186,0.077665
6.670925,1.268000,0.027017,1.573983,1.298423,0.057102,1.662509,1.290711,0.056999,1.645557,0.000365,-0.007062,-0.046129,0.998910,-0.049031,0.084715,0.120569,-0.032910,0.056357,-0.001459,0.001335,0.005005,0.014834,17,-0.025226,0.381336,9.830196,0.141030,0.005871,0.038779,9.839772,0.192858,0.098324,0.080855
6.687594,1.267351,0.028351,1.574000,1.315806,0.016056,1.687325,1.295311,0.047806,1.650941,0.002303,-0.006125,-0.041934,0.999099,-0.017319,0.012043,0.128214,-0.034912,0.060089,-0.001838,0.000780,0.004684,0.014035,17,-0.106839,0.295413,9.737739,0.044660,0.017104,-0.010216,9.743408,0.067476,0.123861,0.084144
6.704268,1.267000,0.028755,1.575000,1.299408,0.041037,1.609095,1.290584,0.055073,1.648833,0.002725,-0.007108,-0.046325,0.998897,-0.057443,0.070973,0.116094,-0.032861,0.057317,-0.001268,0.001249,0.005015,0.014798,17,-0.132873,0.147856,9.764216,0.212511,0.005057,-0.010677,9.767574,0.221477,0.048617,0.081855
6.720841,1.267000,0.029000,1.575000,1.329818,0.044441,1.635779,1.301008,0.055560,1.649783,0.003903,-0.005487,-0.050904,0.998681,0.019859,0.069130,0.111473,-0.036902,0.056948,-0.001032,0.001337,0.004380,0.015657,17,-0.170956,-0.106488,9.678191,0.168453,-0.003990,0.071559,9.680698,0.195568,0.088761,0.086339
6.737420,1.268000,0.031000,1.575000,1.360940,0.050908,1.685110,1.313999,0.057991,1.654397,0.003515,-0.003981,-0.044380,0.999001,0.100149,0.077383,0.115659,-0.040827,0.056249,-0.001324,0.001510,0.003767,0.014453,16,-0.002308,0.106821,9.705995,0.011554,-0.030405,-0.006388,9.707108,0.101931,0.145459,0.095647
6.754162,1.267000,0.029000,1.576000,1.278335,0.066510,1.620312,1.303649,0.061397,1.653076,0.002410,-0.006200,-0.039364,0.999203,0.009538,0.083573,0.105366,-0.036693,0.056145,-0.000969,0.001576,0.004425,0.013573,17,-0.355474,-0.269429,9.655252,-0.097399,-0.046929,-0.007297,9.667150,0.122396,0.059153,0.091288
6.769711,1.267000,0.029000,1.576000,1.338739,0.022522,1.601113,1.312079,0.055358,1.651444,0.002371,-0.004408,-0.040795,0.999155,0.063681,0.029586,0.094084,-0.039952,0.058490,-0.000476,0.001235,0.003929,0.013776,16,-0.398387,-0.105345,9.572818,-0.139812,0.053385,-0.000519,9.590573,0.164960,0.076283,0.091753
6.787372,1.267505,0.031010,1.576000,1.286523,0.059677,1.645195,1.303709,0.061082,1.651060,0.001154,-0.005493,-0.040857,0.999149,-0.005361,0.074476,0.085957,-0.036470,0.056789,-0.000226,0.001527,0.004479,0.013805,18,-0.086327,0.376986,9.656184,-0.039694,0.054716,0.003650,9.666040,0.083597,0.077275,0.088595
6.803986,1.267000,0.031000,1.576000,1.287769,0.011150,1.617692,1.303318,0.051246,1.651971,0.002369,-0.005600,-0.035247,0.999360,-0.007552,-0.009035,0.079831,-0.036842,0.060958,-0.000170,0.000932,0.004432,0.012755,16,-0.053521,-0.042126,9.463447,-0.057028,-0.023077,-0.027038,9.464342,0.080452,0.050632,0.086606
6.820553,1.267000,0.030080,1.576000,1.314559,0.077782,1.586255,1.307531,0.060003,1.648765,0.001100,-0.005466,-0.038892,0.999228,0.018255,0.060291,0.065626,-0.038093,0.057400,0.000475,0.001493,0.004244,0.013321,17,-0.221773,0.119284,9.618624,0.036173,-0.051570,-0.020598,9.623035,0.097718,0.068136,0.088504
6.837242,1.267000,0.032000,1.576000,1.279451,0.048721,1.674164,1.298597,0.054979,1.652665,0.002571,-0.006599,-0.041757,0.999103,-0.051496,0.007029,0.069929,-0.035183,0.060059,0.000020,0.001112,0.004683,0.013877,17,-0.400029,-0.238983,9.640803,0.052719,0.023189,0.012932,9.653099,0.110095,0.100353,0.086046
6.853847,1.267000,0.032000,1.576685,1.300207,0.035790,1.645063,1.305657,0.049897,1.654520,0.002768,-0.003736,-0.033407,0.999431,0.005123,-0.038981,0.069486,-0.038567,0.061926,-0.000082,0.000881,0.004184,0.012368,17,-0.335392,-0.251037,9.619612,-0.065704,0.174729,0.021831,9.630191,0.195223,0.076110,0.088730
6.870407,1.266000,0.030116,1.576000,1.313904,0.058518,1.657949,1.310536,0.057725,1.654837,0.000828,-0.001712,-0.032379,0.999474,0.041525,0.026244,0.065647,-0.040224,0.058561,0.000063,0.001424,0.003961,0.012082,16,-0.053502,0.107304,9.678855,-0.056684,0.169854,-0.023377,9.682422,0.190647,0.099081,0.094663
6.887086,1.266000,0.030000,1.576000,1.273665,0.065791,1.658551,1.299421,0.060404,1.655989,0.000251,-0.003179,-0.032278,0.999474,-0.041072,0.041328,0.066459,-0.036221,0.058233,-0.000001,0.001494,0.004601,0.012044,17,-0.111332,0.125891,9.833525,-0.040455,0.053543,-0.024958,9.837130,0.086746,0.090301,0.091868
6.903677,1.266000,0.030000,1.576023,1.283669,0.062080,1.545808,1.302917,0.058967,1.650115,0.001227,-0.002121,-0.031130,0.999512,-0.006311,0.021766,0.052032,-0.038193,0.058995,0.000933,0.001404,0.004327,0.011833,17,-0.104108,-0.082028,9.948745,0.077492,0.040654,0.014088,9.950255,0.136096,0.047479,0.087702
6.920324,1.265000,0.030000,1.576429,1.328162,0.059389,1.618075,1.313577,0.058847,1.648867,0.001869,-0.000349,-0.038795,0.999245,0.068013,0.013754,0.047259,-0.042150,0.058920,0.001239,0.001430,0.003782,0.013175,17,-0.147173,-0.260043,9.837237,0.077672,0.033272,0.019490,9.843547,0.109739,0.081164,0.091864
6.936935,1.265000,0.030284,1.576858,1.305406,0.058913,1.641539,1.305265,0.059122,1.648069,0.002899,-0.002366,-0.040389,0.999177,-0.011249,0.009294,0.044243,-0.038404,0.059304,0.001442,0.001401,0.004384,0.013483,17,-0.240137,-0.106546,9.880560,0.122036,-0.022751,0.004103,9.885283,0.137994,0.081461,0.086740
6.953519,1.265000,0.031000,1.576103,1.238335,0.033089,1.615775,1.292587,0.053746,1.646812,0.004364,-0.004213,-0.039206,0.999213,-0.095307,-0.023017,0.042248,-0.034694,0.061310,0.001678,0.001149,0.004957,0.013286,16,-0.325927,0.170043,10.032985,0.103661,-0.012767,-0.009849,10.043133,0.113315,0.047846,0.079235
6.970161,1.265000,0.031502,1.576502,1.337344,0.049824,1.654046,1.303228,0.055024,1.648541,0.006252,-0.001752,-0.036669,0.999306,-0.009234,-0.005775,0.047962,-0.038846,0.060433,0.001600,0.001347,0.004364,0.012804,17,0.121878,0.458558,9.989021,0.298727,0.102611,0.016866,10.004530,0.319385,0.107622,0.084878
6.986824,1.265000,0.031000,1.577000,1.279502,0.040955,1.589593,1.292947,0.052621,1.643619,0.007373,-0.002997,-0.039002,0.999207,-0.083874,-0.024197,0.035145,-0.035252,0.061461,0.002363,0.001250,0.004938,0.013264,17,-0.010152,-0.079137,9.927812,0.109652,0.064478,0.017829,9.928691,0.140647,0.021633,0.075410
7.003426,1.265000,0.031141,1.576859,1.326279,0.041611,1.677085,1.303112,0.051649,1.647597,0.007885,-0.001059,-0.035190,0.999349,-0.003563,-0.022233,0.045345,-0.039389,0.061244,0.001962,0.001363,0.004353,0.012520,17,-0.131680,0.318906,9.914012,0.097080,0.030088,-0.008860,9.921093,0.118571,0.117941,0.082927
7.020045,1.264000,0.032000,1.576650,1.280138,0.022418,1.684926,1.292984,0.046831,1.650511,0.008491,-0.002562,-0.038525,0.999218,-0.074611,-0.048841,0.047312,-0.036003,0.063048,0.001637,0.001155,0.004895,0.013129,16,0.017748,0.407494,9.596209,0.006740,0.022325,-0.005469,9.606095,0.080423,0.109890,0.080718
7.036615,1.264000,0.031000,1.577000,1.301395,0.071790,1.637786,1.296258,0.055458,1.649703,0.007343,-0.001791,-0.043617,0.999020,-0.040673,0.024008,0.042474,-0.037489,0.059400,0.001921,0.001768,0.004697,0.013958,17,0.024586,0.237003,9.752014,0.074481,0.032792,-0.008615,9.755156,0.125694,0.082201,0.083213
7.053297,1.264610,0.031609,1.577000,1.332502,0.036350,1.691722,1.304432,0.049190,1.654231,0.008551,-0.000839,-0.042425,0.999063,0.015250,-0.036001,0.049226,-0.040568,0.062006,0.001368,0.001445,0.004272,0.013772,17,-0.073376,-0.163692,9.611411,0.035557,-0.028760,0.018894,9.615586,0.087059,0.133391,0.088654
7.069923,1.264000,0.030378,1.577000,1.259003,0.075912,1.649220,1.294218,0.055663,1.652911,0.006880,-0.002749,-0.045040,0.998958,-0.059271,0.000418,0.038536,-0.036942,0.060150,0.001622,0.001781,0.004848,0.014246,17,-0.155214,-0.325743,9.453471,-0.073800,-0.024564,0.021826,9.462570,0.135416,0.085522,0.085527
7.086541,1.264000,0.030000,1.577000,1.299363,0.021593,1.591987,1.299136,0.047701,1.649903,0.007031,-0.001193,-0.041069,0.999131,-0.017615,-0.062832,0.026332,-0.039586,0.063117,0.002063,0.001401,0.004488,0.013474,17,-0.321403,0.019780,9.584139,-0.118916,0.057288,-0.043433,9.592760,0.148525,0.039317,0.082842
7.103120,1.263820,0.029000,1.577000,1.287819,0.030416,1.584696,1.293742,0.049629,1.644759,0.005557,-0.001105,-0.044103,0.999011,-0.061185,-0.031987,0.008395,-0.037502,0.061768,0.002898,0.001652,0.004836,0.014039,16,-0.210751,0.193667,9.608148,-0.095112,0.141686,0.034703,9.613756,0.177996,0.025242,0.076890
7.119767,1.263706,0.029000,1.577000,1.328256,0.038122,1.701322,1.302219,0.049899,1.649366,0.003189,0.001366,-0.042751,0.999080,0.015247,-0.022461,0.018311,-0.041261,0.060870,0.002327,0.001828,0.004331,0.013734,17,0.107034,-0.029000,9.727513,-0.236147,0.113074,-0.014769,9.729557,0.272304,0.140378,0.084598
7.136412,1.264000,0.028035,1.576000,1.252644,0.029904,1.646657,1.291224,0.047417,1.647140,0.002534,-0.000657,-0.044590,0.999002,-0.060995,-0.031669,0.010138,-0.037430,0.061744,0.002667,0.001731,0.004941,0.014012,17,0.129941,0.244174,9.705819,-0.108770,-0.021703,-0.032197,9.712740,0.144797,0.071588,0.078599
7.153058,1.264000,0.028787,1.576000,1.323617,0.047081,1.661927,1.300809,0.049317,1.648263,0.000348,0.000225,-0.043062,0.999072,0.017073,-0.017866,0.010099,-0.041286,0.060477,0.002571,0.001938,0.004415,0.013767,17,0.024466,-0.259866,9.656046,-0.188701,-0.088514,0.044569,9.659920,0.217559,0.106171,0.083656
7.169693,1.264855,0.029709,1.575145,1.332995,0.039358,1.663232,1.306269,0.045890,1.649098,-0.001491,0.000396,-0.040712,0.999170,0.051453,-0.044312,0.012947,-0.043233,0.061671,0.002459,0.001769,0.004176,0.013367,16,-0.136202,-0.012882,9.893910,-0.293343,-0.075960,0.021783,9.896219,0.311570,0.111783,0.086290
7.186231,1.265000,0.028976,1.575000,1.258879,0.010582,1.594645,1.295900,0.040020,1.645699,-0.001815,-0.002992,-0.046666,0.998904,-0.024799,-0.072682,0.004302,-0.039611,0.063457,0.002946,0.001503,0.004734,0.014403,17,0.005786,0.235522,9.845991,-0.129925,-0.204671,-0.013836,9.853756,0.256726,0.027599,0.077943
7.202834,1.265000,0.028000,1.575000,1.301163,0.037956,1.609982,1.303701,0.043551,1.644954,-0.004807,-0.003039,-0.043805,0.999024,0.034684,-0.025926,0.003662,-0.042617,0.061132,0.003119,0.001837,0.004315,0.013852,17,-0.225562,0.355345,9.922483,-0.236943,-0.173004,-0.007842,9.933445,0.299780,0.051290,0.081444
7.219580,1.265000,0.028000,1.575000,1.287063,0.015855,1.615167,1.298276,0.035102,1.642722,-0.004521,-0.004603,-0.047838,0.998834,-0.009781,-0.082645,0.000915,-0.040781,0.064347,0.003382,0.001343,0.004602,0.014554,17,-0.087560,0.280688,9.968785,-0.139624,-0.082612,-0.004520,9.974667,0.195899,0.047410,0.075789
7.236149,1.265000,0.026327,1.575000,1.307916,0.077825,1.621121,1.301433,0.045222,1.640415,-0.005953,-0.005274,-0.046082,0.998906,0.011466,0.002850,-0.000986,-0.041693,0.060284,0.003733,0.001919,0.004475,0.014245,16,-0.206427,0.320891,10.062893,0.046628,-0.133799,0.023378,10.072642,0.160513,0.081370,0.077224
7.252764,1.265000,0.026000,1.575000,1.251377,0.038580,1.606640,1.291318,0.040272,1.636192,-0.005286,-0.007425,-0.043726,0.999002,-0.059289,-0.033463,-0.007916,-0.038550,0.062642,0.004231,0.001558,0.004938,0.013843,17,-0.123736,0.250459,9.985321,-0.045961,-0.088263,0.021545,9.994030,0.119479,0.036674,0.068124
7.269387,1.266000,0.026970,1.574000,1.333586,0.032096,1.632680,1.302700,0.038880,1.636314,-0.006134,-0.006331,-0.043444,0.999017,0.021867,-0.031590,-0.006922,-0.042706,0.062517,0.004252,0.001548,0.004339,0.013780,17,-0.095679,0.417528,9.861296,-0.105391,-0.087081,0.008880,9.873317,0.142663,0.089652,0.073292
7.286084,1.266000,0.027384,1.574000,1.291604,0.056572,1.648752,1.294721,0.044999,1.636636,-0.007736,-0.008456,-0.040861,0.999099,-0.046682,0.015377,-0.009794,-0.039298,0.060616,0.004168,0.001797,0.004831,0.013285,17,-0.183297,0.107559,9.567451,-0.092576,-0.079503,-0.013982,9.571035,0.127807,0.084234,0.071123
7.302642,1.266000,0.026000,1.574000,1.296037,0.047442,1.624082,1.296617,0.041671,1.636259,-0.006233,-0.008544,-0.040691,0.999116,-0.030583,-0.013532,-0.013448,-0.040417,0.062125,0.004175,0.001548,0.004661,0.013247,17,-0.117085,0.121958,9.591019,0.091985,-0.060894,0.007909,9.594086,0.122469,0.062211,0.071128
7.319272,1.266000,0.025095,1.574000,1.305476,0.035443,1.680417,1.301203,0.036714,1.641309,-0.004678,-0.007995,-0.040890,0.999121,0.001796,-0.046212,-0.001420,-0.042444,0.063973,0.003447,0.001257,0.004361,0.013313,16,-0.230230,0.430485,9.711309,0.084287,-0.033727,0.038854,9.725555,0.116143,0.113974,0.076842
7.335864,1.267000,0.026554,1.574000,1.267736,0.039885,1.638411,1.290219,0.037838,1.641011,-0.004709,-0.009282,-0.042815,0.999029,-0.080783,-0.031224,-0.004433,-0.038598,0.063662,0.003444,0.001290,0.004913,0.013596,17,-0.241474,0.113845,9.671968,0.013395,0.050534,-0.031874,9.676018,0.078616,0.065780,0.071812
7.352521,1.266147,0.026147,1.574000,1.319853,0.045922,1.574308,1.299939,0.039148,1.636727,-0.004207,-0.007257,-0.044338,0.998981,-0.000905,-0.014783,-0.014307,-0.042550,0.062752,0.004042,0.001405,0.004330,0.013815,17,0.035403,0.290771,9.820569,0.095305,0.038049,-0.013139,9.826957,0.114815,0.057232,0.072427
7.369155,1.266192,0.026192,1.573808,1.329154,0.033963,1.670673,1.306109,0.033888,1.639117,-0.001634,-0.006150,-0.041819,0.999105,0.036349,-0.045836,-0.008801,-0.044642,0.064705,0.003705,0.001123,0.004038,0.013434,17,-0.062026,0.659529,9.766113,0.203174,0.042709,0.060524,9.789573,0.224056,0.115790,0.076928
7.385769,1.267000,0.027000,1.573000,1.280890,0.056736,1.613617,1.297014,0.039260,1.636321,-0.002257,-0.008285,-0.039591,0.999179,-0.033657,-0.005700,-0.016390,-0.040976,0.063119,0.004009,0.001361,0.004564,0.013079,16,0.111360,0.091402,9.733084,0.027608,-0.065105,0.029191,9.739135,0.104234,0.052220,0.071138
7.402326,1.267000,0.026000,1.573000,1.312650,0.022246,1.685463,1.303646,0.032871,1.640274,-0.001245,-0.007077,-0.040311,0.999161,0.014767,-0.057790,-0.006490,-0.043821,0.065461,0.003450,0.001022,0.004154,0.013141,17,-0.164265,-0.053382,9.729072,-0.009500,-0.000931,-0.020256,9.731683,0.104263,0.121433,0.076915
7.419023,1.267000,0.026000,1.573000,1.320772,0.076993,1.656031,1.306208,0.044026,1.640735,-0.003717,-0.006875,-0.035121,0.999353,0.023544,0.027579,-0.003669,-0.044083,0.061337,0.003347,0.001625,0.004115,0.012281,17,-0.197117,0.090650,9.882969,-0.075356,0.001692,0.045857,9.888794,0.106954,0.111291,0.080314
7.435638,1.267000,0.027415,1.573000,1.275901,0.016593,1.658689,1.299372,0.036696,1.642478,-0.002922,-0.007868,-0.034077,0.999384,-0.028344,-0.028119,0.004904,-0.041920,0.064568,0.003079,0.001150,0.004431,0.012085,17,-0.065506,0.294476,10.037911,-0.076743,0.005298,0.004145,10.044933,0.095154,0.086827,0.077209
7.452274,1.267000,0.027000,1.573000,1.300908,0.011944,1.718277,1.307893,0.033441,1.648800,-0.001492,-0.006240,-0.035164,0.999361,0.040246,-0.038236,0.021321,-0.045553,0.065002,0.002285,0.001091,0.003902,0.012173,16,-0.112903,0.349737,9.865068,0.149004,0.009479,-0.048202,9.872864,0.168213,0.149939,0.086368
7.468835,1.267000,0.027662,1.572000,1.296530,0.082869,1.610329,1.307207,0.044500,1.646407,-0.002320,-0.006785,-0.027980,0.999583,0.028851,0.044229,0.016596,-0.044832,0.061134,0.002601,0.001679,0.004009,0.010957,17,-0.149239,0.067716,9.925275,0.135205,-0.031932,0.035997,9.929394,0.155084,0.073410,0.086235
7.485545,1.267000,0.028634,1.572000,1.301677,0.018370,1.687758,1.307774,0.035706,1.651256,-0.001241,-0.006512,-0.032537,0.999449,0.030431,-0.033295,0.029635,-0.045276,0.064768,0.001993,0.001142,0.003948,0.011787,17,0.015284,-0.148271,9.882118,-0.066175,0.019246,0.039321,9.886360,0.115428,0.121275,0.089410
7.502197,1.267000,0.028000,1.572000,1.325159,0.041755,1.664327,1.315133,0.041224,1.652092,-0.003413,-0.005582,-0.043815,0.999018,0.078140,0.014707,0.030351,-0.047590,0.061845,0.001954,0.001541,0.003584,0.013659,17,-0.128922,-0.194966,9.849147,-0.119729,-0.030315,-0.041153,9.852488,0.141847,0.109982,0.094373
7.518779,1.268000,0.029598,1.571701,1.290326,0.047697,1.614162,1.305437,0.043634,1.648801,-0.004042,-0.007835,-0.038364,0.999225,-0.006523,0.027148,0.019559,-0.043617,0.061584,0.002407,0.001577,0.004160,0.012678,17,-0.209496,-0.085917,9.716238,-0.049808,-0.052491,-0.021759,9.719767,0.088843,0.051273,0.086850
7.535374,1.267881,0.030000,1.571000,1.338738,0.040122,1.623755,1.316160,0.042510,1.647103,-0.003888,-0.006457,-0.043587,0.999021,0.068561,0.014066,0.009441,-0.047492,0.061859,0.002736,0.001521,0.003605,0.013576,16,-0.078354,-0.050529,9.477230,-0.008380,-0.041635,0.019614,9.478915,0.091855,0.088917,0.090990
7.552013,1.266873,0.029619,1.571000,1.281389,0.048423,1.611773,1.305835,0.044312,1.643494,-0.003030,-0.008402,-0.039153,0.999193,-0.016786,0.027611,-0.006125,-0.043445,0.061756,0.003180,0.001539,0.004171,0.012757,17,-0.193998,0.192189,9.413504,0.122166,-0.012650,-0.034409,9.418745,0.145112,0.047189,0.083602
7.568602,1.267000,0.031000,1.570000,1.308336,0.022828,1.705471,1.311546,0.037956,1.649117,-0.000297,-0.007595,-0.040256,0.999160,0.032939,-0.022216,0.005834,-0.046211,0.064131,0.002433,0.001215,0.003779,0.012902,17,0.035711,0.134463,9.622182,0.210271,-0.036757,-0.002929,9.624154,0.225015,0.141873,0.091062
7.585359,1.267000,0.031000,1.570000,1.328183,0.046433,1.667060,1.317554,0.044949,1.648834,-0.000593,-0.005936,-0.037454,0.999281,0.072056,0.033156,0.002542,-0.048232,0.061158,0.002482,0.001653,0.003499,0.012414,17,-0.249642,-0.071614,9.659843,0.125103,0.094360,0.017791,9.664636,0.171463,0.115768,0.094684
7.601853,1.266000,0.029284,1.569716,1.332700,0.027639,1.686672,1.321206,0.036460,1.653763,0.001821,-0.005178,-0.048451,0.998810,0.085241,-0.035485,0.015681,-0.049244,0.064444,0.001845,0.001188,0.003360,0.014287,16,-0.102510,0.158463,9.879069,0.115468,0.063057,-0.011873,9.883638,0.145384,0.134649,0.100813
7.618459,1.266000,0.030000,1.569000,1.278661,0.042330,1.644201,1.311268,0.038995,1.653905,0.002864,-0.006360,-0.049144,0.998767,0.003049,-0.009238,0.018674,-0.045181,0.063711,0.001789,0.001323,0.003944,0.014439,17,-0.044757,0.372005,9.992573,0.180706,0.097071,0.008580,10.002200,0.226078,0.077250,0.096638
7.635155,1.266000,0.030000,1.569000,1.318120,0.091948,1.606522,1.316730,0.049985,1.650121,0.001883,-0.004395,-0.050793,0.998698,0.043015,0.054087,0.011907,-0.047184,0.060228,0.002268,0.001841,0.003672,0.014717,17,-0.195478,-0.238670,9.953337,0.077854,0.138670,0.003852,9.964005,0.209033,0.089230,0.097742
7.651811,1.266000,0.030000,1.569000,1.267888,0.068877,1.667589,1.305936,0.048382,1.652502,0.001832,-0.004980,-0.039870,0.999191,-0.037332,0.025792,0.022607,-0.043552,0.062115,0.001867,0.001617,0.004199,0.012740,17,-0.097103,-0.024593,10.090095,-0.088415,0.130987,-0.049759,10.093388,0.180055,0.105994,0.094368
7.668433,1.265000,0.030622,1.568000,1.282475,0.024824,1.594797,1.306171,0.039326,1.650056,0.003734,-0.003109,-0.034352,0.999398,-0.020109,-0.044556,0.021553,-0.044865,0.065753,0.002273,0.001146,0.004039,0.011766,17,-0.029897,0.289898,10.158887,0.043486,0.174633,0.016304,10.164177,0.197483,0.032512,0.092217
7.684958,1.265000,0.030074,1.568000,1.290248,0.036035,1.646977,1.307568,0.044027,1.650372,0.002671,-0.002473,-0.033685,0.999426,0.003493,-0.006979,0.022607,-0.045944,0.063541,0.002270,0.001487,0.003911,0.011742,16,0.045070,-0.228395,9.862365,0.001073,0.027747,0.081913,9.867277,0.131844,0.083129,0.093765
7.701623,1.265000,0.031230,1.568000,1.343412,0.042276,1.561217,1.317252,0.044562,1.645284,0.001437,-0.001677,-0.043638,0.999045,0.077294,0.000074,0.010041,-0.049641,0.062858,0.003072,0.001598,0.003422,0.013377,17,-0.012452,0.031798,9.894763,-0.118873,-0.090247,-0.036577,9.897299,0.158188,0.079476,0.094238
7.718304,1.266000,0.033536,1.568000,1.310591,0.062666,1.594412,1.310493,0.051086,1.639944,-0.000024,-0.003951,-0.039373,0.999217,0.012778,0.046510,-0.000871,-0.046260,0.061157,0.003777,0.001855,0.003909,0.012613,17,-0.018028,0.330645,9.969314,-0.063282,-0.094246,-0.021148,9.976673,0.151934,0.059451,0.086392
7.734883,1.266000,0.033823,1.567177,1.346781,0.040343,1.667051,1.320246,0.046868,1.642482,0.000632,-0.003179,-0.043490,0.999049,0.076479,0.007633,0.005886,-0.049747,0.062849,0.003467,0.001632,0.003456,0.013406,17,-0.164418,0.092894,9.831372,-0.009466,-0.075883,0.081055,9.834938,0.130384,0.128619,0.093722
7.751513,1.264563,0.030563,1.567437,1.315515,0.050976,1.719443,1.312582,0.050355,1.647517,-0.000479,-0.004895,-0.041234,0.999137,0.003410,0.031401,0.018814,-0.046041,0.061944,0.002778,0.001771,0.003984,0.012995,16,0.003489,-0.038996,9.859447,-0.074044,-0.007076,-0.016794,9.866377,0.101983,0.161612,0.095448
7.768095,1.264455,0.031364,1.567545,1.261129,0.045064,1.685410,1.300157,0.049936,1.649805,-0.000795,-0.007187,-0.035925,0.999328,-0.078712,0.025085,0.023244,-0.042058,0.062734,0.002430,0.001679,0.004545,0.012035,17,0.122914,0.329108,9.796017,-0.062012,-0.058689,-0.041382,9.803424,0.106970,0.118705,0.091577
7.784792,1.265000,0.033148,1.567000,1.264778,0.074909,1.583450,1.297906,0.060462,1.643849,-0.002753,-0.007421,-0.050612,0.998687,-0.078108,0.101483,0.006637,-0.042081,0.059057,0.003250,0.002165,0.004533,0.014560,17,-0.188324,0.213182,9.751241,-0.045564,-0.035552,0.001053,9.757503,0.080206,0.044885,0.087947
7.801375,1.264427,0.032000,1.566427,1.323485,0.039788,1.666355,1.305700,0.055789,1.646696,-0.000786,-0.006284,-0.055349,0.998447,-0.007750,0.060829,0.010113,-0.045682,0.061017,0.002913,0.001899,0.004045,0.015320,17,0.121028,0.306044,9.570679,0.130826,-0.037672,-0.017220,9.578023,0.161173,0.116337,0.093341
7.817955,1.264000,0.032000,1.566000,1.277064,0.046253,1.623188,1.295400,0.056894,1.644436,0.000511,-0.007915,-0.051657,0.998633,-0.088306,0.064362,-0.003089,-0.041983,0.061165,0.003220,0.001903,0.004545,0.014685,16,-0.298881,-0.009923,9.379084,0.176207,0.008569,0.000900,9.385475,0.184955,0.060368,0.088079
7.834594,1.264000,0.031210,1.566000,1.295487,0.065157,1.661423,1.300154,0.064056,1.645621,0.000115,-0.005811,-0.058644,0.998262,-0.040746,0.109021,-0.004436,-0.044434,0.058507,0.003062,0.002264,0.004213,0.015939,17,-0.225241,-0.215247,9.508319,0.090084,0.135575,0.055557,9.513713,0.184037,0.106063,0.093410
7.851275,1.263371,0.032000,1.565000,1.273577,0.048203,1.599739,1.291813,0.058489,1.642630,0.000437,-0.005929,-0.051406,0.998660,-0.098232,0.055782,-0.017127,-0.041896,0.061498,0.003446,0.001892,0.004568,0.014671,17,0.033660,0.089039,9.487318,-0.106596,0.123470,-0.007226,9.490690,0.195821,0.039667,0.086816
7.867864,1.264000,0.034000,1.564000,1.268912,0.068823,1.613284,1.287869,0.067959,1.638692,-0.002715,-0.006374,-0.057950,0.998295,-0.110680,0.117130,-0.033361,-0.040933,0.058190,0.003934,0.002325,0.004692,0.015732,17,0.170700,-0.284971,9.378876,-0.208277,-0.009492,-0.033855,9.385682,0.226732,0.060545,0.085451
7.884473,1.264000,0.033622,1.564000,1.261962,0.025359,1.643776,1.284257,0.057552,1.641005,-0.002890,-0.007633,-0.047093,0.998857,-0.122505,0.028808,-0.026536,-0.040986,0.062461,0.003571,0.001774,0.004693,0.013831,17,-0.040622,-0.168847,9.781524,-0.226501,-0.151645,-0.007779,9.785255,0.277215,0.080229,0.083143
7.901075,1.264000,0.033000,1.563313,1.334187,0.081177,1.638814,1.294544,0.064085,1.640722,-0.003317,-0.006395,-0.051420,0.998651,-0.052781,0.077844,-0.020808,-0.044552,0.059861,0.003618,0.002102,0.004218,0.014495,16,-0.404754,0.207381,10.161453,0.076475,-0.035673,-0.025029,10.174032,0.196353,0.113787,0.088833
7.917676,1.264000,0.034958,1.562042,1.283559,0.012992,1.632147,1.288315,0.054006,1.641494,-0.000118,-0.007905,-0.053230,0.998551,-0.097834,0.010651,-0.011795,-0.042839,0.063682,0.003530,0.001602,0.004451,0.014890,17,-0.337093,0.381787,10.298538,0.210196,-0.075029,0.054147,10.312707,0.258483,0.076024,0.085244
7.934381,1.263585,0.034000,1.562585,1.287736,0.067530,1.664825,1.288196,0.063732,1.642227,-0.001288,-0.007171,-0.057130,0.998340,-0.092058,0.088330,-0.001983,-0.043058,0.059979,0.003426,0.002102,0.004409,0.015586,17,-0.270328,0.286797,10.299624,0.056025,0.078478,0.040571,10.309434,0.109853,0.110275,0.088502
7.951009,1.262000,0.032000,1.562000,1.298231,0.049245,1.610513,1.292362,0.056670,1.641276,0.000496,-0.004796,-0.057646,0.998325,-0.050900,0.023571,0.003092,-0.045545,0.063211,0.003560,0.001674,0.004093,0.015573,17,-0.047360,0.268575,10.211974,0.033768,0.171321,-0.057122,10.215883,0.194051,0.062957,0.088403
7.967602,1.262956,0.032956,1.562000,1.281248,0.051471,1.608006,1.284345,0.057993,1.638758,0.001369,-0.005418,-0.060269,0.998167,-0.110409,0.029191,0.002113,-0.042650,0.063200,0.003903,0.001701,0.004495,0.016041,16,-0.052054,0.008484,10.196585,0.120221,0.100777,0.017908,10.196882,0.176403,0.052858,0.083523
7.984176,1.262447,0.034000,1.562000,1.279224,0.034233,1.655534,1.282030,0.048801,1.641283,0.002013,-0.005518,-0.055292,0.998453,-0.115525,-0.044665,0.013158,-0.042878,0.066625,0.003560,0.001271,0.004481,0.015231,17,-0.098799,-0.223984,10.167259,-0.084708,-0.016638,0.056549,10.172372,0.135582,0.095027,0.082996
8.000880,1.263000,0.034000,1.562000,1.287563,0.061919,1.651073,1.283742,0.057347,1.641558,0.000620,-0.005292,-0.056593,0.998383,-0.090251,0.034584,0.018246,-0.043912,0.062909,0.003599,0.001790,0.004337,0.015339,17,-0.168290,0.475410,10.125651,0.032235,-0.029724,-0.059685,10.144119,0.107515,0.096524,0.085468
8.017511,1.263000,0.035000,1.562000,1.299879,0.069744,1.690729,1.289958,0.061969,1.645704,0.000260,-0.004364,-0.052723,0.998600,-0.041107,0.063696,0.026903,-0.046441,0.061223,0.003111,0.002033,0.004004,0.014675,17,-0.254225,0.051872,9.784391,0.053909,-0.017415,0.020351,9.792710,0.083619,0.138341,0.091980
8.034119,1.262511,0.035511,1.562000,1.315985,0.042492,1.650314,1.296200,0.054259,1.647444,0.002046,-0.004225,-0.059338,0.998227,0.004989,-0.007443,0.028288,-0.048990,0.064288,0.002941,0.001621,0.003679,0.015844,17,0.105499,-0.176044,9.682202,0.054002,-0.098728,0.024251,9.685866,0.138594,0.103477,0.093739
8.050680,1.262000,0.037000,1.561142,1.312697,0.049990,1.628013,1.296588,0.057036,1.645056,0.001799,-0.005231,-0.057213,0.998347,-0.005956,0.018729,0.016985,-0.048502,0.063109,0.003371,0.001809,0.003751,0.015431,16,-0.264662,0.105411,9.588246,0.056508,-0.094356,-0.018929,9.595403,0.137570,0.084916,0.092948
8.067314,1.261000,0.033121,1.561000,1.301372,0.073636,1.598593,1.293053,0.066092,1.640260,-0.000027,-0.006222,-0.052178,0.998618,-0.041935,0.082233,-0.001823,-0.046718,0.060071,0.004072,0.002240,0.003983,0.014587,17,-0.396624,-0.122555,9.469814,-0.039765,-0.032746,0.025611,9.479800,0.090543,0.068444,0.091633
8.083955,1.261000,0.034583,1.561000,1.310852,0.028998,1.621212,1.295568,0.055589,1.639566,0.000311,-0.006372,-0.057328,0.998335,-0.020826,0.000128,-0.006306,-0.048164,0.064047,0.004188,0.001724,0.003810,0.015452,17,0.069387,0.113652,9.622223,-0.165630,-0.088533,0.007258,9.628331,0.197989,0.078370,0.088367
8.100612,1.261025,0.034025,1.561000,1.283983,0.056481,1.607901,1.288673,0.061042,1.635831,-0.001512,-0.009007,-0.057233,0.998319,-0.071096,0.053808,-0.020594,-0.045367,0.061934,0.004703,0.002016,0.004155,0.015368,17,0.048861,0.428348,9.544611,-0.088189,-0.181903,-0.037021,9.555263,0.211220,0.056842,0.084226
8.117224,1.261000,0.034000,1.560000,1.292321,0.082623,1.653444,1.290916,0.071127,1.636282,-0.002549,-0.010742,-0.052798,0.998544,-0.049057,0.122996,-0.019435,-0.046295,0.058366,0.004617,0.002472,0.003999,0.014564,16,-0.119727,0.061539,9.799848,0.074756,-0.284353,-0.024051,9.804472,0.305730,0.109896,0.089957
8.133780,1.261000,0.034583,1.560000,1.295756,0.069864,1.582562,1.292767,0.067020,1.634084,0.000044,-0.011516,-0.055783,0.998376,-0.039053,0.070624,-0.025461,-0.047437,0.060888,0.004859,0.002149,0.003835,0.015017,17,-0.365093,-0.055840,9.695987,0.199270,-0.152080,-0.026497,9.704239,0.257934,0.054422,0.086889
8.150480,1.261000,0.036000,1.558847,1.264992,0.035592,1.525704,1.285622,0.059634,1.626635,0.002983,-0.012822,-0.052338,0.998543,-0.093305,0.004147,-0.043923,-0.045396,0.064367,0.005798,0.001748,0.004080,0.014448,17,-0.177490,-0.173620,9.784444,0.207926,-0.042427,0.027015,9.788815,0.222656,0.033385,0.075894
8.167098,1.261000,0.036403,1.558298,1.307476,0.056981,1.598461,1.293266,0.063207,1.623710,0.002566,-0.011065,-0.048297,0.998768,-0.028723,0.027482,-0.051314,-0.048785,0.062468,0.006176,0.002011,0.003620,0.013785,17,-0.229897,-0.333029,9.706410,0.048377,0.026929,0.036118,9.716421,0.081632,0.064780,0.077706
8.183728,1.260000,0.035286,1.558000,1.287090,0.045613,1.645992,1.284939,0.058822,1.624487,0.002880,-0.012180,-0.052214,0.998558,-0.096868,-0.007789,-0.047615,-0.045870,0.064714,0.005899,0.001758,0.003969,0.014386,17,-0.255694,0.202227,9.800118,-0.055622,0.012130,-0.033975,9.806843,0.088078,0.092645,0.074809
8.200301,1.260000,0.037194,1.557000,1.272482,0.056192,1.565854,1.277333,0.063135,1.618771,0.001465,-0.013056,-0.051700,0.998576,-0.145512,0.031844,-0.058971,-0.043236,0.063167,0.006571,0.001988,0.004266,0.014307,16,0.076391,0.245601,9.939608,-0.075603,0.011288,0.017842,9.943693,0.105614,0.024395,0.069203
8.216944,1.259000,0.035000,1.557000,1.277766,0.042011,1.595125,1.278628,0.056256,1.617387,0.002679,-0.012793,-0.054914,0.998406,-0.119808,-0.021138,-0.058476,-0.044908,0.065807,0.006655,0.001661,0.004020,0.014883,17,0.004225,0.225104,9.882429,0.015737,-0.061493,0.050116,9.886758,0.100076,0.043067,0.066960
8.233678,1.258292,0.035000,1.556000,1.322862,0.082528,1.603238,1.286437,0.064467,1.615019,0.000321,-0.011408,-0.051654,0.998600,-0.059612,0.031063,-0.062553,-0.047912,0.062655,0.006899,0.002066,0.003608,0.014341,17,-0.258138,-0.216375,9.758999,-0.123299,-0.009906,0.029294,9.766134,0.137167,0.093057,0.071719
8.250242,1.258000,0.035184,1.555000,1.293669,0.052198,1.626138,1.281122,0.058323,1.615335,0.000750,-0.012447,-0.054054,0.998460,-0.106609,-0.024255,-0.063840,-0.046049,0.065576,0.006665,0.001712,0.003827,0.014704,17,-0.159778,-0.097365,9.533008,-0.086758,-0.032186,-0.018313,9.535964,0.099916,0.081377,0.068632
8.266790,1.257000,0.035000,1.555000,1.279582,0.056300,1.576530,1.274516,0.059736,1.610570,-0.000898,-0.012900,-0.057908,0.998238,-0.153867,-0.011226,-0.079244,-0.043789,0.065031,0.007152,0.001786,0.004079,0.015422,16,-0.116734,-0.112667,9.464523,-0.171312,0.045011,0.063424,9.469302,0.191109,0.037778,0.063299
8.283467,1.256000,0.034000,1.554000,1.257738,0.078670,1.561698,1.266422,0.066923,1.604074,-0.003654,-0.013675,-0.054864,0.998394,-0.197589,0.046697,-0.095904,-0.041322,0.062585,0.007809,0.002102,0.004345,0.014883,17,0.048681,0.271134,9.601565,-0.206687,0.007416,0.004546,9.607151,0.213702,0.045361,0.060827
8.300086,1.255000,0.034609,1.552696,1.289068,0.059703,1.602412,1.273440,0.062925,1.603292,-0.004515,-0.011713,-0.052405,0.998547,-0.125903,0.012024,-0.095130,-0.045350,0.064145,0.007783,0.001887,0.003826,0.014438,17,-0.117529,0.311347,9.695944,-0.207845,0.019761,-0.007213,9.704231,0.210820,0.065285,0.060843
8.316761,1.255000,0.036221,1.551389,1.259545,0.063821,1.581431,1.263111,0.064682,1.598879,-0.005738,-0.011665,-0.053907,0.998461,-0.198397,0.021099,-0.102852,-0.042054,0.063969,0.008092,0.001895,0.004214,0.014721,17,-0.343015,-0.141113,9.805220,-0.146886,0.160877,0.037656,9.813386,0.227884,0.041048,0.055956
8.333310,1.254000,0.036000,1.551000,1.263469,0.041833,1.535873,1.263904,0.055803,1.594304,-0.004839,-0.009892,-0.043653,0.998986,-0.176203,-0.056118,-0.113558,-0.043790,0.067488,0.008538,0.001456,0.004001,0.013000,16,-0.142911,-0.242095,9.586578,-0.087590,0.147172,0.023190,9.592728,0.191772,0.018776,0.048636
8.349904,1.253000,0.035000,1.550000,1.286418,0.039939,1.588765,1.272280,0.052749,1.594125,-0.006217,-0.007224,-0.036607,0.999284,-0.094181,-0.064135,-0.117664,-0.048055,0.067392,0.008453,0.001457,0.003478,0.011767,17,-0.204894,-0.153926,9.361616,-0.185569,0.110257,-0.015340,9.368116,0.218762,0.051419,0.051320
8.366561,1.252000,0.035436,1.549000,1.284343,0.074402,1.569677,1.272033,0.061940,1.590390,-0.009207,-0.006382,-0.033007,0.999392,-0.089577,0.017535,-0.122952,-0.047835,0.063435,0.008705,0.001922,0.003503,0.011084,17,0.036661,0.173328,9.771351,-0.176742,0.103621,-0.031297,9.775974,0.210236,0.054698,0.053074
8.383211,1.251000,0.035000,1.548000,1.270837,0.070713,1.568366,1.265767,0.061844,1.585908,-0.009471,-0.006901,-0.031455,0.999436,-0.134047,0.014730,-0.129320,-0.045813,0.064179,0.008975,0.001794,0.003759,0.010832,17,-0.160191,0.375817,9.797789,-0.080559,0.051341,0.019729,9.807086,0.153596,0.045648,0.048741
8.399824,1.250000,0.036434,1.546566,1.299210,0.054798,1.605925,1.273442,0.057354,1.585495,-0.010477,-0.003727,-0.047032,0.998831,-0.066492,-0.020679,-0.127569,-0.049806,0.065486,0.008830,0.001552,0.003280,0.013488,17,-0.316617,-0.225468,9.657253,-0.243543,0.169359,0.043706,9.667359,0.310943,0.079261,0.050027
8.416425,1.249327,0.036653,1.545673,1.246675,0.066675,1.573715,1.262589,0.060177,1.582168,-0.012995,-0.003726,-0.048467,0.998733,-0.141693,-0.001113,-0.131814,-0.046230,0.064763,0.008906,0.001584,0.003742,0.013710,16,-0.258780,-0.168887,9.738091,-0.304141,0.187835,0.006251,9.744256,0.366873,0.041166,0.045399
8.433022,1.247857,0.036000,1.544000,1.260899,0.049739,1.578799,1.266731,0.053674,1.580218,-0.013306,-0.000735,-0.045334,0.998883,-0.090252,-0.052479,-0.130672,-0.049239,0.067168,0.008926,0.001228,0.003401,0.013158,17,-0.120471,0.007742,9.809927,-0.206859,0.229956,-0.005265,9.811769,0.314490,0.039620,0.044501
8.449715,1.246526,0.037000,1.543000,1.273049,0.056506,1.574611,1.271521,0.056197,1.577788,-0.014520,0.001955,-0.040536,0.999071,-0.039463,-0.021458,-0.133356,-0.051635,0.065500,0.009000,0.001381,0.003148,0.012318,17,0.025910,0.076073,9.710908,-0.094917,0.223214,-0.007243,9.712417,0.249951,0.045642,0.046941
8.466309,1.246000,0.037730,1.542000,1.283347,0.024290,1.566749,1.274548,0.046369,1.575177,-0.014251,0.003688,-0.045745,0.998845,-0.015386,-0.094852,-0.138241,-0.053433,0.068711,0.009105,0.000906,0.002985,0.013181,17,-0.111424,-0.250061,9.609473,-0.179932,0.140568,-0.005181,9.614497,0.249573,0.046775,0.044613
8.482941,1.245000,0.038000,1.540792,1.305594,0.086556,1.658030,1.278069,0.057169,1.576929,-0.017606,0.004733,-0.024825,0.999526,0.011444,-0.007541,-0.129089,-0.054321,0.064586,0.008506,0.001370,0.002923,0.009663,16,-0.254852,-0.036543,9.743416,-0.194244,0.124799,0.000015,9.747733,0.247176,0.140621,0.052601
8.499547,1.244000,0.038511,1.539489,1.261482,0.037334,1.586276,1.271838,0.049175,1.575751,-0.018086,0.004692,-0.031766,0.999321,-0.040481,-0.064683,-0.126012,-0.052215,0.067413,0.008414,0.000918,0.003256,0.010893,17,-0.231151,-0.263669,9.841056,-0.253751,0.131641,0.059033,9.849065,0.305054,0.049961,0.046943
8.516234,1.243051,0.040051,1.538000,1.241541,0.060259,1.558929,1.263904,0.055452,1.572281,-0.022087,0.003914,-0.031854,0.999241,-0.088198,-0.000174,-0.128865,-0.049577,0.064580,0.008552,0.001170,0.003645,0.010875,17,-0.001204,0.138806,9.894465,-0.372357,0.062128,-0.012600,9.897222,0.394637,0.029132,0.042979
8.532828,1.243000,0.041373,1.536627,1.234056,0.072469,1.517899,1.257231,0.061176,1.565695,-0.025535,0.003129,-0.033700,0.999101,-0.118247,0.054893,-0.139627,-0.048121,0.062302,0.009097,0.001333,0.003878,0.011128,17,-0.002107,0.434080,9.911188,-0.349042,-0.007576,-0.029315,9.921271,0.354438,0.037386,0.037943
8.549480,1.242000,0.043000,1.535423,1.292184,0.025279,1.609391,1.264443,0.054166,1.566281,-0.026665,0.004306,-0.037680,0.998925,-0.052932,0.012247,-0.131118,-0.051785,0.064512,0.008788,0.000929,0.003485,0.011771,17,-0.235391,0.296291,9.889658,-0.319573,-0.031300,-0.010218,9.898652,0.326575,0.091125,0.039757
8.566026,1.241000,0.043184,1.534816,1.276774,0.075416,1.558444,1.262216,0.063965,1.562573,-0.029281,0.003199,-0.028775,0.999152,-0.066013,0.091228,-0.135141,-0.050733,0.060901,0.008934,0.001245,0.003660,0.010293,16,0.040686,0.097836,9.898393,-0.170012,-0.045269,0.020484,9.900132,0.188376,0.053637,0.040650
8.582705,1.240000,0.045000,1.533000,1.245729,0.040655,1.518003,1.254773,0.057543,1.557085,-0.028047,0.002203,-0.024429,0.999306,-0.114673,0.034767,-0.141278,-0.048722,0.063970,0.009464,0.000725,0.003944,0.009562,17,-0.192707,-0.161741,9.900850,-0.057322,0.027150,0.005294,9.904747,0.083589,0.016631,0.030914
8.599355,1.240000,0.046617,1.532000,1.262109,0.084848,1.523532,1.257621,0.068091,1.550765,-0.029851,0.003175,-0.028369,0.999147,-0.080890,0.110488,-0.153521,-0.050255,0.060095,0.009888,0.001057,0.003819,0.010213,17,-0.119936,-0.126976,9.712297,-0.088732,0.044771,0.006921,9.714634,0.125308,0.044968,0.033523
8.616001,1.240000,0.049000,1.530000,1.256211,0.063203,1.448494,1.254055,0.060898,1.541816,-0.027706,0.003302,-0.029120,0.999186,-0.093933,0.044353,-0.170979,-0.049840,0.063701,0.010876,0.000458,0.003902,0.010295,17,-0.015516,0.134961,9.672824,0.007141,0.069817,-0.007757,9.676076,0.102697,0.084308,0.021880
8.632516,1.238365,0.050000,1.529000,1.253637,0.045742,1.556977,1.252406,0.053126,1.540962,-0.025960,0.003398,-0.033965,0.999080,-0.095617,-0.017615,-0.171248,-0.050016,0.066872,0.010743,-0.000046,0.003933,0.011086,16,-0.082619,-0.108777,9.528216,-0.008798,0.028811,-0.003919,9.530223,0.072291,0.032157,0.018709
8.649140,1.238285,0.052000,1.528000,1.276329,0.079692,1.570170,1.258546,0.062660,1.541301,-0.026865,0.003905,-0.031488,0.999135,-0.045668,0.053998,-0.164780,-0.052386,0.063147,0.010171,0.000286,0.003706,0.010640,17,-0.170827,-0.162645,9.744342,0.033000,-0.032039,-0.009024,9.748489,0.058702,0.063186,0.026478
8.665859,1.238667,0.056667,1.526000,1.265162,0.053117,1.581438,1.255080,0.055292,1.541696,-0.025133,0.002779,-0.034180,0.999096,-0.069387,-0.011205,-0.155454,-0.051493,0.066444,0.009903,-0.000248,0.003867,0.011124,17,-0.085876,-0.241324,9.870801,-0.014534,-0.060054,0.028662,9.874986,0.074761,0.061547,0.022752
8.682528,1.238000,0.058464,1.524268,1.267496,0.101325,1.505703,1.255592,0.067334,1.536315,-0.027221,0.002030,-0.030656,0.999157,-0.061226,0.076511,-0.162913,-0.051757,0.062194,0.010084,0.000148,0.003882,0.010588,17,-0.214743,-0.037832,9.802366,-0.076669,-0.088117,0.044456,9.805151,0.130429,0.055243,0.023093
8.699068,1.238000,0.060927,1.523073,1.293932,0.079680,1.597292,1.264570,0.064082,1.540679,-0.026308,0.002279,-0.036816,0.998973,0.003667,0.039123,-0.144047,-0.055287,0.063981,0.009215,-0.000196,0.003513,0.011606,16,-0.198862,-0.031656,9.883062,-0.052330,-0.142943,0.012348,9.885421,0.184707,0.094808,0.032029
8.715705,1.237000,0.063761,1.521620,1.266832,0.059708,1.640138,1.257457,0.059198,1.547002,-0.024712,-0.000248,-0.040826,0.998861,-0.058944,-0.002579,-0.120994,-0.052610,0.066164,0.008181,-0.000598,0.003897,0.012298,17,-0.325442,-0.241771,9.890368,0.031085,-0.147690,0.009364,9.901461,0.167012,0.122282,0.032918
8.731861,1.237000,0.066598,1.520000,1.211546,0.101992,1.485944,1.247451,0.066611,1.543259,-0.025359,-0.002729,-0.034235,0.999088,-0.120844,0.051261,-0.127129,-0.049495,0.063794,0.008285,-0.000427,0.004301,0.011232,17,-0.138684,-0.165634,9.722837,0.013720,-0.116033,0.012035,9.725969,0.143394,0.055321,0.025499
8.748942,1.237000,0.069944,1.519000,1.275631,0.117776,1.615393,1.256718,0.073022,1.547319,-0.025033,-0.001926,-0.037167,0.998994,-0.041057,0.082838,-0.113228,-0.053512,0.062120,0.007302,-0.000324,0.003840,0.011711,17,-0.101014,-0.094273,9.671904,0.074347,-0.102396,0.020284,9.674049,0.146016,0.114332,0.034645
8.765157,1.236000,0.073113,1.517000,1.272555,0.063380,1.509053,1.257138,0.064837,1.544007,-0.023269,-0.002743,-0.041729,0.998854,-0.039851,0.009269,-0.116227,-0.053913,0.065718,0.007730,-0.000890,0.003819,0.012467,16,-0.098500,-0.178131,9.846753,-0.031549,-0.112339,0.011189,9.849408,0.127424,0.038654,0.035280
8.782127,1.236617,0.077000,1.516000,1.326421,0.071947,1.622649,1.268335,0.067403,1.547890,-0.024222,-0.002809,-0.039737,0.998913,0.040084,0.024531,-0.103681,-0.057854,0.064576,0.006886,-0.000848,0.003343,0.012076,17,-0.020727,-0.226158,9.714433,-0.101383,-0.213019,-0.002331,9.718451,0.243928,0.139515,0.045989
8.798764,1.236000,0.080706,1.514147,1.232916,0.086262,1.534475,1.256960,0.069735,1.544499,-0.023929,-0.006344,-0.039253,0.998923,-0.043482,0.040015,-0.108557,-0.053838,0.064122,0.007072,-0.000914,0.003852,0.012063,17,-0.116450,-0.114265,9.738226,0.021845,-0.208274,0.028306,9.741182,0.231953,0.021297,0.038483
8.815261,1.235846,0.083847,1.513000,1.278334,0.142737,1.563513,1.263118,0.080997,1.540870,-0.025463,-0.006820,-0.036757,0.998977,0.002262,0.110509,-0.112168,-0.056124,0.060633,0.007096,-0.000589,0.003566,0.011678,17,-0.239042,-0.081801,9.853750,-0.040335,-0.182057,0.038531,9.858845,0.210623,0.088458,0.039097
8.832052,1.236000,0.089810,1.511000,1.240930,0.084941,1.499620,1.257255,0.075378,1.536533,-0.023178,-0.009061,-0.037148,0.999000,-0.044925,0.056769,-0.114003,-0.054275,0.063862,0.007600,-0.001101,0.003774,0.011617,17,-0.271955,0.243629,10.051075,0.062678,-0.160980,-0.084523,10.060334,0.204216,0.013324,0.036221
8.848237,1.235000,0.092058,1.509971,1.248048,0.100393,1.558756,1.259264,0.085049,1.536154,-0.022797,-0.008907,-0.036581,0.999031,-0.025614,0.123068,-0.109911,-0.055408,0.060686,0.007200,-0.000812,0.003630,0.011488,16,-0.351227,0.052034,9.843596,0.176984,-0.040990,-0.016538,9.851868,0.200541,0.051183,0.036379
8.865087,1.235000,0.098323,1.508000,1.231794,0.120871,1.456282,1.251438,0.094202,1.528674,-0.021748,-0.009764,-0.038061,0.998991,-0.078546,0.176570,-0.126071,-0.052860,0.058116,0.007786,-0.000606,0.003938,0.011825,17,-0.139260,-0.196513,9.709270,0.223892,0.033746,0.056288,9.713014,0.242391,0.056510,0.026733
8.881915,1.234208,0.102583,1.506208,1.265409,0.103062,1.544095,1.259864,0.092284,1.529373,-0.019311,-0.008168,-0.043889,0.998816,-0.010334,0.132954,-0.119840,-0.056560,0.059774,0.007523,-0.000890,0.003511,0.012707,17,-0.062494,-0.495916,9.714052,0.165368,0.015196,-0.010880,9.727399,0.173745,0.049083,0.036067
8.898366,1.234000,0.106928,1.505000,1.279384,0.090017,1.547601,1.266515,0.088051,1.529060,-0.016115,-0.007385,-0.036498,0.999177,0.039449,0.078325,-0.114173,-0.059336,0.062283,0.007449,-0.001253,0.003126,0.011422,17,0.007715,-0.245833,9.908909,0.224356,-0.039520,-0.002876,9.912596,0.236185,0.064502,0.044636
8.915004,1.234000,0.113234,1.502383,1.247841,0.078808,1.506720,1.257427,0.085258,1.525752,-0.014509,-0.009417,-0.041742,0.998979,-0.036910,0.046797,-0.118971,-0.055864,0.063843,0.007710,-0.001515,0.003560,0.012375,16,-0.138983,-0.308578,9.729038,0.095160,-0.055494,0.042637,9.737407,0.143104,0.037356,0.043332
8.930693,1.233096,0.117904,1.501000,1.241800,0.154947,1.434013,1.255968,0.097154,1.520826,-0.016288,-0.009634,-0.043045,0.998894,-0.049525,0.124764,-0.126874,-0.055388,0.059977,0.007911,-0.001123,0.003616,0.012565,16,-0.415580,-0.129897,9.793267,-0.050961,-0.013877,-0.020505,9.803653,0.091927,0.077040,0.036699
8.948411,1.233000,0.124461,1.499000,1.241440,0.116370,1.529618,1.254297,0.091119,1.520834,-0.014200,-0.008929,-0.039559,0.999076,-0.056090,0.055423,-0.121238,-0.055626,0.063678,0.007746,-0.001623,0.003552,0.011867,18,-0.237005,0.012696,9.764765,0.021558,0.073541,-0.059640,9.768529,0.124051,0.032774,0.045188
8.965102,1.233000,0.128455,1.497272,1.274213,0.123930,1.481514,1.263557,0.096835,1.515993,-0.012937,-0.006221,-0.034401,0.999305,0.018274,0.089722,-0.128157,-0.059353,0.062370,0.008081,-0.001513,0.003086,0.011000,17,-0.126450,0.620055,9.812017,0.185060,0.139157,0.034772,9.833586,0.239898,0.044354,0.047791
8.981682,1.231812,0.133188,1.495812,1.247039,0.153510,1.451355,1.255920,0.108262,1.509859,-0.012206,-0.006369,-0.030430,0.999442,-0.037726,0.152296,-0.135488,-0.056462,0.059658,0.008420,-0.001242,0.003414,0.010396,17,-0.084921,0.032424,9.946638,0.212914,0.133740,0.016230,9.949056,0.259487,0.051199,0.037414
8.998256,1.231000,0.139947,1.493526,1.226654,0.133385,1.420121,1.247418,0.105574,1.501491,-0.009879,-0.006526,-0.032198,0.999411,-0.092978,0.097669,-0.150754,-0.054024,0.062448,0.009296,-0.001621,0.003703,0.010726,16,-0.052638,-0.230141,9.771474,0.124164,0.128617,0.020379,9.774776,0.189308,0.073827,0.038916
9.014859,1.230000,0.144144,1.492000,1.272075,0.138264,1.477328,1.256308,0.109371,1.497100,-0.008899,-0.003791,-0.029801,0.999509,-0.014331,0.108139,-0.153535,-0.057993,0.061789,0.009548,-0.001572,0.003243,0.010263,17,0.004983,0.068917,9.893113,0.125165,0.141338,-0.004648,9.895695,0.194945,0.044946,0.043901
9.030800,1.230000,0.150036,1.490988,1.228641,0.152108,1.433018,1.246323,0.116400,1.488740,-0.007659,-0.004581,-0.030074,0.999508,-0.086805,0.137016,-0.164613,-0.054408,0.060788,0.010236,-0.001493,0.003674,0.010357,16,-0.113759,0.147478,10.042255,0.204705,0.107986,0.008310,10.044940,0.241001,0.058023,0.037454
9.048195,1.230000,0.158392,1.488304,1.299596,0.153391,1.517399,1.258250,0.120223,1.489405,-0.005633,-0.002078,-0.031938,0.999472,0.000113,0.136311,-0.156466,-0.058803,0.060461,0.009787,-0.001472,0.003206,0.010605,18,-0.008507,-0.160147,9.763428,0.229935,0.103223,0.001936,9.766228,0.260663,0.075599,0.047499
9.064782,1.228110,0.162439,1.486890,1.245996,0.189962,1.502765,1.250208,0.130291,1.488594,-0.003613,-0.003531,-0.028948,0.999568,-0.060892,0.180918,-0.154163,-0.055625,0.058549,0.009426,-0.001265,0.003583,0.010164,16,-0.022199,-0.017702,9.678385,0.365275,0.000517,0.014432,9.679980,0.376580,0.036462,0.039048
9.081394,1.228000,0.167780,1.485610,1.228942,0.132616,1.509605,1.245677,0.124343,1.489802,0.000828,-0.004548,-0.028772,0.999575,-0.080590,0.106351,-0.144035,-0.054884,0.062513,0.009034,-0.001712,0.003663,0.010103,17,0.134459,0.107615,9.840801,0.352893,-0.064276,0.004558,9.844049,0.362302,0.042581,0.047083
9.098054,1.228000,0.174482,1.484000,1.262802,0.196188,1.362756,1.249314,0.136256,1.478970,0.000959,-0.004071,-0.019145,0.999808,-0.040769,0.168140,-0.162471,-0.056733,0.059250,0.010052,-0.001304,0.003413,0.008551,17,-0.071994,-0.108448,9.936614,0.200797,-0.063623,0.008481,9.938875,0.220238,0.127994,0.044055
9.114712,1.227100,0.180300,1.482900,1.261325,0.206239,1.498119,1.249660,0.147084,1.478328,0.002005,-0.005001,-0.030315,0.999526,-0.044604,0.209652,-0.156971,-0.056639,0.057166,0.009638,-0.001099,0.003558,0.010451,17,-0.007837,0.034657,9.835223,0.225196,-0.061897,0.000525,9.836369,0.236074,0.045561,0.040412
9.131366,1.227000,0.187241,1.480241,1.274632,0.175475,1.480782,1.254762,0.143876,1.477903,0.005977,-0.004270,-0.028021,0.999580,-0.008779,0.143938,-0.147214,-0.058751,0.060727,0.009378,-0.001469,0.003304,0.010076,17,-0.065314,0.292712,10.045834,0.309401,-0.007055,0.009095,10.052379,0.320619,0.049067,0.051544
9.147858,1.226094,0.193906,1.479094,1.241344,0.168929,1.447117,1.245971,0.145462,1.472756,0.008355,-0.005958,-0.033516,0.999386,-0.080401,0.124644,-0.154595,-0.055299,0.061825,0.009734,-0.001561,0.003738,0.011021,16,-0.034126,-0.020854,9.793671,0.265092,0.009542,0.002983,9.796961,0.270468,0.043347,0.052745
9.164507,1.225981,0.200019,1.477019,1.232808,0.210954,1.424513,1.242888,0.158546,1.467673,0.007207,-0.007449,-0.041937,0.999067,-0.091907,0.194323,-0.163221,-0.054534,0.058258,0.009939,-0.001118,0.003875,0.012411,17,0.189735,-0.030317,9.631872,0.066360,-0.110863,0.022212,9.636636,0.151007,0.054065,0.045752
9.181225,1.225000,0.205969,1.476516,1.251412,0.212792,1.408292,1.250666,0.163558,1.462445,0.008008,-0.006669,-0.042550,0.999040,-0.020635,0.196906,-0.170754,-0.058234,0.058055,0.010247,-0.001037,0.003447,0.012447,17,-0.057583,0.189781,9.671247,0.129213,-0.088211,-0.005867,9.675526,0.158662,0.073475,0.051531
9.197795,1.224000,0.212818,1.474045,1.253516,0.214631,1.561017,1.252901,0.169573,1.467941,0.008805,-0.008433,-0.067952,0.997614,-0.013773,0.198584,-0.149667,-0.058668,0.057602,0.009063,-0.000970,0.003497,0.016501,17,0.017219,-0.115506,9.798344,0.133634,-0.141824,0.032741,9.800385,0.202804,0.091861,0.052371
9.214384,1.223000,0.217281,1.473000,1.269272,0.246383,1.421967,1.255871,0.184087,1.463894,0.008553,-0.007313,-0.032804,0.999398,0.020567,0.258580,-0.155409,-0.060326,0.054704,0.009197,-0.000544,0.003172,0.010760,16,-0.296848,-0.163345,9.730997,0.168445,-0.065256,0.002732,9.738776,0.189936,0.074782,0.047595
9.230988,1.222383,0.223618,1.471382,1.232331,0.231781,1.490036,1.246993,0.188138,1.462951,0.009928,-0.008367,-0.015635,0.999793,-0.050827,0.229203,-0.152128,-0.056922,0.056749,0.008904,-0.000699,0.003499,0.008115,17,-0.065665,-0.121173,9.736945,0.120262,-0.000497,0.028283,9.739008,0.133987,0.022662,0.043995
9.247683,1.223000,0.230905,1.470048,1.253092,0.243050,1.442579,1.254709,0.198180,1.460377,0.008684,-0.007168,-0.014731,0.999828,0.014015,0.248932,-0.152664,-0.060108,0.055065,0.008856,-0.000490,0.003121,0.007962,17,0.026247,-0.525583,9.722804,-0.052075,-0.035574,0.023892,9.739432,0.109401,0.042516,0.046582
9.264313,1.221287,0.235860,1.468713,1.221808,0.265627,1.562028,1.246696,0.209112,1.461842,0.007947,-0.009345,-0.023844,0.999640,-0.053268,0.285229,-0.142382,-0.056777,0.053390,0.008199,-0.000242,0.003524,0.009496,17,-0.102479,0.088073,9.818726,0.021877,-0.067017,-0.027769,9.821387,0.099205,0.097949,0.037527
9.280931,1.221539,0.242461,1.467000,1.244438,0.238425,1.443836,1.251262,0.207117,1.458090,0.010530,-0.008635,-0.020555,0.999696,-0.010022,0.220717,-0.146392,-0.059405,0.056738,0.008332,-0.000560,0.003189,0.008955,17,-0.198166,0.250185,9.715354,0.161845,-0.054149,0.028853,9.722892,0.182047,0.032820,0.047032
9.297504,1.221000,0.248706,1.465147,1.245480,0.283443,1.506461,1.250720,0.222567,1.460321,0.009636,-0.009314,-0.017581,0.999756,-0.010058,0.289447,-0.137260,-0.059288,0.053289,0.007644,-0.000102,0.003196,0.008468,16,0.026135,-0.075714,9.607058,0.103500,-0.096204,0.002152,9.607510,0.182666,0.059268,0.039873
9.314155,1.220000,0.254940,1.463530,1.230052,0.240292,1.507306,1.246877,0.219476,1.462665,0.011212,-0.011463,-0.018304,0.999704,-0.038248,0.209062,-0.128120,-0.058149,0.057313,0.006904,-0.000515,0.003298,0.008560,17,0.015399,-0.106408,9.622400,0.008525,-0.205728,-0.012180,9.623785,0.211951,0.047243,0.044506
9.330755,1.218519,0.259481,1.461519,1.240427,0.236562,1.429805,1.250270,0.221269,1.458529,0.011744,-0.011742,-0.012275,0.999787,-0.005176,0.187238,-0.131685,-0.060149,0.058508,0.007148,-0.000570,0.003022,0.007537,17,-0.217267,0.207379,9.861975,0.030080,-0.171125,-0.006579,9.868271,0.203469,0.044844,0.049772
9.347405,1.217839,0.266838,1.459000,1.230415,0.307861,1.498998,1.248386,0.236850,1.457566,0.011445,-0.011280,-0.006517,0.999850,-0.021611,0.264856,-0.126436,-0.059490,0.055041,0.006964,-0.000105,0.003086,0.006704,17,-0.305933,0.406841,9.873759,0.175412,0.062119,0.047141,9.890126,0.201502,0.058659,0.042831
9.363959,1.217000,0.271000,1.458000,1.253052,0.300439,1.461295,1.255621,0.240895,1.457664,0.012427,-0.008392,0.012940,0.999804,0.047543,0.233451,-0.122406,-0.063639,0.056513,0.006690,-0.000174,0.002641,0.004724,16,-0.013361,-0.232706,9.663581,0.074648,0.100890,-0.005770,9.667649,0.131611,0.046661,0.048970
9.380566,1.216000,0.277337,1.457000,1.200258,0.305076,1.446925,1.246141,0.247428,1.455863,0.012073,-0.010404,0.009056,0.999832,-0.046131,0.225213,-0.122116,-0.058924,0.057102,0.006442,-0.000095,0.003083,0.005766,17,-0.029130,-0.441004,9.724882,-0.018661,0.011649,0.006387,9.736997,0.080183,0.033448,0.042477
9.397224,1.215000,0.282285,1.454858,1.237806,0.295192,1.480872,1.253464,0.249964,1.456554,0.012041,-0.007951,0.024154,0.999604,0.009719,0.195629,-0.113461,-0.062334,0.058087,0.005925,-0.000078,0.002627,0.003161,17,-0.196015,-0.005822,9.756744,-0.022214,0.070544,-0.010385,9.761695,0.083319,0.036925,0.050269
9.413878,1.214000,0.288937,1.453000,1.212239,0.320909,1.517495,1.244812,0.260361,1.459554,0.010740,-0.008981,0.013257,0.999814,-0.043743,0.245752,-0.101323,-0.059927,0.055925,0.005258,0.000255,0.002844,0.004824,5,-0.215287,0.089477,9.936910,0.017242,0.142807,-0.031816,9.939996,0.154101,0.072007,0.042531
9.430018,1.212376,0.292624,1.451376,1.182670,0.326162,1.356908,1.235658,0.266043,1.454966,0.010070,-0.010816,0.009214,0.999848,-0.107001,0.254526,-0.109015,-0.056244,0.055739,0.005659,0.000353,0.003257,0.005438,11,0.272106,0.022238,9.941676,-0.056865,-0.039525,-0.019459,9.945931,0.105258,0.104552,0.035518
9.447051,1.211000,0.298405,1.450000,1.235770,0.345439,1.487163,1.234133,0.347436,1.486288,-0.002657,-0.006816,0.005010,0.999961,1.127973,0.409484,-0.109015,-0.056244,0.055739,0.005659,0.000353,0.003257,0.005438,0,0.000000,0.000000,0.000000,0.000000,0.000000,0.000000,0.000000,0.000000,0.064860,0.065239
9.463763,1.210000,0.304681,1.448319,1.226290,0.313857,1.424519,1.228303,0.315912,1.421215,-0.002699,-0.006946,0.005074,0.999959,-0.344998,-1.149337,-0.109015,-0.056244,0.055739,0.005659,0.000353,0.003257,0.005438,0,0.000000,0.000000,0.000000,0.000000,0.000000,0.000000,0.000000,0.000000,0.030266,0.034580
9.480430,1.209000,0.309813,1.447000,1.270427,0.315321,1.542340,1.242172,0.313248,1.471024,-0.004403,-0.004249,-0.034395,0.999390,0.645143,-0.382220,0.005826,-0.056445,0.055589,0.005660,0.000352,0.003258,0.005438,17,-0.294570,0.371322,9.965818,0.003713,0.111323,-0.030636,9.978947,0.139525,0.113549,0.041101
9.497028,1.207647,0.314353,1.445647,1.188236,0.350343,1.427453,1.219600,0.324757,1.464549,-0.010178,-0.003684,0.533689,0.845611,-0.061823,-0.041750,-0.000762,-0.056094,0.055247,0.005648,0.000352,0.003257,0.005439,17,-0.162315,0.573277,9.972543,0.204252,0.016213,-0.005463,9.996056,0.215615,0.044756,0.024665
9.513600,1.206286,0.320428,1.444000,1.261565,0.308956,1.509169,1.215116,0.315102,1.475034,-0.011104,0.001639,0.824877,0.565201,0.031680,-0.253726,0.003511,-0.056493,0.056132,0.005665,0.000354,0.003256,0.005437,16,-0.183068,-0.245947,9.692328,0.246714,0.009507,0.049825,9.698198,0.259722,0.086223,0.032702
9.530241,1.204000,0.324483,1.442000,1.226704,0.355810,1.445645,1.207965,0.342793,1.473221,0.001574,-0.016542,-0.553459,0.832711,0.087269,0.044149,0.063246,-0.057281,0.055590,0.005637,0.000353,0.003263,0.005436,17,-0.281789,-0.371490,9.627088,0.050131,0.060997,0.044330,9.640253,0.158736,0.038860,0.036411
9.546947,1.203572,0.330428,1.440000,1.231185,0.351162,1.467029,1.233294,0.337609,1.473084,-0.003660,-0.010231,0.240435,0.970604,0.086787,-0.255465,0.016223,-0.055646,0.055302,0.005650,0.000356,0.003242,0.005438,17,0.065812,-0.270783,9.655472,-0.059955,0.017702,-0.081950,9.666213,0.126210,0.043851,0.045050
9.563536,1.203000,0.331000,1.440000,1.259050,0.342474,1.458626,1.246639,0.333852,1.473497,-0.006271,0.002078,0.926348,0.376612,0.257721,-0.265131,0.034253,-0.057204,0.055122,0.005662,0.000350,0.003262,0.005441,17,-0.145960,0.015179,9.758710,-0.014589,0.028195,-0.003776,9.760476,0.064067,0.060168,0.055086
9.580054,1.203000,0.331914,1.440000,1.201574,0.355719,1.417280,1.233485,0.338348,1.457526,-0.010903,0.005384,0.995332,-0.095740,0.061718,-0.171899,-0.070076,-0.057531,0.055235,0.005654,0.000354,0.003265,0.005452,16,-0.170413,0.029212,9.606535,-0.078407,0.090250,0.024654,9.610776,0.132236,0.032938,0.035748
9.596729,1.199000,0.344000,1.436000,1.194472,0.352077,1.452267,1.227152,0.339295,1.458256,-0.019710,0.018869,0.874825,-0.483671,-0.025708,-0.152376,-0.050074,-0.057856,0.055982,0.005624,0.000353,0.003262,0.005448,17,-0.206967,-0.128337,9.498131,-0.174730,0.145988,-0.006456,9.503243,0.233433,0.018718,0.036194
9.613393,1.198000,0.350204,1.434199,1.237879,0.343010,1.457338,1.235770,0.340153,1.458311,0.000300,0.006116,-0.385654,0.922623,0.267840,-0.281185,-0.030581,-0.055620,0.056724,0.005711,0.000357,0.003256,0.005428,17,-0.167870,-0.182942,9.597373,-0.278917,0.097283,-0.001901,9.602242,0.297303,0.046664,0.045924
9.630044,1.196000,0.353131,1.432869,1.220187,0.377643,1.451824,1.229588,0.351098,1.452978,-0.012792,-0.007351,0.258252,0.965965,0.105350,-0.094427,-0.070861,-0.053187,0.055439,0.005593,0.000345,0.003255,0.005470,17,-0.203797,-0.062907,9.605521,-0.320703,0.032402,-0.004231,9.608904,0.324465,0.039308,0.039200
9.646679,1.194399,0.357203,1.431000,1.244198,0.340263,1.540449,1.237870,0.345210,1.468708,-0.014574,-0.005864,0.690838,0.722839,0.171387,-0.163895,0.051759,-0.056203,0.054351,0.005626,0.000331,0.003253,0.005446,17,-0.102342,0.100694,9.850231,-0.179064,0.118763,-0.036495,9.853055,0.233648,0.121433,0.058783
9.663171,1.193219,0.361781,1.429219,1.199887,0.390624,1.464160,1.226954,0.355980,1.467866,-0.016668,-0.000776,0.916936,0.398685,0.060893,-0.059071,0.040203,-0.057591,0.052322,0.005545,0.000331,0.003256,0.005461,16,-0.089267,-0.114937,9.677025,-0.067028,0.117596,0.007492,9.678739,0.153319,0.045796,0.051627
9.679852,1.191000,0.365891,1.427703,1.213425,0.384376,1.419556,1.231909,0.353551,1.464112,-0.005738,-0.004894,0.997930,0.063872,0.178979,-0.006429,0.031538,-0.058021,0.054915,0.005621,0.000322,0.003251,0.005433,17,0.108191,0.071012,9.769601,-0.082621,0.062299,-0.003742,9.771730,0.114367,0.030182,0.056137
9.696520,1.189308,0.370000,1.426000,1.190554,0.409736,1.454118,1.222375,0.366928,1.459899,-0.015501,0.000010,0.942504,-0.333836,0.035875,0.098625,0.002704,-0.060027,0.056519,0.005590,0.000323,0.003226,0.005443,17,-0.101685,-0.413590,9.681111,-0.180087,-0.070168,-0.000189,9.691431,0.203496,0.048694,0.047455
9.713083,1.188000,0.373952,1.424024,1.221023,0.371573,1.451148,1.228736,0.363741,1.462850,0.031400,-0.003207,-0.850684,0.524728,0.054363,0.100440,0.032737,-0.055313,0.056454,0.005669,0.000333,0.003209,0.005456,17,-0.133512,-0.134353,9.690929,-0.258896,-0.066788,0.021333,9.698504,0.271371,0.042801,0.057194
9.729693,1.186711,0.378578,1.422711,1.195021,0.399886,1.364915,1.221197,0.371731,1.443092,-0.014531,0.027471,-0.680090,0.732470,0.077533,0.094518,-0.073958,-0.057647,0.059217,0.005809,0.000360,0.003255,0.005495,16,0.006367,-0.084514,9.669247,-0.229864,-0.099682,0.000875,9.671435,0.252103,0.062157,0.040639
9.746291,1.185393,0.383000,1.420393,1.213409,0.353071,1.359432,1.221019,0.366903,1.430331,-0.010913,-0.021234,-0.655692,0.754651,-0.038302,0.130727,-0.121081,-0.057401,0.054250,0.005873,0.000356,0.003258,0.005636,17,0.075247,0.007208,9.711210,-0.171635,-0.096813,-0.033341,9.712261,0.202146,0.073464,0.040337
9.762982,1.184000,0.387818,1.419000,1.190301,0.411838,1.399437,1.212771,0.374163,1.421345,0.014069,0.007766,-0.653810,0.756489,-0.135171,0.096452,-0.157339,-0.054545,0.058375,0.005786,0.000345,0.003260,0.005543,17,-0.155684,0.025329,9.979439,-0.053820,0.018632,-0.001105,9.982434,0.078835,0.031613,0.031933
9.779593,1.182787,0.391000,1.417000,1.199323,0.455392,1.376930,1.212800,0.392799,1.413319,-0.023138,-0.003586,-0.657830,0.752803,-0.131447,0.250970,-0.184353,-0.053582,0.059007,0.005960,0.000336,0.003279,0.005607,17,-0.067756,-0.122520,9.835615,-0.072352,-0.021407,0.033615,9.837109,0.117386,0.077624,0.030292
9.796205,1.181000,0.395634,1.415183,1.209890,0.388101,1.421131,1.215990,0.381265,1.417058,0.005434,-0.006637,-0.609844,0.792475,-0.147691,0.135126,-0.140503,-0.054263,0.054760,0.005861,0.000345,0.003261,0.005625,16,-0.131931,-0.138653,9.834792,-0.045939,-0.024233,-0.000488,9.837264,0.095808,0.030443,0.037872
9.812787,1.178000,0.399124,1.413876,1.203322,0.391281,1.451868,1.214279,0.384898,1.418333,-0.010679,0.004336,-0.512581,0.858561,-0.140455,0.133123,-0.129577,-0.054876,0.056486,0.005795,0.000337,0.003238,0.005485,17,-0.309477,-0.125917,9.850563,-0.054240,-0.043416,-0.022293,9.857258,0.091911,0.046327,0.039222
9.829457,1.177407,0.404593,1.411407,1.191993,0.436695,1.392005,1.206574,0.399908,1.411838,-0.011332,-0.011277,-0.426768,0.904220,-0.194273,0.206532,-0.148105,-0.051531,0.056298,0.005704,0.000298,0.003258,0.005617,17,-0.147673,0.029452,9.752157,-0.045650,-0.000977,0.011430,9.756357,0.122911,0.040246,0.029545
9.846062,1.176000,0.408973,1.410000,1.175885,0.420328,1.377202,1.201706,0.395419,1.409575,-0.011655,-0.009302,-0.108375,0.993998,-0.234888,0.012691,-0.143331,-0.052301,0.057060,0.005765,0.000261,0.003189,0.005469,17,-0.173925,-0.022308,9.820602,0.064662,0.013456,0.014777,9.823981,0.099265,0.034708,0.029064
9.862753,1.174000,0.412232,1.408000,1.192531,0.445146,1.359359,1.203783,0.410456,1.403637,-0.014653,-0.007106,-0.187623,0.982106,-0.194761,0.109514,-0.157415,-0.050859,0.052442,0.005830,0.000271,0.003244,0.005606,17,-0.255152,-0.276251,9.697467,0.104460,0.130500,-0.006157,9.705536,0.172486,0.061585,0.030154
9.879291,1.172538,0.416924,1.406000,1.170144,0.448155,1.361932,1.190391,0.415427,1.394632,-0.005916,-0.009247,-0.331313,0.943457,-0.256107,0.128215,-0.178821,-0.049725,0.057074,0.005797,0.000246,0.003255,0.005622,16,0.015335,0.138634,9.907178,0.138172,0.162952,-0.002776,9.912048,0.223567,0.054066,0.021218
9.895933,1.171000,0.421968,1.404016,1.204155,0.428557,1.411290,1.200833,0.415529,1.400497,-0.005289,-0.000357,-0.448609,0.893712,-0.155604,0.125147,-0.142367,-0.052387,0.054682,0.005835,0.000303,0.003236,0.005585,17,-0.002868,0.096852,9.838166,0.012568,0.064432,0.014791,9.839594,0.092377,0.034577,0.030722
9.912643,1.169000,0.427052,1.402948,1.183631,0.450858,1.455915,1.190519,0.426906,1.402522,-0.004184,-0.008281,-0.507503,0.861600,-0.201438,0.172195,-0.129002,-0.050690,0.057823,0.005570,0.000276,0.003251,0.005493,17,-0.030886,-0.086104,9.845100,-0.054128,-0.041423,0.023646,9.846303,0.101335,0.059886,0.021524
9.929249,1.167272,0.432000,1.400272,1.195136,0.425409,1.409810,1.192027,0.421995,1.404379,-0.000075,0.000819,-0.577342,0.816502,-0.117457,0.071072,-0.107904,-0.053439,0.056783,0.005575,0.000324,0.003239,0.005656,17,-0.153023,0.328158,9.967378,0.024112,-0.041742,-0.055608,9.978576,0.162244,0.030181,0.027015
9.945851,1.165843,0.436000,1.399000,1.196252,0.491075,1.361355,1.193225,0.437167,1.395553,-0.006193,-0.007931,-0.594349,0.804144,-0.087624,0.164260,-0.129112,-0.051196,0.056978,0.005687,0.000317,0.003268,0.005525,16,-0.241466,0.040129,9.931582,0.161366,-0.083938,0.023161,9.937792,0.207924,0.073315,0.027624
9.962396,1.164607,0.439785,1.397000,1.186928,0.481311,1.500849,1.189193,0.435726,1.410092,0.004233,-0.004113,-0.634357,0.773018,-0.079690,0.113922,-0.076008,-0.052582,0.057404,0.005233,0.000320,0.003231,0.005469,17,-0.322905,-0.172766,9.651014,-0.080217,-0.116530,0.069207,9.660917,0.193634,0.114049,0.028149
9.979127,1.162212,0.443788,1.395212,1.169255,0.468251,1.347901,1.182192,0.433318,1.400822,0.001495,0.001259,-0.708336,0.705873,-0.077770,0.040780,-0.099062,-0.057908,0.059439,0.005326,0.000337,0.003194,0.005564,17,-0.144572,-0.140755,9.692901,-0.039087,-0.076048,-0.081481,9.695408,0.130460,0.053724,0.023245
9.995739,1.160780,0.448220,1.393780,1.174594,0.491153,1.431170,1.180815,0.449598,1.399324,-0.004264,-0.007531,-0.760074,0.649779,-0.076292,0.110191,-0.098381,-0.055300,0.059997,0.005355,0.000326,0.003263,0.005466,17,-0.009569,0.109589,9.863721,-0.085527,-0.099725,-0.009626,9.865780,0.144692,0.058584,0.020833
10.012392,1.159676,0.453676,1.392000,1.161400,0.514659,1.406079,1.168541,0.464746,1.396509,0.011059,-0.007908,-0.825278,0.564563,-0.178588,0.179506,-0.103386,-0.053253,0.063661,0.005175,0.000293,0.003285,0.005572,17,-0.189166,0.295255,9.809055,-0.003780,0.001439,-0.024449,9.817157,0.104192,0.062611,0.014882
10.028925,1.158000,0.458377,1.390000,1.184345,0.493232,1.486122,1.170640,0.461561,1.408149,-0.034563,0.011916,0.951238,-0.306283,-0.215230,0.214365,-0.065328,-0.048973,0.056240,0.005178,0.000370,0.002965,0.005691,16,0.003663,0.183637,9.891626,0.131704,0.071955,-0.001034,9.895401,0.165508,0.105586,0.022345
10.045550,1.156000,0.462466,1.388000,1.114835,0.471521,1.433196,1.143188,0.466355,1.410135,-0.079920,0.026026,0.995285,-0.048401,-0.361901,0.340992,-0.038911,-0.043451,0.051677,0.004976,0.000360,0.002979,0.005619,17,0.170652,-0.218942,9.751241,0.143343,-0.058045,0.015563,9.757217,0.173717,0.061800,0.025869
10.062226,1.154654,0.466346,1.386000,1.202298,0.514452,1.381036,1.146396,0.496482,1.399252,-0.136899,0.043638,0.877133,0.458250,-0.499992,0.551543,-0.049388,-0.024889,0.057389,0.009006,0.000243,0.003210,0.006368,17,-0.010859,-0.347968,9.748314,0.054373,-0.065792,0.034615,9.755415,0.126668,0.067888,0.033941
10.078842,1.152963,0.471074,1.383963,1.139344,0.448193,1.394819,1.164500,0.460151,1.411690,-0.009677,-0.008682,0.168365,0.985639,-0.263506,0.191640,-0.055945,-0.056582,0.055220,0.004768,0.000019,0.003124,0.005590,17,0.022181,-0.096361,9.899501,0.112285,-0.041777,-0.035237,9.901773,0.170338,0.028755,0.031956
10.095451,1.151000,0.476011,1.382000,1.167531,0.534022,1.387689,1.165581,0.476317,1.408430,-0.006988,-0.011245,-0.003496,0.999906,-0.165338,0.224367,-0.051709,-0.052752,0.053077,0.004811,0.000118,0.003110,0.005282,16,-0.050090,-0.144695,9.717110,-0.009255,-0.110707,-0.043806,9.720111,0.142556,0.060588,0.030187
10.112023,1.149184,0.480816,1.380184,1.151209,0.510512,1.389310,1.159738,0.475132,1.407672,-0.001807,-0.012953,-0.072251,0.997301,-0.179998,0.156169,-0.046503,-0.051833,0.056987,0.004835,-0.000019,0.003223,0.005503,17,-0.296887,0.302907,9.946967,0.201994,-0.007698,-0.054520,9.957258,0.236632,0.031133,0.029988
10.128702,1.147907,0.485185,1.378000,1.125484,0.532734,1.419518,1.153566,0.490499,1.405792,0.005407,-0.013390,-0.586900,0.809531,-0.290167,0.210585,-0.052693,-0.050261,0.058182,0.004739,0.000075,0.003326,0.005591,17,-0.432657,-0.280590,9.751265,0.179408,0.186861,0.027640,9.768751,0.266695,0.066988,0.028856
10.145335,1.145691,0.488619,1.376691,1.125135,0.497337,1.383167,1.151263,0.478062,1.405831,0.009249,-0.002952,-0.654210,0.756250,-0.235730,0.032401,-0.046604,-0.058580,0.060124,0.004536,0.000407,0.003089,0.005606,17,-0.062111,0.175987,9.686235,0.006613,0.176523,0.046355,9.695091,0.203922,0.023248,0.031491
10.161920,1.143967,0.494033,1.374000,1.148903,0.516572,1.402030,1.152389,0.487506,1.403017,-0.010729,0.006909,0.874364,-0.485102,-0.251194,-0.048541,-0.048092,-0.058883,0.058978,0.004840,0.000230,0.003360,0.005443,16,-0.013061,0.289030,10.205128,0.141470,0.127831,-0.061315,10.210294,0.226961,0.036305,0.030912
10.178519,1.142000,0.498065,1.372967,1.140384,0.565381,1.332997,1.152018,0.504528,1.396323,0.006683,-0.009815,-0.595661,0.803148,-0.200092,0.067724,-0.062440,-0.053567,0.054380,0.005023,0.000313,0.003274,0.005237,17,-0.139582,-0.336546,9.823361,0.198130,0.057080,0.067903,9.830862,0.237414,0.078305,0.026222
10.195173,1.140000,0.503029,1.370486,1.151784,0.484056,1.367756,1.150723,0.497913,1.394554,0.004439,-0.006817,-0.193673,0.981032,-0.198865,-0.055769,-0.060767,-0.055600,0.058412,0.005216,0.000077,0.003197,0.005425,17,-0.009954,-0.230256,9.907678,-0.010083,0.025910,-0.029633,9.916839,0.081703,0.022501,0.026841
10.211847,1.139000,0.507252,1.369000,1.108137,0.524227,1.405761,1.140491,0.509179,1.393852,0.000873,-0.006349,0.043348,0.999039,-0.211744,0.039490,-0.053697,-0.053864,0.053809,0.005068,0.000138,0.003232,0.005294,17,-0.030700,0.442650,10.240354,0.185370,0.066550,-0.111108,10.250428,0.249963,0.050912,0.024972
10.228465,1.137720,0.511000,1.367860,1.138548,0.528835,1.314570,1.146574,0.513236,1.385617,-0.003616,0.004350,0.590506,0.807013,-0.128367,0.040014,-0.068666,-0.055454,0.056706,0.005580,-0.000005,0.003288,0.005310,17,-0.132548,-0.172112,9.962385,0.116124,0.025701,0.095861,9.971118,0.201968,0.056201,0.019968
10.245100,1.135491,0.516018,1.365491,1.150166,0.546458,1.360251,1.152779,0.523797,1.383570,-0.003348,0.010875,0.919960,0.391848,-0.013856,0.091866,-0.068422,-0.054307,0.059691,0.005605,0.000099,0.003458,0.005422,16,0.046673,0.013444,9.925125,0.114912,0.042900,-0.044552,9.932541,0.177497,0.034197,0.026196
10.261691,1.133191,0.519809,1.364000,1.106881,0.514646,1.324836,1.145809,0.524967,1.378602,-0.002619,0.015264,0.997272,0.072170,-0.033109,0.129016,-0.078137,-0.059494,0.054711,0.005928,0.000452,0.003604,0.005793,17,0.118766,0.067885,9.761268,0.249530,0.003308,0.049088,9.766471,0.261381,0.047462,0.019976
10.278337,1.132000,0.524142,1.362000,1.147630,0.552363,1.400785,1.149639,0.536215,1.378426,-0.001576,0.022703,0.961140,-0.275123,-0.008927,0.208150,-0.071645,-0.057691,0.052247,0.005821,0.000580,0.003577,0.005993,17,-0.076597,-0.295185,9.893254,0.173513,-0.000665,-0.054011,9.898793,0.200526,0.050448,0.026958
10.294986,1.130479,0.528043,1.361000,1.118888,0.551725,1.357768,1.130681,0.536439,1.375548,0.017210,-0.014379,-0.812395,0.582675,-0.075261,0.189460,-0.072557,-0.051897,0.054786,0.005778,0.000485,0.003348,0.005702,17,0.006126,-0.203776,9.820662,0.223423,-0.000784,0.009618,9.823187,0.234468,0.026564,0.016799
10.311569,1.128000,0.531081,1.358960,1.128836,0.547012,1.347362,1.132967,0.537918,1.372047,0.010478,-0.011983,-0.568775,0.822339,-0.080716,0.182389,-0.081243,-0.056998,0.055591,0.006146,0.000474,0.003114,0.005861,16,-0.155827,-0.386691,9.784935,-0.011678,-0.092337,0.018864,9.795701,0.123712,0.019723,0.015578
10.328141,1.127000,0.535847,1.357576,1.141499,0.551010,1.376192,1.138920,0.539448,1.370760,0.009594,-0.007943,-0.290080,0.956921,-0.106985,0.183294,-0.079350,-0.060502,0.055451,0.006117,0.000342,0.002942,0.005637,17,-0.168262,0.466148,9.940794,0.116770,-0.066167,-0.044524,9.954214,0.150828,0.028047,0.018134
10.344830,1.125000,0.539520,1.355240,1.102447,0.559927,1.338248,1.128040,0.546297,1.368333,0.009469,-0.006190,-0.021571,0.999703,-0.170731,0.196111,-0.082544,-0.056838,0.055166,0.006244,0.000273,0.003111,0.005811,17,-0.073961,0.048317,9.814741,0.215254,-0.001081,0.017478,9.819976,0.231902,0.034840,0.015053
10.361458,1.124000,0.542950,1.354025,1.121328,0.572451,1.420590,1.133322,0.552185,1.369802,0.008033,0.000458,0.226140,0.974062,-0.114424,0.182877,-0.076098,-0.060107,0.057548,0.005869,0.000104,0.003069,0.005828,17,-0.169346,-0.601991,9.739900,0.104265,0.018605,0.031595,9.761409,0.147131,0.072858,0.020520
10.378106,1.122000,0.545926,1.353000,1.115938,0.582006,1.410738,1.129608,0.561294,1.373793,0.004895,0.003149,0.423083,0.906072,-0.139132,0.288454,-0.065492,-0.060268,0.057536,0.005307,0.000104,0.003174,0.006181,17,0.057142,-0.222184,9.671643,-0.047645,-0.005325,0.043253,9.675799,0.109025,0.068354,0.026952
10.394647,1.121000,0.549606,1.351394,1.129049,0.570908,1.356117,1.133179,0.559068,1.372239,0.004412,0.003703,0.578930,0.815357,-0.084512,0.221946,-0.064111,-0.056971,0.060457,0.005204,0.000026,0.003471,0.005985,16,-0.247365,-0.010089,9.872175,-0.326510,-0.030378,-0.059715,9.880020,0.339454,0.023257,0.025930
10.411312,1.119335,0.551665,1.349335,1.162374,0.565775,1.430484,1.143162,0.558199,1.376456,0.003321,0.004227,0.722840,0.690994,-0.006930,0.149695,-0.046336,-0.052824,0.064143,0.004616,0.000000,0.003761,0.005995,17,-0.130504,0.662166,10.028710,-0.126998,0.064076,-0.043886,10.053168,0.174273,0.092933,0.036687
10.427953,1.117724,0.555276,1.348000,1.139373,0.600850,1.375350,1.138401,0.572003,1.374009,-0.003117,0.004375,0.818538,0.574428,0.003990,0.182973,-0.050690,-0.053655,0.064630,0.004886,0.000078,0.003691,0.006340,17,0.043348,0.049341,9.776454,-0.129032,0.001507,0.027490,9.778622,0.157739,0.057390,0.037199
10.444556,1.116000,0.558641,1.346641,1.119410,0.609838,1.428763,1.129062,0.584535,1.375979,-0.004447,0.006081,0.879066,0.476640,-0.031763,0.258340,-0.042959,-0.056339,0.062099,0.004518,0.000176,0.003582,0.006497,17,-0.009857,-0.066922,9.878317,-0.195780,-0.130549,0.017468,9.882564,0.241365,0.096834,0.041254
10.461182,1.115000,0.560856,1.345144,1.086288,0.571005,1.376420,1.124864,0.583476,1.375910,-0.003623,0.008749,0.930160,0.367033,-0.129922,0.220071,-0.037535,-0.058190,0.054051,0.004422,0.000467,0.003303,0.006815,16,-0.239662,0.382933,10.012576,-0.135233,-0.094409,-0.055676,10.026113,0.180771,0.043653,0.039439
10.477743,1.112550,0.563450,1.343000,1.144094,0.612394,1.377282,1.136489,0.592042,1.373992,0.000712,0.015923,0.975511,0.219372,-0.109802,0.257776,-0.037766,-0.056351,0.051266,0.004535,0.000495,0.003521,0.006768,17,-0.281391,0.184543,9.848745,-0.036306,-0.009604,0.024805,9.856771,0.078785,0.067571,0.048488
10.494477,1.111204,0.566000,1.342000,1.080591,0.580757,1.275460,1.130069,0.598260,1.366860,0.006897,0.023353,0.998585,0.047282,-0.197496,0.305701,-0.051348,-0.068427,0.045294,0.005463,0.000699,0.003257,0.006692,17,-0.259040,-0.280895,9.759786,-0.068131,0.025758,0.051365,9.768103,0.139678,0.074716,0.044884
10.511056,1.109000,0.568003,1.340000,1.149737,0.581921,1.390430,1.142485,0.607527,1.366709,0.015589,0.036526,0.990163,-0.134165,-0.185196,0.332156,-0.034098,-0.076189,0.035010,0.005434,0.000945,0.003347,0.006080,17,-0.141350,0.142384,9.829423,-0.092634,0.081453,-0.056027,9.835825,0.144708,0.066306,0.058281
10.527644,1.107297,0.571000,1.338297,1.111428,0.620750,1.400538,1.114253,0.590910,1.367983,-0.023307,0.003777,0.877771,-0.478498,-0.218243,0.165621,-0.061378,-0.041435,0.041315,0.004573,0.000894,0.003065,0.005262,16,0.001080,0.143261,9.598722,0.007895,0.089055,-0.009733,9.602111,0.111809,0.079788,0.036415
10.544275,1.106000,0.572818,1.337182,1.080607,0.560360,1.317614,1.115469,0.589710,1.364238,0.001968,-0.004365,-0.718091,0.695933,-0.226696,0.160398,-0.061103,-0.061752,0.059116,0.005286,0.000709,0.002755,0.005872,9,0.098805,0.550807,9.568448,0.003801,0.077749,0.027493,9.586229,0.121535,0.034393,0.033272
10.561044,1.105000,0.577000,1.335000,1.097543,0.598858,1.382262,1.115068,0.595415,1.363075,0.003249,-0.005964,-0.561051,0.827753,-0.197092,0.161423,-0.067532,-0.061431,0.052014,0.005257,0.000754,0.002759,0.005676,17,0.078227,0.000014,9.577831,0.060350,-0.025507,-0.006491,9.578511,0.133045,0.052603,0.035053
10.577549,1.103097,0.579000,1.333000,1.070128,0.603896,1.339188,1.101311,0.600425,1.359175,0.002814,-0.006806,-0.419824,0.907576,-0.227464,0.240523,-0.076601,-0.057732,0.055227,0.005534,0.000513,0.002949,0.005858,17,-0.312364,-0.151487,9.646894,-0.030399,0.006933,0.009601,9.655829,0.087490,0.041774,0.033872
10.594157,1.102164,0.581836,1.331164,1.113142,0.606702,1.312865,1.108600,0.601622,1.354512,0.001665,-0.003830,-0.282971,0.959119,-0.169989,0.233789,-0.082820,-0.062462,0.055767,0.005962,0.000444,0.002744,0.005666,17,-0.241209,0.368357,9.921995,0.010684,0.109932,-0.029161,9.932596,0.136047,0.032767,0.031273
10.610732,1.100000,0.582557,1.329443,1.089098,0.621572,1.307645,1.099371,0.612105,1.349236,-0.000096,-0.004887,-0.141498,0.989927,-0.157285,0.256140,-0.093997,-0.058918,0.054120,0.006458,0.000476,0.003015,0.005693,16,-0.031479,-0.333916,9.689784,0.008434,0.001817,0.041061,9.698110,0.105251,0.046002,0.035570
10.627378,1.098039,0.584961,1.328000,1.134707,0.647176,1.311960,1.107768,0.619739,1.344380,-0.002488,-0.002848,0.010290,0.999940,-0.073112,0.299891,-0.099609,-0.062874,0.056026,0.006835,0.000321,0.002886,0.005968,17,-0.008370,-0.199408,9.930006,-0.136521,-0.051457,-0.061264,9.935874,0.177822,0.073977,0.039655
10.644032,1.097000,0.586000,1.327000,1.074970,0.561934,1.289165,1.099066,0.611273,1.339492,-0.001122,-0.004098,0.151047,0.988517,-0.110621,0.232634,-0.103871,-0.057729,0.058354,0.007266,0.000194,0.003286,0.005596,17,-0.123814,0.048592,10.078787,0.059580,0.000009,-0.073192,10.080129,0.116198,0.049960,0.028267
10.660656,1.096000,0.589303,1.325000,1.075348,0.631522,1.305040,1.097579,0.621956,1.334849,-0.003691,-0.002711,0.328762,0.944402,-0.106761,0.230123,-0.105300,-0.059689,0.057530,0.007750,0.000256,0.003249,0.005941,17,0.052687,-0.167927,10.197558,0.008584,-0.026455,0.090673,10.199494,0.124467,0.051062,0.034142
10.677286,1.095000,0.590763,1.323237,1.102812,0.583895,1.405684,1.099033,0.611992,1.339281,-0.002036,-0.005206,0.462115,0.886803,-0.040150,0.174027,-0.083027,-0.054889,0.060126,0.006850,0.000133,0.003667,0.006590,16,0.013742,0.004430,10.211091,-0.168724,-0.189148,0.051788,10.212283,0.277754,0.083101,0.026913
10.693868,1.092745,0.592000,1.322000,1.101085,0.665789,1.359818,1.101515,0.624507,1.339495,-0.005261,-0.005689,0.532159,0.846609,-0.001408,0.185499,-0.073188,-0.056990,0.060765,0.006726,0.000112,0.003528,0.006808,17,-0.226147,0.062044,10.182937,-0.260326,-0.197030,-0.093617,10.190445,0.348566,0.083334,0.037943
10.710572,1.091292,0.593708,1.321000,1.043021,0.571472,1.358331,1.089769,0.620477,1.337916,-0.004425,-0.008811,0.593697,0.804628,-0.128422,0.059377,-0.071058,-0.053969,0.057735,0.006690,0.000373,0.003778,0.006923,17,-0.300806,0.269944,9.985150,-0.000996,-0.067534,-0.062003,9.995475,0.123999,0.064947,0.031703
10.727155,1.090000,0.595000,1.319000,1.083796,0.630836,1.340129,1.094540,0.628867,1.336676,-0.004972,-0.005698,0.649785,0.760080,-0.078565,0.070307,-0.074164,-0.054067,0.060640,0.006810,0.000156,0.003741,0.006901,17,-0.097326,-0.344598,9.696250,-0.042751,-0.024744,0.047889,9.704283,0.117810,0.042061,0.038471
10.743792,1.088000,0.597000,1.318000,1.107184,0.579997,1.374482,1.096581,0.619556,1.339071,-0.002118,-0.010222,0.704414,0.709712,-0.065976,-0.024789,-0.065359,-0.049912,0.060113,0.006188,0.000308,0.004096,0.006926,17,0.035542,0.141320,9.744526,-0.127740,-0.157107,-0.006074,9.749218,0.216278,0.062027,0.032037
10.760362,1.087164,0.598000,1.317000,1.066267,0.655006,1.293251,1.091248,0.634547,1.330589,-0.006304,-0.008498,0.755530,0.655029,-0.078405,0.032762,-0.084773,-0.051228,0.060709,0.007302,0.000295,0.003840,0.006515,16,-0.239350,0.164883,9.756058,-0.068817,-0.099018,-0.025556,9.766498,0.141829,0.065195,0.039205
10.777000,1.086000,0.600000,1.315082,1.094855,0.641776,1.346087,1.097457,0.632650,1.331569,-0.000819,-0.008880,0.818358,0.574640,-0.013783,-0.014163,-0.083281,-0.048243,0.059399,0.006888,0.000400,0.004183,0.006570,15,-0.154199,-0.500404,9.527397,-0.098309,-0.058727,0.006840,9.542450,0.125702,0.052772,0.038329
10.793659,1.084000,0.601000,1.314000,1.088452,0.627297,1.267905,1.089747,0.632241,1.260612,-0.002698,-0.006946,0.005074,0.999959,-0.384354,-0.869126,-0.083281,-0.045924,0.060275,0.006888,0.000567,0.004197,0.006805,1,0.102302,-0.307130,9.675624,-0.289008,-0.110828,0.065351,9.681038,0.316353,0.053255,0.062123
10.810332,1.082366,0.602000,1.313000,1.101158,0.668687,1.331288,1.102303,0.675580,1.321361,-0.002697,-0.006947,0.005074,0.999959,0.352166,1.147161,-0.083281,-0.049812,0.059566,0.006870,0.000325,0.004038,0.006743,0,0.000000,0.000000,0.000000,0.000000,0.000000,0.000000,0.000000,0.000000,0.071658,0.076691
10.825839,1.081217,0.603783,1.312000,1.071565,0.651784,1.295904,1.073320,0.655978,1.289097,-0.002697,-0.006947,0.005074,0.999959,-1.042005,-0.595168,-0.083281,-0.056425,0.060897,0.006712,0.000607,0.004021,0.006967,0,0.000000,0.000000,0.000000,0.000000,0.000000,0.000000,0.000000,0.000000,0.051541,0.057544
10.843499,1.079436,0.605436,1.310000,1.068707,0.610734,1.348987,1.070879,0.611990,1.343882,-0.002697,-0.006947,0.005074,0.999959,-0.083340,-1.197102,-0.083281,-0.065798,0.066032,0.006349,0.000856,0.003952,0.007132,0,0.000000,0.000000,0.000000,0.000000,0.000000,0.000000,0.000000,0.000000,0.040782,0.035555
10.860162,1.077988,0.606012,1.308988,1.066969,0.669961,1.362019,1.070529,0.676226,1.352688,-0.002697,-0.006947,0.005074,0.999959,-0.035181,1.199484,-0.083281,-0.080343,0.075508,0.005840,0.001069,0.003846,0.006938,0,0.000000,0.000000,0.000000,0.000000,0.000000,0.000000,0.000000,0.000000,0.083805,0.083038
10.876784,1.076000,0.608000,1.307000,1.071191,0.651570,1.272438,1.073838,0.656401,1.257875,-0.002697,-0.006947,0.005074,0.999959,0.253988,-1.106457,-0.083281,-0.101373,0.085153,0.005544,0.001286,0.003743,0.005437,0,0.000000,0.000000,0.000000,0.000000,0.000000,0.000000,0.000000,0.000000,0.055821,0.068997
10.893390,1.074193,0.609000,1.306000,1.047426,0.669237,1.238982,1.060060,0.676832,1.242056,-0.005440,-0.006447,0.103143,0.994631,-0.541803,0.079935,-0.086443,-0.070349,0.026333,0.006044,0.001175,0.002786,0.004804,16,-0.047391,-0.303042,9.703462,0.138029,-0.046105,0.003877,9.708993,0.158111,0.094003,0.094285
10.910001,1.073000,0.610857,1.304143,1.073548,0.628976,1.350838,1.037609,0.652864,1.288317,0.002821,-0.011720,-0.679018,0.734023,0.064357,-0.553784,-0.049488,-0.062183,0.051887,0.006698,0.001211,0.002518,0.006276,17,0.026930,0.002967,9.704788,0.000370,-0.156982,0.006589,9.707426,0.173763,0.050090,0.057163
10.926650,1.071793,0.612207,1.302793,1.059022,0.622115,1.382756,1.060125,0.648802,1.308012,-0.001864,-0.009880,0.361054,0.932491,-0.089628,-0.631585,0.155826,-0.064833,0.050267,0.006720,0.001129,0.002464,0.006498,17,-0.130889,0.166085,9.853853,-0.000921,-0.035392,0.029048,9.858715,0.121700,0.081580,0.038763
10.943327,1.069000,0.612750,1.301250,1.047990,0.637695,1.318329,1.056050,0.645039,1.309412,-0.007289,-0.007195,0.139986,0.990101,-0.311160,-0.168051,0.115349,-0.065787,0.050307,0.006724,0.001051,0.002425,0.006657,2,-0.362347,-0.054427,9.867763,0.202673,0.083193,0.021657,9.874592,0.221130,0.036815,0.035733
10.959950,1.067084,0.613000,1.300000,1.029240,0.630082,1.399612,1.028071,0.636727,1.398975,-0.002697,-0.006946,0.005074,0.999959,-1.111851,-0.451429,0.115349,-0.066305,0.051063,0.006735,0.000976,0.002396,0.006768,0,0.000000,0.000000,0.000000,0.000000,0.000000,0.000000,0.000000,0.000000,0.107918,0.109000
10.976477,1.065000,0.614000,1.298558,1.043007,0.625848,1.293793,1.044498,0.632731,1.288546,-0.002697,-0.006947,0.005074,0.999959,0.832979,-0.256211,0.115349,-0.066608,0.051733,0.006745,0.000908,0.002369,0.006795,0,0.000000,0.000000,0.000000,0.000000,0.000000,0.000000,0.000000,0.000000,0.025432,0.029519
10.993131,1.063314,0.616000,1.297314,1.069048,0.582310,1.357261,1.063193,0.584202,1.363991,-0.002697,-0.006947,0.005074,0.999959,0.615979,-1.029839,0.115349,-0.066940,0.052541,0.006725,0.000820,0.002348,0.006521,0,0.000000,0.000000,0.000000,0.000000,0.000000,0.000000,0.000000,0.000000,0.069004,0.073871
11.009831,1.061252,0.616000,1.296000,1.069619,0.635976,1.277230,1.064605,0.641779,1.265952,-0.002697,-0.006947,0.005074,0.999959,0.012782,1.199932,0.115349,-0.067137,0.053392,0.006740,0.000720,0.002339,0.006725,0,0.000000,0.000000,0.000000,0.000000,0.000000,0.000000,0.000000,0.000000,0.028659,0.039732
11.026380,1.059498,0.617000,1.294498,1.020355,0.623197,1.368847,1.014645,0.626275,1.376042,-0.002697,-0.006947,0.005074,0.999959,-1.161561,-0.301289,0.115349,-0.067200,0.054290,0.006732,0.000616,0.002342,0.006796,0,0.000000,0.000000,0.000000,0.000000,0.000000,0.000000,0.000000,0.000000,0.084252,0.093527
11.042987,1.057000,0.618758,1.293242,1.038469,0.630451,1.235765,1.040293,0.629612,1.225785,-0.002697,-0.006947,0.005074,0.999959,1.090757,0.436789,0.115349,-0.067166,0.055097,0.006725,0.000518,0.002356,0.006860,0,0.000000,0.000000,0.000000,0.000000,0.000000,0.000000,0.000000,0.000000,0.061511,0.070337
11.059582,1.054695,0.618695,1.292000,1.047273,0.636647,1.311374,1.046191,0.641152,1.304935,-0.002697,-0.006947,0.005074,0.999959,0.530466,0.373317,0.115349,-0.067046,0.055833,0.006718,0.000426,0.002379,0.006919,0,0.000000,0.000000,0.000000,0.000000,0.000000,0.000000,0.000000,0.000000,0.027435,0.027276
11.076247,1.053000,0.619000,1.291000,1.034420,0.648718,1.319164,1.037148,0.649754,1.313288,-0.002697,-0.006947,0.005074,0.999959,-0.771291,0.724357,0.115349,-0.066847,0.056504,0.006711,0.000339,0.002411,0.006976,0,0.000000,0.000000,0.000000,0.000000,0.000000,0.000000,0.000000,0.000000,0.044962,0.041156
11.092897,1.050891,0.620891,1.289000,1.081096,0.670095,1.377291,1.081185,0.676310,1.371314,-0.002697,-0.006947,0.005074,0.999959,1.091015,0.499686,0.115349,-0.066573,0.057115,0.006706,0.000258,0.002451,0.007032,0,0.000000,0.000000,0.000000,0.000000,0.000000,0.000000,0.000000,0.000000,0.105492,0.103753
11.109500,1.049000,0.621370,1.288000,1.037419,0.660139,1.251670,1.052136,0.665071,1.246990,-0.002697,-0.006947,0.005074,0.999959,-1.169984,-0.266714,0.115349,-0.066230,0.057673,0.006700,0.000184,0.002497,0.007086,0,0.000000,0.000000,0.000000,0.000000,0.000000,0.000000,0.000000,0.000000,0.054378,0.060012
11.126143,1.046000,0.621000,1.287000,1.105321,0.640959,1.323187,1.109368,0.642786,1.322617,-0.002697,-0.006947,0.005074,0.999959,1.154818,-0.326182,0.115349,-0.065823,0.058188,0.006695,0.000116,0.002549,0.007139,0,0.000000,0.000000,0.000000,0.000000,0.000000,0.000000,0.000000,0.000000,0.072297,0.075886
11.142714,1.043854,0.621146,1.285854,1.071557,0.640549,1.281221,1.078201,0.646109,1.271901,-0.002697,-0.006947,0.005074,0.999959,-1.199911,-0.014576,0.115349,-0.065357,0.058669,0.006691,0.000054,0.002606,0.007192,0,0.000000,0.000000,0.000000,0.000000,0.000000,0.000000,0.000000,0.000000,0.034138,0.044694
11.159368,1.041535,0.622000,1.284535,1.027795,0.629490,1.268979,1.031575,0.636032,1.262887,-0.002697,-0.006947,0.005074,0.999959,-1.163428,-0.293997,0.115349,-0.064875,0.059117,0.006700,-0.000001,0.002665,0.007076,0,0.000000,0.000000,0.000000,0.000000,0.000000,0.000000,0.000000,0.000000,0.022065,0.027654
11.176059,1.039346,0.622346,1.283000,1.045422,0.627347,1.261401,1.044836,0.627190,1.263173,-0.002697,-0.006947,0.005074,0.999959,1.056102,-0.128420,0.115349,-0.064175,0.059602,0.006697,-0.000052,0.002748,0.007090,0,0.000000,0.000000,0.000000,0.000000,0.000000,0.000000,0.000000,0.000000,0.022988,0.021136
11.192576,1.036817,0.622183,1.282000,0.997320,0.647869,1.288136,0.998803,0.652872,1.282735,-0.002697,-0.006947,0.005074,0.999959,-1.103752,0.470883,0.115349,-0.063449,0.060187,0.006688,-0.000105,0.002836,0.007143,0,0.000000,0.000000,0.000000,0.000000,0.000000,0.000000,0.000000,0.000000,0.047513,0.048862
11.209218,1.034000,0.623000,1.281000,1.033255,0.640184,1.246082,1.037297,0.646383,1.233535,-0.002697,-0.006947,0.005074,0.999959,1.173468,-0.250945,0.115349,-0.062709,0.060736,0.006683,-0.000146,0.002927,0.007197,0,0.000000,0.000000,0.000000,0.000000,0.000000,0.000000,0.000000,0.000000,0.038924,0.053015
11.225855,1.030998,0.622000,1.279998,1.033880,0.653583,1.333186,1.038838,0.664298,1.325940,-0.002697,-0.006947,0.005074,0.999959,0.037568,0.805410,0.115349,-0.061982,0.061258,0.006679,-0.000176,0.003019,0.007251,0,0.000000,0.000000,0.000000,0.000000,0.000000,0.000000,0.000000,0.000000,0.061925,0.062938
11.242504,1.028671,0.622000,1.278000,1.017135,0.632992,1.159849,1.023124,0.630792,1.143968,-0.002697,-0.006947,0.005074,0.999959,-0.757116,-0.931008,0.115349,-0.061294,0.061751,0.006678,-0.000196,0.003111,0.007306,0,0.000000,0.000000,0.000000,0.000000,0.000000,0.000000,0.000000,0.000000,0.119221,0.134434
11.259115,1.026000,0.622573,1.277000,1.042877,0.633330,1.258039,1.043094,0.632185,1.266996,-0.002697,-0.006947,0.005074,0.999959,1.199897,0.015742,0.115349,-0.060664,0.062207,0.006678,-0.000207,0.003203,0.007361,0,0.000000,0.000000,0.000000,0.000000,0.000000,0.000000,0.000000,0.000000,0.027569,0.022015
11.275681,1.023939,0.622000,1.276000,1.051740,0.620897,1.298438,1.055736,0.627758,1.290776,-0.002697,-0.006947,0.005074,0.999959,0.535022,-0.750538,0.115349,-0.060105,0.062607,0.006679,-0.000209,0.003292,0.007416,0,0.000000,0.000000,0.000000,0.000000,0.000000,0.000000,0.000000,0.000000,0.035743,0.035532
11.292379,1.020621,0.622000,1.274000,1.052270,0.634477,1.249147,1.057419,0.639886,1.234425,-0.002697,-0.006947,0.005074,0.999959,0.031773,0.813262,0.115349,-0.059621,0.062935,0.006681,-0.000203,0.003378,0.007472,0,0.000000,0.000000,0.000000,0.000000,0.000000,0.000000,0.000000,0.000000,0.042131,0.056923
11.309006,1.018508,0.621000,1.273508,1.004974,0.652333,1.251675,1.004765,0.662095,1.245232,-0.002697,-0.006947,0.005074,0.999959,-1.122658,0.423839,0.115349,-0.059206,0.063174,0.006683,-0.000190,0.003461,0.007527,0,0.000000,0.000000,0.000000,0.000000,0.000000,0.000000,0.000000,0.000000,0.040517,0.051742
11.325634,1.013966,0.621000,1.271966,1.039571,0.652553,1.362527,1.040855,0.656704,1.355617,-0.002697,-0.006947,0.005074,0.999959,1.199976,0.007648,0.115349,-0.058849,0.063311,0.006686,-0.000171,0.003540,0.007582,0,0.000000,0.000000,0.000000,0.000000,0.000000,0.000000,0.000000,0.000000,0.099260,0.094843
11.342151,1.011623,0.620377,1.270624,1.020116,0.650872,1.241807,1.020435,0.655569,1.237717,-0.002697,-0.006947,0.005074,0.999959,-1.177913,-0.101768,0.115349,-0.058529,0.063340,0.006685,-0.000146,0.003614,0.007637,0,0.000000,0.000000,0.000000,0.000000,0.000000,0.000000,0.000000,0.000000,0.042808,0.048980
11.358800,1.008296,0.620000,1.269296,0.986248,0.619729,1.257265,0.989478,0.622978,1.251430,-0.002697,-0.006947,0.005074,0.999959,-0.883304,-0.812264,0.115349,-0.058223,0.063264,0.006676,-0.000117,0.003684,0.007690,0,0.000000,0.000000,0.000000,0.000000,0.000000,0.000000,0.000000,0.000000,0.025118,0.026118
11.375545,1.004959,0.619041,1.268000,1.048460,0.645121,1.286219,1.053194,0.648759,1.277166,-0.002697,-0.006947,0.005074,0.999959,1.111017,0.453477,0.115349,-0.057897,0.063101,0.006641,-0.000084,0.003749,0.007742,0,0.000000,0.000000,0.000000,0.000000,0.000000,0.000000,0.000000,0.000000,0.053893,0.057391
11.392099,1.002542,0.618542,1.266542,0.978908,0.651960,1.204698,0.978406,0.652579,1.204686,-0.002697,-0.006947,0.005074,0.999959,-1.194240,0.117433,0.115349,-0.057641,0.062701,0.006527,-0.000047,0.003810,0.007791,0,0.000000,0.000000,0.000000,0.000000,0.000000,0.000000,0.000000,0.000000,0.074162,0.074614
11.408743,1.000000,0.618666,1.266000,1.017901,0.661639,1.269031,1.013840,0.669652,1.259299,-0.002697,-0.006947,0.005074,0.999959,1.164657,0.289090,0.115349,-0.057340,0.062596,0.006946,-0.000007,0.003862,0.007848,0,0.000000,0.000000,0.000000,0.000000,0.000000,0.000000,0.000000,0.000000,0.046652,0.053255
11.425307,0.996904,0.617904,1.264000,1.011830,0.654506,1.297276,1.016388,0.656437,1.300071,-0.002697,-0.006947,0.005074,0.999959,-0.366570,-0.430664,0.115349,-0.056749,0.061742,0.006600,0.000037,0.003918,0.007869,0,0.000000,0.000000,0.000000,0.000000,0.000000,0.000000,0.000000,0.000000,0.051670,0.056263
11.441951,0.993402,0.617000,1.263000,1.016195,0.615982,1.289943,1.015374,0.622303,1.277596,-0.002697,-0.006947,0.005074,0.999959,0.135112,-1.192369,0.115349,-0.055674,0.061190,0.006715,0.000089,0.003968,0.007910,0,0.000000,0.000000,0.000000,0.000000,0.000000,0.000000,0.000000,0.000000,0.035305,0.026906
11.458669,0.990193,0.615385,1.262000,0.996356,0.658861,1.243313,0.997063,0.661433,1.238596,-0.002697,-0.006947,0.005074,0.999959,-0.503892,1.089079,0.115349,-0.054660,0.061931,0.006700,0.000140,0.004011,0.008058,0,0.000000,0.000000,0.000000,0.000000,0.000000,0.000000,0.000000,0.000000,0.047721,0.052109
11.475234,0.987000,0.615000,1.260263,0.988426,0.640348,1.246025,0.994313,0.643033,1.241077,-0.002697,-0.006947,0.005074,0.999959,-0.472494,-1.103064,0.115349,-0.055359,0.061982,0.006697,0.000188,0.004050,0.008104,0,0.000000,0.000000,0.000000,0.000000,0.000000,0.000000,0.000000,0.000000,0.029108,0.034748
11.491792,0.983334,0.613334,1.259334,1.024066,0.637043,1.267206,1.016485,0.645086,1.254486,-0.002697,-0.006947,0.005074,0.999959,1.194875,-0.110788,0.115349,-0.055025,0.060664,0.006708,0.000236,0.004082,0.008146,0,0.000000,0.000000,0.000000,0.000000,0.000000,0.000000,0.000000,0.000000,0.047783,0.046160
11.508474,0.979976,0.612976,1.258000,0.980823,0.618874,1.234540,0.989485,0.625972,1.221547,-0.002697,-0.006947,0.005074,0.999959,-1.106316,-0.464827,0.115349,-0.053696,0.060664,0.006728,0.000284,0.004107,0.008184,0,0.000000,0.000000,0.000000,0.000000,0.000000,0.000000,0.000000,0.000000,0.024205,0.039851
11.525129,0.977628,0.612000,1.256372,1.029828,0.601862,1.299281,1.027398,0.607312,1.292236,-0.002697,-0.006947,0.005074,0.999959,1.133629,-0.393554,0.115349,-0.053813,0.061327,0.006734,0.000332,0.004131,0.008219,0,0.000000,0.000000,0.000000,0.000000,0.000000,0.000000,0.000000,0.000000,0.068329,0.061524
11.541700,0.975000,0.610675,1.255325,0.977290,0.611020,1.251954,0.977775,0.612585,1.251283,-0.002697,-0.006947,0.005074,0.999959,-1.182172,0.206083,0.115349,-0.054414,0.060656,0.006730,0.000373,0.004154,0.008232,0,0.000000,0.000000,0.000000,0.000000,0.000000,0.000000,0.000000,0.000000,0.004090,0.005263
11.558295,0.970907,0.609000,1.254000,0.952379,0.654403,1.340721,0.953015,0.658715,1.336142,-0.002697,-0.006947,0.005074,0.999959,-0.597552,1.040640,0.115349,-0.053667,0.059645,0.006746,0.000416,0.004169,0.008248,0,0.000000,0.000000,0.000000,0.000000,0.000000,0.000000,0.000000,0.000000,0.099626,0.097668
11.574941,0.967804,0.607804,1.253000,0.988259,0.615448,1.276301,0.989182,0.615482,1.275254,-0.002697,-0.006947,0.005074,0.999959,0.812974,-0.882651,0.115349,-0.052728,0.059739,0.006742,0.000477,0.004176,0.008037,0,0.000000,0.000000,0.000000,0.000000,0.000000,0.000000,0.000000,0.000000,0.031934,0.031800
11.591607,0.964200,0.606800,1.251200,0.969881,0.635852,1.265907,0.970985,0.644184,1.259001,-0.002697,-0.006947,0.005074,0.999959,-0.803113,0.891633,0.115349,-0.052999,0.060110,0.006754,0.000531,0.004183,0.008062,0,0.000000,0.000000,0.000000,0.000000,0.000000,0.000000,0.000000,0.000000,0.033054,0.038788
11.608222,0.962179,0.605000,1.251000,0.984991,0.657064,1.207365,0.978714,0.665397,1.193346,-0.002697,-0.006947,0.005074,0.999959,0.696216,0.977386,0.115349,-0.053716,0.059292,0.006770,0.000589,0.004173,0.008071,0,0.000000,0.000000,0.000000,0.000000,0.000000,0.000000,0.000000,0.000000,0.071660,0.085118
11.624832,0.958518,0.603000,1.249000,0.960133,0.599027,1.249122,0.960096,0.602868,1.244304,-0.002697,-0.006947,0.005074,0.999959,-0.472465,-1.103076,0.115349,-0.055996,0.058125,0.006744,0.000280,0.004048,0.008109,0,0.000000,0.000000,0.000000,0.000000,0.000000,0.000000,0.000000,0.000000,0.004290,0.004955
11.641410,0.954125,0.601125,1.248000,0.962111,0.642045,1.253541,0.961316,0.643948,1.247793,-0.002697,-0.006947,0.005074,0.999959,0.055119,1.198733,0.115349,-0.059650,0.058652,0.006617,0.000436,0.004073,0.008325,0,0.000000,0.000000,0.000000,0.000000,0.000000,0.000000,0.000000,0.000000,0.042058,0.043422
11.657073,0.952116,0.600000,1.247116,0.926371,0.635602,1.202498,0.927170,0.641998,1.193527,-0.002697,-0.006947,0.005074,0.999959,-1.180962,-0.212907,0.115349,-0.065898,0.061552,0.006454,0.000568,0.004095,0.008451,0,0.000000,0.000000,0.000000,0.000000,0.000000,0.000000,0.000000,0.000000,0.062618,0.072511
11.674777,0.948000,0.598000,1.246000,0.979069,0.611807,1.248945,0.979437,0.618739,1.238673,-0.002697,-0.006947,0.005074,0.999959,1.093675,-0.493837,0.115349,-0.075575,0.066182,0.006214,0.000708,0.004089,0.008043,0,0.000000,0.000000,0.000000,0.000000,0.000000,0.000000,0.000000,0.000000,0.034126,0.038368
11.691381,0.944933,0.596866,1.244933,0.943836,0.606033,1.216593,0.934489,0.608622,1.224106,-0.002697,-0.006947,0.005074,0.999959,-1.184206,-0.194052,0.115349,-0.088709,0.072224,0.005969,0.000888,0.004079,0.007286,0,0.000000,0.000000,0.000000,0.000000,0.000000,0.000000,0.000000,0.000000,0.029806,0.026097
11.707923,0.940799,0.594799,1.243000,0.922685,0.610968,1.154983,0.921533,0.609647,1.151551,-0.002697,-0.006947,0.005074,0.999959,-1.168618,0.272641,0.115349,-0.100642,0.078262,0.007018,0.001245,0.004033,0.005002,0,0.000000,0.000000,0.000000,0.000000,0.000000,0.000000,0.000000,0.000000,0.091305,0.094629
11.724582,0.937327,0.593000,1.242000,0.959182,0.569619,1.245458,0.960604,0.575616,1.237337,-0.002697,-0.006947,0.005074,0.999959,0.794104,-0.899666,0.115349,-0.069042,0.033321,0.005695,0.000974,0.002744,0.004581,0,0.000000,0.000000,0.000000,0.000000,0.000000,0.000000,0.000000,0.000000,0.032191,0.029423
11.741216,0.935000,0.592000,1.241000,0.973663,0.631105,1.289613,0.976127,0.635624,1.283867,-0.002697,-0.006947,0.005074,0.999959,0.275088,1.168044,0.115349,-0.062300,0.056403,0.006744,0.001005,0.002394,0.005839,0,0.000000,0.000000,0.000000,0.000000,0.000000,0.000000,0.000000,0.000000,0.073397,0.073703
11.757834,0.930554,0.589000,1.240000,0.912342,0.577638,1.343606,0.916182,0.573602,1.356286,-0.002697,-0.006947,0.005074,0.999959,-0.904469,-0.788629,0.115349,-0.063953,0.055601,0.006662,0.000910,0.002318,0.006503,0,0.000000,0.000000,0.000000,0.000000,0.000000,0.000000,0.000000,0.000000,0.105806,0.118178
11.774461,0.927264,0.587000,1.239000,0.953176,0.621731,1.174730,0.956275,0.624273,1.174329,-0.002697,-0.006947,0.005074,0.999959,0.815362,0.880446,0.115349,-0.064446,0.055508,0.006619,0.000871,0.002311,0.006962,0,0.000000,0.000000,0.000000,0.000000,0.000000,0.000000,0.000000,0.000000,0.077513,0.080083
11.791010,0.924080,0.586000,1.238000,0.936626,0.583975,1.213750,0.938657,0.587977,1.206035,-0.002697,-0.006947,0.005074,0.999959,-0.481739,-1.099057,0.115349,-0.064003,0.055351,0.006633,0.000859,0.002323,0.007230,0,0.000000,0.000000,0.000000,0.000000,0.000000,0.000000,0.000000,0.000000,0.027379,0.035187
11.807733,0.920620,0.584620,1.236620,0.919205,0.630740,1.239669,0.919280,0.632884,1.240114,-0.002697,-0.006947,0.005074,0.999959,-0.418921,1.124502,0.115349,-0.063663,0.055868,0.006636,0.000849,0.002326,0.007411,0,0.000000,0.000000,0.000000,0.000000,0.000000,0.000000,0.000000,0.000000,0.046242,0.048408
11.824373,0.916048,0.581048,1.235000,0.914160,0.564105,1.266572,0.906089,0.569302,1.258165,-0.002697,-0.006947,0.005074,0.999959,-0.090593,-1.196575,0.115349,-0.064022,0.056465,0.006653,0.000839,0.002330,0.007508,0,0.000000,0.000000,0.000000,0.000000,0.000000,0.000000,0.000000,0.000000,0.035880,0.027816
11.840961,0.912843,0.580843,1.233000,0.897888,0.600525,1.239571,0.903217,0.600773,1.239045,-0.002697,-0.006947,0.005074,0.999959,-0.489517,1.095615,0.115349,-0.064675,0.056369,0.006650,0.000834,0.002335,0.007614,0,0.000000,0.000000,0.000000,0.000000,0.000000,0.000000,0.000000,0.000000,0.025577,0.022943
11.857551,0.909386,0.578386,1.232386,0.943624,0.620087,1.168230,0.940595,0.626742,1.159659,-0.002697,-0.006947,0.005074,0.999959,1.103316,0.471905,0.115349,-0.064759,0.055804,0.006649,0.000832,0.002338,0.007708,0,0.000000,0.000000,0.000000,0.000000,0.000000,0.000000,0.000000,0.000000,0.083829,0.092744
11.874155,0.905264,0.575264,1.231264,0.971364,0.553837,1.264125,0.972090,0.555363,1.259588,-0.002697,-0.006947,0.005074,0.999959,0.463465,-1.106888,0.115349,-0.064262,0.055636,0.006667,0.000828,0.002338,0.007785,0,0.000000,0.000000,0.000000,0.000000,0.000000,0.000000,0.000000,0.000000,0.076864,0.075260
11.890855,0.901711,0.573000,1.230000,0.916979,0.580366,1.200912,0.917683,0.583258,1.201736,-0.002697,-0.006947,0.005074,0.999959,-1.078529,0.526095,0.115349,-0.063969,0.056100,0.006669,0.000826,0.002339,0.007848,0,0.000000,0.000000,0.000000,0.000000,0.000000,0.000000,0.000000,0.000000,0.033668,0.034046
11.907446,0.897593,0.571000,1.229000,0.951488,0.566885,1.208324,0.965407,0.569782,1.200981,-0.002697,-0.006947,0.005074,0.999959,1.117740,-0.436644,0.115349,-0.064327,0.056552,0.006672,0.000823,0.002340,0.007901,0,0.000000,0.000000,0.000000,0.000000,0.000000,0.000000,0.000000,0.000000,0.057871,0.073384
11.924056,0.895210,0.570210,1.228000,0.905709,0.591058,1.207073,0.904260,0.596529,1.202519,-0.002697,-0.006947,0.005074,0.999959,-1.061142,0.560336,0.115349,-0.064851,0.056383,0.006670,0.000819,0.002342,0.007946,0,0.000000,0.000000,0.000000,0.000000,0.000000,0.000000,0.000000,0.000000,0.031350,0.037735
11.940637,0.891705,0.567705,1.226705,0.954302,0.580393,1.210958,0.957889,0.579381,1.199463,-0.002697,-0.006947,0.005074,0.999959,1.172100,-0.257260,0.115349,-0.064842,0.055869,0.006665,0.000815,0.002343,0.007985,0,0.000000,0.000000,0.000000,0.000000,0.000000,0.000000,0.000000,0.000000,0.065783,0.072518
11.957301,0.887347,0.564347,1.225347,0.863470,0.572034,1.233990,0.875347,0.578155,1.222368,-0.002697,-0.006947,0.005074,0.999959,-1.194950,-0.109972,0.115349,-0.064358,0.055761,0.006680,0.000811,0.002342,0.008019,0,0.000000,0.000000,0.000000,0.000000,0.000000,0.000000,0.000000,0.000000,0.026531,0.018535
11.973953,0.884002,0.562002,1.225000,0.958565,0.591886,1.209071,0.954544,0.595197,1.203210,-0.002697,-0.006947,0.005074,0.999959,1.174674,0.245235,0.115349,-0.064108,0.056204,0.006679,0.000808,0.002341,0.008046,0,0.000000,0.000000,0.000000,0.000000,0.000000,0.000000,0.000000,0.000000,0.081893,0.080950
11.990528,0.880635,0.560271,1.223635,0.896022,0.591707,1.239470,0.898900,0.600382,1.227295,-0.002697,-0.006947,0.005074,0.999959,-1.199995,-0.003433,0.115349,-0.064442,0.056597,0.006680,0.000806,0.002342,0.008069,0,0.000000,0.000000,0.000000,0.000000,0.000000,0.000000,0.000000,0.000000,0.038416,0.044226
12.007159,0.877377,0.557377,1.222377,0.890113,0.601614,1.247068,0.893910,0.603236,1.238326,-0.002697,-0.006947,0.005074,0.999959,-0.355332,0.595697,0.115349,-0.064902,0.056425,0.006676,0.000802,0.002343,0.008089,0,0.000000,0.000000,0.000000,0.000000,0.000000,0.000000,0.000000,0.000000,0.052237,0.051291
12.023784,0.872920,0.553960,1.221000,0.891473,0.549289,1.212100,0.892139,0.553586,1.201542,-0.002697,-0.006947,0.005074,0.999959,0.031189,-1.199595,0.115349,-0.064878,0.055953,0.006671,0.000800,0.002344,0.008106,0,0.000000,0.000000,0.000000,0.000000,0.000000,0.000000,0.000000,0.000000,0.021101,0.027352
12.040467,0.869000,0.552000,1.220000,0.864607,0.575718,1.307444,0.865244,0.578389,1.304049,-0.002697,-0.006947,0.005074,0.999959,-0.855463,0.841536,0.115349,-0.064432,0.055846,0.006683,0.000798,0.002342,0.008120,0,0.000000,0.000000,0.000000,0.000000,0.000000,0.000000,0.000000,0.000000,0.090710,0.088174
12.057049,0.865312,0.549312,1.219000,0.902721,0.543480,1.328096,0.894610,0.548740,1.318210,-0.002697,-0.006947,0.005074,0.999959,0.916215,-0.774952,0.115349,-0.064190,0.056215,0.006681,0.000804,0.002344,0.008117,0,0.000000,0.000000,0.000000,0.000000,0.000000,0.000000,0.000000,0.000000,0.115479,0.103448
12.072946,0.861963,0.547481,1.217481,0.863824,0.604460,1.222529,0.866198,0.603959,1.223715,-0.002697,-0.006947,0.005074,0.999959,-0.645335,1.011703,0.115349,-0.064476,0.056575,0.006683,0.000801,0.002344,0.008106,0,0.000000,0.000000,0.000000,0.000000,0.000000,0.000000,0.000000,0.000000,0.057232,0.056978
12.090326,0.857331,0.543665,1.216665,0.850627,0.547712,1.279594,0.846280,0.552662,1.272425,-0.002697,-0.006947,0.005074,0.999959,-0.271814,-1.168810,0.115349,-0.064901,0.056442,0.006679,0.000797,0.002344,0.008095,0,0.000000,0.000000,0.000000,0.000000,0.000000,0.000000,0.000000,0.000000,0.063413,0.057552
12.106950,0.854381,0.542381,1.215000,0.854503,0.549594,1.186898,0.857407,0.550841,1.183393,-0.002697,-0.006947,0.005074,0.999959,0.233179,0.113203,0.115349,-0.064911,0.056014,0.006675,0.000794,0.002344,0.008084,0,0.000000,0.000000,0.000000,0.000000,0.000000,0.000000,0.000000,0.000000,0.029013,0.032859
12.123538,0.850000,0.540000,1.214000,0.830032,0.549191,1.087933,0.830192,0.550946,1.084359,-0.002697,-0.006947,0.005074,0.999959,-1.199838,-0.019735,0.115349,-0.064516,0.055883,0.006686,0.000790,0.002342,0.008073,0,0.000000,0.000000,0.000000,0.000000,0.000000,0.000000,0.000000,0.000000,0.127969,0.131601
12.140160,0.846444,0.537444,1.213000,0.877896,0.554754,1.204845,0.874520,0.558062,1.197254,-0.002697,-0.006947,0.005074,0.999959,1.191977,0.138533,0.115349,-0.064263,0.056198,0.006682,0.000792,0.002339,0.008170,0,0.000000,0.000000,0.000000,0.000000,0.000000,0.000000,0.000000,0.000000,0.036816,0.038227
12.156761,0.842778,0.533889,1.211889,0.840737,0.565306,1.238365,0.843159,0.569022,1.236897,-0.002697,-0.006947,0.005074,0.999959,-1.154363,0.327790,0.115349,-0.064473,0.056529,0.006683,0.000798,0.002340,0.008153,0,0.000000,0.000000,0.000000,0.000000,0.000000,0.000000,0.000000,0.000000,0.041136,0.043126
12.173407,0.838604,0.530842,1.210842,0.879508,0.538237,1.254058,0.882018,0.540497,1.247989,-0.002697,-0.006947,0.005074,0.999959,0.983922,-0.686947,0.115349,-0.064864,0.056434,0.006680,0.000803,0.002342,0.008137,0,0.000000,0.000000,0.000000,0.000000,0.000000,0.000000,0.000000,0.000000,0.059962,0.057947
12.190046,0.834486,0.529194,1.209194,0.826966,0.532430,1.230110,0.827659,0.537852,1.223136,-0.002697,-0.006947,0.005074,0.999959,-1.192737,-0.131828,0.115349,-0.064927,0.056018,0.006675,0.000809,0.002344,0.008122,0,0.000000,0.000000,0.000000,0.000000,0.000000,0.000000,0.000000,0.000000,0.022460,0.017774
12.206709,0.830481,0.526068,1.208414,0.857294,0.545407,1.262534,0.856880,0.551234,1.255585,-0.002697,-0.006947,0.005074,0.999959,1.103243,0.472075,0.115349,-0.064588,0.055806,0.006687,0.000815,0.002344,0.008107,0,0.000000,0.000000,0.000000,0.000000,0.000000,0.000000,0.000000,0.000000,0.063419,0.059627
12.223225,0.826539,0.523000,1.207539,0.851080,0.534026,1.258869,0.849366,0.538485,1.252622,-0.002697,-0.006947,0.005074,0.999959,-0.376223,-0.689094,0.115349,-0.064294,0.056020,0.006685,0.000823,0.002344,0.008091,0,0.000000,0.000000,0.000000,0.000000,0.000000,0.000000,0.000000,0.000000,0.057954,0.052852
12.239907,0.822416,0.519624,1.206000,0.841059,0.488323,1.283913,0.841892,0.488293,1.283910,-0.002697,-0.006947,0.005074,0.999959,-0.257012,-1.172154,0.115349,-0.064407,0.056346,0.006685,0.000832,0.002346,0.008073,0,0.000000,0.000000,0.000000,0.000000,0.000000,0.000000,0.000000,0.000000,0.086011,0.086203
12.256562,0.818790,0.517790,1.205000,0.836739,0.534536,1.145922,0.835904,0.538771,1.135586,-0.002697,-0.006947,0.005074,0.999959,-0.111702,1.194790,0.115349,-0.064765,0.056330,0.006682,0.000840,0.002349,0.008057,0,0.000000,0.000000,0.000000,0.000000,0.000000,0.000000,0.000000,0.000000,0.063975,0.074508
12.273179,0.814085,0.514542,1.204542,0.816924,0.509383,1.254879,0.815378,0.511716,1.249955,-0.002697,-0.006947,0.005074,0.999959,-0.742596,-0.942630,0.115349,-0.064900,0.055965,0.006678,0.000849,0.002352,0.008040,0,0.000000,0.000000,0.000000,0.000000,0.000000,0.000000,0.000000,0.000000,0.050680,0.045519
12.289800,0.810819,0.511819,1.203000,0.818846,0.534214,1.147026,0.818290,0.533735,1.151057,-0.002697,-0.006947,0.005074,0.999959,0.092639,1.196419,0.115349,-0.064639,0.055694,0.006691,0.000858,0.002353,0.008024,0,0.000000,0.000000,0.000000,0.000000,0.000000,0.000000,0.000000,0.000000,0.060819,0.056870
12.306383,0.805711,0.507711,1.202904,0.869435,0.451303,1.289413,0.863425,0.454208,1.280988,-0.002697,-0.006947,0.005074,0.999959,0.625034,-1.024369,0.115349,-0.064322,0.055802,0.006688,0.000869,0.002355,0.008007,0,0.000000,0.000000,0.000000,0.000000,0.000000,0.000000,0.000000,0.000000,0.121352,0.110863
12.323082,0.802324,0.505000,1.201324,0.805547,0.516878,1.155228,0.806927,0.516552,1.156362,-0.002697,-0.006947,0.005074,0.999959,-0.837408,0.859505,0.115349,-0.064328,0.056104,0.006688,0.000880,0.002357,0.007989,0,0.000000,0.000000,0.000000,0.000000,0.000000,0.000000,0.000000,0.000000,0.047711,0.046651
12.339667,0.797936,0.501000,1.200936,0.857524,0.526743,1.275480,0.854665,0.529143,1.272058,-0.002697,-0.006947,0.005074,0.999959,1.178953,0.223764,0.115349,-0.064632,0.056177,0.006689,0.000891,0.002361,0.007972,0,0.000000,0.000000,0.000000,0.000000,0.000000,0.000000,0.000000,0.000000,0.098845,0.095230
12.356273,0.793975,0.498580,1.199395,0.770595,0.497335,1.080372,0.771516,0.496006,1.075963,-0.002697,-0.006947,0.005074,0.999959,-1.136714,-0.384553,0.115349,-0.064831,0.055892,0.006686,0.000903,0.002366,0.007955,0,0.000000,0.000000,0.000000,0.000000,0.000000,0.000000,0.000000,0.000000,0.121304,0.125485
12.372698,0.790469,0.495000,1.198469,0.760055,0.543021,1.199189,0.762242,0.549916,1.192575,-0.002697,-0.006947,0.005074,0.999959,-0.269758,1.169286,0.115349,-0.064675,0.055574,0.006692,0.000915,0.002369,0.007938,0,0.000000,0.000000,0.000000,0.000000,0.000000,0.000000,0.000000,0.000000,0.056847,0.062027
12.389377,0.785974,0.491974,1.198000,0.807349,0.531169,1.234256,0.806600,0.539725,1.234283,-0.002697,-0.006947,0.005074,0.999959,1.164005,-0.291707,0.115349,-0.064352,0.055565,0.006691,0.000927,0.002372,0.007922,0,0.000000,0.000000,0.000000,0.000000,0.000000,0.000000,0.000000,0.000000,0.057512,0.063419
12.405213,0.783158,0.489158,1.197079,0.775153,0.492464,1.212039,0.775695,0.492053,1.213171,-0.002697,-0.006947,0.005074,0.999959,-0.767401,-0.922549,0.115349,-0.064252,0.055819,0.006691,0.000941,0.002376,0.007904,0,0.000000,0.000000,0.000000,0.000000,0.000000,0.000000,0.000000,0.000000,0.017286,0.017973
12.422763,0.778249,0.485249,1.196083,0.787736,0.544528,1.156363,0.789532,0.551210,1.144645,-0.002697,-0.006947,0.005074,0.999959,0.281902,1.166418,0.115349,-0.064476,0.055964,0.006692,0.000955,0.002381,0.007887,0,0.000000,0.000000,0.000000,0.000000,0.000000,0.000000,0.000000,0.000000,0.071984,0.084405
12.439348,0.774217,0.481848,1.194739,0.765111,0.514181,1.225412,0.764892,0.515597,1.223664,-0.002697,-0.006947,0.005074,0.999959,-0.717249,-0.962057,0.115349,-0.064714,0.055772,0.006690,0.000968,0.002387,0.007870,0,0.000000,0.000000,0.000000,0.000000,0.000000,0.000000,0.000000,0.000000,0.045489,0.045417
12.456034,0.770958,0.477979,1.194000,0.772032,0.493307,1.156482,0.773748,0.494741,1.150298,-0.002697,-0.006947,0.005074,0.999959,0.377650,-1.139026,0.115349,-0.064655,0.055441,0.006687,0.000983,0.002393,0.007855,0,0.000000,0.000000,0.000000,0.000000,0.000000,0.000000,0.000000,0.000000,0.040542,0.046890
12.472687,0.766197,0.475131,1.193066,0.775609,0.498118,1.289719,0.773415,0.500625,1.286386,-0.002697,-0.006947,0.005074,0.999959,0.214799,0.288867,0.115349,-0.064362,0.055332,0.006695,0.000997,0.002399,0.007839,0,0.000000,0.000000,0.000000,0.000000,0.000000,0.000000,0.000000,0.000000,0.099794,0.097008
12.489311,0.762353,0.470353,1.191471,0.774141,0.500535,1.212928,0.780592,0.505722,1.208993,-0.002697,-0.006947,0.005074,0.999959,-0.088360,0.145394,0.115349,-0.064180,0.055511,0.006694,0.001013,0.002405,0.007823,0,0.000000,0.000000,0.000000,0.000000,0.000000,0.000000,0.000000,0.000000,0.038863,0.043482
12.505889,0.758427,0.466427,1.191000,0.747698,0.475134,1.175297,0.742820,0.480214,1.170515,-0.002697,-0.006947,0.005074,0.999959,-0.865406,-0.831307,0.115349,-0.064301,0.055700,0.006695,0.001029,0.002413,0.007806,0,0.000000,0.000000,0.000000,0.000000,0.000000,0.000000,0.000000,0.000000,0.020917,0.029212
12.522530,0.755305,0.463305,1.190000,0.763985,0.432247,1.257054,0.760337,0.432122,1.260276,-0.002697,-0.006947,0.005074,0.999959,0.426035,-1.121826,0.115349,-0.064542,0.055614,0.006693,0.001045,0.002422,0.007791,0,0.000000,0.000000,0.000000,0.000000,0.000000,0.000000,0.000000,0.000000,0.074406,0.077048
12.538103,0.751117,0.459058,1.189000,0.762711,0.492037,1.219203,0.763166,0.496782,1.216467,-0.002697,-0.006947,0.005074,0.999959,-0.025568,1.199728,0.115349,-0.064584,0.055311,0.006691,0.001061,0.002431,0.007777,0,0.000000,0.000000,0.000000,0.000000,0.000000,0.000000,0.000000,0.000000,0.046198,0.048194
12.555764,0.747217,0.454217,1.187826,0.743821,0.445546,1.197606,0.743716,0.451727,1.199303,-0.002697,-0.006947,0.005074,0.999959,-0.451708,-1.111737,0.115349,-0.064355,0.055112,0.006700,0.001077,0.002440,0.007763,0,0.000000,0.000000,0.000000,0.000000,0.000000,0.000000,0.000000,0.000000,0.013505,0.012255
12.572405,0.743313,0.450313,1.186958,0.737993,0.481363,1.185984,0.737599,0.483678,1.185856,-0.002697,-0.006947,0.005074,0.999959,-0.192741,1.184420,0.115349,-0.064112,0.055188,0.006699,0.001094,0.002449,0.007749,0,0.000000,0.000000,0.000000,0.000000,0.000000,0.000000,0.000000,0.000000,0.031517,0.033868
12.588958,0.739430,0.446430,1.186096,0.739346,0.471040,1.195851,0.735247,0.473228,1.188454,-0.002697,-0.006947,0.005074,0.999959,0.081749,-0.623632,0.115349,-0.064108,0.055386,0.006699,0.001111,0.002459,0.007735,0,0.000000,0.000000,0.000000,0.000000,0.000000,0.000000,0.000000,0.000000,0.026473,0.027225
12.605631,0.735695,0.442695,1.185339,0.758693,0.473331,1.141681,0.758647,0.480487,1.131428,-0.002697,-0.006947,0.005074,0.999959,1.160374,0.137371,0.115349,-0.064310,0.055414,0.006700,0.001128,0.002472,0.007721,0,0.000000,0.000000,0.000000,0.000000,0.000000,0.000000,0.000000,0.000000,0.058082,0.069723
12.622265,0.732076,0.438691,1.184615,0.742449,0.446663,1.182078,0.747726,0.451742,1.176173,-0.002697,-0.006947,0.005074,0.999959,-0.624281,-1.024829,0.115349,-0.064436,0.055189,0.006699,0.001146,0.002485,0.007708,0,0.000000,0.000000,0.000000,0.000000,0.000000,0.000000,0.000000,0.000000,0.013326,0.022057
12.638886,0.728505,0.434009,1.184000,0.749621,0.453847,1.188275,0.748365,0.458156,1.181997,-0.002697,-0.006947,0.005074,0.999959,0.431506,0.432204,0.115349,-0.064310,0.054932,0.006704,0.001162,0.002498,0.007697,0,0.000000,0.000000,0.000000,0.000000,0.000000,0.000000,0.000000,0.000000,0.029287,0.031329
12.655498,0.724204,0.429204,1.183000,0.746330,0.427475,1.214741,0.742790,0.431295,1.211439,-0.002697,-0.006947,0.005074,0.999959,-0.148595,-1.190764,0.115349,-0.064049,0.054885,0.006703,0.001179,0.002511,0.007685,0,0.000000,0.000000,0.000000,0.000000,0.000000,0.000000,0.000000,0.000000,0.038730,0.034037
12.672066,0.720716,0.425288,1.182000,0.714349,0.457744,1.189662,0.713033,0.463649,1.184363,-0.002697,-0.006947,0.005074,0.999959,-0.871521,0.824895,0.115349,-0.063923,0.055042,0.006703,0.001197,0.002525,0.007674,0,0.000000,0.000000,0.000000,0.000000,0.000000,0.000000,0.000000,0.000000,0.033951,0.039194
12.688792,0.716833,0.421417,1.181417,0.708466,0.417678,1.189377,0.704232,0.419933,1.183180,-0.002697,-0.006947,0.005074,0.999959,-0.174326,-1.187270,0.115349,-0.064034,0.055158,0.006704,0.001215,0.002542,0.007663,0,0.000000,0.000000,0.000000,0.000000,0.000000,0.000000,0.000000,0.000000,0.012139,0.012811
12.705397,0.712922,0.416843,1.181000,0.690970,0.442396,1.237624,0.690283,0.445773,1.236959,-0.002697,-0.006947,0.005074,0.999959,-0.693309,0.979450,0.115349,-0.064198,0.055044,0.006703,0.001232,0.002560,0.007653,0,0.000000,0.000000,0.000000,0.000000,0.000000,0.000000,0.000000,0.000000,0.065887,0.066940
12.722039,0.709551,0.412551,1.180000,0.721857,0.434120,1.233661,0.721103,0.441711,1.228188,-0.002697,-0.006947,0.005074,0.999959,1.159111,-0.310582,0.115349,-0.064180,0.054786,0.006702,0.001249,0.002578,0.007644,0,0.000000,0.000000,0.000000,0.000000,0.000000,0.000000,0.000000,0.000000,0.059129,0.057496
12.738607,0.705910,0.408562,1.179000,0.713272,0.415425,1.298504,0.713182,0.416872,1.303774,-0.002697,-0.006947,0.005074,0.999959,-0.500790,-1.090509,0.115349,-0.063960,0.054638,0.006708,0.001265,0.002596,0.007635,0,0.000000,0.000000,0.000000,0.000000,0.000000,0.000000,0.000000,0.000000,0.119927,0.125262
12.755264,0.701826,0.403652,1.178826,0.701603,0.386780,1.279209,0.702966,0.390242,1.273033,-0.002697,-0.006947,0.005074,0.999959,-0.452725,-1.111323,0.115349,-0.063751,0.054708,0.006708,0.001281,0.002615,0.007627,0,0.000000,0.000000,0.000000,0.000000,0.000000,0.000000,0.000000,0.000000,0.101792,0.095163
12.771971,0.698489,0.399489,1.177245,0.694109,0.430401,1.180780,0.690955,0.433519,1.169470,-0.002697,-0.006947,0.005074,0.999959,-0.203181,1.182674,0.115349,-0.063738,0.054859,0.006709,0.001298,0.002635,0.007618,0,0.000000,0.000000,0.000000,0.000000,0.000000,0.000000,0.000000,0.000000,0.031420,0.035710
12.788517,0.694951,0.394439,1.176488,0.685371,0.426881,1.150747,0.686544,0.427010,1.148867,-0.002697,-0.006947,0.005074,0.999959,-0.528097,-0.212710,0.115349,-0.063877,0.054868,0.006710,0.001314,0.002658,0.007611,0,0.000000,0.000000,0.000000,0.000000,0.000000,0.000000,0.000000,0.000000,0.042507,0.043525
12.805116,0.691190,0.389738,1.175547,0.684866,0.346768,1.241902,0.684700,0.353395,1.233580,-0.002697,-0.006947,0.005074,0.999959,-0.007566,-1.199976,0.115349,-0.063950,0.054679,0.006709,0.001329,0.002682,0.007604,0,0.000000,0.000000,0.000000,0.000000,0.000000,0.000000,0.000000,0.000000,0.079305,0.068780
12.821716,0.687561,0.385122,1.175000,0.671579,0.433326,1.140276,0.673401,0.429933,1.148869,-0.002697,-0.006947,0.005074,0.999959,-0.182079,1.186106,0.115349,-0.063823,0.054469,0.006713,0.001343,0.002706,0.007599,0,0.000000,0.000000,0.000000,0.000000,0.000000,0.000000,0.000000,0.000000,0.061520,0.053771
12.838433,0.683350,0.380026,1.174000,0.689556,0.352565,1.291289,0.690442,0.350598,1.297133,-0.002697,-0.006947,0.005074,0.999959,0.260736,-1.171331,0.115349,-0.063588,0.054424,0.006713,0.001356,0.002730,0.007593,0,0.000000,0.000000,0.000000,0.000000,0.000000,0.000000,0.000000,0.000000,0.120620,0.126799
12.854984,0.680075,0.375612,1.173537,0.671935,0.390428,1.176254,0.666176,0.391981,1.166941,-0.002697,-0.006947,0.005074,0.999959,-0.506317,1.087954,0.115349,-0.063451,0.054545,0.006714,0.001370,0.002755,0.007588,0,0.000000,0.000000,0.000000,0.000000,0.000000,0.000000,0.000000,0.000000,0.017121,0.022464
12.871639,0.676377,0.370377,1.172000,0.638717,0.363590,1.078628,0.626714,0.358855,1.060250,-0.002697,-0.006947,0.005074,0.999959,-0.933415,-0.754146,0.115349,-0.063500,0.054647,0.006714,0.001383,0.002783,0.007583,0,0.000000,0.000000,0.000000,0.000000,0.000000,0.000000,0.000000,0.000000,0.100909,0.122831
12.888220,0.671948,0.364922,1.170987,0.669488,0.379217,1.178884,0.671463,0.384284,1.176433,-0.002697,-0.006947,0.005074,0.999959,1.069930,0.543369,0.115349,-0.063609,0.054576,0.006714,0.001394,0.002812,0.007579,0,0.000000,0.000000,0.000000,0.000000,0.000000,0.000000,0.000000,0.000000,0.016516,0.020119
12.904851,0.668763,0.360144,1.170191,0.656151,0.363495,1.213119,0.657343,0.367738,1.211069,-0.002697,-0.006947,0.005074,0.999959,-0.776294,-0.915078,0.115349,-0.063590,0.054376,0.006713,0.001404,0.002841,0.007576,0,0.000000,0.000000,0.000000,0.000000,0.000000,0.000000,0.000000,0.000000,0.044868,0.043117
12.921497,0.665575,0.355363,1.169394,0.659332,0.327353,1.138874,0.659434,0.333550,1.140182,-0.002697,-0.006947,0.005074,0.999959,0.105200,-1.195380,0.115349,-0.063401,0.054239,0.006719,0.001413,0.002871,0.007573,0,0.000000,0.000000,0.000000,0.000000,0.000000,0.000000,0.000000,0.000000,0.041892,0.036970
12.938121,0.660833,0.349762,1.168976,0.690796,0.340277,1.216854,0.690295,0.347066,1.208898,-0.002697,-0.006947,0.005074,0.999959,1.110022,0.455907,0.115349,-0.063189,0.054273,0.006719,0.001421,0.002901,0.007570,0,0.000000,0.000000,0.000000,0.000000,0.000000,0.000000,0.000000,0.000000,0.057272,0.049689
12.954677,0.657115,0.344450,1.168445,0.664851,0.366356,1.061403,0.664587,0.363702,1.058960,-0.002697,-0.006947,0.005074,0.999959,-0.846340,0.850710,0.115349,-0.063113,0.054403,0.006719,0.001428,0.002933,0.007568,0,0.000000,0.000000,0.000000,0.000000,0.000000,0.000000,0.000000,0.000000,0.109534,0.111416
12.971389,0.653301,0.339301,1.167301,0.651852,0.318117,1.197451,0.651126,0.321977,1.199506,-0.002697,-0.006947,0.005074,0.999959,-0.312221,-1.158671,0.115349,-0.063180,0.054456,0.006720,0.001433,0.002966,0.007565,0,0.000000,0.000000,0.000000,0.000000,0.000000,0.000000,0.000000,0.000000,0.036876,0.036633
12.987977,0.649659,0.333803,1.166629,0.644325,0.316671,1.228479,0.645442,0.317932,1.229912,-0.002697,-0.006947,0.005074,0.999959,-0.453756,-0.087135,0.115349,-0.063238,0.054349,0.006720,0.001437,0.003001,0.007564,0,0.000000,0.000000,0.000000,0.000000,0.000000,0.000000,0.000000,0.000000,0.064400,0.065379
13.004628,0.646039,0.328171,1.166227,0.628599,0.302166,1.250158,0.629079,0.297512,1.266673,-0.002697,-0.006947,0.005074,0.999959,-0.882075,-0.813599,0.115349,-0.063152,0.054178,0.006719,0.001439,0.003035,0.007563,0,0.000000,0.000000,0.000000,0.000000,0.000000,0.000000,0.000000,0.000000,0.089581,0.106382
13.021223,0.642249,0.322497,1.165000,0.649506,0.328657,1.161959,0.645016,0.335196,1.151813,-0.002697,-0.006947,0.005074,0.999959,0.743426,0.941976,0.115349,-0.062944,0.054108,0.006724,0.001439,0.003070,0.007562,0,0.000000,0.000000,0.000000,0.000000,0.000000,0.000000,0.000000,0.000000,0.009993,0.018515
13.038243,0.637693,0.316693,1.164693,0.615942,0.309822,1.173573,0.615147,0.312628,1.175014,-0.002697,-0.006947,0.005074,0.999959,-1.046490,-0.587247,0.115349,-0.062763,0.054186,0.006724,0.001438,0.003104,0.007561,0,0.000000,0.000000,0.000000,0.000000,0.000000,0.000000,0.000000,0.000000,0.024478,0.025127
13.054509,0.634613,0.311226,1.164307,0.642312,0.305692,1.136112,0.640527,0.310198,1.130200,-0.002697,-0.006947,0.005074,0.999959,1.185549,-0.185671,0.115349,-0.062720,0.054311,0.006725,0.001435,0.003140,0.007560,0,0.000000,0.000000,0.000000,0.000000,0.000000,0.000000,0.000000,0.000000,0.029746,0.034631
13.071140,0.630247,0.305495,1.163416,0.628653,0.301559,1.167636,0.631253,0.302430,1.164792,-0.002697,-0.006947,0.005074,0.999959,-0.821268,-0.248496,0.115349,-0.062779,0.054337,0.006726,0.001430,0.003177,0.007559,0,0.000000,0.000000,0.000000,0.000000,0.000000,0.000000,0.000000,0.000000,0.005987,0.003507
13.087768,0.625635,0.298725,1.163000,0.640296,0.303926,1.166160,0.639951,0.299341,1.156755,-0.002697,-0.006947,0.005074,0.999959,0.700197,0.142342,0.115349,-0.062793,0.054230,0.006726,0.001423,0.003215,0.007558,0,0.000000,0.000000,0.000000,0.000000,0.000000,0.000000,0.000000,0.000000,0.015874,0.015631
13.104320,0.621515,0.292805,1.162645,0.627092,0.268316,1.238500,0.622042,0.267574,1.231534,-0.002697,-0.006947,0.005074,0.999959,-0.417197,-1.125143,0.115349,-0.062673,0.054103,0.006729,0.001413,0.003252,0.007558,0,0.000000,0.000000,0.000000,0.000000,0.000000,0.000000,0.000000,0.000000,0.079905,0.073366
13.120967,0.616872,0.286808,1.161968,0.623916,0.312791,1.212293,0.626584,0.311683,1.212932,-0.002697,-0.006947,0.005074,0.999959,-0.085455,1.196953,0.115349,-0.062468,0.054083,0.006729,0.001402,0.003288,0.007557,0,0.000000,0.000000,0.000000,0.000000,0.000000,0.000000,0.000000,0.000000,0.057073,0.057537
13.137655,0.613618,0.281928,1.161155,0.598846,0.285821,1.191958,0.600944,0.288775,1.186293,-0.002697,-0.006947,0.005074,0.999959,-0.817000,-0.878926,0.115349,-0.062312,0.054187,0.006729,0.001388,0.003324,0.007557,0,0.000000,0.000000,0.000000,0.000000,0.000000,0.000000,0.000000,0.000000,0.034383,0.028973
13.154311,0.608889,0.275045,1.160578,0.598379,0.277432,1.203108,0.597726,0.284907,1.198394,-0.002697,-0.006947,0.005074,0.999959,-0.028074,-0.503653,0.115349,-0.062287,0.054306,0.006727,0.001371,0.003366,0.007438,0,0.000000,0.000000,0.000000,0.000000,0.000000,0.000000,0.000000,0.000000,0.043875,0.040644
13.170827,0.604880,0.268799,1.160000,0.616820,0.257700,1.160409,0.618763,0.264887,1.149912,-0.002697,-0.006947,0.005074,0.999959,0.819360,-0.876727,0.115349,-0.062324,0.054332,0.006729,0.001353,0.003401,0.007447,0,0.000000,0.000000,0.000000,0.000000,0.000000,0.000000,0.000000,0.000000,0.016307,0.017602
13.187454,0.601362,0.263362,1.160000,0.601870,0.275032,1.134662,0.600472,0.275020,1.129090,-0.002697,-0.006947,0.005074,0.999959,-0.783778,0.908676,0.115349,-0.062297,0.054246,0.006729,0.001331,0.003439,0.007452,0,0.000000,0.000000,0.000000,0.000000,0.000000,0.000000,0.000000,0.000000,0.027901,0.033047
13.204140,0.596635,0.257290,1.159327,0.626788,0.228484,1.197362,0.628027,0.236048,1.188071,-0.002697,-0.006947,0.005074,0.999959,0.566346,-1.057947,0.115349,-0.062165,0.054169,0.006732,0.001305,0.003476,0.007458,0,0.000000,0.000000,0.000000,0.000000,0.000000,0.000000,0.000000,0.000000,0.056442,0.047570
13.220714,0.592286,0.250477,1.159000,0.617792,0.269675,1.218051,0.620705,0.268904,1.209903,-0.002697,-0.006947,0.005074,0.999959,-0.256056,1.172363,0.115349,-0.061969,0.054185,0.006732,0.001278,0.003511,0.007463,0,0.000000,0.000000,0.000000,0.000000,0.000000,0.000000,0.000000,0.000000,0.067128,0.061141
13.237288,0.587889,0.244445,1.158445,0.587163,0.231428,1.180756,0.588857,0.236043,1.174986,-0.002697,-0.006947,0.005074,0.999959,-0.750095,-0.936673,0.115349,-0.061826,0.054313,0.006733,0.001248,0.003544,0.007465,0,0.000000,0.000000,0.000000,0.000000,0.000000,0.000000,0.000000,0.000000,0.025841,0.018578
13.253922,0.583683,0.238244,1.158000,0.619346,0.200978,1.161758,0.616332,0.201120,1.156248,-0.002697,-0.006947,0.005074,0.999959,0.871678,-0.824729,0.115349,-0.061805,0.054445,0.006734,0.001216,0.003577,0.007468,0,0.000000,0.000000,0.000000,0.000000,0.000000,0.000000,0.000000,0.000000,0.051718,0.049469
13.270572,0.579748,0.231748,1.157916,0.612594,0.249071,1.136882,0.610016,0.254482,1.130124,-0.002697,-0.006947,0.005074,0.999959,-0.166845,1.188345,0.115349,-0.061835,0.054481,0.006735,0.001181,0.003609,0.007468,0,0.000000,0.000000,0.000000,0.000000,0.000000,0.000000,0.000000,0.000000,0.042678,0.046962
13.287225,0.575494,0.225987,1.157000,0.575739,0.207809,1.216636,0.571327,0.209940,1.215382,-0.002697,-0.006947,0.005074,0.999959,-0.799390,-0.894972,0.115349,-0.063030,0.055010,0.006711,0.001058,0.003767,0.007577,0,0.000000,0.000000,0.000000,0.000000,0.000000,0.000000,0.000000,0.000000,0.062346,0.060690
13.303805,0.570952,0.219738,1.156595,0.563189,0.201595,1.172702,0.561033,0.199707,1.174705,-0.002697,-0.006947,0.005074,0.999959,-0.756926,-0.374824,0.115349,-0.064830,0.055182,0.006684,0.001014,0.003830,0.007717,0,0.000000,0.000000,0.000000,0.000000,0.000000,0.000000,0.000000,0.000000,0.025473,0.028768
13.320389,0.565771,0.213003,1.156077,0.550890,0.219677,1.111526,0.550409,0.226850,1.111267,-0.002697,-0.006947,0.005074,0.999959,-0.674883,0.992236,0.115349,-0.067438,0.054970,0.006643,0.000988,0.003918,0.007970,0,0.000000,0.000000,0.000000,0.000000,0.000000,0.000000,0.000000,0.000000,0.047442,0.049353
13.337104,0.561101,0.205561,1.156000,0.587254,0.207903,1.236584,0.587559,0.207883,1.228733,-0.002697,-0.006947,0.005074,0.999959,1.141652,-0.369635,0.115349,-0.071304,0.054244,0.006624,0.000961,0.004004,0.008195,0,0.000000,0.000000,0.000000,0.000000,0.000000,0.000000,0.000000,0.000000,0.084755,0.077431
13.353714,0.557002,0.199004,1.156000,0.561823,0.235050,1.105522,0.564371,0.242288,1.095041,-0.002697,-0.006947,0.005074,0.999959,-0.820410,0.875744,0.115349,-0.076511,0.052789,0.006754,0.000974,0.004069,0.008196,0,0.000000,0.000000,0.000000,0.000000,0.000000,0.000000,0.000000,0.000000,0.062214,0.075125
13.370378,0.552181,0.193181,1.156000,0.560954,0.180518,1.105892,0.563429,0.188816,1.096854,-0.002697,-0.006947,0.005074,0.999959,-0.019133,-1.199847,0.115349,-0.077671,0.054168,0.007945,0.001443,0.003921,0.006342,0,0.000000,0.000000,0.000000,0.000000,0.000000,0.000000,0.000000,0.000000,0.052422,0.060364
13.386936,0.547712,0.186712,1.155000,0.511906,0.183556,1.104280,0.511979,0.184536,1.107427,-0.002697,-0.006947,0.005074,0.999959,-1.197704,0.074195,0.115349,-0.067081,0.054536,0.006988,0.001047,0.002374,0.006608,0,0.000000,0.000000,0.000000,0.000000,0.000000,0.000000,0.000000,0.000000,0.062166,0.059538
13.403404,0.543108,0.180144,1.155000,0.546315,0.171507,1.208259,0.549815,0.173600,1.202874,-0.002697,-0.006947,0.005074,0.999959,1.132564,-0.396609,0.115349,-0.065923,0.057853,0.006683,0.000151,0.002211,0.005571,0,0.000000,0.000000,0.000000,0.000000,0.000000,0.000000,0.000000,0.000000,0.054051,0.048782
13.420225,0.538339,0.172770,1.155000,0.540702,0.193830,1.161588,0.543179,0.201276,1.149859,-0.002697,-0.006947,0.005074,0.999959,-0.292663,1.163765,0.115349,-0.065529,0.054669,0.006724,0.001073,0.002400,0.005900,0,0.000000,0.000000,0.000000,0.000000,0.000000,0.000000,0.000000,0.000000,0.022193,0.029367
13.436815,0.533693,0.166039,1.154891,0.531265,0.177899,1.192947,0.524781,0.181099,1.186472,-0.002697,-0.006947,0.005074,0.999959,-0.568833,-0.960264,0.115349,-0.064929,0.054261,0.006741,0.001225,0.002503,0.005858,0,0.000000,0.000000,0.000000,0.000000,0.000000,0.000000,0.000000,0.000000,0.039935,0.036105
13.453501,0.529212,0.159318,1.154518,0.557740,0.157965,1.171900,0.558028,0.160751,1.168389,-0.002697,-0.006947,0.005074,0.999959,0.958655,-0.721790,0.115349,-0.064485,0.054131,0.006752,0.001336,0.002629,0.005813,0,0.000000,0.000000,0.000000,0.000000,0.000000,0.000000,0.000000,0.000000,0.033434,0.032013
13.470036,0.524772,0.152657,1.154148,0.581670,0.168721,1.183055,0.585093,0.174536,1.169774,-0.002697,-0.006947,0.005074,0.999959,1.094522,0.491956,0.115349,-0.064169,0.054034,0.006759,0.001415,0.002773,0.005782,0,0.000000,0.000000,0.000000,0.000000,0.000000,0.000000,0.000000,0.000000,0.065811,0.066042
13.486674,0.520290,0.146291,1.154000,0.540451,0.102381,1.251353,0.533420,0.103624,1.255076,-0.002697,-0.006947,0.005074,0.999959,-0.633310,-1.019273,0.115349,-0.063861,0.053913,0.006761,0.001460,0.002937,0.005762,0,0.000000,0.000000,0.000000,0.000000,0.000000,0.000000,0.000000,0.000000,0.108683,0.110495
13.503349,0.516036,0.139261,1.153604,0.545116,0.139861,1.164119,0.547090,0.144373,1.161906,-0.002697,-0.006947,0.005074,0.999959,0.148224,1.190810,0.115349,-0.063492,0.053829,0.006762,0.001474,0.003121,0.005691,0,0.000000,0.000000,0.000000,0.000000,0.000000,0.000000,0.000000,0.000000,0.030929,0.032549
13.519935,0.511884,0.132202,1.153188,0.497158,0.125135,1.123624,0.492978,0.126938,1.123184,-0.002697,-0.006947,0.005074,0.999959,-1.147141,-0.352233,0.115349,-0.063049,0.053847,0.006764,0.001425,0.003311,0.005692,0,0.000000,0.000000,0.000000,0.000000,0.000000,0.000000,0.000000,0.000000,0.033776,0.035853
13.536565,0.507336,0.125194,1.152619,0.480394,0.124202,1.112864,0.480215,0.125426,1.110406,-0.002697,-0.006947,0.005074,0.999959,-1.008046,-0.056148,0.115349,-0.062645,0.054016,0.006765,0.001326,0.003492,0.005700,0,0.000000,0.000000,0.000000,0.000000,0.000000,0.000000,0.000000,0.000000,0.048035,0.050176
13.553148,0.502678,0.118678,1.152000,0.527251,0.151291,1.128952,0.528463,0.158440,1.118506,-0.002697,-0.006947,0.005074,0.999959,1.038877,0.600611,0.115349,-0.062336,0.054272,0.006765,0.001174,0.003648,0.005707,0,0.000000,0.000000,0.000000,0.000000,0.000000,0.000000,0.000000,0.000000,0.046890,0.058032
13.569850,0.498167,0.111889,1.152000,0.522620,0.092638,1.206164,0.517631,0.091570,1.199401,-0.002697,-0.006947,0.005074,0.999959,-0.094454,-1.196277,0.115349,-0.063207,0.054914,0.006744,0.000878,0.003912,0.005869,0,0.000000,0.000000,0.000000,0.000000,0.000000,0.000000,0.000000,0.000000,0.062469,0.055123
13.586431,0.492811,0.104670,1.151953,0.502458,0.112679,1.068693,0.501147,0.112692,1.065548,-0.002697,-0.006947,0.005074,0.999959,-0.851076,0.845973,0.115349,-0.064781,0.055039,0.006708,0.000627,0.004059,0.006161,0,0.000000,0.000000,0.000000,0.000000,0.000000,0.000000,0.000000,0.000000,0.084198,0.087176
13.603222,0.488820,0.097640,1.151000,0.477851,0.071857,1.074396,0.478545,0.078723,1.068038,-0.002697,-0.006947,0.005074,0.999959,-0.619511,-1.027719,0.115349,-0.067115,0.054901,0.006657,0.000376,0.004149,0.006363,0,0.000000,0.000000,0.000000,0.000000,0.000000,0.000000,0.000000,0.000000,0.081568,0.085709
13.619665,0.483726,0.090589,1.151000,0.515681,0.116806,1.196128,0.514414,0.115271,1.198691,-0.002697,-0.006947,0.005074,0.999959,0.772708,0.918108,0.115349,-0.061649,0.058932,0.006702,0.000354,0.004211,0.005426,0,0.000000,0.000000,0.000000,0.000000,0.000000,0.000000,0.000000,0.000000,0.061197,0.061850
13.636282,0.479231,0.084044,1.150604,0.493121,0.100276,1.219853,0.493943,0.102466,1.217119,-0.002697,-0.006947,0.005074,0.999959,-0.967971,-0.709248,0.115349,-0.061435,0.055999,0.006833,-0.000071,0.003953,0.005912,0,0.000000,0.000000,0.000000,0.000000,0.000000,0.000000,0.000000,0.000000,0.072469,0.070569
13.652933,0.474522,0.077317,1.149932,0.494234,0.016632,1.309493,0.494513,0.010191,1.321591,-0.002697,-0.006947,0.005074,0.999959,0.015964,-1.199894,0.115349,-0.063198,0.056709,0.006665,-0.000230,0.003663,0.005542,0,0.000000,0.000000,0.000000,0.000000,0.000000,0.000000,0.000000,0.000000,0.171846,0.185398
13.669555,0.469822,0.070603,1.149260,0.466399,0.094375,1.247033,0.465144,0.096795,1.244756,-0.002697,-0.006947,0.005074,0.999959,-0.404496,1.129771,0.115349,-0.063258,0.056884,0.006720,-0.000300,0.003419,0.005582,0,0.000000,0.000000,0.000000,0.000000,0.000000,0.000000,0.000000,0.000000,0.100679,0.099133
13.686137,0.465179,0.062923,1.149000,0.470570,0.072696,1.204635,0.471260,0.073471,1.205296,-0.002697,-0.006947,0.005074,0.999959,0.226712,-1.178390,0.115349,-0.063613,0.056767,0.006711,-0.000310,0.003190,0.005525,0,0.000000,0.000000,0.000000,0.000000,0.000000,0.000000,0.000000,0.000000,0.056743,0.057597
13.702817,0.460650,0.055475,1.148608,0.459866,0.057405,1.312955,0.455948,0.062151,1.308060,-0.002697,-0.006947,0.005074,0.999959,-0.641770,-0.916718,0.115349,-0.063871,0.056613,0.006713,-0.000275,0.002967,0.005494,0,0.000000,0.000000,0.000000,0.000000,0.000000,0.000000,0.000000,0.000000,0.164360,0.159660
13.719417,0.456286,0.049286,1.148000,0.476679,0.033340,1.125645,0.474530,0.030250,1.131502,-0.002697,-0.006947,0.005074,0.999959,0.687282,-0.983689,0.115349,-0.064032,0.056430,0.006715,-0.000191,0.002758,0.005485,0,0.000000,0.000000,0.000000,0.000000,0.000000,0.000000,0.000000,0.000000,0.034204,0.031103
13.736072,0.451911,0.041852,1.148000,0.438115,0.042324,1.111832,0.438163,0.042344,1.110196,-0.002697,-0.006947,0.005074,0.999959,-1.168709,0.272246,0.115349,-0.064127,0.056273,0.006715,-0.000074,0.002584,0.005461,0,0.000000,0.000000,0.000000,0.000000,0.000000,0.000000,0.000000,0.000000,0.038713,0.040229
13.752639,0.446776,0.033441,1.148000,0.436846,0.037180,1.186603,0.437115,0.035268,1.196700,-0.002697,-0.006947,0.005074,0.999959,-0.076601,-0.310504,0.115349,-0.064214,0.056153,0.006716,0.000071,0.002445,0.005449,0,0.000000,0.000000,0.000000,0.000000,0.000000,0.000000,0.000000,0.000000,0.040035,0.049683
13.769250,0.442559,0.026773,1.147869,0.413626,0.043725,1.151933,0.414065,0.045384,1.152579,-0.002697,-0.006947,0.005074,0.999959,-1.154987,0.325583,0.115349,-0.064320,0.056024,0.006717,0.000235,0.002341,0.005446,0,0.000000,0.000000,0.000000,0.000000,0.000000,0.000000,0.000000,0.000000,0.033778,0.034357
13.785930,0.437815,0.019442,1.147438,0.406565,0.013664,1.219909,0.406720,0.016928,1.217951,-0.002697,-0.006947,0.005074,0.999959,-0.274428,-1.168199,0.115349,-0.064425,0.055847,0.006718,0.000410,0.002276,0.005453,0,0.000000,0.000000,0.000000,0.000000,0.000000,0.000000,0.000000,0.000000,0.079134,0.077106
13.802558,0.433086,0.012133,1.147008,0.434505,0.025873,1.174668,0.422333,0.026685,1.191276,-0.004846,0.005590,0.997243,0.073840,0.684346,-0.094497,0.095853,-0.064687,0.055459,0.006718,0.000587,0.002248,0.005470,17,-0.130158,0.431129,9.696062,0.031739,-0.137252,-0.014631,9.707446,0.154543,0.030917,0.047824
13.819328,0.428708,0.004611,1.147000,0.437254,0.004040,1.126440,0.426710,0.018945,1.171409,-0.003713,0.003056,-0.524700,0.851274,0.557295,-0.519004,0.031438,-0.064346,0.055474,0.006719,0.000747,0.002274,0.005504,3,-0.034993,0.095558,9.713018,0.152013,-0.036314,0.044529,9.713781,0.162630,0.022273,0.028377
13.835738,0.424521,-0.000958,1.147000,0.420335,-0.004115,1.080761,0.421717,-0.001543,1.076955,-0.002697,-0.006948,0.005075,0.999959,-1.031039,-0.496960,0.031438,-0.064328,0.055073,0.006722,0.000914,0.002302,0.005515,0,0.000000,0.000000,0.000000,0.000000,0.000000,0.000000,0.000000,0.000000,0.066446,0.070103
13.852391,0.419569,-0.009146,1.147000,0.413595,-0.028681,1.224284,0.409253,-0.015079,1.136031,-0.004367,-0.004219,0.455924,0.889998,-0.563972,-0.932484,0.139468,-0.064488,0.055164,0.006727,0.001053,0.002361,0.005537,3,-0.220808,-0.060698,9.790789,-0.009763,0.121240,-0.001858,9.793655,0.121697,0.079938,0.016184
13.869067,0.415056,-0.017047,1.146790,0.445427,-0.020478,1.217025,0.430477,-0.015740,1.167596,-0.000953,-0.004701,-0.585547,0.810624,0.137331,-0.480933,0.174105,-0.064321,0.054721,0.006732,0.001175,0.002442,0.005568,4,-0.122071,0.037708,9.804582,-0.000191,0.084546,0.023411,9.805676,0.089461,0.076597,0.025931
13.885648,0.410791,-0.024358,1.146485,0.443577,-0.020755,1.198967,0.434591,-0.013251,1.177668,-0.002716,-0.006687,-0.507556,0.861588,-0.000180,-0.269006,0.198649,-0.063952,0.054599,0.006732,0.001274,0.002545,0.005601,12,0.008768,0.220714,9.723539,-0.156477,0.009448,-0.080943,9.726756,0.191259,0.061986,0.040770
13.902313,0.406505,-0.031706,1.146179,0.380664,-0.070391,1.111159,0.422229,-0.029734,1.169041,-0.000939,-0.008955,-0.353434,0.935416,-0.227240,-0.359530,0.136958,-0.063973,0.055116,0.006733,0.001352,0.002655,0.005639,10,-0.127752,0.125070,9.768207,0.008198,-0.037591,-0.002893,9.771119,0.094966,0.058230,0.027818
13.918860,0.401719,-0.038561,1.145719,0.416412,-0.041603,1.148616,0.417331,-0.041552,1.149457,-0.002697,-0.006946,0.005074,0.999959,0.934631,0.752639,0.136958,-0.063832,0.054596,0.006732,0.001411,0.002774,0.005678,0,0.000000,0.000000,0.000000,0.000000,0.000000,0.000000,0.000000,0.000000,0.015282,0.016329
13.935545,0.397183,-0.046362,1.144818,0.390697,-0.002656,1.118689,0.422871,-0.034643,1.129404,-0.002490,-0.006788,0.151028,0.988503,-0.092679,0.911857,0.102863,-0.064079,0.054582,0.006732,0.001445,0.002894,0.005715,12,-0.140089,0.199614,9.723604,0.017737,0.053730,0.043523,9.727881,0.097565,0.051333,0.032169
13.952171,0.392483,-0.054196,1.144594,0.392499,-0.093688,1.083246,0.398630,-0.025959,1.111234,0.000391,-0.008373,0.186268,0.982463,-0.048906,0.078241,0.045839,-0.063315,0.055319,0.006741,0.001456,0.003021,0.005751,7,-0.131453,0.023870,9.773722,-0.058694,-0.014898,-0.021387,9.775188,0.073703,0.072961,0.044136
13.975055,0.386014,-0.064976,1.144286,0.398632,-0.091259,1.173651,0.395689,-0.041712,1.135521,-0.001481,-0.009999,0.216506,0.976229,0.038464,0.075202,0.110900,-0.062978,0.054235,0.006737,0.001450,0.003140,0.005785,10,-0.135980,0.049077,9.945282,-0.121492,0.021888,-0.031000,9.948275,0.141539,0.041380,0.026677
13.999974,0.379364,-0.076909,1.144000,0.386717,-0.058597,1.194979,0.397747,-0.037403,1.152625,-0.012178,-0.001127,0.846873,0.531655,-0.280565,0.297659,0.146705,-0.063674,0.054772,0.006735,0.001422,0.003259,0.005809,7,0.030811,0.206246,10.058367,-0.058379,0.024281,0.021297,10.063157,0.169564,0.054665,0.044418
14.024910,0.372207,-0.089585,1.144000,0.413289,-0.093478,1.303761,0.404569,-0.055516,1.187380,-0.004683,0.007990,0.998253,0.058350,0.073937,0.066707,0.354022,-0.062168,0.054503,0.006745,0.001376,0.003370,0.005841,3,0.134821,0.614353,9.862821,-0.003263,0.099998,-0.053534,9.882876,0.114719,0.165004,0.063952
14.047698,0.366528,-0.099063,1.144000,0.359993,-0.121693,1.249613,0.403157,-0.056300,1.216652,-0.002198,0.009558,-0.073365,0.997257,-0.269442,0.028002,0.524209,-0.065125,0.054173,0.006728,0.001314,0.003471,0.005860,2,0.262540,0.119429,9.788156,0.088887,0.009755,0.049380,9.792476,0.102583,0.108208,0.091917
14.068494,0.361035,-0.110087,1.144000,0.326450,-0.142560,1.226296,0.326114,-0.138778,1.223566,-0.002697,-0.006948,0.005075,0.999959,-1.018932,-0.633859,0.524209,-0.062194,0.052989,0.006671,0.001238,0.003563,0.005860,0,0.000000,0.000000,0.000000,0.000000,0.000000,0.000000,0.000000,0.000000,0.094991,0.091506
14.095505,0.353386,-0.122647,1.144000,0.351909,-0.145668,1.198065,0.337312,-0.144152,1.221278,-0.005776,0.002717,0.906828,0.421452,0.235307,-0.292302,0.485652,-0.064425,0.053819,0.006656,0.001071,0.003765,0.005963,25,0.006562,0.370675,9.876813,-0.160286,-0.028875,-0.031367,9.886184,0.180711,0.058780,0.081809
14.120480,0.346433,-0.135007,1.144000,0.365742,-0.192754,1.157473,0.333595,-0.176677,1.206031,-0.000780,-0.009634,-0.139432,0.990185,0.023230,-0.475792,0.334797,-0.066167,0.054539,0.006565,0.000945,0.003892,0.006037,17,0.195831,0.731454,9.952382,-0.125428,-0.138497,-0.007104,9.982901,0.194066,0.062362,0.075822
14.147474,0.338919,-0.148367,1.144000,0.313311,-0.141520,1.138520,0.337281,-0.158786,1.193300,-0.008683,0.004614,0.998243,-0.058430,-0.296438,-0.002421,0.159734,-0.068006,0.054696,0.006902,0.000806,0.004005,0.006297,6,0.102107,0.423236,9.790723,-0.095766,-0.151212,0.014153,9.803523,0.199964,0.027068,0.050415
14.171082,0.333039,-0.160362,1.143000,0.349170,-0.160907,1.227219,0.348104,-0.171607,1.209258,-0.002997,-0.013850,0.394804,0.918656,0.022487,-0.208369,0.282966,-0.068784,0.055855,0.006598,0.000674,0.004124,0.006773,5,-0.048210,0.341570,9.802212,-0.046609,0.083990,-0.040758,9.808595,0.126530,0.085751,0.068874
14.203545,0.323839,-0.176133,1.143000,0.362158,-0.199764,1.227694,0.355842,-0.189570,1.219816,0.002824,-0.006949,-0.089515,0.995957,0.108973,-0.358475,0.324568,-0.071871,0.057985,0.006799,0.000641,0.004215,0.007341,22,0.018683,0.621604,9.900381,0.089642,0.014382,0.036955,9.923896,0.127581,0.095916,0.084293
14.226436,0.317714,-0.186843,1.142635,0.341037,-0.228185,1.209926,0.346545,-0.206718,1.221216,0.004201,-0.007549,-0.297565,0.954662,-0.010007,-0.443467,0.286084,-0.065740,0.061966,0.007163,-0.000001,0.004420,0.006750,8,0.197028,0.279796,9.697473,0.044226,0.072382,-0.033939,9.705347,0.158929,0.082348,0.086030
14.255536,0.309467,-0.200888,1.142000,0.310573,-0.211836,1.091318,0.334386,-0.203380,1.192313,0.004140,-0.009652,-0.631606,0.775218,-0.143676,-0.281255,0.032609,-0.062135,0.059583,0.006729,-0.000801,0.002757,0.004470,14,-0.176449,0.117947,9.796950,-0.065161,0.037953,-0.001522,9.800344,0.119500,0.051863,0.056201
14.286659,0.300878,-0.215870,1.142000,0.341240,-0.232804,1.153439,0.344651,-0.220417,1.182140,-0.004497,0.001655,0.878646,-0.477450,-0.006378,-0.342146,-0.013290,-0.065116,0.058293,0.006830,-0.000047,0.002459,0.003454,7,-0.084371,0.342417,9.931963,0.044634,0.042559,-0.009408,9.940376,0.067178,0.045241,0.059565
14.313718,0.293209,-0.229186,1.142000,0.283736,-0.257280,1.083117,0.326446,-0.230312,1.165750,-0.014386,-0.001127,0.998724,-0.048401,-0.139504,-0.384381,-0.102685,-0.064482,0.059503,0.006813,-0.000158,0.002722,0.004050,6,0.109206,0.478905,9.855125,0.092321,0.084360,0.020637,9.867671,0.130540,0.065926,0.040865
14.344971,0.284573,-0.243427,1.141573,0.232937,-0.257502,1.154297,0.302302,-0.238434,1.159967,-0.008381,-0.027234,0.832444,0.553376,-0.307292,-0.361181,-0.126106,-0.066648,0.060390,0.006678,-0.000219,0.002914,0.004411,13,-0.194543,0.570639,10.100812,-0.153441,0.036194,0.001477,10.120083,0.164860,0.055012,0.026031
14.376012,0.275630,-0.259129,1.142000,0.253724,-0.271200,1.222918,0.296219,-0.253682,1.177207,-0.028720,0.004283,0.574474,0.818007,-0.231710,-0.252610,-0.013251,-0.063063,0.054882,0.006642,-0.000226,0.003048,0.004604,23,0.115025,0.551777,10.034390,-0.067715,-0.057237,0.000681,10.057491,0.114895,0.084695,0.041147
14.407225,0.267156,-0.274582,1.142000,0.264010,-0.280199,1.203950,0.295832,-0.264822,1.186584,-0.001158,-0.009491,0.262827,0.964796,-0.169833,-0.291898,0.032667,-0.061201,0.055926,0.006747,-0.000247,0.003183,0.004753,4,0.222826,0.079109,9.918515,-0.059657,-0.124250,0.045871,9.921527,0.151191,0.062284,0.053901
14.436252,0.258944,-0.288098,1.142000,0.274831,-0.299339,1.153574,0.292702,-0.276746,1.180043,-0.003095,-0.011347,-0.033474,0.999370,0.005097,-0.389183,0.013556,-0.059346,0.058105,0.006775,-0.000249,0.003307,0.004893,4,-0.112429,0.278286,9.873699,-0.192064,-0.052668,-0.033560,9.878917,0.206040,0.022643,0.052113
14.463357,0.251580,-0.300699,1.142000,0.265593,-0.332922,1.230922,0.284727,-0.297353,1.192735,0.001564,-0.009451,-0.345896,0.938224,-0.033336,-0.460371,0.070022,-0.058353,0.060536,0.006633,-0.000232,0.003432,0.004896,10,0.009033,0.121172,9.853557,-0.129590,-0.000599,0.017078,9.854729,0.139249,0.095613,0.060696
14.492410,0.243599,-0.314001,1.142000,0.263298,-0.349234,1.204855,0.284156,-0.313494,1.196569,0.002438,-0.004115,-0.582914,0.812520,-0.082664,-0.625324,0.069146,-0.060663,0.060588,0.006587,-0.000178,0.003529,0.004895,4,-0.056676,0.144354,9.817572,0.020173,0.025619,-0.003444,9.819385,0.052816,0.074700,0.067992
14.519416,0.236492,-0.326016,1.142000,0.200721,-0.342515,1.103143,0.197876,-0.336885,1.094065,-0.002697,-0.006947,0.005074,0.999959,-1.193142,0.128110,0.069146,-0.062388,0.059841,0.006572,-0.000124,0.003659,0.004990,1,0.092725,0.220684,9.607957,0.204281,0.104692,0.037683,9.610939,0.232618,0.055332,0.062507
14.548506,0.228386,-0.340075,1.142000,0.203201,-0.352664,1.166727,0.200802,-0.350456,1.128394,0.002001,-0.003969,-0.743117,0.669147,-0.350751,-0.203614,0.178100,-0.063861,0.058465,0.006581,-0.000081,0.003775,0.005012,3,0.072359,0.333299,9.849631,0.035585,-0.072758,-0.015245,9.855576,0.082904,0.037472,0.032462
14.575579,0.220551,-0.352536,1.142000,0.178652,-0.356392,1.181526,0.178835,-0.350995,1.156999,-0.002126,0.003210,0.925116,0.379664,-0.745462,-0.054375,0.250347,-0.063914,0.055762,0.006603,-0.000032,0.003884,0.005012,8,-0.184311,0.201208,9.930169,-0.085224,-0.066560,0.054830,9.935905,0.155242,0.057729,0.044357
14.602609,0.212819,-0.365271,1.142455,0.223496,-0.364213,1.151445,0.196537,-0.359474,1.154946,-0.001096,0.001359,-0.683048,0.730372,0.057848,-0.293905,0.173746,-0.062442,0.054839,0.006633,0.000018,0.003980,0.005031,27,-0.032989,0.393774,9.954002,-0.007949,0.073186,0.010970,9.964285,0.098646,0.013997,0.021324
14.627448,0.206699,-0.376451,1.143000,0.245305,-0.394678,1.224918,0.208124,-0.369704,1.177563,-0.003244,0.009392,0.212484,0.977114,0.247064,-0.386542,0.301737,-0.061670,0.053072,0.006641,0.000095,0.003953,0.005054,25,0.188221,0.310423,9.810909,-0.015433,0.048729,-0.014975,9.818823,0.107358,0.092375,0.035244
14.654465,0.198944,-0.389112,1.143000,0.191762,-0.404366,1.180816,0.194159,-0.386792,1.179109,-0.002424,-0.005189,0.589924,0.807439,-0.072496,-0.348214,0.230622,-0.059136,0.056090,0.006752,0.000139,0.004006,0.005091,27,0.094854,0.155889,9.654558,0.025666,-0.037775,-0.011186,9.658360,0.148516,0.041405,0.036498
14.685680,0.190049,-0.403427,1.143000,0.214904,-0.392826,1.124531,0.207764,-0.387097,1.168347,-0.000044,-0.002132,0.188241,0.982121,0.091389,-0.227171,0.124458,-0.059491,0.058474,0.006727,0.000212,0.004026,0.005122,4,0.036439,-0.093362,9.712265,0.108859,0.068013,0.019455,9.714114,0.141168,0.032730,0.034971
14.714023,0.182571,-0.416155,1.143341,0.250105,-0.413909,1.212763,0.246049,-0.414400,1.216804,-0.002698,-0.006947,0.005074,0.999959,1.029481,-0.616579,0.124458,-0.061973,0.058889,0.006766,0.000298,0.004073,0.005147,0,0.000000,0.000000,0.000000,0.000000,0.000000,0.000000,0.000000,0.000000,0.096878,0.097105
14.746514,0.173453,-0.431093,1.144000,0.204040,-0.472832,1.140897,0.212419,-0.468255,1.152695,-0.002697,-0.006947,0.005074,0.999959,-0.739077,-0.945392,0.124458,-0.061148,0.059994,0.006616,0.000368,0.004093,0.005212,1,-0.192365,0.759890,9.859721,-0.108813,0.014163,-0.025888,9.890831,0.112743,0.051839,0.054543
14.779587,0.164737,-0.446546,1.144660,0.163231,-0.487075,1.057542,0.173212,-0.484792,1.097929,-0.001597,-0.007741,-0.102763,0.994674,-0.991493,-0.593093,0.031236,-0.061496,0.056801,0.008586,0.000434,0.004107,0.004955,2,0.339794,0.063664,9.868362,0.246766,0.090978,0.069056,9.874691,0.272053,0.096096,0.060979
14.813156,0.155819,-0.461181,1.146000,0.183718,-0.547236,1.388481,0.157745,-0.505747,1.173273,-0.000769,-0.002874,-0.241062,0.970505,-0.455762,-0.790521,0.411031,-0.061545,0.060355,0.006703,0.000536,0.004172,0.005213,10,-0.069374,0.089316,9.584835,-0.031297,-0.098008,-0.017747,9.586384,0.105398,0.258807,0.052284
14.864413,0.142488,-0.483820,1.146102,0.174043,-0.497099,1.165168,0.151657,-0.502740,1.164685,-0.009895,0.003801,0.758872,0.651154,-0.342490,-0.325962,0.337985,-0.062308,0.057885,0.006599,0.000231,0.004066,0.005348,2,-0.121679,-0.078881,9.823223,-0.035423,-0.087715,0.029192,9.824305,0.099742,0.039186,0.028060
14.885114,0.136748,-0.492879,1.147000,0.112258,-0.539506,1.165095,0.131332,-0.510840,1.168780,-0.001465,-0.002465,0.293022,0.956101,-0.462169,-0.418385,0.310171,-0.062891,0.058981,0.006589,0.000386,0.004109,0.005424,17,-0.138437,0.040914,9.675390,0.086796,0.028411,0.015255,9.677165,0.108403,0.055689,0.028745
14.920495,0.127332,-0.508624,1.147000,0.128526,-0.547891,1.034643,0.132265,-0.522580,1.131598,-0.002106,-0.000075,0.270954,0.962590,-0.287278,-0.403453,0.072044,-0.064417,0.058004,0.006637,0.000497,0.004142,0.005608,8,-0.055968,0.179703,9.634388,0.159274,0.084382,-0.009766,9.637816,0.183868,0.119027,0.021362
14.955782,0.117591,-0.523561,1.147000,0.136407,-0.543972,1.208341,0.129894,-0.534746,1.152882,-0.000566,0.000830,0.028227,0.999601,-0.120637,-0.405751,0.190182,-0.066200,0.057435,0.006575,0.000618,0.004162,0.005867,23,-0.175922,0.043346,9.615521,0.097207,0.013559,0.030972,9.618332,0.180038,0.067330,0.017637
14.984906,0.109312,-0.536375,1.147000,0.092732,-0.571049,1.146278,0.109489,-0.543074,1.149865,-0.000397,-0.008668,-0.815769,0.578313,-0.264519,-0.392981,0.134180,-0.065097,0.054431,0.006581,0.000750,0.004178,0.006360,14,-0.059086,-0.154199,9.849693,-0.033343,0.010714,0.018232,9.853760,0.128141,0.038441,0.007288
15.024403,0.097669,-0.554789,1.148291,0.103086,-0.595297,1.162713,0.097857,-0.561318,1.156946,-0.007761,0.006452,0.728146,0.685348,-0.382756,-0.553653,0.165962,-0.062570,0.055576,0.006758,0.000998,0.004014,0.007107,11,0.157280,0.131880,10.283229,0.114403,0.030473,0.023993,10.286037,0.168009,0.043339,0.010843
15.061769,0.087722,-0.570654,1.149475,0.093193,-0.574267,1.264232,0.095404,-0.563178,1.183148,-0.002754,-0.000009,0.152116,0.988359,-0.303572,-0.380130,0.276324,-0.062909,0.061279,0.007377,0.000458,0.004514,0.006451,22,0.052872,0.372584,10.063124,-0.085430,-0.079428,-0.046215,10.071612,0.139045,0.114944,0.035338
15.088812,0.080121,-0.582318,1.150360,0.061474,-0.599429,1.276507,0.078103,-0.575087,1.208848,-0.003419,-0.006203,-0.782834,0.622191,-0.474996,-0.500362,0.362719,-0.060385,0.053038,0.006468,-0.000281,0.003595,0.005858,13,0.161493,-0.098923,9.703543,-0.075474,-0.055463,-0.014068,9.705801,0.108376,0.128661,0.058968
15.128233,0.069355,-0.598645,1.151000,0.102649,-0.587333,1.198990,0.087465,-0.579993,1.212361,-0.009400,-0.011131,-0.598881,0.800706,-0.252227,-0.341486,0.345719,-0.060099,0.051065,0.006592,0.000203,0.004315,0.006154,9,-0.149630,0.376855,9.663363,-0.013264,-0.101985,-0.003506,9.672144,0.168870,0.059494,0.066641
15.240549,0.037492,-0.646457,1.154390,0.034061,-0.667708,1.163253,0.056768,-0.626421,1.229063,-0.006077,-0.005669,-0.371492,0.928399,-0.269493,-0.363757,0.285900,-0.061618,0.056325,0.006824,0.000862,0.004432,0.006370,43,0.161226,0.307754,9.824665,0.027884,0.023307,0.011032,9.835685,0.113018,0.023279,0.079681
15.277898,0.025747,-0.663683,1.155000,0.003481,-0.686321,1.142697,-0.000265,-0.686579,1.135805,-0.002697,-0.006947,0.005074,0.999959,-0.818753,-0.498372,0.285900,-0.062240,0.055974,0.006826,0.001110,0.004348,0.006363,0,0.000000,0.000000,0.000000,0.000000,0.000000,0.000000,0.000000,0.000000,0.034054,0.039615
15.306995,0.016455,-0.676817,1.156000,0.012396,-0.660712,1.191216,0.004699,-0.678314,1.165003,-0.007027,-0.001394,0.789815,0.613303,-0.096317,0.386304,0.322478,-0.062509,0.055242,0.006815,0.001361,0.003694,0.006329,10,0.064168,-0.015218,9.850751,-0.022660,-0.002226,-0.005692,9.851280,0.072681,0.038937,0.014883
15.336065,0.008765,-0.688193,1.156455,-0.030036,-0.705378,1.153229,-0.017439,-0.678495,1.167649,-0.008491,-0.000632,0.998460,0.054823,-0.361016,-0.149447,0.279447,-0.062195,0.055600,0.006809,0.001275,0.002619,0.006262,4,-0.087817,0.371326,9.789666,-0.075409,0.057140,0.009468,9.797156,0.107420,0.042559,0.030101
15.367231,-0.000230,-0.702273,1.157237,0.002455,-0.729958,1.175034,-0.012905,-0.699695,1.169265,-0.002167,-0.005032,0.283674,0.958905,0.482307,-1.132206,0.298572,-0.062086,0.056213,0.006815,0.000868,0.002370,0.006133,7,0.086764,0.113881,10.077673,0.200630,-0.022182,0.007311,10.079913,0.202796,0.033021,0.017663
15.398446,-0.009211,-0.716422,1.158000,-0.012154,-0.777789,1.162394,-0.011806,-0.730386,1.172836,0.000186,-0.007438,0.731974,0.681291,0.178855,-1.121858,0.241726,-0.062025,0.055809,0.006808,0.000073,0.002550,0.006103,16,-0.197737,-0.327521,9.797022,-0.037768,0.101439,-0.029948,9.805742,0.130206,0.061594,0.020539
15.429552,-0.018284,-0.728885,1.159041,-0.039283,-0.779619,1.206121,-0.028980,-0.747653,1.181754,-0.012721,-0.014015,0.910379,0.413343,-0.123989,-0.754845,0.254253,-0.062310,0.054226,0.006777,-0.000280,0.003099,0.006116,9,0.017165,0.154150,9.864933,0.001375,0.088654,-0.011501,9.866604,0.118744,0.072329,0.031346
15.456587,-0.026474,-0.740238,1.160218,-0.046370,-0.775337,1.206081,-0.035683,-0.753472,1.193178,-0.013123,0.000343,0.230207,0.973053,-0.169535,-0.526253,0.309501,-0.062690,0.055422,0.006728,-0.000313,0.003548,0.006142,8,-0.199887,-0.111081,9.938638,-0.018412,0.042387,0.002531,9.941875,0.105291,0.061083,0.036692
15.485892,-0.034848,-0.752955,1.161459,-0.011433,-0.765006,1.261505,-0.021379,-0.757467,1.216602,-0.005834,0.001744,0.105434,0.994408,0.017581,-0.402194,0.420406,-0.063843,0.055438,0.006768,-0.000235,0.003819,0.006170,12,0.102205,0.535369,10.186360,0.041410,0.005797,-0.038738,10.202438,0.078729,0.103454,0.056944
15.518935,-0.044291,-0.767294,1.162858,-0.060165,-0.795648,1.213633,-0.042994,-0.770749,1.220037,-0.004310,-0.005140,-0.316026,0.948727,-0.095583,-0.393919,0.362194,-0.061845,0.052870,0.006821,-0.000177,0.003925,0.006162,32,0.033880,0.103793,9.931969,0.048607,0.030966,0.019464,9.935687,0.088121,0.060283,0.057298
15.548066,-0.052539,-0.779539,1.164000,-0.095497,-0.804437,1.181993,-0.062839,-0.777870,1.215728,0.003682,-0.010033,-0.681142,0.732073,-0.231108,-0.348906,0.294510,-0.052476,0.050515,0.007014,-0.000166,0.003837,0.006284,8,0.180885,0.034736,9.611345,-0.056286,-0.038629,-0.038165,9.613622,0.087164,0.052812,0.052770
15.564684,-0.058784,-0.789003,1.164348,-0.043995,-0.797514,1.202613,-0.048981,-0.784530,1.219561,-0.000434,-0.007278,-0.683379,0.730028,-0.094145,-0.331532,0.309004,-0.059772,0.049990,0.007183,-0.000186,0.003802,0.006222,2,-0.119102,0.120038,9.752765,0.050388,0.004202,0.111367,9.754255,0.122703,0.041897,0.056254
15.585430,-0.064293,-0.796922,1.165037,-0.065603,-0.861604,1.172512,-0.057192,-0.803196,1.214854,0.001283,-0.004829,-0.720126,0.693825,-0.138356,-0.453594,0.249750,-0.058112,0.056680,0.006800,-0.000190,0.003783,0.006229,21,0.119363,0.220887,9.755993,-0.110826,-0.065590,0.001953,9.760797,0.155225,0.065126,0.050710
15.604147,-0.069264,-0.804066,1.165658,-0.029841,-0.825806,1.199682,-0.046857,-0.796155,1.209696,-0.005294,-0.007471,-0.616948,0.786951,-0.053415,-0.348902,0.217810,-0.058483,0.052194,0.007133,-0.000180,0.003776,0.006198,6,-0.013162,0.412120,9.855106,-0.126848,-0.069402,-0.041180,9.863964,0.150553,0.056431,0.050040
15.622797,-0.074981,-0.813971,1.167000,-0.033684,-0.857541,1.320793,-0.047218,-0.815846,1.230800,-0.002164,-0.003771,-0.540782,0.841151,-0.067402,-0.390266,0.292671,-0.060590,0.056539,0.006966,-0.000197,0.003771,0.006202,13,-0.195172,-0.048889,9.611018,-0.058982,0.081143,0.002488,9.615736,0.144797,0.165094,0.069604
15.639450,-0.079665,-0.820664,1.167333,-0.069284,-0.849792,1.213476,-0.057214,-0.816098,1.225813,-0.001182,-0.006556,-0.640413,0.768002,-0.233225,-0.421519,0.239780,-0.057473,0.055650,0.006938,-0.000179,0.003794,0.006247,8,0.237099,0.387897,9.475205,-0.123522,0.077526,-0.016148,9.488820,0.182911,0.055546,0.062808
15.662251,-0.086757,-0.831513,1.168878,-0.060142,-0.866167,1.263529,-0.058509,-0.830599,1.236150,0.001570,-0.004933,-0.781782,0.623531,-0.194404,-0.458504,0.263425,-0.059780,0.055682,0.006943,-0.000167,0.003794,0.006256,13,0.061573,0.542963,9.638481,0.157431,0.018331,-0.001110,9.654609,0.162680,0.104250,0.072968
15.680603,-0.091877,-0.839316,1.169348,-0.094580,-0.846771,1.240081,-0.070913,-0.830518,1.235667,-0.008701,0.007723,0.960835,-0.276876,-0.250758,-0.400818,0.230014,-0.055551,0.055478,0.006767,-0.000144,0.003845,0.006319,19,-0.013444,-0.263823,9.632410,-0.011712,0.047770,0.058376,9.642923,0.164344,0.071175,0.070108
15.699002,-0.096928,-0.846892,1.169709,-0.101344,-0.901570,1.209204,-0.081076,-0.851185,1.236108,-0.009162,-0.009121,0.997513,0.069293,-0.259806,-0.363532,0.219810,-0.061770,0.055107,0.006914,-0.000120,0.003851,0.006303,18,0.038574,-0.084607,9.709519,-0.226295,0.020053,-0.022307,9.710494,0.242945,0.067594,0.068399
15.730857,-0.105449,-0.859979,1.170306,-0.113659,-0.910286,1.235744,-0.092129,-0.863470,1.236449,-0.006873,-0.034938,0.956411,0.289846,-0.218691,-0.459765,0.198929,-0.062405,0.049903,0.007169,-0.000066,0.003918,0.006268,32,-0.010741,0.437927,9.896168,-0.102760,-0.064912,-0.029092,9.913650,0.174616,0.082948,0.067561
15.747457,-0.110265,-0.867805,1.170908,-0.076961,-0.905873,1.134853,-0.086744,-0.880675,1.221828,-0.004427,-0.087713,0.895751,0.435795,-0.102442,-0.634388,0.143750,-0.066264,0.066375,0.009414,-0.000096,0.003998,0.006326,17,0.141236,0.740711,9.998540,-0.097298,0.041871,0.026591,10.027477,0.136548,0.062115,0.057548
15.764197,-0.115296,-0.874708,1.171471,-0.125120,-0.891745,1.122287,-0.099452,-0.859567,1.212272,-0.087398,0.032645,0.631703,0.769576,-0.308196,-0.113054,0.060490,-0.058941,0.047876,0.008608,-0.000224,0.003976,0.006300,4,0.253808,0.717158,9.982247,-0.141435,0.020944,0.010145,10.012697,0.162487,0.052970,0.046314
15.780752,-0.120269,-0.881904,1.172000,-0.096313,-0.872992,1.195505,-0.075385,-0.874383,1.213674,0.029310,0.008883,0.472699,0.880691,0.033658,-0.338432,0.108140,-0.074337,0.059628,0.006428,-0.000310,0.003950,0.006400,12,0.101748,0.385021,10.008189,-0.098925,0.013498,0.011999,10.020052,0.111366,0.034725,0.061708
15.797418,-0.124399,-0.888598,1.172300,-0.127176,-0.945162,1.262356,-0.097192,-0.885840,1.217545,-0.015112,-0.014423,0.301690,0.953177,-0.117355,-0.277571,0.104710,-0.062334,0.056669,0.007966,-0.000251,0.003885,0.006552,4,0.156560,0.063247,10.003238,-0.137546,0.001145,0.021513,10.009821,0.140478,0.106383,0.052867
15.814007,-0.129024,-0.895535,1.172878,-0.124429,-0.931092,1.229361,-0.093409,-0.888542,1.221638,-0.012967,-0.003505,0.167552,0.985772,-0.020730,-0.230029,0.119198,-0.068992,0.054016,0.007549,-0.000286,0.003814,0.006513,17,0.107070,-0.080098,9.918612,-0.082431,-0.052613,-0.000996,9.920453,0.105989,0.066901,0.060786
15.830650,-0.133903,-0.902854,1.173781,-0.093475,-0.964113,1.210550,-0.085941,-0.902402,1.228423,-0.012421,-0.002443,0.012097,0.999847,0.006087,-0.372907,0.137199,-0.068506,0.057919,0.007466,-0.000328,0.003827,0.006510,17,-0.079817,-0.313812,9.846575,-0.221007,-0.019151,0.030927,9.852458,0.238182,0.082092,0.072707
15.847272,-0.138840,-0.910260,1.174768,-0.164444,-0.920677,1.240500,-0.099089,-0.900971,1.230046,-0.018148,-0.005301,-0.091306,0.995643,-0.004793,-0.270825,0.128610,-0.067108,0.049297,0.007437,-0.000250,0.003842,0.006517,17,0.033030,0.179902,9.781863,-0.245462,0.044498,-0.008065,9.787097,0.253970,0.071307,0.068718
15.863880,-0.143405,-0.916682,1.175851,-0.165140,-0.966987,1.170920,-0.107057,-0.914397,1.231684,-0.014711,-0.005270,-0.247854,0.968671,-0.024315,-0.296934,0.133149,-0.063621,0.052383,0.007473,-0.000297,0.003925,0.006580,10,0.029366,0.298971,9.715979,-0.187146,0.023082,-0.011654,9.720818,0.190649,0.055021,0.066661
15.880508,-0.147863,-0.922811,1.176966,-0.119816,-0.955712,1.183450,-0.099664,-0.920452,1.231444,-0.016401,-0.001738,-0.392094,0.919777,0.055830,-0.309835,0.128363,-0.068068,0.050456,0.007523,-0.000289,0.003891,0.006528,10,0.160959,0.551686,9.681437,-0.184221,0.027391,-0.004210,9.698817,0.194988,0.043716,0.072777
15.897104,-0.151973,-0.929460,1.177595,-0.129523,-0.931467,1.181788,-0.103904,-0.914989,1.224425,-0.018764,-0.004377,-0.429994,0.902626,0.080089,-0.231246,0.098070,-0.064834,0.044870,0.007623,-0.000211,0.003945,0.006468,9,-0.061532,0.322311,9.731555,-0.186803,0.018335,-0.024948,9.737551,0.192419,0.022927,0.068653
15.913737,-0.156948,-0.936922,1.178590,-0.134999,-0.998400,1.291974,-0.110300,-0.928665,1.229497,-0.014494,-0.003093,-0.526007,0.850351,0.074039,-0.265491,0.111819,-0.063472,0.049792,0.007633,-0.000283,0.004012,0.006550,16,-0.000123,0.254044,9.943459,0.008533,0.090247,0.011101,9.947814,0.180583,0.130834,0.069539
15.930398,-0.161162,-0.942243,1.179027,-0.168697,-0.968941,1.170341,-0.122174,-0.927956,1.220456,-0.013404,-0.005485,-0.576636,0.816873,0.020031,-0.206788,0.080714,-0.057938,0.047624,0.007798,-0.000251,0.004122,0.006472,17,0.222431,-0.008228,9.921170,-0.130580,0.069112,0.029736,9.924968,0.172258,0.029069,0.058656
15.946981,-0.166014,-0.949521,1.179836,-0.122407,-0.981073,1.239646,-0.116106,-0.938259,1.230066,-0.014377,-0.003763,-0.631870,0.774932,0.084362,-0.237170,0.107271,-0.062352,0.047066,0.007671,-0.000264,0.004103,0.006574,16,0.312016,0.369357,9.877131,-0.034403,-0.076503,-0.001906,9.889839,0.125057,0.080463,0.071699
15.963617,-0.170509,-0.955846,1.180501,-0.192389,-0.961588,1.102216,-0.129735,-0.938480,1.216021,-0.011099,-0.007658,-0.665532,0.746247,0.029245,-0.197962,0.060874,-0.055498,0.048130,0.008025,-0.000307,0.004242,0.006484,15,-0.031136,0.247444,9.682202,0.091917,-0.105968,-0.003811,9.685806,0.149729,0.081488,0.056796
15.980259,-0.174911,-0.961925,1.181130,-0.171976,-1.016608,1.148636,-0.132309,-0.953331,1.216766,-0.009426,-0.005895,-0.721488,0.692338,0.006590,-0.255353,0.063219,-0.059088,0.049935,0.008387,-0.000387,0.004229,0.006537,4,-0.009766,-0.238430,9.874518,0.065341,-0.136144,-0.012075,9.877583,0.160211,0.063676,0.056202
15.996921,-0.179319,-0.968012,1.181760,-0.176740,-0.998797,1.171174,-0.136545,-0.950757,1.211020,-0.010501,-0.009248,-0.724358,0.689282,-0.015378,-0.204213,0.042590,-0.054893,0.046533,0.008490,-0.000355,0.004333,0.006527,6,0.018180,-0.272365,9.836687,-0.065839,-0.103667,-0.003393,9.841131,0.128865,0.032656,0.054621
16.013581,-0.183726,-0.974097,1.182389,-0.183780,-1.005873,1.159285,-0.182513,-1.005917,1.156562,-0.002696,-0.006947,0.005074,0.999959,-0.422586,-0.424749,0.042590,-0.055081,0.046378,0.008286,-0.000370,0.004334,0.006500,0,0.000000,0.000000,0.000000,0.000000,0.000000,0.000000,0.000000,0.000000,0.039288,0.041000
16.030099,-0.188093,-0.980140,1.183019,-0.186788,-1.042899,1.204000,-0.182749,-1.023363,1.180259,0.001871,-0.007111,-0.592915,0.805231,-0.214699,-0.919387,0.047894,-0.055986,0.045950,0.008701,-0.000367,0.004347,0.006528,5,-0.237020,0.164913,9.610861,-0.022679,-0.081284,0.014856,9.615539,0.104771,0.066186,0.043640
16.046791,-0.192417,-0.986626,1.183883,-0.215621,-1.041235,1.096498,-0.193124,-1.023153,1.153311,-0.003356,-0.007061,0.028987,0.999549,-0.596968,-0.537733,0.016115,-0.057531,0.047263,0.008212,-0.000369,0.004344,0.006518,3,0.105231,0.064540,9.568572,0.143399,-0.019365,0.001009,9.569427,0.145242,0.105625,0.047638
16.063419,-0.196726,-0.993088,1.184745,-0.191863,-1.021882,1.240651,-0.186626,-1.029987,1.179627,-0.001006,-0.006867,-0.114958,0.993346,-0.121726,-0.204443,0.097643,-0.054784,0.046658,0.008559,-0.000365,0.004248,0.006737,13,0.171443,0.200026,9.670727,-0.081095,-0.157839,-0.016566,9.677433,0.181795,0.063072,0.038597
16.082103,-0.200856,-0.997428,1.185000,-0.180402,-1.037335,1.280584,-0.192186,-1.036182,1.211568,-0.000709,0.005678,0.931000,-0.364973,0.480704,-0.827324,0.304829,-0.057061,0.045838,0.008506,-0.000392,0.004230,0.006680,6,0.165851,0.421796,9.888117,-0.052643,-0.142950,-0.002472,9.898659,0.156722,0.105581,0.047780
16.098686,-0.205921,-1.002902,1.185980,-0.138273,-1.051710,1.274583,-0.179055,-1.042518,1.223624,-0.003066,0.009015,0.982958,0.183581,0.735794,-0.918877,0.279248,-0.054301,0.046990,0.008337,-0.000386,0.004223,0.006727,7,0.036677,0.248693,9.976347,0.153759,0.078853,-0.010998,9.979750,0.175532,0.121692,0.060896
16.117363,-0.210794,-1.008794,1.186000,-0.223357,-1.011510,1.150837,-0.219213,-1.009552,1.150253,-0.002697,-0.006948,0.005074,0.999959,-1.084994,0.512628,0.279248,-0.054961,0.048330,0.008432,-0.000396,0.004207,0.006745,0,0.000000,0.000000,0.000000,0.000000,0.000000,0.000000,0.000000,0.000000,0.037438,0.036733
16.136082,-0.215529,-1.016059,1.187000,-0.217755,-1.024434,1.248407,-0.220237,-1.021016,1.207269,-0.001092,-0.004086,0.035970,0.999344,-0.199257,-0.255541,0.349318,-0.056991,0.049130,0.008447,-0.000392,0.004198,0.006775,7,-0.067647,0.562440,10.030365,0.014686,0.037506,-0.009779,10.046420,0.054404,0.062015,0.021391
16.154779,-0.220650,-1.021898,1.188248,-0.183237,-1.060070,1.285793,-0.206157,-1.042443,1.232878,-0.000599,-0.002685,0.107405,0.994212,0.242477,-0.509353,0.375543,-0.058123,0.048361,0.008401,-0.000384,0.004200,0.006792,4,-0.087689,0.426419,9.989835,-0.018795,0.045731,0.008081,9.999539,0.065714,0.111230,0.051225
16.173530,-0.225696,-1.027701,1.189004,-0.224532,-1.047859,1.209803,-0.201668,-1.047551,1.249946,0.002710,-0.001225,-0.513506,0.858081,-1.080431,-0.076170,0.397209,-0.057150,0.046365,0.008381,-0.000372,0.004210,0.006823,6,0.041708,0.188563,9.956902,0.144791,0.013504,0.023567,9.959111,0.155434,0.028988,0.068449
16.194292,-0.231283,-1.034126,1.189842,-0.224179,-1.035715,1.180204,-0.215451,-1.039747,1.232255,-0.004693,-0.005108,0.036708,0.999302,-0.660215,0.043828,0.333598,-0.056030,0.045984,0.008415,-0.000354,0.004228,0.006825,4,-0.173298,0.003988,10.058916,0.107263,0.024469,0.046052,10.060572,0.126617,0.012079,0.045619
16.212966,-0.236309,-1.039905,1.190596,-0.252859,-1.112345,1.171312,-0.230239,-1.052912,1.220006,0.001613,-0.008073,-0.318463,0.947900,-0.526562,-0.195206,0.274219,-0.057251,0.047387,0.008396,-0.000339,0.004251,0.006824,6,0.173445,0.239457,9.862370,-0.043075,-0.024208,-0.011227,9.867085,0.069016,0.076768,0.032726
16.231694,-0.241131,-1.046905,1.191226,-0.182468,-1.097912,1.325789,-0.218446,-1.058669,1.237045,-0.004212,-0.003464,0.034477,0.999391,-0.109329,-0.159563,0.326080,-0.058584,0.046372,0.008382,-0.000327,0.004270,0.006816,4,-0.049791,0.001545,9.684683,0.070136,0.055300,-0.023374,9.684945,0.095980,0.155403,0.052463
16.254541,-0.246541,-1.052541,1.192077,-0.237715,-1.063280,1.221306,-0.227673,-1.057535,1.239748,-0.005240,-0.004919,0.175030,0.984537,-0.300539,-0.024616,0.294485,-0.059422,0.046344,0.008427,-0.000326,0.004291,0.006812,10,0.220809,0.231044,9.579079,0.009952,-0.061140,0.034333,9.585073,0.127491,0.032365,0.051511
16.277407,-0.253214,-1.059241,1.193027,-0.310262,-1.085301,1.170090,-0.243039,-1.062182,1.230287,-0.010279,0.001196,0.834513,0.550891,-0.455304,-0.126768,0.237328,-0.060251,0.045823,0.008397,-0.000330,0.004309,0.006820,6,0.001217,0.143347,9.650646,0.072358,-0.100239,-0.011064,9.651927,0.127001,0.066781,0.038736
16.294010,-0.257714,-1.064303,1.193589,-0.249389,-1.068769,1.199102,-0.236527,-1.062490,1.229010,-0.001747,0.004629,0.950479,0.310749,-0.220289,-0.076101,0.235391,-0.061180,0.046832,0.008413,-0.000333,0.004309,0.006833,9,-0.047895,-0.060130,9.818122,-0.023460,-0.019965,0.022249,9.818776,0.083817,0.010938,0.041313
16.316899,-0.263511,-1.069888,1.194252,-0.246182,-1.116938,1.149440,-0.237614,-1.074729,1.217686,-0.008578,-0.004021,0.969932,0.243193,-0.219608,-0.196489,0.154291,-0.058685,0.047794,0.008451,-0.000336,0.004314,0.006840,3,-0.000048,-0.000111,10.108670,-0.008316,-0.027715,0.069888,10.108713,0.076993,0.067246,0.035260
16.343888,-0.270692,-1.078865,1.195449,-0.241149,-1.118615,1.219724,-0.238667,-1.081389,1.220941,-0.007101,0.010725,0.999845,-0.012045,-0.173995,-0.177127,0.147040,-0.055077,0.047531,0.008620,-0.000335,0.004213,0.006950,7,-0.037069,0.224433,9.851933,0.055387,-0.072681,-0.047116,9.855611,0.130712,0.055156,0.041010
16.366778,-0.276192,-1.084000,1.196000,-0.266098,-1.131417,1.307329,-0.250064,-1.088093,1.233054,0.009664,-0.002439,0.874784,-0.484411,-0.244450,-0.257309,0.209759,-0.056800,0.045617,0.008551,-0.000349,0.004191,0.006914,4,-0.094993,-0.115558,9.859771,-0.126335,-0.114853,0.036769,9.860914,0.175049,0.121427,0.045524
16.389598,-0.282395,-1.091395,1.197697,-0.292221,-1.164254,1.240866,-0.254453,-1.102369,1.238117,0.003122,-0.020635,-0.631990,0.774696,-0.210905,-0.358291,0.230095,-0.058659,0.045754,0.008415,-0.000360,0.004168,0.006934,11,-0.045927,0.019280,9.721195,-0.073160,-0.083153,-0.013348,9.721499,0.117148,0.085256,0.050348
16.414518,-0.289159,-1.098257,1.198451,-0.289244,-1.134967,1.202001,-0.261434,-1.101601,1.230506,0.003899,-0.001394,-0.546428,0.837496,-0.190356,-0.305287,0.169772,-0.057372,0.047483,0.008507,-0.000381,0.004169,0.006996,12,0.013845,0.027600,9.807809,-0.102488,-0.000213,0.001271,9.807923,0.104531,0.036882,0.042513
16.445733,-0.297115,-1.107115,1.200000,-0.254799,-1.175502,1.257118,-0.258978,-1.111373,1.246056,-0.006233,-0.006923,0.350512,0.936512,0.056706,-0.412431,0.232488,-0.059431,0.043562,0.008461,-0.000359,0.004156,0.006948,6,0.189062,0.216470,9.823605,-0.177513,-0.074017,-0.041136,9.828085,0.198193,0.098640,0.059947
16.468559,-0.302402,-1.112402,1.201761,-0.313224,-1.152637,1.259935,-0.275541,-1.123423,1.247571,-0.008899,-0.009751,0.487609,0.872962,-0.112783,-0.309798,0.205020,-0.059563,0.045134,0.008410,-0.000344,0.004165,0.007048,20,0.038781,0.443196,9.899203,-0.032609,-0.053537,-0.028116,9.911158,0.104326,0.071555,0.054236
16.489380,-0.308341,-1.116815,1.202763,-0.311762,-1.172454,1.271080,-0.278418,-1.138320,1.256660,-0.005972,-0.010477,0.405804,0.913880,-0.102161,-0.350062,0.235888,-0.059976,0.046955,0.008403,-0.000355,0.004149,0.007054,21,0.053618,0.252292,9.893056,0.031298,-0.010143,0.028420,9.897428,0.071514,0.088174,0.065290
16.520516,-0.316494,-1.125494,1.204000,-0.291327,-1.130614,1.323270,-0.279359,-1.130628,1.275883,-0.009173,-0.006728,0.534172,0.845299,-0.105171,-0.213714,0.306406,-0.061513,0.042661,0.008293,-0.000298,0.004117,0.007045,22,0.155698,0.151556,9.916505,-0.095361,-0.033151,-0.002252,9.919992,0.138713,0.122004,0.081071
16.545437,-0.323295,-1.132295,1.205000,-0.295592,-1.177969,1.261954,-0.279464,-1.147152,1.276894,-0.006447,-0.007360,0.569389,0.822010,-0.170874,-0.196474,0.283519,-0.061543,0.048103,0.008404,-0.000332,0.004102,0.007056,4,0.055543,0.167733,9.894762,-0.096540,-0.037843,-0.041738,9.897279,0.146694,0.078085,0.085502
16.570474,-0.329561,-1.137561,1.206390,-0.288960,-1.184078,1.302090,-0.280829,-1.151502,1.284898,-0.006389,-0.006697,0.602173,0.798312,-0.166293,-0.276960,0.297619,-0.062514,0.049354,0.008395,-0.000325,0.004077,0.007073,20,-0.038895,0.039172,9.838835,-0.070663,0.009346,-0.034127,9.839414,0.106257,0.113889,0.093449
16.593224,-0.336051,-1.143051,1.208000,-0.276675,-1.206978,1.210772,-0.279314,-1.210178,1.204441,-0.002697,-0.006946,0.005074,0.999959,0.539989,-1.006631,0.297619,-0.062478,0.050691,0.008386,-0.000315,0.004072,0.007071,1,0.124144,0.263146,9.823993,0.003749,-0.008998,0.014412,9.828301,0.017400,0.087292,0.087965
16.618261,-0.342764,-1.149882,1.209000,-0.332336,-1.162023,1.315087,-0.309907,-1.191850,1.265895,-0.006216,-0.008667,0.157240,0.987503,-0.432926,0.136871,0.385615,-0.061659,0.051574,0.008360,-0.000307,0.004078,0.007073,9,0.132962,0.055577,9.810303,0.053335,0.071100,-0.019074,9.811587,0.112768,0.107288,0.077961
16.643110,-0.348940,-1.154940,1.209988,-0.333128,-1.182787,1.187843,-0.319908,-1.198684,1.241546,0.003035,-0.009075,-0.375110,0.926931,0.087464,-0.528037,0.350149,-0.061245,0.052257,0.008470,-0.000298,0.004092,0.007073,10,0.149709,0.135035,9.933932,0.010287,-0.047885,0.053762,9.936107,0.084697,0.038935,0.061256
16.668060,-0.356050,-1.160075,1.212025,-0.326441,-1.187012,1.307663,-0.316392,-1.192906,1.269568,-0.005385,-0.005919,0.630055,0.776509,0.130408,-0.399830,0.457779,-0.060404,0.051317,0.008364,-0.000287,0.004110,0.007072,8,0.274694,0.273776,9.955316,-0.019515,-0.019284,-0.014679,9.963204,0.052999,0.103677,0.077213
16.694999,-0.362752,-1.166470,1.213188,-0.341924,-1.180075,1.176299,-0.326154,-1.189027,1.247057,-0.007870,0.004546,0.996981,0.077117,-0.120221,-0.196227,0.345982,-0.060313,0.049308,0.008404,-0.000278,0.004136,0.007065,6,-0.005671,0.237428,9.728132,0.119548,-0.050148,-0.016263,9.731202,0.150908,0.044494,0.054730
16.719993,-0.369558,-1.170724,1.214890,-0.385463,-1.191062,1.181415,-0.386734,-1.185122,1.179965,-0.002697,-0.006947,0.005074,0.999959,-1.163526,-0.293612,0.345982,-0.060405,0.047579,0.008385,-0.000261,0.004151,0.007067,1,0.018797,0.172584,9.518666,-0.269610,-0.016057,0.019570,9.520249,0.270796,0.042274,0.041497
16.744958,-0.376714,-1.176428,1.216143,-0.337767,-1.199171,1.272574,-0.365185,-1.187952,1.222069,-0.003535,-0.002215,0.005893,0.999974,0.346154,-0.231772,0.414952,-0.060136,0.046788,0.008355,-0.000253,0.004170,0.007040,17,0.184962,0.043541,9.741010,-0.097479,-0.028177,0.010239,9.743617,0.119797,0.072239,0.017344
16.769880,-0.383697,-1.181697,1.218000,-0.383615,-1.195082,1.293068,-0.380756,-1.192060,1.250845,-0.004823,-0.007365,0.025029,0.999648,-0.260494,-0.100308,0.484628,-0.059092,0.048216,0.008269,-0.000257,0.004180,0.007029,8,0.093643,-0.023912,9.865296,-0.162176,-0.004920,0.004319,9.866042,0.176200,0.076252,0.034566
16.796895,-0.390237,-1.186118,1.219118,-0.367663,-1.213341,1.402107,-0.372897,-1.207717,1.396417,-0.002697,-0.006947,0.005074,0.999959,0.590470,-0.675876,0.484628,-0.058213,0.053102,0.008128,-0.000264,0.004185,0.007004,1,-0.046487,0.131692,9.990066,-0.180795,-0.091434,-0.033808,9.991042,0.205402,0.186374,0.179449
16.821680,-0.397799,-1.190666,1.220533,-0.407729,-1.224306,1.275561,-0.408063,-1.226520,1.271254,-0.002697,-0.006947,0.005074,0.999959,-1.157437,-0.316764,0.484628,-0.065683,0.034894,0.008169,-0.000226,0.004180,0.006957,0,0.000000,0.000000,0.000000,0.000000,0.000000,0.000000,0.000000,0.000000,0.065255,0.062956
16.855130,-0.406925,-1.196462,1.222154,-0.391377,-1.224031,1.223292,-0.410580,-1.207213,1.238038,-0.007674,-0.004902,0.287661,0.957689,0.046107,0.083455,0.461840,-0.063742,0.046536,0.008599,-0.000288,0.004186,0.006974,7,-0.069534,-0.070353,9.792387,-0.026593,0.009991,-0.014601,9.793498,0.045197,0.031671,0.019526
16.871676,-0.412174,-1.199104,1.223035,-0.408369,-1.247712,1.283361,-0.411596,-1.234067,1.259779,-0.002195,-0.004811,0.060798,0.998136,-0.245195,-0.348701,0.437695,-0.063118,0.044957,0.008564,-0.000307,0.004093,0.007450,4,-0.228900,-0.116932,9.758596,-0.156897,0.021153,-0.039190,9.762159,0.166305,0.077566,0.050723
16.902902,-0.421555,-1.204733,1.224911,-0.401501,-1.200547,1.313826,-0.416407,-1.220045,1.282803,-0.006796,-0.002290,0.456393,0.889749,-0.105297,0.150538,0.484889,-0.066145,0.045367,0.008715,-0.000317,0.004045,0.007172,14,-0.104089,0.148557,9.906631,0.022505,-0.002015,0.003062,9.909368,0.158074,0.091244,0.060104
16.927822,-0.428496,-1.208543,1.226181,-0.400126,-1.196104,1.386231,-0.413674,-1.216228,1.320320,-0.005218,0.003659,0.822533,0.568682,-0.079026,0.182586,0.647945,-0.065626,0.047690,0.008182,-0.000324,0.004049,0.007227,16,-0.043879,0.164737,9.650707,0.057565,0.082584,0.016046,9.654193,0.134578,0.163021,0.095608
16.954785,-0.435944,-1.212236,1.227236,-0.445464,-1.254690,1.261746,-0.427303,-1.231878,1.317968,-0.008696,-0.005342,0.962872,0.269765,-0.226094,-0.054993,0.549633,-0.064401,0.047887,0.008446,-0.000325,0.004029,0.007148,27,0.119864,0.280127,9.934373,-0.086447,0.072109,-0.019202,9.942759,0.157825,0.055533,0.093235
16.981850,-0.443837,-1.216000,1.229000,-0.435982,-1.276342,1.343870,-0.427967,-1.248944,1.332109,-0.009982,-0.001388,0.945828,0.324511,-0.140691,-0.159717,0.575706,-0.063072,0.048849,0.008386,-0.000325,0.004020,0.007157,25,0.004414,-0.173051,10.026067,0.005684,0.059560,-0.003651,10.030333,0.174335,0.129993,0.109401
17.006763,-0.451176,-1.218588,1.230000,-0.421742,-1.284513,1.355336,-0.422878,-1.255205,1.340928,-0.003618,-0.004071,0.965721,0.259524,-0.029641,-0.178521,0.616670,-0.062730,0.049585,0.008406,-0.000315,0.004015,0.007148,2,0.220014,0.201802,9.873508,0.282800,0.091497,-0.007116,9.878304,0.297901,0.144642,0.120194
17.039998,-0.461101,-1.222840,1.231420,-0.468317,-1.237043,1.289422,-0.443056,-1.249899,1.338420,-0.015432,0.004604,0.998687,0.048622,-0.146960,-0.060588,0.464345,-0.064566,0.047005,0.008386,-0.000298,0.004018,0.007125,29,-0.080592,0.036937,9.631672,0.022322,0.068689,0.003015,9.634964,0.109406,0.060150,0.111834
17.064908,-0.469114,-1.225646,1.232823,-0.465592,-1.259518,1.269140,-0.445107,-1.262334,1.332745,0.003083,0.006103,0.994635,-0.103217,-0.114985,-0.160200,0.403661,-0.062903,0.045788,0.008459,-0.000295,0.004058,0.007092,25,0.048449,0.082165,9.936044,0.139089,0.072605,0.008909,9.938509,0.164119,0.049786,0.109119
17.089883,-0.475852,-1.228000,1.234000,-0.434881,-1.308996,1.389924,-0.435726,-1.277776,1.356783,0.032267,-0.009460,0.988968,-0.144259,0.017364,-0.294828,0.495581,-0.060615,0.045342,0.008496,-0.000303,0.004109,0.007111,26,0.200163,0.079861,10.107406,0.086073,0.036908,-0.021084,10.110248,0.128434,0.180420,0.138432
17.116907,-0.483160,-1.230580,1.235580,-0.494108,-1.283938,1.298768,-0.446880,-1.281635,1.349553,0.116064,-0.056870,0.963130,-0.235958,0.030497,-0.439148,0.399412,-0.067821,0.046472,0.008689,-0.000323,0.004104,0.007118,27,-0.055912,-0.058290,10.019449,0.016970,0.052550,-0.011483,10.022902,0.192180,0.083425,0.130049
17.148030,-0.492444,-1.233444,1.237444,-0.479284,-1.302399,1.283001,-0.433512,-1.298354,1.337928,0.339177,-0.122988,0.931106,0.053611,0.698136,-0.628139,0.386823,-0.076310,0.050627,0.011299,-0.000335,0.004121,0.007176,8,-0.074683,0.312179,10.201614,-0.031721,0.143366,-0.088249,10.208602,0.184924,0.083686,0.133353
17.172985,-0.499942,-1.235751,1.239751,-0.475395,-1.289067,1.331325,-0.455879,-1.294665,1.354448,0.114974,-0.046261,0.462583,0.877871,0.187929,-0.119617,0.469448,-0.064413,0.048067,0.008788,-0.000308,0.004065,0.007134,6,-0.257116,-0.383165,9.955586,-0.006621,-0.012167,0.067755,9.966714,0.081777,0.108770,0.136263
17.202085,-0.508065,-1.238022,1.241511,-0.445203,-1.282980,1.339071,-0.452716,-1.282549,1.357513,-0.025555,0.017005,0.928033,0.371230,0.152080,0.057768,0.374381,-0.067346,0.052760,0.008896,-0.000352,0.004034,0.007154,15,0.004875,0.043755,9.818876,0.007577,-0.121185,0.017733,9.819691,0.130159,0.124462,0.136025
17.233210,-0.516564,-1.240594,1.244188,-0.529476,-1.302564,1.359654,-0.460014,-1.294800,1.362361,-0.036327,0.011853,-0.651341,0.757822,0.044495,-0.081099,0.335976,-0.064726,0.047622,0.008693,-0.000410,0.004051,0.007206,15,-0.227781,0.053822,9.670635,0.003717,0.002338,0.005959,9.674801,0.056822,0.131679,0.141779
17.266516,-0.525781,-1.243652,1.246652,-0.463078,-1.308693,1.416987,-0.460659,-1.304088,1.425592,-0.002695,-0.006950,0.005075,0.999959,1.194920,-0.110302,0.335976,-0.064963,0.046958,0.008678,-0.000355,0.004018,0.007202,0,0.000000,0.000000,0.000000,0.000000,0.000000,0.000000,0.000000,0.000000,0.192811,0.199783
17.301844,-0.536192,-1.246000,1.250000,-0.513778,-1.291819,1.348575,-0.493969,-1.294486,1.392235,-0.004742,-0.015326,-0.028605,0.999462,-0.310588,0.206263,0.231322,-0.065572,0.048551,0.008576,-0.000336,0.004025,0.007217,7,0.050466,0.268670,9.904955,-0.074941,-0.111107,0.005044,9.909715,0.138175,0.110990,0.156092
17.329900,-0.543495,-1.246874,1.251311,-0.501860,-1.339076,1.373556,-0.500352,-1.316831,1.379438,-0.002964,-0.011838,0.127294,0.991790,-0.079258,-0.336666,0.197929,-0.065744,0.049337,0.008582,-0.000314,0.004020,0.007213,13,-0.081034,-0.172977,9.789619,-0.089553,-0.047437,0.031853,9.792247,0.136081,0.158678,0.152223
17.380798,-0.557790,-1.251000,1.255298,-0.579852,-1.274589,1.236857,-0.509272,-1.279495,1.354683,-0.012899,-0.007490,0.919992,0.391654,-0.166063,0.235536,-0.057745,-0.064443,0.051209,0.008528,-0.000298,0.004029,0.007204,18,0.077317,0.498632,10.008038,-0.177566,-0.024867,-0.041758,10.023361,0.198494,0.037192,0.114207
17.399504,-0.563190,-1.251000,1.257095,-0.557117,-1.300427,1.316633,-0.522650,-1.311947,1.338587,-0.007481,-0.001401,0.800586,0.599169,-0.018051,-0.028877,0.011944,-0.065745,0.049940,0.008594,-0.000277,0.004032,0.007183,19,-0.168557,0.441460,9.944464,0.121600,0.030965,-0.039872,9.957151,0.167362,0.077618,0.109540
17.426485,-0.570768,-1.251295,1.258589,-0.575326,-1.274858,1.280265,-0.538063,-1.293003,1.323205,-0.011060,0.010721,0.950603,0.310026,-0.099295,0.235088,-0.097132,-0.066454,0.051948,0.008604,-0.000275,0.004062,0.007160,10,-0.200898,0.119037,10.062127,0.158824,0.023518,-0.011376,10.065274,0.177772,0.032339,0.083573
17.453536,-0.577917,-1.252417,1.260833,-0.607761,-1.260580,1.253954,-0.563218,-1.283392,1.308782,-0.024895,0.043150,0.998320,-0.029587,-0.296073,0.305776,-0.164562,-0.066587,0.053985,0.008583,-0.000275,0.004080,0.007132,12,-0.089080,-0.058190,9.841586,0.095377,0.108396,-0.016951,9.844724,0.162671,0.031696,0.058946
17.484717,-0.586662,-1.253000,1.263332,-0.556127,-1.256314,1.269906,-0.557362,-1.281069,1.302385,-0.053803,-0.109972,0.808364,0.575812,-0.077041,0.208189,-0.027022,-0.064966,0.052740,0.008508,-0.000279,0.004112,0.007127,2,-0.011353,0.149905,9.790556,0.091427,0.109869,0.016803,9.792120,0.144159,0.031409,0.056316
17.517923,-0.595448,-1.254000,1.265720,-0.597519,-1.267717,1.347208,-0.594620,-1.270540,1.351115,-0.002700,-0.006934,0.005069,0.999959,-1.156899,-0.318723,-0.027022,-0.064550,0.050838,0.008479,-0.000306,0.004104,0.007114,1,0.223223,-0.033658,9.845809,-0.030569,0.037189,-0.033593,9.848396,0.058702,0.082661,0.086986
17.553232,-0.604675,-1.254000,1.268434,-0.638271,-1.295621,1.234981,-0.639833,-1.289371,1.289460,0.000149,-0.006955,-0.198303,0.980116,-1.051814,-0.550031,-0.235577,-0.063748,0.050063,0.008733,-0.000311,0.004126,0.007096,7,-0.076213,0.109723,9.934857,-0.010244,0.003308,0.018175,9.936667,0.044772,0.063088,0.054123
17.584433,-0.613036,-1.254000,1.270759,-0.596686,-1.273354,1.331383,-0.613502,-1.272764,1.299223,-0.004766,0.007773,0.945307,0.326055,-0.238709,0.003451,-0.024308,-0.065314,0.052411,0.006537,-0.000314,0.004008,0.007085,6,-0.162886,0.318995,9.939546,-0.045331,-0.063904,0.015738,9.948636,0.083726,0.065705,0.034095
17.619701,-0.622867,-1.254000,1.273645,-0.590262,-1.288943,1.379585,-0.612177,-1.289197,1.321121,-0.005797,0.000383,-0.228189,0.973600,-0.046155,0.041435,-0.010085,-0.065804,0.047903,0.009296,-0.000347,0.004003,0.007105,35,-0.229520,-0.076052,9.758282,-0.017642,-0.037763,0.024811,9.767374,0.099433,0.116222,0.060059
17.646753,-0.629936,-1.253000,1.275000,-0.636462,-1.270805,1.316313,-0.634814,-1.279497,1.318219,0.000837,-0.017337,-0.634315,0.772880,-0.282707,0.133752,-0.054434,-0.063352,0.047803,0.008572,-0.000367,0.003983,0.007102,27,0.025250,0.069482,9.673792,-0.119785,-0.033380,-0.023128,9.678983,0.144234,0.045457,0.050929
17.688299,-0.640914,-1.252636,1.278364,-0.636915,-1.256684,1.292000,-0.638857,-1.270085,1.311740,-0.014173,-0.000398,0.887263,-0.461046,-0.254043,0.202306,-0.063821,-0.061816,0.047788,0.008632,-0.000370,0.003969,0.007117,42,-0.078291,0.090319,9.732350,-0.026834,-0.028485,0.020060,9.737332,0.117500,0.014775,0.037718
17.723643,-0.650181,-1.251357,1.280286,-0.673919,-1.289801,1.309439,-0.661843,-1.285850,1.311779,-0.033348,-0.007463,0.965173,-0.259370,-0.386854,-0.008903,-0.034744,-0.062887,0.046004,0.008538,-0.000349,0.003952,0.007117,18,-0.159758,0.178310,9.915816,0.066882,0.058609,0.008675,9.923293,0.164152,0.053772,0.048141
17.763182,-0.660713,-1.249898,1.283204,-0.652333,-1.277328,1.349787,-0.663587,-1.282055,1.323189,-0.059946,-0.027705,0.953275,0.294798,-0.373123,0.086763,0.069443,-0.060381,0.050557,0.008631,-0.000362,0.003970,0.007099,40,0.063950,0.024038,9.902838,-0.062899,0.087200,-0.006789,9.905214,0.176163,0.072498,0.051392
17.794287,-0.669462,-1.248297,1.285352,-0.643918,-1.316718,1.369736,-0.656086,-1.303825,1.339582,0.005560,0.008694,0.492237,0.870400,-0.178979,-0.114631,0.118345,-0.064082,0.053644,0.008624,-0.000379,0.003987,0.007037,31,-0.126703,0.449751,9.815243,0.000815,0.004307,-0.008520,9.829718,0.127619,0.111601,0.078761
17.829696,-0.678257,-1.246000,1.287314,-0.674236,-1.273350,1.347371,-0.670919,-1.287763,1.332645,-0.002808,-0.008326,-0.395160,0.918570,-0.259316,-0.038688,0.061738,-0.065832,0.046898,0.008465,-0.000367,0.003993,0.007038,9,-0.059430,0.267260,9.806505,0.130371,-0.039119,0.002634,9.810663,0.151721,0.066113,0.062072
17.858748,-0.685949,-1.244454,1.289546,-0.708641,-1.294570,1.333477,-0.691018,-1.297665,1.329845,0.014578,-0.002842,-0.674424,0.738195,-0.391959,-0.080322,0.046421,-0.070193,0.051235,0.008282,-0.000372,0.003960,0.007020,29,-0.127220,0.025205,9.961323,0.031299,0.086827,-0.008295,9.963029,0.119871,0.070402,0.066941
17.894074,-0.695237,-1.241551,1.292449,-0.647948,-1.300140,1.420777,-0.669297,-1.296713,1.357849,0.020465,-0.005356,0.898026,-0.439434,-0.157316,-0.069772,0.169609,-0.058310,0.038298,0.008655,-0.000282,0.003981,0.007086,18,-0.184962,-0.080096,9.858430,-0.027332,-0.020663,-0.011282,9.861098,0.071581,0.148785,0.089403
17.929359,-0.705047,-1.238000,1.295047,-0.688267,-1.276068,1.439043,-0.682216,-1.292668,1.372508,0.054309,-0.002248,0.982446,0.178455,-0.195097,-0.182545,0.207674,-0.069682,0.057719,0.009317,-0.000238,0.004004,0.007186,10,-0.058740,-0.083067,9.759760,0.182215,0.133008,0.036483,9.764431,0.239700,0.149886,0.097519
17.962582,-0.713870,-1.236000,1.298000,-0.695007,-1.286831,1.288255,-0.696479,-1.293279,1.361231,-0.029828,-0.019192,0.826056,0.562471,-0.380346,-0.062505,0.156429,-0.074059,0.041985,0.008447,-0.000224,0.004050,0.006930,3,0.086781,0.236174,9.781007,0.140524,-0.027810,0.048602,9.784267,0.158487,0.055087,0.087072
18.000049,-0.723644,-1.232291,1.301709,-0.705062,-1.262968,1.377471,-0.698123,-1.282822,1.365366,-0.003635,0.009286,0.587237,0.809354,-0.345288,-0.005303,0.167516,-0.068116,0.040641,0.008802,-0.000236,0.004101,0.007020,13,-0.114616,-0.115142,9.999783,-0.087429,-0.009780,0.031783,10.001590,0.115531,0.083822,0.085188
18.041644,-0.733625,-1.228516,1.305484,-0.721499,-1.223207,1.353106,-0.713456,-1.264208,1.368727,-0.007014,0.000507,0.179268,0.983775,-0.398933,0.116867,0.158733,-0.064384,0.038168,0.008027,-0.000205,0.004214,0.007121,40,0.016601,0.164705,9.916334,0.064579,0.006575,0.023990,9.921670,0.160650,0.049427,0.075368
18.074817,-0.741338,-1.226132,1.308735,-0.734698,-1.293541,1.309629,-0.719519,-1.279128,1.366236,0.002601,-0.002319,-0.083835,0.996474,-0.352873,0.029163,0.141821,-0.063342,0.041829,0.008695,-0.000263,0.004177,0.007002,33,-0.117259,0.058440,9.899115,0.006219,-0.087063,-0.042988,9.903973,0.167135,0.067741,0.081185
18.110317,-0.750050,-1.222422,1.311683,-0.723319,-1.266022,1.473248,-0.724841,-1.270094,1.389617,-0.003128,-0.007850,-0.475731,0.879550,-0.314093,0.077915,0.197169,-0.063030,0.039262,0.008046,-0.000254,0.004171,0.007196,36,-0.101054,-0.099701,9.782176,-0.114515,0.002686,0.008386,9.786064,0.156273,0.169466,0.094772
18.141685,-0.758195,-1.218922,1.315078,-0.791369,-1.235710,1.382617,-0.755209,-1.260238,1.387826,0.014231,-0.019448,-0.810534,0.585195,-0.448018,0.108302,0.168697,-0.060281,0.046846,0.007942,-0.000340,0.004112,0.007101,32,0.088932,0.268486,9.732641,-0.138465,0.011469,-0.046821,9.740752,0.162849,0.077096,0.083715
18.193299,-0.770701,-1.213825,1.319351,-0.751727,-1.251593,1.392238,-0.761397,-1.253356,1.400433,-0.022004,0.027925,0.965270,-0.258824,-0.377929,0.198938,0.181719,-0.054249,0.043169,0.008633,-0.000321,0.004131,0.007295,19,-0.149442,0.141012,9.647229,0.038847,0.065138,-0.025967,9.650711,0.119687,0.084256,0.090685
18.222304,-0.778275,-1.210863,1.322110,-0.758273,-1.218636,1.352772,-0.760210,-1.218989,1.353448,-0.002696,-0.006943,0.005072,0.999959,-0.225705,1.136264,0.181719,-0.056424,0.043073,0.008869,-0.000331,0.004113,0.007098,1,0.031592,-0.255403,9.922737,-0.076400,-0.034261,-0.015584,9.926074,0.085169,0.037425,0.037073
18.253567,-0.785477,-1.207261,1.324991,-0.799237,-1.237146,1.351534,-0.778680,-1.222499,1.357124,-0.006320,-0.004763,0.722043,0.691802,-0.782095,0.091427,0.194887,-0.071707,0.047676,0.007315,-0.000331,0.004110,0.007063,9,0.014940,-0.150711,10.088083,-0.008628,-0.085106,0.009019,10.089838,0.091438,0.042272,0.036206
18.288856,-0.793151,-1.203110,1.327630,-0.759636,-1.262304,1.462120,-0.761323,-1.233169,1.394451,-0.004979,0.001101,0.896206,0.443609,-0.062498,-0.180798,0.308118,-0.067693,0.052095,0.008358,-0.000335,0.004096,0.007071,13,-0.170150,0.217521,9.891736,0.008177,-0.004068,-0.002417,9.896630,0.104416,0.150714,0.079885
18.324248,-0.801853,-1.199382,1.330618,-0.772378,-1.237261,1.371228,-0.772861,-1.239932,1.366423,-0.002697,-0.006947,0.005074,0.999959,-0.360001,0.707561,0.308118,-0.068075,0.047020,0.008025,-0.000317,0.004094,0.007037,1,0.182845,0.027026,9.850045,0.054685,0.125375,-0.032403,9.851779,0.140568,0.062872,0.061375
18.358751,-0.809835,-1.193832,1.333667,-0.808991,-1.222062,1.443071,-0.794936,-1.232422,1.397262,0.002145,-0.007611,-0.433051,0.901335,-0.810536,0.532146,0.364881,-0.069804,0.045145,0.008065,-0.000251,0.004042,0.007015,17,-0.068831,-0.020292,9.657033,-0.116445,-0.111905,-0.012448,9.658425,0.165818,0.112991,0.075865
18.409403,-0.821230,-1.187726,1.338296,-0.813915,-1.176425,1.341006,-0.817797,-1.189132,1.389920,-0.006294,-0.006680,0.110608,0.993822,-0.542464,0.706433,0.223301,-0.068472,0.042917,0.008072,-0.000246,0.004045,0.006985,23,-0.177357,-0.033632,9.895900,-0.051663,-0.061340,0.030978,9.901071,0.118949,0.013732,0.051756
18.442599,-0.829241,-1.183148,1.340926,-0.863520,-1.186713,1.334738,-0.845996,-1.189118,1.389826,-0.013203,-0.001667,0.895939,0.443977,-0.830436,0.523931,0.153967,-0.068659,0.041762,0.008065,-0.000246,0.004049,0.006941,30,-0.181179,-0.258001,9.843930,-0.115234,0.002553,-0.031259,9.850931,0.142034,0.035015,0.052034
18.482097,-0.837621,-1.176627,1.344249,-0.817219,-1.186205,1.384048,-0.837010,-1.184884,1.380340,-0.007998,-0.013111,-0.632289,0.774581,-0.084943,0.298403,0.030574,-0.067482,0.041019,0.008014,-0.000242,0.004047,0.006919,11,-0.189606,-0.040308,9.783102,0.022345,0.066898,-0.044090,9.786041,0.153435,0.045739,0.037029
18.517313,-0.845794,-1.171412,1.347000,-0.872787,-1.197974,1.435576,-0.862617,-1.180011,1.398260,-0.004747,0.009361,0.997127,-0.075016,-0.357835,0.214005,0.130649,-0.073061,0.040377,0.009573,-0.000260,0.004035,0.007004,36,-0.034888,0.219130,9.787834,-0.043110,0.074417,0.015555,9.792155,0.154765,0.096332,0.054631
18.549066,-0.854197,-1.166102,1.350299,-0.877246,-1.154729,1.394862,-0.870405,-1.158911,1.394885,0.000800,0.007271,0.780124,0.625583,-0.332365,0.331119,0.129703,-0.071774,0.045514,0.012235,-0.000262,0.004027,0.006914,24,-0.209385,-0.018106,9.676377,-0.055925,0.033504,-0.044882,9.680622,0.118830,0.051444,0.047982
18.600595,-0.866483,-1.157011,1.354494,-0.878360,-1.160476,1.359254,-0.878860,-1.155821,1.387512,-0.001755,-0.005887,0.407459,0.913203,-0.234133,0.282139,0.069947,-0.064968,0.041119,0.008544,-0.000213,0.004092,0.006746,5,-0.204179,-0.250772,9.835923,0.112951,0.051497,0.005550,9.841713,0.145210,0.013256,0.035281
18.631680,-0.873627,-1.151034,1.357322,-0.823588,-1.179255,1.448737,-0.859816,-1.160108,1.406244,0.001116,0.002857,0.141305,0.989961,-0.004143,0.255676,0.156116,-0.069219,0.043382,0.008174,-0.000284,0.004072,0.006767,7,0.210994,-0.120080,9.813905,0.007581,-0.000380,-0.008731,9.818282,0.050530,0.107967,0.051638
18.667042,-0.882233,-1.143658,1.360671,-0.867522,-1.179094,1.390823,-0.882425,-1.161431,1.393381,0.003168,-0.000957,-0.086113,0.996280,-0.139575,0.196294,0.056358,-0.065252,0.045867,0.008349,-0.000296,0.004147,0.006790,8,-0.195466,0.145725,9.919907,0.104038,0.161298,-0.052273,9.924048,0.207965,0.048798,0.037227
18.710701,-0.892025,-1.134975,1.365000,-0.933714,-1.132210,1.376994,-0.908997,-1.145411,1.384006,-0.000163,-0.008426,-0.279155,0.960209,-0.274914,0.240219,0.015645,-0.061213,0.046514,0.008469,-0.000278,0.004161,0.006666,11,-0.086381,0.188704,9.861860,-0.016991,-0.025283,-0.012041,9.865487,0.106148,0.043468,0.027535
18.748096,-0.900671,-1.126659,1.368000,-0.903094,-1.153249,1.402844,-0.897724,-1.146788,1.395358,-0.009776,0.010296,-0.724209,0.689434,-0.151585,0.191092,0.066449,-0.064118,0.040299,0.008301,-0.000325,0.004148,0.006506,9,-0.225952,-0.092728,9.758211,-0.142834,-0.027132,0.006499,9.761626,0.146908,0.043898,0.034093
18.785449,-0.908704,-1.119134,1.371352,-0.877517,-1.110440,1.426895,-0.881639,-1.133503,1.405226,0.040820,-0.046743,0.997363,-0.037616,-0.026103,0.074235,0.102049,-0.058914,0.048569,0.007881,-0.000427,0.004200,0.006535,9,-0.091438,0.156305,9.839249,-0.119868,-0.085384,-0.045805,9.842032,0.176327,0.064290,0.045678
18.825966,-0.918380,-1.109620,1.375000,-0.937009,-1.098793,1.329015,-0.913999,-1.138400,1.396749,0.055651,-0.066272,0.679266,0.728772,-0.340999,-0.052772,0.101360,-0.076338,0.048494,0.007221,-0.000351,0.004166,0.006670,25,-0.158654,0.337878,9.871600,0.007157,-0.009522,-0.021214,9.880267,0.114156,0.050782,0.036339
18.876942,-0.929836,-1.097859,1.379612,-0.956621,-1.130870,1.416043,-0.914731,-1.116024,1.406954,-0.036120,0.019613,-0.469127,0.882174,-0.270078,0.028829,0.047958,-0.079145,0.037116,0.007194,-0.000436,0.004151,0.006656,7,0.222116,-0.091487,9.727642,-0.041821,0.060708,0.085232,9.731055,0.169639,0.055986,0.036135
18.906051,-0.936493,-1.090507,1.382000,-0.912594,-1.084883,1.392798,-0.920580,-1.096815,1.403891,-0.011038,-0.001179,-0.184560,0.982758,-0.243964,0.169989,0.076017,-0.077041,0.048618,0.008595,-0.000382,0.004188,0.006540,5,-0.085638,0.362899,9.876807,0.045854,-0.085115,0.027356,9.883977,0.112379,0.026821,0.027789
18.941401,-0.943776,-1.081174,1.385100,-0.930538,-1.146972,1.488818,-0.922850,-1.113376,1.426828,-0.000215,0.006885,-0.097180,0.995243,-0.180455,0.098753,0.128747,-0.076264,0.048312,0.008017,-0.000426,0.004091,0.006381,6,0.155277,0.072154,9.812732,0.068236,0.123129,-0.021208,9.814826,0.174216,0.123539,0.056710
18.980342,-0.951699,-1.071573,1.388728,-0.992541,-1.047943,1.368546,-0.948269,-1.097270,1.429196,-0.000949,-0.001439,-0.027884,0.999610,-0.227991,0.127886,0.117657,-0.074130,0.048284,0.007756,-0.000427,0.004216,0.006339,39,0.011434,-0.269349,9.727465,0.092871,0.015779,0.019209,9.734883,0.159488,0.051321,0.048060
19.030700,-0.961473,-1.057370,1.392736,-0.980120,-1.031262,1.439720,-0.960433,-1.075715,1.438758,-0.002313,0.000571,0.117566,0.993062,-0.224442,0.214963,0.141478,-0.075217,0.046553,0.007482,-0.000349,0.004184,0.006234,51,-0.194133,0.168678,9.988304,-0.004958,0.022854,-0.014071,9.995954,0.120075,0.056893,0.049554
19.063905,-0.968064,-1.048581,1.396032,-0.950974,-1.063460,1.427126,-0.946302,-1.079824,1.450127,0.003718,0.003679,0.274218,0.961653,-0.082014,0.202847,0.166794,-0.083936,0.051530,0.007141,-0.000422,0.003969,0.006289,23,-0.022057,-0.006089,9.883607,-0.130144,-0.033377,-0.010738,9.885337,0.181681,0.038475,0.066151
19.101370,-0.975233,-1.038151,1.400488,-0.988799,-0.991194,1.338645,-0.962858,-1.057740,1.438120,0.005343,-0.002096,0.526570,0.850113,-0.117638,0.350920,0.127413,-0.076198,0.050455,0.007799,-0.000362,0.004026,0.006241,18,-0.135691,-0.010542,9.772305,0.077919,-0.119043,0.005467,9.774182,0.146750,0.078827,0.044193
19.144940,-0.984047,-1.025953,1.405000,-1.060248,-0.985019,1.351563,-0.993379,-1.048536,1.434128,0.000509,-0.007759,0.638189,0.769841,-0.266777,0.301715,0.112222,-0.066962,0.050104,0.007822,-0.000336,0.004100,0.006210,13,-0.131242,0.312540,9.729130,-0.016089,-0.054982,-0.033879,9.743484,0.100934,0.101675,0.038020
19.184427,-0.990809,-1.015383,1.408000,-1.038805,-1.031725,1.375754,-0.999621,-1.053352,1.436137,0.004100,-0.009260,0.651624,0.758475,-0.222059,0.204765,0.111754,-0.067877,0.058290,0.007796,-0.000583,0.004014,0.006050,23,0.203901,0.012009,9.729369,0.008841,0.046675,-0.050388,9.732253,0.106715,0.060088,0.048074
19.215607,-0.996212,-1.007182,1.411474,-1.000996,-0.980711,1.404629,-1.001605,-1.025685,1.429385,0.004266,-0.003187,0.709338,0.704848,-0.142566,0.219079,0.093361,-0.074656,0.054199,0.008053,-0.000471,0.003779,0.006008,31,0.046964,0.012095,9.833087,0.104789,0.051699,0.006623,9.838072,0.151078,0.027758,0.026311
19.253458,-1.002234,-0.996029,1.415241,-1.020033,-0.982647,1.434277,-1.010398,-1.017069,1.436120,0.002856,-0.006832,0.732089,0.681169,-0.189841,0.293539,0.108124,-0.070405,0.054602,0.007806,-0.000478,0.003890,0.006088,39,-0.016954,-0.173132,9.961828,-0.101207,-0.014582,-0.020195,9.966369,0.148323,0.029295,0.030745
19.302863,-1.010720,-0.981801,1.420420,-1.080571,-0.973356,1.382508,-1.035364,-1.007522,1.432367,-0.001415,-0.010323,0.819318,0.573244,-0.356336,0.329270,0.094941,-0.063552,0.049606,0.008011,-0.000331,0.003986,0.005811,20,-0.142620,-0.207080,9.866602,-0.100789,-0.017344,-0.019526,9.871067,0.115065,0.079923,0.037573
19.340275,-1.017136,-0.971106,1.424163,-1.076180,-0.973749,1.365433,-1.045034,-0.998215,1.426696,-0.002075,-0.011165,0.909354,0.415867,-0.344856,0.294970,0.076361,-0.061193,0.050987,0.008407,-0.000424,0.003844,0.005821,10,0.111668,0.164448,9.763537,-0.061935,0.014821,0.015711,9.767305,0.073551,0.083321,0.038982
19.377701,-1.023000,-0.960076,1.427924,-1.055355,-0.944046,1.376632,-1.048815,-0.975952,1.424241,0.001802,-0.007638,0.941879,0.335861,-0.299360,0.350281,0.068230,-0.063506,0.054168,0.008884,-0.000604,0.003630,0.005797,8,0.000344,-0.015782,9.926716,-0.051356,-0.084973,0.014610,9.926785,0.128670,0.062726,0.030529
19.410940,-1.028639,-0.949723,1.431000,-1.073413,-0.931789,1.444251,-1.063740,-0.963087,1.431642,0.000934,-0.008986,0.975148,0.221370,-0.322116,0.359443,0.084748,-0.061431,0.052674,0.008098,-0.000541,0.003562,0.005644,33,-0.195846,0.239508,9.974088,-0.088339,-0.077737,-0.010293,9.980909,0.128228,0.050020,0.037565
19.452494,-1.034800,-0.938239,1.435480,-1.044294,-0.942142,1.418016,-1.055541,-0.953634,1.436969,0.005185,-0.013287,0.976603,0.214577,-0.204773,0.356293,0.080720,-0.055611,0.058272,0.007871,-0.000798,0.003823,0.005673,36,-0.047139,-0.285094,9.563694,-0.107851,-0.060788,0.010247,9.571238,0.157628,0.020258,0.025873
19.492030,-1.041183,-0.926450,1.439000,-1.103420,-0.923808,1.381433,-1.079845,-0.939144,1.431484,0.000121,-0.011249,0.974906,0.222331,-0.215981,0.353387,0.059969,-0.056265,0.052331,0.008647,-0.000462,0.003593,0.005624,9,-0.120340,-0.426280,9.710319,-0.092049,-0.088085,0.039368,9.720636,0.165409,0.084820,0.041381
19.533528,-1.047019,-0.913555,1.442611,-1.079777,-0.888183,1.367674,-1.078159,-0.913418,1.426385,0.004400,-0.008891,0.967094,0.254225,-0.206374,0.321271,0.052829,-0.062672,0.056413,0.009292,-0.000781,0.003390,0.005491,12,-0.354053,0.214890,9.915366,-0.058227,0.062952,-0.020457,9.926306,0.138214,0.085630,0.035115
19.566948,-1.052212,-0.901788,1.445212,-1.092244,-0.909680,1.423655,-1.088802,-0.918112,1.431399,-0.001929,-0.012863,0.958552,0.284621,-0.171516,0.279416,0.057464,-0.059272,0.056275,0.008798,-0.000570,0.003657,0.005356,4,0.108680,-0.173032,9.676380,0.026430,0.294809,-0.052496,9.678962,0.306462,0.046148,0.042380
19.598670,-1.057551,-0.891899,1.448775,-1.096939,-0.890313,1.438810,-1.094485,-0.896994,1.451932,-0.002699,-0.006946,0.005074,0.999959,-0.148009,0.610522,0.057464,-0.063573,0.052427,0.012213,-0.000501,0.003579,0.005497,1,0.172215,0.097354,9.723228,0.101077,0.249400,-0.002285,9.725241,0.269114,0.040661,0.037418
19.649989,-1.065687,-0.874397,1.453343,-1.122125,-0.874283,1.335248,-1.120882,-0.874197,1.377023,-0.005267,-0.007350,0.380071,0.924913,-0.374321,0.415369,-0.162198,-0.054706,0.056315,0.008776,-0.000460,0.003661,0.006064,8,0.040681,0.013380,9.827107,0.016010,-0.018724,0.018401,9.829660,0.065851,0.130888,0.094187
19.679088,-1.070089,-0.864126,1.455544,-1.062743,-0.840451,1.374866,-1.060790,-0.840626,1.369682,-0.002697,-0.006946,0.005074,0.999959,1.042652,0.594035,-0.162198,-0.055497,0.057036,0.008870,-0.000433,0.003639,0.005766,0,0.000000,0.000000,0.000000,0.000000,0.000000,0.000000,0.000000,0.000000,0.084400,0.089504
19.724718,-1.076168,-0.847832,1.460168,-1.094021,-0.875784,1.467913,-1.085814,-0.854603,1.417117,-0.013111,-0.010074,0.874638,0.484494,-0.129329,-0.288327,0.031401,-0.056306,0.059620,0.008676,-0.000447,0.003660,0.005816,6,-0.054965,-0.158396,9.986508,0.133596,0.008187,-0.056028,9.988839,0.154111,0.034060,0.044635
19.766322,-1.082109,-0.833709,1.465109,-1.117484,-0.844576,1.457855,-1.104453,-0.846986,1.445757,-0.021052,0.005214,0.996542,0.080205,-0.853629,0.166809,0.134231,-0.060180,0.057873,0.008701,-0.000586,0.003704,0.005820,24,0.119987,-0.137148,9.963879,-0.063752,-0.075603,-0.028549,9.969058,0.127405,0.037711,0.032404
19.803751,-1.087669,-0.821161,1.469502,-1.109525,-0.807926,1.491574,-1.104248,-0.823388,1.463420,-0.003388,0.014882,0.858666,0.512308,-0.379609,0.406046,0.271894,-0.065842,0.058259,0.008529,-0.000564,0.003702,0.005871,22,0.249138,0.256679,9.822234,0.067604,-0.019454,-0.023864,9.830738,0.096965,0.033764,0.017799
19.842721,-1.092494,-0.807187,1.473494,-1.105206,-0.827604,1.474955,-1.107293,-0.829782,1.475190,-0.002696,-0.006948,0.005075,0.999959,0.110822,-0.504966,0.271894,-0.070756,0.052689,0.008595,-0.000570,0.003806,0.006033,0,0.000000,0.000000,0.000000,0.000000,0.000000,0.000000,0.000000,0.000000,0.024095,0.027063
19.893103,-1.098016,-0.788960,1.478512,-1.182455,-0.709534,1.326277,-1.157194,-0.784752,1.441738,-0.003540,-0.013335,-0.246692,0.968996,-0.428002,0.500480,0.141593,-0.078548,0.045927,0.010118,-0.000541,0.003963,0.006630,3,-0.027681,-0.272180,9.735280,-0.008690,-0.076647,-0.003298,9.743936,0.126584,0.191348,0.069800
19.927984,-1.102207,-0.776379,1.481905,-1.139604,-0.782490,1.520240,-1.146973,-0.778373,1.468393,-0.003470,-0.000043,0.712846,0.701312,0.089154,-0.109304,0.324065,-0.065689,0.061105,0.009060,-0.000496,0.003849,0.005872,2,-0.319209,-0.406177,9.454399,-0.043362,0.009871,0.056294,9.468578,0.071757,0.053902,0.046803
19.960217,-1.106000,-0.763712,1.484000,-1.349329,-0.639004,1.050389,-1.342172,-0.636638,1.048255,-0.002697,-0.006947,0.005074,0.999959,-0.990390,0.677589,0.324065,-0.069635,0.057185,0.008717,-0.000514,0.003905,0.006008,0,0.000000,0.000000,0.000000,0.000000,0.000000,0.000000,0.000000,0.000000,0.512620,0.511663
20.011514,-1.111867,-0.745111,1.489222,-1.126419,-0.752359,1.456979,-1.224003,-0.715143,1.260402,0.008385,-0.003015,0.213194,0.976969,0.354247,-0.132390,0.778729,-0.070370,0.054726,0.008677,-0.000490,0.003903,0.005961,21,0.008890,0.021686,9.893353,0.023818,0.031599,0.039915,9.894817,0.118638,0.036110,0.256576
20.048923,-1.116841,-0.731635,1.492841,-1.194224,-0.719047,1.396286,-1.212578,-0.723843,1.391942,-0.011087,0.002496,0.990236,0.138940,-0.179931,0.020493,0.523034,-0.072365,0.052497,0.008912,-0.000523,0.004005,0.005957,38,-0.086817,-0.281113,9.827335,0.019007,0.061266,0.024922,9.833593,0.120009,0.124376,0.139309
20.088424,-1.120594,-0.717219,1.496594,-1.160473,-0.737800,1.486801,-1.212331,-0.730142,1.430766,-0.009930,0.002171,0.867825,0.496766,0.144867,-0.194922,0.847043,-0.071900,0.061277,0.008881,-0.000629,0.004022,0.005959,12,0.196602,-0.244380,9.752310,-0.007967,0.039462,0.027050,9.757987,0.086630,0.045933,0.113649
20.129936,-1.125000,-0.702018,1.500982,-1.126858,-0.671680,1.453854,-1.165254,-0.710405,1.443856,-0.003281,0.003226,0.536486,0.843897,0.263070,0.104347,0.847803,-0.075733,0.059059,0.008511,-0.000486,0.004059,0.005990,13,-0.121922,-0.213718,9.958818,-0.041545,0.010330,0.027779,9.963084,0.067725,0.056079,0.070386
20.399347,-1.155516,-0.595847,1.525606,-1.222110,-0.610291,1.477085,-1.144721,-0.676383,1.538085,-0.005766,-0.002952,0.154760,0.987931,0.234568,0.204956,0.944006,-0.076580,0.058067,0.008515,-0.000499,0.003996,0.005972,33,0.072993,0.194190,9.791811,-0.055096,-0.065364,-0.000671,9.797554,0.189907,0.083652,0.082209
20.449991,-1.161509,-0.574340,1.529132,-1.207817,-0.554703,1.419604,-1.208084,-0.549053,1.416249,-0.002697,-0.006947,0.005074,0.999959,0.282219,1.097617,0.944006,-0.076654,0.054438,0.008566,-0.000506,0.004002,0.005938,0,0.000000,0.000000,0.000000,0.000000,0.000000,0.000000,0.000000,0.000000,0.120525,0.124704
20.489425,-1.165299,-0.556537,1.532866,-1.183605,-0.567505,1.411058,-1.192359,-0.552288,1.441322,0.001191,-0.009210,0.180733,0.983488,0.483380,0.176322,0.916264,-0.073297,0.052179,0.008515,-0.000574,0.003931,0.005946,6,-0.135325,-0.210108,9.814167,0.025431,0.055400,-0.037154,9.818442,0.073225,0.123663,0.095554
20.531003,-1.170070,-0.538988,1.535802,-1.194038,-0.525328,1.487752,-1.185518,-0.530601,1.476299,-0.009358,0.007690,0.958936,-0.283363,0.240405,0.504418,0.884424,-0.070511,0.050858,0.008365,-0.000568,0.003902,0.005930,2,0.317425,-0.312389,9.856677,0.023063,0.051178,0.052016,9.866755,0.077999,0.055407,0.062046
20.578782,-1.175406,-0.518978,1.539804,-1.218865,-0.520975,1.552012,-1.202524,-0.526199,1.509797,-0.004629,-0.011394,0.038660,0.999177,-0.095360,0.418309,1.040050,-0.072135,0.051592,0.008124,-0.000594,0.003958,0.005942,16,0.091918,-0.275373,9.733272,0.023376,-0.036672,-0.063297,9.740096,0.099897,0.045185,0.041085
20.626567,-1.180743,-0.498965,1.543807,-1.183230,-0.520315,1.574005,-1.191301,-0.517467,1.557326,-0.012365,-0.014563,0.985444,0.168922,0.220268,0.236405,1.034038,-0.082906,0.055114,0.008527,-0.000556,0.004050,0.006100,6,-0.122372,-0.042161,9.606606,0.038695,-0.135570,0.107001,9.608224,0.195430,0.037066,0.025231
20.678340,-1.186596,-0.476936,1.548277,-1.219281,-0.438594,1.505395,-1.199095,-0.484298,1.587433,0.011514,0.007002,-0.561415,0.827425,0.030683,0.446006,0.953947,-0.067382,0.049434,0.009394,-0.000499,0.004039,0.005930,10,-0.276716,-0.123334,9.703523,0.045305,-0.045259,0.014653,9.711113,0.079209,0.066161,0.041757
20.728396,-1.192528,-0.455721,1.552917,-1.176043,-0.433757,1.515331,-1.180243,-0.460607,1.597464,-0.019746,-0.000800,-0.814229,0.580207,0.180742,0.445880,0.846227,-0.079425,0.048966,0.008724,-0.000521,0.004064,0.005883,15,-0.054742,0.095665,10.175067,0.202158,0.038111,-0.058216,10.177398,0.235485,0.046550,0.046467
20.774108,-1.198238,-0.438666,1.557929,-1.286585,-0.402479,1.418066,-1.207577,-0.440246,1.586166,-0.001556,-0.015652,0.290840,0.956642,-0.091629,0.402483,0.660458,-0.075525,0.048282,0.008687,-0.000518,0.004050,0.005757,10,0.042162,-0.016790,10.029446,0.033094,0.052110,0.052922,10.029983,0.088094,0.169340,0.029783
20.821872,-1.203200,-0.419399,1.563200,-1.251863,-0.422081,1.526685,-1.204042,-0.436312,1.609414,0.017815,0.000640,-0.699034,0.714867,0.044376,0.342316,0.660385,-0.082967,0.045584,0.008948,-0.000522,0.003990,0.005705,18,-0.084035,0.169505,9.949737,0.044548,0.124959,-0.009541,9.952291,0.152696,0.060899,0.049218
20.865539,-1.207876,-0.402747,1.566876,-1.197999,-0.366803,1.507261,-1.188705,-0.403233,1.592803,-0.007702,-0.011978,0.522749,0.852368,0.104822,0.323828,0.518094,-0.076055,0.046014,0.009123,-0.000562,0.004026,0.005586,6,0.255840,-0.031558,9.797082,0.000401,0.148061,0.034333,9.800647,0.164342,0.070310,0.032249
20.907119,-1.212705,-0.387475,1.571057,-1.179232,-0.415686,1.569845,-1.176080,-0.416185,1.562411,-0.002697,-0.006946,0.005074,0.999959,0.430088,-1.120278,0.518094,-0.075641,0.043498,0.009132,-0.000591,0.004017,0.005532,0,0.000000,0.000000,0.000000,0.000000,0.000000,0.000000,0.000000,0.000000,0.043791,0.047332
20.963348,-1.217722,-0.367114,1.576722,-1.227819,-0.409498,1.551893,-1.209782,-0.428038,1.590372,0.007627,-0.010043,-0.822955,0.567966,-0.478319,-0.349450,0.511036,-0.075049,0.041632,0.009168,-0.000558,0.004023,0.005380,7,0.104002,0.045309,9.726651,0.014113,-0.057247,0.091583,9.728252,0.118169,0.050149,0.062937
21.013122,-1.221328,-0.350394,1.581104,-1.263193,-0.338260,1.564856,-1.246146,-0.384030,1.584479,-0.007062,-0.018445,-0.378104,0.925552,-0.627490,0.219970,0.504892,-0.068290,0.039178,0.009222,-0.000495,0.004081,0.005308,13,-0.146827,-0.086381,9.923048,0.015915,-0.092207,-0.045906,9.925316,0.138052,0.046517,0.041937
21.060826,-1.224813,-0.334517,1.585751,-1.230332,-0.316840,1.563604,-1.236967,-0.359528,1.599374,-0.011761,0.027454,0.959262,0.280933,-0.167665,0.349516,0.527749,-0.068173,0.043335,0.009262,-0.000463,0.004156,0.005255,4,-0.097516,-0.227573,9.904533,0.100275,-0.084644,0.000348,9.907891,0.135717,0.028869,0.030965
21.112975,-1.228623,-0.317162,1.590831,-1.297071,-0.344370,1.591038,-1.274084,-0.356315,1.620447,0.003624,0.010037,0.898751,0.438330,-0.358067,0.184837,0.514921,-0.066431,0.041590,0.009258,-0.000453,0.004113,0.005329,29,-0.085727,-0.072596,9.863962,-0.000508,-0.091540,0.018572,9.868688,0.135092,0.073657,0.066909
21.162120,-1.232213,-0.300806,1.595618,-1.365793,-0.296170,1.464870,-1.316980,-0.348247,1.580538,-0.000661,0.003648,0.845192,0.534450,-0.469409,0.347779,0.107632,-0.062356,0.049269,0.009213,-0.000515,0.004160,0.005207,49,0.018545,-0.130798,9.840175,-0.116147,0.047226,0.001342,9.844511,0.152249,0.186976,0.098303
21.208516,-1.235603,-0.285365,1.600137,-1.275493,-0.214279,1.621998,-1.298682,-0.298849,1.599687,-0.002407,0.008692,0.919173,0.393750,-0.281003,0.582895,0.270701,-0.071078,0.048097,0.009601,-0.000529,0.004088,0.005194,17,-0.157579,0.122312,9.927149,-0.162795,0.094271,-0.024663,9.932134,0.200001,0.084394,0.064505
21.262441,-1.239110,-0.267748,1.605516,-1.299679,-0.272095,1.541697,-1.306767,-0.304680,1.595126,-0.005635,-0.013475,0.956626,0.290954,-0.273104,0.335426,0.297563,-0.068343,0.048686,0.009294,-0.000585,0.004068,0.005233,10,0.004551,-0.420669,9.770828,-0.026132,0.102288,-0.006343,9.780332,0.109560,0.088093,0.077778
21.312309,-1.242297,-0.250415,1.610396,-1.250812,-0.252158,1.597114,-1.285730,-0.286917,1.612025,-0.002369,0.002614,0.867289,0.497792,-0.074282,0.376131,0.355099,-0.072097,0.052681,0.009525,-0.000617,0.003973,0.005164,6,-0.020560,-0.024245,9.897217,-0.023730,-0.125100,0.014585,9.897361,0.145972,0.015873,0.056758
21.364241,-1.245399,-0.234601,1.615000,-1.205765,-0.220064,1.632276,-1.264653,-0.266580,1.627064,0.011850,-0.002521,0.848607,0.528885,0.073229,0.427660,0.397757,-0.077466,0.053399,0.009352,-0.000606,0.003932,0.005108,14,-0.037477,0.179639,10.059376,0.005371,-0.194625,-0.045538,10.062815,0.213058,0.045614,0.039229
21.409954,-1.247891,-0.218218,1.619000,-1.248380,-0.192314,1.632901,-1.274958,-0.244219,1.636120,0.001214,-0.003002,0.905180,0.425016,0.014013,0.473956,0.374563,-0.075367,0.045880,0.009638,-0.000500,0.003961,0.005101,20,-0.145223,-0.084404,9.922870,0.055827,-0.136040,-0.014393,9.926268,0.157746,0.029403,0.041253
21.455644,-1.251000,-0.203756,1.623122,-1.289141,-0.233132,1.654875,-1.285607,-0.238721,1.663806,-0.002698,-0.006947,0.005074,0.999959,-0.847932,-0.849124,0.374563,-0.076181,0.041454,0.009214,-0.000444,0.004015,0.005227,0,0.000000,0.000000,0.000000,0.000000,0.000000,0.000000,0.000000,0.000000,0.057671,0.063838
21.499354,-1.252937,-0.191347,1.627874,-1.235488,-0.148383,1.693215,-1.272804,-0.190187,1.683048,-0.012570,-0.000210,0.421502,0.906740,0.121312,0.492517,0.582357,-0.078224,0.034828,0.010015,-0.000419,0.004144,0.005645,26,0.084651,0.484587,9.633913,0.024096,0.040653,0.008385,9.650824,0.124114,0.080124,0.058654
21.545057,-1.256000,-0.173835,1.632000,-1.306176,-0.148157,1.575680,-1.288778,-0.168658,1.668132,-0.004708,-0.000514,0.421076,0.907013,-0.300440,0.572410,0.354102,-0.067322,0.044228,0.009677,-0.000432,0.004114,0.004902,6,-0.045674,0.225189,9.666448,0.239484,-0.030900,0.026539,9.669301,0.244413,0.079680,0.049058
21.597003,-1.259558,-0.157606,1.636878,-1.242439,-0.106311,1.588622,-1.268252,-0.143089,1.650350,-0.004297,-0.002218,-0.644731,0.764394,0.069776,0.671905,0.234981,-0.067716,0.044689,0.009649,-0.000398,0.004185,0.005033,5,-0.084801,-0.141927,9.965526,-0.065747,0.185573,0.062202,9.967211,0.213491,0.072477,0.021629
21.642679,-1.262629,-0.144449,1.641702,-1.269685,-0.163454,1.783129,-1.269651,-0.152319,1.712310,0.003042,0.004477,0.303844,0.952707,-0.039742,0.157644,0.519277,-0.069337,0.044538,0.009565,-0.000396,0.004218,0.004983,22,0.087401,-0.304202,9.786193,-0.007252,-0.050020,0.015463,9.794177,0.141818,0.142872,0.071392
21.682150,-1.265282,-0.133079,1.645871,-1.217544,-0.154569,1.653152,-1.246112,-0.144674,1.700709,0.005895,-0.000761,0.811606,0.584175,0.228684,0.181048,0.370166,-0.068389,0.053389,0.009553,-0.000433,0.004295,0.004909,30,0.025226,-0.025255,9.871532,-0.158101,-0.179064,-0.012874,9.876652,0.261520,0.052856,0.059238
21.719561,-1.267349,-0.121232,1.649698,-1.253191,-0.099565,1.680538,-1.257925,-0.100955,1.677312,-0.002698,-0.006948,0.005075,0.999959,-0.652629,1.007013,0.370166,-0.066081,0.056658,0.009292,-0.000258,0.003525,0.004917,1,-0.133814,-0.236768,9.639406,0.026330,0.114162,-0.026338,9.643242,0.120083,0.040262,0.035532
21.758912,-1.269646,-0.110652,1.653057,-1.262583,-0.119049,1.786569,-1.269373,-0.109206,1.721324,0.001314,-0.004979,-0.197248,0.980340,-0.405132,0.033157,0.458297,-0.069851,0.057853,0.008795,-0.000297,0.003512,0.004906,26,0.009862,-0.131247,9.492738,-0.086953,-0.009093,0.008915,9.495491,0.112744,0.133962,0.068283
21.819343,-1.274227,-0.093706,1.659840,-1.260381,-0.083113,1.766676,-1.269692,-0.085444,1.749453,-0.003015,-0.004971,-0.116875,0.993130,-0.121051,0.304119,0.453173,-0.077851,0.058774,0.008350,-0.000219,0.003443,0.005158,40,-0.186876,-0.086022,9.759517,-0.086862,-0.047077,-0.003485,9.763933,0.127639,0.108249,0.090107
21.883727,-1.278666,-0.076334,1.665666,-1.321013,-0.064435,1.551162,-1.324013,-0.060072,1.547709,-0.002697,-0.006947,0.005074,0.999959,-0.941723,0.290104,0.453173,-0.090195,0.063274,0.007651,-0.000151,0.003333,0.005858,1,-0.125108,-0.123880,9.972140,0.202070,0.149444,-0.021785,9.973694,0.252270,0.122663,0.127415
21.935706,-1.282030,-0.061395,1.670535,-1.255312,-0.036155,1.634942,-1.285120,-0.065915,1.596904,-0.000182,-0.000385,0.996618,-0.082176,0.442487,0.288850,0.487581,-0.099857,0.068008,0.008839,-0.000100,0.003398,0.006686,8,-0.285822,0.609511,9.727806,0.278789,0.061174,0.014172,9.752477,0.289925,0.051164,0.073835
21.985502,-1.285997,-0.048003,1.674997,-1.299523,-0.052899,1.623022,-1.299725,-0.051751,1.620625,-0.008389,0.007654,0.883288,-0.468693,-0.046881,0.023430,0.515603,-0.087003,0.034367,0.011825,-0.000447,0.004011,0.006317,13,-0.048359,0.012808,9.764529,0.060830,0.155260,-0.043479,9.765695,0.186397,0.053929,0.056203
22.039130,-1.289014,-0.033946,1.680351,-1.253536,-0.043624,1.756398,-1.256823,-0.030807,1.743165,-0.002697,-0.006946,0.005074,0.999959,0.857511,0.172959,0.515603,-0.070415,0.052235,0.009345,-0.000616,0.004224,0.006598,0,0.000000,0.000000,0.000000,0.000000,0.000000,0.000000,0.000000,0.000000,0.084471,0.070651
22.089020,-1.292000,-0.020926,1.685074,-1.321805,-0.040557,1.762597,-1.321878,-0.040769,1.761558,-0.002697,-0.006947,0.005074,0.999959,-1.198791,0.053861,0.515603,-0.063989,0.049312,0.009553,-0.000553,0.004492,0.006684,0,0.000000,0.000000,0.000000,0.000000,0.000000,0.000000,0.000000,0.000000,0.085344,0.084477
22.135166,-1.293000,-0.008661,1.689339,-1.285598,-0.004825,1.737493,-1.284600,-0.000947,1.730962,-0.002697,-0.006947,0.005074,0.999959,0.784613,0.774327,0.515603,-0.062042,0.061678,0.008781,-0.000171,0.003986,0.006697,0,0.000000,0.000000,0.000000,0.000000,0.000000,0.000000,0.000000,0.000000,0.048871,0.043157
22.185074,-1.296081,-0.000595,1.695243,-1.297258,0.013822,1.729220,-1.285943,0.017999,1.741314,0.006105,-0.009302,-0.586074,0.810181,-0.052369,0.613234,0.490659,-0.062129,0.061903,0.009392,-0.000324,0.004193,0.006725,5,-0.185920,-0.665257,9.648923,0.059066,0.100581,0.029421,9.673704,0.121221,0.036928,0.050706
22.239059,-1.296000,0.011189,1.700071,-1.301585,-0.030879,1.833035,-1.299988,-0.031749,1.836915,-0.002697,-0.006946,0.005074,0.999959,-0.080168,-0.828018,0.490659,-0.065113,0.058233,0.009554,-0.000438,0.004262,0.006849,0,0.000000,0.000000,0.000000,0.000000,0.000000,0.000000,0.000000,0.000000,0.139572,0.143478
22.288967,-1.296000,0.021472,1.703927,-1.375814,0.046636,1.649353,-1.376530,0.053668,1.647667,-0.002697,-0.006947,0.005074,0.999959,-0.829953,0.866705,0.490659,-0.070253,0.056250,0.009280,-0.000457,0.004266,0.006883,1,0.297394,0.176130,9.913009,0.155790,-0.101926,-0.014389,9.919033,0.186726,0.099908,0.103377
22.345081,-1.296000,0.032418,1.708806,-1.342361,0.040765,1.701823,-1.365795,0.046126,1.689581,0.004336,-0.005965,0.414825,0.909871,0.080019,0.225864,0.556136,-0.074079,0.053832,0.009255,-0.000438,0.004269,0.006902,2,0.062534,-0.172919,9.733996,0.046493,-0.043440,0.046462,9.735887,0.083732,0.047621,0.073681
22.396935,-1.295475,0.041204,1.712102,-1.324690,0.074686,1.770582,-1.350054,0.073646,1.743305,-0.004928,-0.000115,0.897179,0.441639,0.146528,0.384517,0.709023,-0.078267,0.051889,0.009768,-0.000407,0.004282,0.006903,13,-0.066481,0.128653,9.944595,0.053638,0.105589,-0.022960,9.946299,0.135855,0.073447,0.070747
22.450025,-1.293746,0.050389,1.716881,-1.365636,0.040713,1.786307,-1.381582,0.059369,1.772760,-0.001841,-0.001452,0.987305,-0.158818,-0.478202,0.144612,0.886516,-0.080727,0.053494,0.009140,-0.000471,0.004344,0.006924,11,0.114217,0.164727,10.030886,-0.028154,0.078928,0.004087,10.034533,0.175117,0.100408,0.104490
22.516526,-1.292765,0.057411,1.721706,-1.349245,0.044664,1.849670,-1.358580,0.060237,1.815739,-0.005333,0.002605,0.996338,0.085294,-0.383317,0.052796,0.809653,-0.080397,0.049093,0.009308,-0.000469,0.004333,0.006947,8,-0.009875,0.008255,9.968245,-0.069186,-0.125175,-0.011444,9.968621,0.185031,0.140454,0.114812
22.566333,-1.288902,0.068293,1.725195,-1.311004,0.048296,1.781333,-1.328203,0.058685,1.816904,0.012017,0.003305,0.986424,0.163744,-0.033340,0.068994,0.632772,-0.076569,0.048421,0.009204,-0.000569,0.004424,0.007018,19,-0.026655,-0.584528,9.643526,-0.169179,-0.182237,0.010019,9.662980,0.264524,0.063560,0.100236
22.617311,-1.286317,0.074787,1.729104,-1.317018,0.068339,1.751050,-1.320297,0.066583,1.803732,0.054215,0.013473,0.855184,0.515305,0.064316,0.166195,0.444699,-0.079569,0.050400,0.011550,-0.000688,0.004523,0.007179,13,-0.304800,-0.220009,9.765333,-0.098744,-0.085556,0.025970,9.773260,0.137986,0.038286,0.082410
22.662999,-1.284000,0.080450,1.732225,-1.308456,0.076821,1.745465,-1.315754,0.068958,1.803110,0.004774,-0.007481,0.026528,0.999609,-0.037093,0.058005,0.368237,-0.067434,0.057785,0.009937,-0.000663,0.004337,0.006659,10,-0.098872,0.004051,9.608807,0.001611,-0.023403,0.034401,9.609767,0.079329,0.028045,0.078518
22.711819,-1.281196,0.087314,1.735706,-1.303050,0.120401,1.731228,-1.306967,0.091357,1.788774,-0.010015,-0.004970,-0.242788,0.970015,0.090928,0.220188,0.249672,-0.078372,0.054612,0.009425,-0.000820,0.004503,0.007075,11,-0.254194,0.608237,9.881638,-0.068436,-0.105387,0.016241,9.905093,0.162333,0.039905,0.059133
22.758510,-1.279614,0.090494,1.739079,-1.325037,0.083213,1.778536,-1.320377,0.084322,1.797502,-0.000075,-0.011294,0.109797,0.993890,-0.027823,0.192615,0.268689,-0.071883,0.056053,0.009979,-0.000801,0.004388,0.007118,3,-0.108172,0.005051,9.833487,0.339005,0.080319,-0.005205,9.834138,0.348457,0.060606,0.071505
22.829177,-1.275953,0.097084,1.744570,-1.301260,0.088520,1.678562,-1.307985,0.085678,1.776120,0.001803,-0.004828,0.274892,0.961461,-0.015998,0.156631,0.165525,-0.073488,0.056916,0.010249,-0.000821,0.004353,0.007095,16,-0.192852,-0.137493,9.899597,0.031876,0.194614,0.009728,9.905322,0.203510,0.071210,0.046385
22.886943,-1.272961,0.102471,1.749059,-1.321864,0.061086,1.777625,-1.311488,0.064817,1.763399,-0.002698,-0.006947,0.005074,0.999959,-0.356694,-0.474924,0.165525,-0.074593,0.055581,0.010124,-0.000758,0.004363,0.007245,1,-0.142133,-0.018967,9.694770,0.033108,-0.077244,-0.006615,9.695830,0.084300,0.070145,0.055748
22.933254,-1.270656,0.106258,1.752688,-1.308123,0.168892,1.653065,-1.328009,0.065856,1.760512,-0.004368,-0.006368,0.195257,0.980722,0.024679,0.666950,0.194733,-0.074903,0.054366,0.010770,-0.000695,0.004337,0.007238,8,-0.173805,-0.110876,9.794238,-0.036116,0.046218,-0.021221,9.797064,0.084438,0.123497,0.070589
22.983065,-1.268633,0.107775,1.756733,-1.316329,0.150712,1.641628,-1.291780,0.063820,1.682061,-0.006862,0.004406,0.974739,-0.223199,-0.111498,0.219950,0.010681,-0.076555,0.053177,0.010153,-0.000693,0.004333,0.007242,10,-0.026493,0.283116,9.780229,0.106336,-0.038565,-0.018253,9.785048,0.147954,0.131787,0.089686
23.050858,-1.264976,0.112541,1.761518,-1.297034,0.119450,1.699871,-1.274008,0.101439,1.689806,0.005391,-0.006032,-0.243941,0.969756,-0.047605,-0.020365,0.070857,-0.077609,0.051953,0.010278,-0.000624,0.004263,0.007265,7,-0.105723,0.147242,9.809142,0.170579,0.152004,-0.029673,9.811077,0.231724,0.069827,0.073126
23.118125,-1.259585,0.115472,1.765651,-1.322426,0.133922,1.617065,-1.305075,0.102085,1.658769,-0.007087,0.002525,0.953302,-0.301926,-0.145332,-0.135649,-0.097955,-0.076365,0.050336,0.010415,-0.000662,0.004251,0.007274,14,-0.050874,-0.055671,9.814113,0.004234,0.003066,-0.021376,9.814872,0.098101,0.162380,0.116928
23.165858,-1.256160,0.116613,1.769647,-1.296456,0.169099,1.766688,-1.305446,0.143686,1.685892,0.000600,-0.008136,-0.864089,0.503273,0.024115,0.176113,0.060922,-0.074450,0.048682,0.010411,-0.000708,0.004269,0.007265,6,-0.032844,0.162734,9.896521,-0.239785,-0.208599,-0.006037,9.898567,0.321094,0.066237,0.100881
23.221780,-1.252256,0.115969,1.773163,-1.257250,0.135901,1.760782,-1.292613,0.136176,1.697196,0.000364,-0.005287,0.067014,0.997738,0.119620,-0.012762,0.134979,-0.072559,0.051410,0.010433,-0.000751,0.004282,0.007256,4,-0.109682,-0.084353,9.978850,-0.007744,-0.104759,-0.020246,9.980974,0.115203,0.023990,0.088363
23.288484,-1.245000,0.120000,1.778000,-1.234982,0.122622,1.737859,-1.234726,0.123084,1.737494,-0.002698,-0.006947,0.005074,0.999959,0.333834,-0.199084,0.134979,-0.073256,0.051092,0.010434,-0.000804,0.004330,0.007292,0,0.000000,0.000000,0.000000,0.000000,0.000000,0.000000,0.000000,0.000000,0.041455,0.041902
23.337909,-1.241351,0.116912,1.781825,-1.251798,0.172703,1.776426,-1.255150,0.113112,1.760334,-0.007330,0.001891,0.998968,0.044784,-0.099191,0.587553,0.178856,-0.072343,0.048772,0.010459,-0.000819,0.004313,0.007237,5,-0.107750,-0.081816,9.721377,-0.159894,-0.183873,-0.029826,9.722471,0.249873,0.057017,0.025821
23.388166,-1.236000,0.118401,1.785599,-1.234815,0.124333,1.828245,-1.224647,0.095624,1.789916,-0.009710,-0.001123,0.957379,0.288669,0.061352,-0.107010,0.253605,-0.070367,0.050917,0.010323,-0.000794,0.004342,0.007235,3,-0.095140,-0.203274,9.533241,0.137012,0.039324,0.045791,9.536022,0.150640,0.043073,0.025813
23.452591,-1.228766,0.119628,1.789117,-1.252524,0.137287,1.709421,-1.228960,0.142144,1.772830,0.007010,-0.006288,-0.728874,0.684583,-0.025210,0.151252,0.116560,-0.066341,0.050528,0.010516,-0.000584,0.004258,0.007226,2,-0.183172,0.101409,9.949276,0.146857,0.007227,-0.002241,9.951728,0.147484,0.085016,0.027790
23.508747,-1.223137,0.118534,1.791466,-1.278987,0.159738,1.658145,-1.250774,0.153349,1.743772,-0.006558,0.002575,0.899070,-0.437749,-0.145274,0.334286,-0.071929,-0.066346,0.049532,0.010673,-0.000533,0.004287,0.007175,5,0.125392,0.075269,9.585398,-0.065228,-0.045200,-0.033909,9.586963,0.088342,0.150304,0.065197
23.571069,-1.217877,0.113630,1.794123,-1.250926,0.116161,1.806135,-1.251015,0.114434,1.806325,-0.002698,-0.006947,0.005074,0.999959,0.450253,-0.699221,-0.071929,-0.070751,0.053171,0.010168,-0.000391,0.004312,0.007144,1,-0.044307,-0.105217,9.913057,-0.134872,-0.048393,-0.040019,9.913715,0.148774,0.035256,0.035323
23.631330,-1.212583,0.111000,1.797208,-1.273707,0.155630,1.725754,-1.260649,0.132847,1.759205,-0.005301,-0.008017,0.189654,0.981804,-0.085970,0.173330,-0.165988,-0.075945,0.049805,0.010272,-0.000315,0.004376,0.007125,4,-0.325752,0.136439,9.891341,0.130658,0.103281,-0.045906,9.897826,0.173845,0.104085,0.065053
23.682516,-1.208374,0.105091,1.799970,-1.266260,0.073626,1.768569,-1.267933,0.103719,1.758907,0.005787,-0.009203,-0.222035,0.974978,-0.050461,-0.380235,-0.135566,-0.082178,0.048291,0.012631,-0.000232,0.004427,0.007118,28,-0.222460,0.001988,9.788766,0.116776,0.036263,0.005363,9.792204,0.137733,0.072986,0.072356
23.749723,-1.200717,0.102538,1.803642,-1.203088,0.092720,1.747344,-1.239323,0.115010,1.744385,-0.006165,-0.001680,-0.290467,0.956864,0.190977,-0.178927,-0.206871,-0.088019,0.050160,0.010126,-0.000315,0.004431,0.006855,9,-0.069486,0.195603,9.972272,0.132325,0.046811,0.003145,9.974852,0.156627,0.057197,0.071815
23.805892,-1.193962,0.097949,1.806025,-1.227138,0.116164,1.752694,-1.245677,0.103670,1.745266,0.000966,-0.017756,-0.808903,0.587674,0.128268,-0.016355,-0.155041,-0.078140,0.051663,0.011299,-0.000154,0.004152,0.006573,5,0.070620,0.418460,9.839697,0.101320,-0.036460,0.038388,9.849567,0.117053,0.065396,0.079993
23.860866,-1.188373,0.090497,1.809752,-1.240772,0.092241,1.786292,-1.241045,0.091669,1.752076,-0.007196,-0.005867,0.473910,0.880524,0.044000,-0.033722,-0.079922,-0.073772,0.047873,0.010622,-0.000341,0.004108,0.006965,29,-0.241760,-0.362383,9.643882,-0.408788,0.017194,0.007392,9.654988,0.413943,0.057438,0.078117
23.928443,-1.181058,0.078000,1.813000,-1.211471,0.093253,1.721417,-1.225105,0.092438,1.737333,0.000058,0.003167,0.956084,-0.293076,0.206189,-0.254490,-0.143890,-0.071744,0.048920,0.010563,-0.000368,0.004054,0.006746,8,-0.074559,0.515336,9.853463,-0.186611,-0.079447,-0.005367,9.876408,0.240541,0.097699,0.088735
23.982508,-1.173115,0.074057,1.815957,-1.235983,0.077194,1.679865,-1.234480,0.085467,1.716815,-0.009386,-0.002957,0.521874,0.852966,0.222341,-0.243868,-0.216153,-0.073707,0.052937,0.010665,-0.000477,0.004088,0.006834,6,-0.100981,0.179482,9.887947,0.051824,0.093535,0.031090,9.890272,0.117316,0.149944,0.117154
24.047306,-1.165035,0.063211,1.818747,-1.199747,0.055362,1.805054,-1.216464,0.074099,1.738437,-0.000557,-0.006904,-0.288004,0.957604,0.272902,-0.241167,-0.098595,-0.070143,0.050246,0.010209,-0.000481,0.004087,0.006809,20,-0.113799,-0.000675,9.677782,0.254318,-0.011833,0.015475,9.679973,0.264813,0.038132,0.095985
24.092572,-1.159040,0.056596,1.820814,-1.161870,0.081892,1.817178,-1.191882,0.077266,1.756044,-0.007733,-0.010760,-0.828642,0.559623,0.438606,-0.192414,-0.025026,-0.071943,0.046710,0.009607,-0.000363,0.003970,0.006814,14,-0.090376,0.461540,9.845879,0.055341,-0.092194,-0.032091,9.859637,0.136763,0.025712,0.075504
24.156984,-1.150510,0.047184,1.823755,-1.188959,0.087186,1.707310,-1.194101,0.082409,1.741135,-0.010436,0.015714,0.943075,-0.332044,0.331559,-0.146121,-0.059333,-0.064340,0.053177,0.010825,-0.000389,0.004018,0.006823,5,-0.056288,0.652758,9.954092,0.028567,0.029314,-0.018569,9.975852,0.081033,0.128988,0.099835
24.214488,-1.142475,0.038950,1.826000,-1.175101,0.034049,1.716406,-1.186618,0.058093,1.735701,-0.001979,-0.001777,0.997622,0.068867,0.304050,-0.248030,-0.072756,-0.074441,0.060128,0.011441,-0.000384,0.003966,0.006732,3,0.055916,0.052288,9.813353,0.295710,0.022436,0.040251,9.813802,0.299644,0.114452,0.102318
24.281766,-1.133175,0.025866,1.829309,-1.157802,0.027470,1.821084,-1.169540,0.043788,1.752011,0.019375,-0.013484,0.995214,0.094827,0.352836,-0.234818,-0.020543,-0.076258,0.063599,0.010511,-0.000289,0.003994,0.006686,14,-0.242623,0.011866,9.946674,-0.015038,-0.010873,0.004186,9.950541,0.071899,0.026013,0.087285
24.328447,-1.126789,0.017085,1.831704,-1.232760,-0.028164,1.683915,-1.170460,0.021353,1.735473,0.045347,-0.038226,0.957833,-0.281138,0.352274,-0.229316,-0.039280,-0.086603,0.070490,0.010420,-0.000316,0.003943,0.006567,3,0.047929,0.266709,9.788680,0.157533,-0.027392,-0.000618,9.792481,0.161659,0.187400,0.105763
24.374900,-1.122137,0.005066,1.834656,-1.147754,0.048024,1.713572,-1.177105,0.051668,1.714707,0.003734,-0.025713,-0.676328,0.736142,0.202935,-0.168645,-0.118034,-0.073799,0.049797,0.011145,-0.000194,0.004131,0.006625,12,-0.335710,0.181559,9.585076,0.095740,-0.010351,0.047148,9.595021,0.119491,0.131007,0.139931
24.445915,-1.111274,-0.007658,1.837863,-1.132066,0.014665,1.785329,-1.150012,0.022703,1.739564,0.010700,-0.006976,-0.753453,0.657378,0.169861,-0.186909,-0.048980,-0.077065,0.054449,0.009921,-0.000268,0.004151,0.006654,72,-0.247599,0.095418,9.791820,0.000179,0.100554,-0.009937,9.798492,0.133064,0.060750,0.109933
24.496172,-1.105084,-0.020817,1.838986,-1.141977,-0.013182,1.779624,-1.152931,0.007696,1.749391,0.012525,-0.008256,-0.733641,0.679371,0.088627,-0.217146,-0.028757,-0.075872,0.058247,0.009734,-0.000364,0.004139,0.006544,50,-0.078729,-0.036893,9.709727,0.023516,0.037774,0.018534,9.712877,0.144937,0.070308,0.105497
24.555225,-1.097314,-0.036935,1.841562,-1.113606,-0.011507,1.748481,-1.133973,-0.005038,1.749446,0.009587,-0.004436,-0.761490,0.648091,0.118981,-0.220657,-0.019175,-0.076890,0.055019,0.009889,-0.000249,0.004056,0.006591,56,-0.287474,0.504398,9.948272,-0.060967,0.077729,-0.016131,9.969753,0.158687,0.097858,0.104147
24.645875,-1.084782,-0.063753,1.845317,-1.139353,-0.040724,1.781313,-1.135299,-0.013968,1.756969,-0.013140,0.007405,0.883726,-0.467761,0.073116,-0.160328,-0.005889,-0.074112,0.058478,0.009247,-0.000312,0.004032,0.006540,9,-0.362821,-0.134898,9.736482,0.077767,-0.021033,0.012381,9.744322,0.095362,0.087206,0.113296
24.691036,-1.077776,-0.077470,1.847045,-1.127754,-0.041552,1.829260,-1.130508,-0.020239,1.773554,-0.010698,0.009302,0.964139,-0.265020,0.153678,-0.103477,0.025844,-0.075649,0.056712,0.008630,-0.000228,0.003909,0.006536,5,0.289996,0.584842,9.738585,0.069911,-0.050364,0.006199,9.760598,0.107134,0.064064,0.107037
24.763003,-1.067062,-0.099938,1.850000,-1.125017,-0.173342,1.844590,-1.125116,-0.059957,1.785041,-0.011777,0.003563,0.976406,-0.215594,0.107984,-0.259910,0.062962,-0.088216,0.055556,0.008006,-0.000075,0.003510,0.006420,25,-0.065029,0.248575,10.113508,0.029661,0.071891,0.000367,10.118610,0.098949,0.093681,0.095857
24.830317,-1.056886,-0.124227,1.852016,-1.107048,-0.157031,1.855675,-1.119130,-0.067134,1.794751,-0.011262,0.006310,0.942406,-0.334221,0.150842,-0.235032,0.074172,-0.081942,0.057224,0.007987,0.000077,0.003570,0.006432,5,-0.234468,0.016281,9.762840,0.027778,-0.000659,-0.013953,9.766179,0.035214,0.060047,0.102045
24.890535,-1.045986,-0.146481,1.853452,-1.091181,-0.121682,1.864898,-1.110270,-0.069059,1.799136,-0.010724,0.006959,0.941847,-0.335798,0.165032,-0.230259,0.072776,-0.077692,0.052783,0.008323,0.000172,0.003743,0.006479,5,-0.260476,-0.323508,9.595961,-0.134003,-0.064157,-0.027068,9.605508,0.153241,0.052807,0.114354
24.950809,-1.035510,-0.169003,1.855023,-1.078021,-0.134380,1.725717,-1.103831,-0.078632,1.788586,-0.009098,0.005378,0.959265,-0.282311,0.187519,-0.250200,0.049561,-0.079948,0.052796,0.009248,0.000216,0.003712,0.006430,10,-0.402804,-0.094953,9.873125,-0.118404,0.006453,0.000301,9.883053,0.119637,0.140450,0.131333
25.010156,-1.024544,-0.191169,1.856743,-0.988348,-0.255199,2.044015,-1.093400,-0.118695,1.813493,-0.003800,0.002357,0.989538,-0.144202,0.307753,-0.341174,0.091258,-0.083349,0.045155,0.008289,0.000425,0.003389,0.006489,6,-0.184508,0.113309,9.706690,0.027063,-0.076809,0.016388,9.709965,0.086889,0.201199,0.108923
25.071172,-1.016071,-0.208929,1.858000,-0.968265,-0.169206,1.741682,-1.078342,-0.119571,1.806417,-0.002798,0.010150,0.987878,-0.154876,0.377746,-0.282363,0.069626,-0.076178,0.043453,0.009425,0.000112,0.003796,0.006349,4,-0.377386,0.376634,9.847325,-0.112712,-0.119250,-0.021005,9.862208,0.173164,0.131883,0.120513
25.137784,-0.999420,-0.242160,1.860420,-1.060944,-0.233111,1.792843,-1.090547,-0.141333,1.805437,-0.009819,0.003792,0.990897,-0.134211,0.269251,-0.317457,0.063084,-0.078228,0.050879,0.009567,-0.000090,0.003428,0.006156,10,-0.524950,0.322579,9.577311,-0.071629,-0.027922,0.000405,9.597916,0.094031,0.091836,0.146606
25.209500,-0.986199,-0.269878,1.861725,-1.002475,-0.305323,1.881874,-1.072917,-0.166100,1.813601,0.004899,-0.000641,0.979006,0.203771,0.329961,-0.478051,0.067387,-0.079694,0.048412,0.009342,0.000228,0.003051,0.006436,14,-0.170813,0.114689,9.788757,-0.056994,0.062957,-0.036070,9.792357,0.142114,0.043900,0.143548
25.270062,-0.973973,-0.294967,1.863823,-0.966227,-0.311386,1.924230,-1.057884,-0.162317,1.813508,0.025717,-0.001172,0.884870,0.465127,0.451000,-0.502487,0.057640,-0.086587,0.060948,0.009190,-0.000018,0.003042,0.006480,3,-0.389412,-0.024818,9.869969,0.053920,0.112277,0.043700,9.877841,0.132848,0.063076,0.164829
25.343513,-0.958001,-0.323864,1.866267,-0.960512,-0.341039,1.865132,-1.030745,-0.176251,1.816626,-0.003839,-0.009732,0.569306,0.822059,0.367547,-0.545986,0.067425,-0.053810,0.079386,0.009373,-0.000157,0.003601,0.006581,6,-0.119319,-0.187257,10.072842,-0.235025,-0.046169,0.052404,10.075339,0.247787,0.017395,0.171888
25.403768,-0.944823,-0.349355,1.868177,-1.015834,-0.309453,1.833973,-1.022315,-0.199092,1.821176,-0.005290,0.001279,0.365971,0.930610,0.299632,-0.411861,0.061123,-0.074423,0.065189,0.010513,0.000550,0.003501,0.006412,3,-0.273275,-0.194998,9.752737,-0.230861,0.067063,0.020286,9.758635,0.241281,0.088344,0.175480
25.465989,-0.930959,-0.376008,1.870000,-0.969231,-0.333649,1.884310,-0.993926,-0.237990,1.828928,0.000423,-0.001738,0.294357,0.955694,0.304139,-0.424632,0.069124,-0.077561,0.071503,0.009892,0.000418,0.003739,0.006884,4,-0.146141,0.640155,9.849368,-0.001113,-0.148688,0.009706,9.871479,0.150188,0.058854,0.157164
25.532605,-0.916626,-0.403642,1.870000,-0.917477,-0.413340,1.916491,-0.976442,-0.299529,1.840173,-0.001106,-0.001026,0.134155,0.990959,0.359178,-0.510475,0.084767,-0.075933,0.077974,0.010334,0.000216,0.004304,0.006668,14,-0.247119,0.590889,9.874972,-0.023261,-0.000752,-0.032194,9.896969,0.122869,0.047499,0.123722
25.589508,-0.904310,-0.427381,1.870000,-0.881990,-0.462068,2.018797,-0.955873,-0.352320,1.856863,0.001033,0.001215,-0.020881,0.999781,0.349291,-0.626761,0.106836,-0.077155,0.083314,0.010962,0.000118,0.004325,0.007005,8,-0.080331,0.645458,9.978122,-0.018817,-0.039804,-0.036884,10.001676,0.073991,0.154408,0.092009
25.655290,-0.889723,-0.454651,1.870098,-0.936810,-0.416862,1.868224,-0.946684,-0.364801,1.850207,-0.001859,0.001862,-0.188742,0.982023,0.292067,-0.407597,0.077376,-0.082543,0.070275,0.011307,0.001034,0.004501,0.006703,21,-0.180502,0.260649,9.869325,0.120809,-0.038001,-0.011378,9.875506,0.140524,0.060404,0.108227
25.707177,-0.879378,-0.476139,1.870894,-0.926248,-0.499062,1.775963,-0.950691,-0.396931,1.846548,0.001055,0.004354,-0.346770,0.937939,0.266622,-0.418962,0.070873,-0.083078,0.081070,0.012646,0.000348,0.004849,0.006604,2,-0.123891,0.193727,9.928529,-0.056268,0.022489,-0.025778,9.931281,0.067435,0.108324,0.109326
25.765444,-0.865902,-0.500604,1.871000,-0.887288,-0.469152,1.977477,-0.934198,-0.402211,1.856398,-0.002920,0.006230,-0.416883,0.908934,0.377339,-0.449349,0.079889,-0.088746,0.071765,0.011923,0.000688,0.004760,0.006761,13,-0.165813,0.121945,9.783059,-0.219380,-0.051309,-0.039429,9.787255,0.237574,0.113066,0.120660
25.827711,-0.854251,-0.524474,1.871975,-0.885560,-0.523828,1.892588,-0.928529,-0.423127,1.863574,-0.001607,0.006529,-0.469851,0.882720,0.377098,-0.443776,0.091690,-0.089970,0.074288,0.011189,0.000316,0.004902,0.006685,10,-0.465595,0.299408,9.893089,0.061496,-0.028470,-0.020343,9.909363,0.077870,0.037491,0.125932
25.887833,-0.842033,-0.548934,1.872000,-0.863195,-0.544371,1.858433,-0.920096,-0.433603,1.865251,-0.002039,0.007367,-0.506090,0.862447,0.400116,-0.430713,0.090631,-0.092266,0.072725,0.011411,0.000224,0.004978,0.006780,3,-0.429847,0.136746,9.544748,-0.011530,0.016765,0.008179,9.555826,0.032350,0.025548,0.139429
25.954495,-0.828470,-0.576060,1.871036,-0.855720,-0.602519,1.905185,-0.910490,-0.456073,1.869182,-0.000728,0.008414,-0.541210,0.840845,0.394282,-0.452894,0.086700,-0.093768,0.074553,0.011440,-0.000094,0.005018,0.006763,11,-0.349288,0.205507,9.461990,0.056115,0.072357,0.001179,9.471887,0.093666,0.051077,0.145354
26.006376,-0.819612,-0.597300,1.870238,-0.840363,-0.596331,1.809145,-0.897085,-0.473882,1.868886,-0.001065,0.009405,-0.576458,0.817072,0.419530,-0.433461,0.079044,-0.094046,0.070798,0.012604,0.000026,0.005107,0.006978,18,-0.139336,0.054326,9.908016,0.027144,0.095118,-0.040251,9.910970,0.125193,0.064528,0.145725
26.072885,-0.806464,-0.624443,1.871000,-0.817528,-0.670358,1.988943,-0.886587,-0.511214,1.884470,0.001728,0.010898,-0.659268,0.751827,0.437890,-0.503572,0.101503,-0.098668,0.073741,0.011188,-0.000463,0.004964,0.006984,5,-0.042606,0.400388,9.823212,0.225832,0.069701,0.009272,9.832657,0.236841,0.127048,0.139362
26.135242,-0.793960,-0.649996,1.871000,-0.790262,-0.681305,1.955814,-0.875636,-0.526173,1.885670,-0.000370,0.011769,-0.716367,0.697624,0.466031,-0.529789,0.092611,-0.100018,0.068834,0.012336,-0.000518,0.005031,0.006970,3,0.082078,-0.018716,9.631387,-0.125693,0.042297,-0.051700,9.631839,0.149161,0.090484,0.149058
26.201680,-0.780374,-0.680183,1.871000,-0.841805,-0.728873,1.829719,-0.875532,-0.563217,1.884834,0.002298,0.011755,-0.736231,0.676624,0.400724,-0.564337,0.080338,-0.097761,0.073875,0.013444,-0.001153,0.005221,0.006741,15,-0.069015,0.218392,9.798610,0.003591,0.066763,0.065490,9.801955,0.119184,0.088592,0.151418
26.270296,-0.766456,-0.710272,1.870728,-0.800581,-0.715951,1.897703,-0.861976,-0.582468,1.884600,0.001513,0.011281,-0.729781,0.683586,0.429112,-0.537342,0.063386,-0.096294,0.069977,0.014626,-0.000873,0.005426,0.006831,14,-0.176654,0.292055,9.505035,0.061928,0.007548,0.020149,9.514282,0.110674,0.043868,0.160157
26.338932,-0.750115,-0.740885,1.870000,-0.775608,-0.712239,1.911272,-0.851534,-0.591254,1.886136,0.000943,0.010661,-0.722107,0.691698,0.467001,-0.505187,0.062006,-0.095641,0.067551,0.015456,-0.000728,0.005666,0.006794,4,-0.145900,0.346720,10.054394,0.049173,0.065812,0.014132,10.061666,0.095091,0.056337,0.181481
26.409549,-0.733806,-0.771788,1.870300,-0.759947,-0.765249,1.949269,-0.843050,-0.614453,1.884717,0.000203,0.010980,-0.716362,0.697642,0.480608,-0.521625,0.053659,-0.098259,0.071705,0.015863,-0.000835,0.005694,0.006765,15,-0.268707,0.377532,9.762751,-0.076349,-0.077003,-0.011375,9.776796,0.143769,0.083440,0.192084
26.473963,-0.718846,-0.800915,1.870000,-0.783320,-0.809689,1.950772,-0.845294,-0.638621,1.888488,0.001858,0.010938,-0.708045,0.706080,0.439638,-0.535294,0.055683,-0.097197,0.075763,0.016631,-0.001045,0.005853,0.006734,6,-0.376297,-0.217805,9.785138,0.025453,-0.033445,-0.061298,9.795172,0.116031,0.103720,0.206567
26.542510,-0.703086,-0.830813,1.870000,-0.729027,-0.835051,1.842295,-0.832340,-0.660234,1.881625,0.000198,0.012073,-0.724964,0.688681,0.465901,-0.559483,0.031377,-0.100073,0.074446,0.018065,-0.000730,0.005825,0.006923,3,-0.210101,0.293600,9.392421,-0.103790,-0.099175,0.002596,9.399661,0.143594,0.038190,0.214334
26.608242,-0.687452,-0.859914,1.869363,-0.723241,-0.889247,2.008460,-0.822432,-0.692277,1.888082,0.000116,0.013666,-0.733483,0.679570,0.459628,-0.607378,0.035996,-0.103306,0.074061,0.017893,-0.000949,0.005824,0.006720,13,-0.128279,-0.108560,9.715956,-0.143603,0.018123,0.012563,9.719022,0.160917,0.146592,0.216037
26.668564,-0.672528,-0.885497,1.868553,-0.897692,-0.867544,1.560893,-0.827508,-0.700585,1.876775,0.001641,0.010124,-0.709428,0.704703,0.383745,-0.555540,0.010426,-0.095412,0.079216,0.019928,-0.001224,0.006468,0.006493,10,-0.107335,0.094483,9.878489,0.061937,-0.022786,0.007523,9.880190,0.081358,0.381675,0.241409
26.734110,-0.656835,-0.913153,1.867365,-0.698432,-0.944303,2.012703,-0.806882,-0.739005,1.884603,0.001465,0.013128,-0.753950,0.656800,0.452036,-0.580253,0.017354,-0.101843,0.075830,0.019672,-0.001160,0.006358,0.006821,15,-0.070435,0.380141,9.704117,0.038765,0.073216,0.012061,9.712738,0.091999,0.154349,0.230519
26.824317,-0.633729,-0.948906,1.865052,-0.667364,-0.961191,1.997035,-0.766683,-0.822279,1.886660,0.003786,0.010277,-0.810424,0.585741,0.551160,-0.635766,-0.005151,-0.104958,0.072440,0.020491,-0.001503,0.006362,0.006899,4,-0.209178,0.329228,9.685985,0.127631,0.023855,-0.004479,9.695619,0.161658,0.136754,0.184873
26.883715,-0.619056,-0.972146,1.864180,-0.613528,-0.997404,2.011304,-0.614882,-0.996522,2.017640,-0.002698,-0.006948,0.005075,0.999959,0.906342,-0.609650,-0.005151,-0.104314,0.069925,0.021063,-0.001803,0.006142,0.006887,0,0.000000,0.000000,0.000000,0.000000,0.000000,0.000000,0.000000,0.000000,0.149379,0.155440
26.951192,-0.602119,-0.999242,1.863080,-0.678219,-1.044291,1.814238,-0.642414,-1.025682,1.941374,-0.005020,-0.011095,0.307525,0.951462,-0.342286,-0.535197,-0.267032,-0.103871,0.067917,0.021309,-0.002201,0.006028,0.006813,35,-0.242668,0.604350,10.000786,0.089654,0.061410,-0.004172,10.023086,0.145340,0.101025,0.091939
27.041274,-0.579607,-1.034461,1.861742,-0.594927,-1.056082,1.905830,-0.605791,-1.058476,1.906880,0.009736,0.018868,0.796623,0.604104,0.191639,-0.376296,-0.371530,-0.104412,0.068773,0.021401,-0.002331,0.005686,0.007073,27,0.027216,0.360190,9.722920,0.052646,0.030011,-0.018134,9.738490,0.120999,0.051439,0.057444
27.099445,-0.563865,-1.056844,1.860858,-0.580183,-1.023518,1.924410,-0.583221,-1.039218,1.901238,0.032271,0.062832,0.841819,0.535118,0.293182,0.010803,-0.355620,-0.103284,0.068414,0.021412,-0.002519,0.005468,0.006786,59,-0.041184,0.157165,9.724896,-0.029638,-0.053393,0.009318,9.728725,0.106582,0.073592,0.048123
27.170044,-0.545364,-1.085975,1.857915,-0.522721,-1.089740,2.005707,-0.540624,-1.080225,1.948886,-0.060649,0.042857,-0.857762,0.508654,0.328421,-0.263201,-0.018642,-0.100731,0.067169,0.020768,-0.002653,0.005311,0.006842,10,-0.195302,-0.009877,9.541063,-0.111689,-0.048105,-0.003592,9.546877,0.130115,0.149564,0.091276
27.232375,-0.528966,-1.111033,1.855966,-0.514251,-1.131420,1.967411,-0.531669,-1.113497,1.951290,-0.013544,0.050622,0.883194,-0.466070,0.286293,-0.413576,-0.016576,-0.108745,0.058095,0.021813,-0.002789,0.005097,0.006812,2,-0.328460,0.782342,9.760431,0.183972,0.041436,-0.049150,9.797416,0.195077,0.114245,0.095394
27.296777,-0.511940,-1.135119,1.853940,-0.538665,-1.151276,1.960994,-0.526645,-1.146453,1.950532,0.016327,0.013046,-0.838791,0.544052,0.320402,-0.468247,-0.023271,-0.102720,0.063758,0.021585,-0.002821,0.004944,0.006740,7,-0.320265,0.515912,9.778357,0.107446,0.105345,-0.047639,9.799086,0.172681,0.111516,0.098360
27.363334,-0.493607,-1.160785,1.852000,-0.484002,-1.179565,1.920174,-0.506770,-1.157257,1.945445,-0.002494,-0.006121,-0.729648,0.683791,0.366408,-0.460479,-0.031647,-0.106686,0.060419,0.021940,-0.002822,0.004823,0.006733,17,-0.137620,0.630609,10.067662,0.134504,0.018716,-0.015955,10.092967,0.169534,0.071363,0.094434
27.423602,-0.477031,-1.184582,1.850064,-0.438775,-1.121163,1.885296,-0.490959,-1.134224,1.923500,-0.009526,-0.003489,-0.297598,0.954637,0.420911,-0.272241,-0.140935,-0.107470,0.052903,0.022033,-0.002861,0.004791,0.006629,7,-0.298681,-0.065321,9.445241,-0.336131,-0.184024,0.011639,9.450488,0.383955,0.082017,0.090126
27.496291,-0.457405,-1.212119,1.848301,-0.524255,-1.178829,1.789996,-0.504959,-1.146689,1.894634,-0.009975,-0.009526,0.252843,0.967409,0.277900,-0.256187,-0.224340,-0.104994,0.054702,0.022400,-0.002771,0.004732,0.006688,7,-0.370616,0.462139,9.675543,-0.291566,-0.081310,-0.001736,9.694298,0.303562,0.094746,0.093216
27.562886,-0.439297,-1.237582,1.846037,-0.445718,-1.257220,1.903683,-0.478541,-1.187687,1.895793,0.005836,-0.000921,0.782779,0.622272,0.365768,-0.393844,-0.177268,-0.102513,0.057709,0.022504,-0.002783,0.004668,0.006784,54,-0.201243,0.033872,9.861319,0.057001,0.017321,0.011498,9.867041,0.118721,0.061237,0.080655
27.637649,-0.419999,-1.265001,1.843999,-0.453833,-1.283750,1.858667,-0.472259,-1.207084,1.871256,0.020632,0.002076,0.953779,0.299793,0.375755,-0.417821,-0.254950,-0.108981,0.057485,0.022845,-0.002801,0.004699,0.006677,14,-0.337149,0.346245,9.502475,0.083378,0.040330,0.005061,9.515949,0.094845,0.041369,0.082634
27.704118,-0.403806,-1.287194,1.840806,-0.446869,-1.272628,1.779247,-0.464504,-1.214746,1.841503,0.043075,0.003413,0.997899,-0.048270,0.423284,-0.308553,-0.348190,-0.112346,0.064561,0.023791,-0.003001,0.004714,0.006928,6,-0.174502,-0.001312,9.901188,-0.163897,0.184122,0.021875,9.902856,0.248386,0.076525,0.094518
27.787267,-0.383000,-1.314108,1.836000,-0.444614,-1.293595,1.702612,-0.465790,-1.240667,1.782647,-0.032767,0.039759,0.896047,-0.440959,0.137642,-0.369671,-0.422051,-0.103813,0.053915,0.024449,-0.003111,0.004695,0.006700,17,-0.157530,0.210907,9.458390,0.051187,0.028437,0.004782,9.465113,0.084581,0.148355,0.122859
27.855749,-0.365825,-1.334885,1.832748,-0.362129,-1.329268,1.815973,-0.426799,-1.265021,1.797746,0.003924,0.002220,-0.466975,0.884259,0.349192,-0.415197,-0.407718,-0.109511,0.058382,0.024855,-0.002985,0.004720,0.006757,2,-0.012272,0.108973,9.839390,0.021663,0.027085,0.016854,9.840264,0.040841,0.018073,0.099116
27.932691,-0.346239,-1.357472,1.828933,-0.337003,-1.378671,1.807120,-0.391333,-1.320073,1.776472,0.003714,0.001248,-0.002124,0.999990,0.358345,-0.466358,-0.396608,-0.104048,0.067405,0.024910,-0.002954,0.004661,0.006852,5,0.031411,0.631851,10.003949,-0.021988,-0.001581,-0.036206,10.026340,0.053955,0.031789,0.078640
28.003320,-0.327543,-1.377099,1.825924,-0.347589,-1.400199,1.975537,-0.346985,-1.393940,1.976519,-0.002698,-0.006947,0.005075,0.999959,-0.149879,-0.304802,-0.396608,-0.102133,0.066809,0.024852,-0.002909,0.004640,0.006890,1,-0.344476,0.292466,9.727774,-0.032421,-0.005803,0.015186,9.738265,0.036269,0.152708,0.152776
28.076052,-0.307104,-1.396967,1.822142,-0.326852,-1.377201,1.786120,-0.346021,-1.397178,1.884599,-0.004367,-0.006249,0.238811,0.971036,0.225682,0.223501,-0.502992,-0.098585,0.066968,0.024781,-0.002927,0.004596,0.006782,6,0.244642,0.671783,9.908715,-0.040369,-0.024544,-0.034219,9.934662,0.065547,0.045587,0.073589
28.141473,-0.289191,-1.413265,1.818184,-0.306346,-1.403114,1.818289,-0.315710,-1.398706,1.841497,-0.005460,-0.002232,0.947860,0.318632,0.226773,-0.009399,-0.584405,-0.096617,0.065084,0.024539,-0.002924,0.004564,0.006779,65,-0.173585,0.401824,9.681075,-0.011394,0.030602,-0.014276,9.694100,0.104774,0.019934,0.038193
28.202699,-0.271398,-1.427284,1.815341,-0.321529,-1.415659,1.727344,-0.315862,-1.402021,1.793023,-0.003698,-0.011652,0.617337,0.786604,0.147063,-0.147451,-0.822127,-0.101651,0.059907,0.024478,-0.002884,0.004624,0.006748,16,-0.158764,0.220813,9.662386,-0.088918,-0.007929,0.025664,9.667470,0.127679,0.101939,0.055797
28.292136,-0.244751,-1.447166,1.811458,-0.292748,-1.435233,1.793251,-0.300018,-1.418164,1.752300,-0.006106,0.006529,0.868296,-0.495966,0.356580,-0.209346,-0.625244,-0.107010,0.061328,0.024417,-0.002884,0.004689,0.006760,16,-0.162415,0.213940,10.158015,-0.012785,0.033034,-0.007614,10.164580,0.131008,0.052703,0.085995
28.364929,-0.222877,-1.461186,1.807313,-0.246781,-1.464288,1.728732,-0.264972,-1.445190,1.709473,0.015012,-0.003747,0.888825,-0.457985,0.286847,-0.209616,-0.661104,-0.108385,0.051175,0.024808,-0.002976,0.004747,0.006709,26,-0.083527,0.140801,9.808741,0.058044,-0.068337,0.015878,9.811278,0.127046,0.082195,0.107705
28.436827,-0.201346,-1.474834,1.804590,-0.201324,-1.512440,1.809038,-0.249258,-1.465645,1.725113,0.017911,-0.006163,0.946680,-0.321619,0.369309,-0.309266,-0.606691,-0.109208,0.054801,0.024706,-0.002918,0.004805,0.006665,2,-0.055239,-0.015818,9.286390,-0.012277,-0.068415,-0.012234,9.286579,0.070735,0.037869,0.093256
28.520755,-0.176373,-1.490550,1.799395,-0.251165,-1.494954,1.734306,-0.246883,-1.480682,1.693812,0.008037,-0.032577,-0.834116,0.550567,0.149136,-0.163735,-0.561449,-0.109717,0.061709,0.024859,-0.002933,0.004879,0.006682,18,-0.198409,0.327490,9.782357,-0.056037,-0.001040,-0.034444,9.791556,0.111756,0.099246,0.127346
28.595544,-0.153477,-1.502170,1.794732,-0.213041,-1.554374,1.755671,-0.224672,-1.537949,1.692539,-0.018858,-0.052915,0.991614,-0.116389,0.212332,-0.578354,-0.460799,-0.103504,0.065859,0.024268,-0.002871,0.004985,0.006646,9,-0.024832,0.111736,9.716484,0.035359,0.082832,0.023892,9.718099,0.134164,0.088311,0.129584
28.678659,-0.128597,-1.515266,1.789954,-0.129404,-1.554893,1.760601,-0.175216,-1.543478,1.697638,0.000478,-0.000760,-0.134265,0.990945,0.365374,-0.286161,-0.352543,-0.112493,0.068485,0.023651,-0.002780,0.005022,0.006543,14,-0.349951,0.265094,9.812008,0.119169,-0.062972,-0.017475,9.822538,0.171755,0.049321,0.107199
28.751033,-0.106152,-1.525928,1.786027,-0.115055,-1.546769,1.793665,-0.142733,-1.559892,1.704339,-0.010802,-0.004365,-0.385348,0.922698,0.509576,-0.276756,-0.291135,-0.105199,0.068213,0.022496,-0.002769,0.005095,0.006589,6,-0.003243,0.111067,9.692602,-0.112108,-0.069939,-0.014727,9.693393,0.142108,0.023915,0.095732
28.834541,-0.081253,-1.537747,1.781000,-0.098706,-1.531189,1.782922,-0.116688,-1.544675,1.704107,-0.022880,-0.008261,-0.013596,0.999612,0.526652,-0.118649,-0.254533,-0.108678,0.058837,0.021436,-0.002565,0.005086,0.006535,19,0.011045,0.560287,9.858547,-0.151356,0.020731,-0.010228,9.876692,0.172085,0.018743,0.084948
28.896841,-0.062176,-1.546000,1.777000,-0.088210,-1.551440,1.784681,-0.092265,-1.561380,1.732116,-0.021915,-0.006177,-0.598893,0.800505,0.407543,-0.045793,-0.153140,-0.107603,0.057880,0.019916,-0.002971,0.005611,0.006788,29,-0.127896,0.415271,10.012156,-0.019144,-0.046435,-0.032628,10.031808,0.123887,0.027683,0.056182
28.971641,-0.040417,-1.553583,1.773000,-0.017575,-1.585898,1.780082,-0.047659,-1.572426,1.734488,-0.024766,0.004509,-0.582332,0.812561,0.479298,-0.130146,-0.145736,-0.106695,0.044352,0.019995,-0.003098,0.005391,0.006707,14,-0.187407,-0.141041,9.750359,-0.147799,0.055242,-0.010825,9.759536,0.163844,0.040201,0.043482
29.046486,-0.018103,-1.560189,1.767764,-0.012276,-1.564885,1.669912,-0.018688,-1.571601,1.704336,-0.027047,-0.001468,-0.464023,0.885409,0.458196,-0.055854,-0.169485,-0.107950,0.053860,0.020868,-0.003135,0.005646,0.006593,13,-0.273166,-0.223627,9.900991,-0.011218,0.024125,-0.009299,9.909131,0.067879,0.098138,0.064449
29.119231,0.002878,-1.564411,1.762178,0.006243,-1.588809,1.814040,0.009916,-1.579071,1.720919,-0.021180,-0.007908,-0.427634,0.903669,0.412747,-0.051879,-0.123223,-0.111559,0.055600,0.018923,-0.003349,0.005487,0.006691,73,-0.078038,0.073509,9.754551,0.117928,-0.101733,0.015439,9.762418,0.191070,0.057413,0.044348
29.190209,0.023340,-1.567305,1.756288,0.066113,-1.676914,1.785336,0.049360,-1.616218,1.731262,-0.016033,-0.002427,-0.373228,0.927598,0.448061,-0.179022,-0.091388,-0.118173,0.063946,0.017994,-0.003573,0.005198,0.006576,33,-0.085784,-0.062329,9.797674,-0.003839,-0.090366,0.006988,9.801711,0.153979,0.121192,0.060792
29.272971,0.048975,-1.571000,1.748232,0.020243,-1.586555,1.683977,0.036481,-1.595509,1.699882,-0.014417,-0.010902,-0.065124,0.997713,0.227999,-0.015547,-0.121438,-0.105825,0.061360,0.019136,-0.003154,0.005869,0.006533,26,-0.090858,0.042762,9.818823,-0.015930,0.054805,0.005899,9.821937,0.090456,0.072085,0.055628
29.345685,0.070415,-1.569977,1.740839,0.098910,-1.603586,1.798379,0.080942,-1.594632,1.726120,-0.012918,-0.003795,0.247540,0.968784,0.352077,-0.011037,-0.068123,-0.115312,0.065425,0.015380,-0.002702,0.005213,0.006597,45,-0.094265,0.089636,9.886778,0.011853,0.066347,-0.002703,9.889791,0.097546,0.072474,0.030583
29.422560,0.092528,-1.568000,1.732236,0.105129,-1.630554,1.809488,0.101113,-1.612741,1.744940,-0.017016,-0.005502,0.259797,0.965498,0.309682,-0.068970,-0.030675,-0.109602,0.066296,0.012425,-0.002795,0.005537,0.006620,26,0.028136,0.062794,9.841766,-0.182449,0.021933,-0.006376,9.846554,0.205930,0.100198,0.047295
29.499456,0.115477,-1.564894,1.724894,0.083959,-1.628425,1.779011,0.102426,-1.619811,1.751348,-0.014665,-0.011567,0.236992,0.971332,0.180146,-0.023266,0.005309,-0.103986,0.063052,0.011264,-0.002469,0.005889,0.006567,78,-0.270185,0.411264,10.149374,0.062818,-0.084990,-0.009911,10.163941,0.196308,0.089209,0.062338
29.580462,0.139046,-1.558768,1.718709,0.156991,-1.626572,1.824600,0.134113,-1.618681,1.766747,-0.008803,-0.006207,0.164455,0.986326,0.262559,-0.010080,0.039373,-0.109725,0.063840,0.009216,-0.002507,0.005578,0.006590,39,-0.240725,0.162106,10.133796,0.234409,0.067294,0.008792,10.141042,0.251007,0.127012,0.076952
29.647025,0.158254,-1.554873,1.714000,0.147025,-1.560967,1.708879,0.143502,-1.587725,1.753088,-0.013073,-0.006410,-0.008779,0.999855,0.212139,0.142595,0.024936,-0.110047,0.054030,0.011856,-0.002005,0.006151,0.006425,7,-0.465741,-0.118993,9.974896,0.101312,0.076159,0.016517,9.986683,0.141878,0.013764,0.053148
29.717659,0.178691,-1.549000,1.708655,0.215470,-1.621096,1.755397,0.182447,-1.604110,1.755912,-0.011277,-0.003963,0.083982,0.996396,0.331663,0.022153,0.017085,-0.117764,0.057120,0.012030,-0.002733,0.005319,0.006111,7,0.031990,-0.362242,9.668670,-0.011055,-0.114229,0.052024,9.675776,0.142555,0.093463,0.072694
29.788349,0.200427,-1.544307,1.702538,0.215301,-1.571739,1.688692,0.203239,-1.584556,1.738211,-0.018801,-0.011941,0.066866,0.997513,0.282864,0.082303,-0.021442,-0.116032,0.055454,0.015503,-0.002230,0.005069,0.006538,19,-0.244978,-0.360470,9.857917,-0.150520,-0.157210,0.015809,9.869061,0.247193,0.034139,0.053857
29.863141,0.221159,-1.537613,1.697678,0.232461,-1.578993,1.658545,0.217850,-1.582585,1.726315,-0.019697,-0.009468,0.083862,0.996238,0.256065,0.078057,-0.029026,-0.117089,0.056990,0.017593,-0.002536,0.005200,0.006448,8,-0.377153,0.030119,10.044134,-0.131412,0.116478,0.023285,10.051519,0.182533,0.058064,0.053418
29.929576,0.238951,-1.531049,1.693000,0.251399,-1.567903,1.691390,0.238279,-1.575397,1.719529,-0.023661,-0.007888,0.067879,0.997382,0.274228,0.110725,-0.053109,-0.117868,0.056953,0.018576,-0.003025,0.005393,0.006517,12,0.082717,-0.080998,9.483100,-0.184279,0.008492,-0.003116,9.485975,0.188367,0.038933,0.051681
30.004411,0.259301,-1.521699,1.686699,0.264480,-1.608304,1.740472,0.267170,-1.605556,1.740148,-0.002695,-0.006946,0.005074,0.999959,0.174799,-0.539882,-0.053109,-0.117152,0.057924,0.018563,-0.002960,0.005293,0.006644,0,0.000000,0.000000,0.000000,0.000000,0.000000,0.000000,0.000000,0.000000,0.102073,0.099753
30.075010,0.277592,-1.511474,1.679737,0.291956,-1.570920,1.672281,0.295791,-1.586129,1.699007,-0.008485,-0.000241,0.213483,0.976910,0.323084,0.153355,-0.233162,-0.116753,0.058244,0.018507,-0.002892,0.005322,0.006685,19,-0.005174,0.271885,9.873991,0.019202,0.002145,-0.032659,9.878340,0.072585,0.061609,0.079221
30.141561,0.295277,-1.495862,1.672000,0.292017,-1.535070,1.713521,0.294877,-1.561056,1.702967,-0.004466,-0.001265,0.393325,0.919388,0.091801,0.301175,-0.130055,-0.112263,0.058134,0.018413,-0.002352,0.005027,0.006701,17,-0.181588,0.398327,9.943809,0.254270,0.109374,0.016351,9.956890,0.281334,0.057200,0.072176
30.205995,0.312946,-1.482841,1.667280,0.330888,-1.548123,1.733271,0.328973,-1.545631,1.715911,0.005107,-0.000602,0.130746,0.991403,0.265328,0.180785,-0.034501,-0.113559,0.058304,0.018424,-0.002587,0.004679,0.006750,8,-0.365272,0.136384,9.666635,0.106190,0.029543,0.021749,9.675174,0.118022,0.094543,0.081022
30.266198,0.328599,-1.469160,1.662240,0.356622,-1.555965,1.648343,0.347084,-1.550882,1.688299,0.009028,-0.005971,0.241626,0.970309,0.238682,0.003847,-0.169591,-0.112910,0.057936,0.018504,-0.002388,0.004750,0.006625,9,-0.388956,-0.415225,9.576744,0.079743,-0.059600,0.032350,9.593949,0.121337,0.092268,0.087744
30.332731,0.347669,-1.453839,1.657362,0.362138,-1.506732,1.715494,0.358824,-1.514536,1.695268,-0.005554,-0.013912,-0.401178,0.915877,0.263056,0.281034,-0.089580,-0.116797,0.054670,0.018325,-0.002548,0.005091,0.006710,17,-0.087606,-0.159846,9.713259,-0.235369,-0.159816,-0.028189,9.715746,0.288256,0.079915,0.072426
30.407510,0.370201,-1.436624,1.650450,0.383357,-1.482586,1.689982,0.379415,-1.492126,1.689437,-0.009385,-0.011572,-0.280612,0.959706,0.271079,0.269743,-0.089936,-0.117008,0.050173,0.018494,-0.002711,0.005113,0.006536,76,-0.201792,0.018653,9.789521,-0.140273,-0.021608,-0.014670,9.799833,0.174765,0.062035,0.068450
30.474092,0.388582,-1.420471,1.644841,0.409529,-1.432564,1.707354,0.404798,-1.463556,1.692598,-0.010845,-0.006207,-0.294910,0.955443,0.381577,0.329475,-0.057439,-0.120942,0.051458,0.018176,-0.002687,0.005113,0.006583,56,-0.147152,0.107327,9.914363,0.026112,0.119292,0.018073,9.928811,0.172864,0.067029,0.066333
30.546743,0.410583,-1.400027,1.638952,0.448291,-1.410987,1.690857,0.427445,-1.436385,1.692445,-0.007312,-0.007575,-0.279823,0.959994,0.461103,0.353127,-0.038631,-0.122182,0.051659,0.018189,-0.002722,0.005167,0.006563,3,-0.136543,0.111526,10.004015,0.148449,-0.012324,0.019903,10.005683,0.150731,0.065086,0.066841
30.621577,0.432574,-1.377929,1.631979,0.446798,-1.437155,1.681116,0.436429,-1.429384,1.688846,-0.001612,-0.012681,-0.579964,0.814542,0.320789,0.310726,-0.043971,-0.119003,0.056253,0.018536,-0.002853,0.005195,0.006592,3,-0.265221,0.154388,9.814939,0.021162,-0.221363,0.032505,9.819794,0.224868,0.078259,0.076788
30.700539,0.455932,-1.355068,1.625232,0.473418,-1.421314,1.671297,0.459267,-1.414259,1.683077,-0.005279,-0.011519,-0.805931,0.591874,0.308707,0.298365,-0.061089,-0.118815,0.054107,0.018871,-0.002840,0.005159,0.006522,13,-0.040876,0.115653,9.651994,-0.080809,-0.189036,0.011005,9.653632,0.211030,0.082561,0.082829
30.766984,0.475473,-1.335033,1.619509,0.490248,-1.397556,1.695125,0.474956,-1.397963,1.680422,-0.000410,-0.016082,-0.748478,0.662964,0.302559,0.318569,-0.058492,-0.118294,0.055399,0.018604,-0.002962,0.005097,0.007416,8,-0.069012,-0.016670,9.862002,0.197007,0.025233,-0.015930,9.862930,0.203620,0.099223,0.087584
30.831395,0.493829,-1.313849,1.612390,0.515422,-1.354766,1.697708,0.497863,-1.372380,1.685633,-0.001672,-0.020446,-0.848972,0.528039,0.298667,0.398494,-0.043080,-0.114890,0.053730,0.018159,-0.003013,0.004975,0.007037,10,-0.444295,0.051787,9.786151,0.047184,-0.018859,-0.023476,9.797643,0.064428,0.097054,0.093844
30.893724,0.510697,-1.295122,1.606636,0.521975,-1.366053,1.653242,0.509900,-1.364199,1.676509,0.005648,-0.013856,-0.546518,0.837314,0.259234,0.328402,-0.056659,-0.117501,0.055227,0.018573,-0.002969,0.004899,0.006921,5,-0.315449,0.164923,9.864382,0.021475,0.043992,0.019628,9.870945,0.054628,0.085619,0.098258
30.972699,0.530903,-1.270554,1.599820,0.510195,-1.285790,1.619076,0.513704,-1.325197,1.657518,0.001943,-0.018653,-0.516456,0.856109,0.212514,0.431866,-0.084796,-0.109871,0.054064,0.019267,-0.003103,0.005020,0.006938,15,-0.171341,0.633219,9.948191,-0.047104,0.022751,-0.038350,9.972741,0.081554,0.032121,0.081306
31.041255,0.547740,-1.250263,1.594003,0.560218,-1.286825,1.618912,0.540347,-1.310981,1.647702,-0.000396,-0.009049,-0.550081,0.835062,0.292344,0.389022,-0.083030,-0.115751,0.052167,0.019839,-0.002874,0.004732,0.006696,6,-0.134765,-0.025678,10.026631,-0.114568,0.072666,-0.008962,10.027750,0.137488,0.045966,0.081393
31.105660,0.564441,-1.230985,1.588066,0.595423,-1.287195,1.592752,0.567311,-1.300537,1.630178,-0.000869,-0.005491,-0.666293,0.745669,0.344626,0.335801,-0.110254,-0.120716,0.050699,0.021312,-0.003001,0.004591,0.006828,9,0.080160,-0.204132,9.768132,-0.124197,-0.041715,-0.011986,9.772180,0.134435,0.064354,0.081358
31.180516,0.584697,-1.203224,1.580806,0.573631,-1.255531,1.657863,0.574991,-1.268567,1.628612,-0.003053,-0.011217,-0.680148,0.732982,0.270155,0.378308,-0.108245,-0.117952,0.052704,0.020377,-0.003159,0.004618,0.006705,15,-0.094554,0.027053,9.686368,-0.038002,-0.087201,0.030764,9.687444,0.109483,0.093789,0.081544
31.259502,0.602805,-1.178073,1.573024,0.585023,-1.205307,1.610405,0.585818,-1.232711,1.619140,-0.002095,0.009093,0.866515,-0.499064,0.230707,0.433977,-0.110483,-0.112883,0.053343,0.020620,-0.003318,0.004527,0.006756,5,0.056009,0.362385,9.926577,-0.123607,0.176066,-0.045661,9.933373,0.223147,0.049550,0.073489
31.332287,0.620311,-1.149781,1.564795,0.635621,-1.194478,1.612810,0.607540,-1.212000,1.611373,0.008168,-0.007948,-0.669834,0.742423,0.310144,0.400408,-0.104866,-0.115179,0.051179,0.020667,-0.003079,0.004642,0.006765,6,-0.093544,0.068835,9.930170,0.330684,0.137879,0.025706,9.931197,0.360243,0.067362,0.078764
31.409058,0.639130,-1.122405,1.557335,0.603554,-1.140697,1.582372,0.607579,-1.179917,1.601653,0.005053,-0.014471,-0.600428,0.799532,0.205041,0.470839,-0.117019,-0.112636,0.054143,0.021048,-0.003402,0.004787,0.006712,3,-0.290427,-0.195429,9.773794,-0.047612,-0.196489,0.024183,9.780249,0.203631,0.047192,0.079165
31.479777,0.657459,-1.092531,1.550660,0.668983,-1.109362,1.657932,0.634798,-1.145187,1.612472,0.006748,-0.014299,-0.520239,0.853874,0.302602,0.523849,-0.074886,-0.113765,0.050025,0.018745,-0.002989,0.004699,0.006694,3,-0.011949,0.497257,10.079632,0.269527,0.037565,0.009553,10.091983,0.272417,0.109194,0.084302
31.552500,0.675138,-1.065380,1.543345,0.640563,-1.090440,1.547724,0.643085,-1.108463,1.597762,0.007996,-0.014067,-0.462118,0.886671,0.198790,0.505065,-0.099451,-0.114733,0.054985,0.019989,-0.003323,0.004726,0.006621,29,-0.263734,0.080831,9.807497,0.002637,0.076076,0.007300,9.814825,0.114028,0.042925,0.076451
31.633575,0.694693,-1.033827,1.535733,0.728299,-1.068295,1.635149,0.689493,-1.082318,1.600043,0.006715,-0.011069,-0.630222,0.776307,0.305197,0.445988,-0.085552,-0.115419,0.049396,0.018761,-0.002917,0.004145,0.006650,68,-0.086748,0.021598,9.796258,-0.029700,0.004754,-0.001969,9.806020,0.139394,0.110458,0.080710
31.706218,0.711904,-1.005024,1.528286,0.716954,-1.037811,1.593158,0.715488,-1.035250,1.588997,-0.002697,-0.006946,0.005074,0.999959,-0.156178,0.419639,-0.085552,-0.116697,0.048710,0.018643,-0.002819,0.004299,0.006616,1,-0.282140,-0.745738,9.683121,-0.066148,-0.045943,0.065269,9.715892,0.103665,0.072862,0.067914
31.779013,0.729350,-0.976969,1.521437,0.769106,-1.027462,1.615836,0.757275,-1.018954,1.601859,-0.002677,0.000750,0.990920,-0.134420,0.431064,0.222481,-0.022198,-0.117070,0.048823,0.018487,-0.002794,0.004208,0.006568,3,-0.494346,-0.080021,9.865407,-0.099488,0.072493,0.000626,9.878141,0.123726,0.114199,0.094923
31.843396,0.743170,-0.951700,1.514935,0.736958,-0.974398,1.575818,0.732352,-0.972512,1.567822,-0.002697,-0.006947,0.005074,0.999959,-0.499332,0.824185,-0.022198,-0.116900,0.047297,0.018499,-0.002665,0.004191,0.006474,0,0.000000,0.000000,0.000000,0.000000,0.000000,0.000000,0.000000,0.000000,0.065273,0.057856
31.909960,0.759816,-0.921731,1.508274,0.766792,-0.934516,1.567382,0.762825,-0.934925,1.568913,-0.002697,-0.006947,0.005074,0.999959,0.448218,0.599150,-0.022198,-0.118631,0.047160,0.018459,-0.002724,0.004288,0.006508,1,-0.062963,0.107950,9.708936,0.133425,-0.014124,0.051531,9.709740,0.143726,0.060876,0.062131
31.984809,0.775692,-0.892616,1.501654,0.790366,-0.895174,1.576102,0.783445,-0.897629,1.568064,0.004315,-0.006313,-0.554313,0.832273,0.355362,0.557963,-0.036074,-0.121126,0.047353,0.018441,-0.002736,0.004356,0.006524,3,-0.334599,-0.110051,9.555377,0.117503,0.191992,-0.019877,9.561985,0.226452,0.075923,0.067048
32.059527,0.791940,-0.862255,1.493530,0.802524,-0.868317,1.593301,0.798884,-0.867364,1.581208,0.008645,-0.009552,-0.423334,0.905882,0.282996,0.475262,0.034621,-0.118006,0.044195,0.018598,-0.002855,0.004237,0.006397,9,0.109256,-0.096067,9.893314,0.190642,-0.086909,0.036369,9.894683,0.219703,0.100513,0.088101
32.136322,0.808441,-0.831149,1.485811,0.852665,-0.827224,1.519704,0.830212,-0.833723,1.557862,-0.002536,0.003191,0.832228,0.554419,0.431786,0.578194,-0.105136,-0.118776,0.047401,0.018533,-0.002794,0.004276,0.006415,2,-0.224459,0.197550,10.057261,-0.079082,0.018400,0.035176,10.061724,0.089262,0.055856,0.075313
32.207019,0.824391,-0.802914,1.479304,0.830949,-0.798786,1.434329,0.833987,-0.803699,1.494485,0.002118,-0.005531,-0.861465,0.507782,0.220109,0.444113,-0.391363,-0.120470,0.048328,0.018692,-0.002834,0.004321,0.006417,10,-0.046380,0.004024,9.871661,-0.094418,0.040249,0.012871,9.872663,0.112051,0.045638,0.017977
32.279847,0.840258,-0.772227,1.473000,0.826648,-0.789415,1.458727,0.828076,-0.788569,1.457263,-0.002697,-0.006947,0.005074,0.999959,-0.059058,0.128670,-0.391363,-0.117315,0.046183,0.018716,-0.002855,0.004440,0.006470,1,0.103769,0.422766,10.081146,0.096014,-0.074008,-0.014167,10.090541,0.122051,0.026160,0.025750
32.348297,0.855250,-0.742000,1.466000,0.860324,-0.749174,1.487396,0.857493,-0.743522,1.480459,-0.002697,-0.006947,0.005074,0.999959,0.491985,0.587896,-0.391363,-0.116711,0.048667,0.018680,-0.002889,0.004488,0.006461,1,-0.436569,0.270414,9.579224,-0.000016,-0.028273,0.019122,9.592979,0.034132,0.023130,0.014710
32.416860,0.869357,-0.713287,1.460014,0.908149,-0.722449,1.552835,0.894466,-0.718607,1.504422,-0.006821,0.000963,0.961774,0.273759,0.626934,0.467641,-0.153307,-0.118729,0.050094,0.018651,-0.002895,0.004469,0.006386,3,-0.099717,0.139653,10.035286,0.087629,0.068603,0.024714,10.036777,0.115901,0.101018,0.051293
32.479244,0.882613,-0.686774,1.453631,0.900841,-0.705837,1.409747,0.906142,-0.698698,1.446891,0.007436,-0.014376,-0.316427,0.948479,0.238497,0.367628,-0.384203,-0.117650,0.047774,0.018662,-0.002856,0.004523,0.006405,13,-0.452821,-0.231824,9.852697,0.169292,-0.012736,0.020603,9.867365,0.173892,0.051200,0.027226
32.549162,0.897833,-0.655451,1.445804,0.902074,-0.641880,1.445011,0.910008,-0.664860,1.431210,-0.001984,-0.010861,0.300367,0.953760,0.033976,0.454260,-0.416543,-0.114509,0.048319,0.018548,-0.002803,0.004429,0.006447,8,-0.171952,-0.042345,9.898634,0.133740,-0.028634,0.039179,9.901953,0.152122,0.014240,0.021208
32.609590,0.910163,-0.629558,1.439948,0.921400,-0.643575,1.363025,0.925651,-0.643214,1.389255,-0.008388,0.004346,0.986188,0.165360,0.112330,0.352188,-0.463559,-0.114981,0.048503,0.018701,-0.002820,0.004388,0.006365,8,-0.112550,0.243638,9.673653,0.006612,-0.143767,0.000371,9.677960,0.150444,0.078993,0.054736
32.699472,0.928503,-0.591043,1.431236,0.950725,-0.592316,1.438475,0.941531,-0.602859,1.394358,-0.005450,-0.019468,-0.243906,0.969588,0.260251,0.406278,-0.310209,-0.116626,0.049403,0.018395,-0.002777,0.004467,0.006358,3,-0.139586,0.280056,9.855699,0.013047,0.107063,0.029446,9.861067,0.112431,0.023406,0.040857
32.761798,0.939140,-0.564650,1.425930,0.947984,-0.557146,1.394101,0.947695,-0.577072,1.384377,-0.007128,-0.011515,0.257268,0.966245,0.192278,0.339224,-0.288319,-0.115195,0.050164,0.018293,-0.002666,0.004366,0.006501,6,-0.147200,-0.232273,9.857222,-0.120119,0.024470,0.010254,9.861187,0.124493,0.033876,0.044206
32.836706,0.951323,-0.533679,1.420136,1.015383,-0.504044,1.435985,0.980296,-0.529854,1.388079,-0.002081,0.003616,0.750701,0.660629,0.324736,0.556140,-0.220602,-0.122773,0.045297,0.018230,-0.002532,0.004385,0.006308,2,-0.118932,-0.457569,9.899127,0.028187,-0.115187,-0.015878,9.910459,0.119898,0.072341,0.043378
32.912413,0.963571,-0.501728,1.413746,1.019540,-0.513103,1.467479,1.005668,-0.510030,1.405791,0.003531,-0.002655,0.540575,0.841284,0.321112,0.470271,-0.119493,-0.118801,0.050215,0.017578,-0.002684,0.004410,0.006412,16,-0.143984,0.156340,9.886614,0.226681,0.135944,-0.017442,9.891075,0.267449,0.078417,0.043639
32.996627,0.976829,-0.464988,1.405120,1.019312,-0.464046,1.466293,1.024839,-0.463156,1.420079,-0.004841,-0.003280,0.254860,0.966960,0.255350,0.427729,-0.075293,-0.116823,0.042174,0.016958,-0.002704,0.004272,0.006423,25,-0.193963,0.089065,9.679625,-0.030157,0.074258,-0.028036,9.684772,0.151573,0.074484,0.050320
33.058968,0.986293,-0.438016,1.398495,1.005053,-0.457332,1.395683,1.019527,-0.454592,1.415354,-0.015934,-0.006691,0.876927,0.480314,0.111855,0.455770,-0.060827,-0.110433,0.042901,0.016943,-0.002566,0.004471,0.006358,12,-0.150327,0.002908,10.079851,0.063557,0.037805,-0.002090,10.082415,0.106944,0.027073,0.040786
33.129615,0.997582,-0.409063,1.392228,1.029369,-0.410525,1.415429,1.028915,-0.408172,1.414159,-0.023146,0.018375,0.977134,0.210561,0.111085,0.559756,-0.050132,-0.114952,0.038524,0.017215,-0.002666,0.004503,0.006331,19,-0.027370,-0.124859,9.903448,0.014998,0.010896,0.024724,9.906139,0.079660,0.039381,0.038256
33.204555,1.008264,-0.381207,1.385736,1.021303,-0.412923,1.370235,1.032146,-0.397172,1.397474,-0.016414,0.012665,0.987754,0.154637,0.084517,0.443305,-0.074772,-0.117716,0.032715,0.017942,-0.002385,0.004015,0.006294,10,-0.051154,0.056676,9.816016,0.041907,-0.010933,0.016094,9.818523,0.087001,0.037633,0.031033
33.281361,1.019544,-0.351586,1.378619,1.043666,-0.364904,1.344091,1.046204,-0.365291,1.379451,0.015001,-0.003830,-0.711121,0.702900,0.035187,0.388305,-0.106654,-0.122124,0.047743,0.018735,-0.002558,0.004022,0.006320,20,-0.188279,0.080503,9.777010,-0.183332,-0.019600,0.001258,9.783974,0.188293,0.044175,0.029989
33.345743,1.029000,-0.326994,1.372000,1.055596,-0.330872,1.389383,1.058563,-0.334904,1.377219,0.006961,-0.003793,-0.739392,0.673229,0.009684,0.362012,-0.094637,-0.124654,0.054196,0.017714,-0.002560,0.004117,0.006375,11,-0.271475,-0.288296,9.808415,0.006850,-0.034392,-0.005889,9.818894,0.092511,0.032009,0.031045
33.422665,1.039517,-0.298965,1.364000,1.086710,-0.286714,1.400893,1.072963,-0.292938,1.377986,0.005922,-0.012122,-0.856326,0.516260,0.035107,0.484533,-0.102242,-0.121635,0.048672,0.017512,-0.002429,0.004298,0.006288,12,-0.377027,-0.207234,9.647090,0.063539,-0.027908,-0.006359,9.658244,0.095145,0.061142,0.036750
33.499517,1.050000,-0.269838,1.355919,1.045913,-0.283389,1.484369,1.057199,-0.280139,1.398568,0.022646,-0.009670,-0.852995,0.521337,-0.022131,0.433918,-0.044568,-0.124023,0.048265,0.014233,-0.002372,0.003877,0.006276,12,-0.070133,0.084074,9.977463,0.185842,0.119040,-0.035713,9.978290,0.226731,0.129228,0.044462
33.574309,1.059150,-0.244701,1.348000,1.105274,-0.223612,1.404727,1.077985,-0.234711,1.397244,-0.020721,0.005471,0.995329,-0.094136,0.041470,0.510290,-0.029269,-0.105925,0.051165,0.014308,-0.003038,0.005404,0.006489,21,-0.145227,-0.173408,10.003980,-0.043399,-0.026438,0.004883,10.007400,0.080677,0.076092,0.053661
33.653305,1.070013,-0.219971,1.341993,1.051264,-0.204002,1.264485,1.071989,-0.210162,1.365480,-0.015367,0.000823,0.944636,-0.327760,-0.016288,0.458159,-0.076806,-0.121500,0.055575,0.017366,-0.002512,0.004012,0.006379,52,-0.254616,-0.019506,9.869707,0.001240,-0.036665,0.003877,9.875271,0.097252,0.081326,0.025530
33.730142,1.081419,-0.196115,1.336721,1.080415,-0.184695,1.320097,1.080131,-0.173589,1.350217,0.010285,-0.009466,-0.745943,0.665863,0.002066,0.429634,-0.103991,-0.123445,0.048189,0.019391,-0.001796,0.004660,0.006214,26,0.046389,0.164392,9.757479,-0.018540,-0.021547,-0.000173,9.763126,0.084885,0.020193,0.026291
33.809143,1.092630,-0.172741,1.330000,1.123404,-0.161096,1.281654,1.093634,-0.159028,1.330974,0.013737,-0.008663,-0.817838,0.575220,0.063648,0.425453,-0.129561,-0.123777,0.043861,0.021534,-0.001453,0.004431,0.006358,38,-0.199892,0.147045,9.733759,0.143673,-0.001944,-0.004012,9.741105,0.155134,0.058481,0.013784
33.894332,1.105569,-0.150448,1.322414,1.107804,-0.137520,1.315708,1.097363,-0.132419,1.319240,-0.004753,-0.001059,0.913604,-0.406576,0.032643,0.414413,-0.141344,-0.127162,0.043364,0.022180,-0.000980,0.004617,0.006371,11,0.088298,0.261807,9.903080,-0.296934,-0.095822,-0.046997,9.908812,0.319464,0.014734,0.020061
33.958771,1.114785,-0.136265,1.317607,1.146091,-0.112722,1.292388,1.118974,-0.111005,1.310759,0.003955,-0.003412,0.939618,-0.342186,0.120645,0.415862,-0.133261,-0.126400,0.038592,0.022614,-0.000731,0.004895,0.006521,10,-0.177979,-0.000317,9.896884,-0.129075,-0.144382,-0.019287,9.899512,0.198546,0.046586,0.026505
34.031483,1.125292,-0.118458,1.311833,1.125848,-0.134291,1.336760,1.121984,-0.103800,1.310185,0.004760,-0.006300,0.981860,-0.189441,0.110916,0.321224,-0.116502,-0.132683,0.030865,0.021260,-0.001143,0.004734,0.006565,8,-0.195407,0.240120,9.930707,0.013693,-0.011197,-0.005214,9.935774,0.053437,0.029536,0.015116
34.102154,1.134764,-0.100472,1.306236,1.162953,-0.127215,1.306603,1.147919,-0.085467,1.299617,0.010805,-0.006124,0.925515,-0.378506,0.209163,0.318576,-0.126332,-0.131298,0.030178,0.021381,-0.001096,0.005135,0.006567,21,-0.178146,0.281069,9.922064,-0.041077,-0.050315,-0.049343,9.932393,0.111349,0.038858,0.021024
34.176907,1.143185,-0.082318,1.299439,1.124418,-0.106050,1.259064,1.133831,-0.076134,1.279435,0.002635,0.001202,0.971924,-0.235277,0.090053,0.290067,-0.152494,-0.138745,0.030912,0.023900,-0.001364,0.004154,0.006655,75,-0.210714,-0.082363,9.764674,0.270588,0.033203,-0.001116,9.773665,0.282036,0.050454,0.022933
34.255936,1.150832,-0.063421,1.292474,1.150488,-0.023916,1.263364,1.149469,-0.039307,1.267895,0.005046,0.005365,0.981401,-0.191827,0.144959,0.393630,-0.154029,-0.134839,0.035716,0.024804,-0.001834,0.004767,0.006650,50,-0.333896,-0.040434,9.937369,0.100355,0.006376,-0.007958,9.948641,0.134616,0.049073,0.034459
34.330664,1.157399,-0.046904,1.286502,1.162172,-0.065368,1.310410,1.158931,-0.040626,1.265581,0.005070,0.003355,0.990531,0.137157,0.183519,0.254421,-0.146391,-0.139755,0.023214,0.023239,-0.001068,0.004822,0.006653,2,-0.441045,-0.036522,9.798903,0.129052,0.243785,-0.010479,9.808902,0.276069,0.030583,0.021896
34.411773,1.163419,-0.030711,1.279097,1.173347,-0.024409,1.275092,1.161625,-0.025027,1.261639,0.001490,-0.011807,0.676098,0.736716,0.086576,0.209864,-0.137535,-0.108629,0.053547,0.022433,-0.002112,0.005287,0.006530,11,-0.123038,0.241251,9.958946,-0.072191,-0.162169,-0.054814,9.963018,0.187696,0.012423,0.018448
34.488662,1.168962,-0.017076,1.273038,1.188610,-0.003386,1.187279,1.170606,-0.009296,1.238573,0.001067,-0.004847,0.231978,0.972708,0.065616,0.207914,-0.153754,-0.120080,0.053048,0.025074,-0.002466,0.004077,0.006461,19,0.023583,0.000318,9.964141,-0.028016,0.232104,-0.023832,9.966399,0.257645,0.089040,0.035370
34.563504,1.174571,-0.006287,1.267858,1.195178,0.015446,1.244151,1.179524,0.009495,1.230667,0.004950,-0.003927,0.059336,0.998218,0.078761,0.256319,-0.156860,-0.125323,0.051669,0.024633,-0.002060,0.003746,0.006449,11,0.001015,0.258578,9.713613,0.090596,-0.074889,0.032157,9.718792,0.128196,0.038196,0.040703
34.642496,1.181165,0.003247,1.262196,1.215017,0.016302,1.234921,1.193926,0.020579,1.226065,0.003129,-0.002441,0.016711,0.999852,0.103507,0.238428,-0.126963,-0.127396,0.053543,0.023566,-0.002268,0.003483,0.006486,13,-0.199992,0.243426,10.156925,-0.049437,0.043714,0.010692,10.162171,0.095024,0.045391,0.042056
34.723525,1.188240,0.013136,1.257208,1.189310,0.041338,1.165769,1.191213,0.039349,1.205421,0.006240,-0.005895,0.027847,0.999575,0.061089,0.245127,-0.148227,-0.124391,0.051901,0.026296,-0.002084,0.003976,0.006489,11,0.001204,-0.293461,9.849724,0.102830,-0.049209,0.046057,9.857844,0.129258,0.095695,0.058119
34.789958,1.194210,0.020210,1.252158,1.198248,0.019478,1.238229,1.197344,0.038866,1.201175,0.011942,-0.003560,0.067944,0.997611,0.046030,0.177872,-0.152021,-0.123918,0.057715,0.025208,-0.002542,0.004047,0.006454,5,-0.404851,0.242715,9.628851,0.140700,0.046108,-0.007808,9.640557,0.149308,0.014521,0.054380
34.873029,1.202586,0.027551,1.245931,1.160810,0.035083,1.239410,1.179646,0.048530,1.199788,0.010607,-0.007332,-0.049086,0.998711,-0.027872,0.145178,-0.133580,-0.121485,0.057862,0.023377,-0.002181,0.004433,0.006598,9,-0.033442,-0.487370,9.918198,-0.042442,-0.032446,-0.001699,9.931095,0.061564,0.042947,0.055637
34.949924,1.209695,0.032558,1.241158,1.198577,0.040892,1.193623,1.191957,0.051628,1.193059,0.011456,-0.010074,0.004013,0.999876,0.029461,0.112584,-0.136193,-0.124865,0.059002,0.023270,-0.001786,0.004078,0.006413,9,-0.139594,-0.101145,9.796367,0.031535,-0.147611,-0.012596,9.798107,0.159742,0.049524,0.054697
35.020560,1.216067,0.036970,1.236256,1.234835,0.051372,1.234929,1.212863,0.059870,1.195848,0.005899,-0.010618,0.193171,0.981090,0.110017,0.098728,-0.120002,-0.125118,0.059723,0.021302,-0.001829,0.003609,0.006414,6,0.036260,-0.006408,9.849451,-0.222233,-0.037638,-0.006157,9.849762,0.226574,0.023694,0.046556
35.099544,1.223122,0.041355,1.231056,1.183999,0.060641,1.184228,1.198458,0.064793,1.187365,0.007365,-0.011343,0.208129,0.978008,0.009336,0.103603,-0.118735,-0.118841,0.058659,0.021726,-0.001644,0.004676,0.006551,11,-0.126535,-0.166959,9.923801,0.018512,0.010169,0.028437,9.926722,0.085671,0.063995,0.055376
35.174335,1.228264,0.043421,1.226315,1.230878,0.043650,1.211273,1.215921,0.060754,1.186780,0.005669,-0.010138,0.321539,0.946825,0.097534,0.028417,-0.112197,-0.117756,0.061456,0.020604,-0.002497,0.004508,0.006406,11,-0.104399,-0.420360,9.757871,-0.198668,-0.016272,-0.000252,9.769161,0.209102,0.015269,0.044898
35.257424,1.232785,0.045392,1.220823,1.257865,0.064024,1.110469,1.231884,0.067003,1.164247,0.005659,-0.009593,0.402960,0.915150,0.133299,0.040418,-0.156519,-0.117042,0.063050,0.023803,-0.002621,0.004467,0.006384,14,-0.165833,-0.112572,9.712868,-0.009407,0.043188,0.018975,9.715275,0.093878,0.114692,0.060569
35.332153,1.235834,0.047223,1.215944,1.249452,0.083832,1.162829,1.236311,0.076747,1.155294,0.004226,-0.011425,0.411207,0.911461,0.095550,0.059482,-0.157218,-0.117874,0.060926,0.023981,-0.002262,0.004359,0.006382,9,-0.240394,0.165204,9.876248,0.026741,-0.023360,-0.013382,9.881414,0.077980,0.065930,0.067456
35.583734,1.243965,0.043173,1.200138,1.211345,0.057994,1.163662,1.240481,0.077420,1.136432,0.016772,-0.011966,0.402960,0.914986,0.041760,0.053498,-0.081599,-0.115140,0.061460,0.021344,-0.002015,0.004647,0.006392,17,-0.075447,-0.007019,9.807029,0.248565,0.051956,0.006978,9.809904,0.265513,0.051130,0.072412
35.646028,1.246293,0.040413,1.196413,1.220913,0.051591,1.216521,1.238939,0.067222,1.154117,0.010848,-0.013875,0.402327,0.915327,0.011739,0.022991,-0.037866,-0.113404,0.064018,0.017181,-0.002183,0.004740,0.006371,6,-0.055924,0.813858,9.930869,-0.264001,0.038091,0.009478,9.964711,0.267195,0.034256,0.050614
35.716746,1.247521,0.033395,1.191916,1.256998,0.041562,1.185895,1.257281,0.062263,1.158407,0.016880,-0.011255,0.412715,0.910634,0.060891,-0.029198,-0.020022,-0.115053,0.069009,0.015985,-0.002551,0.004278,0.006341,13,-0.292337,-0.125971,9.963036,0.166343,0.007400,0.013367,9.970446,0.170457,0.013884,0.045293
35.785284,1.248274,0.027905,1.187453,1.252469,0.016886,1.157518,1.255270,0.042813,1.157227,0.019013,-0.011510,0.393173,0.919196,0.042869,-0.089048,-0.007110,-0.111933,0.071609,0.015856,-0.002626,0.004839,0.006403,11,0.157622,0.207910,9.991182,0.052363,-0.003267,0.006720,9.997203,0.073157,0.032173,0.034421
35.847629,1.249446,0.020537,1.183769,1.262862,0.026839,1.100765,1.263161,0.037782,1.143522,0.013383,-0.013021,0.402148,0.915384,0.050225,-0.097858,-0.032985,-0.113207,0.072187,0.018486,-0.002171,0.004610,0.006299,20,-0.087449,0.324723,9.810822,-0.114346,0.008980,0.007523,9.819904,0.121015,0.084317,0.045883
35.924511,1.250326,0.009739,1.179022,1.240979,0.030466,1.174193,1.255248,0.034762,1.147765,0.012166,-0.015237,0.382497,0.923751,-0.006614,-0.098562,-0.013234,-0.111984,0.070137,0.017475,-0.001430,0.004265,0.006482,21,-0.245038,-0.063717,9.941576,0.023398,-0.027428,0.002430,9.948832,0.091502,0.023245,0.040340
35.995178,1.250704,-0.000962,1.175111,1.259877,0.013220,1.153386,1.260713,0.023654,1.148332,0.010947,-0.015061,0.381014,0.924382,0.003242,-0.120829,-0.000580,-0.111469,0.073220,0.017216,-0.001745,0.004209,0.006358,7,-0.132830,0.311424,10.091806,-0.008030,0.055410,-0.008700,10.098264,0.085874,0.027519,0.037726
36.072040,1.251000,-0.012874,1.172337,1.226153,-0.039450,1.099849,1.227706,-0.046519,1.114554,-0.002699,-0.006946,0.005074,0.999959,-0.438756,-0.685257,-0.000580,-0.111648,0.072560,0.017245,-0.001833,0.004309,0.006379,1,0.333927,0.085016,9.467823,-0.155537,-0.081424,0.036123,9.474092,0.179238,0.081105,0.070806
36.144795,1.250848,-0.026960,1.169238,1.233530,-0.027937,1.224479,1.223408,-0.051553,1.184746,-0.001105,-0.005980,-0.682185,0.731155,-0.104464,-0.118205,0.332733,-0.112771,0.072792,0.017270,-0.001855,0.004424,0.006396,5,-0.238485,0.395511,9.614705,-0.120698,-0.001438,-0.052853,9.625992,0.132010,0.057900,0.039978
36.211315,1.250309,-0.040972,1.166544,1.250584,-0.040069,1.117769,1.240416,-0.043303,1.160787,-0.004935,0.005606,0.962427,0.271436,0.077568,-0.152505,0.076026,-0.112001,0.071473,0.017245,-0.001960,0.004453,0.006417,9,-0.103022,-0.213539,9.952382,0.055462,0.030342,0.019152,9.955250,0.078245,0.048784,0.011681
36.277870,1.249770,-0.054991,1.163848,1.228294,-0.049835,1.118352,1.229933,-0.049743,1.142332,0.002242,0.000198,0.985947,0.167043,-0.139396,-0.145361,-0.028546,-0.112669,0.073370,0.017284,-0.002068,0.004451,0.006599,3,-0.309277,0.372489,9.867273,-0.057298,-0.136823,-0.040735,9.879411,0.154610,0.050574,0.029731
36.340119,1.249265,-0.068103,1.161326,1.292673,-0.055962,1.178630,1.275322,-0.054690,1.149497,-0.003444,0.007354,-0.715301,0.698770,0.532429,-0.278039,-0.049936,-0.116013,0.075348,0.017273,-0.002142,0.004486,0.006495,4,-0.095832,0.000500,9.839156,-0.060054,0.058893,-0.025032,9.840144,0.091804,0.048281,0.031604
36.408723,1.247645,-0.083553,1.159289,1.208486,-0.058377,1.153231,1.233964,-0.055050,1.149658,-0.006450,-0.012657,-0.617205,0.786674,-0.064438,-0.093663,-0.009257,-0.111300,0.075587,0.017374,-0.002346,0.004258,0.006444,17,-0.146197,0.612455,9.914456,-0.032260,-0.023528,0.000918,9.935493,0.082204,0.046946,0.033050
36.475199,1.246476,-0.099861,1.155952,1.194927,-0.083706,1.090895,1.230581,-0.074446,1.135022,-0.001531,-0.003427,0.961154,-0.275988,-0.196330,-0.248692,-0.053281,-0.111920,0.071073,0.017417,-0.002224,0.004196,0.006555,10,-0.267904,-0.056706,9.997500,-0.042126,-0.103628,0.019249,10.001431,0.132777,0.084561,0.036560
36.543690,1.244749,-0.117016,1.154749,1.201732,-0.119670,1.014299,1.217640,-0.106781,1.078678,0.001160,-0.007914,0.886652,0.462368,-0.283771,-0.402188,-0.235042,-0.113470,0.070227,0.018118,-0.002333,0.004180,0.006507,13,-0.057041,0.227380,9.498344,-0.078661,-0.021383,0.008091,9.503036,0.094694,0.146914,0.081403
36.612287,1.242169,-0.134569,1.152585,1.246725,-0.135434,1.180982,1.232537,-0.125293,1.107822,0.002542,-0.012913,0.590223,0.807133,-0.134800,-0.396915,-0.101854,-0.103011,0.077522,0.017680,-0.002279,0.004214,0.006549,15,-0.262450,0.126488,9.746818,-0.062715,0.005242,0.003576,9.753144,0.142538,0.028774,0.046718
36.689205,1.238421,-0.154542,1.150710,1.232843,-0.139484,1.105634,1.231737,-0.135220,1.095303,0.003033,-0.003475,0.244756,0.969574,-0.106937,-0.388733,-0.128808,-0.110251,0.082215,0.017848,-0.002165,0.004159,0.006585,20,-0.142791,-0.247673,9.618608,0.154243,0.083459,0.033567,9.627420,0.194581,0.047851,0.059059
36.761913,1.235470,-0.172648,1.147980,1.221738,-0.199382,1.124466,1.225471,-0.167897,1.100620,0.010090,0.000013,-0.150834,0.988508,-0.190795,-0.497168,-0.104494,-0.111179,0.085093,0.017785,-0.001957,0.004259,0.006609,9,-0.121823,-0.034489,9.757639,0.030712,0.149163,-0.063755,9.759666,0.166109,0.038160,0.048637
36.834654,1.231699,-0.193233,1.145849,1.240758,-0.194757,1.203813,1.232858,-0.181547,1.117103,0.003242,0.004231,-0.354515,0.935035,-0.099970,-0.450897,-0.061238,-0.122729,0.079239,0.017114,-0.001828,0.004304,0.006366,4,-0.002192,-0.209899,9.686838,0.003073,0.031082,-0.016327,9.689286,0.070066,0.058687,0.031053
36.911480,1.227545,-0.216891,1.144386,1.213138,-0.196038,1.152082,1.223434,-0.193404,1.122150,0.003753,-0.001708,-0.659341,0.751833,-0.044070,-0.359753,-0.022193,-0.118749,0.072344,0.016736,-0.001722,0.004106,0.006483,27,-0.023495,0.281213,10.148277,0.045081,-0.027720,0.010593,10.154317,0.087484,0.026488,0.032603
36.988411,1.222951,-0.241610,1.143317,1.208508,-0.224377,1.108784,1.219651,-0.212715,1.118189,-0.000200,-0.001091,0.925557,-0.378605,0.050442,-0.320364,-0.023606,-0.117145,0.073848,0.017172,-0.002035,0.004304,0.006497,6,-0.320077,0.690226,9.815291,-0.034141,-0.047846,-0.016940,9.845107,0.112956,0.041208,0.038435
37.061108,1.218542,-0.266748,1.142271,1.228046,-0.260791,1.192775,1.227120,-0.237876,1.138217,0.008147,-0.008834,0.967485,0.252644,-0.007598,-0.387933,-0.007868,-0.117873,0.067957,0.016055,-0.002383,0.004339,0.006521,2,-0.141867,0.213383,9.336695,-0.229183,-0.028403,-0.029159,9.340248,0.232808,0.051734,0.030391
37.131853,1.214159,-0.292087,1.139119,1.209276,-0.324806,1.104003,1.205765,-0.271808,1.131229,-0.006569,-0.018110,0.572114,0.819948,-0.209655,-0.533517,-0.037517,-0.097462,0.076575,0.015803,-0.002001,0.004117,0.006483,11,-0.073644,-0.179219,9.644928,0.057071,0.057063,0.065510,9.647287,0.165281,0.048244,0.023323
37.216990,1.207830,-0.325130,1.136943,1.272078,-0.342332,1.151896,1.228279,-0.303984,1.133953,0.005119,0.000521,0.264995,0.964236,-0.096752,-0.540555,-0.021063,-0.104906,0.091451,0.016917,-0.002258,0.004257,0.006421,8,-0.389096,0.336303,10.120031,0.027898,0.037827,0.061497,10.133359,0.082881,0.068171,0.029568
37.293893,1.203965,-0.353953,1.135741,1.191534,-0.380045,1.127282,1.208177,-0.334370,1.132514,0.006955,0.000607,-0.189661,0.981825,-0.239604,-0.478442,-0.030048,-0.108314,0.089128,0.017386,-0.002048,0.004412,0.006509,12,-0.115205,-0.011324,9.739719,-0.109340,-0.081218,-0.007238,9.740959,0.147560,0.030114,0.020290
37.368691,1.198922,-0.382903,1.134641,1.196078,-0.386998,1.191732,1.203822,-0.358394,1.145052,0.004546,0.005142,-0.576276,0.817226,-0.186466,-0.458142,-0.014316,-0.120710,0.086675,0.016257,-0.002194,0.004483,0.006532,13,0.119644,-0.161319,9.692131,-0.077147,-0.089386,0.001726,9.694696,0.122800,0.057308,0.027075
37.443513,1.194367,-0.412165,1.132673,1.208936,-0.391065,1.159047,1.207204,-0.374589,1.143735,0.002482,0.003537,-0.763515,0.645775,-0.093678,-0.433435,-0.016206,-0.124036,0.077899,0.016751,-0.002297,0.004422,0.006509,6,-0.042939,0.114292,9.789866,0.134777,0.018206,-0.013804,9.792148,0.138592,0.036784,0.041220
37.522467,1.188462,-0.443210,1.130985,1.175694,-0.451761,1.061953,1.194213,-0.401519,1.128256,-0.005065,-0.009348,0.930524,-0.366077,-0.053242,-0.459293,-0.033610,-0.124473,0.080437,0.018544,-0.002810,0.004529,0.006496,5,-0.109648,0.652463,9.892881,-0.092329,0.125811,0.052764,9.915116,0.171650,0.070722,0.042174
37.603496,1.181491,-0.475681,1.128712,1.197403,-0.473088,1.103252,1.195572,-0.435143,1.118061,0.002620,-0.008783,0.987250,-0.158913,-0.023363,-0.470333,-0.056653,-0.128947,0.071789,0.020133,-0.002892,0.004497,0.006492,6,-0.206779,0.014460,9.714734,-0.034029,-0.071381,0.018092,9.717312,0.090624,0.030135,0.044216
37.682416,1.174866,-0.505071,1.127466,1.208019,-0.503637,1.032744,1.194896,-0.465317,1.102072,0.006175,-0.002354,0.995473,0.094820,-0.041160,-0.535600,-0.073976,-0.125954,0.061772,0.022420,-0.003004,0.004486,0.006547,7,0.129592,0.584065,10.037627,0.038940,-0.037716,-0.002073,10.059233,0.114033,0.100367,0.051250
37.757309,1.166937,-0.532137,1.126684,1.185400,-0.509891,1.101408,1.196646,-0.498333,1.097411,0.019822,-0.008601,0.936163,0.350901,0.003713,-0.576597,-0.079246,-0.127310,0.089214,0.021324,-0.003364,0.004353,0.006335,11,-0.095496,0.052681,9.619286,0.063518,-0.052311,-0.018735,9.621878,0.125444,0.038401,0.053687
37.827928,1.158870,-0.557851,1.126179,1.189051,-0.527070,1.134780,1.181437,-0.517683,1.100380,-0.001455,-0.008727,0.721130,0.692743,-0.066053,-0.520276,-0.067754,-0.087520,0.089516,0.021374,-0.002851,0.003669,0.006452,9,-0.354012,0.026473,9.886303,0.018543,0.028339,-0.022050,9.893266,0.060809,0.043958,0.052804
37.894401,1.151248,-0.582257,1.126459,1.153791,-0.577879,1.196898,1.169196,-0.540731,1.115514,0.006680,-0.003004,0.556726,0.830664,-0.203802,-0.552410,-0.019355,-0.099658,0.084391,0.018691,-0.002163,0.003481,0.006353,12,0.045680,0.477749,10.152299,0.078342,0.138957,-0.029156,10.164982,0.170795,0.070621,0.046543
37.962946,1.142663,-0.607275,1.127000,1.137300,-0.626862,1.184747,1.136622,-0.628231,1.188351,-0.002698,-0.006947,0.005075,0.999959,-0.240585,-0.714607,-0.019355,-0.101161,0.086938,0.018506,-0.001924,0.003662,0.006312,1,-0.003949,0.130805,9.756993,0.019065,-0.150420,-0.014247,9.757870,0.152291,0.061214,0.065112
38.035710,1.132879,-0.632877,1.128000,1.174947,-0.622408,1.094928,1.151939,-0.629832,1.130348,-0.002898,0.006205,0.961473,-0.274815,0.253815,-0.216323,-0.235318,-0.102221,0.086730,0.018429,-0.001749,0.003707,0.006235,4,-0.067391,0.212112,9.848098,0.017095,0.109966,-0.018415,9.850803,0.116491,0.054526,0.019444
38.108467,1.120496,-0.659158,1.127850,1.127371,-0.672937,1.157556,1.128404,-0.675547,1.163695,-0.002697,-0.006947,0.005074,0.999959,-0.653916,-0.694494,-0.235318,-0.101138,0.085514,0.018384,-0.001652,0.003694,0.006013,0,0.000000,0.000000,0.000000,0.000000,0.000000,0.000000,0.000000,0.000000,0.033460,0.040200
38.175021,1.109297,-0.682600,1.127000,1.136514,-0.673520,1.091789,1.128362,-0.682706,1.118126,-0.005151,-0.000716,0.007382,0.999959,-0.138611,-0.245219,-0.366025,-0.101973,0.085374,0.018383,-0.001601,0.003634,0.005780,14,-0.289567,0.225555,10.147990,0.166772,0.126207,0.021543,10.156917,0.214671,0.045421,0.021030
38.241402,1.097446,-0.706950,1.127000,1.104378,-0.704283,1.167900,1.102855,-0.703726,1.134279,0.000353,-0.004675,0.059300,0.998229,-0.284283,-0.298213,-0.090910,-0.099729,0.083249,0.018438,-0.001569,0.003689,0.005509,21,0.101296,0.113452,10.038381,0.066752,0.086877,0.005899,10.041886,0.128626,0.041569,0.009625
38.309945,1.084666,-0.728858,1.127000,1.058201,-0.741852,1.132951,1.069595,-0.731521,1.127084,-0.013284,-0.007218,0.744763,0.667158,-0.420409,-0.393164,-0.080751,-0.097044,0.079376,0.018450,-0.001619,0.003624,0.005809,20,0.027673,0.127397,9.885186,0.058107,0.050051,-0.020821,9.889517,0.139896,0.030078,0.015305
38.386955,1.068035,-0.760078,1.128000,1.050784,-0.749052,1.134667,1.055367,-0.741700,1.126034,-0.005358,0.008129,0.671085,0.741316,-0.349693,-0.299939,-0.059744,-0.097786,0.079176,0.018549,-0.001967,0.003739,0.006062,8,0.003443,0.106136,10.000906,0.108992,0.025393,0.042135,10.001726,0.128069,0.021532,0.022408
38.470004,1.050103,-0.790824,1.128000,1.030166,-0.803023,1.090949,1.034770,-0.775082,1.107181,-0.006659,-0.004368,0.625810,0.779935,-0.344277,-0.349485,-0.127206,-0.097071,0.079888,0.018684,-0.002024,0.003855,0.006129,18,0.179501,0.187771,9.643869,-0.251110,0.096394,0.014193,9.648296,0.283185,0.043807,0.030271
38.546851,1.033524,-0.820476,1.129000,1.059202,-0.827171,1.154446,1.039369,-0.798747,1.123211,-0.001313,-0.002206,0.971670,0.236328,-0.191860,-0.298148,-0.060838,-0.097962,0.083013,0.018587,-0.002251,0.003711,0.006249,12,-0.046766,-0.328272,9.708134,-0.166053,0.045788,0.023808,9.714972,0.184415,0.036765,0.023234
38.625868,1.016476,-0.851047,1.130000,1.012335,-0.823543,1.159044,1.019034,-0.807408,1.129022,0.016178,-0.007902,0.916855,-0.398815,-0.166261,-0.085628,-0.048591,-0.097363,0.076215,0.018406,-0.002158,0.003701,0.006308,11,-0.072274,-0.145002,9.907135,-0.290471,-0.049237,-0.038371,9.909495,0.311904,0.040214,0.043725
38.708994,0.999218,-0.883022,1.132385,1.001137,-0.921245,1.208785,1.005720,-0.865339,1.152329,-0.003881,-0.004882,-0.516337,0.856363,-0.301599,-0.535984,0.043106,-0.101262,0.072369,0.018419,-0.002268,0.003675,0.006249,7,0.126854,0.056279,10.002841,0.132858,-0.035198,0.045662,10.004296,0.151432,0.085449,0.027435
38.777538,0.984889,-0.907761,1.134095,0.995578,-0.919031,1.187204,0.993227,-0.890507,1.160397,-0.006929,0.001646,-0.827379,0.561599,-0.257588,-0.416240,0.063390,-0.097767,0.070644,0.018265,-0.002292,0.003759,0.006270,10,-0.024207,0.175204,10.002862,-0.111762,-0.045196,-0.013215,10.004761,0.128431,0.055334,0.032542
38.853403,0.969385,-0.933507,1.136778,0.922645,-0.941206,1.140206,0.953800,-0.914504,1.161702,-0.008398,0.008002,0.903749,-0.427905,-0.403010,-0.396993,0.041774,-0.097633,0.071645,0.018562,-0.002363,0.003686,0.006249,6,-0.251432,0.118784,9.575017,-0.150857,-0.001728,-0.054955,9.579205,0.162555,0.047494,0.035002
38.937562,0.951141,-0.962788,1.138976,0.965605,-0.977820,1.174101,0.951808,-0.941076,1.168699,-0.014327,0.004347,0.960034,-0.279483,-0.336664,-0.381267,0.053845,-0.084832,0.073495,0.018899,-0.002357,0.003533,0.006323,9,-0.189729,-0.092576,9.721833,0.187934,0.029597,-0.038165,9.725259,0.199430,0.040852,0.036814
39.012390,0.935453,-0.987321,1.141887,0.954501,-1.001166,1.081226,0.944708,-0.975256,1.138258,-0.012906,-0.013974,0.581494,0.813328,-0.301627,-0.587744,-0.017281,-0.085704,0.079662,0.020123,-0.002205,0.003686,0.006272,13,0.096729,0.676408,10.106843,-0.361396,0.078825,-0.013832,10.133981,0.380454,0.065071,0.015633
39.085093,0.920033,-1.010951,1.144424,0.939511,-1.033679,1.156290,0.941560,-1.005044,1.140576,-0.004725,-0.000888,0.072652,0.997346,-0.211806,-0.415910,-0.019195,-0.099371,0.080664,0.019832,-0.002229,0.003689,0.006318,3,-0.075233,0.374436,9.566180,0.247478,-0.021204,0.028445,9.573876,0.250503,0.032199,0.022652
39.166164,0.903329,-1.037340,1.146667,0.928078,-1.059720,1.131642,0.930222,-1.034347,1.134397,-0.001509,0.002522,-0.274797,0.961498,-0.191131,-0.430486,-0.045595,-0.103143,0.074780,0.020305,-0.002163,0.003801,0.006239,18,-0.140106,-0.135708,9.516601,0.151122,0.007484,0.038389,9.520055,0.164656,0.036594,0.029711
39.249232,0.885612,-1.065593,1.149674,0.862272,-1.050385,1.120936,0.895768,-1.048567,1.128949,-0.004141,-0.005473,0.212515,0.977134,-0.351857,-0.366496,-0.049044,-0.096383,0.073957,0.020624,-0.002075,0.003851,0.006249,11,-0.123010,0.489019,9.944430,0.024817,-0.067114,-0.036501,9.959580,0.098723,0.040023,0.028680
39.326168,0.870037,-1.091553,1.152530,0.879034,-1.104761,1.131733,0.890443,-1.079548,1.129812,-0.005747,-0.008992,0.296007,0.955126,-0.264124,-0.397637,-0.026583,-0.099477,0.079400,0.020341,-0.002321,0.003713,0.006303,5,-0.022861,0.373255,10.126636,-0.276565,-0.122131,-0.052321,10.133691,0.308898,0.026228,0.032812
39.402987,0.853722,-1.117417,1.156070,0.884580,-1.130517,1.175094,0.883648,-1.106496,1.138994,-0.012630,-0.007387,-0.043437,0.998949,-0.202473,-0.380031,-0.021548,-0.102494,0.078348,0.019219,-0.002238,0.003731,0.006301,5,0.100300,0.288171,9.529144,-0.202162,-0.080965,0.009597,9.534255,0.218616,0.038546,0.036145
39.477811,0.837693,-1.141461,1.159051,0.890266,-1.143838,1.239976,0.891664,-1.142877,1.244196,-0.002696,-0.006947,0.005074,0.999959,0.075988,-0.178035,-0.021548,-0.103216,0.076161,0.019348,-0.002263,0.003763,0.006319,0,0.000000,0.000000,0.000000,0.000000,0.000000,0.000000,0.000000,0.000000,0.096532,0.100819
39.554635,0.820344,-1.166755,1.162185,0.817867,-1.191841,1.152427,0.819119,-1.187868,1.152236,-0.002697,-0.006947,0.005074,0.999959,-0.942391,-0.624838,-0.021548,-0.103176,0.076226,0.019347,-0.002233,0.003763,0.006294,1,0.029090,0.161411,9.984682,-0.102029,-0.010665,-0.037601,9.986029,0.109259,0.027031,0.023373
39.631604,0.802976,-1.189888,1.166148,0.852611,-1.217722,1.097195,0.822607,-1.215579,1.117468,-0.002331,0.000769,-0.082380,0.996598,-0.029662,-0.434472,-0.267748,-0.104566,0.076055,0.019344,-0.002230,0.003768,0.006298,14,-0.183360,0.631658,9.809560,0.148201,0.039201,0.011554,9.831937,0.155835,0.089403,0.058439
39.712620,0.785068,-1.213380,1.169586,0.762268,-1.257389,1.196287,0.778305,-1.251731,1.145269,-0.005867,-0.012353,-0.433549,0.901026,-0.552455,-0.464400,0.042304,-0.102489,0.075811,0.019319,-0.002157,0.003797,0.006299,10,0.130884,0.162268,9.953516,-0.255417,-0.068491,0.038929,9.955865,0.275579,0.056299,0.045912
39.789500,0.766781,-1.234510,1.173291,0.766060,-1.248686,1.203717,0.768087,-1.252788,1.178632,-0.011886,-0.001409,0.161402,0.986816,-0.358134,-0.299324,0.176316,-0.105633,0.075136,0.019269,-0.002160,0.003780,0.006281,8,0.060499,0.013528,9.668199,-0.199296,-0.032373,-0.007279,9.668717,0.203894,0.033574,0.019087
39.855983,0.752179,-1.249820,1.175353,0.755387,-1.275061,1.191345,0.758408,-1.278462,1.205583,-0.002696,-0.006947,0.005074,0.999959,-0.160530,-0.396717,0.176316,-0.102807,0.078467,0.019258,-0.002159,0.003751,0.006366,0,0.000000,0.000000,0.000000,0.000000,0.000000,0.000000,0.000000,0.000000,0.030053,0.042107
39.924602,0.736451,-1.264549,1.177189,0.768990,-1.275100,1.201457,0.770142,-1.268752,1.193667,-0.002697,-0.006947,0.005074,0.999959,0.198232,-0.000564,0.176316,-0.105810,0.078143,0.019276,-0.002222,0.003908,0.006218,1,-0.215276,0.136539,10.195398,-0.014192,0.080886,-0.038488,10.198584,0.090694,0.041941,0.037740
39.995270,0.719816,-1.279388,1.180197,0.720593,-1.300181,1.237453,0.721398,-1.295375,1.228213,-0.002697,-0.006947,0.005074,0.999959,-0.684846,-0.354909,0.176316,-0.103482,0.074342,0.019294,-0.002279,0.003701,0.006356,0,0.000000,0.000000,0.000000,0.000000,0.000000,0.000000,0.000000,0.000000,0.060919,0.050632
40.061746,0.704290,-1.291032,1.182785,0.711441,-1.322259,1.282964,0.713850,-1.325097,1.291257,-0.002697,-0.006947,0.005074,0.999959,-0.137671,-0.332126,0.176316,-0.101466,0.077451,0.019256,-0.002323,0.003674,0.006257,1,0.010696,0.146835,9.990564,0.009002,-0.082590,-0.022349,9.991649,0.086033,0.105176,0.114096
40.132399,0.689077,-1.303549,1.186175,0.698985,-1.339180,1.192058,0.696624,-1.337353,1.230391,0.001436,-0.008529,-0.387589,0.921792,-0.160168,-0.272950,-0.175968,-0.104882,0.078136,0.019249,-0.002268,0.003570,0.006278,17,-0.043541,0.412702,9.809280,0.120958,0.001274,0.033465,9.819857,0.133704,0.037448,0.056167
40.211312,0.669220,-1.315356,1.189931,0.644303,-1.341249,1.167979,0.658033,-1.336905,1.192311,-0.004958,-0.010085,0.023391,0.999663,-0.383774,-0.100774,-0.285551,-0.104695,0.074134,0.019276,-0.002284,0.003548,0.006322,15,0.009137,0.076640,9.784090,-0.026077,-0.071149,0.032294,9.786950,0.158563,0.042110,0.024397
40.284030,0.651008,-1.326107,1.193553,0.657473,-1.352823,1.210608,0.655936,-1.348876,1.193282,0.005655,-0.003676,-0.672516,0.740052,-0.220671,-0.034527,-0.182053,-0.101930,0.074460,0.019262,-0.002366,0.003646,0.006334,3,-0.302046,0.712619,9.859725,0.013564,0.078181,0.006752,9.890371,0.080171,0.032348,0.023298
40.358902,0.632651,-1.335000,1.198000,0.623048,-1.381788,1.275975,0.628484,-1.369898,1.224600,0.001348,-0.006237,-0.054057,0.998517,-0.273247,-0.262772,0.006509,-0.101763,0.079273,0.019004,-0.002266,0.003603,0.006368,11,-0.015785,-0.117838,9.898733,0.016791,-0.128382,0.016868,9.900217,0.164015,0.091441,0.044077
40.436426,0.612898,-1.343987,1.202846,0.559164,-1.361043,1.177668,0.585978,-1.371029,1.211914,-0.013267,-0.010847,0.219524,0.975456,-0.432196,-0.109405,-0.068928,-0.102499,0.074968,0.018993,-0.002251,0.003641,0.006399,19,-0.247602,-0.220318,9.771273,-0.192316,0.064024,-0.013989,9.779055,0.209047,0.061743,0.039220
40.510574,0.593238,-1.350381,1.208000,0.574982,-1.396326,1.188580,0.577804,-1.388249,1.204979,0.001366,-0.003613,0.208820,0.977946,-0.331092,-0.179831,-0.040566,-0.106620,0.077172,0.019207,-0.002304,0.003568,0.006329,6,-0.176716,-0.131132,10.240106,0.152675,-0.041206,0.030561,10.242738,0.163275,0.053117,0.041004
40.599910,0.569589,-1.355980,1.214225,0.595585,-1.366936,1.220921,0.578553,-1.383658,1.207733,0.003756,0.016156,0.547066,0.836925,-0.190927,-0.126669,-0.026157,-0.109642,0.079639,0.018987,-0.002296,0.003631,0.006337,5,-0.331668,-0.171716,9.847860,0.062989,0.026174,0.030234,9.855532,0.105410,0.028994,0.029808
40.672596,0.550087,-1.360230,1.219151,0.614132,-1.382937,1.241668,0.579380,-1.395402,1.223083,0.008710,0.013805,0.043639,0.998914,-0.116311,-0.145497,0.023890,-0.112472,0.078893,0.018717,-0.002355,0.003613,0.006348,24,-0.020333,-0.090500,9.812735,0.035884,0.098061,0.051875,9.814951,0.167858,0.071585,0.045942
40.757801,0.527407,-1.362037,1.225593,0.515249,-1.401175,1.227632,0.534640,-1.396907,1.223963,0.013756,-0.018898,-0.685424,0.727769,-0.407215,-0.078035,0.027094,-0.103298,0.075432,0.018780,-0.002292,0.003622,0.006428,75,0.053356,0.287666,9.946496,0.057074,0.005168,0.007063,9.952091,0.120535,0.041034,0.035649
40.832688,0.507530,-1.364186,1.230965,0.495077,-1.373641,1.182106,0.497421,-1.372269,1.172565,-0.002698,-0.006945,0.005073,0.999959,-0.269370,0.367684,0.027094,-0.101939,0.076695,0.018758,-0.002314,0.003364,0.006354,0,0.000000,0.000000,0.000000,0.000000,0.000000,0.000000,0.000000,0.000000,0.051300,0.059817
40.911581,0.485798,-1.365400,1.236401,0.495011,-1.396865,1.223086,0.492793,-1.387154,1.198925,0.001587,-0.006694,0.012191,0.999902,-0.100604,-0.065143,0.111168,-0.103705,0.077988,0.018672,-0.002246,0.003297,0.006387,6,-0.322326,0.110925,9.861190,0.000066,-0.140272,0.009385,9.867200,0.147138,0.035386,0.043893
40.986428,0.466089,-1.366000,1.241478,0.476536,-1.387906,1.324387,0.477121,-1.380347,1.270278,-0.000883,-0.008931,0.021185,0.999735,-0.169965,0.042735,0.465579,-0.103785,0.077720,0.018653,-0.002290,0.003267,0.006429,14,-0.184556,0.432180,9.819305,0.104555,0.060102,-0.016914,9.832045,0.139112,0.086389,0.034015
41.067499,0.443967,-1.367000,1.247898,0.476268,-1.390120,1.299128,0.470768,-1.385503,1.293378,-0.002677,-0.006927,0.005062,0.999960,-0.003307,-0.027308,0.465579,-0.103354,0.077652,0.018641,-0.002214,0.003233,0.006441,0,0.000000,0.000000,0.000000,0.000000,0.000000,0.000000,0.000000,0.000000,0.064826,0.055938
41.142292,0.424764,-1.365396,1.253009,0.401486,-1.433710,1.324443,0.404817,-1.436821,1.319792,-0.002697,-0.006946,0.005074,0.999959,-0.999850,-0.582804,0.465579,-0.102758,0.078114,0.018641,-0.002166,0.003245,0.006444,0,0.000000,0.000000,0.000000,0.000000,0.000000,0.000000,0.000000,0.000000,0.101545,0.099796
41.212926,0.405166,-1.365000,1.258318,0.421213,-1.380885,1.258521,0.410842,-1.406946,1.295313,0.000724,0.008506,0.997239,-0.073766,-0.188053,0.428565,0.161026,-0.103236,0.077296,0.018685,-0.002128,0.003241,0.006430,6,0.062238,-0.015401,9.932127,-0.032758,0.000602,0.004384,9.932534,0.036148,0.022580,0.056217
41.287721,0.384894,-1.362404,1.263660,0.398349,-1.426741,1.264153,0.397716,-1.419612,1.286470,0.000269,-0.000618,0.310608,0.950538,-0.222101,-0.012985,0.001083,-0.101978,0.078569,0.018901,-0.002151,0.003325,0.006424,17,-0.063774,-0.127592,9.645543,-0.155612,0.016587,-0.003903,9.649313,0.167014,0.065730,0.062908
41.368745,0.362235,-1.358523,1.269715,0.384303,-1.368796,1.346586,0.381262,-1.388756,1.327691,0.012782,-0.017817,0.970382,-0.240578,-0.311943,0.216860,0.255819,-0.098834,0.075795,0.019032,-0.002119,0.003282,0.006418,33,-0.080171,0.540405,10.092613,-0.070398,-0.030113,-0.017293,10.108843,0.135547,0.080633,0.068097
41.453953,0.337849,-1.349796,1.275973,0.345690,-1.411934,1.329295,0.357068,-1.401642,1.334695,0.022384,-0.036427,0.984288,0.171314,-0.325257,-0.031598,0.214790,-0.093537,0.066425,0.019901,-0.002124,0.003316,0.006345,31,-0.046652,0.005328,9.922800,-0.031522,0.066504,0.034419,9.924477,0.125128,0.082255,0.080657
41.524626,0.317324,-1.342943,1.281809,0.305134,-1.385988,1.313383,0.324219,-1.386958,1.328437,-0.017854,-0.008316,0.499330,0.866188,-0.354382,0.068963,0.135147,-0.111388,0.083905,0.017539,-0.002096,0.003462,0.006417,7,-0.181221,-0.375307,9.750474,-0.153937,-0.039714,0.037744,9.759869,0.168365,0.054757,0.064490
41.597309,0.296000,-1.332500,1.287546,0.243896,-1.386777,1.325282,0.270649,-1.386149,1.330031,0.004694,-0.012117,-0.187129,0.982249,-0.469590,0.013613,0.138914,-0.104412,0.077437,0.018824,-0.002242,0.003891,0.006476,25,0.049617,0.110961,10.160751,0.110556,0.091610,0.030897,10.162215,0.166204,0.084171,0.072978
41.672157,0.274272,-1.320806,1.293874,0.278358,-1.363798,1.419447,0.274120,-1.372684,1.371997,-0.002901,0.002520,-0.667751,0.744375,-0.324091,0.061219,0.257707,-0.105120,0.073712,0.018607,-0.002107,0.003956,0.006506,35,0.008809,0.002643,9.921313,0.034312,0.034596,-0.022697,9.922467,0.107171,0.132792,0.093780
41.740799,0.252711,-1.308692,1.300654,0.246040,-1.332157,1.217339,0.237790,-1.329964,1.213255,-0.002697,-0.006948,0.005075,0.999959,-0.470819,0.460968,0.257707,-0.106009,0.077263,0.018466,-0.002166,0.003789,0.006477,1,-0.217512,0.250292,9.987045,0.208073,0.012593,-0.046222,9.992549,0.213517,0.086813,0.091180
41.819713,0.229603,-1.294384,1.307072,0.261535,-1.321850,1.318258,0.249258,-1.319479,1.286145,-0.002957,0.000379,0.535562,0.844491,-0.043416,0.240242,0.515711,-0.110948,0.077545,0.018216,-0.002111,0.003749,0.006416,11,-0.019548,0.067067,9.865323,0.135697,0.114683,0.004320,9.867005,0.182104,0.043579,0.038132
41.900702,0.205466,-1.279024,1.314203,0.204385,-1.311942,1.330682,0.215696,-1.312120,1.337669,-0.008620,-0.009132,0.774933,0.631918,-0.432091,0.302200,0.657003,-0.107930,0.075547,0.018436,-0.002043,0.003729,0.006335,6,-0.008232,-0.270529,9.714343,-0.165553,-0.011501,-0.006226,9.718693,0.168146,0.036828,0.041841
41.979670,0.182592,-1.262905,1.320891,0.184405,-1.265833,1.393105,0.194041,-1.279382,1.379370,-0.020289,-0.008136,0.682504,0.730554,-0.285603,0.338601,0.691424,-0.107030,0.076626,0.018334,-0.002036,0.003754,0.006291,2,0.100698,-0.425293,9.874102,-0.205111,0.046965,0.066517,9.884082,0.220733,0.072296,0.061825
42.058632,0.160490,-1.247687,1.327197,0.182804,-1.252144,1.373632,0.182039,-1.245329,1.372216,-0.002696,-0.006945,0.005073,0.999959,-0.020275,0.173356,0.691424,-0.105378,0.077701,0.018313,-0.002040,0.003819,0.006304,1,0.204214,0.020039,9.797462,0.150871,-0.015253,-0.058824,9.799610,0.162650,0.051711,0.049967
42.139690,0.139202,-1.228686,1.334347,0.145832,-1.240359,1.435599,0.134908,-1.237493,1.424038,-0.002697,-0.006947,0.005074,0.999959,-0.456113,0.145393,0.691424,-0.105184,0.077163,0.018286,-0.002121,0.003918,0.006296,1,-0.040262,-0.262135,9.851848,-0.168801,-0.053029,0.042306,9.855417,0.181922,0.102139,0.090225
42.218606,0.117151,-1.211108,1.342276,0.112372,-1.239217,1.314892,0.110669,-1.234567,1.364537,-0.007159,-0.000462,0.944726,0.327782,-0.430361,0.069628,0.213114,-0.104462,0.076650,0.018305,-0.002007,0.003628,0.006321,8,-0.002698,0.069851,9.791858,0.106668,-0.030865,-0.049427,9.794142,0.132847,0.039533,0.032983
42.297664,0.096712,-1.190591,1.349803,0.115095,-1.192520,1.415877,0.097370,-1.197995,1.400184,0.000118,0.008278,0.995510,-0.094296,-0.293559,0.411427,0.350451,-0.103286,0.077947,0.018341,-0.001935,0.003597,0.006389,29,-0.065849,-0.259056,9.691999,0.036872,-0.068091,-0.003017,9.697082,0.149141,0.068611,0.050926
42.382877,0.072970,-1.168795,1.358952,0.096679,-1.185673,1.387257,0.087964,-1.182455,1.401724,0.009185,0.004496,0.711301,0.702813,-0.204543,0.251465,0.187311,-0.103698,0.076275,0.018509,-0.001978,0.003647,0.006341,83,-0.204496,0.152952,9.777875,-0.031157,-0.053231,-0.010071,9.786410,0.129136,0.040598,0.047338
42.468051,0.049639,-1.141984,1.366787,0.053025,-1.173053,1.426403,0.060905,-1.170870,1.416473,-0.005026,-0.015683,-0.800408,0.599229,-0.328438,0.259503,0.202462,-0.101007,0.077303,0.018228,-0.002052,0.003492,0.006371,7,-0.021764,-0.234055,9.714241,-0.220466,0.009240,-0.004992,9.717900,0.221678,0.067311,0.058566
42.549049,0.027596,-1.115193,1.374000,0.043072,-1.157058,1.458307,0.046044,-1.158528,1.444479,0.005381,-0.007837,-0.720552,0.693336,-0.324550,0.219262,0.288308,-0.104992,0.076669,0.018208,-0.002073,0.003545,0.006531,7,0.122482,-0.043658,10.308592,0.052531,0.127533,0.032056,10.309633,0.143406,0.095393,0.084767
42.634235,0.001279,-1.088668,1.382917,0.035778,-1.110323,1.481560,0.034735,-1.129430,1.467950,-0.003638,-0.005602,-0.652411,0.757835,-0.280434,0.285030,0.314056,-0.103837,0.072002,0.017872,-0.002107,0.003528,0.006426,3,0.148980,-0.218730,9.721028,-0.074517,0.024365,0.032045,9.724807,0.085556,0.106722,0.100057
42.713181,-0.021653,-1.060582,1.390647,-0.026357,-1.120606,1.415139,-0.003250,-1.120334,1.467459,0.005059,-0.001125,-0.824869,0.565300,-0.414651,0.224163,0.252500,-0.108050,0.078555,0.018374,-0.002068,0.003579,0.006373,8,0.236916,0.038708,9.754163,-0.189628,0.004934,-0.022392,9.758381,0.193181,0.065000,0.099041
42.810707,-0.049983,-1.025886,1.400197,-0.065110,-1.031949,1.423923,-0.036041,-1.080072,1.460885,-0.023357,0.002300,0.977542,0.209431,-0.477894,0.380257,0.195103,-0.109102,0.079000,0.018476,-0.002026,0.003460,0.006355,4,-0.310482,-0.181069,9.819798,0.162037,0.130397,0.011116,9.826918,0.209481,0.028784,0.082545
42.893990,-0.074176,-0.996257,1.408351,-0.039773,-1.012126,1.487974,-0.050929,-1.036098,1.493762,-0.037582,0.014620,0.982996,0.179143,-0.456584,0.450251,0.270548,-0.093853,0.073484,0.018487,-0.001944,0.003879,0.006400,22,0.150441,0.339131,9.955969,-0.157710,0.036478,-0.020918,9.966063,0.176510,0.088177,0.097070
42.981253,-0.098551,-0.962439,1.416015,-0.080720,-0.979702,1.484452,-0.061432,-1.017618,1.502103,-0.005844,0.003743,0.660171,0.751084,-0.201824,0.439859,0.246775,-0.110948,0.070501,0.017593,-0.002134,0.003670,0.006305,9,-0.002146,-0.051699,9.428914,-0.048529,0.040130,-0.011756,9.429681,0.068520,0.072798,0.108783
43.066455,-0.122913,-0.927938,1.424304,-0.117355,-0.942477,1.552949,-0.094508,-0.978689,1.529670,-0.020763,-0.000157,0.594969,0.803480,-0.359229,0.483005,0.289330,-0.110454,0.073395,0.017024,-0.002025,0.003704,0.006267,9,-0.209181,-0.123984,10.006072,0.112712,0.054274,0.021665,10.009807,0.130972,0.129582,0.120351
43.145368,-0.144331,-0.894449,1.432629,-0.087350,-0.904176,1.532439,-0.096693,-0.938668,1.541215,-0.010369,0.007434,0.417581,0.908550,-0.242436,0.517679,0.289488,-0.112999,0.072675,0.016976,-0.002241,0.003628,0.006285,8,-0.000970,-0.179407,9.824574,0.007033,-0.079924,0.018486,9.829186,0.108309,0.115341,0.126553
43.232635,-0.166663,-0.854674,1.440911,-0.166606,-0.830221,1.490115,-0.139953,-0.875079,1.543122,-0.019604,0.002955,0.511194,0.859237,-0.336165,0.616219,0.247955,-0.113659,0.067303,0.017551,-0.002037,0.003702,0.006308,10,-0.092064,-0.293530,9.734188,-0.006522,-0.023596,-0.014689,9.739486,0.064936,0.054946,0.107596
43.311716,-0.186811,-0.818959,1.448615,-0.219801,-0.796887,1.484386,-0.219005,-0.793404,1.486156,-0.002696,-0.006947,0.005074,0.999959,-0.672667,0.421529,0.247955,-0.113286,0.066084,0.017488,-0.002068,0.003676,0.006319,0,0.000000,0.000000,0.000000,0.000000,0.000000,0.000000,0.000000,0.000000,0.053433,0.055667
43.403096,-0.210748,-0.779214,1.457946,-0.196088,-0.827042,1.574555,-0.218086,-0.804227,1.540517,-0.000528,-0.001266,-0.741416,0.671044,-0.066780,-0.078239,0.429251,-0.113855,0.068353,0.017555,-0.002058,0.003711,0.006367,6,0.096201,0.036221,9.934254,-0.091926,-0.109527,0.009107,9.934878,0.147666,0.126886,0.086587
43.490337,-0.234078,-0.740437,1.466592,-0.250166,-0.733221,1.498875,-0.246231,-0.761270,1.531856,-0.013332,-0.012849,0.006781,0.999806,-0.293875,0.416998,0.216643,-0.110363,0.066998,0.017513,-0.002146,0.003749,0.006410,11,0.196678,0.019489,9.826060,-0.129869,0.016961,-0.017683,9.829176,0.160336,0.036784,0.069578
43.571363,-0.254887,-0.702467,1.475043,-0.241929,-0.744836,1.557484,-0.250293,-0.753994,1.535781,-0.014205,-0.013519,-0.828595,0.559505,-0.072143,0.205912,0.123037,-0.111930,0.068247,0.017550,-0.002139,0.003729,0.006474,4,-0.007408,0.135514,9.908454,0.231750,0.049196,0.006399,9.909537,0.237556,0.093593,0.079782
43.650370,-0.276680,-0.665706,1.483130,-0.316967,-0.636339,1.510834,-0.289510,-0.696711,1.535051,0.047265,0.055050,0.965356,-0.250647,-0.156289,0.387193,0.133999,-0.117080,0.070764,0.017158,-0.002126,0.003731,0.006560,7,0.145682,0.048919,9.800594,0.243590,-0.013209,0.025341,9.802494,0.246275,0.057035,0.061820
43.745942,-0.301588,-0.619421,1.492729,-0.274778,-0.609232,1.565803,-0.283077,-0.643220,1.585729,-0.048126,0.049642,0.602361,0.795224,-0.485438,0.494561,0.292311,-0.102112,0.066112,0.017719,-0.002054,0.003706,0.006460,7,0.118524,-0.114854,9.797295,-0.020073,0.090419,0.016017,9.799279,0.104292,0.078501,0.097765
43.826991,-0.323025,-0.580754,1.501159,-0.349277,-0.568441,1.613292,-0.321981,-0.600985,1.596405,-0.001736,-0.011742,0.256577,0.966451,-0.282342,0.557470,0.269783,-0.111776,0.062768,0.017328,-0.001991,0.003670,0.006477,4,-0.209523,0.426547,9.581704,0.047433,-0.145131,-0.033732,9.593573,0.165910,0.115821,0.097377
43.893484,-0.341823,-0.549889,1.507973,-0.378157,-0.551330,1.552158,-0.357614,-0.569502,1.592581,-0.007996,0.006717,0.932653,0.360625,-0.414818,0.675858,0.207303,-0.109585,0.068922,0.017494,-0.001977,0.003788,0.006504,10,0.194224,0.091418,9.781911,0.033507,0.027806,-0.014121,9.784625,0.065738,0.057224,0.088275
43.993244,-0.369217,-0.503276,1.518331,-0.384339,-0.550974,1.514608,-0.372587,-0.545179,1.580536,-0.000320,-0.006004,0.600329,0.799731,-0.326961,0.559128,0.147476,-0.106683,0.073948,0.018059,-0.001987,0.003709,0.006495,14,0.057670,0.026915,9.851985,0.012341,-0.042394,-0.009966,9.858265,0.159811,0.050177,0.075078
44.076505,-0.391533,-0.464781,1.526700,-0.445371,-0.457761,1.483250,-0.398960,-0.501150,1.553929,-0.008927,-0.001711,0.615832,0.787825,-0.335923,0.600925,0.053613,-0.110096,0.071157,0.018621,-0.001898,0.003616,0.006460,4,-0.001595,-0.020828,9.647639,-0.068634,0.143442,-0.022847,9.648052,0.172171,0.069539,0.046036
44.175319,-0.418223,-0.419628,1.536074,-0.434819,-0.458450,1.598174,-0.418010,-0.467606,1.568731,-0.005436,-0.000859,0.536524,0.843867,-0.259997,0.574486,0.067640,-0.114460,0.076544,0.018324,-0.002003,0.003549,0.006458,12,0.116918,0.262708,9.609527,0.049263,0.128054,-0.035995,9.614015,0.150543,0.075092,0.058038
44.236179,-0.434615,-0.392817,1.541707,-0.466647,-0.368953,1.571730,-0.449952,-0.420026,1.582274,-0.012448,-0.002613,0.863516,0.504162,-0.303598,0.782684,0.087799,-0.114306,0.069581,0.017877,-0.001911,0.003594,0.006384,6,-0.126666,-0.175246,9.840041,-0.262965,-0.038612,0.026862,9.842882,0.267217,0.049969,0.051198
44.325656,-0.458474,-0.354641,1.550191,-0.455894,-0.350619,1.659265,-0.465962,-0.371291,1.614669,-0.006855,-0.007987,0.907453,0.420021,-0.268077,0.758175,0.151992,-0.113115,0.072252,0.016782,-0.002200,0.003707,0.006382,14,-0.028495,0.057768,9.896799,-0.019786,0.002296,0.003429,9.898961,0.112247,0.109179,0.067013
44.396345,-0.477322,-0.323667,1.556389,-0.506108,-0.312262,1.619608,-0.496873,-0.333650,1.618024,-0.013813,-0.012571,0.929341,0.368749,-0.322430,0.736190,0.147990,-0.111911,0.058610,0.019039,-0.002139,0.003800,0.006205,6,0.128375,-0.115468,9.908003,-0.144164,0.039500,-0.003034,9.909932,0.154037,0.070395,0.065427
44.477338,-0.498361,-0.286618,1.562787,-0.531825,-0.264640,1.548433,-0.521469,-0.286645,1.611610,-0.014559,-0.010841,0.901667,0.432050,-0.360027,0.707998,0.116127,-0.116223,0.068851,0.017421,-0.002336,0.003530,0.006488,11,0.250956,0.119277,9.756861,-0.060084,0.051148,-0.028278,9.761579,0.102277,0.042531,0.054015
44.566710,-0.521362,-0.246522,1.570454,-0.527681,-0.244417,1.574436,-0.534751,-0.248485,1.612994,-0.012765,-0.015928,0.841568,0.539765,-0.310948,0.672471,0.109132,-0.106343,0.071593,0.018887,-0.002812,0.003715,0.006623,17,-0.095920,-0.021636,9.853685,-0.020110,0.005188,0.023039,9.855564,0.112249,0.007760,0.044640
44.651902,-0.543644,-0.207200,1.577991,-0.559193,-0.187095,1.614565,-0.554883,-0.204118,1.618277,-0.012885,-0.013565,0.792659,0.609378,-0.367362,0.671880,0.106171,-0.109894,0.071604,0.018814,-0.002799,0.003699,0.006590,5,-0.015867,-0.246513,9.828166,0.064627,-0.057485,0.016941,9.831458,0.091637,0.044538,0.041938
44.735001,-0.565595,-0.170648,1.585958,-0.611997,-0.158363,1.533575,-0.586919,-0.168400,1.606479,-0.020425,-0.016004,0.711245,0.702465,-0.412694,0.622924,0.074886,-0.104025,0.070432,0.020808,-0.002796,0.003700,0.006585,9,-0.095976,-0.122465,9.831619,-0.033149,0.153197,-0.027833,9.833630,0.192957,0.071050,0.029680
44.820207,-0.587956,-0.132416,1.594150,-0.639896,-0.119276,1.633771,-0.619637,-0.128945,1.614257,-0.016994,-0.016674,0.665992,0.745579,-0.437291,0.587599,0.083213,-0.104172,0.071757,0.020269,-0.002924,0.003533,0.006550,12,0.113987,0.589810,9.814105,0.175460,-0.110388,-0.000389,9.836601,0.212543,0.066635,0.037683
44.901307,-0.608731,-0.095249,1.601599,-0.642645,-0.072616,1.560416,-0.640441,-0.087232,1.606826,-0.010564,-0.014291,0.687958,0.725533,-0.353592,0.616554,0.066092,-0.108265,0.073454,0.021788,-0.003032,0.003224,0.006483,5,-0.107593,-0.390086,9.888908,0.030984,-0.102310,0.023111,9.897256,0.124409,0.057952,0.033123
44.988577,-0.630591,-0.056268,1.610933,-0.648209,-0.027919,1.606716,-0.656296,-0.040658,1.614786,-0.002949,-0.007915,0.714039,0.700055,-0.362185,0.668570,0.072240,-0.112522,0.075664,0.021169,-0.003360,0.002949,0.006504,9,-0.077132,0.226456,9.754300,0.082443,-0.023187,-0.002552,9.757677,0.123639,0.033643,0.030320
45.063339,-0.649876,-0.023248,1.618876,-0.680704,-0.002838,1.609087,-0.679763,-0.004555,1.619024,-0.000934,-0.014994,0.676105,0.736652,-0.317962,0.640540,0.063330,-0.107834,0.075737,0.021350,-0.003428,0.003048,0.006525,8,0.066282,-0.239479,9.616112,-0.055105,-0.181603,-0.017035,9.619839,0.192536,0.038246,0.035252
45.152738,-0.671746,0.014012,1.627213,-0.711761,0.015829,1.543920,-0.702516,0.023549,1.609733,0.000440,-0.007574,0.630312,0.776305,-0.262154,0.547276,0.033039,-0.105881,0.079657,0.023644,-0.003559,0.003216,0.006593,7,-0.241961,-0.131112,9.749848,0.121398,0.186593,-0.001961,9.754061,0.224581,0.092424,0.036651
45.229553,-0.693055,0.044684,1.634222,-0.725769,0.072514,1.676857,-0.726519,0.072304,1.676028,-0.002698,-0.006947,0.005074,0.999959,-0.182365,0.737935,0.033039,-0.106511,0.079556,0.023807,-0.003587,0.003241,0.006631,0,0.000000,0.000000,0.000000,0.000000,0.000000,0.000000,0.000000,0.000000,0.060519,0.060254
45.309927,-0.713948,0.075527,1.642221,-0.721376,0.098714,1.629811,-0.723719,0.098577,1.645345,-0.004385,-0.007093,0.479952,0.877255,-0.014864,0.456116,-0.125081,-0.108295,0.079542,0.023864,-0.003701,0.003085,0.006586,5,-0.020127,-0.418131,9.608530,-0.183944,-0.042481,0.000380,9.617873,0.189891,0.027328,0.025230
45.393793,-0.735066,0.107034,1.649968,-0.755986,0.169484,1.670021,-0.743859,0.151336,1.661676,-0.016603,0.003007,0.909834,0.414629,-0.192419,0.670298,0.019935,-0.108228,0.077149,0.023911,-0.003748,0.003084,0.006653,2,0.043160,-0.311197,9.528634,0.233756,0.129023,-0.003587,9.533840,0.267235,0.068845,0.046658
45.464399,-0.753170,0.131521,1.656409,-0.782638,0.127172,1.648562,-0.765324,0.137834,1.663378,0.017055,-0.003444,-0.638424,0.769488,-0.374047,0.147171,-0.006661,-0.107909,0.080907,0.023925,-0.003622,0.003041,0.006663,11,-0.216245,-0.101966,9.800814,-0.159229,-0.057847,0.004516,9.804773,0.173375,0.030804,0.015367
45.545455,-0.773828,0.158160,1.663582,-0.790058,0.196719,1.674653,-0.782999,0.182508,1.666402,-0.004868,-0.005772,-0.240880,0.970526,-0.255373,0.389596,0.014900,-0.106160,0.078976,0.023896,-0.003487,0.003090,0.006710,13,0.079148,-0.158463,9.747375,-0.098112,0.047008,0.007057,9.749289,0.141497,0.043276,0.026171
45.616075,-0.792285,0.179973,1.669454,-0.834721,0.254819,1.642053,-0.825018,0.226585,1.656629,-0.011193,-0.015805,0.000146,0.999812,-0.422527,0.455708,-0.024947,-0.102166,0.079498,0.023774,-0.003568,0.003028,0.006716,8,-0.238636,-0.146259,9.890051,-0.081772,-0.011699,0.019745,9.894186,0.085650,0.090297,0.058383
45.690996,-0.811179,0.203118,1.676514,-0.794714,0.242533,1.718678,-0.813977,0.250739,1.679426,0.001742,-0.002663,0.743271,0.668983,-0.126688,0.368562,0.068818,-0.108326,0.081130,0.023760,-0.003574,0.002853,0.006732,2,-0.389710,-0.024430,9.903759,0.168241,0.048093,-0.028483,9.911641,0.177700,0.060021,0.047792
45.774077,-0.830343,0.227156,1.683766,-0.818389,0.209260,1.713725,-0.829240,0.244263,1.695801,0.017620,-0.001923,-0.072014,0.997246,-0.081212,0.221798,0.082949,-0.113586,0.085254,0.023655,-0.003513,0.002911,0.006757,11,-0.292856,-0.221753,9.707732,0.102320,-0.034451,0.014746,9.718647,0.139334,0.036888,0.020946
45.855094,-0.850800,0.251768,1.690937,-0.825561,0.255469,1.738219,-0.838347,0.266165,1.717213,0.012009,0.001514,0.133124,0.991025,-0.179294,0.211187,0.109360,-0.112116,0.084096,0.023423,-0.003390,0.003035,0.006733,3,0.017091,-0.112079,9.781367,0.024254,0.090892,-0.004696,9.782093,0.094740,0.053724,0.032447
45.929904,-0.868726,0.273221,1.697242,-0.830486,0.273788,1.696370,-0.832779,0.280199,1.689274,-0.002699,-0.006948,0.005075,0.999959,-0.065834,0.244881,0.109360,-0.102184,0.084314,0.023544,-0.003485,0.003045,0.006784,1,0.026856,-0.042244,9.858455,0.028487,0.087993,-0.013349,9.858582,0.093447,0.038255,0.037475
46.013032,-0.888230,0.297276,1.703330,-0.938221,0.288464,1.669412,-0.855274,0.297275,1.669969,-0.007025,-0.000589,0.956340,0.292170,-0.790907,0.193906,0.108364,-0.102409,0.083182,0.023623,-0.003609,0.002917,0.006735,5,-0.116059,-0.140225,9.839466,0.107811,-0.131066,0.035620,9.841647,0.173767,0.061051,0.046895
46.100328,-0.908243,0.322696,1.710674,-0.891187,0.319244,1.738457,-0.853917,0.310345,1.699386,0.004336,-0.005263,-0.781264,0.624163,-0.327030,0.246184,0.149508,-0.101008,0.080873,0.023625,-0.003674,0.002945,0.006709,5,-0.260358,0.045416,9.971305,-0.014087,0.055300,-0.031431,9.975290,0.068831,0.032783,0.056844
46.179203,-0.926068,0.342839,1.716526,-0.914018,0.374782,1.674869,-0.908234,0.371816,1.689723,-0.002697,-0.006947,0.005074,0.999959,-0.289451,0.704122,0.149508,-0.099722,0.078604,0.023660,-0.003642,0.002915,0.006803,1,-0.045599,-0.240287,9.486898,0.066305,0.173184,0.060570,9.490051,0.195084,0.053859,0.043314
46.270494,-0.945656,0.362772,1.723309,-0.964043,0.365793,1.742528,-0.959219,0.377678,1.728809,0.001521,-0.012038,-0.160139,0.987020,-0.482287,0.154491,0.251710,-0.098736,0.078585,0.023693,-0.003642,0.002990,0.006685,14,-0.110568,0.075812,9.952407,0.040227,-0.028282,0.000595,9.964495,0.170829,0.026769,0.020890
46.349640,-0.960967,0.380785,1.730514,-1.028549,0.365131,1.699904,-0.984187,0.391550,1.711742,-0.007870,-0.003218,0.983612,-0.180097,-0.626443,0.017293,0.169670,-0.099469,0.076872,0.023741,-0.003629,0.002984,0.006704,6,-0.102700,-0.205962,10.189153,-0.048744,-0.129782,0.084662,10.192234,0.176568,0.075824,0.031740
46.445235,-0.979000,0.399175,1.738000,-1.051183,0.417177,1.691799,-1.046215,0.405449,1.716312,-0.005215,-0.012365,-0.335123,0.942079,-0.486246,0.162850,0.158550,-0.097800,0.074641,0.024052,-0.003728,0.002844,0.006649,25,0.138378,0.162775,9.708319,0.011437,-0.066923,-0.014930,9.711525,0.153693,0.087573,0.070906
46.521030,-0.992460,0.413460,1.742681,-1.045932,0.419406,1.780266,-1.056901,0.415684,1.759140,-0.000235,0.011174,0.892445,-0.451018,-0.379062,0.268135,0.302133,-0.105352,0.073537,0.023323,-0.003695,0.002887,0.006709,3,0.050015,-0.099190,9.697318,0.132877,-0.010480,0.020495,9.703484,0.139772,0.065629,0.066547
46.611538,-1.008883,0.428747,1.750339,-1.131022,0.425535,1.678072,-1.101456,0.427315,1.753881,0.005548,-0.006669,0.205218,0.978678,-0.473035,0.069228,0.193244,-0.111003,0.080379,0.023277,-0.003659,0.003047,0.006765,5,0.044509,-0.041345,9.937430,0.133618,-0.002303,0.002331,9.937784,0.135398,0.141954,0.092653
46.715748,-1.027612,0.443408,1.757204,-1.078697,0.419293,1.791450,-1.079155,0.423453,1.788791,-0.002698,-0.006947,0.005074,0.999959,0.502110,-0.059890,0.193244,-0.112176,0.079378,0.023727,-0.003560,0.003100,0.006779,0,0.000000,0.000000,0.000000,0.000000,0.000000,0.000000,0.000000,0.000000,0.066061,0.063661
46.788729,-1.040401,0.453245,1.761067,-1.129224,0.479338,1.858294,-1.102420,0.475720,1.817337,0.000523,-0.011816,-0.776477,0.630035,-0.312632,0.642017,0.380907,-0.111360,0.077496,0.023703,-0.003575,0.003221,0.006779,9,0.094819,-0.389162,9.878958,-0.089838,0.118970,-0.006381,9.887202,0.158714,0.134251,0.086705
46.882001,-1.056588,0.461638,1.768261,-1.070759,0.460973,1.727902,-1.086273,0.471612,1.782945,0.003454,-0.001130,-0.829122,0.559056,0.081453,0.207038,0.030604,-0.113844,0.077384,0.023751,-0.003601,0.003234,0.006811,11,-0.090237,0.215367,10.201266,-0.116059,0.038921,-0.019559,10.207367,0.150280,0.042780,0.034587
46.981822,-1.074503,0.468924,1.775270,-1.072881,0.494937,1.722118,-1.088974,0.479348,1.753231,0.000869,-0.000166,-0.418908,0.908028,0.204710,0.285584,-0.073345,-0.113013,0.080511,0.023724,-0.003704,0.003041,0.006823,5,-0.003080,-0.163936,9.819660,-0.108994,-0.022790,-0.005814,9.821156,0.111964,0.059199,0.028351
47.064501,-1.088470,0.474382,1.780382,-1.129654,0.491576,1.788502,-1.107525,0.487333,1.764992,0.006933,-0.006760,-0.656078,0.754631,-0.028719,0.216977,-0.035402,-0.115358,0.083519,0.023650,-0.003735,0.003047,0.006777,11,-0.134200,-0.123112,9.677684,0.000028,0.079941,-0.009380,9.681307,0.099619,0.045361,0.027707
47.141312,-1.099766,0.480766,1.785009,-1.135970,0.495070,1.792640,-1.117565,0.492698,1.776223,-0.008404,-0.012390,0.888091,-0.459423,-0.071244,0.149018,0.033416,-0.114370,0.080610,0.023477,-0.003776,0.003068,0.006736,5,-0.266518,-0.208700,10.105283,0.161087,-0.087079,0.006560,10.111036,0.188730,0.039668,0.023160
47.224487,-1.110740,0.486451,1.790257,-1.123666,0.496634,1.759104,-1.127172,0.489269,1.752357,-0.002699,-0.006948,0.005075,0.999959,0.147926,0.018812,0.033416,-0.109680,0.080626,0.023651,-0.003740,0.003058,0.006719,1,-0.074103,-0.133516,9.791907,-0.160482,-0.203176,-0.054374,9.793098,0.264560,0.035232,0.041405
47.297205,-1.120921,0.487421,1.795105,-1.122241,0.495052,1.767567,-1.123143,0.491400,1.764467,-0.000614,-0.005242,0.163140,0.986589,0.058907,0.001289,0.078232,-0.105774,0.083277,0.023792,-0.003736,0.003194,0.006705,4,-0.156195,0.312996,10.012489,0.227350,0.127672,-0.024627,10.018661,0.262751,0.028606,0.030975
47.374115,-1.130864,0.486804,1.799981,-1.131898,0.515740,1.868452,-1.132438,0.509103,1.821329,0.007384,-0.011209,-0.785525,0.618684,-0.108913,0.086702,0.372373,-0.103006,0.092201,0.026603,-0.003724,0.003267,0.006695,6,0.158080,0.271953,9.678556,-0.011060,0.107204,-0.028578,9.684280,0.119716,0.074341,0.030911
47.467620,-1.142462,0.485583,1.806085,-1.155196,0.526387,1.847366,-1.141917,0.521162,1.840479,-0.019922,-0.001189,0.968662,-0.247581,-0.122911,0.113267,0.371790,-0.106999,0.078898,0.024983,-0.003797,0.003283,0.006717,5,-0.136160,0.102306,9.852228,-0.061873,-0.154818,0.014224,9.853862,0.169096,0.059423,0.049488
47.546567,-1.151419,0.483387,1.810941,-1.182854,0.501277,1.713965,-1.190255,0.497123,1.708089,-0.002699,-0.006946,0.005074,0.999959,-0.350341,-0.318058,0.371790,-0.104025,0.074541,0.023577,-0.003827,0.003076,0.006778,0,0.000000,0.000000,0.000000,0.000000,0.000000,0.000000,0.000000,0.000000,0.103501,0.110794
47.635889,-1.162242,0.476172,1.815150,-1.160225,0.496649,1.875963,-1.160268,0.496409,1.877979,-0.002697,-0.006947,0.005074,0.999959,0.253342,-0.051817,0.371790,-0.109660,0.076176,0.023777,-0.003786,0.002943,0.006732,0,0.000000,0.000000,0.000000,0.000000,0.000000,0.000000,0.000000,0.000000,0.064200,0.066038
47.721111,-1.171917,0.468530,1.820235,-1.148119,0.457027,1.826618,-1.144190,0.457664,1.834048,-0.002697,-0.006947,0.005074,0.999959,0.142053,-0.464923,0.371790,-0.113244,0.079049,0.022910,-0.003688,0.002891,0.006741,0,0.000000,0.000000,0.000000,0.000000,0.000000,0.000000,0.000000,0.000000,0.027192,0.032828
47.800064,-1.180805,0.460496,1.824602,-1.201535,0.511191,1.726495,-1.185583,0.488808,1.757321,-0.005149,0.013100,0.877130,-0.480047,-0.528065,0.290902,0.131575,-0.113720,0.079819,0.023150,-0.003595,0.003004,0.006750,5,-0.171142,0.499391,9.821508,-0.038592,-0.118249,0.025190,9.836928,0.128678,0.112359,0.073151
47.893558,-1.190944,0.449622,1.828076,-1.181341,0.451503,1.786837,-1.192149,0.468943,1.770692,-0.013700,0.000281,0.991443,-0.129822,-0.221450,-0.073482,0.166874,-0.108997,0.080095,0.023708,-0.003556,0.003060,0.006798,11,0.079464,0.436618,9.618034,-0.299254,0.095332,-0.056919,9.628697,0.324118,0.042384,0.060562
47.972559,-1.200693,0.436581,1.830484,-1.240267,0.433960,1.748061,-1.212744,0.458095,1.760018,0.032848,-0.034634,-0.447744,0.892887,-0.384547,-0.267034,0.037873,-0.115392,0.080254,0.023417,-0.003629,0.003138,0.006822,4,-0.213843,0.053920,10.085753,0.134279,0.212005,0.012298,10.088222,0.251747,0.091468,0.074656
48.051478,-1.207643,0.426971,1.833386,-1.253098,0.424250,1.788473,-1.250525,0.443415,1.774960,-0.014090,-0.017927,0.404532,0.914239,-0.322580,-0.257650,0.115330,-0.116891,0.077165,0.023553,-0.003607,0.003120,0.006823,24,-0.084075,0.191416,10.063966,-0.138059,-0.017256,-0.039884,10.076516,0.164886,0.063959,0.074315
48.128521,-1.210870,0.421808,1.835322,-1.271689,0.408873,1.846738,-1.269862,0.424299,1.814364,-0.012213,-0.004641,0.991343,0.130646,-0.273630,-0.260977,0.224017,-0.115072,0.078266,0.023313,-0.003673,0.003071,0.006897,19,0.014243,0.294980,9.737564,0.051483,-0.032170,-0.044868,9.744834,0.105600,0.063219,0.062654
48.211487,-1.219592,0.402286,1.839163,-1.275867,0.393489,1.784412,-1.282148,0.410477,1.808311,0.003372,0.002290,-0.726345,0.687318,-0.120086,-0.162518,0.149575,-0.110385,0.081168,0.023425,-0.003760,0.002805,0.006768,2,-0.218823,0.140003,9.644836,-0.057910,-0.213988,-0.026129,9.648379,0.223725,0.079006,0.070230
48.288347,-1.227543,0.384516,1.842399,-1.258343,0.406969,1.793116,-1.279468,0.407229,1.810430,0.000299,-0.000115,0.370668,0.928765,-0.100794,0.046934,0.138134,-0.122283,0.078415,0.024678,-0.003814,0.002944,0.006760,10,-0.265690,0.107178,10.047211,0.180261,0.012026,0.040074,10.051778,0.186068,0.062302,0.065070
48.377774,-1.234237,0.367445,1.846081,-1.263932,0.405764,1.757619,-1.279580,0.401802,1.792693,0.006683,0.010897,0.927340,0.374002,-0.088433,0.048430,0.051687,-0.133396,0.079124,0.031386,-0.003828,0.002962,0.006828,11,0.025206,0.007354,9.695083,0.226272,0.040345,-0.019415,9.695377,0.233495,0.100874,0.078017
48.456670,-1.240143,0.352384,1.849329,-1.229858,0.365838,1.939603,-1.263038,0.379456,1.839923,0.004839,-0.010151,0.999701,-0.021719,-0.005831,-0.016145,0.164996,-0.099084,0.091610,0.026286,-0.003809,0.002803,0.006545,4,-0.202475,-0.379694,9.636401,0.062067,0.023723,-0.019790,9.646588,0.071189,0.091849,0.036681
48.533607,-1.246397,0.336411,1.853159,-1.245765,0.320808,1.826082,-1.240465,0.338878,1.833170,0.000056,0.072475,-0.644756,0.760945,-0.018848,-0.295124,0.125717,-0.104175,0.090542,0.023262,-0.003620,0.002999,0.006762,18,-0.289004,-0.034875,9.728762,0.007879,-0.023196,-0.006840,9.734671,0.060677,0.031257,0.020996
48.616694,-1.252383,0.312815,1.855519,-1.258776,0.329054,1.803429,-1.254833,0.334132,1.825632,0.022724,0.023226,0.369156,0.928799,-0.124934,-0.240458,0.084005,-0.126305,0.079643,0.025029,-0.003662,0.003241,0.006745,7,-0.359458,-0.158753,9.661275,-0.007638,0.030147,-0.011390,9.669624,0.070121,0.054936,0.036791
48.693530,-1.259248,0.286513,1.858149,-1.282388,0.293973,1.836822,-1.276081,0.313202,1.832898,0.001497,0.000067,0.701648,0.712522,-0.142748,-0.316597,0.081235,-0.113988,0.092001,0.024624,-0.003492,0.003225,0.006701,10,-0.219010,0.516711,9.813331,-0.216356,0.105696,-0.017837,9.829863,0.242457,0.032342,0.040413
48.774595,-1.264265,0.258000,1.861000,-1.248070,0.292380,1.787581,-1.265871,0.293057,1.824006,0.003896,0.008385,0.414713,0.909905,-0.008747,-0.270883,0.068369,-0.112141,0.094084,0.025669,-0.003444,0.003079,0.006691,5,0.079900,0.702874,10.097635,0.075383,0.061092,0.004208,10.122424,0.099467,0.082672,0.050991
48.847366,-1.267591,0.233349,1.862796,-1.345796,0.250484,1.780801,-1.302814,0.270110,1.814005,0.002517,-0.001025,0.172096,0.985076,-0.176941,-0.311092,0.031080,-0.106388,0.087190,0.026850,-0.003290,0.003607,0.006666,4,-0.241563,-0.186407,9.653009,-0.112640,-0.086516,-0.004905,9.658118,0.145636,0.114598,0.070516
48.922176,-1.270726,0.205917,1.864863,-1.330133,0.234135,1.812470,-1.310680,0.249937,1.813823,-0.001598,0.003862,-0.022412,0.999740,-0.139810,-0.273015,-0.004054,-0.111646,0.088801,0.026851,-0.003427,0.003529,0.006704,4,-0.166131,0.661465,9.213696,-0.170593,0.027266,-0.003324,9.239794,0.173523,0.084086,0.078353
49.013515,-1.273680,0.172641,1.867000,-1.302169,0.198986,1.884500,-1.307422,0.226021,1.827523,-0.012257,0.010776,-0.218062,0.975798,-0.056297,-0.308831,0.024216,-0.118625,0.087044,0.025346,-0.003717,0.003340,0.006679,4,-0.048852,0.113568,9.928488,-0.431822,-0.043468,-0.020856,9.929630,0.434937,0.042567,0.074474
49.100791,-1.274000,0.145301,1.868571,-1.322118,0.131818,1.868110,-1.314608,0.181496,1.841628,-0.005959,0.012202,-0.255878,0.966614,-0.074116,-0.421960,0.042272,-0.122324,0.089640,0.024130,-0.004194,0.003414,0.006662,3,-0.120729,-0.141521,9.787953,0.057972,0.046356,-0.024179,9.789917,0.079548,0.049973,0.060704
49.186037,-1.274035,0.119196,1.870035,-1.281612,0.140301,1.947355,-1.301596,0.157115,1.871604,-0.008330,0.007181,-0.103301,0.994589,0.013144,-0.379476,0.087185,-0.123706,0.088385,0.020774,-0.003827,0.003263,0.006699,5,0.106500,0.019546,9.792650,0.035473,-0.111854,-0.007565,9.793346,0.124199,0.080506,0.046904
49.269170,-1.275000,0.092415,1.871079,-1.281673,0.091505,1.871140,-1.296040,0.116285,1.875863,-0.003131,0.008465,-0.119821,0.992755,0.046994,-0.421080,0.074080,-0.126500,0.089624,0.021132,-0.004050,0.003311,0.006743,5,0.097336,0.296052,9.755945,0.059748,0.049456,-0.032338,9.761050,0.086414,0.006735,0.032177
49.350259,-1.276000,0.065907,1.872221,-1.265692,0.076144,1.913940,-1.287542,0.081463,1.889713,-0.003320,0.012411,-0.451362,0.892248,0.099299,-0.426327,0.079637,-0.133022,0.087602,0.020125,-0.003765,0.003548,0.006725,14,-0.234037,0.105217,9.893365,0.064931,-0.016667,0.012517,9.897312,0.087297,0.044175,0.026099
49.431299,-1.276000,0.040851,1.874000,-1.272782,0.054352,1.828675,-1.278332,0.058950,1.879021,0.001889,0.010738,-0.389226,0.921078,0.098525,-0.412625,0.051588,-0.135539,0.085429,0.022793,-0.003805,0.003825,0.006707,3,-0.224590,0.094225,9.821398,0.117510,0.074028,-0.011335,9.824713,0.139405,0.047402,0.018926
49.508080,-1.276000,0.016732,1.874000,-1.271562,0.021248,1.941029,-1.272637,0.031707,1.892447,0.001526,0.011886,-0.358450,0.933472,0.078888,-0.423021,0.054292,-0.136760,0.089731,0.020742,-0.003832,0.003997,0.006712,8,-0.177675,-0.258071,9.503562,-0.136789,0.057633,0.042607,9.509640,0.163246,0.067327,0.023997
49.587099,-1.276216,-0.009319,1.874000,-1.260865,-0.023807,2.018980,-1.265090,-0.006126,1.919541,0.000945,0.013774,-0.358380,0.933474,0.081753,-0.463763,0.087955,-0.138349,0.086817,0.016355,-0.003866,0.004074,0.006767,15,-0.252847,-0.063188,9.725642,-0.020019,0.053129,-0.008463,9.731016,0.075552,0.146509,0.046989
49.661853,-1.276688,-0.033864,1.873688,-1.308280,-0.003282,1.905499,-1.283955,-0.014884,1.920199,-0.002348,0.010227,-0.387729,0.921714,-0.008041,-0.373734,0.077487,-0.127461,0.087134,0.018119,-0.003841,0.005347,0.006837,3,-0.024656,-0.170131,9.810031,-0.072227,0.054974,0.073194,9.811722,0.117536,0.054270,0.050758
49.738851,-1.275943,-0.059433,1.872828,-1.274654,-0.034128,1.944653,-1.274779,-0.031803,1.942866,-0.002697,-0.006948,0.005075,0.999959,0.436709,-0.400610,0.077487,-0.127465,0.088005,0.018093,-0.003797,0.005347,0.006813,1,-0.066415,0.601363,9.664740,0.046272,0.004723,0.008400,9.683658,0.047264,0.076163,0.075299
49.821941,-1.275460,-0.088371,1.871381,-1.297723,-0.040952,1.796552,-1.288013,-0.044130,1.852366,-0.007041,-0.009258,0.030238,0.999475,-0.049299,-0.203010,-0.452395,-0.126035,0.087497,0.018079,-0.003738,0.005443,0.006776,6,-0.309579,0.119058,9.898844,-0.087169,0.190437,-0.033393,9.904743,0.215297,0.091343,0.049764
49.907108,-1.274973,-0.118288,1.870000,-1.263540,-0.134150,1.933393,-1.264878,-0.116759,1.882609,0.008954,-0.003632,-0.352769,0.935660,0.291606,-0.631206,-0.088002,-0.128657,0.088060,0.018078,-0.003770,0.005252,0.006736,8,-0.295826,0.497707,10.226032,0.027725,-0.044675,0.007645,10.243183,0.060016,0.066341,0.016224
49.994503,-1.271993,-0.150068,1.870000,-1.273876,-0.121012,1.895382,-1.278556,-0.122850,1.894891,-0.002698,-0.006947,0.005074,0.999959,-0.118269,0.150339,-0.088002,-0.127919,0.087324,0.018058,-0.003760,0.005208,0.006765,0,0.000000,0.000000,0.000000,0.000000,0.000000,0.000000,0.000000,0.000000,0.038627,0.037462
50.075428,-1.268961,-0.179236,1.869992,-1.280152,-0.174473,1.871961,-1.278848,-0.169330,1.867582,-0.002697,-0.006947,0.005074,0.999959,-0.077551,-0.660639,-0.088002,-0.127431,0.087647,0.018069,-0.003764,0.005188,0.006792,0,0.000000,0.000000,0.000000,0.000000,0.000000,0.000000,0.000000,0.000000,0.012321,0.014202
50.156650,-1.264000,-0.209830,1.869000,-1.307483,-0.193538,1.820130,-1.306595,-0.192595,1.836496,-0.006463,-0.010003,-0.156914,0.987540,-0.250231,-0.319628,-0.182640,-0.127391,0.086389,0.018056,-0.003821,0.005215,0.006762,6,0.119903,-0.056079,9.771186,-0.134508,-0.003360,0.011486,9.773133,0.136395,0.067413,0.056284
50.230754,-1.259140,-0.238218,1.868028,-1.303293,-0.211740,1.868343,-1.295375,-0.211504,1.870977,-0.002697,-0.006946,0.005074,0.999959,0.056544,-0.245625,-0.182640,-0.127963,0.085357,0.018063,-0.003781,0.005203,0.006825,1,0.084392,-0.238585,9.773364,-0.164404,0.009358,0.005130,9.776640,0.164750,0.051485,0.045114
50.339327,-1.250960,-0.275953,1.866584,-1.281570,-0.297603,1.774452,-1.277702,-0.283402,1.821217,0.007171,-0.009675,0.037334,0.999230,0.150696,-0.619973,-0.413204,-0.128178,0.085133,0.018075,-0.003841,0.005311,0.006810,14,-0.311636,0.236800,9.913957,0.078407,-0.072828,0.007886,9.923435,0.125781,0.099468,0.053186
50.434398,-1.242764,-0.307340,1.864395,-1.241403,-0.294254,1.803726,-1.245108,-0.301280,1.800469,-0.008375,-0.003937,0.485697,0.874078,0.253741,-0.337404,-0.368661,-0.129270,0.084212,0.018026,-0.003874,0.005382,0.006714,7,-0.142155,0.328317,9.917334,-0.262236,-0.105726,-0.017748,9.924924,0.284538,0.062080,0.064255
50.541744,-1.235257,-0.337970,1.862419,-1.223186,-0.401245,2.011151,-1.215192,-0.378222,1.877617,0.007541,-0.002897,-0.505067,0.863042,0.237457,-0.593062,0.098504,-0.128178,0.085674,0.017925,-0.003922,0.005340,0.006985,11,-0.131871,-0.074621,9.696158,0.154568,0.094818,0.031835,9.699669,0.209366,0.162082,0.047474
50.653057,-1.226115,-0.377770,1.860000,-1.316262,-0.380129,1.891865,-1.253463,-0.396748,1.909704,-0.004227,-0.022243,-0.267394,0.963321,-0.030138,-0.262816,0.134770,-0.118610,0.084149,0.017393,-0.003919,0.005304,0.006730,5,0.298474,0.033661,9.684265,0.004868,0.007311,0.006688,9.693819,0.038589,0.095642,0.059821
50.727965,-1.220496,-0.400516,1.856998,-1.279072,-0.442813,1.974622,-1.240175,-0.448401,1.968669,-0.010324,0.001739,0.716876,0.697122,0.044520,-0.429979,0.308648,-0.127747,0.085156,0.017318,-0.003858,0.005523,0.006912,9,0.064866,0.247721,9.866881,0.002407,0.161184,-0.036141,9.872568,0.176813,0.138042,0.123088
50.827632,-1.212881,-0.430872,1.853092,-1.251793,-0.444903,1.855777,-1.223684,-0.469934,1.945694,-0.006151,0.018475,0.896365,0.442889,0.076913,-0.341763,0.195160,-0.131083,0.088785,0.016578,-0.003896,0.005712,0.006911,10,-0.125804,0.131360,9.995718,0.122510,0.022798,0.018745,9.998094,0.127575,0.041451,0.101083
50.908646,-1.205132,-0.455837,1.850766,-1.238846,-0.499007,1.930283,-1.234575,-0.508968,1.953924,-0.000839,-0.001925,0.850574,0.525850,0.050444,-0.465981,0.193307,-0.128868,0.090485,0.017683,-0.003888,0.005755,0.006923,9,-0.063464,0.154837,9.946757,0.059537,0.027935,-0.020131,9.948295,0.083330,0.096557,0.119714
51.000088,-1.195856,-0.483574,1.849857,-1.257695,-0.469419,1.768789,-1.235063,-0.507319,1.903082,-0.018890,-0.002788,0.664654,0.746908,0.024531,-0.273159,0.042031,-0.132868,0.087319,0.019077,-0.003983,0.005452,0.006883,4,-0.366074,0.439477,9.762489,-0.176340,-0.025821,0.055829,9.779398,0.187910,0.102939,0.070242
51.083069,-1.186404,-0.510148,1.847681,-1.228710,-0.538505,1.892710,-1.217111,-0.535680,1.915852,-0.003985,0.001987,0.871367,0.490611,-0.064524,-0.413015,0.055981,-0.131910,0.088334,0.018855,-0.004077,0.005525,0.006876,23,-0.134344,0.613661,9.776495,-0.047594,-0.104490,0.016000,9.800759,0.126039,0.067981,0.079007
51.182925,-1.174762,-0.541094,1.844536,-1.189387,-0.573034,1.849125,-1.197042,-0.568807,1.894676,0.005798,0.007599,0.919892,-0.392055,0.191910,-0.333519,0.009875,-0.122202,0.081706,0.020151,-0.003721,0.005577,0.006869,72,-0.151643,0.197289,9.778955,-0.187804,-0.017474,-0.004618,9.794772,0.214891,0.035427,0.061469
51.259841,-1.165645,-0.562725,1.841661,-1.174869,-0.590090,1.821927,-1.179232,-0.594340,1.873969,-0.004729,-0.002042,-0.865391,0.501070,0.158333,-0.362830,-0.034209,-0.119821,0.081683,0.021143,-0.003816,0.005596,0.006877,19,-0.004286,-0.167970,9.728231,-0.046557,0.057253,0.009241,9.730161,0.087772,0.034976,0.047201
51.338767,-1.156281,-0.583711,1.838366,-1.168483,-0.590016,1.831499,-1.170527,-0.603387,1.863169,-0.010222,-0.002529,-0.751057,0.660153,0.192439,-0.281040,-0.030348,-0.121106,0.081892,0.021679,-0.004025,0.005709,0.006878,5,-0.224012,0.653366,10.184055,-0.043059,0.051970,-0.015691,10.207647,0.088369,0.015356,0.034717
51.423939,-1.145817,-0.605136,1.835376,-1.208566,-0.606297,1.881469,-1.184380,-0.620406,1.868213,-0.006244,-0.010451,-0.480582,0.876866,0.082787,-0.224890,-0.027615,-0.121940,0.086439,0.020442,-0.004371,0.005613,0.006896,4,-0.235565,0.650321,9.658479,0.139753,-0.053389,0.026191,9.683358,0.152356,0.077867,0.052901
51.496731,-1.137689,-0.622675,1.831844,-1.135869,-0.634582,1.805094,-1.146024,-0.644503,1.856024,-0.007128,-0.005364,-0.775068,0.631814,0.272610,-0.276583,-0.017731,-0.123302,0.079595,0.021570,-0.003919,0.005672,0.006952,4,-0.189682,0.170085,10.213868,0.028885,0.037742,-0.020034,10.217195,0.054212,0.029338,0.033625
51.567394,-1.129618,-0.639169,1.828404,-1.103013,-0.618344,1.855249,-1.136226,-0.630500,1.859796,-0.010471,-0.005245,-0.530504,0.847601,0.269112,-0.154182,-0.016731,-0.125235,0.074093,0.021984,-0.003884,0.005612,0.006832,6,-0.207114,0.324173,10.088452,0.092110,-0.020294,-0.001384,10.095820,0.096680,0.043152,0.033230
51.644231,-1.119462,-0.656192,1.826115,-1.136713,-0.680429,1.859657,-1.142861,-0.648562,1.863355,-0.004708,-0.006122,-0.544452,0.838756,0.204353,-0.238562,-0.009698,-0.127398,0.080418,0.021967,-0.004301,0.005522,0.006804,5,0.016613,0.123914,9.817962,0.130911,0.166649,0.052454,9.819104,0.219208,0.044834,0.044638
51.719148,-1.110454,-0.672192,1.823151,-1.117092,-0.658376,1.931460,-1.135794,-0.646367,1.873199,-0.007092,-0.007701,-0.525402,0.850789,0.214465,-0.192708,0.003183,-0.125299,0.078697,0.021471,-0.004246,0.005702,0.006817,4,0.164229,0.041829,9.906387,0.004788,-0.126112,-0.014215,9.907898,0.129934,0.109388,0.061756
51.798124,-1.099072,-0.690177,1.818429,-1.115932,-0.684528,1.747617,-1.126317,-0.660163,1.854734,-0.009521,-0.006140,-0.507850,0.861371,0.200489,-0.212504,-0.034246,-0.127054,0.079703,0.023800,-0.004349,0.005384,0.006796,20,-0.078592,0.043564,9.753387,-0.205162,-0.008891,0.009713,9.755612,0.207343,0.073011,0.054416
51.881233,-1.089269,-0.706901,1.812830,-1.082397,-0.730934,1.848576,-1.109625,-0.682486,1.850673,-0.010163,0.000181,-0.424920,0.905174,0.235818,-0.257292,-0.039968,-0.131564,0.079982,0.024627,-0.004427,0.005105,0.006841,5,-0.022387,0.205207,9.880628,-0.145528,0.095732,0.004681,9.883429,0.175527,0.043619,0.049422
51.964236,-1.083609,-0.714391,1.810304,-1.062162,-0.750937,1.823027,-1.098160,-0.708429,1.843516,-0.003179,0.000514,-0.680581,0.732666,0.247589,-0.293185,-0.051302,-0.129331,0.079797,0.026039,-0.004409,0.005412,0.006842,4,-0.315385,-0.246097,9.833599,0.195439,0.208132,0.000394,9.842666,0.286467,0.044243,0.036746
52.034901,-1.067093,-0.734535,1.802860,-1.118067,-0.737463,1.789651,-1.103043,-0.720711,1.825416,0.000745,-0.007244,-0.780534,0.625071,0.149129,-0.239947,-0.093655,-0.124131,0.084600,0.028929,-0.004869,0.005759,0.006912,13,-0.240642,0.235878,9.624287,0.077523,-0.017412,0.006447,9.632345,0.084477,0.052740,0.044635
52.132556,-1.052072,-0.751489,1.797097,-1.043855,-0.746760,1.827970,-1.077439,-0.736770,1.820055,-0.002129,-0.001623,-0.706934,0.707274,0.256852,-0.253899,-0.093910,-0.122080,0.078228,0.029045,-0.004573,0.005721,0.006972,5,0.057920,0.830668,9.799034,-0.034778,0.018590,-0.024584,9.834591,0.070114,0.032295,0.037245
52.219838,-1.037331,-0.764597,1.793237,-1.081581,-0.777317,1.858393,-1.080808,-0.755410,1.824043,-0.000057,-0.000399,-0.683749,0.729717,0.166759,-0.278975,-0.083462,-0.123852,0.082555,0.028434,-0.005160,0.005424,0.006910,7,0.072318,0.239290,9.902399,-0.104481,0.003614,0.032969,9.906559,0.119542,0.079782,0.054070
52.301072,-1.021490,-0.777315,1.789074,-1.038061,-0.751647,1.781928,-1.059586,-0.758667,1.811101,-0.006811,-0.004285,-0.698402,0.715660,0.223296,-0.196736,-0.117728,-0.120013,0.080488,0.029870,-0.004812,0.006201,0.006952,19,-0.212715,-0.094349,9.363413,-0.045454,-0.138815,0.042420,9.368431,0.162688,0.031377,0.047795
52.388199,-1.004995,-0.788504,1.783831,-1.073253,-0.828028,1.853320,-1.061921,-0.789652,1.809767,-0.006528,-0.006571,-0.684840,0.728634,0.144328,-0.297457,-0.133580,-0.126153,0.087567,0.029490,-0.005521,0.005616,0.007026,11,-0.256466,0.216177,9.418447,-0.123682,-0.122187,0.003833,9.429450,0.178491,0.105119,0.062567
52.499909,-0.985000,-0.800000,1.777000,-1.074352,-0.813289,1.695516,-1.053428,-0.815765,1.781807,-0.004093,-0.004570,-0.716707,0.697348,0.114108,-0.237677,-0.139731,-0.122399,0.086346,0.032656,-0.005663,0.006017,0.007028,75,-0.195298,0.032273,10.052671,0.068935,0.089139,-0.002993,10.058101,0.157587,0.121655,0.070385
52.599726,-0.967779,-0.806532,1.771062,-1.004710,-0.745378,1.669980,-1.033035,-0.795612,1.760580,-0.008597,-0.005424,-0.609474,0.792741,0.164816,-0.120018,-0.173992,-0.116330,0.079181,0.035918,-0.005306,0.006654,0.007052,20,-0.043815,0.092714,9.838305,-0.061133,0.009353,-0.039603,9.843864,0.105200,0.123779,0.066989
52.699874,-0.950567,-0.811442,1.765115,-1.092991,-0.801254,1.512684,-1.046367,-0.807398,1.706717,-0.008094,-0.002254,-0.506442,0.862233,0.048549,-0.112414,-0.238009,-0.116033,0.085763,0.042729,-0.006034,0.007180,0.007017,12,0.050652,-0.162926,9.628374,-0.302133,-0.033138,-0.025660,9.633404,0.360394,0.290017,0.112269
52.773082,-0.937819,-0.811773,1.759864,-0.998069,-0.802437,1.761944,-1.019285,-0.809761,1.719119,-0.008451,0.000425,-0.549582,0.835397,0.152124,-0.130511,-0.212141,-0.120195,0.079847,0.039914,-0.005367,0.006512,0.006836,2,-0.464291,-0.257029,9.866167,-0.006432,0.184752,-0.005685,9.880495,0.185166,0.061004,0.091109
52.882364,-0.918396,-0.808465,1.752705,-1.025796,-0.799180,1.658130,-1.016549,-0.812923,1.690281,-0.003720,0.000717,-0.533723,0.845651,0.108473,-0.102551,-0.242156,-0.118596,0.081945,0.041572,-0.005674,0.007067,0.007115,9,0.101848,-0.118501,9.777354,0.001386,0.052777,-0.005522,9.780140,0.067922,0.143407,0.116407
52.982458,-0.900852,-0.802617,1.745102,-0.962168,-0.774311,1.576605,-0.990694,-0.803371,1.655498,-0.002757,-0.003111,-0.633356,0.773850,0.171919,-0.032338,-0.274515,-0.116485,0.076160,0.044216,-0.005114,0.007414,0.006803,6,-0.249877,-0.090706,9.698216,0.037306,-0.043894,0.019966,9.702027,0.079364,0.181528,0.126890
53.061423,-0.886500,-0.796567,1.739200,-0.924791,-0.767576,1.738113,-0.965011,-0.792133,1.659410,-0.001369,-0.003098,-0.626285,0.779587,0.187857,0.006424,-0.247138,-0.112052,0.070000,0.039932,-0.004780,0.007626,0.006907,5,-0.115254,-0.336178,9.741610,-0.013536,0.052926,0.056758,9.748984,0.095558,0.048040,0.112027
53.152909,-0.868665,-0.786443,1.732222,-0.852152,-0.778900,1.744599,-0.912905,-0.793223,1.666964,0.001946,-0.002757,-0.677957,0.735093,0.279772,0.032373,-0.204702,-0.114077,0.063855,0.035610,-0.003749,0.007667,0.006950,6,-0.469568,-0.457986,9.904685,0.203524,0.120078,-0.003157,9.927194,0.237176,0.021973,0.079130
53.235997,-0.851151,-0.774229,1.726538,-0.910814,-0.746515,1.684168,-0.920472,-0.773478,1.660345,0.002325,-0.004038,-0.617434,0.786609,0.149265,0.074897,-0.190796,-0.111783,0.070004,0.034943,-0.004818,0.008207,0.006968,3,-0.070012,0.000047,9.912684,-0.008015,0.010287,-0.011084,9.913141,0.030644,0.078249,0.095851
53.310791,-0.835086,-0.762493,1.721716,-0.894973,-0.720002,1.639607,-0.898346,-0.745327,1.647716,0.008115,-0.015358,-0.818481,0.574271,0.122070,0.201765,-0.184125,-0.099704,0.069925,0.034016,-0.005180,0.009051,0.007074,7,-0.043395,-0.203591,9.845495,0.053146,0.028125,-0.003874,9.848342,0.094355,0.110154,0.098856
53.393924,-0.816555,-0.748693,1.715346,-0.781493,-0.722072,1.734154,-0.854463,-0.725998,1.658536,-0.005342,0.012429,0.871273,-0.490611,0.239142,0.223591,-0.141205,-0.091514,0.065446,0.029680,-0.004000,0.009248,0.007156,9,-0.072825,-0.004046,9.694268,-0.003536,-0.039218,-0.023911,9.695972,0.069447,0.047871,0.071969
53.485309,-0.795390,-0.730816,1.708146,-0.825927,-0.714263,1.796180,-0.850953,-0.707023,1.679091,0.007253,-0.015854,-0.849177,0.527821,0.135276,0.226100,-0.091699,-0.095687,0.069137,0.023297,-0.004742,0.008433,0.007089,7,-0.261308,0.077045,9.789063,0.000466,-0.008978,0.002100,9.792898,0.042837,0.094639,0.067064
53.622520,-0.762401,-0.703721,1.697520,-0.795764,-0.720366,1.717277,-0.820005,-0.704006,1.688216,0.005957,-0.015845,-0.788193,0.615195,0.131012,0.160472,-0.076253,-0.100612,0.064668,0.020357,-0.003795,0.007996,0.006967,18,-0.084307,-0.182251,9.881192,0.074951,-0.007215,0.009303,9.884727,0.079135,0.042195,0.058351
53.709754,-0.742033,-0.687033,1.691033,-0.752541,-0.669936,1.662724,-0.754506,-0.679182,1.672266,-0.002697,-0.006946,0.005074,0.999959,0.495474,0.578093,-0.076253,-0.101785,0.064762,0.020343,-0.003761,0.007951,0.007011,0,0.000000,0.000000,0.000000,0.000000,0.000000,0.000000,0.000000,0.000000,0.034700,0.023862
53.794949,-0.720496,-0.668496,1.682000,-0.692683,-0.677045,1.799410,-0.727259,-0.671812,1.743489,0.003032,-0.007330,-0.573687,0.819036,0.626444,0.159832,-0.001475,-0.102030,0.064561,0.020318,-0.003719,0.007994,0.007067,16,-0.190880,0.102853,9.569753,0.108362,-0.015712,0.015930,9.574728,0.128192,0.120962,0.061949
53.888480,-0.696794,-0.646794,1.672924,-0.689139,-0.627489,1.674663,-0.679924,-0.629811,1.713672,-0.011220,-0.003637,0.989656,-0.142973,0.346790,0.422807,-0.154972,-0.100519,0.064498,0.020279,-0.003709,0.007965,0.007013,11,-0.096159,-0.171388,9.959887,-0.193075,-0.029745,-0.008289,9.963547,0.214665,0.020839,0.047259
53.984049,-0.672425,-0.621217,1.663336,-0.721412,-0.651955,1.683264,-0.689839,-0.648149,1.714555,-0.007126,-0.018253,0.433821,0.900786,-0.000180,0.279933,-0.080863,-0.097848,0.060563,0.020283,-0.003623,0.007925,0.007024,12,0.037150,-0.123724,9.770381,0.050532,0.021580,-0.030908,9.774343,0.153695,0.061169,0.060432
54.063058,-0.651848,-0.599358,1.655809,-0.669373,-0.635039,1.630255,-0.668383,-0.637497,1.634841,-0.002697,-0.006945,0.005073,0.999959,0.658642,0.214092,-0.080863,-0.103609,0.059094,0.020203,-0.003632,0.007955,0.006987,0,0.000000,0.000000,0.000000,0.000000,0.000000,0.000000,0.000000,0.000000,0.047258,0.046558
54.148228,-0.629885,-0.573979,1.647512,-0.630268,-0.529193,1.621363,-0.629987,-0.554253,1.624760,-0.016428,0.008046,0.896070,0.443536,0.497832,0.835371,-0.049944,-0.106635,0.064005,0.020489,-0.003615,0.008014,0.006927,16,-0.062235,0.066133,9.784752,0.036358,-0.013682,0.005139,9.790034,0.115734,0.051863,0.030113
54.239592,-0.605948,-0.545939,1.637983,-0.650397,-0.547955,1.592916,-0.629952,-0.536793,1.610637,-0.016641,-0.015213,0.822530,0.568275,0.188434,0.403274,-0.075422,-0.103024,0.063643,0.019682,-0.003614,0.008082,0.007036,14,-0.185514,0.001867,9.950208,-0.213261,0.080716,0.001009,9.954731,0.239625,0.063331,0.037518
54.322705,-0.584665,-0.522244,1.631543,-0.636043,-0.501260,1.546759,-0.621023,-0.501254,1.573889,-0.006705,-0.009856,-0.109179,0.993951,0.168500,0.451856,-0.222897,-0.109004,0.063484,0.018567,-0.003726,0.008312,0.007050,5,-0.025533,-0.160886,9.631190,-0.031333,-0.000008,0.017912,9.633037,0.052436,0.101333,0.071320
54.418342,-0.558583,-0.487926,1.622621,-0.525321,-0.452326,1.557890,-0.520702,-0.444143,1.544374,-0.002697,-0.006946,0.005074,0.999959,1.097586,0.485083,-0.222897,-0.097699,0.068230,0.020209,-0.003759,0.008219,0.007045,1,-0.010031,0.189594,9.878103,0.052720,-0.036635,0.030272,9.879927,0.070978,0.081017,0.097337
54.506721,-0.534537,-0.454233,1.614757,-0.557602,-0.423024,1.610845,-0.541283,-0.426442,1.583704,-0.022180,-0.012609,0.827579,0.560769,0.105586,0.385496,-0.013305,-0.103202,0.059097,0.020639,-0.003788,0.008244,0.006989,17,-0.191135,0.264083,9.875831,0.027111,-0.003275,-0.028632,9.883155,0.068536,0.039004,0.042216
54.581204,-0.513982,-0.424932,1.607760,-0.474456,-0.418484,1.674877,-0.485073,-0.420544,1.627193,-0.008069,-0.008009,0.455716,0.890053,0.620943,0.241679,0.082474,-0.097516,0.059218,0.020624,-0.003783,0.008258,0.006989,7,-0.200487,-0.347905,9.716726,-0.000735,-0.136410,-0.010801,9.725455,0.149762,0.078157,0.035109
54.665599,-0.489675,-0.389306,1.599696,-0.438264,-0.371512,1.557881,-0.432693,-0.369358,1.550892,-0.002697,-0.006946,0.005074,0.999959,0.428843,0.556575,0.082474,-0.094857,0.060276,0.020235,-0.003789,0.008207,0.007051,0,0.000000,0.000000,0.000000,0.000000,0.000000,0.000000,0.000000,0.000000,0.068617,0.077632
54.771596,-0.460473,-0.345094,1.589081,-0.432798,-0.326150,1.554932,-0.425304,-0.330540,1.559971,-0.010110,0.003924,0.996867,-0.078351,0.145337,0.497512,0.147587,-0.094050,0.063840,0.020255,-0.003793,0.008224,0.006990,5,-0.178054,-0.227182,9.903355,0.013274,0.095804,0.030319,9.908058,0.115894,0.047863,0.047917
54.861334,-0.435442,-0.307663,1.581481,-0.426542,-0.310517,1.599633,-0.426990,-0.317011,1.576287,0.003695,-0.006521,0.204979,0.978738,0.142281,0.308762,0.182440,-0.096338,0.066952,0.020240,-0.003759,0.008216,0.007059,4,-0.291804,-0.270449,9.974305,0.190784,0.006098,-0.006447,9.982719,0.191251,0.020417,0.013631
54.934302,-0.415452,-0.278426,1.575484,-0.406818,-0.289574,1.680016,-0.408664,-0.294593,1.636948,0.000531,-0.010289,0.060993,0.998085,0.162244,0.292598,0.477029,-0.097566,0.067103,0.020211,-0.003753,0.008235,0.007096,6,-0.129718,-0.248440,9.824211,-0.063496,-0.115567,0.003533,9.828927,0.133957,0.105479,0.063917
55.043790,-0.385835,-0.230650,1.565021,-0.415476,-0.260786,1.509189,-0.418233,-0.264274,1.515125,-0.002698,-0.006946,0.005074,0.999959,-0.079083,0.262929,0.477029,-0.100217,0.067173,0.020238,-0.003743,0.008224,0.007046,0,0.000000,0.000000,0.000000,0.000000,0.000000,0.000000,0.000000,0.000000,0.070028,0.068336
55.124682,-0.365254,-0.196806,1.556489,-0.338731,-0.206510,1.653594,-0.339180,-0.208572,1.650817,-0.002697,-0.006947,0.005074,0.999959,0.948730,0.670967,0.477029,-0.101569,0.066103,0.020243,-0.003772,0.008225,0.007069,1,-0.465018,-0.146363,10.220563,0.154356,0.045385,-0.072067,10.232183,0.176293,0.101129,0.098570
55.224548,-0.337771,-0.153542,1.547000,-0.321377,-0.158204,1.563496,-0.319617,-0.169836,1.612541,0.008171,-0.006809,-0.859547,0.510946,0.409403,0.598166,0.185391,-0.101714,0.065214,0.020231,-0.003725,0.007912,0.007064,6,0.039078,-0.273382,9.725820,-0.084046,-0.205488,0.047005,9.729989,0.230856,0.023720,0.069933
55.307697,-0.316658,-0.117658,1.539000,-0.322265,-0.127489,1.645342,-0.313290,-0.139032,1.630001,0.000539,-0.012904,-0.122873,0.992338,0.234933,0.620358,0.226268,-0.099125,0.063896,0.020265,-0.003780,0.007928,0.007055,17,-0.389917,-0.271124,9.477886,-0.030705,0.081902,0.039378,9.491483,0.117328,0.106943,0.093538
55.397062,-0.294243,-0.079486,1.530000,-0.305011,-0.048998,1.610156,-0.292341,-0.084391,1.621874,-0.010223,0.003092,0.880747,-0.473467,0.145727,0.741645,0.109808,-0.098707,0.064397,0.020226,-0.003809,0.007969,0.007009,16,-0.167224,0.040593,9.887335,-0.218185,0.133367,0.001577,9.890246,0.258620,0.086432,0.092025
55.480165,-0.272341,-0.040682,1.521000,-0.255102,-0.060584,1.566491,-0.270401,-0.066067,1.606691,-0.001830,-0.014130,0.977574,-0.210111,0.304463,0.513719,0.033987,-0.103449,0.063371,0.020314,-0.003788,0.007934,0.007032,12,-0.039969,0.264006,9.845276,0.150756,0.025177,0.006799,9.849514,0.156595,0.052561,0.089393
55.673431,-0.216055,0.052918,1.501027,-0.201732,0.045898,1.425804,-0.244042,-0.024706,1.561101,-0.004465,0.015758,0.999251,-0.035053,0.282333,0.632743,-0.165481,-0.102640,0.062038,0.020428,-0.003864,0.008078,0.006998,2,-0.074584,-0.081066,9.887612,0.041177,0.118816,0.022453,9.888277,0.128209,0.076896,0.102067
55.764874,-0.187585,0.097284,1.492143,-0.191855,0.096765,1.509958,-0.226750,0.024172,1.542471,-0.036473,-0.005483,0.972211,0.231182,0.316808,0.555227,-0.188184,-0.099021,0.062126,0.018825,-0.003887,0.008082,0.006961,7,-0.088755,-0.442322,9.854077,0.073867,-0.175375,0.012154,9.864727,0.192043,0.018327,0.097016
55.856275,-0.159139,0.141615,1.483277,-0.146266,0.146925,1.467759,-0.207208,0.070802,1.533200,-0.081652,-0.039389,0.656380,0.748964,0.235443,0.469560,-0.131164,-0.090292,0.062788,0.020882,-0.003832,0.008084,0.006957,10,-0.270793,-0.034883,10.104620,0.024171,-0.094492,-0.019996,10.109023,0.107559,0.020850,0.099083
55.937295,-0.134216,0.180812,1.475784,-0.147870,0.198909,1.568766,-0.166924,0.139480,1.518813,-0.000779,0.004366,0.459928,0.887945,0.444990,0.679453,-0.162726,-0.098466,0.056478,0.020221,-0.003772,0.008035,0.006936,8,-0.190135,-0.288376,9.627529,-0.155329,-0.044672,-0.013684,9.634587,0.164365,0.095707,0.068041
56.018401,-0.109698,0.218907,1.467698,-0.069452,0.222533,1.446959,-0.125177,0.189941,1.485168,0.001390,-0.024605,0.962704,0.269433,0.439174,0.623741,-0.222568,-0.094099,0.066549,0.020416,-0.003753,0.008114,0.006948,10,0.034858,-0.387009,9.684642,0.068758,0.100382,-0.014059,9.693341,0.125352,0.045420,0.037200
56.095260,-0.086978,0.256390,1.459345,-0.087934,0.272493,1.546063,-0.122155,0.238407,1.494096,-0.031554,-0.024183,0.999201,-0.004168,0.202985,0.626809,-0.170024,-0.093883,0.066065,0.019954,-0.003737,0.008056,0.006944,4,-0.044015,-0.242441,9.974903,-0.112422,0.045172,-0.013762,9.977993,0.123259,0.088205,0.052617
56.192884,-0.058165,0.301920,1.449583,-0.023785,0.333138,1.558305,-0.069654,0.294145,1.497025,-0.012410,-0.003619,0.509511,0.860367,0.342308,0.610432,-0.118023,-0.102679,0.059259,0.019223,-0.003859,0.008074,0.006997,6,-0.131034,0.533812,9.884341,0.017640,-0.032268,-0.024123,9.899989,0.048260,0.118225,0.049429
56.282260,-0.033605,0.341155,1.440897,-0.043029,0.323105,1.537896,-0.052507,0.320141,1.508217,-0.009053,-0.017122,0.406183,0.913587,0.320434,0.534840,-0.069584,-0.094785,0.065662,0.018126,-0.004088,0.008250,0.006894,12,-0.109481,0.061562,10.033214,-0.138902,-0.102497,-0.013307,10.035067,0.179412,0.099113,0.073012
56.373533,-0.008525,0.381223,1.432027,0.033219,0.378581,1.528005,-0.009694,0.367478,1.513314,-0.007405,-0.013102,0.702062,0.711957,0.382964,0.484800,-0.074616,-0.090948,0.062764,0.018252,-0.003850,0.008188,0.007199,11,-0.243866,-0.558986,9.551530,0.097308,-0.010504,0.010339,9.571294,0.100707,0.104696,0.082450
56.473430,0.019044,0.425697,1.421652,0.006885,0.448601,1.374476,-0.004526,0.418988,1.467711,-0.015840,-0.010711,0.700205,0.713685,0.307106,0.595911,-0.151970,-0.092816,0.058487,0.020308,-0.003715,0.007980,0.006980,6,-0.382867,0.111734,9.843074,-0.017642,0.161204,-0.064970,9.853570,0.194983,0.053833,0.052173
56.552858,0.040507,0.460575,1.414498,0.034140,0.447643,1.376755,0.024281,0.440767,1.437715,-0.010854,-0.011951,0.551669,0.833907,0.327925,0.519301,-0.183342,-0.088191,0.063064,0.021831,-0.003942,0.008257,0.007036,15,-0.105068,-0.329918,9.870861,-0.028997,0.073871,-0.001322,9.879142,0.088619,0.040402,0.034564
56.652181,0.069945,0.502920,1.406015,0.095465,0.527880,1.387495,0.068490,0.493239,1.415681,-0.011407,-0.012197,0.645563,0.763524,0.409704,0.587575,-0.205570,-0.090848,0.060654,0.022311,-0.003990,0.007991,0.007055,3,-0.073925,-0.213373,9.773181,-0.106142,-0.127945,-0.007140,9.775919,0.166823,0.040215,0.013757
56.741506,0.095628,0.540443,1.398111,0.106580,0.532658,1.429952,0.090741,0.522442,1.409469,-0.011892,-0.016801,0.626835,0.778880,0.384630,0.526960,-0.197146,-0.087448,0.061262,0.022027,-0.003946,0.008094,0.007044,16,-0.288601,-0.094663,9.859297,-0.072335,0.044280,-0.022371,9.865601,0.108249,0.034559,0.021838
56.826714,0.121402,0.577446,1.389717,0.185206,0.599188,1.446562,0.139535,0.576597,1.406519,-0.009749,-0.017773,0.822621,0.568228,0.477537,0.611696,-0.182313,-0.086417,0.063433,0.021248,-0.004145,0.007738,0.007010,10,0.007809,0.041988,9.867865,0.003424,-0.081423,-0.025687,9.868467,0.103501,0.088176,0.024736
56.917495,0.149853,0.616261,1.380740,0.131234,0.616437,1.312532,0.141281,0.621864,1.372791,-0.014561,-0.022564,0.612012,0.790393,0.227328,0.556634,-0.195952,-0.086047,0.058472,0.023513,-0.003449,0.007914,0.007080,39,-0.277607,0.127212,9.923880,0.067170,-0.040466,0.017200,9.931693,0.098322,0.070704,0.012964
57.017899,0.179713,0.658998,1.371172,0.166288,0.677302,1.331086,0.160482,0.657139,1.357640,-0.008301,-0.017661,0.414293,0.909934,0.245388,0.582257,-0.205585,-0.090155,0.061703,0.023774,-0.003908,0.008035,0.007058,56,-0.211039,0.013595,9.766358,0.146199,-0.033639,-0.010399,9.771708,0.176689,0.046067,0.023588
57.100998,0.204017,0.693526,1.363000,0.199394,0.685137,1.316549,0.183415,0.678401,1.337915,-0.005122,-0.017364,0.437773,0.898903,0.279736,0.513491,-0.219968,-0.088769,0.065662,0.025667,-0.004281,0.008109,0.007032,15,-0.128897,-0.341416,9.804477,0.008239,-0.009425,0.031982,9.812505,0.086405,0.047428,0.035812
57.190349,0.229680,0.730360,1.354320,0.228201,0.777795,1.367205,0.210387,0.736226,1.333879,-0.006604,-0.014050,0.451560,0.892106,0.280563,0.605114,-0.199187,-0.094077,0.062176,0.023519,-0.004041,0.007533,0.007011,24,-0.075710,0.048145,9.909751,0.109543,0.033170,-0.041837,9.911921,0.131645,0.049176,0.028714
57.271337,0.251745,0.762745,1.347127,0.245591,0.772354,1.359799,0.230161,0.757679,1.334566,0.001930,-0.009120,0.486064,0.873874,0.275554,0.542468,-0.173027,-0.090096,0.064964,0.021467,-0.004193,0.007910,0.007025,8,-0.122663,0.039939,9.915572,0.369797,0.098445,0.004848,9.917420,0.382999,0.017052,0.025482
57.364885,0.275903,0.795870,1.338535,0.285508,0.801630,1.363807,0.268568,0.805567,1.330922,0.002300,-0.010745,0.569707,0.821774,0.309304,0.496698,-0.155337,-0.089093,0.066850,0.019161,-0.004245,0.007879,0.007024,49,-0.122784,0.127541,9.852299,-0.003286,-0.028600,-0.002149,9.857392,0.123136,0.027643,0.014345
57.445919,0.297832,0.824416,1.330584,0.321401,0.883857,1.315990,0.299805,0.862554,1.314303,-0.000988,-0.004143,0.620731,0.784012,0.356886,0.564709,-0.162784,-0.093744,0.065194,0.020435,-0.004141,0.007132,0.006958,70,-0.211750,-0.268896,9.849264,0.034503,0.104992,0.006946,9.858445,0.176277,0.065588,0.041514
57.528990,0.319517,0.849977,1.323756,0.314684,0.871045,1.411155,0.310426,0.877992,1.326453,-0.001949,-0.008188,0.510083,0.860084,0.313327,0.465758,-0.121513,-0.089865,0.066167,0.015983,-0.004062,0.008017,0.007085,7,-0.194302,-0.436669,9.908303,-0.045433,0.047885,0.002502,9.920526,0.079476,0.090033,0.029577
57.624612,0.345296,0.877263,1.315235,0.380720,0.911827,1.325353,0.344656,0.907664,1.316642,-0.003585,-0.007283,0.604841,0.796305,0.390659,0.482052,-0.130658,-0.090233,0.068398,0.016552,-0.004389,0.007558,0.006955,4,0.063847,-0.088798,9.705495,-0.072173,-0.006061,0.003389,9.706142,0.074388,0.050517,0.030441
57.718111,0.371831,0.902831,1.307418,0.345508,0.894044,1.257567,0.347501,0.912075,1.297006,-0.000691,-0.014135,0.603597,0.797164,0.289349,0.387480,-0.149999,-0.082125,0.064589,0.019414,-0.003843,0.008543,0.006980,6,-0.278738,0.191296,10.053074,-0.026753,-0.159208,-0.012169,10.059079,0.162986,0.057054,0.028032
57.803327,0.394567,0.924567,1.300000,0.398029,0.931442,1.274925,0.376856,0.934255,1.285808,-0.000088,-0.010675,0.741877,0.670451,0.352895,0.384828,-0.157572,-0.079855,0.065970,0.020246,-0.003595,0.008152,0.006804,9,-0.154523,-0.289840,9.786834,0.137802,-0.005999,0.009861,9.792938,0.140645,0.026230,0.024677
57.894760,0.418171,0.945146,1.292447,0.415823,0.973022,1.339610,0.416113,0.979090,1.332505,-0.002698,-0.006946,0.005074,0.999959,0.194610,0.454760,-0.157572,-0.079898,0.066714,0.020321,-0.003687,0.008326,0.007148,1,-0.325464,0.158076,10.076607,0.154046,-0.094003,0.004526,10.083101,0.180519,0.054835,0.052545
57.984173,0.440193,0.965000,1.286000,0.440930,0.970762,1.366139,0.440465,0.979703,1.348723,-0.001971,-0.003612,0.003149,0.999987,0.248921,0.137855,-0.021305,-0.080069,0.067173,0.020336,-0.003824,0.008420,0.007026,46,-0.139452,0.208722,9.838657,-0.125232,0.160047,-0.010448,9.845161,0.223291,0.080349,0.064424
58.071389,0.460727,0.983454,1.279000,0.466698,1.001079,1.274629,0.461477,0.996939,1.311003,-0.005185,-0.000389,0.035799,0.999345,0.277526,0.218671,-0.233578,-0.079958,0.066346,0.020347,-0.003813,0.008430,0.007079,44,-0.052388,0.003032,9.772916,-0.048927,0.196927,-0.007637,9.776316,0.222379,0.019115,0.034736
58.158674,0.482153,1.001307,1.271308,0.475905,0.975722,1.323030,0.471320,0.989369,1.310948,0.006203,-0.003396,0.014854,0.999865,0.214739,0.085770,-0.169401,-0.079005,0.068556,0.020358,-0.003777,0.008433,0.007033,7,-0.353587,0.544971,9.894743,0.318297,0.016912,0.009021,9.916934,0.318967,0.058042,0.042793
58.252225,0.505622,1.021136,1.263513,0.546702,1.024664,1.287941,0.509582,1.011743,1.302309,0.001360,0.003712,0.117339,0.993084,0.355840,0.210145,-0.151595,-0.082085,0.067129,0.020334,-0.003737,0.008454,0.007008,13,-0.161632,0.267480,9.964507,0.133879,0.030074,-0.023894,9.970503,0.142320,0.047924,0.040112
58.341553,0.529625,1.037375,1.256844,0.528461,1.057411,1.269475,0.527907,1.040937,1.280145,0.008704,-0.010256,-0.632870,0.774141,0.253122,0.223194,-0.205849,-0.079045,0.065668,0.020346,-0.003662,0.008484,0.007021,4,-0.031612,-0.134677,10.045777,0.191930,0.102987,0.004303,10.046871,0.218349,0.023714,0.023634
58.428796,0.553624,1.051312,1.251235,0.533734,1.114944,1.263627,0.520734,1.064118,1.262499,0.004569,-0.014508,-0.203233,0.979012,0.038118,0.252747,-0.248217,-0.078276,0.069283,0.020210,-0.003763,0.008512,0.007037,5,0.258144,0.241958,9.905198,0.050916,-0.308828,0.001485,9.911621,0.316243,0.067810,0.037049
58.516080,0.577683,1.063000,1.244317,0.588913,1.123102,1.314631,0.552948,1.094835,1.279450,-0.003786,-0.002717,0.181212,0.983433,0.188259,0.318195,-0.118766,-0.080968,0.061826,0.020098,-0.003721,0.008544,0.007022,6,-0.099544,0.011628,9.879698,-0.067037,0.021981,-0.001610,9.880578,0.084480,0.093180,0.053476
58.607496,0.601949,1.074708,1.237081,0.569531,1.119463,1.240654,0.560834,1.111288,1.262798,-0.009583,-0.001587,0.626606,0.779276,0.214906,0.232961,-0.126376,-0.079164,0.066812,0.020215,-0.003778,0.008654,0.007005,18,-0.132947,0.144759,10.004866,-0.073249,0.108912,-0.003384,10.008499,0.141269,0.055377,0.060744
58.692686,0.624884,1.085785,1.230608,0.626350,1.118146,1.288449,0.593314,1.119332,1.267591,-0.004546,-0.004057,0.828744,0.559595,0.355055,0.164405,-0.089618,-0.080544,0.070774,0.020073,-0.003754,0.008661,0.006999,8,-0.055684,0.006077,9.792959,-0.090337,-0.025263,0.003456,9.794455,0.098784,0.066294,0.059074
58.784128,0.650612,1.097088,1.225238,0.641948,1.126039,1.235835,0.612059,1.131487,1.251324,-0.009165,-0.005560,0.936489,0.350533,0.384105,0.132148,-0.125426,-0.078347,0.069509,0.020387,-0.003748,0.008671,0.007079,6,-0.436401,0.318997,9.733588,-0.004567,0.064511,0.013490,9.748708,0.071589,0.032024,0.057880
58.873572,0.674251,1.107000,1.218000,0.673847,1.140685,1.230595,0.634688,1.143077,1.239064,-0.008992,-0.000756,0.997536,0.069569,0.434779,0.128107,-0.141183,-0.078546,0.068326,0.020684,-0.003741,0.008669,0.006921,7,-0.024218,-0.104141,9.868362,0.047855,-0.038204,0.011190,9.869814,0.068098,0.035965,0.057537
58.964927,0.699175,1.115473,1.211527,0.692205,1.138014,1.231088,0.653664,1.149175,1.228964,-0.015253,0.006261,0.975280,-0.220358,0.451165,0.109001,-0.139977,-0.077588,0.063451,0.020908,-0.003790,0.008695,0.006994,6,-0.429030,0.380336,9.968836,0.328848,0.100501,-0.010095,9.986726,0.344385,0.030648,0.059256
59.056328,0.723337,1.120326,1.206105,0.708607,1.202751,1.261319,0.679175,1.164643,1.234690,0.012432,-0.000880,-0.778973,0.626934,0.451891,0.307467,-0.095656,-0.080953,0.071553,0.019754,-0.003872,0.008627,0.006970,24,-0.042331,-0.166153,9.867651,-0.118346,-0.280424,0.016706,9.870975,0.307006,0.100297,0.068785
59.145692,0.744467,1.122387,1.200436,0.744190,1.145154,1.182680,0.716904,1.168744,1.216784,0.000909,-0.009327,-0.700274,0.713813,0.466711,0.242433,-0.126289,-0.093814,0.062897,0.021017,-0.003638,0.008263,0.007013,3,-0.163072,-0.304120,9.774847,0.232789,0.018657,-0.024705,9.781227,0.235122,0.028874,0.056356
59.237189,0.765675,1.122474,1.195569,0.808587,1.120242,1.293857,0.751624,1.163155,1.220466,0.010315,-0.003425,-0.472510,0.881258,0.493492,0.142299,-0.111130,-0.097304,0.060343,0.020543,-0.003578,0.008306,0.006950,2,-0.190069,0.179316,9.743559,-0.020007,0.085768,-0.014684,9.747161,0.094881,0.107270,0.049721
59.328591,0.785182,1.116343,1.190553,0.803618,1.144920,1.294883,0.769165,1.165339,1.229608,0.013958,0.000662,-0.258371,0.965945,0.401184,0.119561,-0.086409,-0.094143,0.075014,0.019243,-0.003751,0.008463,0.006966,5,0.044293,-0.094530,9.782625,-0.112011,0.218340,-0.023207,9.783284,0.249440,0.109733,0.064672
59.424199,0.805481,1.108260,1.186391,0.782350,1.137613,1.154492,0.774376,1.167567,1.210430,0.011451,-0.001127,-0.469178,0.883029,0.330203,0.041925,-0.106134,-0.087096,0.079583,0.020574,-0.003849,0.008575,0.006881,6,-0.001773,0.034398,10.079357,-0.128599,-0.047534,0.001216,10.079458,0.138162,0.049134,0.071153
59.505134,0.822824,1.098339,1.183502,0.827101,1.126368,1.130371,0.814064,1.154500,1.186288,0.008870,0.003809,-0.448660,0.893650,0.369541,0.003081,-0.159704,-0.096923,0.078028,0.022664,-0.003835,0.008327,0.007086,40,-0.148775,0.164065,9.464781,-0.050578,0.042583,-0.009785,9.470375,0.096975,0.060223,0.056908
59.588289,0.841663,1.087318,1.179579,0.868032,1.126312,1.136938,0.849951,1.149475,1.166352,0.006492,0.003239,-0.149337,0.988760,0.411887,-0.044303,-0.183263,-0.096049,0.081853,0.024134,-0.003685,0.008590,0.006895,61,-0.123544,-0.055770,9.787409,-0.108280,0.077551,-0.011606,9.791450,0.154155,0.063515,0.064087
59.675636,0.861097,1.074832,1.176381,0.871512,1.085612,1.175732,0.871622,1.127861,1.156971,0.009292,-0.001817,0.012746,0.999874,0.370018,-0.087247,-0.181713,-0.096139,0.088396,0.023943,-0.003920,0.008730,0.006987,8,-0.012856,0.135019,9.891424,-0.028085,-0.083078,0.048792,9.893251,0.122589,0.015003,0.057442
59.758743,0.878865,1.062135,1.173000,0.911020,1.046788,1.261301,0.892164,1.098145,1.175639,0.012188,-0.009936,0.153106,0.988085,0.372543,-0.231398,-0.139756,-0.089391,0.095599,0.020634,-0.003954,0.008873,0.006941,2,-0.129805,-0.417150,9.814608,0.019385,-0.219958,-0.000871,9.824492,0.220837,0.095219,0.038478
59.841861,0.896618,1.050300,1.170055,0.908961,1.084606,1.180092,0.900180,1.097721,1.167723,0.009930,-0.004458,-0.032135,0.999424,0.360947,-0.155659,-0.143806,-0.087619,0.090650,0.021334,-0.003644,0.009124,0.007056,6,0.095945,0.076205,9.846570,-0.022668,0.119682,-0.024375,9.847760,0.133344,0.037815,0.047612
59.924997,0.915192,1.037105,1.167301,0.922378,1.043405,1.190593,0.918241,1.074873,1.165073,0.012628,-0.007739,-0.029124,0.999466,0.330720,-0.199073,-0.133302,-0.086770,0.095470,0.020554,-0.003829,0.009187,0.007010,13,0.051300,0.562259,9.888406,0.116721,-0.088167,-0.020030,9.905751,0.153181,0.025176,0.037957
60.005986,0.931689,1.022404,1.165454,0.941979,1.067209,1.203201,0.936517,1.074955,1.164253,0.008182,-0.008948,-0.123485,0.992272,0.302938,-0.159250,-0.115367,-0.087358,0.091186,0.019655,-0.003454,0.009161,0.007140,19,-0.462027,0.104839,9.713295,-0.073305,-0.119254,-0.010575,9.728081,0.142817,0.059483,0.052786
60.091170,0.948747,1.006536,1.161851,0.963843,1.031791,1.126246,0.963270,1.037662,1.123808,-0.002698,-0.006946,0.005074,0.999959,0.256664,-0.415781,-0.115367,-0.087475,0.091126,0.019659,-0.003442,0.008950,0.007064,0,0.000000,0.000000,0.000000,0.000000,0.000000,0.000000,0.000000,0.000000,0.046188,0.051254
60.174267,0.964334,0.989450,1.158568,0.990223,1.037316,1.167761,0.990665,1.039777,1.154578,-0.002697,-0.006947,0.005074,0.999959,0.317470,0.066495,-0.115367,-0.087509,0.091066,0.019652,-0.003456,0.008964,0.007059,0,0.000000,0.000000,0.000000,0.000000,0.000000,0.000000,0.000000,0.000000,0.055190,0.056939
60.259429,0.979512,0.970022,1.155267,0.985712,1.000449,1.118210,0.986497,1.025791,1.128325,-0.009002,-0.001855,0.937013,0.349173,0.071338,-0.280049,-0.193739,-0.087493,0.091453,0.019650,-0.003473,0.008955,0.007029,12,-0.329544,-0.270723,10.094822,-0.108143,0.043833,0.014833,10.104298,0.121636,0.048348,0.062329
60.340513,0.992963,0.950055,1.152294,0.977178,0.964148,1.100676,0.982771,0.985335,1.101719,-0.009427,-0.009795,0.552222,0.833586,-0.012493,-0.361497,-0.301184,-0.086287,0.090508,0.019644,-0.003462,0.008948,0.007018,6,-0.321439,-0.225791,9.882451,-0.071348,-0.012726,0.051443,9.890638,0.103107,0.055787,0.062501
60.434037,1.007281,0.927259,1.147877,1.047355,0.914711,1.114510,1.016769,0.954657,1.088615,0.006289,0.002570,0.999381,0.034515,0.241762,-0.407705,-0.327508,-0.085725,0.089713,0.019713,-0.003456,0.008996,0.007028,2,-0.142080,0.009141,9.719603,0.153563,-0.093492,0.021128,9.720697,0.181072,0.053635,0.065974
60.522102,1.019927,0.905127,1.144188,1.075260,0.905787,1.120939,1.033636,0.936149,1.082544,-0.003282,0.011843,0.528127,0.849076,0.382863,-0.459267,-0.263051,-0.085866,0.091356,0.019597,-0.003474,0.009034,0.006977,13,-0.156398,0.410716,9.879332,-0.100830,0.200512,-0.047874,9.889828,0.232248,0.060022,0.070358
60.595667,1.030426,0.885606,1.141915,1.034654,0.874819,1.076532,1.035699,0.906836,1.069244,-0.011516,-0.018042,0.645623,0.763357,0.089190,-0.390960,-0.276039,-0.087731,0.088976,0.019668,-0.003427,0.009018,0.006994,7,0.112897,0.290257,9.986510,0.150553,-0.077010,0.008272,9.992159,0.177466,0.066402,0.075892
60.704206,1.044630,0.854288,1.137548,1.066912,0.890900,1.183824,1.055316,0.896230,1.108449,-0.013051,0.007990,0.588743,0.808175,0.163625,-0.264585,-0.066248,-0.090145,0.089904,0.019124,-0.003436,0.009012,0.006954,9,-0.170898,-0.026055,9.752983,-0.022269,0.058355,-0.030696,9.755243,0.071517,0.063074,0.052155
60.785235,1.054860,0.827373,1.135312,1.103301,0.856070,1.196183,1.071484,0.874321,1.129595,-0.000999,-0.005046,-0.527401,0.849601,0.212917,-0.308682,0.018289,-0.087646,0.088386,0.018965,-0.003410,0.009082,0.006971,16,-0.193875,0.070816,9.795038,-0.075525,0.023275,0.019969,9.797996,0.092244,0.082917,0.050131
60.878688,1.066651,0.795932,1.133067,1.086688,0.831792,1.106982,1.083406,0.860371,1.118269,-0.013967,-0.001874,0.467739,0.883754,0.017991,-0.119097,-0.038328,-0.090103,0.092539,0.019061,-0.003409,0.009056,0.007051,8,0.000221,-0.090122,9.642223,-0.333016,0.074182,0.000899,9.643007,0.342472,0.048661,0.068206
60.970138,1.078370,0.764333,1.131519,1.062272,0.786180,1.059598,1.073252,0.821966,1.088851,-0.018788,-0.017731,0.498556,0.866473,-0.079225,-0.183042,-0.114724,-0.086060,0.086795,0.019850,-0.003405,0.009091,0.006966,50,-0.303830,0.256241,9.822810,-0.106633,-0.036943,-0.007453,9.833915,0.132456,0.076870,0.071890
61.059518,1.089000,0.732504,1.130000,1.098966,0.749017,1.143085,1.083218,0.781016,1.103214,-0.013048,-0.011464,0.453744,0.890963,-0.019847,-0.299068,-0.062929,-0.082946,0.090367,0.019535,-0.003559,0.009156,0.007008,63,-0.152963,0.175121,9.827295,-0.014285,0.061088,-0.029330,9.833890,0.107837,0.023308,0.055716
61.150975,1.101639,0.701338,1.128936,1.094658,0.720106,1.062247,1.086214,0.754389,1.084040,-0.010685,-0.010557,0.222869,0.974733,-0.050746,-0.293113,-0.106979,-0.082129,0.092207,0.020203,-0.003593,0.009197,0.007032,13,-0.016502,0.257005,9.784260,0.036343,0.018746,0.012755,9.790193,0.060672,0.069630,0.071190
61.244419,1.113370,0.669301,1.128863,1.068146,0.684740,1.050867,1.077269,0.711927,1.066512,-0.009575,-0.012366,0.186810,0.982272,-0.100088,-0.312376,-0.125151,-0.079424,0.090988,0.020629,-0.003600,0.009200,0.007102,43,-0.177346,0.109590,9.768736,0.022646,0.007665,-0.032955,9.775410,0.060117,0.091471,0.083714
61.340054,1.125479,0.636803,1.128000,1.150255,0.682501,1.062830,1.108809,0.689351,1.060054,0.002363,0.001508,-0.377923,0.925833,0.110184,-0.327224,-0.115401,-0.090964,0.099709,0.020986,-0.003747,0.009103,0.007080,9,-0.114374,0.321801,10.032096,0.117669,0.060887,0.015755,10.038157,0.135871,0.083362,0.087498
61.427332,1.135836,0.606731,1.127881,1.088493,0.630309,1.031339,1.098719,0.667088,1.049087,-0.001600,-0.008386,0.066568,0.997745,0.018154,-0.330782,-0.133374,-0.083312,0.094266,0.021231,-0.003705,0.009137,0.007003,8,-0.352864,0.322061,9.570708,0.078833,-0.017971,0.034915,9.583448,0.106669,0.110080,0.105968
61.518741,1.147358,0.574233,1.127000,1.137914,0.624066,1.091465,1.113148,0.645667,1.052736,-0.000131,-0.005745,0.011315,0.999919,0.099025,-0.328647,-0.113977,-0.087049,0.096186,0.020622,-0.003733,0.008994,0.007129,4,-0.207749,0.248090,9.805430,0.011729,-0.049882,-0.005837,9.811213,0.051936,0.061929,0.108574
61.606059,1.158366,0.541904,1.127364,1.160708,0.572148,1.079585,1.127951,0.613226,1.050306,-0.005709,-0.008101,0.037615,0.999243,0.101208,-0.407003,-0.108937,-0.090744,0.097748,0.020503,-0.003842,0.008770,0.007130,11,-0.079961,0.033671,9.979619,-0.298788,-0.117975,0.007983,9.982168,0.322160,0.056595,0.109316
61.695363,1.168478,0.508565,1.128000,1.194561,0.530228,1.214228,1.150432,0.578271,1.075903,-0.002144,-0.006079,-0.251024,0.967959,0.185069,-0.423061,-0.047139,-0.094508,0.098656,0.017161,-0.003743,0.008776,0.007092,8,-0.000038,0.214365,9.890530,0.107082,-0.118540,-0.005523,9.893078,0.162249,0.092655,0.088874
61.782609,1.178551,0.476647,1.128000,1.191560,0.498961,1.124740,1.166194,0.546155,1.086237,0.000090,-0.009293,-0.024137,0.999665,0.144319,-0.426099,-0.035902,-0.094689,0.100314,0.016158,-0.003763,0.008609,0.007060,10,-0.349368,0.479654,9.559373,0.044442,-0.023814,-0.005766,9.578186,0.067606,0.026034,0.082026
61.876124,1.188248,0.442662,1.128950,1.196143,0.439004,1.074633,1.179241,0.506679,1.081137,0.002434,-0.012480,0.062901,0.997939,0.123257,-0.468141,-0.059064,-0.095088,0.103645,0.016782,-0.003889,0.008469,0.007028,22,-0.238880,0.317047,9.504819,-0.002905,-0.080528,-0.021826,9.513659,0.094289,0.055010,0.080408
61.957178,1.193535,0.410555,1.129076,1.167777,0.416347,1.083970,1.167709,0.469306,1.082061,0.000874,-0.014518,0.007579,0.999866,0.041889,-0.501047,-0.051091,-0.087282,0.104022,0.016555,-0.003752,0.009000,0.007063,6,-0.362409,0.322031,9.929018,-0.012888,0.084569,-0.003569,9.941109,0.101337,0.052265,0.079556
62.048597,1.200633,0.375088,1.130115,1.203526,0.399305,1.162330,1.181977,0.440014,1.091780,-0.004716,-0.010956,-0.006054,0.999911,0.068923,-0.465066,-0.032457,-0.092603,0.103833,0.014594,-0.003750,0.008674,0.007030,4,-0.152025,0.317934,9.737232,-0.256609,0.052841,-0.026089,9.743691,0.263984,0.040406,0.077672
62.137988,1.206138,0.341055,1.131116,1.272722,0.345467,1.178018,1.274850,0.354340,1.165667,-0.002657,-0.006968,0.005077,0.999959,0.774084,-0.602284,-0.032457,-0.092516,0.103938,0.014591,-0.003735,0.008684,0.006981,1,-0.079409,0.305440,10.030281,-0.003237,0.045493,-0.001832,10.035245,0.045645,0.081564,0.078048
62.231474,1.212000,0.305335,1.133000,1.206853,0.299714,1.163412,1.239287,0.307343,1.179609,-0.004788,-0.014350,0.166845,0.985867,-0.222633,-0.537788,0.007844,-0.091094,0.104455,0.014550,-0.003721,0.008643,0.006903,12,-0.251283,0.189474,9.688595,-0.004914,0.016773,0.012201,9.694084,0.061706,0.031352,0.054047
62.320803,1.217154,0.272997,1.134192,1.252131,0.295280,1.054909,1.241831,0.298624,1.115419,-0.000429,-0.006593,-0.375547,0.926780,0.106925,-0.351631,-0.410212,-0.091945,0.103056,0.014606,-0.003765,0.008617,0.006973,8,0.013169,0.276428,9.663901,0.031903,0.103288,-0.027162,9.668472,0.113087,0.089475,0.040226
62.410167,1.223482,0.241700,1.136593,1.238853,0.246287,1.218759,1.237136,0.261074,1.156040,0.005973,-0.012887,-0.631497,0.775248,-0.048714,-0.440825,-0.061814,-0.092562,0.103416,0.014531,-0.003777,0.008914,0.007101,12,-0.111764,0.146577,9.930385,0.145146,-0.119265,0.037496,9.934150,0.196051,0.083717,0.030659
62.497435,1.227129,0.218388,1.138000,1.228249,0.203755,1.051886,1.229496,0.230226,1.106570,0.006866,-0.002721,-0.734427,0.678648,-0.087875,-0.506100,-0.292063,-0.092248,0.104187,0.014696,-0.003897,0.008953,0.007173,9,-0.086093,0.153912,9.951844,0.087756,-0.030195,0.014720,9.954363,0.102362,0.087356,0.033669
62.588891,1.234000,0.182983,1.141000,1.246762,0.214712,1.076573,1.234220,0.212251,1.071400,0.004430,0.031270,0.887611,-0.459509,-0.002568,-0.304520,-0.366147,-0.089405,0.105785,0.014651,-0.003926,0.008915,0.007135,46,0.120585,0.267769,9.557177,0.046381,-0.062334,0.004778,9.564932,0.136980,0.072941,0.075505
62.678377,1.239449,0.154970,1.143337,1.265544,0.205057,1.189005,1.251446,0.210941,1.106100,0.023169,0.051398,0.996646,0.059311,0.171077,-0.174570,-0.144748,-0.096073,0.105557,0.013857,-0.003879,0.008941,0.007097,28,-0.229907,0.234954,10.000458,-0.034837,-0.001197,-0.002121,10.006664,0.144066,0.072631,0.068288
62.769635,1.244356,0.124358,1.146254,1.280669,0.128194,1.131634,1.264140,0.158441,1.112511,0.010086,-0.017939,0.704597,0.709309,0.075666,-0.325966,-0.068786,-0.095018,0.108280,0.013912,-0.003906,0.008926,0.007127,6,-0.080756,0.337644,10.064676,-0.199759,-0.007409,-0.005018,10.070776,0.203109,0.039334,0.051881
62.861051,1.248042,0.096973,1.148887,1.242988,0.142464,1.126689,1.251886,0.151957,1.110622,-0.003445,0.000306,0.614178,0.789160,0.034397,-0.251355,-0.093500,-0.092512,0.102140,0.013917,-0.003784,0.008884,0.007079,4,-0.081985,0.348258,9.843142,0.136442,-0.017379,0.028959,9.849715,0.142359,0.050869,0.067098
62.960869,1.252305,0.066640,1.152458,1.222035,0.088830,1.154421,1.240777,0.110268,1.116403,-0.004556,-0.013419,0.504049,0.863559,-0.129195,-0.281395,-0.040204,-0.089889,0.104439,0.013561,-0.003809,0.008802,0.007073,54,-0.141495,0.158860,10.037987,-0.136520,-0.057335,-0.000661,10.043630,0.160863,0.037584,0.057761
63.056434,1.254725,0.039662,1.155725,1.240403,0.086991,1.132415,1.237939,0.090480,1.117158,-0.006315,-0.008392,0.455883,0.889978,-0.168906,-0.228117,-0.036938,-0.095559,0.102232,0.013471,-0.003687,0.008608,0.007066,96,-0.005931,0.405609,9.776012,0.009363,0.006614,-0.011076,9.789816,0.154280,0.054668,0.065967
63.141622,1.255679,0.017608,1.157964,1.245401,0.015439,1.167813,1.243626,0.050895,1.130701,-0.000799,-0.013385,0.499405,0.866265,-0.088601,-0.331804,-0.002182,-0.094964,0.109800,0.013220,-0.003907,0.008610,0.007079,24,0.044044,0.126590,9.634895,-0.003124,-0.088252,-0.030075,9.637118,0.121367,0.014399,0.044682
63.239302,1.255000,-0.007607,1.162088,1.245292,-0.015973,1.153784,1.245530,0.022207,1.136195,0.001728,-0.007341,0.543904,0.839113,-0.069410,-0.459413,0.020960,-0.097205,0.108704,0.013152,-0.003692,0.008569,0.007015,14,-0.243971,0.023994,10.072093,0.097338,0.124243,0.010158,10.076134,0.171031,0.015271,0.040608
63.330713,1.253764,-0.030770,1.167707,1.270066,-0.032612,1.182057,1.249191,-0.006978,1.148111,0.006810,-0.004578,0.772736,0.634674,0.048710,-0.492840,0.040980,-0.097098,0.109465,0.012673,-0.003472,0.008498,0.007051,4,-0.373485,0.236724,9.830730,0.119462,-0.113601,-0.012714,9.841039,0.166053,0.021796,0.031161
63.415878,1.252222,-0.052727,1.171945,1.239666,-0.044023,1.187563,1.242297,-0.028406,1.155032,0.000816,-0.004266,0.888947,0.457990,0.010855,-0.467838,0.039363,-0.095738,0.105891,0.012285,-0.003215,0.008457,0.007079,9,0.026628,-0.029218,9.659790,-0.217637,0.032942,-0.005707,9.659982,0.222104,0.021847,0.031242
63.499054,1.250709,-0.074472,1.175582,1.273492,-0.081410,1.180695,1.254424,-0.058684,1.161906,0.003944,-0.004421,0.982494,0.186203,0.073682,-0.456642,0.058049,-0.096062,0.111087,0.011848,-0.003232,0.008466,0.007007,16,0.018943,0.462140,10.021411,-0.134282,0.066588,-0.002148,10.032757,0.162409,0.024359,0.021215
63.592516,1.248678,-0.095437,1.180287,1.249392,-0.080881,1.166821,1.247057,-0.072431,1.161659,0.003315,-0.004380,0.997735,0.067049,0.001497,-0.431269,0.045235,-0.096755,0.110947,0.012385,-0.003154,0.008253,0.007049,5,0.142232,0.602376,9.693221,-0.175383,-0.172576,-0.021541,9.712994,0.247987,0.019843,0.029646
63.683988,1.247000,-0.115334,1.184000,1.247868,-0.085641,1.139804,1.247415,-0.082930,1.157670,0.004137,-0.002915,0.999152,0.040858,0.024340,-0.341036,0.028724,-0.099957,0.111879,0.013078,-0.003242,0.008049,0.007186,8,-0.173565,0.009385,9.670975,-0.021945,0.025018,0.019496,9.674714,0.072801,0.053251,0.041754
63.775412,1.244220,-0.132902,1.188561,1.261244,-0.137673,1.251520,1.250850,-0.107391,1.175105,0.006549,-0.010922,0.997745,0.065892,-0.061735,-0.365929,0.055575,-0.096103,0.114947,0.010962,-0.003131,0.008101,0.007196,11,0.017783,0.157092,9.875172,-0.138998,-0.075645,-0.046146,9.879482,0.167665,0.065395,0.029595
63.866836,1.242517,-0.146772,1.193805,1.204385,-0.163309,1.309662,1.235158,-0.131870,1.194561,-0.001065,-0.004233,0.997633,0.068622,-0.094723,-0.391818,0.095268,-0.095501,0.108327,0.008973,-0.002735,0.007705,0.007137,10,-0.112685,0.371244,10.037662,0.296231,0.156599,-0.009261,10.046484,0.337239,0.123087,0.016637
63.958294,1.239611,-0.158297,1.199519,1.254469,-0.136136,1.308633,1.244051,-0.133170,1.219235,0.006616,0.000352,0.990151,0.139844,-0.052336,-0.299732,0.126628,-0.102434,0.115036,0.005947,-0.003366,0.007571,0.007268,13,-0.347769,-0.188046,9.823354,0.062337,-0.086038,0.003648,9.831962,0.118824,0.112329,0.032245
64.049717,1.236078,-0.169535,1.204613,1.254828,-0.164913,1.241856,1.245378,-0.147907,1.228216,0.004073,-0.005113,0.914737,0.403997,-0.040795,-0.348898,0.133496,-0.103469,0.115748,0.005740,-0.003312,0.007443,0.007296,7,-0.116857,0.328649,9.802919,-0.045359,-0.088539,-0.014266,9.809701,0.102109,0.041952,0.033337
64.139084,1.231558,-0.180619,1.210442,1.272061,-0.186547,1.201739,1.247772,-0.163365,1.227703,0.000813,-0.012585,0.800592,0.599077,-0.008320,-0.336280,0.114819,-0.104000,0.112189,0.007356,-0.003257,0.007162,0.007165,8,-0.048403,-0.112460,9.820892,-0.245001,-0.107965,-0.006816,9.822013,0.270030,0.041850,0.029301
64.226372,1.224849,-0.189912,1.217434,1.261877,-0.171130,1.123881,1.246272,-0.170213,1.211080,-0.004051,-0.013955,0.684545,0.728826,-0.007922,-0.252623,0.063953,-0.105390,0.106531,0.011588,-0.002996,0.006852,0.007080,10,0.376306,0.385499,9.819342,-0.104477,-0.000931,0.015870,9.834931,0.112713,0.102352,0.029789
64.319811,1.215153,-0.197424,1.223708,1.225658,-0.195049,1.190209,1.236107,-0.187885,1.211952,-0.003530,-0.010649,0.660890,0.750399,-0.102588,-0.212637,0.048040,-0.101107,0.105100,0.012025,-0.002787,0.007134,0.007151,8,-0.262667,-0.259613,9.652014,0.121194,0.025001,-0.007158,9.659464,0.129036,0.035188,0.025851
64.411264,1.204628,-0.202226,1.229839,1.232113,-0.206580,1.179456,1.230190,-0.206914,1.206257,-0.011144,-0.006767,0.626580,0.779248,-0.118265,-0.285124,0.014628,-0.103513,0.104387,0.013952,-0.002947,0.006895,0.007214,48,0.005989,-0.059760,9.714484,-0.116031,0.132286,-0.021073,9.719374,0.191864,0.057558,0.035093
64.494309,1.194528,-0.205494,1.235483,1.205665,-0.204056,1.197218,1.216924,-0.213229,1.204106,-0.016028,-0.006478,0.580018,0.814421,-0.185964,-0.253201,0.016397,-0.102011,0.099754,0.014520,-0.002631,0.006869,0.007168,51,-0.098442,0.133724,9.984538,-0.096204,0.082614,-0.003872,9.991677,0.151734,0.039879,0.039319
64.585850,1.184157,-0.206184,1.241737,1.219868,-0.198728,1.380457,1.215467,-0.209894,1.236635,-0.011702,-0.006078,0.461506,0.887039,-0.198794,-0.183079,0.076354,-0.104694,0.096680,0.007897,-0.002685,0.006606,0.007221,5,-0.247786,-0.056413,9.843781,0.221823,-0.107580,0.037586,9.847532,0.252316,0.143436,0.031939
64.671007,1.173506,-0.206951,1.246321,1.157797,-0.193214,1.283219,1.184334,-0.209194,1.253210,-0.015649,-0.011406,0.299888,0.953778,-0.318791,-0.135438,0.089468,-0.094692,0.092543,0.005049,-0.002453,0.007638,0.007213,12,-0.219379,0.339144,9.756091,-0.011813,0.039197,-0.024293,9.764971,0.086340,0.042390,0.013028
64.760384,1.162819,-0.205882,1.253268,1.117186,-0.187613,1.217006,1.155233,-0.207095,1.248775,-0.016724,-0.010884,0.204033,0.978761,-0.401867,-0.117346,0.087508,-0.089299,0.091269,0.006834,-0.002464,0.008142,0.007187,10,-0.050869,-0.038582,10.110048,0.001532,0.044526,0.006404,10.110754,0.060559,0.061082,0.008899
64.847668,1.152293,-0.204000,1.260000,1.131181,-0.211199,1.260820,1.146151,-0.210754,1.257610,-0.020446,-0.010633,0.173883,0.984497,-0.350795,-0.099491,0.097192,-0.092624,0.090612,0.005753,-0.002700,0.007681,0.007226,6,-0.135647,-0.175285,9.810075,-0.131201,0.022851,-0.014428,9.812970,0.136324,0.022321,0.009437
64.939068,1.140672,-0.200070,1.266797,1.153092,-0.218419,1.214498,1.144696,-0.211099,1.257075,-0.025480,-0.012440,0.040206,0.998789,-0.280628,-0.036002,0.071944,-0.093711,0.089774,0.007011,-0.003163,0.007401,0.007296,2,-0.269598,0.389836,9.523433,-0.227462,-0.110241,-0.016151,9.535260,0.253518,0.056798,0.015242
65.024309,1.130469,-0.193469,1.272531,1.144799,-0.148425,1.236562,1.135627,-0.187162,1.260821,-0.021207,-0.014533,-0.307023,0.951355,-0.279487,0.112004,0.076774,-0.080087,0.088445,0.007103,-0.003504,0.008965,0.007347,5,-0.352374,0.108717,9.971239,0.131720,-0.027297,0.002725,9.979072,0.135652,0.059398,0.014266
65.116361,1.118981,-0.182981,1.279000,1.116471,-0.194839,1.140681,1.120754,-0.192779,1.243348,-0.013708,-0.013059,-0.202715,0.979055,-0.284759,0.085654,0.038319,-0.083586,0.088720,0.011838,-0.003423,0.008156,0.007242,4,-0.159227,-0.162783,9.795731,0.198898,0.026771,0.067111,9.798804,0.212241,0.138849,0.037016
65.189047,1.108139,-0.175023,1.284931,1.051788,-0.144462,1.173484,1.083850,-0.172658,1.230410,-0.016457,-0.016080,-0.272588,0.961856,-0.331324,0.129888,0.014284,-0.075688,0.090969,0.014598,-0.004400,0.009284,0.007275,9,0.001001,-0.153188,9.937373,-0.245686,0.031755,-0.034727,9.939619,0.255907,0.128568,0.059733
65.298582,1.092011,-0.158011,1.292989,1.109264,-0.193912,1.273575,1.087274,-0.172877,1.237844,-0.002347,-0.014862,-0.374575,0.927074,-0.236988,0.096932,0.016127,-0.086134,0.089232,0.013452,-0.004786,0.007895,0.007004,7,-0.021817,0.285613,9.651886,0.312517,0.065043,-0.015740,9.656176,0.320448,0.044310,0.057309
65.377494,1.081009,-0.145011,1.298995,1.051958,-0.156126,1.282661,1.058198,-0.156051,1.246004,-0.003043,-0.016193,-0.352112,0.935813,-0.309633,0.167207,0.026331,-0.080444,0.089440,0.011371,-0.004749,0.008605,0.007004,14,-0.071662,0.265803,9.947056,-0.011147,0.003692,-0.035306,9.952494,0.092101,0.035133,0.058740
65.458528,1.069509,-0.130636,1.305703,1.071258,-0.154976,1.381221,1.056416,-0.145488,1.276114,0.001481,-0.018176,-0.375986,0.926446,-0.250398,0.167975,0.080036,-0.083726,0.086922,0.005237,-0.004432,0.007888,0.007014,11,0.011419,0.086066,9.858094,0.079230,-0.054083,-0.032726,9.858710,0.136815,0.079362,0.035603
65.545846,1.057069,-0.115360,1.313320,1.112987,-0.077841,1.398389,1.063118,-0.112298,1.294583,-0.011856,-0.018634,-0.391704,0.919826,-0.161829,0.257276,0.092110,-0.083275,0.076747,0.002176,-0.003049,0.007746,0.006993,18,-0.010916,0.079029,9.786549,-0.180295,-0.151344,0.030274,9.787338,0.240717,0.108495,0.019925
65.630950,1.044384,-0.097076,1.320193,1.065593,-0.080648,1.380047,1.052640,-0.097667,1.319258,-0.011297,-0.018636,-0.454113,0.890678,-0.204298,0.244734,0.140700,-0.079715,0.079693,-0.002200,-0.003995,0.008094,0.007072,6,0.036014,0.014794,10.071937,-0.069252,0.006197,-0.037598,10.072315,0.087886,0.065592,0.008329
65.720365,1.030199,-0.078785,1.328681,1.007649,-0.081950,1.296644,1.021267,-0.080553,1.324689,-0.009846,-0.018812,-0.549817,0.835015,-0.312055,0.259161,0.129583,-0.075542,0.086402,-0.000784,-0.005489,0.008372,0.007125,18,-0.128422,-0.015904,9.830076,-0.041374,0.084007,-0.003847,9.833533,0.117669,0.039305,0.009942
65.816002,1.014080,-0.056578,1.337336,1.035941,-0.022615,1.412088,1.013626,-0.045240,1.344636,-0.012300,-0.014765,-0.454935,0.890317,-0.235182,0.322265,0.156120,-0.076481,0.076862,-0.003314,-0.003752,0.007992,0.006981,25,-0.088038,0.102028,9.865353,0.025172,0.004889,-0.011974,9.869429,0.080847,0.084966,0.013493
65.900179,0.999187,-0.036008,1.345770,1.028056,-0.021687,1.370056,1.007516,-0.030225,1.358080,-0.013618,-0.012610,-0.411229,0.911343,-0.231141,0.317400,0.163279,-0.082559,0.075626,-0.004083,-0.003661,0.007191,0.006920,11,-0.168263,-0.083295,9.865291,0.019636,0.011860,0.039802,9.867245,0.083271,0.040352,0.015948
65.974656,0.986845,-0.016751,1.353093,0.995438,-0.079419,1.549226,0.989252,-0.034897,1.385777,-0.015936,-0.012189,-0.447968,0.893824,-0.272534,0.218690,0.169217,-0.087376,0.081927,-0.008097,-0.005208,0.006307,0.006927,6,-0.131190,0.022239,9.332327,-0.173494,-0.043023,0.022083,9.333667,0.183075,0.206080,0.037460
66.083964,0.967310,0.012566,1.362855,0.978429,0.026201,1.323823,0.974910,0.001663,1.382393,-0.026557,-0.009305,-0.443125,0.896018,-0.272841,0.332644,0.153580,-0.083076,0.075760,-0.004990,-0.004603,0.007087,0.006933,10,-0.117122,-0.062356,9.837289,-0.145575,0.020610,-0.017408,9.838603,0.154786,0.042815,0.023630
66.167111,0.953528,0.036556,1.370287,0.924612,0.035508,1.366391,0.948340,0.020865,1.385255,-0.017842,-0.011320,-0.440026,0.897737,-0.332662,0.340341,0.144699,-0.081522,0.078401,-0.004083,-0.005349,0.007318,0.006935,9,-0.136386,0.032780,9.725039,0.260190,0.084256,0.027499,9.727395,0.278700,0.029196,0.022297
66.262708,0.936100,0.065900,1.379000,0.929436,0.082845,1.403532,0.936813,0.049957,1.395770,-0.018591,-0.010697,-0.458746,0.888309,-0.311479,0.385222,0.156322,-0.081035,0.074242,-0.004998,-0.005004,0.007347,0.007029,9,-0.023206,-0.205000,9.948023,-0.015389,0.023061,0.015462,9.950514,0.037353,0.030551,0.023150
66.356300,0.919832,0.094548,1.387183,0.933984,0.100740,1.282375,0.927350,0.070919,1.385257,-0.018810,-0.011006,-0.455696,0.889869,-0.273821,0.386202,0.111305,-0.083659,0.071958,-0.001044,-0.004951,0.006834,0.006982,13,0.024938,0.049390,9.552562,0.010682,-0.063308,-0.011075,9.553309,0.070490,0.105940,0.024871
66.441452,0.904072,0.121856,1.395688,0.927235,0.136194,1.347722,0.919397,0.098147,1.384655,-0.020401,-0.012939,-0.455904,0.889701,-0.255179,0.419430,0.105498,-0.083817,0.068966,0.000046,-0.004785,0.006749,0.006954,8,-0.041853,-0.360975,9.842192,0.028155,-0.090234,0.010014,9.849964,0.098699,0.055162,0.030310
66.534868,0.886122,0.151939,1.404939,0.883686,0.161144,1.446991,0.899285,0.130072,1.397617,-0.024089,-0.012903,-0.449402,0.892912,-0.276573,0.445123,0.113480,-0.082477,0.069246,-0.001613,-0.005286,0.006856,0.006946,18,0.157672,0.111917,9.671919,-0.064794,-0.048601,0.060954,9.674483,0.131447,0.043117,0.026552
66.626382,0.873018,0.174970,1.410994,0.900010,0.214366,1.466337,0.892731,0.169759,1.411671,-0.031558,-0.012901,-0.451409,0.891666,-0.239797,0.515912,0.123978,-0.081771,0.063582,-0.003973,-0.004871,0.006811,0.006991,9,-0.215527,-0.215661,9.585635,-0.192428,-0.037502,-0.025782,9.591186,0.212063,0.073099,0.020402
66.721925,0.851000,0.213500,1.420778,0.855965,0.219868,1.468609,0.870789,0.195806,1.430126,-0.030038,-0.011153,-0.437645,0.898577,-0.276788,0.517797,0.150351,-0.082412,0.065638,-0.006491,-0.005735,0.006577,0.006906,11,0.067426,0.067609,9.840319,-0.058845,0.096216,-0.002855,9.841704,0.117594,0.048508,0.028143
66.803053,0.831990,0.246017,1.429005,0.865415,0.289930,1.445013,0.865040,0.235596,1.440144,-0.034335,-0.007122,-0.434012,0.900224,-0.241493,0.598721,0.155583,-0.081215,0.059675,-0.007689,-0.005246,0.006743,0.006893,8,-0.006039,-0.202630,9.792089,-0.141175,0.089196,-0.008906,9.795516,0.179688,0.057461,0.036400
66.832153,0.826037,0.256649,1.431982,0.817497,0.301783,1.483216,0.819598,0.302036,1.480399,-0.002694,-0.006948,0.005074,0.999959,-1.164889,0.288157,0.155583,-0.081208,0.059664,-0.007690,-0.005257,0.006749,0.006911,0,0.000000,0.000000,0.000000,0.000000,0.000000,0.000000,0.000000,0.000000,0.068811,0.066676
66.975499,0.797071,0.311858,1.445302,0.814430,0.318578,1.430291,0.802528,0.314278,1.452703,0.000151,0.000992,0.994548,0.104277,-0.428593,0.185928,-0.033674,-0.082243,0.059668,-0.007690,-0.005272,0.006736,0.006941,30,-0.197438,-0.038693,9.746754,-0.012930,-0.130078,-0.015936,9.752204,0.212696,0.023913,0.009508
67.058576,0.780259,0.345573,1.453008,0.796478,0.349585,1.486543,0.796932,0.351522,1.478908,-0.002698,-0.006947,0.005074,0.999959,-0.216093,0.373237,-0.033674,-0.082192,0.059915,-0.007678,-0.005263,0.006720,0.006920,1,-0.138719,-0.300749,10.059853,-0.100845,-0.028700,-0.060726,10.065304,0.121165,0.037466,0.031372
67.152103,0.761532,0.383937,1.463468,0.773241,0.377795,1.510816,0.777206,0.372739,1.496610,-0.003955,-0.007811,0.024782,0.999655,-0.252177,0.325619,0.062182,-0.080349,0.060114,-0.007690,-0.005227,0.006693,0.006942,5,-0.483798,-0.408078,9.754344,-0.117963,-0.054588,0.061184,9.775008,0.144032,0.049159,0.038333
67.239398,0.744036,0.420965,1.472965,0.792303,0.437593,1.442357,0.788140,0.421105,1.472762,-0.003280,-0.005924,-0.151328,0.988460,-0.068314,0.477731,-0.090550,-0.081377,0.059187,-0.007686,-0.005227,0.006680,0.006952,12,-0.148332,-0.041487,9.634150,0.009953,-0.071755,-0.009382,9.635580,0.099362,0.059524,0.044105
67.330778,0.722788,0.463744,1.483445,0.734025,0.507974,1.508937,0.748946,0.474201,1.489586,-0.001381,0.001502,0.974662,0.223673,-0.234241,0.575223,0.073043,-0.084188,0.060869,-0.007762,-0.005193,0.006685,0.006967,22,-0.040247,-0.240784,9.709372,-0.123250,0.017937,-0.016317,9.717294,0.133871,0.052272,0.028832
67.420090,0.702443,0.504336,1.492779,0.673414,0.543368,1.493618,0.701610,0.517698,1.504110,0.002745,-0.017243,-0.633625,0.773443,-0.389761,0.567625,0.128521,-0.081319,0.062552,-0.007809,-0.005192,0.006682,0.006975,12,-0.255844,-0.265548,9.523258,0.054077,0.012323,-0.002492,9.532539,0.072593,0.048651,0.017540
67.509488,0.680044,0.547913,1.500956,0.726714,0.548332,1.593613,0.718521,0.536625,1.551871,-0.000461,-0.006664,0.973378,-0.229108,-0.214502,0.500850,0.323796,-0.085605,0.059100,-0.007946,-0.005170,0.006691,0.007010,5,0.143406,0.376707,9.828772,0.170511,0.114184,-0.015201,9.837243,0.206254,0.103747,0.064809
67.588452,0.660269,0.586491,1.507901,0.706728,0.618212,1.524345,0.710011,0.581070,1.557984,0.010762,-0.021223,0.964554,0.262810,-0.149090,0.528054,0.294777,-0.082111,0.062113,-0.007925,-0.005155,0.006704,0.006982,9,0.066033,-0.082447,9.862978,0.117796,0.165149,0.005669,9.863920,0.205699,0.058610,0.070795
67.679891,0.635756,0.629906,1.516539,0.638071,0.669809,1.529271,0.642073,0.673660,1.528695,-0.002701,-0.006946,0.005075,0.999959,-0.750854,0.564270,0.294777,-0.082781,0.061849,-0.007713,-0.005166,0.006723,0.006942,1,-0.063152,0.244983,9.672289,0.077839,-0.138113,-0.018013,9.675598,0.159558,0.041948,0.045848
67.762977,0.614882,0.669335,1.524657,0.628113,0.668217,1.564364,0.623962,0.677627,1.550374,-0.003090,0.002816,0.946770,-0.321885,-0.335722,0.187843,0.344924,-0.081061,0.056058,-0.007848,-0.005151,0.006688,0.006953,8,-0.273382,-0.265559,9.951936,0.180160,0.048124,0.045364,9.960702,0.194485,0.041868,0.028506
67.852363,0.591749,0.710251,1.533126,0.622008,0.722401,1.547405,0.629034,0.706321,1.547545,0.002621,-0.003846,-0.471291,0.881966,-0.186574,0.356629,0.154954,-0.081413,0.059193,-0.007853,-0.005153,0.006684,0.006946,18,-0.112342,-0.051210,9.829218,-0.045850,-0.008504,0.020616,9.830757,0.066960,0.035597,0.040169
67.941728,0.569482,0.750518,1.541259,0.566468,0.797799,1.642662,0.592933,0.763376,1.590857,-0.005836,-0.008815,-0.417323,0.908697,-0.281285,0.548532,0.337543,-0.081245,0.056314,-0.007974,-0.005169,0.006716,0.006915,17,0.035264,-0.054070,9.631388,-0.070559,-0.012655,-0.006685,9.632049,0.098211,0.111924,0.056349
68.026984,0.547853,0.787532,1.548716,0.541731,0.791149,1.598113,0.559574,0.777513,1.611262,-0.008025,0.003502,0.941747,-0.336209,-0.323271,0.480945,0.399588,-0.080112,0.059235,-0.007914,-0.005185,0.006698,0.006935,7,-0.125050,0.197883,9.962107,0.078384,0.070655,0.015525,9.965139,0.115090,0.049906,0.064419
68.110067,0.527986,0.827327,1.556806,0.544429,0.866737,1.557682,0.550401,0.829372,1.607876,0.000666,0.011772,0.991277,-0.131267,-0.354273,0.573373,0.300667,-0.077672,0.055831,-0.007746,-0.005179,0.006684,0.006833,16,0.063161,0.004344,9.873517,0.070340,-0.072757,-0.010432,9.874257,0.130821,0.042712,0.055810
68.207669,0.506901,0.871099,1.566050,0.507531,0.897765,1.636765,0.525841,0.860971,1.627779,-0.016857,0.010132,0.994375,-0.104074,-0.347290,0.541658,0.342587,-0.078723,0.055916,-0.007781,-0.005209,0.006619,0.006927,5,0.068000,-0.206855,9.987623,0.075365,-0.107686,0.029347,9.990044,0.137702,0.075578,0.065360
68.299061,0.486517,0.912885,1.574782,0.487404,0.939607,1.541618,0.506009,0.896377,1.619019,0.008198,-0.005793,0.998776,0.048428,-0.261346,0.549223,0.244413,-0.079287,0.057968,-0.007477,-0.005161,0.006608,0.006951,18,-0.199283,-0.301555,9.535468,0.115601,-0.122292,0.041315,9.542723,0.186416,0.042600,0.051082
68.386368,0.465749,0.951970,1.582594,0.421512,0.996128,1.510809,0.466049,0.944895,1.600530,0.024997,-0.027054,0.945843,0.322527,-0.279530,0.500995,0.143808,-0.084683,0.064968,-0.006852,-0.005277,0.006645,0.007000,47,-0.012527,0.422778,9.849812,0.060772,0.023885,-0.014308,9.860170,0.102304,0.095184,0.019283
68.479981,0.443904,0.992962,1.590462,0.452249,1.009303,1.606484,0.447792,0.976944,1.615917,0.006762,-0.024580,0.513327,0.857814,-0.425788,0.552702,0.170309,-0.072921,0.063949,-0.007272,-0.005170,0.006879,0.006986,62,-0.042662,0.111093,9.948048,0.061038,0.005071,0.000323,9.951207,0.100687,0.024360,0.030326
68.569259,0.422803,1.032310,1.599072,0.412552,1.074351,1.504063,0.431966,1.030736,1.582265,0.006257,-0.003740,0.176489,0.984276,-0.343628,0.600513,0.072961,-0.082381,0.059631,-0.005869,-0.005189,0.006864,0.007006,4,0.114981,0.074853,9.747173,0.098512,0.021742,0.004660,9.748428,0.102103,0.104400,0.019207
68.656539,0.400629,1.067670,1.607379,0.359210,1.112620,1.675450,0.401299,1.071636,1.604699,0.006863,-0.009405,0.154750,0.987885,-0.404644,0.608967,0.117964,-0.079661,0.058697,-0.007014,-0.005128,0.006913,0.007028,10,0.032477,0.215244,9.782638,-0.035572,-0.116431,0.013186,9.789586,0.155449,0.091486,0.004834
68.739714,0.379359,1.101283,1.616000,0.366142,1.142909,1.704997,0.372827,1.121747,1.647203,0.006252,-0.004915,0.076991,0.997000,-0.349669,0.582222,0.181981,-0.083867,0.060532,-0.008550,-0.005156,0.006797,0.007046,41,0.049015,-0.101292,9.682756,-0.081779,-0.004407,-0.001117,9.684088,0.133601,0.099135,0.037882
68.837268,0.354066,1.139579,1.625645,0.358404,1.170200,1.591872,0.357429,1.158448,1.639798,0.005560,-0.006379,0.039747,0.999174,-0.311821,0.543725,0.145784,-0.085743,0.063558,-0.007467,-0.005221,0.006695,0.006979,57,-0.046725,0.046454,9.793067,-0.098533,-0.078026,-0.012963,9.796380,0.147291,0.045794,0.023826
68.926655,0.328893,1.172709,1.634253,0.355448,1.217647,1.596163,0.351034,1.193429,1.631137,0.005369,-0.003353,-0.007309,0.999953,-0.276286,0.559805,0.115639,-0.088038,0.064452,-0.007324,-0.005274,0.006611,0.006971,10,0.197813,0.139255,9.721708,-0.027310,0.017496,-0.035447,9.725191,0.084465,0.064617,0.030484
69.022280,0.301450,1.207706,1.643850,0.283357,1.252688,1.630740,0.315692,1.228091,1.640280,0.006409,-0.010178,-0.346999,0.937788,-0.376459,0.559805,0.130624,-0.085291,0.059955,-0.007259,-0.005231,0.006501,0.006977,5,-0.110022,0.061777,9.910082,0.157171,0.031024,-0.004388,9.910975,0.160906,0.050225,0.025122
69.119894,0.273377,1.241347,1.653087,0.255030,1.272465,1.617507,0.282926,1.261500,1.640850,0.008224,-0.005425,-0.245056,0.969459,-0.382428,0.505068,0.106906,-0.086519,0.063154,-0.006696,-0.005282,0.006519,0.006967,30,0.340442,0.106560,9.648892,-0.102024,0.079741,0.022354,9.660409,0.166102,0.050703,0.025437
69.209314,0.248494,1.270577,1.660930,0.274607,1.297118,1.677296,0.277894,1.286917,1.655072,0.003887,-0.003485,-0.193795,0.981028,-0.310072,0.487849,0.123197,-0.090132,0.062093,-0.007698,-0.005134,0.006162,0.006908,3,-0.151184,0.183079,9.836953,-0.144659,-0.093966,-0.000537,9.840225,0.173163,0.040671,0.034142
69.298662,0.220698,1.298941,1.668305,0.210406,1.318613,1.844987,0.242817,1.309164,1.698233,-0.002487,-0.006159,-0.520802,0.853652,-0.388302,0.427427,0.198084,-0.088620,0.063004,-0.012704,-0.005352,0.005945,0.006954,9,0.317263,0.524049,9.756524,-0.154598,-0.159907,-0.010146,9.777607,0.224792,0.178072,0.038594
69.381777,0.195666,1.325907,1.674493,0.225504,1.383750,1.717867,0.234076,1.348001,1.711221,0.002256,-0.005007,-0.318020,0.948068,-0.312066,0.555525,0.195634,-0.089552,0.058721,-0.013263,-0.004957,0.006154,0.006919,7,0.183398,0.199255,9.678028,0.213245,0.181243,0.068770,9.682869,0.290409,0.078213,0.057553
69.460757,0.171407,1.349437,1.681250,0.187363,1.351615,1.758153,0.208287,1.354714,1.725369,0.010282,-0.005818,-0.533332,0.845823,-0.373745,0.414344,0.217170,-0.093280,0.062967,-0.014515,-0.005295,0.005654,0.006976,7,0.116624,-0.251804,10.116739,0.284904,-0.012766,0.035277,10.121676,0.287656,0.078572,0.057745
69.556287,0.142742,1.376039,1.690753,0.122529,1.444650,1.759786,0.172339,1.401305,1.739974,0.008478,-0.011290,-0.572973,0.819453,-0.474070,0.499946,0.222445,-0.086291,0.059778,-0.015133,-0.005173,0.006077,0.007021,14,0.033301,-0.165717,9.895361,0.025799,-0.027333,0.031743,9.897450,0.060452,0.099406,0.062747
69.643542,0.117439,1.398684,1.699052,0.101136,1.417388,1.757190,0.146284,1.409786,1.753614,0.013993,-0.008346,-0.408473,0.912625,-0.449897,0.399633,0.219366,-0.088863,0.067577,-0.016064,-0.005367,0.005925,0.007008,9,-0.150604,-0.140547,9.549741,0.043529,0.039816,0.006107,9.552560,0.061141,0.063211,0.062707
69.722528,0.093691,1.417935,1.704327,0.097323,1.472374,1.771551,0.121454,1.444988,1.769931,0.014120,-0.005965,-0.359650,0.932961,-0.427688,0.431535,0.227058,-0.087407,0.065195,-0.016905,-0.004951,0.006017,0.007072,11,0.021784,-0.028296,9.803396,0.002871,0.074120,0.022791,9.803696,0.101296,0.086578,0.076201
69.807714,0.066554,1.437891,1.711000,0.044729,1.498156,1.737680,0.072436,1.483347,1.780419,0.019164,-0.006135,-0.315995,0.948547,-0.488844,0.406294,0.233904,-0.085715,0.068629,-0.014988,-0.005055,0.006254,0.007019,38,-0.046241,-0.095431,10.087357,0.156656,0.048231,0.009999,10.091444,0.187640,0.069426,0.083186
69.901251,0.038150,1.456511,1.719338,0.029708,1.500093,1.755165,0.034508,1.507829,1.788044,0.017350,-0.006529,-0.236061,0.971562,-0.458408,0.313138,0.198090,-0.087931,0.072309,-0.012335,-0.005116,0.006013,0.007025,95,-0.046244,-0.064990,9.693402,-0.041695,-0.065524,0.001495,9.696016,0.124981,0.057045,0.085832
69.992650,0.009796,1.471102,1.727487,0.021579,1.524075,1.733780,0.022795,1.522456,1.780995,0.016275,-0.004121,-0.141808,0.989752,-0.405200,0.289679,0.162951,-0.089412,0.073692,-0.008884,-0.004978,0.005925,0.007070,48,-0.051199,0.046771,9.711239,-0.034098,0.034301,0.011082,9.714246,0.089019,0.054631,0.075295
70.081988,-0.016270,1.484135,1.734534,-0.005588,1.504837,1.868783,-0.000320,1.525962,1.805097,0.017664,-0.002642,-0.159112,0.987099,-0.396772,0.204978,0.188089,-0.092172,0.077657,-0.012089,-0.005251,0.005684,0.007029,19,0.090568,0.097847,9.889479,-0.073947,0.008663,0.003942,9.894220,0.123848,0.136254,0.083564
70.165109,-0.041859,1.495108,1.741465,-0.068068,1.534937,1.820378,-0.037090,1.541186,1.811894,0.015352,-0.007961,-0.316974,0.948277,-0.468828,0.215855,0.188595,-0.092176,0.075129,-0.011177,-0.004930,0.005524,0.007060,8,0.028774,0.505087,9.904611,0.104477,-0.109573,0.030477,9.919771,0.173026,0.092199,0.084298
70.260731,-0.070787,1.505555,1.748370,-0.072765,1.569603,1.835575,-0.059959,1.559204,1.825135,0.010030,-0.004905,-0.323892,0.946028,-0.444205,0.229862,0.177947,-0.093918,0.072318,-0.011756,-0.004429,0.005324,0.007043,14,-0.057230,-0.031064,9.531942,-0.137429,-0.004467,0.021034,9.533560,0.144324,0.108216,0.094278
70.347971,-0.099133,1.514566,1.754000,-0.138032,1.556037,1.771224,-0.099795,1.562350,1.824034,0.010774,-0.003031,-0.350007,0.936680,-0.516714,0.170826,0.157524,-0.093644,0.076949,-0.009429,-0.004868,0.005322,0.007020,12,-0.165485,0.198797,9.852901,0.029986,0.109899,0.020502,9.862871,0.128204,0.059411,0.084785
70.443543,-0.129133,1.523000,1.759000,-0.169306,1.562524,1.826023,-0.135831,1.570612,1.828082,0.013553,-0.003249,-0.416372,0.909087,-0.529308,0.176468,0.144329,-0.096182,0.076406,-0.008538,-0.004647,0.004989,0.007053,11,-0.339989,0.457448,9.734086,0.064088,0.026379,-0.011228,9.751456,0.082430,0.087568,0.084167
70.530809,-0.155621,1.528570,1.765456,-0.138318,1.564242,1.737168,-0.135079,1.563876,1.727351,-0.002699,-0.006947,0.005074,0.999959,0.355100,0.019688,0.144329,-0.100095,0.073079,-0.007853,-0.004336,0.004604,0.007059,1,-0.205249,-0.324664,9.964104,-0.302202,-0.048320,0.023982,9.971504,0.306978,0.048704,0.055861
70.616038,-0.181404,1.533175,1.770351,-0.182659,1.509518,1.728711,-0.180509,1.514344,1.717670,-0.002697,-0.006947,0.005074,0.999959,-0.520269,-0.642094,0.144329,-0.100250,0.073055,-0.007856,-0.004321,0.004608,0.007050,0,0.000000,0.000000,0.000000,0.000000,0.000000,0.000000,0.000000,0.000000,0.047908,0.055953
70.711643,-0.207920,1.537120,1.776440,-0.200218,1.543937,1.667115,-0.199615,1.526162,1.690796,-0.008220,-0.003507,0.242367,0.970143,-0.308630,0.020331,-0.002718,-0.100500,0.071944,-0.007867,-0.004303,0.004610,0.007051,14,-0.136963,0.353251,9.752574,-0.037921,-0.022015,0.016199,9.761061,0.081367,0.109808,0.086740
70.801030,-0.233458,1.538716,1.782293,-0.261137,1.605077,1.839014,-0.227331,1.538109,1.765776,0.000489,-0.010426,-0.808407,0.588532,-0.395333,0.442411,0.486275,-0.102289,0.073220,-0.007954,-0.004283,0.004628,0.007059,16,-0.037142,0.629878,9.929471,-0.101064,-0.068944,-0.030621,9.950558,0.137090,0.091582,0.017627
70.886188,-0.257954,1.539907,1.787279,-0.258275,1.598580,1.819045,-0.256221,1.571697,1.803813,-0.007923,0.002575,0.979386,0.201828,-0.311619,0.307905,0.569667,-0.100984,0.072484,-0.007901,-0.004304,0.004612,0.007049,9,0.274453,0.499598,9.703707,0.123562,-0.037466,-0.017108,9.720655,0.141709,0.066721,0.035875
70.979703,-0.285306,1.538299,1.792168,-0.324269,1.583421,1.731562,-0.287968,1.586771,1.794815,-0.015131,0.013456,0.902283,0.430669,-0.489950,0.241918,0.370713,-0.102009,0.070382,-0.007730,-0.004298,0.004596,0.007060,7,0.385294,0.358693,9.801437,0.117193,0.078078,0.006220,9.816922,0.142904,0.085013,0.048617
71.066972,-0.309950,1.535487,1.797641,-0.324667,1.582177,1.802048,-0.321963,1.590585,1.789311,-0.002696,-0.006947,0.005074,0.999959,-0.004556,-0.014255,0.370713,-0.100252,0.069370,-0.007659,-0.004321,0.004581,0.007136,1,-0.331438,0.065312,10.029786,-0.007616,0.101745,0.015720,10.035473,0.103234,0.049152,0.057004
71.141802,-0.330652,1.532000,1.802000,-0.332223,1.597890,1.829218,-0.328768,1.598912,1.818713,-0.007607,-0.006312,0.571035,0.820866,-0.060145,0.137187,0.416544,-0.099636,0.068088,-0.007480,-0.004303,0.004585,0.007102,6,0.177399,-0.086361,9.595113,-0.129078,-0.112441,0.002656,9.597158,0.171985,0.071308,0.068993
71.241453,-0.358813,1.522934,1.808378,-0.392375,1.586638,1.859384,-0.367373,1.594305,1.854382,0.001844,-0.011918,-0.366362,0.930394,-0.330344,0.011185,0.479542,-0.101222,0.067278,-0.006314,-0.004289,0.004567,0.007148,18,0.001952,0.017093,9.902689,-0.054768,0.056763,-0.030188,9.905116,0.108700,0.088240,0.085344
71.328793,-0.383691,1.515181,1.813351,-0.377596,1.561659,1.827357,-0.372091,1.576026,1.859242,-0.002907,-0.004063,0.131183,0.991346,-0.110016,-0.050203,0.296246,-0.098381,0.074444,-0.006882,-0.004298,0.004588,0.007024,39,0.186357,0.462409,9.776701,-0.065378,0.086967,0.026847,9.793574,0.139626,0.048924,0.077089
71.411872,-0.406711,1.507144,1.816856,-0.382668,1.537291,1.940082,-0.382487,1.551744,1.908986,0.001909,0.002820,-0.420432,0.907318,-0.081026,-0.130871,0.413382,-0.102008,0.071690,-0.007770,-0.004321,0.004694,0.007154,75,-0.118648,0.190655,9.830799,0.071831,0.012859,-0.000413,9.837841,0.116221,0.129119,0.105186
71.505411,-0.432292,1.497900,1.821367,-0.448338,1.529745,1.829978,-0.420436,1.541244,1.887989,0.008257,-0.010851,-0.485153,0.874323,-0.266727,-0.163333,0.239091,-0.100407,0.076492,-0.007509,-0.004367,0.004787,0.007134,21,0.032770,0.223099,9.663233,0.011561,-0.155165,0.030085,9.669254,0.170233,0.036684,0.080361
71.594833,-0.455799,1.487000,1.825000,-0.481666,1.505853,1.836451,-0.482834,1.504421,1.834452,-0.002698,-0.006946,0.005074,0.999959,-0.372703,-0.267181,0.239091,-0.098931,0.077120,-0.007537,-0.004291,0.004765,0.007138,0,0.000000,0.000000,0.000000,0.000000,0.000000,0.000000,0.000000,0.000000,0.033995,0.033522
71.684111,-0.480654,1.472120,1.829498,-0.542579,1.519384,1.778325,-0.505755,1.523026,1.805007,0.000616,-0.008299,-0.548899,0.835847,-0.600467,-0.004571,-0.009011,-0.096496,0.074540,-0.007523,-0.004277,0.004753,0.007110,18,-0.122937,-0.382156,9.520557,0.084009,0.092883,0.040711,9.529520,0.142491,0.093206,0.061817
71.769310,-0.503431,1.455986,1.833768,-0.549985,1.455886,1.823704,-0.550984,1.485656,1.807497,0.004708,-0.005788,0.161824,0.986791,-0.428756,-0.382968,0.012363,-0.097730,0.074379,-0.007522,-0.004276,0.004709,0.007123,3,0.257186,0.688515,9.919575,0.093475,0.048094,-0.059288,9.946791,0.120943,0.047629,0.061901
71.852411,-0.525648,1.440250,1.837934,-0.547534,1.478503,1.845951,-0.553950,1.483329,1.820561,0.001705,0.000689,0.240932,0.970540,-0.271785,-0.139132,0.090783,-0.098421,0.076923,-0.007526,-0.004273,0.004728,0.007102,11,-0.014605,0.169955,9.750466,0.050214,-0.088484,0.051420,9.752402,0.124216,0.044795,0.054394
71.945963,-0.549346,1.417327,1.842000,-0.580805,1.416884,1.868311,-0.566073,1.451560,1.851577,0.006851,-0.001306,0.233813,0.972256,-0.198821,-0.281302,0.222943,-0.098635,0.076069,-0.007572,-0.004277,0.004754,0.007093,11,-0.055658,0.003130,9.807930,0.146874,0.011234,0.010853,9.808159,0.152789,0.041014,0.039286
72.029173,-0.571447,1.393553,1.846000,-0.613171,1.480822,1.845866,-0.600487,1.462406,1.856437,-0.008405,0.000304,0.409267,0.912376,-0.339496,-0.055721,0.176620,-0.098822,0.072339,-0.007601,-0.004231,0.004751,0.007099,7,-0.065797,0.175748,9.791443,-0.113955,-0.067869,0.000512,9.793631,0.140911,0.096731,0.075453
72.122515,-0.596543,1.364457,1.849000,-0.628478,1.377833,1.848388,-0.614204,1.414865,1.861362,0.018308,-0.018420,0.988587,0.148396,-0.274467,-0.336963,0.162251,-0.095524,0.074422,-0.007428,-0.004264,0.004795,0.007091,12,0.180775,0.695201,9.952006,-0.035324,0.041421,-0.054485,9.978276,0.141013,0.034629,0.054824
72.203622,-0.617568,1.338812,1.851354,-0.620151,1.385188,1.854788,-0.625200,1.404682,1.865130,-0.005240,-0.010081,0.669222,0.742976,-0.063311,-0.293139,0.140894,-0.096199,0.075989,-0.007292,-0.004252,0.004656,0.007054,28,0.219025,0.068311,9.700233,-0.123218,0.014060,-0.029084,9.705952,0.133222,0.046574,0.067726
72.286748,-0.640965,1.309768,1.854581,-0.676433,1.333781,1.862613,-0.650878,1.368891,1.866085,-0.003734,-0.016295,0.749869,0.661376,-0.162125,-0.366792,0.131751,-0.090313,0.074966,-0.006974,-0.004287,0.004700,0.007084,4,0.127427,0.521879,9.972011,-0.026030,-0.077890,0.019770,9.986682,0.084978,0.043579,0.061042
72.369826,-0.662650,1.280863,1.856622,-0.657916,1.295379,1.934901,-0.665171,1.332595,1.894792,-0.000160,-0.012871,0.816144,0.577705,-0.229462,-0.395870,0.169388,-0.093496,0.080775,-0.007807,-0.004336,0.004633,0.007034,26,0.030328,0.557931,9.656826,0.032397,0.068464,-0.015374,9.674225,0.104563,0.079754,0.064339
72.457124,-0.684941,1.250336,1.857747,-0.668985,1.326234,1.806456,-0.682855,1.331232,1.870095,0.001165,-0.000164,0.795652,0.605753,-0.314590,-0.297687,0.087982,-0.099597,0.079297,-0.006372,-0.004284,0.004511,0.007213,6,-0.019377,0.473173,9.834920,0.190447,0.079947,0.011166,9.846841,0.208474,0.092983,0.081860
72.538151,-0.706124,1.220280,1.859466,-0.693326,1.216277,1.890896,-0.696031,1.283161,1.879003,0.006394,-0.003119,0.641657,0.766959,-0.343018,-0.380586,0.119094,-0.095928,0.090907,-0.006470,-0.004411,0.004724,0.007116,11,0.000644,0.263327,10.165443,-0.001943,0.089693,-0.053612,10.169014,0.122451,0.034171,0.066616
72.631725,-0.728921,1.184603,1.862417,-0.755361,1.225579,1.859347,-0.727136,1.259743,1.878476,0.006162,-0.004755,0.269017,0.963104,-0.344098,-0.365626,0.102606,-0.095685,0.085437,-0.006077,-0.004237,0.004840,0.007112,6,-0.263650,-0.023859,9.746990,-0.022749,-0.040665,0.033889,9.751760,0.073068,0.048862,0.076858
72.725104,-0.749339,1.148460,1.865569,-0.773990,1.180203,1.871019,-0.744169,1.216503,1.884283,0.007799,-0.005847,-0.068361,0.997613,-0.302309,-0.449221,0.096189,-0.100868,0.086661,-0.006003,-0.004300,0.004823,0.007081,10,-0.149449,0.452131,9.660307,-0.098376,-0.039511,-0.003799,9.672779,0.113968,0.040558,0.070759
72.824987,-0.771722,1.112439,1.866985,-0.786604,1.140375,1.896318,-0.763912,1.169207,1.891203,0.002211,-0.003345,-0.400549,0.916267,-0.246752,-0.486848,0.101512,-0.106321,0.082409,-0.006084,-0.004310,0.004842,0.007045,14,-0.059212,-0.135236,9.833604,-0.081076,0.016899,0.004893,9.835824,0.096376,0.043155,0.062210
72.918389,-0.792426,1.077722,1.867000,-0.798461,1.120788,1.725496,-0.782836,1.128388,1.853414,0.003363,-0.004371,-0.616902,0.787021,-0.201553,-0.439428,0.034416,-0.106130,0.078941,-0.001246,-0.004335,0.005013,0.007062,36,-0.227956,0.283272,9.953929,0.149336,0.015602,0.012067,9.962717,0.162052,0.148035,0.053326
73.018205,-0.814596,1.041655,1.868212,-0.891600,1.058930,1.800543,-0.844327,1.076380,1.845211,0.012557,-0.013023,-0.811514,0.584053,-0.348874,-0.498447,0.016616,-0.107274,0.076941,-0.000207,-0.004637,0.004512,0.007161,31,-0.110039,0.103869,9.790902,0.128406,-0.008433,-0.017793,9.794299,0.142739,0.103957,0.051174
73.115851,-0.834024,1.005960,1.869669,-0.824827,1.040785,1.883097,-0.839422,1.054472,1.859927,0.008816,0.008001,0.885321,-0.464829,-0.239223,-0.396761,0.039283,-0.102809,0.074363,-0.001947,-0.004727,0.005146,0.007063,13,-0.152252,0.016539,9.872944,-0.135785,-0.107818,-0.005404,9.874554,0.181431,0.038441,0.049775
73.213508,-0.855017,0.969380,1.871472,-0.917014,1.003471,1.865828,-0.866857,1.020059,1.860309,0.006579,0.005406,0.895156,-0.445671,-0.320491,-0.380051,0.027895,-0.117596,0.083120,-0.001844,-0.004748,0.004762,0.007072,2,-0.011308,-0.022665,9.686029,0.128151,0.023557,0.052655,9.686076,0.140690,0.070976,0.053227
73.275885,-0.868858,0.945513,1.872057,-0.893495,0.996497,1.881829,-0.873171,0.994249,1.865102,0.006860,0.001541,0.976247,-0.216547,-0.263732,-0.408303,0.043679,-0.111848,0.095337,-0.001694,-0.005029,0.005216,0.007219,4,0.026115,0.301438,9.884360,0.092403,0.192902,0.035611,9.889694,0.217887,0.057463,0.049419
73.291684,-0.872218,0.939688,1.872281,-0.866490,0.953081,1.915003,-0.857758,0.967356,1.877880,0.016442,-0.006338,0.998845,0.044692,-0.168291,-0.500303,0.072201,-0.112316,0.102429,-0.005694,-0.004857,0.005560,0.007336,15,0.146690,0.028386,9.911132,0.024296,0.121488,0.023704,9.912559,0.130475,0.045137,0.031717
73.309073,-0.875917,0.933277,1.872528,-0.889255,0.961273,1.885251,-0.888775,0.961769,1.886187,-0.002700,-0.006948,0.005075,0.999959,-1.129117,0.406320,0.072201,-0.093040,0.111549,-0.003308,-0.004804,0.004684,0.007425,0,0.000000,0.000000,0.000000,0.000000,0.000000,0.000000,0.000000,0.000000,0.033520,0.034113
73.325646,-0.879442,0.927167,1.872763,-0.885765,0.955062,1.860238,-0.885205,0.957648,1.856927,-0.002697,-0.006947,0.005074,0.999959,0.210582,-0.374796,0.072201,-0.102922,0.103846,-0.003374,-0.004619,0.004449,0.007262,0,0.000000,0.000000,0.000000,0.000000,0.000000,0.000000,0.000000,0.000000,0.031224,0.034829
73.342257,-0.882975,0.921043,1.872998,-0.883713,0.978565,1.830659,-0.878313,0.957511,1.832178,-0.006849,-0.002638,0.726116,0.687533,0.233903,0.716408,0.028082,-0.104459,0.103730,-0.003223,-0.004462,0.004284,0.007217,8,0.096190,0.471493,9.597540,-0.002824,0.026247,-0.009768,9.610078,0.046807,0.071427,0.054935
73.358973,-0.886585,0.913831,1.873000,-0.886664,0.955300,1.845696,-0.885787,0.961620,1.841278,-0.009469,-0.006895,0.962558,0.270821,0.038771,-0.068035,0.034339,-0.106487,0.100351,-0.003169,-0.004245,0.004231,0.007193,17,-0.265762,0.248726,9.810847,-0.046762,0.032556,-0.007603,9.819702,0.072099,0.049651,0.057365
73.375550,-0.890136,0.907356,1.873209,-0.887960,0.914379,1.920691,-0.890208,0.939469,1.858990,0.004080,0.005620,-0.784303,0.620339,0.265516,-0.489651,0.116365,-0.109645,0.097625,-0.003202,-0.004041,0.004151,0.007114,16,-0.174101,0.230554,10.049137,-0.024071,0.018511,-0.007807,10.056163,0.039505,0.048047,0.035121
73.392215,-0.893717,0.900910,1.873448,-0.890297,0.924957,1.893476,-0.891639,0.939387,1.871461,-0.001716,-0.008572,-0.235616,0.971807,0.057928,-0.199084,0.148846,-0.111457,0.097509,-0.003195,-0.003813,0.004168,0.007068,17,-0.209006,0.123398,9.719800,-0.024094,0.077448,0.004011,9.724423,0.087942,0.031482,0.038584
73.408841,-0.897289,0.894480,1.873686,-0.930185,0.913119,1.837954,-0.907633,0.930928,1.862690,-0.004383,-0.009343,0.254753,0.966951,-0.285345,-0.208343,0.079612,-0.109985,0.093733,-0.003319,-0.003563,0.004222,0.007069,17,-0.114143,-0.038843,9.745875,0.063880,0.051886,-0.003127,9.748070,0.088790,0.052022,0.039451
73.425434,-0.900854,0.888062,1.873924,-0.939066,0.912212,1.843761,-0.918898,0.927050,1.857601,-0.011314,-0.003711,0.651815,0.758285,-0.395716,-0.177741,0.041473,-0.112192,0.088508,-0.003330,-0.003409,0.004306,0.007089,17,-0.134156,0.068964,9.756537,0.159873,0.018149,-0.013035,9.758841,0.174597,0.054343,0.045958
73.442066,-0.904183,0.882635,1.874000,-0.923685,0.918440,1.902617,-0.915421,0.926644,1.869513,-0.022463,0.009888,0.965372,-0.259721,-0.158308,-0.114606,0.104640,-0.111760,0.086518,-0.003504,-0.003287,0.004515,0.006989,17,-0.230072,0.172437,9.687965,0.201158,-0.052152,-0.003074,9.693312,0.215233,0.049813,0.045642
73.458631,-0.907821,0.875672,1.874313,-0.890864,0.889784,1.918903,-0.904697,0.916415,1.879616,0.000356,0.006231,0.666648,0.745346,0.013503,-0.203763,0.156394,-0.110721,0.083549,-0.003540,-0.003363,0.004749,0.006972,16,-0.127609,-0.273154,9.749484,-0.036780,-0.044888,0.010343,9.756140,0.109041,0.049748,0.041205
73.475301,-0.911380,0.868949,1.874709,-0.930592,0.913427,1.908879,-0.911777,0.916556,1.883235,0.000303,0.009004,0.922517,-0.385851,-0.134735,-0.212069,0.129666,-0.111725,0.074219,-0.003606,-0.003517,0.004977,0.006939,17,-0.217096,0.129200,9.710933,-0.153852,0.008383,-0.023847,9.716338,0.164937,0.059287,0.048366
73.491925,-0.914929,0.862245,1.875103,-0.907638,0.888523,1.896098,-0.914939,0.907742,1.890702,-0.002621,-0.000578,0.609492,0.792788,-0.089693,-0.377619,0.200442,-0.102652,0.068744,-0.003391,-0.003704,0.005121,0.007021,17,-0.064625,0.355071,9.657458,-0.003182,-0.023110,-0.052722,9.664777,0.092192,0.034417,0.048097
73.508426,-0.918452,0.855591,1.875495,-0.967332,0.871775,1.935873,-0.924137,0.903624,1.897324,0.000345,-0.005269,-0.237265,0.971431,-0.211739,-0.370534,0.202099,-0.103274,0.070412,-0.003202,-0.004014,0.005300,0.007036,16,-0.251734,0.316710,9.546619,0.067480,-0.041489,0.030724,9.555942,0.097796,0.079352,0.053066
73.525129,-0.922018,0.848854,1.875891,-0.952091,0.876061,1.846303,-0.917820,0.898700,1.891347,0.001275,-0.004947,-0.739944,0.672649,-0.100350,-0.315426,0.146601,-0.109914,0.083561,-0.004118,-0.004366,0.005734,0.006953,17,0.063605,0.178622,9.706184,0.045825,-0.017305,0.044555,9.709060,0.078667,0.050200,0.052355
73.541736,-0.925000,0.841825,1.876000,-0.936699,0.897438,1.909481,-0.914273,0.904043,1.893975,-0.000216,0.013567,0.958618,-0.284372,0.016094,-0.211513,0.144891,-0.108183,0.088665,-0.004957,-0.004545,0.005580,0.006935,17,-0.077031,0.215176,9.594350,0.015446,-0.052464,-0.004154,9.598357,0.067581,0.065960,0.065644
73.558430,-0.928010,0.835147,1.876000,-0.945718,0.878643,1.838281,-0.923747,0.892159,1.887171,-0.013253,0.000890,0.998259,-0.057467,-0.100491,-0.278726,0.098076,-0.116687,0.098939,-0.005559,-0.004712,0.005381,0.006962,17,-0.161227,0.304401,9.536455,-0.018116,-0.051771,-0.010000,9.544809,0.070503,0.060235,0.058252
73.575053,-0.931438,0.828483,1.876000,-0.960970,0.851075,1.880516,-0.935118,0.878492,1.889319,0.019209,-0.011623,0.858277,0.512696,-0.105535,-0.258076,0.101868,-0.095678,0.103234,-0.002962,-0.004690,0.004867,0.007108,17,-0.377492,0.101825,9.443935,-0.050771,0.020797,0.032579,9.453092,0.084216,0.037456,0.051883
73.591677,-0.934865,0.821818,1.876000,-0.968341,0.819992,1.904048,-0.942317,0.869132,1.891960,-0.015969,-0.019502,0.409264,0.912068,-0.328123,-0.313775,0.097027,-0.096204,0.097062,-0.003549,-0.004599,0.004805,0.007053,17,-0.243935,0.541716,9.706608,-0.039720,0.034797,-0.008562,9.731221,0.104748,0.043711,0.050486
73.608243,-0.938281,0.815177,1.876000,-0.965481,0.851575,1.782177,-0.936589,0.869912,1.875663,0.000157,-0.006927,-0.199455,0.979882,-0.222981,-0.224355,0.006652,-0.104432,0.102686,-0.003190,-0.004579,0.004661,0.007057,16,0.028930,0.425103,9.799136,0.001912,0.027758,0.012378,9.812880,0.051741,0.104247,0.054762
73.624931,-0.941721,0.808487,1.876000,-0.938354,0.867165,1.955552,-0.928416,0.868847,1.888616,-0.001055,-0.004309,-0.697732,0.716345,-0.057791,-0.191416,0.071007,-0.111748,0.095992,-0.003307,-0.004467,0.004506,0.007008,10,-0.178823,0.329660,10.089454,-0.045810,0.035747,0.025057,10.097696,0.067599,0.098909,0.063083
73.641457,-0.946000,0.801541,1.876000,-0.968888,0.755947,2.010171,-0.973239,0.752356,2.013430,-0.002697,-0.006947,0.005074,0.999959,-0.317690,-1.157183,0.071007,-0.103135,0.089903,-0.003328,-0.004364,0.004416,0.006963,0,0.000000,0.000000,0.000000,0.000000,0.000000,0.000000,0.000000,0.000000,0.143543,0.148486
73.658152,-0.948777,0.795272,1.876000,-0.996863,0.841217,1.810674,-0.993833,0.842734,1.805947,-0.002697,-0.006947,0.005074,0.999959,-0.374080,1.140203,0.071007,-0.101605,0.104346,-0.003423,-0.004247,0.004405,0.006999,0,0.000000,0.000000,0.000000,0.000000,0.000000,0.000000,0.000000,0.000000,0.093224,0.095865
73.674790,-0.952231,0.788149,1.876000,-1.019271,0.849541,1.819521,-1.020316,0.854032,1.817535,-0.002697,-0.006947,0.005074,0.999959,-1.124889,0.417880,0.071007,-0.112398,0.102825,-0.003175,-0.004102,0.004281,0.006908,0,0.000000,0.000000,0.000000,0.000000,0.000000,0.000000,0.000000,0.000000,0.107020,0.111330
73.691367,-0.955672,0.781052,1.876000,-1.038543,0.814167,1.862927,-1.038913,0.812811,1.863424,-0.002697,-0.006947,0.005074,0.999959,-0.574093,-1.053763,0.071007,-0.115899,0.095061,-0.003287,-0.003902,0.004166,0.006934,0,0.000000,0.000000,0.000000,0.000000,0.000000,0.000000,0.000000,0.000000,0.090195,0.089977
73.708116,-0.959148,0.773881,1.876000,-0.950304,0.800049,1.866393,-0.958592,0.796443,1.855576,-0.002697,-0.006947,0.005074,0.999959,1.184927,-0.189597,0.071007,-0.113024,0.088207,-0.003290,-0.003735,0.004155,0.006883,0,0.000000,0.000000,0.000000,0.000000,0.000000,0.000000,0.000000,0.000000,0.029245,0.030439
73.724205,-0.962331,0.767006,1.875669,-0.985109,0.790311,1.923349,-0.986741,0.787809,1.919740,-0.002697,-0.006947,0.005074,0.999959,-1.155619,-0.323333,0.071007,-0.107056,0.087405,-0.003456,-0.003600,0.004233,0.006882,0,0.000000,0.000000,0.000000,0.000000,0.000000,0.000000,0.000000,0.000000,0.057752,0.054506
73.741272,-0.965509,0.759585,1.874868,-0.972596,0.769281,1.815393,-0.972787,0.765684,1.798320,-0.002697,-0.006947,0.005074,0.999959,0.613605,-1.031256,0.071007,-0.104659,0.091497,-0.003484,-0.003494,0.004378,0.006855,0,0.000000,0.000000,0.000000,0.000000,0.000000,0.000000,0.000000,0.000000,0.060675,0.077134
73.757900,-0.968896,0.752276,1.874690,-0.979877,0.783677,1.758860,-0.979516,0.780578,1.765376,-0.002697,-0.006947,0.005074,0.999959,-0.437869,0.865799,0.071007,-0.111712,0.092676,-0.003693,-0.003412,0.004528,0.006760,0,0.000000,0.000000,0.000000,0.000000,0.000000,0.000000,0.000000,0.000000,0.120511,0.113416
73.774393,-0.972256,0.745026,1.874513,-1.025051,0.724506,1.876950,-1.027059,0.727221,1.875607,-0.002697,-0.006947,0.005074,0.999959,-0.728193,-0.953800,0.071007,-0.116054,0.085639,-0.003530,-0.003380,0.004620,0.006754,0,0.000000,0.000000,0.000000,0.000000,0.000000,0.000000,0.000000,0.000000,0.056696,0.057633
73.791216,-0.975683,0.737632,1.874332,-0.986287,0.713267,1.893562,-0.986670,0.717302,1.885036,-0.002697,-0.006947,0.005074,0.999959,1.152538,-0.334151,0.071007,-0.110932,0.077629,-0.003563,-0.003384,0.004803,0.006744,0,0.000000,0.000000,0.000000,0.000000,0.000000,0.000000,0.000000,0.000000,0.032801,0.025467
73.807785,-0.979058,0.730349,1.874155,-1.019044,0.757332,1.848710,-1.015539,0.754836,1.851171,-0.002697,-0.006947,0.005074,0.999959,-0.715901,0.963060,0.071007,-0.103564,0.078139,-0.003539,-0.003530,0.004975,0.006745,0,0.000000,0.000000,0.000000,0.000000,0.000000,0.000000,0.000000,0.000000,0.054538,0.049586
73.824393,-0.982543,0.722914,1.874000,-0.960795,0.757360,1.890199,-0.964180,0.757687,1.891704,-0.002697,-0.006947,0.005074,0.999959,1.200000,0.000581,0.071007,-0.103138,0.081545,-0.003533,-0.003704,0.005052,0.006819,0,0.000000,0.000000,0.000000,0.000000,0.000000,0.000000,0.000000,0.000000,0.043841,0.043125
73.841028,-0.984875,0.716971,1.873930,-1.017510,0.707686,1.878011,-1.017996,0.706825,1.880860,-0.002697,-0.006947,0.005074,0.999959,-0.902704,-0.790648,0.071007,-0.109604,0.081578,-0.003470,-0.003816,0.005087,0.006911,0,0.000000,0.000000,0.000000,0.000000,0.000000,0.000000,0.000000,0.000000,0.034175,0.035327
73.857723,-0.988023,0.709667,1.873678,-1.004585,0.742348,1.899770,-1.004854,0.745907,1.896410,-0.002697,-0.006947,0.005074,0.999959,0.419249,1.124380,0.071007,-0.106854,0.071375,-0.003266,-0.003885,0.005094,0.006792,0,0.000000,0.000000,0.000000,0.000000,0.000000,0.000000,0.000000,0.000000,0.044980,0.045972
73.874280,-0.991145,0.702423,1.873428,-0.995983,0.732302,1.893457,-0.995465,0.731946,1.888761,-0.002697,-0.006947,0.005074,0.999959,0.519568,-0.606777,0.071007,-0.102870,0.084850,-0.003961,-0.004154,0.005671,0.006705,0,0.000000,0.000000,0.000000,0.000000,0.000000,0.000000,0.000000,0.000000,0.036294,0.033546
73.890890,-0.994277,0.695156,1.873178,-1.041143,0.706155,1.914766,-1.041180,0.706544,1.917301,-0.002697,-0.006947,0.005074,0.999959,-1.038497,-0.601269,0.071007,-0.106694,0.096680,-0.004486,-0.004360,0.005566,0.006640,0,0.000000,0.000000,0.000000,0.000000,0.000000,0.000000,0.000000,0.000000,0.063616,0.065394
73.907510,-0.997411,0.687885,1.872927,-1.028801,0.742353,1.780776,-1.029039,0.744710,1.772603,-0.002697,-0.006947,0.005074,0.999959,0.387264,1.135793,0.071007,-0.118213,0.105140,-0.004979,-0.004499,0.005537,0.006770,0,0.000000,0.000000,0.000000,0.000000,0.000000,0.000000,0.000000,0.000000,0.111552,0.119558
73.924156,-1.000551,0.680603,1.872676,-1.048223,0.683919,1.852418,-1.050544,0.687433,1.844641,-0.002697,-0.006947,0.005074,0.999959,-0.378495,-1.138745,0.071007,-0.123757,0.099908,-0.005365,-0.004663,0.005418,0.006916,0,0.000000,0.000000,0.000000,0.000000,0.000000,0.000000,0.000000,0.000000,0.051905,0.057723
73.940773,-1.003684,0.673333,1.872425,-1.047131,0.685529,1.902870,-1.048655,0.685041,1.903015,-0.002697,-0.006947,0.005074,0.999959,0.065739,0.096926,0.071007,-0.096020,0.098374,-0.003262,-0.004653,0.005054,0.007149,0,0.000000,0.000000,0.000000,0.000000,0.000000,0.000000,0.000000,0.000000,0.054436,0.055635
73.957409,-1.006821,0.666055,1.872174,-1.046079,0.677775,1.871955,-1.048215,0.676520,1.869117,-0.002697,-0.006947,0.005074,0.999959,0.063222,-0.466115,0.071007,-0.098564,0.097489,-0.003644,-0.004695,0.004957,0.006999,0,0.000000,0.000000,0.000000,0.000000,0.000000,0.000000,0.000000,0.000000,0.040971,0.042806
73.973963,-1.009903,0.659195,1.872000,-1.076313,0.678394,1.864920,-1.072341,0.682341,1.854180,-0.002697,-0.006947,0.005074,0.999959,-1.199748,0.024592,0.071007,-0.102732,0.102376,-0.003680,-0.004698,0.004905,0.006987,0,0.000000,0.000000,0.000000,0.000000,0.000000,0.000000,0.000000,0.000000,0.069492,0.068934
73.990490,-1.011891,0.653109,1.871109,-0.985092,0.696413,1.847872,-0.988764,0.694510,1.850301,-0.002697,-0.006947,0.005074,0.999959,1.177253,0.232543,0.071007,-0.105488,0.101986,-0.003399,-0.004663,0.004840,0.006945,0,0.000000,0.000000,0.000000,0.000000,0.000000,0.000000,0.000000,0.000000,0.055977,0.051787
74.007312,-1.015002,0.645870,1.871000,-1.067459,0.678004,1.917434,-1.067656,0.678640,1.917838,-0.002697,-0.006947,0.005074,0.999959,-1.171105,-0.261749,0.071007,-0.107180,0.098956,-0.003476,-0.004636,0.004826,0.006954,0,0.000000,0.000000,0.000000,0.000000,0.000000,0.000000,0.000000,0.000000,0.077074,0.077718
74.025984,-1.018506,0.637547,1.871000,-1.037581,0.671360,1.853016,-1.039972,0.673923,1.846308,-0.002697,-0.006947,0.005074,0.999959,1.171393,-0.260457,0.071007,-0.106486,0.095916,-0.003456,-0.004597,0.004799,0.006932,0,0.000000,0.000000,0.000000,0.000000,0.000000,0.000000,0.000000,0.000000,0.042786,0.048925
74.042593,-1.020782,0.631218,1.870000,-1.042999,0.653113,1.920619,-1.042966,0.652882,1.919580,-0.002697,-0.006947,0.005074,0.999959,-0.326247,-1.098691,0.071007,-0.104245,0.094237,-0.003462,-0.004609,0.004849,0.006947,0,0.000000,0.000000,0.000000,0.000000,0.000000,0.000000,0.000000,0.000000,0.059458,0.058478
74.059209,-1.024000,0.622957,1.869957,-1.053023,0.623197,1.938738,-1.051242,0.622369,1.945536,-0.002697,-0.006947,0.005074,0.999959,-0.381252,-1.137826,0.071007,-0.101750,0.094205,-0.003471,-0.004612,0.004878,0.006955,0,0.000000,0.000000,0.000000,0.000000,0.000000,0.000000,0.000000,0.000000,0.074654,0.080341
74.075847,-1.026377,0.617869,1.869000,-1.035715,0.600381,1.799218,-1.036363,0.599499,1.794912,-0.002697,-0.006947,0.005074,0.999959,0.725250,-0.956040,0.071007,-0.099831,0.095427,-0.003477,-0.004644,0.004898,0.007000,0,0.000000,0.000000,0.000000,0.000000,0.000000,0.000000,0.000000,0.000000,0.072544,0.076982
74.091772,-1.028540,0.611921,1.868000,-1.014739,0.645679,1.926405,-1.019677,0.645137,1.923931,-0.002697,-0.006947,0.005074,0.999959,0.504230,1.088922,0.071007,-0.098902,0.097334,-0.003479,-0.004696,0.004906,0.006922,0,0.000000,0.000000,0.000000,0.000000,0.000000,0.000000,0.000000,0.000000,0.068857,0.065652
74.109088,-1.032144,0.603712,1.868000,-1.018093,0.629538,1.935982,-1.017311,0.628794,1.928387,-0.002697,-0.006947,0.005074,0.999959,-0.193664,-0.932109,0.071007,-0.099358,0.098674,-0.003516,-0.004742,0.004916,0.006942,0,0.000000,0.000000,0.000000,0.000000,0.000000,0.000000,0.000000,0.000000,0.074067,0.067050
74.125708,-1.034000,0.600732,1.867866,-1.075080,0.623337,1.893995,-1.076425,0.623701,1.895895,-0.002697,-0.006947,0.005074,0.999959,-1.192959,-0.129800,0.071007,-0.100339,0.097976,-0.003556,-0.004763,0.004900,0.006956,0,0.000000,0.000000,0.000000,0.000000,0.000000,0.000000,0.000000,0.000000,0.053678,0.055795
74.142356,-1.034000,0.600172,1.867586,-1.088465,0.631827,1.887611,-1.084016,0.635003,1.879046,-0.002697,-0.006947,0.005074,0.999959,-0.804003,0.509965,0.071007,-0.103485,0.103236,-0.003737,-0.004774,0.004949,0.006977,0,0.000000,0.000000,0.000000,0.000000,0.000000,0.000000,0.000000,0.000000,0.066102,0.062017
74.158959,-1.034000,0.599613,1.867306,-1.062385,0.656189,1.859768,-1.062644,0.656050,1.860156,-0.002697,-0.006947,0.005074,0.999959,0.876935,0.819137,0.071007,-0.103353,0.100214,-0.003265,-0.004720,0.004828,0.006927,0,0.000000,0.000000,0.000000,0.000000,0.000000,0.000000,0.000000,0.000000,0.063745,0.063692
74.175643,-1.034000,0.599051,1.867026,-1.062565,0.584581,1.874065,-1.058312,0.584967,1.864309,-0.002697,-0.006947,0.005074,0.999959,-0.003019,-1.199996,0.071007,-0.104547,0.098434,-0.003547,-0.004728,0.004878,0.006985,0,0.000000,0.000000,0.000000,0.000000,0.000000,0.000000,0.000000,0.000000,0.032786,0.028228
74.192201,-1.045915,0.571170,1.865000,-1.078068,0.563046,1.807403,-1.078175,0.560732,1.806314,-0.002697,-0.006947,0.005074,0.999959,-0.701116,-0.973877,0.071007,-0.103998,0.096447,-0.003516,-0.004704,0.004948,0.006954,0,0.000000,0.000000,0.000000,0.000000,0.000000,0.000000,0.000000,0.000000,0.066462,0.067776
74.208812,-1.048345,0.565310,1.864655,-1.043280,0.584167,1.862051,-1.038388,0.589801,1.848477,-0.002697,-0.006947,0.005074,0.999959,1.025749,0.622768,0.071007,-0.102608,0.095008,-0.003534,-0.004700,0.005025,0.006969,0,0.000000,0.000000,0.000000,0.000000,0.000000,0.000000,0.000000,0.000000,0.019699,0.030996
74.225478,-1.051000,0.558439,1.864000,-1.077564,0.598435,1.828553,-1.077476,0.596296,1.833454,-0.002697,-0.006947,0.005074,0.999959,-1.107884,0.461078,0.071007,-0.100794,0.094193,-0.003554,-0.004697,0.005154,0.006953,0,0.000000,0.000000,0.000000,0.000000,0.000000,0.000000,0.000000,0.000000,0.059681,0.055382
74.242088,-1.054119,0.552642,1.863881,-1.108563,0.558343,1.898739,-1.105404,0.560339,1.898388,-0.002697,-0.006947,0.005074,0.999959,-0.734008,-0.949332,0.071007,-0.098928,0.093972,-0.003576,-0.004692,0.005272,0.006941,0,0.000000,0.000000,0.000000,0.000000,0.000000,0.000000,0.000000,0.000000,0.064897,0.062290
74.258756,-1.056586,0.544827,1.863000,-1.007104,0.597919,1.779340,-1.007756,0.596571,1.774286,-0.002697,-0.006947,0.005074,0.999959,1.117958,0.436085,0.071007,-0.097284,0.094166,-0.003598,-0.004683,0.005386,0.006949,0,0.000000,0.000000,0.000000,0.000000,0.000000,0.000000,0.000000,0.000000,0.110753,0.113719
74.275284,-1.058030,0.541970,1.862030,-1.124441,0.552196,1.910873,-1.120911,0.563264,1.897854,-0.002697,-0.006947,0.005074,0.999959,-1.118110,-0.435695,0.071007,-0.096019,0.094533,-0.003619,-0.004677,0.005509,0.006956,0,0.000000,0.000000,0.000000,0.000000,0.000000,0.000000,0.000000,0.000000,0.083069,0.075437
74.291957,-1.062000,0.532855,1.862000,-1.084698,0.585163,1.828156,-1.087114,0.586341,1.824057,-0.002697,-0.006947,0.005074,0.999959,0.923607,0.766127,0.071007,-0.095208,0.094815,-0.003637,-0.004665,0.005598,0.006985,0,0.000000,0.000000,0.000000,0.000000,0.000000,0.000000,0.000000,0.000000,0.066307,0.070222
74.308570,-1.064559,0.526882,1.862000,-1.116138,0.554268,1.846074,-1.114116,0.557957,1.844028,-0.002697,-0.006947,0.005074,0.999959,-0.855921,-0.841070,0.071007,-0.103845,0.098762,-0.004311,-0.004645,0.005609,0.006868,0,0.000000,0.000000,0.000000,0.000000,0.000000,0.000000,0.000000,0.000000,0.060531,0.061192
