timestamp,gt_x,gt_y,gt_z,wls_x,wls_y,wls_z,lc_x,lc_y,lc_z,lc_qx,lc_qy,lc_qz,lc_qw,lc_vx,lc_vy,lc_vz,lc_bias_ax,lc_bias_ay,lc_bias_az,wls_gt_err,lc_gt_err,integ_chi2,integ_threshold,integ_dof,integ_fault,integ_ring_sum,integ_ring_ok,integ_hpl,integ_vpl,integ_available,integ_excluded_idx,nlos_rejected_count,nlos_rejected_pairs
0.008942,1.474000,-0.071000,0.079000,1.486238,-0.107461,0.027792,1.486238,-0.107461,0.027792,-0.002768,-0.006919,0.015221,0.999856,0.000000,0.000000,0.000000,0.000000,0.000000,0.000000,0.064042,0.064042,9.572025,20.515006,5,0,0.000000,1,0.472351,0.777433,1,-1,0,none
0.025482,1.474000,-0.071000,0.079000,1.478597,-0.080740,0.075041,1.482421,-0.094087,0.051418,-0.002807,-0.006943,0.015214,0.999856,0.000913,0.003021,0.000327,0.000000,-0.000000,-0.000000,0.011475,0.036942,0.422221,20.515006,5,0,0.000000,1,0.471038,0.774145,1,-1,0,none
0.042023,1.474000,-0.071000,0.079000,1.496294,-0.105565,0.117839,1.487111,-0.097956,0.073591,-0.001291,-0.006184,0.015029,0.999867,0.002337,0.004816,0.000926,-0.000000,0.000000,-0.000000,0.056571,0.030460,2.266975,18.466827,4,0,0.000000,1,0.469338,0.926261,1,3,0,none
0.058686,1.474000,-0.071000,0.079000,1.440107,-0.139415,0.117937,1.475176,-0.108420,0.084682,0.000929,-0.008615,0.015152,0.999848,0.000768,0.004446,0.001636,0.000000,0.000000,-0.000000,0.085705,0.037867,3.868550,20.515006,5,0,0.000000,1,0.468706,0.764826,1,-1,0,none
0.091874,1.474000,-0.071000,0.079000,1.508674,-0.175072,0.192033,1.482348,-0.122061,0.106288,0.004264,-0.005765,0.015910,0.999848,0.006748,0.001260,0.004348,-0.000000,0.000001,-0.000001,0.157510,0.058494,-12848045674608398.000000,20.515006,5,0,0.000000,1,0.569956,0.960274,1,-1,0,none
0.108500,1.474000,-0.071000,0.079000,1.524644,-0.137276,0.270050,1.489494,-0.123422,0.134129,-0.000206,-0.003593,0.016492,0.999858,0.013003,0.009902,0.008219,-0.000001,0.000001,-0.000004,0.208465,0.077636,2.080082,18.466827,4,0,0.000000,1,0.655400,1.085654,1,1,0,none
0.125187,1.474000,-0.071000,0.079000,1.472753,-0.098936,0.183781,1.487057,-0.119592,0.141454,-0.001897,-0.004663,0.016458,0.999852,0.012065,0.016063,0.009665,-0.000000,0.000001,-0.000005,0.108448,0.080200,10.504110,18.466827,4,0,0.000000,1,0.466979,0.919389,1,3,0,none
0.143813,1.474000,-0.071000,0.079000,1.390029,-0.139071,0.041962,1.474057,-0.122029,0.128917,-0.000521,-0.010160,0.016093,0.999819,-0.003108,0.014660,0.007103,0.000002,0.000001,-0.000002,0.114266,0.071384,2.212432,18.466827,4,0,0.000000,1,0.413239,0.822336,1,5,0,none
0.160448,1.474000,-0.071000,0.079000,1.461215,-0.116621,0.043514,1.474057,-0.122029,0.128917,-0.000521,-0.010160,0.016093,0.999819,-0.003108,0.014660,0.007103,0.000002,0.000001,-0.000002,0.059195,0.071384,-12194561935935486.000000,20.515006,5,0,0.000000,1,1.329751,1.242189,0,-1,0,none
0.177042,1.474000,-0.071000,0.079000,1.468120,-0.099055,0.052161,1.473060,-0.118701,0.120398,-0.001633,-0.010928,0.015954,0.999812,-0.006058,0.023428,0.004634,0.000002,0.000000,0.000001,0.039268,0.063167,-3654543929574970.000000,20.515006,5,0,0.000000,1,0.653881,0.829977,1,-1,0,none
0.193709,1.474000,-0.071000,0.079000,1.520332,-0.124142,0.046573,1.478377,-0.118995,0.112829,-0.001157,-0.008642,0.016052,0.999833,0.003634,0.024101,0.001560,-0.000000,0.000000,0.000005,0.077604,0.058882,5.559756,18.466827,4,0,0.000000,1,0.658986,0.806753,1,3,0,none
0.210321,1.474000,-0.071000,0.079000,1.505430,-0.118503,0.067855,1.478377,-0.118995,0.112829,-0.001157,-0.008642,0.016052,0.999833,0.003634,0.024101,0.001560,-0.000000,0.000000,0.000005,0.058039,0.058882,-317237016678906.500000,20.515006,5,0,0.000000,1,0.371559,2.430806,0,-1,0,none
0.226978,1.474000,-0.071000,0.079000,1.480376,-0.178418,0.116733,1.478740,-0.125158,0.113216,0.002772,-0.008581,0.016130,0.999829,0.004939,0.009441,0.002134,-0.000000,0.000004,0.000005,0.114031,0.064236,4.679217,18.466827,4,0,0.000000,1,0.595483,0.835247,1,7,0,none
0.243561,1.474000,-0.071000,0.079000,1.475072,-0.121004,0.200148,1.478440,-0.124455,0.121068,0.002222,-0.008710,0.016117,0.999830,0.004601,0.013016,0.006699,0.000000,0.000004,-0.000002,0.131067,0.068168,4.543472,18.466827,4,0,0.000000,1,0.413236,0.806502,1,5,0,none
0.276847,1.474000,-0.071000,0.079000,1.447050,-0.139871,0.167618,1.474788,-0.125866,0.125211,0.003331,-0.011118,0.016058,0.999804,-0.008593,0.009192,0.009759,0.000003,0.000005,-0.000007,0.115424,0.071738,2.066969,20.515006,5,0,0.000000,1,0.467805,0.759996,1,-1,0,none
0.293453,1.474000,-0.071000,0.079000,1.504096,-0.136402,0.216245,1.478258,-0.126870,0.132718,0.003952,-0.008738,0.016148,0.999824,0.005416,0.006366,0.015734,0.000000,0.000006,-0.000018,0.154982,0.077623,-101514168779766.312500,20.515006,5,0,0.000000,1,0.577981,1.434151,1,-1,0,none
0.310063,1.474000,-0.071000,0.079000,1.519693,-0.127318,0.213285,1.483240,-0.126728,0.139107,0.003864,-0.005623,0.016232,0.999845,0.025654,0.007819,0.020584,-0.000004,0.000007,-0.000028,0.152618,0.082485,6.999056,20.515006,5,0,0.000000,1,0.469066,0.757631,1,-1,0,none
0.326668,1.474000,-0.071000,0.079000,1.491881,-0.119971,0.067942,1.484628,-0.125902,0.134252,0.003524,-0.004973,0.016252,0.999849,0.031159,0.011040,0.015999,-0.000004,0.000006,-0.000018,0.053293,0.078612,1.429177,20.515006,5,0,0.000000,1,0.471509,0.772266,1,-1,0,none
0.343318,1.474000,-0.071000,0.079000,1.461631,-0.112879,0.023716,1.482547,-0.124349,0.126797,0.002765,-0.006456,0.016258,0.999843,0.022043,0.017301,0.008522,-0.000002,0.000005,-0.000001,0.070449,0.072137,-3070842617753854.500000,20.515006,5,0,0.000000,1,0.541517,0.935285,1,-1,0,none
0.359944,1.474000,-0.071000,0.079000,1.473745,-0.022255,-0.097138,1.481942,-0.112961,0.111856,-0.003614,-0.006903,0.016358,0.999836,0.019264,0.065500,-0.007155,-0.000001,-0.000006,0.000036,0.182759,0.053882,2.550743,16.266236,3,0,0.000000,1,0.674462,1.690806,1,-1,2,anchor2:1-2;2-3
0.376591,1.474000,-0.071000,0.079000,1.469195,-0.168692,-0.017034,1.480870,-0.117740,0.103470,-0.000414,-0.007723,0.016350,0.999836,0.014466,0.043765,-0.015676,0.000001,0.000000,0.000060,0.137074,0.053204,6.743188,18.466827,4,0,0.000000,1,0.596961,0.851271,1,7,0,none
0.393155,1.474000,-0.071000,0.079000,1.492146,-0.125730,0.068301,1.482258,-0.117954,0.101039,0.000078,-0.007109,0.016344,0.999841,0.020019,0.042048,-0.018022,0.000000,0.000001,0.000067,0.058644,0.052522,3.954141,20.515006,5,0,0.000000,1,0.471488,0.771806,1,-1,0,none
0.409820,1.474000,-0.071000,0.079000,1.475559,-0.188415,0.133178,1.481845,-0.124763,0.102730,0.004020,-0.007566,0.016298,0.999830,0.017646,0.011316,-0.015147,0.000001,0.000010,0.000060,0.129321,0.059288,-4289039121451527.000000,20.515006,5,0,0.000000,1,0.690155,0.808996,1,-1,0,none
0.426454,1.474000,-0.071000,0.079000,1.479665,-0.147641,0.155109,1.481874,-0.126997,0.105662,0.005241,-0.007738,0.016269,0.999824,0.017208,0.001443,-0.011016,0.000001,0.000013,0.000048,0.108160,0.062519,5.101167,18.466827,4,0,0.000000,1,0.468396,0.924190,1,2,0,none
0.443070,1.474000,-0.071000,0.079000,1.493008,-0.247265,0.112527,1.483337,-0.139967,0.105686,0.011643,-0.007264,0.016219,0.999774,0.022878,-0.055219,-0.011233,0.000001,0.000027,0.000046,0.180429,0.074537,12.389402,18.466827,4,0,0.000000,1,0.595671,0.840902,1,7,0,none
0.459663,1.474000,-0.071000,0.079000,1.500285,-0.132230,0.080024,1.483337,-0.139967,0.105686,0.011643,-0.007264,0.016219,0.999774,0.022878,-0.055219,-0.011233,0.000001,0.000027,0.000046,0.066641,0.074537,-3667237029351955.000000,20.515006,5,0,0.000000,1,1.207300,-nan,0,-1,0,none
0.509580,1.474000,-0.071000,0.079000,1.532425,-0.141785,0.090496,1.492505,-0.143583,0.104030,0.011574,-0.004045,0.016396,0.999790,0.059082,-0.061289,-0.012573,-0.000007,0.000027,0.000051,0.092500,0.078976,-1268935170099193.250000,20.515006,5,0,0.000000,1,0.456712,1.934029,1,-1,0,none
0.542821,1.474000,-0.071000,0.079000,1.467084,-0.159945,0.081204,1.489928,-0.148106,0.102007,0.012514,-0.005848,0.016287,0.999772,0.044483,-0.074850,-0.015454,-0.000002,0.000029,0.000060,0.089241,0.082026,4.034098,20.515006,5,0,0.000000,1,0.470284,0.767489,1,-1,0,none
0.559442,1.474000,-0.071000,0.079000,1.455494,-0.186296,-0.032123,1.485266,-0.155491,0.092722,0.014849,-0.007847,0.016155,0.999728,0.024501,-0.102454,-0.029092,0.000005,0.000034,0.000117,0.161196,0.086336,5.906719,18.466827,4,0,0.000000,1,0.596847,0.850308,1,7,0,none
0.592670,1.474000,-0.071000,0.079000,1.482274,-0.193858,0.177699,1.485425,-0.164375,0.097766,0.016600,-0.008128,0.016118,0.999699,0.023628,-0.128879,-0.019028,0.000005,0.000041,0.000076,0.157810,0.095925,1.969185,18.466827,4,0,0.000000,1,0.593041,1.118194,1,4,0,none
0.609268,1.474000,-0.071000,0.079000,1.463824,-0.153459,0.104295,1.482413,-0.164415,0.097821,0.015916,-0.009216,0.016055,0.999702,0.011444,-0.124498,-0.019110,0.000008,0.000039,0.000073,0.086850,0.095663,9.159738,20.515006,5,0,0.000000,1,0.469674,0.765538,1,-1,0,none
0.659175,1.474000,-0.071000,0.079000,1.501213,-0.126418,0.239704,1.486299,-0.162358,0.107394,0.013419,-0.008263,0.016069,0.999747,0.024340,-0.102905,-0.002934,0.000004,0.000033,-0.000011,0.172155,0.096456,-6141678142366197.000000,20.515006,5,0,0.000000,1,0.649286,0.702954,1,-1,0,none
0.692403,1.474000,-0.071000,0.079000,1.481250,-0.121985,0.020301,1.486064,-0.158053,0.100955,0.011412,-0.008496,0.016071,0.999770,0.022255,-0.081080,-0.012397,0.000005,0.000025,0.000046,0.078087,0.090586,-12194551941046272.000000,20.515006,5,0,0.000000,1,0.820219,1.289936,1,-1,0,none
0.709049,1.474000,-0.071000,0.079000,1.447928,-0.109108,0.031773,1.480049,-0.151142,0.095828,0.009341,-0.010088,0.016096,0.999776,0.001528,-0.055352,-0.019916,0.000011,0.000017,0.000090,0.066048,0.082113,5.264972,20.515006,5,0,0.000000,1,0.471056,0.776216,1,-1,0,none
0.725676,1.474000,-0.071000,0.079000,1.456943,-0.126361,0.043606,1.476494,-0.148144,0.091858,0.008380,-0.010958,0.016130,0.999775,-0.010343,-0.043559,-0.025545,0.000015,0.000013,0.000124,0.067886,0.078248,4.546115,18.466827,4,0,0.000000,1,0.596012,0.849151,1,7,0,none
0.758871,1.474000,-0.071000,0.079000,1.458554,-0.122106,0.140265,1.473401,-0.145230,0.094543,0.007378,-0.011580,0.016143,0.999775,-0.019296,-0.031303,-0.020192,0.000017,0.000009,0.000090,0.081263,0.075842,11.224947,20.515006,5,0,0.000000,1,0.468802,0.764154,1,-1,0,none
0.775553,1.474000,-0.071000,0.079000,1.462485,-0.161561,0.229155,1.471603,-0.148068,0.103742,0.007871,-0.011900,0.016189,0.999767,-0.024146,-0.038888,-0.005694,0.000018,0.000010,-0.000005,0.175729,0.080977,-511807250732799.500000,20.515006,5,0,0.000000,1,0.384429,0.862362,1,-1,0,none
0.808795,1.474000,-0.071000,0.079000,1.534168,-0.137210,0.244852,1.480580,-0.147450,0.113783,0.007513,-0.009886,0.016024,0.999795,0.004712,-0.034526,0.009826,0.000008,0.000008,-0.000111,0.188443,0.084248,13.701341,18.466827,4,0,0.000000,1,0.656444,1.089187,1,0,0,none
0.825397,1.474000,-0.071000,0.079000,1.487724,-0.127564,0.101271,1.481649,-0.145080,0.113071,0.006917,-0.009680,0.016015,0.999801,0.007844,-0.026222,0.008736,0.000007,0.000006,-0.000102,0.062321,0.081897,12.584239,20.515006,5,0,0.000000,1,0.470565,0.768150,1,-1,0,none
0.842019,1.474000,-0.071000,0.079000,1.522136,-0.133463,0.167754,1.487235,-0.143882,0.116949,0.006630,-0.008644,0.015913,0.999814,0.024178,-0.021777,0.014490,0.000002,0.000004,-0.000143,0.118726,0.083229,5.930645,20.515006,5,0,0.000000,1,0.470110,0.761549,1,-1,0,none
0.875282,1.474000,-0.071000,0.079000,1.458839,-0.125908,0.197293,1.483932,-0.142010,0.123049,0.006138,-0.009407,0.016020,0.999809,0.013457,-0.015209,0.023050,0.000004,0.000000,-0.000208,0.131293,0.084151,-4625305692160004.000000,20.515006,5,0,0.000000,1,0.490815,1.159567,1,-1,0,none
0.891878,1.474000,-0.071000,0.079000,1.473037,-0.102048,0.154557,1.482672,-0.136942,0.125541,0.005195,-0.009667,0.016073,0.999811,0.009333,-0.000336,0.026000,0.000005,-0.000005,-0.000233,0.081693,0.081176,-22384151814883324.000000,20.515006,5,0,0.000000,1,0.877285,1.495019,1,-1,0,none
0.908519,1.474000,-0.071000,0.079000,1.548850,-0.133702,0.177728,1.491151,-0.136561,0.129407,0.005138,-0.008235,0.015881,0.999827,0.032667,0.001160,0.030892,-0.000004,-0.000006,-0.000275,0.138857,0.084459,15.354679,18.466827,4,0,0.000000,1,0.659057,1.099860,1,0,0,none
0.925216,1.474000,-0.071000,0.079000,1.519268,-0.092529,0.021604,1.495047,-0.131189,0.122807,0.004225,-0.007645,0.015860,0.999836,0.042637,0.016304,0.020796,-0.000005,-0.000010,-0.000185,0.076203,0.077361,10.495909,16.266236,3,0,0.000000,1,0.668932,1.679455,1,-1,2,anchor2:1-2;2-3
0.941815,1.474000,-0.071000,0.079000,1.498451,-0.176775,0.079280,1.496091,-0.136181,0.120367,0.005081,-0.007588,0.015785,0.999834,0.044309,0.002617,0.017000,-0.000005,-0.000003,-0.000149,0.108565,0.080298,-13425424013169412.000000,20.515006,5,0,0.000000,1,0.727120,0.708591,1,-1,0,none
0.958425,1.474000,-0.071000,0.079000,1.491950,-0.158890,0.170963,1.496235,-0.138681,0.123803,0.005478,-0.007685,0.015756,0.999831,0.043615,-0.003732,0.021509,-0.000005,-0.000001,-0.000192,0.128468,0.084157,7.458597,20.515006,5,0,0.000000,1,0.469003,0.758901,1,-1,0,none
0.975018,1.474000,-0.071000,0.079000,1.473064,-0.108439,0.087746,1.494384,-0.135470,0.121908,0.004945,-0.008060,0.015855,0.999830,0.037658,0.005444,0.018479,-0.000001,-0.000004,-0.000160,0.038458,0.080081,-114204467572794.343750,20.515006,5,0,0.000000,1,0.391056,0.848337,1,-1,0,none
0.991690,1.474000,-0.071000,0.079000,1.445598,-0.097218,-0.036347,1.494384,-0.135470,0.121908,0.004945,-0.008060,0.015855,0.999830,0.037658,0.005444,0.018479,-0.000001,-0.000004,-0.000160,0.121651,0.080081,-2144518250910837.000000,20.515006,5,0,0.000000,1,1.162785,1.481920,0,-1,0,none
1.027043,1.474000,-0.071000,0.079000,1.488997,-0.073319,0.058596,1.495483,-0.127515,0.118588,0.003804,-0.008199,0.015913,0.999833,0.036767,0.026653,0.012955,0.000001,-0.000013,-0.000096,0.025429,0.072269,5.928014,18.466827,4,0,0.000000,1,0.470338,0.935888,1,1,0,none
1.060185,1.474000,-0.071000,0.079000,1.500848,-0.182883,0.182197,1.497207,-0.133770,0.123316,0.004841,-0.008182,0.015857,0.999829,0.039354,0.009588,0.018961,-0.000001,-0.000005,-0.000164,0.154559,0.080265,-18323543311033464.000000,20.515006,5,0,0.000000,1,0.827738,0.942294,1,-1,0,none
1.076836,1.474000,-0.071000,0.079000,1.470674,-0.124776,0.148172,1.494578,-0.132554,0.125248,0.004689,-0.008644,0.015926,0.999825,0.031995,0.012644,0.021168,0.000003,-0.000007,-0.000190,0.087680,0.079695,1.965058,18.466827,4,0,0.000000,1,0.468125,0.925936,1,1,0,none
1.093530,1.474000,-0.071000,0.079000,1.469242,-0.133661,0.193062,1.492119,-0.132521,0.129938,0.004699,-0.009065,0.015967,0.999820,0.025016,0.012601,0.026857,0.000006,-0.000008,-0.000262,0.130228,0.081901,-14618220453423888.000000,20.515006,5,0,0.000000,1,0.630632,0.971745,1,-1,0,none
1.110174,1.474000,-0.071000,0.079000,1.423265,-0.152737,0.123047,1.484863,-0.134568,0.129929,0.004989,-0.010108,0.016083,0.999807,0.006216,0.007514,0.026159,0.000017,-0.000005,-0.000255,0.105807,0.082174,-5181512431294544.000000,20.515006,5,0,0.000000,1,0.354392,0.947871,1,-1,0,none
1.126690,1.474000,-0.071000,0.079000,1.509550,-0.069776,-0.006081,1.487562,-0.127529,0.121942,0.004044,-0.009755,0.016009,0.999816,0.012583,0.024755,0.015042,0.000015,-0.000013,-0.000107,0.092217,0.072273,5.204516,16.266236,3,0,0.000000,1,0.670819,1.681753,1,-1,2,anchor2:1-2;2-3
1.143372,1.474000,-0.071000,0.079000,1.450372,-0.132744,0.073560,1.483933,-0.127673,0.119263,0.004088,-0.010258,0.016063,0.999810,0.003383,0.024024,0.011293,0.000022,-0.000011,-0.000054,0.066334,0.070225,7.346631,18.466827,4,0,0.000000,1,0.414423,0.819898,1,4,0,none
1.176591,1.474000,-0.071000,0.079000,1.470126,-0.139965,0.108093,1.482553,-0.128241,0.118935,0.004245,-0.010457,0.016093,0.999807,-0.000267,0.022380,0.010459,0.000025,-0.000008,-0.000041,0.074951,0.070317,-3965445580142653.000000,20.515006,5,0,0.000000,1,0.382874,0.949234,1,-1,0,none
1.193224,1.474000,-0.071000,0.079000,1.498504,-0.144986,0.083865,1.482553,-0.128241,0.118935,0.004245,-0.010457,0.016093,0.999807,-0.000267,0.022380,0.010459,0.000025,-0.000008,-0.000041,0.078090,0.070317,-1268945245575197.000000,20.515006,5,0,0.000000,1,1.079300,1.166137,0,-1,0,none
1.209875,1.474000,-0.071000,0.079000,1.565732,-0.134506,0.163003,1.491747,-0.128286,0.122028,0.004374,-0.009314,0.015992,0.999819,0.021132,0.021412,0.014154,0.000007,-0.000007,-0.000095,0.139658,0.073811,7.866793,18.466827,4,0,0.000000,1,0.656698,0.793797,1,2,0,none
1.243151,1.474000,-0.071000,0.079000,1.476869,-0.108682,0.120550,1.490672,-0.125404,0.122375,0.004090,-0.009568,0.016021,0.999817,0.017218,0.027534,0.014067,0.000011,-0.000011,-0.000093,0.056165,0.071548,2.438201,18.466827,4,0,0.000000,1,0.427811,0.764070,1,0,0,none
1.259691,1.474000,-0.071000,0.079000,1.530425,-0.156737,0.132924,1.495241,-0.128428,0.123248,0.004517,-0.009072,0.015965,0.999821,0.027309,0.020323,0.014985,0.000002,-0.000005,-0.000107,0.115941,0.075545,17.482743,20.515006,5,0,0.000000,1,0.471059,0.763346,1,-1,0,none
1.276305,1.474000,-0.071000,0.079000,1.471999,-0.140685,0.152813,1.493201,-0.129422,0.125277,0.004663,-0.009402,0.015971,0.999817,0.021965,0.017840,0.017481,0.000006,-0.000003,-0.000146,0.101531,0.076964,2.280677,20.515006,5,0,0.000000,1,0.468867,0.761751,1,-1,0,none
1.292975,1.474000,-0.071000,0.079000,1.482184,-0.131575,0.045450,1.492418,-0.129356,0.120812,0.004674,-0.009547,0.015983,0.999816,0.019576,0.017565,0.012071,0.000011,-0.000001,-0.000039,0.069728,0.074115,4.471965,20.515006,5,0,0.000000,1,0.471707,0.773659,1,-1,0,none
1.309608,1.474000,-0.071000,0.079000,1.439195,-0.104752,0.130109,1.487516,-0.126694,0.121533,0.004393,-0.010138,0.016015,0.999811,0.007877,0.023478,0.012809,0.000022,-0.000006,-0.000051,0.070446,0.071369,2.145718,20.515006,5,0,0.000000,1,0.468497,0.766108,1,-1,0,none
1.342851,1.474000,-0.071000,0.079000,1.419190,-0.115642,0.068251,1.480829,-0.124863,0.118767,0.004236,-0.010913,0.015910,0.999805,-0.007969,0.026369,0.009484,0.000039,-0.000008,0.000026,0.071502,0.067300,3.062507,18.466827,4,0,0.000000,1,0.426458,0.768781,1,0,0,none
1.359440,1.474000,-0.071000,0.079000,1.474373,-0.071289,0.027690,1.480060,-0.119218,0.113622,0.003716,-0.011006,0.016091,0.999803,-0.009894,0.038652,0.003338,0.000042,-0.000018,0.000158,0.051312,0.059669,-101516264478783.406250,20.515006,5,0,0.000000,1,0.504379,0.953421,1,-1,0,none
1.392729,1.474000,-0.071000,0.079000,1.477315,-0.131781,0.166078,1.479475,-0.119348,0.116836,0.003677,-0.010954,0.016332,0.999800,-0.011592,0.036022,0.007428,0.000041,-0.000016,0.000077,0.106245,0.061637,-7930905265971197.000000,20.515006,5,0,0.000000,1,0.460705,0.764081,1,-1,0,none
1.425971,1.474000,-0.071000,0.079000,1.473503,-0.143559,0.134431,1.478541,-0.120810,0.118158,0.002558,-0.009446,0.015692,0.999829,-0.010535,0.032062,0.011625,0.000043,-0.000009,0.000049,0.091311,0.063522,6.359119,20.515006,5,0,0.000000,1,0.469314,0.763379,1,-1,0,none
1.442595,1.474000,-0.071000,0.079000,1.508875,-0.081854,0.092750,1.481419,-0.116438,0.116837,0.001225,-0.008901,0.015704,0.999836,-0.006382,0.039258,0.008781,0.000035,-0.000019,0.000091,0.039027,0.059593,15.264310,18.466827,4,0,0.000000,1,0.659676,0.806898,1,2,0,none
1.509089,1.473000,-0.071000,0.082000,1.521827,-0.130103,0.223178,1.484848,-0.115627,0.126045,-0.006702,0.018759,0.018871,0.999623,-0.013267,0.048041,0.103974,0.000018,-0.000017,-0.000110,0.160650,0.063812,-203029788423183.562500,20.515006,5,0,0.000000,1,0.465038,0.970287,1,-1,0,none
1.525697,1.473000,-0.071000,0.084000,1.502795,-0.157536,0.152626,1.486764,-0.119553,0.129602,-0.003439,0.027053,0.019134,0.999445,0.006030,0.044500,0.141637,0.000011,-0.000003,-0.000157,0.114393,0.068018,12.835228,20.515006,5,0,0.000000,1,0.469746,0.760944,1,-1,0,none
1.542345,1.473000,-0.070000,0.086000,1.469018,-0.145080,0.175214,1.485043,-0.121615,0.134826,0.000235,0.032893,0.020892,0.999240,0.014269,0.037250,0.174802,0.000016,0.000003,-0.000239,0.116670,0.072064,-1624244755686392.500000,20.515006,5,0,0.000000,1,0.530535,0.712555,1,-1,0,none
1.558907,1.474000,-0.070000,0.089000,1.441580,-0.126879,0.075997,1.485043,-0.121615,0.134826,0.000235,0.032893,0.020892,0.999240,0.014269,0.037250,0.174802,0.000016,0.000003,-0.000239,0.066748,0.069901,-14668950172805002.000000,20.515006,5,0,0.000000,1,4.484414,-nan,0,-1,0,none
1.575542,1.475000,-0.070000,0.092000,1.396131,-0.199664,0.073102,1.476264,-0.129231,0.136959,0.003443,0.039540,0.022087,0.998968,0.030843,0.005258,0.199280,0.000048,0.000030,-0.000103,0.152939,0.074372,4.037064,16.266236,3,0,0.000000,1,0.640924,1.650741,1,-1,2,anchor2:1-2;2-3
1.610908,1.478000,-0.070000,0.099000,1.393282,-0.056177,-0.089826,1.468787,-0.120975,0.129509,0.003536,0.033863,0.023650,0.999140,0.062159,0.020201,0.183653,0.000083,0.000010,0.000391,0.207421,0.060117,0.813850,18.466827,4,0,0.000000,1,0.426949,0.786635,1,7,0,none
1.627526,1.480000,-0.069000,0.102000,1.369524,-0.050524,-0.140512,1.459179,-0.113222,0.115827,0.003935,0.028137,0.023916,0.999310,0.051070,0.033756,0.160269,0.000122,-0.000008,0.000961,0.267130,0.050796,1.303932,18.466827,4,0,0.000000,1,0.664521,0.835104,1,1,0,none
1.644119,1.482000,-0.070000,0.105000,1.295628,-0.099479,-0.287228,1.443373,-0.111264,0.094364,0.004337,0.021128,0.024904,0.999457,0.023506,0.034112,0.126436,0.000184,-0.000001,0.001801,0.435255,0.057514,5.614051,16.266236,3,0,0.000000,1,0.659105,1.422518,1,-1,2,anchor6:5-6;6-7
1.660763,1.485000,-0.070000,0.108000,1.382041,-0.029850,-0.120099,1.437704,-0.102890,0.083852,0.003286,0.015504,0.025326,0.999554,0.015692,0.047675,0.105126,0.000205,-0.000023,0.002247,0.253459,0.062464,-57102445371452.437500,20.515006,5,0,0.000000,1,0.514913,0.922513,1,-1,0,none
1.677424,1.488000,-0.070000,0.110000,1.308189,-0.109828,-0.243215,1.425839,-0.102699,0.066867,0.002337,0.009648,0.025854,0.999616,-0.002779,0.046862,0.076850,0.000250,-0.000009,0.002921,0.398346,0.082424,9.317595,16.266236,3,0,0.000000,1,0.657124,1.405728,1,-1,2,anchor6:5-6;6-7
1.727235,1.496000,-0.071000,0.117000,1.381656,-0.058540,-0.053599,1.421284,-0.096285,0.062494,-0.000438,-0.004413,0.027104,0.999623,-0.010589,0.049248,0.031427,0.000267,-0.000022,0.003201,0.205752,0.095879,1.356478,18.466827,4,0,0.000000,1,0.661402,0.823806,1,1,0,none
1.743905,1.499000,-0.071000,0.119000,1.346196,-0.097364,-0.115610,1.413227,-0.095292,0.053124,-0.000013,-0.010455,0.028044,0.999552,-0.023700,0.053118,0.005786,0.000293,-0.000009,0.003615,0.281222,0.110846,7.248310,20.515006,5,0,0.000000,1,0.471853,0.792029,1,-1,0,none
1.760556,1.502000,-0.072000,0.120000,1.427602,-0.148071,0.105188,1.414233,-0.099411,0.056075,0.001374,-0.016222,0.028530,0.999460,-0.023165,0.047275,-0.003454,0.000288,0.000011,0.003498,0.107430,0.111986,1.626665,16.266236,3,0,0.000000,1,0.738130,1.605607,1,-1,2,anchor3:2-3;3-4
1.793738,1.508000,-0.072000,0.123000,1.435308,-0.092777,-0.004967,1.414233,-0.099411,0.056075,0.001374,-0.016222,0.028530,0.999460,-0.023165,0.047275,-0.003454,0.000288,0.000011,0.003498,0.148631,0.118417,-203030433253145.500000,20.515006,5,0,0.000000,1,1.750719,0.671498,0,-1,0,none
1.810389,1.511000,-0.072000,0.123000,1.437915,-0.079927,-0.134155,1.414963,-0.095489,0.043728,0.001014,-0.030810,0.030056,0.999073,-0.048570,0.044580,-0.058098,0.000278,0.000011,0.003968,0.267456,0.126723,4.966406,18.466827,4,0,0.000000,1,0.664674,0.832216,1,1,0,none
1.827047,1.512000,-0.073000,0.124000,1.443549,-0.161662,0.152508,1.417020,-0.101299,0.049009,0.001764,-0.035066,0.030333,0.998923,-0.052810,0.033041,-0.063246,0.000268,0.000037,0.003697,0.115582,0.124280,6.148030,16.266236,3,0,0.000000,1,0.742967,1.606335,1,-1,2,anchor3:2-3;3-4
1.843671,1.512000,-0.073000,0.124000,1.357169,-0.053525,-0.066934,1.410443,-0.096299,0.041374,0.001717,-0.039700,0.030863,0.998733,-0.075076,0.038543,-0.083833,0.000291,0.000020,0.003979,0.246592,0.132980,2.255172,18.466827,4,0,0.000000,1,0.664789,1.157736,1,6,0,none
1.860242,1.518000,-0.073000,0.124000,1.458456,-0.149960,0.083181,1.413655,-0.100651,0.042355,0.002645,-0.042674,0.031501,0.998589,-0.079005,0.025718,-0.093532,0.000272,0.000042,0.003874,0.105521,0.135345,3.052929,16.266236,3,0,0.000000,1,0.740119,1.616111,1,-1,2,anchor3:2-3;3-4
1.893524,1.522000,-0.074000,0.124000,1.472305,-0.139304,0.107701,1.416405,-0.103565,0.042901,0.002343,-0.046684,0.032040,0.998393,-0.096691,0.015088,-0.098935,0.000246,0.000059,0.003699,0.083665,0.136387,1.202184,16.266236,3,0,0.000000,1,0.741948,1.612235,1,-1,2,anchor3:2-3;3-4
1.926715,1.524000,-0.074000,0.124000,1.355343,-0.058210,-0.018010,1.407274,-0.098838,0.036474,0.000156,-0.048316,0.032838,0.998292,-0.136309,0.021728,-0.099594,0.000271,0.000038,0.003853,0.221047,0.147996,3.251347,18.466827,4,0,0.000000,1,0.662859,1.148080,1,6,0,none
1.962056,1.526000,-0.076000,0.124000,1.396505,-0.060089,0.009725,1.401340,-0.094351,0.031811,0.000495,-0.049567,0.034177,0.998186,-0.175583,0.025873,-0.090777,0.000273,0.000020,0.003918,0.173438,0.156127,2.779998,20.515006,5,0,0.000000,1,0.470143,0.781134,1,-1,0,none
1.978693,1.527000,-0.076000,0.124000,1.383624,-0.058266,-0.071806,1.396864,-0.090529,0.024656,-0.000259,-0.049036,0.033899,0.998222,-0.195816,0.032339,-0.092354,0.000279,0.000006,0.004204,0.243333,0.164364,-317237016678904.250000,20.515006,5,0,0.000000,1,0.604214,1.182534,1,-1,0,none
1.995298,1.527000,-0.076000,0.124000,1.421417,-0.129987,0.018626,1.396245,-0.093665,0.023050,0.000071,-0.048823,0.034096,0.998225,-0.201300,0.025169,-0.083468,0.000267,0.000025,0.004218,0.158638,0.166132,5.496185,20.515006,5,0,0.000000,1,0.470526,0.775666,1,-1,0,none
2.011891,1.527000,-0.076000,0.124000,1.465570,-0.168666,0.112069,1.399373,-0.099945,0.026620,0.000970,-0.048626,0.034282,0.998228,-0.205666,0.010418,-0.072425,0.000235,0.000059,0.003972,0.111817,0.162310,7.730506,16.266236,3,0,0.000000,1,0.743508,1.618950,1,-1,2,anchor3:2-3;3-4
2.028581,1.527000,-0.077000,0.124000,1.415601,-0.068969,-0.040169,1.397572,-0.097146,0.022053,0.001933,-0.048880,0.034557,0.998205,-0.220619,0.012426,-0.074852,0.000226,0.000048,0.004153,0.198559,0.165984,-114203439877244.625000,20.515006,5,0,0.000000,1,0.539656,0.972582,1,-1,0,none
2.045197,1.527000,-0.077000,0.125000,1.442193,-0.167597,0.115530,1.397918,-0.102905,0.025700,0.001798,-0.047060,0.035081,0.998274,-0.229520,-0.006075,-0.069990,0.000206,0.000078,0.003895,0.124457,0.164905,7.704092,16.266236,3,0,0.000000,1,0.741371,1.613063,1,-1,2,anchor3:2-3;3-4
2.061811,1.526000,-0.078000,0.126000,1.450003,-0.138320,0.118939,1.398614,-0.105904,0.029293,0.002525,-0.045580,0.034299,0.998369,-0.234976,-0.012586,-0.067120,0.000181,0.000093,0.003638,0.097283,0.162352,3.709602,16.266236,3,0,0.000000,1,0.740289,1.605524,1,-1,2,anchor3:2-3;3-4
2.078470,1.525000,-0.078000,0.126000,1.412898,-0.147565,0.069130,1.396249,-0.109465,0.030243,0.003695,-0.044355,0.035484,0.998379,-0.247157,-0.027386,-0.067720,0.000173,0.000111,0.003527,0.143668,0.163512,2.681030,16.266236,3,0,0.000000,1,0.734997,1.607691,1,-1,2,anchor3:2-3;3-4
2.095036,1.524000,-0.079000,0.126000,1.367333,-0.087189,-0.111054,1.390221,-0.108193,0.022307,0.002726,-0.043094,0.034891,0.998458,-0.263583,-0.028509,-0.079491,0.000186,0.000102,0.003911,0.284264,0.171759,2.028771,20.515006,5,0,0.000000,1,0.472354,0.792647,1,-1,0,none
2.111739,1.524000,-0.079000,0.126000,1.413836,-0.059229,-0.020012,1.387970,-0.104862,0.019025,0.002971,-0.042151,0.035225,0.998486,-0.273607,-0.021631,-0.086279,0.000174,0.000082,0.004024,0.183974,0.174976,6.126349,18.466827,4,0,0.000000,1,0.661230,0.820437,1,0,0,none
2.128302,1.524000,-0.079000,0.126000,1.428471,-0.061712,-0.004024,1.387970,-0.104862,0.019025,0.002971,-0.042151,0.035225,0.998486,-0.273607,-0.021631,-0.086279,0.000174,0.000082,0.004024,0.162268,0.174976,-2487130988644345.500000,20.515006,5,0,0.000000,1,10.191005,3.291583,0,-1,0,none
2.144944,1.524000,-0.079000,0.126000,1.416915,-0.095068,-0.111098,1.381658,-0.104909,0.010011,0.002467,-0.037698,0.035346,0.998661,-0.297888,-0.027762,-0.092543,0.000159,0.000081,0.004394,0.260655,0.185435,1.490908,18.466827,4,0,0.000000,1,0.662330,0.827105,1,0,0,none
2.161627,1.519000,-0.081000,0.128000,1.412462,-0.166348,0.030911,1.379604,-0.110158,0.009602,0.001933,-0.034463,0.036186,0.998749,-0.306208,-0.042042,-0.093236,0.000144,0.000110,0.004332,0.167514,0.185202,5.162316,16.266236,3,0,0.000000,1,0.734417,1.619158,1,-1,2,anchor3:2-3;3-4
2.178175,1.519000,-0.081000,0.128000,1.497797,-0.174715,0.127448,1.384117,-0.115747,0.013875,0.001943,-0.031152,0.035842,0.998870,-0.295504,-0.049581,-0.083980,0.000085,0.000143,0.004014,0.096086,0.180070,7.796722,16.266236,3,0,0.000000,1,0.747837,1.625498,1,-1,2,anchor3:2-3;3-4
2.194865,1.519000,-0.081000,0.128000,1.482384,-0.155361,0.114089,1.387028,-0.119486,0.017270,0.002243,-0.028193,0.035535,0.998968,-0.289498,-0.059025,-0.077678,0.000035,0.000164,0.003725,0.084046,0.176520,1.624399,16.266236,3,0,0.000000,1,0.744326,1.618278,1,-1,2,anchor3:2-3;3-4
2.211428,1.512000,-0.083000,0.129000,1.435141,-0.155918,0.120849,1.386141,-0.123099,0.020814,0.003116,-0.025950,0.035917,0.999013,-0.290865,-0.067170,-0.073686,0.000008,0.000182,0.003422,0.106258,0.170742,2.975861,16.266236,3,0,0.000000,1,0.740156,1.607286,1,-1,2,anchor3:2-3;3-4
2.244679,1.508000,-0.085000,0.130000,1.450884,-0.160608,0.159991,1.382210,-0.128187,0.025024,0.001818,-0.019696,0.037038,0.999118,-0.293586,-0.079872,-0.067903,-0.000035,0.000202,0.002990,0.099389,0.169435,3.168707,16.266236,3,0,0.000000,1,0.743996,1.606570,1,-1,2,anchor3:2-3;3-4
2.261293,1.506000,-0.085000,0.131000,1.477861,-0.159417,0.200160,1.385198,-0.131691,0.032060,0.002322,-0.016861,0.036371,0.999193,-0.282547,-0.080516,-0.060315,-0.000092,0.000221,0.002450,0.105417,0.162980,2.972243,16.266236,3,0,0.000000,1,0.748720,1.606628,1,-1,2,anchor3:2-3;3-4
2.277999,1.504000,-0.087000,0.131000,1.431206,-0.161326,0.034311,1.384373,-0.135200,0.031217,0.002412,-0.014721,0.036735,0.999214,-0.277890,-0.089925,-0.061664,-0.000115,0.000237,0.002444,0.142028,0.163066,10.277314,16.266236,3,0,0.000000,1,0.735967,1.621212,1,-1,2,anchor3:2-3;3-4
2.311178,1.499000,-0.089000,0.133000,1.417600,-0.195236,0.148751,1.378674,-0.142784,0.034805,-0.000075,-0.007900,0.037223,0.999276,-0.273591,-0.103495,-0.052127,-0.000142,0.000269,0.002056,0.134759,0.164357,6.696215,16.266236,3,0,0.000000,1,0.742634,1.611224,1,-1,2,anchor3:2-3;3-4
2.344422,1.494000,-0.091000,0.134000,1.418504,-0.134475,0.026402,1.373717,-0.145215,0.032693,-0.000882,-0.003842,0.036333,0.999332,-0.265865,-0.102936,-0.053037,-0.000168,0.000265,0.002080,0.138445,0.166345,2.490433,18.466827,4,0,0.000000,1,0.655450,0.806168,1,0,0,none
2.394305,1.487000,-0.093000,0.136000,1.425446,-0.048343,-0.021991,1.366607,-0.141010,0.027704,-0.003533,0.002946,0.036048,0.999339,-0.252292,-0.087198,-0.045200,-0.000207,0.000207,0.002282,0.175341,0.168901,-621784439844986.500000,20.515006,5,0,0.000000,1,0.447156,0.960416,1,-1,0,none
2.410943,1.486000,-0.094000,0.137000,1.359572,-0.116413,-0.206811,1.362232,-0.140188,0.015405,-0.004424,0.005157,0.036453,0.999312,-0.247892,-0.075887,-0.049345,-0.000184,0.000189,0.003153,0.367004,0.179548,0.878618,16.266236,3,0,0.000000,1,0.656659,1.386991,1,-1,2,anchor6:5-6;6-7
2.427549,1.484000,-0.094000,0.138000,1.367621,-0.175273,-0.085667,1.359008,-0.144375,0.009700,-0.002854,0.006289,0.037577,0.999270,-0.235026,-0.078005,-0.049144,-0.000178,0.000207,0.003525,0.264908,0.186068,1.632933,16.266236,3,0,0.000000,1,0.648708,1.338807,1,-1,2,anchor6:5-6;6-7
2.444127,1.482000,-0.094000,0.139000,1.351357,-0.179707,-0.088316,1.355007,-0.148540,0.004241,-0.001246,0.006592,0.036943,0.999295,-0.229514,-0.087133,-0.049192,-0.000164,0.000225,0.003882,0.275837,0.193033,2.434276,16.266236,3,0,0.000000,1,0.648038,1.340531,1,-1,2,anchor6:5-6;6-7
2.527259,1.475000,-0.099000,0.146000,1.454581,-0.131266,0.149607,1.349138,-0.153526,0.008510,-0.000764,0.007960,0.037099,0.999280,-0.185504,-0.094129,-0.034971,-0.000265,0.000219,0.003242,0.038354,0.194211,5.247958,20.515006,5,0,0.000000,1,0.468448,0.762499,1,-1,0,none
2.543900,1.474000,-0.099000,0.147000,1.462911,-0.128448,0.147794,1.357913,-0.152276,0.015504,-0.001158,0.008054,0.037466,0.999265,-0.153341,-0.087740,-0.021773,-0.000360,0.000213,0.002654,0.031477,0.183318,-50757164993308.625000,20.515006,5,0,0.000000,1,0.414370,0.823220,1,-1,0,none
2.560543,1.473000,-0.100000,0.149000,1.470476,-0.127168,0.236871,1.366535,-0.151033,0.026774,-0.002645,0.008295,0.037443,0.999261,-0.126852,-0.083870,-0.006522,-0.000462,0.000208,0.001721,0.092010,0.169936,1.241208,18.466827,4,0,0.000000,1,0.465877,0.912858,1,7,0,none
2.577167,1.473000,-0.100000,0.150000,1.579660,-0.170756,0.131635,1.384602,-0.154079,0.031952,-0.003512,0.008594,0.037074,0.999269,-0.079958,-0.089052,0.001146,-0.000602,0.000235,0.001296,0.129306,0.157080,6.548227,18.466827,4,0,0.000000,1,0.655925,0.792445,1,0,0,none
2.595847,1.472000,-0.101000,0.151000,1.466401,-0.173808,0.079713,1.390763,-0.157283,0.034458,-0.003665,0.007587,0.037824,0.999249,-0.061400,-0.088925,0.003600,-0.000656,0.000252,0.001111,0.102050,0.152804,-16919249790009.468750,20.515006,5,0,0.000000,1,0.526213,0.990261,1,-1,0,none
2.612425,1.471000,-0.102000,0.153000,1.456535,-0.125015,0.047154,1.395676,-0.155691,0.035116,-0.003870,0.006445,0.037431,0.999271,-0.049601,-0.082393,0.004546,-0.000697,0.000237,0.001064,0.109281,0.149843,5.627838,18.466827,4,0,0.000000,1,0.656608,0.805632,1,7,0,none
2.645756,1.471000,-0.103000,0.156000,1.446695,-0.167861,0.075002,1.398833,-0.159195,0.037284,-0.006023,0.004164,0.036224,0.999317,-0.036595,-0.080769,0.009400,-0.000734,0.000247,0.000896,0.106576,0.149864,-634469096368895.000000,20.515006,5,0,0.000000,1,0.438308,0.695349,1,-1,0,none
2.678961,1.470000,-0.104000,0.159000,1.423539,-0.182403,0.115243,1.400167,-0.163622,0.041725,-0.004623,0.000311,0.036741,0.999314,-0.022555,-0.079792,0.023757,-0.000761,0.000263,0.000554,0.101096,0.148946,-7930882092350993.000000,20.515006,5,0,0.000000,1,0.567586,0.976300,1,-1,0,none
2.712242,1.469000,-0.104000,0.163000,1.455392,-0.151639,0.082183,1.404715,-0.164885,0.044667,-0.004082,-0.001709,0.035335,0.999366,-0.015368,-0.079581,0.034718,-0.000803,0.000259,0.000371,0.094794,0.147792,1.013205,18.466827,4,0,0.000000,1,0.469773,0.939523,1,6,0,none
2.728863,1.468000,-0.105000,0.164000,1.417235,-0.138423,0.025837,1.404715,-0.164885,0.044667,-0.004082,-0.001709,0.035335,0.999366,-0.015368,-0.079581,0.034718,-0.000803,0.000259,0.000371,0.150942,0.147756,-812121571804996.250000,20.515006,5,0,0.000000,1,0.688888,2.928416,0,-1,0,none
2.745436,1.468000,-0.105000,0.167000,1.420890,-0.144353,-0.051532,1.406011,-0.165294,0.040738,-0.003957,-0.003698,0.034271,0.999398,-0.009303,-0.076430,0.040196,-0.000797,0.000243,0.000827,0.226989,0.153036,-228408572428860.187500,20.515006,5,0,0.000000,1,0.488072,0.838012,1,-1,0,none
2.762089,1.467000,-0.105000,0.169000,1.372867,-0.106842,-0.074818,1.402826,-0.160958,0.035369,-0.005481,-0.003136,0.033799,0.999409,-0.018783,-0.068252,0.037882,-0.000760,0.000202,0.001365,0.261365,0.158452,1.570621,20.515006,5,0,0.000000,1,0.471526,0.787043,1,-1,0,none
2.778747,1.467000,-0.106000,0.171000,1.342706,-0.161225,-0.197494,1.397262,-0.161988,0.024076,-0.005106,-0.003974,0.034119,0.999397,-0.027814,-0.059470,0.033717,-0.000685,0.000193,0.002430,0.392793,0.172002,0.839527,16.266236,3,0,0.000000,1,0.652749,1.374582,1,-1,2,anchor6:5-6;6-7
2.795384,1.466000,-0.106000,0.174000,1.368521,-0.107991,-0.092521,1.394438,-0.158158,0.018798,-0.004991,-0.005037,0.033904,0.999400,-0.027649,-0.049885,0.035113,-0.000653,0.000157,0.002960,0.283795,0.178687,-20303088463472772.000000,20.515006,5,0,0.000000,1,0.453406,1.483189,1,-1,0,none
2.811948,1.466000,-0.106000,0.177000,1.366039,-0.126761,-0.037727,1.391667,-0.156238,0.016570,-0.004793,-0.006318,0.033110,0.999420,-0.031622,-0.048402,0.036842,-0.000630,0.000136,0.003216,0.237762,0.183812,6.543203,20.515006,5,0,0.000000,1,0.470341,0.781175,1,-1,0,none
2.828525,1.465000,-0.106000,0.179000,1.456765,-0.082401,-0.095710,1.396630,-0.150846,0.011663,-0.004101,-0.006684,0.032827,0.999430,-0.020643,-0.035606,0.038509,-0.000654,0.000097,0.003718,0.275844,0.186246,1.912385,18.466827,4,0,0.000000,1,0.663825,0.827467,1,7,0,none
2.845273,1.465000,-0.106000,0.181000,1.374995,-0.130724,-0.041688,1.394615,-0.149790,0.009745,-0.004682,-0.006460,0.032464,0.999441,-0.023901,-0.038241,0.040197,-0.000635,0.000084,0.003956,0.241458,0.190263,-6097269723720254.000000,20.515006,5,0,0.000000,1,0.387299,0.971825,1,-1,0,none
2.861832,1.464000,-0.106000,0.184000,1.384285,-0.088177,-0.060732,1.393464,-0.145494,0.007034,-0.004527,-0.006724,0.032691,0.999433,-0.026928,-0.026551,0.037872,-0.000623,0.000049,0.004267,0.258004,0.194556,1.755500,18.466827,4,0,0.000000,1,0.415782,0.826971,1,1,0,none
2.878503,1.463000,-0.106000,0.187000,1.372969,-0.094397,0.027499,1.391486,-0.141945,0.008592,-0.006052,-0.006252,0.031945,0.999452,-0.029024,-0.019821,0.043465,-0.000618,0.000020,0.004183,0.183523,0.195539,-50757487407641.625000,20.515006,5,0,0.000000,1,0.482117,1.144321,1,-1,0,none
2.911677,1.461000,-0.106000,0.192000,1.392734,-0.083664,0.030406,1.390683,-0.137714,0.011071,-0.005688,-0.006327,0.031830,0.999457,-0.031483,-0.003638,0.049499,-0.000626,-0.000012,0.004093,0.176838,0.196686,10.962448,20.515006,5,0,0.000000,1,0.469497,0.777162,1,-1,0,none
2.928325,1.460000,-0.106000,0.196000,1.250918,-0.123781,-0.185119,1.379272,-0.136645,0.002643,-0.006527,-0.006242,0.031602,0.999460,-0.055054,-0.001859,0.042348,-0.000522,-0.000027,0.004975,0.435067,0.211762,0.861632,16.266236,3,0,0.000000,1,0.652953,1.394340,1,-1,2,anchor6:5-6;6-7
2.944936,1.460000,-0.106000,0.198000,1.441135,-0.169747,0.189625,1.383125,-0.139256,0.012051,-0.005737,-0.004945,0.031165,0.999486,-0.049461,-0.006527,0.053453,-0.000578,-0.000007,0.004146,0.067006,0.203944,5.422400,16.266236,3,0,0.000000,1,0.745234,1.603207,1,-1,2,anchor3:2-3;3-4
2.961529,1.459000,-0.105000,0.202000,1.409361,-0.147818,0.124108,1.384360,-0.140039,0.018038,-0.006356,-0.002559,0.030859,0.999500,-0.043751,-0.009958,0.062339,-0.000607,-0.000002,0.003655,0.101807,0.201596,-23462753182957840.000000,20.515006,5,0,0.000000,1,0.973322,0.926702,1,-1,0,none
2.978162,1.458000,-0.106000,0.205000,1.356107,-0.119361,0.232843,1.381585,-0.138669,0.028827,-0.006314,-0.001574,0.030515,0.999513,-0.041724,-0.005841,0.079294,-0.000622,-0.000015,0.002718,0.106470,0.194791,5.534304,18.466827,4,0,0.000000,1,0.429535,1.049170,1,2,0,none
2.994816,1.457000,-0.106000,0.208000,1.406552,-0.104185,0.109351,1.382820,-0.136210,0.033738,-0.005879,-0.000460,0.029954,0.999534,-0.033445,0.001980,0.091792,-0.000646,-0.000031,0.002371,0.110814,0.191788,4.318769,18.466827,4,0,0.000000,1,0.425253,0.764253,1,5,0,none
3.011512,1.456000,-0.105000,0.211000,1.469956,-0.119604,0.101793,1.388676,-0.134977,0.038256,-0.004170,0.001320,0.029536,0.999554,-0.019965,0.005263,0.104269,-0.000698,-0.000035,0.002079,0.111059,0.187807,1.505597,18.466827,4,0,0.000000,1,0.469265,0.933201,1,6,0,none
3.028054,1.455000,-0.105000,0.214000,1.448705,-0.122454,0.257782,1.392647,-0.134061,0.049536,-0.003212,0.003008,0.029246,0.999563,-0.010424,0.005590,0.122035,-0.000756,-0.000040,0.001130,0.047551,0.178272,2.890089,20.515006,5,0,0.000000,1,0.466014,0.752949,1,-1,0,none
3.046727,1.454000,-0.105000,0.219000,1.385980,-0.156719,0.166356,1.391972,-0.135622,0.056830,-0.002471,0.003917,0.029296,0.999560,-0.007612,0.002977,0.136273,-0.000768,-0.000030,0.000631,0.100364,0.176307,0.086708,18.466827,4,0,0.000000,1,0.591298,1.125123,1,7,0,none
3.065445,1.453000,-0.105000,0.223000,1.372546,-0.125354,0.006079,1.390526,-0.134818,0.057070,-0.001850,0.004332,0.028709,0.999577,-0.003688,0.005288,0.144622,-0.000752,-0.000036,0.000865,0.232253,0.179791,4.731768,18.466827,4,0,0.000000,1,0.413633,0.823920,1,7,0,none
3.082116,1.453000,-0.105000,0.227000,1.426981,-0.106851,0.033530,1.393112,-0.132762,0.058366,-0.001395,0.004753,0.028369,0.999585,0.006918,0.006779,0.154478,-0.000767,-0.000047,0.000977,0.195220,0.181093,6.945124,18.466827,4,0,0.000000,1,0.470022,0.950559,1,4,0,none
3.098754,1.452000,-0.104000,0.230000,1.454978,-0.125396,-0.050131,1.397644,-0.132122,0.056195,-0.001748,0.005390,0.028792,0.999569,0.019391,0.007049,0.158968,-0.000781,-0.000046,0.001459,0.280963,0.184265,3.684525,18.466827,4,0,0.000000,1,0.659681,0.816684,1,5,0,none
3.115330,1.451000,-0.104000,0.235000,1.365092,-0.149866,-0.063383,1.395745,-0.133218,0.053568,-0.002262,0.005570,0.028479,0.999576,0.018368,0.004938,0.161398,-0.000749,-0.000039,0.001992,0.313873,0.191897,-1535421198046556.000000,20.515006,5,0,0.000000,1,0.837123,1.301680,1,-1,0,none
3.132003,1.450000,-0.104000,0.239000,1.336407,-0.128775,0.018906,1.391992,-0.132824,0.054647,-0.002287,0.005960,0.028446,0.999575,0.014407,0.006949,0.166123,-0.000717,-0.000043,0.002158,0.248914,0.195401,7.293631,18.466827,4,0,0.000000,1,0.432539,1.080721,1,0,0,none
3.148585,1.450000,-0.103000,0.243000,1.372805,-0.217965,0.285499,1.390849,-0.138568,0.066924,-0.001939,0.006377,0.028437,0.999573,0.015275,-0.004464,0.180652,-0.000731,-0.000006,0.001166,0.144852,0.189121,5.481743,16.266236,3,0,0.000000,1,0.747150,1.590838,1,-1,2,anchor3:2-3;3-4
3.165255,1.449000,-0.103000,0.248000,1.391022,-0.083265,0.045253,1.391114,-0.134846,0.068883,-0.002315,0.006523,0.028732,0.999563,0.017760,0.006994,0.184552,-0.000731,-0.000031,0.001273,0.211795,0.190913,1.114898,18.466827,4,0,0.000000,1,0.413984,0.814649,1,7,0,none
3.181864,1.449000,-0.102000,0.252000,1.442637,-0.091917,-0.069974,1.394951,-0.131809,0.066078,-0.002594,0.006859,0.028430,0.999569,0.031045,0.013095,0.182394,-0.000739,-0.000048,0.001890,0.322195,0.195900,7.091328,18.466827,4,0,0.000000,1,0.661928,0.822920,1,5,0,none
3.198478,1.448000,-0.102000,0.258000,1.377642,-0.099558,0.132964,1.394266,-0.129450,0.071616,-0.002792,0.006538,0.028628,0.999565,0.033036,0.022002,0.190211,-0.000740,-0.000063,0.001611,0.143493,0.195908,6.853846,20.515006,5,0,0.000000,1,0.466669,0.765131,1,-1,0,none
3.215078,1.448000,-0.102000,0.262000,1.448676,-0.100344,0.115194,1.398425,-0.127171,0.076335,-0.003215,0.005639,0.029063,0.999557,0.047401,0.029134,0.197452,-0.000770,-0.000074,0.001431,0.146817,0.193812,3.501485,18.466827,4,0,0.000000,1,0.655701,0.801353,1,5,0,none
3.231727,1.447000,-0.101000,0.266000,1.416824,-0.109467,0.311132,1.400310,-0.125627,0.088971,-0.004005,0.003693,0.029047,0.999563,0.052894,0.030324,0.212145,-0.000806,-0.000083,0.000416,0.054947,0.184731,9.870075,20.515006,5,0,0.000000,1,0.464520,0.748816,1,-1,0,none
3.248395,1.447000,-0.101000,0.272000,1.438292,-0.096613,0.212034,1.403598,-0.123279,0.097333,-0.005215,0.002153,0.028884,0.999567,0.057014,0.034404,0.225224,-0.000838,-0.000095,-0.000111,0.060754,0.181352,8.278646,20.515006,5,0,0.000000,1,0.466707,0.758784,1,-1,0,none
3.264959,1.447000,-0.100000,0.277000,1.441702,-0.071224,0.140681,1.406911,-0.119313,0.102501,-0.005029,0.000839,0.029555,0.999550,0.060247,0.046559,0.237168,-0.000861,-0.000116,-0.000289,0.139423,0.180084,2.310391,20.515006,5,0,0.000000,1,0.468402,0.767465,1,-1,0,none
3.298201,1.446000,-0.099000,0.288000,1.369561,-0.087910,0.222067,1.406108,-0.115735,0.115223,-0.004448,0.000242,0.029581,0.999552,0.057176,0.050377,0.260659,-0.000858,-0.000132,-0.000799,0.101553,0.178110,2.774713,18.466827,4,0,0.000000,1,0.422270,0.752564,1,3,0,none
3.314835,1.446000,-0.098000,0.293000,1.369312,-0.076731,0.136454,1.404444,-0.112272,0.120263,-0.004693,-0.000030,0.029366,0.999558,0.055743,0.053242,0.268432,-0.000844,-0.000151,-0.000875,0.175613,0.178238,1.193786,18.466827,4,0,0.000000,1,0.423132,0.760926,1,3,0,none
3.331463,1.446000,-0.098000,0.298000,1.355688,-0.108767,0.161231,1.404444,-0.112272,0.120263,-0.004693,-0.000030,0.029366,0.999558,0.055743,0.053242,0.268432,-0.000844,-0.000151,-0.000875,0.164249,0.183088,-1027846192992759.500000,20.515006,5,0,0.000000,1,1.948199,-nan,0,-1,0,none
3.348030,1.445000,-0.097000,0.304000,1.435891,-0.098233,0.082003,1.408469,-0.109590,0.127185,-0.003177,-0.000548,0.028733,0.999582,0.063153,0.055138,0.280044,-0.000853,-0.000154,-0.000651,0.222187,0.180987,4.941786,18.466827,4,0,0.000000,1,0.656411,0.804863,1,5,0,none
3.364704,1.445000,-0.096000,0.310000,1.380645,-0.121381,0.078191,1.407405,-0.109591,0.129525,-0.002351,-0.001433,0.028635,0.999586,0.057723,0.054441,0.285510,-0.000833,-0.000149,-0.000392,0.241912,0.184849,-23462791525237280.000000,20.515006,5,0,0.000000,1,0.508251,1.704664,1,-1,0,none
3.381380,1.445000,-0.096000,0.315000,1.286464,-0.078422,0.217255,1.399546,-0.106569,0.137776,-0.001649,-0.002815,0.028614,0.999585,0.042182,0.057251,0.298550,-0.000787,-0.000168,-0.000778,0.187074,0.183265,-310891655694394.250000,20.515006,5,0,0.000000,1,0.608434,1.253770,1,-1,0,none
3.431149,1.443000,-0.093000,0.335000,1.397742,-0.105788,0.224128,1.401207,-0.103818,0.156264,0.001842,-0.002440,0.028324,0.999594,0.041252,0.058678,0.326515,-0.000792,-0.000169,-0.001146,0.120435,0.183876,5.729083,20.515006,5,0,0.000000,1,0.465417,0.756375,1,-1,0,none
3.481058,1.442000,-0.092000,0.355000,1.410331,-0.101259,0.262288,1.403987,-0.101178,0.177136,0.003118,-0.001818,0.027893,0.999604,0.049134,0.052201,0.353779,-0.000806,-0.000170,-0.001644,0.098408,0.182112,5.208059,20.515006,5,0,0.000000,1,0.465087,0.753481,1,-1,0,none
3.497693,1.442000,-0.091000,0.361000,1.338794,-0.108957,0.255378,1.398995,-0.101158,0.186254,0.003456,-0.002449,0.027665,0.999608,0.038796,0.048323,0.360762,-0.000778,-0.000170,-0.002035,0.148761,0.180247,5.300777,18.466827,4,0,0.000000,1,0.428350,1.045464,1,0,0,none
3.514298,1.442000,-0.091000,0.367000,1.431582,-0.142348,0.292835,1.402348,-0.104002,0.196862,0.004079,-0.002341,0.027549,0.999609,0.047296,0.040417,0.373525,-0.000802,-0.000150,-0.002585,0.090806,0.175181,3.836923,16.266236,3,0,0.000000,1,0.747692,1.580383,1,-1,2,anchor3:2-3;3-4
3.547557,1.441000,-0.090000,0.382000,1.364002,-0.081995,0.284447,1.400258,-0.101022,0.212709,0.002763,-0.002455,0.026846,0.999633,0.038596,0.036305,0.389740,-0.000790,-0.000162,-0.003004,0.124537,0.174473,-1624252171248139.500000,20.515006,5,0,0.000000,1,0.474137,0.771573,1,-1,0,none
3.614175,1.438000,-0.089000,0.410000,1.443397,-0.098455,0.331125,1.407087,-0.098884,0.244132,-0.000349,-0.001065,0.024776,0.999692,0.047467,0.030787,0.414177,-0.000821,-0.000162,-0.003579,0.079623,0.169013,-3248489511372800.000000,20.515006,5,0,0.000000,1,0.873134,1.090234,1,-1,0,none
3.630645,1.437000,-0.088000,0.419000,1.420366,-0.069872,0.184682,1.409071,-0.095549,0.247207,-0.001119,0.000407,0.025168,0.999683,0.047924,0.038250,0.415577,-0.000823,-0.000176,-0.003181,0.235606,0.174212,-310891655694393.437500,20.515006,5,0,0.000000,1,0.467315,0.925317,1,-1,0,none
3.647315,1.437000,-0.087000,0.426000,1.388602,-0.040623,0.162800,1.407870,-0.089746,0.249251,-0.001734,0.001784,0.025196,0.999679,0.045058,0.051224,0.415291,-0.000804,-0.000203,-0.002637,0.271602,0.179154,-33005194926108192.000000,20.515006,5,0,0.000000,1,0.803494,1.318810,1,-1,0,none
3.663944,1.436000,-0.088000,0.435000,1.404782,-0.104457,0.326440,1.408249,-0.090349,0.259549,-0.000699,0.002068,0.024752,0.999691,0.047974,0.049463,0.422425,-0.000808,-0.000197,-0.003050,0.114152,0.177648,2.141901,16.266236,3,0,0.000000,1,0.639120,1.603201,1,-1,2,anchor2:1-2;2-3
3.680606,1.435000,-0.087000,0.442000,1.354511,-0.083945,0.300167,1.404232,-0.089073,0.268191,-0.000190,0.002001,0.024491,0.999698,0.040550,0.050113,0.429181,-0.000785,-0.000201,-0.003240,0.163109,0.176524,3.723823,18.466827,4,0,0.000000,1,0.420827,0.745302,1,3,0,none
3.713780,1.434000,-0.086000,0.458000,1.425263,-0.031293,0.251411,1.407390,-0.082337,0.280834,-0.000423,0.003657,0.024537,0.999692,0.048892,0.061247,0.447222,-0.000794,-0.000228,-0.003061,0.213888,0.179190,0.524142,18.466827,4,0,0.000000,1,0.412036,0.788518,1,7,0,none
3.747067,1.432000,-0.085000,0.473000,1.450500,-0.080718,0.201643,1.412909,-0.080225,0.291005,0.000733,0.005549,0.024386,0.999687,0.058023,0.063215,0.459042,-0.000807,-0.000224,-0.002493,0.272020,0.183056,2.460497,18.466827,4,0,0.000000,1,0.432263,1.038007,1,0,0,none
3.763668,1.432000,-0.084000,0.482000,1.429338,-0.060000,0.240029,1.415345,-0.077460,0.295675,-0.000008,0.005893,0.024451,0.999684,0.070194,0.062709,0.463441,-0.000810,-0.000232,-0.002145,0.243173,0.187182,0.642608,18.466827,4,0,0.000000,1,0.412034,0.793503,1,7,0,none
3.780323,1.432000,-0.085000,0.490000,1.338087,-0.152974,0.434311,1.409648,-0.083186,0.309668,0.000299,0.004506,0.024970,0.999678,0.064161,0.050442,0.477619,-0.000782,-0.000200,-0.002904,0.128613,0.181721,6.721618,16.266236,3,0,0.000000,1,0.624322,1.578852,1,-1,2,anchor2:1-2;2-3
3.815618,1.430000,-0.085000,0.508000,1.415890,0.016036,0.191627,1.412374,-0.072583,0.319615,-0.001948,0.004244,0.025150,0.999673,0.070082,0.069777,0.483001,-0.000776,-0.000244,-0.002095,0.332414,0.189615,2.120519,20.515006,5,0,0.000000,1,0.466646,0.767862,1,-1,0,none
3.832304,1.430000,-0.084000,0.519000,1.328316,-0.089547,0.315533,1.406134,-0.073001,0.326996,-0.001535,0.002204,0.024804,0.999689,0.060730,0.067543,0.486964,-0.000734,-0.000237,-0.002012,0.227529,0.193794,0.857549,16.266236,3,0,0.000000,1,0.630609,1.588409,1,-1,2,anchor2:1-2;2-3
3.865494,1.430000,-0.082000,0.534000,1.402563,-0.126063,0.446192,1.407690,-0.075784,0.348270,-0.003770,0.000174,0.023989,0.999705,0.065715,0.061268,0.501572,-0.000737,-0.000213,-0.002636,0.102003,0.187169,0.277536,16.266236,3,0,0.000000,1,0.633404,1.588028,1,-1,2,anchor2:1-2;2-3
3.882090,1.429000,-0.082000,0.545000,1.397008,-0.051122,0.342406,1.407711,-0.072715,0.355659,-0.004210,-0.001562,0.024752,0.999684,0.060706,0.067468,0.505498,-0.000731,-0.000223,-0.002553,0.207416,0.190760,-62178212651090032.000000,20.515006,5,0,0.000000,1,0.607181,1.221803,1,-1,0,none
3.898745,1.428000,-0.082000,0.553000,1.365706,-0.055798,0.258701,1.405048,-0.070216,0.358683,-0.005755,-0.001294,0.024098,0.999692,0.048859,0.073416,0.501380,-0.000707,-0.000229,-0.001928,0.301959,0.196022,7.915174,20.515006,5,0,0.000000,1,0.464760,0.756154,1,-1,0,none
3.915366,1.428000,-0.081000,0.561000,1.311388,-0.173585,0.523344,1.398107,-0.077604,0.374694,-0.004945,-0.001847,0.023184,0.999717,0.035700,0.062559,0.511621,-0.000671,-0.000187,-0.002822,0.153585,0.188719,1.144304,16.266236,3,0,0.000000,1,0.617656,1.564821,1,-1,2,anchor2:1-2;2-3
3.931969,1.427000,-0.081000,0.572000,1.401535,-0.066305,0.255671,1.398896,-0.075730,0.376635,-0.004650,-0.000961,0.024120,0.999698,0.035888,0.067352,0.506656,-0.000669,-0.000190,-0.002092,0.317693,0.197446,-2290436787986063.000000,20.515006,5,0,0.000000,1,0.461338,1.183776,1,-1,0,none
3.948564,1.426000,-0.081000,0.580000,1.401997,-0.034394,0.229987,1.399645,-0.071451,0.377349,-0.005337,0.000118,0.023379,0.999712,0.036427,0.076699,0.498632,-0.000665,-0.000205,-0.001216,0.353917,0.204581,4.538041,20.515006,5,0,0.000000,1,0.465697,0.760781,1,-1,0,none
3.981886,1.426000,-0.079000,0.599000,1.427294,-0.044410,0.312254,1.403130,-0.066879,0.390001,-0.004692,0.001697,0.024629,0.999684,0.047503,0.081427,0.501435,-0.000675,-0.000215,-0.000743,0.288828,0.210595,1.371824,20.515006,5,0,0.000000,1,0.464911,0.753346,1,-1,0,none
3.998515,1.425000,-0.078000,0.610000,1.348666,-0.153955,0.493857,1.399582,-0.072573,0.402524,-0.004861,0.002590,0.024045,0.999696,0.046879,0.069224,0.511506,-0.000653,-0.000177,-0.001285,0.158384,0.209098,3.521912,16.266236,3,0,0.000000,1,0.623872,1.573831,1,-1,2,anchor2:1-2;2-3
4.015086,1.424000,-0.078000,0.619000,1.360656,-0.169565,0.663111,1.397322,-0.079047,0.422685,-0.004169,0.003081,0.023080,0.999720,0.044559,0.059273,0.530372,-0.000642,-0.000137,-0.002710,0.119760,0.198122,2.388237,16.266236,3,0,0.000000,1,0.620212,1.560218,1,-1,2,anchor2:1-2;2-3
4.031714,1.424000,-0.078000,0.627000,1.366899,-0.010970,0.301364,1.395691,-0.072962,0.425213,-0.003241,0.002492,0.022949,0.999728,0.042219,0.072185,0.530517,-0.000627,-0.000165,-0.001981,0.337331,0.203826,5.003762,20.515006,5,0,0.000000,1,0.464403,0.755405,1,-1,0,none
4.048399,1.424000,-0.076000,0.639000,1.329103,-0.151724,0.507162,1.391383,-0.077739,0.437352,-0.002136,0.002861,0.023419,0.999719,0.030991,0.059021,0.538199,-0.000601,-0.000132,-0.002378,0.179223,0.204276,5.268952,16.266236,3,0,0.000000,1,0.621281,1.568433,1,-1,2,anchor2:1-2;2-3
4.064988,1.423000,-0.075000,0.644000,1.344391,0.017780,0.320071,1.388413,-0.069830,0.440497,-0.001916,0.003440,0.022695,0.999735,0.027884,0.073896,0.537214,-0.000581,-0.000171,-0.001682,0.346003,0.206486,2.015523,18.466827,4,0,0.000000,1,0.656642,1.097358,1,1,0,none
4.081591,1.422000,-0.075000,0.656000,1.385893,-0.115421,0.584949,1.388706,-0.072011,0.455188,0.000249,0.004516,0.023833,0.999706,0.031234,0.070145,0.546377,-0.000580,-0.000152,-0.002424,0.089363,0.203575,1.815316,16.266236,3,0,0.000000,1,0.627715,1.568632,1,-1,2,anchor2:1-2;2-3
4.114894,1.421000,-0.073000,0.676000,1.468575,-0.008029,0.438275,1.395779,-0.065049,0.471566,0.003934,0.007709,0.023620,0.999684,0.049771,0.081186,0.544917,-0.000612,-0.000178,-0.002236,0.250993,0.206137,3.562983,20.515006,5,0,0.000000,1,0.464170,0.746424,1,-1,0,none
4.164703,1.421000,-0.071000,0.704000,1.330521,-0.129630,0.669175,1.392980,-0.066869,0.506742,0.005932,0.008709,0.024119,0.999654,0.056150,0.069293,0.554042,-0.000582,-0.000147,-0.003259,0.113299,0.199281,5.140707,16.266236,3,0,0.000000,1,0.618399,1.551384,1,-1,2,anchor2:1-2;2-3
4.198021,1.420000,-0.069000,0.724000,1.390438,-0.030651,0.488523,1.394572,-0.061754,0.523263,0.007964,0.007183,0.023312,0.999671,0.060649,0.067545,0.554479,-0.000580,-0.000163,-0.003034,0.240404,0.202471,3.729306,20.515006,5,0,0.000000,1,0.462559,0.740233,1,-1,0,none
4.214598,1.420000,-0.069000,0.734000,1.359793,-0.024257,0.602876,1.392582,-0.057709,0.535438,0.007665,0.007347,0.024417,0.999645,0.057921,0.070322,0.560416,-0.000563,-0.000179,-0.003466,0.151064,0.200764,1.942614,18.466827,4,0,0.000000,1,0.644061,0.771197,1,4,0,none
4.231178,1.420000,-0.067000,0.745000,1.383619,-0.074557,0.733414,1.392778,-0.058103,0.553561,0.008009,0.007008,0.023953,0.999656,0.061034,0.065834,0.570079,-0.000558,-0.000172,-0.004600,0.038922,0.193569,0.701087,16.266236,3,0,0.000000,1,0.625208,1.552724,1,-1,2,anchor2:1-2;2-3
4.247813,1.420000,-0.067000,0.753000,1.431691,-0.135508,0.769333,1.396812,-0.063276,0.572724,0.009121,0.007222,0.023757,0.999650,0.069312,0.054326,0.582369,-0.000572,-0.000141,-0.005822,0.071392,0.181799,5.526107,16.266236,3,0,0.000000,1,0.627043,1.562974,1,-1,2,anchor2:1-2;2-3
4.264483,1.419000,-0.067000,0.762000,1.354509,-0.113099,0.762635,1.394601,-0.066334,0.590834,0.009823,0.007255,0.023462,0.999650,0.063958,0.044773,0.592632,-0.000555,-0.000119,-0.006874,0.079276,0.172897,0.440220,16.266236,3,0,0.000000,1,0.619574,1.547718,1,-1,2,anchor2:1-2;2-3
4.281081,1.419000,-0.066000,0.774000,1.322071,-0.088469,0.768688,1.390074,-0.067370,0.608558,0.010789,0.006746,0.023906,0.999633,0.056055,0.036959,0.603856,-0.000526,-0.000107,-0.007843,0.099641,0.167957,4.477456,16.266236,3,0,0.000000,1,0.616829,1.539467,1,-1,2,anchor2:1-2;2-3
4.297690,1.419000,-0.066000,0.783000,1.332398,-0.086405,0.851051,1.386660,-0.068294,0.628920,0.010893,0.006177,0.024218,0.999628,0.053056,0.029869,0.618409,-0.000503,-0.000096,-0.009256,0.112014,0.157454,1.237979,16.266236,3,0,0.000000,1,0.616164,1.536428,1,-1,2,anchor2:1-2;2-3
4.314310,1.420000,-0.066000,0.792000,1.389848,-0.012422,0.583406,1.387671,-0.063752,0.636320,0.010738,0.006086,0.024339,0.999628,0.053987,0.033846,0.618203,-0.000504,-0.000115,-0.008944,0.217465,0.159018,-713781171672605.500000,20.515006,5,0,0.000000,1,0.435761,0.678107,1,-1,0,none
4.330975,1.419000,-0.066000,0.803000,1.353453,-0.097236,0.833097,1.386083,-0.065704,0.654890,0.011610,0.005850,0.024027,0.999627,0.055547,0.022390,0.629821,-0.000488,-0.000101,-0.009993,0.078600,0.151724,1.497168,16.266236,3,0,0.000000,1,0.618445,1.542108,1,-1,2,anchor2:1-2;2-3
4.347608,1.419000,-0.066000,0.812000,1.342941,-0.024896,0.690322,1.383887,-0.062480,0.666382,0.012005,0.005628,0.024049,0.999623,0.054788,0.022315,0.632527,-0.000472,-0.000114,-0.010133,0.149265,0.149833,-2643629715062777.000000,20.515006,5,0,0.000000,1,0.387795,0.801386,1,-1,0,none
4.364206,1.419000,-0.066000,0.821000,1.350771,-0.124175,0.834059,1.382437,-0.066546,0.683327,0.012789,0.005151,0.024357,0.999608,0.057966,0.009326,0.642443,-0.000456,-0.000091,-0.011004,0.090609,0.142447,0.279697,16.266236,3,0,0.000000,1,0.617138,1.543363,1,-1,2,anchor2:1-2;2-3
4.380808,1.420000,-0.066000,0.833000,1.450880,-0.116908,0.869433,1.388157,-0.069973,0.701349,0.013003,0.005173,0.024441,0.999603,0.070650,-0.004083,0.651526,-0.000472,-0.000074,-0.011974,0.069804,0.135505,9.360865,16.266236,3,0,0.000000,1,0.783642,1.541235,1,-1,2,anchor3:2-3;3-4
4.414100,1.420000,-0.067000,0.854000,1.385711,-0.005771,0.667763,1.390244,-0.065543,0.720404,0.011428,0.003991,0.024638,0.999623,0.078523,-0.005583,0.648849,-0.000471,-0.000096,-0.011662,0.199020,0.136878,1.421795,18.466827,4,0,0.000000,1,0.418116,0.720360,1,2,0,none
4.430702,1.420000,-0.067000,0.863000,1.360066,-0.143940,0.899044,1.389303,-0.071338,0.738668,0.010495,0.003220,0.024662,0.999636,0.074441,-0.024456,0.655685,-0.000457,-0.000067,-0.012610,0.103976,0.128139,2.662616,16.266236,3,0,0.000000,1,0.616132,1.543107,1,-1,2,anchor2:1-2;2-3
4.464032,1.421000,-0.069000,0.884000,1.318400,-0.072919,0.821081,1.386247,-0.072288,0.762867,0.006715,0.001577,0.024666,0.999672,0.066099,-0.028098,0.656399,-0.000429,-0.000064,-0.012965,0.120420,0.126062,1.561573,16.266236,3,0,0.000000,1,0.615821,1.534440,1,-1,2,anchor2:1-2;2-3
4.480615,1.421000,-0.069000,0.893000,1.385059,-0.007146,0.673357,1.387131,-0.067907,0.768961,0.005648,0.000298,0.024822,0.999676,0.066330,-0.019165,0.650882,-0.000431,-0.000089,-0.012386,0.230999,0.128585,-3654548644896762.000000,20.515006,5,0,0.000000,1,0.562715,0.899586,1,-1,0,none
4.497241,1.420000,-0.069000,0.901000,1.382096,-0.175931,1.026178,1.387836,-0.076077,0.790781,0.005020,-0.000962,0.023679,0.999707,0.066703,-0.036236,0.662506,-0.000421,-0.000047,-0.013804,0.168939,0.115034,0.767059,16.266236,3,0,0.000000,1,0.615255,1.544661,1,-1,2,anchor2:1-2;2-3
4.513816,1.421000,-0.070000,0.913000,1.408554,-0.014692,0.772849,1.390257,-0.072202,0.799944,0.002983,-0.000998,0.023333,0.999723,0.065205,-0.027758,0.660292,-0.000427,-0.000069,-0.013644,0.151182,0.117182,2.629232,18.466827,4,0,0.000000,1,0.418720,0.715433,1,2,0,none
4.530393,1.421000,-0.070000,0.922000,1.334794,-0.014282,0.714898,1.387287,-0.068515,0.806294,0.001804,-0.001144,0.024705,0.999693,0.056290,-0.017832,0.656007,-0.000410,-0.000090,-0.013102,0.231143,0.120527,1.793693,18.466827,4,0,0.000000,1,0.641348,0.766425,1,4,0,none
4.547107,1.421000,-0.071000,0.931000,1.354303,-0.144865,1.057444,1.385882,-0.074094,0.827480,0.000806,-0.000222,0.024625,0.999696,0.055393,-0.027046,0.667302,-0.000390,-0.000060,-0.014455,0.160912,0.109359,1.997928,16.266236,3,0,0.000000,1,0.612789,1.537161,1,-1,2,anchor2:1-2;2-3
4.563722,1.421000,-0.073000,0.943000,1.400448,-0.144305,0.968731,1.387737,-0.079278,0.844079,0.001319,-0.000619,0.023624,0.999720,0.056419,-0.033922,0.668646,-0.000389,-0.000033,-0.015183,0.078542,0.104552,3.855667,16.266236,3,0,0.000000,1,0.618979,1.547658,1,-1,2,anchor2:1-2;2-3
4.580335,1.421000,-0.072000,0.951000,1.359273,-0.017022,0.835473,1.386596,-0.075521,0.853708,0.000877,-0.001217,0.023057,0.999733,0.050560,-0.025081,0.664609,-0.000379,-0.000054,-0.015077,0.142054,0.103256,2.653485,18.466827,4,0,0.000000,1,0.639698,0.761664,1,4,0,none
4.596891,1.421000,-0.073000,0.960000,1.404457,-0.007677,0.679429,1.388531,-0.071380,0.856358,-0.000120,-0.000817,0.023931,0.999713,0.055039,-0.019635,0.652298,-0.000392,-0.000082,-0.014056,0.288550,0.108621,5.513175,20.515006,5,0,0.000000,1,0.461269,0.730312,1,-1,0,none
4.613577,1.422000,-0.073000,0.971000,1.358176,-0.160636,1.123942,1.387353,-0.077579,0.877774,-0.000978,-0.000437,0.024198,0.999707,0.051217,-0.028797,0.660508,-0.000372,-0.000046,-0.015476,0.187469,0.099561,2.218938,16.266236,3,0,0.000000,1,0.611864,1.538024,1,-1,2,anchor2:1-2;2-3
4.630180,1.422000,-0.074000,0.980000,1.374164,-0.031617,0.794570,1.387296,-0.074967,0.884626,-0.001408,-0.000711,0.023480,0.999723,0.055825,-0.018855,0.657194,-0.000371,-0.000064,-0.014960,0.196135,0.101497,4.975511,20.515006,5,0,0.000000,1,0.460162,0.722941,1,-1,0,none
4.646798,1.422000,-0.075000,0.988000,1.439238,-0.088533,0.850338,1.391591,-0.076133,0.893635,-0.001726,-0.000837,0.022945,0.999735,0.064509,-0.018376,0.653867,-0.000392,-0.000061,-0.014714,0.139395,0.099150,1.157503,18.466827,4,0,0.000000,1,0.426349,0.990077,1,7,0,none
4.680012,1.422000,-0.076000,1.008000,1.399398,-0.101065,0.991652,1.394171,-0.078391,0.918330,-0.002644,-0.000921,0.023673,0.999716,0.072256,-0.019878,0.658903,-0.000391,-0.000050,-0.015149,0.037502,0.093920,2.864190,16.266236,3,0,0.000000,1,0.619716,1.544106,1,-1,2,anchor2:1-2;2-3
4.696679,1.423000,-0.076000,1.016000,1.421538,-0.032033,0.845102,1.394171,-0.078391,0.918330,-0.002644,-0.000921,0.023673,0.999716,0.072256,-0.019878,0.658903,-0.000391,-0.000050,-0.015149,0.176469,0.101864,-3070843061075345.000000,20.515006,5,0,0.000000,1,3.189090,-nan,0,-1,0,none
4.713285,1.423000,-0.075000,1.027000,1.406069,-0.062051,0.810798,1.397220,-0.077724,0.934371,-0.004477,-0.000563,0.022015,0.999747,0.072443,-0.008706,0.649092,-0.000400,-0.000060,-0.014388,0.217250,0.096188,2.351312,20.515006,5,0,0.000000,1,0.460393,0.720762,1,-1,0,none
4.729916,1.423000,-0.076000,1.036000,1.345937,-0.031015,0.862465,1.394650,-0.074488,0.940976,-0.004999,-0.000684,0.023037,0.999722,0.066743,0.005945,0.643393,-0.000379,-0.000080,-0.013908,0.195132,0.099175,0.502591,18.466827,4,0,0.000000,1,0.642180,1.036375,1,1,0,none
4.746525,1.424000,-0.076000,1.044000,1.441548,-0.081840,0.976316,1.398940,-0.074873,0.952339,-0.005976,0.000027,0.023126,0.999715,0.077271,0.008559,0.642106,-0.000398,-0.000078,-0.014054,0.070165,0.095031,2.694741,20.515006,5,0,0.000000,1,0.460234,0.714171,1,-1,0,none
4.763186,1.424000,-0.076000,1.055000,1.410932,-0.056786,0.909379,1.400996,-0.073474,0.960436,-0.005949,0.000027,0.022583,0.999727,0.085009,0.015865,0.638008,-0.000404,-0.000086,-0.013746,0.147463,0.097355,0.196573,18.466827,4,0,0.000000,1,0.405223,0.754299,1,6,0,none
4.779827,1.425000,-0.076000,1.063000,1.351079,-0.048613,0.886910,1.398877,-0.071496,0.967258,-0.006079,-0.000468,0.022574,0.999727,0.077740,0.024653,0.630732,-0.000384,-0.000097,-0.013264,0.192930,0.099344,0.450687,18.466827,4,0,0.000000,1,0.640955,1.032916,1,1,0,none
4.796429,1.425000,-0.075000,1.074000,1.373439,-0.071673,0.931434,1.398334,-0.071135,0.975150,-0.006313,-0.001450,0.022556,0.999725,0.079142,0.026830,0.625522,-0.000374,-0.000096,-0.013004,0.151640,0.102456,-634469398632972.000000,20.515006,5,0,0.000000,1,0.371240,1.898770,1,-1,0,none
4.813023,1.426000,-0.074000,1.082000,1.369232,-0.043267,0.985291,1.397580,-0.068862,0.985060,-0.006150,-0.002876,0.023270,0.999706,0.075130,0.033500,0.621250,-0.000360,-0.000108,-0.013005,0.116274,0.101151,4.039925,20.515006,5,0,0.000000,1,0.459430,0.715531,1,-1,0,none
4.829730,1.426000,-0.075000,1.093000,1.411493,-0.030345,0.962352,1.399626,-0.065809,0.993691,-0.006254,-0.002906,0.023643,0.999697,0.077536,0.040462,0.617493,-0.000366,-0.000125,-0.012820,0.138829,0.103162,3.006161,18.466827,4,0,0.000000,1,0.418758,0.708170,1,2,0,none
4.846281,1.427000,-0.073000,1.101000,1.373915,-0.099551,0.950735,1.399154,-0.067334,1.001532,-0.004791,-0.003436,0.023616,0.999704,0.075981,0.044821,0.611675,-0.000356,-0.000109,-0.012523,0.161563,0.103448,2.166375,20.515006,5,0,0.000000,1,0.459428,0.713032,1,-1,0,none
4.862977,1.427000,-0.073000,1.108000,1.391392,-0.010535,1.013561,1.399804,-0.062925,1.011702,-0.003690,-0.004389,0.023443,0.999709,0.071416,0.054906,0.605124,-0.000351,-0.000134,-0.012533,0.118695,0.100571,2.499857,18.466827,4,0,0.000000,1,0.590673,0.794473,1,0,0,none
4.896127,1.429000,-0.072000,1.127000,1.350720,-0.074581,1.057715,1.398637,-0.061914,1.032524,-0.003442,-0.003697,0.023097,0.999720,0.069264,0.060981,0.603101,-0.000326,-0.000128,-0.012685,0.104570,0.099746,1.009603,20.515006,5,0,0.000000,1,0.459044,0.711668,1,-1,0,none
4.912850,1.429000,-0.070000,1.134000,1.400602,-0.076237,1.040955,1.399817,-0.061942,1.042253,-0.002598,-0.003673,0.023215,0.999720,0.069099,0.060183,0.597723,-0.000326,-0.000120,-0.012678,0.097482,0.096613,5.565787,20.515006,5,0,0.000000,1,0.459645,0.712494,1,-1,0,none
4.929414,1.430000,-0.069000,1.145000,1.366806,-0.120506,1.124431,1.398687,-0.064903,1.055119,-0.001772,-0.003647,0.023118,0.999725,0.067395,0.057981,0.598318,-0.000308,-0.000092,-0.013095,0.084080,0.095267,-310892008336897.750000,20.515006,5,0,0.000000,1,0.496394,0.795700,1,-1,0,none
4.946080,1.431000,-0.069000,1.152000,1.372530,-0.096573,1.141522,1.397982,-0.066115,1.067769,-0.000392,-0.003422,0.023329,0.999722,0.067735,0.056318,0.597607,-0.000292,-0.000077,-0.013537,0.065489,0.090518,1.306395,20.515006,5,0,0.000000,1,0.459238,0.709105,1,-1,0,none
4.962605,1.432000,-0.068000,1.160000,1.403595,-0.115109,1.188784,1.399372,-0.068457,1.081919,0.002379,-0.003679,0.024055,0.999701,0.069909,0.053225,0.599240,-0.000291,-0.000054,-0.014173,0.062085,0.084625,3.704180,18.466827,4,0,0.000000,1,0.404898,0.757640,1,6,0,none
4.979322,1.432000,-0.067000,1.170000,1.332980,-0.076222,1.051498,1.396139,-0.068173,1.089941,0.004371,-0.005223,0.023876,0.999692,0.065416,0.048508,0.594532,-0.000261,-0.000049,-0.013945,0.154702,0.087732,1.385683,18.466827,4,0,0.000000,1,0.636278,1.021704,1,1,0,none
4.995926,1.433000,-0.067000,1.177000,1.360725,-0.107428,1.169265,1.394839,-0.069992,1.102501,0.005580,-0.005813,0.023893,0.999682,0.059657,0.041158,0.594548,-0.000242,-0.000031,-0.014351,0.083174,0.083758,-158618105319423.000000,20.515006,5,0,0.000000,1,0.501249,0.791820,1,-1,0,none
5.012549,1.434000,-0.065000,1.185000,1.340081,-0.049104,1.131366,1.392245,-0.068019,1.113138,0.006184,-0.006266,0.023290,0.999690,0.052152,0.041595,0.592714,-0.000215,-0.000039,-0.014458,0.109316,0.083168,0.950501,18.466827,4,0,0.000000,1,0.442216,0.855004,1,3,0,none
5.029111,1.435000,-0.064000,1.194000,1.379766,-0.097148,1.266824,1.392245,-0.068019,1.113138,0.006184,-0.006266,0.023290,0.999690,0.052152,0.041595,0.592714,-0.000215,-0.000039,-0.014458,0.097226,0.091558,-7930894182931233.000000,20.515006,5,0,0.000000,1,1.460011,1.597449,0,-1,0,none
5.045803,1.436000,-0.064000,1.202000,1.399705,-0.070263,1.263321,1.394464,-0.066886,1.138058,0.008943,-0.006366,0.024518,0.999639,0.062352,0.040724,0.597244,-0.000212,-0.000037,-0.015224,0.071532,0.076303,-913640032737438.875000,20.515006,5,0,0.000000,1,0.370757,0.775414,1,-1,0,none
5.062438,1.436000,-0.063000,1.209000,1.354962,-0.082251,1.183669,1.392745,-0.067333,1.149267,0.010150,-0.006677,0.023341,0.999654,0.054926,0.032579,0.594286,-0.000191,-0.000029,-0.015434,0.087060,0.073877,3.438727,20.515006,5,0,0.000000,1,0.459095,0.709294,1,-1,0,none
5.079030,1.438000,-0.061000,1.219000,1.362446,-0.085837,1.234163,1.391602,-0.068088,1.162250,0.011669,-0.007813,0.023702,0.999620,0.053650,0.026863,0.595882,-0.000173,-0.000020,-0.015870,0.080964,0.073645,1.094428,18.466827,4,0,0.000000,1,0.441847,0.850476,1,3,0,none
5.095675,1.438000,-0.061000,1.226000,1.385573,-0.089329,1.247569,1.392009,-0.069125,1.174812,0.012533,-0.008704,0.023573,0.999606,0.053475,0.018500,0.596303,-0.000166,-0.000010,-0.016309,0.063374,0.069292,-1526963442155079.500000,20.515006,5,0,0.000000,1,0.370491,0.849595,1,-1,0,none
5.112243,1.439000,-0.060000,1.233000,1.290082,-0.049160,1.088854,1.386118,-0.067574,1.180328,0.012018,-0.009320,0.023213,0.999615,0.037277,0.018477,0.589156,-0.000123,-0.000019,-0.015762,0.207538,0.075022,2.530178,18.466827,4,0,0.000000,1,0.635899,1.024700,1,1,0,none
5.128923,1.440000,-0.059000,1.242000,1.393601,-0.075373,1.249181,1.387189,-0.067818,1.192383,0.012234,-0.009688,0.023798,0.999595,0.040250,0.014119,0.589495,-0.000123,-0.000015,-0.016101,0.049724,0.072997,-3083530689867893.000000,20.515006,5,0,0.000000,1,0.437544,0.727630,1,-1,0,none
5.145612,1.441000,-0.058000,1.249000,1.389189,-0.082303,1.291210,1.387964,-0.068564,1.205713,0.012990,-0.010424,0.024298,0.999566,0.041288,0.007834,0.587455,-0.000119,-0.000008,-0.016611,0.071110,0.069269,3.447585,20.515006,5,0,0.000000,1,0.459693,0.709024,1,-1,0,none
5.162125,1.442000,-0.057000,1.258000,1.398019,-0.085524,1.293622,1.389211,-0.069554,1.218072,0.013801,-0.011183,0.024067,0.999553,0.041238,0.002885,0.585218,-0.000120,0.000000,-0.017059,0.063379,0.067368,1.445451,20.515006,5,0,0.000000,1,0.459797,0.708914,1,-1,0,none
5.178733,1.443000,-0.057000,1.265000,1.380135,-0.089834,1.203867,1.389226,-0.070816,1.226414,0.014843,-0.012313,0.023591,0.999536,0.037477,-0.002958,0.578239,-0.000116,0.000009,-0.016927,0.093634,0.067613,2.493937,18.466827,4,0,0.000000,1,0.424000,0.990448,1,7,0,none
5.195388,1.444000,-0.056000,1.272000,1.394962,-0.063105,1.357637,1.390173,-0.070419,1.240709,0.015218,-0.012928,0.023682,0.999520,0.037620,-0.008885,0.580352,-0.000114,0.000006,-0.017616,0.098939,0.063909,2.132025,18.466827,4,0,0.000000,1,0.592805,0.785316,1,0,0,none
5.212023,1.444000,-0.055000,1.281000,1.477113,-0.125453,1.454121,1.396203,-0.074035,1.258459,0.015278,-0.012112,0.024344,0.999514,0.043425,-0.018748,0.585597,-0.000145,0.000031,-0.018766,0.189818,0.056170,6.414213,16.266236,3,0,0.000000,1,0.835947,1.572845,1,-1,2,anchor3:2-3;3-4
5.228667,1.445000,-0.056000,1.288000,1.415120,-0.052592,1.193471,1.398044,-0.072965,1.265129,0.015138,-0.012018,0.023943,0.999526,0.044025,-0.013454,0.578023,-0.000154,0.000021,-0.018343,0.099197,0.054916,4.253817,18.466827,4,0,0.000000,1,0.443823,0.841829,1,3,0,none
5.245247,1.446000,-0.056000,1.294000,1.371603,-0.018433,1.204016,1.397060,-0.069809,1.271417,0.014524,-0.011860,0.022544,0.999570,0.042078,-0.011974,0.572384,-0.000144,-0.000004,-0.017948,0.122652,0.055640,4.594556,20.515006,5,0,0.000000,1,0.459441,0.713068,1,-1,0,none
5.261860,1.447000,-0.055000,1.303000,1.429443,-0.049929,1.340655,1.399699,-0.068768,1.283012,0.014376,-0.011690,0.022539,0.999574,0.044352,-0.011016,0.571619,-0.000157,-0.000013,-0.018283,0.041855,0.053165,0.552146,18.466827,4,0,0.000000,1,0.405723,0.750542,1,6,0,none
5.278558,1.448000,-0.055000,1.309000,1.440351,-0.068141,1.291695,1.402867,-0.068947,1.292261,0.014721,-0.011742,0.024100,0.999532,0.046935,-0.017509,0.564719,-0.000175,-0.000014,-0.018279,0.023036,0.050117,-19300621820224044.000000,20.515006,5,0,0.000000,1,0.527865,1.198556,1,-1,0,none
5.295163,1.448000,-0.055000,1.315000,1.435051,-0.032186,1.255860,1.405566,-0.066999,1.299701,0.014426,-0.011390,0.023997,0.999543,0.050806,-0.017606,0.558388,-0.000189,-0.000030,-0.018021,0.064697,0.046676,0.787190,18.466827,4,0,0.000000,1,0.405532,0.747636,1,6,0,none
5.311785,1.449000,-0.055000,1.324000,1.402894,-0.068662,1.242697,1.406155,-0.067396,1.305845,0.015055,-0.011749,0.022978,0.999554,0.049607,-0.022010,0.552540,-0.000188,-0.000029,-0.017653,0.094459,0.048155,-7930888893301252.000000,20.515006,5,0,0.000000,1,0.502788,0.617102,1,-1,0,none
5.328341,1.450000,-0.055000,1.330000,1.391273,-0.058549,1.229059,1.405954,-0.067202,1.311220,0.014796,-0.011727,0.023131,0.999554,0.042150,-0.022251,0.542367,-0.000180,-0.000032,-0.017176,0.116835,0.049413,2.481651,20.515006,5,0,0.000000,1,0.459631,0.710748,1,-1,0,none
5.345071,1.450000,-0.054000,1.336000,1.462316,-0.079606,1.375537,1.409997,-0.068314,1.322178,0.015084,-0.011843,0.024199,0.999523,0.048429,-0.026835,0.539813,-0.000207,-0.000027,-0.017484,0.048688,0.044679,3.740605,16.266236,3,0,0.000000,1,0.619063,1.554951,1,-1,2,anchor2:1-2;2-3
5.361657,1.451000,-0.053000,1.344000,1.469777,0.001944,1.253782,1.409997,-0.068314,1.322178,0.015084,-0.011843,0.024199,0.999523,0.048429,-0.026835,0.539813,-0.000207,-0.000027,-0.017484,0.107289,0.048908,-19300602958917416.000000,20.515006,5,0,0.000000,1,5.170593,5.841402,0,-1,0,none
5.378262,1.451000,-0.054000,1.350000,1.468078,-0.047459,1.209194,1.415206,-0.067900,1.334085,0.015868,-0.010626,0.023381,0.999544,0.055596,-0.034226,0.522829,-0.000234,-0.000036,-0.016727,0.141989,0.041566,2.801769,20.515006,5,0,0.000000,1,0.460579,0.712351,1,-1,0,none
5.394877,1.452000,-0.054000,1.358000,1.499019,-0.090488,1.302412,1.421336,-0.069856,1.340707,0.016172,-0.009113,0.024534,0.999527,0.064280,-0.038461,0.514486,-0.000275,-0.000024,-0.016494,0.081439,0.038611,0.645500,18.466827,4,0,0.000000,1,0.592517,1.018880,1,5,0,none
5.428160,1.453000,-0.054000,1.369000,1.442354,-0.055567,1.211940,1.424848,-0.070292,1.351301,0.017746,-0.010809,0.024550,0.999483,0.069644,-0.049001,0.493009,-0.000280,-0.000030,-0.015620,0.157428,0.037030,-609094846332168.875000,20.515006,5,0,0.000000,1,0.397473,0.715543,1,-1,0,none
5.444755,1.454000,-0.054000,1.375000,1.449892,-0.047309,1.251165,1.427586,-0.069580,1.354859,0.017450,-0.011838,0.024877,0.999468,0.071428,-0.052880,0.480913,-0.000288,-0.000040,-0.014972,0.124084,0.036689,0.702492,18.466827,4,0,0.000000,1,0.426021,0.977201,1,7,0,none
5.461351,1.455000,-0.054000,1.382000,1.440993,-0.048900,1.261489,1.429533,-0.069071,1.358211,0.015596,-0.011973,0.025043,0.999493,0.071473,-0.055908,0.469136,-0.000290,-0.000050,-0.014371,0.121429,0.037969,3.760821,18.466827,4,0,0.000000,1,0.635146,0.751646,1,4,0,none
5.478021,1.455000,-0.055000,1.387000,1.432698,-0.064931,1.253634,1.430787,-0.069652,1.361034,0.015270,-0.012334,0.025942,0.999471,0.065482,-0.054613,0.456849,-0.000285,-0.000050,-0.013708,0.135582,0.038408,-114204407119998.000000,20.515006,5,0,0.000000,1,0.623297,1.819679,1,-1,0,none
5.494629,1.456000,-0.054000,1.394000,1.445022,-0.059633,1.275015,1.432683,-0.069882,1.364546,0.015497,-0.013069,0.025945,0.999458,0.063948,-0.059759,0.447924,-0.000288,-0.000053,-0.013157,0.119623,0.040786,2.910009,20.515006,5,0,0.000000,1,0.460378,0.711001,1,-1,0,none
5.511281,1.457000,-0.055000,1.399000,1.450330,-0.036819,1.302628,1.434796,-0.068750,1.369038,0.014679,-0.013174,0.026124,0.999464,0.065592,-0.061288,0.440082,-0.000293,-0.000070,-0.012748,0.098299,0.039747,-5596040915914252.000000,20.515006,5,0,0.000000,1,0.374183,0.598289,1,-1,0,none
5.527861,1.457000,-0.055000,1.404000,1.443594,-0.013386,1.186045,1.436347,-0.066216,1.368133,0.013164,-0.013185,0.026400,0.999478,0.064905,-0.059844,0.427813,-0.000286,-0.000096,-0.011635,0.222296,0.042881,0.654948,18.466827,4,0,0.000000,1,0.642616,1.016051,1,1,0,none
5.544441,1.458000,-0.056000,1.411000,1.455149,-0.051167,1.235053,1.438506,-0.066169,1.369227,0.012087,-0.013036,0.026378,0.999494,0.065166,-0.057902,0.417198,-0.000287,-0.000099,-0.010819,0.176037,0.047205,3.983054,18.466827,4,0,0.000000,1,0.426224,0.977368,1,7,0,none
5.561153,1.458000,-0.056000,1.416000,1.481958,-0.049754,1.265877,1.438506,-0.066169,1.369227,0.012087,-0.013036,0.026378,0.999494,0.065166,-0.057902,0.417198,-0.000287,-0.000099,-0.010819,0.152151,0.051683,-2487132681327389.000000,20.515006,5,0,0.000000,1,1.065528,1.703120,0,-1,0,none
5.577726,1.458000,-0.057000,1.422000,1.532436,-0.050674,1.329060,1.446612,-0.067059,1.380441,0.011852,-0.013038,0.026614,0.999490,0.069821,-0.062554,0.397332,-0.000341,-0.000106,-0.010490,0.119241,0.044250,4.367505,20.515006,5,0,0.000000,1,0.461688,0.712251,1,-1,0,none
5.610970,1.459000,-0.058000,1.432000,1.450896,-0.051029,1.262564,1.448983,-0.067954,1.387453,0.010721,-0.013061,0.027219,0.999487,0.066718,-0.066700,0.380353,-0.000330,-0.000111,-0.009673,0.169772,0.046731,-2144517465022087.000000,20.515006,5,0,0.000000,1,0.591448,1.125060,1,-1,0,none
5.627705,1.460000,-0.059000,1.438000,1.455409,-0.055794,1.376654,1.450437,-0.068147,1.392830,0.010167,-0.013028,0.027482,0.999486,0.068380,-0.068252,0.376454,-0.000332,-0.000118,-0.009567,0.061601,0.047069,1.614119,20.515006,5,0,0.000000,1,0.460833,0.711434,1,-1,0,none
5.644275,1.459000,-0.060000,1.443000,1.408361,-0.046873,1.313505,1.448676,-0.067794,1.395253,0.009461,-0.013468,0.027374,0.999490,0.062893,-0.069787,0.367776,-0.000297,-0.000129,-0.009041,0.139662,0.049468,2.449204,18.466827,4,0,0.000000,1,0.638093,1.011669,1,1,0,none
5.660853,1.460000,-0.060000,1.447000,1.452868,-0.034428,1.398959,1.449903,-0.066657,1.401172,0.008776,-0.013473,0.027204,0.999501,0.060052,-0.066829,0.360822,-0.000299,-0.000150,-0.009025,0.054889,0.047397,2.555705,18.466827,4,0,0.000000,1,0.406524,0.749853,1,6,0,none
5.679561,1.460000,-0.062000,1.452000,1.431268,-0.030074,1.289662,1.449657,-0.065394,1.402502,0.008049,-0.013324,0.027499,0.999501,0.053308,-0.067729,0.348364,-0.000276,-0.000167,-0.008303,0.167924,0.050681,-812119476107545.000000,20.515006,5,0,0.000000,1,0.671185,1.151142,1,-1,0,none
5.696145,1.460000,-0.061000,1.458000,1.432977,-0.127357,1.562716,1.449306,-0.070467,1.414585,0.007583,-0.013235,0.027708,0.999500,0.048153,-0.076278,0.351453,-0.000278,-0.000140,-0.009247,0.126882,0.045704,3.707725,16.266236,3,0,0.000000,1,0.614040,1.561856,1,-1,2,anchor2:1-2;2-3
5.712828,1.460000,-0.063000,1.462000,1.385504,-0.115336,1.439991,1.445895,-0.074524,1.421085,0.006868,-0.013886,0.027679,0.999497,0.041857,-0.080497,0.349501,-0.000240,-0.000116,-0.009372,0.093665,0.044786,3.493276,16.266236,3,0,0.000000,1,0.611290,1.546132,1,-1,2,anchor2:1-2;2-3
5.729441,1.461000,-0.063000,1.466000,1.422756,-0.054359,1.362411,1.445895,-0.074524,1.421085,0.006868,-0.013886,0.027679,0.999497,0.041857,-0.080497,0.349501,-0.000240,-0.000116,-0.009372,0.110761,0.048768,-12689563286448.593750,20.515006,5,0,0.000000,1,8223952994806683.000000,4308889917790548.500000,0,-1,0,none
5.746064,1.461000,-0.064000,1.471000,1.425981,-0.041182,1.393766,1.445873,-0.074722,1.430946,0.005844,-0.015488,0.028058,0.999469,0.038310,-0.075459,0.340382,-0.000224,-0.000137,-0.009127,0.087818,0.044137,-812122539050881.000000,20.515006,5,0,0.000000,1,0.705845,1.198947,1,-1,0,none
5.762675,1.461000,-0.064000,1.475000,1.383877,-0.160408,1.556886,1.442234,-0.081607,1.441512,0.005917,-0.016236,0.028115,0.999455,0.027639,-0.087304,0.341433,-0.000194,-0.000093,-0.009883,0.148148,0.042232,4.308425,16.266236,3,0,0.000000,1,0.610212,1.555054,1,-1,2,anchor2:1-2;2-3
5.795997,1.461000,-0.065000,1.484000,1.410377,-0.040816,1.420602,1.440607,-0.081431,1.451081,0.005150,-0.016629,0.028505,0.999442,0.011686,-0.086944,0.323665,-0.000171,-0.000120,-0.009678,0.084657,0.042065,-6141688338758402.000000,20.515006,5,0,0.000000,1,0.416897,0.890200,1,-1,0,none
5.829163,1.461000,-0.067000,1.492000,1.331453,-0.102226,1.297907,1.432839,-0.085641,1.453740,0.003704,-0.016203,0.028178,0.999465,-0.008081,-0.091210,0.298838,-0.000087,-0.000101,-0.008610,0.235999,0.051033,3.678072,16.266236,3,0,0.000000,1,0.625021,1.192751,1,-1,2,anchor6:6-7;5-6
5.862438,1.461000,-0.069000,1.499000,1.421752,-0.073692,1.431708,1.431798,-0.087498,1.461984,0.003781,-0.015298,0.028136,0.999480,-0.007993,-0.088223,0.290664,-0.000078,-0.000109,-0.008395,0.078042,0.050647,-3356353801798202.000000,20.515006,5,0,0.000000,1,0.467969,0.775809,1,-1,0,none
5.879131,1.460000,-0.069000,1.503000,1.421169,-0.049513,1.456440,1.430891,-0.086000,1.466260,0.003355,-0.014696,0.028218,0.999488,-0.007653,-0.082067,0.288975,-0.000071,-0.000135,-0.008324,0.063682,0.049861,-1072261876068098.375000,20.515006,5,0,0.000000,1,0.630284,1.199610,1,-1,0,none
5.895682,1.460000,-0.069000,1.506000,1.409160,-0.078735,1.463805,1.429206,-0.086644,1.470434,0.003441,-0.014181,0.028007,0.999501,-0.009439,-0.080516,0.286504,-0.000057,-0.000141,-0.008279,0.066783,0.050244,-20303077178928676.000000,20.515006,5,0,0.000000,1,0.737689,0.941313,1,-1,0,none
5.912249,1.461000,-0.069000,1.509000,1.386694,-0.061896,1.497299,1.426020,-0.086066,1.475981,0.003523,-0.013813,0.027803,0.999512,-0.014340,-0.078103,0.283697,-0.000033,-0.000160,-0.008425,0.075556,0.051040,2.761206,20.515006,5,0,0.000000,1,0.460562,0.711615,1,-1,0,none
5.928903,1.460000,-0.070000,1.513000,1.437128,-0.066163,1.541705,1.426600,-0.085812,1.483313,0.003908,-0.013985,0.027910,0.999505,-0.013045,-0.074557,0.282438,-0.000044,-0.000177,-0.008817,0.036903,0.047402,-406058609602813.000000,20.515006,5,0,0.000000,1,0.541091,0.659747,1,-1,0,none
5.945565,1.460000,-0.070000,1.516000,1.442520,-0.097282,1.709644,1.427509,-0.087750,1.497850,0.004721,-0.014135,0.027920,0.999499,-0.016300,-0.078975,0.286947,-0.000067,-0.000187,-0.010234,0.196336,0.041233,1.803171,18.466827,4,0,0.000000,1,0.596110,1.029545,1,4,0,none
5.962164,1.460000,-0.071000,1.519000,1.412791,-0.064294,1.569744,1.426219,-0.087376,1.505537,0.004954,-0.013845,0.027882,0.999503,-0.021947,-0.079327,0.283250,-0.000064,-0.000206,-0.010658,0.069632,0.039882,4.934022,20.515006,5,0,0.000000,1,0.461322,0.713077,1,-1,0,none
5.995396,1.459000,-0.072000,1.525000,1.433080,-0.047456,1.546033,1.426066,-0.086907,1.516058,0.004735,-0.012993,0.027790,0.999518,-0.019068,-0.076546,0.275526,-0.000071,-0.000232,-0.010860,0.041432,0.037240,4.712417,20.515006,5,0,0.000000,1,0.461443,0.713772,1,-1,0,none
6.012070,1.459000,-0.073000,1.528000,1.478975,-0.141141,1.713762,1.429579,-0.091929,1.529303,0.005048,-0.012920,0.027731,0.999519,-0.011043,-0.086580,0.281564,-0.000113,-0.000217,-0.012107,0.198871,0.035009,0.929898,16.266236,3,0,0.000000,1,0.863313,1.607921,1,-1,2,anchor3:2-3;3-4
6.028673,1.459000,-0.074000,1.531000,1.367246,-0.070923,1.542418,1.425034,-0.091800,1.534270,0.004508,-0.013063,0.028101,0.999510,-0.019001,-0.087318,0.277003,-0.000082,-0.000231,-0.012165,0.092513,0.038486,3.140656,20.515006,5,0,0.000000,1,0.460595,0.711651,1,-1,0,none
6.045298,1.459000,-0.075000,1.533000,1.447434,-0.132669,1.703203,1.426325,-0.095895,1.545924,0.003804,-0.012421,0.028097,0.999521,-0.017626,-0.094334,0.278531,-0.000104,-0.000222,-0.013208,0.180079,0.040881,0.309974,16.266236,3,0,0.000000,1,0.855545,1.596953,1,-1,2,anchor3:2-3;3-4
6.061843,1.459000,-0.075000,1.536000,1.439465,-0.060101,1.541544,1.426945,-0.094859,1.549927,0.002658,-0.012115,0.027797,0.999537,-0.017188,-0.089607,0.271941,-0.000111,-0.000239,-0.013149,0.025186,0.040198,2.573899,18.466827,4,0,0.000000,1,0.407201,0.756297,1,5,0,none
6.078584,1.458000,-0.076000,1.538000,1.494742,-0.140038,1.710573,1.431260,-0.099232,1.561169,0.002286,-0.011840,0.027740,0.999542,-0.010816,-0.093031,0.274921,-0.000155,-0.000227,-0.014120,0.187702,0.042326,3.956500,16.266236,3,0,0.000000,1,0.865610,1.610664,1,-1,2,anchor3:2-3;3-4
6.095167,1.458000,-0.077000,1.540000,1.370622,-0.056118,1.489984,1.426998,-0.097762,1.562318,0.001968,-0.012123,0.028067,0.999531,-0.023517,-0.084743,0.263287,-0.000121,-0.000245,-0.013654,0.102823,0.043478,6.353926,20.515006,5,0,0.000000,1,0.460342,0.711660,1,-1,0,none
6.111807,1.458000,-0.077000,1.543000,1.354129,-0.067496,1.455683,1.421796,-0.097137,1.561815,0.001525,-0.012515,0.027852,0.999533,-0.034316,-0.087313,0.249973,-0.000079,-0.000254,-0.012976,0.136028,0.045499,2.789612,18.466827,4,0,0.000000,1,0.633825,1.011733,1,0,0,none
6.128385,1.457000,-0.078000,1.545000,1.486778,-0.171403,1.763460,1.425542,-0.103249,1.574249,0.001476,-0.011697,0.027785,0.999544,-0.029079,-0.094783,0.257236,-0.000123,-0.000232,-0.014181,0.239448,0.049826,4.616583,16.266236,3,0,0.000000,1,0.874169,1.625744,1,-1,2,anchor3:2-3;3-4
6.145004,1.457000,-0.078000,1.546000,1.397729,-0.068869,1.544267,1.423266,-0.102465,1.576924,0.000862,-0.011016,0.027959,0.999548,-0.035935,-0.091640,0.252031,-0.000109,-0.000247,-0.013974,0.059996,0.051892,2.447041,20.515006,5,0,0.000000,1,0.460965,0.712138,1,-1,0,none
6.161688,1.457000,-0.079000,1.549000,1.384463,-0.084084,1.641654,1.420250,-0.102684,1.583609,0.000174,-0.010441,0.028089,0.999551,-0.038264,-0.089039,0.255396,-0.000097,-0.000261,-0.014342,0.117780,0.055760,3.471304,20.515006,5,0,0.000000,1,0.461487,0.713383,1,-1,0,none
6.194928,1.456000,-0.080000,1.553000,1.415572,-0.056258,1.661412,1.418858,-0.102187,1.594935,-0.001022,-0.009735,0.027710,0.999568,-0.034309,-0.079394,0.258834,-0.000102,-0.000289,-0.014772,0.118115,0.060252,9.724326,20.515006,5,0,0.000000,1,0.462058,0.715866,1,-1,0,none
6.211482,1.456000,-0.082000,1.555000,1.372206,-0.067118,1.546025,1.415237,-0.101027,1.596747,-0.000969,-0.009787,0.027958,0.999561,-0.040139,-0.072757,0.253875,-0.000078,-0.000303,-0.014446,0.085577,0.061372,4.551171,20.515006,5,0,0.000000,1,0.460681,0.711995,1,-1,0,none
6.228159,1.456000,-0.082000,1.557000,1.382368,-0.067374,1.503869,1.412442,-0.099931,1.596674,-0.001113,-0.009501,0.028115,0.999559,-0.044332,-0.070065,0.246129,-0.000058,-0.000312,-0.013850,0.091970,0.061586,3.994233,18.466827,4,0,0.000000,1,0.439168,0.847232,1,2,0,none
6.244840,1.455000,-0.081000,1.558000,1.395990,-0.116167,1.653992,1.410718,-0.102076,1.602970,-0.001120,-0.009474,0.028048,0.999561,-0.044325,-0.073074,0.245481,-0.000054,-0.000310,-0.014178,0.118039,0.066539,0.497760,18.466827,4,0,0.000000,1,0.594452,1.031383,1,4,0,none
6.261388,1.455000,-0.082000,1.560000,1.396279,-0.077369,1.588743,1.409124,-0.101549,1.606000,-0.001314,-0.009833,0.027795,0.999564,-0.049101,-0.068987,0.239582,-0.000047,-0.000321,-0.014069,0.065542,0.067844,4.387291,18.466827,4,0,0.000000,1,0.439128,0.847408,1,2,0,none
6.278001,1.455000,-0.083000,1.562000,1.409322,-0.080860,1.580668,1.408354,-0.101262,1.608534,-0.001138,-0.010009,0.027876,0.999561,-0.053451,-0.067448,0.232305,-0.000047,-0.000328,-0.013892,0.049392,0.068373,-50759180099709.718750,20.515006,5,0,0.000000,1,0.408093,0.814119,1,-1,0,none
6.294661,1.455000,-0.083000,1.564000,1.384425,-0.018148,1.518189,1.406010,-0.097025,1.608313,-0.001381,-0.010192,0.027950,0.999556,-0.055403,-0.056783,0.225351,-0.000033,-0.000359,-0.013324,0.106232,0.067531,3.550062,20.515006,5,0,0.000000,1,0.460731,0.714376,1,-1,0,none
6.311296,1.455000,-0.084000,1.565000,1.486758,-0.178957,1.779317,1.410267,-0.103015,1.618992,-0.000539,-0.009683,0.027886,0.999564,-0.047196,-0.063051,0.232054,-0.000078,-0.000335,-0.014322,0.236553,0.072648,2.434552,16.266236,3,0,0.000000,1,0.876933,1.630347,1,-1,2,anchor3:2-3;3-4
6.344516,1.454000,-0.086000,1.568000,1.326063,-0.078803,1.480537,1.403221,-0.103299,1.620127,0.000045,-0.010671,0.028338,0.999541,-0.056427,-0.058279,0.219353,-0.000029,-0.000338,-0.013425,0.155143,0.074799,4.179881,18.466827,4,0,0.000000,1,0.631971,1.012348,1,0,0,none
6.361109,1.454000,-0.086000,1.569000,1.414177,-0.028605,1.563983,1.403070,-0.099336,1.621070,-0.000329,-0.011476,0.028213,0.999536,-0.054785,-0.054437,0.211902,-0.000033,-0.000367,-0.013054,0.070038,0.074047,3.061383,20.515006,5,0,0.000000,1,0.461364,0.714988,1,-1,0,none
6.377781,1.454000,-0.086000,1.570000,1.440867,-0.143526,1.802172,1.404733,-0.103047,1.632081,-0.000476,-0.011778,0.027992,0.999539,-0.049904,-0.060441,0.218551,-0.000063,-0.000362,-0.014139,0.239553,0.081067,3.999837,16.266236,3,0,0.000000,1,0.865841,1.613046,1,-1,2,anchor3:2-3;3-4
6.394395,1.454000,-0.086000,1.571000,1.396387,-0.091060,1.600258,1.404733,-0.103047,1.632081,-0.000476,-0.011778,0.027992,0.999539,-0.049904,-0.060441,0.218551,-0.000063,-0.000362,-0.014139,0.064814,0.080304,-2855115316490305.000000,20.515006,5,0,0.000000,1,12.109413,-nan,0,-1,0,none
6.410968,1.454000,-0.087000,1.573000,1.419044,-0.124827,1.670957,1.404086,-0.106385,1.640403,-0.001665,-0.011132,0.028334,0.999535,-0.055160,-0.066073,0.210595,-0.000072,-0.000355,-0.014340,0.110673,0.086084,2.775921,18.466827,4,0,0.000000,1,0.595044,1.033016,1,4,0,none
6.427604,1.453000,-0.087000,1.574000,1.409825,-0.072042,1.571151,1.403612,-0.105055,1.640596,-0.002656,-0.010468,0.028061,0.999548,-0.055019,-0.059230,0.202038,-0.000070,-0.000365,-0.013883,0.045782,0.084854,-3965446083916945.000000,20.515006,5,0,0.000000,1,0.522909,0.943082,1,-1,0,none
6.444258,1.453000,-0.087000,1.575000,1.370827,-0.076214,1.531150,1.400570,-0.104029,1.638939,-0.003100,-0.010369,0.027787,0.999555,-0.060824,-0.054225,0.188111,-0.000047,-0.000371,-0.013183,0.093763,0.084422,3.492394,18.466827,4,0,0.000000,1,0.438602,0.849896,1,2,0,none
6.460939,1.453000,-0.089000,1.576000,1.392466,-0.068343,1.552252,1.399056,-0.102506,1.638134,-0.003026,-0.010304,0.027762,0.999557,-0.064624,-0.047636,0.179125,-0.000037,-0.000380,-0.012626,0.068228,0.083384,-951709034936357.250000,20.515006,5,0,0.000000,1,0.476581,0.673597,1,-1,0,none
6.477512,1.452000,-0.089000,1.576000,1.438559,-0.179816,1.710967,1.400677,-0.108206,1.643903,-0.002043,-0.009961,0.027966,0.999557,-0.061303,-0.054973,0.178540,-0.000059,-0.000349,-0.013056,0.163231,0.087257,5.783728,16.266236,3,0,0.000000,1,0.861517,1.609806,1,-1,2,anchor3:2-3;3-4
6.494095,1.452000,-0.090000,1.578000,1.473306,-0.152513,1.844170,1.404487,-0.111867,1.655082,-0.001275,-0.009243,0.028079,0.999562,-0.050236,-0.059985,0.186460,-0.000108,-0.000341,-0.014257,0.274242,0.093152,0.795375,16.266236,3,0,0.000000,1,0.877362,1.629709,1,-1,2,anchor3:2-3;3-4
6.510761,1.452000,-0.090000,1.578000,1.388643,-0.129033,1.750308,1.402774,-0.113863,1.661991,-0.001113,-0.008948,0.028026,0.999567,-0.047884,-0.061690,0.193889,-0.000110,-0.000341,-0.014820,0.187690,0.100236,1.688283,16.266236,3,0,0.000000,1,0.609621,1.569794,1,-1,2,anchor2:1-2;2-3
6.527390,1.452000,-0.091000,1.579000,1.438407,-0.139818,1.777545,1.404296,-0.116449,1.669860,-0.001212,-0.008120,0.028046,0.999573,-0.047350,-0.064224,0.198491,-0.000136,-0.000336,-0.015498,0.204910,0.105730,3.135184,16.266236,3,0,0.000000,1,0.862375,1.607663,1,-1,2,anchor3:2-3;3-4
6.544114,1.452000,-0.091000,1.579000,1.401107,-0.125436,1.721324,1.403381,-0.118018,1.675132,-0.001701,-0.007554,0.027701,0.999586,-0.045906,-0.066237,0.198360,-0.000140,-0.000336,-0.015789,0.155023,0.111064,1.817500,16.266236,3,0,0.000000,1,0.610597,1.568940,1,-1,2,anchor2:1-2;2-3
6.560622,1.452000,-0.092000,1.580000,1.504287,-0.188980,1.818225,1.409046,-0.123410,1.684038,-0.001147,-0.007265,0.027761,0.999588,-0.036855,-0.070272,0.203759,-0.000192,-0.000312,-0.016621,0.262469,0.116856,0.230161,16.266236,3,0,0.000000,1,0.885742,1.643347,1,-1,2,anchor3:2-3;3-4
6.577227,1.452000,-0.092000,1.580000,1.407690,-0.058886,1.554183,1.408364,-0.120443,1.681793,-0.000259,-0.007767,0.027751,0.999585,-0.040383,-0.062267,0.192183,-0.000178,-0.000331,-0.015824,0.061044,0.114346,4.366559,20.515006,5,0,0.000000,1,0.461166,0.713014,1,-1,0,none
6.593915,1.451000,-0.092000,1.581000,1.332130,-0.064675,1.423994,1.402987,-0.117981,1.674205,0.000437,-0.008521,0.028111,0.999568,-0.051284,-0.058487,0.177464,-0.000119,-0.000344,-0.014274,0.198816,0.108016,3.576684,18.466827,4,0,0.000000,1,0.633326,1.013327,1,0,0,none
6.610512,1.451000,-0.093000,1.581000,1.416470,-0.087580,1.633750,1.403009,-0.117040,1.675353,-0.000060,-0.008509,0.028145,0.999568,-0.049264,-0.058333,0.174269,-0.000121,-0.000354,-0.014014,0.063279,0.108552,1.405131,18.466827,4,0,0.000000,1,0.407586,0.762385,1,5,0,none
6.627152,1.451000,-0.093000,1.581000,1.401238,-0.151005,1.746959,1.402206,-0.119985,1.680895,-0.000402,-0.008557,0.027838,0.999576,-0.046545,-0.062698,0.179090,-0.000128,-0.000344,-0.014423,0.182711,0.114403,0.485279,16.266236,3,0,0.000000,1,0.610814,1.572892,1,-1,2,anchor2:1-2;2-3
6.643690,1.451000,-0.094000,1.582000,1.377780,-0.090838,1.589528,1.400037,-0.119132,1.679952,-0.000475,-0.008831,0.027606,0.999580,-0.046131,-0.056699,0.176788,-0.000109,-0.000352,-0.013868,0.073674,0.113241,-203032609561798.750000,20.515006,5,0,0.000000,1,0.495296,0.814329,1,-1,0,none
6.660400,1.451000,-0.095000,1.582000,1.394308,-0.155049,1.733224,1.399015,-0.122189,1.684867,0.000084,-0.009405,0.027987,0.999564,-0.044375,-0.062933,0.179972,-0.000111,-0.000341,-0.014166,0.172304,0.118420,5.565055,16.266236,3,0,0.000000,1,0.610382,1.570643,1,-1,2,anchor2:1-2;2-3
6.677011,1.451000,-0.095000,1.583000,1.411400,-0.060659,1.602682,1.399048,-0.119434,1.684376,0.000116,-0.010132,0.028142,0.999553,-0.046130,-0.054381,0.172649,-0.000109,-0.000361,-0.013663,0.055990,0.116504,4.239836,20.515006,5,0,0.000000,1,0.461544,0.714017,1,-1,0,none
6.693607,1.450000,-0.095000,1.583000,1.464393,-0.141001,1.792819,1.402270,-0.121515,1.691286,0.000783,-0.011283,0.027823,0.999549,-0.043185,-0.056423,0.174788,-0.000147,-0.000356,-0.014278,0.215284,0.121273,1.185856,16.266236,3,0,0.000000,1,0.868725,1.616184,1,-1,2,anchor3:2-3;3-4
6.710229,1.451000,-0.097000,1.583000,1.386070,-0.056237,1.670695,1.400617,-0.118458,1.693113,0.000255,-0.012275,0.027684,0.999541,-0.050722,-0.048547,0.170448,-0.000140,-0.000382,-0.014142,0.116482,0.122979,4.153305,20.515006,5,0,0.000000,1,0.461783,0.715813,1,-1,0,none
6.726846,1.450000,-0.097000,1.584000,1.468995,-0.151499,1.806895,1.403875,-0.121200,1.700230,-0.000287,-0.012219,0.027564,0.999545,-0.049419,-0.057799,0.170475,-0.000180,-0.000372,-0.014785,0.230246,0.127368,2.086997,16.266236,3,0,0.000000,1,0.872543,1.622480,1,-1,2,anchor3:2-3;3-4
6.743495,1.451000,-0.097000,1.584000,1.426809,-0.118055,1.729423,1.404469,-0.121953,1.704025,-0.001893,-0.011990,0.027327,0.999553,-0.049397,-0.062331,0.167534,-0.000192,-0.000374,-0.014937,0.148918,0.131125,2.976406,16.266236,3,0,0.000000,1,0.852458,1.591741,1,-1,2,anchor3:2-3;3-4
6.760121,1.450000,-0.098000,1.584000,1.418437,-0.072501,1.625180,1.404517,-0.119963,1.703568,-0.003561,-0.011530,0.027397,0.999552,-0.048055,-0.054633,0.164538,-0.000189,-0.000389,-0.014459,0.057812,0.129798,2.124168,18.466827,4,0,0.000000,1,0.422269,0.705427,1,1,0,none
6.776702,1.450000,-0.098000,1.584000,1.384813,-0.047281,1.559841,1.402648,-0.116457,1.700413,-0.004377,-0.011452,0.027647,0.999543,-0.048540,-0.044731,0.159660,-0.000165,-0.000410,-0.013609,0.086055,0.127023,2.085679,20.515006,5,0,0.000000,1,0.460950,0.713537,1,-1,0,none
6.793320,1.449000,-0.099000,1.584000,1.403483,-0.037729,1.608233,1.401951,-0.112469,1.699242,-0.005281,-0.011281,0.027354,0.999548,-0.048937,-0.034038,0.154917,-0.000157,-0.000436,-0.013057,0.080082,0.125202,1.915282,20.515006,5,0,0.000000,1,0.461528,0.715356,1,-1,0,none
6.810016,1.449000,-0.099000,1.584000,1.425432,-0.081799,1.597728,1.402593,-0.111158,1.697689,-0.006099,-0.010839,0.026745,0.999565,-0.045285,-0.028921,0.150395,-0.000154,-0.000440,-0.012450,0.032245,0.123396,3.046029,20.515006,5,0,0.000000,1,0.461640,0.712814,1,-1,0,none
6.826611,1.449000,-0.100000,1.585000,1.448069,-0.136273,1.750926,1.404529,-0.113093,1.702123,-0.006797,-0.010301,0.026521,0.999572,-0.044949,-0.032569,0.149274,-0.000179,-0.000432,-0.012742,0.169847,0.125964,3.680248,16.266236,3,0,0.000000,1,0.860901,1.604873,1,-1,2,anchor3:2-3;3-4
6.843229,1.449000,-0.100000,1.585000,1.416746,-0.131720,1.704401,1.404546,-0.114647,1.704445,-0.006622,-0.009713,0.026436,0.999581,-0.048670,-0.030995,0.146366,-0.000183,-0.000424,-0.012740,0.127684,0.128288,4.278233,18.466827,4,0,0.000000,1,0.595466,1.036997,1,4,0,none
6.859814,1.448000,-0.102000,1.585000,1.353003,-0.085043,1.502492,1.400778,-0.113341,1.698796,-0.006766,-0.009618,0.026596,0.999577,-0.056866,-0.026202,0.135031,-0.000136,-0.000425,-0.011560,0.126963,0.123726,1.081807,18.466827,4,0,0.000000,1,0.632527,1.010199,1,0,0,none
6.876473,1.448000,-0.101000,1.585000,1.427023,-0.064317,1.642803,1.401438,-0.110863,1.698724,-0.006749,-0.009484,0.026483,0.999581,-0.054131,-0.018131,0.134043,-0.000141,-0.000441,-0.011221,0.071602,0.123282,4.844633,18.466827,4,0,0.000000,1,0.407708,0.760066,1,5,0,none
6.893104,1.448000,-0.102000,1.585000,1.377643,-0.070849,1.610886,1.399186,-0.108777,1.697436,-0.006747,-0.009161,0.026357,0.999588,-0.059842,-0.012303,0.131552,-0.000121,-0.000452,-0.010701,0.081182,0.122762,2.973485,18.466827,4,0,0.000000,1,0.595309,0.788068,1,7,0,none
6.909742,1.447000,-0.103000,1.585000,1.325562,-0.101821,1.479925,1.393954,-0.108541,1.691100,-0.007062,-0.008716,0.026403,0.999588,-0.067244,-0.012533,0.123135,-0.000062,-0.000442,-0.009432,0.160591,0.118751,2.580927,18.466827,4,0,0.000000,1,0.630576,1.010016,1,0,0,none
6.942947,1.446000,-0.103000,1.585000,1.409762,-0.084206,1.621104,1.392922,-0.107405,1.692161,-0.006969,-0.008470,0.025945,0.999603,-0.064593,-0.008656,0.118908,-0.000062,-0.000447,-0.008983,0.054497,0.119666,1.967661,20.515006,5,0,0.000000,1,0.461623,0.713095,1,-1,0,none
6.959643,1.446000,-0.104000,1.585000,1.425587,-0.091236,1.590021,1.393910,-0.106552,1.689907,-0.007593,-0.007651,0.025558,0.999615,-0.062307,-0.009488,0.112351,-0.000064,-0.000445,-0.008353,0.024593,0.117155,2.248226,20.515006,5,0,0.000000,1,0.461569,0.712073,1,-1,0,none
6.976284,1.446000,-0.104000,1.585000,1.412002,-0.069554,1.597874,1.394043,-0.104407,1.687985,-0.008292,-0.007331,0.025629,0.999610,-0.059325,-0.002889,0.107734,-0.000062,-0.000455,-0.007788,0.050081,0.115350,2.973316,20.515006,5,0,0.000000,1,0.461501,0.713397,1,-1,0,none
6.992835,1.445000,-0.105000,1.586000,1.472836,-0.184792,1.842411,1.397969,-0.109347,1.695821,-0.008323,-0.006923,0.025440,0.999618,-0.048233,-0.010539,0.118080,-0.000116,-0.000426,-0.008696,0.269978,0.119547,2.928066,16.266236,3,0,0.000000,1,0.881928,1.638791,1,-1,2,anchor3:2-3;3-4
7.009414,1.445000,-0.105000,1.586000,1.422423,-0.079505,1.549759,1.398713,-0.107659,1.691844,-0.008849,-0.006903,0.025002,0.999624,-0.046591,-0.005754,0.114282,-0.000107,-0.000429,-0.007809,0.049731,0.115553,-203032528957564.000000,20.515006,5,0,0.000000,1,0.376523,0.953353,1,-1,0,none
7.042727,1.444000,-0.106000,1.586000,1.313803,-0.065285,1.529306,1.391856,-0.105076,1.688765,-0.010354,-0.007146,0.024723,0.999615,-0.057392,0.001045,0.104435,-0.000045,-0.000442,-0.006781,0.147727,0.115241,5.690369,18.466827,4,0,0.000000,1,0.632119,1.014840,1,0,0,none
7.059351,1.444000,-0.106000,1.586000,1.369619,-0.048993,1.696725,1.389584,-0.101513,1.690615,-0.011471,-0.007344,0.024511,0.999607,-0.062966,0.008983,0.101193,-0.000038,-0.000470,-0.006824,0.145060,0.118007,1.838162,18.466827,4,0,0.000000,1,0.596485,0.792851,1,7,0,none
7.076006,1.443000,-0.106000,1.586000,1.407591,-0.036287,1.603777,1.389744,-0.097221,1.688577,-0.012651,-0.007193,0.024159,0.999602,-0.064272,0.021429,0.095353,-0.000038,-0.000493,-0.006281,0.080186,0.115911,-2144508820255230.500000,20.515006,5,0,0.000000,1,0.537531,1.155285,1,-1,0,none
7.092602,1.443000,-0.106000,1.586000,1.425608,-0.093277,1.596587,1.391012,-0.096616,1.686300,-0.013555,-0.006536,0.024150,0.999595,-0.059182,0.024561,0.091038,-0.000042,-0.000486,-0.005704,0.024009,0.113362,2.922529,18.466827,4,0,0.000000,1,0.407579,0.761971,1,5,0,none
7.109306,1.442000,-0.108000,1.586000,1.439616,-0.074619,1.654737,1.393159,-0.094813,1.686441,-0.013668,-0.007090,0.023747,0.999599,-0.049121,0.034503,0.089475,-0.000061,-0.000491,-0.005499,0.076451,0.112463,-6097279718606403.000000,20.515006,5,0,0.000000,1,0.426687,0.896424,1,-1,0,none
7.125851,1.442000,-0.108000,1.587000,1.481383,-0.181404,1.786042,1.397852,-0.099601,1.691909,-0.013596,-0.006715,0.023027,0.999620,-0.040050,0.031779,0.093097,-0.000113,-0.000456,-0.006089,0.215770,0.114129,1.514700,16.266236,3,0,0.000000,1,0.877030,1.630867,1,-1,2,anchor3:2-3;3-4
7.142505,1.441000,-0.108000,1.586000,1.391354,-0.065743,1.569416,1.396856,-0.097000,1.688361,-0.013609,-0.007187,0.022640,0.999625,-0.042853,0.037237,0.085027,-0.000092,-0.000463,-0.005336,0.067272,0.112016,0.839174,18.466827,4,0,0.000000,1,0.595050,0.788057,1,7,0,none
7.159046,1.441000,-0.107000,1.586000,1.392238,-0.089840,1.604365,1.396856,-0.097000,1.688361,-0.013609,-0.007187,0.022640,0.999625,-0.042853,0.037237,0.085027,-0.000092,-0.000463,-0.005336,0.054859,0.111922,-5710239700912383.000000,20.515006,5,0,0.000000,1,1.115784,1.976250,0,-1,0,none
7.175771,1.441000,-0.108000,1.586000,1.489969,-0.188059,1.725827,1.401471,-0.101684,1.692496,-0.014337,-0.004697,0.022571,0.999631,-0.035798,0.036825,0.080576,-0.000138,-0.000419,-0.005545,0.168401,0.113771,0.635370,16.266236,3,0,0.000000,1,0.873283,1.625928,1,-1,2,anchor3:2-3;3-4
7.192333,1.441000,-0.107000,1.586000,1.373261,-0.086838,1.495130,1.399150,-0.100062,1.685558,-0.013135,-0.005389,0.022149,0.999654,-0.035314,0.044474,0.071852,-0.000092,-0.000417,-0.004298,0.115119,0.108219,1.199086,20.515006,5,0,0.000000,1,0.460353,0.709976,1,-1,0,none
7.208980,1.439000,-0.106000,1.585000,1.353363,-0.081561,1.607354,1.399150,-0.100062,1.685558,-0.013135,-0.005389,0.022149,0.999654,-0.035314,0.044474,0.071852,-0.000092,-0.000417,-0.004298,0.091819,0.108329,-3248497249346047.500000,20.515006,5,0,0.000000,1,13.546574,8.285603,0,-1,0,none
7.225567,1.439000,-0.106000,1.585000,1.387475,-0.042951,1.679942,1.397310,-0.094707,1.687564,-0.012041,-0.004185,0.021876,0.999679,-0.035565,0.059518,0.071236,-0.000088,-0.000444,-0.004251,0.125076,0.111288,1.258608,18.466827,4,0,0.000000,1,0.596609,0.793618,1,7,0,none
7.242245,1.439000,-0.106000,1.585000,1.366411,-0.077569,1.537559,1.394684,-0.092571,1.682226,-0.011240,-0.003857,0.021016,0.999709,-0.044464,0.067280,0.061402,-0.000049,-0.000445,-0.003277,0.091259,0.107690,2.569353,18.466827,4,0,0.000000,1,0.633381,1.010494,1,0,0,none
7.258859,1.439000,-0.105000,1.585000,1.354969,-0.072581,1.573475,1.394684,-0.092571,1.682226,-0.011240,-0.003857,0.021016,0.999709,-0.044464,0.067280,0.061402,-0.000049,-0.000445,-0.003277,0.090802,0.107570,-621785004073470.750000,20.515006,5,0,0.000000,1,1.738347,0.791989,0,-1,0,none
7.275469,1.439000,-0.106000,1.584000,1.412486,-0.053291,1.666428,1.394577,-0.087649,1.683476,-0.009959,-0.002501,0.020832,0.999730,-0.037456,0.074246,0.061155,-0.000057,-0.000461,-0.003160,0.101369,0.110479,5.985711,18.466827,4,0,0.000000,1,0.596828,0.792991,1,7,0,none
7.292034,1.438000,-0.106000,1.585000,1.424935,-0.035292,1.623696,1.396158,-0.082915,1.681772,-0.009853,-0.002385,0.020895,0.999730,-0.030124,0.082477,0.059557,-0.000063,-0.000482,-0.002762,0.081655,0.107928,2.601247,20.515006,5,0,0.000000,1,0.461910,0.716110,1,-1,0,none
7.308666,1.438000,-0.104000,1.584000,1.335326,-0.106395,1.531020,1.391551,-0.083183,1.676126,-0.009489,-0.002889,0.020007,0.999751,-0.039992,0.081770,0.051052,-0.000009,-0.000463,-0.001767,0.115562,0.105252,2.148352,18.466827,4,0,0.000000,1,0.630454,1.009304,1,0,0,none
7.325346,1.437000,-0.104000,1.584000,1.385171,-0.009076,1.622764,1.390520,-0.076924,1.674588,-0.008994,-0.002533,0.020350,0.999749,-0.038554,0.093080,0.048756,-0.000000,-0.000494,-0.001421,0.114889,0.105355,4.044417,18.466827,4,0,0.000000,1,0.595932,0.795405,1,7,0,none
7.375155,1.437000,-0.103000,1.583000,1.392861,-0.095310,1.644851,1.389266,-0.074018,1.675652,-0.007761,-0.003564,0.019361,0.999776,-0.031567,0.094888,0.052957,0.000004,-0.000481,-0.001194,0.076374,0.108180,-57102264012812.625000,20.515006,5,0,0.000000,1,0.564294,0.780382,1,-1,0,none
7.391889,1.437000,-0.104000,1.583000,1.377535,-0.058108,1.586196,1.387923,-0.071373,1.672354,-0.008548,-0.003425,0.019006,0.999777,-0.033380,0.099732,0.049620,0.000023,-0.000483,-0.000576,0.075183,0.107039,-57102324465660.375000,20.515006,5,0,0.000000,1,0.438612,0.797875,1,-1,0,none
7.408442,1.436000,-0.102000,1.583000,1.437182,-0.077994,1.534619,1.390999,-0.070250,1.666846,-0.008399,-0.003235,0.019282,0.999774,-0.022689,0.106204,0.043938,0.000021,-0.000471,0.000367,0.054023,0.100316,1.429106,20.515006,5,0,0.000000,1,0.461361,0.711815,1,-1,0,none
7.425014,1.436000,-0.103000,1.583000,1.357997,-0.074549,1.624148,1.390999,-0.070250,1.666846,-0.008399,-0.003235,0.019282,0.999774,-0.022689,0.106204,0.043938,0.000021,-0.000471,0.000367,0.092667,0.100637,-14668987855111198.000000,20.515006,5,0,0.000000,1,0.369891,3.352258,0,-1,0,none
7.441677,1.436000,-0.101000,1.583000,1.402095,-0.091351,1.601529,1.391087,-0.068451,1.665144,-0.006531,-0.003887,0.018673,0.999797,-0.025941,0.110388,0.038497,0.000026,-0.000455,0.000837,0.039824,0.099118,9.078025,18.466827,4,0,0.000000,1,0.593934,1.023016,1,4,0,none
7.458302,1.436000,-0.101000,1.583000,1.424038,-0.089922,1.647058,1.393114,-0.068349,1.664893,-0.006904,-0.003587,0.017852,0.999810,-0.018463,0.109061,0.035735,0.000013,-0.000442,0.000971,0.066100,0.098039,3.574108,18.466827,4,0,0.000000,1,0.440008,0.845375,1,2,0,none
7.474959,1.436000,-0.101000,1.582000,1.361986,-0.083165,1.627874,1.390626,-0.067746,1.663730,-0.007030,-0.004181,0.017982,0.999805,-0.019056,0.107918,0.031662,0.000034,-0.000434,0.001226,0.088885,0.099219,2.912012,20.515006,5,0,0.000000,1,0.461124,0.712818,1,-1,0,none
7.491580,1.436000,-0.101000,1.582000,1.434223,-0.125942,1.673530,1.393423,-0.070215,1.664666,-0.006689,-0.003829,0.018412,0.999801,-0.013436,0.100261,0.028946,0.000014,-0.000406,0.001171,0.094884,0.097950,2.821932,18.466827,4,0,0.000000,1,0.595323,1.032596,1,4,0,none
7.508211,1.436000,-0.101000,1.582000,1.388838,-0.088900,1.608394,1.392922,-0.070018,1.662557,-0.006660,-0.003223,0.018065,0.999809,-0.012199,0.098423,0.024284,0.000025,-0.000396,0.001553,0.055383,0.096462,1.475020,18.466827,4,0,0.000000,1,0.438835,0.849528,1,2,0,none
7.524781,1.436000,-0.101000,1.582000,1.445224,-0.152416,1.814297,1.396352,-0.074280,1.669731,-0.005942,-0.002926,0.017566,0.999824,-0.002264,0.084838,0.031818,-0.000020,-0.000361,0.000562,0.238098,0.099914,1.131887,16.266236,3,0,0.000000,1,0.869164,1.618512,1,-1,2,anchor3:2-3;3-4
7.541453,1.436000,-0.100000,1.581000,1.357693,-0.070583,1.600929,1.393698,-0.072744,1.667164,-0.006768,-0.003202,0.016654,0.999833,-0.007378,0.082330,0.026409,0.000007,-0.000362,0.001016,0.085991,0.099783,2.879726,20.515006,5,0,0.000000,1,0.460888,0.712815,1,-1,0,none
7.558092,1.435000,-0.100000,1.581000,1.425709,-0.181661,1.712430,1.395723,-0.078805,1.669593,-0.007299,-0.003223,0.016192,0.999837,-0.004245,0.069052,0.028940,-0.000012,-0.000317,0.000738,0.155012,0.099199,4.691628,16.266236,3,0,0.000000,1,0.859691,1.607639,1,-1,2,anchor3:2-3;3-4
7.574636,1.436000,-0.100000,1.581000,1.398657,-0.048250,1.614061,1.395863,-0.075751,1.667604,-0.007831,-0.002625,0.016510,0.999830,-0.002888,0.073343,0.026737,-0.000005,-0.000330,0.001096,0.071872,0.098485,4.527363,20.515006,5,0,0.000000,1,0.461496,0.714860,1,-1,0,none
7.591316,1.435000,-0.100000,1.580000,1.387999,-0.094998,1.636894,1.395315,-0.075893,1.666685,-0.008299,-0.001962,0.015917,0.999837,-0.002717,0.074193,0.025087,0.000003,-0.000322,0.001298,0.073966,0.098338,2.858355,20.515006,5,0,0.000000,1,0.461475,0.712654,1,-1,0,none
7.607923,1.435000,-0.098000,1.580000,1.377591,-0.059880,1.608715,1.394139,-0.073691,1.664599,-0.007698,-0.001976,0.015568,0.999847,-0.004251,0.079775,0.025634,0.000019,-0.000330,0.001668,0.074656,0.097044,-1243564083753615.000000,20.515006,5,0,0.000000,1,0.406865,0.798391,1,-1,0,none
7.624551,1.435000,-0.099000,1.580000,1.423830,-0.146705,1.864284,1.395972,-0.077170,1.673579,-0.006611,-0.001399,0.015546,0.999856,-0.000425,0.072873,0.038379,-0.000021,-0.000296,0.000416,0.288475,0.103715,4.909262,16.266236,3,0,0.000000,1,0.869601,1.620027,1,-1,2,anchor3:2-3;3-4
7.641168,1.435000,-0.098000,1.579000,1.419538,-0.166866,1.870642,1.397443,-0.081849,1.682540,-0.005819,-0.000638,0.015420,0.999864,0.002019,0.061743,0.049344,-0.000057,-0.000257,-0.000807,0.300061,0.111319,1.103951,16.266236,3,0,0.000000,1,0.872487,1.625944,1,-1,2,anchor3:2-3;3-4
7.657769,1.435000,-0.098000,1.579000,1.375010,-0.071047,1.573526,1.396096,-0.080234,1.678714,-0.005255,-0.000279,0.015309,0.999869,0.004299,0.063234,0.046361,-0.000034,-0.000266,-0.000122,0.065994,0.108499,-12283364264515592.000000,20.515006,5,0,0.000000,1,0.461164,1.041267,1,-1,0,none
7.674431,1.436000,-0.096000,1.578000,1.323762,-0.075705,1.537403,1.391661,-0.078977,1.673515,-0.004226,-0.000371,0.015122,0.999877,-0.001149,0.064958,0.040235,0.000010,-0.000274,0.000760,0.121067,0.106672,1.523406,18.466827,4,0,0.000000,1,0.631843,1.013283,1,0,0,none
7.691069,1.436000,-0.096000,1.578000,1.384763,-0.031991,1.590930,1.391228,-0.075054,1.670709,-0.003634,-0.000509,0.014645,0.999886,0.000380,0.070072,0.037996,0.000023,-0.000294,0.001269,0.083003,0.105063,-16445515873943544.000000,20.515006,5,0,0.000000,1,0.703316,0.669812,1,-1,0,none
7.707706,1.436000,-0.097000,1.578000,1.393343,-0.049851,1.586437,1.391389,-0.072374,1.667811,-0.003847,-0.000714,0.014269,0.999891,0.001930,0.076087,0.033722,0.000033,-0.000306,0.001789,0.064139,0.103260,-50757729219068.125000,20.515006,5,0,0.000000,1,0.361531,0.814197,1,-1,0,none
7.724286,1.436000,-0.095000,1.578000,1.402268,-0.104269,1.627175,1.392099,-0.073207,1.666621,-0.004189,-0.000796,0.014227,0.999890,0.004464,0.072944,0.028380,0.000034,-0.000297,0.002045,0.060349,0.101271,4.951716,20.515006,5,0,0.000000,1,0.461550,0.711989,1,-1,0,none
7.740913,1.436000,-0.097000,1.577000,1.450969,-0.176722,1.780505,1.395771,-0.078421,1.671726,-0.004612,-0.000703,0.013322,0.999900,0.014173,0.062475,0.032011,-0.000001,-0.000256,0.001364,0.219075,0.104578,0.503949,16.266236,3,0,0.000000,1,0.870303,1.621729,1,-1,2,anchor3:2-3;3-4
7.757614,1.436000,-0.096000,1.577000,1.396747,-0.035306,1.608228,1.396079,-0.074819,1.669623,-0.004491,-0.001942,0.012629,0.999908,0.016323,0.070140,0.028506,0.000008,-0.000274,0.001748,0.078739,0.103060,3.672416,20.515006,5,0,0.000000,1,0.461451,0.715413,1,-1,0,none
7.774159,1.437000,-0.094000,1.577000,1.408397,-0.044268,1.549572,1.397098,-0.071895,1.665154,-0.004340,-0.002651,0.013275,0.999899,0.020458,0.070020,0.020595,0.000019,-0.000292,0.002474,0.063590,0.099257,-3806825258216971.000000,20.515006,5,0,0.000000,1,0.395327,0.684323,1,-1,0,none
7.807397,1.437000,-0.094000,1.576000,1.398159,-0.152186,1.752094,1.397734,-0.074883,1.669410,-0.004227,-0.002002,0.011929,0.999918,0.017627,0.061977,0.022216,0.000006,-0.000257,0.001940,0.189482,0.103115,2.949795,16.266236,3,0,0.000000,1,0.610595,1.572948,1,-1,2,anchor2:1-2;2-3
7.824056,1.437000,-0.093000,1.575000,1.450129,-0.160298,1.845551,1.401303,-0.079315,1.677130,-0.002785,-0.001932,0.011687,0.999926,0.023405,0.057199,0.030802,-0.000035,-0.000216,0.000849,0.279104,0.109051,2.904281,16.266236,3,0,0.000000,1,0.874448,1.626923,1,-1,2,anchor3:2-3;3-4
7.840685,1.437000,-0.092000,1.575000,1.392799,-0.050449,1.577225,1.401144,-0.076623,1.673434,-0.002932,-0.001594,0.011682,0.999926,0.023729,0.060148,0.024469,-0.000018,-0.000233,0.001472,0.060706,0.105884,1.043964,18.466827,4,0,0.000000,1,0.406022,0.755133,1,5,0,none
7.857296,1.438000,-0.090000,1.574000,1.385438,-0.060014,1.586350,1.400570,-0.074631,1.670237,-0.002267,-0.002385,0.011283,0.999931,0.024570,0.064687,0.023840,-0.000001,-0.000245,0.002014,0.061762,0.104397,-12689271097469.812500,20.515006,5,0,0.000000,1,0.472714,1.201293,1,-1,0,none
7.873907,1.438000,-0.090000,1.574000,1.410979,-0.082374,1.606125,1.401577,-0.074137,1.667971,-0.001607,-0.002369,0.011895,0.999925,0.024445,0.064844,0.023654,0.000003,-0.000248,0.002413,0.042666,0.102024,3.576087,20.515006,5,0,0.000000,1,0.461528,0.712839,1,-1,0,none
7.890509,1.438000,-0.089000,1.573000,1.400860,-0.055218,1.583389,1.401930,-0.071998,1.664883,-0.001800,-0.002034,0.011286,0.999933,0.026605,0.066983,0.021973,0.000014,-0.000261,0.002934,0.051269,0.100163,2.038537,20.515006,5,0,0.000000,1,0.461289,0.713768,1,-1,0,none
7.940393,1.438000,-0.087000,1.572000,1.379406,-0.064389,1.577393,1.401700,-0.068482,1.662074,0.000801,-0.003625,0.011118,0.999931,0.024167,0.063002,0.019011,0.000035,-0.000269,0.003520,0.063037,0.098863,3.384184,20.515006,5,0,0.000000,1,0.460979,0.712877,1,-1,0,none
7.957121,1.439000,-0.087000,1.572000,1.380845,-0.083026,1.675993,1.400666,-0.068541,1.663001,0.000771,-0.003483,0.010121,0.999942,0.023748,0.060640,0.022582,0.000040,-0.000262,0.003433,0.119215,0.100456,0.498548,18.466827,4,0,0.000000,1,0.594623,1.027534,1,4,0,none
7.973692,1.439000,-0.086000,1.571000,1.301537,-0.067219,1.565102,1.394380,-0.067482,1.659116,0.002270,-0.005282,0.009815,0.999935,0.010426,0.065319,0.019256,0.000087,-0.000267,0.004076,0.138866,0.100490,3.789172,18.466827,4,0,0.000000,1,0.631440,1.015865,1,0,0,none
8.023485,1.440000,-0.085000,1.571000,1.395720,-0.050340,1.600347,1.394968,-0.063596,1.657373,0.002330,-0.008273,0.009546,0.999918,0.009711,0.056642,0.018230,0.000093,-0.000278,0.004493,0.063429,0.099731,4.592718,20.515006,5,0,0.000000,1,0.461356,0.714377,1,-1,0,none
8.040152,1.440000,-0.085000,1.570000,1.451769,-0.125945,1.728642,1.399210,-0.067295,1.660918,0.001763,-0.008130,0.009730,0.999918,0.012967,0.047687,0.021230,0.000062,-0.000250,0.004007,0.164263,0.101209,0.598839,16.266236,3,0,0.000000,1,0.857854,1.599490,1,-1,2,anchor3:2-3;3-4
8.056812,1.440000,-0.085000,1.570000,1.401514,-0.061579,1.602133,1.399598,-0.066161,1.658584,0.000507,-0.007703,0.009292,0.999927,0.014921,0.048039,0.019057,0.000067,-0.000257,0.004410,0.055338,0.099168,-3667247306344443.000000,20.515006,5,0,0.000000,1,0.476973,1.835082,1,-1,0,none
8.073400,1.439000,-0.085000,1.570000,1.348368,-0.045902,1.513729,1.396216,-0.064006,1.652340,0.000142,-0.008156,0.009130,0.999925,0.007857,0.051229,0.011676,0.000102,-0.000276,0.005391,0.113619,0.095137,3.513359,20.515006,5,0,0.000000,1,0.460237,0.712342,1,-1,0,none
8.089976,1.439000,-0.085000,1.570000,1.405193,-0.085946,1.594270,1.396967,-0.064787,1.649912,0.000211,-0.008583,0.009190,0.999921,0.010979,0.045596,0.007612,0.000104,-0.000274,0.005783,0.041628,0.092527,2.618593,20.515006,5,0,0.000000,1,0.461367,0.712285,1,-1,0,none
8.106658,1.439000,-0.084000,1.569000,1.373669,-0.054301,1.622749,1.396967,-0.064787,1.649912,0.000211,-0.008583,0.009190,0.999921,0.010979,0.045596,0.007612,0.000104,-0.000274,0.005783,0.089661,0.093181,-22384158585610748.000000,20.515006,5,0,0.000000,1,0.925988,2.212271,0,-1,0,none
8.123347,1.439000,-0.084000,1.569000,1.383810,-0.062996,1.590141,1.396299,-0.063288,1.647324,-0.000109,-0.009925,0.008366,0.999916,0.005558,0.045986,0.000031,0.000115,-0.000279,0.006197,0.062722,0.091581,13.570017,20.515006,5,0,0.000000,1,0.461122,0.713291,1,-1,0,none
8.139897,1.439000,-0.083000,1.568000,1.307559,-0.052848,1.541142,1.390013,-0.061818,1.642472,-0.000263,-0.010228,0.008384,0.999913,-0.014026,0.049390,-0.006367,0.000159,-0.000288,0.006926,0.137504,0.091621,10.147345,18.466827,4,0,0.000000,1,0.632580,1.016591,1,0,0,none
8.156491,1.439000,-0.082000,1.568000,1.370498,-0.061402,1.585283,1.388424,-0.061080,1.639805,-0.000458,-0.009195,0.008241,0.999924,-0.018756,0.048295,-0.008443,0.000171,-0.000292,0.007312,0.073590,0.090286,-5710231237509179.000000,20.515006,5,0,0.000000,1,0.405940,0.897154,1,-1,0,none
8.173120,1.439000,-0.083000,1.567000,1.358600,-0.064283,1.483344,1.386067,-0.060564,1.632665,-0.001011,-0.007717,0.007631,0.999941,-0.024368,0.050637,-0.016886,0.000193,-0.000303,0.008356,0.117528,0.087276,0.286718,18.466827,4,0,0.000000,1,0.634063,1.011890,1,0,0,none
8.189802,1.439000,-0.081000,1.567000,1.376714,-0.006924,1.544227,1.385086,-0.056144,1.628480,-0.001006,-0.007043,0.007580,0.999946,-0.021275,0.060107,-0.020498,0.000205,-0.000331,0.008936,0.099426,0.085465,4.449231,18.466827,4,0,0.000000,1,0.594732,0.793351,1,7,0,none
8.206441,1.438000,-0.081000,1.567000,1.340204,-0.066440,1.610713,1.381776,-0.055903,1.627375,-0.000324,-0.006793,0.007328,0.999950,-0.024513,0.060093,-0.020738,0.000223,-0.000326,0.009053,0.108106,0.086233,-2702.548446,20.515006,5,0,0.000000,1,0.342583,0.898715,1,-1,0,none
8.223005,1.438000,-0.081000,1.567000,1.400439,-0.054039,1.622065,1.382677,-0.054925,1.626854,0.000172,-0.006084,0.006970,0.999957,-0.018942,0.058309,-0.018583,0.000216,-0.000328,0.009085,0.071901,0.085574,3.823327,20.515006,5,0,0.000000,1,0.461568,0.714756,1,-1,0,none
8.239630,1.438000,-0.080000,1.566000,1.376518,-0.054732,1.619181,1.382000,-0.054052,1.626250,0.000780,-0.005241,0.006614,0.999964,-0.017398,0.057094,-0.016893,0.000218,-0.000328,0.009133,0.085128,0.086252,-1072259125455417.250000,20.515006,5,0,0.000000,1,0.466409,0.670832,1,-1,0,none
8.256243,1.437000,-0.080000,1.565000,1.298991,-0.063183,1.456285,1.376386,-0.053785,1.618686,0.001416,-0.004929,0.006685,0.999965,-0.025674,0.054330,-0.022821,0.000258,-0.000332,0.010225,0.176488,0.085109,9.207713,18.466827,4,0,0.000000,1,0.632029,1.015419,1,0,0,none
8.272929,1.437000,-0.081000,1.565000,1.419367,-0.120874,1.754362,1.378770,-0.057263,1.624155,0.002176,-0.003938,0.006899,0.999966,-0.018157,0.043408,-0.014236,0.000232,-0.000298,0.009361,0.194317,0.086334,0.598335,16.266236,3,0,0.000000,1,0.854001,1.594464,1,-1,2,anchor3:2-3;3-4
8.289533,1.437000,-0.079000,1.565000,1.379605,-0.025047,1.576770,1.378557,-0.054547,1.621915,0.002541,-0.003434,0.006800,0.999968,-0.016560,0.046968,-0.017466,0.000236,-0.000314,0.009658,0.079647,0.085164,2.108446,18.466827,4,0,0.000000,1,0.595114,0.792251,1,7,0,none
8.306109,1.436000,-0.080000,1.565000,1.367267,-0.041485,1.541361,1.377600,-0.053033,1.618251,0.002815,-0.003390,0.006463,0.999969,-0.016994,0.048013,-0.020350,0.000244,-0.000324,0.010163,0.082258,0.083507,0.691881,18.466827,4,0,0.000000,1,0.419455,0.703637,1,1,0,none
8.322831,1.435000,-0.081000,1.565000,1.447629,-0.142826,1.785062,1.381711,-0.057914,1.624945,0.002955,-0.002982,0.006410,0.999971,-0.011993,0.039305,-0.012110,0.000206,-0.000282,0.009118,0.228931,0.083463,3.221203,16.266236,3,0,0.000000,1,0.865208,1.611752,1,-1,2,anchor3:2-3;3-4
8.339393,1.435000,-0.079000,1.564000,1.343904,-0.076706,1.470630,1.379180,-0.058501,1.618312,0.002579,-0.002775,0.006632,0.999971,-0.014238,0.035858,-0.020154,0.000226,-0.000287,0.010081,0.130468,0.080535,2.946770,18.466827,4,0,0.000000,1,0.632813,1.011445,1,0,0,none
8.355981,1.435000,-0.080000,1.564000,1.372767,-0.017951,1.595789,1.378592,-0.055462,1.617044,0.002072,-0.002683,0.006330,0.999974,-0.012227,0.038567,-0.023627,0.000232,-0.000303,0.010218,0.093454,0.081226,3.153583,18.466827,4,0,0.000000,1,0.419936,0.705120,1,1,0,none
8.372661,1.435000,-0.079000,1.563000,1.300294,-0.069036,1.488376,1.373612,-0.055736,1.611356,0.001566,-0.003313,0.005703,0.999977,-0.020077,0.036138,-0.031475,0.000264,-0.000304,0.011013,0.154317,0.081535,4.309164,16.266236,3,0,0.000000,1,0.625427,1.207241,1,-1,2,anchor6:6-7;5-6
8.389171,1.435000,-0.080000,1.563000,1.323859,-0.150673,1.776358,1.370278,-0.060939,1.617603,0.001743,-0.003954,0.005484,0.999976,-0.028664,0.028371,-0.028236,0.000270,-0.000253,0.009999,0.250737,0.086797,2.653003,16.266236,3,0,0.000000,1,0.605147,1.562648,1,-1,2,anchor2:1-2;2-3
8.405933,1.435000,-0.080000,1.563000,1.377002,-0.053013,1.616245,1.370248,-0.060008,1.617107,0.001439,-0.004232,0.005542,0.999975,-0.027566,0.029947,-0.028695,0.000268,-0.000256,0.010004,0.083229,0.086718,-1399009488430206.000000,20.515006,5,0,0.000000,1,0.365562,0.735286,1,-1,0,none
8.422502,1.434000,-0.080000,1.563000,1.441475,-0.160286,1.759006,1.374127,-0.065562,1.622441,0.001283,-0.004273,0.005568,0.999975,-0.022984,0.022779,-0.021067,0.000234,-0.000213,0.009134,0.211944,0.085595,5.373599,16.266236,3,0,0.000000,1,0.864023,1.611577,1,-1,2,anchor3:2-3;3-4
8.439092,1.434000,-0.080000,1.562000,1.389612,-0.078043,1.580420,1.374706,-0.065974,1.620429,0.000450,-0.004182,0.005300,0.999977,-0.022440,0.023469,-0.022556,0.000230,-0.000215,0.009388,0.048098,0.084419,3.489115,20.515006,5,0,0.000000,1,0.461098,0.712268,1,-1,0,none
8.455779,1.433000,-0.079000,1.562000,1.335225,-0.034875,1.657760,1.371996,-0.063771,1.621594,-0.000750,-0.003740,0.004869,0.999981,-0.028278,0.025858,-0.020076,0.000243,-0.000218,0.009160,0.143795,0.086631,1.236757,18.466827,4,0,0.000000,1,0.419257,0.705757,1,1,0,none
8.489013,1.433000,-0.080000,1.561000,1.382700,-0.031880,1.666865,1.371856,-0.060913,1.622925,-0.001965,-0.002799,0.004270,0.999985,-0.024520,0.033775,-0.013762,0.000239,-0.000225,0.008870,0.126701,0.089093,1.231625,18.466827,4,0,0.000000,1,0.596384,0.794195,1,7,0,none
8.505627,1.432000,-0.079000,1.561000,1.388498,-0.042703,1.530216,1.372506,-0.059248,1.618867,-0.001752,-0.001512,0.004257,0.999988,-0.024016,0.035726,-0.017440,0.000238,-0.000240,0.009450,0.064479,0.085312,1.396050,20.515006,5,0,0.000000,1,0.460811,0.713272,1,-1,0,none
8.522193,1.432000,-0.079000,1.561000,1.387499,-0.066937,1.581441,1.373094,-0.059222,1.617067,-0.001963,-0.000547,0.004628,0.999987,-0.020215,0.032598,-0.017934,0.000234,-0.000242,0.009682,0.050435,0.083693,2.024129,20.515006,5,0,0.000000,1,0.461098,0.712910,1,-1,0,none
8.538871,1.431000,-0.079000,1.561000,1.422164,-0.050572,1.589082,1.375848,-0.058170,1.615647,-0.002117,-0.000647,0.004316,0.999988,-0.010713,0.036769,-0.018469,0.000219,-0.000251,0.009853,0.040925,0.080386,-3356358088919055.000000,20.515006,5,0,0.000000,1,0.434070,0.684985,1,-1,0,none
8.572144,1.430000,-0.079000,1.560000,1.302691,-0.061269,1.540059,1.370741,-0.057187,1.611905,-0.002215,-0.003148,0.003612,0.999986,-0.021381,0.038984,-0.017726,0.000249,-0.000250,0.010340,0.130075,0.081741,-3806836139745446.000000,20.515006,5,0,0.000000,1,0.420520,1.041877,1,-1,0,none
8.588702,1.430000,-0.079000,1.560000,1.408991,-0.042430,1.573579,1.372846,-0.055634,1.610033,-0.002732,-0.002225,0.003762,0.999987,-0.022314,0.044697,-0.018812,0.000237,-0.000261,0.010583,0.044307,0.079472,-1427561134286396.500000,20.515006,5,0,0.000000,1,0.662558,0.836946,1,-1,0,none
8.605279,1.430000,-0.078000,1.560000,1.361596,-0.031663,1.658256,1.371793,-0.053407,1.611778,-0.004078,-0.001029,0.003541,0.999985,-0.023887,0.051988,-0.015953,0.000241,-0.000265,0.010274,0.128376,0.081694,3.863574,18.466827,4,0,0.000000,1,0.595844,0.793108,1,7,0,none
8.621974,1.430000,-0.079000,1.560000,1.360056,-0.116743,1.741087,1.370709,-0.056601,1.616926,-0.005138,-0.000036,0.003311,0.999981,-0.022732,0.049342,-0.009513,0.000234,-0.000232,0.009452,0.197761,0.085192,2.339369,16.266236,3,0,0.000000,1,0.607393,1.563191,1,-1,2,anchor2:1-2;2-3
8.638587,1.430000,-0.078000,1.559000,1.441495,-0.147636,1.757201,1.374884,-0.061574,1.622593,-0.005849,0.000741,0.003394,0.999977,-0.010006,0.040213,-0.004964,0.000198,-0.000196,0.008563,0.210393,0.085742,1.052608,16.266236,3,0,0.000000,1,0.862010,1.607626,1,-1,2,anchor3:2-3;3-4
8.655228,1.429000,-0.078000,1.559000,1.375271,-0.059339,1.593536,1.374804,-0.060791,1.621293,-0.007369,-0.000229,0.003534,0.999967,-0.002813,0.040938,-0.009477,0.000200,-0.000199,0.008745,0.066542,0.084343,-2047226047455396.500000,20.515006,5,0,0.000000,1,0.536998,0.814373,1,-1,0,none
8.671820,1.429000,-0.078000,1.559000,1.345107,-0.079810,1.552219,1.372918,-0.061367,1.618276,-0.008637,-0.002249,0.003567,0.999954,-0.004695,0.041224,-0.015094,0.000211,-0.000197,0.009178,0.084186,0.083280,-5075782594380284.000000,20.515006,5,0,0.000000,1,0.619153,0.684856,1,-1,0,none
8.688471,1.429000,-0.078000,1.559000,1.381604,-0.055928,1.589162,1.373381,-0.060382,1.616848,-0.010184,-0.003985,0.003658,0.999934,-0.004965,0.047590,-0.016434,0.000210,-0.000202,0.009358,0.060360,0.082160,3.886621,20.515006,5,0,0.000000,1,0.461100,0.713645,1,-1,0,none
8.705177,1.429000,-0.078000,1.558000,1.396249,-0.079611,1.536423,1.374699,-0.060807,1.613315,-0.011487,-0.004970,0.003686,0.999915,-0.003575,0.050238,-0.017985,0.000204,-0.000204,0.009856,0.039253,0.079398,-1082831556673534.250000,20.515006,5,0,0.000000,1,0.384733,0.660747,1,-1,0,none
8.721724,1.429000,-0.077000,1.558000,1.396169,-0.123356,1.663831,1.375974,-0.063813,1.615111,-0.011505,-0.005037,0.003307,0.999916,-0.000025,0.051222,-0.011771,0.000190,-0.000180,0.009540,0.120112,0.079040,0.940368,18.466827,4,0,0.000000,1,0.594570,1.033444,1,4,0,none
8.738295,1.429000,-0.077000,1.558000,1.341773,-0.038161,1.599041,1.373904,-0.061440,1.614308,-0.010716,-0.005392,0.003116,0.999923,-0.002680,0.061858,-0.010043,0.000204,-0.000187,0.009639,0.103930,0.080301,-406060221676096.000000,20.515006,5,0,0.000000,1,0.553718,0.780805,1,-1,0,none
8.754956,1.428000,-0.076000,1.558000,1.377291,-0.068845,1.573211,1.374052,-0.060910,1.612487,-0.009217,-0.005541,0.003441,0.999936,-0.003140,0.067379,-0.012697,0.000204,-0.000188,0.009891,0.053422,0.078147,-17156101997540428.000000,20.515006,5,0,0.000000,1,0.383450,1.198045,1,-1,0,none
8.771583,1.428000,-0.075000,1.558000,1.362928,-0.037345,1.526525,1.373334,-0.058415,1.608815,-0.008003,-0.006091,0.003500,0.999943,-0.004190,0.076801,-0.018490,0.000213,-0.000202,0.010418,0.081504,0.076457,-1982718759879197.000000,20.515006,5,0,0.000000,1,0.586323,0.748654,1,-1,0,none
8.788264,1.428000,-0.072000,1.557000,1.374259,-0.060492,1.603642,1.373347,-0.057304,1.608315,-0.006108,-0.006610,0.003648,0.999953,-0.002050,0.082182,-0.019058,0.000213,-0.000201,0.010448,0.072084,0.076395,2.162340,20.515006,5,0,0.000000,1,0.461113,0.713643,1,-1,0,none
8.804807,1.427000,-0.072000,1.557000,1.371853,-0.035264,1.644330,1.373210,-0.054751,1.609475,-0.003744,-0.006232,0.003693,0.999967,-0.004110,0.086900,-0.016596,0.000213,-0.000205,0.010226,0.109623,0.077100,-2537888879071289.000000,20.515006,5,0,0.000000,1,0.428909,1.399196,1,-1,0,none
8.821453,1.427000,-0.071000,1.557000,1.397898,-0.138632,1.687232,1.374595,-0.058435,1.612310,-0.000889,-0.004256,0.003643,0.999984,-0.004706,0.080342,-0.013714,0.000195,-0.000174,0.009749,0.149604,0.077223,0.384813,16.266236,3,0,0.000000,1,0.846315,1.585491,1,-1,2,anchor3:2-3;3-4
8.838128,1.427000,-0.069000,1.556000,1.314966,-0.038785,1.563156,1.370969,-0.056046,1.610138,0.001547,-0.002024,0.003599,0.999990,-0.010175,0.081060,-0.017238,0.000218,-0.000179,0.010048,0.116257,0.078982,13.251716,20.515006,5,0,0.000000,1,0.460181,0.713218,1,-1,0,none
8.854734,1.425000,-0.068000,1.556000,1.322317,-0.075906,1.483301,1.367932,-0.055973,1.604828,0.004082,0.000358,0.003491,0.999986,-0.012965,0.082124,-0.023845,0.000237,-0.000177,0.010817,0.126061,0.076063,1.473900,18.466827,4,0,0.000000,1,0.631992,1.012881,1,0,0,none
8.871387,1.425000,-0.067000,1.555000,1.294383,-0.074042,1.491404,1.363418,-0.055790,1.599951,0.006505,0.002009,0.003450,0.999971,-0.013413,0.078980,-0.029289,0.000264,-0.000173,0.011504,0.145447,0.077062,4.045868,18.466827,4,0,0.000000,1,0.631054,1.014781,1,0,0,none
8.887948,1.425000,-0.066000,1.555000,1.357795,-0.087703,1.554785,1.362944,-0.056560,1.597714,0.008196,0.001781,0.003744,0.999958,-0.005725,0.066919,-0.032802,0.000264,-0.000164,0.011774,0.070622,0.075925,2.860589,18.466827,4,0,0.000000,1,0.438053,0.852874,1,2,0,none
8.921233,1.424000,-0.064000,1.554000,1.381630,-0.054130,1.531461,1.363969,-0.054499,1.593931,0.008702,0.001574,0.003885,0.999953,-0.004983,0.055653,-0.037924,0.000259,-0.000171,0.012184,0.048996,0.072722,-4580889656444920.000000,20.515006,5,0,0.000000,1,0.392652,0.778379,1,-1,0,none
8.937825,1.424000,-0.063000,1.554000,1.376135,-0.066753,1.541385,1.364605,-0.054429,1.591180,0.006533,0.004139,0.004126,0.999962,-0.006643,0.050688,-0.041898,0.000254,-0.000171,0.012510,0.049642,0.070594,-3654561823632784.500000,20.515006,5,0,0.000000,1,0.404088,1.040711,1,-1,0,none
8.954455,1.423000,-0.063000,1.554000,1.374385,-0.014560,1.575288,1.365124,-0.051240,1.589891,0.003463,0.007059,0.004563,0.999959,-0.002519,0.055332,-0.044519,0.000254,-0.000188,0.012606,0.071854,0.069109,-7772273054966018.000000,20.515006,5,0,0.000000,1,0.372050,0.813892,1,-1,0,none
8.971008,1.423000,-0.061000,1.553000,1.304892,-0.045620,1.423741,1.361463,-0.050068,1.582476,0.000377,0.007959,0.004460,0.999958,-0.000633,0.057319,-0.053846,0.000283,-0.000195,0.013638,0.175767,0.069103,2.294386,18.466827,4,0,0.000000,1,0.633444,1.016755,1,0,0,none
8.987717,1.422000,-0.063000,1.553000,1.390339,-0.083468,1.598615,1.363259,-0.051210,1.582295,-0.002937,0.007862,0.004620,0.999954,0.008652,0.055035,-0.051519,0.000268,-0.000183,0.013531,0.059179,0.066691,-310891514637455.250000,20.515006,5,0,0.000000,1,0.552897,0.943557,1,-1,0,none
9.004425,1.423000,-0.060000,1.552000,1.338925,-0.058285,1.576853,1.361931,-0.050771,1.581282,-0.007185,0.008187,0.005140,0.999927,0.007813,0.057504,-0.048889,0.000277,-0.000178,0.013560,0.087688,0.068353,-1691924575982089.000000,20.515006,5,0,0.000000,1,0.476329,0.780484,1,-1,0,none
9.020939,1.423000,-0.060000,1.552000,1.393590,-0.101493,1.680724,1.363986,-0.052950,1.584563,-0.011516,0.009072,0.005501,0.999877,0.015672,0.055741,-0.040396,0.000259,-0.000154,0.012939,0.138407,0.067769,3.779497,16.266236,3,0,0.000000,1,0.839788,1.572960,1,-1,2,anchor3:2-3;3-4
9.037515,1.423000,-0.059000,1.552000,1.443080,-0.141739,1.683087,1.369024,-0.057395,1.587902,-0.016011,0.009817,0.005823,0.999807,0.030803,0.053727,-0.031497,0.000219,-0.000120,0.012325,0.156310,0.064846,3.412642,16.266236,3,0,0.000000,1,0.854105,1.595924,1,-1,2,anchor3:2-3;3-4
9.054200,1.423000,-0.058000,1.552000,1.374337,-0.047398,1.578127,1.369870,-0.055891,1.587067,-0.020448,0.009718,0.005829,0.999727,0.039169,0.066977,-0.027351,0.000218,-0.000124,0.012382,0.056241,0.063694,5.246555,20.515006,5,0,0.000000,1,0.460951,0.713795,1,-1,0,none
9.070856,1.424000,-0.058000,1.552000,1.343518,-0.022631,1.544900,1.369870,-0.055891,1.587067,-0.020448,0.009718,0.005829,0.999727,0.039169,0.066977,-0.027351,0.000218,-0.000124,0.012382,0.088198,0.064530,-1827278251886592.000000,20.515006,5,0,0.000000,1,1.457695,2.307537,0,-1,0,none
9.087441,1.424000,-0.056000,1.552000,1.366278,-0.057808,1.607581,1.371050,-0.053678,1.587138,-0.029388,0.008571,0.006741,0.999509,0.049555,0.083013,-0.020562,0.000219,-0.000120,0.012246,0.080152,0.063590,-50757729219070.250000,20.515006,5,0,0.000000,1,0.799133,0.943590,1,-1,0,none
9.104044,1.424000,-0.054000,1.552000,1.355322,-0.007323,1.542600,1.370835,-0.049456,1.585009,-0.034114,0.008405,0.006624,0.999361,0.052689,0.099176,-0.021706,0.000231,-0.000139,0.012529,0.083569,0.062744,0.731549,18.466827,4,0,0.000000,1,0.637040,1.018357,1,0,0,none
9.120658,1.425000,-0.052000,1.551000,1.382340,-0.028007,1.578585,1.372391,-0.046540,1.584417,-0.038136,0.008006,0.006569,0.999219,0.060304,0.113351,-0.021248,0.000229,-0.000148,0.012568,0.056182,0.062564,1.736396,20.515006,5,0,0.000000,1,0.461079,0.714968,1,-1,0,none
9.137322,1.426000,-0.050000,1.551000,1.409081,-0.045743,1.592043,1.375645,-0.044622,1.584397,-0.040650,0.007583,0.006898,0.999121,0.068999,0.132371,-0.020755,0.000214,-0.000150,0.012517,0.044597,0.060662,3.071347,20.515006,5,0,0.000000,1,0.461465,0.714588,1,-1,0,none
9.153943,1.427000,-0.048000,1.551000,1.387080,-0.071820,1.710275,1.377441,-0.044120,1.589172,-0.042749,0.007071,0.007331,0.999034,0.074232,0.148440,-0.017060,0.000202,-0.000133,0.011722,0.165920,0.062676,5.131255,16.266236,3,0,0.000000,1,0.609132,1.562199,1,-1,2,anchor2:1-2;2-3
9.170537,1.427000,-0.046000,1.551000,1.370410,-0.047665,1.599328,1.378124,-0.042009,1.589299,-0.045148,0.006175,0.007225,0.998935,0.077976,0.164117,-0.019603,0.000204,-0.000130,0.011657,0.074436,0.062223,-767707772851598.000000,20.515006,5,0,0.000000,1,0.439692,0.897427,1,-1,0,none
9.220422,1.430000,-0.037000,1.550000,1.323490,-0.020266,1.486756,1.378384,-0.031999,1.583739,-0.053250,0.001559,0.007210,0.998554,0.085916,0.213496,-0.033125,0.000235,-0.000135,0.012343,0.124997,0.061867,1.529502,18.466827,4,0,0.000000,1,0.635266,1.018301,1,0,0,none
9.237097,1.432000,-0.034000,1.550000,1.390146,-0.003609,1.531018,1.380529,-0.026626,1.580919,-0.055549,-0.000304,0.007278,0.998429,0.088252,0.233020,-0.036283,0.000235,-0.000149,0.012693,0.055097,0.060495,0.680339,18.466827,4,0,0.000000,1,0.419932,0.704380,1,1,0,none
9.253611,1.433000,-0.028000,1.550000,1.396530,-0.007195,1.548919,1.382900,-0.021743,1.578978,-0.058094,-0.001268,0.007356,0.998283,0.089206,0.253985,-0.038887,0.000231,-0.000157,0.012902,0.042001,0.058215,-1072257291715596.250000,20.515006,5,0,0.000000,1,0.467016,0.919081,1,-1,0,none
9.270362,1.434000,-0.025000,1.550000,1.457189,-0.019679,1.593547,1.389188,-0.017631,1.578986,-0.060189,-0.001723,0.007481,0.998157,0.100567,0.274425,-0.038469,0.000201,-0.000161,0.012800,0.049623,0.053876,-513918743890174.000000,20.515006,5,0,0.000000,1,0.569765,0.729222,1,-1,0,none
9.286893,1.436000,-0.019000,1.549000,1.438802,0.009595,1.538912,1.394007,-0.011452,1.576677,-0.060996,-0.003156,0.007523,0.998105,0.109447,0.305137,-0.039268,0.000185,-0.000175,0.013057,0.030451,0.050857,1.537417,20.515006,5,0,0.000000,1,0.461586,0.716844,1,-1,0,none
9.303562,1.436000,-0.015000,1.549000,1.398999,0.005726,1.568016,1.394007,-0.011452,1.576677,-0.060996,-0.003156,0.007523,0.998105,0.109447,0.305137,-0.039268,0.000185,-0.000175,0.013057,0.046479,0.050418,-2487139169951047.000000,20.515006,5,0,0.000000,1,1.186400,1.166093,0,-1,0,none
9.320162,1.438000,-0.010000,1.549000,1.421476,0.015390,1.578720,1.399307,0.000280,1.575557,-0.059929,-0.008106,0.007785,0.998139,0.118175,0.347624,-0.037336,0.000176,-0.000184,0.013034,0.042438,0.048042,1.171751,18.466827,4,0,0.000000,1,0.406077,0.747367,1,5,0,none
9.336744,1.439000,-0.002000,1.549000,1.391533,0.013716,1.519473,1.400548,0.006554,1.572545,-0.058922,-0.010139,0.007848,0.998180,0.113807,0.369940,-0.039077,0.000185,-0.000187,0.013407,0.058068,0.045893,2.895903,18.466827,4,0,0.000000,1,0.639788,1.018113,1,0,0,none
9.353403,1.441000,0.001000,1.548000,1.421776,0.051685,1.442624,1.403718,0.015393,1.566295,-0.057844,-0.011258,0.008044,0.998230,0.114657,0.393377,-0.044664,0.000190,-0.000207,0.014267,0.118502,0.043952,-26850827633551496.000000,20.515006,5,0,0.000000,1,0.871628,0.917871,1,-1,0,none
9.386671,1.444000,0.018000,1.547000,1.461335,0.032002,1.558158,1.411043,0.028922,1.564523,-0.056787,-0.012868,0.008521,0.998267,0.112330,0.429047,-0.044389,0.000166,-0.000212,0.014311,0.024922,0.038891,-6344565020962.437500,20.515006,5,0,0.000000,1,0.684746,1.406542,1,-1,0,none
9.403233,1.445000,0.024000,1.547000,1.315617,0.016701,1.384912,1.406155,0.034655,1.555933,-0.056744,-0.013314,0.008638,0.998263,0.096488,0.444891,-0.053499,0.000225,-0.000198,0.015531,0.207523,0.041258,1.123549,16.266236,3,0,0.000000,1,0.633657,1.227638,1,-1,2,anchor6:6-7;5-6
9.419883,1.446000,0.032000,1.547000,1.425216,0.039297,1.566859,1.408896,0.041807,1.555574,-0.056610,-0.012848,0.008896,0.998274,0.098096,0.461202,-0.054051,0.000216,-0.000198,0.015451,0.029658,0.039325,-6344761492159.148438,20.515006,5,0,0.000000,1,0.548587,1.363572,1,-1,0,none
9.436554,1.447000,0.039000,1.547000,1.410064,0.071605,1.544382,1.410465,0.051016,1.554210,-0.055296,-0.012566,0.009537,0.998345,0.096675,0.484577,-0.057283,0.000218,-0.000208,0.015519,0.049337,0.039130,-23608683886182976.000000,20.515006,5,0,0.000000,1,0.499684,0.920024,1,-1,0,none
9.453161,1.448000,0.046000,1.547000,1.313964,0.077522,1.446218,1.405586,0.060500,1.548590,-0.052324,-0.013297,0.010314,0.998488,0.087823,0.507554,-0.067441,0.000271,-0.000210,0.016232,0.170636,0.044853,2.863704,18.466827,4,0,0.000000,1,0.640501,1.027351,1,0,0,none
9.469719,1.449000,0.057000,1.546000,1.399697,0.066888,1.565714,1.405586,0.060500,1.548590,-0.052324,-0.013297,0.010314,0.998488,0.087823,0.507554,-0.067441,0.000271,-0.000210,0.016232,0.054012,0.043632,-13818767175561602.000000,20.515006,5,0,0.000000,1,6.128428,6.601824,0,-1,0,none
9.486425,1.451000,0.065000,1.546000,1.416896,0.087929,1.452988,1.409130,0.078425,1.542135,-0.045184,-0.015816,0.010390,0.998799,0.091499,0.539712,-0.074154,0.000274,-0.000215,0.016869,0.101686,0.044139,1.301257,20.515006,5,0,0.000000,1,0.460999,0.719311,1,-1,0,none
9.503015,1.452000,0.073000,1.545000,1.410668,0.085761,1.446016,1.410589,0.087248,1.536695,-0.042595,-0.016527,0.011164,0.998893,0.085035,0.548996,-0.080825,0.000280,-0.000214,0.017512,0.108023,0.044574,-5335909790425338.000000,20.515006,5,0,0.000000,1,0.450007,0.791871,1,-1,0,none
9.519680,1.452000,0.082000,1.545000,1.407517,0.100836,1.408469,1.411707,0.096805,1.529758,-0.040273,-0.017399,0.011669,0.998969,0.082572,0.559184,-0.086050,0.000291,-0.000214,0.018365,0.144824,0.045553,-101516425687293.687500,20.515006,5,0,0.000000,1,0.440527,1.146945,1,-1,0,none
9.536247,1.454000,0.092000,1.544000,1.457907,0.114349,1.499400,1.415987,0.106261,1.527132,-0.038471,-0.017621,0.012283,0.999029,0.084179,0.569528,-0.086338,0.000272,-0.000220,0.018556,0.050039,0.043964,1.501614,18.466827,4,0,0.000000,1,0.405502,0.732327,1,5,0,none
9.552850,1.455000,0.100000,1.544000,1.412741,0.198995,1.533254,1.416998,0.120943,1.526027,-0.037169,-0.018294,0.012297,0.999066,0.080359,0.591573,-0.083091,0.000277,-0.000260,0.018495,0.108172,0.046966,2.443061,18.466827,4,0,0.000000,1,0.596935,0.815949,1,7,0,none
9.569621,1.457000,0.112000,1.544000,1.423316,0.133110,1.492195,1.418597,0.130895,1.523281,-0.034744,-0.019164,0.012459,0.999135,0.075870,0.607716,-0.082893,0.000278,-0.000260,0.018708,0.065299,0.047550,1.361980,20.515006,5,0,0.000000,1,0.461391,0.721915,1,-1,0,none
9.586152,1.457000,0.121000,1.544000,1.371264,0.133881,1.464890,1.416715,0.140500,1.519546,-0.031962,-0.020480,0.013450,0.999189,0.071193,0.615734,-0.079515,0.000304,-0.000253,0.019083,0.117366,0.051001,1.400151,20.515006,5,0,0.000000,1,0.460566,0.720915,1,-1,0,none
9.602811,1.457000,0.130000,1.544000,1.407015,0.147426,1.416330,1.417188,0.150669,1.513918,-0.029117,-0.022296,0.014043,0.999229,0.065954,0.621283,-0.079273,0.000317,-0.000248,0.019745,0.138209,0.054011,1.607353,20.515006,5,0,0.000000,1,0.460844,0.721572,1,-1,0,none
9.652659,1.459000,0.163000,1.544000,1.434926,0.194852,1.458089,1.421197,0.182777,1.507796,-0.021750,-0.028043,0.015626,0.999248,0.051709,0.636081,-0.075669,0.000313,-0.000254,0.020104,0.094736,0.055954,3.125725,20.515006,5,0,0.000000,1,0.461537,0.724248,1,-1,0,none
9.669330,1.459000,0.173000,1.544000,1.377853,0.157381,1.485999,1.418906,0.190831,1.505653,-0.019722,-0.029770,0.016288,0.999229,0.039130,0.633424,-0.078441,0.000336,-0.000234,0.020254,0.100959,0.058275,-3965438527305982.000000,20.515006,5,0,0.000000,1,0.458049,1.833298,1,-1,0,none
9.685884,1.460000,0.181000,1.544000,1.394707,0.165582,1.484986,1.417752,0.198441,1.503572,-0.017819,-0.031755,0.016303,0.999204,0.027256,0.633932,-0.081955,0.000349,-0.000215,0.020395,0.089351,0.061021,-1678178812723196.000000,20.515006,5,0,0.000000,1,0.393706,0.775927,1,-1,0,none
9.702471,1.460000,0.194000,1.543000,1.384053,0.238084,1.474762,1.415849,0.210608,1.500993,-0.016918,-0.032952,0.016878,0.999171,0.020151,0.636550,-0.085539,0.000369,-0.000228,0.020574,0.111211,0.063164,2.408517,18.466827,4,0,0.000000,1,0.595883,0.817427,1,7,0,none
9.719273,1.460000,0.204000,1.544000,1.420056,0.219305,1.469743,1.416389,0.220905,1.498242,-0.015943,-0.034147,0.016363,0.999156,0.013126,0.638139,-0.091712,0.000369,-0.000227,0.020774,0.085697,0.065433,1.376671,18.466827,4,0,0.000000,1,0.647160,0.788200,1,3,0,none
9.768941,1.459000,0.235000,1.542000,1.447130,0.247046,1.493488,1.418642,0.252041,1.493462,-0.011124,-0.036314,0.017837,0.999119,-0.010464,0.643971,-0.103409,0.000352,-0.000225,0.020774,0.051375,0.065384,-114206099804670.937500,20.515006,5,0,0.000000,1,0.533078,0.887322,1,-1,0,none
9.785650,1.459000,0.244000,1.542000,1.421244,0.250601,1.553102,1.418595,0.261557,1.494643,-0.010029,-0.036730,0.018946,0.999095,-0.019164,0.643901,-0.102434,0.000346,-0.000220,0.020346,0.039904,0.064680,-12194531951280122.000000,20.515006,5,0,0.000000,1,0.377787,0.681923,1,-1,0,none
9.818894,1.456000,0.267000,1.541000,1.463576,0.268241,1.378004,1.421233,0.282045,1.485825,-0.008607,-0.035786,0.018634,0.999149,-0.028490,0.644624,-0.109823,0.000332,-0.000211,0.021168,0.163177,0.066928,-310893630494973.875000,20.515006,5,0,0.000000,1,0.409953,0.899116,1,-1,0,none
9.852093,1.454000,0.288000,1.540000,1.943477,0.300984,1.530627,1.460973,0.302920,1.484474,-0.007755,-0.030822,0.018116,0.999331,0.032715,0.648642,-0.103720,0.000043,-0.000215,0.020807,0.489739,0.057917,0.380234,13.815511,2,0,0.000000,1,0.835147,1.492449,1,0,2,anchor2:1-2;2-3
10.118099,1.416000,0.466000,1.537000,1.816989,0.487423,1.436250,1.517673,0.476915,1.458011,-0.005655,-0.025432,0.019292,0.999474,0.058127,0.652765,-0.090277,-0.000266,-0.000208,0.021107,0.414007,0.129212,0.847006,13.815511,2,0,0.000000,1,0.797593,1.440735,1,0,2,anchor2:1-2;2-3
10.134704,1.413000,0.477000,1.537000,1.848830,0.495594,1.474475,1.566938,0.488449,1.457985,-0.005029,-0.021572,0.019188,0.999571,0.133314,0.659786,-0.087990,-0.000511,-0.000203,0.020966,0.440685,0.173411,0.116625,13.815511,2,0,0.000000,1,0.803691,1.449869,1,0,2,anchor2:1-2;2-3
10.151368,1.409000,0.487000,1.537000,1.538958,0.506040,1.443949,1.565082,0.500179,1.455771,-0.003732,-0.021433,0.019200,0.999579,0.126635,0.662175,-0.088819,-0.000484,-0.000209,0.021095,0.160966,0.176446,9.390238,18.466827,4,0,0.000000,1,0.665514,0.824633,1,3,0,none
10.168017,1.405000,0.498000,1.537000,1.446729,0.494448,1.481865,1.552353,0.508938,1.456493,-0.003209,-0.021646,0.019647,0.999567,0.103961,0.655358,-0.085211,-0.000417,-0.000202,0.020832,0.069237,0.168267,-634469197123573.750000,20.515006,5,0,0.000000,1,0.506771,1.120900,1,-1,0,none
10.184605,1.401000,0.507000,1.537000,1.555582,0.515841,1.332265,1.554266,0.519063,1.446666,-0.002834,-0.021651,0.020006,0.999561,0.102904,0.650647,-0.096582,-0.000367,-0.000203,0.022005,0.256690,0.178315,16.421819,18.466827,4,0,0.000000,1,0.667436,0.824164,1,3,0,none
10.201201,1.401000,0.507000,1.537000,1.664866,0.541188,1.548595,1.567468,0.530392,1.451911,-0.003137,-0.020616,0.020749,0.999567,0.121059,0.648393,-0.089484,-0.000472,-0.000203,0.021049,0.266324,0.188412,0.022169,13.815511,2,0,0.000000,1,0.784700,1.405634,1,0,2,anchor2:1-2;2-3
10.217826,1.394000,0.532000,1.536000,1.631350,0.596004,1.212935,1.575869,0.546819,1.435001,-0.003597,-0.020542,0.020881,0.999564,0.132360,0.656962,-0.105639,-0.000409,-0.000235,0.023120,0.405959,0.208559,9.097754,16.266236,3,0,0.000000,1,0.662120,1.545181,1,-1,2,anchor2:1-2;2-3
10.267666,1.381000,0.565000,1.536000,1.662715,0.556004,1.557687,1.590570,0.576420,1.438339,-0.004838,-0.018533,0.021914,0.999576,0.144092,0.656030,-0.094694,-0.000511,-0.000216,0.021969,0.282691,0.231490,1.950035,13.815511,2,0,0.000000,1,0.661109,1.151464,1,1,2,anchor7:6-7;7-0
10.300987,1.373000,0.588000,1.536000,1.644509,0.608738,1.473603,1.600427,0.599074,1.437757,-0.002763,-0.018135,0.022204,0.999585,0.152806,0.657991,-0.088891,-0.000556,-0.000219,0.021617,0.279357,0.247987,0.517527,13.815511,2,0,0.000000,1,0.771040,1.387779,1,0,2,anchor2:1-2;2-3
10.350772,1.359000,0.620000,1.535000,1.464318,0.665951,1.271195,1.592503,0.635301,1.422339,-0.001419,-0.017772,0.023451,0.999566,0.133749,0.657420,-0.097487,-0.000401,-0.000251,0.023108,0.287743,0.259712,5.642408,16.266236,3,0,0.000000,1,0.643352,1.500574,1,-1,2,anchor2:1-2;2-3
10.367478,1.355000,0.630000,1.535000,1.518327,0.684533,1.235829,1.586991,0.650219,1.408496,-0.001230,-0.018012,0.023907,0.999551,0.126069,0.660909,-0.109331,-0.000282,-0.000280,0.024742,0.345185,0.265013,9.096167,16.266236,3,0,0.000000,1,0.652242,1.511811,1,-1,2,anchor2:1-2;2-3
10.400698,1.345000,0.652000,1.534000,1.393315,0.611532,1.520974,1.571003,0.665876,1.412740,-0.000265,-0.019200,0.024676,0.999511,0.095926,0.654273,-0.098647,-0.000212,-0.000259,0.023741,0.064356,0.256854,1.333699,18.466827,4,0,0.000000,1,0.599996,1.058203,1,4,0,none
10.433958,1.336000,0.672000,1.534000,1.554727,0.662563,1.701090,1.572133,0.684253,1.428863,0.000718,-0.019234,0.025337,0.999494,0.093693,0.642918,-0.080190,-0.000304,-0.000238,0.021169,0.275409,0.258772,0.645030,13.815511,2,0,0.000000,1,0.773450,1.376855,1,0,2,anchor2:1-2;2-3
10.483794,1.321000,0.704000,1.534000,1.456644,0.706710,1.608705,1.563936,0.714496,1.437266,0.001373,-0.020982,0.025804,0.999446,0.076104,0.634617,-0.074645,-0.000310,-0.000236,0.019500,0.154879,0.261697,15.942471,16.266236,3,0,0.000000,1,0.693359,1.414247,1,-1,2,anchor6:6-7;5-6
10.500388,1.315000,0.716000,1.533000,1.316898,0.693991,1.380892,1.540185,0.721602,1.432390,0.001588,-0.022697,0.026187,0.999398,0.035919,0.624951,-0.081718,-0.000179,-0.000247,0.019998,0.153704,0.246702,-12689029288442.812500,20.515006,5,0,0.000000,1,0.422666,0.649371,1,-1,0,none
10.517117,1.310000,0.726000,1.533000,1.408572,0.738778,1.558863,1.528161,0.732287,1.439134,0.001567,-0.023796,0.025888,0.999380,0.015619,0.622134,-0.076858,-0.000153,-0.000254,0.018913,0.102707,0.237581,4.941141,18.466827,4,0,0.000000,1,0.670627,1.061255,1,0,0,none
10.533680,1.306000,0.734000,1.533000,1.316173,0.773088,1.507625,1.509020,0.745146,1.441823,0.001203,-0.025700,0.025720,0.999338,-0.013736,0.621713,-0.074860,-0.000086,-0.000280,0.018309,0.047700,0.222833,4.762266,20.515006,5,0,0.000000,1,0.494189,0.868391,1,-1,0,none
10.566898,1.294000,0.756000,1.532000,1.419088,0.808137,1.648240,1.500455,0.769114,1.452917,0.000892,-0.026695,0.025643,0.999314,-0.031217,0.621458,-0.058154,-0.000142,-0.000291,0.016637,0.178541,0.221471,7.229880,16.266236,3,0,0.000000,1,0.698246,1.449023,1,-1,2,anchor6:6-7;5-6
10.583614,1.287000,0.770000,1.532000,1.292603,0.817204,1.365099,1.481432,0.782646,1.446718,0.000191,-0.028031,0.025275,0.999287,-0.059900,0.623726,-0.061623,-0.000119,-0.000322,0.017314,0.173538,0.212690,3.065685,20.515006,5,0,0.000000,1,0.492159,0.864747,1,-1,0,none
10.600203,1.282000,0.777000,1.531000,1.325013,0.793550,1.449748,1.467320,0.792776,1.445985,0.000370,-0.029295,0.025239,0.999252,-0.081114,0.624824,-0.060665,-0.000045,-0.000343,0.017270,0.093412,0.204499,-8183.917057,20.515006,5,0,0.000000,1,0.763759,1.946804,1,-1,0,none
10.616807,1.277000,0.786000,1.531000,1.577374,0.846622,1.681995,1.475288,0.806538,1.458558,0.001229,-0.028835,0.025041,0.999270,-0.068779,0.628701,-0.044872,-0.000118,-0.000342,0.015461,0.341613,0.212103,0.134277,13.815511,2,0,0.000000,1,0.933524,1.344248,1,2,2,anchor6:6-7;5-6
10.650031,1.264000,0.807000,1.531000,1.383774,0.879525,1.326550,1.465368,0.831575,1.449535,0.003545,-0.028748,0.025213,0.999262,-0.084795,0.631713,-0.049126,-0.000072,-0.000373,0.016444,0.247801,0.218608,16.050100,16.266236,3,0,0.000000,1,0.640645,1.462931,1,-1,2,anchor2:1-2;2-3
10.666679,1.259000,0.817000,1.530000,1.305180,0.832651,1.455736,1.451467,0.841001,1.449770,0.004548,-0.029690,0.024994,0.999236,-0.106354,0.627770,-0.048909,0.000032,-0.000393,0.016458,0.088841,0.209896,-1833620912639995.000000,20.515006,5,0,0.000000,1,0.576136,0.666807,1,-1,0,none
10.683320,1.252000,0.828000,1.530000,1.370772,0.873245,1.262776,1.443316,0.853092,1.438103,0.005069,-0.030199,0.025169,0.999214,-0.117507,0.623745,-0.058992,0.000128,-0.000420,0.017709,0.295909,0.213721,5.878518,16.266236,3,0,0.000000,1,0.643109,1.458968,1,-1,2,anchor2:1-2;2-3
10.699879,1.246000,0.837000,1.530000,1.339835,0.917150,1.693779,1.434021,0.866888,1.450946,0.005284,-0.030513,0.025040,0.999207,-0.131902,0.622641,-0.044119,0.000171,-0.000451,0.015841,0.205068,0.206143,12.389245,16.266236,3,0,0.000000,1,0.706614,1.489680,1,-1,2,anchor6:6-7;5-6
10.716506,1.241000,0.845000,1.530000,1.300295,0.914394,1.594476,1.422225,0.879539,1.457713,0.004852,-0.030742,0.024598,0.999213,-0.149700,0.621065,-0.036509,0.000197,-0.000475,0.014802,0.111752,0.198143,14.277564,16.266236,3,0,0.000000,1,0.698122,1.487754,1,-1,2,anchor6:6-7;5-6
10.733228,1.232000,0.857000,1.530000,1.264703,0.847098,1.483607,1.408521,0.886437,1.458579,0.004437,-0.031221,0.024247,0.999209,-0.170941,0.610899,-0.032757,0.000250,-0.000475,0.014622,0.057618,0.192684,14.068606,20.515006,5,0,0.000000,1,0.491170,0.867286,1,-1,0,none
10.749816,1.226000,0.866000,1.529000,1.311945,0.891559,1.255531,1.398910,0.896128,1.447751,0.003981,-0.032225,0.024337,0.999176,-0.184974,0.606272,-0.044658,0.000321,-0.000494,0.016001,0.287794,0.193409,3.553842,16.266236,3,0,0.000000,1,0.637969,1.441907,1,-1,2,anchor2:1-2;2-3
10.783005,1.213000,0.886000,1.529000,1.199309,0.918637,1.446136,1.378529,0.916020,1.445567,0.003646,-0.034378,0.024146,0.999111,-0.216795,0.603913,-0.044974,0.000399,-0.000517,0.015884,0.090106,0.187783,5.056262,18.466827,4,0,0.000000,1,0.395101,0.682589,1,1,0,none
10.799648,1.206000,0.895000,1.528000,1.256062,0.923738,1.325564,1.366118,0.925719,1.438654,0.003650,-0.035585,0.023193,0.999091,-0.243535,0.598541,-0.050398,0.000387,-0.000520,0.016674,0.210505,0.185914,6.327192,18.466827,4,0,0.000000,1,0.663817,0.850890,1,3,0,none
10.816372,1.198000,0.905000,1.528000,1.280716,0.971744,1.321770,1.356252,0.938077,1.432012,0.003308,-0.035904,0.023400,0.999076,-0.257229,0.598110,-0.052139,0.000422,-0.000547,0.017445,0.232007,0.188020,11.899723,16.266236,3,0,0.000000,1,0.634151,1.427055,1,-1,2,anchor2:1-2;2-3
10.832905,1.191000,0.913000,1.529000,1.225196,0.893424,1.594424,1.343519,0.944079,1.439155,0.003455,-0.036523,0.023120,0.999059,-0.275996,0.586915,-0.043382,0.000528,-0.000542,0.016338,0.076373,0.179722,-310889680900081.500000,20.515006,5,0,0.000000,1,0.477979,1.055896,1,-1,0,none
10.849504,1.185000,0.921000,1.528000,1.427393,0.884725,1.650572,1.345342,0.948546,1.448759,0.002763,-0.035085,0.022657,0.999124,-0.273100,0.576196,-0.031695,0.000494,-0.000497,0.014953,0.274033,0.180963,1.792502,13.815511,2,0,0.000000,1,0.748009,1.314426,1,0,2,anchor2:1-2;2-3
10.866128,1.176000,0.933000,1.528000,1.144659,0.998292,1.491004,1.327736,0.960595,1.450016,0.002340,-0.035296,0.022758,0.999115,-0.298713,0.581383,-0.027646,0.000530,-0.000525,0.014611,0.081327,0.172820,-3667258268485628.000000,20.515006,5,0,0.000000,1,0.391336,0.885168,1,-1,0,none
10.899422,1.160000,0.950000,1.528000,1.246908,1.030656,1.277200,1.312479,0.983381,1.440680,0.002420,-0.034799,0.021731,0.999155,-0.320694,0.579269,-0.038272,0.000558,-0.000562,0.015756,0.277414,0.178854,5.419813,16.266236,3,0,0.000000,1,0.636302,1.411443,1,-1,2,anchor2:1-2;2-3
10.916012,1.154000,0.958000,1.528000,1.344482,1.024623,1.561365,1.310096,0.994605,1.445889,0.001497,-0.033224,0.021752,0.999210,-0.317403,0.576457,-0.031242,0.000536,-0.000565,0.014943,0.204537,0.180134,1.784916,13.815511,2,0,0.000000,1,0.920231,1.416418,1,2,2,anchor6:6-7;5-6
10.932654,1.147000,0.967000,1.528000,1.258993,1.051873,1.294236,1.301696,1.007147,1.438201,0.001499,-0.031983,0.021961,0.999246,-0.327880,0.581094,-0.039745,0.000555,-0.000595,0.015925,0.272748,0.183321,8.575569,16.266236,3,0,0.000000,1,0.637571,1.412839,1,-1,2,anchor2:1-2;2-3
10.949281,1.140000,0.974000,1.528000,1.270851,0.972571,1.376815,1.294618,1.013604,1.434738,0.003076,-0.031408,0.022331,0.999252,-0.332847,0.573541,-0.042217,0.000572,-0.000583,0.016326,0.199953,0.184859,26.338781,18.466827,4,1,0.000000,1,0.664890,0.856416,1,3,0,none
10.965941,1.131000,0.985000,1.528000,1.268078,0.971032,1.378355,1.287696,1.019570,1.431410,0.004281,-0.030944,0.021951,0.999271,-0.340828,0.563961,-0.048428,0.000589,-0.000567,0.016683,0.203419,0.187292,8.047740,16.266236,3,0,0.000000,1,0.616981,0.921597,1,-1,2,anchor1:0-1;1-2
10.999118,1.116000,0.999000,1.528000,1.073668,1.048710,1.482321,1.262451,1.038574,1.432480,0.004993,-0.032025,0.022343,0.999225,-0.371275,0.554980,-0.049275,0.000650,-0.000593,0.016646,0.079684,0.179271,11.187766,18.466827,4,0,0.000000,1,0.375324,0.699008,1,5,0,none
11.032417,1.097000,1.020000,1.528000,1.082053,1.067307,1.500347,1.238080,1.057499,1.434392,0.005492,-0.032800,0.021955,0.999206,-0.402120,0.544631,-0.049566,0.000713,-0.000613,0.016083,0.056798,0.173414,7.985122,18.466827,4,0,0.000000,1,0.374839,0.699707,1,5,0,none
11.082222,1.073000,1.044000,1.528000,1.150997,1.068528,1.388741,1.212773,1.082889,1.429413,0.005070,-0.030457,0.023003,0.999259,-0.420532,0.531295,-0.053602,0.000748,-0.000617,0.016363,0.161487,0.175409,1.315960,18.466827,4,0,0.000000,1,0.660831,0.856808,1,3,0,none
11.198613,1.015000,1.095000,1.527000,1.225265,1.113702,1.554477,1.170274,1.139866,1.431547,0.005040,-0.025021,0.024758,0.999368,-0.418128,0.495874,-0.040962,0.000699,-0.000571,0.015204,0.212876,0.187708,1.163405,13.815511,2,0,0.000000,1,0.755935,1.418480,1,0,2,anchor2:1-2;2-3
11.215226,1.007000,1.103000,1.526000,1.030231,1.127543,1.414248,1.150088,1.145695,1.430068,0.004244,-0.025441,0.024315,0.999372,-0.441274,0.487494,-0.040422,0.000786,-0.000583,0.015332,0.116750,0.177482,-8578052046620662.000000,20.515006,5,0,0.000000,1,0.429973,0.662400,1,-1,0,none
11.231870,0.998000,1.110000,1.526000,1.033008,1.126837,1.485498,1.132452,1.150995,1.432966,0.003539,-0.025894,0.024025,0.999370,-0.464102,0.484565,-0.036875,0.000850,-0.000579,0.014867,0.056120,0.168563,7.857925,18.466827,4,0,0.000000,1,0.384853,0.663199,1,1,0,none
11.248522,0.990000,1.117000,1.526000,0.987127,1.141094,1.455504,1.111981,1.157374,1.433087,0.003352,-0.026381,0.023718,0.999365,-0.486824,0.479559,-0.034852,0.000874,-0.000582,0.014583,0.074556,0.158563,4.123765,18.466827,4,0,0.000000,1,0.370982,0.701983,1,5,0,none
11.265143,0.982000,1.123000,1.526000,1.124686,1.140286,1.349278,1.105660,1.162980,1.427918,0.003331,-0.026555,0.024123,0.999351,-0.484468,0.471965,-0.041307,0.000870,-0.000577,0.015270,0.227791,0.162820,2.907979,18.466827,4,0,0.000000,1,0.660657,0.859247,1,3,0,none
11.281711,0.972000,1.131000,1.526000,1.035819,1.138711,1.399756,1.092632,1.167663,1.425647,0.003306,-0.027492,0.024112,0.999326,-0.496180,0.461380,-0.046558,0.000907,-0.000573,0.015482,0.141668,0.161143,6.044719,18.466827,4,0,0.000000,1,0.661243,1.051228,1,0,0,none
11.348276,0.939000,1.156000,1.525000,0.999952,1.136085,1.481520,1.054238,1.191752,1.425885,0.001105,-0.030242,0.024365,0.999245,-0.516929,0.438260,-0.048233,0.001013,-0.000533,0.014937,0.077474,0.156147,10.673838,16.266236,3,0,0.000000,1,0.616753,1.338531,1,-1,2,anchor2:1-2;2-3
11.431339,0.895000,1.189000,1.524000,0.947129,1.216188,1.334354,1.003522,1.226358,1.415931,-0.000878,-0.034733,0.024379,0.999099,-0.552133,0.428086,-0.054326,0.001067,-0.000553,0.015739,0.198550,0.157643,-4289026023310321.500000,20.515006,5,0,0.000000,1,0.553720,1.245045,1,-1,0,none
11.464638,0.876000,1.201000,1.524000,0.926888,1.212229,1.344589,0.978677,1.237167,1.409603,-0.002606,-0.035051,0.024257,0.999088,-0.570746,0.421994,-0.055979,0.001181,-0.000560,0.016261,0.186826,0.157915,6.201182,20.515006,5,0,0.000000,1,0.473886,0.858750,1,-1,0,none
11.497918,0.856000,1.214000,1.524000,0.896736,1.185476,1.411270,0.953217,1.243622,1.407918,-0.003026,-0.037080,0.023256,0.999037,-0.590090,0.411751,-0.054867,0.001273,-0.000522,0.016197,0.123212,0.154284,-7930905265971202.000000,20.515006,5,0,0.000000,1,0.512595,1.609938,1,-1,0,none
11.580919,0.811000,1.243000,1.523000,0.840630,1.265672,1.384881,0.895280,1.276132,1.402236,-0.004322,-0.038176,0.022572,0.999007,-0.638811,0.418879,-0.046263,0.001324,-0.000528,0.016357,0.143070,0.150946,2.649107,18.466827,4,0,0.000000,1,0.377105,0.703917,1,5,0,none
11.597588,0.800000,1.250000,1.523000,0.834741,1.286452,1.392177,0.895280,1.276132,1.402236,-0.004322,-0.038176,0.022572,0.999007,-0.638811,0.418879,-0.046263,0.001324,-0.000528,0.016357,0.140180,0.156029,-2290447891173366.000000,20.515006,5,0,0.000000,1,1.642972,3.189463,0,-1,0,none
11.614225,0.791000,1.255000,1.523000,0.830737,1.283672,1.394995,0.868628,1.289229,1.400167,-0.003497,-0.037280,0.022197,0.999052,-0.658226,0.422052,-0.044832,0.001356,-0.000531,0.016389,0.137064,0.149284,4.725870,18.466827,4,0,0.000000,1,0.377872,0.704178,1,5,0,none
11.630874,0.783000,1.261000,1.523000,0.823608,1.275068,1.484886,0.853971,1.293883,1.405259,-0.002696,-0.037924,0.022259,0.999029,-0.665953,0.415117,-0.040063,0.001373,-0.000500,0.015523,0.057442,0.141355,-310894194724863.375000,20.515006,5,0,0.000000,1,0.458866,1.252338,1,-1,0,none
11.647425,0.771000,1.269000,1.523000,0.791164,1.274946,1.448945,0.837891,1.297736,1.407455,-0.002146,-0.039059,0.022162,0.998989,-0.680001,0.410720,-0.040224,0.001404,-0.000480,0.015072,0.076981,0.136568,-456822464716790.000000,20.515006,5,0,0.000000,1,0.477754,1.374239,1,-1,0,none
11.664044,0.762000,1.274000,1.523000,0.778239,1.313052,1.423946,0.821973,1.305258,1.407830,-0.001906,-0.040286,0.021828,0.998948,-0.693656,0.411948,-0.039472,0.001429,-0.000487,0.014892,0.107705,0.133559,-1624248624673018.000000,20.515006,5,0,0.000000,1,0.366455,0.734304,1,-1,0,none
11.680735,0.753000,1.280000,1.523000,0.757842,1.253719,1.588311,0.805815,1.306507,1.418382,-0.001297,-0.041167,0.021738,0.998915,-0.710054,0.405125,-0.027458,0.001451,-0.000420,0.013244,0.070567,0.120154,14.747440,20.515006,5,0,0.000000,1,0.469432,0.865873,1,-1,0,none
11.697392,0.741000,1.287000,1.523000,0.778001,1.311318,1.492079,0.794648,1.311976,1.422417,-0.001338,-0.041094,0.021778,0.998917,-0.721380,0.404757,-0.023338,0.001455,-0.000403,0.012581,0.054005,0.116700,0.570858,18.466827,4,0,0.000000,1,0.597129,1.012862,1,4,0,none
11.713964,0.732000,1.292000,1.523000,0.693979,1.340485,1.372783,0.775338,1.320255,1.418974,-0.000986,-0.041250,0.021232,0.998923,-0.739423,0.407633,-0.027755,0.001496,-0.000432,0.012944,0.162362,0.116181,1.400785,18.466827,4,0,0.000000,1,0.370457,0.684669,1,1,0,none
11.730568,0.723000,1.297000,1.523000,0.705995,1.345163,1.452060,0.758647,1.328356,1.420357,-0.000633,-0.041008,0.021101,0.998936,-0.752786,0.409064,-0.027303,0.001518,-0.000438,0.012648,0.087415,0.113091,1.962668,18.466827,4,0,0.000000,1,0.371000,0.684302,1,1,0,none
11.763882,0.701000,1.310000,1.523000,0.705892,1.351328,1.451550,0.758647,1.328356,1.420357,-0.000633,-0.041008,0.021101,0.998936,-0.752786,0.409064,-0.027303,0.001518,-0.000438,0.012648,0.082686,0.119146,-9650305408897022.000000,20.515006,5,0,0.000000,1,1.135780,1.666067,0,-1,0,none
11.780513,0.688000,1.316000,1.523000,0.684697,1.365121,1.467503,0.717403,1.350331,1.421811,0.001287,-0.039057,0.021243,0.999010,-0.776196,0.406321,-0.025183,0.001531,-0.000439,0.012221,0.074187,0.110826,1.179690,18.466827,4,0,0.000000,1,0.371819,0.687146,1,1,0,none
11.797056,0.679000,1.321000,1.523000,0.659980,1.378763,1.385391,0.701097,1.358647,1.419228,0.001449,-0.038295,0.021009,0.999045,-0.790729,0.409688,-0.029368,0.001552,-0.000460,0.012498,0.150448,0.112579,3.537387,18.466827,4,0,0.000000,1,0.383675,0.703216,1,5,0,none
11.813711,0.669000,1.327000,1.523000,0.659514,1.380748,1.530690,0.686097,1.366605,1.425113,0.001799,-0.037420,0.020798,0.999082,-0.798971,0.411101,-0.022307,0.001558,-0.000449,0.011593,0.055118,0.106970,6.980692,20.515006,5,0,0.000000,1,0.465380,0.857631,1,-1,0,none
11.830359,0.657000,1.334000,1.522000,0.716808,1.347434,1.470866,0.676688,1.371205,1.427361,0.003163,-0.036458,0.021198,0.999105,-0.798090,0.408281,-0.020605,0.001539,-0.000427,0.011248,0.079826,0.103577,-24566769314613248.000000,20.515006,5,0,0.000000,1,0.909196,1.773553,1,-1,0,none
11.847016,0.647000,1.339000,1.522000,0.644392,1.378199,1.451038,0.676688,1.371205,1.427361,0.003163,-0.036458,0.021198,0.999105,-0.798090,0.408281,-0.020605,0.001539,-0.000427,0.011248,0.081111,0.104283,-767711984403452.500000,20.515006,5,0,0.000000,1,1.056717,1.663436,0,-1,0,none
11.863584,0.637000,1.344000,1.522000,0.639620,1.323142,1.635630,0.650152,1.379431,1.438415,0.005568,-0.035346,0.021572,0.999127,-0.805724,0.398468,-0.007730,0.001534,-0.000363,0.009579,0.115559,0.091732,3.642522,18.466827,4,0,0.000000,1,0.593258,1.008873,1,4,0,none
11.896869,0.615000,1.356000,1.522000,0.612715,1.413112,1.564896,0.622758,1.394309,1.445346,0.007876,-0.034976,0.021842,0.999118,-0.818367,0.399571,-0.000054,0.001525,-0.000349,0.008560,0.071463,0.086044,-7930909296169470.000000,20.515006,5,0,0.000000,1,0.549833,1.562389,1,-1,0,none
11.930113,0.592000,1.368000,1.522000,0.580442,1.418144,1.575342,0.594267,1.408424,1.452810,0.008653,-0.034022,0.021918,0.999143,-0.833665,0.394883,0.009692,0.001517,-0.000331,0.007498,0.074118,0.080165,6.944411,20.515006,5,0,0.000000,1,0.463643,0.857068,1,-1,0,none
11.963331,0.572000,1.377000,1.522000,0.538258,1.424815,1.490357,0.564381,1.421644,1.455293,0.008730,-0.033434,0.021594,0.999170,-0.847080,0.394143,0.012511,0.001525,-0.000328,0.007178,0.066529,0.080629,5.127789,18.466827,4,0,0.000000,1,0.374542,0.707882,1,1,0,none
11.979986,0.558000,1.383000,1.522000,0.544842,1.422099,1.467513,0.550070,1.427569,1.456166,0.009534,-0.033638,0.021801,0.999151,-0.850405,0.391271,0.013755,0.001526,-0.000324,0.007078,0.068343,0.079897,3.509998,18.466827,4,0,0.000000,1,0.641139,0.824614,1,3,0,none
11.996645,0.549000,1.387000,1.522000,0.544988,1.460461,1.542471,0.536804,1.436214,1.461160,0.009501,-0.033633,0.021906,0.999149,-0.859675,0.393557,0.016520,0.001511,-0.000320,0.006411,0.076365,0.079197,1.881486,18.466827,4,0,0.000000,1,0.375973,0.707442,1,1,0,none
12.013154,0.536000,1.393000,1.522000,0.536122,1.428643,1.496378,0.536804,1.436214,1.461160,0.009501,-0.033633,0.021906,0.999149,-0.859675,0.393557,0.016520,0.001511,-0.000320,0.006411,0.043897,0.074629,-317242255964286.625000,20.515006,5,0,0.000000,1,0.347786,-nan,0,-1,0,none
12.029793,0.525000,1.398000,1.521000,0.511131,1.479116,1.473819,0.508877,1.451464,1.462419,0.009822,-0.032663,0.021657,0.999183,-0.865471,0.390703,0.017906,0.001506,-0.000331,0.006321,0.094859,0.080933,-1268952902963712.500000,20.515006,5,0,0.000000,1,0.539945,0.636503,1,-1,0,none
12.046477,0.512000,1.404000,1.521000,0.497612,1.391737,1.603028,0.495176,1.452474,1.470320,0.009856,-0.032336,0.021278,0.999202,-0.869383,0.377070,0.021609,0.001489,-0.000283,0.005214,0.084178,0.072120,6.441347,18.466827,4,0,0.000000,1,0.589267,0.988930,1,4,0,none
12.063072,0.502000,1.408000,1.521000,0.529378,1.456083,1.518947,0.484756,1.458478,1.473337,0.009520,-0.031801,0.020756,0.999233,-0.864873,0.375635,0.026731,0.001464,-0.000272,0.004867,0.055369,0.071535,-536126681139196.812500,20.515006,5,0,0.000000,1,0.336417,0.713445,1,-1,0,none
12.079690,0.492000,1.413000,1.521000,0.471457,1.438499,1.468049,0.471162,1.462390,1.473441,0.010331,-0.031806,0.021308,0.999213,-0.869061,0.372148,0.025479,0.001466,-0.000263,0.004904,0.062257,0.071662,8.393699,20.515006,5,0,0.000000,1,0.461269,0.850662,1,-1,0,none
12.096281,0.479000,1.418000,1.521000,0.450492,1.442124,1.502206,0.456785,1.466350,1.475295,0.011537,-0.031940,0.021269,0.999197,-0.875052,0.365474,0.027871,0.001466,-0.000250,0.004687,0.041808,0.070144,-1072259125455422.000000,20.515006,5,0,0.000000,1,0.439448,0.776781,1,-1,0,none
12.112951,0.468000,1.422000,1.521000,0.449119,1.486066,1.513007,0.443089,1.473264,1.477652,0.011551,-0.031268,0.021241,0.999219,-0.879425,0.364393,0.031326,0.001457,-0.000249,0.004422,0.067266,0.071607,5.820361,20.515006,5,0,0.000000,1,0.460990,0.849081,1,-1,0,none
12.129595,0.458000,1.426000,1.521000,0.439696,1.445635,1.490283,0.429465,1.476833,1.478799,0.012274,-0.030937,0.020677,0.999232,-0.882064,0.360266,0.036078,0.001452,-0.000234,0.004334,0.040793,0.071967,5.955633,20.515006,5,0,0.000000,1,0.460825,0.850295,1,-1,0,none
12.146204,0.445000,1.431000,1.521000,0.423735,1.467579,1.471064,0.416231,1.481374,1.478972,0.013235,-0.029977,0.020813,0.999246,-0.886217,0.354405,0.036806,0.001451,-0.000229,0.004393,0.065451,0.071635,-317236714413763.500000,20.515006,5,0,0.000000,1,0.388069,0.860784,1,-1,0,none
12.162765,0.434000,1.435000,1.520000,0.425980,1.522455,1.489899,0.403824,1.489395,1.480091,0.013834,-0.029415,0.020600,0.999259,-0.887444,0.353663,0.038663,0.001439,-0.000241,0.004338,0.092837,0.073906,6.048352,20.515006,5,0,0.000000,1,0.460622,0.845759,1,-1,0,none
12.196045,0.411000,1.444000,1.520000,0.406766,1.435411,1.522134,0.376828,1.496304,1.483446,0.016070,-0.027519,0.020609,0.999280,-0.887668,0.338648,0.044748,0.001421,-0.000207,0.004047,0.009811,0.072385,9.304600,18.466827,4,0,0.000000,1,0.585986,0.971324,1,4,0,none
12.212722,0.401000,1.448000,1.520000,0.411868,1.443976,1.474235,0.365635,1.497790,1.483726,0.017430,-0.026457,0.020896,0.999280,-0.881527,0.327822,0.044389,0.001406,-0.000183,0.004127,0.047210,0.071032,8.469675,20.515006,5,0,0.000000,1,0.460399,0.849206,1,-1,0,none
12.229319,0.390000,1.451000,1.520000,0.400372,1.440445,1.528380,0.355161,1.498605,1.486527,0.018792,-0.025638,0.020627,0.999282,-0.876653,0.313956,0.045990,0.001380,-0.000149,0.003828,0.017006,0.067827,1.744178,18.466827,4,0,0.000000,1,0.585997,0.970530,1,4,0,none
12.245939,0.377000,1.456000,1.520000,0.394013,1.480551,1.465714,0.344693,1.502001,1.486289,0.020151,-0.025119,0.020518,0.999271,-0.871037,0.304607,0.046479,0.001366,-0.000142,0.003994,0.061961,0.065546,3.623507,18.466827,4,0,0.000000,1,0.587091,0.963385,1,4,0,none
12.262547,0.367000,1.459000,1.520000,0.368691,1.467587,1.378664,0.333056,1.504195,1.482002,0.020875,-0.024297,0.020614,0.999274,-0.867657,0.292323,0.039352,0.001379,-0.000140,0.004746,0.141607,0.068107,2.883087,18.466827,4,0,0.000000,1,0.585789,0.775907,1,7,0,none
12.279220,0.356000,1.463000,1.520000,0.346843,1.407851,1.574919,0.320705,1.502305,1.486854,0.022212,-0.024465,0.020440,0.999245,-0.862359,0.275215,0.044025,0.001347,-0.000082,0.004109,0.078366,0.062364,10.652169,16.266236,3,0,0.000000,1,0.600472,1.124739,1,-1,2,anchor2:1-2;2-3
12.295774,0.344000,1.467000,1.520000,0.373729,1.500465,1.406541,0.311480,1.506177,1.483932,0.022193,-0.023828,0.020503,0.999259,-0.856063,0.270456,0.039265,0.001344,-0.000091,0.004703,0.121970,0.062396,-25696071399757960.000000,20.515006,5,0,0.000000,1,0.676121,1.703969,1,-1,0,none
12.329093,0.319000,1.473000,1.520000,0.304768,1.523627,1.411548,0.284843,1.515369,1.481796,0.022898,-0.023836,0.020315,0.999247,-0.853853,0.256422,0.033616,0.001356,-0.000107,0.005226,0.120530,0.066494,5.025279,18.466827,4,0,0.000000,1,0.390567,0.897789,1,2,0,none
12.378848,0.287000,1.483000,1.519000,0.301636,1.547091,1.343737,0.284843,1.515369,1.481796,0.022898,-0.023836,0.020315,0.999247,-0.853853,0.256422,0.033616,0.001356,-0.000107,0.005226,0.187187,0.049361,-16194.551986,20.515006,5,0,0.000000,1,0.592853,2.147242,0,-1,0,none
12.412189,0.267000,1.488000,1.518000,0.231183,1.469277,1.174971,0.215407,1.529832,1.468028,0.024521,-0.022778,0.020444,0.999231,-0.849668,0.219264,0.014504,0.001463,-0.000116,0.007701,0.345402,0.083120,7.350989,16.266236,3,0,0.000000,1,0.701257,1.668388,1,-1,2,anchor6:6-7;5-6
12.428825,0.257000,1.491000,1.518000,0.260900,1.525302,1.345469,0.206112,1.532644,1.461922,0.025170,-0.022583,0.020370,0.999220,-0.839155,0.209976,0.009123,0.001472,-0.000130,0.008694,0.175951,0.086421,5.078745,20.515006,5,0,0.000000,1,0.458846,0.836300,1,-1,0,none
12.445389,0.244000,1.494000,1.518000,0.260932,1.497348,1.328393,0.198200,1.532760,1.455256,0.026287,-0.022218,0.020281,0.999202,-0.829791,0.196455,0.002984,0.001483,-0.000126,0.009748,0.190391,0.086815,-228407605185597.500000,20.515006,5,0,0.000000,1,0.724583,1.390797,1,-1,0,none
12.461972,0.234000,1.496000,1.518000,0.167649,1.424178,1.572253,0.183645,1.527385,1.461103,0.027619,-0.022049,0.020045,0.999174,-0.831848,0.174139,0.010800,0.001451,-0.000036,0.008822,0.111822,0.082207,3.643626,16.266236,3,0,0.000000,1,0.597623,1.072345,1,-1,2,anchor2:1-2;2-3
12.478690,0.221000,1.498000,1.518000,0.233400,1.512767,1.385776,0.174817,1.528772,1.457563,0.027983,-0.021528,0.020380,0.999169,-0.821831,0.159529,0.007650,0.001444,-0.000038,0.009409,0.133623,0.082051,-1027837306422148.000000,20.515006,5,0,0.000000,1,0.438808,1.149585,1,-1,0,none
12.495350,0.211000,1.500000,1.518000,0.198181,1.554427,1.401546,0.164018,1.533003,1.454990,0.028216,-0.021490,0.020560,0.999159,-0.819858,0.157237,0.005941,0.001444,-0.000061,0.009845,0.129182,0.085245,7.177816,20.515006,5,0,0.000000,1,0.458490,0.832742,1,-1,0,none
12.511976,0.202000,1.502000,1.518000,0.209272,1.581451,1.440444,0.154674,1.538835,1.454452,0.028245,-0.021492,0.020785,0.999154,-0.810211,0.151851,0.007262,0.001414,-0.000090,0.009985,0.111267,0.087378,1.238914,20.515006,5,0,0.000000,1,0.458617,0.832728,1,-1,0,none
12.528497,0.192000,1.503000,1.518000,0.102678,1.580463,1.265528,0.139056,1.543811,1.445595,0.028122,-0.022368,0.020885,0.999136,-0.812033,0.146990,-0.003044,0.001513,-0.000143,0.011347,0.278785,0.098545,1.200119,16.266236,3,0,0.000000,1,0.918110,1.699937,1,-1,2,anchor7:6-7;7-0
12.545179,0.179000,1.505000,1.518000,0.171621,1.577449,1.360707,0.129116,1.548234,1.441599,0.027602,-0.022987,0.021054,0.999133,-0.804078,0.140369,-0.006535,0.001519,-0.000173,0.011977,0.173333,0.100969,4.683744,18.466827,4,0,0.000000,1,0.396872,0.684045,1,5,0,none
12.561831,0.166000,1.507000,1.518000,0.170513,1.595889,1.346710,0.119662,1.553539,1.437119,0.026496,-0.023137,0.021160,0.999157,-0.803362,0.141647,-0.013074,0.001525,-0.000212,0.012676,0.193033,0.104187,1.604391,18.466827,4,0,0.000000,1,0.381516,0.757030,1,1,0,none
12.578428,0.157000,1.508000,1.518000,0.167921,1.532694,1.384006,0.110542,1.554235,1.434466,0.025746,-0.023520,0.021179,0.999167,-0.793010,0.130691,-0.016243,0.001511,-0.000202,0.013061,0.136688,0.106179,2.519995,20.515006,5,0,0.000000,1,0.458321,0.832057,1,-1,0,none
12.595039,0.148000,1.509000,1.518000,0.056040,1.670669,1.199156,0.095247,1.563720,1.423586,0.025038,-0.024501,0.021454,0.999156,-0.798378,0.139767,-0.027903,0.001633,-0.000300,0.014709,0.369128,0.121207,2.346190,16.266236,3,0,0.000000,1,0.944224,1.731325,1,-1,2,anchor7:6-7;7-0
12.611589,0.134000,1.510000,1.518000,0.148857,1.600241,1.316089,0.086810,1.568061,1.418354,0.024332,-0.024905,0.021453,0.999163,-0.789263,0.134174,-0.033155,0.001632,-0.000326,0.015208,0.221658,0.124608,1.054691,18.466827,4,0,0.000000,1,0.381825,0.759765,1,1,0,none
12.628285,0.128000,1.510000,1.518000,0.038710,1.507586,1.087603,0.071675,1.565964,1.403078,0.024658,-0.025677,0.021209,0.999141,-0.788700,0.117927,-0.049015,0.001797,-0.000312,0.017440,0.439568,0.139684,3.790046,16.266236,3,0,0.000000,1,0.700722,1.670519,1,-1,2,anchor6:6-7;5-6
12.644897,0.115000,1.511000,1.518000,0.129296,1.551635,1.348674,0.063160,1.566795,1.399882,0.024819,-0.026511,0.021308,0.999113,-0.784367,0.109552,-0.054576,0.001773,-0.000304,0.017819,0.174719,0.140543,4.742994,18.466827,4,0,0.000000,1,0.631946,0.785099,1,3,0,none
12.661510,0.103000,1.512000,1.518000,0.032045,1.606647,1.209912,0.049638,1.570773,1.390745,0.024131,-0.027525,0.021576,0.999097,-0.785142,0.104589,-0.063334,0.001866,-0.000345,0.019096,0.330016,0.149986,1.267846,16.266236,3,0,0.000000,1,0.937347,1.730752,1,-1,2,anchor7:6-7;7-0
12.678129,0.093000,1.512000,1.518000,0.033098,1.502002,1.232759,0.036823,1.567964,1.382857,0.024075,-0.028404,0.021494,0.999075,-0.788184,0.091224,-0.070808,0.001936,-0.000308,0.020124,0.291634,0.156689,8.831444,16.266236,3,0,0.000000,1,0.701987,1.665574,1,-1,2,anchor6:6-7;5-6
12.694767,0.084000,1.513000,1.518000,-0.045034,1.642040,1.196177,0.019769,1.573791,1.373737,0.023649,-0.029528,0.021414,0.999055,-0.799461,0.092054,-0.078837,0.002059,-0.000374,0.021359,0.369961,0.169213,11.233476,16.266236,3,0,0.000000,1,0.953865,1.762144,1,-1,2,anchor7:6-7;7-0
12.711436,0.071000,1.513000,1.518000,-0.009068,1.627907,1.180739,0.005614,1.578405,1.364275,0.023797,-0.030111,0.021463,0.999033,-0.805798,0.091506,-0.086635,0.002147,-0.000422,0.022639,0.365185,0.179400,1.610672,16.266236,3,0,0.000000,1,0.949470,1.749665,1,-1,2,anchor7:6-7;7-0
12.728008,0.061000,1.513000,1.518000,-0.044838,1.665928,1.154236,-0.010008,1.585058,1.354010,0.023245,-0.030536,0.021620,0.999029,-0.814456,0.090780,-0.096230,0.002273,-0.000475,0.024034,0.408550,0.192684,1.390319,16.266236,3,0,0.000000,1,0.963207,1.768978,1,-1,2,anchor7:6-7;7-0
12.761299,0.038000,1.513000,1.518000,-0.108419,1.619659,1.227821,-0.041306,1.589740,1.345476,0.021223,-0.031302,0.021296,0.999058,-0.826931,0.081271,-0.103434,0.002376,-0.000503,0.024868,0.342080,0.204800,1.766288,16.266236,3,0,0.000000,1,0.954640,1.777784,1,-1,2,anchor7:6-7;7-0
12.794561,0.016000,1.512000,1.517000,0.022526,1.548280,1.426073,-0.041306,1.589740,1.345476,0.021223,-0.031302,0.021296,0.999058,-0.826931,0.081271,-0.103434,0.002376,-0.000503,0.024868,0.098115,0.196845,-57102566277367.875000,20.515006,5,0,0.000000,1,0.455134,3.114681,0,-1,0,none
12.811072,0.006000,1.512000,1.517000,-0.050251,1.609860,1.265538,-0.079859,1.594524,1.336760,0.018695,-0.032291,0.021040,0.999082,-0.837928,0.072216,-0.112899,0.002384,-0.000517,0.025430,0.275633,0.216029,0.191687,16.266236,3,0,0.000000,1,0.940402,1.754122,1,-1,2,anchor7:6-7;7-0
12.827693,-0.003000,1.511000,1.517000,-0.099302,1.655318,1.191400,-0.093858,1.599741,1.328325,0.017443,-0.031821,0.021008,0.999121,-0.843266,0.075629,-0.120898,0.002429,-0.000565,0.026490,0.368941,0.227439,1.068499,16.266236,3,0,0.000000,1,0.963624,1.782590,1,-1,2,anchor7:6-7;7-0
12.844380,-0.016000,1.510000,1.517000,-0.028723,1.537670,1.389974,-0.102181,1.596623,1.329260,0.016838,-0.030930,0.020710,0.999165,-0.835286,0.064220,-0.116831,0.002342,-0.000515,0.026031,0.130626,0.224002,-1833627763974389.000000,20.515006,5,0,0.000000,1,0.403652,0.670528,1,-1,0,none
12.860983,-0.026000,1.509000,1.517000,-0.084133,1.601814,1.248370,-0.113832,1.597929,1.323769,0.016193,-0.030258,0.020489,0.999201,-0.838223,0.065738,-0.120831,0.002354,-0.000517,0.026602,0.290097,0.230133,2.378903,16.266236,3,0,0.000000,1,0.946110,1.765618,1,-1,2,anchor7:6-7;7-0
12.877683,-0.039000,1.508000,1.517000,-0.127732,1.543479,1.261539,-0.127817,1.595230,1.319005,0.015917,-0.030122,0.020156,0.999216,-0.837953,0.056026,-0.123134,0.002381,-0.000477,0.027012,0.272750,0.233879,8.213582,16.266236,3,0,0.000000,1,0.702739,1.659430,1,-1,2,anchor6:6-7;5-6
12.894192,-0.049000,1.507000,1.517000,-0.149525,1.647501,1.164969,-0.141803,1.599497,1.310334,0.015398,-0.030309,0.020244,0.999217,-0.841748,0.060686,-0.129519,0.002431,-0.000490,0.028111,0.392137,0.244701,5.201104,16.266236,3,0,0.000000,1,0.973529,1.800983,1,-1,2,anchor7:6-7;7-0
12.910850,-0.059000,1.507000,1.516000,-0.140062,1.620655,1.235591,-0.154537,1.601741,1.305027,0.014821,-0.030872,0.020395,0.999205,-0.842529,0.060978,-0.134205,0.002424,-0.000514,0.028626,0.313238,0.250226,3.120476,16.266236,3,0,0.000000,1,0.957848,1.787899,1,-1,2,anchor7:6-7;7-0
12.927527,-0.069000,1.506000,1.516000,-0.121721,1.597811,1.272570,-0.160669,1.602137,1.302275,0.014495,-0.030887,0.020041,0.999217,-0.839614,0.058601,-0.136531,0.002393,-0.000479,0.028837,0.265456,0.251642,0.545731,16.266236,3,0,0.000000,1,0.946964,1.775769,1,-1,2,anchor7:6-7;7-0
12.944107,-0.082000,1.505000,1.516000,-0.194606,1.682967,1.114656,-0.175117,1.608016,1.292218,0.013911,-0.031267,0.020129,0.999212,-0.843906,0.064562,-0.145234,0.002462,-0.000518,0.030112,0.453243,0.263366,0.840078,16.266236,3,0,0.000000,1,0.993058,1.826268,1,-1,2,anchor7:6-7;7-0
12.977342,-0.105000,1.502000,1.516000,-0.068205,1.516448,1.443960,-0.193911,1.603913,1.294368,0.013535,-0.029565,0.020264,0.999266,-0.832426,0.045327,-0.137261,0.002304,-0.000457,0.029013,0.082173,0.259639,-25378864609523.500000,20.515006,5,0,0.000000,1,0.470273,0.781946,1,-1,0,none
12.993991,-0.115000,1.501000,1.516000,-0.104184,1.565179,1.429099,-0.200778,1.602139,1.298138,0.013062,-0.028733,0.020368,0.999294,-0.824979,0.041215,-0.130717,0.002176,-0.000431,0.028067,0.108572,0.255051,8.537540,20.515006,5,0,0.000000,1,0.458321,0.848223,1,-1,0,none
13.027221,-0.135000,1.499000,1.516000,-0.110521,1.537846,1.432865,-0.219496,1.599049,1.300139,0.013137,-0.027204,0.019914,0.999345,-0.810432,0.031688,-0.124765,0.002033,-0.000389,0.027070,0.094972,0.252478,6.469354,18.466827,4,0,0.000000,1,0.396169,0.667681,1,5,0,none
13.060491,-0.159000,1.496000,1.516000,-0.188935,1.627635,1.414856,-0.242085,1.602084,1.301651,0.014669,-0.026400,0.020476,0.999334,-0.808582,0.030625,-0.117203,0.001934,-0.000407,0.026212,0.168683,0.253185,3.480247,18.466827,4,0,0.000000,1,0.383608,0.810593,1,1,0,none
13.077181,-0.172000,1.494000,1.515000,-0.179995,1.527785,1.477279,-0.242085,1.602084,1.301651,0.014669,-0.026400,0.020476,0.999334,-0.808582,0.030625,-0.117203,0.001934,-0.000407,0.026212,0.051266,0.249223,-22384145044156928.000000,20.515006,5,0,0.000000,1,2.246011,0.805930,0,-1,0,none
13.110335,-0.195000,1.491000,1.516000,-0.172223,1.542091,1.395601,-0.273240,1.598699,1.300896,0.017156,-0.025044,0.020385,0.999331,-0.798727,0.018089,-0.107494,0.001805,-0.000367,0.025426,0.132759,0.252963,7.875107,20.515006,5,0,0.000000,1,0.458776,0.852320,1,-1,0,none
13.126961,-0.205000,1.489000,1.516000,-0.326968,1.619639,1.192248,-0.289248,1.600493,1.293971,0.017899,-0.025219,0.020247,0.999317,-0.804878,0.018940,-0.112578,0.001893,-0.000379,0.026254,0.369808,0.262346,5.563764,16.266236,3,0,0.000000,1,0.991111,1.854350,1,-1,2,anchor7:6-7;7-0
13.143652,-0.215000,1.488000,1.516000,-0.183931,1.463306,1.414765,-0.293525,1.590438,1.297918,0.019344,-0.024471,0.019973,0.999314,-0.791378,-0.006198,-0.105984,0.001749,-0.000294,0.025276,0.108736,0.253416,4.243300,18.466827,4,0,0.000000,1,0.554658,0.881861,1,4,0,none
13.160244,-0.226000,1.485000,1.516000,-0.284964,1.590940,1.222565,-0.304982,1.590307,1.292675,0.019517,-0.024274,0.020238,0.999310,-0.789398,-0.008873,-0.108041,0.001779,-0.000295,0.025833,0.317496,0.259233,3.703589,16.266236,3,0,0.000000,1,0.975966,1.833152,1,-1,2,anchor7:6-7;7-0
13.176779,-0.239000,1.483000,1.516000,-0.241211,1.501845,1.418023,-0.311936,1.583802,1.296870,0.019877,-0.024298,0.020016,0.999307,-0.778242,-0.026500,-0.102844,0.001661,-0.000242,0.024871,0.099798,0.251989,4.108437,18.466827,4,0,0.000000,1,0.394724,0.658759,1,5,0,none
13.210134,-0.262000,1.479000,1.516000,-0.205991,1.506877,1.489113,-0.327775,1.577309,1.302812,0.020966,-0.024670,0.019966,0.999276,-0.764123,-0.041086,-0.093170,0.001465,-0.000194,0.023369,0.068096,0.243804,0.756081,18.466827,4,0,0.000000,1,0.556665,0.877433,1,4,0,none
13.226737,-0.272000,1.477000,1.516000,-0.245857,1.512566,1.385320,-0.333403,1.571895,1.305187,0.021266,-0.024405,0.020062,0.999275,-0.753543,-0.057880,-0.090399,0.001362,-0.000157,0.022725,0.137933,0.239202,-8222746330009606.000000,20.515006,5,0,0.000000,1,0.528462,0.889431,1,-1,0,none
13.243331,-0.282000,1.474000,1.516000,-0.293630,1.505341,1.471623,-0.341578,1.566296,1.311616,0.020932,-0.024002,0.019714,0.999298,-0.749898,-0.074320,-0.083943,0.001228,-0.000117,0.021464,0.055559,0.232036,4.425549,20.515006,5,0,0.000000,1,0.459974,0.861542,1,-1,0,none
13.259885,-0.295000,1.472000,1.516000,-0.293732,1.496033,1.445415,-0.349323,1.560237,1.316497,0.020149,-0.023279,0.019397,0.999338,-0.742017,-0.089010,-0.077611,0.001114,-0.000077,0.020467,0.074575,0.224807,2.681147,18.466827,4,0,0.000000,1,0.550551,0.861575,1,4,0,none
13.276590,-0.305000,1.469000,1.516000,-0.276770,1.489663,1.402579,-0.355469,1.553974,1.319165,0.020131,-0.022302,0.019044,0.999367,-0.730286,-0.099128,-0.071793,0.001019,-0.000040,0.019818,0.118694,0.220254,8.777834,20.515006,5,0,0.000000,1,0.459975,0.860107,1,-1,0,none
13.293206,-0.316000,1.467000,1.516000,-0.289143,1.507523,1.417145,-0.362080,1.549335,1.322474,0.020578,-0.021331,0.018938,0.999381,-0.724576,-0.106774,-0.069122,0.000921,-0.000014,0.019103,0.110162,0.215301,4.415142,20.515006,5,0,0.000000,1,0.459953,0.859665,1,-1,0,none
13.309816,-0.329000,1.464000,1.516000,-0.279193,1.462244,1.368088,-0.366974,1.541794,1.323345,0.021157,-0.020113,0.018786,0.999397,-0.710026,-0.124985,-0.066677,0.000849,0.000026,0.018749,0.156083,0.211210,7.653154,18.466827,4,0,0.000000,1,0.549705,0.678783,1,7,0,none
13.326453,-0.335000,1.462000,1.516000,-0.375055,1.531607,1.245810,-0.378004,1.539151,1.318859,0.021499,-0.019275,0.018717,0.999408,-0.709081,-0.128026,-0.068662,0.000898,0.000023,0.019283,0.281872,0.216024,9.286563,16.266236,3,0,0.000000,1,0.977076,1.851558,1,-1,2,anchor7:6-7;7-0
13.359750,-0.361000,1.454000,1.515000,-0.358270,1.508430,1.364639,-0.378004,1.539151,1.318859,0.021499,-0.019275,0.018717,0.999408,-0.709081,-0.128026,-0.068662,0.000898,0.000023,0.019283,0.159933,0.214502,-12690157750271.500000,20.515006,5,0,0.000000,1,5113418838225440.000000,6860371271820050.000000,0,-1,0,none
13.392915,-0.385000,1.448000,1.515000,-0.346973,1.522549,1.334555,-0.418312,1.529412,1.315465,0.022448,-0.017461,0.018901,0.999417,-0.690275,-0.156660,-0.060235,0.000845,0.000028,0.019125,0.198907,0.218064,0.959833,18.466827,4,0,0.000000,1,0.380803,0.828911,1,1,0,none
13.409556,-0.395000,1.445000,1.515000,-0.342626,1.473649,1.405526,-0.422800,1.522876,1.318818,0.022225,-0.016620,0.018910,0.999436,-0.678096,-0.171428,-0.055801,0.000737,0.000060,0.018407,0.124693,0.212896,1.918064,20.515006,5,0,0.000000,1,0.460893,0.863220,1,-1,0,none
13.426206,-0.405000,1.441000,1.515000,-0.350771,1.444126,1.427226,-0.427679,1.514441,1.323020,0.022246,-0.016108,0.019026,0.999442,-0.665508,-0.188078,-0.051225,0.000619,0.000103,0.017563,0.103222,0.206795,-513923096496376.375000,20.515006,5,0,0.000000,1,0.627852,0.973895,1,-1,0,none
13.459437,-0.428000,1.434000,1.515000,-0.394294,1.471129,1.429687,-0.444929,1.505492,1.326631,0.022108,-0.016968,0.018559,0.999439,-0.656848,-0.200885,-0.048269,0.000513,0.000129,0.016716,0.098960,0.202190,4.512003,20.515006,5,0,0.000000,1,0.461598,0.865210,1,-1,0,none
13.476057,-0.438000,1.430000,1.515000,-0.370229,1.501022,1.395826,-0.448986,1.502272,1.329215,0.021879,-0.017143,0.018681,0.999439,-0.644398,-0.206869,-0.045230,0.000425,0.000136,0.016187,0.154400,0.199650,0.234857,18.466827,4,0,0.000000,1,0.396221,1.016718,1,2,0,none
13.492716,-0.451000,1.426000,1.515000,-0.413381,1.470456,1.358805,-0.455999,1.496808,1.329854,0.021939,-0.017167,0.018730,0.999436,-0.638845,-0.216050,-0.044779,0.000382,0.000150,0.015949,0.166699,0.198288,12.648586,20.515006,5,0,0.000000,1,0.462009,0.863929,1,-1,0,none
13.509309,-0.461000,1.422000,1.515000,-0.451666,1.445099,1.441938,-0.465487,1.489822,1.334423,0.021734,-0.016680,0.018384,0.999456,-0.636627,-0.230568,-0.039743,0.000292,0.000180,0.015102,0.077193,0.192946,-422979464749051.125000,20.515006,5,0,0.000000,1,0.360592,0.861915,1,-1,0,none
13.525981,-0.471000,1.418000,1.515000,-0.443486,1.432579,1.346876,-0.473727,1.482115,1.334299,0.021492,-0.016140,0.018138,0.999474,-0.630725,-0.243855,-0.038882,0.000268,0.000202,0.014988,0.170983,0.191757,2.629867,20.515006,5,0,0.000000,1,0.462986,0.866872,1,-1,0,none
13.542519,-0.484000,1.413000,1.515000,-0.483478,1.443857,1.433631,-0.483726,1.475925,1.338304,0.021464,-0.015751,0.017831,0.999487,-0.629200,-0.251516,-0.033605,0.000197,0.000225,0.014257,0.087024,0.187566,-6097280967967746.000000,20.515006,5,0,0.000000,1,0.344767,0.846544,1,-1,0,none
13.559196,-0.494000,1.410000,1.515000,-0.465653,1.469932,1.386251,-0.491955,1.471787,1.339993,0.021459,-0.015147,0.017673,0.999499,-0.624758,-0.253726,-0.029283,0.000152,0.000230,0.013911,0.144816,0.185605,4.400265,18.466827,4,0,0.000000,1,0.378881,0.843892,1,1,0,none
13.575803,-0.507000,1.405000,1.515000,-0.469723,1.402350,1.396347,-0.499920,1.463213,1.342009,0.021669,-0.014654,0.017359,0.999507,-0.615980,-0.266546,-0.025406,0.000099,0.000259,0.013486,0.124399,0.182660,3.593563,20.515006,5,0,0.000000,1,0.463768,0.870436,1,-1,0,none
13.592433,-0.517000,1.401000,1.515000,-0.453608,1.440332,1.424558,-0.506316,1.457610,1.345275,0.021724,-0.013986,0.017229,0.999518,-0.608782,-0.273760,-0.021472,0.000021,0.000274,0.012897,0.117240,0.179235,0.235816,18.466827,4,0,0.000000,1,0.394161,1.036171,1,2,0,none
13.609047,-0.526000,1.397000,1.515000,-0.451238,1.400385,1.341514,-0.511652,1.449754,1.344653,0.021609,-0.013000,0.017216,0.999534,-0.601779,-0.281659,-0.022529,-0.000002,0.000292,0.012897,0.188939,0.178905,-4289009257718770.500000,20.515006,5,0,0.000000,1,0.455079,0.641665,1,-1,0,none
13.642337,-0.549000,1.387000,1.515000,-0.510767,1.407490,1.412881,-0.529834,1.438140,1.347079,0.020788,-0.011447,0.016723,0.999579,-0.589113,-0.294140,-0.016753,-0.000060,0.000311,0.012393,0.110950,0.176579,-1072259649381374.000000,20.515006,5,0,0.000000,1,0.524373,0.761406,1,-1,0,none
13.675530,-0.572000,1.377000,1.515000,-0.537456,1.402470,1.456250,-0.548007,1.426787,1.351732,0.020549,-0.011018,0.016554,0.999591,-0.578981,-0.305393,-0.005922,-0.000142,0.000332,0.011582,0.072757,0.172368,0.632460,18.466827,4,0,0.000000,1,0.376296,0.853076,1,1,0,none
13.692124,-0.581000,1.372000,1.515000,-0.524704,1.368270,1.432019,-0.554963,1.418209,1.355307,0.020765,-0.011542,0.016446,0.999582,-0.572930,-0.315033,-0.001215,-0.000213,0.000360,0.010980,0.100344,0.168270,3.859767,18.466827,4,0,0.000000,1,0.388849,0.642484,1,5,0,none
13.708792,-0.594000,1.367000,1.515000,-0.572703,1.405735,1.478747,-0.564862,1.412713,1.360997,0.020679,-0.012141,0.016203,0.999581,-0.569913,-0.320925,0.005961,-0.000294,0.000375,0.010097,0.057169,0.163265,3.019825,20.515006,5,0,0.000000,1,0.465617,0.873364,1,-1,0,none
13.725471,-0.604000,1.362000,1.516000,-0.555705,1.381340,1.398817,-0.572932,1.405697,1.362784,0.020711,-0.012299,0.015935,0.999583,-0.569100,-0.326294,0.007928,-0.000327,0.000388,0.009820,0.128212,0.162326,5.574902,20.515006,5,0,0.000000,1,0.465775,0.872740,1,-1,0,none
13.742065,-0.614000,1.358000,1.516000,-0.594872,1.385569,1.475675,-0.583282,1.399385,1.368004,0.020537,-0.012264,0.015879,0.999588,-0.570310,-0.333588,0.011624,-0.000398,0.000403,0.009027,0.052460,0.156714,2.888255,18.466827,4,0,0.000000,1,0.389787,0.647997,1,5,0,none
13.758649,-0.627000,1.352000,1.516000,-0.547066,1.376733,1.490127,-0.589274,1.393039,1.373595,0.019811,-0.011683,0.016044,0.999607,-0.560109,-0.341462,0.017223,-0.000493,0.000420,0.008170,0.087582,0.152927,-5075766473596928.000000,20.515006,5,0,0.000000,1,0.445633,0.748230,1,-1,0,none
13.775283,-0.636000,1.347000,1.516000,-0.641965,1.372038,1.383798,-0.601183,1.386533,1.374294,0.018836,-0.011297,0.015770,0.999634,-0.568352,-0.344586,0.013848,-0.000485,0.000426,0.008102,0.134684,0.151181,4.394198,18.466827,4,0,0.000000,1,0.388726,0.651280,1,5,0,none
13.791986,-0.645000,1.343000,1.515000,-0.635533,1.322964,1.431989,-0.612092,1.377150,1.376984,0.018775,-0.011053,0.015411,0.999644,-0.565545,-0.355139,0.014272,-0.000514,0.000450,0.007693,0.085918,0.145937,2.894761,20.515006,5,0,0.000000,1,0.468603,0.878103,1,-1,0,none
13.808542,-0.658000,1.336000,1.515000,-0.628471,1.359425,1.451518,-0.621838,1.370601,1.380453,0.018375,-0.010729,0.015602,0.999652,-0.563874,-0.360233,0.016399,-0.000557,0.000461,0.007187,0.073829,0.143554,-14618249229026300.000000,20.515006,5,0,0.000000,1,0.532929,0.818315,1,-1,0,none
13.841774,-0.678000,1.326000,1.515000,-0.671085,1.284539,1.463684,-0.642321,1.353772,1.384615,0.017412,-0.009964,0.015059,0.999685,-0.561737,-0.377481,0.021485,-0.000599,0.000494,0.006587,0.066334,0.138002,2.497404,18.466827,4,0,0.000000,1,0.518045,0.826945,1,4,0,none
13.875034,-0.698000,1.315000,1.514000,-0.652681,1.331208,1.499425,-0.660229,1.340683,1.390576,0.017556,-0.009184,0.014819,0.999694,-0.552768,-0.383808,0.027103,-0.000671,0.000507,0.005761,0.050289,0.131605,2.401815,18.466827,4,0,0.000000,1,0.642007,1.098763,1,0,0,none
13.908265,-0.720000,1.303000,1.514000,-0.705361,1.340849,1.427277,-0.680122,1.329154,1.393266,0.018574,-0.008243,0.014522,0.999688,-0.552556,-0.386239,0.032894,-0.000681,0.000505,0.005507,0.095748,0.129811,-1268943230476798.000000,20.515006,5,0,0.000000,1,0.391225,0.716138,1,-1,0,none
13.924974,-0.729000,1.299000,1.514000,-0.749680,1.289377,1.460251,-0.693386,1.320554,1.396923,0.019453,-0.007872,0.014543,0.999674,-0.554329,-0.395537,0.039325,-0.000697,0.000523,0.005020,0.058389,0.124257,1.619902,20.515006,5,0,0.000000,1,0.472261,0.880810,1,-1,0,none
13.941563,-0.741000,1.292000,1.514000,-0.744100,1.313709,1.426689,-0.705303,1.314100,1.398946,0.020043,-0.007657,0.014614,0.999663,-0.552568,-0.401138,0.042387,-0.000696,0.000526,0.004817,0.090022,0.122475,4.068756,20.515006,5,0,0.000000,1,0.471627,0.877864,1,-1,0,none
13.958182,-0.751000,1.287000,1.515000,-0.697642,1.302782,1.487598,-0.713245,1.307204,1.403706,0.020703,-0.007433,0.014409,0.999654,-0.546378,-0.408461,0.049061,-0.000751,0.000532,0.004185,0.062025,0.119247,11.753532,20.515006,5,0,0.000000,1,0.470518,0.881193,1,-1,0,none
13.974763,-0.761000,1.282000,1.514000,-0.759816,1.308985,1.433969,-0.724455,1.301339,1.405839,0.020958,-0.007464,0.014191,0.999652,-0.550725,-0.411683,0.049251,-0.000752,0.000531,0.003986,0.084466,0.115795,1.949628,20.515006,5,0,0.000000,1,0.472159,0.878255,1,-1,0,none
13.991378,-0.771000,1.274000,1.514000,-0.735568,1.285908,1.416033,-0.733417,1.294113,1.407035,0.021258,-0.006832,0.014338,0.999648,-0.547731,-0.420142,0.049465,-0.000756,0.000535,0.003918,0.104856,0.115145,1.194407,18.466827,4,0,0.000000,1,0.409670,0.842664,1,6,0,none
14.008111,-0.781000,1.269000,1.514000,-0.743645,1.270472,1.445501,-0.742354,1.286158,1.409522,0.021506,-0.006294,0.014267,0.999647,-0.539906,-0.427201,0.052955,-0.000775,0.000543,0.003651,0.078036,0.112710,-317229762355197.000000,20.515006,5,0,0.000000,1,0.586110,0.906606,1,-1,0,none
14.024679,-0.791000,1.264000,1.514000,-0.758850,1.261372,1.444449,-0.751694,1.277997,1.411866,0.021779,-0.006241,0.013993,0.999645,-0.537439,-0.432143,0.051916,-0.000790,0.000551,0.003412,0.076668,0.110327,9.058738,20.515006,5,0,0.000000,1,0.473175,0.882456,1,-1,0,none
14.057888,-0.811000,1.251000,1.514000,-0.759291,1.265228,1.371463,-0.768255,1.263822,1.411658,0.022463,-0.007357,0.014153,0.999620,-0.525181,-0.442687,0.050004,-0.000773,0.000549,0.003709,0.152292,0.111649,2.642534,20.515006,5,0,0.000000,1,0.473253,0.880203,1,-1,0,none
14.074502,-0.820000,1.245000,1.514000,-0.783864,1.228298,1.474532,-0.777224,1.254718,1.415180,0.022081,-0.006991,0.014228,0.999631,-0.523969,-0.454708,0.050980,-0.000802,0.000562,0.003257,0.056058,0.108118,-4229622694566.023438,20.515006,5,0,0.000000,1,0.381779,0.875465,1,-1,0,none
14.091220,-0.831000,1.238000,1.514000,-0.860940,1.236974,1.457074,-0.789836,1.247408,1.417734,0.021457,-0.006897,0.013796,0.999651,-0.526035,-0.460920,0.054328,-0.000833,0.000574,0.003053,0.064328,0.105119,1.189553,18.466827,4,0,0.000000,1,0.505570,0.718656,1,7,0,none
14.107776,-0.841000,1.232000,1.514000,-0.855838,1.230671,1.400474,-0.802258,1.239136,1.417826,0.020854,-0.006785,0.013600,0.999667,-0.528439,-0.467753,0.052390,-0.000801,0.000578,0.003185,0.114500,0.103929,-48778127805120528.000000,20.515006,5,0,0.000000,1,0.324634,1.186950,1,-1,0,none
14.124399,-0.849000,1.226000,1.514000,-0.793806,1.197409,1.515412,-0.809527,1.229552,1.422856,0.020979,-0.006770,0.013459,0.999666,-0.521982,-0.473998,0.056369,-0.000852,0.000594,0.002510,0.062176,0.099387,-2290438702326775.000000,20.515006,5,0,0.000000,1,0.459219,1.239858,1,-1,0,none
14.140996,-0.860000,1.218000,1.514000,-0.764683,1.189477,1.567444,-0.814417,1.219921,1.429908,0.021267,-0.006701,0.013473,0.999661,-0.509527,-0.484204,0.063584,-0.000937,0.000609,0.001502,0.112939,0.095671,6.425621,16.266236,3,0,0.000000,1,0.935744,1.889521,1,-1,2,anchor7:6-7;7-0
14.157675,-0.869000,1.212000,1.514000,-0.888132,1.206213,1.503919,-0.826875,1.211666,1.434072,0.021331,-0.007517,0.013364,0.999655,-0.512671,-0.491129,0.066334,-0.000942,0.000614,0.001008,0.022387,0.090350,5.898047,20.515006,5,0,0.000000,1,0.478472,0.887070,1,-1,0,none
14.174247,-0.880000,1.204000,1.513000,-0.884741,1.222115,1.483670,-0.838442,1.204785,1.437273,0.021613,-0.008010,0.013355,0.999645,-0.516332,-0.491051,0.068988,-0.000941,0.000608,0.000699,0.034797,0.086384,0.627747,18.466827,4,0,0.000000,1,0.383546,0.677413,1,5,0,none
14.190876,-0.889000,1.198000,1.514000,-0.916055,1.183867,1.410451,-0.850899,1.196148,1.437168,0.021727,-0.008092,0.013273,0.999643,-0.518721,-0.499557,0.067849,-0.000902,0.000614,0.000892,0.107954,0.085780,-7930889145188346.000000,20.515006,5,0,0.000000,1,0.673013,0.899364,1,-1,0,none
14.207509,-0.898000,1.192000,1.514000,-0.909872,1.200564,1.455463,-0.862297,1.188917,1.438999,0.021843,-0.008362,0.013159,0.999640,-0.519533,-0.502864,0.069277,-0.000887,0.000610,0.000792,0.060340,0.083123,3.887556,20.515006,5,0,0.000000,1,0.479435,0.885355,1,-1,0,none
14.224201,-0.909000,1.184000,1.514000,-0.885091,1.226956,1.476429,-0.871572,1.183610,1.441699,0.022028,-0.008605,0.013009,0.999636,-0.516946,-0.504693,0.073002,-0.000892,0.000591,0.000572,0.061875,0.081415,-1535427515383807.500000,20.515006,5,0,0.000000,1,0.533086,0.857757,1,-1,0,none
14.240743,-0.917000,1.177000,1.514000,-0.804444,1.160547,1.643678,-0.875312,1.174512,1.451303,0.022713,-0.008465,0.012916,0.999623,-0.502559,-0.515589,0.085165,-0.000994,0.000593,-0.000754,0.172499,0.075333,5.637668,16.266236,3,0,0.000000,1,0.925489,1.893617,1,-1,2,anchor7:6-7;7-0
14.257405,-0.926000,1.171000,1.514000,-0.907603,1.188889,1.487430,-0.875312,1.174512,1.451303,0.022713,-0.008465,0.012916,0.999623,-0.502559,-0.515589,0.085165,-0.000994,0.000593,-0.000754,0.036938,0.080700,-30467346711707644.000000,20.515006,5,0,0.000000,1,2.209677,0.857476,0,-1,0,none
14.290610,-0.944000,1.156000,1.514000,-0.836071,1.136266,1.581194,-0.895488,1.147826,1.461116,0.023023,-0.009625,0.012980,0.999604,-0.484640,-0.534177,0.092760,-0.001073,0.000594,-0.001660,0.128659,0.072229,13.125472,16.266236,3,0,0.000000,1,0.936913,1.897907,1,-1,2,anchor7:6-7;7-0
14.323872,-0.961000,1.144000,1.514000,-0.922543,1.137272,1.545513,-0.912323,1.130514,1.468001,0.021528,-0.010036,0.012556,0.999639,-0.481668,-0.544328,0.097749,-0.001099,0.000588,-0.002243,0.050172,0.068317,4.841087,18.466827,4,0,0.000000,1,0.387745,0.685386,1,5,0,none
14.340472,-0.971000,1.135000,1.514000,-0.868369,1.116464,1.680856,-0.913294,1.125217,1.478347,0.020909,-0.009599,0.012619,0.999656,-0.475754,-0.546622,0.106378,-0.001203,0.000583,-0.003760,0.196767,0.068533,5.837688,16.266236,3,0,0.000000,1,0.922925,1.901737,1,-1,2,anchor7:6-7;7-0
14.357087,-0.979000,1.128000,1.514000,-0.958433,1.185526,1.550528,-0.917187,1.128062,1.481720,0.020565,-0.009907,0.012621,0.999660,-0.480587,-0.539148,0.109845,-0.001209,0.000556,-0.004234,0.071180,0.069734,3.584788,18.466827,4,0,0.000000,1,0.414865,1.135210,1,2,0,none
14.373774,-0.991000,1.120000,1.514000,-0.967703,1.123119,1.471887,-0.967703,1.123119,1.471887,0.020565,-0.009907,0.012621,0.999660,0.000000,0.000000,0.000000,-0.001209,0.000556,-0.004234,0.048229,0.048229,2.766220,18.466827,4,0,0.000000,1,0.390515,0.686995,1,5,0,none
14.390374,-0.999000,1.113000,1.514000,-0.974871,1.115660,1.441572,-0.967703,1.123119,1.471887,0.020565,-0.009907,0.012621,0.999660,0.000000,0.000000,0.000000,-0.001209,0.000556,-0.004234,0.076388,0.053436,-456818595725308.875000,20.515006,5,0,0.000000,1,2.259756,0.750575,0,-1,0,none
14.406975,-1.010000,1.104000,1.514000,-0.986130,1.065414,1.533098,-0.977346,1.092916,1.503826,0.020146,-0.009396,0.012587,0.999674,-0.024897,-0.088217,0.081882,-0.001209,0.000556,-0.004234,0.049228,0.035954,12.170948,18.466827,4,0,0.000000,1,0.493559,0.746243,1,7,0,none
14.423581,-1.016000,1.099000,1.514000,-0.969050,1.090818,1.606584,-0.974494,1.091487,1.541666,0.015987,-0.007103,0.012411,0.999770,-0.012642,-0.093281,0.201405,-0.001210,0.000558,-0.004246,0.104130,0.050444,8.935749,20.515006,5,0,0.000000,1,0.484267,0.899988,1,-1,0,none
14.440280,-1.026000,1.090000,1.513000,-0.904994,1.025742,1.729126,-0.955454,1.071007,1.596750,0.021151,-0.005680,0.011460,0.999694,0.069605,-0.165302,0.414500,-0.001234,0.000575,-0.004311,0.255895,0.111138,5.355057,16.266236,3,0,0.000000,1,0.910133,1.889600,1,-1,2,anchor7:6-7;7-0
14.456887,-1.036000,1.081000,1.513000,-0.792853,0.857193,2.192487,-0.955454,1.071007,1.596750,0.021151,-0.005680,0.011460,0.999694,0.069605,-0.165302,0.414500,-0.001234,0.000575,-0.004311,0.755588,0.116626,2.009167,13.815511,2,0,0.000000,1,1.937812,4.252720,0,2,2,anchor7:6-7;7-0
14.473522,-1.044000,1.073000,1.513000,-0.910914,1.050627,1.673948,-0.941349,1.061699,1.627879,0.021307,-0.001976,0.012146,0.999697,0.144019,-0.199422,0.506568,-0.001295,0.000594,-0.004407,0.210040,0.154473,6.111459,16.266236,3,0,0.000000,1,0.922267,1.897553,1,-1,2,anchor7:6-7;7-0
14.490174,-1.055000,1.065000,1.513000,-0.811378,0.967047,1.642032,-0.908511,1.036655,1.637012,0.025561,0.004650,0.011973,0.999591,0.320794,-0.325289,0.513697,-0.001453,0.000713,-0.004420,0.292567,0.194014,3.260031,13.815511,2,0,0.000000,1,0.803187,1.714202,1,1,2,anchor7:6-7;7-0
14.523400,-1.071000,1.050000,1.513000,-1.067383,1.036272,1.477641,-0.939329,1.027894,1.610848,0.029078,0.002758,0.008076,0.999541,0.103305,-0.325947,0.275407,-0.001013,0.000679,-0.003962,0.038102,0.165530,2.106746,18.466827,4,0,0.000000,1,0.397972,0.696226,1,5,0,none
14.540065,-1.079000,1.044000,1.513000,-1.060175,1.027569,1.507256,-0.964504,1.023213,1.591686,0.030393,0.002023,0.006291,0.999516,-0.032822,-0.330724,0.150709,-0.000719,0.000662,-0.003702,0.025639,0.140474,2.610829,18.466827,4,0,0.000000,1,0.397815,0.696895,1,5,0,none
14.556551,-1.089000,1.034000,1.513000,-0.945183,0.979942,1.610033,-0.961040,1.010306,1.597271,0.030387,0.002560,0.006448,0.999514,-0.007733,-0.376288,0.167870,-0.000764,0.000753,-0.003743,0.181717,0.155038,6.154896,16.266236,3,0,0.000000,1,0.928937,1.889483,1,-1,2,anchor7:6-7;7-0
14.573260,-1.097000,1.027000,1.513000,-1.100637,1.001286,1.496416,-0.987047,1.003636,1.580686,0.031207,0.001954,0.005347,0.999497,-0.132009,-0.389089,0.072239,-0.000420,0.000758,-0.003487,0.030814,0.131213,1.662115,18.466827,4,0,0.000000,1,0.400684,0.699710,1,5,0,none
14.589848,-1.105000,1.020000,1.513000,-1.056563,1.028788,1.458675,-1.001009,1.002781,1.560147,0.032473,-0.000024,0.003861,0.999465,-0.188758,-0.368415,-0.035121,-0.000251,0.000678,-0.003152,0.073311,0.115471,13.358421,20.515006,5,0,0.000000,1,0.489633,0.897280,1,-1,0,none
14.606474,-1.115000,1.011000,1.513000,-1.114436,1.057552,1.366581,-1.022805,1.006627,1.527379,0.033809,-0.002545,0.002037,0.999423,-0.271257,-0.326434,-0.192058,0.000054,0.000512,-0.002578,0.153642,0.093412,2.321239,20.515006,5,0,0.000000,1,0.491636,0.890628,1,-1,0,none
14.623090,-1.122000,1.003000,1.514000,-1.099697,1.038309,1.582690,-1.038658,1.007278,1.533763,0.034558,-0.002331,0.001505,0.999399,-0.316083,-0.307430,-0.147555,0.000285,0.000382,-0.002755,0.080389,0.085760,2.213117,18.466827,4,0,0.000000,1,0.427250,1.174217,1,2,0,none
14.639689,-1.132000,0.994000,1.514000,-1.091923,0.989440,1.488669,-1.051132,1.000305,1.524773,0.034409,-0.002870,0.001282,0.999403,-0.352002,-0.326260,-0.179217,0.000442,0.000430,-0.002614,0.047630,0.081825,-5596027797635075.000000,20.515006,5,0,0.000000,1,0.714903,1.836334,1,-1,0,none
14.656345,-1.140000,0.986000,1.514000,-0.980968,0.970015,1.596321,-1.045484,0.991219,1.532995,0.033827,-0.000336,0.001350,0.999427,-0.293642,-0.353292,-0.131686,0.000181,0.000508,-0.002887,0.179787,0.096547,6.235389,16.266236,3,0,0.000000,1,0.677589,1.622322,1,-1,2,anchor6:6-7;5-6
14.672960,-1.147000,0.978000,1.513000,-1.004667,0.971805,1.469383,-1.043688,0.983413,1.522002,0.033777,0.000274,0.001442,0.999428,-0.259027,-0.370107,-0.172359,0.000006,0.000575,-0.002649,0.148995,0.103845,1.053387,18.466827,4,0,0.000000,1,0.658436,0.889868,1,3,0,none
14.689595,-1.153000,0.972000,1.514000,-1.116582,0.979946,1.443831,-1.057634,0.977582,1.508551,0.034327,-0.000389,0.001055,0.999410,-0.295570,-0.377038,-0.216221,0.000281,0.000576,-0.002335,0.079455,0.095684,17.046529,18.466827,4,0,0.000000,1,0.409139,0.891069,1,1,0,none
14.706207,-1.164000,0.961000,1.513000,-1.135779,1.009340,1.435744,-1.072337,0.976736,1.495655,0.034603,-0.000999,0.000476,0.999401,-0.332669,-0.361473,-0.255004,0.000588,0.000429,-0.002021,0.095403,0.094608,8.263060,18.466827,4,0,0.000000,1,0.409123,0.893845,1,1,0,none
14.739549,-1.181000,0.942000,1.513000,-1.138560,0.923867,1.387036,-1.091517,0.958531,1.472377,0.036279,-0.001225,0.001227,0.999340,-0.352347,-0.402087,-0.313062,0.000900,0.000700,-0.001435,0.134152,0.099653,7.543894,20.515006,5,0,0.000000,1,0.496415,0.902801,1,-1,0,none
14.756099,-1.188000,0.935000,1.513000,-1.127954,0.891349,1.441432,-1.101684,0.943119,1.463540,0.038620,-0.002174,0.001743,0.999250,-0.361945,-0.446176,-0.326486,0.001078,0.001052,-0.001302,0.103116,0.099813,10.667425,20.515006,5,0,0.000000,1,0.496624,0.907353,1,-1,0,none
14.789325,-1.205000,0.918000,1.513000,-1.174097,0.896997,1.515255,-1.122670,0.923439,1.462244,0.040558,-0.002728,0.001544,0.999172,-0.387936,-0.486411,-0.291464,0.001509,0.001241,-0.001784,0.037433,0.096871,7.534939,18.466827,4,0,0.000000,1,0.407864,0.707926,1,5,0,none
14.806029,-1.212000,0.910000,1.513000,-1.207521,0.889100,1.460659,-1.140538,0.911568,1.457817,0.041486,-0.004675,0.001177,0.999127,-0.427624,-0.513731,-0.288845,0.002035,0.001410,-0.001827,0.056537,0.090302,11.870000,20.515006,5,0,0.000000,1,0.387079,0.741686,1,-1,0,none
14.822634,-1.222000,0.900000,1.513000,-1.063856,0.841476,1.719002,-1.134626,0.894674,1.489349,0.041228,0.001369,0.002344,0.999146,-0.362511,-0.551327,-0.173647,0.001583,0.001734,-0.003776,0.266216,0.090675,15.741603,16.266236,3,0,0.000000,1,0.912780,1.884508,1,-1,2,anchor7:6-7;7-0
14.839200,-1.229000,0.892000,1.513000,-1.090426,0.833848,1.678125,-1.133212,0.878950,1.511410,0.041907,0.003804,0.002477,0.999111,-0.327781,-0.585044,-0.095422,0.001296,0.001994,-0.005178,0.223273,0.096686,10.855047,16.266236,3,0,0.000000,1,0.921914,1.889582,1,-1,2,anchor7:6-7;7-0
14.889132,-1.251000,0.864000,1.513000,-0.970643,0.861986,1.663395,-1.117916,0.852205,1.529613,0.038966,0.014009,0.003817,0.999135,-0.184381,-0.594231,-0.036680,-0.000143,0.001836,-0.006753,0.318155,0.134634,3.360134,13.815511,2,0,0.000000,1,0.818844,1.724899,1,1,2,anchor7:6-7;7-0
14.905750,-1.258000,0.856000,1.513000,-1.191911,0.845499,1.544558,-1.117916,0.852205,1.529613,0.038966,0.014009,0.003817,0.999135,-0.184381,-0.594231,-0.036680,-0.000143,0.001836,-0.006753,0.073986,0.141116,1.992501,13.815511,2,0,0.000000,1,1.980896,3.899265,0,3,2,anchor7:6-7;7-0
14.922275,-1.265000,0.845000,1.512000,-1.120872,0.813291,1.606362,-1.123610,0.829300,1.540164,0.039057,0.014543,0.003015,0.999127,-0.174839,-0.624209,-0.010651,-0.000189,0.001960,-0.007647,0.175164,0.145020,10.593489,16.266236,3,0,0.000000,1,0.935223,1.892666,1,-1,2,anchor7:6-7;7-0
14.938929,-1.272000,0.837000,1.512000,-0.996353,0.586889,2.220613,-1.123610,0.829300,1.540164,0.039057,0.014543,0.003015,0.999127,-0.174839,-0.624209,-0.010651,-0.000189,0.001960,-0.007647,0.800418,0.151235,0.899874,13.815511,2,0,0.000000,1,1.960659,4.268010,0,2,2,anchor7:6-7;7-0
14.955645,-1.281000,0.826000,1.513000,-1.174054,0.803262,1.635430,-1.137738,0.807810,1.554197,0.036592,0.012889,0.002529,0.999244,-0.179968,-0.639807,0.030260,0.000181,0.001951,-0.008829,0.164145,0.150173,13.617787,16.266236,3,0,0.000000,1,0.937259,1.903803,1,-1,2,anchor7:6-7;7-0
15.022058,-1.307000,0.789000,1.512000,-1.139276,0.770435,1.848083,-1.152042,0.766453,1.606089,0.035374,0.010846,0.002931,0.999311,-0.174999,-0.664191,0.147261,-0.000375,0.001584,-0.013645,0.376069,0.182683,5.885670,13.815511,2,0,0.000000,1,0.858434,1.737599,1,0,2,anchor7:6-7;7-0
15.038690,-1.313000,0.781000,1.512000,-1.244728,0.791390,1.481358,-1.172591,0.762396,1.589232,0.034178,0.006708,0.003085,0.999388,-0.231928,-0.643046,0.105183,0.000484,0.001341,-0.011659,0.075551,0.161324,-4580877404653542.000000,20.515006,5,0,0.000000,1,0.472056,1.178477,1,-1,0,none
15.088525,-1.334000,0.752000,1.512000,-1.262399,0.716716,1.510941,-1.200528,0.726922,1.581297,0.036134,0.003324,0.002941,0.999337,-0.268397,-0.683339,0.076640,0.001292,0.001555,-0.010182,0.079830,0.152466,-1526957092921336.000000,20.515006,5,0,0.000000,1,0.489562,1.048048,1,-1,0,none
15.105243,-1.340000,0.740000,1.511000,-1.303097,0.723682,1.365297,-1.224020,0.716619,1.551190,0.036524,-0.003031,0.003106,0.999323,-0.326643,-0.691832,0.015843,0.002042,0.001645,-0.006636,0.151187,0.124953,-17156087327637506.000000,20.515006,5,0,0.000000,1,0.529700,1.102866,1,-1,0,none
15.121828,-1.345000,0.731000,1.511000,-1.344974,0.744768,1.445816,-1.248929,0.711557,1.537104,0.034392,-0.008566,0.002170,0.999369,-0.387301,-0.682975,-0.018175,0.002996,0.001378,-0.004985,0.066623,0.101435,7.838559,18.466827,4,0,0.000000,1,0.464134,1.244599,1,2,0,none
15.138428,-1.351000,0.722000,1.511000,-1.305260,0.714042,1.415397,-1.263189,0.702612,1.521938,0.032962,-0.010844,0.001942,0.999396,-0.411052,-0.685809,-0.043801,0.003297,0.001365,-0.003186,0.106280,0.090588,4.294410,20.515006,5,0,0.000000,1,0.395393,0.743383,1,-1,0,none
15.155047,-1.359000,0.710000,1.512000,-1.369935,0.675439,1.412537,-1.284182,0.689217,1.508263,0.033319,-0.014958,0.002561,0.999330,-0.458372,-0.697618,-0.069155,0.004004,0.001575,-0.001684,0.105863,0.077741,6.137392,20.515006,5,0,0.000000,1,0.399782,0.744086,1,-1,0,none
15.171698,-1.364000,0.701000,1.511000,-1.376853,0.686377,1.390844,-1.304327,0.678651,1.495812,0.033589,-0.018268,0.002352,0.999266,-0.495719,-0.704485,-0.096481,0.004453,0.001559,0.000138,0.121723,0.065506,-228412199609339.125000,20.515006,5,0,0.000000,1,0.457663,0.799664,1,-1,0,none
15.204929,-1.376000,0.681000,1.512000,-1.250303,0.641212,1.652655,-1.310271,0.653678,1.510345,0.033295,-0.015051,0.002380,0.999329,-0.464619,-0.729643,-0.070043,0.003975,0.001539,-0.002304,0.192786,0.071201,0.815874,16.266236,3,0,0.000000,1,0.927519,1.875771,1,-1,2,anchor7:6-7;7-0
15.221585,-1.381000,0.672000,1.511000,-1.395307,0.656636,1.397671,-1.328360,0.643840,1.497525,0.033118,-0.017811,0.001918,0.999291,-0.498868,-0.730601,-0.088186,0.004465,0.001512,-0.000645,0.115258,0.061201,3.389230,18.466827,4,0,0.000000,1,0.428323,0.722634,1,5,0,none
15.288031,-1.404000,0.628000,1.512000,-1.282903,0.537130,1.751658,-1.347122,0.585940,1.521720,0.032922,-0.010181,0.001522,0.999405,-0.454362,-0.777072,-0.035899,0.003954,0.001794,-0.005879,0.283475,0.071404,10.336134,16.266236,3,0,0.000000,1,0.906402,1.852372,1,-1,2,anchor7:6-7;7-0
15.304718,-1.409000,0.619000,1.511000,-1.433681,0.580863,1.466449,-1.367296,0.574518,1.515142,0.033524,-0.013192,0.001249,0.999350,-0.495800,-0.779212,-0.044445,0.004550,0.001775,-0.004853,0.063626,0.061115,6.670470,18.466827,4,0,0.000000,1,0.432935,0.726793,1,5,0,none
15.321278,-1.413000,0.611000,1.511000,-1.409003,0.520898,1.549371,-1.367296,0.574518,1.515142,0.033524,-0.013192,0.001249,0.999350,-0.495800,-0.779212,-0.044445,0.004550,0.001775,-0.004853,0.098014,0.058625,2.697191,13.815511,2,0,0.000000,1,1.904528,3.667911,0,3,2,anchor7:6-7;7-0
15.337961,-1.419000,0.598000,1.511000,-1.275976,0.565030,1.639820,-1.365710,0.551455,1.527528,0.034004,-0.008595,0.001615,0.999383,-0.435003,-0.787721,-0.020212,0.003775,0.001546,-0.007348,0.195288,0.072660,8.273228,16.266236,3,0,0.000000,1,0.924826,1.859253,1,-1,2,anchor7:6-7;7-0
15.371130,-1.430000,0.576000,1.511000,-1.451306,0.556509,1.464678,-1.391979,0.530577,1.520329,0.032552,-0.011111,0.000981,0.999408,-0.473168,-0.786369,-0.030298,0.004299,0.001364,-0.006010,0.054586,0.059965,-3172297623546.390625,20.515006,5,0,0.000000,1,0.431861,0.755255,1,-1,0,none
15.404417,-1.438000,0.557000,1.511000,-1.793183,0.775855,0.762352,-1.391979,0.530577,1.520329,0.032552,-0.011111,0.000981,0.999408,-0.473168,-0.786369,-0.030298,0.004299,0.001364,-0.006010,0.857045,0.053880,1.766607,13.815511,2,0,0.000000,1,2.509207,4.278044,0,3,2,anchor7:6-7;7-0
15.437619,-1.448000,0.536000,1.511000,-1.460326,0.489954,1.558035,-1.391979,0.530577,1.520329,0.032552,-0.011111,0.000981,0.999408,-0.473168,-0.786369,-0.030298,0.004299,0.001364,-0.006010,0.066967,0.057050,-15544540467660800.000000,20.515006,5,0,0.000000,1,0.479661,-nan,0,-1,0,none
15.487513,-1.460000,0.504000,1.510000,-1.432460,0.434838,1.731364,-1.442486,0.437526,1.545070,0.030196,-0.011830,0.000862,0.999474,-0.454930,-0.821457,0.013901,0.004234,0.001089,-0.012972,0.233546,0.077171,3.991776,16.266236,3,0,0.000000,1,0.920767,1.856545,1,-1,2,anchor7:6-7;7-0
15.537410,-1.471000,0.471000,1.510000,-1.458716,0.412832,1.427947,-1.463505,0.399868,1.530555,0.027004,-0.012008,0.000506,0.999563,-0.446154,-0.836785,-0.007100,0.004159,0.001113,-0.008914,0.101326,0.074421,9.226079,20.515006,5,0,0.000000,1,0.410733,0.745921,1,-1,0,none
15.554018,-1.475000,0.461000,1.510000,-1.415758,0.463340,1.605347,-1.458858,0.403087,1.539598,0.022060,-0.008831,0.000227,0.999718,-0.413600,-0.788757,0.006201,0.003762,0.000458,-0.011112,0.112277,0.067011,-913631387984881.500000,20.515006,5,0,0.000000,1,0.613627,0.830974,1,-1,0,none
15.570644,-1.480000,0.448000,1.510000,-1.467399,0.460364,1.592363,-1.465772,0.404057,1.545675,0.018778,-0.008709,-0.000000,0.999786,-0.412856,-0.747577,0.016599,0.003766,-0.000044,-0.012558,0.084234,0.058362,1.267815,18.466827,4,0,0.000000,1,0.473463,1.309616,1,2,0,none
15.587196,-1.483000,0.439000,1.510000,-1.520425,0.396901,1.482854,-1.480595,0.392933,1.539481,0.019147,-0.010198,-0.000058,0.999765,-0.438877,-0.744270,0.011001,0.004032,0.000034,-0.010833,0.062529,0.054745,16.077442,18.466827,4,0,0.000000,1,0.443920,0.732729,1,5,0,none
15.603899,-1.488000,0.425000,1.510000,-1.326433,0.446413,1.860732,-1.461992,0.391399,1.570682,0.017596,-0.004486,-0.000651,0.999835,-0.362403,-0.718114,0.052685,0.003318,-0.000763,-0.019164,0.386750,0.074079,3.693458,13.815511,2,0,0.000000,1,0.845259,1.716348,1,0,2,anchor7:6-7;7-0
15.620523,-1.490000,0.416000,1.510000,-1.408338,0.355984,1.638094,-1.459301,0.375993,1.577836,0.018659,-0.002292,-0.001079,0.999823,-0.332756,-0.731065,0.061335,0.003030,-0.000778,-0.020810,0.163336,0.084526,-5596022719595636.000000,20.515006,5,0,0.000000,1,0.489982,1.691095,1,-1,0,none
15.637147,-1.493000,0.406000,1.510000,-1.450058,0.375620,1.526105,-1.459301,0.375993,1.577836,0.018659,-0.002292,-0.001079,0.999823,-0.332756,-0.731065,0.061335,0.003030,-0.000778,-0.020810,0.055012,0.081472,-12688868083692.250000,20.515006,5,0,0.000000,1,4.813656,-nan,0,-1,0,none
15.653717,-1.497000,0.394000,1.510000,-1.421485,0.305898,1.762416,-1.462932,0.345166,1.596441,0.021078,-0.001624,-0.001944,0.999775,-0.303848,-0.756891,0.083452,0.002679,-0.000889,-0.025614,0.277810,0.104964,14.564528,16.266236,3,0,0.000000,1,0.901832,1.812869,1,-1,2,anchor7:6-7;7-0
15.687076,-1.503000,0.374000,1.510000,-1.491211,0.367737,1.596813,-1.475759,0.327446,1.599026,0.019571,-0.003121,-0.000908,0.999803,-0.308847,-0.748710,0.079421,0.002749,-0.001059,-0.025513,0.087834,0.104091,-25696111298683352.000000,20.515006,5,0,0.000000,1,0.763690,1.337756,1,-1,0,none
15.703638,-1.507000,0.361000,1.510000,-1.374614,0.384796,1.960068,-1.466233,0.325385,1.631034,0.016374,0.000426,-0.000780,0.999866,-0.268221,-0.723257,0.118118,0.002088,-0.001851,-0.034995,0.469738,0.132588,1.800804,13.815511,2,0,0.000000,1,0.833392,1.717701,1,0,2,anchor7:6-7;7-0
15.720217,-1.509000,0.351000,1.510000,-1.476446,0.347102,1.597578,-1.471236,0.318532,1.630075,0.014389,0.001193,-0.000796,0.999895,-0.264031,-0.706811,0.116241,0.002144,-0.001883,-0.034061,0.093514,0.129993,-2055688033372404.250000,20.515006,5,0,0.000000,1,0.422467,0.705263,1,-1,0,none
15.736886,-1.512000,0.341000,1.509000,-1.216213,0.279857,1.763010,-1.441770,0.303521,1.641090,0.014741,0.008509,-0.001884,0.999853,-0.164960,-0.714627,0.121286,0.001297,-0.002034,-0.037455,0.394651,0.154223,4.153698,13.815511,2,0,0.000000,1,0.804594,1.617829,1,1,2,anchor7:6-7;7-0
15.786729,-1.521000,0.304000,1.509000,-1.445404,0.302699,1.600482,-1.448526,0.273547,1.643303,0.012918,0.007929,-0.001607,0.999884,-0.145311,-0.705765,0.115091,0.001370,-0.002057,-0.036111,0.118682,0.155618,-11731362835925036.000000,20.515006,5,0,0.000000,1,0.421274,0.778060,1,-1,0,none
15.803362,-1.524000,0.295000,1.509000,-1.477973,0.303969,1.653993,-1.454575,0.268059,1.645962,0.010803,0.008372,-0.001161,0.999906,-0.150462,-0.689265,0.119511,0.001437,-0.002190,-0.036324,0.152387,0.155898,12.537169,20.515006,5,0,0.000000,1,0.417436,0.751973,1,-1,0,none
15.869861,-1.534000,0.252000,1.508000,-1.263991,0.279283,2.099608,-1.431575,0.233478,1.692931,0.010030,0.019054,-0.002057,0.999766,-0.017642,-0.638654,0.165326,-0.000530,-0.003398,-0.049512,0.650884,0.212211,0.146945,13.815511,2,0,0.000000,1,0.796763,1.666999,1,0,2,anchor7:6-7;7-0
15.903114,-1.539000,0.229000,1.508000,-1.482378,0.203374,1.525094,-1.440041,0.210782,1.684779,0.009938,0.019168,-0.001971,0.999765,-0.023203,-0.647915,0.157856,0.000015,-0.003002,-0.043725,0.064459,0.203410,8.323516,18.466827,4,0,0.000000,1,0.446509,0.733740,1,5,0,none
15.919778,-1.541000,0.219000,1.508000,-1.467504,0.196650,1.520718,-1.440041,0.210782,1.684779,0.009938,0.019168,-0.001971,0.999765,-0.023203,-0.647915,0.157856,0.000015,-0.003002,-0.043725,0.077865,0.203743,-12689351700958.187500,20.515006,5,0,0.000000,1,2.105619,1.212155,0,-1,0,none
15.969613,-1.547000,0.186000,1.508000,-1.532953,0.153919,1.614582,-1.457542,0.165488,1.688925,0.009941,0.017364,-0.001311,0.999799,-0.036641,-0.647912,0.164365,0.000525,-0.002772,-0.040524,0.112188,0.202873,12.738237,18.466827,4,0,0.000000,1,0.451462,0.737161,1,5,0,none
16.019482,-1.553000,0.149000,1.510000,-1.514464,0.154288,1.672694,-1.469549,0.137793,1.695074,0.007255,0.016587,-0.001607,0.999835,-0.032515,-0.635586,0.162755,0.000782,-0.002792,-0.039459,0.167279,0.203328,7.848602,18.466827,4,0,0.000000,1,0.479471,1.358143,1,2,0,none
16.052814,-1.555000,0.129000,1.509000,-1.471291,0.218675,1.697250,-1.470592,0.136281,1.700053,0.003915,0.016069,-0.001036,0.999863,-0.017666,-0.577317,0.163152,0.000794,-0.003138,-0.039321,0.224693,0.208995,4.393630,16.266236,3,0,0.000000,1,0.435522,1.239608,1,-1,2,anchor0:7-0;0-1
16.085961,-1.558000,0.109000,1.509000,-1.534955,0.085216,1.541025,-1.481946,0.112050,1.690962,0.003352,0.014836,-0.001080,0.999884,-0.031594,-0.591688,0.142045,0.001250,-0.002637,-0.032632,0.046069,0.197241,11.810913,20.515006,5,0,0.000000,1,0.422199,0.743265,1,-1,0,none
16.102578,-1.559000,0.095000,1.509000,-1.492971,0.176784,1.586160,-1.483819,0.114747,1.683900,-0.000941,0.015378,-0.001103,0.999881,-0.026698,-0.556023,0.128944,0.001417,-0.002641,-0.028591,0.130391,0.191395,8.834075,16.266236,3,0,0.000000,1,0.445823,1.241636,1,-1,2,anchor0:7-0;0-1
16.119276,-1.561000,0.082000,1.509000,-1.505955,0.042004,1.647268,-1.487338,0.096406,1.683004,0.000348,0.015014,-0.001274,0.999886,-0.030187,-0.572147,0.124844,0.001525,-0.002364,-0.027146,0.154103,0.189503,10.333656,20.515006,5,0,0.000000,1,0.422227,0.744469,1,-1,0,none
16.135934,-1.561000,0.072000,1.509000,-1.545719,0.029477,1.509195,-1.495397,0.079317,1.671462,0.002351,0.013546,-0.001275,0.999905,-0.042330,-0.587823,0.106330,0.001871,-0.001858,-0.020939,0.045185,0.175360,5.027195,18.466827,4,0,0.000000,1,0.454643,0.753120,1,5,0,none
16.152476,-1.562000,0.059000,1.509000,-1.537133,0.037473,1.535464,-1.495397,0.079317,1.671462,0.002351,0.013546,-0.001275,0.999905,-0.042330,-0.587823,0.106330,0.001871,-0.001858,-0.020939,0.042216,0.176756,-203031561708019.000000,20.515006,5,0,0.000000,1,1.467909,1.614373,0,-1,0,none
16.169123,-1.563000,0.049000,1.509000,-1.498859,0.000682,1.578572,-1.496774,0.052078,1.667406,0.004908,0.013965,-0.001300,0.999890,-0.032042,-0.606573,0.096419,0.001964,-0.001512,-0.017514,0.106249,0.171720,-2290447891173353.000000,20.515006,5,0,0.000000,1,0.431929,0.885870,1,-1,0,none
16.185733,-1.564000,0.038000,1.508000,-1.327105,0.089573,1.970071,-1.475557,0.048362,1.691206,0.003870,0.019020,-0.001106,0.999811,0.032244,-0.586826,0.125296,0.001221,-0.002136,-0.028017,0.521812,0.203701,0.827305,13.815511,2,0,0.000000,1,0.802364,1.637547,1,0,2,anchor7:6-7;7-0
16.202412,-1.564000,0.025000,1.509000,-1.521162,-0.018524,1.527125,-1.475557,0.048362,1.691206,0.003870,0.019020,-0.001106,0.999811,0.032244,-0.586826,0.125296,0.001221,-0.002136,-0.028017,0.063702,0.203880,-317240643871858.000000,20.515006,5,0,0.000000,1,1.461408,0.767940,0,-1,0,none
16.219004,-1.565000,0.015000,1.508000,-1.539769,-0.025227,1.521843,-1.482582,0.021721,1.682696,0.006060,0.018082,-0.000822,0.999818,0.033405,-0.604400,0.116722,0.001592,-0.001711,-0.021857,0.049462,0.193279,-101514249383172.250000,20.515006,5,0,0.000000,1,0.362853,0.686507,1,-1,0,none
16.235569,-1.565000,0.004000,1.508000,-1.490477,0.071282,1.654609,-1.483020,0.019591,1.682391,0.003785,0.018459,-0.001006,0.999822,0.037729,-0.584592,0.113878,0.001645,-0.001808,-0.020864,0.177693,0.193329,4.077276,16.266236,3,0,0.000000,1,0.442931,1.247787,1,-1,2,anchor0:7-0;0-1
16.252208,-1.565000,-0.007000,1.508000,-1.573905,0.012256,1.671560,-1.493303,0.010475,1.683513,0.003411,0.016232,-0.001284,0.999862,0.017904,-0.579321,0.114625,0.001870,-0.001783,-0.020320,0.164930,0.190396,2.639399,16.266236,3,0,0.000000,1,0.615139,1.250120,1,-1,2,anchor1:0-1;1-2
16.268881,-1.565000,-0.018000,1.508000,-1.557585,-0.084034,1.520509,-1.500160,-0.008608,1.674311,0.005961,0.014007,-0.000599,0.999884,0.003962,-0.599889,0.100032,0.002140,-0.001349,-0.014974,0.067617,0.178751,12.535570,18.466827,4,0,0.000000,1,0.457750,0.771070,1,5,0,none
16.285458,-1.565000,-0.028000,1.508000,-1.546799,-0.075154,1.542506,-1.505053,-0.024737,1.667229,0.006956,0.012566,-0.000204,0.999897,-0.001185,-0.617670,0.089579,0.002331,-0.001049,-0.010758,0.061200,0.170171,-158621732518128.000000,20.515006,5,0,0.000000,1,0.556551,0.666401,1,-1,0,none
16.302084,-1.565000,-0.042000,1.508000,-1.507752,0.107889,1.615495,-1.505258,-0.019420,1.665239,0.003848,0.011807,-0.001011,0.999922,0.006327,-0.574402,0.086874,0.002370,-0.001306,-0.009205,0.193130,0.169714,1.751849,16.266236,3,0,0.000000,1,0.446438,1.248214,1,-1,2,anchor0:7-0;0-1
16.335372,-1.564000,-0.062000,1.508000,-1.543475,-0.151057,1.608382,-1.509127,-0.050778,1.664291,0.005318,0.011235,-0.000209,0.999923,0.004411,-0.606604,0.084807,0.002490,-0.000967,-0.007258,0.135754,0.166023,-1082830052067841.500000,20.515006,5,0,0.000000,1,0.405100,1.098510,1,-1,0,none
16.368570,-1.564000,-0.085000,1.508000,-1.552733,-0.045160,1.643321,-1.513972,-0.067261,1.665502,0.003218,0.010062,-0.000487,0.999944,-0.000432,-0.589974,0.085070,0.002603,-0.000992,-0.006454,0.141513,0.166205,4.497126,16.266236,3,0,0.000000,1,0.616008,1.249144,1,-1,2,anchor1:0-1;1-2
16.401812,-1.562000,-0.109000,1.508000,-1.521684,-0.126807,1.589360,-1.514772,-0.091316,1.663323,0.003427,0.010404,-0.000437,0.999940,0.002477,-0.594094,0.078849,0.002650,-0.000791,-0.003618,0.092531,0.163305,5.626523,18.466827,4,0,0.000000,1,0.492401,1.377977,1,2,0,none
16.435068,-1.561000,-0.133000,1.509000,-1.476475,-0.178846,1.607513,-1.509567,-0.119625,1.661916,0.003802,0.012025,-0.000343,0.999920,0.028229,-0.613391,0.071216,0.002591,-0.000577,-0.001659,0.137663,0.161887,7.414797,18.466827,4,0,0.000000,1,0.450774,0.799985,1,1,0,none
16.468319,-1.559000,-0.153000,1.508000,-1.478108,-0.141992,1.520431,-1.504233,-0.139978,1.654273,0.003918,0.014023,-0.000805,0.999894,0.052363,-0.606344,0.053713,0.002598,-0.000428,0.003231,0.082578,0.156731,-422982991170477.750000,20.515006,5,0,0.000000,1,0.370919,0.952101,1,-1,0,none
16.484935,-1.558000,-0.165000,1.508000,-1.478912,-0.076511,1.761269,-1.500476,-0.140687,1.662164,0.002178,0.015067,-0.000467,0.999884,0.064976,-0.578379,0.062043,0.002488,-0.000693,-0.000391,0.279697,0.166333,2.206121,16.266236,3,0,0.000000,1,0.437299,1.255322,1,-1,2,anchor0:7-0;0-1
16.501606,-1.557000,-0.177000,1.509000,-1.506117,-0.166231,1.570246,-1.500003,-0.152131,1.657218,0.002308,0.015331,-0.000799,0.999879,0.071505,-0.582621,0.055863,0.002554,-0.000561,0.002648,0.080350,0.160735,2.440528,18.466827,4,0,0.000000,1,0.493263,1.376540,1,2,0,none
16.534799,-1.553000,-0.199000,1.508000,-1.504001,-0.214139,1.542304,-1.498050,-0.176291,1.651437,0.003655,0.014762,-0.000098,0.999884,0.085506,-0.590685,0.050178,0.002634,-0.000353,0.006562,0.061700,0.155272,1.127816,18.466827,4,0,0.000000,1,0.710710,0.794251,1,3,0,none
16.551434,-1.552000,-0.209000,1.508000,-1.572276,-0.234092,1.602134,-1.505425,-0.191538,1.649140,0.004781,0.012649,-0.000721,0.999908,0.069296,-0.604528,0.048397,0.002803,-0.000209,0.008305,0.099508,0.149648,-3316169761555200.000000,20.515006,5,0,0.000000,1,0.516620,0.722220,1,-1,0,none
16.568167,-1.550000,-0.222000,1.508000,-1.444358,-0.288538,1.674353,-1.497459,-0.211287,1.651281,0.007334,0.013777,-0.000434,0.999878,0.096774,-0.632197,0.052147,0.002684,-0.000076,0.007465,0.207992,0.152987,8.903469,16.266236,3,0,0.000000,1,0.859696,1.625413,1,-1,2,anchor7:6-7;7-0
16.584724,-1.548000,-0.232000,1.508000,-1.496759,-0.229393,1.483648,-1.495658,-0.222775,1.641957,0.006921,0.013939,0.000126,0.999879,0.104547,-0.637930,0.038951,0.002768,0.000049,0.012693,0.056793,0.144116,13.483945,18.466827,4,0,0.000000,1,0.451076,0.788587,1,1,0,none
16.617936,-1.545000,-0.256000,1.508000,-1.602715,-0.264110,1.504708,-1.504503,-0.246025,1.634682,0.007015,0.010719,-0.000512,0.999918,0.084603,-0.639775,0.026426,0.003030,0.000183,0.017204,0.058375,0.133371,-3454701934867484.000000,20.515006,5,0,0.000000,1,0.414154,0.668018,1,-1,0,none
16.634582,-1.542000,-0.266000,1.509000,-1.515013,-0.157832,1.701459,-1.504504,-0.245462,1.639237,0.004574,0.009793,-0.000503,0.999941,0.082880,-0.604021,0.029134,0.003030,-0.000029,0.015138,0.222417,0.137075,3.626736,16.266236,3,0,0.000000,1,0.446178,1.262382,1,-1,2,anchor0:7-0;0-1
16.653284,-1.540000,-0.280000,1.508000,-1.541654,-0.291889,1.526281,-1.507051,-0.260492,1.633002,0.005027,0.008895,-0.000308,0.999948,0.075410,-0.613428,0.019335,0.003124,0.000112,0.018629,0.021870,0.130735,15.148165,20.515006,5,0,0.000000,1,0.425542,0.722083,1,-1,0,none
16.669873,-1.538000,-0.289000,1.508000,-1.534230,-0.347435,1.624319,-1.508800,-0.278217,1.632726,0.006023,0.008618,-0.000442,0.999945,0.071812,-0.635172,0.015306,0.003171,0.000242,0.018953,0.130227,0.128551,7.280072,18.466827,4,0,0.000000,1,0.522431,0.887069,1,6,0,none
16.703119,-1.533000,-0.312000,1.508000,-1.504158,-0.326224,1.656512,-1.506114,-0.301927,1.634570,0.005638,0.008264,-0.000798,0.999950,0.080890,-0.638545,0.015565,0.003163,0.000270,0.018253,0.151954,0.129786,-609090816136683.000000,20.515006,5,0,0.000000,1,0.517354,1.043207,1,-1,0,none
16.719773,-1.531000,-0.322000,1.508000,-1.573856,-0.339359,1.468687,-1.511769,-0.315145,1.624953,0.005884,0.006863,-0.000559,0.999959,0.062484,-0.642993,-0.000231,0.003264,0.000377,0.023314,0.060692,0.118722,-4111384046535195.000000,20.515006,5,0,0.000000,1,0.460171,0.792134,1,-1,0,none
16.736378,-1.527000,-0.336000,1.508000,-1.631272,-0.341035,1.393627,-1.523016,-0.327434,1.611245,0.005995,0.003869,-0.000895,0.999974,0.030290,-0.643736,-0.018625,0.003456,0.000501,0.029953,0.154852,0.103676,11.636349,16.266236,3,0,0.000000,1,0.721863,1.577964,1,-1,2,anchor6:5-6;6-7
16.753017,-1.525000,-0.345000,1.508000,-1.531294,-0.346083,1.515591,-1.523424,-0.338522,1.605653,0.005710,0.003476,-0.000759,0.999977,0.032613,-0.646551,-0.024389,0.003461,0.000553,0.032710,0.009920,0.097881,-1541772916670798.500000,20.515006,5,0,0.000000,1,0.409115,0.768511,1,-1,0,none
16.786295,-1.519000,-0.368000,1.507000,-1.493778,-0.375155,1.583446,-1.519303,-0.361330,1.603595,0.006332,0.003582,-0.001017,0.999973,0.042539,-0.643403,-0.025653,0.003416,0.000584,0.033311,0.080817,0.096826,8.998065,20.515006,5,0,0.000000,1,0.423118,0.717026,1,-1,0,none
16.819577,-1.513000,-0.388000,1.507000,-1.518713,-0.429616,1.538045,-1.517855,-0.387511,1.598904,0.007931,0.002442,-0.000967,0.999965,0.050555,-0.655817,-0.029453,0.003416,0.000684,0.035303,0.052233,0.092034,-3070839071183080.000000,20.515006,5,0,0.000000,1,0.554152,0.952193,1,-1,0,none
16.836096,-1.510000,-0.401000,1.507000,-1.487653,-0.279088,1.736427,-1.513890,-0.384898,1.606578,0.004887,0.002483,-0.000797,0.999985,0.061310,-0.621509,-0.018373,0.003378,0.000472,0.031236,0.260765,0.100946,1.081043,16.266236,3,0,0.000000,1,0.443524,1.261963,1,-1,2,anchor0:7-0;0-1
16.852748,-1.507000,-0.410000,1.507000,-1.439480,-0.309324,1.684730,-1.505152,-0.385844,1.610789,0.002340,0.003279,-0.001221,0.999991,0.083345,-0.591792,-0.011633,0.003287,0.000329,0.028926,0.215134,0.106579,2.132103,16.266236,3,0,0.000000,1,0.444025,1.251419,1,-1,2,anchor0:7-0;0-1
16.869381,-1.504000,-0.420000,1.507000,-1.525359,-0.458567,1.523218,-1.505924,-0.402081,1.605718,0.003487,0.002319,-0.000876,0.999991,0.080734,-0.606193,-0.016834,0.003320,0.000448,0.031393,0.046975,0.100350,-2290432576439287.000000,20.515006,5,0,0.000000,1,0.655668,0.794396,1,-1,0,none
16.885977,-1.500000,-0.433000,1.507000,-1.503103,-0.427715,1.499388,-1.504453,-0.413175,1.599563,0.003293,0.002133,-0.000951,0.999992,0.078493,-0.606553,-0.027309,0.003327,0.000516,0.034288,0.009772,0.094767,-4974259720378620.000000,20.515006,5,0,0.000000,1,0.555987,0.794017,1,-1,0,none
16.902592,-1.497000,-0.442000,1.507000,-1.488900,-0.438131,1.567344,-1.501759,-0.424293,1.597392,0.002853,0.002611,-0.000976,0.999992,0.086171,-0.605629,-0.027715,0.003314,0.000547,0.035131,0.061008,0.092233,9.376379,18.466827,4,0,0.000000,1,0.458451,0.820105,1,4,0,none
16.919211,-1.493000,-0.455000,1.507000,-1.510137,-0.356489,1.629319,-1.501316,-0.426586,1.598704,0.001004,0.002410,-0.000880,0.999996,0.084750,-0.579222,-0.025559,0.003320,0.000452,0.034275,0.157987,0.096365,4.736867,16.266236,3,0,0.000000,1,0.454899,1.264790,1,-1,2,anchor0:7-0;0-1
16.935935,-1.490000,-0.465000,1.506000,-1.485071,-0.468286,1.497819,-1.498457,-0.439060,1.593003,0.001099,0.002647,-0.001266,0.999995,0.087331,-0.579257,-0.034105,0.003314,0.000531,0.036917,0.010101,0.091181,-3654552634786810.000000,20.515006,5,0,0.000000,1,0.519835,0.686110,1,-1,0,none
16.952489,-1.487000,-0.474000,1.507000,-1.547136,-0.410800,1.312240,-1.501376,-0.444981,1.577746,-0.000105,0.001727,-0.001299,0.999998,0.080818,-0.565883,-0.053822,0.003388,0.000629,0.044117,0.213405,0.077806,2.350527,16.266236,3,0,0.000000,1,0.903558,1.616980,1,-1,2,anchor7:7-0;6-7
16.969066,-1.483000,-0.486000,1.506000,-1.528623,-0.496366,1.459508,-1.502772,-0.457721,1.570764,0.000350,0.000974,-0.001244,0.999999,0.070174,-0.569607,-0.064141,0.003450,0.000744,0.047050,0.065958,0.073383,10.710075,20.515006,5,0,0.000000,1,0.424978,0.714530,1,-1,0,none
16.985729,-1.480000,-0.496000,1.506000,-1.470524,-0.462690,1.587529,-1.498919,-0.466471,1.570623,0.000084,0.001855,-0.001236,0.999998,0.074898,-0.564853,-0.063776,0.003415,0.000731,0.046590,0.088580,0.073525,2.609332,18.466827,4,0,0.000000,1,0.491342,1.375843,1,1,0,none
17.002349,-1.476000,-0.505000,1.506000,-1.434252,-0.509730,1.499425,-1.492046,-0.478658,1.566033,0.000240,0.003738,-0.001380,0.999992,0.092604,-0.571700,-0.069885,0.003353,0.000796,0.048297,0.042526,0.067493,-8685907465582647.000000,20.515006,5,0,0.000000,1,0.588663,0.751748,1,-1,0,none
17.019029,-1.472000,-0.517000,1.506000,-1.429990,-0.579418,1.527342,-1.485204,-0.495994,1.562944,0.001695,0.005539,-0.001487,0.999982,0.105910,-0.583568,-0.071989,0.003297,0.000904,0.049181,0.078207,0.062114,8.591125,18.466827,4,0,0.000000,1,0.528389,0.879157,1,6,0,none
17.068870,-1.462000,-0.544000,1.506000,-1.421672,-0.485765,1.538676,-1.473834,-0.520323,1.558322,0.003294,0.009187,-0.001123,0.999952,0.130502,-0.555653,-0.069669,0.003242,0.000872,0.049676,0.078009,0.058637,2.886280,18.466827,4,0,0.000000,1,0.491410,1.365330,1,1,0,none
17.085468,-1.457000,-0.557000,1.505000,-1.450811,-0.509536,1.581546,-1.469624,-0.527421,1.558452,0.003587,0.009647,-0.001270,0.999946,0.138157,-0.547881,-0.070338,0.003216,0.000843,0.049042,0.090280,0.062381,11.715529,16.266236,3,0,0.000000,1,0.615859,1.246555,1,-1,2,anchor1:0-1;1-2
17.102108,-1.453000,-0.566000,1.505000,-1.452832,-0.589961,1.561839,-1.466048,-0.541210,1.557575,0.004830,0.010034,-0.001529,0.999937,0.142788,-0.558221,-0.069615,0.003203,0.000889,0.048934,0.061684,0.059573,1.833332,18.466827,4,0,0.000000,1,0.702488,0.829645,1,2,0,none
17.118662,-1.449000,-0.575000,1.505000,-1.581613,-0.579495,1.294938,-1.474407,-0.552622,1.542834,0.005855,0.007487,-0.001341,0.999954,0.119420,-0.566221,-0.088197,0.003395,0.001024,0.055396,0.248461,0.050771,3.147196,16.266236,3,0,0.000000,1,0.715474,1.514607,1,-1,2,anchor6:5-6;6-7
17.151974,-1.439000,-0.598000,1.505000,-1.446345,-0.619217,1.502819,-1.468040,-0.576125,1.537901,0.004921,0.007629,-0.001411,0.999958,0.128936,-0.578121,-0.091171,0.003378,0.001082,0.056320,0.022558,0.049034,2.001082,18.466827,4,0,0.000000,1,0.456529,0.839370,1,4,0,none
17.168598,-1.435000,-0.607000,1.505000,-1.411074,-0.595918,1.503431,-1.460466,-0.586634,1.534537,0.004434,0.008052,-0.001518,0.999957,0.143252,-0.575693,-0.094828,0.003334,0.001101,0.057084,0.026415,0.043997,2.052519,18.466827,4,0,0.000000,1,0.493543,1.359799,1,1,0,none
17.185172,-1.431000,-0.616000,1.505000,-1.485119,-0.621995,1.387617,-1.460466,-0.586634,1.534537,0.004434,0.008052,-0.001518,0.999957,0.143252,-0.575693,-0.094828,0.003334,0.001101,0.057084,0.129397,0.051020,-50364267951859264.000000,20.515006,5,0,0.000000,1,21.073080,-nan,0,-1,0,none
17.218436,-1.421000,-0.636000,1.505000,-1.422979,-0.693763,1.516442,-1.449882,-0.623517,1.529144,0.004712,0.007981,-0.001440,0.999956,0.151571,-0.582600,-0.092980,0.003312,0.001175,0.057437,0.058919,0.039660,17.349179,20.515006,5,0,0.000000,1,0.418243,0.728710,1,-1,0,none
17.251683,-1.413000,-0.654000,1.505000,-1.482174,-0.679418,1.353927,-1.448795,-0.646646,1.516108,0.004747,0.008670,-0.002060,0.999949,0.150216,-0.586039,-0.105530,0.003387,0.001245,0.061994,0.168090,0.038193,5.764856,16.266236,3,0,0.000000,1,0.698625,1.473203,1,-1,2,anchor6:5-6;6-7
17.268300,-1.407000,-0.665000,1.506000,-1.345057,-0.716999,1.620131,-1.435272,-0.662709,1.520309,0.006536,0.011302,-0.002104,0.999913,0.184161,-0.600084,-0.096664,0.003281,0.001278,0.059238,0.139881,0.031769,9.928895,18.466827,4,0,0.000000,1,0.567415,1.109794,1,3,0,none
17.284994,-1.403000,-0.673000,1.506000,-1.419315,-0.724024,1.408480,-1.430691,-0.677980,1.512465,0.008423,0.012454,-0.002280,0.999884,0.190674,-0.612160,-0.107777,0.003305,0.001329,0.061996,0.111264,0.028868,9.153273,20.515006,5,0,0.000000,1,0.418065,0.727424,1,-1,0,none
17.301608,-1.397000,-0.684000,1.506000,-1.373360,-0.706410,1.423084,-1.421794,-0.689889,1.505756,0.009653,0.014389,-0.002143,0.999848,0.208049,-0.615406,-0.116375,0.003294,0.001348,0.064125,0.089086,0.025485,-6909413179494384.000000,20.515006,5,0,0.000000,1,0.484926,0.765844,1,-1,0,none
17.318206,-1.393000,-0.693000,1.506000,-1.412097,-0.671704,1.620731,-1.417889,-0.697157,1.510239,0.009899,0.015526,-0.002019,0.999828,0.214272,-0.608874,-0.109747,0.003249,0.001321,0.061327,0.118243,0.025587,3.869413,16.266236,3,0,0.000000,1,0.609168,1.240697,1,-1,2,anchor1:0-1;1-2
17.351404,-1.382000,-0.712000,1.506000,-1.346792,-0.725072,1.506429,-1.403983,-0.717801,1.506409,0.012378,0.018142,-0.002085,0.999757,0.243458,-0.606885,-0.114940,0.003208,0.001327,0.061292,0.037559,0.022740,14.814032,20.515006,5,0,0.000000,1,0.413690,0.730259,1,-1,0,none
17.368140,-1.377000,-0.720000,1.506000,-1.325330,-0.689141,1.674220,-1.392651,-0.723663,1.513777,0.013001,0.019692,-0.002079,0.999719,0.267652,-0.597049,-0.105118,0.003095,0.001289,0.057223,0.178662,0.017857,2.591412,16.266236,3,0,0.000000,1,0.596900,1.227185,1,-1,2,anchor1:0-1;1-2
17.384705,-1.372000,-0.728000,1.506000,-1.352375,-0.822227,1.377206,-1.384320,-0.742430,1.504509,0.015219,0.020742,-0.002251,0.999666,0.287443,-0.620297,-0.113575,0.003139,0.001350,0.060306,0.160784,0.019033,9.478518,18.466827,4,0,0.000000,1,0.536063,0.869107,1,6,0,none
17.401282,-1.365000,-0.739000,1.506000,-1.363327,-0.745007,1.606267,-1.378344,-0.751433,1.508280,0.015824,0.020716,-0.002040,0.999658,0.299111,-0.616460,-0.107652,0.003082,0.001341,0.057956,0.100460,0.018380,8.032785,16.266236,3,0,0.000000,1,0.604384,1.230828,1,-1,2,anchor1:0-1;1-2
17.417929,-1.360000,-0.747000,1.506000,-1.304794,-0.752189,1.618556,-1.367236,-0.760390,1.512204,0.016316,0.020921,-0.001825,0.999646,0.320733,-0.613428,-0.101878,0.002997,0.001329,0.055393,0.125473,0.016436,2.875813,18.466827,4,0,0.000000,1,0.475182,1.339112,1,1,0,none
17.451246,-1.348000,-0.766000,1.506000,-1.348596,-0.824101,1.388814,-1.355292,-0.785161,1.502066,0.017223,0.019510,-0.001959,0.999659,0.341465,-0.629233,-0.112927,0.003057,0.001356,0.058046,0.130800,0.020876,12.622276,16.266236,3,0,0.000000,1,0.677244,1.417348,1,-1,2,anchor6:5-6;6-7
17.534368,-1.316000,-0.812000,1.506000,-1.334928,-0.876223,1.582399,-1.326854,-0.842692,1.498154,0.017321,0.018318,-0.002326,0.999679,0.373258,-0.647683,-0.111303,0.003010,0.001364,0.055764,0.101585,0.033487,5.592747,20.515006,5,0,0.000000,1,0.412003,0.739441,1,-1,0,none
17.550893,-1.310000,-0.820000,1.506000,-1.226000,-0.741537,1.678004,-1.309883,-0.839237,1.507382,0.015017,0.020086,-0.001696,0.999684,0.405174,-0.619531,-0.097765,0.002879,0.001318,0.051231,0.206876,0.019286,3.568339,16.266236,3,0,0.000000,1,0.432354,1.213728,1,-1,2,anchor0:7-0;0-1
17.584194,-1.296000,-0.838000,1.506000,-1.237083,-0.802526,1.664815,-1.289487,-0.852499,1.514129,0.014131,0.021742,-0.001729,0.999662,0.433703,-0.600656,-0.082832,0.002765,0.001275,0.047262,0.173066,0.017853,2.885614,16.266236,3,0,0.000000,1,0.434338,1.215666,1,-1,2,anchor0:7-0;0-1
17.600795,-1.290000,-0.846000,1.506000,-1.296933,-0.867798,1.592489,-1.284268,-0.863043,1.517742,0.014978,0.021853,-0.001768,0.999647,0.438057,-0.601011,-0.075856,0.002715,0.001256,0.045386,0.089462,0.021476,-317239434805246.000000,20.515006,5,0,0.000000,1,0.507938,1.469105,1,-1,0,none
17.617433,-1.284000,-0.854000,1.506000,-1.254349,-0.933731,1.597211,-1.274956,-0.879436,1.521333,0.016699,0.022540,-0.001728,0.999605,0.451518,-0.616219,-0.070236,0.002664,0.001243,0.043521,0.124722,0.031046,5.762269,18.466827,4,0,0.000000,1,0.547771,0.867827,1,6,0,none
17.633986,-1.276000,-0.865000,1.506000,-1.322296,-0.919052,1.513663,-1.273555,-0.892496,1.519979,0.017790,0.021795,-0.001745,0.999603,0.449714,-0.628304,-0.070208,0.002674,0.001247,0.043712,0.071580,0.030943,10.516246,16.266236,3,0,0.000000,1,0.666500,1.392302,1,-1,2,anchor6:5-6;6-7
17.650671,-1.270000,-0.873000,1.506000,-1.253873,-0.866550,1.716476,-1.265370,-0.899105,1.530200,0.017680,0.021233,-0.002124,0.999616,0.459827,-0.622849,-0.056404,0.002587,0.001147,0.039331,0.211192,0.035896,8.548128,18.466827,4,0,0.000000,1,0.463224,1.329438,1,1,0,none
17.667311,-1.261000,-0.883000,1.506000,-1.231295,-0.809343,1.811708,-1.255866,-0.899321,1.545174,0.016556,0.020853,-0.001790,0.999644,0.470648,-0.603633,-0.037670,0.002482,0.001143,0.033471,0.315856,0.042747,5.657242,16.266236,3,0,0.000000,1,0.423978,1.219552,1,-1,2,anchor0:7-0;0-1
17.683934,-1.254000,-0.892000,1.506000,-1.178891,-0.805313,1.764036,-1.241595,-0.899112,1.556472,0.015172,0.021549,-0.001428,0.999652,0.488682,-0.582248,-0.023873,0.002412,0.001112,0.028912,0.282381,0.052458,7.087466,16.266236,3,0,0.000000,1,0.423370,1.206689,1,-1,2,anchor0:7-0;0-1
17.750446,-1.226000,-0.925000,1.506000,-1.203760,-0.939761,1.754278,-1.207746,-0.937941,1.566885,0.013906,0.019828,-0.001249,0.999706,0.516191,-0.584272,-0.019287,0.002376,0.001059,0.024405,0.249709,0.064867,9.764084,16.266236,3,0,0.000000,1,0.425839,1.210749,1,-1,2,anchor0:7-0;0-1
17.767002,-1.217000,-0.936000,1.506000,-1.190848,-0.981046,1.652184,-1.198752,-0.950976,1.571644,0.014394,0.019499,-0.001337,0.999705,0.523952,-0.594101,-0.013209,0.002331,0.001017,0.022550,0.155187,0.069760,18.826849,18.466827,4,1,0.000000,1,0.554008,0.865148,1,6,0,none
17.833520,-1.187000,-0.970000,1.505000,-1.153166,-0.902422,1.759674,-1.162958,-0.978642,1.583129,0.011953,0.019294,-0.001399,0.999741,0.545446,-0.568660,0.001673,0.002228,0.000949,0.018212,0.265651,0.082200,0.563805,16.266236,3,0,0.000000,1,0.421825,1.200529,1,-1,2,anchor0:7-0;0-1
17.850129,-1.178000,-0.980000,1.505000,-1.138253,-1.057240,1.751102,-1.152723,-0.996506,1.593938,0.013075,0.019086,-0.001833,0.999731,0.554759,-0.588721,0.017588,0.002131,0.000791,0.014604,0.260983,0.093922,14.704055,18.466827,4,0,0.000000,1,0.563730,0.865551,1,6,0,none
17.883436,-1.163000,-0.996000,1.505000,-1.120442,-0.915868,1.904925,-1.133358,-1.003739,1.614699,0.010864,0.017979,-0.001488,0.999778,0.566356,-0.563020,0.045232,0.001984,0.000664,0.007764,0.410089,0.113897,4.715440,16.266236,3,0,0.000000,1,0.410562,1.200001,1,-1,2,anchor0:7-0;0-1
17.933368,-1.139000,-1.022000,1.505000,-1.124036,-1.061943,1.622453,-1.107622,-1.035387,1.617638,0.008947,0.015756,-0.001838,0.999834,0.575156,-0.568446,0.055640,0.001979,0.000655,0.007668,0.124959,0.117691,4.388824,18.466827,4,0,0.000000,1,0.652976,0.858372,1,2,0,none
17.949930,-1.129000,-1.032000,1.505000,-1.145505,-1.078821,1.675588,-1.104142,-1.048821,1.622438,0.008293,0.014876,-0.001793,0.999853,0.567573,-0.575485,0.059573,0.001987,0.000649,0.006476,0.177665,0.121213,-25379509444842.125000,20.515006,5,0,0.000000,1,0.386482,1.591350,1,-1,0,none
17.966580,-1.122000,-1.040000,1.506000,-1.129391,-1.072484,1.670830,-1.104142,-1.048821,1.622438,0.008293,0.014876,-0.001793,0.999853,0.567573,-0.575485,0.059573,0.001987,0.000649,0.006476,0.168163,0.118129,-4602.109697,20.515006,5,0,0.000000,1,0.995244,2.504913,0,-1,0,none
17.983198,-1.115000,-1.047000,1.506000,-1.106398,-1.051144,1.607064,-1.088080,-1.065325,1.623278,0.006036,0.013640,-0.002204,0.999886,0.573797,-0.565761,0.059211,0.001992,0.000658,0.006867,0.101514,0.121715,14.149193,20.515006,5,0,0.000000,1,0.398451,0.746038,1,-1,0,none
18.016438,-1.097000,-1.065000,1.506000,-1.066511,-0.999449,1.828314,-1.069333,-1.073405,1.638696,0.003662,0.013386,-0.001937,0.999902,0.581035,-0.539161,0.073565,0.001930,0.000565,0.002516,0.330322,0.135810,0.505317,16.266236,3,0,0.000000,1,0.411296,1.183683,1,-1,2,anchor0:7-0;0-1
18.033020,-1.088000,-1.075000,1.506000,-1.115621,-1.149481,1.522497,-1.066083,-1.089960,1.632412,0.003378,0.012642,-0.002107,0.999912,0.569192,-0.549974,0.060850,0.001960,0.000623,0.004981,0.081133,0.129167,10.784160,18.466827,4,0,0.000000,1,0.566342,0.851556,1,6,0,none
18.049698,-1.081000,-1.082000,1.506000,-1.032707,-1.058646,1.766431,-1.054194,-1.094683,1.641750,0.001685,0.012947,-0.002586,0.999911,0.576721,-0.537571,0.068039,0.001932,0.000561,0.002325,0.265898,0.138952,8.319713,18.466827,4,0,0.000000,1,0.443536,1.284450,1,1,0,none
18.066230,-1.073000,-1.090000,1.506000,-1.103649,-1.114981,1.618667,-1.054194,-1.094683,1.641750,0.001685,0.012947,-0.002586,0.999911,0.576721,-0.537571,0.068039,0.001932,0.000561,0.002325,0.119404,0.137127,-3667230863163374.000000,20.515006,5,0,0.000000,1,6.096126,0.879849,0,-1,0,none
18.082856,-1.063000,-1.100000,1.505000,-1.050095,-1.101882,1.654183,-1.036846,-1.110726,1.644502,0.000776,0.013665,-0.002593,0.999903,0.580009,-0.524082,0.061159,0.001928,0.000551,0.002155,0.149752,0.142337,16.925183,20.515006,5,0,0.000000,1,0.400660,0.740085,1,-1,0,none
18.132746,-1.038000,-1.123000,1.505000,-1.054017,-1.149642,1.600303,-1.013427,-1.137602,1.644382,0.001273,0.014276,-0.002626,0.999894,0.585058,-0.510252,0.057845,0.001941,0.000578,0.003153,0.100245,0.142283,-5075779370221566.000000,20.515006,5,0,0.000000,1,0.714685,0.933015,1,-1,0,none
18.149349,-1.030000,-1.130000,1.504000,-1.011848,-1.181958,1.604162,-1.004829,-1.149786,1.642699,0.002123,0.014656,-0.002531,0.999887,0.588710,-0.513806,0.056783,0.001947,0.000605,0.003965,0.114287,0.142346,16.661373,20.515006,5,0,0.000000,1,0.398182,0.737610,1,-1,0,none
18.199242,-1.005000,-1.152000,1.504000,-0.990050,-1.170535,1.691075,-0.977520,-1.174199,1.648708,0.002833,0.016370,-0.002324,0.999859,0.597882,-0.501966,0.066489,0.001948,0.000582,0.003072,0.188585,0.148958,6.273108,18.466827,4,0,0.000000,1,0.443805,1.264100,1,1,0,none
18.215880,-0.995000,-1.161000,1.504000,-0.998314,-1.171266,1.750050,-0.971557,-1.180982,1.656365,0.003015,0.016230,-0.002069,0.999862,0.594249,-0.493021,0.076738,0.001942,0.000520,0.001180,0.246287,0.155448,-7309128483504124.000000,20.515006,5,0,0.000000,1,0.804023,0.929011,1,-1,0,none
18.265777,-0.969000,-1.183000,1.503000,-0.907353,-1.216276,1.691798,-0.937506,-1.206783,1.662301,0.002084,0.017654,-0.002009,0.999840,0.613337,-0.492455,0.078848,0.001932,0.000507,0.000531,0.201376,0.164116,19.917035,20.515006,5,0,0.000000,1,0.394569,0.737024,1,-1,0,none
18.282368,-0.961000,-1.189000,1.503000,-0.942016,-1.250477,1.653928,-0.937506,-1.206783,1.662301,0.002084,0.017654,-0.002009,0.999840,0.613337,-0.492455,0.078848,0.001932,0.000507,0.000531,0.164070,0.162003,-203029627215855.750000,20.515006,5,0,0.000000,1,1.452901,1.183657,0,-1,0,none
18.315654,-0.943000,-1.204000,1.503000,-0.954187,-1.274589,1.498955,-0.912486,-1.236254,1.654384,0.001516,0.018131,-0.002009,0.999832,0.619437,-0.489579,0.064005,0.001946,0.000609,0.003921,0.071584,0.157762,7.712548,16.266236,3,0,0.000000,1,0.613608,1.264804,1,-1,2,anchor6:5-6;6-7
18.332218,-0.934000,-1.210000,1.502000,-1.165641,-1.177408,1.061289,-0.912486,-1.236254,1.654384,0.001516,0.018131,-0.002009,0.999832,0.619437,-0.489579,0.064005,0.001946,0.000609,0.003921,0.498945,0.156119,64.953401,16.266236,3,1,0.000000,1,0.710024,1.220690,0,-1,2,anchor3:2-3;3-4
18.348949,-0.924000,-1.218000,1.502000,-1.092508,-1.176260,1.166538,-0.912486,-1.236254,1.654384,0.001516,0.018131,-0.002009,0.999832,0.619437,-0.489579,0.064005,0.001946,0.000609,0.003921,0.377720,0.153905,75.592350,16.266236,3,1,0.000000,1,0.713083,1.233904,0,-1,2,anchor3:2-3;3-4
18.365476,-0.916000,-1.225000,1.502000,-1.086321,-1.184608,1.271074,-0.912486,-1.236254,1.654384,0.001516,0.018131,-0.002009,0.999832,0.619437,-0.489579,0.064005,0.001946,0.000609,0.003921,0.289772,0.152840,79.692999,16.266236,3,1,0.000000,1,0.716869,1.238955,0,-1,2,anchor3:2-3;3-4
18.448611,-0.869000,-1.258000,1.501000,-1.070963,-1.213298,0.980650,-0.912486,-1.236254,1.654384,0.001516,0.018131,-0.002009,0.999832,0.619437,-0.489579,0.064005,0.001946,0.000609,0.003921,0.559957,0.160906,87.628460,16.266236,3,1,0.000000,1,0.715086,1.241008,0,-1,2,anchor3:2-3;3-4
18.481861,-0.852000,-1.269000,1.501000,-0.752163,-1.261010,1.724039,-0.794797,-1.304551,1.670268,0.005442,0.023634,-0.001700,0.999704,0.698795,-0.444111,0.072191,0.001917,0.000533,0.002410,0.244495,0.182175,7.655475,16.266236,3,0,0.000000,1,0.406994,1.105070,1,-1,2,anchor0:7-0;0-1
18.498441,-0.840000,-1.276000,1.501000,-0.732807,-1.194186,1.854951,-0.775485,-1.291621,1.687349,0.004270,0.024266,-0.001891,0.999695,0.718671,-0.407337,0.089081,0.001929,0.000278,-0.001722,0.378768,0.197819,2.955476,16.266236,3,0,0.000000,1,0.402031,1.107939,1,-1,2,anchor0:7-0;0-1
18.515059,-0.831000,-1.282000,1.501000,-0.727367,-1.200639,1.890682,-0.758406,-1.283789,1.705421,0.002969,0.024851,-0.001750,0.999685,0.740605,-0.379568,0.110213,0.001987,0.000134,-0.006012,0.411353,0.216936,3.952461,16.266236,3,0,0.000000,1,0.401114,1.108215,1,-1,2,anchor0:7-0;0-1
18.614859,-0.771000,-1.319000,1.501000,-0.673507,-1.276127,1.722878,-0.681057,-1.313400,1.717182,0.001202,0.021348,-0.002549,0.999768,0.775461,-0.365924,0.118254,0.001983,0.000107,-0.006175,0.246115,0.234213,0.421258,16.266236,3,0,0.000000,1,0.405224,1.087148,1,-1,2,anchor0:7-0;0-1
18.648038,-0.750000,-1.332000,1.502000,-0.765788,-1.411425,1.443525,-0.673364,-1.338969,1.696233,0.001867,0.019312,-0.002178,0.999809,0.754519,-0.382822,0.095317,0.002011,0.000393,0.000079,0.099885,0.208921,-621783875616753.000000,20.515006,5,0,0.000000,1,0.560594,0.793232,1,-1,0,none
18.697966,-0.719000,-1.350000,1.502000,-0.692101,-1.308718,1.721796,-0.644843,-1.350003,1.702969,0.000995,0.016387,-0.001753,0.999864,0.746231,-0.370702,0.095699,0.002053,0.000345,-0.000340,0.225252,0.214215,5.901969,16.266236,3,0,0.000000,1,0.406284,1.089985,1,-1,2,anchor0:7-0;0-1
18.731161,-0.701000,-1.361000,1.502000,-0.876486,-1.430232,1.533070,-0.644843,-1.350003,1.702969,0.000995,0.016387,-0.001753,0.999864,0.746231,-0.370702,0.095699,0.002053,0.000345,-0.000340,0.191191,0.208957,71.308009,16.266236,3,1,0.000000,1,0.508903,1.211361,0,-1,2,anchor4:3-4;4-5
18.747889,-0.689000,-1.368000,1.503000,-1.115353,-1.367933,0.484901,-0.644843,-1.350003,1.702969,0.000995,0.016387,-0.001753,0.999864,0.746231,-0.370702,0.095699,0.002053,0.000345,-0.000340,1.103767,0.205576,40.254071,13.815511,2,1,0.000000,1,1.549930,3.184740,0,1,2,anchor3:2-3;3-4
18.764441,-0.677000,-1.375000,1.503000,-0.880404,-1.308069,1.231588,-0.644843,-1.350003,1.702969,0.000995,0.016387,-0.001753,0.999864,0.746231,-0.370702,0.095699,0.002053,0.000345,-0.000340,0.345713,0.204075,63.758449,16.266236,3,1,0.000000,1,0.739653,1.289183,0,-1,2,anchor3:2-3;3-4
18.781082,-0.668000,-1.381000,1.503000,-1.053814,-1.806545,0.940527,-1.053814,-1.806545,0.940527,-0.002768,-0.006919,0.015221,0.999856,0.000000,0.000000,0.000000,0.000000,0.000000,0.000000,0.803938,0.803938,12.139858,13.815511,2,0,0.000000,1,0.770989,1.110163,1,2,2,anchor0:7-0;0-1
18.814309,-0.646000,-1.393000,1.503000,-0.856363,-1.315862,1.130880,-1.053814,-1.806545,0.940527,-0.002768,-0.006919,0.015221,0.999856,0.000000,0.000000,0.000000,0.000000,0.000000,0.000000,0.434369,0.808522,49.156507,16.266236,3,1,0.000000,1,0.738431,1.292106,0,-1,2,anchor3:2-3;3-4
18.847574,-0.627000,-1.404000,1.503000,-0.577758,-1.409642,1.750101,-0.577758,-1.409642,1.750101,-0.002768,-0.006919,0.015221,0.999856,0.000000,0.000000,0.000000,0.000000,0.000000,0.000000,0.252023,0.252023,7.242091,16.266236,3,0,0.000000,1,0.404668,1.062853,1,-1,2,anchor0:7-0;0-1
18.914150,-0.588000,-1.426000,1.503000,-1.053281,-1.400974,0.567982,-0.577758,-1.409642,1.750101,-0.002768,-0.006919,0.015221,0.999856,0.000000,0.000000,0.000000,0.000000,0.000000,0.000000,1.044687,0.247853,48.763769,13.815511,2,1,0.000000,1,1.571662,3.241061,0,1,2,anchor3:2-3;3-4
18.930659,-0.575000,-1.432000,1.503000,-0.955366,-1.824645,1.009878,-0.955366,-1.824645,1.009878,-0.002768,-0.006919,0.015221,0.999856,0.000000,0.000000,0.000000,0.000000,0.000000,0.000000,0.736219,0.736219,19.401809,13.815511,2,1,0.000000,1,0.761312,1.084544,1,2,2,anchor0:7-0;0-1
18.980612,-0.545000,-1.447000,1.502000,-0.523141,-1.526911,1.660298,-0.523141,-1.526911,1.660298,-0.002768,-0.006919,0.015221,0.999856,0.000000,0.000000,0.000000,0.000000,0.000000,0.000000,0.178667,0.178667,6.851394,18.466827,4,0,0.000000,1,0.612759,0.831095,1,6,0,none
18.997181,-0.532000,-1.452000,1.502000,-0.462501,-1.394221,1.826871,-0.492813,-1.460540,1.743579,-0.003472,-0.005982,0.015217,0.999860,-0.000299,0.001081,0.002067,-0.000000,-0.000000,-0.000000,0.337209,0.244885,0.718645,16.266236,3,0,0.000000,1,0.399934,1.051849,1,-1,2,anchor0:7-0;0-1
19.146775,-0.439000,-1.486000,1.501000,-0.418485,-1.545766,1.743990,-0.464242,-1.493632,1.744643,0.017722,0.014998,0.006998,0.999706,0.029092,-0.040318,0.019588,-0.000002,0.000003,0.000000,0.251072,0.245066,15.306623,16.266236,3,0,0.000000,1,0.499424,1.055659,1,-1,2,anchor1:0-1;1-2
19.196760,-0.407000,-1.494000,1.501000,-0.864594,-1.450037,0.721850,-0.464242,-1.493632,1.744643,0.017722,0.014998,0.006998,0.999706,0.029092,-0.040318,0.019588,-0.000002,0.000003,0.000000,0.904654,0.250277,36.402322,13.815511,2,1,0.000000,1,1.580974,3.309732,0,1,2,anchor3:2-3;3-4
19.213352,-0.397000,-1.496000,1.501000,-0.579952,-1.422762,1.331505,-0.498573,-1.468147,1.638282,-0.008762,-0.002644,0.012604,0.999879,-0.037358,0.079079,-0.001711,0.000005,0.000000,0.000031,0.259930,0.173029,19.720686,13.815511,2,1,0.000000,1,0.695120,1.239875,1,4,2,anchor3:2-3;3-4
19.229881,-0.384000,-1.499000,1.501000,-0.691080,-1.385161,1.160294,-0.551099,-1.445137,1.541715,-0.008128,-0.029313,0.013396,0.999447,-0.176963,0.085960,-0.021223,0.000015,-0.000008,0.000065,0.472586,0.180225,4.710873,13.815511,2,0,0.000000,1,0.673380,1.200421,1,4,2,anchor3:2-3;3-4
19.246618,-0.375000,-1.501000,1.501000,-0.479611,-1.693078,1.247244,-0.539096,-1.497777,1.491261,0.013109,-0.029728,0.014339,0.999369,-0.193268,-0.024951,-0.045386,0.000012,0.000004,0.000088,0.335007,0.164416,16.873706,13.815511,2,1,0.000000,1,0.536887,1.043653,1,2,2,anchor1:0-1;1-2
19.313021,-0.329000,-1.509000,1.501000,-0.281541,-1.436122,1.995163,-0.487336,-1.481892,1.566089,0.002556,0.013125,0.019616,0.999718,0.033034,0.053791,-0.016928,-0.000017,0.000004,0.000018,0.501758,0.173326,15.371599,16.266236,3,0,0.000000,1,0.394220,1.044652,1,-1,2,anchor0:7-0;0-1
19.329720,-0.319000,-1.510000,1.501000,-0.238310,-1.379015,1.944717,-0.434769,-1.463163,1.616338,-0.001449,0.047985,0.012943,0.998763,0.277850,0.088910,0.000871,-0.000031,-0.000005,-0.000042,0.469631,0.169997,2.526650,16.266236,3,0,0.000000,1,0.392967,1.031115,1,-1,2,anchor0:7-0;0-1
19.346306,-0.309000,-1.511000,1.501000,-0.316082,-1.459335,1.833022,-0.411115,-1.461719,1.643305,0.000021,0.058246,0.012339,0.998226,0.368931,0.086430,0.007223,-0.000039,-0.000004,-0.000076,0.336092,0.181953,9.687330,16.266236,3,0,0.000000,1,0.398315,1.039953,1,-1,2,anchor0:7-0;0-1
19.362879,-0.296000,-1.513000,1.501000,-0.265876,-1.440810,1.855773,-0.381533,-1.456724,1.663299,-0.000498,0.066958,0.014553,0.997650,0.457080,0.102092,0.011931,-0.000051,-0.000003,-0.000112,0.363294,0.191895,4.283370,16.266236,3,0,0.000000,1,0.396444,1.033725,1,-1,2,anchor0:7-0;0-1
19.429439,-0.253000,-1.519000,1.501000,-0.424320,-1.553556,1.660504,-0.381533,-1.456724,1.663299,-0.000498,0.066958,0.014553,0.997650,0.457080,0.102092,0.011931,-0.000051,-0.000003,-0.000112,0.236613,0.216194,42.716455,16.266236,3,1,0.000000,1,0.503924,1.247567,0,-1,2,anchor4:3-4;4-5
19.445985,-0.243000,-1.520000,1.501000,-0.477879,-1.415610,1.158644,-0.364901,-1.438178,1.610472,-0.003573,0.058212,0.015918,0.998171,0.470503,0.146455,-0.025140,-0.000035,-0.000010,0.000039,0.428104,0.183136,10.890352,13.815511,2,0,0.000000,1,0.691835,1.254218,1,4,2,anchor3:2-3;3-4
19.462646,-0.230000,-1.521000,1.501000,-0.684282,-1.476014,0.694500,-0.364901,-1.438178,1.610472,-0.003573,0.058212,0.015918,0.998171,0.470503,0.146455,-0.025140,-0.000035,-0.000010,0.000039,0.926735,0.192463,55.175373,13.815511,2,1,0.000000,1,1.574926,3.348782,0,1,2,anchor3:2-3;3-4
19.512469,-0.200000,-1.524000,1.502000,-0.593533,-1.502559,0.789100,-0.364901,-1.438178,1.610472,-0.003573,0.058212,0.015918,0.998171,0.470503,0.146455,-0.025140,-0.000035,-0.000010,0.000039,0.814588,0.215230,55.262604,13.815511,2,1,0.000000,1,1.583362,3.378842,0,1,2,anchor3:2-3;3-4
19.529107,-0.186000,-1.525000,1.502000,-0.448440,-1.394735,1.192978,-0.354470,-1.411766,1.563311,-0.012401,0.045288,0.016416,0.998762,0.436297,0.213251,-0.067202,-0.000022,-0.000013,0.000229,0.425838,0.212045,14.727831,13.815511,2,1,0.000000,1,0.691337,1.258830,1,4,2,anchor3:2-3;3-4
19.579024,-0.152000,-1.528000,1.502000,-0.242654,-1.605894,1.708598,-0.307642,-1.463617,1.576453,0.010990,0.051615,0.016129,0.998476,0.560398,-0.023266,-0.061773,-0.000032,0.000018,0.000152,0.238681,0.184155,2.858401,13.815511,2,0,0.000000,1,0.820500,1.555408,1,3,2,anchor3:2-3;3-4
19.595585,-0.139000,-1.529000,1.502000,-0.044864,-1.431065,1.861404,-0.239539,-1.454682,1.601056,0.008768,0.069595,0.018971,0.997356,0.788116,0.009515,-0.058127,-0.000063,0.000021,-0.000008,0.384219,0.159510,1.372177,16.266236,3,0,0.000000,1,0.391869,1.006435,1,-1,2,anchor0:7-0;0-1
19.612275,-0.129000,-1.530000,1.502000,-0.234812,-1.587421,1.728771,-0.231508,-1.484400,1.613617,0.017412,0.067787,0.016058,0.997419,0.786403,-0.100449,-0.046101,-0.000064,0.000036,-0.000071,0.256746,0.158258,8.838206,16.266236,3,0,0.000000,1,0.503503,1.257901,1,-1,2,anchor4:3-4;4-5
19.628890,-0.119000,-1.530000,1.502000,-0.057680,-1.487442,1.991883,-0.192772,-1.484743,1.645602,0.017026,0.073748,0.017383,0.996980,0.882402,-0.099487,-0.017860,-0.000085,0.000048,-0.000270,0.495537,0.167666,4.670863,16.266236,3,0,0.000000,1,0.391661,1.021199,1,-1,2,anchor0:7-0;0-1
19.645552,-0.106000,-1.531000,1.502000,-0.004659,-1.463127,1.938054,-0.151529,-1.482395,1.670478,0.015883,0.080699,0.015980,0.996484,0.989256,-0.095996,0.005725,-0.000100,0.000042,-0.000423,0.452791,0.181163,2.450828,16.266236,3,0,0.000000,1,0.390981,1.008937,1,-1,2,anchor0:7-0;0-1
19.662174,-0.096000,-1.532000,1.502000,-0.027956,-1.454871,1.790610,-0.120009,-1.478986,1.677592,0.014182,0.084391,0.016675,0.996192,1.061464,-0.085477,-0.000900,-0.000111,0.000042,-0.000500,0.306389,0.184985,2.009299,16.266236,3,0,0.000000,1,0.393349,1.002164,1,-1,2,anchor0:7-0;0-1
19.728652,-0.049000,-1.534000,1.502000,0.051341,-1.641703,1.825996,-0.027010,-1.519816,1.690691,0.021755,0.089033,0.013795,0.995695,1.247743,-0.228987,0.006440,-0.000091,0.000034,-0.000600,0.355867,0.190497,10.997675,16.266236,3,0,0.000000,1,0.906763,1.627238,1,-1,2,anchor3:2-3;3-4
19.761920,-0.025000,-1.536000,1.502000,-0.354140,-1.587711,0.799257,-0.027010,-1.519816,1.690691,0.021755,0.089033,0.013795,0.995695,1.247743,-0.228987,0.006440,-0.000091,0.000034,-0.000600,0.777724,0.189395,16.193536,13.815511,2,1,0.000000,1,1.646590,3.552774,0,1,2,anchor3:2-3;3-4
19.795183,-0.005000,-1.536000,1.502000,-0.191649,-1.751141,1.374329,0.006383,-1.587749,1.666460,0.027733,0.079880,0.009347,0.996375,1.186943,-0.412057,-0.026137,-0.000062,0.000055,-0.000298,0.312127,0.172785,9.988598,13.815511,2,0,0.000000,1,0.635776,1.148771,1,1,2,anchor4:3-4;4-5
19.861680,0.042000,-1.537000,1.502000,0.093596,-1.590341,1.732967,0.088051,-1.609670,1.672774,0.023134,0.081795,0.010067,0.996330,1.273897,-0.433409,-0.024466,-0.000061,0.000054,-0.000365,0.242597,0.191221,5.115231,18.466827,4,0,0.000000,1,0.624338,0.769437,1,6,0,none
19.878275,0.052000,-1.538000,1.502000,0.093210,-1.480038,1.968613,0.099672,-1.584583,1.702675,0.016169,0.080690,0.009337,0.996564,1.265378,-0.347411,0.018066,-0.000052,0.000048,-0.000643,0.472002,0.211455,2.854535,16.266236,3,0,0.000000,1,0.392102,1.000369,1,-1,2,anchor0:7-0;0-1
19.894809,0.062000,-1.538000,1.501000,0.157836,-1.702641,1.883873,0.124126,-1.611298,1.718942,0.018745,0.081628,0.008896,0.996447,1.294497,-0.409638,0.034337,-0.000054,0.000060,-0.000820,0.427648,0.238183,15.195943,16.266236,3,0,0.000000,1,0.938205,1.679576,1,-1,2,anchor3:2-3;3-4
19.944722,0.096000,-1.537000,1.501000,0.079791,-1.585658,1.703835,0.167928,-1.622774,1.720956,0.015707,0.078466,0.008366,0.996758,1.316978,-0.408384,0.040395,-0.000043,0.000053,-0.000783,0.209219,0.246803,9.294433,20.515006,5,0,0.000000,1,0.365642,0.710726,1,-1,0,none
19.961323,0.110000,-1.537000,1.501000,0.187500,-1.686701,1.847325,0.187120,-1.638518,1.732494,0.016865,0.076977,0.009724,0.996843,1.330921,-0.434524,0.055287,-0.000036,0.000070,-0.000917,0.385173,0.264278,9.847204,16.266236,3,0,0.000000,1,0.935145,1.679005,1,-1,2,anchor3:2-3;3-4
20.110946,0.215000,-1.530000,1.501000,0.206032,-1.531450,1.613559,0.351638,-1.661005,1.730287,0.001635,0.064052,0.007347,0.997918,1.421690,-0.382561,0.037785,-0.000009,0.000027,-0.000656,0.112925,0.297329,4.600061,18.466827,4,0,0.000000,1,0.383733,0.792133,1,0,0,none
20.360359,0.392000,-1.497000,1.501000,0.417749,-1.517285,1.688131,0.601661,-1.656653,1.748656,0.000178,0.042388,0.007611,0.999072,1.432480,-0.237182,0.052961,0.000056,-0.000057,-0.000297,0.189980,0.361636,-6712720812565632.000000,20.515006,5,0,0.000000,1,0.751908,1.888614,1,-1,0,none
20.393500,0.417000,-1.490000,1.502000,0.459828,-1.513104,1.665959,0.589846,-1.615430,1.737995,-0.004165,0.036075,0.006829,0.999317,1.348299,-0.155190,0.039510,0.000123,-0.000117,-0.000072,0.171028,0.318280,8.789235,18.466827,4,0,0.000000,1,0.519460,0.840449,1,2,0,none
20.410219,0.426000,-1.487000,1.502000,0.479460,-1.553837,1.622707,0.579773,-1.602627,1.722628,-0.005273,0.033200,0.008379,0.999400,1.303671,-0.130362,0.035658,0.000159,-0.000139,0.000138,0.147971,0.292732,-913634047904390.750000,20.515006,5,0,0.000000,1,0.410627,0.702422,1,-1,0,none
20.443473,0.451000,-1.481000,1.502000,0.478868,-1.499598,1.573591,0.592339,-1.582988,1.704286,-0.007117,0.029695,0.007723,0.999504,1.260296,-0.092830,0.011737,0.000171,-0.000161,0.000463,0.079043,0.267017,-7309113007546348.000000,20.515006,5,0,0.000000,1,0.649961,0.904460,1,-1,0,none
20.460069,0.461000,-1.478000,1.502000,0.524053,-1.485472,1.597894,0.596163,-1.565759,1.693019,-0.008656,0.028199,0.007239,0.999539,1.238492,-0.061732,-0.001611,0.000174,-0.000180,0.000705,0.115010,0.249918,11.518652,18.466827,4,0,0.000000,1,0.520357,0.833490,1,2,0,none
20.476671,0.474000,-1.473000,1.502000,0.519229,-1.513602,1.658557,0.600027,-1.557957,1.689037,-0.009460,0.026986,0.007253,0.999565,1.217185,-0.044874,-0.004995,0.000188,-0.000190,0.000768,0.167941,0.241005,-357418573313275.875000,20.515006,5,0,0.000000,1,0.396982,0.729603,1,-1,0,none
20.493304,0.484000,-1.470000,1.502000,0.546205,-1.508004,1.577391,0.609232,-1.551071,1.678072,-0.010126,0.026605,0.007454,0.999567,1.204998,-0.027845,-0.013559,0.000187,-0.000197,0.000980,0.104869,0.230775,7.932295,18.466827,4,0,0.000000,1,0.518476,0.833685,1,2,0,none
20.526550,0.507000,-1.462000,1.502000,0.567999,-1.475883,1.563684,0.637982,-1.541551,1.665776,-0.011760,0.027523,0.007743,0.999522,1.210305,-0.010313,-0.029586,0.000206,-0.000217,0.001138,0.087855,0.224293,-1268932147464197.500000,20.515006,5,0,0.000000,1,0.709221,1.145479,1,-1,0,none
20.543140,0.516000,-1.458000,1.502000,0.594540,-1.485109,1.652425,0.649364,-1.534357,1.665711,-0.012274,0.026976,0.007615,0.999532,1.202926,0.006654,-0.030349,0.000213,-0.000228,0.001235,0.171846,0.224539,12.115952,20.515006,5,0,0.000000,1,0.363233,0.728233,1,-1,0,none
20.559843,0.525000,-1.454000,1.502000,0.579446,-1.466825,1.591841,0.658159,-1.526009,1.659130,-0.013098,0.026301,0.007784,0.999538,1.187026,0.025368,-0.036652,0.000221,-0.000239,0.001371,0.105831,0.218189,-8685920699734370.000000,20.515006,5,0,0.000000,1,0.478505,1.042592,1,-1,0,none
20.576494,0.539000,-1.450000,1.502000,0.599842,-1.504384,1.608543,0.668874,-1.523127,1.654930,-0.013977,0.025884,0.008876,0.999528,1.176682,0.032896,-0.037377,0.000230,-0.000240,0.001475,0.134204,0.213548,-107403340196438576.000000,20.515006,5,0,0.000000,1,0.581094,0.990359,1,-1,0,none
20.593059,0.549000,-1.445000,1.502000,0.632681,-1.472254,1.668717,0.682367,-1.517118,1.655387,-0.015453,0.025618,0.008785,0.999514,1.177276,0.045664,-0.033285,0.000240,-0.000248,0.001453,0.188520,0.215674,-2537879609626363.500000,20.515006,5,0,0.000000,1,0.434181,0.780963,1,-1,0,none
20.609682,0.561000,-1.441000,1.502000,0.617502,-1.472738,1.645481,0.692617,-1.511930,1.654257,-0.016792,0.025282,0.009013,0.999499,1.173106,0.059592,-0.029850,0.000256,-0.000257,0.001476,0.157437,0.213393,-6496994498692082.000000,20.515006,5,0,0.000000,1,0.375834,0.659343,1,-1,0,none
20.626251,0.570000,-1.436000,1.502000,0.590271,-1.423423,1.606307,0.699803,-1.502233,1.650935,-0.018009,0.024488,0.008891,0.999498,1.161667,0.083372,-0.029492,0.000278,-0.000279,0.001557,0.107000,0.208368,18.029411,20.515006,5,0,0.000000,1,0.363207,0.725556,1,-1,0,none
20.642959,0.579000,-1.432000,1.502000,0.632110,-1.466247,1.602141,0.710750,-1.497621,1.647212,-0.018429,0.023944,0.009131,0.999502,1.153804,0.093499,-0.034521,0.000292,-0.000285,0.001641,0.118414,0.206762,4.422346,20.515006,5,0,0.000000,1,0.362937,0.726761,1,-1,0,none
20.659535,0.592000,-1.426000,1.502000,0.677323,-1.492902,1.890039,0.724811,-1.496003,1.662616,-0.018624,0.024337,0.009559,0.999485,1.148693,0.096271,-0.020664,0.000333,-0.000294,0.001256,0.402902,0.219856,11.360871,16.266236,3,0,0.000000,1,0.978268,1.792797,1,-1,2,anchor3:2-3;3-4
20.692854,0.613000,-1.416000,1.502000,0.650580,-1.444656,1.668788,0.751934,-1.488379,1.662602,-0.018813,0.026290,0.010095,0.999426,1.137802,0.111443,-0.024218,0.000357,-0.000302,0.001270,0.173354,0.224353,0.871167,18.466827,4,0,0.000000,1,0.519599,0.826052,1,2,0,none
20.709455,0.623000,-1.411000,1.502000,0.640071,-1.438856,1.755030,0.758506,-1.482356,1.667956,-0.018539,0.026400,0.010814,0.999421,1.118207,0.125516,-0.020521,0.000402,-0.000317,0.001113,0.255131,0.225821,-25378501893253.437500,20.515006,5,0,0.000000,1,0.401262,0.882047,1,-1,0,none
20.726069,0.632000,-1.406000,1.502000,0.709124,-1.495470,1.787993,0.770937,-1.481734,1.675623,-0.017873,0.026821,0.011229,0.999417,1.117465,0.127269,-0.011370,0.000431,-0.000315,0.000938,0.309427,0.234913,8.085463,16.266236,3,0,0.000000,1,0.970895,1.786025,1,-1,2,anchor3:2-3;3-4
20.759246,0.653000,-1.394000,1.502000,0.688975,-1.396356,1.645940,0.796582,-1.470203,1.673977,-0.016448,0.027408,0.011841,0.999419,1.114816,0.152171,-0.005714,0.000447,-0.000333,0.001005,0.148387,0.236640,-317241449917566.250000,20.515006,5,0,0.000000,1,0.742464,0.780483,1,-1,0,none
20.775880,0.662000,-1.389000,1.502000,0.649525,-1.444358,1.674554,0.796582,-1.470203,1.673977,-0.016448,0.027408,0.011841,0.999419,1.114816,0.152171,-0.005714,0.000447,-0.000333,0.001005,0.181646,0.232985,-2487126474825723.500000,20.515006,5,0,0.000000,1,3.369475,-nan,0,-1,0,none
20.792530,0.674000,-1.382000,1.502000,0.685733,-1.411543,1.657224,0.819579,-1.459726,1.673424,-0.015864,0.027149,0.011767,0.999436,1.105717,0.173087,-0.002883,0.000480,-0.000341,0.001017,0.158446,0.237951,2.028333,18.466827,4,0,0.000000,1,0.521555,0.821198,1,2,0,none
20.825728,0.692000,-1.371000,1.502000,0.711945,-1.416688,1.678965,0.841940,-1.450416,1.673688,-0.015936,0.024893,0.012005,0.999491,1.090971,0.188640,-0.005050,0.000531,-0.000354,0.001011,0.183853,0.241383,-158615888718395.125000,20.515006,5,0,0.000000,1,0.865246,0.719804,1,-1,0,none
20.859036,0.713000,-1.358000,1.502000,0.741771,-1.350917,1.667245,0.864720,-1.434936,1.674890,-0.016252,0.021556,0.012031,0.999563,1.082803,0.213117,-0.002552,0.000571,-0.000393,0.001160,0.167881,0.242547,7.294811,18.466827,4,0,0.000000,1,0.525231,0.813445,1,2,0,none
20.875636,0.723000,-1.353000,1.502000,0.698691,-1.381273,1.751973,0.865029,-1.426935,1.679222,-0.016066,0.018530,0.012305,0.999623,1.052564,0.225608,0.004096,0.000653,-0.000412,0.000940,0.252738,0.238844,8.660882,18.466827,4,0,0.000000,1,0.467148,1.300766,1,5,0,none
20.892311,0.735000,-1.345000,1.502000,0.766608,-1.383782,1.735062,0.871123,-1.419801,1.682769,-0.016521,0.016878,0.012501,0.999643,1.034452,0.236725,0.009472,0.000704,-0.000427,0.000824,0.238371,0.238332,-203029949630584.062500,20.515006,5,0,0.000000,1,0.367039,0.824104,1,-1,0,none
20.908858,0.744000,-1.339000,1.502000,0.775012,-1.370972,1.694495,0.878250,-1.411666,1.685527,-0.017396,0.015844,0.013598,0.999631,1.023118,0.250535,0.014308,0.000751,-0.000438,0.000971,0.197581,0.238716,4.665325,18.466827,4,0,0.000000,1,0.523137,0.814225,1,2,0,none
20.925511,0.753000,-1.332000,1.501000,0.804235,-1.343716,1.718154,0.887082,-1.402071,1.687234,-0.017946,0.014694,0.013036,0.999646,1.014922,0.266523,0.015795,0.000791,-0.000464,0.000884,0.223424,0.239940,6.890768,18.466827,4,0,0.000000,1,0.524782,0.811103,1,2,0,none
20.942217,0.765000,-1.325000,1.501000,0.762857,-1.320638,1.681189,0.891819,-1.390821,1.686787,-0.017837,0.012717,0.011007,0.999699,0.994625,0.288848,0.013624,0.000879,-0.000518,0.000864,0.180255,0.234377,3.687287,20.515006,5,0,0.000000,1,0.367710,0.729647,1,-1,0,none
20.958776,0.774000,-1.318000,1.501000,0.816942,-1.361231,1.716976,0.900711,-1.383971,1.690157,-0.016744,0.011746,0.011766,0.999722,0.983620,0.294868,0.016505,0.000891,-0.000525,0.000982,0.224408,0.237040,9.676552,18.466827,4,0,0.000000,1,0.523374,0.811858,1,2,0,none
20.992031,0.795000,-1.303000,1.501000,0.872998,-1.386539,1.931406,0.927613,-1.375712,1.703616,-0.015435,0.011827,0.012675,0.999731,0.972775,0.296551,0.028139,0.000949,-0.000523,0.000410,0.445322,0.252837,7.741593,16.266236,3,0,0.000000,1,0.996716,1.831770,1,-1,2,anchor3:2-3;3-4
21.008671,0.804000,-1.297000,1.501000,0.808060,-1.340871,1.747321,0.931960,-1.368693,1.705937,-0.015122,0.010833,0.013763,0.999732,0.952156,0.306472,0.032728,0.001003,-0.000539,0.000246,0.250230,0.252017,-1624249914336251.000000,20.515006,5,0,0.000000,1,0.510924,0.676999,1,-1,0,none
21.025280,0.816000,-1.288000,1.500000,0.855654,-1.307737,1.699448,0.940135,-1.358873,1.706135,-0.014836,0.010118,0.013372,0.999749,0.941706,0.321084,0.036300,0.001034,-0.000562,0.000252,0.204307,0.250847,9.462852,18.466827,4,0,0.000000,1,0.527460,0.804487,1,2,0,none
21.041932,0.824000,-1.281000,1.500000,0.944891,-1.362731,1.882931,0.954144,-1.354743,1.715635,-0.013814,0.009629,0.013689,0.999764,0.946293,0.320708,0.047770,0.001061,-0.000560,-0.000175,0.409793,0.262438,7.220629,16.266236,3,0,0.000000,1,0.998424,1.838290,1,-1,2,anchor3:2-3;3-4
21.058480,0.833000,-1.275000,1.500000,0.904083,-1.369296,1.854968,0.964002,-1.351394,1.723287,-0.012773,0.008800,0.014220,0.999779,0.937140,0.318606,0.055769,0.001102,-0.000552,-0.000515,0.374094,0.269916,8.867942,16.266236,3,0,0.000000,1,0.988612,1.823464,1,-1,2,anchor3:2-3;3-4
21.075176,0.845000,-1.266000,1.500000,0.816143,-1.265058,1.581948,0.966607,-1.339166,1.719421,-0.012823,0.007260,0.013843,0.999796,0.911761,0.336700,0.055181,0.001163,-0.000604,-0.000019,0.086885,0.261318,12.865176,20.515006,5,0,0.000000,1,0.367300,0.726962,1,-1,0,none
21.091764,0.853000,-1.258000,1.500000,0.847638,-1.253118,1.692275,0.971220,-1.327393,1.719036,-0.012853,0.005690,0.013831,0.999806,0.889603,0.351920,0.054919,0.001215,-0.000639,0.000077,0.192412,0.258396,-63447403335780.703125,20.515006,5,0,0.000000,1,0.355754,0.798228,1,-1,0,none
21.108389,0.862000,-1.252000,1.500000,0.832066,-1.282181,1.717954,0.973508,-1.319019,1.719549,-0.013182,0.003792,0.014190,0.999805,0.866328,0.358692,0.054962,0.001280,-0.000660,0.000063,0.222061,0.255200,-207259411116194.625000,20.515006,5,0,0.000000,1,0.378806,0.710803,1,-1,0,none
21.124941,0.871000,-1.245000,1.500000,0.822389,-1.249630,1.569493,0.975423,-1.307816,1.714221,-0.013738,0.001684,0.014746,0.999795,0.846289,0.376227,0.051296,0.001331,-0.000674,0.000527,0.084934,0.246456,0.736428,18.466827,4,0,0.000000,1,0.533326,0.797525,1,2,0,none
21.141589,0.871000,-1.245000,1.500000,0.827098,-1.233501,1.674423,0.977192,-1.296564,1.712840,-0.013830,-0.000672,0.014629,0.999797,0.824977,0.391292,0.049268,0.001395,-0.000703,0.000640,0.180230,0.243385,5.564485,18.466827,4,0,0.000000,1,0.448552,1.259882,1,5,0,none
21.174863,0.871000,-1.245000,1.500000,0.859720,-1.234317,1.631736,0.993278,-1.279499,1.710542,-0.013870,-0.004197,0.014521,0.999790,0.800627,0.409117,0.050702,0.001451,-0.000728,0.000863,0.132649,0.245907,-511806807411363.500000,20.515006,5,0,0.000000,1,0.395856,0.709926,1,-1,0,none
21.191536,0.911000,-1.211000,1.500000,0.871589,-1.237119,1.610299,0.995650,-1.270046,1.706623,-0.014329,-0.006332,0.014192,0.999777,0.775016,0.418180,0.044119,0.001503,-0.000746,0.001139,0.120005,0.230966,-101515136022772.625000,20.515006,5,0,0.000000,1,0.489073,0.898231,1,-1,0,none
21.208148,0.922000,-1.202000,1.501000,1.007281,-1.298653,1.794506,1.007971,-1.266160,1.711382,-0.013612,-0.007536,0.014232,0.999778,0.770837,0.418408,0.045794,0.001516,-0.000730,0.000902,0.320563,0.236153,3.303829,16.266236,3,0,0.000000,1,0.985239,1.825814,1,-1,2,anchor3:2-3;3-4
21.241375,0.938000,-1.187000,1.501000,0.892190,-1.204358,1.508888,1.021748,-1.248464,1.701790,-0.015396,-0.008594,0.012692,0.999764,0.732045,0.426303,0.025565,0.001587,-0.000777,0.001310,0.049619,0.226071,-5790601994712569.000000,20.515006,5,0,0.000000,1,0.434051,0.882713,1,-1,0,none
21.258007,0.949000,-1.178000,1.501000,0.874237,-1.195892,1.632478,1.020658,-1.237916,1.698191,-0.016845,-0.008992,0.012276,0.999742,0.701760,0.443021,0.019475,0.001664,-0.000800,0.001408,0.152303,0.218195,6.488242,18.466827,4,0,0.000000,1,0.442493,1.247011,1,5,0,none
21.274571,0.956000,-1.170000,1.501000,1.023861,-1.188697,1.660844,1.031433,-1.227514,1.697878,-0.017036,-0.008440,0.012210,0.999745,0.699680,0.460763,0.017648,0.001680,-0.000829,0.001589,0.174656,0.218538,2.758477,18.466827,4,0,0.000000,1,0.537688,0.782830,1,2,0,none
21.307897,0.975000,-1.152000,1.501000,0.978630,-1.177006,1.665725,1.048388,-1.209380,1.696100,-0.018207,-0.008183,0.012151,0.999727,0.681422,0.475030,0.020691,0.001729,-0.000856,0.001601,0.166651,0.216200,-203031561708018.000000,20.515006,5,0,0.000000,1,0.715753,0.885925,1,-1,0,none
21.324503,0.982000,-1.144000,1.501000,0.959083,-1.147333,1.571506,1.050971,-1.197422,1.690137,-0.019145,-0.008682,0.011509,0.999713,0.657493,0.490848,0.012927,0.001765,-0.000887,0.001968,0.074211,0.208287,4.634268,18.466827,4,0,0.000000,1,0.396243,0.832179,1,4,0,none
21.341089,0.993000,-1.134000,1.501000,1.001433,-1.146087,1.700202,1.056698,-1.186218,1.690672,-0.019792,-0.008191,0.010959,0.999710,0.642826,0.502909,0.014089,0.001800,-0.000912,0.001931,0.199746,0.206784,-913641060438008.500000,20.515006,5,0,0.000000,1,0.445468,0.718671,1,-1,0,none
21.357721,1.001000,-1.127000,1.501000,1.047272,-1.141975,1.584826,1.056698,-1.186218,1.690672,-0.019792,-0.008191,0.010959,0.999710,0.642826,0.502909,0.014089,0.001800,-0.000912,0.001931,0.096912,0.206360,-1535423968806907.750000,20.515006,5,0,0.000000,1,0.967321,-nan,0,-1,0,none
21.374388,1.008000,-1.119000,1.502000,1.054535,-1.109986,1.498313,1.075801,-1.164170,1.682298,-0.021200,-0.006242,0.010277,0.999703,0.640706,0.525643,0.007761,0.001782,-0.000945,0.002575,0.047543,0.197850,4.934202,18.466827,4,0,0.000000,1,0.545782,0.769728,1,2,0,none
21.390992,1.018000,-1.108000,1.501000,1.041934,-1.128521,1.688157,1.082878,-1.153388,1.683641,-0.021530,-0.006384,0.009917,0.999699,0.633358,0.535392,0.003104,0.001818,-0.000967,0.002631,0.189794,0.199065,-4089.172307,20.515006,5,0,0.000000,1,0.713723,1.057329,1,-1,0,none
21.407625,1.026000,-1.100000,1.502000,1.043790,-1.094535,1.505804,1.088729,-1.140540,1.675508,-0.021742,-0.007472,0.009445,0.999691,0.622729,0.552193,-0.006889,0.001812,-0.000991,0.003218,0.018995,0.188901,6.900893,18.466827,4,0,0.000000,1,0.546805,0.768842,1,2,0,none
21.440887,1.043000,-1.081000,1.501000,1.070772,-1.101764,1.560731,1.106003,-1.120468,1.669081,-0.021238,-0.009819,0.009134,0.999685,0.611184,0.564434,-0.009648,0.001841,-0.001011,0.003522,0.069066,0.183789,17.664608,20.515006,5,0,0.000000,1,0.373018,0.730851,1,-1,0,none
21.457508,1.051000,-1.073000,1.502000,1.046494,-1.093897,1.709325,1.110407,-1.109885,1.670648,-0.021395,-0.010945,0.009004,0.999671,0.593849,0.572077,-0.008783,0.001889,-0.001024,0.003371,0.208424,0.182570,-5335907452911604.000000,20.515006,5,0,0.000000,1,0.490743,0.676100,1,-1,0,none
21.474100,1.058000,-1.063000,1.502000,1.063764,-1.045324,1.537914,1.115134,-1.096234,1.664206,-0.022184,-0.011060,0.008718,0.999655,0.578065,0.587803,-0.017876,0.001901,-0.001055,0.003828,0.040442,0.175156,-609091460967075.875000,20.515006,5,0,0.000000,1,0.386398,1.004885,1,-1,0,none
21.490669,1.068000,-1.052000,1.502000,1.058269,-1.047094,1.636266,1.119148,-1.083700,1.662511,-0.022728,-0.011365,0.007873,0.999646,0.566564,0.602621,-0.019987,0.001935,-0.001080,0.003916,0.134708,0.171420,8.460238,18.466827,4,0,0.000000,1,0.429809,1.206969,1,5,0,none
21.507354,1.076000,-1.044000,1.502000,1.049692,-1.024077,1.497351,1.122169,-1.069820,1.654645,-0.022515,-0.012564,0.007043,0.999643,0.554448,0.619302,-0.027428,0.001959,-0.001109,0.004484,0.033326,0.161551,0.836840,18.466827,4,0,0.000000,1,0.552527,0.760798,1,2,0,none
21.523948,1.083000,-1.035000,1.502000,1.056602,-1.033355,1.714327,1.125684,-1.057796,1.656561,-0.021461,-0.014431,0.006872,0.999642,0.538623,0.630414,-0.024153,0.002013,-0.001128,0.004246,0.213968,0.161959,9.866640,16.266236,3,0,0.000000,1,0.529303,1.076023,1,-1,2,anchor5:4-5;5-6
21.557185,1.099000,-1.014000,1.502000,1.049676,-1.022395,1.512933,1.135235,-1.035763,1.648927,-0.019799,-0.016148,0.006907,0.999650,0.500340,0.646015,-0.031373,0.002047,-0.001135,0.004761,0.051214,0.152886,-2144519298762758.500000,20.515006,5,0,0.000000,1,0.547269,1.431581,1,-1,0,none
21.573852,1.106000,-1.006000,1.502000,1.085311,-0.955675,1.596621,1.138734,-1.019818,1.646055,-0.019096,-0.017326,0.006406,0.999647,0.488247,0.662358,-0.031943,0.002082,-0.001180,0.004943,0.109150,0.148372,-1027841840381931.250000,20.515006,5,0,0.000000,1,0.997027,0.935474,1,-1,0,none
21.590461,1.116000,-0.994000,1.502000,1.103001,-0.979381,1.582946,1.143229,-1.006626,1.642562,-0.017486,-0.018548,0.006267,0.999655,0.473888,0.673317,-0.037360,0.002097,-0.001197,0.005167,0.083276,0.143731,-1624244755686398.000000,20.515006,5,0,0.000000,1,0.572133,1.126247,1,-1,0,none
21.607087,1.123000,-0.986000,1.502000,1.126058,-0.943439,1.586565,1.149068,-0.991420,1.639319,-0.016019,-0.019044,0.005745,0.999674,0.463088,0.684829,-0.043053,0.002103,-0.001226,0.005362,0.094721,0.139877,7.388134,20.515006,5,0,0.000000,1,0.465546,1.059570,1,-1,0,none
21.623716,1.129000,-0.976000,1.502000,1.095554,-0.940864,1.555034,1.149068,-0.991420,1.639319,-0.016019,-0.019044,0.005745,0.999674,0.463088,0.684829,-0.043053,0.002103,-0.001226,0.005362,0.071873,0.139632,-456820530219006.000000,20.515006,5,0,0.000000,1,1.703709,-nan,0,-1,0,none
21.640274,1.138000,-0.965000,1.502000,1.143033,-0.973812,1.615055,1.162257,-0.969295,1.636847,-0.012965,-0.020953,0.005377,0.999682,0.448607,0.694378,-0.041867,0.002112,-0.001222,0.005450,0.113509,0.137079,-7461383938294442.000000,20.515006,5,0,0.000000,1,0.441871,0.715617,1,-1,0,none
21.673629,1.154000,-0.943000,1.502000,1.197999,-1.003456,1.716697,1.178616,-0.951156,1.639376,-0.010786,-0.021895,0.005769,0.999685,0.430178,0.691675,-0.041131,0.002112,-0.001188,0.005130,0.227345,0.139802,10.602876,16.266236,3,0,0.000000,1,0.954153,1.788502,1,-1,2,anchor3:2-3;3-4
21.690181,1.161000,-0.935000,1.502000,1.074341,-0.918799,1.375170,1.175898,-0.938151,1.626202,-0.010269,-0.023393,0.005770,0.999657,0.403029,0.698751,-0.056841,0.002138,-0.001197,0.006185,0.154461,0.125132,0.311555,18.466827,4,0,0.000000,1,0.567019,0.932105,1,7,0,none
21.723474,1.176000,-0.914000,1.502000,1.145425,-0.888343,1.532885,1.185138,-0.912868,1.619857,-0.009384,-0.024685,0.005377,0.999637,0.385574,0.701324,-0.063674,0.002150,-0.001212,0.006563,0.050467,0.118216,0.947991,18.466827,4,0,0.000000,1,0.564397,0.740208,1,2,0,none
21.789908,1.202000,-0.877000,1.502000,1.246766,-0.931067,1.781390,1.213553,-0.873503,1.624548,-0.008185,-0.026745,0.005566,0.999593,0.363129,0.685920,-0.053778,0.002153,-0.001169,0.005786,0.288073,0.123141,1.845469,16.266236,3,0,0.000000,1,0.958024,1.790242,1,-1,2,anchor3:2-3;3-4
21.806584,1.210000,-0.865000,1.502000,1.203770,-0.850018,1.628999,1.217863,-0.861170,1.623892,-0.008381,-0.027734,0.005698,0.999564,0.346030,0.688162,-0.054267,0.002166,-0.001178,0.005755,0.128031,0.122206,4.269026,20.515006,5,0,0.000000,1,0.378923,0.730006,1,-1,0,none
21.823266,1.217000,-0.857000,1.502000,1.197760,-0.923571,1.673485,1.221153,-0.856808,1.625666,-0.007714,-0.028017,0.006152,0.999559,0.330962,0.675430,-0.050001,0.002192,-0.001130,0.005529,0.184956,0.123736,5.580958,16.266236,3,0,0.000000,1,0.934593,1.760461,1,-1,2,anchor3:2-3;3-4
21.839813,1.221000,-0.851000,1.502000,1.270506,-0.870866,1.737534,1.230425,-0.848668,1.630645,-0.007785,-0.027696,0.005952,0.999568,0.333107,0.669628,-0.042737,0.002182,-0.001116,0.005019,0.241499,0.129011,1.126317,16.266236,3,0,0.000000,1,0.946056,1.773275,1,-1,2,anchor3:2-3;3-4
21.856414,1.230000,-0.836000,1.502000,1.259152,-0.931719,1.761691,1.237905,-0.846405,1.636626,-0.007325,-0.027477,0.006001,0.999578,0.328572,0.654886,-0.035868,0.002189,-0.001059,0.004437,0.278301,0.135259,3.047195,16.266236,3,0,0.000000,1,0.957924,1.790962,1,-1,2,anchor3:2-3;3-4
21.873104,1.236000,-0.828000,1.502000,1.283236,-0.867579,1.828715,1.246800,-0.838737,1.645480,-0.007049,-0.027331,0.006059,0.999583,0.323060,0.654164,-0.027271,0.002195,-0.001040,0.003572,0.332477,0.144286,11.846860,16.266236,3,0,0.000000,1,0.959207,1.788921,1,-1,2,anchor3:2-3;3-4
21.889727,1.243000,-0.817000,1.502000,1.168224,-0.789563,1.496749,1.244841,-0.824639,1.637762,-0.008227,-0.027773,0.006038,0.999562,0.298645,0.659593,-0.035470,0.002222,-0.001063,0.004219,0.079824,0.135989,4.107910,18.466827,4,0,0.000000,1,0.577515,0.937388,1,7,0,none
21.906373,1.248000,-0.809000,1.502000,1.242740,-0.784118,1.636655,1.249161,-0.811325,1.637116,-0.009498,-0.027164,0.005885,0.999569,0.290986,0.662605,-0.035273,0.002226,-0.001080,0.004213,0.137035,0.135141,3.054482,20.515006,5,0,0.000000,1,0.380275,0.728925,1,-1,0,none
21.922907,1.253000,-0.800000,1.502000,1.207773,-0.782690,1.539069,1.249901,-0.799306,1.631902,-0.010487,-0.026845,0.005957,0.999567,0.274095,0.667220,-0.042302,0.002238,-0.001090,0.004637,0.060986,0.129941,6.940513,20.515006,5,0,0.000000,1,0.377948,0.726418,1,-1,0,none
21.939569,1.260000,-0.789000,1.502000,1.236174,-0.797875,1.631993,1.252839,-0.789268,1.631244,-0.011248,-0.026231,0.005927,0.999575,0.262848,0.666788,-0.041681,0.002248,-0.001085,0.004631,0.132456,0.129443,-951705407761062.000000,20.515006,5,0,0.000000,1,0.410586,0.777033,1,-1,0,none
21.956180,1.266000,-0.780000,1.502000,1.267904,-0.761693,1.607144,1.257869,-0.777097,1.629504,-0.012051,-0.025559,0.005506,0.999586,0.260691,0.671507,-0.040741,0.002239,-0.001094,0.004734,0.106743,0.127796,7.782987,20.515006,5,0,0.000000,1,0.459854,0.734142,1,-1,0,none
21.972844,1.271000,-0.773000,1.502000,1.311612,-0.865359,1.727382,1.265999,-0.773598,1.633500,-0.011625,-0.025128,0.005873,0.999599,0.263883,0.658373,-0.031456,0.002225,-0.001041,0.004330,0.246934,0.131597,0.892041,16.266236,3,0,0.000000,1,0.951301,1.781250,1,-1,2,anchor3:2-3;3-4
21.989409,1.277000,-0.761000,1.502000,1.266238,-0.782243,1.604760,1.269748,-0.764608,1.631765,-0.011287,-0.025332,0.005930,0.999598,0.253403,0.655742,-0.032139,0.002223,-0.001032,0.004457,0.105483,0.130018,4.894375,18.466827,4,0,0.000000,1,0.575162,0.721480,1,2,0,none
22.005996,1.282000,-0.753000,1.502000,1.253374,-0.687890,1.551068,1.272148,-0.749227,1.627619,-0.011975,-0.025880,0.005740,0.999577,0.242605,0.663774,-0.034985,0.002224,-0.001066,0.004792,0.086409,0.126061,2.479337,18.466827,4,0,0.000000,1,0.414612,0.685177,1,0,0,none
22.022727,1.287000,-0.744000,1.501000,1.276268,-0.718355,1.569076,1.276009,-0.736949,1.624501,-0.013423,-0.026213,0.005680,0.999550,0.239638,0.666334,-0.035767,0.002216,-0.001077,0.005042,0.073534,0.124189,7.047071,18.466827,4,0,0.000000,1,0.434711,0.886918,1,1,0,none
22.039306,1.294000,-0.734000,1.502000,1.367190,-0.806991,1.681594,1.286162,-0.731836,1.626604,-0.013438,-0.025785,0.005751,0.999561,0.244656,0.658941,-0.032678,0.002177,-0.001035,0.004826,0.207216,0.124869,0.327636,16.266236,3,0,0.000000,1,0.945476,1.772957,1,-1,2,anchor3:2-3;3-4
22.055949,1.299000,-0.724000,1.502000,1.315903,-0.705006,1.469952,1.291765,-0.719591,1.619315,-0.013773,-0.025922,0.005713,0.999553,0.235469,0.665251,-0.041618,0.002146,-0.001045,0.005513,0.040909,0.117620,-114202714447865.375000,20.515006,5,0,0.000000,1,0.636108,0.677642,1,-1,0,none
22.072504,1.304000,-0.716000,1.502000,1.304839,-0.730121,1.457090,1.295898,-0.710347,1.611735,-0.013922,-0.026136,0.005894,0.999544,0.226418,0.667781,-0.050243,0.002124,-0.001037,0.006226,0.047085,0.110178,8.020173,20.515006,5,0,0.000000,1,0.458999,0.728953,1,-1,0,none
22.089156,1.310000,-0.705000,1.502000,1.311620,-0.686522,1.551131,1.300273,-0.698607,1.608387,-0.014480,-0.026132,0.005896,0.999536,0.221625,0.671090,-0.052376,0.002112,-0.001044,0.006488,0.052516,0.107022,2.662117,20.515006,5,0,0.000000,1,0.459664,0.731099,1,-1,0,none
22.122413,1.320000,-0.685000,1.502000,1.406891,-0.752924,1.731632,1.314540,-0.682515,1.612310,-0.015199,-0.026830,0.006025,0.999506,0.219244,0.667521,-0.048313,0.002068,-0.001001,0.005960,0.254745,0.110473,4.692168,16.266236,3,0,0.000000,1,0.949611,1.774054,1,-1,2,anchor3:2-3;3-4
22.139009,1.326000,-0.677000,1.502000,1.302948,-0.664135,1.528118,1.316777,-0.671322,1.607905,-0.016136,-0.028000,0.006157,0.999459,0.209140,0.673926,-0.052770,0.002069,-0.001007,0.006333,0.037135,0.106458,6.625044,20.515006,5,0,0.000000,1,0.459437,0.729663,1,-1,0,none
22.172297,1.336000,-0.656000,1.502000,1.328066,-0.626023,1.567220,1.323731,-0.647239,1.604430,-0.018374,-0.029987,0.006037,0.999363,0.194696,0.683970,-0.053901,0.002064,-0.001021,0.006515,0.072216,0.103533,4.471309,20.515006,5,0,0.000000,1,0.459904,0.730352,1,-1,0,none
22.188969,1.341000,-0.648000,1.502000,1.340111,-0.630257,1.562790,1.327773,-0.635487,1.601728,-0.019526,-0.030370,0.006176,0.999329,0.183615,0.689794,-0.059062,0.002053,-0.001026,0.006710,0.063333,0.101376,16.238875,20.515006,5,0,0.000000,1,0.459961,0.730463,1,-1,0,none
22.205510,1.345000,-0.639000,1.502000,1.335468,-0.714271,1.556461,1.330888,-0.631155,1.598894,-0.020100,-0.030767,0.006228,0.999305,0.175993,0.681986,-0.063500,0.002047,-0.000978,0.006936,0.093395,0.098230,3.213434,16.266236,3,0,0.000000,1,0.909382,1.723120,1,-1,2,anchor3:2-3;3-4
22.238824,1.355000,-0.619000,1.502000,1.368215,-0.609872,1.443647,1.330888,-0.631155,1.598894,-0.020100,-0.030767,0.006228,0.999305,0.175993,0.681986,-0.063500,0.002047,-0.000978,0.006936,0.060523,0.100586,-25696060518238212.000000,20.515006,5,0,0.000000,1,0.561154,2.470859,0,-1,0,none
22.255443,1.361000,-0.607000,1.502000,1.369988,-0.593605,1.516382,1.341408,-0.596281,1.592069,-0.020662,-0.032148,0.006211,0.999250,0.153616,0.710363,-0.066594,0.002022,-0.000983,0.007349,0.021611,0.092796,6.119268,18.466827,4,0,0.000000,1,0.419378,0.686027,1,0,0,none
22.272078,1.365000,-0.599000,1.502000,1.336746,-0.554194,1.470888,1.343119,-0.581980,1.585354,-0.021183,-0.031593,0.006394,0.999256,0.137252,0.719360,-0.074966,0.002019,-0.001006,0.007948,0.061432,0.087843,3.081432,18.466827,4,0,0.000000,1,0.418303,0.688079,1,0,0,none
22.288618,1.368000,-0.589000,1.502000,1.384408,-0.596762,1.498319,1.348135,-0.572559,1.580282,-0.021353,-0.030610,0.006572,0.999282,0.130652,0.720556,-0.080479,0.001991,-0.000995,0.008396,0.018521,0.082420,-5075760025290745.000000,20.515006,5,0,0.000000,1,0.792722,0.773579,1,-1,0,none
22.305293,1.374000,-0.577000,1.502000,1.419774,-0.652644,1.616725,1.355564,-0.567954,1.580845,-0.020520,-0.029620,0.006915,0.999327,0.135653,0.710087,-0.075443,0.001951,-0.000941,0.008247,0.144842,0.081475,5.628834,16.266236,3,0,0.000000,1,0.921019,1.733074,1,-1,2,anchor3:2-3;3-4
22.321946,1.379000,-0.568000,1.502000,1.432326,-0.606315,1.658904,1.363398,-0.560130,1.583287,-0.019275,-0.028824,0.006994,0.999374,0.136982,0.708738,-0.070825,0.001911,-0.000909,0.007887,0.170090,0.083144,4.846408,16.266236,3,0,0.000000,1,0.920617,1.727579,1,-1,2,anchor3:2-3;3-4
22.338548,1.382000,-0.559000,1.502000,1.382815,-0.502128,1.370779,1.366674,-0.544895,1.572703,-0.019136,-0.028837,0.007328,0.999374,0.131295,0.719713,-0.081134,0.001896,-0.000947,0.008927,0.143018,0.073707,-228408814239993.250000,20.515006,5,0,0.000000,1,0.442210,0.669496,1,-1,0,none
22.355148,1.388000,-0.547000,1.502000,1.405232,-0.488291,1.425979,1.371201,-0.530197,1.565011,-0.019087,-0.028586,0.007568,0.999380,0.126112,0.727900,-0.089294,0.001872,-0.000981,0.009644,0.097585,0.067342,8.020511,18.466827,4,0,0.000000,1,0.603292,0.691799,1,2,0,none
22.371760,1.391000,-0.538000,1.502000,1.384774,-0.522127,1.576676,1.374001,-0.518780,1.564184,-0.018542,-0.028793,0.007862,0.999383,0.120627,0.732007,-0.086513,0.001866,-0.000978,0.009584,0.076597,0.067270,-317238628762110.375000,20.515006,5,0,0.000000,1,0.657967,0.940126,1,-1,0,none
22.388436,1.395000,-0.529000,1.502000,1.433970,-0.606393,1.653183,1.380118,-0.513971,1.566817,-0.016950,-0.029089,0.008363,0.999398,0.124093,0.721714,-0.078988,0.001835,-0.000920,0.009178,0.174254,0.068180,2.323712,16.266236,3,0,0.000000,1,0.920254,1.727300,1,-1,2,anchor3:2-3;3-4
22.421676,1.403000,-0.507000,1.502000,1.379472,-0.493340,1.506081,1.383468,-0.490710,1.561682,-0.016442,-0.031036,0.008508,0.999347,0.103980,0.729591,-0.082675,0.001837,-0.000922,0.009471,0.027510,0.064875,0.749362,18.466827,4,0,0.000000,1,0.440913,0.850266,1,1,0,none
22.438210,1.407000,-0.498000,1.502000,1.371198,-0.500734,1.423523,1.383892,-0.480634,1.554297,-0.016255,-0.032317,0.008741,0.999307,0.089953,0.731085,-0.091518,0.001844,-0.000919,0.010156,0.086301,0.059754,0.510286,18.466827,4,0,0.000000,1,0.426991,1.077813,1,5,0,none
22.454888,1.412000,-0.485000,1.502000,1.434922,-0.471178,1.571689,1.388871,-0.468927,1.553661,-0.016278,-0.032881,0.009080,0.999285,0.086963,0.731951,-0.092712,0.001817,-0.000917,0.010078,0.074652,0.058841,13.426835,20.515006,5,0,0.000000,1,0.460961,0.726447,1,-1,0,none
22.471539,1.416000,-0.476000,1.502000,1.413648,-0.456378,1.518419,1.391874,-0.456888,1.550691,-0.016892,-0.033320,0.009031,0.999261,0.081104,0.735172,-0.095415,0.001804,-0.000920,0.010253,0.025694,0.057604,1.217958,18.466827,4,0,0.000000,1,0.605348,0.697973,1,2,0,none
22.488142,1.419000,-0.467000,1.502000,1.350605,-0.440197,1.530141,1.390120,-0.444362,1.548252,-0.017659,-0.034419,0.008812,0.999213,0.067609,0.739923,-0.095660,0.001827,-0.000923,0.010333,0.078665,0.059041,3.482930,18.466827,4,0,0.000000,1,0.426315,1.072586,1,5,0,none
22.504717,1.423000,-0.454000,1.502000,1.425310,-0.416594,1.523832,1.393502,-0.431434,1.545792,-0.017855,-0.035083,0.008912,0.999185,0.063893,0.751094,-0.095384,0.001810,-0.000934,0.010455,0.043373,0.057420,7.540650,20.515006,5,0,0.000000,1,0.460607,0.722453,1,-1,0,none
22.521439,1.426000,-0.446000,1.503000,1.430387,-0.428184,1.448851,1.396858,-0.419900,1.540232,-0.017738,-0.035545,0.008791,0.999172,0.060216,0.752156,-0.098596,0.001792,-0.000936,0.010937,0.057173,0.054006,7.694500,20.515006,5,0,0.000000,1,0.460194,0.720879,1,-1,0,none
22.538044,1.430000,-0.436000,1.503000,1.435190,-0.398883,1.490639,1.400294,-0.407062,1.536625,-0.017989,-0.035664,0.008839,0.999163,0.055458,0.756471,-0.102455,0.001774,-0.000944,0.011183,0.039464,0.053390,4.261599,18.466827,4,0,0.000000,1,0.422638,0.693164,1,0,0,none
22.554639,1.434000,-0.423000,1.503000,1.359769,-0.375249,1.456365,1.398242,-0.393255,1.531573,-0.018206,-0.036272,0.008838,0.999137,0.037115,0.762586,-0.108678,0.001797,-0.000959,0.011552,0.099826,0.054588,-767710211117051.500000,20.515006,5,0,0.000000,1,0.473235,0.847935,1,-1,0,none
22.571229,1.436000,-0.414000,1.503000,1.442946,-0.365588,1.462213,1.398242,-0.393255,1.531573,-0.018206,-0.036272,0.008838,0.999137,0.037115,0.762586,-0.108678,0.001797,-0.000959,0.011552,0.063683,0.051696,-12993960624814212.000000,20.515006,5,0,0.000000,1,2.745132,-nan,0,-1,0,none
22.587866,1.440000,-0.401000,1.503000,1.457106,-0.357361,1.448511,1.403145,-0.367465,1.524615,-0.018426,-0.037071,0.008991,0.999102,0.023309,0.772063,-0.112790,0.001768,-0.000971,0.011975,0.071875,0.054315,2.212861,18.466827,4,0,0.000000,1,0.614558,0.710582,1,2,0,none
22.606553,1.443000,-0.391000,1.503000,1.401817,-0.362803,1.481707,1.403341,-0.354057,1.520831,-0.018351,-0.037814,0.008949,0.999076,0.015229,0.774434,-0.110752,0.001771,-0.000969,0.012184,0.054263,0.057057,8.570309,20.515006,5,0,0.000000,1,0.460185,0.718555,1,-1,0,none
22.623230,1.446000,-0.379000,1.502000,1.409438,-0.323851,1.409944,1.403829,-0.340053,1.514343,-0.018332,-0.038603,0.008738,0.999048,0.004840,0.781481,-0.114989,0.001771,-0.000985,0.012738,0.113369,0.058716,1.834245,20.515006,5,0,0.000000,1,0.459939,0.714988,1,-1,0,none
22.639808,1.448000,-0.369000,1.503000,1.442935,-0.300169,1.507347,1.406505,-0.325257,1.512244,-0.018272,-0.038803,0.008764,0.999041,-0.005720,0.787527,-0.116158,0.001751,-0.001000,0.012774,0.069154,0.060998,9.297103,20.515006,5,0,0.000000,1,0.460860,0.716432,1,-1,0,none
22.656496,1.451000,-0.359000,1.503000,1.416996,-0.316910,1.494374,1.407002,-0.313053,1.509724,-0.017949,-0.039141,0.008748,0.999034,-0.020906,0.792464,-0.118816,0.001746,-0.000999,0.012858,0.054792,0.063969,1.869689,20.515006,5,0,0.000000,1,0.460479,0.716752,1,-1,0,none
22.689726,1.457000,-0.337000,1.503000,1.432807,-0.355719,1.570782,1.407926,-0.291897,1.508691,-0.017937,-0.040064,0.008389,0.999001,-0.039772,0.795083,-0.116242,0.001728,-0.000958,0.012535,0.074365,0.066895,11.118717,18.466827,4,0,0.000000,1,0.593443,1.067423,1,2,0,none
22.706331,1.459000,-0.325000,1.503000,1.439921,-0.298833,1.490857,1.409522,-0.280225,1.506137,-0.017713,-0.040615,0.008272,0.998984,-0.046058,0.796560,-0.117018,0.001712,-0.000949,0.012632,0.034586,0.066803,1.950058,18.466827,4,0,0.000000,1,0.617598,0.719774,1,1,0,none
22.722926,1.461000,-0.316000,1.503000,1.410108,-0.263817,1.385515,1.408696,-0.267367,1.499169,-0.017517,-0.040875,0.008331,0.998976,-0.059211,0.800295,-0.124645,0.001718,-0.000960,0.013248,0.138260,0.071523,2.375420,18.466827,4,0,0.000000,1,0.624095,0.986226,1,6,0,none
22.739564,1.463000,-0.306000,1.503000,1.453079,-0.255559,1.513796,1.410820,-0.254636,1.497913,-0.017440,-0.040525,0.008400,0.998991,-0.068413,0.806119,-0.126437,0.001694,-0.000959,0.013177,0.052529,0.073396,5.306354,20.515006,5,0,0.000000,1,0.461089,0.714230,1,-1,0,none
22.756230,1.465000,-0.295000,1.503000,1.434463,-0.238684,1.479526,1.411308,-0.241369,1.495186,-0.017404,-0.040514,0.008137,0.998994,-0.079163,0.811425,-0.128762,0.001683,-0.000962,0.013269,0.068228,0.076290,-50757527709509.593750,20.515006,5,0,0.000000,1,0.429202,0.775737,1,-1,0,none
22.772829,1.467000,-0.282000,1.502000,1.498442,-0.352022,1.668043,1.416143,-0.236725,1.500661,-0.016817,-0.039474,0.007758,0.999049,-0.076603,0.795742,-0.119108,0.001621,-0.000887,0.012466,0.182926,0.068103,2.003205,16.266236,3,0,0.000000,1,0.893191,1.668855,1,-1,2,anchor3:2-3;3-4
22.789454,1.468000,-0.273000,1.502000,1.466850,-0.235458,1.522148,1.418363,-0.224312,1.499729,-0.017065,-0.038637,0.007459,0.999080,-0.078856,0.797868,-0.116894,0.001594,-0.000880,0.012364,0.042622,0.069567,9.252523,18.466827,4,0,0.000000,1,0.429817,1.024154,1,4,0,none
22.806000,1.470000,-0.262000,1.502000,1.465590,-0.308787,1.559275,1.420351,-0.218216,1.500508,-0.016107,-0.038393,0.006940,0.999109,-0.084837,0.792453,-0.113041,0.001566,-0.000829,0.012076,0.074088,0.066214,2.067224,18.466827,4,0,0.000000,1,0.593757,1.056683,1,2,0,none
22.822656,1.471000,-0.249000,1.502000,1.490442,-0.276948,1.646455,1.423782,-0.210248,1.504869,-0.015104,-0.037624,0.006787,0.999155,-0.088159,0.786051,-0.106537,0.001520,-0.000782,0.011342,0.148413,0.061151,3.100723,16.266236,3,0,0.000000,1,0.878186,1.641798,1,-1,2,anchor3:2-3;3-4
22.839312,1.472000,-0.239000,1.502000,1.459763,-0.195200,1.431013,1.424696,-0.197236,1.500167,-0.014564,-0.036865,0.007083,0.999189,-0.092839,0.786705,-0.107198,0.001513,-0.000792,0.011673,0.084305,0.063129,-4111377517615225.000000,20.515006,5,0,0.000000,1,0.950768,0.946848,1,-1,0,none
22.855972,1.473000,-0.230000,1.502000,1.466517,-0.198915,1.404520,1.426733,-0.192432,1.495628,-0.014222,-0.036395,0.007139,0.999211,-0.090102,0.787107,-0.109469,0.001505,-0.000799,0.012149,0.102522,0.059938,1.740953,18.466827,4,0,0.000000,1,0.625862,0.732417,1,1,0,none
22.872517,1.475000,-0.216000,1.502000,1.529481,-0.290503,1.633424,1.431953,-0.187105,1.499558,-0.013234,-0.035283,0.006846,0.999266,-0.086728,0.775045,-0.102168,0.001445,-0.000737,0.011499,0.160596,0.051903,3.964035,16.266236,3,0,0.000000,1,0.885690,1.653182,1,-1,2,anchor3:2-3;3-4
22.889181,1.476000,-0.206000,1.502000,1.433449,-0.145350,1.446555,1.430631,-0.172823,1.495884,-0.012805,-0.035097,0.006390,0.999281,-0.097859,0.779088,-0.103783,0.001450,-0.000755,0.011751,0.092537,0.056537,1.348828,20.515006,5,0,0.000000,1,0.460689,0.706244,1,-1,0,none
22.905839,1.478000,-0.193000,1.501000,1.489090,-0.170306,1.430745,1.432733,-0.160750,1.491629,-0.012246,-0.035120,0.006243,0.999289,-0.099708,0.782320,-0.103541,0.001432,-0.000758,0.012064,0.074658,0.056365,2.193245,18.466827,4,0,0.000000,1,0.424191,0.700490,1,7,0,none
22.922468,1.479000,-0.183000,1.502000,1.415007,-0.184199,1.451203,1.429997,-0.150205,1.488416,-0.011556,-0.035448,0.005819,0.999288,-0.109402,0.779802,-0.102686,0.001443,-0.000747,0.012254,0.081712,0.060509,-1535420865555481.500000,20.515006,5,0,0.000000,1,0.362825,0.666272,1,-1,0,none
22.939101,1.479000,-0.170000,1.502000,1.391812,-0.205263,1.366612,1.425730,-0.141529,1.481959,-0.010671,-0.035215,0.005086,0.999310,-0.123837,0.772138,-0.106548,0.001473,-0.000732,0.012845,0.164849,0.063639,3.259736,16.266236,3,0,0.000000,1,0.618209,1.155700,1,-1,2,anchor6:5-6;6-7
22.955640,1.480000,-0.160000,1.502000,1.438652,-0.118574,1.498307,1.424622,-0.128583,1.480989,-0.010042,-0.035123,0.005033,0.999320,-0.133732,0.775928,-0.106000,0.001465,-0.000734,0.012759,0.058647,0.067046,-634473731092643.125000,20.515006,5,0,0.000000,1,0.376833,0.683365,1,-1,0,none
22.972325,1.481000,-0.151000,1.502000,1.437615,-0.120623,1.521483,1.423400,-0.116356,1.480961,-0.009386,-0.035326,0.005135,0.999319,-0.136938,0.775095,-0.102303,0.001453,-0.000727,0.012554,0.056433,0.070432,-57102173333603.250000,20.515006,5,0,0.000000,1,0.512052,0.893741,1,-1,0,none
22.988956,1.482000,-0.137000,1.502000,1.521875,-0.192323,1.593745,1.427507,-0.109265,1.483839,-0.008667,-0.035307,0.004614,0.999328,-0.129112,0.763304,-0.097801,0.001397,-0.000677,0.012021,0.114315,0.063785,1.259125,16.266236,3,0,0.000000,1,0.865988,1.617194,1,-1,2,anchor3:2-3;3-4
23.005567,1.482000,-0.127000,1.502000,1.413440,-0.119577,1.444517,1.424503,-0.098083,1.480720,-0.008957,-0.035993,0.004207,0.999303,-0.143491,0.761215,-0.102991,0.001407,-0.000672,0.012207,0.089777,0.067786,-634471212218939.750000,20.515006,5,0,0.000000,1,0.392205,1.059275,1,-1,0,none
23.038766,1.483000,-0.108000,1.502000,1.349546,-0.094358,1.382545,1.414749,-0.074624,1.473425,-0.009498,-0.037746,0.003776,0.999235,-0.175473,0.761367,-0.109000,0.001450,-0.000675,0.012679,0.179626,0.081171,7.933120,18.466827,4,0,0.000000,1,0.632471,1.009501,1,6,0,none
23.055426,1.483000,-0.095000,1.503000,1.350207,-0.112513,1.320254,1.407611,-0.065558,1.465464,-0.010241,-0.037888,0.003316,0.999224,-0.194649,0.753424,-0.119092,0.001497,-0.000674,0.013449,0.226576,0.089214,6.428310,16.266236,3,0,0.000000,1,0.624742,1.187154,1,-1,2,anchor6:5-6;6-7
23.072073,1.483000,-0.083000,1.503000,1.503447,-0.148620,1.636031,1.410946,-0.059368,1.470517,-0.010679,-0.036670,0.002973,0.999266,-0.194717,0.745781,-0.113075,0.001432,-0.000608,0.012591,0.149737,0.082495,0.140517,16.266236,3,0,0.000000,1,0.860869,1.605258,1,-1,2,anchor3:2-3;3-4
23.088699,1.483000,-0.073000,1.502000,1.409070,-0.064154,1.424328,1.407857,-0.048742,1.466951,-0.011284,-0.036166,0.002564,0.999279,-0.203811,0.744955,-0.117698,0.001438,-0.000608,0.012822,0.107596,0.086390,0.810128,18.466827,4,0,0.000000,1,0.636395,1.008800,1,6,0,none
23.105239,1.484000,-0.063000,1.502000,1.432323,-0.043932,1.493236,1.406382,-0.037318,1.466209,-0.011698,-0.036012,0.002045,0.999281,-0.207006,0.747689,-0.118858,0.001423,-0.000601,0.012685,0.055776,0.089247,8.424779,20.515006,5,0,0.000000,1,0.461123,0.713069,1,-1,0,none
23.121953,1.483000,-0.051000,1.503000,1.428804,-0.011835,1.419920,1.406382,-0.037318,1.466209,-0.011698,-0.036012,0.002045,0.999281,-0.207006,0.747689,-0.118858,0.001423,-0.000601,0.012685,0.106646,0.086087,-310889151938396.500000,20.515006,5,0,0.000000,1,0.560766,2.578638,0,-1,0,none
23.155179,1.483000,-0.031000,1.503000,1.429116,-0.000545,1.501855,1.397947,0.000019,1.461994,-0.013126,-0.035961,0.001759,0.999265,-0.226739,0.750223,-0.118289,0.001401,-0.000594,0.012463,0.061905,0.099387,2.885419,18.466827,4,0,0.000000,1,0.421167,0.704583,1,7,0,none
23.171718,1.483000,-0.021000,1.502000,1.445283,-0.003934,1.508703,1.398034,0.010776,1.462281,-0.013647,-0.035087,0.001592,0.999290,-0.224501,0.751199,-0.114700,0.001371,-0.000581,0.012219,0.041938,0.099028,-1268942222928199.750000,20.515006,5,0,0.000000,1,0.766658,0.714305,1,-1,0,none
23.188398,1.483000,-0.009000,1.502000,1.401602,0.007102,1.355108,1.398034,0.010776,1.462281,-0.013647,-0.035087,0.001592,0.999290,-0.224501,0.751199,-0.114700,0.001371,-0.000581,0.012219,0.168707,0.095853,-7309097047982086.000000,20.515006,5,0,0.000000,1,0.656393,2.979997,0,-1,0,none
23.205029,1.482000,0.004000,1.502000,1.339306,0.011340,1.417700,1.386484,0.033756,1.456722,-0.013942,-0.036151,0.001273,0.999248,-0.247203,0.748926,-0.112988,0.001401,-0.000575,0.012439,0.165897,0.109812,6.097761,18.466827,4,0,0.000000,1,0.637999,1.020202,1,6,0,none
23.221679,1.482000,0.014000,1.502000,1.347734,-0.001639,1.286548,1.379538,0.042573,1.447423,-0.013863,-0.036362,0.001070,0.999242,-0.263296,0.744905,-0.118989,0.001442,-0.000581,0.013391,0.254345,0.119555,3.897713,16.266236,3,0,0.000000,1,0.634078,1.218585,1,-1,2,anchor6:5-6;6-7
23.238266,1.482000,0.023000,1.502000,1.403718,0.038421,1.475602,1.377441,0.053185,1.446902,-0.014065,-0.035918,0.001084,0.999255,-0.265946,0.746072,-0.115572,0.001425,-0.000569,0.013230,0.084040,0.121981,-2487125628485189.000000,20.515006,5,0,0.000000,1,0.586764,1.157696,1,-1,0,none
23.254839,1.481000,0.036000,1.502000,1.440377,0.043704,1.373277,1.377886,0.063611,1.441955,-0.013982,-0.034717,0.001108,0.999299,-0.266921,0.747972,-0.120345,0.001406,-0.000573,0.013653,0.135200,0.122476,1.859640,18.466827,4,0,0.000000,1,0.441059,0.832435,1,0,0,none
23.271531,1.481000,0.045000,1.502000,1.386806,0.075069,1.481280,1.374494,0.075750,1.441797,-0.014027,-0.034412,0.001220,0.999309,-0.270032,0.750368,-0.116577,0.001394,-0.000565,0.013425,0.101024,0.126149,3.091847,18.466827,4,0,0.000000,1,0.437376,0.840325,1,0,0,none
23.288172,1.480000,0.056000,1.502000,1.415306,-0.019142,1.589632,1.373363,0.080551,1.446285,-0.013384,-0.034245,0.001487,0.999323,-0.269163,0.736940,-0.106837,0.001350,-0.000494,0.012599,0.132329,0.122794,2.936753,16.266236,3,0,0.000000,1,0.612363,1.554229,1,-1,2,anchor2:1-2;2-3
23.304751,1.480000,0.070000,1.502000,1.394862,0.006095,1.579547,1.371010,0.086137,1.450298,-0.013194,-0.034662,0.001557,0.999311,-0.274386,0.727959,-0.101261,0.001317,-0.000434,0.011856,0.131703,0.121706,4.238209,16.266236,3,0,0.000000,1,0.610886,1.548120,1,-1,2,anchor2:1-2;2-3
23.321368,1.479000,0.080000,1.502000,1.411349,0.116467,1.401892,1.369657,0.099041,1.446788,-0.013496,-0.035520,0.001607,0.999277,-0.271558,0.733990,-0.100688,0.001307,-0.000451,0.012129,0.126207,0.123963,-1243561544732221.000000,20.515006,5,0,0.000000,1,0.546781,0.950753,1,-1,0,none
23.338000,1.479000,0.090000,1.502000,1.452396,0.101911,1.404146,1.371125,0.110295,1.443521,-0.013250,-0.036306,0.001945,0.999251,-0.269082,0.734072,-0.102018,0.001280,-0.000456,0.012380,0.102103,0.124373,0.658033,18.466827,4,0,0.000000,1,0.424637,0.949516,1,4,0,none
23.354683,1.478000,0.101000,1.503000,1.417451,0.051980,1.560795,1.370167,0.117574,1.446840,-0.012866,-0.036574,0.002203,0.999246,-0.273141,0.724630,-0.096579,0.001239,-0.000408,0.011745,0.097002,0.122705,8.573208,16.266236,3,0,0.000000,1,0.613210,1.548110,1,-1,2,anchor2:1-2;2-3
23.371249,1.477000,0.111000,1.502000,1.409327,0.117862,1.376557,1.368708,0.128164,1.442500,-0.013404,-0.036832,0.002445,0.999229,-0.273610,0.724759,-0.100083,0.001235,-0.000417,0.012128,0.142698,0.124748,-8222755035230467.000000,20.515006,5,0,0.000000,1,0.415375,1.038527,1,-1,0,none
23.387857,1.477000,0.121000,1.502000,1.364336,0.142478,1.280543,1.364218,0.139797,1.434293,-0.014316,-0.037788,0.002675,0.999180,-0.277291,0.726370,-0.109700,0.001265,-0.000448,0.013000,0.249394,0.132881,2.574425,18.466827,4,0,0.000000,1,0.646914,1.031183,1,6,0,none
23.404525,1.475000,0.135000,1.502000,1.351139,0.165336,1.457891,1.359157,0.152431,1.433527,-0.014436,-0.038975,0.003018,0.999131,-0.286962,0.733811,-0.113655,0.001264,-0.000448,0.012859,0.134935,0.135691,5.051832,18.466827,4,0,0.000000,1,0.646437,1.032819,1,6,0,none
23.423200,1.475000,0.145000,1.502000,1.346410,0.093633,1.216756,1.353168,0.161067,1.422594,-0.013489,-0.040137,0.003424,0.999097,-0.297478,0.727561,-0.127575,0.001306,-0.000458,0.014023,0.317078,0.146310,6.909514,16.266236,3,0,0.000000,1,0.642131,1.246654,1,-1,2,anchor6:5-6;6-7
23.439849,1.474000,0.159000,1.502000,1.403256,0.155153,1.379521,1.351768,0.171826,1.418850,-0.013379,-0.040516,0.003667,0.999083,-0.299038,0.723425,-0.131811,0.001292,-0.000460,0.014262,0.141495,0.148388,-1082828547463207.000000,20.515006,5,0,0.000000,1,0.412817,0.598613,1,-1,0,none
23.456464,1.473000,0.169000,1.502000,1.362569,0.131043,1.205960,1.347564,0.180397,1.407995,-0.013248,-0.040335,0.003784,0.999091,-0.308435,0.717939,-0.147101,0.001325,-0.000478,0.015401,0.318238,0.157166,3.737300,16.266236,3,0,0.000000,1,0.645815,1.255369,1,-1,2,anchor6:5-6;6-7
23.473023,1.472000,0.182000,1.502000,1.442932,0.202123,1.311253,1.348954,0.192421,1.401929,-0.013695,-0.039757,0.004424,0.999106,-0.304071,0.717864,-0.153821,0.001302,-0.000502,0.015950,0.193996,0.158944,5.379448,18.466827,4,0,0.000000,1,0.438821,0.823318,1,7,0,none
23.506361,1.469000,0.202000,1.501000,1.427373,0.244877,1.395793,1.344710,0.218103,1.396819,-0.014049,-0.040154,0.004329,0.999085,-0.308482,0.727732,-0.157596,0.001264,-0.000516,0.015979,0.120995,0.162975,8.057023,20.515006,5,0,0.000000,1,0.461309,0.725597,1,-1,0,none
23.522970,1.468000,0.215000,1.501000,1.415334,0.213636,1.326069,1.344571,0.229041,1.391443,-0.013530,-0.040250,0.004453,0.999088,-0.306508,0.728390,-0.158178,0.001246,-0.000523,0.016383,0.182692,0.165634,5.727624,20.515006,5,0,0.000000,1,0.460819,0.724163,1,-1,0,none
23.539525,1.467000,0.222000,1.501000,1.425730,0.207578,1.287014,1.345327,0.238332,1.384812,-0.012904,-0.039705,0.004945,0.999116,-0.302489,0.725513,-0.159403,0.001233,-0.000529,0.016978,0.218406,0.169029,2.197857,18.466827,4,0,0.000000,1,0.652688,1.033402,1,5,0,none
23.556184,1.464000,0.236000,1.500000,1.428660,0.242781,1.356441,1.346161,0.249511,1.381254,-0.012415,-0.038876,0.005367,0.999152,-0.303632,0.726303,-0.159210,0.001201,-0.000532,0.017147,0.148000,0.167836,2.870049,20.515006,5,0,0.000000,1,0.461183,0.725440,1,-1,0,none
23.572876,1.462000,0.250000,1.501000,1.370350,0.270195,1.438737,1.343116,0.261897,1.381194,-0.012380,-0.038361,0.005489,0.999172,-0.304828,0.725760,-0.152054,0.001174,-0.000525,0.016824,0.112625,0.169199,12.372249,20.515006,5,0,0.000000,1,0.460759,0.725883,1,-1,0,none
23.606029,1.459000,0.271000,1.500000,1.419127,0.273719,1.434857,1.338965,0.284579,1.378852,-0.011248,-0.037474,0.005508,0.999219,-0.310480,0.727315,-0.143524,0.001122,-0.000510,0.016508,0.076425,0.171084,-3806837751825064.000000,20.515006,5,0,0.000000,1,0.463146,0.900074,1,-1,0,none
23.655961,1.453000,0.304000,1.500000,1.436106,0.314837,1.377534,1.331590,0.320327,1.372117,-0.008094,-0.038487,0.005844,0.999209,-0.321158,0.729131,-0.138190,0.001067,-0.000508,0.016503,0.124100,0.177091,2.019077,18.466827,4,0,0.000000,1,0.435100,0.816339,1,7,0,none
23.672524,1.451000,0.319000,1.500000,1.384398,0.309554,1.542155,1.330998,0.330020,1.377761,-0.007014,-0.038391,0.006222,0.999219,-0.319481,0.723649,-0.129235,0.000991,-0.000466,0.015473,0.079385,0.171651,2.340438,18.466827,4,0,0.000000,1,0.597517,0.825107,1,4,0,none
23.689137,1.449000,0.329000,1.500000,1.297888,0.307677,1.314830,1.323739,0.339025,1.372889,-0.006122,-0.039414,0.006463,0.999183,-0.331943,0.719693,-0.133493,0.001020,-0.000461,0.015818,0.239953,0.178740,1.765907,16.266236,3,0,0.000000,1,0.655763,1.311758,1,-1,2,anchor6:5-6;6-7
23.705784,1.447000,0.340000,1.501000,1.464102,0.348448,1.546947,1.329068,0.350785,1.378701,-0.005493,-0.039292,0.006690,0.999190,-0.320833,0.723095,-0.123137,0.000907,-0.000434,0.014549,0.049749,0.170239,3.908650,18.466827,4,0,0.000000,1,0.402174,0.701286,1,2,0,none
23.722464,1.445000,0.353000,1.500000,1.389182,0.388482,1.392888,1.328477,0.364442,1.377450,-0.004679,-0.039848,0.006761,0.999172,-0.320770,0.726462,-0.123080,0.000876,-0.000443,0.014474,0.125888,0.169491,4.630733,20.515006,5,0,0.000000,1,0.461216,0.729351,1,-1,0,none
23.739048,1.444000,0.364000,1.500000,1.407338,0.382554,1.450190,1.329087,0.376872,1.378696,-0.004111,-0.039808,0.007087,0.999174,-0.323442,0.729908,-0.119771,0.000821,-0.000433,0.014055,0.064571,0.167587,-25378703401982.031250,20.515006,5,0,0.000000,1,0.538582,0.896242,1,-1,0,none
23.755631,1.440000,0.378000,1.501000,1.435791,0.362644,1.515807,1.331813,0.386600,1.382878,-0.003320,-0.039348,0.007345,0.999193,-0.317137,0.729944,-0.112010,0.000735,-0.000401,0.013276,0.021744,0.160410,-20303085239317004.000000,20.515006,5,0,0.000000,1,0.429749,0.889739,1,-1,0,none
23.788961,1.436000,0.398000,1.500000,1.346623,0.392347,1.480342,1.323118,0.409154,1.383717,-0.001777,-0.039796,0.007458,0.999178,-0.328192,0.723704,-0.108427,0.000691,-0.000375,0.012674,0.091688,0.162445,-2144510915954686.500000,20.515006,5,0,0.000000,1,0.665403,1.362362,1,-1,0,none
23.805593,1.432000,0.412000,1.501000,1.274101,0.405179,1.319442,1.314500,0.419860,1.379139,-0.000491,-0.041222,0.007627,0.999121,-0.341159,0.721648,-0.113119,0.000728,-0.000380,0.013035,0.240711,0.169465,10.933914,16.266236,3,0,0.000000,1,0.661654,1.342146,1,-1,2,anchor6:5-6;6-7
23.855390,1.423000,0.443000,1.500000,1.413080,0.458625,1.509037,1.306310,0.455354,1.379838,0.000923,-0.042907,0.008071,0.999046,-0.356037,0.708130,-0.109769,0.000634,-0.000358,0.012201,0.020597,0.167953,0.842737,18.466827,4,0,0.000000,1,0.398551,0.684368,1,2,0,none
23.888654,1.417000,0.469000,1.500000,1.286159,0.434968,1.340843,1.293447,0.475131,1.374412,-0.000039,-0.043572,0.008016,0.999018,-0.379563,0.696744,-0.118072,0.000650,-0.000346,0.012429,0.208827,0.176281,0.148428,16.266236,3,0,0.000000,1,0.664234,1.349063,1,-1,2,anchor6:5-6;6-7
23.955171,1.402000,0.510000,1.500000,1.366122,0.541218,1.478852,1.293447,0.475131,1.374412,-0.000039,-0.043572,0.008016,0.999018,-0.379563,0.696744,-0.118072,0.000650,-0.000346,0.012429,0.052048,0.169623,-114204648931327.500000,20.515006,5,0,0.000000,1,0.714757,-nan,0,-1,0,none
24.088158,1.368000,0.597000,1.500000,1.378861,0.613883,1.521673,1.230817,0.611260,1.363829,0.003048,-0.041301,0.009294,0.999099,-0.463905,0.658309,-0.099490,0.000459,-0.000308,0.010898,0.029542,0.193817,-513920920190973.625000,20.515006,5,0,0.000000,1,0.525677,1.416298,1,-1,0,none
24.104840,1.364000,0.606000,1.500000,1.371813,0.610795,1.477918,1.243110,0.620659,1.370234,0.002557,-0.039161,0.008961,0.999189,-0.437083,0.655413,-0.089111,0.000317,-0.000276,0.009921,0.023909,0.177956,3.055927,20.515006,5,0,0.000000,1,0.462270,0.732990,1,-1,0,none
24.121360,1.358000,0.619000,1.500000,1.361573,0.630475,1.415524,1.251757,0.630865,1.371941,0.002564,-0.037227,0.008952,0.999263,-0.414938,0.650690,-0.086052,0.000231,-0.000267,0.009562,0.085327,0.166816,-913637191450620.500000,20.515006,5,0,0.000000,1,0.458597,1.003475,1,-1,0,none
24.187892,1.338000,0.656000,1.500000,1.705603,0.691270,1.420697,1.287894,0.675566,1.370870,0.001524,-0.028152,0.009547,0.999557,-0.331506,0.641879,-0.081133,-0.000074,-0.000268,0.009178,0.377710,0.139885,0.315814,13.815511,2,0,0.000000,1,0.788649,1.390755,1,3,2,anchor2:1-2;2-3
24.221171,1.327000,0.678000,1.500000,1.332247,0.687251,1.421584,1.284084,0.695393,1.372230,0.002577,-0.025598,0.009222,0.999626,-0.325054,0.639609,-0.076363,-0.000136,-0.000251,0.008719,0.079134,0.135903,7.302595,20.515006,5,0,0.000000,1,0.461850,0.732379,1,-1,0,none
24.254417,1.319000,0.694000,1.500000,1.609400,0.726600,1.449709,1.315589,0.717870,1.376426,0.004023,-0.020201,0.009055,0.999747,-0.256031,0.639023,-0.067838,-0.000374,-0.000250,0.008421,0.296520,0.125905,1.450866,13.815511,2,0,0.000000,1,0.774905,1.363594,1,3,2,anchor2:1-2;2-3
24.270975,1.312000,0.706000,1.500000,1.331382,0.687102,1.323284,1.314489,0.721489,1.372161,0.004831,-0.019141,0.008960,0.999765,-0.253003,0.627710,-0.070742,-0.000351,-0.000243,0.008864,0.178778,0.128798,7.209466,18.466827,4,0,0.000000,1,0.392440,0.676001,1,2,0,none
24.323004,1.296000,0.734000,1.501000,1.581848,0.807778,1.536767,1.334926,0.760484,1.381036,0.004847,-0.018244,0.009365,0.999778,-0.199844,0.632578,-0.050741,-0.000584,-0.000229,0.007328,0.297375,0.128872,0.360907,13.815511,2,0,0.000000,1,0.918753,1.323993,1,5,2,anchor6:5-6;6-7
24.339564,1.290000,0.744000,1.502000,1.266651,0.776720,1.464924,1.324481,0.771022,1.386027,0.003918,-0.019792,0.009412,0.999752,-0.207016,0.628792,-0.042177,-0.000606,-0.000217,0.006613,0.054685,0.123971,10.317128,20.515006,5,0,0.000000,1,0.492006,0.868863,1,-1,0,none
24.356167,1.286000,0.753000,1.502000,1.260531,0.749419,1.382079,1.314733,0.777624,1.385117,0.002830,-0.021173,0.009534,0.999726,-0.221190,0.619809,-0.045387,-0.000580,-0.000205,0.006628,0.122648,0.122856,-3316168633100972.000000,20.515006,5,0,0.000000,1,0.428881,0.764413,1,-1,0,none
24.372841,1.281000,0.762000,1.502000,1.314836,0.771647,1.425358,1.311533,0.786028,1.386948,0.001389,-0.022383,0.009568,0.999703,-0.220480,0.616728,-0.044686,-0.000603,-0.000192,0.006310,0.084332,0.121435,2.461128,18.466827,4,0,0.000000,1,0.415376,0.791772,1,6,0,none
24.389524,1.274000,0.770000,1.503000,1.397854,0.839670,1.248081,1.316518,0.800221,1.377774,-0.000643,-0.023527,0.009316,0.999680,-0.204597,0.619786,-0.056903,-0.000567,-0.000230,0.007362,0.291852,0.135656,12.345241,16.266236,3,0,0.000000,1,0.645447,1.468788,1,-1,2,anchor2:2-3;1-2
24.406109,1.270000,0.778000,1.503000,1.511179,0.792134,1.526493,1.331106,0.808728,1.384965,-0.002102,-0.024477,0.009081,0.999657,-0.176734,0.617875,-0.049325,-0.000751,-0.000194,0.006042,0.242732,0.136420,0.776566,13.815511,2,0,0.000000,1,0.760751,1.334870,1,3,2,anchor2:2-3;1-2
24.422667,1.266000,0.787000,1.503000,1.416408,0.908942,1.239568,1.336272,0.826523,1.376020,-0.003376,-0.025858,0.009407,0.999616,-0.167050,0.632618,-0.065764,-0.000682,-0.000253,0.007407,0.326939,0.150414,14.732863,16.266236,3,0,0.000000,1,0.651611,1.467355,1,-1,2,anchor2:2-3;1-2
24.439306,1.260000,0.797000,1.502000,1.496201,0.816530,1.424888,1.347256,0.834898,1.377804,-0.004564,-0.026180,0.009216,0.999604,-0.147454,0.624093,-0.066027,-0.000774,-0.000240,0.007084,0.249236,0.156443,5.212397,13.815511,2,0,0.000000,1,0.770504,1.321570,1,3,2,anchor2:2-3;1-2
24.455977,1.255000,0.805000,1.502000,1.316239,0.797366,1.289802,1.342525,0.841100,1.371944,-0.006218,-0.026933,0.008896,0.999578,-0.151449,0.614260,-0.072499,-0.000723,-0.000235,0.007668,0.220990,0.160867,4.413366,16.266236,3,0,0.000000,1,0.613449,0.893326,1,-1,2,anchor1:0-1;1-2
24.472604,1.250000,0.813000,1.502000,1.280691,0.860046,1.294743,1.335326,0.851881,1.366652,-0.008112,-0.027736,0.009135,0.999541,-0.163079,0.616634,-0.078908,-0.000668,-0.000248,0.008169,0.214734,0.164656,14.774894,16.266236,3,0,0.000000,1,0.630709,1.437376,1,-1,2,anchor2:2-3;1-2
24.489166,1.243000,0.824000,1.502000,1.541445,0.798648,1.422879,1.348751,0.856728,1.368392,-0.009172,-0.027363,0.009156,0.999542,-0.142280,0.612165,-0.079642,-0.000763,-0.000217,0.007806,0.309794,0.173509,0.563825,13.815511,2,0,0.000000,1,0.652039,1.267476,1,4,2,anchor1:0-1;1-2
24.505797,1.236000,0.834000,1.502000,1.319093,0.908459,1.300899,1.344453,0.869652,1.363741,-0.010495,-0.027802,0.009024,0.999518,-0.143929,0.619907,-0.081064,-0.000725,-0.000240,0.008231,0.229979,0.179301,11.379180,16.266236,3,0,0.000000,1,0.636660,1.442852,1,-1,2,anchor2:2-3;1-2
24.539092,1.226000,0.850000,1.501000,1.238820,0.846280,1.284767,1.331799,0.886822,1.357058,-0.010525,-0.028552,0.008696,0.999499,-0.166186,0.620052,-0.085475,-0.000654,-0.000235,0.008720,0.216645,0.182397,8.879264,16.266236,3,0,0.000000,1,0.611605,0.900871,1,-1,2,anchor1:0-1;1-2
24.555701,1.220000,0.858000,1.501000,1.185382,0.827306,1.496735,1.318241,0.891885,1.362891,-0.009916,-0.029441,0.008676,0.999480,-0.185430,0.612684,-0.077018,-0.000662,-0.000194,0.007800,0.046462,0.172840,15.733907,20.515006,5,0,0.000000,1,0.488541,0.870938,1,-1,0,none
24.572266,1.213000,0.869000,1.500000,1.313871,0.853694,1.296402,1.315157,0.898064,1.358395,-0.009192,-0.029392,0.008808,0.999487,-0.191671,0.610676,-0.078296,-0.000635,-0.000186,0.008210,0.227731,0.177010,6.961805,16.266236,3,0,0.000000,1,0.615381,0.901762,1,-1,2,anchor1:0-1;1-2
24.588949,1.208000,0.877000,1.501000,1.547138,0.897991,1.398924,1.328968,0.907212,1.359233,-0.008682,-0.028267,0.009193,0.999520,-0.162612,0.610686,-0.073393,-0.000731,-0.000174,0.007960,0.354789,0.188796,0.304710,13.815511,2,0,0.000000,1,0.659694,1.289701,1,4,2,anchor1:0-1;1-2
24.622183,1.195000,0.897000,1.500000,1.288248,0.841220,1.287896,1.320927,0.920993,1.353383,-0.007181,-0.029152,0.009549,0.999504,-0.169280,0.600236,-0.072194,-0.000688,-0.000152,0.008394,0.238317,0.194756,4.807131,13.815511,2,0,0.000000,1,0.621303,1.178980,1,3,2,anchor1:0-1;1-2
24.655425,1.181000,0.915000,1.500000,1.451845,0.956335,1.483592,1.325841,0.941885,1.357955,-0.005316,-0.027847,0.009707,0.999551,-0.157234,0.604432,-0.058165,-0.000796,-0.000136,0.007532,0.274471,0.204642,2.106389,13.815511,2,0,0.000000,1,0.656774,1.317685,1,4,2,anchor1:0-1;1-2
24.688741,1.170000,0.932000,1.500000,1.516656,0.893179,1.389773,1.336081,0.956488,1.357777,-0.003755,-0.025849,0.010354,0.999605,-0.134789,0.597640,-0.051372,-0.000885,-0.000101,0.007303,0.365824,0.220022,0.375647,13.815511,2,0,0.000000,1,0.657428,1.292884,1,4,2,anchor1:0-1;1-2
24.705278,1.162000,0.942000,1.501000,1.472564,0.955081,1.407759,1.344655,0.965024,1.359460,-0.003273,-0.025100,0.010494,0.999625,-0.116107,0.595926,-0.047503,-0.000962,-0.000085,0.006943,0.324523,0.232221,0.949224,13.815511,2,0,0.000000,1,0.658387,1.313597,1,4,2,anchor1:0-1;1-2
24.738585,1.150000,0.959000,1.500000,1.106063,0.953311,1.565198,1.322112,0.982129,1.368741,-0.001116,-0.027723,0.010929,0.999555,-0.149134,0.595578,-0.036105,-0.000974,-0.000048,0.005545,0.078826,0.217684,8.397012,18.466827,4,0,0.000000,1,0.394587,0.800337,1,2,0,none
24.755249,1.142000,0.971000,1.501000,1.213154,0.945669,1.312077,1.311405,0.988194,1.365294,0.000719,-0.029044,0.011130,0.999516,-0.162716,0.586880,-0.040112,-0.000911,-0.000042,0.005911,0.203462,0.217738,15.890744,16.266236,3,0,0.000000,1,0.613687,0.916247,1,-1,2,anchor1:0-1;1-2
24.771824,1.135000,0.978000,1.501000,1.221565,0.979671,1.252773,1.302096,0.996412,1.359028,0.002337,-0.029844,0.011257,0.999488,-0.175355,0.582654,-0.045926,-0.000833,-0.000055,0.006639,0.262893,0.220036,10.805317,16.266236,3,0,0.000000,1,0.615408,0.919529,1,-1,2,anchor1:0-1;1-2
24.788397,1.127000,0.989000,1.501000,1.098854,1.030971,1.456480,1.284571,1.007464,1.363157,0.003391,-0.030910,0.011420,0.999451,-0.208550,0.585997,-0.044318,-0.000748,-0.000062,0.006024,0.067349,0.210167,14.911919,18.466827,4,0,0.000000,1,0.389019,0.671724,1,5,0,none
24.838319,1.106000,1.017000,1.500000,1.192747,0.997247,1.252934,1.267324,1.033039,1.355153,0.005495,-0.031503,0.011910,0.999418,-0.229156,0.565315,-0.056372,-0.000675,-0.000065,0.006759,0.262597,0.217401,12.304381,16.266236,3,0,0.000000,1,0.614601,0.922285,1,-1,2,anchor1:0-1;1-2
24.854871,1.099000,1.024000,1.500000,1.177040,1.020569,1.290952,1.256853,1.040174,1.350975,0.006438,-0.032143,0.011968,0.999391,-0.249325,0.562473,-0.063708,-0.000602,-0.000070,0.007189,0.223166,0.217687,15.379643,16.266236,3,0,0.000000,1,0.614450,0.926702,1,-1,2,anchor1:0-1;1-2
24.871504,1.093000,1.033000,1.500000,1.158965,1.027174,1.316912,1.245576,1.047417,1.348229,0.007741,-0.032922,0.012217,0.999353,-0.267289,0.553132,-0.066559,-0.000555,-0.000069,0.007405,0.194696,0.215689,10.900761,16.266236,3,0,0.000000,1,0.613746,0.928547,1,-1,2,anchor1:0-1;1-2
24.921378,1.070000,1.058000,1.499000,1.050171,1.096846,1.358159,1.245576,1.047417,1.348229,0.007741,-0.032922,0.012217,0.999353,-0.267289,0.553132,-0.066559,-0.000555,-0.000069,0.007405,0.147439,0.231669,-203032206540786.500000,20.515006,5,0,0.000000,1,0.747403,-nan,0,-1,0,none
24.954663,1.054000,1.074000,1.499000,1.030977,1.104763,1.415164,1.204298,1.093207,1.348075,0.011590,-0.032160,0.013511,0.999324,-0.320116,0.525678,-0.052033,-0.000466,-0.000066,0.006738,0.092222,0.213862,-7772287160651760.000000,20.515006,5,0,0.000000,1,0.599769,0.868226,1,-1,0,none
24.971307,1.046000,1.082000,1.499000,1.139212,1.102842,1.224082,1.193525,1.101772,1.340352,0.012387,-0.032166,0.013635,0.999313,-0.337027,0.521225,-0.061610,-0.000405,-0.000087,0.007648,0.291038,0.217540,6.694329,16.266236,3,0,0.000000,1,0.615280,0.937033,1,-1,2,anchor1:0-1;1-2
24.987909,1.037000,1.092000,1.498000,1.040301,1.124610,1.465204,1.175211,1.111639,1.346086,0.013257,-0.032509,0.013661,0.999290,-0.363332,0.515423,-0.053632,-0.000372,-0.000080,0.006742,0.046367,0.206315,10.777175,20.515006,5,0,0.000000,1,0.479094,0.862691,1,-1,0,none
25.004476,1.030000,1.100000,1.498000,1.027525,1.109570,1.422850,1.157716,1.118883,1.349246,0.013766,-0.033117,0.013608,0.999264,-0.385378,0.505548,-0.048046,-0.000288,-0.000075,0.006181,0.075797,0.196967,2.110949,18.466827,4,0,0.000000,1,0.600816,0.846795,1,3,0,none
25.021147,1.023000,1.106000,1.499000,1.109664,1.163381,1.196668,1.147917,1.129844,1.340563,0.013940,-0.032808,0.013625,0.999272,-0.395180,0.503435,-0.055122,-0.000242,-0.000112,0.007244,0.319700,0.203162,7.742842,16.266236,3,0,0.000000,1,0.633557,1.360065,1,-1,2,anchor2:2-3;1-2
25.037777,1.013000,1.116000,1.498000,1.184996,1.189171,1.230147,1.144766,1.141989,1.334137,0.013685,-0.031801,0.013716,0.999306,-0.398550,0.504662,-0.061898,-0.000241,-0.000145,0.008003,0.326622,0.211870,15.042740,16.266236,3,0,0.000000,1,0.641297,1.378207,1,-1,2,anchor2:2-3;1-2
25.071006,0.996000,1.131000,1.498000,1.047486,1.121682,1.401029,1.125091,1.155032,1.335684,0.013816,-0.031561,0.013758,0.999312,-0.412531,0.481886,-0.053240,-0.000217,-0.000124,0.007512,0.110186,0.208779,-634462748839932.000000,20.515006,5,0,0.000000,1,0.521568,0.926146,1,-1,0,none
25.120923,0.971000,1.153000,1.498000,0.982634,1.140478,1.392757,1.093714,1.175041,1.336955,0.014189,-0.031999,0.013871,0.999291,-0.442931,0.454754,-0.042650,-0.000121,-0.000104,0.007160,0.106622,0.203666,2.783527,18.466827,4,0,0.000000,1,0.391233,0.807555,1,6,0,none
25.187494,0.937000,1.178000,1.499000,0.991419,1.192721,1.382622,1.056874,1.202857,1.337045,0.011933,-0.036327,0.013491,0.999178,-0.469114,0.420331,-0.038470,-0.000094,-0.000095,0.006763,0.129313,0.203020,7.798509,16.266236,3,0,0.000000,1,0.616693,1.326183,1,-1,2,anchor2:2-3;1-2
25.237190,0.911000,1.197000,1.500000,0.949731,1.235107,1.312386,1.024418,1.224212,1.333541,0.007413,-0.038641,0.013466,0.999135,-0.504386,0.401401,-0.045963,-0.000047,-0.000109,0.006950,0.195323,0.203255,5.115086,20.515006,5,0,0.000000,1,0.474197,0.856746,1,-1,0,none
25.253904,0.901000,1.205000,1.499000,1.049267,1.304203,1.019733,1.018900,1.237923,1.314101,0.005521,-0.038886,0.012959,0.999144,-0.506359,0.408900,-0.068539,-0.000001,-0.000185,0.009515,0.511392,0.221747,14.909002,16.266236,3,0,0.000000,1,0.647917,1.332102,1,-1,2,anchor2:2-3;1-2
25.287119,0.885000,1.216000,1.499000,0.919891,1.259710,1.369807,0.994197,1.251997,1.315156,0.003501,-0.039976,0.012485,0.999116,-0.529337,0.407651,-0.069040,0.000031,-0.000187,0.009030,0.140779,0.216837,0.520136,20.515006,5,0,0.000000,1,0.473064,0.856911,1,-1,0,none
25.303695,0.874000,1.223000,1.499000,0.950423,1.250305,1.338605,0.982347,1.257691,1.315487,0.003167,-0.040102,0.012553,0.999112,-0.545964,0.405638,-0.070045,0.000045,-0.000182,0.008838,0.179757,0.215915,-50758696470524.843750,20.515006,5,0,0.000000,1,0.607047,1.168791,1,-1,0,none
25.320339,0.865000,1.228000,1.499000,0.984075,1.234571,1.274699,0.974405,1.261427,1.312079,0.002786,-0.039836,0.012688,0.999122,-0.549508,0.396165,-0.071154,0.000047,-0.000172,0.009142,0.254034,0.219149,9.260744,18.466827,4,0,0.000000,1,0.656236,0.854178,1,7,0,none
25.337006,0.857000,1.233000,1.499000,0.884726,1.271749,1.397542,0.958357,1.268286,1.315688,0.002517,-0.039760,0.012758,0.999125,-0.565007,0.394572,-0.062049,0.000071,-0.000168,0.008474,0.112089,0.212419,-5335912127939580.000000,20.515006,5,0,0.000000,1,0.394071,0.633909,1,-1,0,none
25.353625,0.845000,1.240000,1.499000,0.912515,1.237981,1.395270,0.945919,1.271669,1.319028,0.002532,-0.039511,0.012893,0.999133,-0.578779,0.385619,-0.055888,0.000078,-0.000146,0.007865,0.123783,0.208752,0.539048,18.466827,4,0,0.000000,1,0.652792,0.850437,1,7,0,none
25.386852,0.829000,1.251000,1.499000,0.832279,1.287064,1.425934,0.918753,1.284550,1.323173,0.002303,-0.039707,0.012617,0.999129,-0.603713,0.384914,-0.042104,0.000104,-0.000139,0.007025,0.081548,0.200241,5.958251,20.515006,5,0,0.000000,1,0.470342,0.858152,1,-1,0,none
25.420148,0.809000,1.263000,1.499000,0.837255,1.293245,1.430132,0.893321,1.296968,1.327340,0.002764,-0.040391,0.012100,0.999107,-0.621240,0.381888,-0.028154,0.000115,-0.000126,0.006104,0.080349,0.194245,-9250607031706106.000000,20.515006,5,0,0.000000,1,0.658481,0.753954,1,-1,0,none
25.519826,0.749000,1.296000,1.500000,0.765836,1.299595,1.414224,0.822641,1.330447,1.330110,0.004799,-0.045298,0.011330,0.998898,-0.680176,0.359211,-0.032002,0.000126,-0.000103,0.005341,0.087486,0.188340,6.374510,20.515006,5,0,0.000000,1,0.468388,0.857990,1,-1,0,none
25.536470,0.737000,1.303000,1.500000,0.723481,1.380439,1.400240,0.802449,1.340981,1.333835,0.004302,-0.045161,0.010859,0.998911,-0.706833,0.364321,-0.030544,0.000154,-0.000119,0.004724,0.127010,0.182584,5.138355,18.466827,4,0,0.000000,1,0.371578,0.679350,1,5,0,none
25.553169,0.728000,1.309000,1.500000,0.742551,1.338441,1.476405,0.802449,1.340981,1.333835,0.004302,-0.045161,0.010859,0.998911,-0.706833,0.364321,-0.030544,0.000154,-0.000119,0.004724,0.040438,0.184868,-24566733848887792.000000,20.515006,5,0,0.000000,1,1.230384,1.982252,0,-1,0,none
25.569763,0.719000,1.313000,1.500000,0.734370,1.357279,1.440888,0.774271,1.353627,1.339463,0.004660,-0.042920,0.010165,0.999016,-0.729662,0.367639,-0.025872,0.000161,-0.000112,0.003780,0.075439,0.174578,-4080.922993,20.515006,5,0,0.000000,1,0.465118,1.012084,1,-1,0,none
25.586359,0.706000,1.320000,1.500000,0.810149,1.397572,1.315755,0.767491,1.363186,1.337758,0.005225,-0.041756,0.009668,0.999067,-0.724482,0.369454,-0.026612,0.000143,-0.000127,0.003994,0.225412,0.178798,10.765853,16.266236,3,0,0.000000,1,0.611670,1.249721,1,-1,2,anchor2:2-3;1-2
25.636275,0.675000,1.335000,1.500000,0.710954,1.347611,1.494768,0.729142,1.377937,1.346555,0.007402,-0.039934,0.009790,0.999127,-0.750368,0.357187,-0.012860,0.000133,-0.000100,0.002628,0.038459,0.168286,-634469197123576.500000,20.515006,5,0,0.000000,1,0.576809,0.863150,1,-1,0,none
25.652863,0.665000,1.340000,1.500000,0.874249,1.370217,1.547799,0.733599,1.382284,1.359156,0.007767,-0.038382,0.009576,0.999187,-0.728226,0.351318,0.003020,0.000047,-0.000069,0.000997,0.216756,0.162267,3.650176,13.815511,2,0,0.000000,1,0.749706,1.538339,1,3,2,anchor2:2-3;1-2
25.686100,0.643000,1.350000,1.500000,0.647805,1.445655,1.480751,0.703544,1.399040,1.366830,0.007123,-0.038028,0.009550,0.999206,-0.750246,0.353620,0.014880,0.000047,-0.000079,-0.000024,0.097691,0.154288,2.252004,18.466827,4,0,0.000000,1,0.374586,0.690261,1,5,0,none
25.702745,0.633000,1.354000,1.500000,0.593149,1.379416,1.501317,0.682035,1.402404,1.375002,0.006433,-0.038510,0.009381,0.999193,-0.768363,0.343670,0.023260,0.000060,-0.000064,-0.001148,0.047285,0.142731,-812126246832126.000000,20.515006,5,0,0.000000,1,0.454694,0.932586,1,-1,0,none
25.735913,0.610000,1.365000,1.500000,0.588456,1.393796,1.506047,0.650510,1.411688,1.383566,0.004870,-0.039421,0.008852,0.999172,-0.793440,0.342045,0.032113,0.000064,-0.000050,-0.002236,0.036468,0.131825,-767711097759993.000000,20.515006,5,0,0.000000,1,0.555355,0.935038,1,-1,0,none
25.752558,0.597000,1.371000,1.500000,0.637669,1.462566,1.662330,0.638247,1.421578,1.400578,0.004434,-0.039735,0.008610,0.999163,-0.794493,0.344561,0.049566,0.000028,-0.000041,-0.004432,0.190760,0.118929,2.456546,16.266236,3,0,0.000000,1,0.731607,1.670368,1,-1,2,anchor6:5-6;6-7
25.769192,0.587000,1.376000,1.501000,0.557905,1.391055,1.438460,0.619267,1.423962,1.403354,0.004256,-0.040478,0.008673,0.999134,-0.811216,0.340282,0.050770,0.000041,-0.000032,-0.004751,0.070600,0.113474,-511802965300257.062500,20.515006,5,0,0.000000,1,0.447228,0.692148,1,-1,0,none
25.785914,0.578000,1.380000,1.501000,0.654321,1.466263,1.689307,0.610426,1.432936,1.420325,0.004121,-0.040411,0.008517,0.999138,-0.809876,0.347624,0.067482,-0.000005,-0.000019,-0.006870,0.220739,0.101794,9.738909,16.266236,3,0,0.000000,1,0.734365,1.672234,1,-1,2,anchor6:5-6;6-7
25.802439,0.565000,1.385000,1.501000,0.550412,1.407672,1.568625,0.593953,1.435848,1.429381,0.004689,-0.040264,0.008480,0.999142,-0.823480,0.342769,0.075878,-0.000014,-0.000005,-0.007978,0.072801,0.092483,4.481198,18.466827,4,0,0.000000,1,0.385682,0.704041,1,1,0,none
25.819005,0.555000,1.389000,1.501000,0.553664,1.405550,1.505029,0.578641,1.438448,1.434526,0.004896,-0.039430,0.008641,0.999173,-0.834024,0.336136,0.080739,-0.000016,0.000006,-0.008531,0.017085,0.086155,-10665464547397710.000000,20.515006,5,0,0.000000,1,0.760471,1.001335,1,-1,0,none
25.835695,0.545000,1.394000,1.502000,0.551230,1.417727,1.447191,0.564017,1.441823,1.436431,0.005486,-0.038349,0.008493,0.999213,-0.836591,0.330409,0.084292,-0.000014,0.000012,-0.008621,0.060049,0.083354,-2798027440275449.500000,20.515006,5,0,0.000000,1,0.541102,0.773907,1,-1,0,none
25.852338,0.532000,1.400000,1.502000,0.607612,1.440146,1.405490,0.554628,1.446685,1.436204,0.006469,-0.036759,0.008338,0.999268,-0.834742,0.330666,0.082289,-0.000022,0.000012,-0.008379,0.129008,0.083789,10.822664,18.466827,4,0,0.000000,1,0.642846,0.831017,1,7,0,none
25.868995,0.522000,1.405000,1.502000,0.635482,1.512659,1.309700,0.547712,1.456652,1.431258,0.007384,-0.035344,0.008324,0.999313,-0.822608,0.334524,0.080230,-0.000026,-0.000007,-0.007458,0.247887,0.091288,5.001993,16.266236,3,0,0.000000,1,0.606547,1.185191,1,-1,2,anchor2:2-3;1-2
25.885507,0.511000,1.409000,1.502000,0.619059,1.443943,1.633791,0.541105,1.460694,1.442674,0.008276,-0.034324,0.008529,0.999340,-0.814300,0.330378,0.092343,-0.000075,0.000010,-0.008797,0.173973,0.084250,14.668773,16.266236,3,0,0.000000,1,0.727127,1.665517,1,-1,2,anchor6:5-6;6-7
25.904287,0.498000,1.414000,1.503000,0.474526,1.467064,1.489343,0.522558,1.466763,1.446529,0.009303,-0.034171,0.008506,0.999337,-0.824239,0.330892,0.096531,-0.000072,0.000012,-0.009115,0.059610,0.081093,3.283649,18.466827,4,0,0.000000,1,0.376152,0.716404,1,4,0,none
25.920902,0.485000,1.419000,1.503000,0.490233,1.430198,1.564929,0.507973,1.469163,1.453709,0.010658,-0.033950,0.008568,0.999330,-0.827496,0.322016,0.103104,-0.000086,0.000027,-0.009908,0.063150,0.073984,-714841687317597.250000,20.515006,5,0,0.000000,1,0.327555,0.777221,1,-1,0,none
25.939625,0.475000,1.423000,1.503000,0.483775,1.461076,1.428841,0.492024,1.474102,1.454278,0.011865,-0.033275,0.008971,0.999336,-0.834331,0.321655,0.098651,-0.000080,0.000028,-0.009737,0.083823,0.072630,3.385971,18.466827,4,0,0.000000,1,0.412221,0.737491,1,0,0,none
25.956234,0.465000,1.428000,1.503000,0.488755,1.497499,1.446189,0.478949,1.480661,1.455458,0.013214,-0.033058,0.008943,0.999326,-0.833660,0.322601,0.096893,-0.000081,0.000024,-0.009667,0.092854,0.072305,-1691928068820009.750000,20.515006,5,0,0.000000,1,0.380305,0.797495,1,-1,0,none
25.972789,0.452000,1.434000,1.503000,0.476432,1.476630,1.478262,0.466509,1.485129,1.457966,0.014571,-0.032850,0.008761,0.999316,-0.836769,0.320124,0.095200,-0.000087,0.000027,-0.009803,0.055011,0.069662,-951708027386973.125000,20.515006,5,0,0.000000,1,0.397572,0.829694,1,-1,0,none
25.989464,0.442000,1.437000,1.503000,0.469877,1.473095,1.435018,0.454106,1.489129,1.458351,0.015933,-0.032426,0.008709,0.999309,-0.841731,0.318982,0.090976,-0.000086,0.000030,-0.009644,0.081863,0.069696,4.600808,20.515006,5,0,0.000000,1,0.461136,0.847841,1,-1,0,none
26.006108,0.429000,1.442000,1.503000,0.442596,1.435518,1.466546,0.440559,1.490375,1.460108,0.017336,-0.032149,0.008970,0.999292,-0.843463,0.306701,0.090125,-0.000087,0.000045,-0.009696,0.039443,0.065677,3.792120,18.466827,4,0,0.000000,1,0.588807,0.786409,1,1,0,none
26.022751,0.418000,1.446000,1.503000,0.439332,1.472826,1.458152,0.427445,1.493950,1.461409,0.018367,-0.032023,0.008901,0.999279,-0.844973,0.302910,0.085782,-0.000089,0.000051,-0.009674,0.056445,0.064173,18.055436,20.515006,5,0,0.000000,1,0.460730,0.847823,1,-1,0,none
26.039316,0.408000,1.450000,1.503000,0.429440,1.496789,1.399508,0.415116,1.498500,1.459916,0.019401,-0.032088,0.008684,0.999259,-0.845692,0.296225,0.079407,-0.000081,0.000048,-0.009274,0.115583,0.065262,4.784325,18.466827,4,0,0.000000,1,0.376953,0.720353,1,3,0,none
26.055927,0.395000,1.455000,1.503000,0.451287,1.482710,1.372768,0.404705,1.501865,1.457297,0.020312,-0.032180,0.008685,0.999238,-0.843737,0.292415,0.072878,-0.000078,0.000050,-0.008712,0.144556,0.066177,2.485767,18.466827,4,0,0.000000,1,0.638757,0.814194,1,5,0,none
26.072621,0.386000,1.458000,1.503000,0.393924,1.456995,1.316265,0.391038,1.503367,1.452218,0.021526,-0.032740,0.008961,0.999192,-0.848893,0.279892,0.063168,-0.000050,0.000057,-0.007840,0.186906,0.068281,3.371660,18.466827,4,0,0.000000,1,0.585889,0.779573,1,1,0,none
26.089209,0.372000,1.462000,1.503000,0.367831,1.557178,1.412381,0.376543,1.510922,1.451511,0.021875,-0.033147,0.008814,0.999172,-0.850815,0.274617,0.063155,-0.000039,0.000039,-0.007583,0.131484,0.071170,2.499843,18.466827,4,0,0.000000,1,0.379319,0.728687,1,3,0,none
26.122440,0.352000,1.468000,1.503000,0.362805,1.465044,1.556317,0.349716,1.516069,1.458157,0.023026,-0.032769,0.008566,0.999161,-0.857285,0.252368,0.071660,-0.000065,0.000063,-0.008244,0.054481,0.065778,5.055137,18.466827,4,0,0.000000,1,0.585723,0.965782,1,6,0,none
26.139066,0.339000,1.473000,1.503000,0.368643,1.514452,1.327679,0.337930,1.519658,1.453552,0.023315,-0.032802,0.008379,0.999155,-0.855668,0.245939,0.067495,-0.000047,0.000059,-0.007399,0.182577,0.067994,-31723575724176188.000000,20.515006,5,0,0.000000,1,0.401407,0.857713,1,-1,0,none
26.172311,0.320000,1.478000,1.503000,0.282944,1.452129,1.239436,0.307591,1.522308,1.446019,0.025037,-0.034495,0.007952,0.999060,-0.862282,0.222385,0.061022,0.000015,0.000077,-0.005998,0.267411,0.073239,3.239792,16.266236,3,0,0.000000,1,0.702220,1.664928,1,-1,2,anchor6:5-6;6-7
26.188948,0.306000,1.481000,1.503000,0.295269,1.470756,1.175990,0.293793,1.521929,1.434813,0.025771,-0.034814,0.007963,0.999030,-0.870067,0.209252,0.046821,0.000079,0.000083,-0.004241,0.327346,0.080459,5.276812,16.266236,3,0,0.000000,1,0.702217,1.669175,1,-1,2,anchor6:5-6;6-7
26.205596,0.297000,1.484000,1.503000,0.248083,1.422105,1.091229,0.277533,1.518186,1.420209,0.026317,-0.035173,0.007744,0.999005,-0.874268,0.186207,0.031090,0.000174,0.000106,-0.002041,0.419261,0.091662,1.122952,16.266236,3,0,0.000000,1,0.696795,1.665314,1,-1,2,anchor6:5-6;6-7
26.222258,0.287000,1.486000,1.503000,0.335911,1.553111,1.405221,0.268037,1.523225,1.420131,0.026269,-0.034753,0.007801,0.999020,-0.873149,0.184796,0.033079,0.000145,0.000090,-0.001911,0.128285,0.092804,-6909392897526566.000000,20.515006,5,0,0.000000,1,0.548163,0.978300,1,-1,0,none
26.255448,0.264000,1.491000,1.503000,0.323541,1.528836,1.320688,0.245427,1.528879,1.416758,0.026715,-0.033913,0.007667,0.999038,-0.868921,0.171700,0.029187,0.000130,0.000084,-0.001214,0.195485,0.096007,4.567848,20.515006,5,0,0.000000,1,0.459376,0.838271,1,-1,0,none
26.288716,0.241000,1.495000,1.503000,0.240830,1.577870,1.352824,0.218550,1.537259,1.414708,0.027316,-0.034313,0.007318,0.999011,-0.869852,0.159624,0.024124,0.000136,0.000057,-0.000751,0.171523,0.100425,1.884871,18.466827,4,0,0.000000,1,0.380551,0.746711,1,3,0,none
26.321955,0.218000,1.500000,1.503000,0.235170,1.527522,1.271489,0.192787,1.541070,1.408674,0.027578,-0.035239,0.007673,0.998969,-0.874589,0.141425,0.014259,0.000158,0.000057,0.000337,0.233773,0.105924,12.549613,20.515006,5,0,0.000000,1,0.458785,0.834056,1,-1,0,none
26.355241,0.197000,1.503000,1.503000,0.138200,1.572650,1.253342,0.161931,1.547353,1.401478,0.026814,-0.036639,0.007310,0.998942,-0.888293,0.127220,0.003556,0.000223,0.000033,0.001464,0.265777,0.116206,2.881644,16.266236,3,0,0.000000,1,0.914551,1.688296,1,-1,2,anchor7:6-7;7-0
26.371848,0.184000,1.504000,1.504000,0.171448,1.550780,1.421919,0.149296,1.549462,1.402526,0.026323,-0.036755,0.007447,0.998950,-0.891207,0.118458,0.003828,0.000203,0.000033,0.001327,0.095306,0.116482,-1833617829543689.000000,20.515006,5,0,0.000000,1,0.455275,0.964828,1,-1,0,none
26.388468,0.174000,1.505000,1.504000,0.206885,1.554889,1.362627,0.149296,1.549462,1.402526,0.026323,-0.036755,0.007447,0.998950,-0.891207,0.118458,0.003828,0.000203,0.000033,0.001327,0.153482,0.113508,-1243569443918398.000000,20.515006,5,0,0.000000,1,0.708354,2.396545,0,-1,0,none
26.405093,0.164000,1.506000,1.504000,0.152153,1.563175,1.408694,0.122767,1.553838,1.402977,0.024153,-0.036067,0.007091,0.999032,-0.893661,0.102168,0.003975,0.000182,0.000028,0.001297,0.111770,0.119140,3.383205,20.515006,5,0,0.000000,1,0.458295,0.830005,1,-1,0,none
26.438344,0.140000,1.507000,1.503000,0.124896,1.601116,1.347683,0.095903,1.560521,1.400367,0.021598,-0.035796,0.007066,0.999101,-0.893180,0.098356,0.000875,0.000184,-0.000001,0.001736,0.182235,0.123865,2.759806,18.466827,4,0,0.000000,1,0.381900,0.763862,1,3,0,none
26.471589,0.116000,1.509000,1.503000,0.171771,1.535779,1.412469,0.074839,1.561387,1.401250,0.020837,-0.035962,0.007005,0.999111,-0.886961,0.084530,0.005587,0.000132,0.000014,0.001875,0.109651,0.121621,-16445543440500002.000000,20.515006,5,0,0.000000,1,0.521382,1.052053,1,-1,0,none
26.488152,0.106000,1.510000,1.504000,0.089561,1.557476,1.366391,0.063049,1.562218,1.399600,0.020340,-0.035904,0.007213,0.999122,-0.889239,0.077336,0.005944,0.000129,0.000017,0.002148,0.146493,0.124382,-913642027686142.000000,20.515006,5,0,0.000000,1,0.448276,0.684324,1,-1,0,none
26.538074,0.072000,1.511000,1.504000,0.066193,1.558643,1.437068,0.022618,1.565124,1.402125,0.018083,-0.035641,0.006607,0.999179,-0.894243,0.062661,0.015780,0.000084,0.000022,0.001868,0.082361,0.125485,-13818810399400444.000000,20.515006,5,0,0.000000,1,0.460554,0.737609,1,-1,0,none
26.554617,0.058000,1.511000,1.504000,0.086593,1.564693,1.327063,0.015078,1.565884,1.398439,0.017749,-0.034759,0.006422,0.999217,-0.888797,0.058524,0.010963,0.000070,0.000022,0.002484,0.187102,0.126482,0.423316,18.466827,4,0,0.000000,1,0.575968,0.733294,1,1,0,none
26.571243,0.048000,1.512000,1.504000,0.044182,1.620439,1.335176,0.004329,1.571177,1.395400,0.016946,-0.034078,0.006579,0.999254,-0.885898,0.064434,0.007443,0.000074,-0.000010,0.003001,0.200687,0.131160,2.048755,18.466827,4,0,0.000000,1,0.382971,0.775475,1,3,0,none
26.621237,0.017000,1.512000,1.504000,-0.121387,1.636796,1.153764,-0.047536,1.579498,1.382465,0.015819,-0.034126,0.006619,0.999270,-0.907146,0.064175,-0.010333,0.000210,-0.000048,0.004970,0.396725,0.153270,0.915475,16.266236,3,0,0.000000,1,0.969802,1.791094,1,-1,2,anchor7:6-7;7-0
26.637758,0.000000,1.511000,1.505000,-0.011087,1.562446,1.373108,-0.057638,1.578935,1.381801,0.016065,-0.033531,0.006541,0.999287,-0.903476,0.058468,-0.012357,0.000182,-0.000036,0.005054,0.142004,0.152037,2.635656,20.515006,5,0,0.000000,1,0.458121,0.841596,1,-1,0,none
26.654450,-0.009000,1.511000,1.505000,-0.013387,1.590134,1.465413,-0.067336,1.580790,1.386063,0.015998,-0.032873,0.006491,0.999310,-0.896996,0.056294,-0.006410,0.000110,-0.000045,0.004424,0.088592,0.149733,-1222423533638008.750000,20.515006,5,0,0.000000,1,0.440874,0.802374,1,-1,0,none
26.671084,-0.020000,1.511000,1.505000,-0.004089,1.546022,1.451077,-0.075691,1.578821,1.389325,0.015965,-0.032138,0.006480,0.999335,-0.889216,0.045519,-0.002120,0.000037,-0.000026,0.003941,0.066237,0.145196,5.688839,20.515006,5,0,0.000000,1,0.458076,0.844018,1,-1,0,none
26.687661,-0.034000,1.511000,1.505000,-0.155552,1.632792,1.182450,-0.095597,1.583603,1.378782,0.015361,-0.032816,0.006741,0.999321,-0.898315,0.050326,-0.012748,0.000168,-0.000050,0.005489,0.365577,0.158102,4.765453,16.266236,3,0,0.000000,1,0.969652,1.799358,1,-1,2,anchor7:6-7;7-0
26.704288,-0.045000,1.510000,1.505000,-0.039074,1.569307,1.410383,-0.104412,1.583265,1.380173,0.014975,-0.033336,0.006484,0.999311,-0.893041,0.048152,-0.012357,0.000115,-0.000043,0.005270,0.111825,0.156459,-2537896133431297.000000,20.515006,5,0,0.000000,1,0.504155,0.703689,1,-1,0,none
26.737590,-0.069000,1.510000,1.505000,-0.054421,1.548549,1.497752,-0.127554,1.581999,1.385795,0.014808,-0.035063,0.005988,0.999257,-0.890700,0.039503,-0.007386,0.000017,-0.000028,0.004392,0.041846,0.151070,10.110431,20.515006,5,0,0.000000,1,0.458183,0.848501,1,-1,0,none
26.754157,-0.080000,1.509000,1.505000,-0.075657,1.575004,1.383216,-0.137088,1.582023,1.385566,0.015205,-0.035032,0.006282,0.999251,-0.885226,0.034690,-0.005493,-0.000016,-0.000024,0.004426,0.138588,0.151182,3.203744,18.466827,4,0,0.000000,1,0.397854,0.668157,1,7,0,none
26.770748,-0.090000,1.509000,1.505000,-0.261224,1.671971,1.051398,-0.137088,1.582023,1.385566,0.015205,-0.035032,0.006282,0.999251,-0.885226,0.034690,-0.005493,-0.000016,-0.000024,0.004426,0.511500,0.147696,1.547199,16.266236,3,0,0.000000,1,1.012178,1.854665,0,-1,2,anchor7:6-7;7-0
26.804024,-0.115000,1.508000,1.505000,-0.113817,1.591505,1.324133,-0.137088,1.582023,1.385566,0.015205,-0.035032,0.006282,0.999251,-0.885226,0.034690,-0.005493,-0.000016,-0.000024,0.004426,0.199217,0.142239,-1535420422234108.000000,20.515006,5,0,0.000000,1,1.247868,5.729312,0,-1,0,none
26.820677,-0.125000,1.507000,1.504000,-0.130401,1.510754,1.572369,-0.190464,1.577582,1.395435,0.015005,-0.033148,0.005642,0.999322,-0.891614,0.012462,0.005317,-0.000155,0.000008,0.002900,0.068685,0.145099,5.797516,18.466827,4,0,0.000000,1,0.562130,0.894604,1,6,0,none
26.837257,-0.140000,1.506000,1.505000,-0.145303,1.541901,1.472470,-0.199330,1.574725,1.399704,0.015127,-0.032294,0.005421,0.999349,-0.884595,0.003910,0.010682,-0.000222,0.000025,0.002326,0.048736,0.139034,3.602003,18.466827,4,0,0.000000,1,0.561952,0.882461,1,6,0,none
26.853893,-0.151000,1.506000,1.504000,-0.263961,1.625038,1.261738,-0.217655,1.578875,1.392604,0.015207,-0.031977,0.005509,0.999358,-0.897825,0.013335,0.004226,-0.000122,0.000004,0.003402,0.292611,0.148872,2.034213,16.266236,3,0,0.000000,1,0.971430,1.828145,1,-1,2,anchor7:6-7;7-0
26.870499,-0.165000,1.505000,1.504000,-0.169869,1.555282,1.386672,-0.227132,1.577110,1.392355,0.016444,-0.030900,0.005545,0.999372,-0.889410,0.003607,0.005242,-0.000150,0.000016,0.003455,0.127741,0.146714,2.978215,20.515006,5,0,0.000000,1,0.458725,0.851145,1,-1,0,none
26.887177,-0.172000,1.505000,1.504000,-0.166338,1.585679,1.364045,-0.227132,1.577110,1.392355,0.016444,-0.030900,0.005545,0.999372,-0.889410,0.003607,0.005242,-0.000150,0.000016,0.003455,0.161643,0.143889,-9948505899302906.000000,20.515006,5,0,0.000000,1,0.613547,3.321228,0,-1,0,none
26.903799,-0.187000,1.504000,1.504000,-0.202772,1.558053,1.365917,-0.252290,1.575549,1.391151,0.018553,-0.029210,0.006023,0.999383,-0.885742,-0.004217,0.006481,-0.000163,0.000025,0.003666,0.149122,0.148718,11.819450,18.466827,4,0,0.000000,1,0.397321,0.658650,1,7,0,none
26.936976,-0.212000,1.502000,1.504000,-0.219232,1.517965,1.465527,-0.275940,1.570451,1.395409,0.021709,-0.027768,0.006214,0.999359,-0.879321,-0.019918,0.018470,-0.000236,0.000051,0.003074,0.042277,0.143408,1.530156,18.466827,4,0,0.000000,1,0.556293,0.872612,1,6,0,none
26.953613,-0.223000,1.501000,1.504000,-0.217673,1.497379,1.528774,-0.284312,1.564229,1.402621,0.023284,-0.027055,0.006373,0.999342,-0.872537,-0.034376,0.023143,-0.000347,0.000081,0.002034,0.025597,0.134293,3.304948,18.466827,4,0,0.000000,1,0.555924,0.879118,1,6,0,none
26.970238,-0.237000,1.500000,1.504000,-0.232486,1.542013,1.376876,-0.293377,1.561836,1.401626,0.023890,-0.026338,0.006418,0.999347,-0.861706,-0.044868,0.022828,-0.000362,0.000090,0.002238,0.133963,0.132221,1.324232,20.515006,5,0,0.000000,1,0.459255,0.854437,1,-1,0,none
26.986853,-0.248000,1.498000,1.504000,-0.265649,1.501016,1.329959,-0.303755,1.556343,1.398236,0.024669,-0.025470,0.006231,0.999352,-0.860631,-0.054084,0.018146,-0.000341,0.000116,0.002764,0.174960,0.133036,-2055685131632891.500000,20.515006,5,0,0.000000,1,0.800506,0.898285,1,-1,0,none
27.020119,-0.273000,1.495000,1.504000,-0.242177,1.529422,1.353083,-0.324792,1.552313,1.396362,0.025684,-0.023794,0.006955,0.999363,-0.849318,-0.068317,0.013477,-0.000356,0.000126,0.003119,0.157832,0.132488,16.913429,20.515006,5,0,0.000000,1,0.459449,0.855185,1,-1,0,none
27.053389,-0.295000,1.493000,1.504000,-0.298255,1.546113,1.419686,-0.347764,1.549773,1.397868,0.027518,-0.023578,0.006968,0.999319,-0.837359,-0.074929,0.010663,-0.000395,0.000127,0.002945,0.099701,0.131420,0.862860,18.466827,4,0,0.000000,1,0.380873,0.825014,1,3,0,none
27.069976,-0.309000,1.490000,1.503000,-0.306924,1.508488,1.263782,-0.356720,1.545213,1.390960,0.028709,-0.022884,0.007537,0.999297,-0.835402,-0.083764,0.000692,-0.000341,0.000146,0.003954,0.239940,0.133711,-3654556503773182.000000,20.515006,5,0,0.000000,1,0.436753,0.781224,1,-1,0,none
27.086614,-0.320000,1.489000,1.504000,-0.303839,1.527537,1.405467,-0.365036,1.542583,1.391647,0.029515,-0.021909,0.007671,0.999295,-0.827298,-0.091337,-0.001610,-0.000380,0.000152,0.003852,0.107028,0.132373,-25377736167422.687500,20.515006,5,0,0.000000,1,0.526410,0.856597,1,-1,0,none
27.119842,-0.345000,1.485000,1.503000,-0.292399,1.500503,1.247306,-0.384450,1.535952,1.383998,0.030349,-0.019090,0.007554,0.999328,-0.815648,-0.111597,-0.011435,-0.000304,0.000165,0.004949,0.261508,0.135329,1.223516,18.466827,4,0,0.000000,1,0.629926,0.841224,1,5,0,none
27.136452,-0.355000,1.482000,1.503000,-0.292329,1.572392,1.345259,-0.389176,1.537128,1.381781,0.031000,-0.017393,0.007669,0.999339,-0.801669,-0.110656,-0.015525,-0.000327,0.000146,0.005257,0.192303,0.137482,4.386512,18.466827,4,0,0.000000,1,0.382316,0.822561,1,3,0,none
27.153096,-0.366000,1.480000,1.502000,-0.297929,1.504146,1.339488,-0.394128,1.532845,1.379345,0.032134,-0.015900,0.007904,0.999326,-0.784324,-0.125791,-0.017355,-0.000349,0.000159,0.005570,0.177839,0.136484,16.867124,20.515006,5,0,0.000000,1,0.460210,0.858525,1,-1,0,none
27.186445,-0.391000,1.474000,1.502000,-0.390987,1.437902,1.305744,-0.417801,1.521314,1.374911,0.034778,-0.014598,0.008066,0.999256,-0.780052,-0.151064,-0.021255,-0.000319,0.000203,0.006092,0.199548,0.138234,3.138936,18.466827,4,0,0.000000,1,0.540244,0.845693,1,6,0,none
27.202959,-0.405000,1.471000,1.502000,-0.346718,1.466022,1.486701,-0.423621,1.514924,1.380126,0.035357,-0.013407,0.008351,0.999250,-0.767714,-0.169369,-0.014052,-0.000470,0.000229,0.004873,0.060462,0.130879,1.084684,18.466827,4,0,0.000000,1,0.546284,0.858705,1,6,0,none
27.219625,-0.415000,1.469000,1.502000,-0.419269,1.476686,1.345495,-0.434595,1.509472,1.378167,0.035974,-0.012404,0.008525,0.999239,-0.761358,-0.182432,-0.013636,-0.000457,0.000245,0.005113,0.156752,0.131745,3.860420,20.515006,5,0,0.000000,1,0.462059,0.863337,1,-1,0,none
27.236269,-0.426000,1.465000,1.501000,-0.408171,1.541185,1.340995,-0.443972,1.508946,1.376168,0.036134,-0.011396,0.008926,0.999242,-0.749549,-0.191053,-0.012674,-0.000449,0.000229,0.005389,0.178112,0.133557,2.636406,20.515006,5,0,0.000000,1,0.461272,0.858519,1,-1,0,none
27.269542,-0.450000,1.459000,1.501000,-0.397292,1.503845,1.346392,-0.463283,1.502393,1.374267,0.035558,-0.009586,0.009249,0.999279,-0.726412,-0.212622,-0.011738,-0.000457,0.000226,0.005766,0.169389,0.134613,3.137447,20.515006,5,0,0.000000,1,0.461450,0.861060,1,-1,0,none
27.286076,-0.460000,1.455000,1.501000,-0.442835,1.482399,1.368283,-0.472335,1.497762,1.373669,0.035452,-0.009436,0.009418,0.999282,-0.718665,-0.219545,-0.011050,-0.000470,0.000231,0.005829,0.136599,0.134885,1.431742,18.466827,4,0,0.000000,1,0.379398,0.840910,1,3,0,none
27.302723,-0.473000,1.451000,1.500000,-0.429591,1.482518,1.403501,-0.479933,1.493357,1.374911,0.035435,-0.009967,0.009219,0.999280,-0.705684,-0.230036,-0.009652,-0.000513,0.000235,0.005615,0.110408,0.132248,-22384097649100788.000000,20.515006,5,0,0.000000,1,0.942992,0.598103,1,-1,0,none
27.319391,-0.484000,1.448000,1.500000,-0.458260,1.517572,1.392582,-0.489026,1.491532,1.375598,0.035262,-0.011013,0.009261,0.999274,-0.697070,-0.239652,-0.009580,-0.000537,0.000223,0.005499,0.130543,0.131895,-6496953229542404.000000,20.515006,5,0,0.000000,1,0.613570,1.428747,1,-1,0,none
27.335981,-0.493000,1.443000,1.500000,-0.494456,1.472419,1.306118,-0.489026,1.491532,1.375598,0.035262,-0.011013,0.009261,0.999274,-0.697070,-0.239652,-0.009580,-0.000537,0.000223,0.005499,0.196107,0.133593,-1535431061964794.000000,20.515006,5,0,0.000000,1,0.784769,2.314150,0,-1,0,none
27.352652,-0.507000,1.438000,1.500000,-0.488896,1.414212,1.366516,-0.509866,1.478372,1.374798,0.035251,-0.011228,0.009571,0.999270,-0.692438,-0.266960,-0.010627,-0.000544,0.000252,0.005540,0.136790,0.131581,6.072994,20.515006,5,0,0.000000,1,0.464000,0.869130,1,-1,0,none
27.369203,-0.517000,1.435000,1.500000,-0.532473,1.445865,1.424251,-0.521720,1.472043,1.376996,0.034864,-0.010818,0.009638,0.999287,-0.691066,-0.279730,-0.008041,-0.000572,0.000263,0.005180,0.078073,0.128548,-17371871595726844.000000,20.515006,5,0,0.000000,1,0.700736,0.597568,1,-1,0,none
27.385871,-0.530000,1.429000,1.500000,-0.506832,1.428289,1.324509,-0.531055,1.464593,1.374330,0.034726,-0.010334,0.009524,0.999298,-0.684555,-0.292719,-0.009227,-0.000551,0.000279,0.005534,0.177015,0.130617,2.617125,20.515006,5,0,0.000000,1,0.464232,0.867495,1,-1,0,none
27.402565,-0.540000,1.425000,1.500000,-0.557932,1.409338,1.448032,-0.543367,1.456251,1.377615,0.034608,-0.009936,0.009382,0.999308,-0.682514,-0.309200,-0.004980,-0.000592,0.000298,0.005010,0.057162,0.126357,3.597380,18.466827,4,0,0.000000,1,0.530484,0.827509,1,6,0,none
27.485579,-0.595000,1.398000,1.500000,-0.512881,1.452405,1.531936,-0.591993,1.431116,1.385829,0.029205,-0.009255,0.009679,0.999484,-0.649941,-0.348597,0.012465,-0.000735,0.000281,0.003789,0.103553,0.118915,3.719032,18.466827,4,0,0.000000,1,0.636683,1.071539,1,2,0,none
27.502210,-0.605000,1.393000,1.500000,-0.553227,1.397814,1.429162,-0.598187,1.423294,1.388222,0.028273,-0.009744,0.009537,0.999507,-0.638185,-0.360599,0.014561,-0.000786,0.000291,0.003441,0.087873,0.116010,5.443938,18.466827,4,0,0.000000,1,0.390129,0.642983,1,7,0,none
27.518815,-0.618000,1.386000,1.500000,-0.581848,1.424745,1.365818,-0.606205,1.418036,1.387253,0.026904,-0.010274,0.009404,0.999541,-0.629075,-0.364745,0.013730,-0.000782,0.000288,0.003612,0.144267,0.117802,-1018.220081,20.515006,5,0,0.000000,1,0.479572,0.757655,1,-1,0,none
27.535473,-0.626000,1.381000,1.499000,-0.595659,1.384842,1.403623,-0.614800,1.409915,1.388235,0.025451,-0.010463,0.009281,0.999578,-0.625215,-0.377151,0.012804,-0.000802,0.000298,0.003479,0.100161,0.115024,-6097265975640063.000000,20.515006,5,0,0.000000,1,0.860904,0.772646,1,-1,0,none
27.552088,-0.636000,1.376000,1.500000,-0.605612,1.409170,1.380084,-0.623575,1.404093,1.388027,0.023724,-0.010140,0.009511,0.999622,-0.620552,-0.380318,0.012883,-0.000804,0.000296,0.003541,0.128076,0.116110,4.201481,20.515006,5,0,0.000000,1,0.466414,0.870221,1,-1,0,none
27.585291,-0.657000,1.364000,1.500000,-0.633950,1.363040,1.362814,-0.642805,1.389259,1.387080,0.020488,-0.010180,0.009289,0.999695,-0.610148,-0.394941,0.010541,-0.000793,0.000308,0.003723,0.139112,0.116578,3.998508,18.466827,4,0,0.000000,1,0.388250,0.650987,1,7,0,none
27.601938,-0.667000,1.358000,1.500000,-0.623481,1.386313,1.430171,-0.650432,1.383194,1.389413,0.019328,-0.010099,0.009216,0.999720,-0.602420,-0.393278,0.015928,-0.000831,0.000305,0.003403,0.087015,0.114624,3.981326,18.466827,4,0,0.000000,1,0.377405,0.861320,1,3,0,none
27.618581,-0.678000,1.350000,1.499000,-0.636567,1.388420,1.434281,-0.658510,1.377665,1.391886,0.018419,-0.010252,0.009221,0.999735,-0.593828,-0.394114,0.017774,-0.000868,0.000298,0.003079,0.085915,0.112333,1.074296,20.515006,5,0,0.000000,1,0.467381,0.873133,1,-1,0,none
27.651757,-0.697000,1.339000,1.500000,-0.701955,1.362724,1.392859,-0.679613,1.364544,1.392486,0.016362,-0.009504,0.009408,0.999777,-0.590122,-0.403176,0.019654,-0.000859,0.000299,0.003079,0.109848,0.111866,1.208321,18.466827,4,0,0.000000,1,0.412540,0.829262,1,0,0,none
27.668454,-0.709000,1.331000,1.499000,-0.681786,1.323806,1.414510,-0.688566,1.355438,1.393852,0.015460,-0.009124,0.009312,0.999796,-0.584418,-0.406635,0.022256,-0.000876,0.000311,0.002905,0.089055,0.109867,9.845036,20.515006,5,0,0.000000,1,0.469769,0.877330,1,-1,0,none
27.685065,-0.717000,1.326000,1.499000,-0.637805,1.313331,1.517489,-0.693642,1.346326,1.400163,0.014762,-0.008990,0.009548,0.999805,-0.575209,-0.411771,0.030452,-0.000973,0.000317,0.001988,0.082305,0.103573,7.276168,16.266236,3,0,0.000000,1,0.941665,1.879578,1,-1,2,anchor7:6-7;7-0
27.701764,-0.730000,1.320000,1.500000,-0.677624,1.363136,1.453320,-0.701245,1.341293,1.403258,0.013791,-0.009259,0.009876,0.999813,-0.564376,-0.412763,0.036246,-0.001012,0.000306,0.001617,0.082358,0.103146,-621777104898044.250000,20.515006,5,0,0.000000,1,0.603412,1.592830,1,-1,0,none
27.718339,-0.738000,1.314000,1.499000,-0.696664,1.313339,1.472124,-0.709173,1.333323,1.407053,0.013236,-0.009493,0.009872,0.999819,-0.561070,-0.416132,0.039706,-0.001058,0.000309,0.001126,0.049309,0.098278,14.821727,20.515006,5,0,0.000000,1,0.470286,0.879823,1,-1,0,none
27.734902,-0.747000,1.308000,1.500000,-0.658002,1.282164,1.621852,-0.713978,1.323766,1.417698,0.012724,-0.009832,0.009730,0.999823,-0.549806,-0.421779,0.052359,-0.001201,0.000311,-0.000391,0.153089,0.090071,14.644944,16.266236,3,0,0.000000,1,0.924077,1.877188,1,-1,2,anchor7:6-7;7-0
27.751674,-0.758000,1.300000,1.500000,-0.741176,1.292953,1.504542,-0.724191,1.315312,1.422561,0.012357,-0.010639,0.009801,0.999819,-0.547011,-0.427355,0.059428,-0.001246,0.000314,-0.000989,0.018797,0.085874,14.767889,20.515006,5,0,0.000000,1,0.471895,0.882215,1,-1,0,none
27.768234,-0.767000,1.295000,1.500000,-0.745436,1.283380,1.424478,-0.733962,1.306620,1.423574,0.012165,-0.011353,0.009742,0.999814,-0.546720,-0.430144,0.062072,-0.001243,0.000321,-0.001002,0.079396,0.084068,4.216745,18.466827,4,0,0.000000,1,0.513867,0.702433,1,1,0,none
27.784794,-0.776000,1.289000,1.500000,-0.802191,1.288870,1.419751,-0.746507,1.299130,1.424356,0.011961,-0.012277,0.009404,0.999809,-0.548122,-0.433422,0.062356,-0.001223,0.000325,-0.000964,0.084415,0.081820,9.873604,20.515006,5,0,0.000000,1,0.473874,0.878841,1,-1,0,none
27.818075,-0.795000,1.275000,1.500000,-0.761477,1.278896,1.431408,-0.764214,1.284475,1.426550,0.012895,-0.013620,0.008757,0.999786,-0.545551,-0.436578,0.057902,-0.001227,0.000326,-0.001002,0.076445,0.080203,-5335893427839990.000000,20.515006,5,0,0.000000,1,0.934222,0.621391,1,-1,0,none
27.834747,-0.806000,1.269000,1.500000,-0.773512,1.262444,1.412292,-0.773089,1.276260,1.426774,0.013952,-0.014268,0.008612,0.999764,-0.538000,-0.443047,0.057029,-0.001220,0.000331,-0.000903,0.093761,0.080609,2.434428,18.466827,4,0,0.000000,1,0.511127,0.706620,1,1,0,none
27.851290,-0.815000,1.262000,1.500000,-0.818861,1.296511,1.378274,-0.783957,1.271168,1.425450,0.014716,-0.015116,0.008416,0.999742,-0.542375,-0.442941,0.053157,-0.001182,0.000326,-0.000549,0.126582,0.081273,3.568743,20.515006,5,0,0.000000,1,0.474301,0.876821,1,-1,0,none
27.867903,-0.822000,1.257000,1.500000,-0.843601,1.286730,1.432080,-0.796008,1.265659,1.426568,0.015570,-0.015501,0.008221,0.999725,-0.552306,-0.444568,0.049543,-0.001168,0.000319,-0.000571,0.077224,0.078376,2.191068,20.515006,5,0,0.000000,1,0.475179,0.878605,1,-1,0,none
27.884529,-0.834000,1.249000,1.500000,-0.796810,1.246964,1.456190,-0.796008,1.265659,1.426568,0.015570,-0.015501,0.008221,0.999725,-0.552306,-0.444568,0.049543,-0.001168,0.000319,-0.000571,0.057503,0.084339,-1427567784116222.000000,20.515006,5,0,0.000000,1,1.485116,0.961140,0,-1,0,none
27.901164,-0.842000,1.243000,1.500000,-0.836986,1.272526,1.429998,-0.815750,1.252402,1.428346,0.015896,-0.015192,0.008072,0.999726,-0.549749,-0.448281,0.051839,-0.001160,0.000312,-0.000571,0.076140,0.076888,0.757121,20.515006,5,0,0.000000,1,0.475306,0.879882,1,-1,0,none
27.917843,-0.850000,1.238000,1.500000,-0.791551,1.189793,1.574981,-0.822567,1.241303,1.435801,0.016329,-0.014942,0.007456,0.999727,-0.545581,-0.458144,0.057648,-0.001242,0.000318,-0.001603,0.106595,0.069893,12.590761,16.266236,3,0,0.000000,1,0.938226,1.897562,1,-1,2,anchor7:6-7;7-0
27.934397,-0.861000,1.229000,1.501000,-0.858818,1.246348,1.417564,-0.832983,1.234905,1.435886,0.016758,-0.014956,0.007048,0.999723,-0.545059,-0.461767,0.061258,-0.001224,0.000316,-0.001462,0.085249,0.071131,-2055683680763901.000000,20.515006,5,0,0.000000,1,0.512599,0.929988,1,-1,0,none
27.951023,-0.869000,1.223000,1.501000,-0.854958,1.232930,1.532567,-0.842623,1.227976,1.441214,0.017537,-0.014789,0.006859,0.999713,-0.546308,-0.459651,0.069382,-0.001263,0.000307,-0.002104,0.035948,0.065536,4.551593,20.515006,5,0,0.000000,1,0.476688,0.886613,1,-1,0,none
27.967676,-0.877000,1.217000,1.500000,-0.891391,1.211403,1.438427,-0.854140,1.219897,1.442175,0.018834,-0.014557,0.006814,0.999693,-0.552126,-0.465069,0.070547,-0.001249,0.000310,-0.002073,0.063479,0.062247,4.352024,18.466827,4,0,0.000000,1,0.384484,0.677677,1,7,0,none
27.984283,-0.887000,1.210000,1.500000,-0.884471,1.215259,1.426510,-0.864561,1.212419,1.442622,0.020285,-0.014652,0.006438,0.999666,-0.551730,-0.468832,0.071795,-0.001235,0.000310,-0.001955,0.073721,0.061657,6.136132,20.515006,5,0,0.000000,1,0.478250,0.883721,1,-1,0,none
28.000923,-0.896000,1.204000,1.501000,-0.878821,1.219804,1.466413,-0.864561,1.212419,1.442622,0.020285,-0.014652,0.006438,0.999666,-0.551730,-0.468832,0.071795,-0.001235,0.000310,-0.001955,0.041726,0.066838,-5596068422033398.000000,20.515006,5,0,0.000000,1,2.411659,3.477939,0,-1,0,none
28.017481,-0.907000,1.196000,1.501000,-0.921285,1.194423,1.431361,-0.885174,1.196853,1.444356,0.021856,-0.015045,0.006051,0.999630,-0.554119,-0.480629,0.072743,-0.001216,0.000312,-0.001853,0.071107,0.060710,0.495044,18.466827,4,0,0.000000,1,0.393969,0.884497,1,3,0,none
28.050790,-0.922000,1.183000,1.501000,-0.942873,1.205433,1.407854,-0.906264,1.182550,1.444960,0.022046,-0.015294,0.005633,0.999624,-0.559276,-0.489046,0.068930,-0.001184,0.000308,-0.001559,0.098057,0.058210,-3654548765802487.000000,20.515006,5,0,0.000000,1,0.686533,0.781838,1,-1,0,none
28.067399,-0.933000,1.175000,1.501000,-0.904878,1.172491,1.506156,-0.914746,1.174342,1.448899,0.021620,-0.015164,0.005445,0.999636,-0.554669,-0.494666,0.075641,-0.001213,0.000302,-0.001984,0.028701,0.055210,-7110308596678648.000000,20.515006,5,0,0.000000,1,0.399020,0.794418,1,-1,0,none
28.084032,-0.941000,1.168000,1.501000,-0.918409,1.181027,1.438001,-0.923133,1.167496,1.449533,0.021059,-0.015583,0.005453,0.999642,-0.552832,-0.498496,0.071865,-0.001209,0.000298,-0.001896,0.068183,0.054482,2.668696,18.466827,4,0,0.000000,1,0.499754,0.727785,1,1,0,none
28.100605,-0.950000,1.163000,1.502000,-0.911004,1.170960,1.415820,-0.930505,1.160236,1.449108,0.020784,-0.016076,0.004981,0.999642,-0.546290,-0.502151,0.069884,-0.001203,0.000298,-0.001657,0.094926,0.056438,2.830489,20.515006,5,0,0.000000,1,0.480310,0.886693,1,-1,0,none
28.117321,-0.959000,1.153000,1.502000,-0.845400,1.109332,1.716510,-0.933083,1.149388,1.462099,0.021055,-0.016288,0.004394,0.999636,-0.532948,-0.508928,0.082974,-0.001342,0.000284,-0.003510,0.246630,0.047716,15.196886,16.266236,3,0,0.000000,1,0.913551,1.893297,1,-1,2,anchor7:6-7;7-0
28.133941,-0.968000,1.148000,1.502000,-0.943001,1.181620,1.455932,-0.941939,1.143700,1.463149,0.021232,-0.016606,0.004273,0.999628,-0.534961,-0.509911,0.080513,-0.001338,0.000272,-0.003445,0.062270,0.046979,1.085666,20.515006,5,0,0.000000,1,0.481098,0.886278,1,-1,0,none
28.150550,-0.977000,1.140000,1.502000,-0.955844,1.138853,1.374967,-0.950649,1.135804,1.460479,0.021647,-0.016192,0.004288,0.999625,-0.534397,-0.516749,0.075614,-0.001301,0.000281,-0.002842,0.128788,0.049356,9.071359,20.515006,5,0,0.000000,1,0.482888,0.887507,1,-1,0,none
28.167097,-0.985000,1.132000,1.502000,-0.975635,1.176185,1.428689,-0.960206,1.130706,1.460264,0.021442,-0.015806,0.004159,0.999637,-0.535861,-0.515216,0.071353,-0.001282,0.000269,-0.002603,0.086108,0.048562,2.616323,18.466827,4,0,0.000000,1,0.396767,0.888415,1,3,0,none
28.200460,-1.002000,1.118000,1.502000,-1.002177,1.117634,1.526989,-0.960206,1.130706,1.460264,0.021442,-0.015806,0.004159,0.999637,-0.535861,-0.515216,0.071353,-0.001282,0.000269,-0.002603,0.024992,0.060416,-1535427515383799.500000,20.515006,5,0,0.000000,1,2.032833,1.972776,0,-1,0,none
28.217059,-1.012000,1.109000,1.502000,-0.965115,1.119503,1.503180,-0.985324,1.105961,1.465668,0.021498,-0.014900,0.003446,0.999652,-0.532495,-0.520984,0.072515,-0.001306,0.000258,-0.002885,0.048062,0.045176,-6141681688936440.000000,20.515006,5,0,0.000000,1,0.784484,1.494463,1,-1,0,none
28.233600,-1.020000,1.103000,1.502000,-0.987001,1.090308,1.521416,-0.993308,1.097214,1.469323,0.021920,-0.014501,0.003489,0.999648,-0.532837,-0.524157,0.075431,-0.001330,0.000253,-0.003276,0.040336,0.042588,5.475802,18.466827,4,0,0.000000,1,0.494056,0.743902,1,1,0,none
28.250265,-1.028000,1.095000,1.502000,-1.034341,1.141406,1.439974,-1.004135,1.092407,1.469196,0.022153,-0.014846,0.003193,0.999639,-0.535983,-0.522458,0.074164,-0.001305,0.000238,-0.003037,0.077724,0.040649,2.481867,18.466827,4,0,0.000000,1,0.400701,0.892287,1,3,0,none
28.266911,-1.038000,1.086000,1.502000,-1.045884,1.100661,1.417560,-1.015144,1.084993,1.468038,0.022641,-0.015267,0.003190,0.999622,-0.542238,-0.523593,0.072003,-0.001272,0.000240,-0.002657,0.086065,0.040949,5.287128,18.466827,4,0,0.000000,1,0.430312,1.152778,1,4,0,none
28.300094,-1.054000,1.072000,1.502000,-1.012455,1.079765,1.539937,-1.031244,1.068811,1.473553,0.022758,-0.015254,0.003638,0.999618,-0.541127,-0.529722,0.073658,-0.001306,0.000224,-0.003155,0.056794,0.036568,2.275049,20.515006,5,0,0.000000,1,0.486293,0.896865,1,-1,0,none
28.316739,-1.064000,1.062000,1.501000,-1.055125,0.997055,1.514555,-1.041018,1.055859,1.476525,0.022579,-0.014708,0.003481,0.999631,-0.546039,-0.541111,0.076095,-0.001315,0.000242,-0.003453,0.066935,0.034131,5.657000,18.466827,4,0,0.000000,1,0.398619,0.698366,1,7,0,none
28.333405,-1.072000,1.056000,1.502000,-0.932923,1.004394,1.714381,-1.041766,1.044232,1.488460,0.022161,-0.013539,0.003243,0.999657,-0.531194,-0.551964,0.088960,-0.001445,0.000222,-0.005148,0.259059,0.035155,11.115702,16.266236,3,0,0.000000,1,0.913712,1.891987,1,-1,2,anchor7:6-7;7-0
28.350034,-1.082000,1.046000,1.502000,-0.993044,0.975634,1.608204,-1.046574,1.031154,1.495188,0.021911,-0.012659,0.003288,0.999674,-0.526849,-0.560370,0.094214,-0.001511,0.000226,-0.006000,0.155383,0.039010,15.167077,16.266236,3,0,0.000000,1,0.935460,1.902016,1,-1,2,anchor7:6-7;7-0
28.383224,-1.097000,1.031000,1.501000,-0.804905,0.788697,2.197982,-1.046574,1.031154,1.495188,0.021911,-0.012659,0.003288,0.999674,-0.526849,-0.560370,0.094214,-0.001511,0.000226,-0.006000,0.793609,0.050760,2.136762,13.815511,2,0,0.000000,1,1.966426,4.300291,0,4,2,anchor7:6-7;7-0
28.416484,-1.116000,1.013000,1.501000,-1.078368,0.986919,1.420693,-1.080828,0.992989,1.497401,0.022137,-0.011370,0.003342,0.999685,-0.515586,-0.577472,0.089158,-0.001480,0.000241,-0.005382,0.092442,0.040626,5.536505,20.515006,5,0,0.000000,1,0.491827,0.899374,1,-1,0,none
28.433126,-1.123000,1.006000,1.501000,-1.016102,1.016286,1.436246,-1.083607,0.985889,1.495774,0.021445,-0.010139,0.003347,0.999713,-0.507823,-0.577833,0.083716,-0.001486,0.000236,-0.004915,0.125404,0.044537,7.181622,18.466827,4,0,0.000000,1,0.657625,0.892848,1,5,0,none
28.466328,-1.141000,0.988000,1.501000,-0.866641,0.781648,2.143758,-1.083607,0.985889,1.495774,0.021445,-0.010139,0.003347,0.999713,-0.507823,-0.577833,0.083716,-0.001486,0.000236,-0.004915,0.728691,0.057669,0.038004,13.815511,2,0,0.000000,1,1.980075,4.297430,0,4,2,anchor7:6-7;7-0
28.483013,-1.148000,0.981000,1.501000,-0.930886,0.905758,1.680688,-1.093367,0.952842,1.509293,0.019551,-0.007535,0.002282,0.999778,-0.471085,-0.596262,0.095579,-0.001648,0.000227,-0.006428,0.291698,0.062020,2.458609,13.815511,2,0,0.000000,1,0.813252,1.727005,1,3,2,anchor7:6-7;7-0
28.516245,-1.166000,0.962000,1.500000,-1.116857,0.961447,1.426013,-1.109159,0.935818,1.507929,0.018333,-0.007058,0.002216,0.999805,-0.466895,-0.595757,0.095140,-0.001604,0.000229,-0.005712,0.088822,0.063081,-101516103270391.968750,20.515006,5,0,0.000000,1,0.517019,1.089193,1,-1,0,none
28.549480,-1.183000,0.943000,1.500000,-1.116359,0.922697,1.503987,-1.109159,0.935818,1.507929,0.018333,-0.007058,0.002216,0.999805,-0.466895,-0.595757,0.095140,-0.001604,0.000229,-0.005712,0.069779,0.074612,-2144515107356657.000000,20.515006,5,0,0.000000,1,1.307268,2.984329,0,-1,0,none
28.566172,-1.190000,0.935000,1.500000,-1.065090,0.900045,1.706949,-1.126073,0.905683,1.523653,0.017969,-0.003363,0.002121,0.999831,-0.452794,-0.605393,0.110819,-0.001728,0.000194,-0.007393,0.244238,0.074199,4.965851,16.266236,3,0,0.000000,1,0.921156,1.901166,1,-1,2,anchor7:6-7;7-0
28.582743,-1.200000,0.925000,1.500000,-0.891343,0.686317,2.190418,-1.126073,0.905683,1.523653,0.017969,-0.003363,0.002121,0.999831,-0.452794,-0.605393,0.110819,-0.001728,0.000194,-0.007393,0.793042,0.079986,0.613420,13.815511,2,0,0.000000,1,1.986331,4.320185,0,4,2,anchor7:6-7;7-0
28.632610,-1.224000,0.898000,1.500000,-0.877473,0.623340,2.309590,-1.126073,0.905683,1.523653,0.017969,-0.003363,0.002121,0.999831,-0.452794,-0.605393,0.110819,-0.001728,0.000194,-0.007393,0.922473,0.101035,4.745344,13.815511,2,0,0.000000,1,1.954051,4.319353,0,4,2,anchor7:6-7;7-0
28.649255,-1.231000,0.890000,1.500000,-1.067218,0.876483,1.657140,-1.152215,0.857592,1.540998,0.018646,0.001421,0.001239,0.999824,-0.414454,-0.614059,0.126288,-0.001845,0.000153,-0.008595,0.227377,0.094542,8.462776,16.266236,3,0,0.000000,1,0.926717,1.895259,1,-1,2,anchor7:6-7;7-0
28.665826,-1.242000,0.881000,1.500000,-1.202343,0.841328,1.464698,-1.163209,0.847138,1.538200,0.018987,0.001659,0.001356,0.999817,-0.415553,-0.617585,0.120097,-0.001782,0.000175,-0.007864,0.066279,0.093882,9.795386,20.515006,5,0,0.000000,1,0.388018,0.742631,1,-1,0,none
28.798881,-1.297000,0.808000,1.500000,-1.288725,0.780618,1.432184,-1.225278,0.765073,1.544726,0.017527,0.001751,0.001335,0.999844,-0.384050,-0.643184,0.106212,-0.001663,0.000198,-0.006485,0.073602,0.094801,2.898687,18.466827,4,0,0.000000,1,0.418096,0.715458,1,7,0,none
28.815452,-1.304000,0.797000,1.499000,-1.144499,0.806182,1.827789,-1.220442,0.761910,1.566957,0.016989,0.002975,0.001488,0.999850,-0.364651,-0.633133,0.131868,-0.001856,0.000088,-0.009456,0.365550,0.113276,2.850924,13.815511,2,0,0.000000,1,0.865843,1.747009,1,2,2,anchor7:6-7;7-0
28.832085,-1.310000,0.788000,1.499000,-1.185624,0.756935,1.655936,-1.221497,0.752436,1.575145,0.016692,0.003927,0.001440,0.999852,-0.352380,-0.633702,0.137649,-0.001921,0.000060,-0.010341,0.202641,0.122048,9.031576,16.266236,3,0,0.000000,1,0.930423,1.893238,1,-1,2,anchor7:6-7;7-0
28.848722,-1.317000,0.780000,1.499000,-0.960816,0.578369,2.282165,-1.221497,0.752436,1.575145,0.016692,0.003927,0.001440,0.999852,-0.352380,-0.633702,0.137649,-0.001921,0.000060,-0.010341,0.883669,0.125214,4.973846,13.815511,2,0,0.000000,1,1.947199,4.279340,0,4,2,anchor7:6-7;7-0
28.865350,-1.324000,0.768000,1.499000,-1.126724,0.780223,1.851223,-1.220735,0.737454,1.598757,0.016382,0.005443,0.001187,0.999850,-0.317735,-0.625691,0.163355,-0.002110,-0.000043,-0.013065,0.403891,0.146793,4.542186,13.815511,2,0,0.000000,1,0.857729,1.736392,1,2,2,anchor7:6-7;7-0
28.881973,-1.330000,0.760000,1.499000,-1.210722,0.738835,1.623117,-1.224076,0.728862,1.602806,0.016958,0.005683,0.001006,0.999840,-0.310063,-0.625489,0.167173,-0.002127,-0.000055,-0.013274,0.173437,0.151543,15.289127,16.266236,3,0,0.000000,1,0.937283,1.894899,1,-1,2,anchor7:6-7;7-0
29.014952,-1.377000,0.682000,1.500000,-1.344601,0.682796,1.430801,-1.273352,0.649618,1.610121,0.019377,0.004163,0.001887,0.999802,-0.276989,-0.641645,0.158448,-0.001968,-0.000006,-0.011020,0.076412,0.154655,-342611045062649.750000,20.515006,5,0,0.000000,1,0.461638,0.682465,1,-1,0,none
29.214487,-1.435000,0.563000,1.500000,-1.396071,0.525103,1.496096,-1.336937,0.519537,1.625454,0.017997,0.001522,0.001399,0.999836,-0.237600,-0.667162,0.140542,-0.001818,0.000061,-0.008915,0.054469,0.165057,-2537876788494321.500000,20.515006,5,0,0.000000,1,0.599238,1.003768,1,-1,0,none
29.347408,-1.467000,0.478000,1.500000,-1.465165,0.433371,1.506502,-1.388519,0.430610,1.627901,0.014885,0.001460,0.001429,0.999887,-0.230377,-0.676280,0.132937,-0.001647,0.000136,-0.006729,0.045137,0.157365,12.652611,20.515006,5,0,0.000000,1,0.411992,0.748196,1,-1,0,none
29.364077,-1.471000,0.465000,1.500000,-1.421167,0.430966,1.629019,-1.388519,0.430610,1.627901,0.014885,0.001460,0.001429,0.999887,-0.230377,-0.676280,0.132937,-0.001647,0.000136,-0.006729,0.142435,0.156027,1.374957,13.815511,2,0,0.000000,1,1.838312,3.558810,0,5,2,anchor7:6-7;7-0
29.380665,-1.475000,0.456000,1.500000,-1.452477,0.427396,1.604905,-1.407434,0.411983,1.629283,0.015627,0.001446,0.001559,0.999876,-0.234235,-0.674441,0.133436,-0.001584,0.000137,-0.006300,0.111043,0.152370,-767711984403451.000000,20.515006,5,0,0.000000,1,0.524591,0.951639,1,-1,0,none
29.413966,-1.481000,0.434000,1.501000,-1.527702,0.661806,1.392830,-1.407434,0.411983,1.629283,0.015627,0.001446,0.001559,0.999876,-0.234235,-0.674441,0.133436,-0.001584,0.000137,-0.006300,0.256471,0.149510,41.744963,16.266236,3,1,0.000000,1,0.451159,1.217856,0,-1,2,anchor0:7-0;0-1
29.447206,-1.488000,0.415000,1.501000,-1.449235,0.403352,1.559719,-1.427610,0.374146,1.629247,0.015802,0.001372,0.001492,0.999873,-0.223249,-0.667767,0.126633,-0.001531,0.000147,-0.005170,0.071319,0.147523,5.735380,20.515006,5,0,0.000000,1,0.412453,0.749087,1,-1,0,none
29.463784,-1.491000,0.404000,1.501000,-1.520408,0.376127,1.517743,-1.427610,0.374146,1.629247,0.015802,0.001372,0.001492,0.999873,-0.223249,-0.667767,0.126633,-0.001531,0.000147,-0.005170,0.043842,0.146139,-3070858577347566.000000,20.515006,5,0,0.000000,1,1.185483,0.745203,0,-1,0,none
29.482498,-1.494000,0.390000,1.502000,-1.454458,0.355752,1.582752,-1.427610,0.374146,1.629247,0.015802,0.001372,0.001492,0.999873,-0.223249,-0.667767,0.126633,-0.001531,0.000147,-0.005170,0.096216,0.144398,4.862302,13.815511,2,0,0.000000,1,1.831697,3.495041,0,4,2,anchor7:6-7;7-0
29.499082,-1.496000,0.381000,1.501000,-1.438789,0.336194,1.563402,-1.438749,0.339218,1.627408,0.016848,-0.000195,0.001076,0.999857,-0.216277,-0.668058,0.109493,-0.001509,0.000184,-0.004192,0.095785,0.144922,-12283366924443916.000000,20.515006,5,0,0.000000,1,0.402191,0.705986,1,-1,0,none
29.517856,-1.499000,0.372000,1.501000,-1.542627,0.372839,1.425061,-1.458609,0.334193,1.608246,0.016125,-0.001203,0.001313,0.999868,-0.236336,-0.661239,0.088788,-0.001374,0.000248,-0.001586,0.087583,0.120675,3.365478,20.515006,5,0,0.000000,1,0.416689,0.747823,1,-1,0,none
29.534419,-1.502000,0.359000,1.501000,-1.525353,0.348782,1.504747,-1.471420,0.326931,1.599576,0.015522,-0.001274,0.001346,0.999878,-0.244381,-0.657989,0.080141,-0.001305,0.000278,-0.000344,0.025764,0.108078,4.236227,18.466827,4,0,0.000000,1,0.490638,0.845545,1,7,0,none
29.567626,-1.508000,0.336000,1.501000,-1.467293,0.336547,1.585026,-1.477670,0.309784,1.600607,0.015762,-0.001165,0.001065,0.999875,-0.236211,-0.651354,0.080196,-0.001309,0.000264,-0.000150,0.093369,0.107372,-422982688905199.437500,20.515006,5,0,0.000000,1,0.407713,0.705571,1,-1,0,none
29.584315,-1.510000,0.327000,1.500000,-1.246124,0.067227,2.312303,-1.477670,0.309784,1.600607,0.015762,-0.001165,0.001065,0.999875,-0.236211,-0.651354,0.080196,-0.001309,0.000264,-0.000150,0.892720,0.107067,0.896585,13.815511,2,0,0.000000,1,1.850711,3.862738,0,2,2,anchor7:6-7;7-0
29.600957,-1.512000,0.318000,1.500000,-1.534133,0.280981,1.567972,-1.491705,0.287277,1.600126,0.016482,-0.000910,0.001063,0.999863,-0.241526,-0.654174,0.082488,-0.001270,0.000286,0.000241,0.080502,0.106682,13.267211,18.466827,4,0,0.000000,1,0.448165,0.735975,1,5,0,none
29.634170,-1.517000,0.295000,1.500000,-1.508478,0.252058,1.546798,-1.500525,0.264329,1.598019,0.017038,-0.001236,0.001403,0.999853,-0.236455,-0.655918,0.084131,-0.001257,0.000318,0.000824,0.064083,0.104019,11.647082,18.466827,4,0,0.000000,1,0.447105,0.734913,1,5,0,none
29.650889,-1.519000,0.286000,1.500000,-1.244568,0.348276,2.181605,-1.500525,0.264329,1.598019,0.017038,-0.001236,0.001403,0.999853,-0.236455,-0.655918,0.084131,-0.001257,0.000318,0.000824,0.737412,0.102072,0.823979,13.815511,2,0,0.000000,1,1.165257,2.799802,0,1,2,anchor6:6-7;5-6
29.667452,-1.521000,0.273000,1.500000,-1.432088,0.235855,1.540883,-1.499120,0.241877,1.595695,0.017375,-0.002808,0.001025,0.999845,-0.219533,-0.660755,0.079435,-0.001299,0.000342,0.001408,0.104673,0.102980,-14618237622057192.000000,20.515006,5,0,0.000000,1,0.362885,0.862006,1,-1,0,none
29.700698,-1.525000,0.251000,1.500000,-1.495512,0.221682,1.507709,-1.504905,0.220541,1.590854,0.016101,-0.003100,0.001237,0.999865,-0.217247,-0.663732,0.073845,-0.001293,0.000375,0.002301,0.042290,0.097908,-634467585049585.750000,20.515006,5,0,0.000000,1,0.606939,0.779012,1,-1,0,none
29.717241,-1.527000,0.241000,1.500000,-1.540980,0.191152,1.599100,-1.511861,0.207968,1.592598,0.015565,-0.002718,0.001148,0.999875,-0.220319,-0.666982,0.076079,-0.001274,0.000385,0.002240,0.111808,0.099472,6.435409,18.466827,4,0,0.000000,1,0.498330,0.861337,1,7,0,none
29.750570,-1.531000,0.218000,1.500000,-1.512740,0.184641,1.595936,-1.511861,0.207968,1.592598,0.015565,-0.002718,0.001148,0.999875,-0.220319,-0.666982,0.076079,-0.001274,0.000385,0.002240,0.103198,0.095086,3.761282,13.815511,2,0,0.000000,1,1.749424,3.283474,0,3,2,anchor7:6-7;7-0
29.767195,-1.533000,0.209000,1.501000,-1.510874,0.158985,1.614726,-1.521312,0.172935,1.597829,0.015567,-0.000450,0.000931,0.999878,-0.206524,-0.671988,0.075640,-0.001284,0.000388,0.002060,0.126193,0.103986,12.045672,20.515006,5,0,0.000000,1,0.420804,0.747686,1,-1,0,none
29.783846,-1.534000,0.199000,1.500000,-1.520710,0.180872,1.614928,-1.524154,0.164214,1.600222,0.015864,-0.000209,0.000894,0.999874,-0.200373,-0.671880,0.077893,-0.001288,0.000371,0.001916,0.117105,0.106543,15.058250,18.466827,4,0,0.000000,1,0.484019,1.353969,1,2,0,none
29.800407,-1.536000,0.187000,1.500000,-1.316879,0.225869,1.950424,-1.506794,0.160592,1.626321,0.016151,0.001126,0.000727,0.999869,-0.161280,-0.664471,0.103880,-0.001438,0.000208,-0.001179,0.502401,0.132316,2.433377,13.815511,2,0,0.000000,1,0.814117,1.664937,1,0,2,anchor7:6-7;7-0
29.817081,-1.537000,0.176000,1.500000,-1.506729,0.133292,1.481285,-1.509081,0.148195,1.617972,0.016803,0.000803,0.000881,0.999858,-0.155584,-0.667615,0.092221,-0.001416,0.000265,0.000055,0.055593,0.124378,-4625295354706548.000000,20.515006,5,0,0.000000,1,0.425029,0.765401,1,-1,0,none
29.833695,-1.539000,0.167000,1.500000,-1.503982,0.118319,1.587845,-1.510918,0.135456,1.617401,0.017214,0.000455,0.000958,0.999851,-0.150290,-0.673293,0.089778,-0.001415,0.000284,0.000309,0.106362,0.124767,-3356351194766587.000000,20.515006,5,0,0.000000,1,0.601837,0.784132,1,-1,0,none
29.866871,-1.541000,0.143000,1.500000,-1.491196,0.131687,1.614371,-1.513604,0.115075,1.619848,0.017099,0.000678,0.001110,0.999853,-0.145060,-0.676261,0.087063,-0.001426,0.000276,0.000354,0.125256,0.126071,13.832106,18.466827,4,0,0.000000,1,0.482798,1.354089,1,2,0,none
29.883532,-1.543000,0.131000,1.500000,-1.520208,0.172837,1.584146,-1.516293,0.109945,1.618929,0.016233,0.001332,0.001313,0.999866,-0.143974,-0.668491,0.083900,-0.001416,0.000256,0.000655,0.096697,0.123696,7.919920,18.466827,4,0,0.000000,1,0.486691,1.353639,1,2,0,none
29.900266,-1.544000,0.121000,1.500000,-1.487143,0.047840,1.567774,-1.516005,0.094725,1.617068,0.015816,0.002449,0.001019,0.999871,-0.137645,-0.674375,0.080228,-0.001425,0.000295,0.001050,0.114797,0.123203,-310891585165913.875000,20.515006,5,0,0.000000,1,0.384832,0.851914,1,-1,0,none
29.916760,-1.545000,0.111000,1.500000,-1.526767,0.086274,1.489779,-1.518730,0.084395,1.610717,0.015458,0.002958,0.000768,0.999876,-0.132689,-0.673193,0.073597,-0.001402,0.000333,0.002020,0.032377,0.116859,-1072261810577265.000000,20.515006,5,0,0.000000,1,0.536772,0.938991,1,-1,0,none
29.933395,-1.545000,0.097000,1.499000,-1.316999,0.143823,1.920646,-1.505208,0.079114,1.629544,0.015422,0.004195,0.000427,0.999872,-0.107672,-0.662470,0.091939,-0.001537,0.000203,-0.000288,0.481624,0.137641,1.520732,13.815511,2,0,0.000000,1,0.810463,1.645960,1,0,2,anchor7:6-7;7-0
29.950049,-1.547000,0.087000,1.500000,-1.524263,0.090401,1.620159,-1.508237,0.070079,1.630464,0.015823,0.004711,0.000521,0.999864,-0.105420,-0.661232,0.094161,-0.001528,0.000198,-0.000204,0.122339,0.137149,5.390888,20.515006,5,0,0.000000,1,0.422529,0.745815,1,-1,0,none
29.966678,-1.547000,0.078000,1.500000,-1.546997,0.043010,1.596750,-1.512624,0.058091,1.630118,0.016072,0.005087,0.000755,0.999858,-0.105804,-0.660847,0.094800,-0.001507,0.000217,0.000052,0.102882,0.136047,6.417224,20.515006,5,0,0.000000,1,0.424176,0.743587,1,-1,0,none
29.983284,-1.548000,0.064000,1.500000,-1.540849,0.041501,1.447993,-1.516145,0.046750,1.621931,0.015979,0.005467,0.000893,0.999857,-0.101914,-0.662735,0.087700,-0.001469,0.000274,0.001339,0.057115,0.127199,16.395412,20.515006,5,0,0.000000,1,0.422003,0.739328,1,-1,0,none
30.016545,-1.549000,0.045000,1.500000,-1.577272,0.138059,1.829597,-1.523789,0.033482,1.635808,0.015359,0.005788,0.001024,0.999865,-0.102315,-0.649506,0.098438,-0.001469,0.000164,-0.000112,0.343647,0.138608,1.908723,13.815511,2,0,0.000000,1,0.848437,1.123489,1,1,2,anchor1:0-1;1-2
30.049771,-1.550000,0.022000,1.500000,-1.509026,-0.061610,1.556316,-1.525685,0.006390,1.634571,0.014327,0.006534,0.000895,0.999876,-0.097454,-0.658746,0.092513,-0.001468,0.000223,0.000490,0.108816,0.137638,12.954263,20.515006,5,0,0.000000,1,0.422219,0.736617,1,-1,0,none
30.066387,-1.550000,0.008000,1.500000,-1.511596,0.033975,1.684014,-1.526031,-0.001147,1.638564,0.012643,0.006271,0.000719,0.999900,-0.088800,-0.656236,0.095565,-0.001480,0.000191,0.000141,0.189765,0.140919,4.098303,16.266236,3,0,0.000000,1,0.609435,1.236735,1,-1,2,anchor1:0-1;1-2
30.082987,-1.550000,-0.001000,1.500000,-1.511263,-0.046645,1.576943,-1.526198,-0.014179,1.636798,0.011391,0.005539,0.000934,0.999919,-0.082463,-0.660658,0.091069,-0.001480,0.000224,0.000586,0.097490,0.139477,-11192084370851908.000000,20.515006,5,0,0.000000,1,0.732643,0.798221,1,-1,0,none
30.099667,-1.550000,-0.011000,1.500000,-1.536112,-0.048324,1.537257,-1.528042,-0.026546,1.633137,0.010758,0.004398,0.000991,0.999932,-0.077543,-0.662347,0.085217,-0.001465,0.000265,0.001296,0.054535,0.135828,15.903732,20.515006,5,0,0.000000,1,0.423628,0.737255,1,-1,0,none
30.116323,-1.550000,-0.024000,1.500000,-1.553428,-0.032436,1.660017,-1.531020,-0.037060,1.635827,0.010389,0.003130,0.000745,0.999941,-0.080514,-0.659154,0.087532,-0.001457,0.000256,0.001124,0.160276,0.137767,4.690442,18.466827,4,0,0.000000,1,0.487551,1.380371,1,2,0,none
30.132908,-1.550000,-0.035000,1.500000,-1.532463,-0.086785,1.498821,-1.532281,-0.050656,1.630490,0.010233,0.002530,0.000746,0.999944,-0.079230,-0.661766,0.081930,-0.001443,0.000313,0.002076,0.054687,0.132614,6.894372,18.466827,4,0,0.000000,1,0.455940,0.770695,1,5,0,none
30.166160,-1.550000,-0.057000,1.501000,-1.526782,-0.122362,1.551633,-1.534200,-0.075815,1.629098,0.010487,0.003357,0.001032,0.999939,-0.073738,-0.663147,0.076482,-0.001440,0.000360,0.002653,0.085878,0.130433,17.101224,20.515006,5,0,0.000000,1,0.423792,0.733526,1,-1,0,none
30.182761,-1.550000,-0.068000,1.500000,-1.557287,-0.029799,1.748696,-1.536967,-0.082598,1.636151,0.010108,0.003901,0.000813,0.999941,-0.070047,-0.655517,0.080078,-0.001440,0.000301,0.001826,0.251718,0.137550,4.315336,16.266236,3,0,0.000000,1,0.611122,1.252666,1,-1,2,anchor1:0-1;1-2
30.199431,-1.549000,-0.077000,1.500000,-1.516373,0.011022,1.683663,-1.536606,-0.086125,1.639683,0.009633,0.004366,0.000560,0.999944,-0.063194,-0.640615,0.081279,-0.001452,0.000240,0.001501,0.206263,0.140528,1.515280,16.266236,3,0,0.000000,1,0.444155,1.256032,1,-1,2,anchor0:7-0;0-1
30.215951,-1.549000,-0.090000,1.500000,-1.551467,-0.139423,1.490986,-1.538427,-0.099181,1.633853,0.010330,0.004475,0.000616,0.999936,-0.059803,-0.643957,0.074191,-0.001433,0.000304,0.002538,0.050298,0.134583,5.076474,18.466827,4,0,0.000000,1,0.514704,0.876384,1,7,0,none
30.232571,-1.548000,-0.100000,1.500000,-1.474018,-0.159643,1.619268,-1.534960,-0.112864,1.634265,0.011132,0.004918,0.000905,0.999926,-0.053413,-0.645577,0.073219,-0.001462,0.000330,0.002633,0.152498,0.135509,8.335457,18.466827,4,0,0.000000,1,0.705992,0.804682,1,3,0,none
30.249330,-1.548000,-0.113000,1.500000,-1.510602,-0.163891,1.528466,-1.534054,-0.126099,1.630500,0.011529,0.005381,0.001206,0.999918,-0.045813,-0.651149,0.069040,-0.001465,0.000377,0.003355,0.069274,0.131895,10.976551,20.515006,5,0,0.000000,1,0.422840,0.730203,1,-1,0,none
30.265873,-1.547000,-0.123000,1.500000,-1.548285,-0.164187,1.558899,-1.535629,-0.138561,1.628309,0.011834,0.005834,0.001335,0.999912,-0.044912,-0.651099,0.065756,-0.001452,0.000410,0.003849,0.071882,0.129749,15.818549,20.515006,5,0,0.000000,1,0.425548,0.731610,1,-1,0,none
30.299113,-1.546000,-0.145000,1.500000,-1.483217,-0.186989,1.689294,-1.535629,-0.138561,1.628309,0.011834,0.005834,0.001335,0.999912,-0.044912,-0.651099,0.065756,-0.001452,0.000410,0.003849,0.203806,0.128889,-1027834631390545.000000,20.515006,5,0,0.000000,1,1.105033,0.889157,0,-1,0,none
30.315835,-1.545000,-0.156000,1.500000,-1.499993,-0.199718,1.554609,-1.534742,-0.172735,1.627863,0.013116,0.007650,0.001381,0.999884,-0.027803,-0.653836,0.064369,-0.001465,0.000445,0.004404,0.083181,0.129361,8.139259,18.466827,4,0,0.000000,1,0.710004,0.796780,1,3,0,none
30.349021,-1.542000,-0.179000,1.501000,-1.485507,-0.175445,1.631792,-1.531696,-0.192982,1.630094,0.013649,0.008637,0.001107,0.999869,-0.013897,-0.650087,0.065276,-0.001492,0.000433,0.004380,0.142515,0.130257,12.176811,18.466827,4,0,0.000000,1,0.486480,1.375443,1,2,0,none
30.415570,-1.538000,-0.221000,1.501000,-1.525102,-0.232441,1.477377,-1.531152,-0.235719,1.626043,0.014934,0.008469,0.001606,0.999851,0.006743,-0.647417,0.060728,-0.001479,0.000480,0.005692,0.029246,0.126093,-12283343871741476.000000,20.515006,5,0,0.000000,1,0.442466,1.160267,1,-1,0,none
30.448690,-1.534000,-0.244000,1.501000,-1.489228,-0.251796,1.488736,-1.526902,-0.256403,1.620278,0.013405,0.009941,0.001533,0.999860,0.024839,-0.649608,0.050318,-0.001491,0.000521,0.006867,0.047071,0.120131,-237.360291,20.515006,5,0,0.000000,1,0.451577,1.038142,1,-1,0,none
30.482021,-1.531000,-0.264000,1.501000,-1.522148,-0.285200,1.570097,-1.525481,-0.278519,1.618959,0.013271,0.010542,0.001409,0.999855,0.038193,-0.646775,0.043054,-0.001487,0.000543,0.007314,0.072816,0.118977,12.497390,20.515006,5,0,0.000000,1,0.424576,0.723574,1,-1,0,none
30.498576,-1.529000,-0.274000,1.501000,-1.534250,-0.293993,1.508066,-1.525541,-0.289124,1.613549,0.013966,0.010806,0.001459,0.999843,0.043138,-0.646254,0.036742,-0.001469,0.000582,0.008260,0.021845,0.113614,-1526964239798433.000000,20.515006,5,0,0.000000,1,0.530365,0.710816,1,-1,0,none
30.515179,-1.526000,-0.287000,1.501000,-1.555706,-0.309060,1.643321,-1.527508,-0.300234,1.615721,0.014268,0.010814,0.001777,0.999838,0.042603,-0.649745,0.038466,-0.001453,0.000580,0.008026,0.147052,0.115491,12.677810,18.466827,4,0,0.000000,1,0.462136,0.806821,1,5,0,none
30.531829,-1.525000,-0.297000,1.501000,-1.482623,-0.307253,1.532932,-1.523035,-0.310452,1.611926,0.014154,0.010987,0.001961,0.999838,0.053259,-0.649128,0.034545,-0.001471,0.000602,0.008694,0.054042,0.111756,-3356351600304768.000000,20.515006,5,0,0.000000,1,0.499288,1.232526,1,-1,0,none
30.598301,-1.515000,-0.342000,1.501000,-1.514054,-0.241871,1.712266,-1.518894,-0.342339,1.619951,0.014039,0.011186,0.002354,0.999836,0.059972,-0.621019,0.043239,-0.001483,0.000496,0.007817,0.233795,0.119015,3.613209,16.266236,3,0,0.000000,1,0.446838,1.265140,1,-1,2,anchor0:7-0;0-1
30.614989,-1.512000,-0.352000,1.501000,-1.538094,-0.367874,1.569787,-1.519661,-0.353877,1.617825,0.013695,0.011311,0.002362,0.999839,0.064434,-0.626321,0.039663,-0.001466,0.000524,0.008266,0.075263,0.117091,4.837676,20.515006,5,0,0.000000,1,0.425848,0.717495,1,-1,0,none
30.631596,-1.510000,-0.362000,1.501000,-1.488832,-0.413318,1.574107,-1.515879,-0.368550,1.616004,0.013042,0.011641,0.002583,0.999844,0.074859,-0.634967,0.036501,-0.001480,0.000568,0.008637,0.091794,0.115340,-4625278488359992.000000,20.515006,5,0,0.000000,1,0.456998,0.671311,1,-1,0,none
30.664767,-1.503000,-0.388000,1.501000,-1.508840,-0.410473,1.451059,-1.512595,-0.391087,1.607925,0.011872,0.010884,0.002630,0.999867,0.093281,-0.635967,0.025963,-0.001468,0.000637,0.010074,0.055075,0.107399,11.093673,18.466827,4,0,0.000000,1,0.525260,0.880501,1,7,0,none
30.681496,-1.500000,-0.398000,1.501000,-1.506385,-0.409199,1.527341,-1.510548,-0.402102,1.603907,0.011539,0.009868,0.002752,0.999881,0.099309,-0.634624,0.020861,-0.001464,0.000668,0.010759,0.029327,0.103527,-456823915592828.500000,20.515006,5,0,0.000000,1,0.648218,1.166439,1,-1,0,none
30.698084,-1.497000,-0.409000,1.501000,-1.475149,-0.394330,1.464722,-1.505922,-0.410954,1.596708,0.011143,0.009120,0.002888,0.999892,0.110184,-0.630956,0.012674,-0.001471,0.000700,0.011899,0.044819,0.096143,-15233701003014390.000000,20.515006,5,0,0.000000,1,0.507162,1.149335,1,-1,0,none
30.731322,-1.490000,-0.431000,1.501000,-1.536339,-0.444559,1.439427,-1.505066,-0.432511,1.588564,0.010648,0.008371,0.003124,0.999903,0.107315,-0.628144,0.004442,-0.001436,0.000761,0.013239,0.078246,0.088863,4.622162,18.466827,4,0,0.000000,1,0.528121,0.882973,1,7,0,none
30.747919,-1.487000,-0.441000,1.501000,-1.442750,-0.480064,1.594787,-1.498289,-0.445702,1.588931,0.010560,0.009158,0.003220,0.999897,0.121621,-0.632988,0.007032,-0.001474,0.000781,0.013173,0.110816,0.088777,-101516264478773.500000,20.515006,5,0,0.000000,1,0.413146,0.770932,1,-1,0,none
30.764627,-1.482000,-0.455000,1.501000,-1.452671,-0.456146,1.533985,-1.492725,-0.456048,1.586106,0.009903,0.009820,0.002979,0.999898,0.130819,-0.632658,0.003023,-0.001495,0.000797,0.013608,0.044154,0.085786,13.221559,20.515006,5,0,0.000000,1,0.420413,0.713862,1,-1,0,none
30.797813,-1.475000,-0.476000,1.501000,-1.607278,-0.471681,1.243497,-1.497785,-0.476008,1.568013,0.009583,0.009553,0.002824,0.999904,0.124626,-0.622456,-0.017741,-0.001390,0.000901,0.016472,0.289523,0.070781,5.524291,16.266236,3,0,0.000000,1,0.722488,1.547184,1,-1,2,anchor6:6-7;5-6
30.831078,-1.467000,-0.496000,1.501000,-1.466192,-0.507893,1.560297,-1.491261,-0.497347,1.566957,0.009922,0.009199,0.002777,0.999905,0.138223,-0.623517,-0.021722,-0.001407,0.000910,0.016524,0.060484,0.070290,-513923459214389.250000,20.515006,5,0,0.000000,1,0.664171,1.232212,1,-1,0,none
30.847704,-1.462000,-0.509000,1.501000,-1.430452,-0.535859,1.591166,-1.484222,-0.509879,1.567840,0.009916,0.009407,0.002900,0.999902,0.147456,-0.624085,-0.022715,-0.001446,0.000920,0.016305,0.099230,0.070442,-4625308956621368.000000,20.515006,5,0,0.000000,1,0.619822,0.796890,1,-1,0,none
30.880896,-1.455000,-0.528000,1.501000,-1.455796,-0.539481,1.567380,-1.477312,-0.530871,1.567143,0.010009,0.010348,0.003265,0.999891,0.163376,-0.623274,-0.019227,-0.001460,0.000925,0.016297,0.067370,0.069864,-1027843653968669.500000,20.515006,5,0,0.000000,1,0.467914,0.798205,1,-1,0,none
30.897574,-1.451000,-0.538000,1.501000,-1.409367,-0.409978,1.612558,-1.469389,-0.530290,1.569208,0.009571,0.010912,0.003126,0.999890,0.175800,-0.599986,-0.016011,-0.001502,0.000833,0.015900,0.174837,0.071063,1.357120,16.266236,3,0,0.000000,1,0.448448,1.245660,1,-1,2,anchor0:7-0;0-1
30.914217,-1.445000,-0.551000,1.501000,-1.445767,-0.564563,1.526541,-1.464780,-0.542020,1.566736,0.010273,0.011047,0.003084,0.999881,0.186597,-0.601185,-0.015900,-0.001510,0.000860,0.016237,0.028929,0.069232,-21343618124080700.000000,20.515006,5,0,0.000000,1,0.534426,0.826235,1,-1,0,none
30.930830,-1.440000,-0.563000,1.501000,-1.495768,-0.611948,1.516818,-1.464214,-0.556579,1.563974,0.011041,0.011032,0.003101,0.999873,0.187164,-0.606622,-0.016269,-0.001487,0.000909,0.016642,0.075870,0.067774,6.489490,20.515006,5,0,0.000000,1,0.422949,0.723776,1,-1,0,none
30.964047,-1.431000,-0.583000,1.502000,-1.412538,-0.587830,1.450102,-1.454278,-0.577297,1.557487,0.011334,0.011202,0.003331,0.999867,0.201638,-0.606608,-0.022396,-0.001503,0.000949,0.017546,0.055295,0.060441,-10151541007580746.000000,20.515006,5,0,0.000000,1,0.606110,1.106851,1,-1,0,none
30.980772,-1.427000,-0.592000,1.502000,-1.438186,-0.631293,1.497964,-1.449923,-0.590561,1.554028,0.011018,0.010501,0.003391,0.999878,0.208925,-0.613005,-0.028587,-0.001506,0.000992,0.018011,0.041053,0.056873,-14618212473640000.000000,20.515006,5,0,0.000000,1,0.464714,0.857606,1,-1,0,none
30.997337,-1.422000,-0.601000,1.502000,-1.434522,-0.632441,1.527063,-1.449923,-0.590561,1.554028,0.011018,0.010501,0.003391,0.999878,0.208925,-0.613005,-0.028587,-0.001506,0.000992,0.018011,0.042113,0.059964,-12194536948720116.000000,20.515006,5,0,0.000000,1,1.549449,1.708143,0,-1,0,none
31.013908,-1.417000,-0.615000,1.502000,-1.420757,-0.618913,1.642280,-1.441342,-0.611014,1.557705,0.010060,0.007793,0.003582,0.999913,0.221236,-0.613522,-0.028383,-0.001526,0.000970,0.017281,0.140385,0.060922,5.299405,18.466827,4,0,0.000000,1,0.482818,1.365794,1,2,0,none
31.030545,-1.412000,-0.624000,1.502000,-1.484691,-0.602890,1.606602,-1.442043,-0.617736,1.559887,0.009576,0.006450,0.003519,0.999927,0.215887,-0.609440,-0.027588,-0.001505,0.000948,0.016904,0.129117,0.065518,11.216842,16.266236,3,0,0.000000,1,0.617975,1.253561,1,-1,2,anchor1:0-1;1-2
31.047228,-1.406000,-0.637000,1.502000,-1.366316,-0.614250,1.369518,-1.432951,-0.626609,1.549816,0.008713,0.006009,0.003553,0.999938,0.231528,-0.608306,-0.037089,-0.001529,0.000995,0.018362,0.140157,0.055863,4.644032,18.466827,4,0,0.000000,1,0.457406,1.120520,1,6,0,none
31.080472,-1.396000,-0.656000,1.501000,-1.417952,-0.712451,1.505875,-1.424628,-0.651806,1.546352,0.007202,0.005952,0.003614,0.999950,0.233779,-0.610931,-0.041358,-0.001529,0.001043,0.018701,0.060765,0.053796,5.613259,20.515006,5,0,0.000000,1,0.417876,0.729372,1,-1,0,none
31.097057,-1.390000,-0.668000,1.501000,-1.358720,-0.677943,1.446264,-1.416160,-0.662683,1.540598,0.006661,0.006321,0.003464,0.999952,0.245128,-0.610303,-0.046940,-0.001555,0.001078,0.019459,0.063822,0.047756,-2537893110780030.000000,20.515006,5,0,0.000000,1,0.951478,0.682266,1,-1,0,none
31.146920,-1.374000,-0.699000,1.501000,-1.402724,-0.722994,1.322056,-1.403650,-0.695066,1.526644,0.006479,0.006254,0.003284,0.999954,0.249970,-0.598482,-0.060475,-0.001536,0.001158,0.021250,0.182816,0.039398,-3172438680602.093750,20.515006,5,0,0.000000,1,0.440540,0.792782,1,-1,0,none
31.163516,-1.369000,-0.708000,1.501000,-1.371945,-0.722154,1.493269,-1.403650,-0.695066,1.526644,0.006479,0.006254,0.003284,0.999954,0.249970,-0.598482,-0.060475,-0.001536,0.001158,0.021250,0.016395,0.045006,-9948519440757240.000000,20.515006,5,0,0.000000,1,2.114159,3.481718,0,-1,0,none
31.180163,-1.362000,-0.720000,1.500000,-1.340679,-0.756433,1.424332,-1.390716,-0.718062,1.519159,0.006749,0.006876,0.003357,0.999948,0.263970,-0.602608,-0.065235,-0.001561,0.001211,0.022079,0.086647,0.034575,-42687264590509208.000000,20.515006,5,0,0.000000,1,0.791888,1.142121,1,-1,0,none
31.196856,-1.357000,-0.729000,1.500000,-1.315979,-0.689021,1.702369,-1.380846,-0.724705,1.527883,0.006246,0.007149,0.003656,0.999948,0.280587,-0.596127,-0.051791,-0.001621,0.001139,0.020535,0.210320,0.036939,8.435921,16.266236,3,0,0.000000,1,0.594340,1.226645,1,-1,2,anchor1:0-1;1-2
31.230041,-1.345000,-0.751000,1.500000,-1.347286,-0.833783,1.482000,-1.369671,-0.751356,1.523806,0.007116,0.006732,0.003743,0.999945,0.286916,-0.604420,-0.052183,-0.001629,0.001202,0.020901,0.084749,0.034286,16.159544,13.815511,2,1,0.000000,1,0.900567,1.481779,1,5,2,anchor7:6-7;7-0
31.246715,-1.340000,-0.760000,1.500000,-1.905045,-1.218875,0.314331,-1.905045,-1.218875,0.314331,-0.002768,-0.006919,0.015221,0.999856,0.000000,0.000000,0.000000,0.000000,0.000000,0.000000,1.391278,1.391278,1.865029,13.815511,2,0,0.000000,1,0.812230,1.350700,1,3,2,anchor0:7-0;0-1
31.263265,-1.333000,-0.772000,1.500000,-1.434767,-0.736471,1.058527,-1.905045,-1.218875,0.314331,-0.002768,-0.006919,0.015221,0.999856,0.000000,0.000000,0.000000,0.000000,0.000000,0.000000,0.454442,1.390232,66.584697,16.266236,3,1,0.000000,1,0.649003,1.123645,0,-1,2,anchor3:2-3;3-4
31.279912,-1.328000,-0.781000,1.500000,-1.419156,-0.696227,1.063945,-1.905045,-1.218875,0.314331,-0.002768,-0.006919,0.015221,0.999856,0.000000,0.000000,0.000000,0.000000,0.000000,0.000000,0.453476,1.389434,95.855139,16.266236,3,1,0.000000,1,0.643511,1.118846,0,-1,2,anchor3:2-3;3-4
31.329777,-1.311000,-0.811000,1.500000,-1.348323,-0.858386,1.419363,-1.348323,-0.858386,1.419363,-0.002768,-0.006919,0.015221,0.999856,0.000000,0.000000,0.000000,0.000000,0.000000,0.000000,0.100701,0.100701,4.173648,18.466827,4,0,0.000000,1,0.450040,0.858811,1,5,0,none
31.363046,-1.298000,-0.831000,1.499000,-1.233412,-0.773829,1.690480,-1.290929,-0.815965,1.554951,-0.004456,-0.005192,0.015272,0.999860,-0.009547,0.015920,0.000416,-0.000000,-0.000000,-0.000000,0.210012,0.058366,1.883376,16.266236,3,0,0.000000,1,0.432190,1.215634,1,-1,2,anchor0:7-0;0-1
31.379653,-1.293000,-0.840000,1.499000,-1.188544,-0.783726,1.774038,-1.256812,-0.805008,1.627970,-0.005772,-0.003477,0.015189,0.999862,-0.013283,0.019477,0.000211,-0.000000,-0.000000,-0.000001,0.299539,0.138446,6.069173,16.266236,3,0,0.000000,1,0.423372,1.209156,1,-1,2,anchor0:7-0;0-1
31.396304,-1.288000,-0.849000,1.499000,-1.298107,-0.664977,1.681090,-1.256812,-0.805008,1.627970,-0.005772,-0.003477,0.015189,0.999862,-0.013283,0.019477,0.000211,-0.000000,-0.000000,-0.000001,0.259082,0.139790,0.150705,13.815511,2,0,0.000000,1,1.192458,1.344556,0,2,2,anchor0:7-0;0-1
31.429537,-1.275000,-0.868000,1.499000,-1.141182,-0.757207,1.856567,-1.228632,-0.791971,1.685764,-0.007710,0.005006,0.014681,0.999850,-0.010664,0.043375,0.004105,-0.000002,-0.000001,-0.000004,0.397538,0.206909,11.898630,16.266236,3,0,0.000000,1,0.414990,1.203059,1,-1,2,anchor0:7-0;0-1
31.446163,-1.270000,-0.877000,1.498000,-1.275307,-0.919525,1.530218,-1.238547,-0.817544,1.654509,-0.000957,0.004262,0.014245,0.999889,-0.014979,0.034273,0.001255,-0.000001,0.000001,-0.000001,0.053615,0.170350,12.273948,16.266236,3,0,0.000000,1,0.658480,1.186547,1,-1,2,anchor2:1-2;2-3
31.579130,-1.219000,-0.952000,1.498000,-1.123539,-0.898629,1.894360,-1.210368,-0.832723,1.697233,0.015064,0.026730,0.016978,0.999385,0.092023,-0.014446,0.026638,-0.000011,0.000010,-0.000027,0.411172,0.232368,4.364068,16.266236,3,0,0.000000,1,0.411444,1.200282,1,-1,2,anchor0:7-0;0-1
31.595754,-1.211000,-0.962000,1.498000,-1.198321,-0.915496,1.808533,-1.207962,-0.850348,1.714488,0.024477,0.026478,0.016466,0.999214,0.102026,-0.071368,0.034535,-0.000012,0.000017,-0.000039,0.314251,0.243603,7.302359,16.266236,3,0,0.000000,1,0.421862,1.211896,1,-1,2,anchor0:7-0;0-1
31.612358,-1.205000,-0.971000,1.498000,-1.112158,-1.050254,1.655340,-1.188220,-0.891175,1.711040,0.056447,0.039269,0.014266,0.997531,0.193370,-0.259156,0.016801,-0.000017,0.000028,-0.000034,0.199140,0.228122,10.781275,18.466827,4,0,0.000000,1,0.651160,0.858022,1,3,0,none
31.629018,-1.199000,-0.979000,1.498000,-1.164050,-0.893994,1.826408,-1.181059,-0.892989,1.725218,0.050420,0.037934,0.016268,0.997875,0.198163,-0.239531,0.026082,-0.000018,0.000029,-0.000048,0.341027,0.243614,1.953143,16.266236,3,0,0.000000,1,0.418332,1.205594,1,-1,2,anchor0:7-0;0-1
31.645698,-1.191000,-0.989000,1.498000,-1.144758,-1.011190,1.638521,-1.172206,-0.915661,1.715083,0.061905,0.041196,0.015771,0.997107,0.228782,-0.326610,0.011578,-0.000021,0.000038,-0.000039,0.149589,0.229906,11.630076,18.466827,4,0,0.000000,1,0.656434,0.856683,1,3,0,none
31.662285,-1.185000,-0.998000,1.498000,-1.172570,-0.899937,1.774283,-1.169160,-0.917723,1.721664,0.058944,0.040525,0.016184,0.997307,0.236997,-0.327099,0.017727,-0.000020,0.000036,-0.000047,0.293434,0.238162,7.814098,16.266236,3,0,0.000000,1,0.422268,1.205194,1,-1,2,anchor0:7-0;0-1
31.697519,-1.170000,-1.016000,1.498000,-1.127586,-1.058451,1.847349,-1.156736,-0.948059,1.734467,0.065543,0.043867,0.015302,0.996768,0.272067,-0.434044,0.015128,-0.000023,0.000049,-0.000070,0.354465,0.246390,17.910762,20.515006,5,0,0.000000,1,0.406663,0.747757,1,-1,0,none
31.714282,-1.164000,-1.025000,1.498000,-1.159303,-1.083901,1.651331,-1.152629,-0.976455,1.722864,0.077099,0.045225,0.015595,0.995875,0.286201,-0.548187,-0.004337,-0.000022,0.000058,-0.000060,0.164322,0.230325,13.799377,20.515006,5,0,0.000000,1,0.400447,0.748870,1,-1,0,none
31.730899,-1.156000,-1.035000,1.498000,-1.176270,-0.957326,1.835887,-1.152458,-0.980401,1.733195,0.072721,0.043584,0.015331,0.996282,0.279875,-0.542137,0.009017,-0.000018,0.000056,-0.000081,0.347292,0.241475,3.649040,16.266236,3,0,0.000000,1,0.418448,1.208012,1,-1,2,anchor0:7-0;0-1
31.747456,-1.147000,-1.045000,1.498000,-1.092626,-1.066241,1.734345,-1.140300,-0.999642,1.732248,0.078163,0.048043,0.015746,0.995658,0.322614,-0.603474,-0.001349,-0.000023,0.000063,-0.000084,0.243447,0.238693,-4625296986935294.000000,20.515006,5,0,0.000000,1,0.484746,1.012306,1,-1,0,none
31.764042,-1.141000,-1.053000,1.498000,-1.094409,-0.941384,1.840344,-1.130084,-0.999039,1.741189,0.072619,0.050765,0.016660,0.995928,0.353136,-0.573815,0.011912,-0.000026,0.000057,-0.000106,0.363081,0.249343,8.380353,16.266236,3,0,0.000000,1,0.412671,1.190977,1,-1,2,anchor0:7-0;0-1
31.780706,-1.134000,-1.061000,1.498000,-1.088379,-1.095195,1.680378,-1.130084,-0.999039,1.741189,0.072619,0.050765,0.016660,0.995928,0.353136,-0.573815,0.011912,-0.000026,0.000057,-0.000106,0.191082,0.250989,-12993952886845946.000000,20.515006,5,0,0.000000,1,5.807428,-nan,0,-1,0,none
31.797363,-1.125000,-1.071000,1.498000,-1.179208,-1.100095,1.747398,-1.127205,-1.030815,1.741441,0.078093,0.047270,0.016594,0.995687,0.347140,-0.669430,0.007942,-0.000020,0.000065,-0.000109,0.256874,0.246745,6.483656,18.466827,4,0,0.000000,1,0.443481,1.227548,1,5,0,none
31.830535,-1.112000,-1.087000,1.499000,-1.132225,-1.111117,1.661119,-1.117743,-1.063629,1.735046,0.082665,0.045643,0.016526,0.995394,0.366189,-0.758373,-0.005833,-0.000018,0.000072,-0.000086,0.165146,0.237270,7.573108,20.515006,5,0,0.000000,1,0.404586,0.741620,1,-1,0,none
31.847160,-1.103000,-1.097000,1.499000,-1.080826,-1.013200,1.832482,-1.107576,-1.065126,1.742968,0.077606,0.046825,0.017158,0.995736,0.393726,-0.730961,0.009794,-0.000021,0.000065,-0.000115,0.344564,0.246084,0.981342,16.266236,3,0,0.000000,1,0.411917,1.186719,1,-1,2,anchor0:7-0;0-1
31.863816,-1.096000,-1.105000,1.499000,-1.066555,-1.183037,1.679559,-1.095848,-1.093140,1.736348,0.083730,0.048940,0.017582,0.995131,0.430737,-0.821063,-0.010821,-0.000025,0.000077,-0.000102,0.198893,0.237644,23.299534,18.466827,4,1,0.000000,1,0.573896,0.854403,1,6,0,none
31.880438,-1.089000,-1.112000,1.499000,-1.054239,-1.192734,1.606333,-1.083167,-1.120345,1.725417,0.088361,0.051038,0.017770,0.994621,0.466363,-0.905406,-0.039602,-0.000029,0.000086,-0.000062,0.138732,0.226646,14.039909,18.466827,4,0,0.000000,1,0.573116,0.849852,1,6,0,none
31.930307,-1.065000,-1.137000,1.500000,-1.054725,-1.185825,1.612849,-1.057614,-1.172052,1.714236,0.085727,0.052365,0.018309,0.994773,0.509337,-1.003424,-0.069403,-0.000031,0.000087,-0.000015,0.123387,0.217210,11.668221,18.466827,4,0,0.000000,1,0.572683,0.850314,1,6,0,none
31.946936,-1.056000,-1.148000,1.500000,-1.014689,-1.151140,1.617317,-1.042983,-1.184583,1.706396,0.083647,0.054581,0.018855,0.994821,0.548771,-1.014653,-0.082525,-0.000036,0.000081,0.000031,0.124418,0.210017,12.971904,20.515006,5,0,0.000000,1,0.398544,0.738247,1,-1,0,none
31.963615,-1.049000,-1.155000,1.500000,-1.050243,-1.144999,1.703619,-1.036018,-1.193528,1.705897,0.080297,0.054625,0.019042,0.995091,0.558105,-1.006534,-0.080000,-0.000034,0.000073,0.000037,0.203868,0.209873,13.383831,18.466827,4,0,0.000000,1,0.447026,1.276100,1,1,0,none
31.980127,-1.042000,-1.162000,1.500000,-1.002049,-1.019138,1.656474,-1.023022,-1.184159,1.703491,0.072560,0.056955,0.020105,0.995533,0.587563,-0.932372,-0.077097,-0.000038,0.000049,0.000075,0.215615,0.205571,0.557252,16.266236,3,0,0.000000,1,0.417220,1.163849,1,-1,2,anchor0:7-0;0-1
31.996822,-1.032000,-1.172000,1.500000,-1.026485,-1.180561,1.642937,-1.014694,-1.197498,1.698721,0.071517,0.057582,0.020423,0.995566,0.599145,-0.944125,-0.085521,-0.000037,0.000046,0.000107,0.143300,0.201096,-47217303853498368.000000,20.515006,5,0,0.000000,1,0.671571,0.803207,1,-1,0,none
32.013465,-1.024000,-1.179000,1.500000,-1.019754,-1.186025,1.654023,-1.006417,-1.210009,1.694926,0.070003,0.058012,0.020526,0.995647,0.609202,-0.949995,-0.089843,-0.000035,0.000043,0.000133,0.154241,0.198159,2.013383,18.466827,4,0,0.000000,1,0.447595,1.264917,1,1,0,none
32.063242,-0.999000,-1.202000,1.499000,-1.001508,-1.270853,1.697001,-0.979011,-1.260000,1.690953,0.070019,0.058248,0.020511,0.995632,0.650612,-1.014147,-0.093561,-0.000031,0.000045,0.000129,0.209646,0.201518,-50759986153464.500000,20.515006,5,0,0.000000,1,0.748957,1.440264,1,-1,0,none
32.080000,-0.991000,-1.208000,1.499000,-0.868228,-1.143407,1.833287,-0.954885,-1.256170,1.700656,0.064452,0.061444,0.020601,0.995814,0.711970,-0.962903,-0.071283,-0.000044,0.000026,0.000049,0.361930,0.210452,1.904359,16.266236,3,0,0.000000,1,0.405472,1.138040,1,-1,2,anchor0:7-0;0-1
32.129774,-0.965000,-1.230000,1.499000,-0.969054,-1.313027,1.564341,-0.925464,-1.307656,1.687840,0.064009,0.058919,0.020392,0.996000,0.747392,-1.021710,-0.085401,-0.000037,0.000029,0.000153,0.105732,0.207976,8.292007,16.266236,3,0,0.000000,1,0.611649,1.260839,1,-1,2,anchor6:5-6;6-7
32.146420,-0.954000,-1.238000,1.500000,-1.134365,-1.207446,1.223640,-0.925464,-1.307656,1.687840,0.064009,0.058919,0.020392,0.996000,0.747392,-1.021710,-0.085401,-0.000037,0.000029,0.000153,0.331421,0.202362,56.387133,16.266236,3,1,0.000000,1,0.717832,1.231327,0,-1,2,anchor3:2-3;3-4
32.212865,-0.914000,-1.267000,1.500000,-1.159952,-1.203987,1.019773,-0.925464,-1.307656,1.687840,0.064009,0.058919,0.020392,0.996000,0.747392,-1.021710,-0.085401,-0.000037,0.000029,0.000153,0.543214,0.192531,53.661661,16.266236,3,1,0.000000,1,0.713104,1.224522,0,-1,2,anchor3:2-3;3-4
32.246156,-0.896000,-1.279000,1.500000,-0.868631,-1.306134,1.631924,-0.839813,-1.403589,1.676385,0.059565,0.052626,0.019026,0.996655,0.836376,-1.058388,-0.088466,-0.000031,0.000003,0.000232,0.137438,0.223139,9.823825,16.266236,3,0,0.000000,1,0.538306,1.131761,1,-1,2,anchor1:0-1;1-2
32.262753,-0.885000,-1.285000,1.500000,-0.788833,-1.286815,1.761776,-0.839813,-1.403589,1.676385,0.059565,0.052626,0.019026,0.996655,0.836376,-1.058388,-0.088466,-0.000031,0.000003,0.000232,0.278887,0.217294,0.686738,13.815511,2,0,0.000000,1,1.532501,1.176328,0,4,2,anchor0:7-0;0-1
32.296015,-0.864000,-1.298000,1.501000,-0.733329,-1.278147,1.883837,-0.784621,-1.411091,1.695625,0.055084,0.053263,0.018199,0.996894,0.906660,-0.978869,-0.052659,-0.000042,-0.000045,0.000005,0.405010,0.238683,3.891877,16.266236,3,0,0.000000,1,0.402412,1.106421,1,-1,2,anchor0:7-0;0-1
32.312655,-0.859000,-1.301000,1.501000,-0.832849,-1.327300,1.561794,-0.781315,-1.408078,1.683048,0.053884,0.051330,0.018948,0.997047,0.895145,-0.948260,-0.069692,-0.000033,-0.000054,0.000174,0.071214,0.225038,3.281688,16.266236,3,0,0.000000,1,0.537762,1.122644,1,-1,2,anchor1:0-1;1-2
32.329276,-0.847000,-1.308000,1.501000,-0.755855,-1.253667,1.801817,-0.765130,-1.392366,1.697066,0.050568,0.050987,0.019296,0.997232,0.910894,-0.887448,-0.048755,-0.000034,-0.000085,0.000088,0.318984,0.228610,3.286114,16.266236,3,0,0.000000,1,0.404758,1.108742,1,-1,2,anchor0:7-0;0-1
32.379139,-0.817000,-1.326000,1.501000,-0.954269,-1.340148,1.205120,-0.765130,-1.392366,1.697066,0.050568,0.050987,0.019296,0.997232,0.910894,-0.887448,-0.048755,-0.000034,-0.000085,0.000088,0.326478,0.213394,85.802525,16.266236,3,1,0.000000,1,0.740678,1.276713,0,-1,2,anchor3:2-3;3-4
32.412382,-0.795000,-1.337000,1.502000,-0.846005,-1.399943,1.351288,-0.717175,-1.457484,1.660294,0.052245,0.043417,0.019008,0.997509,0.918340,-0.954524,-0.098286,-0.000009,-0.000078,0.000594,0.171107,0.213612,10.923408,16.266236,3,0,0.000000,1,0.758590,1.311051,1,-1,2,anchor3:2-3;3-4
32.428963,-0.786000,-1.342000,1.501000,-0.717749,-1.295165,1.756809,-0.706044,-1.439521,1.668225,0.047691,0.042838,0.019016,0.997762,0.917804,-0.889162,-0.084825,-0.000005,-0.000121,0.000480,0.268867,0.209445,2.877834,16.266236,3,0,0.000000,1,0.405697,1.097240,1,-1,2,anchor0:7-0;0-1
32.445695,-0.774000,-1.349000,1.502000,-0.652773,-1.355547,1.796045,-0.684823,-1.437754,1.680797,0.045516,0.043680,0.017319,0.997858,0.943159,-0.863437,-0.072268,-0.000008,-0.000158,0.000354,0.318122,0.218628,15.700786,16.266236,3,0,0.000000,1,0.404093,1.081770,1,-1,2,anchor0:7-0;0-1
32.495496,-0.743000,-1.365000,1.502000,-0.635500,-1.300930,1.910837,-0.638943,-1.449312,1.699382,0.040478,0.044189,0.017712,0.998046,0.975888,-0.829512,-0.049287,-0.000006,-0.000205,0.000028,0.427562,0.238530,5.116546,16.266236,3,0,0.000000,1,0.399975,1.085249,1,-1,2,anchor0:7-0;0-1
32.528795,-0.722000,-1.377000,1.501000,-0.858063,-1.394516,1.308887,-0.638943,-1.449312,1.699382,0.040478,0.044189,0.017712,0.998046,0.975888,-0.829512,-0.049287,-0.000006,-0.000205,0.000028,0.236067,0.226899,82.131308,16.266236,3,1,0.000000,1,0.755588,1.305591,0,-1,2,anchor3:2-3;3-4
32.545377,-0.712000,-1.381000,1.501000,-0.946873,-1.331993,1.103815,-0.638943,-1.449312,1.699382,0.040478,0.044189,0.017712,0.998046,0.975888,-0.829512,-0.049287,-0.000006,-0.000205,0.000028,0.464029,0.222170,61.983663,16.266236,3,1,0.000000,1,0.736873,1.275349,0,-1,2,anchor3:2-3;3-4
32.561994,-0.703000,-1.386000,1.501000,-1.140421,-1.856070,0.664625,-1.140421,-1.856070,0.664625,-0.002768,-0.006919,0.015221,0.999856,0.000000,0.000000,0.000000,0.000000,0.000000,0.000000,1.054431,1.054431,7.333556,13.815511,2,0,0.000000,1,0.816895,1.150965,1,2,2,anchor0:7-0;0-1
32.578590,-0.691000,-1.392000,1.501000,-0.921620,-1.306745,1.012557,-1.140421,-1.856070,0.664625,-0.002768,-0.006919,0.015221,0.999856,0.000000,0.000000,0.000000,0.000000,0.000000,0.000000,0.546837,1.056817,53.542326,16.266236,3,1,0.000000,1,0.731841,1.277585,0,-1,2,anchor3:2-3;3-4
32.595237,-0.681000,-1.397000,1.501000,-0.949306,-1.294147,1.064991,-1.140421,-1.856070,0.664625,-0.002768,-0.006919,0.015221,0.999856,0.000000,0.000000,0.000000,0.000000,0.000000,0.000000,0.522179,1.058931,62.600679,16.266236,3,1,0.000000,1,0.730603,1.270960,0,-1,2,anchor3:2-3;3-4
32.611958,-0.672000,-1.401000,1.500000,-0.842775,-1.304050,1.092738,-1.140421,-1.856070,0.664625,-0.002768,-0.006919,0.015221,0.999856,0.000000,0.000000,0.000000,0.000000,0.000000,0.000000,0.452134,1.060357,90.853468,16.266236,3,1,0.000000,1,0.736145,1.293056,0,-1,2,anchor3:2-3;3-4
32.645054,-0.650000,-1.412000,1.500000,-0.573685,-1.450161,1.578902,-0.573685,-1.450161,1.578902,-0.002768,-0.006919,0.015221,0.999856,0.000000,0.000000,0.000000,0.000000,0.000000,0.000000,0.116215,0.116215,1.138083,13.815511,2,0,0.000000,1,0.530307,1.016413,1,4,2,anchor1:0-1;1-2
32.678382,-0.628000,-1.422000,1.500000,-0.746139,-1.490944,1.595987,-0.659988,-1.470560,1.587345,-0.005685,-0.006794,0.015109,0.999847,-0.005230,0.000861,0.001354,0.000000,0.000000,-0.000000,0.167103,0.104931,14.043402,16.266236,3,0,0.000000,1,0.789191,1.363116,1,-1,2,anchor3:2-3;3-4
32.695015,-0.618000,-1.427000,1.500000,-0.570658,-1.457172,1.697304,-0.659988,-1.470560,1.587345,-0.005685,-0.006794,0.015109,0.999847,-0.005230,0.000861,0.001354,0.000000,0.000000,-0.000000,0.205135,0.106252,16.821067,13.815511,2,1,0.000000,1,1.420511,3.084678,0,1,2,anchor3:2-3;3-4
32.711602,-0.609000,-1.431000,1.500000,-0.561769,-1.447283,1.798961,-0.624672,-1.462092,1.660164,-0.013949,0.018080,0.015191,0.999624,0.019173,0.014060,0.000816,-0.000000,-0.000000,-0.000001,0.303107,0.163905,4.538085,16.266236,3,0,0.000000,1,0.403832,1.066577,1,-1,2,anchor0:7-0;0-1
32.728207,-0.595000,-1.436000,1.500000,-0.654578,-1.464410,1.504328,-0.633975,-1.462897,1.621551,-0.014139,0.011371,0.014784,0.999726,0.015966,0.018789,-0.000491,-0.000000,-0.000000,0.000000,0.066146,0.130450,8.054756,16.266236,3,0,0.000000,1,0.785861,1.372366,1,-1,2,anchor3:2-3;3-4
32.744868,-0.586000,-1.440000,1.499000,-0.498714,-1.400106,1.847751,-0.605402,-1.449565,1.667121,-0.018553,0.021599,0.013836,0.999499,0.039690,0.033923,0.001866,-0.000002,-0.000001,-0.000003,0.361715,0.169507,11.003256,16.266236,3,0,0.000000,1,0.400334,1.057844,1,-1,2,anchor0:7-0;0-1
32.761489,-0.576000,-1.444000,1.499000,-0.532825,-1.487350,1.660411,-0.605402,-1.449565,1.667121,-0.018553,0.021599,0.013836,0.999499,0.039690,0.033923,0.001866,-0.000002,-0.000001,-0.000003,0.172618,0.170763,6.609273,13.815511,2,0,0.000000,1,1.455106,3.145603,0,1,2,anchor3:2-3;3-4
32.794691,-0.553000,-1.453000,1.499000,-0.429297,-1.379643,1.873806,-0.576606,-1.436765,1.702467,-0.018672,0.014900,0.014135,0.999615,0.045601,0.057508,0.012449,-0.000007,-0.000003,-0.000010,0.401452,0.205474,5.229013,16.266236,3,0,0.000000,1,0.397947,1.049417,1,-1,2,anchor0:7-0;0-1
32.811407,-0.542000,-1.457000,1.499000,-0.492696,-1.557146,1.517840,-0.561917,-1.454940,1.675170,-0.011161,0.022898,0.012119,0.999602,0.079723,0.040448,0.008705,-0.000010,0.000002,-0.000003,0.113204,0.177305,-1586177829037658.000000,20.515006,5,0,0.000000,1,0.370485,0.737917,1,-1,0,none
32.827982,-0.529000,-1.461000,1.499000,-0.534920,-1.435694,1.698647,-0.556847,-1.451725,1.678516,-0.012480,0.022964,0.012603,0.999579,0.087982,0.055412,0.012413,-0.000011,0.000001,-0.000004,0.201332,0.181899,6.180256,16.266236,3,0,0.000000,1,0.405659,1.057655,1,-1,2,anchor0:7-0;0-1
32.844582,-0.519000,-1.465000,1.499000,-0.450014,-1.406794,1.871529,-0.542638,-1.444997,1.700592,-0.015268,0.025192,0.013604,0.999473,0.108145,0.074121,0.019903,-0.000016,-0.000001,-0.000014,0.383308,0.203957,11.863504,16.266236,3,0,0.000000,1,0.398968,1.054026,1,-1,2,anchor0:7-0;0-1
32.861207,-0.506000,-1.469000,1.499000,-0.457559,-1.425501,1.688914,-0.530580,-1.441560,1.699159,-0.016602,0.030457,0.014111,0.999299,0.139960,0.084335,0.017819,-0.000020,-0.000001,-0.000014,0.200763,0.203521,10.115368,16.266236,3,0,0.000000,1,0.403885,1.047197,1,-1,2,anchor0:7-0;0-1
32.877861,-0.495000,-1.472000,1.498000,-0.460228,-1.366356,1.860920,-0.521388,-1.431507,1.714665,-0.021350,0.031448,0.015302,0.999160,0.153896,0.111469,0.024754,-0.000024,-0.000005,-0.000026,0.379579,0.221991,4.641460,16.266236,3,0,0.000000,1,0.398577,1.051194,1,-1,2,anchor0:7-0;0-1
32.894516,-0.485000,-1.475000,1.499000,-0.455456,-1.439399,1.831059,-0.513850,-1.430618,1.726441,-0.021286,0.030464,0.016456,0.999174,0.163153,0.115220,0.029557,-0.000028,-0.000004,-0.000035,0.335266,0.233520,3.965504,16.266236,3,0,0.000000,1,0.400670,1.055001,1,-1,2,anchor0:7-0;0-1
32.960973,-0.437000,-1.488000,1.498000,-0.821238,-1.483249,0.694098,-0.513850,-1.430618,1.726441,-0.021286,0.030464,0.016456,0.999174,0.163153,0.115220,0.029557,-0.000028,-0.000004,-0.000035,0.891022,0.247758,41.937598,13.815511,2,1,0.000000,1,1.620599,3.397483,0,1,2,anchor3:2-3;3-4
32.977689,-0.427000,-1.490000,1.498000,-0.626952,-1.462442,1.354389,-0.513850,-1.430618,1.726441,-0.021286,0.030464,0.016456,0.999174,0.163153,0.115220,0.029557,-0.000028,-0.000004,-0.000035,0.247718,0.251504,37.795271,16.266236,3,1,0.000000,1,0.779336,1.366552,0,-1,2,anchor3:2-3;3-4
32.994163,-0.416000,-1.492000,1.498000,-0.762546,-1.732615,1.218105,-0.540437,-1.474513,1.683172,0.012162,0.003201,0.013599,0.999828,0.023975,-0.078094,-0.025935,0.000007,0.000036,0.000073,0.506291,0.223783,22.338256,13.815511,2,1,0.000000,1,0.716902,1.035848,1,2,2,anchor0:7-0;0-1
33.027427,-0.392000,-1.498000,1.498000,-0.580033,-1.402331,1.315466,-0.540437,-1.474513,1.683172,0.012162,0.003201,0.013599,0.999828,0.023975,-0.078094,-0.025935,0.000007,0.000036,0.000073,0.278976,0.238482,51.479866,16.266236,3,1,0.000000,1,0.771511,1.368517,0,-1,2,anchor3:2-3;3-4
33.060689,-0.368000,-1.501000,1.497000,-0.473917,-1.558505,1.594309,-0.522626,-1.500420,1.675625,0.022122,0.012872,0.012168,0.999598,0.101250,-0.166384,-0.025332,-0.000003,0.000050,0.000098,0.154901,0.236255,4.696450,16.266236,3,0,0.000000,1,0.502400,1.244610,1,-1,2,anchor4:3-4;4-5
33.077258,-0.357000,-1.503000,1.497000,-0.322571,-1.484496,1.816426,-0.481209,-1.497687,1.686413,0.019635,0.031697,0.015076,0.999191,0.273497,-0.141840,-0.023590,-0.000031,0.000051,0.000053,0.321809,0.226569,2.955231,16.266236,3,0,0.000000,1,0.399407,1.041802,1,-1,2,anchor0:7-0;0-1
33.127198,-0.322000,-1.506000,1.497000,-0.285191,-1.495943,1.728859,-0.425383,-1.502297,1.688876,0.021566,0.047416,0.016800,0.998501,0.472501,-0.136802,-0.026321,-0.000060,0.000051,0.000036,0.234978,0.217986,9.768770,16.266236,3,0,0.000000,1,0.400875,1.033719,1,-1,2,anchor0:7-0;0-1
33.160401,-0.297000,-1.508000,1.497000,-0.288046,-1.574195,1.665719,-0.380261,-1.523076,1.688878,0.029547,0.055875,0.018304,0.997833,0.596126,-0.198711,-0.034439,-0.000073,0.000059,0.000046,0.181461,0.209707,8.728559,18.466827,4,0,0.000000,1,0.619434,0.811534,1,6,0,none
33.193693,-0.273000,-1.509000,1.497000,-0.462189,-1.463346,1.196924,-0.372022,-1.519752,1.645168,0.028587,0.052987,0.018516,0.998014,0.598461,-0.183552,-0.087055,-0.000048,0.000038,0.000268,0.357662,0.178535,12.060862,13.815511,2,0,0.000000,1,0.704375,1.267718,1,4,2,anchor3:2-3;3-4
33.210295,-0.262000,-1.511000,1.497000,-0.458090,-1.412627,1.188158,-0.372022,-1.519752,1.645168,0.028587,0.052987,0.018516,0.998014,0.598461,-0.183552,-0.087055,-0.000048,0.000038,0.000268,0.378830,0.184757,42.999047,16.266236,3,1,0.000000,1,0.774320,1.392588,0,-1,2,anchor3:2-3;3-4
33.226917,-0.251000,-1.510000,1.497000,-0.672004,-1.486521,0.710794,-0.372022,-1.519752,1.645168,0.028587,0.052987,0.018516,0.998014,0.598461,-0.183552,-0.087055,-0.000048,0.000038,0.000268,0.892141,0.191560,50.298717,13.815511,2,1,0.000000,1,1.585850,3.371547,0,1,2,anchor3:2-3;3-4
33.276785,-0.212000,-1.511000,1.497000,-0.621721,-1.451231,0.693223,-0.372022,-1.519752,1.645168,0.028587,0.052987,0.018516,0.998014,0.598461,-0.183552,-0.087055,-0.000048,0.000038,0.000268,0.904158,0.218260,38.772840,13.815511,2,1,0.000000,1,1.524646,3.267006,0,1,2,anchor3:2-3;3-4
33.293459,-0.202000,-1.511000,1.497000,-0.408915,-1.390694,1.145670,-0.319317,-1.500595,1.586261,0.024226,0.052583,0.013464,0.998232,0.680993,-0.109166,-0.151579,-0.000007,0.000003,0.000599,0.425112,0.147781,9.719706,13.815511,2,0,0.000000,1,0.690870,1.265834,1,4,2,anchor3:2-3;3-4
33.326694,-0.177000,-1.510000,1.497000,-0.176288,-1.474948,1.729333,-0.268354,-1.496246,1.594450,0.025407,0.058182,0.011765,0.997913,0.784700,-0.096652,-0.131199,-0.000047,-0.000003,0.000486,0.234964,0.134280,8.747052,16.266236,3,0,0.000000,1,0.398045,1.018833,1,-1,2,anchor0:7-0;0-1
33.343346,-0.166000,-1.510000,1.497000,-0.102319,-1.406157,1.881079,-0.228046,-1.476899,1.618694,0.022073,0.063336,0.012192,0.997674,0.872610,-0.030897,-0.101132,-0.000077,-0.000015,0.000284,0.402933,0.140552,0.869594,16.266236,3,0,0.000000,1,0.392031,1.012697,1,-1,2,anchor0:7-0;0-1
33.376533,-0.141000,-1.510000,1.497000,-0.513951,-1.475817,0.819880,-0.228046,-1.476899,1.618694,0.022073,0.063336,0.012192,0.997674,0.872610,-0.030897,-0.101132,-0.000077,-0.000015,0.000284,0.773791,0.153239,35.839558,13.815511,2,1,0.000000,1,1.523362,3.275428,0,1,2,anchor3:2-3;3-4
33.393261,-0.131000,-1.509000,1.497000,-0.513668,-1.497097,0.810361,-0.228046,-1.476899,1.618694,0.022073,0.063336,0.012192,0.997674,0.872610,-0.030897,-0.101132,-0.000077,-0.000015,0.000284,0.786162,0.158927,35.117798,13.815511,2,1,0.000000,1,1.553500,3.335472,0,1,2,anchor3:2-3;3-4
33.459663,-0.081000,-1.507000,1.497000,-0.040719,-1.416211,1.850374,-0.102001,-1.462486,1.633206,0.020298,0.062025,0.011968,0.997796,1.048381,-0.010488,-0.079495,-0.000095,-0.000032,0.000038,0.367067,0.144826,3.837642,16.266236,3,0,0.000000,1,0.391587,1.004131,1,-1,2,anchor0:7-0;0-1
33.559513,-0.011000,-1.503000,1.497000,-0.368956,-1.531333,0.766014,-0.102001,-1.462486,1.633206,0.020298,0.062025,0.011968,0.997796,1.048381,-0.010488,-0.079495,-0.000095,-0.000032,0.000038,0.814418,0.168744,29.489305,13.815511,2,1,0.000000,1,1.567456,3.396262,0,1,2,anchor3:2-3;3-4
33.576036,0.000000,-1.502000,1.497000,-0.007598,-1.632227,1.102172,0.030768,-1.524477,1.553519,0.032921,0.060714,0.009743,0.997565,1.200637,-0.195154,-0.165242,-0.000077,0.000023,0.000714,0.415819,0.068164,11.735873,13.815511,2,0,0.000000,1,0.500809,1.544843,1,3,2,anchor1:0-1;1-2
33.592608,0.013000,-1.501000,1.498000,-0.250357,-1.778059,1.041331,-0.020992,-1.599223,1.495097,0.043192,0.052374,0.010084,0.997642,1.051000,-0.385500,-0.227322,-0.000020,0.000054,0.001368,0.595538,0.103979,1.188840,13.815511,2,0,0.000000,1,0.713037,0.933922,1,2,2,anchor0:7-0;0-1
33.692424,0.077000,-1.496000,1.498000,-0.248732,-1.517975,0.810294,-0.020992,-1.599223,1.495097,0.043192,0.052374,0.010084,0.997642,1.051000,-0.385500,-0.227322,-0.000020,0.000054,0.001368,0.761265,0.142358,38.272186,13.815511,2,1,0.000000,1,1.515872,3.305005,0,1,2,anchor3:2-3;3-4
33.725609,0.100000,-1.494000,1.498000,0.068870,-1.515873,1.659619,0.102623,-1.607955,1.495650,0.035209,0.053752,0.008824,0.997894,1.120574,-0.363971,-0.206739,-0.000005,0.000024,0.001076,0.166037,0.114010,8.127670,18.466827,4,0,0.000000,1,0.475377,1.345823,1,5,0,none
33.742229,0.114000,-1.493000,1.498000,0.142300,-1.597440,1.809951,0.121968,-1.608501,1.533841,0.034218,0.054214,0.008391,0.997908,1.137306,-0.358109,-0.159511,-0.000002,0.000017,0.000608,0.330185,0.121197,7.277175,16.266236,3,0,0.000000,1,0.908850,1.643402,1,-1,2,anchor3:2-3;3-4
33.758978,0.124000,-1.491000,1.498000,0.096546,-1.540535,1.592557,0.121968,-1.608501,1.533841,0.034218,0.054214,0.008391,0.997908,1.137306,-0.358109,-0.159511,-0.000002,0.000017,0.000608,0.110220,0.122863,-2144523490172910.000000,20.515006,5,0,0.000000,1,9.562618,1.821450,0,-1,0,none
33.792121,0.147000,-1.489000,1.498000,0.155581,-1.658873,1.249656,0.176507,-1.635495,1.491039,0.034465,0.057117,0.009269,0.997729,1.184916,-0.402234,-0.199457,-0.000005,0.000027,0.001029,0.301007,0.149599,14.490057,13.815511,2,1,0.000000,1,0.495355,1.578083,1,3,2,anchor1:0-1;1-2
33.825383,0.167000,-1.487000,1.498000,0.210194,-1.428666,1.900163,0.210637,-1.599464,1.534973,0.028009,0.056225,0.007847,0.997994,1.197803,-0.314933,-0.142961,0.000007,-0.000014,0.000421,0.408661,0.126171,2.745081,16.266236,3,0,0.000000,1,0.391915,0.977508,1,-1,2,anchor0:7-0;0-1
33.842037,0.180000,-1.486000,1.498000,0.242995,-1.612285,1.766374,0.230929,-1.606176,1.558900,0.027636,0.055760,0.008099,0.998029,1.215435,-0.325005,-0.114230,0.000011,-0.000023,0.000097,0.303217,0.144030,3.543183,13.815511,2,0,0.000000,1,0.845783,1.535910,1,4,2,anchor3:2-3;3-4
33.858636,0.191000,-1.485000,1.498000,0.199003,-1.441252,1.788327,0.240850,-1.582588,1.581227,0.024181,0.054160,0.007568,0.998211,1.210387,-0.274591,-0.087878,0.000022,-0.000051,-0.000199,0.293714,0.137605,3.786240,16.266236,3,0,0.000000,1,0.393083,0.973159,1,-1,2,anchor0:7-0;0-1
33.875269,0.204000,-1.483000,1.498000,0.158460,-1.499370,1.638864,0.242712,-1.573929,1.585289,0.022327,0.051520,0.012004,0.998350,1.182885,-0.258509,-0.078084,-0.000011,-0.000048,-0.000282,0.148944,0.131856,2.842522,18.466827,4,0,0.000000,1,0.399385,1.057541,1,1,0,none
33.891840,0.214000,-1.482000,1.498000,0.225763,-1.511273,1.814302,0.257107,-1.569284,1.605782,0.020965,0.050690,0.011037,0.998433,1.184406,-0.247399,-0.055496,0.000014,-0.000087,-0.000557,0.317871,0.145237,6.402307,18.466827,4,0,0.000000,1,0.487706,1.354862,1,5,0,none
33.908528,0.224000,-1.481000,1.498000,0.097930,-1.547369,1.811051,0.252791,-1.570203,1.623398,0.020023,0.048332,0.011586,0.998563,1.153275,-0.250491,-0.030824,0.000040,-0.000098,-0.000781,0.343947,0.156559,1.998204,16.266236,3,0,0.000000,1,0.498151,1.250554,1,-1,2,anchor4:3-4;4-5
33.925210,0.238000,-1.479000,1.498000,0.270377,-1.477753,1.655769,0.271108,-1.561779,1.625047,0.017420,0.047694,0.010836,0.998651,1.162312,-0.223921,-0.029398,0.000041,-0.000110,-0.000834,0.161062,0.155208,12.796193,20.515006,5,0,0.000000,1,0.363265,0.718277,1,-1,0,none
33.941747,0.248000,-1.478000,1.498000,0.301055,-1.509099,1.620849,0.291008,-1.559042,1.624077,0.016770,0.047924,0.010337,0.998657,1.183573,-0.218113,-0.027609,0.000029,-0.000101,-0.000835,0.137382,0.155926,1.643474,18.466827,4,0,0.000000,1,0.525886,0.845224,1,2,0,none
33.958372,0.258000,-1.477000,1.498000,0.286884,-1.502994,1.682753,0.291008,-1.559042,1.624077,0.016770,0.047924,0.010337,0.998657,1.183573,-0.218113,-0.027609,0.000029,-0.000101,-0.000835,0.188795,0.154000,-1827273415655541.750000,20.515006,5,0,0.000000,1,0.417869,2.377936,0,-1,0,none
34.008228,0.291000,-1.472000,1.498000,0.313723,-1.524895,1.675659,0.362849,-1.567487,1.626813,0.015390,0.045932,0.010270,0.998773,1.221592,-0.223075,-0.023358,0.000043,-0.000112,-0.000906,0.186754,0.175707,5.791302,16.266236,3,0,0.000000,1,0.590519,1.047426,1,-1,2,anchor6:5-6;6-7
34.041492,0.314000,-1.469000,1.498000,0.309975,-1.485782,1.697492,0.390956,-1.563374,1.631811,0.013199,0.042237,0.010364,0.998967,1.222923,-0.209601,-0.017604,0.000065,-0.000134,-0.001001,0.200237,0.180926,-1427555655745051.000000,20.515006,5,0,0.000000,1,0.446125,0.792429,1,-1,0,none
34.091449,0.347000,-1.463000,1.498000,0.405244,-1.464751,1.844389,0.444439,-1.558918,1.648962,0.008060,0.040911,0.009536,0.999085,1.234671,-0.185332,0.001221,0.000092,-0.000181,-0.001350,0.351256,0.203677,3.720562,16.266236,3,0,0.000000,1,0.393951,0.952541,1,-1,2,anchor0:7-0;0-1
34.107942,0.360000,-1.461000,1.498000,0.443219,-1.506225,1.627491,0.461633,-1.554807,1.647601,0.006273,0.041037,0.009153,0.999096,1.240899,-0.174306,-0.000366,0.000095,-0.000192,-0.001308,0.160433,0.203739,6.432475,18.466827,4,0,0.000000,1,0.520911,0.839506,1,2,0,none
34.124641,0.370000,-1.459000,1.498000,0.369102,-1.655709,2.007053,0.467269,-1.569570,1.674905,0.006574,0.039856,0.010546,0.999128,1.217392,-0.199409,0.027158,0.000145,-0.000199,-0.001869,0.545738,0.230179,3.186342,13.815511,2,0,0.000000,1,0.931854,1.739104,1,3,2,anchor3:2-3;3-4
34.141230,0.380000,-1.457000,1.498000,0.374855,-1.486782,1.894896,0.474420,-1.562786,1.691318,0.005422,0.038641,0.008698,0.999201,1.198914,-0.180526,0.045350,0.000193,-0.000231,-0.002208,0.398045,0.239745,3.225030,18.466827,4,0,0.000000,1,0.491368,1.352747,1,5,0,none
34.157887,0.393000,-1.454000,1.498000,0.399747,-1.473136,1.588369,0.483442,-1.555416,1.684760,0.004368,0.037890,0.008436,0.999237,1.191253,-0.160542,0.041214,0.000202,-0.000242,-0.002034,0.092619,0.230964,12.839124,20.515006,5,0,0.000000,1,0.361464,0.719908,1,-1,0,none
34.174454,0.403000,-1.452000,1.498000,0.442789,-1.459340,1.610490,0.483442,-1.555416,1.684760,0.004368,0.037890,0.008436,0.999237,1.191253,-0.160542,0.041214,0.000202,-0.000242,-0.002034,0.119545,0.228134,-7334501806590439.000000,20.515006,5,0,0.000000,1,1.111252,-nan,0,-1,0,none
34.191101,0.416000,-1.449000,1.498000,0.451479,-1.509107,1.595113,0.515141,-1.555023,1.680160,0.003501,0.037316,0.008489,0.999261,1.191005,-0.149962,0.037927,0.000209,-0.000246,-0.001866,0.119593,0.232920,12.543886,20.515006,5,0,0.000000,1,0.360958,0.721903,1,-1,0,none
34.224363,0.435000,-1.444000,1.498000,0.511761,-1.517671,1.631319,0.549304,-1.555104,1.678111,0.002968,0.037289,0.008244,0.999266,1.203001,-0.141101,0.039582,0.000215,-0.000253,-0.001770,0.170569,0.240520,6.700901,18.466827,4,0,0.000000,1,0.518041,0.837419,1,2,0,none
34.240938,0.448000,-1.441000,1.499000,0.497799,-1.450516,1.691894,0.561018,-1.546010,1.679673,0.001451,0.036622,0.007836,0.999297,1.197094,-0.121186,0.040414,0.000234,-0.000282,-0.001781,0.199446,0.237577,-310889539843588.250000,20.515006,5,0,0.000000,1,0.496906,0.982029,1,-1,0,none
34.274216,0.467000,-1.436000,1.499000,0.535649,-1.454471,1.707125,0.593970,-1.539576,1.682635,-0.000948,0.034792,0.007094,0.999369,1.206164,-0.099740,0.039991,0.000255,-0.000310,-0.001818,0.219932,0.246112,-3316170607896004.500000,20.515006,5,0,0.000000,1,0.450792,0.881175,1,-1,0,none
34.324095,0.503000,-1.426000,1.499000,0.677584,-1.519546,1.809066,0.593970,-1.539576,1.682635,-0.000948,0.034792,0.007094,0.999369,1.206164,-0.099740,0.039991,0.000255,-0.000310,-0.001818,0.367928,0.234301,4.624558,13.815511,2,0,0.000000,1,1.039992,1.783187,0,2,2,anchor3:2-3;3-4
34.357383,0.522000,-1.420000,1.499000,0.568901,-1.482140,1.786053,0.679503,-1.539474,1.693481,-0.005488,0.030568,0.006968,0.999493,1.225924,-0.078709,0.043219,0.000315,-0.000346,-0.002026,0.297423,0.277316,3.605229,18.466827,4,0,0.000000,1,0.480170,1.330620,1,5,0,none
34.390609,0.544000,-1.413000,1.499000,0.575890,-1.441961,1.770297,0.701032,-1.528935,1.700220,-0.007166,0.028658,0.006087,0.999545,1.209097,-0.045202,0.047787,0.000384,-0.000396,-0.002187,0.274696,0.280339,-12283374017587452.000000,20.515006,5,0,0.000000,1,0.400821,0.797539,1,-1,0,none
34.423881,0.566000,-1.405000,1.499000,0.600977,-1.433932,1.632420,0.723377,-1.517753,1.696798,-0.007467,0.027208,0.006116,0.999583,1.189034,-0.013490,0.045866,0.000430,-0.000427,-0.001991,0.140930,0.276776,-6141692771975023.000000,20.515006,5,0,0.000000,1,0.691417,0.919223,1,-1,0,none
34.440464,0.576000,-1.401000,1.499000,0.612273,-1.392351,1.730234,0.727838,-1.502846,1.698834,-0.007904,0.025727,0.005384,0.999623,1.167890,0.021065,0.046279,0.000501,-0.000491,-0.002086,0.234222,0.270852,4.196514,18.466827,4,0,0.000000,1,0.386499,0.742544,1,0,0,none
34.457023,0.585000,-1.397000,1.499000,0.608067,-1.414308,1.667826,0.731507,-1.493854,1.699624,-0.007624,0.024246,0.007028,0.999652,1.147382,0.040468,0.044783,0.000587,-0.000555,-0.001935,0.171272,0.266636,5.037940,20.515006,5,0,0.000000,1,0.364578,0.728467,1,-1,0,none
34.473686,0.595000,-1.394000,1.499000,0.591661,-1.400857,1.670430,0.731507,-1.493854,1.699624,-0.007624,0.024246,0.007028,0.999652,1.147382,0.040468,0.044783,0.000587,-0.000555,-0.001935,0.171600,0.262402,-1535423525485086.000000,20.515006,5,0,0.000000,1,0.662406,-nan,0,-1,0,none
34.490331,0.607000,-1.389000,1.499000,0.626758,-1.398557,1.617167,0.753503,-1.481842,1.697166,-0.007283,0.022791,0.007327,0.999687,1.130569,0.063759,0.048055,0.000630,-0.000583,-0.001657,0.120188,0.263348,10.085172,20.515006,5,0,0.000000,1,0.364051,0.726426,1,-1,0,none
34.523537,0.629000,-1.379000,1.498000,0.733291,-1.472848,1.850234,0.783599,-1.479134,1.708720,-0.008046,0.022873,0.007746,0.999676,1.126459,0.069891,0.055457,0.000679,-0.000605,-0.002047,0.379148,0.279876,15.028038,16.266236,3,0,0.000000,1,0.978607,1.797881,1,-1,2,anchor3:2-3;3-4
34.556825,0.647000,-1.371000,1.498000,0.606852,-1.419892,1.700784,0.797009,-1.470757,1.711726,-0.008993,0.021352,0.008215,0.999698,1.096465,0.086464,0.050813,0.000789,-0.000641,-0.001960,0.212423,0.279523,3.349167,18.466827,4,0,0.000000,1,0.467844,1.310528,1,5,0,none
34.573456,0.660000,-1.366000,1.498000,0.676925,-1.377389,1.716040,0.799944,-1.458886,1.712469,-0.009658,0.019419,0.006405,0.999744,1.074894,0.113097,0.057838,0.000840,-0.000669,-0.002029,0.218992,0.272413,-17156093614737972.000000,20.515006,5,0,0.000000,1,0.591125,0.883151,1,-1,0,none
34.590069,0.669000,-1.362000,1.498000,0.695459,-1.379674,1.687759,0.804065,-1.448909,1.710039,-0.010100,0.018051,0.006478,0.999765,1.055033,0.130582,0.052265,0.000883,-0.000697,-0.002084,0.192408,0.266001,10.248283,20.515006,5,0,0.000000,1,0.366291,0.730359,1,-1,0,none
34.606652,0.678000,-1.357000,1.498000,0.683807,-1.345216,1.744336,0.807583,-1.437176,1.713447,-0.010902,0.016980,0.006126,0.999778,1.030446,0.150983,0.056446,0.000943,-0.000742,-0.002057,0.246686,0.263889,-203032851374587.875000,20.515006,5,0,0.000000,1,0.706471,1.176867,1,-1,0,none
34.623293,0.690000,-1.351000,1.498000,0.759784,-1.450273,1.882175,0.817806,-1.435960,1.723474,-0.010689,0.016103,0.005880,0.999796,1.022387,0.152412,0.069423,0.000998,-0.000754,-0.002619,0.402884,0.272747,12.432883,16.266236,3,0,0.000000,1,0.982880,1.805703,1,-1,2,anchor3:2-3;3-4
34.639976,0.699000,-1.347000,1.498000,0.741741,-1.385621,1.698408,0.826081,-1.428996,1.723135,-0.010941,0.014865,0.005665,0.999814,1.010670,0.164838,0.071479,0.001031,-0.000770,-0.002545,0.208523,0.271217,-2144505676707960.000000,20.515006,5,0,0.000000,1,0.736026,0.780685,1,-1,0,none
34.673156,0.721000,-1.336000,1.498000,0.787158,-1.453004,1.752524,0.852073,-1.426556,1.727471,-0.010789,0.014181,0.006491,0.999820,1.004142,0.162460,0.076609,0.001061,-0.000759,-0.002608,0.287835,0.279352,5.771842,16.266236,3,0,0.000000,1,0.971178,1.793885,1,-1,2,anchor3:2-3;3-4
34.706479,0.742000,-1.325000,1.498000,0.778237,-1.323404,1.605032,0.875125,-1.411505,1.722529,-0.012373,0.011994,0.005898,0.999834,0.998290,0.186552,0.069114,0.001090,-0.000791,-0.002252,0.113011,0.274989,3.086958,18.466827,4,0,0.000000,1,0.527600,0.807393,1,2,0,none
34.723069,0.751000,-1.320000,1.498000,0.798195,-1.432185,1.832129,0.882722,-1.410664,1.730005,-0.012319,0.009972,0.005836,0.999857,0.984406,0.189049,0.077321,0.001142,-0.000786,-0.002552,0.355605,0.281775,4.588255,16.266236,3,0,0.000000,1,0.979387,1.804347,1,-1,2,anchor3:2-3;3-4
34.739687,0.760000,-1.315000,1.498000,0.736636,-1.349791,1.730828,0.883683,-1.402798,1.730823,-0.012989,0.008091,0.006265,0.999863,0.954448,0.200935,0.075244,0.001224,-0.000819,-0.002577,0.236569,0.277871,-2798019823201344.500000,20.515006,5,0,0.000000,1,0.579434,0.842914,1,-1,0,none
34.756246,0.772000,-1.308000,1.498000,0.774960,-1.347628,1.749627,0.888051,-1.395062,1.733931,-0.014065,0.007013,0.006469,0.999856,0.930488,0.214311,0.076026,0.001277,-0.000842,-0.002547,0.254745,0.276968,7.871134,18.466827,4,0,0.000000,1,0.463023,1.288599,1,5,0,none
34.806228,0.801000,-1.291000,1.498000,0.797943,-1.289378,1.699795,0.921707,-1.374912,1.735118,-0.014561,0.004173,0.005692,0.999869,0.915709,0.240670,0.073175,0.001341,-0.000887,-0.002459,0.201824,0.278992,4.346771,20.515006,5,0,0.000000,1,0.368896,0.730000,1,-1,0,none
34.822798,0.811000,-1.286000,1.498000,0.804752,-1.293781,1.639692,0.924387,-1.364033,1.731781,-0.015029,0.002652,0.005286,0.999870,0.888880,0.257118,0.067359,0.001387,-0.000913,-0.002003,0.142043,0.271292,4.052306,18.466827,4,0,0.000000,1,0.533745,0.917427,1,7,0,none
34.839404,0.822000,-1.278000,1.497000,0.855386,-1.323749,1.700349,0.931263,-1.356636,1.730980,-0.015043,0.001641,0.005352,0.999871,0.874126,0.267637,0.067186,0.001423,-0.000926,-0.001896,0.211088,0.269942,3.242270,18.466827,4,0,0.000000,1,0.526215,0.805936,1,2,0,none
34.856107,0.831000,-1.273000,1.497000,0.818534,-1.359874,1.790959,0.934548,-1.352981,1.735249,-0.014730,0.000548,0.005674,0.999875,0.857087,0.269465,0.074882,0.001494,-0.000927,-0.002074,0.306781,0.271812,9.924878,16.266236,3,0,0.000000,1,0.963704,1.786247,1,-1,2,anchor3:2-3;3-4
34.872674,0.839000,-1.267000,1.497000,0.832467,-1.283464,1.647426,0.934548,-1.352981,1.735249,-0.014730,0.000548,0.005674,0.999875,0.857087,0.269465,0.074882,0.001494,-0.000927,-0.002074,0.151466,0.270712,-1027846192992759.500000,20.515006,5,0,0.000000,1,0.844791,2.741782,0,-1,0,none
34.972361,0.871000,-1.246000,1.497000,0.866543,-1.275714,1.661412,1.013371,-1.314514,1.738342,-0.016332,-0.004250,0.005884,0.999840,0.811295,0.307872,0.073114,0.001597,-0.000952,-0.001865,0.167135,0.288461,3.028025,18.466827,4,0,0.000000,1,0.449954,1.262489,1,5,0,none
35.022315,0.924000,-1.208000,1.498000,0.912880,-1.253095,1.496127,1.013371,-1.314514,1.738342,-0.016332,-0.004250,0.005884,0.999840,0.811295,0.307872,0.073114,0.001597,-0.000952,-0.001865,0.046483,0.277663,-203029627215870.000000,20.515006,5,0,0.000000,1,2.687889,-nan,0,-1,0,none
35.038863,0.934000,-1.200000,1.498000,0.974910,-1.201405,1.555829,1.054133,-1.280750,1.730254,-0.016066,-0.006967,0.005827,0.999830,0.779473,0.350168,0.059651,0.001624,-0.001005,-0.001036,0.070850,0.273669,2.231128,18.466827,4,0,0.000000,1,0.537270,0.784261,1,2,0,none
35.055497,0.942000,-1.194000,1.498000,0.912269,-1.202253,1.518736,1.047534,-1.265875,1.717642,-0.018459,-0.007479,0.006107,0.999783,0.734832,0.362629,0.042532,0.001703,-0.001042,-0.000110,0.037175,0.254059,9.063386,20.515006,5,0,0.000000,1,0.368394,0.727966,1,-1,0,none
35.072194,0.953000,-1.185000,1.498000,0.926232,-1.186068,1.620058,1.043934,-1.251314,1.712278,-0.021355,-0.007534,0.006172,0.999725,0.702066,0.385090,0.035414,0.001785,-0.001087,0.000277,0.124963,0.242036,7.464643,20.515006,5,0,0.000000,1,0.370527,0.730193,1,-1,0,none
35.088822,0.961000,-1.179000,1.498000,0.956687,-1.202125,1.657525,1.044686,-1.240176,1.709361,-0.022667,-0.007658,0.006265,0.999694,0.683316,0.405441,0.034984,0.001845,-0.001113,0.000494,0.161250,0.235413,-513923096496375.000000,20.515006,5,0,0.000000,1,0.469121,0.739160,1,-1,0,none
35.105418,0.969000,-1.172000,1.498000,0.975939,-1.140547,1.566867,1.047052,-1.223889,1.699965,-0.023601,-0.008107,0.006305,0.999669,0.666716,0.432508,0.027414,0.001874,-0.001160,0.000923,0.076027,0.222653,-3070837297898491.000000,20.515006,5,0,0.000000,1,0.432952,0.776329,1,-1,0,none
35.205156,1.024000,-1.124000,1.499000,1.044822,-1.101036,1.561717,1.103286,-1.168484,1.692124,-0.030140,-0.005778,0.005873,0.999512,0.632077,0.499948,0.010214,0.001895,-0.001207,0.001586,0.069959,0.213452,12.730692,20.515006,5,0,0.000000,1,0.372521,0.730485,1,-1,0,none
35.238405,1.040000,-1.109000,1.499000,1.054015,-1.115883,1.651129,1.115171,-1.147048,1.689180,-0.029062,-0.007329,0.006633,0.999529,0.611445,0.522189,0.002620,0.001942,-0.001232,0.001767,0.152928,0.208007,6.033052,18.466827,4,0,0.000000,1,0.434911,1.219200,1,5,0,none
35.271611,1.058000,-1.092000,1.498000,1.050003,-1.098961,1.435198,1.124028,-1.125321,1.672487,-0.027825,-0.009813,0.006342,0.999545,0.590166,0.544478,-0.010559,0.001960,-0.001234,0.003042,0.063690,0.189514,0.952710,18.466827,4,0,0.000000,1,0.547335,0.768079,1,2,0,none
35.304948,1.074000,-1.077000,1.498000,1.047366,-1.084282,1.530075,1.131387,-1.103907,1.662337,-0.026803,-0.012845,0.006978,0.999534,0.557963,0.565760,-0.020770,0.001999,-0.001236,0.003751,0.042323,0.176136,-4889655767039994.000000,20.515006,5,0,0.000000,1,0.482865,0.953315,1,-1,0,none
35.321490,1.085000,-1.068000,1.498000,1.137376,-1.061675,1.514760,1.139497,-1.090794,1.652384,-0.027041,-0.014163,0.007083,0.999509,0.550527,0.580738,-0.029463,0.001963,-0.001243,0.004471,0.055355,0.165299,-6712715250892792.000000,20.515006,5,0,0.000000,1,0.984427,1.127938,1,-1,0,none
35.338118,1.092000,-1.059000,1.498000,1.082424,-1.012002,1.541831,1.141239,-1.073842,1.644863,-0.027507,-0.016649,0.007253,0.999457,0.537984,0.599591,-0.037811,0.001991,-0.001280,0.005013,0.064975,0.155606,-3965456663184377.500000,20.515006,5,0,0.000000,1,0.540633,1.013261,1,-1,0,none
35.354737,1.102000,-1.048000,1.498000,1.099958,-1.062434,1.538927,1.144310,-1.063569,1.638799,-0.027567,-0.018821,0.007400,0.999415,0.524347,0.605276,-0.040591,0.001996,-0.001269,0.005549,0.043446,0.147840,-7334494612688891.000000,20.515006,5,0,0.000000,1,0.525478,0.927934,1,-1,0,none
35.371456,1.110000,-1.040000,1.498000,1.095371,-1.021367,1.528905,1.147121,-1.050266,1.631477,-0.027998,-0.021233,0.007447,0.999355,0.507267,0.619365,-0.046733,0.002009,-0.001279,0.006038,0.038940,0.138922,5.327347,20.515006,5,0,0.000000,1,0.373723,0.729765,1,-1,0,none
35.387996,1.119000,-1.033000,1.498000,1.105185,-1.026101,1.583246,1.150480,-1.038534,1.627882,-0.027742,-0.023998,0.007175,0.999301,0.487973,0.630678,-0.050592,0.002022,-0.001280,0.006229,0.086634,0.133757,8.500413,20.515006,5,0,0.000000,1,0.374783,0.730951,1,-1,0,none
35.404588,1.128000,-1.022000,1.499000,1.131718,-1.008166,1.501928,1.155580,-1.026393,1.619966,-0.027068,-0.026021,0.006780,0.999272,0.470473,0.645921,-0.058789,0.002011,-0.001280,0.006778,0.014621,0.124148,1.838340,18.466827,4,0,0.000000,1,0.554944,0.754543,1,2,0,none
35.421219,1.136000,-1.013000,1.499000,1.100345,-0.987397,1.540887,1.157529,-1.013375,1.614478,-0.026587,-0.028101,0.006744,0.999229,0.449780,0.656169,-0.064682,0.002034,-0.001291,0.007096,0.060674,0.117468,4.314360,20.515006,5,0,0.000000,1,0.374300,0.729550,1,-1,0,none
35.437862,1.143000,-1.005000,1.499000,1.164012,-1.049326,1.737254,1.164857,-1.006807,1.620173,-0.025034,-0.029246,0.006980,0.999234,0.443158,0.655527,-0.055036,0.002060,-0.001276,0.006570,0.243252,0.123142,5.680093,16.266236,3,0,0.000000,1,0.959009,1.794723,1,-1,2,anchor3:2-3;3-4
35.454511,1.153000,-0.994000,1.499000,1.143230,-0.963896,1.626947,1.169742,-0.993326,1.619594,-0.024126,-0.030656,0.007008,0.999214,0.431642,0.663244,-0.054214,0.002078,-0.001295,0.006526,0.131804,0.121752,-101515458438140.000000,20.515006,5,0,0.000000,1,0.871044,1.060178,1,-1,0,none
35.471100,1.160000,-0.985000,1.499000,1.127989,-0.996908,1.532352,1.172453,-0.983899,1.614322,-0.022955,-0.032035,0.007208,0.999197,0.414509,0.668339,-0.060306,0.002087,-0.001280,0.006899,0.047738,0.115997,-2537886460953592.000000,20.515006,5,0,0.000000,1,0.461731,1.182473,1,-1,0,none
35.487698,1.169000,-0.974000,1.499000,1.157574,-0.970543,1.593639,1.177263,-0.972944,1.612320,-0.022096,-0.032877,0.007203,0.999189,0.397991,0.676331,-0.063447,0.002094,-0.001280,0.006978,0.095389,0.113626,-67677832069799.000000,20.515006,5,0,0.000000,1,0.500178,0.951136,1,-1,0,none
35.504360,1.177000,-0.966000,1.499000,1.224944,-1.047391,1.842148,1.187019,-0.968845,1.622903,-0.020906,-0.033029,0.007618,0.999207,0.391050,0.666848,-0.052797,0.002116,-0.001252,0.006039,0.355913,0.124340,4.715105,16.266236,3,0,0.000000,1,0.983502,1.826270,1,-1,2,anchor3:2-3;3-4
35.521101,1.183000,-0.957000,1.499000,1.146896,-0.937997,1.544688,1.189752,-0.956282,1.618182,-0.020739,-0.033758,0.007802,0.999184,0.374506,0.671876,-0.057311,0.002126,-0.001258,0.006349,0.061254,0.119375,4.632848,20.515006,5,0,0.000000,1,0.375734,0.729384,1,-1,0,none
35.537624,1.192000,-0.946000,1.499000,1.192525,-0.936342,1.598197,1.195270,-0.945113,1.616355,-0.020978,-0.034166,0.007817,0.999165,0.366063,0.674033,-0.059542,0.002125,-0.001262,0.006425,0.099667,0.117404,-1833618172109820.500000,20.515006,5,0,0.000000,1,0.618778,1.717596,1,-1,0,none
35.554210,1.200000,-0.938000,1.499000,1.200061,-0.939262,1.512002,1.200827,-0.934640,1.610475,-0.021182,-0.035242,0.007691,0.999125,0.355540,0.676367,-0.066009,0.002110,-0.001254,0.006803,0.013063,0.111529,4.629324,18.466827,4,0,0.000000,1,0.561702,0.742985,1,2,0,none
35.570883,1.208000,-0.926000,1.499000,1.174708,-0.928112,1.593792,1.204187,-0.924065,1.608154,-0.021424,-0.036388,0.007541,0.999080,0.336409,0.678352,-0.070451,0.002122,-0.001250,0.006802,0.100490,0.109238,7.710973,20.515006,5,0,0.000000,1,0.377222,0.730480,1,-1,0,none
35.587534,1.215000,-0.917000,1.499000,1.211234,-0.931216,1.545977,1.209619,-0.914177,1.604213,-0.021639,-0.036967,0.007166,0.999056,0.323425,0.681747,-0.073676,0.002111,-0.001237,0.007056,0.049225,0.105388,1.855161,18.466827,4,0,0.000000,1,0.562316,0.742009,1,2,0,none
35.604132,1.221000,-0.908000,1.499000,1.191195,-0.890706,1.573879,1.213028,-0.901924,1.602186,-0.021812,-0.037446,0.007073,0.999036,0.309736,0.689116,-0.070698,0.002113,-0.001239,0.007223,0.082428,0.103672,-767708437832697.750000,20.515006,5,0,0.000000,1,0.483801,1.130321,1,-1,0,none
35.620713,1.229000,-0.897000,1.499000,1.155026,-0.910224,1.539345,1.213425,-0.892316,1.598226,-0.021194,-0.037899,0.007355,0.999030,0.289755,0.691599,-0.073122,0.002136,-0.001228,0.007464,0.085292,0.100550,1.758097,18.466827,4,0,0.000000,1,0.417479,1.171068,1,5,0,none
35.637414,1.235000,-0.888000,1.499000,1.213438,-0.873360,1.618901,1.217694,-0.880686,1.598000,-0.020866,-0.037543,0.007483,0.999049,0.276703,0.695278,-0.073617,0.002142,-0.001233,0.007372,0.122700,0.100767,1.557822,20.515006,5,0,0.000000,1,0.378878,0.730360,1,-1,0,none
35.653984,1.241000,-0.880000,1.499000,1.279895,-0.935561,1.719640,1.226125,-0.874064,1.602339,-0.020054,-0.037046,0.007621,0.999083,0.272974,0.690867,-0.066440,0.002131,-0.001203,0.006898,0.230829,0.104572,5.217588,16.266236,3,0,0.000000,1,0.957079,1.791889,1,-1,2,anchor3:2-3;3-4
35.670626,1.249000,-0.869000,1.499000,1.176975,-0.882209,1.506801,1.226805,-0.863880,1.597134,-0.019542,-0.037524,0.007454,0.999077,0.256633,0.695246,-0.067003,0.002144,-0.001192,0.007278,0.073640,0.100742,1.465790,20.515006,5,0,0.000000,1,0.376214,0.728014,1,-1,0,none
35.687281,1.255000,-0.860000,1.499000,1.260747,-0.809233,1.581007,1.232988,-0.849346,1.595394,-0.019034,-0.037006,0.007545,0.999105,0.250954,0.707985,-0.064582,0.002127,-0.001212,0.007336,0.096620,0.099448,3.460532,18.466827,4,0,0.000000,1,0.405041,0.829796,1,4,0,none
35.703774,1.261000,-0.851000,1.499000,1.308882,-0.940969,1.738012,1.241826,-0.845102,1.600685,-0.017364,-0.036058,0.008039,0.999166,0.250049,0.698373,-0.057510,0.002109,-0.001164,0.006786,0.259834,0.103645,5.972447,16.266236,3,0,0.000000,1,0.965746,1.803734,1,-1,2,anchor3:2-3;3-4
35.720504,1.266000,-0.841000,1.499000,1.261542,-0.812410,1.515085,1.246735,-0.832276,1.596151,-0.016998,-0.036108,0.007663,0.999174,0.240599,0.702955,-0.063816,0.002090,-0.001173,0.007134,0.033106,0.099426,2.591374,18.466827,4,0,0.000000,1,0.573260,0.723884,1,2,0,none
35.737080,1.274000,-0.830000,1.499000,1.255624,-0.802154,1.533748,1.250853,-0.819466,1.592530,-0.017016,-0.036245,0.007606,0.999169,0.231310,0.712078,-0.065268,0.002080,-0.001182,0.007385,0.048171,0.096925,5.627666,18.466827,4,0,0.000000,1,0.413348,0.679660,1,0,0,none
35.753719,1.279000,-0.821000,1.499000,1.239829,-0.787542,1.605731,1.250853,-0.819466,1.592530,-0.017016,-0.036245,0.007606,0.999169,0.231310,0.712078,-0.065268,0.002080,-0.001182,0.007385,0.118513,0.097685,-2487126474825725.000000,20.515006,5,0,0.000000,1,0.498441,2.322950,0,-1,0,none
35.770282,1.285000,-0.813000,1.499000,1.259667,-0.829180,1.551109,1.258164,-0.798460,1.588768,-0.017568,-0.037504,0.007643,0.999113,0.214783,0.717533,-0.068097,0.002074,-0.001164,0.007564,0.060157,0.094815,2.112222,18.466827,4,0,0.000000,1,0.404341,0.830631,1,4,0,none
35.786931,1.292000,-0.800000,1.499000,1.281661,-0.771966,1.522347,1.262841,-0.785762,1.584857,-0.018084,-0.038478,0.007349,0.999069,0.204239,0.726126,-0.075296,0.002056,-0.001171,0.007850,0.037920,0.091784,2.329242,20.515006,5,0,0.000000,1,0.459292,0.731388,1,-1,0,none
35.803615,1.297000,-0.791000,1.499000,1.308963,-0.882945,1.728284,1.269163,-0.781549,1.589892,-0.017436,-0.038861,0.007580,0.999064,0.194603,0.715506,-0.072125,0.002048,-0.001114,0.007259,0.247322,0.095528,4.274381,16.266236,3,0,0.000000,1,0.954061,1.785739,1,-1,2,anchor3:2-3;3-4
35.820230,1.304000,-0.780000,1.499000,1.293515,-0.784399,1.566880,1.273677,-0.770660,1.587812,-0.018007,-0.038907,0.007820,0.999050,0.182917,0.720829,-0.073359,0.002034,-0.001106,0.007364,0.068826,0.094310,-12283377564160012.000000,20.515006,5,0,0.000000,1,0.528012,0.985476,1,-1,0,none
35.836802,1.309000,-0.771000,1.499000,1.277591,-0.760449,1.480261,1.273677,-0.770660,1.587812,-0.018007,-0.038907,0.007820,0.999050,0.182917,0.720829,-0.073359,0.002034,-0.001106,0.007364,0.038066,0.095579,-7930897205577727.000000,20.515006,5,0,0.000000,1,1.386116,1.423021,0,-1,0,none
35.853463,1.315000,-0.760000,1.498000,1.390736,-0.867815,1.726015,1.287688,-0.755994,1.592038,-0.018572,-0.038425,0.008084,0.999056,0.182797,0.713018,-0.061548,0.001987,-0.001038,0.006836,0.263345,0.098005,4.059782,16.266236,3,0,0.000000,1,0.966238,1.802803,1,-1,2,anchor3:2-3;3-4
35.870117,1.320000,-0.751000,1.498000,1.338137,-0.809590,1.700553,1.294100,-0.749162,1.595854,-0.018545,-0.038170,0.007826,0.999069,0.176835,0.709153,-0.058555,0.001969,-0.001000,0.006367,0.211635,0.101240,5.538619,16.266236,3,0,0.000000,1,0.942991,1.768540,1,-1,2,anchor3:2-3;3-4
35.886823,1.324000,-0.742000,1.499000,1.314755,-0.740515,1.405202,1.294100,-0.749162,1.595854,-0.018545,-0.038170,0.007826,0.999069,0.176835,0.709153,-0.058555,0.001969,-0.001000,0.006367,0.094264,0.101616,-812123667505150.125000,20.515006,5,0,0.000000,1,1.746073,0.655340,0,-1,0,none
35.903327,1.331000,-0.730000,1.498000,1.287087,-0.700950,1.515520,1.294100,-0.749162,1.595854,-0.018545,-0.038170,0.007826,0.999069,0.176835,0.709153,-0.058555,0.001969,-0.001000,0.006367,0.055491,0.106321,-48778147794880528.000000,20.515006,5,0,0.000000,1,0.759839,6.557489,0,-1,0,none
35.919949,1.335000,-0.721000,1.498000,1.342376,-0.730769,1.559839,1.305083,-0.715282,1.591453,-0.018481,-0.038249,0.007676,0.999068,0.145735,0.720785,-0.060438,0.001943,-0.000991,0.006550,0.063039,0.098291,0.467361,18.466827,4,0,0.000000,1,0.593867,1.132249,1,3,0,none
35.936568,1.341000,-0.709000,1.498000,1.316104,-0.697252,1.482921,1.307895,-0.703054,1.585612,-0.018880,-0.037459,0.008023,0.999088,0.134709,0.726088,-0.065773,0.001931,-0.001000,0.007085,0.031388,0.093846,4.465688,20.515006,5,0,0.000000,1,0.459231,0.729177,1,-1,0,none
35.953210,1.345000,-0.700000,1.498000,1.312666,-0.707130,1.491310,1.310092,-0.692349,1.580362,-0.018911,-0.037254,0.008033,0.999095,0.123326,0.727510,-0.070334,0.001925,-0.000995,0.007550,0.033780,0.089780,-57102324465662.375000,20.515006,5,0,0.000000,1,0.468588,0.677929,1,-1,0,none
35.969845,1.349000,-0.691000,1.498000,1.325823,-0.667843,1.537916,1.313027,-0.679284,1.577381,-0.018582,-0.036805,0.007910,0.999118,0.112072,0.735307,-0.069927,0.001915,-0.001004,0.007755,0.051640,0.087936,8.909076,20.515006,5,0,0.000000,1,0.459669,0.730384,1,-1,0,none
35.986454,1.354000,-0.679000,1.498000,1.342254,-0.657941,1.444271,1.316662,-0.666841,1.570475,-0.018150,-0.036550,0.008142,0.999134,0.110178,0.739307,-0.072910,0.001895,-0.001017,0.008378,0.058892,0.082429,1.877194,20.515006,5,0,0.000000,1,0.459194,0.727508,1,-1,0,none
36.003089,1.358000,-0.670000,1.498000,1.318242,-0.670114,1.448184,1.318219,-0.656029,1.564032,-0.017626,-0.036220,0.008335,0.999154,0.101600,0.738975,-0.077848,0.001890,-0.001014,0.008973,0.063737,0.078345,-6141681688936441.000000,20.515006,5,0,0.000000,1,0.642894,1.450184,1,-1,0,none
36.019706,1.362000,-0.660000,1.498000,1.361038,-0.712315,1.604506,1.322826,-0.649081,1.564659,-0.017400,-0.035687,0.008271,0.999177,0.094067,0.729273,-0.077862,0.001869,-0.000974,0.008800,0.118664,0.078084,6.486004,16.266236,3,0,0.000000,1,0.919041,1.734341,1,-1,2,anchor3:2-3;3-4
36.036324,1.366000,-0.651000,1.498000,1.346531,-0.606023,1.437079,1.325772,-0.634750,1.557942,-0.018201,-0.035523,0.008445,0.999167,0.088207,0.734696,-0.083758,0.001853,-0.000999,0.009414,0.078188,0.073996,1.234579,20.515006,5,0,0.000000,1,0.459208,0.726018,1,-1,0,none
36.052956,1.371000,-0.639000,1.499000,1.373232,-0.649395,1.355749,1.330169,-0.624954,1.548099,-0.018525,-0.035802,0.008456,0.999151,0.086216,0.732068,-0.093967,0.001823,-0.000996,0.010409,0.143645,0.065384,5.328879,18.466827,4,0,0.000000,1,0.590749,0.693414,1,2,0,none
36.069523,1.374000,-0.630000,1.498000,1.374148,-0.602775,1.396580,1.334345,-0.612455,1.540282,-0.019044,-0.036508,0.008445,0.999116,0.084125,0.735954,-0.101256,0.001797,-0.001011,0.011146,0.105010,0.060564,3.844660,20.515006,5,0,0.000000,1,0.459224,0.725260,1,-1,0,none
36.086216,1.379000,-0.617000,1.498000,1.367949,-0.607829,1.496109,1.337835,-0.601010,1.536874,-0.019367,-0.037083,0.008407,0.999089,0.077239,0.737295,-0.104938,0.001779,-0.001009,0.011365,0.014485,0.058833,-16919243073022.000000,20.515006,5,0,0.000000,1,0.395468,0.732889,1,-1,0,none
36.102819,1.383000,-0.608000,1.499000,1.404653,-0.564213,1.528124,1.343533,-0.587184,1.534891,-0.019888,-0.036717,0.008828,0.999089,0.072090,0.744052,-0.107152,0.001743,-0.001023,0.011416,0.056871,0.057264,2.400670,18.466827,4,0,0.000000,1,0.420917,0.686770,1,0,0,none
36.119440,1.385000,-0.599000,1.499000,1.374012,-0.587076,1.404431,1.346525,-0.575593,1.527780,-0.020773,-0.036404,0.008916,0.999081,0.064115,0.743642,-0.112434,0.001728,-0.001024,0.012050,0.095949,0.053447,-4580889656444926.000000,20.515006,5,0,0.000000,1,0.456465,1.499108,1,-1,0,none
36.136062,1.390000,-0.586000,1.499000,1.384461,-0.600024,1.456391,1.349727,-0.566056,1.523657,-0.021586,-0.035684,0.008888,0.999090,0.061185,0.743268,-0.110113,0.001757,-0.001026,0.012288,0.045198,0.051261,-105745940906663.625000,20.515006,5,0,0.000000,1,0.377239,0.780095,1,-1,0,none
36.152678,1.393000,-0.577000,1.499000,1.386920,-0.528430,1.504466,1.353053,-0.552286,1.521199,-0.022373,-0.034609,0.008883,0.999111,0.054238,0.754304,-0.109239,0.001738,-0.001040,0.012379,0.049253,0.051955,-1865348241483260.750000,20.515006,5,0,0.000000,1,0.483244,0.657288,1,-1,0,none
36.169306,1.396000,-0.568000,1.499000,1.442702,-0.671998,1.697303,1.360011,-0.548977,1.526864,-0.021731,-0.033591,0.008801,0.999161,0.058598,0.737866,-0.101708,0.001686,-0.000958,0.011579,0.228737,0.049330,4.982389,16.266236,3,0,0.000000,1,0.938063,1.754670,1,-1,2,anchor3:2-3;3-4
36.188037,1.400000,-0.556000,1.499000,1.382299,-0.522176,1.377843,1.362294,-0.534345,1.518931,-0.022019,-0.032943,0.008349,0.999180,0.048978,0.744647,-0.111570,0.001682,-0.000977,0.012298,0.127029,0.047832,5.746199,20.515006,5,0,0.000000,1,0.459276,0.722449,1,-1,0,none
36.204663,1.404000,-0.543000,1.499000,1.385238,-0.494460,1.450259,1.364481,-0.520030,1.514343,-0.021989,-0.032556,0.008539,0.999192,0.044744,0.756580,-0.114787,0.001673,-0.000997,0.012624,0.071301,0.048216,2.420366,20.515006,5,0,0.000000,1,0.459693,0.723141,1,-1,0,none
36.221204,1.406000,-0.533000,1.499000,1.401765,-0.473261,1.446196,1.367557,-0.505651,1.509857,-0.021860,-0.032548,0.008840,0.999192,0.045411,0.767553,-0.115526,0.001657,-0.001020,0.012952,0.079843,0.048412,2.462477,18.466827,4,0,0.000000,1,0.420983,0.690191,1,7,0,none
36.237846,1.409000,-0.523000,1.499000,1.477892,-0.593755,1.718628,1.375648,-0.499960,1.516521,-0.020807,-0.032211,0.008574,0.999228,0.050423,0.758821,-0.107566,0.001590,-0.000950,0.011972,0.240809,0.044161,6.247891,16.266236,3,0,0.000000,1,0.933975,1.743066,1,-1,2,anchor3:2-3;3-4
36.254524,1.412000,-0.513000,1.499000,1.330338,-0.395731,1.590816,1.373385,-0.481492,1.517738,-0.021808,-0.032874,0.008421,0.999186,0.033583,0.770936,-0.107723,0.001606,-0.000989,0.011569,0.169855,0.053245,6.950434,16.266236,3,0,0.000000,1,0.561806,0.910342,1,-1,2,anchor5:4-5;5-6
36.271151,1.415000,-0.501000,1.499000,1.455031,-0.543850,1.688287,1.379357,-0.473737,1.522942,-0.021972,-0.032925,0.008376,0.999181,0.033222,0.767100,-0.099744,0.001556,-0.000937,0.010767,0.198162,0.050862,8.526911,16.266236,3,0,0.000000,1,0.917939,1.718394,1,-1,2,anchor3:2-3;3-4
36.287715,1.417000,-0.491000,1.499000,1.352430,-0.452122,1.396084,1.377898,-0.460907,1.516339,-0.022630,-0.033385,0.008269,0.999152,0.018522,0.775832,-0.104312,0.001578,-0.000954,0.011367,0.127563,0.052300,2.715432,20.515006,5,0,0.000000,1,0.459162,0.719948,1,-1,0,none
36.304372,1.420000,-0.478000,1.499000,1.416995,-0.449126,1.472930,1.380614,-0.448416,1.513031,-0.023276,-0.033016,0.008137,0.999151,0.012032,0.784093,-0.106687,0.001563,-0.000957,0.011584,0.039018,0.051219,4.451990,20.515006,5,0,0.000000,1,0.460170,0.722271,1,-1,0,none
36.321099,1.422000,-0.468000,1.499000,1.479573,-0.514956,1.764884,1.387390,-0.440907,1.521515,-0.023206,-0.032067,0.007944,0.999185,0.016289,0.779302,-0.096279,0.001498,-0.000896,0.010397,0.276068,0.049384,3.491254,16.266236,3,0,0.000000,1,0.926708,1.726453,1,-1,2,anchor3:2-3;3-4
36.337655,1.425000,-0.459000,1.499000,1.392916,-0.421403,1.476961,1.387879,-0.427660,1.518226,-0.023150,-0.031421,0.007676,0.999209,0.005828,0.785717,-0.100029,0.001499,-0.000903,0.010607,0.054117,0.052248,-9650299121796088.000000,20.515006,5,0,0.000000,1,0.475707,1.211194,1,-1,0,none
36.354233,1.427000,-0.445000,1.498000,1.435962,-0.445830,1.605046,1.391075,-0.417303,1.520206,-0.022271,-0.030474,0.007426,0.999260,0.002455,0.790719,-0.095009,0.001470,-0.000880,0.010197,0.107423,0.050507,2.481903,18.466827,4,0,0.000000,1,0.593882,1.084621,1,2,0,none
36.370921,1.430000,-0.436000,1.498000,1.431648,-0.366619,1.448142,1.393671,-0.402121,1.515930,-0.021518,-0.029453,0.007472,0.999307,0.004701,0.801005,-0.095273,0.001458,-0.000904,0.010549,0.085454,0.052812,-2144511963804798.000000,20.515006,5,0,0.000000,1,0.689428,0.904870,1,-1,0,none
36.387531,1.432000,-0.423000,1.498000,1.428162,-0.383754,1.536486,1.395939,-0.388848,1.515268,-0.020042,-0.028571,0.007624,0.999362,0.002711,0.805143,-0.094105,0.001441,-0.000904,0.010449,0.055101,0.052582,-228411957796413.500000,20.515006,5,0,0.000000,1,0.571183,1.040922,1,-1,0,none
36.404149,1.434000,-0.412000,1.498000,1.388758,-0.371459,1.513411,1.395436,-0.375378,1.513706,-0.019199,-0.027997,0.007918,0.999392,-0.007988,0.809785,-0.093881,0.001444,-0.000906,0.010448,0.062673,0.055453,3.092110,18.466827,4,0,0.000000,1,0.427498,1.055917,1,4,0,none
36.420782,1.435000,-0.402000,1.498000,1.445647,-0.355880,1.488262,1.398481,-0.361506,1.511270,-0.018849,-0.027231,0.007841,0.999421,-0.008256,0.817670,-0.092217,0.001425,-0.000910,0.010581,0.048324,0.056120,2.462094,20.515006,5,0,0.000000,1,0.460684,0.718748,1,-1,0,none
36.437335,1.438000,-0.388000,1.498000,1.429625,-0.342654,1.493223,1.400319,-0.348173,1.509194,-0.018214,-0.026950,0.007802,0.999440,-0.007190,0.822906,-0.090437,0.001413,-0.000914,0.010671,0.046360,0.055958,-9650318768993304.000000,20.515006,5,0,0.000000,1,0.416084,1.199369,1,-1,0,none
36.453998,1.440000,-0.379000,1.498000,1.365378,-0.326923,1.487956,1.397909,-0.334400,1.506934,-0.017153,-0.027176,0.007361,0.999456,-0.019907,0.825792,-0.091993,0.001430,-0.000920,0.010756,0.091549,0.061973,4.220927,18.466827,4,0,0.000000,1,0.426456,1.047767,1,4,0,none
36.470605,1.441000,-0.369000,1.499000,1.401095,-0.331263,1.395513,1.397675,-0.321513,1.501248,-0.016153,-0.026526,0.007724,0.999488,-0.028130,0.826914,-0.094954,0.001447,-0.000935,0.011217,0.117158,0.064320,4.435978,20.515006,5,0,0.000000,1,0.459775,0.715001,1,-1,0,none
36.503812,1.444000,-0.345000,1.499000,1.367648,-0.300545,1.370771,1.397675,-0.321513,1.501248,-0.016153,-0.026526,0.007724,0.999488,-0.028130,0.826914,-0.094954,0.001447,-0.000935,0.011217,0.155720,0.051988,-12194516958966268.000000,20.515006,5,0,0.000000,1,1.809537,1.229397,0,-1,0,none
36.520420,1.447000,-0.331000,1.498000,1.374258,-0.266037,1.403641,1.394302,-0.279758,1.492672,-0.016656,-0.026480,0.007292,0.999484,-0.046382,0.828786,-0.101196,0.001469,-0.000952,0.011707,0.135703,0.073697,5.847244,18.466827,4,0,0.000000,1,0.622429,0.988435,1,6,0,none
36.537148,1.448000,-0.321000,1.499000,1.418774,-0.277939,1.397403,1.395214,-0.267026,1.487154,-0.016864,-0.027484,0.007211,0.999454,-0.047775,0.830187,-0.104608,0.001469,-0.000956,0.012219,0.114150,0.076419,0.893375,18.466827,4,0,0.000000,1,0.618706,0.721193,1,1,0,none
36.553739,1.449000,-0.311000,1.499000,1.452895,-0.271129,1.483011,1.398489,-0.254613,1.485394,-0.017381,-0.028327,0.006882,0.999424,-0.046274,0.828935,-0.103761,0.001442,-0.000948,0.012254,0.043134,0.076916,2.666819,18.466827,4,0,0.000000,1,0.423321,0.697718,1,7,0,none
36.570400,1.452000,-0.298000,1.499000,1.564181,-0.378112,1.712509,1.409442,-0.250509,1.493363,-0.017158,-0.027688,0.006735,0.999447,-0.034898,0.816900,-0.090434,0.001336,-0.000856,0.011093,0.254142,0.064018,3.440563,16.266236,3,0,0.000000,1,0.914177,1.698204,1,-1,2,anchor3:2-3;3-4
36.586923,1.452000,-0.290000,1.498000,1.473925,-0.269759,1.510146,1.413329,-0.239752,1.492731,-0.017653,-0.027242,0.006924,0.999449,-0.036890,0.817925,-0.090007,0.001305,-0.000839,0.011019,0.032217,0.063624,10.154337,20.515006,5,0,0.000000,1,0.461277,0.715048,1,-1,0,none
36.603567,1.453000,-0.278000,1.499000,1.447855,-0.260941,1.433457,1.415125,-0.230350,1.489078,-0.017986,-0.026736,0.006739,0.999458,-0.035751,0.817394,-0.092095,0.001299,-0.000832,0.011338,0.067922,0.061672,1.878129,20.515006,5,0,0.000000,1,0.460573,0.712421,1,-1,0,none
36.620264,1.455000,-0.266000,1.499000,1.383530,-0.239106,1.428783,1.412364,-0.218401,1.485167,-0.018266,-0.026746,0.006152,0.999456,-0.045708,0.822284,-0.094646,0.001322,-0.000830,0.011641,0.103739,0.065382,-57102838316161.750000,20.515006,5,0,0.000000,1,0.689568,0.941260,1,-1,0,none
36.636834,1.456000,-0.253000,1.499000,1.478325,-0.323575,1.661529,1.416167,-0.212826,1.490926,-0.016966,-0.026176,0.005735,0.999497,-0.043631,0.814443,-0.086910,0.001267,-0.000754,0.010743,0.178592,0.057147,1.118874,16.266236,3,0,0.000000,1,0.884603,1.654809,1,-1,2,anchor3:2-3;3-4
36.653437,1.457000,-0.243000,1.499000,1.412450,-0.209715,1.327058,1.415114,-0.200489,1.482963,-0.016300,-0.026247,0.005567,0.999507,-0.049449,0.817541,-0.095240,0.001296,-0.000773,0.011597,0.180712,0.061796,-317239636316190.750000,20.515006,5,0,0.000000,1,0.607832,1.512778,1,-1,0,none
36.670110,1.458000,-0.229000,1.499000,1.447784,-0.193648,1.436839,1.416471,-0.187729,1.479666,-0.015699,-0.026149,0.005460,0.999520,-0.049967,0.820341,-0.096963,0.001289,-0.000777,0.011842,0.072237,0.061658,-4111375341309724.000000,20.515006,5,0,0.000000,1,0.898685,1.666873,1,-1,0,none
36.686766,1.460000,-0.219000,1.499000,1.495901,-0.278362,1.537271,1.420958,-0.181280,1.480551,-0.014329,-0.025778,0.005353,0.999551,-0.044544,0.807630,-0.094063,0.001247,-0.000724,0.011570,0.079230,0.057336,2.040607,18.466827,4,0,0.000000,1,0.593963,1.048316,1,2,0,none
36.719970,1.462000,-0.195000,1.499000,1.411511,-0.171884,1.460943,1.418680,-0.156317,1.476848,-0.013162,-0.026265,0.005373,0.999554,-0.060274,0.810949,-0.092447,0.001253,-0.000719,0.011660,0.067319,0.062158,2.730064,18.466827,4,0,0.000000,1,0.629689,0.996663,1,6,0,none
36.753262,1.465000,-0.170000,1.499000,1.445954,-0.139344,1.483763,1.418713,-0.130432,1.474335,-0.011804,-0.026408,0.004686,0.999571,-0.068494,0.808930,-0.089178,0.001238,-0.000713,0.011614,0.039176,0.065700,-406061672544780.500000,20.515006,5,0,0.000000,1,0.425444,0.951415,1,-1,0,none
36.769861,1.466000,-0.161000,1.499000,1.444798,-0.130017,1.535277,1.419565,-0.118174,1.475609,-0.011991,-0.026218,0.004937,0.999572,-0.069726,0.806245,-0.081466,0.001215,-0.000697,0.011274,0.052206,0.067360,-7309124614513154.000000,20.515006,5,0,0.000000,1,0.430209,1.390078,1,-1,0,none
36.803068,1.467000,-0.136000,1.499000,1.459727,-0.106548,1.499794,1.420461,-0.093087,1.474147,-0.011914,-0.026676,0.004844,0.999561,-0.070583,0.807617,-0.080004,0.001190,-0.000685,0.011128,0.030347,0.068008,1.259185,18.466827,4,0,0.000000,1,0.407932,0.761541,1,3,0,none
36.819724,1.469000,-0.126000,1.499000,1.484645,-0.121577,1.464185,1.424171,-0.083148,1.472397,-0.011189,-0.027340,0.004638,0.999553,-0.068401,0.803997,-0.080839,0.001157,-0.000664,0.011270,0.038424,0.067481,-5481826775876187.000000,20.515006,5,0,0.000000,1,0.400732,0.671985,1,-1,0,none
36.852960,1.470000,-0.103000,1.500000,1.407646,-0.095723,1.501108,1.420534,-0.059574,1.471131,-0.010566,-0.027761,0.004727,0.999548,-0.087673,0.797160,-0.079872,0.001157,-0.000641,0.011083,0.062787,0.071876,-6141688117097616.000000,20.515006,5,0,0.000000,1,0.711111,0.847791,1,-1,0,none
36.869560,1.471000,-0.092000,1.500000,1.416764,-0.074556,1.371733,1.418834,-0.049108,1.465468,-0.010174,-0.027622,0.004584,0.999556,-0.096233,0.795000,-0.085883,0.001179,-0.000647,0.011663,0.140351,0.075852,1.425932,18.466827,4,0,0.000000,1,0.636400,1.007568,1,6,0,none
36.886188,1.471000,-0.082000,1.500000,1.338520,-0.095650,1.304842,1.411188,-0.040760,1.456951,-0.009854,-0.028125,0.004446,0.999546,-0.114373,0.790304,-0.094144,0.001247,-0.000650,0.012576,0.236270,0.084448,5.317398,16.266236,3,0,0.000000,1,0.625799,1.193532,1,-1,2,anchor6:5-6;6-7
36.902819,1.472000,-0.068000,1.500000,1.430733,-0.110862,1.576454,1.410968,-0.034055,1.460795,-0.010039,-0.028215,0.004214,0.999543,-0.115882,0.781735,-0.088239,0.001215,-0.000590,0.011889,0.096878,0.080089,1.170762,18.466827,4,0,0.000000,1,0.594029,1.023298,1,2,0,none
36.919490,1.473000,-0.058000,1.500000,1.457656,-0.028008,1.541870,1.412622,-0.021678,1.462993,-0.010815,-0.028355,0.004096,0.999531,-0.115688,0.783263,-0.086048,0.001179,-0.000571,0.011429,0.053741,0.079588,1.714996,18.466827,4,0,0.000000,1,0.407408,0.752547,1,3,0,none
36.936065,1.473000,-0.048000,1.501000,1.441434,-0.047700,1.411652,1.412916,-0.012132,1.459487,-0.010811,-0.028706,0.004078,0.999521,-0.117508,0.779784,-0.088727,0.001177,-0.000565,0.011726,0.094760,0.081363,6.338076,20.515006,5,0,0.000000,1,0.460820,0.712011,1,-1,0,none
36.969314,1.474000,-0.025000,1.500000,1.428273,0.000896,1.472806,1.410378,0.012549,1.457331,-0.010573,-0.029812,0.004229,0.999491,-0.124555,0.785331,-0.088509,0.001165,-0.000556,0.011637,0.059170,0.085313,-9250597238328608.000000,20.515006,5,0,0.000000,1,0.690719,0.893103,1,-1,0,none
36.985985,1.475000,-0.015000,1.501000,1.399581,-0.089282,1.531490,1.407702,0.016929,1.459130,-0.009834,-0.031049,0.003944,0.999462,-0.131711,0.771845,-0.085752,0.001155,-0.000491,0.011193,0.110161,0.085450,0.699757,16.266236,3,0,0.000000,1,0.611655,1.551898,1,-1,2,anchor2:1-2;2-3
37.002610,1.475000,-0.002000,1.501000,1.389691,0.010821,1.454447,1.407702,0.016929,1.459130,-0.009834,-0.031049,0.003944,0.999462,-0.131711,0.771845,-0.085752,0.001155,-0.000491,0.011193,0.098027,0.081489,-1535420200573446.000000,20.515006,5,0,0.000000,1,0.842113,-nan,0,-1,0,none
37.019123,1.476000,0.009000,1.501000,1.393027,0.037352,1.497070,1.402442,0.041590,1.458193,-0.009643,-0.033128,0.004520,0.999394,-0.148078,0.772681,-0.085188,0.001151,-0.000480,0.010946,0.087771,0.091134,-4229840994767.187500,20.515006,5,0,0.000000,1,0.374204,0.898151,1,-1,0,none
37.035801,1.476000,0.018000,1.501000,1.365452,-0.001963,1.398518,1.397333,0.049780,1.454128,-0.009503,-0.034445,0.004314,0.999352,-0.161474,0.762694,-0.091232,0.001177,-0.000470,0.011288,0.152059,0.096931,-22384162817315908.000000,20.515006,5,0,0.000000,1,0.657795,1.060509,1,-1,0,none
37.052427,1.477000,0.031000,1.500000,1.439731,-0.033310,1.638678,1.398145,0.055111,1.461003,-0.009746,-0.034592,0.004164,0.999345,-0.164418,0.749032,-0.082456,0.001124,-0.000389,0.010205,0.157342,0.091215,2.503325,16.266236,3,0,0.000000,1,0.834407,1.557940,1,-1,2,anchor3:2-3;3-4
37.071137,1.476000,0.041000,1.501000,1.477980,0.040291,1.474343,1.401183,0.066855,1.460203,-0.010986,-0.034088,0.004415,0.999349,-0.159955,0.745602,-0.081168,0.001088,-0.000374,0.010138,0.026740,0.089054,4.169906,20.515006,5,0,0.000000,1,0.461801,0.717888,1,-1,0,none
37.087781,1.476000,0.055000,1.500000,1.428012,0.064194,1.460541,1.400644,0.078134,1.458832,-0.012093,-0.033964,0.004374,0.999340,-0.161429,0.744300,-0.083638,0.001076,-0.000368,0.010122,0.062804,0.088930,-2798017284178941.000000,20.515006,5,0,0.000000,1,0.639580,1.009816,1,-1,0,none
37.104365,1.477000,0.065000,1.500000,1.378287,0.073074,1.369481,1.396522,0.088757,1.453585,-0.012766,-0.034489,0.004211,0.999315,-0.173476,0.746924,-0.090442,0.001102,-0.000381,0.010628,0.163843,0.095893,-1833622968038976.000000,20.515006,5,0,0.000000,1,0.782835,0.906644,1,-1,0,none
37.120999,1.477000,0.079000,1.500000,1.346681,0.083545,1.306972,1.390277,0.099556,1.445750,-0.013003,-0.035336,0.004049,0.999283,-0.183439,0.748272,-0.097021,0.001150,-0.000407,0.011452,0.232945,0.104338,6.832828,18.466827,4,0,0.000000,1,0.642957,1.026924,1,5,0,none
37.137661,1.477000,0.089000,1.499000,1.372827,0.064177,1.582549,1.386310,0.108502,1.450170,-0.012574,-0.035941,0.004163,0.999266,-0.196006,0.747074,-0.088958,0.001129,-0.000357,0.010660,0.135826,0.104830,2.498025,16.266236,3,0,0.000000,1,0.609207,1.540149,1,-1,2,anchor2:1-2;2-3
37.154243,1.477000,0.103000,1.500000,1.391986,0.088383,1.446936,1.383595,0.118635,1.448629,-0.012135,-0.036886,0.004282,0.999237,-0.205590,0.746837,-0.088637,0.001126,-0.000346,0.010673,0.101276,0.107740,2.653322,18.466827,4,0,0.000000,1,0.403713,0.733509,1,2,0,none
37.170845,1.476000,0.109000,1.499000,1.389333,0.039354,1.664452,1.380993,0.124128,1.456383,-0.011319,-0.037926,0.004021,0.999208,-0.207918,0.735703,-0.076014,0.001072,-0.000251,0.009660,0.199339,0.105221,4.909084,16.266236,3,0,0.000000,1,0.609268,1.551311,1,-1,2,anchor2:1-2;2-3
37.187458,1.477000,0.123000,1.499000,1.334096,0.115681,1.221261,1.374446,0.134513,1.445192,-0.011003,-0.039268,0.004454,0.999158,-0.226523,0.736421,-0.084981,0.001130,-0.000298,0.010962,0.312432,0.116383,0.358793,16.266236,3,0,0.000000,1,0.643300,1.254365,1,-1,2,anchor6:5-6;6-7
37.204164,1.476000,0.136000,1.500000,1.439720,0.134412,1.437908,1.375274,0.145727,1.443634,-0.010488,-0.040328,0.004809,0.999120,-0.226665,0.738983,-0.082344,0.001106,-0.000296,0.011011,0.071931,0.115834,-228410990545980.750000,20.515006,5,0,0.000000,1,0.436901,1.008560,1,-1,0,none
37.220753,1.476000,0.147000,1.500000,1.417698,0.157142,1.502761,1.374609,0.157820,1.444900,-0.009962,-0.041300,0.005013,0.999085,-0.227691,0.739960,-0.074790,0.001078,-0.000282,0.010686,0.059242,0.115901,2.466436,20.515006,5,0,0.000000,1,0.461431,0.723012,1,-1,0,none
37.237365,1.476000,0.158000,1.500000,1.436949,0.168097,1.468841,1.375257,0.169405,1.444809,-0.009431,-0.041887,0.005567,0.999062,-0.234150,0.745181,-0.072599,0.001050,-0.000276,0.010557,0.050968,0.115435,-2055682229895423.500000,20.515006,5,0,0.000000,1,0.526177,1.385020,1,-1,0,none
37.253944,1.475000,0.171000,1.500000,1.359319,0.179341,1.265642,1.370527,0.181154,1.436260,-0.008845,-0.043045,0.005650,0.999018,-0.246941,0.750819,-0.080202,0.001089,-0.000315,0.011534,0.261486,0.122803,7.588142,18.466827,4,0,0.000000,1,0.648674,1.034361,1,5,0,none
37.270602,1.474000,0.182000,1.500000,1.363820,0.196291,1.323551,1.366214,0.193477,1.430372,-0.008566,-0.043558,0.005621,0.998998,-0.256058,0.749997,-0.083635,0.001111,-0.000340,0.012144,0.208514,0.128832,2.569127,18.466827,4,0,0.000000,1,0.649240,1.034679,1,5,0,none
37.287236,1.473000,0.191000,1.500000,1.416555,0.241053,1.407412,1.365352,0.208032,1.428170,-0.009025,-0.043309,0.006001,0.999003,-0.264671,0.753809,-0.088128,0.001096,-0.000359,0.012287,0.119431,0.130529,-456818595725310.250000,20.515006,5,0,0.000000,1,0.882114,1.196972,1,-1,0,none
37.303880,1.472000,0.205000,1.500000,1.380566,0.147958,1.575094,1.362228,0.215954,1.432771,-0.009055,-0.043124,0.006317,0.999009,-0.271943,0.746488,-0.083562,0.001060,-0.000301,0.011483,0.131351,0.129188,2.058334,16.266236,3,0,0.000000,1,0.610437,1.535127,1,-1,2,anchor2:1-2;2-3
37.320458,1.471000,0.216000,1.500000,1.351335,0.183151,1.254375,1.357338,0.224911,1.424191,-0.008984,-0.043186,0.006163,0.999008,-0.280389,0.741869,-0.093875,0.001097,-0.000322,0.012443,0.275192,0.136914,7.881490,16.266236,3,0,0.000000,1,0.649042,1.270582,1,-1,2,anchor6:5-6;6-7
37.337073,1.470000,0.229000,1.500000,1.384606,0.227825,1.413385,1.354703,0.236318,1.422288,-0.008903,-0.043131,0.005771,0.999013,-0.291222,0.744642,-0.098896,0.001087,-0.000321,0.012500,0.121637,0.139234,5.631851,18.466827,4,0,0.000000,1,0.401650,0.713918,1,2,0,none
37.353731,1.469000,0.241000,1.500000,1.388884,0.237904,1.410469,1.354169,0.243003,1.420941,-0.008569,-0.042830,0.005844,0.999029,-0.295059,0.746708,-0.100508,0.001075,-0.000322,0.012565,0.120183,0.139429,-634473227317502.500000,20.515006,5,0,0.000000,1,0.466470,0.809404,1,-1,0,none
37.370411,1.467000,0.251000,1.500000,1.353916,0.229536,1.304224,1.349437,0.253743,1.414690,-0.007747,-0.042853,0.005935,0.999034,-0.303864,0.743725,-0.107466,0.001096,-0.000336,0.013177,0.227106,0.145280,5.432036,16.266236,3,0,0.000000,1,0.652474,1.282808,1,-1,2,anchor6:5-6;6-7
37.386974,1.465000,0.265000,1.500000,1.315498,0.270720,1.135224,1.342650,0.265735,1.402082,-0.006992,-0.042968,0.006044,0.999034,-0.315977,0.743881,-0.120509,0.001172,-0.000403,0.014446,0.394265,0.156710,5.585408,16.266236,3,0,0.000000,1,0.654679,1.303049,1,-1,2,anchor6:5-6;6-7
37.403593,1.464000,0.275000,1.500000,1.407046,0.273403,1.452261,1.341727,0.277369,1.402265,-0.005715,-0.042432,0.006600,0.999061,-0.318332,0.744488,-0.116541,0.001135,-0.000391,0.014184,0.074333,0.156551,-2487130988644350.000000,20.515006,5,0,0.000000,1,0.789289,0.938571,1,-1,0,none
37.420222,1.462000,0.289000,1.499000,1.406363,0.276292,1.469873,1.341727,0.277369,1.402265,-0.005715,-0.042432,0.006600,0.999061,-0.318332,0.744488,-0.116541,0.001135,-0.000391,0.014184,0.064073,0.154785,-6141681688936451.000000,20.515006,5,0,0.000000,1,13.202609,66.571776,0,-1,0,none
37.436970,1.461000,0.300000,1.499000,1.378026,0.227954,1.595622,1.334120,0.297224,1.406590,-0.002623,-0.042315,0.007286,0.999074,-0.325752,0.731143,-0.101607,0.001076,-0.000321,0.013104,0.146325,0.156990,3.648777,16.266236,3,0,0.000000,1,0.610363,1.530027,1,-1,2,anchor2:1-2;2-3
37.453517,1.459000,0.310000,1.499000,1.316431,0.261070,1.244243,1.327765,0.306198,1.398377,-0.000748,-0.042260,0.007455,0.999079,-0.337695,0.723707,-0.106921,0.001114,-0.000335,0.013986,0.296009,0.165415,10.592471,16.266236,3,0,0.000000,1,0.653411,1.297212,1,-1,2,anchor6:5-6;6-7
37.470092,1.457000,0.323000,1.499000,1.378621,0.348244,1.415936,1.325922,0.319545,1.397538,0.000406,-0.041835,0.007771,0.999094,-0.338166,0.723646,-0.102690,0.001088,-0.000344,0.013894,0.116962,0.165794,4.016530,20.515006,5,0,0.000000,1,0.461012,0.728233,1,-1,0,none
37.486779,1.455000,0.333000,1.499000,1.382269,0.354038,1.510553,1.324370,0.332592,1.400565,0.001407,-0.041405,0.008288,0.999107,-0.339311,0.720883,-0.096594,0.001040,-0.000331,0.013279,0.076589,0.163566,3.602203,20.515006,5,0,0.000000,1,0.461523,0.729288,1,-1,0,none
37.536559,1.448000,0.367000,1.500000,1.349572,0.344535,1.333823,1.309743,0.366196,1.393267,0.003397,-0.041140,0.009112,0.999106,-0.367746,0.713190,-0.098310,0.001037,-0.000334,0.013655,0.194441,0.174664,1.987920,16.266236,3,0,0.000000,1,0.660751,1.315932,1,-1,2,anchor6:5-6;6-7
37.553200,1.447000,0.377000,1.500000,1.364236,0.363212,1.460057,1.308007,0.376610,1.394662,0.003260,-0.041316,0.008976,0.999100,-0.370376,0.707973,-0.096608,0.000995,-0.000314,0.013266,0.092927,0.174400,-57102324465662.500000,20.515006,5,0,0.000000,1,0.358995,1.008940,1,-1,0,none
37.569908,1.444000,0.391000,1.500000,1.378858,0.418989,1.493262,1.307249,0.390268,1.397429,0.003249,-0.041302,0.009097,0.999100,-0.370001,0.711597,-0.091429,0.000940,-0.000307,0.012700,0.071220,0.170945,-913642994934782.500000,20.515006,5,0,0.000000,1,0.421124,0.776898,1,-1,0,none
37.586517,1.442000,0.401000,1.500000,1.326489,0.424412,1.395909,1.302861,0.403437,1.395955,0.003521,-0.042059,0.009080,0.999068,-0.372657,0.711184,-0.091963,0.000930,-0.000317,0.012707,0.157244,0.173756,0.770855,18.466827,4,0,0.000000,1,0.657211,1.049228,1,5,0,none
37.603073,1.439000,0.411000,1.500000,1.352545,0.409394,1.409814,1.300686,0.414207,1.395185,0.003634,-0.042372,0.009280,0.999052,-0.375397,0.705034,-0.092795,0.000905,-0.000312,0.012630,0.124942,0.173572,1.643803,20.515006,5,0,0.000000,1,0.460817,0.729312,1,-1,0,none
37.653012,1.431000,0.445000,1.500000,1.391115,0.430147,1.472514,1.289693,0.447475,1.394297,0.003899,-0.042887,0.010036,0.999022,-0.380454,0.688475,-0.088500,0.000837,-0.000289,0.012146,0.050664,0.176485,-4095.363076,20.515006,5,0,0.000000,1,0.576773,1.048403,1,-1,0,none
37.669610,1.428000,0.458000,1.499000,1.314187,0.443164,1.316714,1.285550,0.457647,1.389436,0.004022,-0.043363,0.010170,0.999000,-0.385621,0.680674,-0.093117,0.000845,-0.000297,0.012621,0.215410,0.179712,3.497309,16.266236,3,0,0.000000,1,0.666089,1.348301,1,-1,2,anchor6:5-6;6-7
37.736094,1.416000,0.499000,1.500000,1.437629,0.485662,1.467583,1.274188,0.500995,1.387834,0.004775,-0.043460,0.010930,0.998984,-0.397699,0.664132,-0.080906,0.000734,-0.000272,0.012091,0.041190,0.180820,-1833623653172221.500000,20.515006,5,0,0.000000,1,0.489842,0.899477,1,-1,0,none
37.752683,1.412000,0.512000,1.501000,1.419681,0.514239,1.465559,1.280657,0.511675,1.390421,0.004051,-0.042449,0.011424,0.999025,-0.383276,0.661873,-0.077036,0.000640,-0.000258,0.011587,0.036333,0.171694,0.248007,18.466827,4,0,0.000000,1,0.659624,0.822260,1,0,0,none
37.769259,1.409000,0.520000,1.501000,1.393486,0.513562,1.428898,1.284216,0.521522,1.391139,0.003385,-0.041983,0.011478,0.999047,-0.372520,0.658322,-0.074902,0.000575,-0.000247,0.011348,0.074033,0.166261,-422982688905214.750000,20.515006,5,0,0.000000,1,0.478142,1.122091,1,-1,0,none
37.785964,1.405000,0.530000,1.501000,1.362237,0.557534,1.447980,1.284802,0.534299,1.392735,0.002770,-0.042077,0.011317,0.999046,-0.368276,0.658696,-0.074527,0.000520,-0.000247,0.010995,0.073470,0.161825,0.689743,20.515006,5,0,0.000000,1,0.461720,0.732153,1,-1,0,none
37.819177,1.399000,0.549000,1.501000,1.384271,0.549293,1.493888,1.281788,0.554962,1.395285,0.001553,-0.042086,0.011291,0.999049,-0.376443,0.653502,-0.073636,0.000434,-0.000225,0.010319,0.016359,0.157955,4.373768,20.515006,5,0,0.000000,1,0.462231,0.732776,1,-1,0,none
37.835799,1.394000,0.560000,1.501000,1.346971,0.566423,1.491255,1.281511,0.565417,1.398791,0.000569,-0.041780,0.011382,0.999062,-0.373531,0.651461,-0.066906,0.000368,-0.000209,0.009690,0.048455,0.152085,8.860534,20.515006,5,0,0.000000,1,0.461721,0.732343,1,-1,0,none
37.869187,1.385000,0.582000,1.501000,1.892546,0.619838,1.488485,1.320687,0.589616,1.401133,-0.002156,-0.037798,0.011928,0.999212,-0.299410,0.649634,-0.061257,0.000083,-0.000206,0.009224,0.509108,0.119027,2.500736,13.815511,2,0,0.000000,1,0.806053,1.449482,1,3,2,anchor2:1-2;2-3
37.902299,1.376000,0.603000,1.501000,1.327722,0.596311,1.426033,1.312176,0.609456,1.400761,-0.003897,-0.038008,0.012025,0.999197,-0.309678,0.650805,-0.054257,0.000062,-0.000195,0.009044,0.089418,0.119008,1.488360,20.515006,5,0,0.000000,1,0.461289,0.731853,1,-1,0,none
37.952188,1.362000,0.632000,1.501000,1.471421,0.724684,1.227318,1.311989,0.649391,1.390883,-0.006012,-0.035386,0.012687,0.999275,-0.307368,0.667172,-0.069545,0.000063,-0.000269,0.010506,0.308975,0.122185,11.838202,16.266236,3,0,0.000000,1,0.649460,1.496975,1,-1,2,anchor2:1-2;2-3
37.985390,1.352000,0.653000,1.501000,1.477858,0.745606,1.233707,1.318358,0.678108,1.379418,-0.007494,-0.034874,0.012506,0.999285,-0.289524,0.679079,-0.081940,0.000047,-0.000323,0.011553,0.309615,0.128625,13.937138,16.266236,3,0,0.000000,1,0.650763,1.496914,1,-1,2,anchor2:1-2;2-3
38.002034,1.347000,0.663000,1.501000,1.456560,0.681365,1.670168,1.326445,0.688382,1.393792,-0.007339,-0.034513,0.012114,0.999304,-0.275067,0.682868,-0.065683,-0.000166,-0.000276,0.009472,0.202382,0.112073,5.624841,16.266236,3,0,0.000000,1,0.692372,1.409768,1,-1,2,anchor6:5-6;6-7
38.035318,1.336000,0.684000,1.501000,1.310394,0.705953,1.412466,1.316710,0.709996,1.392826,-0.007307,-0.035397,0.012214,0.999272,-0.289505,0.684590,-0.060851,-0.000173,-0.000271,0.009319,0.094742,0.112914,3.659020,20.515006,5,0,0.000000,1,0.461586,0.732023,1,-1,0,none
38.068519,1.326000,0.701000,1.501000,1.342181,0.693262,1.450377,1.310188,0.728739,1.394234,-0.006251,-0.033947,0.012534,0.999325,-0.301649,0.680450,-0.054561,-0.000227,-0.000244,0.008872,0.053707,0.111438,6.173527,18.466827,4,0,0.000000,1,0.391737,0.676683,1,2,0,none
38.101803,1.314000,0.723000,1.500000,1.423151,0.785714,1.205684,1.311469,0.754616,1.382283,-0.005289,-0.032032,0.012875,0.999390,-0.293106,0.689515,-0.058636,-0.000223,-0.000285,0.010295,0.320108,0.121915,14.726980,16.266236,3,0,0.000000,1,0.648390,1.479624,1,-1,2,anchor2:1-2;2-3
38.118375,1.307000,0.734000,1.500000,1.639279,0.724017,1.459756,1.337025,0.761632,1.385594,-0.004051,-0.029331,0.012833,0.999479,-0.246223,0.682829,-0.051363,-0.000414,-0.000251,0.009776,0.334856,0.121465,4.433119,13.815511,2,0,0.000000,1,0.778096,1.372214,1,3,2,anchor2:1-2;2-3
38.151653,1.297000,0.751000,1.500000,1.257022,0.760862,1.436793,1.321921,0.781830,1.386982,-0.002843,-0.029521,0.012570,0.999481,-0.271295,0.675593,-0.047393,-0.000441,-0.000236,0.009375,0.075437,0.119769,2.820691,18.466827,4,0,0.000000,1,0.387839,0.682851,1,2,0,none
38.168305,1.289000,0.764000,1.500000,1.294222,0.801996,1.473553,1.315380,0.793733,1.390973,-0.002768,-0.029751,0.012632,0.999474,-0.279535,0.675744,-0.041660,-0.000472,-0.000228,0.008744,0.046588,0.116047,-101517392941053.562500,20.515006,5,0,0.000000,1,0.463258,0.540780,1,-1,0,none
38.184894,1.283000,0.772000,1.500000,1.279954,0.826360,1.402871,1.315380,0.793733,1.390973,-0.002768,-0.029751,0.012632,0.999474,-0.279535,0.675744,-0.041660,-0.000472,-0.000228,0.008744,0.111347,0.115792,-114206583431149.250000,20.515006,5,0,0.000000,1,0.441848,-nan,0,-1,0,none
38.218143,1.270000,0.793000,1.500000,1.359735,0.797216,1.340786,1.306751,0.824244,1.385970,-0.001001,-0.028626,0.012419,0.999513,-0.288627,0.672185,-0.052698,-0.000474,-0.000220,0.009110,0.182809,0.123813,12.016443,18.466827,4,0,0.000000,1,0.665899,0.845418,1,0,0,none
38.234814,1.264000,0.801000,1.500000,1.513271,0.865197,1.400825,1.321351,0.838007,1.385953,-0.000545,-0.026535,0.012559,0.999569,-0.260279,0.677349,-0.048862,-0.000573,-0.000225,0.009017,0.275849,0.132911,3.696074,13.815511,2,0,0.000000,1,0.780071,1.318773,1,3,2,anchor2:1-2;2-3
38.251400,1.258000,0.809000,1.500000,1.371796,0.927815,1.179173,1.321855,0.856129,1.373901,-0.000783,-0.025667,0.012845,0.999588,-0.253099,0.686386,-0.058064,-0.000496,-0.000284,0.010517,0.360551,0.148995,9.634586,16.266236,3,0,0.000000,1,0.651713,1.453805,1,-1,2,anchor2:1-2;2-3
38.267989,1.252000,0.818000,1.500000,1.344758,0.873359,1.692921,1.320154,0.867463,1.390172,-0.000928,-0.025263,0.012855,0.999598,-0.251503,0.681325,-0.039352,-0.000662,-0.000251,0.008269,0.221105,0.138397,8.823555,16.266236,3,0,0.000000,1,0.701166,1.476737,1,-1,2,anchor6:5-6;6-7
38.284635,1.244000,0.829000,1.499000,1.225518,0.803562,1.439574,1.308587,0.872188,1.392173,-0.000629,-0.025552,0.012624,0.999594,-0.270078,0.668766,-0.035173,-0.000651,-0.000219,0.007907,0.067232,0.132094,-317232986488809.500000,20.515006,5,0,0.000000,1,0.515005,0.541028,1,-1,0,none
38.367758,1.208000,0.876000,1.499000,1.270395,0.856055,1.368078,1.284038,0.920030,1.388024,-0.001516,-0.023550,0.012357,0.999645,-0.288242,0.652074,-0.037588,-0.000631,-0.000190,0.008063,0.146395,0.141549,9.896002,16.266236,3,0,0.000000,1,0.613082,0.904474,1,-1,2,anchor1:1-2;0-1
38.384410,1.202000,0.885000,1.499000,1.173392,0.880413,1.452426,1.284038,0.920030,1.388024,-0.001516,-0.023550,0.012357,0.999645,-0.288242,0.652074,-0.037588,-0.000631,-0.000190,0.008063,0.054851,0.142384,-812118508863476.500000,20.515006,5,0,0.000000,1,0.993809,3.490795,0,-1,0,none
38.417615,1.186000,0.904000,1.498000,1.318056,1.035355,1.223739,1.274611,0.960607,1.376093,-0.000352,-0.022788,0.012694,0.999660,-0.288291,0.658637,-0.048873,-0.000576,-0.000250,0.009392,0.331530,0.160990,9.475869,16.266236,3,0,0.000000,1,0.648278,1.429643,1,-1,2,anchor2:1-2;2-3
38.434237,1.180000,0.912000,1.499000,1.193079,0.990941,1.266427,1.262310,0.973145,1.368757,0.000590,-0.022961,0.012903,0.999653,-0.303574,0.658984,-0.054899,-0.000487,-0.000275,0.010242,0.245953,0.165762,14.640560,16.266236,3,0,0.000000,1,0.629121,1.400888,1,-1,2,anchor2:1-2;2-3
38.450943,1.170000,0.922000,1.498000,1.545433,0.911480,1.534571,1.284671,0.976999,1.377676,0.001841,-0.020570,0.013149,0.999700,-0.260189,0.643854,-0.044561,-0.000692,-0.000214,0.008995,0.377357,0.175078,1.003787,13.815511,2,0,0.000000,1,0.659690,1.294969,1,4,2,anchor1:1-2;0-1
38.467502,1.164000,0.931000,1.498000,1.301539,0.899759,1.271571,1.282244,0.979582,1.370967,0.003227,-0.020186,0.013172,0.999704,-0.260695,0.628604,-0.049812,-0.000646,-0.000187,0.009773,0.266764,0.180220,14.945074,16.266236,3,0,0.000000,1,0.616529,0.907898,1,-1,2,anchor1:1-2;0-1
38.484103,1.157000,0.939000,1.498000,1.529526,0.897456,1.474033,1.300249,0.981470,1.376317,0.004643,-0.018212,0.013391,0.999734,-0.224178,0.613191,-0.040256,-0.000754,-0.000128,0.009162,0.375601,0.192693,0.343222,13.815511,2,0,0.000000,1,0.657977,1.292740,1,4,2,anchor1:1-2;0-1
38.500694,1.148000,0.950000,1.498000,1.277243,0.910842,1.248866,1.294995,0.984417,1.368801,0.005701,-0.017987,0.013319,0.999733,-0.228939,0.597880,-0.043837,-0.000681,-0.000114,0.010053,0.283381,0.198706,2.130629,13.815511,2,0,0.000000,1,0.623442,1.194847,1,3,2,anchor1:1-2;0-1
38.517410,1.141000,0.955000,1.498000,1.192537,0.977430,1.333524,1.283167,0.992724,1.366246,0.006214,-0.018025,0.013550,0.999726,-0.248688,0.591359,-0.045076,-0.000624,-0.000115,0.010286,0.173814,0.197467,13.732876,16.266236,3,0,0.000000,1,0.613697,0.921627,1,-1,2,anchor1:1-2;0-1
38.534027,1.134000,0.965000,1.498000,1.102361,0.941149,1.261907,1.264998,0.997490,1.360035,0.006633,-0.018367,0.013298,0.999721,-0.277065,0.580744,-0.049805,-0.000507,-0.000112,0.010976,0.239394,0.193004,16.247482,16.266236,3,0,0.000000,1,0.608799,0.915089,1,-1,2,anchor1:1-2;0-1
38.567224,1.117000,0.982000,1.498000,1.194162,0.961832,1.279704,1.250945,1.011755,1.354278,0.006256,-0.018672,0.013292,0.999718,-0.285314,0.563198,-0.050747,-0.000447,-0.000104,0.011515,0.232409,0.198703,14.450009,16.266236,3,0,0.000000,1,0.613450,0.917857,1,-1,2,anchor1:1-2;0-1
38.600518,1.101000,1.000000,1.499000,1.162494,1.019273,1.339234,1.234800,1.029395,1.351751,0.005181,-0.019797,0.012765,0.999709,-0.305082,0.556865,-0.057615,-0.000407,-0.000104,0.011603,0.172273,0.201119,7.482837,16.266236,3,0,0.000000,1,0.613617,0.928076,1,-1,2,anchor1:1-2;0-1
38.650350,1.076000,1.024000,1.499000,1.177845,0.988282,1.245343,1.215734,1.050461,1.343022,0.004046,-0.019062,0.012932,0.999726,-0.321394,0.537569,-0.064210,-0.000344,-0.000091,0.012369,0.275663,0.211081,13.844658,16.266236,3,0,0.000000,1,0.613667,0.920966,1,-1,2,anchor1:1-2;0-1
38.718953,1.041000,1.057000,1.499000,1.149908,1.041630,1.179654,1.189140,1.081961,1.328886,0.003593,-0.018758,0.012728,0.999737,-0.336881,0.518871,-0.073855,-0.000255,-0.000099,0.013647,0.337756,0.226952,11.806654,16.266236,3,0,0.000000,1,0.614260,0.927515,1,-1,2,anchor1:0-1;1-2
38.768803,1.016000,1.079000,1.499000,1.109808,1.056911,1.167570,1.165524,1.101966,1.315114,0.004262,-0.018908,0.012639,0.999732,-0.352965,0.497036,-0.086296,-0.000155,-0.000105,0.014975,0.345158,0.238115,16.084483,16.266236,3,0,0.000000,1,0.612922,0.929878,1,-1,2,anchor1:0-1;1-2
38.802054,0.998000,1.095000,1.499000,1.030414,1.041991,1.428822,1.140967,1.110089,1.319480,0.004543,-0.020891,0.011841,0.999701,-0.375943,0.475171,-0.081410,-0.000123,-0.000042,0.013977,0.093732,0.229989,-12688868083699.500000,20.515006,5,0,0.000000,1,0.687420,1.957724,1,-1,0,none
38.835338,0.980000,1.110000,1.499000,1.008020,1.090839,1.491361,1.115831,1.122166,1.327683,0.003791,-0.021880,0.011612,0.999686,-0.407021,0.461423,-0.074556,-0.000113,0.000010,0.012494,0.034793,0.218969,-5481838624647830.000000,20.515006,5,0,0.000000,1,0.457279,0.668067,1,-1,0,none
38.854057,0.973000,1.117000,1.498000,1.081299,1.126385,1.286092,1.105427,1.130242,1.323686,0.002929,-0.021941,0.011515,0.999689,-0.415275,0.455622,-0.077986,-0.000088,0.000002,0.012817,0.238163,0.219312,13.475292,16.266236,3,0,0.000000,1,0.622629,1.356573,1,-1,2,anchor2:1-2;2-3
38.872777,0.962000,1.125000,1.498000,1.038492,1.070252,1.264668,1.092096,1.131592,1.318663,0.002683,-0.022013,0.011308,0.999690,-0.426533,0.439443,-0.082197,-0.000048,0.000022,0.013237,0.251579,0.221654,8.625238,16.266236,3,0,0.000000,1,0.609772,0.934357,1,-1,2,anchor1:0-1;1-2
38.889319,0.954000,1.132000,1.498000,0.941549,1.105432,1.526291,1.072192,1.135743,1.329469,0.002907,-0.022496,0.010773,0.999685,-0.453447,0.436876,-0.069984,-0.000030,0.000077,0.011601,0.040758,0.205879,13.529585,18.466827,4,0,0.000000,1,0.394443,0.779793,1,0,0,none
38.939217,0.926000,1.155000,1.499000,0.954287,1.108867,1.399037,1.040159,1.152478,1.330464,0.003614,-0.022599,0.010509,0.999683,-0.475671,0.417478,-0.059647,0.000000,0.000112,0.011000,0.113670,0.203576,13.526781,16.266236,3,0,0.000000,1,0.614911,1.326037,1,-1,2,anchor2:1-2;2-3
39.005695,0.891000,1.182000,1.499000,0.887000,1.205742,1.253870,0.994931,1.182621,1.321345,0.002772,-0.026052,0.009290,0.999614,-0.503951,0.411958,-0.069696,0.000073,0.000077,0.011619,0.246310,0.205823,4.297889,18.466827,4,0,0.000000,1,0.375082,0.702952,1,7,0,none
39.055570,0.864000,1.202000,1.499000,0.897094,1.221556,1.291492,0.961288,1.204917,1.316019,0.001955,-0.027245,0.008799,0.999588,-0.530221,0.408779,-0.067898,0.000115,0.000058,0.011851,0.211039,0.207257,3.768001,18.466827,4,0,0.000000,1,0.375534,0.659121,1,3,0,none
39.072179,0.856000,1.209000,1.499000,0.911583,1.233566,1.378035,0.961288,1.204917,1.316019,0.001955,-0.027245,0.008799,0.999588,-0.530221,0.408779,-0.067898,0.000115,0.000058,0.011851,0.135371,0.211149,-2855121059514367.000000,20.515006,5,0,0.000000,1,1.037226,1.058715,0,-1,0,none
39.122110,0.828000,1.229000,1.500000,0.869429,1.288317,1.429217,0.919222,1.238911,1.320245,0.003905,-0.026500,0.007996,0.999609,-0.550199,0.410590,-0.051801,0.000126,0.000050,0.010752,0.101218,0.201820,7.637320,18.466827,4,0,0.000000,1,0.377437,0.704626,1,7,0,none
39.138672,0.820000,1.235000,1.500000,0.871227,1.250530,1.397127,0.905857,1.246258,1.324744,0.004830,-0.026097,0.008136,0.999615,-0.561799,0.410343,-0.046831,0.000135,0.000062,0.010047,0.115966,0.195481,14.553701,20.515006,5,0,0.000000,1,0.471836,0.858768,1,-1,0,none
39.171955,0.801000,1.248000,1.500000,0.906503,1.275509,1.289484,0.889671,1.261328,1.320915,0.006144,-0.026293,0.007841,0.999605,-0.561208,0.408558,-0.052564,0.000130,0.000048,0.010355,0.237075,0.200279,5.573064,18.466827,4,0,0.000000,1,0.653384,0.850491,1,5,0,none
39.205220,0.781000,1.262000,1.500000,0.801599,1.292066,1.341586,0.863327,1.276696,1.320508,0.008125,-0.028339,0.007589,0.999537,-0.576327,0.404610,-0.054981,0.000159,0.000042,0.010148,0.162553,0.198018,3.991587,18.466827,4,0,0.000000,1,0.378790,0.703864,1,7,0,none
39.238413,0.762000,1.275000,1.500000,0.735012,1.307252,1.430940,0.832483,1.291774,1.326108,0.009265,-0.029403,0.008109,0.999492,-0.611668,0.401606,-0.051675,0.000198,0.000049,0.009144,0.080857,0.188381,10.098642,18.466827,4,0,0.000000,1,0.379759,0.704142,1,7,0,none
39.255025,0.754000,1.280000,1.500000,0.779057,1.322280,1.316297,0.832483,1.291774,1.326108,0.009265,-0.029403,0.008109,0.999492,-0.611668,0.401606,-0.051675,0.000198,0.000049,0.009144,0.190163,0.191145,-1827282120876009.500000,20.515006,5,0,0.000000,1,1.783533,9.832621,0,-1,0,none
39.288346,0.734000,1.293000,1.500000,0.751969,1.355587,1.342508,0.796095,1.316497,1.324816,0.011144,-0.028625,0.007886,0.999497,-0.636603,0.395451,-0.048933,0.000218,0.000030,0.008974,0.170423,0.187343,4.938056,18.466827,4,0,0.000000,1,0.370298,0.675167,1,3,0,none
39.321511,0.714000,1.305000,1.501000,0.703897,1.285735,1.483417,0.767566,1.324293,1.334287,0.012678,-0.027573,0.008504,0.999503,-0.657087,0.373705,-0.035877,0.000241,0.000070,0.007506,0.027971,0.176167,9.634719,20.515006,5,0,0.000000,1,0.467199,0.860835,1,-1,0,none
39.354782,0.694000,1.317000,1.501000,0.814797,1.336157,1.375483,0.753747,1.336450,1.336243,0.012539,-0.026415,0.008187,0.999539,-0.644819,0.365228,-0.031957,0.000210,0.000077,0.007143,0.175253,0.176331,12.911999,18.466827,4,0,0.000000,1,0.649625,0.846736,1,5,0,none
39.371412,0.689000,1.320000,1.501000,0.683962,1.357875,1.431726,0.736953,1.344197,1.342044,0.012569,-0.027289,0.008325,0.999514,-0.657364,0.365491,-0.028066,0.000226,0.000083,0.006308,0.079112,0.167786,3.500634,18.466827,4,0,0.000000,1,0.371372,0.686661,1,3,0,none
39.404613,0.669000,1.331000,1.501000,0.806095,1.385829,1.336561,0.725068,1.359088,1.340980,0.012052,-0.028378,0.008005,0.999493,-0.645411,0.360190,-0.030809,0.000192,0.000073,0.006375,0.221001,0.171869,12.160070,16.266236,3,0,0.000000,1,0.611505,1.250216,1,-1,2,anchor2:1-2;2-3
39.421348,0.658000,1.338000,1.501000,0.650733,1.438391,1.422581,0.708284,1.372327,1.345721,0.010892,-0.029278,0.008056,0.999480,-0.659528,0.367066,-0.025426,0.000207,0.000054,0.005698,0.127595,0.166788,6.073166,18.466827,4,0,0.000000,1,0.373956,0.688672,1,3,0,none
39.437939,0.649000,1.342000,1.501000,0.643750,1.345022,1.535794,0.708284,1.372327,1.345721,0.010892,-0.029278,0.008056,0.999480,-0.659528,0.367066,-0.025426,0.000207,0.000054,0.005698,0.035318,0.168955,-31723604943095780.000000,20.515006,5,0,0.000000,1,1.072826,1.039272,0,-1,0,none
39.454533,0.641000,1.346000,1.501000,0.616944,1.382128,1.510951,0.680197,1.383970,1.355507,0.009401,-0.030494,0.007821,0.999460,-0.678500,0.362957,-0.014471,0.000221,0.000069,0.004305,0.044530,0.155391,4.590778,18.466827,4,0,0.000000,1,0.383941,0.704131,1,7,0,none
39.471142,0.630000,1.352000,1.501000,0.729680,1.424904,1.629286,0.675572,1.393242,1.372506,0.008407,-0.030108,0.007389,0.999484,-0.672609,0.366621,0.003589,0.000187,0.000082,0.002129,0.178069,0.142437,6.804345,16.266236,3,0,0.000000,1,0.730358,1.657717,1,-1,2,anchor6:5-6;6-7
39.504518,0.609000,1.362000,1.501000,0.592217,1.397002,1.512252,0.647545,1.404566,1.381264,0.008057,-0.029967,0.007098,0.999493,-0.692449,0.364682,0.011682,0.000195,0.000093,0.000986,0.040416,0.132794,-18501179242521596.000000,20.515006,5,0,0.000000,1,0.401552,1.292481,1,-1,0,none
39.521012,0.601000,1.367000,1.501000,0.560766,1.382375,1.526326,0.629385,1.408015,1.390138,0.008233,-0.030285,0.007027,0.999483,-0.705718,0.359211,0.021352,0.000207,0.000110,-0.000175,0.049966,0.121566,4.548919,18.466827,4,0,0.000000,1,0.384527,0.703332,1,7,0,none
39.570919,0.572000,1.381000,1.501000,0.587402,1.413592,1.460237,0.593688,1.424366,1.395601,0.009428,-0.030719,0.007269,0.999457,-0.714716,0.346788,0.028771,0.000206,0.000119,-0.000744,0.054415,0.116017,15.195834,20.515006,5,0,0.000000,1,0.463410,0.853348,1,-1,0,none
39.587523,0.564000,1.385000,1.501000,0.556180,1.426498,1.545894,0.579662,1.429807,1.405143,0.009473,-0.031427,0.007073,0.999436,-0.723910,0.342591,0.039233,0.000204,0.000130,-0.001951,0.061634,0.106965,4.849189,18.466827,4,0,0.000000,1,0.386463,0.703643,1,7,0,none
39.604158,0.552000,1.390000,1.501000,0.523677,1.439604,1.454931,0.564379,1.435580,1.408704,0.008996,-0.032420,0.006913,0.999410,-0.733529,0.338269,0.041024,0.000261,0.000132,-0.002369,0.073383,0.103679,1.849586,18.466827,4,0,0.000000,1,0.374879,0.708729,1,3,0,none
39.620697,0.543000,1.393000,1.501000,0.552992,1.488270,1.538079,0.552856,1.445139,1.416790,0.008204,-0.033008,0.006844,0.999398,-0.735765,0.341783,0.049883,0.000255,0.000128,-0.003331,0.102718,0.099534,2.414848,18.466827,4,0,0.000000,1,0.376818,0.705210,1,3,0,none
39.637477,0.532000,1.399000,1.501000,0.543624,1.436865,1.431825,0.541107,1.449507,1.418381,0.007400,-0.033401,0.007086,0.999390,-0.737489,0.335926,0.051197,0.000253,0.000132,-0.003441,0.079713,0.097261,-15739114396060334.000000,20.515006,5,0,0.000000,1,0.412572,0.647066,1,-1,0,none
39.653991,0.523000,1.402000,1.501000,0.540001,1.444873,1.554059,0.530041,1.454254,1.426588,0.006290,-0.034522,0.006692,0.999362,-0.739280,0.335795,0.057015,0.000243,0.000141,-0.004417,0.070302,0.091198,-3654554569279734.500000,20.515006,5,0,0.000000,1,0.511612,0.699311,1,-1,0,none
39.670670,0.514000,1.406000,1.501000,0.526878,1.467438,1.411294,0.519090,1.460130,1.426595,0.005384,-0.035737,0.006430,0.999326,-0.739984,0.336450,0.052303,0.000242,0.000139,-0.004299,0.109488,0.092153,7.222941,20.515006,5,0,0.000000,1,0.462020,0.848558,1,-1,0,none
39.703955,0.494000,1.415000,1.501000,0.468657,1.495251,1.440408,0.492572,1.473191,1.428881,0.004838,-0.038311,0.006409,0.999234,-0.757642,0.342400,0.049427,0.000247,0.000133,-0.004389,0.103701,0.092679,5.323198,18.466827,4,0,0.000000,1,0.390583,0.699157,1,7,0,none
39.720540,0.485000,1.419000,1.501000,0.458465,1.488791,1.414105,0.478416,1.479582,1.428838,0.004706,-0.039050,0.006279,0.999206,-0.771857,0.348303,0.048719,0.000254,0.000131,-0.004283,0.114567,0.094450,0.847502,18.466827,4,0,0.000000,1,0.390424,0.698533,1,7,0,none
39.737155,0.473000,1.423000,1.501000,0.462807,1.458492,1.469993,0.465433,1.483298,1.431751,0.005032,-0.039457,0.006327,0.999189,-0.778364,0.345132,0.052878,0.000252,0.000138,-0.004569,0.048219,0.092133,3.324181,18.466827,4,0,0.000000,1,0.388904,0.699618,1,7,0,none
39.753779,0.464000,1.427000,1.500000,0.444264,1.436428,1.456919,0.452420,1.484825,1.433791,0.005362,-0.039493,0.006485,0.999184,-0.786081,0.336286,0.054350,0.000252,0.000152,-0.004750,0.048315,0.088665,-2290442531010617.500000,20.515006,5,0,0.000000,1,0.391202,0.982552,1,-1,0,none
39.770380,0.455000,1.431000,1.500000,0.490613,1.435101,1.424545,0.443498,1.486156,1.434202,0.005567,-0.039185,0.006395,0.999196,-0.783917,0.327652,0.056974,0.000239,0.000166,-0.004678,0.083538,0.086625,3.198715,20.515006,5,0,0.000000,1,0.461503,0.850027,1,-1,0,none
39.787006,0.443000,1.435000,1.500000,0.454041,1.466091,1.437398,0.443498,1.486156,1.434202,0.005567,-0.039185,0.006395,0.999196,-0.783917,0.327652,0.056974,0.000239,0.000166,-0.004678,0.070764,0.083346,-12793.339781,20.515006,5,0,0.000000,1,40.961429,-nan,0,-1,0,none
39.803702,0.434000,1.439000,1.500000,0.485611,1.449237,1.429137,0.422462,1.493460,1.435797,0.006901,-0.038630,0.006028,0.999212,-0.789079,0.325768,0.057021,0.000221,0.000178,-0.004620,0.088261,0.084977,-1027837487780340.500000,20.515006,5,0,0.000000,1,0.612540,1.080860,1,-1,0,none
39.836806,0.412000,1.447000,1.500000,0.443964,1.469814,1.407168,0.400228,1.501402,1.436140,0.009587,-0.037363,0.006423,0.999235,-0.799460,0.323695,0.058588,0.000209,0.000187,-0.004396,0.100797,0.084713,-203031642312064.625000,20.515006,5,0,0.000000,1,0.703861,0.719433,1,-1,0,none
39.853547,0.402000,1.451000,1.500000,0.453011,1.463458,1.464938,0.392268,1.503356,1.438537,0.010539,-0.036605,0.006656,0.999252,-0.792893,0.314170,0.059964,0.000185,0.000201,-0.004580,0.063140,0.081324,3.220128,20.515006,5,0,0.000000,1,0.460946,0.848839,1,-1,0,none
39.870115,0.393000,1.455000,1.500000,0.419864,1.473271,1.444800,0.382327,1.505852,1.439792,0.011520,-0.036564,0.006905,0.999241,-0.791617,0.309893,0.060369,0.000171,0.000212,-0.004612,0.064051,0.079529,-1624245239309470.000000,20.515006,5,0,0.000000,1,0.608686,0.853377,1,-1,0,none
39.886767,0.381000,1.458000,1.499000,0.361848,1.561618,1.328108,0.368540,1.514641,1.435264,0.012330,-0.036906,0.007296,0.999216,-0.794881,0.313360,0.052848,0.000191,0.000190,-0.003836,0.200767,0.086173,3.727918,18.466827,4,0,0.000000,1,0.379346,0.728019,1,3,0,none
39.903323,0.372000,1.462000,1.499000,0.416156,1.533280,1.385816,0.360229,1.520498,1.433692,0.013133,-0.037411,0.007604,0.999185,-0.789237,0.307388,0.048036,0.000179,0.000183,-0.003478,0.140858,0.088463,2.343232,20.515006,5,0,0.000000,1,0.460365,0.842119,1,-1,0,none
39.919973,0.359000,1.467000,1.499000,0.299188,1.469954,1.278478,0.343963,1.521458,1.426956,0.014649,-0.038104,0.007798,0.999136,-0.805169,0.297431,0.037938,0.000219,0.000197,-0.002463,0.228509,0.091554,2.813301,16.266236,3,0,0.000000,1,0.704812,1.667047,1,-1,2,anchor6:5-6;6-7
39.953262,0.340000,1.473000,1.499000,0.336753,1.453595,1.625276,0.318508,1.525714,1.437770,0.017834,-0.037046,0.008625,0.999117,-0.819523,0.283328,0.046600,0.000178,0.000234,-0.003825,0.127800,0.083605,6.229837,16.266236,3,0,0.000000,1,0.600146,1.118269,1,-1,2,anchor2:1-2;2-3
39.969808,0.327000,1.477000,1.498000,0.365395,1.506056,1.341119,0.309817,1.528339,1.433853,0.019294,-0.036065,0.008757,0.999125,-0.816487,0.273159,0.041195,0.000173,0.000237,-0.003152,0.164104,0.083939,6.869984,20.515006,5,0,0.000000,1,0.459745,0.841326,1,-1,0,none
39.986440,0.318000,1.480000,1.498000,0.225745,1.495401,1.212607,0.291579,1.529954,1.423958,0.021025,-0.035791,0.008987,0.999098,-0.828690,0.263966,0.030361,0.000238,0.000240,-0.001689,0.300329,0.093143,2.503631,16.266236,3,0,0.000000,1,0.703720,1.670760,1,-1,2,anchor6:5-6;6-7
40.003120,0.305000,1.484000,1.498000,0.344625,1.527982,1.373331,0.282624,1.533732,1.422099,0.022654,-0.034805,0.009085,0.999096,-0.824569,0.256199,0.027205,0.000220,0.000239,-0.001332,0.138011,0.093460,-456815512634449.250000,20.515006,5,0,0.000000,1,0.891642,1.552833,1,-1,0,none
40.019747,0.295000,1.486000,1.498000,0.244569,1.490978,1.181705,0.267222,1.534585,1.411374,0.024173,-0.034463,0.009224,0.999071,-0.835575,0.245416,0.012933,0.000273,0.000246,0.000241,0.320329,0.103132,4.881398,16.266236,3,0,0.000000,1,0.703010,1.671242,1,-1,2,anchor6:5-6;6-7
40.036378,0.285000,1.490000,1.498000,0.226295,1.471861,1.191009,0.252144,1.533786,1.401477,0.026106,-0.034258,0.009319,0.999029,-0.841704,0.228785,0.002966,0.000322,0.000262,0.001664,0.313080,0.110966,2.645058,16.266236,3,0,0.000000,1,0.701694,1.668221,1,-1,2,anchor6:5-6;6-7
40.069620,0.263000,1.495000,1.497000,0.244902,1.485354,1.062941,0.225576,1.536987,1.385844,0.029183,-0.033860,0.010234,0.998948,-0.852863,0.206592,-0.007309,0.000374,0.000268,0.003947,0.434544,0.124576,4.813350,16.266236,3,0,0.000000,1,0.700236,1.675104,1,-1,2,anchor6:5-6;6-7
40.102846,0.240000,1.499000,1.497000,0.144474,1.461800,1.171130,0.193171,1.537417,1.375384,0.032051,-0.034506,0.010696,0.998833,-0.868504,0.174360,-0.008803,0.000443,0.000298,0.005411,0.341614,0.135865,14.554533,16.266236,3,0,0.000000,1,0.699810,1.666144,1,-1,2,anchor6:5-6;6-7
40.119509,0.230000,1.501000,1.497000,0.191333,1.514599,1.336591,0.180211,1.538263,1.373424,0.032831,-0.034776,0.011100,0.998794,-0.874561,0.163031,-0.009400,0.000444,0.000309,0.005676,0.165563,0.138342,8.980249,20.515006,5,0,0.000000,1,0.458439,0.833471,1,-1,0,none
40.136083,0.220000,1.503000,1.497000,0.151535,1.464147,1.476853,0.165211,1.535504,1.378052,0.033233,-0.034767,0.011326,0.998779,-0.883445,0.141275,-0.002102,0.000430,0.000358,0.004950,0.081258,0.134933,7.334064,16.266236,3,0,0.000000,1,0.597027,1.057552,1,-1,2,anchor2:1-2;2-3
40.152835,0.207000,1.505000,1.497000,0.227197,1.559658,1.386582,0.156098,1.539211,1.378478,0.032541,-0.034244,0.011405,0.998818,-0.877213,0.130646,-0.001176,0.000390,0.000346,0.004919,0.124850,0.133450,-14015465668372606.000000,20.515006,5,0,0.000000,1,0.440458,0.810450,1,-1,0,none
40.202526,0.174000,1.510000,1.497000,0.076248,1.583000,1.213135,0.109887,1.547670,1.370377,0.029299,-0.034717,0.011495,0.998901,-0.894355,0.107777,-0.011396,0.000449,0.000313,0.006113,0.308972,0.146843,3.788228,16.266236,3,0,0.000000,1,0.706814,1.675121,1,-1,2,anchor6:5-6;6-7
40.219205,0.164000,1.510000,1.497000,0.102290,1.463870,1.556425,0.095971,1.543175,1.379104,0.029220,-0.035511,0.011145,0.998880,-0.897101,0.090673,-0.001659,0.000402,0.000373,0.004764,0.097301,0.140100,3.746643,16.266236,3,0,0.000000,1,0.596490,1.047484,1,-1,2,anchor2:1-2;2-3
40.235874,0.151000,1.511000,1.497000,0.050587,1.643180,1.181956,0.078809,1.551626,1.369747,0.028074,-0.036210,0.011194,0.998887,-0.908187,0.093498,-0.012348,0.000464,0.000306,0.006171,0.356100,0.151840,0.252253,16.266236,3,0,0.000000,1,0.943672,1.731471,1,-1,2,anchor7:6-7;7-0
40.252469,0.141000,1.511000,1.497000,0.114211,1.467251,1.578803,0.067454,1.547092,1.379361,0.027661,-0.035697,0.011296,0.998916,-0.908767,0.072845,-0.001625,0.000390,0.000363,0.004702,0.096558,0.143355,1.141907,16.266236,3,0,0.000000,1,0.596618,1.051442,1,-1,2,anchor2:1-2;2-3
40.269057,0.131000,1.512000,1.497000,0.131782,1.568729,1.435887,0.058649,1.549684,1.382067,0.026617,-0.034889,0.011402,0.998972,-0.901043,0.067200,0.005169,0.000339,0.000356,0.004338,0.083388,0.140941,-634471564860959.750000,20.515006,5,0,0.000000,1,0.335680,0.772424,1,-1,0,none
40.302376,0.108000,1.512000,1.497000,0.031724,1.527468,1.217956,0.028892,1.549701,1.374402,0.025009,-0.034211,0.010986,0.999041,-0.910050,0.049833,-0.000428,0.000378,0.000359,0.005505,0.289694,0.150698,4.355331,16.266236,3,0,0.000000,1,0.703214,1.668003,1,-1,2,anchor6:5-6;6-7
40.318974,0.094000,1.512000,1.497000,0.090578,1.545038,1.449797,0.019486,1.550137,1.377998,0.024230,-0.034049,0.010842,0.999068,-0.903194,0.041147,0.004969,0.000320,0.000365,0.004994,0.057718,0.145493,10.969415,20.515006,5,0,0.000000,1,0.458103,0.837209,1,-1,0,none
40.335528,0.084000,1.512000,1.497000,0.112550,1.539459,1.411003,0.019486,1.550137,1.377998,0.024230,-0.034049,0.010842,0.999068,-0.903194,0.041147,0.004969,0.000320,0.000365,0.004994,0.094682,0.140634,-50758978587268.250000,20.515006,5,0,0.000000,1,0.579693,2.511572,0,-1,0,none
40.385495,0.050000,1.510000,1.498000,0.038063,1.590741,1.470924,-0.034210,1.555267,1.383486,0.019757,-0.035855,0.010182,0.999110,-0.904899,0.018430,0.016212,0.000249,0.000346,0.004309,0.085992,0.149177,-9161779312889860.000000,20.515006,5,0,0.000000,1,0.425507,0.779658,1,-1,0,none
40.451941,0.006000,1.508000,1.499000,-0.019795,1.543389,1.415966,-0.087590,1.554711,1.386324,0.014864,-0.036016,0.009765,0.999193,-0.918043,0.001843,0.014699,0.000193,0.000354,0.004063,0.093874,0.153743,9.708802,20.515006,5,0,0.000000,1,0.458111,0.844315,1,-1,0,none
40.468552,-0.003000,1.507000,1.499000,-0.001403,1.517402,1.439548,-0.092554,1.551325,1.389513,0.013971,-0.034968,0.009656,0.999244,-0.902304,-0.007788,0.018927,0.000116,0.000376,0.003643,0.060376,0.148230,3.041044,18.466827,4,0,0.000000,1,0.568154,0.905848,1,6,0,none
40.485239,-0.016000,1.506000,1.499000,-0.003055,1.581097,1.382518,-0.097603,1.553859,1.389475,0.013092,-0.033606,0.009397,0.999305,-0.892543,-0.004934,0.015187,0.000065,0.000358,0.003745,0.139195,0.144724,-4111368812396667.000000,20.515006,5,0,0.000000,1,0.624749,1.217324,1,-1,0,none
40.518465,-0.041000,1.505000,1.499000,-0.036504,1.614017,1.458743,-0.118689,1.559234,1.393947,0.011608,-0.031922,0.009528,0.999378,-0.880936,0.001074,0.021645,-0.000011,0.000326,0.003227,0.116299,0.141467,4.854765,20.515006,5,0,0.000000,1,0.458112,0.841904,1,-1,0,none
40.535131,-0.051000,1.504000,1.499000,-0.152151,1.608038,1.245649,-0.134903,1.563343,1.386275,0.011191,-0.031504,0.009809,0.999393,-0.885159,0.003888,0.013329,0.000065,0.000301,0.004437,0.291962,0.152539,5.059397,16.266236,3,0,0.000000,1,0.956282,1.789387,1,-1,2,anchor7:6-7;7-0
40.551671,-0.061000,1.502000,1.499000,-0.048000,1.565161,1.351559,-0.140218,1.563510,1.384669,0.011130,-0.030620,0.010019,0.999419,-0.869959,0.002996,0.014299,0.000029,0.000299,0.004743,0.160926,0.152087,13.167594,20.515006,5,0,0.000000,1,0.458221,0.843363,1,-1,0,none
40.568286,-0.075000,1.501000,1.499000,-0.065634,1.592150,1.356399,-0.146898,1.565887,1.383435,0.011187,-0.030339,0.010179,0.999425,-0.859425,0.005500,0.015161,-0.000000,0.000285,0.004995,0.169503,0.150781,1.762516,18.466827,4,0,0.000000,1,0.382263,0.791969,1,3,0,none
40.618186,-0.109000,1.497000,1.499000,-0.084441,1.529415,1.399638,-0.146898,1.565887,1.383435,0.011187,-0.030339,0.010179,0.999425,-0.859425,0.005500,0.015161,-0.000000,0.000285,0.004995,0.107363,0.139775,-21330952228118520.000000,20.515006,5,0,0.000000,1,2.533421,5.401999,0,-1,0,none
40.634771,-0.120000,1.496000,1.499000,-0.123525,1.541608,1.403321,-0.196342,1.563631,1.385665,0.011657,-0.028633,0.010543,0.999466,-0.861987,-0.008161,0.023407,-0.000054,0.000297,0.004850,0.106052,0.152469,-18323503492723192.000000,20.515006,5,0,0.000000,1,0.481824,1.443460,1,-1,0,none
40.651430,-0.134000,1.494000,1.499000,-0.149175,1.539305,1.370060,-0.204735,1.561272,1.385133,0.011861,-0.027784,0.010665,0.999487,-0.850956,-0.016101,0.026257,-0.000077,0.000310,0.004989,0.137508,0.149982,4.698529,20.515006,5,0,0.000000,1,0.458678,0.850892,1,-1,0,none
40.668070,-0.144000,1.493000,1.500000,-0.108566,1.515981,1.415265,-0.209074,1.557101,1.387097,0.012762,-0.027054,0.010952,0.999493,-0.837586,-0.024534,0.025808,-0.000148,0.000332,0.004759,0.094676,0.145226,3.830033,18.466827,4,0,0.000000,1,0.563099,0.704218,1,1,0,none
40.684662,-0.154000,1.492000,1.500000,-0.157617,1.487738,1.361404,-0.217446,1.550832,1.385987,0.013636,-0.027012,0.010442,0.999488,-0.829949,-0.037545,0.022397,-0.000167,0.000366,0.004952,0.138709,0.143128,1.976598,18.466827,4,0,0.000000,1,0.556986,0.880976,1,6,0,none
40.717878,-0.175000,1.489000,1.500000,-0.147036,1.503061,1.408173,-0.236126,1.545563,1.387795,0.014586,-0.027412,0.010286,0.999465,-0.817512,-0.051338,0.022916,-0.000226,0.000388,0.004780,0.097015,0.139734,-4111393477206518.000000,20.515006,5,0,0.000000,1,0.497213,0.813643,1,-1,0,none
40.734566,-0.189000,1.487000,1.500000,-0.242064,1.626188,1.191071,-0.248807,1.551276,1.377708,0.014034,-0.026701,0.010796,0.999487,-0.821821,-0.046081,0.011987,-0.000119,0.000349,0.006342,0.342967,0.150544,1.064128,16.266236,3,0,0.000000,1,0.979697,1.826806,1,-1,2,anchor7:6-7;7-0
40.751198,-0.202000,1.485000,1.500000,-0.168024,1.513145,1.370246,-0.254777,1.547508,1.377384,0.013728,-0.025210,0.010363,0.999534,-0.812700,-0.051379,0.012643,-0.000160,0.000368,0.006396,0.137050,0.147402,7.642297,20.515006,5,0,0.000000,1,0.458908,0.853516,1,-1,0,none
40.767771,-0.213000,1.483000,1.500000,-0.264286,1.567675,1.362656,-0.267250,1.548308,1.376835,0.013019,-0.023997,0.010110,0.999576,-0.813497,-0.053767,0.012094,-0.000153,0.000358,0.006516,0.169303,0.149592,5.579102,20.515006,5,0,0.000000,1,0.459428,0.853566,1,-1,0,none
40.784391,-0.223000,1.481000,1.500000,-0.201571,1.514424,1.422990,-0.274241,1.544971,1.379329,0.012556,-0.022652,0.009958,0.999615,-0.806064,-0.057617,0.017855,-0.000214,0.000373,0.006181,0.086643,0.145875,4.749398,18.466827,4,0,0.000000,1,0.556635,0.873620,1,6,0,none
40.817683,-0.247000,1.477000,1.501000,-0.243165,1.435435,1.459204,-0.296283,1.534546,1.383958,0.012533,-0.021205,0.008659,0.999659,-0.795501,-0.078330,0.026231,-0.000286,0.000420,0.005561,0.059070,0.139425,1.134695,18.466827,4,0,0.000000,1,0.550257,0.877821,1,6,0,none
40.850893,-0.271000,1.473000,1.502000,-0.340590,1.483016,1.211062,-0.323529,1.527794,1.375559,0.013518,-0.021050,0.008542,0.999651,-0.794832,-0.091659,0.019616,-0.000223,0.000431,0.006896,0.299313,0.147475,4.669838,16.266236,3,0,0.000000,1,0.699095,1.641678,1,-1,2,anchor6:5-6;6-7
40.867485,-0.281000,1.471000,1.501000,-0.289715,1.533501,1.335446,-0.332610,1.526806,1.373532,0.013600,-0.020954,0.008615,0.999651,-0.786097,-0.096047,0.018954,-0.000233,0.000424,0.007210,0.177173,0.148412,-25379670654974.875000,20.515006,5,0,0.000000,1,0.608256,1.097222,1,-1,0,none
40.884211,-0.295000,1.467000,1.502000,-0.262821,1.503272,1.453475,-0.339116,1.523617,1.377843,0.013915,-0.020753,0.008374,0.999653,-0.776720,-0.099991,0.023660,-0.000314,0.000434,0.006625,0.068599,0.143411,6.461651,20.515006,5,0,0.000000,1,0.459679,0.860082,1,-1,0,none
40.900752,-0.305000,1.466000,1.502000,-0.323090,1.523002,1.458028,-0.349793,1.522119,1.382206,0.014437,-0.020262,0.008286,0.999656,-0.775822,-0.102760,0.026927,-0.000372,0.000435,0.006044,0.074230,0.139665,-1072257553678333.500000,20.515006,5,0,0.000000,1,0.583588,0.783634,1,-1,0,none
40.917350,-0.315000,1.464000,1.502000,-0.296147,1.503990,1.318174,-0.349793,1.522119,1.382206,0.014437,-0.020262,0.008286,0.999656,-0.775822,-0.102760,0.026927,-0.000372,0.000435,0.006044,0.189068,0.137619,-203036075558910.000000,20.515006,5,0,0.000000,1,1.255546,2.419422,0,-1,0,none
40.933999,-0.329000,1.461000,1.503000,-0.283548,1.486179,1.388073,-0.367914,1.516087,1.383315,0.015969,-0.019590,0.008356,0.999646,-0.763050,-0.114598,0.028341,-0.000414,0.000449,0.006008,0.126127,0.137381,5.170149,20.515006,5,0,0.000000,1,0.460098,0.860233,1,-1,0,none
40.950645,-0.339000,1.458000,1.504000,-0.394861,1.494720,1.183711,-0.381305,1.512499,1.373693,0.016788,-0.019842,0.008110,0.999629,-0.761086,-0.123901,0.017356,-0.000290,0.000455,0.007521,0.327191,0.147444,5.217481,16.266236,3,0,0.000000,1,0.699778,1.637173,1,-1,2,anchor6:5-6;6-7
40.967340,-0.349000,1.456000,1.504000,-0.346455,1.462355,1.392704,-0.390292,1.506875,1.374858,0.017492,-0.020044,0.008177,0.999613,-0.754377,-0.134513,0.017270,-0.000321,0.000476,0.007383,0.111506,0.144814,1.759875,18.466827,4,0,0.000000,1,0.545046,0.853954,1,6,0,none
41.000515,-0.373000,1.451000,1.504000,-0.346097,1.502281,1.381688,-0.409493,1.502353,1.375590,0.017774,-0.020707,0.008455,0.999592,-0.742469,-0.146058,0.013612,-0.000354,0.000476,0.007340,0.135328,0.143031,5.475406,18.466827,4,0,0.000000,1,0.394800,0.649411,1,7,0,none
41.033740,-0.395000,1.444000,1.505000,-0.371607,1.445923,1.355695,-0.429106,1.493311,1.374830,0.018174,-0.021046,0.008509,0.999577,-0.736063,-0.161640,0.006365,-0.000371,0.000499,0.007484,0.151139,0.143315,8.093629,20.515006,5,0,0.000000,1,0.461677,0.864760,1,-1,0,none
41.050389,-0.406000,1.442000,1.505000,-0.399390,1.410173,1.443210,-0.438119,1.484411,1.378275,0.018490,-0.020837,0.008235,0.999578,-0.729959,-0.181927,0.008406,-0.000432,0.000535,0.006952,0.069818,0.137439,1.178204,18.466827,4,0,0.000000,1,0.539726,0.854191,1,6,0,none
41.067036,-0.419000,1.438000,1.505000,-0.391368,1.485483,1.392383,-0.445271,1.481834,1.379056,0.018051,-0.020570,0.008040,0.999593,-0.724355,-0.183821,0.007867,-0.000464,0.000534,0.006853,0.125303,0.135917,8.185563,20.515006,5,0,0.000000,1,0.461458,0.863189,1,-1,0,none
41.083592,-0.429000,1.435000,1.505000,-0.395636,1.450022,1.397534,-0.445271,1.481834,1.379056,0.018051,-0.020570,0.008040,0.999593,-0.724355,-0.183821,0.007867,-0.000464,0.000534,0.006853,0.113524,0.135351,-1827278251886590.000000,20.515006,5,0,0.000000,1,1.766518,10.022237,0,-1,0,none
41.116870,-0.452000,1.428000,1.505000,-0.406891,1.458472,1.338806,-0.475152,1.471278,1.377005,0.018226,-0.018752,0.007950,0.999626,-0.712656,-0.192520,-0.000354,-0.000472,0.000540,0.007165,0.174882,0.137083,1.333316,18.466827,4,0,0.000000,1,0.541690,0.658666,1,1,0,none
41.183428,-0.495000,1.414000,1.506000,-0.468692,1.433805,1.348635,-0.517506,1.455672,1.375198,0.021454,-0.016562,0.008196,0.999599,-0.708557,-0.215696,-0.002081,-0.000480,0.000553,0.007392,0.160773,0.139113,2.071302,20.515006,5,0,0.000000,1,0.463398,0.867145,1,-1,0,none
41.200017,-0.508000,1.410000,1.506000,-0.496311,1.438716,1.339435,-0.520564,1.452630,1.373150,0.021721,-0.016060,0.008147,0.999602,-0.703971,-0.220983,-0.003071,-0.000469,0.000560,0.007677,0.169426,0.140087,-812119798522368.000000,20.515006,5,0,0.000000,1,0.339015,1.061693,1,-1,0,none
41.233260,-0.528000,1.403000,1.506000,-0.518704,1.332534,1.365422,-0.541312,1.435160,1.372516,0.022905,-0.015902,0.007884,0.999580,-0.693756,-0.252592,0.000324,-0.000496,0.000594,0.007854,0.157525,0.137947,0.990189,18.466827,4,0,0.000000,1,0.528830,0.670337,1,1,0,none
41.249867,-0.540000,1.398000,1.507000,-0.502139,1.426552,1.512054,-0.548321,1.430823,1.380186,0.023163,-0.015359,0.008026,0.999582,-0.684938,-0.255802,0.011547,-0.000613,0.000602,0.006730,0.047689,0.131257,-1222417595804329.000000,20.515006,5,0,0.000000,1,0.433710,0.890108,1,-1,0,none
41.266591,-0.550000,1.394000,1.507000,-0.510170,1.418288,1.389443,-0.555538,1.425875,1.380779,0.023582,-0.015120,0.007948,0.999576,-0.676066,-0.262369,0.010230,-0.000641,0.000606,0.006651,0.126475,0.130301,7.754390,20.515006,5,0,0.000000,1,0.464290,0.869527,1,-1,0,none
41.283073,-0.560000,1.391000,1.507000,-0.548456,1.435746,1.417295,-0.564653,1.422876,1.382841,0.023631,-0.015278,0.007971,0.999572,-0.666201,-0.270035,0.014273,-0.000672,0.000602,0.006366,0.100909,0.128270,2.308891,18.466827,4,0,0.000000,1,0.377678,0.853717,1,3,0,none
41.299680,-0.570000,1.387000,1.507000,-0.525706,1.452447,1.462501,-0.571457,1.421281,1.387149,0.023403,-0.015375,0.007980,0.999576,-0.660178,-0.268334,0.016771,-0.000742,0.000591,0.005770,0.090694,0.124665,1.122263,20.515006,5,0,0.000000,1,0.463983,0.869193,1,-1,0,none
41.316426,-0.582000,1.381000,1.507000,-0.579271,1.401786,1.386174,-0.582002,1.415731,1.387327,0.023186,-0.015659,0.007928,0.999577,-0.658984,-0.272404,0.015271,-0.000743,0.000596,0.005774,0.122632,0.124611,-38067249070760.750000,20.515006,5,0,0.000000,1,0.465256,0.679983,1,-1,0,none
41.333002,-0.591000,1.377000,1.507000,-0.561602,1.370642,1.375927,-0.582002,1.415731,1.387327,0.023186,-0.015659,0.007928,0.999577,-0.658984,-0.272404,0.015271,-0.000743,0.000596,0.005774,0.134479,0.126106,-12194521956403200.000000,20.515006,5,0,0.000000,1,1.432349,1.465465,0,-1,0,none
41.366203,-0.614000,1.367000,1.507000,-0.608946,1.374068,1.267422,-0.613670,1.399329,1.381383,0.022718,-0.015896,0.007867,0.999585,-0.655119,-0.296737,0.001501,-0.000667,0.000607,0.006711,0.239735,0.129711,1.765518,18.466827,4,0,0.000000,1,0.524394,0.676797,1,1,0,none
41.399579,-0.637000,1.357000,1.508000,-0.598325,1.330395,1.470401,-0.632108,1.384423,1.386130,0.022246,-0.014832,0.007566,0.999614,-0.645708,-0.314496,0.001222,-0.000744,0.000634,0.005970,0.060143,0.125014,1.671329,18.466827,4,0,0.000000,1,0.525356,0.683528,1,1,0,none
41.432754,-0.659000,1.347000,1.507000,-0.646646,1.348866,1.406266,-0.652414,1.371927,1.387141,0.022280,-0.013831,0.007118,0.999631,-0.641668,-0.327996,-0.003412,-0.000760,0.000645,0.005797,0.101506,0.122601,0.426608,18.466827,4,0,0.000000,1,0.522526,0.686056,1,1,0,none
41.449322,-0.668000,1.342000,1.507000,-0.644436,1.347596,1.529822,-0.661210,1.365217,1.394735,0.022639,-0.013004,0.007086,0.999634,-0.637607,-0.335471,0.001678,-0.000860,0.000655,0.004653,0.033278,0.114841,-634470809199614.250000,20.515006,5,0,0.000000,1,0.383414,0.744200,1,-1,0,none
41.466036,-0.679000,1.338000,1.507000,-0.637643,1.358205,1.391401,-0.668790,1.359581,1.394559,0.022745,-0.011727,0.007317,0.999646,-0.628277,-0.341355,0.001206,-0.000872,0.000656,0.004676,0.124426,0.114948,-6344756454397.281250,20.515006,5,0,0.000000,1,0.372746,0.879655,1,-1,0,none
41.499213,-0.699000,1.326000,1.506000,-0.672195,1.360015,1.423842,-0.687585,1.349533,1.396196,0.023182,-0.009765,0.007144,0.999658,-0.620342,-0.343122,0.003750,-0.000897,0.000652,0.004448,0.092874,0.112876,5.279525,20.515006,5,0,0.000000,1,0.468788,0.874818,1,-1,0,none
41.515817,-0.706000,1.324000,1.506000,-0.675935,1.302104,1.446746,-0.687585,1.349533,1.396196,0.023182,-0.009765,0.007144,0.999658,-0.620342,-0.343122,0.003750,-0.000897,0.000652,0.004448,0.069960,0.114228,-50758051635198.343750,20.515006,5,0,0.000000,1,1.633631,3.983019,0,-1,0,none
41.532480,-0.718000,1.316000,1.506000,-0.711289,1.332207,1.421910,-0.708151,1.337616,1.397742,0.023976,-0.008166,0.007194,0.999653,-0.616011,-0.353476,0.008027,-0.000912,0.000654,0.004242,0.085900,0.110834,0.966425,18.466827,4,0,0.000000,1,0.387122,0.659232,1,7,0,none
41.549097,-0.731000,1.310000,1.506000,-0.743438,1.341003,1.390185,-0.720318,1.332502,1.397506,0.023948,-0.007754,0.007159,0.999658,-0.616020,-0.360748,0.010609,-0.000896,0.000650,0.004308,0.120537,0.111317,-12993968362784770.000000,20.515006,5,0,0.000000,1,0.387020,0.776120,1,-1,0,none
41.565770,-0.743000,1.304000,1.506000,-0.731019,1.326104,1.484533,-0.730619,1.326539,1.402282,0.024079,-0.006934,0.006993,0.999662,-0.614417,-0.364006,0.018045,-0.000948,0.000650,0.003639,0.033060,0.106859,-17822292720025600.000000,20.515006,5,0,0.000000,1,0.441720,0.735932,1,-1,0,none
41.582289,-0.752000,1.298000,1.506000,-0.759486,1.331273,1.458202,-0.741804,1.321626,1.405482,0.023926,-0.006984,0.007055,0.999664,-0.609718,-0.367609,0.023563,-0.000972,0.000645,0.003224,0.058718,0.103760,4.373803,18.466827,4,0,0.000000,1,0.402860,1.089263,1,4,0,none
41.598968,-0.762000,1.292000,1.506000,-0.753633,1.271993,1.587975,-0.751853,1.312464,1.415083,0.023973,-0.007408,0.007008,0.999661,-0.605568,-0.380223,0.033490,-0.001074,0.000657,0.001858,0.084795,0.093742,1.523795,18.466827,4,0,0.000000,1,0.385710,0.668957,1,7,0,none
41.615662,-0.770000,1.287000,1.506000,-0.745884,1.260026,1.420108,-0.757204,1.304940,1.415615,0.023989,-0.008011,0.006809,0.999657,-0.599270,-0.391506,0.034643,-0.001081,0.000672,0.001807,0.093202,0.093032,3.589518,18.466827,4,0,0.000000,1,0.512760,0.704090,1,1,0,none
41.632229,-0.781000,1.279000,1.505000,-0.747689,1.278739,1.447943,-0.765636,1.297078,1.417709,0.023858,-0.008745,0.006706,0.999655,-0.592709,-0.398103,0.035232,-0.001105,0.000679,0.001572,0.066070,0.090458,9.867425,20.515006,5,0,0.000000,1,0.472458,0.881292,1,-1,0,none
41.648839,-0.791000,1.274000,1.505000,-0.764102,1.286672,1.425654,-0.774204,1.290444,1.418595,0.023697,-0.009552,0.006933,0.999650,-0.587900,-0.407851,0.033968,-0.001112,0.000680,0.001517,0.084734,0.089546,0.395005,18.466827,4,0,0.000000,1,0.512929,0.704205,1,1,0,none
41.665439,-0.800000,1.269000,1.505000,-0.812253,1.288063,1.367770,-0.785548,1.284110,1.416717,0.022858,-0.010758,0.006886,0.999657,-0.589774,-0.413682,0.030864,-0.001077,0.000679,0.001879,0.139088,0.090726,2.839364,20.515006,5,0,0.000000,1,0.474319,0.877421,1,-1,0,none
41.682114,-0.811000,1.261000,1.505000,-0.757564,1.243865,1.436783,-0.792577,1.275093,1.418075,0.022163,-0.010885,0.006762,0.999672,-0.586550,-0.421944,0.030071,-0.001099,0.000689,0.001729,0.088332,0.089967,3.180533,20.515006,5,0,0.000000,1,0.473552,0.883649,1,-1,0,none
41.698767,-0.820000,1.255000,1.505000,-0.812788,1.254045,1.395836,-0.802872,1.267157,1.417527,0.021740,-0.010178,0.006904,0.999688,-0.582468,-0.428832,0.031388,-0.001085,0.000694,0.001881,0.109406,0.089959,0.943492,18.466827,4,0,0.000000,1,0.407797,0.852047,1,0,0,none
41.715351,-0.832000,1.248000,1.505000,-0.852646,1.231548,1.397548,-0.814614,1.258504,1.417082,0.021444,-0.009500,0.007038,0.999700,-0.582732,-0.434542,0.031016,-0.001063,0.000703,0.002015,0.110647,0.090234,3.168257,18.466827,4,0,0.000000,1,0.382720,0.673860,1,7,0,none
41.731940,-0.841000,1.242000,1.505000,-0.835158,1.281116,1.395883,-0.824605,1.253504,1.416612,0.020699,-0.009452,0.006847,0.999718,-0.583429,-0.434293,0.028847,-0.001048,0.000694,0.002170,0.116063,0.090629,-3248515304652800.000000,20.515006,5,0,0.000000,1,0.694775,0.912692,1,-1,0,none
41.765268,-0.861000,1.228000,1.505000,-0.865229,1.207961,1.460216,-0.845190,1.236999,1.419577,0.020929,-0.008331,0.006711,0.999724,-0.581101,-0.440462,0.033454,-0.001061,0.000704,0.001870,0.049245,0.087338,2.157814,20.515006,5,0,0.000000,1,0.477721,0.885776,1,-1,0,none
41.781826,-0.869000,1.222000,1.504000,-0.878604,1.209707,1.448963,-0.856402,1.228370,1.421443,0.021009,-0.008158,0.006819,0.999723,-0.578733,-0.446010,0.036400,-0.001066,0.000710,0.001670,0.057205,0.083756,2.523908,18.466827,4,0,0.000000,1,0.383966,0.677206,1,7,0,none
41.798494,-0.878000,1.216000,1.504000,-0.807337,1.148179,1.620788,-0.861696,1.216591,1.430973,0.021591,-0.007596,0.006773,0.999715,-0.570923,-0.456746,0.048653,-0.001174,0.000730,0.000295,0.152422,0.074828,4.123379,16.266236,3,0,0.000000,1,0.928086,1.891685,1,-1,2,anchor7:6-7;7-0
41.815042,-0.888000,1.207000,1.504000,-0.895717,1.241155,1.436603,-0.872465,1.211387,1.432014,0.021352,-0.007798,0.006910,0.999718,-0.571827,-0.455493,0.050003,-0.001167,0.000720,0.000277,0.075950,0.073773,5.912740,20.515006,5,0,0.000000,1,0.477972,0.881539,1,-1,0,none
41.831719,-0.898000,1.201000,1.504000,-0.928213,1.161292,1.413414,-0.884774,1.201112,1.431946,0.021768,-0.008221,0.007141,0.999704,-0.569978,-0.464864,0.049724,-0.001145,0.000734,0.000400,0.103419,0.073258,-5335916802969604.000000,20.515006,5,0,0.000000,1,0.525543,0.737401,1,-1,0,none
41.864959,-0.916000,1.186000,1.504000,-0.884175,1.171651,1.510992,-0.901841,1.185158,1.437155,0.022465,-0.009303,0.006873,0.999681,-0.559857,-0.471875,0.058396,-0.001184,0.000737,-0.000139,0.035603,0.068333,-10671796205723638.000000,20.515006,5,0,0.000000,1,0.959680,1.354514,1,-1,0,none
41.914927,-0.944000,1.165000,1.504000,-0.929953,1.186181,1.427894,-0.929477,1.163122,1.439548,0.020950,-0.010038,0.006971,0.999706,-0.548624,-0.490824,0.058552,-0.001178,0.000729,-0.000041,0.080238,0.066094,15.009610,20.515006,5,0,0.000000,1,0.480567,0.885301,1,-1,0,none
41.931437,-0.951000,1.158000,1.503000,-0.888299,1.111463,1.559350,-0.934353,1.152338,1.446067,0.020071,-0.010335,0.006599,0.999723,-0.538034,-0.498873,0.062000,-0.001248,0.000739,-0.000927,0.096294,0.059587,0.321015,16.266236,3,0,0.000000,1,0.944794,1.907686,1,-1,2,anchor7:6-7;7-0
41.948001,-0.962000,1.149000,1.504000,-0.943215,1.140649,1.487018,-0.942911,1.144200,1.448912,0.019790,-0.011232,0.006589,0.999719,-0.535278,-0.499826,0.060740,-0.001265,0.000739,-0.001214,0.026665,0.058499,8.919654,20.515006,5,0,0.000000,1,0.482111,0.890940,1,-1,0,none
41.981314,-0.979000,1.137000,1.504000,-0.959029,1.185339,1.492700,-0.960422,1.131867,1.452941,0.018233,-0.011796,0.006793,0.999741,-0.536478,-0.501654,0.062108,-0.001282,0.000716,-0.001502,0.053509,0.054576,-2237566806592170.250000,20.515006,5,0,0.000000,1,0.345741,0.653092,1,-1,0,none
42.031133,-1.007000,1.111000,1.503000,-0.990084,1.107716,1.454937,-0.986819,1.107064,1.455992,0.018615,-0.010333,0.006324,0.999753,-0.523578,-0.506604,0.064516,-0.001280,0.000715,-0.001493,0.051059,0.051308,4.842433,18.466827,4,0,0.000000,1,0.392112,0.688644,1,7,0,none
42.047821,-1.015000,1.105000,1.503000,-0.941225,1.046370,1.689108,-0.991050,1.094846,1.468680,0.019510,-0.009949,0.006034,0.999742,-0.510721,-0.519261,0.076351,-0.001403,0.000718,-0.003306,0.208606,0.043065,10.008075,16.266236,3,0,0.000000,1,0.923399,1.905254,1,-1,2,anchor7:6-7;7-0
42.064460,-1.023000,1.098000,1.503000,-1.006589,1.094195,1.437860,-1.000000,1.086816,1.468342,0.019640,-0.009850,0.005936,0.999741,-0.510800,-0.525465,0.073369,-0.001387,0.000718,-0.003059,0.067283,0.043073,7.312047,20.515006,5,0,0.000000,1,0.485861,0.891957,1,-1,0,none
42.081048,-1.032000,1.088000,1.503000,-1.042167,1.037052,1.510467,-1.010612,1.075443,1.471483,0.019690,-0.009774,0.005969,0.999741,-0.514137,-0.533173,0.077610,-0.001392,0.000730,-0.003371,0.052486,0.040105,5.762015,18.466827,4,0,0.000000,1,0.396641,0.695688,1,7,0,none
42.097661,-1.040000,1.081000,1.503000,-0.949093,1.041631,1.656818,-1.013634,1.065239,1.481593,0.019661,-0.008973,0.005882,0.999749,-0.503469,-0.538958,0.089744,-0.001492,0.000726,-0.004746,0.182959,0.037441,12.639399,16.266236,3,0,0.000000,1,0.929127,1.906359,1,-1,2,anchor7:6-7;7-0
42.114296,-1.048000,1.074000,1.503000,-1.029499,1.075742,1.470559,-1.022331,1.057898,1.482494,0.019450,-0.008476,0.005964,0.999757,-0.501482,-0.538318,0.092117,-0.001483,0.000721,-0.004647,0.037386,0.036588,6.371334,20.515006,5,0,0.000000,1,0.487204,0.894121,1,-1,0,none
42.131023,-1.054000,1.070000,1.503000,-1.048930,1.059723,1.483345,-1.031818,1.049841,1.484011,0.019628,-0.008857,0.005885,0.999751,-0.498387,-0.539524,0.094682,-0.001476,0.000717,-0.004635,0.022752,0.035482,8.620221,20.515006,5,0,0.000000,1,0.488412,0.895539,1,-1,0,none
42.147513,-1.054000,1.070000,1.503000,-0.785841,0.808006,2.190724,-1.031818,1.049841,1.484011,0.019628,-0.008857,0.005885,0.999751,-0.498387,-0.539524,0.094682,-0.001476,0.000717,-0.004635,0.783271,0.035482,0.991860,13.815511,2,0,0.000000,1,1.966938,4.296974,0,4,2,anchor7:6-7;7-0
42.164148,-1.076000,1.048000,1.503000,-1.041965,1.078401,1.544604,-1.047469,1.035754,1.489968,0.020448,-0.009601,0.005443,0.999730,-0.491873,-0.539398,0.101745,-0.001500,0.000696,-0.005043,0.061754,0.033672,5.867646,20.515006,5,0,0.000000,1,0.487516,0.896497,1,-1,0,none
42.197415,-1.090000,1.034000,1.502000,-0.972305,1.042379,1.711563,-1.056571,1.019905,1.504093,0.021328,-0.009295,0.005582,0.999714,-0.470963,-0.547015,0.113907,-0.001621,0.000664,-0.006698,0.240498,0.036339,12.492090,16.266236,3,0,0.000000,1,0.923457,1.913284,1,-1,2,anchor7:6-7;7-0
42.214035,-1.101000,1.024000,1.502000,-1.100338,1.029653,1.419065,-1.067030,1.012189,1.501743,0.021345,-0.009494,0.005392,0.999713,-0.473458,-0.550041,0.105765,-0.001572,0.000667,-0.006038,0.083130,0.035966,-1427562947874812.000000,20.515006,5,0,0.000000,1,0.458185,0.780354,1,-1,0,none
42.230696,-1.108000,1.017000,1.503000,-1.145989,1.011909,1.425687,-1.079725,1.004052,1.499708,0.021370,-0.010177,0.005430,0.999705,-0.478096,-0.554945,0.102639,-0.001515,0.000674,-0.005451,0.086292,0.031273,3.110047,18.466827,4,0,0.000000,1,0.402835,0.699908,1,7,0,none
42.263964,-1.124000,0.998000,1.502000,-1.029787,0.942934,1.731133,-1.090331,0.982700,1.514228,0.021980,-0.010419,0.005461,0.999689,-0.464261,-0.565377,0.111810,-0.001628,0.000661,-0.007191,0.253791,0.038952,6.286593,16.266236,3,0,0.000000,1,0.917196,1.903224,1,-1,2,anchor7:6-7;7-0
42.297153,-1.139000,0.984000,1.502000,-0.908196,0.937904,1.670337,-1.089636,0.962337,1.525365,0.022411,-0.008549,0.005413,0.999698,-0.431065,-0.578392,0.119351,-0.001766,0.000650,-0.008415,0.289366,0.058753,5.062477,13.815511,2,0,0.000000,1,0.813329,1.730261,1,3,2,anchor7:6-7;7-0
42.313720,-1.147000,0.973000,1.501000,-1.044106,0.957993,1.603709,-1.092468,0.953557,1.531006,0.022227,-0.007527,0.005628,0.999709,-0.422369,-0.583934,0.120306,-0.001818,0.000638,-0.009001,0.146156,0.065208,3.831286,16.266236,3,0,0.000000,1,0.680320,1.622159,1,-1,2,anchor6:5-6;6-7
42.347115,-1.164000,0.955000,1.501000,-0.996335,0.931234,1.632697,-1.097464,0.933945,1.539857,0.021074,-0.005691,0.004755,0.999750,-0.396468,-0.592695,0.124688,-0.001902,0.000625,-0.009781,0.214524,0.079876,9.719981,16.266236,3,0,0.000000,1,0.926864,1.890704,1,-1,2,anchor7:6-7;7-0
42.363676,-1.172000,0.948000,1.501000,-1.167997,0.936549,1.554815,-1.108983,0.925150,1.542618,0.020876,-0.005419,0.004822,0.999756,-0.400844,-0.594127,0.126409,-0.001884,0.000620,-0.009860,0.055165,0.078901,4.192865,18.466827,4,0,0.000000,1,0.480814,0.772627,1,1,0,none
42.380312,-1.179000,0.940000,1.501000,-1.120215,0.946734,1.470605,-1.115573,0.918063,1.541030,0.020930,-0.004510,0.005165,0.999757,-0.394976,-0.592958,0.126437,-0.001850,0.000619,-0.009296,0.066520,0.078145,-13425430501785584.000000,20.515006,5,0,0.000000,1,0.437951,0.928743,1,-1,0,none
42.446751,-1.210000,0.901000,1.501000,-1.149008,0.869201,1.483464,-1.141744,0.877939,1.546094,0.021642,-0.003031,0.005299,0.999747,-0.378715,-0.610016,0.134410,-0.001817,0.000634,-0.008755,0.070984,0.084995,9.683344,18.466827,4,0,0.000000,1,0.479460,0.774082,1,1,0,none
42.496634,-1.231000,0.874000,1.501000,-1.173997,0.842356,1.451194,-1.161430,0.846837,1.547219,0.021878,-0.001129,0.005432,0.999745,-0.367258,-0.621809,0.134378,-0.001764,0.000655,-0.007878,0.082044,0.087830,11.607212,20.515006,5,0,0.000000,1,0.386355,0.741933,1,-1,0,none
42.563170,-1.259000,0.838000,1.501000,-1.245143,0.864686,1.446637,-1.191254,0.811164,1.549278,0.020119,-0.002377,0.005225,0.999781,-0.358261,-0.631923,0.120171,-0.001675,0.000644,-0.006823,0.062125,0.087410,4.169320,18.466827,4,0,0.000000,1,0.412885,0.710701,1,7,0,none
42.596370,-1.272000,0.817000,1.500000,-1.255696,0.831562,1.420747,-1.208030,0.794713,1.545049,0.017625,-0.002221,0.005151,0.999829,-0.354311,-0.633654,0.111994,-0.001582,0.000651,-0.005562,0.082213,0.081353,-105745940906661.656250,20.515006,5,0,0.000000,1,0.402464,0.846293,1,-1,0,none
42.646363,-1.293000,0.789000,1.501000,-1.230389,0.776052,1.451967,-1.225706,0.764417,1.544254,0.015434,-0.002148,0.004490,0.999868,-0.342655,-0.632258,0.103331,-0.001536,0.000667,-0.004608,0.080573,0.083688,13.531110,20.515006,5,0,0.000000,1,0.390708,0.743303,1,-1,0,none
42.662898,-1.299000,0.780000,1.501000,-1.122862,0.719004,1.746299,-1.219994,0.751058,1.558328,0.015790,-0.001491,0.004199,0.999865,-0.318069,-0.639118,0.117772,-0.001689,0.000638,-0.006511,0.308086,0.101814,14.701967,16.266236,3,0,0.000000,1,0.903723,1.865580,1,-1,2,anchor7:6-7;7-0
42.679473,-1.304000,0.772000,1.501000,-1.297578,0.763296,1.450216,-1.219994,0.751058,1.558328,0.015790,-0.001491,0.004199,0.999865,-0.318069,-0.639118,0.117772,-0.001689,0.000638,-0.006511,0.051923,0.103836,-317234598561774.750000,20.515006,5,0,0.000000,1,17.000693,34.015628,0,-1,0,none
42.696152,-1.311000,0.760000,1.500000,-1.255007,0.751790,1.481807,-1.232809,0.732333,1.557175,0.016253,-0.001377,0.003869,0.999859,-0.318083,-0.636926,0.112403,-0.001638,0.000645,-0.005751,0.059445,0.100739,-634472421277688.500000,20.515006,5,0,0.000000,1,0.559898,0.644065,1,-1,0,none
42.712777,-1.317000,0.750000,1.500000,-0.973249,0.479135,2.331746,-1.232809,0.732333,1.557175,0.016253,-0.001377,0.003869,0.999859,-0.318083,-0.636926,0.112403,-0.001638,0.000645,-0.005751,0.939859,0.103292,3.354312,13.815511,2,0,0.000000,1,1.948780,4.279322,0,4,2,anchor7:6-7;7-0
42.729376,-1.324000,0.739000,1.500000,-1.271929,0.717970,1.381905,-1.246015,0.711649,1.549602,0.015101,-0.001545,0.003714,0.999878,-0.316942,-0.640251,0.102306,-0.001544,0.000685,-0.004080,0.130767,0.096385,3.306095,18.466827,4,0,0.000000,1,0.470244,0.793450,1,1,0,none
42.762650,-1.335000,0.720000,1.500000,-1.353693,0.680885,1.368926,-1.265906,0.689434,1.541335,0.014945,-0.001401,0.003529,0.999881,-0.316396,-0.649608,0.094810,-0.001406,0.000739,-0.002348,0.138057,0.086121,3.135627,18.466827,4,0,0.000000,1,0.470232,0.802397,1,1,0,none
42.779269,-1.342000,0.709000,1.500000,-1.285316,0.706089,1.469850,-1.272327,0.681475,1.538415,0.015671,-0.001578,0.003337,0.999870,-0.311060,-0.647596,0.093775,-0.001370,0.000740,-0.001679,0.064270,0.084188,3.721508,18.466827,4,0,0.000000,1,0.459487,1.243970,1,4,0,none
42.795858,-1.347000,0.701000,1.500000,-1.221790,0.633669,1.701702,-1.272322,0.667471,1.549663,0.016558,-0.001228,0.003274,0.999857,-0.297576,-0.655789,0.106553,-0.001462,0.000723,-0.003115,0.246768,0.095746,3.085622,16.266236,3,0,0.000000,1,0.915109,1.865987,1,-1,2,anchor7:6-7;7-0
42.812503,-1.354000,0.691000,1.500000,-1.373802,0.617998,1.325658,-1.285455,0.653496,1.538130,0.016907,-0.001872,0.003347,0.999850,-0.307943,-0.665714,0.092139,-0.001329,0.000797,-0.001192,0.190043,0.086942,1.754608,18.466827,4,0,0.000000,1,0.473901,0.808367,1,1,0,none
42.845767,-1.364000,0.671000,1.500000,-1.196598,0.559197,1.660659,-1.286634,0.625210,1.548134,0.016965,-0.001413,0.002997,0.999851,-0.288664,-0.678214,0.100480,-0.001429,0.000811,-0.002259,0.257555,0.101976,5.563931,16.266236,3,0,0.000000,1,0.909428,1.837230,1,-1,2,anchor7:6-7;7-0
42.862402,-1.369000,0.662000,1.500000,-1.356726,0.632060,1.451774,-1.296908,0.615552,1.544193,0.017254,-0.001836,0.002837,0.999845,-0.290091,-0.677915,0.095708,-0.001359,0.000822,-0.001422,0.058076,0.096476,-12993958045491204.000000,20.515006,5,0,0.000000,1,0.818944,1.986047,1,-1,0,none
42.945557,-1.398000,0.608000,1.500000,-1.033151,0.338966,2.297785,-1.296908,0.615552,1.544193,0.017254,-0.001836,0.002837,0.999845,-0.290091,-0.677915,0.095708,-0.001359,0.000822,-0.001422,0.917581,0.110588,1.007337,13.815511,2,0,0.000000,1,1.965639,4.227944,0,4,2,anchor7:6-7;7-0
42.962097,-1.403000,0.599000,1.500000,-1.310356,0.508837,1.639416,-1.323430,0.544025,1.559216,0.016253,0.000598,0.002623,0.999864,-0.269721,-0.693642,0.095956,-0.001400,0.000827,-0.002258,0.190130,0.113403,11.219076,16.266236,3,0,0.000000,1,0.923850,1.850510,1,-1,2,anchor7:6-7;7-0
42.978669,-1.407000,0.589000,1.500000,-1.287226,0.487284,1.694709,-1.323700,0.528419,1.569263,0.016644,0.000567,0.002763,0.999858,-0.256291,-0.703055,0.101368,-0.001472,0.000824,-0.003516,0.250207,0.124122,13.514565,16.266236,3,0,0.000000,1,0.910047,1.837805,1,-1,2,anchor7:6-7;7-0
42.995393,-1.414000,0.577000,1.500000,-1.368097,0.494581,1.630754,-1.323700,0.528419,1.569263,0.016644,0.000567,0.002763,0.999858,-0.256291,-0.703055,0.101368,-0.001472,0.000824,-0.003516,0.161234,0.123740,2.248711,13.815511,2,0,0.000000,1,1.870370,3.646230,0,5,2,anchor7:6-7;7-0
43.011983,-1.418000,0.568000,1.500000,-1.441705,0.527684,1.464476,-1.343087,0.507242,1.565748,0.016514,0.000405,0.003191,0.999858,-0.268555,-0.702770,0.095621,-0.001368,0.000837,-0.002481,0.058731,0.116732,1.542013,18.466827,4,0,0.000000,1,0.479449,0.824060,1,1,0,none
43.028567,-1.423000,0.559000,1.500000,-1.451872,0.514248,1.493250,-1.357285,0.497904,1.562711,0.016407,0.000452,0.003291,0.999860,-0.285494,-0.698512,0.091320,-0.001283,0.000845,-0.001787,0.053684,0.109471,13.627415,20.515006,5,0,0.000000,1,0.409410,0.747734,1,-1,0,none
43.045252,-1.428000,0.547000,1.500000,-1.357227,0.479999,1.643281,-1.361421,0.486217,1.568968,0.016104,0.001109,0.003211,0.999865,-0.279148,-0.701878,0.097696,-0.001306,0.000832,-0.002471,0.173284,0.113508,15.537926,16.266236,3,0,0.000000,1,0.927250,1.852966,1,-1,2,anchor7:6-7;7-0
43.061820,-1.432000,0.538000,1.500000,-1.336324,0.451696,1.691551,-1.363296,0.472948,1.577658,0.015947,0.001572,0.003037,0.999867,-0.266722,-0.707817,0.106723,-0.001352,0.000818,-0.003498,0.230855,0.122404,13.623951,16.266236,3,0,0.000000,1,0.913982,1.838726,1,-1,2,anchor7:6-7;7-0
43.111686,-1.446000,0.508000,1.499000,-1.429795,0.468759,1.547707,-1.381035,0.441042,1.580917,0.018228,0.002350,0.003025,0.999827,-0.261697,-0.702903,0.109890,-0.001312,0.000811,-0.003166,0.064613,0.124154,-3356361333228532.000000,20.515006,5,0,0.000000,1,0.531400,1.063472,1,-1,0,none
43.130450,-1.451000,0.495000,1.499000,-1.293065,0.415493,1.677268,-1.377417,0.427208,1.588506,0.019344,0.003093,0.003004,0.999804,-0.243612,-0.709731,0.116876,-0.001385,0.000794,-0.003998,0.251086,0.134244,2.533658,13.815511,2,0,0.000000,1,0.842368,1.678570,1,2,2,anchor7:6-7;7-0
43.147079,-1.455000,0.486000,1.499000,-1.378782,0.428797,1.737701,-1.381152,0.416968,1.599010,0.019965,0.003272,0.003156,0.999790,-0.236575,-0.711107,0.127359,-0.001422,0.000756,-0.005213,0.257020,0.142200,11.033465,16.266236,3,0,0.000000,1,0.911253,1.841863,1,-1,2,anchor7:6-7;7-0
43.163679,-1.460000,0.474000,1.499000,-1.487684,0.489640,1.504654,-1.393553,0.412354,1.595699,0.020129,0.002594,0.003399,0.999788,-0.246236,-0.699794,0.122101,-0.001348,0.000741,-0.004388,0.032295,0.132537,-1027837487780347.500000,20.515006,5,0,0.000000,1,0.490228,1.863269,1,-1,0,none
43.198979,-1.471000,0.453000,1.500000,-1.329633,0.461201,1.861154,-1.395804,0.394583,1.615022,0.020510,0.002515,0.003303,0.999781,-0.229957,-0.693855,0.141311,-0.001437,0.000641,-0.006529,0.387923,0.149322,2.403609,13.815511,2,0,0.000000,1,0.847012,1.720625,1,0,2,anchor7:6-7;7-0
43.232258,-1.477000,0.430000,1.500000,-1.377070,0.423402,1.715102,-1.400941,0.376219,1.625287,0.019975,0.003914,0.003958,0.999785,-0.213662,-0.696011,0.149090,-0.001469,0.000591,-0.007314,0.237273,0.156123,5.035381,16.266236,3,0,0.000000,1,0.913698,1.839635,1,-1,2,anchor7:6-7;7-0
43.265476,-1.484000,0.410000,1.500000,-1.310092,0.457168,1.817015,-1.399097,0.362927,1.641000,0.018780,0.004563,0.003926,0.999806,-0.186316,-0.686028,0.157388,-0.001554,0.000488,-0.008878,0.364647,0.171189,3.481256,13.815511,2,0,0.000000,1,0.849733,1.713883,1,0,2,anchor7:6-7;7-0
43.298789,-1.491000,0.388000,1.500000,-1.419335,0.296420,1.615343,-1.399097,0.362927,1.641000,0.018780,0.004563,0.003926,0.999806,-0.186316,-0.686028,0.157388,-0.001554,0.000488,-0.008878,0.163789,0.170164,6.227410,13.815511,2,0,0.000000,1,1.817322,3.471367,0,3,2,anchor7:6-7;7-0
43.348595,-1.502000,0.357000,1.500000,-1.482995,0.331281,1.536174,-1.399097,0.362927,1.641000,0.018780,0.004563,0.003926,0.999806,-0.186316,-0.686028,0.157388,-0.001554,0.000488,-0.008878,0.048282,0.174657,-21330912571000844.000000,20.515006,5,0,0.000000,1,3.244093,0.924547,0,-1,0,none
43.365221,-1.505000,0.346000,1.500000,-1.486200,0.333889,1.570012,-1.423900,0.298536,1.650391,0.016342,0.003976,0.004966,0.999846,-0.176858,-0.694301,0.142736,-0.001490,0.000501,-0.008019,0.073497,0.177334,9.353636,20.515006,5,0,0.000000,1,0.416065,0.749620,1,-1,0,none
43.381924,-1.508000,0.333000,1.499000,-1.230363,0.301932,1.751102,-1.406452,0.288847,1.658934,0.016057,0.006653,0.004592,0.999838,-0.140292,-0.685602,0.149650,-0.001619,0.000450,-0.008987,0.376302,0.194526,3.291726,13.815511,2,0,0.000000,1,0.810697,1.628047,1,1,2,anchor7:6-7;7-0
43.398465,-1.511000,0.324000,1.500000,-1.379159,0.233538,1.718044,-1.405815,0.273272,1.664953,0.017081,0.007942,0.004580,0.999812,-0.124776,-0.695240,0.155432,-0.001652,0.000450,-0.009513,0.270386,0.202106,14.747810,16.266236,3,0,0.000000,1,0.894386,1.779682,1,-1,2,anchor7:6-7;7-0
43.415077,-1.514000,0.314000,1.499000,-1.486218,0.299166,1.556415,-1.415010,0.265774,1.660716,0.017766,0.008007,0.004988,0.999798,-0.131879,-0.687856,0.150876,-0.001582,0.000473,-0.008520,0.065486,0.195645,13.709409,20.515006,5,0,0.000000,1,0.416394,0.748574,1,-1,0,none
43.431660,-1.516000,0.304000,1.499000,-1.291508,0.329348,1.968181,-1.406026,0.261615,1.681181,0.017802,0.008991,0.004936,0.999789,-0.108873,-0.672831,0.172995,-0.001716,0.000334,-0.011111,0.520740,0.216981,0.230532,13.815511,2,0,0.000000,1,0.817856,1.681625,1,0,2,anchor7:6-7;7-0
43.448331,-1.521000,0.291000,1.500000,-1.492797,0.262867,1.533468,-1.415024,0.251717,1.675368,0.017619,0.009074,0.005410,0.999789,-0.117479,-0.672342,0.164997,-0.001639,0.000383,-0.009850,0.052029,0.208634,-6141669275945084.000000,20.515006,5,0,0.000000,1,0.476054,1.739996,1,-1,0,none
43.464943,-1.523000,0.281000,1.499000,-1.440058,0.233073,1.584914,-1.418794,0.240034,1.672837,0.017212,0.009394,0.005510,0.999793,-0.115351,-0.676098,0.160950,-0.001607,0.000419,-0.009098,0.128676,0.206776,-2798009667118648.000000,20.515006,5,0,0.000000,1,0.779666,0.914786,1,-1,0,none
43.498235,-1.528000,0.259000,1.499000,-1.582770,0.451407,1.553403,-1.418794,0.240034,1.672837,0.017212,0.009394,0.005510,0.999793,-0.115351,-0.676098,0.160950,-0.001607,0.000419,-0.009098,0.207316,0.206167,39.536454,16.266236,3,1,0.000000,1,0.448836,1.242892,0,-1,2,anchor0:7-0;0-1
43.548106,-1.535000,0.225000,1.500000,-1.588107,0.174285,1.327761,-1.442224,0.182208,1.664384,0.018093,0.010105,0.005778,0.999769,-0.100863,-0.694028,0.152543,-0.001433,0.000566,-0.005820,0.187239,0.193547,10.486987,16.266236,3,0,0.000000,1,0.722277,1.651986,1,-1,2,anchor6:6-7;5-6
43.564687,-1.536000,0.215000,1.500000,-1.455823,0.199743,1.424619,-1.444723,0.173914,1.652038,0.018012,0.009776,0.005922,0.999772,-0.095003,-0.689803,0.138557,-0.001379,0.000639,-0.003701,0.111101,0.182030,10.263714,18.466827,4,0,0.000000,1,0.704896,0.845328,1,3,0,none
43.614613,-1.542000,0.178000,1.501000,-1.549654,0.119989,1.563973,-1.458933,0.137686,1.652916,0.017058,0.006753,0.006101,0.999813,-0.092379,-0.697146,0.129576,-0.001297,0.000692,-0.002813,0.085962,0.177774,15.093440,18.466827,4,0,0.000000,1,0.453174,0.740095,1,5,0,none
43.647808,-1.545000,0.153000,1.501000,-1.526023,0.116260,1.649783,-1.468196,0.115189,1.656660,0.015087,0.004604,0.006164,0.999857,-0.096807,-0.695979,0.127298,-0.001253,0.000696,-0.002726,0.154422,0.177647,8.188892,20.515006,5,0,0.000000,1,0.422801,0.747940,1,-1,0,none
43.664477,-1.547000,0.144000,1.501000,-1.537184,0.114852,1.526621,-1.476035,0.104947,1.650608,0.013443,0.003891,0.006231,0.999883,-0.104836,-0.695496,0.118232,-0.001194,0.000740,-0.001543,0.040029,0.170129,13.828488,20.515006,5,0,0.000000,1,0.421795,0.744000,1,-1,0,none
43.681124,-1.548000,0.134000,1.501000,-1.488568,0.096879,1.541288,-1.478664,0.093876,1.645846,0.011948,0.003925,0.006149,0.999902,-0.105093,-0.695071,0.107547,-0.001176,0.000779,-0.000590,0.080828,0.165523,13.734421,20.515006,5,0,0.000000,1,0.419116,0.742629,1,-1,0,none
43.697714,-1.550000,0.120000,1.500000,-1.444948,0.065946,1.739300,-1.477298,0.080981,1.652967,0.010618,0.004150,0.005769,0.999918,-0.091527,-0.695385,0.114808,-0.001207,0.000755,-0.001364,0.266875,0.173801,14.821721,16.266236,3,0,0.000000,1,0.885237,1.740251,1,-1,2,anchor7:6-7;7-0
43.714314,-1.551000,0.110000,1.501000,-1.389607,0.023315,1.702051,-1.471283,0.066143,1.657415,0.010159,0.004669,0.005393,0.999923,-0.079881,-0.694700,0.116912,-0.001263,0.000763,-0.001777,0.271999,0.180953,12.953967,16.266236,3,0,0.000000,1,0.877389,1.714607,1,-1,2,anchor7:6-7;7-0
43.731017,-1.552000,0.100000,1.501000,-1.451756,0.059763,1.396073,-1.470743,0.055379,1.644650,0.009954,0.004879,0.005297,0.999925,-0.076447,-0.690359,0.101120,-0.001244,0.000845,0.000303,0.150591,0.170965,13.858277,18.466827,4,0,0.000000,1,0.706950,0.826645,1,3,0,none
43.764190,-1.554000,0.076000,1.500000,-1.497604,0.062327,1.508932,-1.475045,0.035004,1.640210,0.009027,0.004719,0.005239,0.999934,-0.071565,-0.686718,0.092220,-0.001212,0.000874,0.001432,0.058714,0.166052,-12689472606743.281250,20.515006,5,0,0.000000,1,0.398589,0.663299,1,-1,0,none
43.780848,-1.555000,0.066000,1.500000,-1.515498,0.057080,1.464726,-1.479204,0.026811,1.631987,0.008398,0.005002,0.005461,0.999937,-0.074671,-0.682039,0.083918,-0.001168,0.000914,0.002837,0.053705,0.157167,-253788686397298.125000,20.515006,5,0,0.000000,1,0.387127,0.766245,1,-1,0,none
43.797369,-1.556000,0.053000,1.500000,-1.467354,0.034968,1.698167,-1.479386,0.017455,1.636816,0.008106,0.005673,0.005606,0.999935,-0.069305,-0.677074,0.089281,-0.001182,0.000881,0.002336,0.217838,0.160785,14.072321,18.466827,4,0,0.000000,1,0.476254,1.362209,1,2,0,none
43.814081,-1.557000,0.043000,1.500000,-1.540126,0.019597,1.518033,-1.484961,0.007464,1.631978,0.008341,0.005787,0.005576,0.999933,-0.076343,-0.668705,0.083096,-0.001136,0.000914,0.003261,0.034024,0.154502,14.718554,18.466827,4,0,0.000000,1,0.454498,0.754799,1,5,0,none
43.830686,-1.558000,0.029000,1.500000,-1.471326,0.004290,1.577748,-1.485023,-0.002908,1.630474,0.008951,0.006217,0.005314,0.999926,-0.066575,-0.666342,0.083461,-0.001140,0.000927,0.003671,0.119028,0.152863,14.515325,20.515006,5,0,0.000000,1,0.419506,0.739639,1,-1,0,none
43.847292,-1.559000,0.019000,1.500000,-1.566315,0.016186,1.578240,-1.491803,-0.011172,1.629110,0.009239,0.006034,0.005327,0.999925,-0.075852,-0.657317,0.081698,-0.001090,0.000929,0.004083,0.078632,0.148644,0.465562,13.815511,2,0,0.000000,1,0.674998,1.474962,1,5,2,anchor1:0-1;1-2
43.863928,-1.559000,0.009000,1.500000,-1.464705,0.021505,1.698834,-1.491031,-0.018567,1.633812,0.009243,0.006608,0.005391,0.999921,-0.071161,-0.649713,0.086193,-0.001109,0.000882,0.003588,0.220415,0.152595,6.395599,18.466827,4,0,0.000000,1,0.476252,1.362840,1,2,0,none
43.880525,-1.560000,-0.005000,1.501000,-1.607355,0.063536,1.663449,-1.500156,-0.022587,1.636634,0.008927,0.006671,0.005392,0.999923,-0.082989,-0.635253,0.089524,-0.001048,0.000825,0.003419,0.182564,0.149289,13.508072,16.266236,3,0,0.000000,1,0.616957,1.252569,1,-1,2,anchor1:0-1;1-2
43.897216,-1.560000,-0.013000,1.500000,-1.541335,-0.043169,1.625209,-1.504220,-0.033653,1.637489,0.009128,0.007137,0.005406,0.999918,-0.087001,-0.634999,0.088840,-0.001026,0.000836,0.003518,0.130138,0.149803,-10151539395503100.000000,20.515006,5,0,0.000000,1,0.537096,0.769555,1,-1,0,none
43.913793,-1.561000,-0.023000,1.501000,-1.502705,-0.064846,1.550717,-1.505404,-0.045477,1.634778,0.009622,0.007297,0.005337,0.999913,-0.081499,-0.633322,0.086522,-0.001026,0.000876,0.004130,0.087299,0.146604,-1027843291251189.000000,20.515006,5,0,0.000000,1,0.681037,0.954073,1,-1,0,none
43.947027,-1.561000,-0.046000,1.501000,-1.559833,-0.078120,1.584111,-1.511516,-0.066971,1.634992,0.010320,0.006094,0.005289,0.999914,-0.081342,-0.631915,0.081325,-0.000996,0.000901,0.004523,0.089110,0.144368,13.912090,18.466827,4,0,0.000000,1,0.511682,0.877517,1,7,0,none
43.963683,-1.561000,-0.056000,1.501000,-1.542178,-0.078339,1.590776,-1.514264,-0.073211,1.633635,0.010526,0.005631,0.005328,0.999915,-0.083121,-0.631258,0.078877,-0.000980,0.000920,0.004842,0.094409,0.141677,10.332893,20.515006,5,0,0.000000,1,0.424872,0.737437,1,-1,0,none
43.980326,-1.562000,-0.070000,1.501000,-1.496829,-0.140858,1.621205,-1.514389,-0.087327,1.634289,0.011314,0.005302,0.005233,0.999908,-0.082753,-0.631707,0.077944,-0.000990,0.000954,0.004930,0.154004,0.142593,16.794280,20.515006,5,0,0.000000,1,0.422734,0.734194,1,-1,0,none
43.996901,-1.561000,-0.080000,1.501000,-1.512060,-0.135624,1.534882,-1.515381,-0.099717,1.630846,0.012138,0.005416,0.005314,0.999898,-0.080180,-0.634903,0.072845,-0.000991,0.001005,0.005611,0.081468,0.139031,14.155863,20.515006,5,0,0.000000,1,0.422788,0.732055,1,-1,0,none
44.013482,-1.561000,-0.089000,1.501000,-1.572420,-0.160454,1.506047,-1.520182,-0.113112,1.626283,0.012609,0.006088,0.005577,0.999886,-0.083034,-0.641957,0.066180,-0.000961,0.001069,0.006470,0.072537,0.133953,7.863884,18.466827,4,0,0.000000,1,0.516485,0.879381,1,7,0,none
44.030171,-1.561000,-0.099000,1.501000,-1.531967,-0.081497,1.760919,-1.522203,-0.120833,1.633342,0.012412,0.007439,0.005614,0.999880,-0.081755,-0.637912,0.071152,-0.000954,0.001009,0.005575,0.262120,0.139629,6.191515,18.466827,4,0,0.000000,1,0.478212,1.384947,1,2,0,none
44.046778,-1.561000,-0.106000,1.501000,-1.548310,-0.152362,1.540707,-1.525049,-0.132629,1.630343,0.012228,0.008798,0.005776,0.999870,-0.079751,-0.639153,0.067077,-0.000943,0.001047,0.006206,0.062346,0.136862,-8222765916763014.000000,20.515006,5,0,0.000000,1,0.515157,0.883989,1,-1,0,none
44.063435,-1.560000,-0.122000,1.501000,-1.511469,-0.149901,1.551458,-1.525392,-0.143634,1.627929,0.011658,0.010182,0.005996,0.999862,-0.074447,-0.638121,0.062759,-0.000952,0.001074,0.006735,0.075364,0.133329,-21343584230158096.000000,20.515006,5,0,0.000000,1,0.417940,1.000659,1,-1,0,none
44.096710,-1.559000,-0.145000,1.501000,-1.505161,-0.207870,1.487343,-1.526235,-0.167356,1.623467,0.009878,0.012061,0.005885,0.999861,-0.062928,-0.641661,0.054005,-0.000967,0.001139,0.007714,0.083892,0.128730,8.112374,18.466827,4,0,0.000000,1,0.515849,0.875317,1,7,0,none
44.113325,-1.559000,-0.155000,1.501000,-1.524284,-0.129648,1.625303,-1.526748,-0.171703,1.624129,0.009552,0.012543,0.005716,0.999859,-0.058420,-0.633657,0.053564,-0.000969,0.001114,0.007706,0.131526,0.128374,4.642977,18.466827,4,0,0.000000,1,0.489613,1.379865,1,2,0,none
44.146535,-1.557000,-0.178000,1.501000,-1.550593,-0.083234,1.748219,-1.529991,-0.184864,1.631438,0.010069,0.013719,0.005753,0.999839,-0.048007,-0.617761,0.060031,-0.000954,0.001017,0.006858,0.264838,0.133382,2.360139,16.266236,3,0,0.000000,1,0.443993,1.268568,1,-1,2,anchor0:7-0;0-1
44.163161,-1.555000,-0.192000,1.501000,-1.536985,-0.239091,1.613931,-1.531093,-0.197642,1.631572,0.011007,0.014112,0.005824,0.999823,-0.040700,-0.621631,0.059183,-0.000951,0.001047,0.006986,0.123675,0.132862,10.923418,20.515006,5,0,0.000000,1,0.425725,0.728355,1,-1,0,none
44.196450,-1.553000,-0.211000,1.501000,-1.568002,-0.244381,1.512464,-1.534555,-0.220004,1.628002,0.012288,0.012938,0.006137,0.999822,-0.023674,-0.626426,0.056770,-0.000935,0.001100,0.007860,0.038351,0.128650,12.184793,18.466827,4,0,0.000000,1,0.461119,0.794966,1,5,0,none
44.213011,-1.552000,-0.223000,1.500000,-1.528641,-0.267953,1.569072,-1.534468,-0.232345,1.626160,0.012758,0.012336,0.006118,0.999824,-0.021726,-0.627822,0.054081,-0.000940,0.001140,0.008282,0.085658,0.127715,6.470840,18.466827,4,0,0.000000,1,0.459062,0.798479,1,5,0,none
44.229684,-1.550000,-0.234000,1.500000,-1.562145,-0.255133,1.581443,-1.536605,-0.243159,1.624995,0.013041,0.011506,0.006169,0.999830,-0.020994,-0.627667,0.054800,-0.000927,0.001161,0.008608,0.085012,0.126044,-23608682656973580.000000,20.515006,5,0,0.000000,1,0.444993,1.162896,1,-1,0,none
44.246260,-1.548000,-0.248000,1.501000,-1.607625,-0.294765,1.561842,-1.541602,-0.255999,1.623051,0.013481,0.010704,0.006499,0.999831,-0.024743,-0.634646,0.050896,-0.000892,0.001203,0.009074,0.097179,0.122480,11.777874,18.466827,4,0,0.000000,1,0.465060,0.804139,1,5,0,none
44.279530,-1.544000,-0.267000,1.500000,-1.511093,-0.284755,1.614073,-1.540056,-0.277713,1.624253,0.012676,0.010152,0.006352,0.999848,-0.010458,-0.641363,0.052037,-0.000910,0.001210,0.009144,0.120045,0.124776,18.312432,20.515006,5,0,0.000000,1,0.424225,0.724885,1,-1,0,none
44.296128,-1.543000,-0.276000,1.501000,-1.499875,-0.279140,1.646794,-1.537448,-0.287248,1.626035,0.011490,0.009909,0.006560,0.999863,-0.003468,-0.641856,0.050533,-0.000931,0.001199,0.008982,0.152071,0.125662,-913640153643347.625000,20.515006,5,0,0.000000,1,0.463007,1.042107,1,-1,0,none
44.312735,-1.540000,-0.290000,1.501000,-1.542854,-0.320261,1.578959,-1.537835,-0.299083,1.624682,0.010451,0.009674,0.006516,0.999877,-0.000500,-0.645175,0.047302,-0.000930,0.001225,0.009321,0.083675,0.124034,-203027249415204.625000,20.515006,5,0,0.000000,1,0.423499,0.917929,1,-1,0,none
44.329407,-1.538000,-0.299000,1.501000,-1.512649,-0.303081,1.650764,-1.536124,-0.309138,1.626574,0.009788,0.009306,0.006191,0.999890,0.008595,-0.641042,0.048054,-0.000943,0.001214,0.009139,0.151950,0.125997,-310890950409994.000000,20.515006,5,0,0.000000,1,0.504906,0.919223,1,-1,0,none
44.362631,-1.533000,-0.323000,1.501000,-1.517023,-0.298336,1.587703,-1.534432,-0.327605,1.626231,0.010028,0.008637,0.006037,0.999894,0.014377,-0.633845,0.044365,-0.000955,0.001209,0.009427,0.091547,0.125323,-634474134112892.250000,20.515006,5,0,0.000000,1,0.584189,1.041090,1,-1,0,none
44.412590,-1.526000,-0.355000,1.501000,-1.567278,-0.364771,1.493459,-1.535933,-0.359502,1.621834,0.010221,0.010254,0.006222,0.999876,0.015695,-0.631774,0.039137,-0.000935,0.001253,0.010485,0.043084,0.121326,-310887141888048.500000,20.515006,5,0,0.000000,1,0.787121,0.952496,1,-1,0,none
44.429142,-1.523000,-0.366000,1.501000,-1.548017,-0.384484,1.561092,-1.536521,-0.371035,1.619519,0.010217,0.010019,0.005905,0.999880,0.021601,-0.634021,0.035427,-0.000931,0.001281,0.010956,0.067665,0.119394,-4064858143184245.000000,20.515006,5,0,0.000000,1,0.366431,0.820527,1,-1,0,none
44.445695,-1.520000,-0.378000,1.501000,-1.456706,-0.411156,1.629406,-1.530294,-0.383271,1.620483,0.010643,0.010031,0.005735,0.999877,0.033626,-0.636079,0.035168,-0.000975,0.001296,0.010871,0.146947,0.120041,14.881537,20.515006,5,0,0.000000,1,0.421155,0.715473,1,-1,0,none
44.479034,-1.514000,-0.398000,1.501000,-1.497873,-0.428493,1.599836,-1.526704,-0.406103,1.620632,0.011156,0.009787,0.005861,0.999873,0.041409,-0.638984,0.037133,-0.000994,0.001316,0.011034,0.104682,0.120578,-8222750682619452.000000,20.515006,5,0,0.000000,1,0.397332,1.168519,1,-1,0,none
44.495675,-1.511000,-0.411000,1.501000,-1.516901,-0.441197,1.555222,-1.525172,-0.418459,1.618015,0.011290,0.009682,0.006057,0.999871,0.044156,-0.642425,0.032128,-0.001000,0.001357,0.011553,0.062343,0.118106,-101512879129590.250000,20.515006,5,0,0.000000,1,0.428790,0.794952,1,-1,0,none
44.528812,-1.505000,-0.431000,1.501000,-1.503622,-0.445372,1.580326,-1.522006,-0.439861,1.617157,0.010953,0.009238,0.006276,0.999878,0.056839,-0.644693,0.030084,-0.001013,0.001371,0.011852,0.080629,0.117729,12.096313,20.515006,5,0,0.000000,1,0.423792,0.714101,1,-1,0,none
44.545595,-1.501000,-0.444000,1.501000,-1.535514,-0.468275,1.485127,-1.522087,-0.451724,1.611165,0.010966,0.009023,0.006643,0.999877,0.056727,-0.649359,0.020726,-0.001008,0.001420,0.012876,0.045082,0.112430,-5710232446566390.000000,20.515006,5,0,0.000000,1,0.877780,0.980361,1,-1,0,none
44.562170,-1.498000,-0.454000,1.501000,-1.458155,-0.483155,1.618822,-1.516447,-0.463918,1.611819,0.010539,0.009594,0.006797,0.999875,0.070512,-0.654676,0.021058,-0.001043,0.001430,0.012808,0.127748,0.112781,-2237576076044330.000000,20.515006,5,0,0.000000,1,0.380128,0.713175,1,-1,0,none
44.595440,-1.492000,-0.474000,1.501000,-1.459327,-0.500658,1.555463,-1.509717,-0.486432,1.609641,0.007906,0.011005,0.007087,0.999883,0.087799,-0.658305,0.015661,-0.001076,0.001455,0.013241,0.068879,0.110776,-1072254410127606.000000,20.515006,5,0,0.000000,1,0.577748,0.795784,1,-1,0,none
44.612026,-1.487000,-0.487000,1.501000,-1.536600,-0.512456,1.541671,-1.510336,-0.498168,1.606566,0.007334,0.011001,0.007204,0.999887,0.090676,-0.657733,0.011854,-0.001060,0.001482,0.013766,0.069009,0.108690,2.789879,18.466827,4,0,0.000000,1,0.462304,0.830751,1,5,0,none
44.628693,-1.483000,-0.500000,1.501000,-1.482234,-0.504156,1.543245,-1.510336,-0.498168,1.606566,0.007334,0.011001,0.007204,0.999887,0.090676,-0.657733,0.011854,-0.001060,0.001482,0.013766,0.042456,0.109064,-6712720812565607.000000,20.515006,5,0,0.000000,1,3.122267,0.928719,0,-1,0,none
44.695161,-1.467000,-0.542000,1.501000,-1.469116,-0.553057,1.463505,-1.498941,-0.551970,1.599658,0.006424,0.012238,0.007334,0.999878,0.114260,-0.642926,0.006338,-0.001084,0.001524,0.015011,0.039148,0.104178,-101516345083014.875000,20.515006,5,0,0.000000,1,0.553429,0.794275,1,-1,0,none
44.711734,-1.463000,-0.552000,1.501000,-1.575747,-0.581339,1.225466,-1.503619,-0.564155,1.579450,0.006073,0.012599,0.007393,0.999875,0.106576,-0.638347,-0.013711,-0.001040,0.001645,0.018224,0.299152,0.089174,0.526615,16.266236,3,0,0.000000,1,0.717495,1.514915,1,-1,2,anchor6:6-7;5-6
44.728347,-1.458000,-0.565000,1.501000,-1.473365,-0.553745,1.464440,-1.499390,-0.572441,1.573098,0.005738,0.013115,0.007325,0.999871,0.120139,-0.633041,-0.019173,-0.001064,0.001663,0.019175,0.041223,0.083467,-4625290458022136.000000,20.515006,5,0,0.000000,1,0.699297,0.750628,1,-1,0,none
44.761585,-1.450000,-0.584000,1.501000,-1.460732,-0.584375,1.512671,-1.492314,-0.592294,1.569192,0.005308,0.013165,0.007204,0.999873,0.132049,-0.623917,-0.021564,-0.001089,0.001675,0.019672,0.015859,0.080681,2.198631,18.466827,4,0,0.000000,1,0.704922,0.827954,1,3,0,none
44.778232,-1.444000,-0.596000,1.501000,-1.484433,-0.599529,1.428021,-1.489522,-0.602273,1.561312,0.005084,0.013048,0.007174,0.999876,0.136518,-0.620944,-0.029341,-0.001097,0.001712,0.020836,0.083506,0.075823,6.911481,20.515006,5,0,0.000000,1,0.422192,0.720861,1,-1,0,none
44.811432,-1.434000,-0.618000,1.502000,-1.431497,-0.642535,1.360390,-1.480240,-0.624039,1.549406,0.004930,0.012292,0.007281,0.999886,0.153645,-0.618513,-0.043429,-0.001137,0.001784,0.022504,0.143741,0.066498,0.646461,18.466827,4,0,0.000000,1,0.532528,0.875213,1,7,0,none
44.828076,-1.429000,-0.627000,1.501000,-1.438680,-0.630628,1.420585,-1.474654,-0.632593,1.541954,0.004719,0.011901,0.007104,0.999893,0.167233,-0.615749,-0.050047,-0.001164,0.001818,0.023544,0.081077,0.061586,-7930864964044788.000000,20.515006,5,0,0.000000,1,0.713718,1.344659,1,-1,0,none
44.844698,-1.425000,-0.637000,1.502000,-1.385198,-0.537847,1.560899,-1.465041,-0.634302,1.542073,0.004230,0.011968,0.007206,0.999893,0.180338,-0.596847,-0.051868,-0.001224,0.001744,0.023362,0.122002,0.056714,3.190711,16.266236,3,0,0.000000,1,0.451960,1.242033,1,-1,2,anchor0:7-0;0-1
44.861351,-1.418000,-0.649000,1.502000,-1.475274,-0.600848,1.670892,-1.463183,-0.640805,1.547877,0.004229,0.011697,0.007563,0.999894,0.180603,-0.588794,-0.046210,-0.001218,0.001679,0.022340,0.184725,0.064911,3.979682,16.266236,3,0,0.000000,1,0.612810,1.253872,1,-1,2,anchor1:0-1;1-2
44.894554,-1.409000,-0.667000,1.501000,-1.432782,-0.687276,1.502413,-1.455113,-0.662150,1.543998,0.003441,0.011896,0.007462,0.999895,0.193737,-0.589503,-0.053209,-0.001232,0.001709,0.022688,0.031284,0.063236,-4342964543791105.000000,20.515006,5,0,0.000000,1,0.417719,0.782564,1,-1,0,none
44.911263,-1.402000,-0.680000,1.501000,-1.358724,-0.701138,1.635190,-1.444796,-0.674004,1.547761,0.003082,0.012023,0.007471,0.999895,0.208027,-0.591005,-0.051589,-0.001289,0.001701,0.021941,0.142571,0.063671,7.962890,18.466827,4,0,0.000000,1,0.478259,1.351486,1,2,0,none
44.927878,-1.397000,-0.689000,1.501000,-1.349889,-0.721086,1.520449,-1.434373,-0.686483,1.545481,0.002984,0.011898,0.007149,0.999899,0.226374,-0.589740,-0.054480,-0.001339,0.001731,0.022128,0.060226,0.058152,15.819459,20.515006,5,0,0.000000,1,0.413876,0.730480,1,-1,0,none
44.944440,-1.392000,-0.698000,1.501000,-1.397531,-0.757142,1.433310,-1.434373,-0.686483,1.545481,0.002984,0.011898,0.007149,0.999899,0.226374,-0.589740,-0.054480,-0.001339,0.001731,0.022128,0.090057,0.062503,-18323537185136764.000000,20.515006,5,0,0.000000,1,1.035011,1.021034,0,-1,0,none
44.977701,-1.380000,-0.720000,1.501000,-1.356573,-0.719279,1.514576,-1.417635,-0.715615,1.541190,0.002585,0.009326,0.006610,0.999931,0.238803,-0.581334,-0.054863,-0.001377,0.001742,0.022343,0.027086,0.055234,-1624245561724894.000000,20.515006,5,0,0.000000,1,0.561246,1.046954,1,-1,0,none
44.994347,-1.373000,-0.732000,1.501000,-1.351253,-0.779057,1.541754,-1.417635,-0.715615,1.541190,0.002585,0.009326,0.006610,0.999931,0.238803,-0.581334,-0.054863,-0.001377,0.001742,0.022343,0.065941,0.062257,-310894758955254.500000,20.515006,5,0,0.000000,1,0.639355,2.277052,0,-1,0,none
45.010943,-1.368000,-0.740000,1.501000,-1.362640,-0.733995,1.685406,-1.405931,-0.734811,1.547338,0.001549,0.009004,0.006745,0.999936,0.241626,-0.574763,-0.042777,-0.001414,0.001701,0.021115,0.184582,0.060108,7.410343,18.466827,4,0,0.000000,1,0.474424,1.353142,1,2,0,none
45.060844,-1.350000,-0.770000,1.501000,-1.406780,-0.818770,1.332171,-1.394733,-0.768041,1.533203,0.001334,0.008749,0.006487,0.999940,0.243942,-0.571987,-0.049382,-0.001391,0.001797,0.022985,0.184677,0.055153,2.529288,16.266236,3,0,0.000000,1,0.686574,1.426260,1,-1,2,anchor6:6-7;5-6
45.094033,-1.337000,-0.790000,1.501000,-1.270337,-0.745853,1.614037,-1.376210,-0.782741,1.536283,0.002017,0.009974,0.006549,0.999927,0.266885,-0.562816,-0.041640,-0.001469,0.001751,0.022225,0.138457,0.053245,2.123860,16.266236,3,0,0.000000,1,0.440305,1.221352,1,-1,2,anchor0:7-0;0-1
45.110633,-1.332000,-0.799000,1.501000,-1.277550,-0.675315,1.712821,-1.363863,-0.781449,1.545519,0.002145,0.010490,0.006867,0.999919,0.279594,-0.541534,-0.030186,-0.001542,0.001634,0.020673,0.251259,0.057491,1.956871,13.815511,2,0,0.000000,1,0.737771,1.038988,1,1,2,anchor1:0-1;1-2
45.127310,-1.326000,-0.807000,1.501000,-1.245878,-0.750361,1.512588,-1.349600,-0.786801,1.543056,0.002831,0.010918,0.006739,0.999914,0.295220,-0.529193,-0.031204,-0.001599,0.001625,0.020909,0.098802,0.052285,4.682444,16.266236,3,0,0.000000,1,0.445594,1.214818,1,-1,2,anchor0:7-0;0-1
45.143964,-1.319000,-0.819000,1.501000,-1.283370,-0.901869,1.578739,-1.339718,-0.804304,1.544413,0.004021,0.010916,0.006479,0.999911,0.304756,-0.543793,-0.030021,-0.001632,0.001668,0.020598,0.119080,0.050298,6.772136,18.466827,4,0,0.000000,1,0.447539,0.860485,1,5,0,none
45.177130,-1.306000,-0.839000,1.502000,-1.280335,-0.889069,1.541565,-1.325552,-0.827661,1.543183,0.004964,0.009438,0.006384,0.999923,0.315601,-0.553353,-0.033659,-0.001655,0.001703,0.020600,0.068782,0.046978,-3356341867395129.000000,20.515006,5,0,0.000000,1,0.643845,0.896067,1,-1,0,none
45.193794,-1.301000,-0.847000,1.502000,-1.277810,-0.868491,1.640451,-1.317087,-0.839212,1.547882,0.005077,0.008946,0.006359,0.999927,0.322196,-0.557591,-0.027100,-0.001688,0.001694,0.019797,0.142015,0.049240,6.279727,18.466827,4,0,0.000000,1,0.470530,1.328778,1,2,0,none
45.210492,-1.295000,-0.856000,1.502000,-1.267616,-0.947232,1.542798,-1.309217,-0.854595,1.547188,0.005343,0.009028,0.006367,0.999925,0.328563,-0.569766,-0.027840,-0.001706,0.001740,0.019824,0.103623,0.047392,-4111367361527800.000000,20.515006,5,0,0.000000,1,0.525350,1.202055,1,-1,0,none
45.227039,-1.287000,-0.868000,1.502000,-1.262903,-0.786378,1.657843,-1.300809,-0.858028,1.552399,0.004154,0.009485,0.006619,0.999924,0.332382,-0.562381,-0.025177,-0.001741,0.001683,0.018946,0.177566,0.053199,1.992038,16.266236,3,0,0.000000,1,0.436799,1.220875,1,-1,2,anchor0:7-0;0-1
45.243643,-1.282000,-0.876000,1.502000,-1.278525,-0.934667,1.523836,-1.294242,-0.872005,1.550543,0.003181,0.010046,0.006483,0.999923,0.335949,-0.572339,-0.028972,-0.001742,0.001717,0.019161,0.062695,0.050222,1.027974,18.466827,4,0,0.000000,1,0.545932,0.866656,1,7,0,none
45.260313,-1.276000,-0.885000,1.502000,-1.222382,-0.816846,1.674392,-1.284095,-0.876452,1.556229,0.001384,0.010945,0.006715,0.999917,0.349622,-0.562242,-0.022418,-0.001788,0.001666,0.018209,0.192973,0.055492,3.258653,16.266236,3,0,0.000000,1,0.432579,1.212827,1,-1,2,anchor0:7-0;0-1
45.310180,-1.258000,-0.913000,1.502000,-1.268418,-0.963079,1.567908,-1.266983,-0.908385,1.555660,-0.003467,0.013281,0.006120,0.999887,0.354716,-0.553451,-0.027630,-0.001787,0.001688,0.018111,0.083429,0.054602,6.580349,16.266236,3,0,0.000000,1,0.656904,1.376669,1,-1,2,anchor6:6-7;5-6
45.326792,-1.250000,-0.924000,1.502000,-1.284197,-0.889361,1.306902,-1.266983,-0.908385,1.555660,-0.003467,0.013281,0.006120,0.999887,0.354716,-0.553451,-0.027630,-0.001787,0.001688,0.018111,0.201078,0.058410,149.739266,16.266236,3,1,0.000000,1,0.665899,1.176202,0,-1,2,anchor2:1-2;2-3
45.360088,-1.236000,-0.943000,1.502000,-1.141470,-1.017947,1.673972,-1.240149,-0.942402,1.560607,-0.004971,0.016624,0.006132,0.999831,0.374242,-0.536263,-0.025311,-0.001850,0.001699,0.017076,0.210065,0.058757,9.405144,18.466827,4,0,0.000000,1,0.558531,0.862143,1,7,0,none
45.409955,-1.216000,-0.970000,1.501000,-1.239337,-0.956095,1.767521,-1.240149,-0.942402,1.560607,-0.004971,0.016624,0.006132,0.999831,0.374242,-0.536263,-0.025311,-0.001850,0.001699,0.017076,0.267901,0.069985,14.982750,13.815511,2,1,0.000000,1,1.045481,2.398487,0,2,2,anchor3:2-3;3-4
45.426621,-1.210000,-0.977000,1.501000,-1.156442,-0.933084,1.966635,-1.209873,-0.972731,1.583391,-0.003368,0.019398,0.005856,0.999789,0.401941,-0.505326,0.000094,-0.001968,0.001588,0.013361,0.470758,0.082502,6.716733,16.266236,3,0,0.000000,1,0.409081,1.210979,1,-1,2,anchor0:7-0;0-1
45.443181,-1.204000,-0.985000,1.501000,-1.281266,-1.015930,1.475951,-1.210381,-0.984247,1.577216,-0.002611,0.019533,0.005527,0.999791,0.395444,-0.507970,-0.004145,-0.001921,0.001626,0.014336,0.086914,0.076486,9.926836,16.266236,3,0,0.000000,1,0.694019,1.198724,1,-1,2,anchor3:2-3;3-4
45.459858,-1.195000,-0.995000,1.501000,-1.152236,-0.933199,1.878735,-1.199846,-0.986974,1.594397,-0.002802,0.020097,0.005584,0.999779,0.412687,-0.496636,0.017348,-0.001977,0.001538,0.011733,0.385138,0.093866,4.470860,16.266236,3,0,0.000000,1,0.414169,1.205196,1,-1,2,anchor0:7-0;0-1
45.476397,-1.189000,-1.003000,1.501000,-1.144408,-0.894230,1.873103,-1.189409,-0.986167,1.610187,-0.003483,0.020288,0.005353,0.999774,0.422642,-0.476700,0.034728,-0.002028,0.001441,0.009386,0.390231,0.110477,7.833437,16.266236,3,0,0.000000,1,0.414097,1.203646,1,-1,2,anchor0:7-0;0-1
45.493096,-1.183000,-1.010000,1.500000,-1.124280,-1.043408,1.743534,-1.189409,-0.986167,1.610187,-0.003483,0.020288,0.005353,0.999774,0.422642,-0.476700,0.034728,-0.002028,0.001441,0.009386,0.252731,0.112917,-1268936782172665.000000,20.515006,5,0,0.000000,1,0.799859,2.246529,0,-1,0,none
45.526282,-1.168000,-1.028000,1.500000,-1.089216,-0.959766,1.917819,-1.161428,-1.004550,1.629651,-0.003181,0.019618,0.004898,0.999790,0.451569,-0.448252,0.051240,-0.002090,0.001345,0.006687,0.430622,0.131918,2.384877,16.266236,3,0,0.000000,1,0.408346,1.193513,1,-1,2,anchor0:7-0;0-1
45.542885,-1.161000,-1.035000,1.500000,-1.154053,-1.110261,1.754745,-1.154379,-1.020474,1.637591,-0.001716,0.019298,0.004642,0.999802,0.454094,-0.454967,0.057876,-0.002104,0.001339,0.005642,0.265721,0.138514,12.008759,18.466827,4,0,0.000000,1,0.567901,0.866037,1,7,0,none
45.576213,-1.145000,-1.052000,1.499000,-1.096781,-1.128776,1.766741,-1.135631,-1.043932,1.646664,0.000101,0.019711,0.004617,0.999795,0.464580,-0.461147,0.060853,-0.002127,0.001334,0.004539,0.282674,0.148181,15.027067,20.515006,5,0,0.000000,1,0.404076,0.743824,1,-1,0,none
45.592804,-1.137000,-1.061000,1.499000,-1.143725,-1.078190,1.582226,-1.132171,-1.050881,1.643644,0.000077,0.019838,0.004492,0.999793,0.466753,-0.466159,0.056132,-0.002116,0.001355,0.005083,0.085249,0.145078,5.725853,18.466827,4,0,0.000000,1,0.655774,0.859289,1,3,0,none
45.609366,-1.129000,-1.069000,1.499000,-1.102924,-1.104430,1.688487,-1.123036,-1.062060,1.646889,-0.000400,0.020608,0.004452,0.999778,0.472345,-0.471218,0.056603,-0.002126,0.001359,0.004726,0.194527,0.148171,-42687203522988048.000000,20.515006,5,0,0.000000,1,0.645665,1.245355,1,-1,0,none
45.626031,-1.122000,-1.076000,1.499000,-1.132413,-1.103308,1.649428,-1.123036,-1.062060,1.646889,-0.000400,0.020608,0.004452,0.999778,0.472345,-0.471218,0.056603,-0.002126,0.001359,0.004726,0.153241,0.148548,-3667241825279978.000000,20.515006,5,0,0.000000,1,17.955778,-nan,0,-1,0,none
45.642653,-1.112000,-1.085000,1.498000,-1.118848,-1.140621,1.640479,-1.108220,-1.082796,1.648330,-0.000325,0.020803,0.004047,0.999775,0.482220,-0.470966,0.056133,-0.002120,0.001378,0.004805,0.153104,0.150393,-5710242119028724.000000,20.515006,5,0,0.000000,1,0.394930,0.668291,1,-1,0,none
45.675902,-1.098000,-1.099000,1.498000,-1.103634,-1.121871,1.675762,-1.093487,-1.099969,1.651656,0.000640,0.020023,0.003847,0.999792,0.488893,-0.469242,0.062150,-0.002118,0.001381,0.004600,0.179316,0.153726,-5790596030029815.000000,20.515006,5,0,0.000000,1,0.394189,0.769984,1,-1,0,none
45.692522,-1.089000,-1.108000,1.498000,-1.100171,-1.135607,1.666053,-1.086870,-1.109793,1.653434,0.001219,0.019832,0.003981,0.999795,0.493101,-0.471927,0.067922,-0.002114,0.001387,0.004500,0.170672,0.155459,16.131445,20.515006,5,0,0.000000,1,0.403047,0.740974,1,-1,0,none
45.709174,-1.081000,-1.115000,1.497000,-1.092096,-1.121297,1.553361,-1.079826,-1.117671,1.649160,0.001680,0.019728,0.004042,0.999796,0.496344,-0.467281,0.066460,-0.002105,0.001404,0.005306,0.057787,0.152188,6.900658,18.466827,4,0,0.000000,1,0.565152,0.851662,1,7,0,none
45.759016,-1.056000,-1.138000,1.498000,-1.012320,-1.187159,1.624446,-1.051463,-1.144263,1.651004,0.003243,0.018508,0.004753,0.999812,0.515769,-0.459156,0.072186,-0.002119,0.001426,0.005531,0.142524,0.153199,-12283349191593960.000000,20.515006,5,0,0.000000,1,0.576747,1.062981,1,-1,0,none
45.792307,-1.038000,-1.153000,1.498000,-1.061839,-1.183969,1.555864,-1.036603,-1.161581,1.647880,0.002945,0.016940,0.005175,0.999839,0.522520,-0.467920,0.066466,-0.002105,0.001450,0.006366,0.069826,0.150132,16.986024,20.515006,5,0,0.000000,1,0.399956,0.737717,1,-1,0,none
45.808934,-1.030000,-1.160000,1.498000,-1.020811,-1.200704,1.649103,-1.027393,-1.171955,1.648974,0.002548,0.016706,0.005425,0.999842,0.524144,-0.473106,0.066265,-0.002107,0.001463,0.006366,0.156759,0.151469,6.163459,18.466827,4,0,0.000000,1,0.636195,0.861102,1,3,0,none
45.825498,-1.020000,-1.170000,1.498000,-1.037534,-1.179916,1.554159,-1.020564,-1.179418,1.644812,0.001601,0.016648,0.005589,0.999845,0.524473,-0.474551,0.059762,-0.002099,0.001476,0.007143,0.059663,0.147114,-317239434805233.437500,20.515006,5,0,0.000000,1,0.589270,1.062134,1,-1,0,none
45.842109,-1.012000,-1.176000,1.498000,-0.980473,-1.248990,1.585938,-1.009598,-1.191892,1.642543,0.000561,0.016500,0.005909,0.999846,0.531348,-0.479548,0.054664,-0.002111,0.001509,0.007610,0.118552,0.145434,7.744125,20.515006,5,0,0.000000,1,0.396357,0.735742,1,-1,0,none
45.858791,-1.004000,-1.183000,1.498000,-1.011369,-1.212643,1.481792,-1.001627,-1.200637,1.634979,-0.000815,0.016131,0.006033,0.999851,0.534298,-0.479338,0.045074,-0.002105,0.001533,0.008864,0.034579,0.138130,6.180095,18.466827,4,0,0.000000,1,0.572731,0.844045,1,7,0,none
45.875399,-0.994000,-1.191000,1.498000,-0.968314,-1.152798,1.743544,-0.991069,-1.204287,1.641248,-0.002265,0.015865,0.006001,0.999854,0.539897,-0.466947,0.052373,-0.002116,0.001497,0.008031,0.249822,0.143893,7.342561,18.466827,4,0,0.000000,1,0.439705,1.265767,1,2,0,none
45.892006,-0.986000,-1.198000,1.498000,-0.974416,-1.206827,1.659030,-0.982031,-1.211198,1.642915,-0.002883,0.015533,0.005960,0.999857,0.542175,-0.460025,0.053315,-0.002120,0.001493,0.007901,0.161687,0.145569,5.697510,18.466827,4,0,0.000000,1,0.444171,1.256721,1,2,0,none
45.925252,-0.967000,-1.213000,1.499000,-0.918019,-1.273505,1.581035,-0.982031,-1.211198,1.642915,-0.002883,0.015533,0.005960,0.999857,0.542175,-0.460025,0.053315,-0.002120,0.001493,0.007901,0.113091,0.144709,-58675913052987400.000000,20.515006,5,0,0.000000,1,1.759856,1.317498,0,-1,0,none
45.975106,-0.940000,-1.233000,1.499000,-0.953733,-1.371905,1.530908,-0.938534,-1.258750,1.641056,-0.002065,0.015925,0.006636,0.999849,0.546244,-0.449260,0.055393,-0.002114,0.001575,0.008912,0.143183,0.144379,0.974035,13.815511,2,0,0.000000,1,0.641560,1.248705,1,4,2,anchor6:6-7;5-6
46.008416,-0.921000,-1.247000,1.499000,-1.188546,-1.154764,0.957766,-0.938534,-1.258750,1.641056,-0.002065,0.015925,0.006636,0.999849,0.546244,-0.449260,0.055393,-0.002114,0.001575,0.008912,0.610755,0.143616,78.423725,16.266236,3,1,0.000000,1,0.705331,1.215673,0,-1,2,anchor3:2-3;3-4
46.025023,-0.913000,-1.253000,1.500000,-1.061537,-1.214859,1.159943,-0.938534,-1.258750,1.641056,-0.002065,0.015925,0.006636,0.999849,0.546244,-0.449260,0.055393,-0.002114,0.001575,0.008912,0.373037,0.143464,91.410027,16.266236,3,1,0.000000,1,0.718999,1.243299,0,-1,2,anchor3:2-3;3-4
46.041603,-0.905000,-1.259000,1.500000,-1.075624,-1.195859,1.183300,-0.938534,-1.258750,1.641056,-0.002065,0.015925,0.006636,0.999849,0.546244,-0.449260,0.055393,-0.002114,0.001575,0.008912,0.365237,0.144988,93.908260,16.266236,3,1,0.000000,1,0.716563,1.239307,0,-1,2,anchor3:2-3;3-4
46.058239,-0.893000,-1.267000,1.500000,-1.149939,-1.172538,0.880585,-0.938534,-1.258750,1.641056,-0.002065,0.015925,0.006636,0.999849,0.546244,-0.449260,0.055393,-0.002114,0.001575,0.008912,0.677212,0.148453,82.039961,16.266236,3,1,0.000000,1,0.707294,1.225813,0,-1,2,anchor3:2-3;3-4
46.108104,-0.866000,-1.286000,1.500000,-0.778516,-1.220532,1.968040,-0.854993,-1.305231,1.670591,-0.002061,0.018486,0.007478,0.999799,0.579803,-0.400560,0.072304,-0.002144,0.001460,0.005538,0.480626,0.172024,7.098095,16.266236,3,0,0.000000,1,0.400688,1.122900,1,-1,2,anchor0:7-0;0-1
46.124700,-0.857000,-1.291000,1.500000,-0.737088,-1.310501,1.744430,-0.833572,-1.311494,1.676503,-0.002008,0.019013,0.007250,0.999791,0.607569,-0.398988,0.075858,-0.002205,0.001447,0.004766,0.272957,0.179226,9.935814,16.266236,3,0,0.000000,1,0.521802,1.116729,1,-1,2,anchor1:0-1;1-2
46.174618,-0.829000,-1.310000,1.500000,-1.013293,-1.235292,0.938062,-0.833572,-1.311494,1.676503,-0.002008,0.019013,0.007250,0.999791,0.607569,-0.398988,0.075858,-0.002205,0.001447,0.004766,0.596087,0.176568,107.013129,16.266236,3,1,0.000000,1,0.718437,1.254198,0,-1,2,anchor3:2-3;3-4
46.191181,-0.818000,-1.318000,1.500000,-1.021435,-1.270797,0.965338,-0.833572,-1.311494,1.676503,-0.002008,0.019013,0.007250,0.999791,0.607569,-0.398988,0.075858,-0.002205,0.001447,0.004766,0.574001,0.177308,79.479288,16.266236,3,1,0.000000,1,0.723550,1.255849,0,-1,2,anchor3:2-3;3-4
46.224564,-0.801000,-1.329000,1.500000,-0.741737,-1.403337,1.545220,-0.768100,-1.356913,1.673104,-0.002712,0.023007,0.008546,0.999695,0.635299,-0.389368,0.064307,-0.002239,0.001513,0.006306,0.105276,0.178400,1.316133,18.466827,4,0,0.000000,1,0.595526,0.839554,1,7,0,none
46.241141,-0.789000,-1.336000,1.500000,-0.691280,-1.281455,1.802284,-0.749639,-1.353147,1.683468,-0.003671,0.023831,0.008411,0.999674,0.652628,-0.369021,0.073729,-0.002276,0.001434,0.004900,0.322335,0.188424,5.718687,16.266236,3,0,0.000000,1,0.403583,1.093506,1,-1,2,anchor0:7-0;0-1
46.257695,-0.780000,-1.342000,1.500000,-0.708785,-1.356302,1.750955,-0.735980,-1.358643,1.689265,-0.003809,0.024329,0.008500,0.999661,0.660107,-0.365950,0.075876,-0.002292,0.001420,0.004212,0.261256,0.195028,1.012491,16.266236,3,0,0.000000,1,0.406697,1.092708,1,-1,2,anchor0:7-0;0-1
46.274340,-0.771000,-1.347000,1.500000,-0.825228,-1.376646,1.482223,-0.735938,-1.365637,1.676399,-0.004268,0.023552,0.008708,0.999676,0.649454,-0.364120,0.062168,-0.002245,0.001465,0.006286,0.064309,0.180813,6.256896,16.266236,3,0,0.000000,1,0.761897,1.322912,1,-1,2,anchor3:2-3;3-4
46.290956,-0.759000,-1.354000,1.500000,-0.675592,-1.338166,1.699550,-0.720384,-1.368119,1.678794,-0.005576,0.023925,0.009043,0.999657,0.663572,-0.359102,0.064328,-0.002272,0.001442,0.006053,0.216859,0.183461,8.253490,16.266236,3,0,0.000000,1,0.407046,1.084575,1,-1,2,anchor0:7-0;0-1
46.307679,-0.750000,-1.360000,1.500000,-0.666265,-1.320791,1.765331,-0.705386,-1.368874,1.685230,-0.007094,0.023487,0.009138,0.999657,0.677980,-0.351051,0.070299,-0.002290,0.001397,0.005254,0.280979,0.190734,2.895750,16.266236,3,0,0.000000,1,0.404625,1.085119,1,-1,2,anchor0:7-0;0-1
46.324251,-0.741000,-1.365000,1.500000,-0.660904,-1.301123,1.868373,-0.691303,-1.367927,1.697573,-0.008659,0.023138,0.009510,0.999650,0.684630,-0.339215,0.080410,-0.002297,0.001325,0.003632,0.382353,0.203748,5.327186,16.266236,3,0,0.000000,1,0.401517,1.088798,1,-1,2,anchor0:7-0;0-1
46.340828,-0.728000,-1.372000,1.500000,-0.611526,-1.345288,1.718859,-0.674364,-1.370782,1.699942,-0.010227,0.022205,0.009613,0.999655,0.700238,-0.332224,0.079666,-0.002328,0.001307,0.003432,0.249357,0.207015,0.517122,16.266236,3,0,0.000000,1,0.405027,1.070544,1,-1,2,anchor0:7-0;0-1
46.374121,-0.707000,-1.385000,1.500000,-0.865647,-1.388795,1.158433,-0.674364,-1.370782,1.699942,-0.010227,0.022205,0.009613,0.999655,0.700238,-0.332224,0.079666,-0.002328,0.001307,0.003432,0.376631,0.203087,43.317067,16.266236,3,1,0.000000,1,0.749083,1.297830,0,-1,2,anchor3:2-3;3-4
46.390774,-0.700000,-1.388000,1.500000,-0.941264,-1.361776,1.054350,-0.674364,-1.370782,1.699942,-0.010227,0.022205,0.009613,0.999655,0.700238,-0.332224,0.079666,-0.002328,0.001307,0.003432,0.507444,0.202313,56.353212,16.266236,3,1,0.000000,1,0.739813,1.278842,0,-1,2,anchor3:2-3;3-4
46.407316,-0.688000,-1.394000,1.500000,-0.815609,-1.324441,1.118313,-0.674364,-1.370782,1.699942,-0.010227,0.022205,0.009613,0.999655,0.700238,-0.332224,0.079666,-0.002328,0.001307,0.003432,0.408421,0.201747,79.433846,16.266236,3,1,0.000000,1,0.740767,1.301073,0,-1,2,anchor3:2-3;3-4
46.423970,-0.675000,-1.401000,1.500000,-0.893659,-1.315579,1.151658,-0.674364,-1.370782,1.699942,-0.010227,0.022205,0.009613,0.999655,0.700238,-0.332224,0.079666,-0.002328,0.001307,0.003432,0.420060,0.202214,79.589540,16.266236,3,1,0.000000,1,0.737688,1.285012,0,-1,2,anchor3:2-3;3-4
46.440579,-0.666000,-1.406000,1.500000,-1.043221,-1.867899,0.809603,-1.043221,-1.867899,0.809603,-0.002768,-0.006919,0.015221,0.999856,0.000000,0.000000,0.000000,0.000000,0.000000,0.000000,0.912301,0.912301,20.003796,13.815511,2,1,0.000000,1,0.795906,1.116806,1,3,2,anchor0:7-0;0-1
46.457308,-0.656000,-1.410000,1.499000,-0.874272,-1.289161,1.075749,-1.043221,-1.867899,0.809603,-0.002768,-0.006919,0.015221,0.999856,0.000000,0.000000,0.000000,0.000000,0.000000,0.000000,0.491310,0.913717,65.172186,16.266236,3,1,0.000000,1,0.732513,1.285059,0,-1,2,anchor3:2-3;3-4
46.490427,-0.634000,-1.420000,1.499000,-0.608946,-1.437612,1.726451,-0.608946,-1.437612,1.726451,-0.002768,-0.006919,0.015221,0.999856,0.000000,0.000000,0.000000,0.000000,0.000000,0.000000,0.229503,0.229503,3.093167,16.266236,3,0,0.000000,1,0.506946,1.090092,1,-1,2,anchor1:0-1;1-2
46.507122,-0.624000,-1.424000,1.499000,-0.588988,-1.439581,1.832532,-0.598976,-1.438575,1.779496,-0.002293,-0.007058,0.015292,0.999856,-0.002942,0.004050,0.000631,-0.000000,0.000000,-0.000000,0.335726,0.281987,8.326661,16.266236,3,0,0.000000,1,0.403386,1.071018,1,-1,2,anchor0:7-0;0-1
46.590213,-0.568000,-1.443000,1.498000,-0.473931,-1.348023,1.942653,-0.558054,-1.408076,1.835243,-0.004470,0.000879,0.014717,0.999881,-0.011242,0.027992,0.019890,-0.000002,-0.000001,-0.000002,0.464313,0.339193,4.298011,16.266236,3,0,0.000000,1,0.396850,1.056489,1,-1,2,anchor0:7-0;0-1
46.606845,-0.555000,-1.448000,1.498000,-0.525207,-1.380480,1.746314,-0.549968,-1.400751,1.813350,-0.005617,0.003816,0.014513,0.999872,-0.002117,0.038744,0.021900,-0.000002,-0.000002,-0.000001,0.259049,0.318910,6.171174,16.266236,3,0,0.000000,1,0.402956,1.054001,1,-1,2,anchor0:7-0;0-1
46.623417,-0.545000,-1.450000,1.498000,-0.478286,-1.363395,1.816639,-0.535272,-1.392590,1.814165,-0.005726,0.006315,0.014054,0.999865,0.005013,0.044640,0.023273,-0.000004,-0.000002,-0.000001,0.336871,0.321482,0.877771,16.266236,3,0,0.000000,1,0.399870,1.050561,1,-1,2,anchor0:7-0;0-1
46.656707,-0.521000,-1.457000,1.499000,-0.527942,-1.404967,1.796872,-0.533849,-1.393567,1.811904,-0.004483,0.006481,0.013437,0.999879,0.005601,0.043366,0.023772,-0.000004,-0.000002,-0.000000,0.302462,0.319528,0.814681,13.815511,2,0,0.000000,1,0.618416,1.062636,1,4,2,anchor0:7-0;0-1
46.673335,-0.511000,-1.460000,1.499000,-0.433221,-1.443571,1.857154,-0.518195,-1.400878,1.818580,-0.000543,0.010733,0.011547,0.999876,0.028011,0.036572,0.023586,-0.000008,0.000000,-0.000002,0.366871,0.325083,3.878896,16.266236,3,0,0.000000,1,0.399741,1.054201,1,-1,2,anchor0:7-0;0-1
46.689940,-0.501000,-1.463000,1.499000,-0.529090,-1.252675,1.659296,-0.518195,-1.400878,1.818580,-0.000543,0.010733,0.011547,0.999876,0.028011,0.036572,0.023586,-0.000008,0.000000,-0.000002,0.265933,0.326016,1.060381,13.815511,2,0,0.000000,1,1.858522,1.106960,0,2,2,anchor0:7-0;0-1
46.706562,-0.488000,-1.466000,1.499000,-0.411807,-1.408359,1.873428,-0.501735,-1.400942,1.825781,0.001861,0.014927,0.010441,0.999832,0.063980,0.041051,0.022000,-0.000013,0.000001,-0.000006,0.386425,0.333478,5.869944,16.266236,3,0,0.000000,1,0.398206,1.049708,1,-1,2,anchor0:7-0;0-1
46.773051,-0.444000,-1.475000,1.499000,-0.427629,-1.575721,1.533255,-0.482279,-1.429870,1.789585,0.025335,0.026569,0.005627,0.999310,0.144731,-0.080534,-0.010657,-0.000018,0.000017,0.000030,0.107639,0.296550,13.555673,20.515006,5,0,0.000000,1,0.374427,0.712921,1,-1,0,none
46.806296,-0.420000,-1.480000,1.499000,-0.660447,-1.440682,1.191102,-0.502509,-1.437385,1.725547,0.031192,0.017409,0.005425,0.999347,0.081967,-0.114006,-0.053172,0.000005,0.000015,0.000121,0.392634,0.244842,13.449554,13.815511,2,0,0.000000,1,0.687183,1.217255,1,5,2,anchor3:2-3;3-4
46.823006,-0.410000,-1.481000,1.498000,-0.817988,-1.463675,0.737255,-0.502509,-1.437385,1.725547,0.031192,0.017409,0.005425,0.999347,0.081967,-0.114006,-0.053172,0.000005,0.000015,0.000121,0.863416,0.249475,39.529542,13.815511,2,1,0.000000,1,1.587690,3.334493,0,2,2,anchor3:2-3;3-4
46.839546,-0.397000,-1.484000,1.498000,-0.794724,-1.463488,0.701952,-0.502509,-1.437385,1.725547,0.031192,0.017409,0.005425,0.999347,0.081967,-0.114006,-0.053172,0.000005,0.000015,0.000121,0.890111,0.255114,34.525292,13.815511,2,1,0.000000,1,1.584448,3.336792,0,2,2,anchor3:2-3;3-4
46.922629,-0.339000,-1.493000,1.498000,-0.644608,-1.715576,1.194289,-0.547483,-1.552803,1.658964,0.080648,-0.008711,0.006635,0.996683,-0.133349,-0.582968,-0.127934,0.000021,0.000082,0.000282,0.484950,0.270094,9.145367,13.815511,2,0,0.000000,1,0.711038,1.012047,1,3,2,anchor0:7-0;0-1
46.939270,-0.329000,-1.494000,1.498000,-0.788181,-1.478364,0.747398,-0.547483,-1.552803,1.658964,0.080648,-0.008711,0.006635,0.996683,-0.133349,-0.582968,-0.127934,0.000021,0.000082,0.000282,0.880054,0.277672,39.545792,13.815511,2,1,0.000000,1,1.600754,3.366578,0,2,2,anchor3:2-3;3-4
46.955928,-0.319000,-1.496000,1.498000,-0.536900,-1.406059,1.250500,-0.551348,-1.540183,1.607679,0.073854,-0.010637,0.007342,0.997185,-0.168208,-0.554247,-0.164801,0.000007,0.000052,0.000427,0.341799,0.260705,15.065851,13.815511,2,1,0.000000,1,0.690576,1.242538,1,5,2,anchor3:2-3;3-4
46.972586,-0.305000,-1.498000,1.499000,-0.512971,-1.436337,1.294914,-0.551348,-1.540183,1.607679,0.073854,-0.010637,0.007342,0.997185,-0.168208,-0.554247,-0.164801,0.000007,0.000052,0.000427,0.297835,0.272540,44.936063,16.266236,3,1,0.000000,1,0.779618,1.387142,0,-1,2,anchor3:2-3;3-4
47.005733,-0.285000,-1.501000,1.499000,-0.296793,-1.505355,1.547749,-0.489369,-1.552648,1.596838,0.068131,0.017905,0.007803,0.997485,0.102548,-0.558864,-0.166053,-0.000035,0.000044,0.000456,0.050344,0.232393,2.650976,16.266236,3,0,0.000000,1,0.591494,1.419946,1,-1,2,anchor2:1-2;2-3
47.055645,-0.250000,-1.505000,1.499000,-0.697364,-1.442476,0.771100,-0.489369,-1.552648,1.596838,0.068131,0.017905,0.007803,0.997485,0.102548,-0.558864,-0.166053,-0.000035,0.000044,0.000456,0.856669,0.262945,41.003456,13.815511,2,1,0.000000,1,1.525893,3.246088,0,2,2,anchor3:2-3;3-4
47.072239,-0.239000,-1.507000,1.499000,-0.591498,-1.499534,0.947964,-0.489369,-1.552648,1.596838,0.068131,0.017905,0.007803,0.997485,0.102548,-0.558864,-0.166053,-0.000035,0.000044,0.000456,0.654180,0.272654,26.020818,13.815511,2,1,0.000000,1,1.565023,3.332888,0,2,2,anchor3:2-3;3-4
47.088860,-0.226000,-1.507000,1.499000,-0.653735,-1.516384,0.699016,-0.489369,-1.552648,1.596838,0.068131,0.017905,0.007803,0.997485,0.102548,-0.558864,-0.166053,-0.000035,0.000044,0.000456,0.907205,0.284638,39.586471,13.815511,2,1,0.000000,1,1.626459,3.455635,0,2,2,anchor3:2-3;3-4
47.105506,-0.212000,-1.508000,1.499000,-0.560141,-1.359060,1.126860,-0.497071,-1.525499,1.531737,0.039239,0.011642,0.012967,0.999078,0.043230,-0.399790,-0.224287,0.000002,0.000051,0.000743,0.530918,0.287477,17.670195,13.815511,2,1,0.000000,1,0.674295,1.224468,1,5,2,anchor3:2-3;3-4
47.122154,-0.201000,-1.509000,1.499000,-0.495755,-1.359225,1.032582,-0.495449,-1.483448,1.469079,0.022824,0.013555,0.008939,0.999608,0.065141,-0.212273,-0.284965,-0.000003,0.000058,0.001028,0.571715,0.297067,8.724386,13.815511,2,0,0.000000,1,0.674041,1.237311,1,5,2,anchor3:2-3;3-4
47.138758,-0.191000,-1.509000,1.499000,-0.396081,-1.390558,1.378021,-0.495449,-1.483448,1.469079,0.022824,0.013555,0.008939,0.999608,0.065141,-0.212273,-0.284965,-0.000003,0.000058,0.001028,0.265937,0.306981,59.074855,16.266236,3,1,0.000000,1,0.785607,1.414931,0,-1,2,anchor3:2-3;3-4
47.172029,-0.166000,-1.511000,1.499000,-0.071302,-1.388058,1.977621,-0.382524,-1.462711,1.513113,0.019006,0.037669,0.005530,0.999094,0.403644,-0.137841,-0.234418,-0.000099,-0.000037,0.000689,0.503150,0.222292,5.678205,16.266236,3,0,0.000000,1,0.389618,1.014035,1,-1,2,anchor0:7-0;0-1
47.221871,-0.131000,-1.512000,1.498000,-0.024468,-1.434300,1.956484,-0.270652,-1.454904,1.545839,0.018242,0.060406,0.016137,0.997877,0.747912,-0.084777,-0.201842,-0.000094,-0.000025,0.000321,0.477068,0.158276,3.489413,16.266236,3,0,0.000000,1,0.390178,1.010453,1,-1,2,anchor0:7-0;0-1
47.255162,-0.106000,-1.513000,1.499000,-0.518472,-1.510610,0.863266,-0.270652,-1.454904,1.545839,0.018242,0.060406,0.016137,0.997877,0.747912,-0.084777,-0.201842,-0.000094,-0.000025,0.000321,0.757823,0.180774,56.145319,13.815511,2,1,0.000000,1,1.570167,3.362252,0,2,2,anchor3:2-3;3-4
47.271765,-0.096000,-1.513000,1.498000,-0.251004,-1.413410,1.112003,-0.225938,-1.449045,1.492382,0.018270,0.062589,0.011746,0.997803,0.827252,-0.060036,-0.243812,-0.000096,-0.000028,0.000659,0.427712,0.144934,16.548648,13.815511,2,1,0.000000,1,0.704903,1.307673,1,5,2,anchor3:2-3;3-4
47.321658,-0.060000,-1.514000,1.498000,-0.024295,-1.519392,1.590853,-0.149130,-1.468094,1.488687,0.020472,0.065934,0.013255,0.997526,0.957046,-0.131507,-0.235595,-0.000163,-0.000022,0.000540,0.099628,0.100689,8.998385,20.515006,5,0,0.000000,1,0.366150,0.700690,1,-1,0,none
47.338275,-0.048000,-1.514000,1.498000,0.037019,-1.434492,1.913101,-0.102577,-1.461678,1.527800,0.018280,0.068906,0.013689,0.997362,1.057214,-0.112010,-0.189411,-0.000175,-0.000027,0.000154,0.431113,0.081267,6.720964,16.266236,3,0,0.000000,1,0.390783,0.999976,1,-1,2,anchor0:7-0;0-1
47.371444,-0.024000,-1.514000,1.498000,-0.386523,-1.497329,0.738469,-0.102577,-1.461678,1.527800,0.018280,0.068906,0.013689,0.997362,1.057214,-0.112010,-0.189411,-0.000175,-0.000027,0.000154,0.841776,0.098995,40.987713,13.815511,2,1,0.000000,1,1.525891,3.313433,0,2,2,anchor3:2-3;3-4
47.388202,-0.013000,-1.514000,1.498000,0.020024,-1.519765,1.455212,-0.102577,-1.461678,1.527800,0.018280,0.068906,0.013689,0.997362,1.057214,-0.112010,-0.189411,-0.000175,-0.000027,0.000154,0.054357,0.107934,21330932399555104.000000,20.515006,5,1,0.000000,1,0.943559,1.394063,0,-1,0,none
47.421430,0.012000,-1.515000,1.498000,0.067415,-1.629702,1.752204,0.004324,-1.512001,1.537491,0.023192,0.066378,0.012050,0.997452,1.181079,-0.245035,-0.166433,-0.000182,-0.000006,-0.000121,0.284337,0.040342,13.898831,16.266236,3,0,0.000000,1,0.899028,1.617787,1,-1,2,anchor3:2-3;3-4
47.456673,0.040000,-1.515000,1.499000,-0.249826,-1.527082,0.889250,0.004324,-1.512001,1.537491,0.023192,0.066378,0.012050,0.997452,1.181079,-0.245035,-0.166433,-0.000182,-0.000006,-0.000121,0.675233,0.052568,31.061695,13.815511,2,1,0.000000,1,1.524329,3.310114,0,1,2,anchor3:2-3;3-4
47.473356,0.050000,-1.515000,1.499000,-0.309490,-1.491125,0.720397,0.004324,-1.512001,1.537491,0.023192,0.066378,0.012050,0.997452,1.181079,-0.245035,-0.166433,-0.000182,-0.000006,-0.000121,0.857919,0.059807,50.606103,13.815511,2,1,0.000000,1,1.499263,3.275973,0,1,2,anchor3:2-3;3-4
47.556446,0.111000,-1.515000,1.499000,-0.311363,-1.524171,0.851508,0.004324,-1.512001,1.537491,0.023192,0.066378,0.012050,0.997452,1.181079,-0.245035,-0.166433,-0.000182,-0.000006,-0.000121,0.773124,0.113448,38.131845,13.815511,2,1,0.000000,1,1.537685,3.333984,0,1,2,anchor3:2-3;3-4
47.589645,0.132000,-1.514000,1.499000,0.179957,-1.403317,1.968744,0.192522,-1.498200,1.578934,0.006637,0.059732,0.013578,0.998100,1.313987,-0.170431,-0.090890,-0.000163,-0.000037,-0.000876,0.484984,0.101499,6.311823,16.266236,3,0,0.000000,1,0.390614,0.984069,1,-1,2,anchor0:7-0;0-1
47.672791,0.192000,-1.511000,1.499000,0.192052,-1.483058,1.888620,0.262886,-1.502997,1.620757,-0.000161,0.051244,0.014330,0.998583,1.312722,-0.152406,-0.038152,-0.000080,-0.000062,-0.001440,0.390621,0.141116,5.376622,16.266236,3,0,0.000000,1,0.393479,0.982874,1,-1,2,anchor0:7-0;0-1
47.839032,0.307000,-1.498000,1.498000,0.342316,-1.488125,2.005836,0.422916,-1.510830,1.686289,-0.006579,0.046482,0.013640,0.998804,1.320671,-0.114271,0.041203,-0.000018,-0.000080,-0.002362,0.509158,0.221481,14.671823,16.266236,3,0,0.000000,1,0.393730,0.973118,1,-1,2,anchor0:7-0;0-1
47.855643,0.317000,-1.497000,1.499000,0.307762,-1.420152,1.761413,0.403682,-1.485348,1.700016,-0.008353,0.043070,0.014095,0.998938,1.257171,-0.059097,0.058393,0.000040,-0.000103,-0.002496,0.273590,0.219219,3.664813,16.266236,3,0,0.000000,1,0.392991,0.956919,1,-1,2,anchor0:7-0;0-1
47.888850,0.340000,-1.492000,1.499000,0.359335,-1.527090,1.740798,0.424123,-1.496529,1.708398,-0.006883,0.041396,0.014554,0.999013,1.241408,-0.066790,0.070050,0.000059,-0.000099,-0.002554,0.245095,0.225709,-31723544490173580.000000,20.515006,5,0,0.000000,1,0.650595,1.474914,1,-1,0,none
47.972010,0.386000,-1.480000,1.499000,0.415551,-1.517874,1.660018,0.501323,-1.505924,1.707491,-0.008038,0.039345,0.014498,0.999088,1.253031,-0.065432,0.058422,0.000079,-0.000093,-0.002400,0.168032,0.239666,19.050001,20.515006,5,0,0.000000,1,0.361910,0.723619,1,-1,0,none
48.038478,0.437000,-1.465000,1.498000,0.435726,-1.496294,1.677690,0.550030,-1.506432,1.707719,-0.007896,0.037358,0.012640,0.999191,1.236508,-0.047866,0.052878,0.000119,-0.000097,-0.002287,0.182399,0.241815,1.291401,18.466827,4,0,0.000000,1,0.474298,1.333097,1,5,0,none
48.055158,0.447000,-1.462000,1.498000,0.510905,-1.481524,1.576475,0.559605,-1.501899,1.693448,-0.008271,0.036881,0.010809,0.999227,1.229533,-0.036019,0.041552,0.000136,-0.000103,-0.001968,0.103069,0.229067,-14015479874808064.000000,20.515006,5,0,0.000000,1,0.401046,0.703984,1,-1,0,none
48.071777,0.459000,-1.457000,1.498000,0.540029,-1.488157,1.682261,0.572928,-1.499939,1.692964,-0.008114,0.036951,0.010765,0.999226,1.227706,-0.024344,0.043780,0.000144,-0.000106,-0.001936,0.203688,0.229858,7.101076,20.515006,5,0,0.000000,1,0.363274,0.728295,1,-1,0,none
48.088426,0.468000,-1.453000,1.498000,0.505348,-1.475783,1.601520,0.580044,-1.496482,1.684339,-0.007769,0.036056,0.010437,0.999265,1.213955,-0.013199,0.035702,0.000153,-0.000110,-0.001742,0.112384,0.221736,-18323547905456640.000000,20.515006,5,0,0.000000,1,0.940817,1.541398,1,-1,0,none
48.104974,0.478000,-1.450000,1.498000,0.529469,-1.467599,1.615722,0.589690,-1.492578,1.678380,-0.007419,0.035278,0.010155,0.999298,1.206621,-0.004086,0.031539,0.000160,-0.000115,-0.001601,0.129682,0.216390,-422985073445271.750000,20.515006,5,0,0.000000,1,0.405218,0.660814,1,-1,0,none
48.121644,0.491000,-1.444000,1.498000,0.554280,-1.453581,1.624562,0.602221,-1.487714,1.674282,-0.006995,0.034935,0.010533,0.999310,1.206254,0.007258,0.029263,0.000170,-0.000122,-0.001494,0.141824,0.212971,11.749762,18.466827,4,0,0.000000,1,0.384690,0.746529,1,0,0,none
48.138313,0.500000,-1.441000,1.498000,0.543662,-1.504882,1.684106,0.612525,-1.489773,1.675596,-0.005970,0.034655,0.011644,0.999314,1.200357,0.006326,0.031791,0.000188,-0.000117,-0.001507,0.201551,0.215826,-10671812568309892.000000,20.515006,5,0,0.000000,1,0.923170,1.603016,1,-1,0,none
48.154995,0.512000,-1.435000,1.498000,0.591105,-1.469636,1.576840,0.627912,-1.487367,1.668496,-0.004840,0.034548,0.011981,0.999319,1.202955,0.013547,0.023023,0.000186,-0.000120,-0.001318,0.116931,0.212713,-513924184650812.250000,20.515006,5,0,0.000000,1,0.513167,0.673838,1,-1,0,none
48.188112,0.532000,-1.427000,1.498000,0.534248,-1.456722,1.683107,0.652820,-1.483515,1.670816,-0.003046,0.032200,0.012108,0.999403,1.199703,0.024255,0.024016,0.000243,-0.000130,-0.001311,0.187492,0.218304,22.714515,18.466827,4,1,0.000000,1,0.470427,1.320650,1,5,0,none
48.238058,0.562000,-1.412000,1.498000,0.568386,-1.442302,1.541103,0.696877,-1.477593,1.661164,-0.002864,0.029605,0.013077,0.999472,1.197476,0.031094,0.016298,0.000297,-0.000144,-0.001083,0.053074,0.221622,-406061188921593.625000,20.515006,5,0,0.000000,1,0.713102,1.267443,1,-1,0,none
48.271222,0.584000,-1.401000,1.498000,0.570476,-1.366002,1.644850,0.716942,-1.463587,1.660783,-0.004743,0.029656,0.013404,0.999459,1.175933,0.059169,0.016918,0.000350,-0.000183,-0.001024,0.151568,0.219292,-3048628302722306.000000,20.515006,5,0,0.000000,1,0.378740,0.825268,1,-1,0,none
48.304517,0.605000,-1.390000,1.498000,0.579312,-1.414152,1.702526,0.735641,-1.455971,1.664776,-0.005741,0.028592,0.013679,0.999481,1.163714,0.076790,0.020251,0.000413,-0.000200,-0.001092,0.207543,0.221886,15.785133,20.515006,5,0,0.000000,1,0.364977,0.729519,1,-1,0,none
48.321079,0.614000,-1.385000,1.498000,0.635386,-1.381407,1.672238,0.741074,-1.446581,1.666211,-0.005784,0.027273,0.013452,0.999521,1.150302,0.094664,0.021510,0.000455,-0.000227,-0.001089,0.175582,0.219625,1.124916,18.466827,4,0,0.000000,1,0.524445,0.821712,1,2,0,none
48.337727,0.626000,-1.379000,1.498000,0.620592,-1.395307,1.633443,0.745039,-1.439802,1.664355,-0.005435,0.025381,0.013334,0.999574,1.127944,0.108259,0.015896,0.000493,-0.000242,-0.001007,0.136528,0.213404,-1535419535591546.500000,20.515006,5,0,0.000000,1,0.382158,0.951704,1,-1,0,none
48.354387,0.635000,-1.373000,1.497000,0.650910,-1.418376,1.722379,0.752078,-1.436135,1.668459,-0.005121,0.023601,0.013374,0.999619,1.108360,0.114445,0.016488,0.000536,-0.000250,-0.001122,0.230452,0.217006,1.502265,18.466827,4,0,0.000000,1,0.520989,0.825688,1,2,0,none
48.370998,0.644000,-1.367000,1.497000,0.605443,-1.365820,1.641359,0.754454,-1.427638,1.668866,-0.005284,0.021952,0.014091,0.999646,1.079555,0.131256,0.019192,0.000585,-0.000273,-0.001020,0.149424,0.213108,10.189897,20.515006,5,0,0.000000,1,0.364742,0.726574,1,-1,0,none
48.387600,0.656000,-1.360000,1.497000,0.677839,-1.372304,1.724814,0.762598,-1.420679,1.671576,-0.005457,0.021842,0.014442,0.999642,1.064134,0.142442,0.026739,0.000610,-0.000287,-0.001181,0.229189,0.213359,-2290439468063293.000000,20.515006,5,0,0.000000,1,0.393668,0.883650,1,-1,0,none
48.404236,0.662000,-1.357000,1.497000,0.705879,-1.384576,1.773315,0.762598,-1.420679,1.671576,-0.005457,0.021842,0.014442,0.999642,1.064134,0.142442,0.026739,0.000610,-0.000287,-0.001181,0.281133,0.211310,-2798015591497976.000000,20.515006,5,0,0.000000,1,1.172396,0.923599,0,-1,0,none
48.420879,0.674000,-1.349000,1.497000,0.734717,-1.443225,1.814832,0.791552,-1.418565,1.681317,-0.004951,0.022963,0.014773,0.999615,1.062130,0.147273,0.039721,0.000653,-0.000282,-0.001505,0.337019,0.229414,5.952332,16.266236,3,0,0.000000,1,0.968586,1.785582,1,-1,2,anchor3:2-3;3-4
48.437475,0.686000,-1.342000,1.497000,0.698874,-1.367914,1.800167,0.798894,-1.411625,1.688986,-0.004906,0.022385,0.014170,0.999637,1.047607,0.158718,0.047500,0.000706,-0.000302,-0.001768,0.304545,0.233348,10.041605,20.515006,5,0,0.000000,1,0.368672,0.735956,1,-1,0,none
48.454118,0.694000,-1.336000,1.497000,0.738862,-1.315892,1.648955,0.809553,-1.400535,1.687510,-0.004778,0.021481,0.013454,0.999667,1.042032,0.180116,0.049071,0.000728,-0.000335,-0.001671,0.159710,0.231973,4.569269,18.466827,4,0,0.000000,1,0.528079,0.809995,1,2,0,none
48.470700,0.703000,-1.331000,1.497000,0.774708,-1.450226,1.848700,0.821687,-1.402634,1.697255,-0.003556,0.020149,0.014349,0.999688,1.043365,0.169866,0.060830,0.000780,-0.000327,-0.002087,0.378219,0.243557,9.613829,16.266236,3,0,0.000000,1,0.981041,1.804472,1,-1,2,anchor3:2-3;3-4
48.487320,0.715000,-1.322000,1.497000,0.715235,-1.330232,1.546994,0.821687,-1.402634,1.697255,-0.003556,0.020149,0.014349,0.999688,1.043365,0.169866,0.060830,0.000780,-0.000327,-0.002087,0.050667,0.240803,-55275140520284288.000000,20.515006,5,0,0.000000,1,27.017219,-nan,0,-1,0,none
48.503993,0.724000,-1.317000,1.498000,0.683340,-1.348217,1.671082,0.840660,-1.392698,1.697708,-0.002080,0.017155,0.014012,0.999752,1.014811,0.180294,0.061033,0.000845,-0.000348,-0.002011,0.180514,0.243357,-2798019823201341.000000,20.515006,5,0,0.000000,1,0.705606,0.676759,1,-1,0,none
48.520643,0.736000,-1.309000,1.497000,0.761885,-1.343497,1.602566,0.849118,-1.385608,1.693206,-0.001584,0.015859,0.014203,0.999772,1.002259,0.189197,0.059294,0.000869,-0.000365,-0.001780,0.114036,0.239084,-2290441765273591.000000,20.515006,5,0,0.000000,1,0.892878,0.718517,1,-1,0,none
48.537184,0.744000,-1.303000,1.498000,0.783336,-1.343941,1.658360,0.858019,-1.379204,1.692317,-0.001269,0.014494,0.013604,0.999802,0.993496,0.196606,0.061606,0.000896,-0.000379,-0.001690,0.170114,0.237837,-2537891297190134.000000,20.515006,5,0,0.000000,1,0.430649,0.794412,1,-1,0,none
48.553824,0.753000,-1.296000,1.498000,0.739332,-1.341225,1.575422,0.862825,-1.373115,1.686762,-0.000933,0.012865,0.013482,0.999826,0.972646,0.205657,0.055831,0.000933,-0.000391,-0.001405,0.090699,0.231602,8.887343,20.515006,5,0,0.000000,1,0.365264,0.725561,1,-1,0,none
48.570467,0.764000,-1.288000,1.498000,0.802180,-1.398371,1.849137,0.872313,-1.372225,1.696191,-0.000204,0.012141,0.013837,0.999831,0.957726,0.201871,0.065045,0.000987,-0.000384,-0.001798,0.370049,0.241050,6.708096,16.266236,3,0,0.000000,1,0.975733,1.800044,1,-1,2,anchor3:2-3;3-4
48.587173,0.773000,-1.282000,1.498000,0.874377,-1.379907,1.929276,0.886933,-1.369976,1.709131,0.000252,0.011624,0.013818,0.999837,0.954867,0.200362,0.077318,0.001030,-0.000388,-0.002368,0.453720,0.255533,4.985092,16.266236,3,0,0.000000,1,0.995351,1.830123,1,-1,2,anchor3:2-3;3-4
48.603769,0.781000,-1.276000,1.498000,0.709605,-1.330649,1.834095,0.887521,-1.363936,1.716440,-0.000035,0.009956,0.013843,0.999855,0.923887,0.209182,0.085488,0.001130,-0.000410,-0.002672,0.347913,0.258449,3.072631,18.466827,4,0,0.000000,1,0.468845,1.298240,1,5,0,none
48.620312,0.792000,-1.268000,1.499000,0.807251,-1.292733,1.711720,0.894985,-1.355342,1.717767,-0.000818,0.009403,0.013705,0.999862,0.908908,0.220215,0.088009,0.001169,-0.000440,-0.002638,0.214696,0.257087,-3248481773408762.000000,20.515006,5,0,0.000000,1,0.777011,0.676778,1,-1,0,none
48.637054,0.800000,-1.261000,1.499000,0.766711,-1.292968,1.717083,0.898699,-1.347227,1.718999,-0.001771,0.008617,0.013547,0.999870,0.886024,0.228663,0.087214,0.001222,-0.000463,-0.002634,0.222913,0.256079,-25377897371893.781250,20.515006,5,0,0.000000,1,0.446714,0.722520,1,-1,0,none
48.653637,0.811000,-1.253000,1.499000,0.822513,-1.285331,1.705111,0.906266,-1.339063,1.719235,-0.002526,0.007976,0.012957,0.999881,0.874339,0.236736,0.082349,0.001259,-0.000487,-0.002626,0.208949,0.254923,-7772264591560699.000000,20.515006,5,0,0.000000,1,0.433513,0.768579,1,-1,0,none
48.670310,0.820000,-1.247000,1.499000,0.781923,-1.278772,1.691929,0.910388,-1.330920,1.719300,-0.003003,0.006728,0.012669,0.999893,0.852376,0.246822,0.078866,0.001312,-0.000513,-0.002533,0.199201,0.252477,8.731098,20.515006,5,0,0.000000,1,0.368645,0.729239,1,-1,0,none
48.686837,0.828000,-1.240000,1.499000,0.800902,-1.230818,1.683618,0.914892,-1.319952,1.718865,-0.003550,0.005467,0.012411,0.999902,0.836152,0.263057,0.076096,0.001370,-0.000559,-0.002443,0.186822,0.249566,-5710237282796536.000000,20.515006,5,0,0.000000,1,0.916334,1.052934,1,-1,0,none
48.703453,0.838000,-1.231000,1.499000,0.857960,-1.240383,1.632958,0.923261,-1.310123,1.716214,-0.004043,0.004571,0.011892,0.999911,0.826182,0.272821,0.072919,0.001393,-0.000591,-0.002214,0.135761,0.246397,4.245661,18.466827,4,0,0.000000,1,0.395138,0.830163,1,4,0,none
48.720141,0.847000,-1.224000,1.499000,0.826406,-1.219756,1.656179,0.928755,-1.299402,1.714358,-0.004957,0.003796,0.011437,0.999915,0.808690,0.284935,0.068677,0.001431,-0.000628,-0.002058,0.158579,0.242381,-158617702299883.562500,20.515006,5,0,0.000000,1,0.700341,1.179083,1,-1,0,none
48.736701,0.855000,-1.218000,1.499000,0.853108,-1.207193,1.702153,0.928755,-1.299402,1.714358,-0.004957,0.003796,0.011437,0.999915,0.808690,0.284935,0.068677,0.001431,-0.000628,-0.002058,0.203449,0.241754,-7772275876102135.000000,20.515006,5,0,0.000000,1,1.871654,0.677088,0,-1,0,none
48.753308,0.865000,-1.210000,1.499000,0.820645,-1.235643,1.632257,0.944468,-1.285918,1.713755,-0.006156,0.003432,0.010698,0.999918,0.781244,0.291720,0.060433,0.001472,-0.000648,-0.001756,0.142766,0.241244,-913637191450619.500000,20.515006,5,0,0.000000,1,0.424835,0.826976,1,-1,0,none
48.769921,0.873000,-1.203000,1.499000,0.937098,-1.313598,1.873141,0.955621,-1.284140,1.721045,-0.006244,0.004258,0.011501,0.999905,0.779632,0.284473,0.070941,0.001529,-0.000650,-0.002288,0.395376,0.250428,3.093668,16.266236,3,0,0.000000,1,0.986014,1.821808,1,-1,2,anchor3:2-3;3-4
48.786558,0.881000,-1.197000,1.499000,0.890663,-1.224078,1.632793,0.962432,-1.275250,1.718000,-0.006804,0.004529,0.010988,0.999906,0.768180,0.297612,0.067686,0.001551,-0.000673,-0.002035,0.136847,0.246405,1.669855,18.466827,4,0,0.000000,1,0.534493,0.792910,1,2,0,none
48.803245,0.888000,-1.190000,1.500000,0.867557,-1.191424,1.621505,0.966424,-1.264664,1.714361,-0.006622,0.004486,0.010464,0.999913,0.751547,0.313436,0.062751,0.001586,-0.000708,-0.001765,0.123221,0.240157,5.441824,20.515006,5,0,0.000000,1,0.369558,0.728954,1,-1,0,none
48.819862,0.899000,-1.181000,1.499000,0.923283,-1.225910,1.733757,0.974742,-1.256983,1.716260,-0.005495,0.004708,0.010234,0.999921,0.743469,0.321916,0.064515,0.001609,-0.000723,-0.001827,0.240245,0.242306,10.975801,20.515006,5,0,0.000000,1,0.372208,0.733579,1,-1,0,none
48.836431,0.906000,-1.174000,1.499000,0.871873,-1.166888,1.686241,0.978252,-1.245671,1.715485,-0.005156,0.004131,0.009902,0.999929,0.724612,0.337042,0.063247,0.001662,-0.000765,-0.001755,0.190459,0.239213,-11192079292805380.000000,20.515006,5,0,0.000000,1,0.479346,0.684625,1,-1,0,none
48.853106,0.917000,-1.166000,1.500000,0.919952,-1.178470,1.592257,0.983498,-1.236272,1.711117,-0.004924,0.003939,0.009422,0.999936,0.713610,0.348607,0.058686,0.001668,-0.000787,-0.001388,0.093143,0.232229,19.856329,20.515006,5,0,0.000000,1,0.370015,0.729386,1,-1,0,none
48.869742,0.924000,-1.159000,1.500000,0.882435,-1.198775,1.520807,0.986913,-1.228178,1.703450,-0.004238,0.003312,0.009638,0.999939,0.695175,0.352263,0.047207,0.001678,-0.000788,-0.000843,0.061177,0.223909,5.770360,20.515006,5,0,0.000000,1,0.368007,0.727306,1,-1,0,none
48.902921,0.942000,-1.144000,1.500000,0.919784,-1.138727,1.600142,1.002585,-1.210850,1.700224,-0.003069,0.002303,0.009672,0.999946,0.678506,0.362539,0.040742,0.001706,-0.000824,-0.000501,0.102712,0.219611,3.297614,20.515006,5,0,0.000000,1,0.370557,0.729311,1,-1,0,none
48.919551,0.950000,-1.137000,1.500000,0.988668,-1.109854,1.519274,1.011579,-1.197709,1.692741,-0.003297,0.001186,0.008571,0.999957,0.678919,0.377358,0.034138,0.001682,-0.000863,0.000075,0.051025,0.211250,1.578364,18.466827,4,0,0.000000,1,0.544953,0.773719,1,2,0,none
48.952865,0.967000,-1.121000,1.501000,0.962894,-1.157204,1.574918,1.028435,-1.183192,1.689673,-0.003406,-0.000763,0.009275,0.999951,0.665008,0.375328,0.026686,0.001705,-0.000881,0.000600,0.082410,0.207942,4.686840,20.515006,5,0,0.000000,1,0.370668,0.729763,1,-1,0,none
48.969446,0.975000,-1.115000,1.500000,1.053192,-1.171250,1.724060,1.039359,-1.177247,1.691572,-0.003958,-0.000988,0.009244,0.999949,0.665115,0.373643,0.028072,0.001704,-0.000887,0.000483,0.243887,0.211463,1.973831,16.266236,3,0,0.000000,1,0.960156,1.795297,1,-1,2,anchor3:2-3;3-4
49.035919,1.008000,-1.087000,1.500000,0.989786,-1.085443,1.617979,1.075199,-1.146393,1.689787,-0.008719,-0.003434,0.008950,0.999916,0.647628,0.390076,0.017034,0.001767,-0.000938,0.000788,0.119387,0.209910,3.245174,18.466827,4,0,0.000000,1,0.432460,1.218107,1,5,0,none
49.052545,1.018000,-1.078000,1.500000,1.055935,-1.128409,1.655111,1.082777,-1.139081,1.688314,-0.009563,-0.004124,0.008906,0.999906,0.637815,0.394310,0.013662,0.001779,-0.000944,0.000924,0.167450,0.208300,7.294673,16.266236,3,0,0.000000,1,0.944228,1.775786,1,-1,2,anchor3:2-3;3-4
49.069182,1.025000,-1.071000,1.501000,1.020869,-1.046620,1.507157,1.086779,-1.125161,1.678907,-0.010949,-0.004944,0.008711,0.999890,0.624142,0.411620,0.006277,0.001821,-0.001002,0.001488,0.025482,0.195962,2.822007,20.515006,5,0,0.000000,1,0.371697,0.728623,1,-1,0,none
49.085819,1.035000,-1.062000,1.500000,1.103179,-1.016062,1.540083,1.097359,-1.109509,1.672279,-0.012581,-0.004575,0.008251,0.999876,0.623220,0.431464,0.001046,0.001786,-0.001055,0.002027,0.091462,0.189277,6.482278,18.466827,4,0,0.000000,1,0.553480,0.757652,1,2,0,none
49.102461,1.042000,-1.056000,1.500000,1.080618,-1.021564,1.551731,1.105280,-1.095425,1.666522,-0.014506,-0.004785,0.007837,0.999853,0.614037,0.453254,-0.005555,0.001777,-0.001095,0.002493,0.073167,0.182451,1.223041,18.466827,4,0,0.000000,1,0.404691,0.687212,1,0,0,none
49.119033,1.052000,-1.047000,1.500000,1.007429,-1.035036,1.502913,1.106053,-1.083576,1.658961,-0.015937,-0.005748,0.008146,0.999823,0.591211,0.468286,-0.014747,0.001811,-0.001115,0.003231,0.046241,0.171838,4.618109,18.466827,4,0,0.000000,1,0.402635,0.688324,1,0,0,none
49.135663,1.059000,-1.040000,1.500000,1.087469,-1.037746,1.636063,1.106053,-1.083576,1.658961,-0.015937,-0.005748,0.008146,0.999823,0.591211,0.468286,-0.014747,0.001811,-0.001115,0.003231,0.139028,0.171410,-18323534122188792.000000,20.515006,5,0,0.000000,1,1.111099,0.898724,0,-1,0,none
49.152315,1.067000,-1.034000,1.500000,1.046832,-1.039781,1.573039,1.118745,-1.065643,1.654197,-0.016703,-0.006882,0.008233,0.999803,0.577388,0.478539,-0.016420,0.001845,-0.001127,0.003567,0.075992,0.165697,-621783875616767.000000,20.515006,5,0,0.000000,1,0.959777,1.451638,1,-1,0,none
49.168890,1.073000,-1.026000,1.500000,1.108938,-1.097163,1.714980,1.126628,-1.061189,1.656821,-0.017004,-0.007530,0.008336,0.999792,0.570767,0.473528,-0.014497,0.001872,-0.001109,0.003318,0.229287,0.169432,11.334945,16.266236,3,0,0.000000,1,0.955169,1.789666,1,-1,2,anchor3:2-3;3-4
49.185552,1.083000,-1.017000,1.501000,1.085391,-1.029140,1.508680,1.131339,-1.051532,1.649655,-0.017936,-0.008570,0.007819,0.999772,0.560587,0.480209,-0.022949,0.001870,-0.001110,0.003918,0.014563,0.160086,1.104025,18.466827,4,0,0.000000,1,0.552478,0.759553,1,2,0,none
49.218765,1.100000,-1.001000,1.501000,1.106032,-0.975402,1.568582,1.145878,-1.030401,1.644955,-0.019603,-0.010623,0.007932,0.999720,0.548543,0.507317,-0.019089,0.001881,-0.001142,0.004240,0.072519,0.153923,-2237569278444196.500000,20.515006,5,0,0.000000,1,0.440069,0.890647,1,-1,0,none
49.235449,1.107000,-0.994000,1.501000,1.055061,-0.964975,1.541509,1.145878,-1.030401,1.644955,-0.019603,-0.010623,0.007932,0.999720,0.548543,0.507317,-0.019089,0.001881,-0.001142,0.004240,0.071980,0.153491,-2798013898817533.000000,20.515006,5,0,0.000000,1,2.038436,1.015472,0,-1,0,none
49.252039,1.117000,-0.986000,1.501000,1.126876,-0.986845,1.591992,1.160596,-1.010957,1.641668,-0.019798,-0.013032,0.007539,0.999691,0.529667,0.521532,-0.024429,0.001895,-0.001155,0.004465,0.091530,0.149368,1.992521,18.466827,4,0,0.000000,1,0.555765,0.754118,1,2,0,none
49.268614,1.124000,-0.979000,1.501000,1.154876,-1.047160,1.802708,1.167943,-1.006824,1.649012,-0.019630,-0.013944,0.008035,0.999678,0.523346,0.518445,-0.017107,0.001943,-0.001144,0.003749,0.310849,0.156885,4.357840,16.266236,3,0,0.000000,1,0.965297,1.800900,1,-1,2,anchor3:2-3;3-4
49.285246,1.130000,-0.971000,1.501000,1.117581,-0.980446,1.577127,1.171373,-0.996844,1.645146,-0.020668,-0.015951,0.007892,0.999628,0.510630,0.527597,-0.021841,0.001965,-0.001150,0.004050,0.077709,0.152176,6.604847,20.515006,5,0,0.000000,1,0.375304,0.730347,1,-1,0,none
49.301889,1.138000,-0.965000,1.501000,1.096355,-0.957217,1.547287,1.172959,-0.985755,1.640056,-0.022353,-0.017751,0.007964,0.999561,0.492253,0.537061,-0.028896,0.002001,-0.001165,0.004476,0.062748,0.144878,7.744774,20.515006,5,0,0.000000,1,0.374553,0.729124,1,-1,0,none
49.318520,1.146000,-0.956000,1.501000,1.138656,-0.948444,1.600188,1.177554,-0.974532,1.637628,-0.024205,-0.019175,0.007979,0.999491,0.473676,0.549532,-0.033944,0.002019,-0.001179,0.004636,0.099746,0.141444,-8685905974411267.000000,20.515006,5,0,0.000000,1,0.555332,0.774072,1,-1,0,none
49.335132,1.153000,-0.948000,1.501000,1.121064,-0.893276,1.593599,1.179911,-0.960097,1.634708,-0.026200,-0.019934,0.007874,0.999427,0.452129,0.570149,-0.039391,0.002050,-0.001220,0.004784,0.112201,0.136925,4.413232,20.515006,5,0,0.000000,1,0.376235,0.729181,1,-1,0,none
49.368427,1.167000,-0.935000,1.501000,1.239216,-1.023422,1.824237,1.198463,-0.948211,1.642584,-0.028168,-0.020378,0.008156,0.999362,0.450174,0.571045,-0.029724,0.002066,-0.001189,0.003942,0.342806,0.145638,10.548130,16.266236,3,0,0.000000,1,0.979278,1.820693,1,-1,2,anchor3:2-3;3-4
49.385076,1.176000,-0.925000,1.501000,1.152261,-0.879110,1.594285,1.201434,-0.933962,1.639702,-0.029625,-0.021370,0.007866,0.999302,0.437401,0.587771,-0.035289,0.002088,-0.001221,0.004137,0.106637,0.141299,5.500414,18.466827,4,0,0.000000,1,0.409116,0.680888,1,0,0,none
49.401673,1.182000,-0.918000,1.501000,1.137433,-0.910221,1.528536,1.202864,-0.922915,1.633824,-0.029966,-0.023035,0.007494,0.999257,0.416775,0.599966,-0.045219,0.002107,-0.001219,0.004616,0.052962,0.134542,-8685917903785989.000000,20.515006,5,0,0.000000,1,0.504296,1.128331,1,-1,0,none
49.451550,1.206000,-0.890000,1.500000,1.218274,-0.933115,1.702646,1.222460,-0.896192,1.635119,-0.028983,-0.024285,0.008447,0.999249,0.389574,0.620204,-0.038690,0.002126,-0.001200,0.004278,0.207545,0.136259,5.421367,16.266236,3,0,0.000000,1,0.943429,1.772368,1,-1,2,anchor3:2-3;3-4
49.484738,1.220000,-0.871000,1.499000,1.269859,-0.942974,1.730616,1.238143,-0.882131,1.638956,-0.028406,-0.024973,0.008580,0.999248,0.379134,0.623761,-0.029171,0.002124,-0.001165,0.003816,0.247612,0.141565,8.478756,16.266236,3,0,0.000000,1,0.957978,1.792772,1,-1,2,anchor3:2-3;3-4
49.501433,1.227000,-0.864000,1.499000,1.254704,-0.970796,1.790799,1.245290,-0.880994,1.646200,-0.027090,-0.025446,0.009019,0.999268,0.373133,0.615494,-0.017005,0.002150,-0.001115,0.003085,0.311961,0.149302,1.863646,16.266236,3,0,0.000000,1,0.967981,1.805043,1,-1,2,anchor3:2-3;3-4
49.518039,1.233000,-0.857000,1.499000,1.218743,-0.844023,1.525086,1.248308,-0.868523,1.639975,-0.026916,-0.026129,0.008989,0.999256,0.360338,0.625404,-0.021854,0.002144,-0.001123,0.003665,0.032436,0.142271,-310891937808379.875000,20.515006,5,0,0.000000,1,0.411909,0.804662,1,-1,0,none
49.534651,1.239000,-0.847000,1.499000,1.199896,-0.802954,1.544671,1.249504,-0.853525,1.634856,-0.026950,-0.026658,0.008863,0.999242,0.341977,0.639303,-0.027230,0.002158,-0.001150,0.004100,0.074532,0.136418,-2798020669542396.000000,20.515006,5,0,0.000000,1,0.475597,1.131168,1,-1,0,none
49.551288,1.247000,-0.837000,1.499000,1.182010,-0.838960,1.625493,1.249128,-0.842512,1.633860,-0.026764,-0.027023,0.009375,0.999232,0.318988,0.647716,-0.029308,0.002200,-0.001152,0.004125,0.142226,0.134990,2.062453,18.466827,4,0,0.000000,1,0.418822,1.161603,1,5,0,none
49.567861,1.253000,-0.829000,1.499000,1.225059,-0.806456,1.580225,1.251742,-0.830063,1.630831,-0.026826,-0.027873,0.009672,0.999205,0.306772,0.657963,-0.030934,0.002206,-0.001164,0.004367,0.088806,0.131841,5.062786,20.515006,5,0,0.000000,1,0.378867,0.728022,1,-1,0,none
49.584621,1.261000,-0.818000,1.499000,1.307974,-0.879496,1.810024,1.260888,-0.824325,1.638853,-0.026227,-0.028586,0.009611,0.999201,0.308140,0.654158,-0.017978,0.002213,-0.001142,0.003537,0.320506,0.139996,1.329812,16.266236,3,0,0.000000,1,0.963644,1.796129,1,-1,2,anchor3:2-3;3-4
49.601177,1.267000,-0.810000,1.499000,1.233908,-0.781714,1.570991,1.263253,-0.811149,1.635378,-0.026606,-0.029815,0.009644,0.999155,0.292878,0.664567,-0.022723,0.002218,-0.001155,0.003842,0.084130,0.136435,5.307221,20.515006,5,0,0.000000,1,0.379049,0.727252,1,-1,0,none
49.617757,1.273000,-0.802000,1.499000,1.288837,-0.903635,1.802878,1.269800,-0.808151,1.642767,-0.026067,-0.030713,0.010331,0.999135,0.286974,0.654200,-0.015419,0.002238,-0.001110,0.003079,0.320815,0.143935,10.579575,16.266236,3,0,0.000000,1,0.963553,1.796875,1,-1,2,anchor3:2-3;3-4
49.667720,1.293000,-0.771000,1.500000,1.319888,-0.836375,1.671427,1.286256,-0.780645,1.643635,-0.028601,-0.032679,0.010406,0.999002,0.259872,0.659054,-0.009655,0.002221,-0.001076,0.002955,0.185430,0.144116,3.026635,16.266236,3,0,0.000000,1,0.940768,1.767793,1,-1,2,anchor3:2-3;3-4
49.684237,1.298000,-0.763000,1.500000,1.366216,-0.801986,1.666436,1.296705,-0.772488,1.644698,-0.029173,-0.032948,0.010317,0.998978,0.263598,0.659645,-0.010691,0.002181,-0.001059,0.002868,0.184050,0.145014,3.963321,16.266236,3,0,0.000000,1,0.942553,1.769329,1,-1,2,anchor3:2-3;3-4
49.700860,1.303000,-0.754000,1.500000,1.263900,-0.726600,1.488644,1.297603,-0.759094,1.637064,-0.029826,-0.034408,0.009965,0.998913,0.246226,0.671838,-0.022884,0.002176,-0.001074,0.003628,0.049077,0.137265,6.729650,20.515006,5,0,0.000000,1,0.458927,0.729243,1,-1,0,none
49.717465,1.308000,-0.745000,1.500000,1.394396,-0.845908,1.687561,1.308772,-0.756027,1.639249,-0.029001,-0.034734,0.010364,0.998922,0.247819,0.665044,-0.022573,0.002132,-0.001023,0.003425,0.229839,0.139687,2.991546,16.266236,3,0,0.000000,1,0.958046,1.792273,1,-1,2,anchor3:2-3;3-4
49.734139,1.313000,-0.737000,1.500000,1.246580,-0.724517,1.457350,1.307398,-0.743484,1.630409,-0.028716,-0.035862,0.010203,0.998892,0.226968,0.674723,-0.034525,0.002141,-0.001032,0.004295,0.079915,0.130691,4.956531,18.466827,4,0,0.000000,1,0.422174,1.128714,1,5,0,none
49.783977,1.331000,-0.704000,1.500000,1.314207,-0.700867,1.513859,1.317226,-0.709052,1.623052,-0.029368,-0.035297,0.010788,0.998887,0.187318,0.694648,-0.042285,0.002126,-0.001036,0.004899,0.021997,0.123924,2.065219,20.515006,5,0,0.000000,1,0.459420,0.730192,1,-1,0,none
49.800653,1.336000,-0.695000,1.500000,1.329211,-0.706109,1.558737,1.320822,-0.698477,1.619304,-0.030308,-0.034166,0.010693,0.998899,0.178985,0.696785,-0.047222,0.002111,-0.001032,0.005238,0.060162,0.120316,7.900290,20.515006,5,0,0.000000,1,0.459845,0.732042,1,-1,0,none
49.817270,1.342000,-0.682000,1.500000,1.309984,-0.650475,1.475796,1.322361,-0.684023,1.611668,-0.031138,-0.033600,0.010372,0.998896,0.167888,0.712629,-0.054151,0.002099,-0.001052,0.005964,0.051037,0.113400,2.294310,20.515006,5,0,0.000000,1,0.459143,0.727802,1,-1,0,none
49.833885,1.346000,-0.674000,1.500000,1.284769,-0.714675,1.504286,1.321739,-0.675448,1.605762,-0.030883,-0.033173,0.010334,0.998919,0.152338,0.716927,-0.056441,0.002107,-0.001028,0.006509,0.073634,0.108519,3.318130,18.466827,4,0,0.000000,1,0.592899,1.130777,1,3,0,none
49.867205,1.356000,-0.652000,1.500000,1.335787,-0.629628,1.511559,1.327150,-0.649987,1.599512,-0.030200,-0.032619,0.010412,0.998957,0.140142,0.735022,-0.059399,0.002089,-0.001042,0.006997,0.032290,0.103629,3.457889,20.515006,5,0,0.000000,1,0.459568,0.728662,1,-1,0,none
49.883782,1.361000,-0.643000,1.500000,1.354481,-0.600252,1.577371,1.331295,-0.635032,1.597556,-0.029994,-0.032940,0.010052,0.998957,0.132554,0.751469,-0.059505,0.002072,-0.001064,0.007107,0.088636,0.102289,8.848726,20.515006,5,0,0.000000,1,0.460191,0.730312,1,-1,0,none
49.900400,1.365000,-0.632000,1.500000,1.308284,-0.623910,1.289366,1.331016,-0.622490,1.582091,-0.029530,-0.033574,0.010039,0.998949,0.118122,0.760727,-0.072942,0.002049,-0.001066,0.008697,0.218286,0.089354,2.236699,18.466827,4,0,0.000000,1,0.595799,0.949467,1,7,0,none
49.933598,1.375000,-0.610000,1.500000,1.456598,-0.697778,1.739518,1.344666,-0.605812,1.587739,-0.026613,-0.032946,0.010386,0.999049,0.117007,0.761779,-0.061995,0.001993,-0.001004,0.007909,0.267829,0.092929,5.121548,16.266236,3,0,0.000000,1,0.950304,1.771630,1,-1,2,anchor3:2-3;3-4
49.950193,1.379000,-0.600000,1.500000,1.368258,-0.575381,1.438759,1.347974,-0.591932,1.579714,-0.025643,-0.033097,0.010805,0.999065,0.106869,0.771154,-0.070571,0.001966,-0.001018,0.008697,0.066872,0.085918,-4974261977288700.000000,20.515006,5,0,0.000000,1,0.667994,1.243583,1,-1,0,none
49.966926,1.384000,-0.587000,1.501000,1.370615,-0.548710,1.461356,1.351221,-0.576878,1.573198,-0.024944,-0.033622,0.011195,0.999061,0.103746,0.779066,-0.074107,0.001953,-0.001045,0.009356,0.056718,0.079934,4.318930,20.515006,5,0,0.000000,1,0.459579,0.725174,1,-1,0,none
49.983469,1.388000,-0.578000,1.501000,1.445578,-0.638453,1.654476,1.360043,-0.569709,1.575993,-0.023737,-0.034175,0.011033,0.999073,0.111579,0.771645,-0.068338,0.001907,-0.001001,0.008976,0.174713,0.080463,2.964977,16.266236,3,0,0.000000,1,0.927785,1.739919,1,-1,2,anchor3:2-3;3-4
50.000044,1.392000,-0.567000,1.501000,1.421395,-0.544841,1.411432,1.366021,-0.556404,1.567506,-0.023053,-0.034837,0.010672,0.999070,0.110354,0.776538,-0.077436,0.001868,-0.001018,0.009765,0.096837,0.072182,3.376694,18.466827,4,0,0.000000,1,0.599885,0.683285,1,2,0,none
50.016723,1.397000,-0.554000,1.501000,1.398103,-0.530136,1.483456,1.369858,-0.542858,1.562492,-0.022721,-0.035015,0.011018,0.999068,0.103181,0.778097,-0.084816,0.001847,-0.001028,0.010197,0.029640,0.068133,-2055689484242942.000000,20.515006,5,0,0.000000,1,0.481540,1.005657,1,-1,0,none
50.033348,1.400000,-0.544000,1.501000,1.407825,-0.507256,1.497882,1.373997,-0.528444,1.558245,-0.023019,-0.034835,0.011241,0.999065,0.094086,0.785721,-0.092687,0.001824,-0.001043,0.010526,0.037697,0.064769,6.673337,20.515006,5,0,0.000000,1,0.460165,0.725151,1,-1,0,none
50.050011,1.404000,-0.534000,1.501000,1.378380,-0.501233,1.461584,1.375588,-0.514405,1.552432,-0.023476,-0.035144,0.011101,0.999045,0.085070,0.791492,-0.100882,0.001819,-0.001054,0.011007,0.057303,0.061939,-158618105319419.625000,20.515006,5,0,0.000000,1,0.452613,1.196422,1,-1,0,none
50.066581,1.409000,-0.521000,1.501000,1.372908,-0.501805,1.413150,1.376453,-0.501857,1.544751,-0.023674,-0.035596,0.011138,0.999024,0.076893,0.797405,-0.108885,0.001815,-0.001059,0.011699,0.096895,0.057792,-25378703401981.000000,20.515006,5,0,0.000000,1,0.463028,1.009242,1,-1,0,none
50.083184,1.412000,-0.511000,1.501000,1.430082,-0.480978,1.493000,1.376453,-0.501857,1.544751,-0.023674,-0.035596,0.011138,0.999024,0.076893,0.797405,-0.108885,0.001815,-0.001059,0.011699,0.035949,0.057108,-8578052046620656.000000,20.515006,5,0,0.000000,1,1.676094,4.958434,0,-1,0,none
50.116455,1.420000,-0.487000,1.501000,1.393806,-0.462946,1.533758,1.380804,-0.461934,1.538960,-0.022646,-0.037474,0.011505,0.998975,0.052732,0.811010,-0.117839,0.001807,-0.001059,0.011734,0.048351,0.060046,-7772278697238783.000000,20.515006,5,0,0.000000,1,0.496681,0.680682,1,-1,0,none
50.133087,1.424000,-0.474000,1.501000,1.451965,-0.425139,1.439343,1.386866,-0.446535,1.532484,-0.022326,-0.037513,0.011791,0.998977,0.047960,0.821157,-0.125668,0.001764,-0.001077,0.012281,0.083493,0.055897,1.789372,18.466827,4,0,0.000000,1,0.609628,0.700692,1,2,0,none
50.149719,1.427000,-0.464000,1.501000,1.393481,-0.449507,1.463803,1.387908,-0.434660,1.527437,-0.022018,-0.037694,0.011987,0.998975,0.037684,0.822068,-0.129403,0.001760,-0.001071,0.012644,0.052127,0.055569,3.110535,20.515006,5,0,0.000000,1,0.459893,0.721829,1,-1,0,none
50.166317,1.430000,-0.455000,1.501000,1.425156,-0.493306,1.644667,1.391263,-0.426855,1.530911,-0.021327,-0.037547,0.011870,0.998997,0.033053,0.816955,-0.120251,0.001741,-0.001025,0.012042,0.148765,0.056457,3.168906,18.466827,4,0,0.000000,1,0.594315,1.095613,1,3,0,none
50.182970,1.433000,-0.444000,1.500000,1.396577,-0.387427,1.426314,1.391966,-0.411496,1.524330,-0.021270,-0.037059,0.012177,0.999012,0.021717,0.828618,-0.122899,0.001738,-0.001045,0.012578,0.099784,0.057725,4.002640,20.515006,5,0,0.000000,1,0.459798,0.718272,1,-1,0,none
50.199597,1.437000,-0.431000,1.500000,1.447653,-0.398597,1.442721,1.396158,-0.397791,1.518804,-0.021384,-0.036356,0.012098,0.999037,0.019153,0.832559,-0.126209,0.001709,-0.001049,0.013014,0.066666,0.055897,3.579746,18.466827,4,0,0.000000,1,0.611307,0.704607,1,2,0,none
50.216212,1.440000,-0.421000,1.501000,1.495587,-0.453828,1.646634,1.403503,-0.389671,1.522677,-0.020842,-0.035627,0.011816,0.999078,0.020714,0.826258,-0.122209,0.001656,-0.001005,0.012390,0.159301,0.052758,0.797897,16.266236,3,0,0.000000,1,0.906073,1.695985,1,-1,2,anchor3:2-3;3-4
50.232818,1.443000,-0.407000,1.500000,1.418492,-0.361161,1.406805,1.403503,-0.389671,1.522677,-0.020842,-0.035627,0.011816,0.999078,0.020714,0.826258,-0.122209,0.001656,-0.001005,0.012390,0.106710,0.048730,-1827270513919990.500000,20.515006,5,0,0.000000,1,1.771892,0.681209,0,-1,0,none
50.266097,1.449000,-0.386000,1.500000,1.480039,-0.361585,1.453261,1.409674,-0.349399,1.513800,-0.019228,-0.035366,0.011653,0.999121,0.001357,0.831457,-0.119202,0.001616,-0.001002,0.012779,0.061189,0.055467,0.692916,18.466827,4,0,0.000000,1,0.615236,0.709936,1,2,0,none
50.299322,1.454000,-0.363000,1.501000,1.507865,-0.315493,1.530532,1.417560,-0.321781,1.511008,-0.018136,-0.034830,0.012030,0.999156,-0.001608,0.833858,-0.115323,0.001558,-0.001004,0.012696,0.077656,0.055920,2.772066,18.466827,4,0,0.000000,1,0.619318,0.718080,1,2,0,none
50.332663,1.459000,-0.340000,1.501000,1.505157,-0.310711,1.449132,1.424566,-0.295461,1.504490,-0.016788,-0.034948,0.012208,0.999174,-0.009611,0.841673,-0.115000,0.001514,-0.001001,0.013046,0.075356,0.056405,3.746406,18.466827,4,0,0.000000,1,0.619909,0.717128,1,2,0,none
50.349199,1.462000,-0.329000,1.501000,1.456780,-0.271512,1.539714,1.427088,-0.280801,1.504439,-0.016630,-0.035075,0.012120,0.999173,-0.010597,0.842281,-0.111540,0.001492,-0.001003,0.012840,0.069505,0.059614,-767714201014333.000000,20.515006,5,0,0.000000,1,0.348972,1.127080,1,-1,0,none
50.365769,1.464000,-0.319000,1.501000,1.416955,-0.308415,1.478204,1.426025,-0.270748,1.501537,-0.016463,-0.035653,0.012175,0.999154,-0.021986,0.839261,-0.111969,0.001500,-0.000983,0.012987,0.053338,0.061406,-57102989449099.875000,20.515006,5,0,0.000000,1,0.599232,1.161585,1,-1,0,none
50.382443,1.467000,-0.306000,1.501000,1.478506,-0.313171,1.438564,1.429704,-0.261631,1.496896,-0.016642,-0.035511,0.012273,0.999155,-0.026520,0.831911,-0.117299,0.001479,-0.000959,0.013369,0.063891,0.058107,1.045727,18.466827,4,0,0.000000,1,0.592657,1.050765,1,3,0,none
50.399096,1.469000,-0.295000,1.501000,1.522970,-0.218246,1.508291,1.436518,-0.250414,1.496301,-0.017148,-0.035194,0.012369,0.999157,-0.020401,0.838236,-0.118120,0.001430,-0.000975,0.013326,0.094113,0.055363,3.253095,18.466827,4,0,0.000000,1,0.626662,0.731619,1,2,0,none
50.415701,1.470000,-0.282000,1.501000,1.477217,-0.272482,1.433856,1.439132,-0.239227,1.491643,-0.016888,-0.035301,0.012484,0.999156,-0.024393,0.839035,-0.121717,0.001417,-0.000963,0.013683,0.068198,0.053571,2.942841,20.515006,5,0,0.000000,1,0.460886,0.713230,1,-1,0,none
50.432297,1.472000,-0.272000,1.502000,1.496768,-0.313645,1.648240,1.443086,-0.232605,1.496994,-0.016701,-0.035575,0.012503,0.999149,-0.023940,0.828837,-0.116227,0.001377,-0.000908,0.012923,0.154058,0.049123,2.051907,16.266236,3,0,0.000000,1,0.884948,1.654438,1,-1,2,anchor3:2-3;3-4
50.448963,1.475000,-0.258000,1.502000,1.464702,-0.245181,1.507252,1.444293,-0.222748,1.495927,-0.017111,-0.036296,0.012247,0.999120,-0.028103,0.829560,-0.115885,0.001365,-0.000895,0.012871,0.017262,0.047143,-1678176031888509.250000,20.515006,5,0,0.000000,1,0.337994,0.658141,1,-1,0,none
50.465546,1.476000,-0.251000,1.502000,1.464756,-0.187507,1.457606,1.445331,-0.210850,1.492835,-0.017584,-0.036511,0.012339,0.999102,-0.032385,0.835046,-0.119136,0.001360,-0.000910,0.013060,0.078285,0.051348,5.594537,20.515006,5,0,0.000000,1,0.461033,0.708750,1,-1,0,none
50.482186,1.478000,-0.239000,1.501000,1.393720,-0.209453,1.399721,1.441126,-0.197918,1.486857,-0.018262,-0.037228,0.012499,0.999062,-0.050077,0.835244,-0.127632,0.001393,-0.000915,0.013528,0.135032,0.056986,6.940710,20.515006,5,0,0.000000,1,0.459904,0.708455,1,-1,0,none
50.515348,1.481000,-0.215000,1.501000,1.433572,-0.218201,1.443527,1.438653,-0.174132,1.480861,-0.019556,-0.037105,0.012410,0.999043,-0.074973,0.832843,-0.137473,0.001401,-0.000898,0.013749,0.074585,0.062202,4.080631,18.466827,4,0,0.000000,1,0.592244,1.036298,1,3,0,none
50.532065,1.482000,-0.206000,1.501000,1.427909,-0.209498,1.432264,1.436653,-0.164148,1.476571,-0.020020,-0.037453,0.011982,0.999026,-0.086378,0.828578,-0.143859,0.001412,-0.000882,0.014008,0.087537,0.066368,-50757850124993.875000,20.515006,5,0,0.000000,1,0.803796,0.682403,1,-1,0,none
50.548680,1.484000,-0.191000,1.501000,1.534329,-0.272736,1.631094,1.442268,-0.159304,1.481205,-0.019269,-0.036838,0.011945,0.999064,-0.079451,0.816024,-0.132326,0.001353,-0.000804,0.013196,0.161673,0.056018,3.981737,16.266236,3,0,0.000000,1,0.883666,1.648655,1,-1,2,anchor3:2-3;3-4
50.565359,1.485000,-0.181000,1.501000,1.411847,-0.134056,1.501754,1.438952,-0.145722,1.480151,-0.019190,-0.037342,0.012079,0.999045,-0.092154,0.823747,-0.127737,0.001362,-0.000806,0.013063,0.086924,0.061641,-203030110838045.500000,20.515006,5,0,0.000000,1,0.391332,0.792662,1,-1,0,none
50.581887,1.486000,-0.171000,1.500000,1.501556,-0.228325,1.669128,1.442003,-0.139436,1.486444,-0.018129,-0.036821,0.012200,0.999083,-0.089850,0.812889,-0.116401,0.001311,-0.000737,0.012075,0.179255,0.055819,0.516956,16.266236,3,0,0.000000,1,0.875353,1.632771,1,-1,2,anchor3:2-3;3-4
50.598506,1.487000,-0.158000,1.500000,1.416127,-0.141127,1.456763,1.438787,-0.127364,1.483379,-0.017697,-0.036994,0.012369,0.999082,-0.104038,0.814330,-0.117996,0.001325,-0.000736,0.012217,0.084717,0.059492,2.002513,18.466827,4,0,0.000000,1,0.631837,0.999892,1,7,0,none
50.615194,1.488000,-0.148000,1.500000,1.459949,-0.134878,1.462263,1.439334,-0.121521,1.481573,-0.017453,-0.036913,0.012631,0.999086,-0.107558,0.814928,-0.119665,0.001319,-0.000733,0.012331,0.048818,0.058387,4.638189,20.515006,5,0,0.000000,1,0.461107,0.707330,1,-1,0,none
50.631864,1.490000,-0.135000,1.500000,1.500057,-0.209971,1.675300,1.441733,-0.114861,1.487765,-0.016358,-0.037138,0.012563,0.999097,-0.106479,0.803723,-0.109404,0.001270,-0.000663,0.011352,0.190924,0.053711,0.242697,16.266236,3,0,0.000000,1,0.873048,1.627785,1,-1,2,anchor3:2-3;3-4
50.648392,1.490000,-0.124000,1.500000,1.413707,-0.108813,1.461491,1.438261,-0.102689,1.485041,-0.015898,-0.038040,0.012572,0.999071,-0.119577,0.805821,-0.109723,0.001284,-0.000664,0.011471,0.086800,0.057921,2.922009,20.515006,5,0,0.000000,1,0.460601,0.708578,1,-1,0,none
50.664994,1.491000,-0.114000,1.500000,1.464135,-0.088634,1.556757,1.438163,-0.089804,1.486333,-0.015691,-0.038531,0.012970,0.999050,-0.122129,0.806819,-0.105583,0.001263,-0.000653,0.011102,0.067724,0.059699,-25378592572087.687500,20.515006,5,0,0.000000,1,0.623288,0.813615,1,-1,0,none
50.681691,1.492000,-0.100000,1.500000,1.476774,-0.051942,1.529159,1.438767,-0.075169,1.486467,-0.015937,-0.038604,0.013199,0.999040,-0.127038,0.811144,-0.103660,0.001241,-0.000654,0.010882,0.058238,0.060278,-2237567733536520.500000,20.515006,5,0,0.000000,1,0.377223,0.775484,1,-1,0,none
50.698329,1.492000,-0.091000,1.500000,1.462779,-0.078502,1.498941,1.438275,-0.062980,1.485369,-0.016166,-0.038884,0.013267,0.999025,-0.137278,0.812729,-0.103674,0.001230,-0.000646,0.010820,0.031799,0.062334,0.776371,18.466827,4,0,0.000000,1,0.407771,0.757988,1,4,0,none
50.714985,1.492000,-0.080000,1.500000,1.449427,-0.079174,1.503631,1.436781,-0.051462,1.484473,-0.016312,-0.038894,0.013548,0.999018,-0.148636,0.807930,-0.103811,0.001223,-0.000632,0.010726,0.042735,0.064068,3.884445,20.515006,5,0,0.000000,1,0.461322,0.711323,1,-1,0,none
50.731503,1.493000,-0.066000,1.500000,1.448037,-0.050121,1.453977,1.435192,-0.039467,1.481681,-0.016649,-0.038868,0.013690,0.999012,-0.158791,0.807656,-0.105984,0.001223,-0.000632,0.010879,0.066272,0.066192,9.145877,20.515006,5,0,0.000000,1,0.461097,0.712349,1,-1,0,none
50.748150,1.493000,-0.057000,1.500000,1.466254,-0.052939,1.465297,1.434714,-0.028156,1.479414,-0.016685,-0.038826,0.013583,0.999014,-0.161798,0.807950,-0.103655,0.001213,-0.000625,0.010966,0.044002,0.068213,2.838844,20.515006,5,0,0.000000,1,0.461378,0.712492,1,-1,0,none
50.764848,1.493000,-0.046000,1.499000,1.394288,-0.060669,1.394927,1.429560,-0.017851,1.474422,-0.016128,-0.038929,0.013474,0.999021,-0.177084,0.806806,-0.105123,0.001241,-0.000623,0.011385,0.144189,0.073628,2.790835,18.466827,4,0,0.000000,1,0.636155,1.010176,1,7,0,none
50.781396,1.493000,-0.033000,1.500000,1.476003,0.009867,1.511189,1.429717,-0.003650,1.474279,-0.015496,-0.038290,0.013440,0.999056,-0.179692,0.812503,-0.101348,0.001217,-0.000622,0.011201,0.047452,0.074349,-38067813292412.156250,20.515006,5,0,0.000000,1,0.384257,0.892033,1,-1,0,none
50.797995,1.492000,-0.023000,1.500000,1.348774,-0.034166,1.298903,1.421792,0.006458,1.465732,-0.014765,-0.038597,0.013439,0.999055,-0.200843,0.809881,-0.110942,0.001273,-0.000637,0.012073,0.247140,0.083494,5.039173,16.266236,3,0,0.000000,1,0.631368,1.209247,1,-1,2,anchor6:5-6;6-7
50.814621,1.492000,-0.013000,1.500000,1.334629,-0.027429,1.333549,1.413155,0.016508,1.458739,-0.014048,-0.038834,0.013213,0.999060,-0.224582,0.808336,-0.117967,0.001324,-0.000644,0.012722,0.229521,0.093754,2.829627,16.266236,3,0,0.000000,1,0.631105,1.212805,1,-1,2,anchor6:5-6;6-7
50.831264,1.492000,0.000000,1.500000,1.338675,-0.018053,1.317128,1.404900,0.026704,1.451275,-0.013280,-0.038961,0.012966,0.999068,-0.244208,0.804071,-0.122460,0.001372,-0.000652,0.013423,0.239326,0.103313,0.798285,16.266236,3,0,0.000000,1,0.632151,1.214953,1,-1,2,anchor6:5-6;6-7
50.847944,1.492000,0.010000,1.500000,1.459753,0.051168,1.481833,1.404504,0.040587,1.450621,-0.012843,-0.038559,0.013299,0.999085,-0.244257,0.806101,-0.118641,0.001344,-0.000650,0.013272,0.055359,0.105021,2.019740,18.466827,4,0,0.000000,1,0.421753,0.705606,1,0,0,none
50.864501,1.491000,0.021000,1.500000,1.449990,0.035413,1.468691,1.403722,0.052072,1.449625,-0.012251,-0.038401,0.013544,0.999096,-0.242645,0.805610,-0.114429,0.001323,-0.000639,0.013187,0.053571,0.105454,1.653441,18.466827,4,0,0.000000,1,0.406079,0.742021,1,4,0,none
50.881137,1.491000,0.034000,1.500000,1.514100,0.061444,1.521439,1.406952,0.064667,1.450803,-0.011903,-0.038151,0.013836,0.999105,-0.239807,0.806709,-0.113651,0.001276,-0.000626,0.012958,0.041790,0.102102,0.842152,18.466827,4,0,0.000000,1,0.408026,0.740986,1,4,0,none
50.897730,1.490000,0.044000,1.500000,1.365556,0.048770,1.362408,1.400646,0.075858,1.445556,-0.011493,-0.039185,0.013758,0.999071,-0.254370,0.802598,-0.120651,0.001304,-0.000632,0.013394,0.185582,0.109376,2.817631,18.466827,4,0,0.000000,1,0.641431,1.022455,1,7,0,none
50.914448,1.489000,0.058000,1.500000,1.431314,0.084836,1.426463,1.398517,0.088711,1.442926,-0.011513,-0.039871,0.014078,0.999039,-0.262697,0.801547,-0.124138,0.001294,-0.000634,0.013493,0.097239,0.111300,-57103291715582.875000,20.515006,5,0,0.000000,1,0.503346,0.906100,1,-1,0,none
50.930990,1.488000,0.068000,1.500000,1.470501,0.074644,1.371343,1.398705,0.100236,1.438249,-0.011957,-0.039912,0.013940,0.999034,-0.266643,0.797600,-0.126845,0.001276,-0.000636,0.013876,0.130012,0.113251,1.943671,20.515006,5,0,0.000000,1,0.461335,0.718732,1,-1,0,none
50.964262,1.487000,0.092000,1.500000,1.362677,0.042576,1.540958,1.388023,0.120848,1.438377,-0.012221,-0.040091,0.013934,0.999024,-0.288513,0.787884,-0.120355,0.001270,-0.000581,0.013296,0.139916,0.120109,6.469170,16.266236,3,0,0.000000,1,0.608930,1.536963,1,-1,2,anchor2:1-2;2-3
50.980888,1.486000,0.102000,1.500000,1.399616,0.105637,1.325424,1.384223,0.131812,1.431930,-0.012772,-0.040419,0.013851,0.999005,-0.295281,0.784302,-0.127599,0.001283,-0.000593,0.013893,0.194813,0.126019,6.040060,18.466827,4,0,0.000000,1,0.646123,1.026041,1,7,0,none
50.997510,1.485000,0.111000,1.500000,1.313632,0.041744,1.695858,1.375306,0.138066,1.440316,-0.012964,-0.041277,0.013676,0.998970,-0.314937,0.772686,-0.118983,0.001266,-0.000496,0.012445,0.269302,0.127779,4.367794,16.266236,3,0,0.000000,1,0.602933,1.539245,1,-1,2,anchor2:1-2;2-3
51.014118,1.484000,0.122000,1.500000,1.421560,0.145082,1.463187,1.373613,0.149861,1.439477,-0.013334,-0.041737,0.013491,0.998949,-0.318541,0.773240,-0.119275,0.001243,-0.000489,0.012328,0.076071,0.128936,1.799027,20.515006,5,0,0.000000,1,0.461247,0.722069,1,-1,0,none
51.030691,1.482000,0.135000,1.500000,1.303855,0.126488,1.310789,1.364193,0.159906,1.432461,-0.013288,-0.042714,0.013225,0.998911,-0.338352,0.772924,-0.125255,0.001288,-0.000503,0.012988,0.260017,0.138059,2.503478,16.266236,3,0,0.000000,1,0.642341,1.259984,1,-1,2,anchor6:5-6;6-7
51.047438,1.481000,0.145000,1.501000,1.376132,0.149273,1.374406,1.359676,0.170939,1.428233,-0.013247,-0.043224,0.013240,0.998890,-0.346365,0.768621,-0.127429,0.001291,-0.000507,0.013294,0.164443,0.143831,1.521081,18.466827,4,0,0.000000,1,0.642346,0.776940,1,2,0,none
51.080663,1.477000,0.167000,1.501000,1.437137,0.180536,1.326261,1.353710,0.195396,1.420140,-0.013486,-0.041631,0.013557,0.998950,-0.359026,0.770843,-0.130985,0.001272,-0.000522,0.013870,0.179739,0.150150,-406062478584063.000000,20.515006,5,0,0.000000,1,0.696580,1.166851,1,-1,0,none
51.097229,1.475000,0.181000,1.501000,1.410747,0.188637,1.375004,1.352092,0.206322,1.416371,-0.013692,-0.040690,0.013469,0.998987,-0.363210,0.772181,-0.135314,0.001255,-0.000524,0.014130,0.141639,0.151359,-3654550700294397.500000,20.515006,5,0,0.000000,1,0.445923,0.849387,1,-1,0,none
51.113874,1.474000,0.191000,1.501000,1.459149,0.202782,1.337477,1.353554,0.217705,1.411156,-0.013764,-0.039618,0.013398,0.999030,-0.359764,0.772902,-0.141545,0.001225,-0.000534,0.014591,0.164618,0.152619,-6141699421803006.000000,20.515006,5,0,0.000000,1,0.822765,0.935201,1,-1,0,none
51.130531,1.472000,0.201000,1.501000,1.352554,0.149309,1.498976,1.348040,0.224992,1.412431,-0.013002,-0.038813,0.013181,0.999075,-0.367814,0.764924,-0.139136,0.001207,-0.000480,0.014092,0.130167,0.154228,3.367579,16.266236,3,0,0.000000,1,0.609701,1.524615,1,-1,2,anchor2:1-2;2-3
51.147154,1.470000,0.212000,1.500000,1.380727,0.202779,1.372541,1.344433,0.235305,1.408671,-0.012320,-0.038142,0.013122,0.999110,-0.370322,0.761520,-0.139306,0.001200,-0.000475,0.014313,0.155886,0.157007,3.261874,20.515006,5,0,0.000000,1,0.460462,0.723271,1,-1,0,none
51.180334,1.465000,0.235000,1.500000,1.411709,0.238022,1.444755,1.337674,0.258551,1.405898,-0.010816,-0.036368,0.013198,0.999193,-0.376747,0.758012,-0.139014,0.001159,-0.000455,0.014107,0.076819,0.160068,0.504294,20.515006,5,0,0.000000,1,0.461271,0.725434,1,-1,0,none
51.197032,1.463000,0.245000,1.500000,1.357409,0.169302,1.515529,1.333359,0.263927,1.408313,-0.009473,-0.035829,0.013498,0.999222,-0.384128,0.745880,-0.134240,0.001127,-0.000385,0.013482,0.130846,0.159911,8.353324,16.266236,3,0,0.000000,1,0.609968,1.525030,1,-1,2,anchor2:1-2;2-3
51.213709,1.460000,0.259000,1.500000,1.396042,0.206124,1.593018,1.331925,0.271417,1.413886,-0.008446,-0.035380,0.013624,0.999245,-0.379266,0.735849,-0.125119,0.001061,-0.000309,0.012437,0.124655,0.154832,4.032784,16.266236,3,0,0.000000,1,0.611757,1.535254,1,-1,2,anchor2:1-2;2-3
51.230246,1.458000,0.269000,1.501000,1.425763,0.294362,1.461029,1.332449,0.284320,1.413983,-0.008088,-0.035121,0.013720,0.999256,-0.370372,0.737551,-0.119275,0.001013,-0.000299,0.012190,0.057272,0.153524,1.493151,20.515006,5,0,0.000000,1,0.461714,0.727673,1,-1,0,none
51.246841,1.455000,0.282000,1.501000,1.418483,0.299147,1.488905,1.332745,0.296295,1.415346,-0.007523,-0.035021,0.014025,0.999260,-0.366866,0.743916,-0.115133,0.000961,-0.000280,0.011785,0.042117,0.149957,19.043658,20.515006,5,0,0.000000,1,0.461761,0.728005,1,-1,0,none
51.263455,1.453000,0.292000,1.500000,1.396575,0.269006,1.510981,1.331497,0.305675,1.417539,-0.006415,-0.034842,0.014115,0.999273,-0.366416,0.736834,-0.112301,0.000914,-0.000241,0.011261,0.061912,0.147478,-8565363178543106.000000,20.515006,5,0,0.000000,1,0.382476,0.797313,1,-1,0,none
51.280137,1.451000,0.302000,1.500000,1.302632,0.280301,1.281424,1.323795,0.315197,1.410181,-0.005943,-0.035411,0.013911,0.999258,-0.380915,0.730729,-0.120103,0.000956,-0.000262,0.012009,0.265064,0.156277,8.647518,16.266236,3,0,0.000000,1,0.654074,1.303773,1,-1,2,anchor6:5-6;6-7
51.296725,1.447000,0.315000,1.500000,1.402778,0.326052,1.502731,1.323090,0.327226,1.412120,-0.006249,-0.034869,0.014107,0.999273,-0.380436,0.729423,-0.114364,0.000902,-0.000236,0.011505,0.045664,0.152401,3.742528,20.515006,5,0,0.000000,1,0.461690,0.728737,1,-1,0,none
51.313301,1.445000,0.325000,1.500000,1.337489,0.313837,1.355107,1.318322,0.337083,1.408091,-0.006605,-0.034166,0.014172,0.999294,-0.384627,0.724930,-0.114999,0.000910,-0.000241,0.011818,0.180768,0.156974,6.983981,16.266236,3,0,0.000000,1,0.657908,1.308570,1,-1,2,anchor6:5-6;6-7
51.329967,1.441000,0.338000,1.500000,1.404107,0.344100,1.510684,1.318141,0.348471,1.410505,-0.007253,-0.033484,0.014252,0.999311,-0.379890,0.726007,-0.109126,0.000852,-0.000212,0.011261,0.038891,0.152360,2.008876,20.515006,5,0,0.000000,1,0.461809,0.729358,1,-1,0,none
51.346612,1.439000,0.347000,1.501000,1.352754,0.310265,1.625608,1.314702,0.357124,1.417420,-0.007359,-0.033171,0.013884,0.999326,-0.382092,0.718948,-0.099588,0.000782,-0.000139,0.010062,0.155933,0.150127,2.329660,16.266236,3,0,0.000000,1,0.609449,1.520283,1,-1,2,anchor2:1-2;2-3
51.363217,1.436000,0.358000,1.501000,1.296643,0.339184,1.270265,1.307486,0.366996,1.409935,-0.007478,-0.033431,0.013471,0.999322,-0.392695,0.717189,-0.104813,0.000825,-0.000166,0.010867,0.270210,0.157764,9.420683,16.266236,3,0,0.000000,1,0.658106,1.321328,1,-1,2,anchor6:5-6;6-7
51.379865,1.433000,0.371000,1.501000,1.402569,0.395972,1.408223,1.307747,0.379394,1.408363,-0.007429,-0.033061,0.013636,0.999333,-0.384361,0.721679,-0.100019,0.000791,-0.000172,0.010893,0.100783,0.156014,5.967308,20.515006,5,0,0.000000,1,0.461497,0.729789,1,-1,0,none
51.396431,1.430000,0.381000,1.501000,1.344201,0.396848,1.384089,1.304262,0.391269,1.405912,-0.007324,-0.033164,0.013544,0.999331,-0.385453,0.722969,-0.099998,0.000783,-0.000179,0.011031,0.145880,0.157978,3.531030,20.515006,5,0,0.000000,1,0.460560,0.728804,1,-1,0,none
51.429773,1.424000,0.405000,1.500000,1.420739,0.423179,1.405740,1.299869,0.415677,1.402766,-0.007757,-0.033471,0.013728,0.999315,-0.386532,0.723116,-0.102799,0.000737,-0.000181,0.011023,0.096053,0.158041,5.203633,20.515006,5,0,0.000000,1,0.461865,0.730668,1,-1,0,none
51.496199,1.411000,0.446000,1.500000,1.367048,0.438307,1.545381,1.280964,0.461543,1.402678,-0.007769,-0.038792,0.013577,0.999125,-0.408285,0.722700,-0.102560,0.000650,-0.000129,0.010089,0.063642,0.163164,3.716336,20.515006,5,0,0.000000,1,0.461779,0.731453,1,-1,0,none
51.512841,1.408000,0.457000,1.500000,1.397750,0.405497,1.677097,1.284009,0.468259,1.413583,-0.007168,-0.038470,0.013642,0.999141,-0.400668,0.712828,-0.087253,0.000510,-0.000026,0.008393,0.184718,0.151553,7.841389,16.266236,3,0,0.000000,1,0.615393,1.526650,1,-1,2,anchor2:1-2;2-3
51.562707,1.396000,0.490000,1.500000,1.386787,0.495420,1.492591,1.274303,0.502911,1.413427,-0.007831,-0.037390,0.013783,0.999175,-0.405617,0.713872,-0.083775,0.000430,0.000002,0.007863,0.013006,0.149905,-634475645439999.250000,20.515006,5,0,0.000000,1,0.668680,1.141183,1,-1,0,none
51.579380,1.392000,0.503000,1.500000,1.367309,0.531811,1.431508,1.275930,0.516087,1.413071,-0.008794,-0.036477,0.013640,0.999203,-0.397664,0.716390,-0.081049,0.000383,0.000002,0.007768,0.078300,0.145603,1.487216,18.466827,4,0,0.000000,1,0.410208,0.701512,1,0,0,none
51.595934,1.389000,0.511000,1.500000,1.424279,0.506246,1.467304,1.282300,0.525643,1.414512,-0.009146,-0.035323,0.013472,0.999243,-0.382592,0.718279,-0.076183,0.000304,0.000025,0.007456,0.048335,0.137505,-14618210539147264.000000,20.515006,5,0,0.000000,1,0.365051,0.669574,1,-1,0,none
51.629166,1.381000,0.532000,1.500000,1.807427,0.564567,1.456894,1.314866,0.550611,1.414128,-0.008871,-0.031457,0.013672,0.999372,-0.308233,0.719868,-0.074425,0.000080,0.000039,0.007293,0.429836,0.109973,0.139020,13.815511,2,0,0.000000,1,0.791969,1.431924,1,5,2,anchor2:1-2;2-3
51.662482,1.371000,0.556000,1.500000,1.384604,0.559542,1.368874,1.311334,0.573178,1.409671,-0.006816,-0.031231,0.013652,0.999396,-0.306203,0.716333,-0.073876,0.000070,0.000035,0.007613,0.131878,0.109610,1.957148,18.466827,4,0,0.000000,1,0.409638,0.701103,1,0,0,none
51.695696,1.364000,0.576000,1.499000,1.766137,0.569924,1.557613,1.341622,0.594026,1.420032,-0.005634,-0.027497,0.014014,0.999508,-0.234709,0.709029,-0.069508,-0.000284,0.000074,0.007431,0.406431,0.084034,0.537480,13.815511,2,0,0.000000,1,0.794687,1.428040,1,5,2,anchor2:1-2;2-3
51.712351,1.358000,0.587000,1.500000,1.722844,0.657907,1.340390,1.370876,0.609893,1.413110,-0.005340,-0.024646,0.013351,0.999593,-0.181959,0.715056,-0.064711,-0.000358,0.000037,0.007580,0.404492,0.090773,0.601283,13.815511,2,0,0.000000,1,0.795677,1.394931,1,5,2,anchor2:1-2;2-3
51.728982,1.353000,0.601000,1.500000,1.682013,0.668253,1.447303,1.393579,0.625423,1.413547,-0.004798,-0.022344,0.013213,0.999652,-0.137556,0.720774,-0.056309,-0.000533,0.000047,0.007097,0.339925,0.098576,0.785653,13.815511,2,0,0.000000,1,0.780176,1.388841,1,5,2,anchor2:1-2;2-3
51.762172,1.343000,0.624000,1.500000,1.335659,0.605025,1.487008,1.384475,0.645083,1.415601,-0.002762,-0.022739,0.012779,0.999656,-0.153663,0.714864,-0.052160,-0.000542,0.000081,0.006564,0.024140,0.096374,22.790083,18.466827,4,1,0.000000,1,0.410498,0.851778,1,5,0,none
51.795455,1.335000,0.643000,1.500000,1.419174,0.632492,1.356833,1.382748,0.665427,1.410942,-0.001326,-0.022266,0.012543,0.999673,-0.154162,0.702502,-0.054684,-0.000533,0.000086,0.006970,0.166411,0.103509,15.488758,16.266236,3,0,0.000000,1,0.611498,0.869708,1,-1,2,anchor1:0-1;1-2
51.845371,1.319000,0.674000,1.500000,1.410264,0.717924,1.310834,1.378348,0.701492,1.403075,-0.000047,-0.022764,0.012686,0.999660,-0.154349,0.697087,-0.060292,-0.000504,0.000056,0.007707,0.214574,0.116930,9.365104,16.266236,3,0,0.000000,1,0.637437,1.483654,1,-1,2,anchor2:1-2;2-3
51.861958,1.315000,0.683000,1.500000,1.349764,0.677083,1.247947,1.373473,0.709538,1.393779,0.000619,-0.023627,0.012584,0.999641,-0.158559,0.685577,-0.071775,-0.000420,0.000037,0.008820,0.254508,0.124122,14.393328,16.266236,3,0,0.000000,1,0.610630,0.874326,1,-1,2,anchor1:0-1;1-2
51.878596,1.311000,0.693000,1.500000,1.340170,0.690310,1.423385,1.368147,0.718148,1.394217,0.000913,-0.024113,0.012506,0.999631,-0.169956,0.679854,-0.069924,-0.000419,0.000058,0.008594,0.082024,0.122834,2.900736,18.466827,4,0,0.000000,1,0.661725,0.836205,1,2,0,none
51.961641,1.283000,0.744000,1.500000,1.628867,0.783147,1.391825,1.382014,0.774443,1.388536,-0.003363,-0.021941,0.011914,0.999683,-0.137380,0.673089,-0.069972,-0.000592,0.000064,0.008593,0.364497,0.152167,4.473871,13.815511,2,0,0.000000,1,0.789020,1.358835,1,5,2,anchor2:1-2;2-3
51.978240,1.277000,0.756000,1.500000,1.261966,0.772203,1.535665,1.368175,0.783874,1.396100,-0.002989,-0.022944,0.011732,0.999663,-0.159226,0.672797,-0.060134,-0.000605,0.000101,0.007431,0.041959,0.141014,16.877388,20.515006,5,0,0.000000,1,0.492235,0.871209,1,-1,0,none
52.011543,1.267000,0.774000,1.501000,1.290621,0.826103,1.348943,1.355547,0.808143,1.391452,-0.002334,-0.023767,0.011768,0.999646,-0.178729,0.678737,-0.061012,-0.000550,0.000079,0.007780,0.162462,0.144938,7.237107,16.266236,3,0,0.000000,1,0.613014,0.899326,1,-1,2,anchor1:0-1;1-2
52.028203,1.260000,0.784000,1.501000,1.269300,0.807015,1.593963,1.344694,0.818185,1.402128,-0.002275,-0.024784,0.011841,0.999620,-0.194435,0.675186,-0.048156,-0.000598,0.000126,0.006223,0.096220,0.134601,8.210352,20.515006,5,0,0.000000,1,0.492466,0.872118,1,-1,0,none
52.061390,1.250000,0.802000,1.501000,1.311530,0.828330,1.283074,1.335704,0.839011,1.393772,-0.002460,-0.026902,0.011414,0.999570,-0.200655,0.671659,-0.051830,-0.000538,0.000106,0.007121,0.227972,0.142171,5.173413,16.266236,3,0,0.000000,1,0.614407,0.897744,1,-1,2,anchor1:0-1;1-2
52.078048,1.243000,0.814000,1.501000,1.285693,0.835407,1.380640,1.328095,0.848573,1.392222,-0.002355,-0.028081,0.011433,0.999538,-0.212974,0.668224,-0.051516,-0.000512,0.000108,0.007208,0.129489,0.142369,9.091287,16.266236,3,0,0.000000,1,0.613010,0.901742,1,-1,2,anchor1:0-1;1-2
52.094670,1.237000,0.823000,1.501000,1.255603,0.858812,1.381613,1.318377,0.859535,1.390789,-0.002835,-0.029129,0.011649,0.999504,-0.232353,0.669419,-0.052723,-0.000479,0.000105,0.007275,0.126023,0.141786,10.062352,18.466827,4,0,0.000000,1,0.662199,0.846503,1,2,0,none
52.111265,1.231000,0.835000,1.501000,1.323893,0.816465,1.329757,1.315460,0.865446,1.386697,-0.003479,-0.029282,0.011485,0.999499,-0.233170,0.661064,-0.055736,-0.000461,0.000116,0.007700,0.195696,0.145346,12.940376,16.266236,3,0,0.000000,1,0.614344,0.897141,1,-1,2,anchor1:0-1;1-2
52.144521,1.219000,0.853000,1.501000,1.181142,0.833124,1.502447,1.315460,0.865446,1.386697,-0.003479,-0.029282,0.011485,0.999499,-0.233170,0.661064,-0.055736,-0.000461,0.000116,0.007700,0.042783,0.150082,36.520768,20.515006,5,1,0.000000,1,0.488342,0.871059,0,-1,0,none
52.177797,1.206000,0.873000,1.500000,1.353826,0.846895,1.196893,1.304672,0.903302,1.371781,-0.003764,-0.030225,0.010541,0.999480,-0.238064,0.651167,-0.076297,-0.000417,0.000108,0.009137,0.338242,0.164604,3.208752,13.815511,2,0,0.000000,1,0.626122,1.173135,1,4,2,anchor1:0-1;1-2
52.211051,1.192000,0.893000,1.500000,1.508267,0.893250,1.433300,1.317223,0.921604,1.373134,-0.001715,-0.028327,0.010835,0.999539,-0.218804,0.650600,-0.073093,-0.000545,0.000143,0.008646,0.323224,0.180538,1.919126,13.815511,2,0,0.000000,1,0.656565,1.294303,1,5,2,anchor1:0-1;1-2
52.227645,1.186000,0.901000,1.501000,1.302065,0.883587,1.279754,1.312534,0.927603,1.366616,-0.000620,-0.027789,0.011012,0.999553,-0.223736,0.641034,-0.078143,-0.000501,0.000146,0.009340,0.250448,0.186488,10.804027,16.266236,3,0,0.000000,1,0.615950,0.905763,1,-1,2,anchor1:0-1;1-2
52.260887,1.172000,0.922000,1.500000,1.258306,0.935388,1.358097,1.300756,0.947111,1.363766,0.000654,-0.026418,0.010950,0.999591,-0.235882,0.636862,-0.073636,-0.000476,0.000150,0.009382,0.166626,0.189125,5.994853,16.266236,3,0,0.000000,1,0.615337,0.915832,1,-1,2,anchor1:0-1;1-2
52.277450,1.166000,0.932000,1.500000,1.481915,0.930883,1.509151,1.313674,0.954956,1.371018,0.001509,-0.024523,0.010911,0.999639,-0.210922,0.632073,-0.061981,-0.000616,0.000197,0.008298,0.316049,0.197411,0.537049,13.815511,2,0,0.000000,1,0.656942,1.307894,1,5,2,anchor1:0-1;1-2
52.310740,1.151000,0.950000,1.500000,1.184162,0.927479,1.299970,1.295432,0.971397,1.365091,0.003101,-0.023402,0.010529,0.999666,-0.230151,0.623606,-0.058696,-0.000532,0.000202,0.008807,0.204007,0.198794,9.949455,16.266236,3,0,0.000000,1,0.611802,0.913484,1,-1,2,anchor1:0-1;1-2
52.327364,1.145000,0.959000,1.500000,1.191170,0.959573,1.337777,1.282961,0.979263,1.362664,0.004098,-0.023549,0.010542,0.999659,-0.247080,0.621508,-0.058358,-0.000478,0.000204,0.008994,0.168667,0.195717,10.773076,16.266236,3,0,0.000000,1,0.613044,0.919185,1,-1,2,anchor1:0-1;1-2
52.343954,1.137000,0.971000,1.500000,1.136205,0.926910,1.325167,1.266916,0.983834,1.359637,0.005030,-0.024625,0.010473,0.999629,-0.267547,0.610181,-0.060967,-0.000404,0.000221,0.009243,0.180309,0.191689,14.763297,16.266236,3,0,0.000000,1,0.609557,0.914406,1,-1,2,anchor1:0-1;1-2
52.377291,1.124000,0.988000,1.500000,1.208331,1.015219,1.420927,1.253770,1.004924,1.361085,0.005445,-0.026684,0.010653,0.999572,-0.274824,0.605661,-0.060213,-0.000403,0.000229,0.008782,0.118765,0.190851,7.148586,16.266236,3,0,0.000000,1,0.615525,0.930080,1,-1,2,anchor1:0-1;1-2
52.427113,1.102000,1.016000,1.500000,1.103197,1.018814,1.492961,1.227290,1.033285,1.365628,0.006008,-0.028310,0.010929,0.999521,-0.309993,0.597167,-0.060061,-0.000383,0.000264,0.007746,0.007675,0.184532,18.086133,20.515006,5,0,0.000000,1,0.482938,0.866361,1,-1,0,none
52.460410,1.086000,1.035000,1.500000,1.163252,1.078773,1.351166,1.211790,1.055386,1.362791,0.005567,-0.027176,0.011268,0.999552,-0.327379,0.595190,-0.064580,-0.000356,0.000249,0.007843,0.173308,0.187257,12.033483,16.266236,3,0,0.000000,1,0.624870,1.385247,1,-1,2,anchor2:1-2;2-3
52.476976,1.080000,1.043000,1.499000,1.078561,1.079124,1.418609,1.195153,1.066059,1.364892,0.005253,-0.027102,0.011327,0.999555,-0.347896,0.596472,-0.061291,-0.000316,0.000252,0.007413,0.088146,0.178261,15.920201,20.515006,5,0,0.000000,1,0.480894,0.862552,1,-1,0,none
52.510316,1.064000,1.063000,1.499000,1.050216,1.083965,1.374175,1.171461,1.085500,1.363402,0.007118,-0.026535,0.011168,0.999560,-0.372539,0.598681,-0.058423,-0.000262,0.000254,0.007320,0.127321,0.174473,-1027847643865086.500000,20.515006,5,0,0.000000,1,0.373346,1.592896,1,-1,0,none
52.526903,1.056000,1.074000,1.499000,1.077704,1.070673,1.185954,1.157455,1.093012,1.352387,0.008566,-0.026464,0.011426,0.999548,-0.388992,0.593688,-0.070487,-0.000172,0.000229,0.008561,0.313815,0.179304,5.351171,16.266236,3,0,0.000000,1,0.611774,0.932432,1,-1,2,anchor1:0-1;1-2
52.543502,1.047000,1.081000,1.499000,1.052384,1.091763,1.285913,1.143310,1.100804,1.347652,0.009694,-0.026774,0.011403,0.999529,-0.404527,0.591810,-0.071762,-0.000119,0.000221,0.009024,0.213426,0.180483,4.108972,18.466827,4,0,0.000000,1,0.375744,0.699414,1,4,0,none
52.560076,1.040000,1.088000,1.499000,1.154443,1.150774,1.158857,1.138092,1.113427,1.336480,0.010445,-0.026548,0.011766,0.999524,-0.405031,0.598071,-0.078972,-0.000095,0.000174,0.010352,0.364328,0.191524,6.516922,16.266236,3,0,0.000000,1,0.640555,1.373953,1,-1,2,anchor2:1-2;2-3
52.576850,1.032000,1.099000,1.499000,1.064413,1.058430,1.287085,1.126203,1.117932,1.332556,0.011782,-0.027098,0.012045,0.999491,-0.416122,0.588201,-0.078277,-0.000059,0.000194,0.010667,0.218185,0.192188,11.727159,18.466827,4,0,0.000000,1,0.599060,0.848994,1,6,0,none
