timestamp,gt_x,gt_y,gt_z,wls_x,wls_y,wls_z,tc_x,tc_y,tc_z,tc_qx,tc_qy,tc_qz,tc_qw,tc_vx,tc_vy,tc_vz,tc_bias_ax,tc_bias_ay,tc_bias_az,tc_bias_gx,tc_bias_gy,tc_bias_gz,imu_n,imu_mean_ax,imu_mean_ay,imu_mean_az,imu_mean_gx,imu_mean_gy,imu_mean_gz,imu_accel_norm_mean,imu_gyro_norm_mean,wls_gt_err,tc_gt_err
0.023481,1.276000,0.020000,0.085000,1.243136,-0.038056,-0.145728,1.243136,-0.038056,-0.145728,-0.002768,-0.006919,0.015221,0.999856,0.000000,0.000000,0.000000,0.000000,0.000000,0.000000,0.000000,0.000000,0.000000,23,0.241350,0.011699,9.804060,0.000804,0.003479,-0.000359,9.807048,0.004977,0.240179,0.240179
0.040115,1.276000,0.020000,0.085000,1.229894,-0.034312,-0.036267,1.240740,-0.036361,-0.143798,-0.002905,-0.007095,0.015221,0.999855,0.001379,0.001143,0.000644,0.000001,-0.000001,-0.000003,0.000000,0.000000,-0.000000,17,0.237577,0.000134,9.796478,-0.001028,0.000728,-0.000271,9.799363,0.002766,0.140646,0.238261
0.056814,1.276000,0.020000,0.085000,1.229370,-0.040696,0.028313,1.238643,-0.035693,-0.140731,-0.001726,-0.005990,0.015358,0.999863,0.003215,0.001659,0.002959,0.000003,-0.000002,-0.000015,-0.000001,-0.000001,-0.000000,17,0.233111,0.004183,9.803354,0.000870,-0.000094,0.000175,9.806130,0.003684,0.095246,0.235482
0.089962,1.276000,0.020000,0.085000,1.185360,-0.042862,0.003887,1.231952,-0.035683,-0.138059,-0.000617,-0.011570,0.016477,0.999797,-0.001496,0.002289,0.006678,0.000016,-0.000003,-0.000046,-0.000002,0.000000,-0.000001,33,0.248361,0.022700,9.799631,-0.001277,0.000049,0.000261,9.802808,0.003278,0.136918,0.234086
0.106674,1.276000,0.020000,0.085000,1.279999,-0.045735,0.019328,1.236990,-0.035989,-0.134699,0.000813,-0.001238,0.016019,0.999871,0.015743,0.001141,0.011381,0.000018,-0.000005,-0.000083,-0.000003,-0.000011,-0.000001,17,0.247190,0.031482,9.796757,0.001107,0.000698,0.000116,9.799929,0.003809,0.093005,0.230053
0.123243,1.276000,0.020000,0.085000,1.234715,-0.049232,-0.002146,1.236729,-0.036887,-0.131846,0.002462,-0.000798,0.016441,0.999861,0.019924,-0.001868,0.016037,0.000022,-0.000005,-0.000120,-0.000004,-0.000011,-0.000001,17,0.252380,0.022335,9.804521,-0.001276,-0.001678,0.000637,9.807801,0.004448,0.118710,0.227597
0.139913,1.276000,0.020000,0.085000,1.220356,-0.078357,-0.040989,1.235251,-0.041296,-0.129803,0.008730,-0.002652,0.018348,0.999790,0.018982,-0.017321,0.019420,0.000024,-0.000004,-0.000147,-0.000007,-0.000010,-0.000002,17,0.231823,0.009434,9.798598,-0.000432,0.000551,0.000655,9.801345,0.003081,0.169244,0.227063
0.156453,1.276000,0.020000,0.085000,1.268525,-0.100948,0.044828,1.238483,-0.047313,-0.125862,0.015883,0.001525,0.022752,0.999614,0.032870,-0.038937,0.026110,0.000029,-0.000001,-0.000203,-0.000007,-0.000013,-0.000006,16,0.225431,0.011895,9.799697,-0.001254,0.000373,0.000824,9.802299,0.002278,0.127664,0.224502
0.189782,1.276000,0.020000,0.085000,1.239200,-0.065893,0.069952,1.239156,-0.049603,-0.120366,0.015744,0.001086,0.022133,0.999630,0.040023,-0.048292,0.036219,0.000031,0.000008,-0.000294,0.000003,-0.000010,-0.000005,34,0.236014,0.029524,9.809033,-0.000302,-0.000263,0.000027,9.811920,0.004039,0.094648,0.219948
0.206455,1.276000,0.020000,0.085000,1.226429,-0.076212,-0.004975,1.238269,-0.052717,-0.117060,0.017885,-0.000593,0.021131,0.999617,0.038048,-0.061300,0.042137,0.000031,0.000012,-0.000349,0.000007,-0.000008,-0.000003,17,0.227679,0.025511,9.799174,-0.000484,-0.001735,-0.000471,9.801857,0.002651,0.140746,0.218036
0.223008,1.276000,0.020000,0.085000,1.214502,-0.052889,-0.028802,1.236385,-0.053181,-0.114118,0.016681,-0.002908,0.018147,0.999692,0.032175,-0.062515,0.047562,0.000030,0.000018,-0.000393,0.000013,-0.000006,0.000001,17,0.242765,0.031843,9.813892,-0.000728,0.001843,-0.000553,9.816951,0.004396,0.148478,0.215807
0.239577,1.276000,0.020000,0.085000,1.209948,-0.077540,0.031692,1.234149,-0.055920,-0.109636,0.017747,-0.005204,0.016506,0.999693,0.024656,-0.072981,0.055892,0.000031,0.000023,-0.000467,0.000018,-0.000006,0.000003,16,0.226633,0.011688,9.798038,-0.000998,-0.000651,-0.000245,9.800667,0.002482,0.129301,0.213069
0.256233,1.276000,0.020000,0.085000,1.206870,-0.051418,0.085470,1.231651,-0.055507,-0.103395,0.015398,-0.007175,0.011483,0.999790,0.016575,-0.068793,0.067989,0.000033,0.000034,-0.000569,0.000029,-0.000008,0.000008,17,0.240785,0.017146,9.798002,-0.000958,0.002863,-0.000308,9.800978,0.003891,0.099397,0.207752
0.289508,1.276000,0.020000,0.085000,1.212255,-0.070936,-0.053095,1.230229,-0.059168,-0.099760,0.016291,-0.008762,0.011378,0.999764,0.011791,-0.083311,0.071382,0.000033,0.000035,-0.000600,0.000028,-0.000007,0.000008,34,0.244233,0.012992,9.815706,-0.000969,-0.001817,-0.000073,9.818758,0.003758,0.177209,0.206152
0.306076,1.276000,0.020000,0.085000,1.258873,-0.023547,0.013652,1.232787,-0.055906,-0.094937,0.012280,-0.006794,0.006873,0.999878,0.022982,-0.066224,0.079634,0.000038,0.000044,-0.000672,0.000037,-0.000014,0.000013,16,0.244305,0.022917,9.806236,0.000219,0.001863,-0.000754,9.809306,0.003055,0.085325,0.200016
0.322730,1.276000,0.020000,0.085000,1.215371,-0.048359,0.053864,1.231230,-0.055387,-0.088917,0.010796,-0.007942,0.004698,0.999899,0.017377,-0.061599,0.090252,0.000039,0.000050,-0.000768,0.000040,-0.000015,0.000014,17,0.232790,0.021748,9.821087,-0.000006,-0.003236,-0.000978,9.823872,0.005633,0.096531,0.194768
0.339365,1.276000,0.020000,0.085000,1.168238,-0.054360,-0.015910,1.225861,-0.055859,-0.085185,0.010285,-0.011355,0.003813,0.999875,-0.002858,-0.061715,0.095562,0.000035,0.000052,-0.000815,0.000040,-0.000012,0.000013,17,0.247019,0.026867,9.812295,0.000632,0.000695,0.000691,9.815444,0.004706,0.165302,0.192955
0.355984,1.276000,0.020000,0.085000,1.225773,-0.075175,0.056483,1.225558,-0.058138,-0.078968,0.011366,-0.011443,0.005455,0.999855,-0.003409,-0.069766,0.105037,0.000039,0.000053,-0.000905,0.000036,-0.000018,0.000011,17,0.242758,0.030507,9.800757,-0.001392,0.001389,-0.000785,9.803815,0.004319,0.111329,0.188508
0.372569,1.276000,0.020000,0.085000,1.216846,-0.065704,-0.044261,1.224726,-0.059752,-0.076226,0.011627,-0.011863,0.006080,0.999844,-0.006133,-0.074731,0.107462,0.000039,0.000053,-0.000927,0.000036,-0.000018,0.000010,16,0.236084,0.023889,9.816292,-0.001560,0.000628,-0.000355,9.819161,0.003113,0.165990,0.187038
0.389178,1.276000,0.020000,0.085000,1.215178,-0.048329,0.066514,1.223569,-0.059155,-0.069615,0.010263,-0.012749,0.002765,0.999862,-0.010537,-0.069640,0.117489,0.000042,0.000058,-0.001019,0.000035,-0.000023,0.000013,17,0.233104,0.024532,9.808205,-0.001203,-0.002904,-0.001271,9.811006,0.004303,0.093327,0.181439
0.405871,1.276000,0.020000,0.085000,1.252543,-0.037909,0.049817,1.225537,-0.057709,-0.063509,0.008138,-0.011674,-0.001681,0.999897,-0.002715,-0.060811,0.126041,0.000048,0.000062,-0.001097,0.000037,-0.000027,0.000019,17,0.236575,0.016514,9.825006,0.000762,0.001116,0.000412,9.827869,0.002958,0.071704,0.175043
0.422480,1.276000,0.020000,0.085000,1.280691,-0.100242,0.070082,1.229586,-0.062102,-0.056810,0.009841,-0.009690,0.000237,0.999905,0.012213,-0.075913,0.134771,0.000055,0.000058,-0.001181,0.000027,-0.000035,0.000019,17,0.230787,0.029186,9.806949,-0.002357,0.001426,-0.000768,9.809711,0.004433,0.121255,0.170309
0.439101,1.276000,0.020000,0.085000,1.218857,-0.059268,-0.037549,1.228892,-0.062953,-0.053936,0.009617,-0.010101,0.000032,0.999903,0.009732,-0.076910,0.136187,0.000054,0.000059,-0.001192,0.000028,-0.000034,0.000019,17,0.234279,0.025139,9.814514,0.001388,-0.001615,-0.001849,9.817343,0.003411,0.156739,0.168533
0.455728,1.276000,0.020000,0.085000,1.255396,-0.053826,0.090406,1.230807,-0.062829,-0.046539,0.008845,-0.009245,-0.000965,0.999918,0.016440,-0.073559,0.145862,0.000057,0.000062,-0.001288,0.000033,-0.000035,0.000019,16,0.228466,0.026789,9.810835,-0.000395,0.000808,-0.000581,9.813535,0.003361,0.076838,0.161882
0.488996,1.276000,0.020000,0.085000,1.255316,-0.057933,-0.004660,1.233319,-0.064457,-0.040267,0.008419,-0.008441,-0.001482,0.999928,0.025433,-0.074691,0.148656,0.000059,0.000063,-0.001316,0.000036,-0.000041,0.000020,34,0.244049,0.030464,9.809084,0.000325,0.000619,0.000005,9.812172,0.003392,0.120583,0.156992
0.505618,1.276000,0.020000,0.085000,1.183851,-0.048700,-0.032050,1.229593,-0.064073,-0.037542,0.007721,-0.010062,0.000063,0.999920,0.011812,-0.070610,0.149467,0.000055,0.000064,-0.001322,0.000043,-0.000029,0.000017,17,0.230453,0.022915,9.809197,-0.000284,0.000644,-0.000542,9.811940,0.003272,0.164049,0.155686
0.555455,1.276000,0.020000,0.085000,1.246397,-0.032493,0.086128,1.231509,-0.063116,-0.024917,0.005871,-0.009549,-0.001641,0.999936,0.018294,-0.059012,0.158487,0.000055,0.000066,-0.001435,0.000074,-0.000033,0.000018,50,0.240642,0.026862,9.808816,-0.000382,0.001125,0.000193,9.811811,0.004302,0.060275,0.144809
0.572130,1.276000,0.020000,0.085000,1.205601,-0.060625,0.046903,1.229072,-0.063420,-0.019224,0.005621,-0.010512,0.000611,0.999929,0.009622,-0.057810,0.163684,0.000053,0.000066,-0.001499,0.000075,-0.000021,0.000015,17,0.242501,0.010227,9.802983,0.002064,-0.001254,-0.000431,9.805988,0.004121,0.113612,0.141506
0.605358,1.276000,0.020000,0.085000,1.206570,-0.089921,0.040411,1.226919,-0.067994,-0.011430,0.006520,-0.011283,0.003452,0.999909,0.002125,-0.070037,0.167962,0.000051,0.000064,-0.001553,0.000055,-0.000008,0.000011,33,0.237840,0.016169,9.812250,-0.001104,0.002286,-0.000262,9.815147,0.004394,0.137445,0.139465
0.621935,1.276000,0.020000,0.085000,1.203270,-0.088720,-0.030276,1.224739,-0.071385,-0.009763,0.007289,-0.011952,0.005829,0.999885,-0.004761,-0.079535,0.166596,0.000050,0.000064,-0.001531,0.000040,0.000003,0.000008,17,0.243931,0.027408,9.818441,0.000011,0.000444,-0.000093,9.821510,0.001864,0.174351,0.141275
0.638568,1.276000,0.020000,0.085000,1.224750,-0.073589,0.025269,1.224585,-0.072674,-0.005545,0.007268,-0.011953,0.005806,0.999885,-0.004821,-0.081188,0.169107,0.000050,0.000063,-0.001562,0.000040,0.000002,0.000008,17,0.247269,0.027571,9.815967,0.000317,0.002784,-0.001456,9.819121,0.004397,0.122284,0.139392
0.655230,1.276000,0.020000,0.085000,1.225594,-0.054826,0.010777,1.224592,-0.072017,-0.002081,0.006659,-0.011931,0.004303,0.999897,-0.004589,-0.076269,0.170292,0.000050,0.000064,-0.001576,0.000052,0.000002,0.000010,17,0.233682,0.030355,9.811267,0.001245,-0.001079,-0.000331,9.814097,0.005016,0.116828,0.136722
0.671788,1.276000,0.020000,0.085000,1.270373,-0.051959,-0.024789,1.228516,-0.071242,-0.000505,0.006091,-0.010885,0.001133,0.999922,0.007881,-0.071538,0.168589,0.000052,0.000065,-0.001552,0.000065,-0.000013,0.000014,16,0.242433,0.026207,9.800431,0.002025,-0.000408,-0.001112,9.803467,0.004435,0.131390,0.133757
0.688422,1.276000,0.020000,0.085000,1.238599,-0.057076,-0.027407,1.229547,-0.071040,0.000909,0.005708,-0.010659,0.000349,0.999927,0.011147,-0.068773,0.166729,0.000053,0.000066,-0.001526,0.000073,-0.000016,0.000015,17,0.244021,0.026793,9.804815,-0.001603,-0.000770,-0.000319,9.807890,0.005009,0.141332,0.132353
0.705100,1.276000,0.020000,0.085000,1.207064,-0.087773,0.017082,1.227859,-0.073552,0.004202,0.006081,-0.011093,0.001760,0.999918,0.005824,-0.074746,0.167783,0.000052,0.000065,-0.001538,0.000065,-0.000010,0.000013,17,0.225624,0.009108,9.815729,-0.000113,0.002373,-0.000206,9.818332,0.003293,0.144845,0.132657
0.721700,1.276000,0.020000,0.085000,1.294835,-0.054501,0.053792,1.233201,-0.072834,0.009062,0.005530,-0.009868,-0.001621,0.999935,0.021361,-0.070424,0.170820,0.000053,0.000065,-0.001579,0.000077,-0.000029,0.000017,17,0.235158,0.003521,9.809303,0.000430,0.001978,-0.001629,9.812126,0.003737,0.082940,0.127344
0.738310,1.276000,0.020000,0.085000,1.244090,-0.074391,0.026309,1.234330,-0.073940,0.012395,0.005519,-0.009702,-0.002193,0.999935,0.024323,-0.071535,0.171713,0.000053,0.000065,-0.001591,0.000077,-0.000032,0.000018,16,0.237952,0.037294,9.803459,0.000019,-0.001173,-0.000397,9.806422,0.003552,0.115640,0.125827
0.754920,1.276000,0.020000,0.085000,1.251080,-0.033716,-0.087870,1.236139,-0.071817,0.010695,0.004774,-0.009373,-0.001475,0.999944,0.029487,-0.063172,0.165906,0.000055,0.000066,-0.001503,0.000103,-0.000043,0.000016,17,0.247702,0.024567,9.820405,-0.000166,0.000210,-0.000174,9.823562,0.002921,0.182730,0.124662
0.771590,1.276000,0.020000,0.085000,1.235719,-0.088267,-0.023151,1.236651,-0.074241,0.011776,0.005087,-0.009361,-0.002796,0.999939,0.030643,-0.068829,0.163798,0.000056,0.000067,-0.001471,0.000094,-0.000044,0.000018,17,0.245969,0.013536,9.808023,-0.000219,-0.000459,-0.000123,9.811117,0.003096,0.158244,0.125664
0.788227,1.276000,0.020000,0.085000,1.202569,-0.046356,-0.013155,1.234632,-0.073043,0.013323,0.004618,-0.009868,0.001145,0.999940,0.024897,-0.063213,0.162785,0.000056,0.000067,-0.001450,0.000112,-0.000035,0.000012,17,0.257675,0.014508,9.827507,-0.000542,0.000868,-0.000959,9.830896,0.002829,0.139390,0.124523
0.821432,1.276000,0.020000,0.085000,1.250896,-0.040934,0.098774,1.236524,-0.071861,0.022236,0.003885,-0.009696,0.001616,0.999944,0.029100,-0.055275,0.167912,0.000055,0.000065,-0.001527,0.000146,-0.000041,0.000011,33,0.239232,0.030005,9.813484,-0.000005,-0.001132,-0.000041,9.816449,0.004059,0.067327,0.118051
0.838080,1.276000,0.020000,0.085000,1.193938,-0.076784,0.043694,1.233546,-0.073040,0.025773,0.004002,-0.010361,0.006197,0.999919,0.020621,-0.056948,0.168956,0.000055,0.000065,-0.001546,0.000141,-0.000015,0.000005,17,0.251936,0.011582,9.796915,0.000134,0.000657,0.000978,9.800166,0.002749,0.133445,0.118180
0.854723,1.276000,0.020000,0.085000,1.298148,-0.053920,0.039816,1.238850,-0.072243,0.029020,0.003555,-0.009446,0.000059,0.999949,0.034717,-0.053120,0.169782,0.000055,0.000064,-0.001556,0.000165,-0.000053,0.000013,17,0.251124,0.007034,9.816684,-0.000016,-0.001498,-0.000461,9.819899,0.003799,0.089422,0.114117
0.871326,1.276000,0.020000,0.085000,1.181543,-0.055899,-0.051736,1.235120,-0.071818,0.028250,0.003395,-0.010210,0.006572,0.999921,0.024443,-0.050266,0.165303,0.000057,0.000065,-0.001482,0.000181,-0.000024,0.000003,17,0.244144,0.021464,9.798587,-0.001249,-0.000221,-0.000245,9.801658,0.003344,0.182700,0.115423
0.887925,1.276000,0.020000,0.085000,1.239426,-0.071174,0.021950,1.235828,-0.072489,0.030472,0.003362,-0.010120,0.006092,0.999925,0.025929,-0.050445,0.164898,0.000057,0.000066,-0.001473,0.000182,-0.000026,0.000004,16,0.241227,0.038049,9.806872,-0.000916,0.004063,-0.000164,9.809916,0.004819,0.116729,0.114636
0.904506,1.276000,0.020000,0.085000,1.184535,-0.075170,-0.007688,1.232507,-0.073510,0.031382,0.003475,-0.010755,0.011237,0.999873,0.016770,-0.051300,0.162713,0.000058,0.000067,-0.001437,0.000178,0.000003,-0.000003,17,0.229185,0.045986,9.795352,-0.000288,0.000218,0.000289,9.798143,0.002098,0.161289,0.116235
0.939922,1.276000,0.020000,0.085000,1.184747,-0.091041,0.033369,1.229290,-0.076723,0.036913,0.003807,-0.011414,0.016515,0.999791,0.008074,-0.056110,0.162584,0.000059,0.000068,-0.001434,0.000152,0.000045,-0.000010,36,0.245979,0.036507,9.803224,0.000134,-0.000699,-0.000752,9.806386,0.004440,0.152718,0.117684
0.956511,1.276000,0.020000,0.085000,1.286553,-0.101585,-0.002303,1.233858,-0.079745,0.037751,0.004168,-0.010693,0.013726,0.999840,0.019854,-0.062697,0.160375,0.000058,0.000070,-0.001388,0.000113,-0.000008,-0.000007,17,0.240598,0.032019,9.805974,-0.001639,-0.001647,-0.002049,9.808981,0.004362,0.150054,0.118142
0.973152,1.276000,0.020000,0.085000,1.229671,-0.059870,0.037772,1.233850,-0.079012,0.040199,0.003865,-0.010738,0.013631,0.999842,0.019440,-0.059050,0.160419,0.000058,0.000069,-0.001388,0.000145,-0.000004,-0.000007,16,0.236800,0.012768,9.810171,0.001392,0.000658,0.000664,9.813038,0.002649,0.103712,0.116564
0.989719,1.276000,0.020000,0.085000,1.268674,-0.060546,-0.029707,1.236840,-0.078547,0.039696,0.003601,-0.010304,0.010707,0.999883,0.026664,-0.056143,0.156746,0.000058,0.000069,-0.001317,0.000172,-0.000038,-0.000004,17,0.235387,0.028183,9.797938,0.000762,0.000147,-0.001640,9.800808,0.004539,0.140354,0.115315
1.006445,1.276000,0.020000,0.085000,1.211323,-0.057372,-0.069220,1.235576,-0.077951,0.037595,0.003370,-0.010531,0.012481,0.999861,0.023315,-0.053204,0.151665,0.000061,0.000070,-0.001210,0.000200,-0.000022,-0.000006,17,0.240630,0.016178,9.817596,-0.001718,0.001288,0.000236,9.820562,0.003399,0.184265,0.116085
1.022995,1.276000,0.020000,0.085000,1.264396,-0.042289,0.030858,1.238034,-0.075985,0.039730,0.002864,-0.010207,0.009856,0.999895,0.028957,-0.046232,0.151396,0.000060,0.000068,-0.001203,0.000257,-0.000047,-0.000004,17,0.242700,0.031198,9.810936,0.001173,0.001128,-0.000502,9.813994,0.003215,0.083342,0.112712
1.039636,1.276000,0.020000,0.085000,1.222230,-0.056267,0.093503,1.237217,-0.075028,0.044251,0.002604,-0.010413,0.012290,0.999867,0.026560,-0.042111,0.153757,0.000060,0.000065,-0.001255,0.000290,-0.000030,-0.000008,16,0.249124,0.024426,9.795844,-0.000218,-0.002089,-0.000944,9.799046,0.003402,0.093702,0.110431
1.056278,1.276000,0.020000,0.085000,1.255813,-0.062296,-0.033512,1.239063,-0.074851,0.043436,0.002449,-0.010188,0.009880,0.999896,0.030790,-0.040367,0.150421,0.000061,0.000066,-0.001177,0.000310,-0.000052,-0.000005,17,0.247939,0.031071,9.823493,0.000737,0.001124,0.000662,9.826673,0.004092,0.145689,0.109948
1.072903,1.276000,0.020000,0.085000,1.219320,-0.038033,-0.055851,1.238298,-0.072917,0.041788,0.002095,-0.010340,0.012277,0.999869,0.028635,-0.034060,0.146274,0.000064,0.000066,-0.001082,0.000367,-0.000040,-0.000009,17,0.240313,0.034550,9.825130,0.001810,-0.000203,-0.001518,9.828132,0.004012,0.162541,0.109189
1.089544,1.276000,0.020000,0.085000,1.193192,-0.103808,-0.012704,1.235727,-0.075823,0.041900,0.002548,-0.010750,0.017479,0.999786,0.021982,-0.040455,0.143999,0.000067,0.000070,-0.001026,0.000312,-0.000000,-0.000015,17,0.231039,0.018914,9.816910,0.000539,-0.000231,0.000018,9.819655,0.002849,0.178134,0.112523
1.106127,1.276000,0.020000,0.085000,1.227396,-0.055468,-0.020620,1.235611,-0.075086,0.041727,0.002340,-0.010798,0.017489,0.999786,0.021359,-0.037485,0.141087,0.000069,0.000070,-0.000965,0.000345,0.000006,-0.000016,17,0.233594,0.017880,9.795768,0.000216,0.000398,-0.001189,9.798575,0.003410,0.138612,0.112005
1.122754,1.276000,0.020000,0.085000,1.246615,-0.060743,0.031657,1.236703,-0.074620,0.043485,0.002160,-0.010702,0.015825,0.999815,0.023364,-0.035191,0.140533,0.000068,0.000069,-0.000953,0.000372,-0.000005,-0.000014,16,0.228243,0.019113,9.800619,0.000841,-0.000604,0.000634,9.803296,0.002889,0.101136,0.110548
1.139476,1.276000,0.020000,0.085000,1.210933,-0.047535,-0.067951,1.235507,-0.073452,0.041341,0.001934,-0.010871,0.017618,0.999784,0.020142,-0.031273,0.136137,0.000072,0.000070,-0.000845,0.000417,0.000017,-0.000017,17,0.224008,0.023015,9.823993,0.000134,0.001786,-0.000130,9.826578,0.003845,0.179412,0.110811
1.156003,1.276000,0.020000,0.085000,1.214126,-0.043199,-0.052270,1.234566,-0.071994,0.039870,0.001668,-0.011030,0.018644,0.999764,0.017669,-0.026346,0.132568,0.000074,0.000069,-0.000755,0.000469,0.000037,-0.000019,17,0.233371,0.045722,9.824714,0.000497,-0.001302,0.000483,9.827595,0.002957,0.163296,0.110528
1.172638,1.276000,0.020000,0.085000,1.213284,-0.065219,-0.056599,1.233577,-0.072122,0.038289,0.001649,-0.011172,0.020697,0.999722,0.015320,-0.026018,0.128615,0.000077,0.000072,-0.000659,0.000478,0.000056,-0.000022,17,0.240936,0.012358,9.806603,-0.001130,0.000403,0.001222,9.809577,0.002886,0.176765,0.111661
1.222547,1.276000,0.020000,0.085000,1.282843,-0.066193,0.076591,1.237996,-0.072683,0.045947,0.001463,-0.010723,0.014135,0.999842,0.024310,-0.024640,0.130025,0.000072,0.000069,-0.000695,0.000504,-0.000024,-0.000014,50,0.235949,0.017087,9.804335,0.000768,0.000337,-0.001111,9.807199,0.004216,0.086872,0.107515
1.255792,1.276000,0.020000,0.085000,1.248303,-0.058227,0.105609,1.239453,-0.072044,0.052587,0.001205,-0.010645,0.012960,0.999859,0.026226,-0.021609,0.132766,0.000070,0.000065,-0.000764,0.000561,-0.000038,-0.000013,34,0.228470,0.005716,9.813084,-0.001014,0.000455,-0.000777,9.815759,0.003447,0.085506,0.104204
1.272350,1.276000,0.020000,0.085000,1.220281,-0.067864,-0.011826,1.238468,-0.072177,0.051955,0.001206,-0.010807,0.015067,0.999827,0.023744,-0.021197,0.129631,0.000073,0.000067,-0.000685,0.000568,-0.000005,-0.000016,16,0.241401,0.021423,9.782742,-0.000371,-0.000767,-0.000539,9.785763,0.003370,0.142127,0.104868
1.288997,1.276000,0.020000,0.085000,1.221349,-0.041430,-0.064247,1.237750,-0.070280,0.049259,0.000927,-0.010914,0.015934,0.999813,0.022057,-0.015513,0.124729,0.000077,0.000066,-0.000547,0.000653,0.000019,-0.000019,17,0.248245,0.051840,9.802264,0.000977,0.000349,-0.000800,9.805545,0.003625,0.170397,0.104360
1.305652,1.276000,0.020000,0.085000,1.224122,-0.039281,0.049441,1.237091,-0.068070,0.051230,0.000603,-0.011036,0.016711,0.999799,0.020079,-0.009346,0.124410,0.000078,0.000062,-0.000548,0.000750,0.000047,-0.000022,17,0.232715,0.030409,9.785940,0.001231,-0.000665,0.000919,9.788758,0.002978,0.086429,0.102033
1.324353,1.276000,0.020000,0.085000,1.207939,-0.091741,0.006342,1.235315,-0.070235,0.051643,0.000916,-0.011255,0.021719,0.999700,0.015713,-0.013976,0.122818,0.000082,0.000067,-0.000491,0.000670,0.000097,-0.000028,19,0.226256,0.016018,9.820806,-0.001961,0.000866,-0.000388,9.823432,0.003428,0.152661,0.104452
1.341036,1.276000,0.020000,0.085000,1.228310,-0.048393,-0.058783,1.235278,-0.069011,0.049264,0.000723,-0.011283,0.020907,0.999717,0.015455,-0.010781,0.118477,0.000085,0.000067,-0.000360,0.000726,0.000104,-0.000028,17,0.235156,0.013461,9.811267,-0.000039,-0.000706,0.000113,9.814102,0.001916,0.166209,0.104203
1.357548,1.276000,0.020000,0.085000,1.194387,-0.048011,0.038488,1.232622,-0.067661,0.050649,0.000564,-0.011595,0.024542,0.999631,0.009638,-0.006871,0.118239,0.000089,0.000065,-0.000348,0.000791,0.000182,-0.000034,16,0.246278,0.027849,9.817425,0.000539,-0.000060,-0.000500,9.820553,0.003461,0.115973,0.103664
1.374213,1.276000,0.020000,0.085000,1.271235,-0.088731,0.115134,1.235346,-0.069149,0.054982,0.000705,-0.011325,0.021694,0.999700,0.015159,-0.009658,0.120938,0.000084,0.000066,-0.000418,0.000732,0.000111,-0.000029,17,0.238057,0.026761,9.822083,0.000822,0.000625,-0.002056,9.825005,0.004061,0.112930,0.102476
1.390828,1.276000,0.020000,0.085000,1.226719,-0.087186,0.048755,1.234977,-0.070645,0.056639,0.000891,-0.011376,0.023659,0.999655,0.014037,-0.012614,0.121047,0.000085,0.000068,-0.000407,0.000674,0.000126,-0.000031,17,0.231344,0.018283,9.829904,-0.000572,0.001464,0.000725,9.832648,0.003525,0.123414,0.103459
1.407472,1.276000,0.020000,0.085000,1.228178,-0.013998,-0.032168,1.234936,-0.066915,0.055224,0.000388,-0.011409,0.020712,0.999720,0.013784,-0.003768,0.117790,0.000087,0.000063,-0.000307,0.000844,0.000139,-0.000030,17,0.245242,0.010044,9.810611,0.002970,-0.000486,-0.007856,9.813699,0.010082,0.131039,0.100633
1.424080,1.276000,0.020000,0.085000,1.230002,-0.075849,0.013855,1.234848,-0.067697,0.055460,0.000486,-0.011413,0.022308,0.999686,0.013096,-0.005230,0.116319,0.000088,0.000066,-0.000256,0.000811,0.000145,-0.000031,16,0.213771,0.020738,9.813047,0.000373,0.002536,0.071628,9.815693,0.105337,0.127924,0.101276
1.440655,1.276000,0.020000,0.085000,1.223785,-0.072608,0.047079,1.234321,-0.068162,0.056941,0.000637,-0.011466,0.022102,0.999690,0.010633,-0.005974,0.115936,0.000090,0.000067,-0.000244,0.000794,0.000166,-0.000033,17,0.172704,0.008834,9.805430,0.009283,0.001955,-0.199169,9.808294,0.226073,0.112874,0.101474
1.457371,1.276000,0.020000,0.085000,1.220249,-0.048357,0.073384,1.233572,-0.066862,0.059375,0.000533,-0.011548,0.022389,0.999683,0.009004,-0.002621,0.117009,0.000091,0.000064,-0.000263,0.000861,0.000198,-0.000034,17,0.246714,0.013874,9.834940,0.009790,0.001540,0.030269,9.838207,0.044631,0.088970,0.100008
1.473954,1.276000,0.020000,0.085000,1.223353,-0.054244,0.004142,1.233159,-0.066158,0.059215,0.000395,-0.011605,0.022260,0.999685,0.008228,-0.002041,0.114986,0.000093,0.000063,-0.000199,0.000896,0.000217,-0.000035,17,0.244896,-0.057128,9.804905,-0.006154,-0.000281,-0.022353,9.808276,0.061245,0.121745,0.099616
1.490564,1.276000,0.020000,0.085000,1.201923,-0.056331,-0.080143,1.231488,-0.065811,0.055920,0.000230,-0.011734,0.024697,0.999626,0.005357,-0.001126,0.110483,0.000098,0.000066,-0.000038,0.000912,0.000272,-0.000039,16,0.267528,0.016870,9.833037,-0.018957,0.005045,0.022908,9.836914,0.081240,0.196433,0.100948
1.507118,1.276000,0.020000,0.085000,1.251236,-0.061021,0.016656,1.232864,-0.065527,0.056237,0.001396,-0.010014,0.020910,0.999730,0.007263,-0.000606,0.111925,0.000097,0.000067,0.000009,0.000921,0.000229,-0.000036,17,0.185368,0.008621,9.986369,0.150656,0.188978,-0.192242,9.989871,0.317709,0.108851,0.100015
1.523816,1.276000,0.020000,0.085000,1.246177,-0.066478,-0.019720,1.233921,-0.065768,0.055313,0.003235,-0.006259,0.019505,0.999785,0.011698,-0.007811,0.113956,0.000096,0.000070,0.000099,0.000906,0.000195,-0.000034,17,0.316220,-0.369815,10.088905,0.233635,0.443640,-0.041419,10.103139,0.536597,0.139047,0.100040
1.540432,1.276000,0.020000,0.086000,1.221878,-0.036380,-0.049327,1.233363,-0.064109,0.053544,0.002969,0.003599,0.019538,0.999798,-0.006062,0.002633,0.126694,0.000099,0.000068,0.000219,0.000992,0.000217,-0.000035,17,-0.915565,0.491494,10.790923,0.014888,1.191618,0.079582,10.853327,1.210442,0.156273,0.099728
1.557116,1.275000,0.020000,0.086000,1.251581,-0.077723,0.167611,1.234215,-0.064697,0.059818,0.008806,0.021580,0.016418,0.999594,-0.013826,0.009277,0.163322,0.000096,0.000067,0.000092,0.000958,0.000181,-0.000033,17,-0.857242,0.634899,11.756905,0.729926,2.134673,-0.268141,11.815311,2.279117,0.129455,0.097583
1.573627,1.276000,0.020000,0.087000,1.216577,-0.061812,0.113264,1.233076,-0.064320,0.064578,0.016712,0.037106,0.016896,0.999029,0.004395,0.006719,0.217778,0.000096,0.000065,0.000032,0.000976,0.000223,-0.000035,16,0.511240,0.102697,13.201300,1.045585,1.960914,-0.089660,13.219065,2.230858,0.104470,0.097237
1.606950,1.277000,0.019000,0.093000,1.266779,-0.046836,0.048815,1.236198,-0.063493,0.072766,0.023727,0.056177,0.011521,0.998072,0.063601,-0.020807,0.335670,0.000093,0.000063,0.000063,0.001044,0.000134,-0.000032,34,0.382840,-0.372366,13.530971,0.461015,1.147044,-0.127976,13.554959,1.266658,0.079945,0.094230
1.623575,1.279000,0.019000,0.098000,1.175308,-0.016719,0.009626,1.233496,-0.060729,0.076455,0.025772,0.060217,0.014194,0.997752,0.093130,-0.017336,0.389384,0.000101,0.000056,0.000137,0.001240,0.000308,-0.000043,17,0.711337,0.374891,13.361777,0.332084,0.523752,-0.127384,13.388140,0.651004,0.140847,0.094295
1.640135,1.281000,0.019000,0.103000,1.184838,0.008273,-0.006189,1.232058,-0.056557,0.079907,0.027641,0.058825,0.015208,0.997770,0.121209,-0.021518,0.422366,0.000108,0.000047,0.000234,0.001523,0.000451,-0.000052,16,0.710200,-0.304338,12.283302,0.312264,-0.143743,0.006678,12.309488,0.387507,0.145892,0.092938
1.656799,1.283000,0.018000,0.108000,1.192481,0.003333,-0.090822,1.231418,-0.053208,0.080730,0.027926,0.056486,0.014857,0.997902,0.134274,-0.023877,0.432016,0.000115,0.000042,0.000439,0.001759,0.000571,-0.000059,17,-0.096379,-0.115304,10.871006,0.102053,-0.272502,-0.156616,10.881914,0.346724,0.218950,0.092060
1.673471,1.286000,0.018000,0.113000,1.187127,-0.007395,-0.016536,1.230727,-0.050731,0.084228,0.029010,0.054554,0.016556,0.997952,0.147017,-0.026021,0.426439,0.000122,0.000036,0.000557,0.001945,0.000702,-0.000069,17,0.034923,-0.014088,9.773059,0.200487,-0.218658,-0.120187,9.785061,0.328380,0.164925,0.092773
1.690087,1.290000,0.015000,0.120000,1.198910,-0.006786,-0.101129,1.231042,-0.048605,0.084596,0.028526,0.050175,0.017541,0.998179,0.162379,-0.033992,0.409598,0.000128,0.000035,0.000783,0.002114,0.000800,-0.000075,17,0.197955,-0.353456,9.266131,-0.017163,-0.511523,-0.031157,9.280731,0.515338,0.240146,0.093675
1.706648,1.293000,0.015000,0.125000,1.233936,0.000224,-0.052446,1.233814,-0.046018,0.086036,0.028118,0.044962,0.012592,0.998514,0.182307,-0.028386,0.392456,0.000130,0.000031,0.000951,0.002312,0.000805,-0.000073,16,0.444006,0.498452,9.077852,-0.034439,-0.653968,-0.114065,9.103240,0.664922,0.187601,0.093512
1.723282,1.298000,0.013000,0.131000,1.233167,-0.029325,-0.107271,1.236580,-0.045583,0.085374,0.027831,0.040021,0.011363,0.998747,0.196635,-0.032915,0.365790,0.000133,0.000035,0.001190,0.002366,0.000811,-0.000074,17,0.203298,0.105099,8.611120,-0.027981,-0.621486,-0.080910,8.625278,0.628234,0.250535,0.096365
1.739929,1.302000,0.012000,0.135000,1.196254,-0.047634,-0.081911,1.237012,-0.046588,0.085274,0.026167,0.034965,0.016720,0.998906,0.193351,-0.051353,0.333571,0.000141,0.000042,0.001395,0.002336,0.000921,-0.000082,17,-0.584160,-0.750020,8.186188,-0.187659,-0.618778,-0.039831,8.242296,0.651102,0.248574,0.100641
1.756565,1.305000,0.010000,0.139000,1.215323,-0.023795,-0.029771,1.238762,-0.046136,0.086536,0.024139,0.030528,0.017716,0.999085,0.202206,-0.053919,0.306948,0.000145,0.000042,0.001537,0.002420,0.000985,-0.000087,17,0.116741,0.032409,8.440153,-0.228892,-0.531552,-0.087241,8.447734,0.586700,0.194082,0.101445
1.773171,1.309000,0.008000,0.142000,1.237571,-0.038471,-0.031432,1.242011,-0.046646,0.087324,0.023267,0.025204,0.017206,0.999263,0.214875,-0.056268,0.278020,0.000147,0.000044,0.001684,0.002442,0.000990,-0.000088,17,0.313765,0.198757,8.333238,-0.109015,-0.639024,-0.049082,8.343872,0.651623,0.193236,0.102289
1.789766,1.315000,0.006000,0.146000,1.257143,-0.009226,0.126646,1.246120,-0.045140,0.092689,0.021536,0.020362,0.015380,0.999442,0.214511,-0.057800,0.249654,0.000145,0.000035,0.001638,0.002616,0.000958,-0.000089,16,-0.453643,-0.025373,7.937096,-0.196227,-0.610154,0.008486,7.951586,0.641854,0.062879,0.101003
1.806385,1.319000,0.004000,0.149000,1.276468,-0.032860,-0.024632,1.251263,-0.045432,0.092421,0.019563,0.015097,0.011574,0.999628,0.217892,-0.062487,0.215873,0.000142,0.000037,0.001784,0.002666,0.000865,-0.000084,17,-0.261405,0.024153,7.948475,-0.248338,-0.663711,-0.072648,7.955241,0.713021,0.182526,0.101158
1.823078,1.323000,0.002000,0.151000,1.292089,-0.042330,0.106393,1.257019,-0.046248,0.096025,0.017315,0.009050,0.007715,0.999779,0.224319,-0.067335,0.187083,0.000136,0.000036,0.001773,0.002695,0.000755,-0.000079,17,-0.020207,0.031029,8.038310,-0.276465,-0.751954,-0.070406,8.039185,0.804871,0.070074,0.098507
1.839659,1.329000,0.000000,0.153000,1.274130,-0.028928,0.025730,1.261624,-0.046367,0.096477,0.014319,0.002396,0.007028,0.999870,0.232150,-0.072791,0.157749,0.000134,0.000035,0.001860,0.002766,0.000699,-0.000080,17,0.270377,-0.188739,8.179431,-0.352808,-0.815923,-0.022855,8.188232,0.891796,0.141581,0.099420
1.856282,1.333000,-0.002000,0.154000,1.276800,-0.058527,0.114483,1.265929,-0.048256,0.099242,0.010581,-0.003709,0.004971,0.999925,0.231146,-0.083848,0.131505,0.000133,0.000037,0.001842,0.002726,0.000668,-0.000077,16,-0.115213,-0.377711,8.124899,-0.484563,-0.777241,-0.051778,8.137509,0.918381,0.088968,0.098166
1.872949,1.339000,-0.005000,0.156000,1.267284,-0.083809,0.176952,1.269331,-0.051662,0.103608,0.007665,-0.009116,0.001965,0.999927,0.219751,-0.093462,0.111332,0.000133,0.000041,0.001753,0.002599,0.000695,-0.000070,17,-0.536789,-0.163057,8.406248,-0.393092,-0.668904,-0.074099,8.427552,0.781076,0.108596,0.098873
1.889525,1.343000,-0.007000,0.156000,1.361245,-0.125696,0.131786,1.277710,-0.057836,0.106003,0.004771,-0.014757,-0.008002,0.999848,0.220064,-0.106319,0.092592,0.000120,0.000054,0.001728,0.002319,0.000420,-0.000048,17,-0.220961,0.051190,8.622522,-0.386568,-0.742953,-0.011752,8.628145,0.837869,0.122507,0.096679
1.906188,1.347000,-0.010000,0.156000,1.309121,-0.054419,0.167199,1.282716,-0.059056,0.109324,0.001404,-0.021230,-0.007368,0.999746,0.216493,-0.102041,0.080604,0.000115,0.000051,0.001655,0.002350,0.000343,-0.000050,17,-0.076710,0.235661,8.965934,-0.400560,-0.807196,-0.038885,8.969599,0.903338,0.059441,0.093367
1.922800,1.353000,-0.013000,0.156000,1.281053,-0.087858,0.098330,1.285979,-0.062549,0.110213,-0.001806,-0.027188,-0.011673,0.999561,0.207269,-0.106005,0.076045,0.000117,0.000057,0.001672,0.002244,0.000358,-0.000042,17,-0.005419,0.033928,9.568552,-0.383761,-0.717553,-0.032643,9.571114,0.816196,0.118768,0.095096
1.939438,1.357000,-0.015000,0.157000,1.302705,-0.133116,0.196827,1.289593,-0.068609,0.114102,-0.006108,-0.032157,-0.020772,0.999248,0.193034,-0.122347,0.077734,0.000114,0.000067,0.001573,0.002000,0.000336,-0.000024,16,-0.220118,-0.480727,9.785088,-0.542337,-0.642645,-0.034961,9.799683,0.842420,0.135962,0.096218
1.956060,1.360000,-0.017000,0.156000,1.319037,-0.089495,0.065315,1.294138,-0.071877,0.113761,-0.010347,-0.037120,-0.023224,0.998987,0.183617,-0.123348,0.079417,0.000111,0.000073,0.001634,0.001904,0.000231,-0.000020,17,-0.060941,-0.078616,10.033305,-0.524689,-0.650239,-0.075036,10.037215,0.840618,0.123115,0.095568
1.972656,1.364000,-0.019000,0.156000,1.330677,-0.050282,0.085635,1.298964,-0.072289,0.114158,-0.013182,-0.041449,-0.018683,0.998879,0.167665,-0.115684,0.079952,0.000106,0.000070,0.001668,0.001966,0.000112,-0.000028,17,-0.497800,0.001590,9.978937,-0.350354,-0.557933,-0.040077,9.999582,0.660755,0.083906,0.093916
1.989340,1.368000,-0.022000,0.157000,1.353445,-0.091075,0.098029,1.304384,-0.075237,0.114943,-0.016570,-0.044134,-0.019174,0.998704,0.152518,-0.115879,0.083707,0.000097,0.000075,0.001689,0.001875,-0.000072,-0.000025,17,-0.387105,-0.209875,10.136560,-0.413821,-0.367895,-0.031470,10.148554,0.557534,0.091982,0.093005
2.005876,1.371000,-0.025000,0.157000,1.288149,-0.077832,0.144758,1.305576,-0.077034,0.117225,-0.020331,-0.046783,-0.020840,0.998481,0.135978,-0.108239,0.093300,0.000100,0.000074,0.001655,0.001891,0.000000,-0.000024,16,0.025833,0.080533,10.413838,-0.467574,-0.334595,-0.072593,10.415454,0.589012,0.099022,0.092574
2.039169,1.376000,-0.028000,0.158000,1.331086,-0.126613,0.026922,1.310739,-0.083679,0.117442,-0.025296,-0.052296,-0.027117,0.997943,0.094841,-0.092011,0.099330,0.000096,0.000088,0.001774,0.001645,-0.000127,-0.000012,34,-0.316784,0.186365,10.188181,-0.299667,-0.360421,-0.037064,10.198446,0.476871,0.170068,0.094890
2.055820,1.379000,-0.030000,0.158000,1.340517,-0.099239,0.193686,1.313558,-0.085734,0.121516,-0.026157,-0.054249,-0.027043,0.997818,0.080637,-0.075733,0.103286,0.000090,0.000089,0.001679,0.001592,-0.000208,-0.000012,17,-0.008959,0.524747,10.005845,-0.108032,-0.253087,-0.046955,10.020752,0.302695,0.086882,0.093381
2.072383,1.380000,-0.032000,0.158000,1.326738,-0.118810,0.104490,1.315256,-0.088981,0.122511,-0.025999,-0.056088,-0.030805,0.997612,0.060349,-0.065328,0.099250,0.000088,0.000098,0.001703,0.001437,-0.000269,-0.000005,16,-0.328711,0.365867,9.718711,0.023246,-0.254474,-0.059230,9.733746,0.281024,0.115048,0.093264
2.088969,1.382000,-0.033000,0.159000,1.317235,-0.119428,0.153020,1.315896,-0.091795,0.125000,-0.024125,-0.057001,-0.034263,0.997494,0.042531,-0.054723,0.098819,0.000087,0.000103,0.001668,0.001318,-0.000271,0.000001,17,-0.030085,0.324742,9.818290,0.245118,-0.124813,-0.012536,9.825534,0.282469,0.108167,0.094777
2.107684,1.383000,-0.034000,0.159000,1.336064,-0.082302,0.155215,1.317586,-0.091968,0.127667,-0.023681,-0.057055,-0.031180,0.997603,0.020521,-0.052029,0.093237,0.000084,0.000101,0.001631,0.001362,-0.000330,-0.000003,19,-0.227302,-0.396463,9.538771,0.045801,-0.010869,0.023029,9.553837,0.110801,0.067457,0.092850
2.140966,1.384000,-0.036000,0.159000,1.350922,-0.113937,0.109560,1.319695,-0.094858,0.129943,-0.026239,-0.055775,-0.031239,0.997610,-0.015472,-0.039940,0.083414,0.000077,0.000108,0.001658,0.001217,-0.000475,-0.000002,34,-0.133272,-0.052898,9.615831,-0.172120,0.061955,-0.059223,9.618293,0.200327,0.098044,0.091889
2.157609,1.384000,-0.037000,0.159000,1.347864,-0.061687,0.035613,1.321458,-0.093338,0.128136,-0.027295,-0.054414,-0.026099,0.997804,-0.029327,-0.027696,0.078490,0.000072,0.000102,0.001782,0.001330,-0.000612,-0.000009,16,-0.090221,0.082819,9.771394,-0.157194,0.161635,0.004540,9.772527,0.233678,0.130919,0.089655
2.174175,1.383000,-0.038000,0.159000,1.334616,-0.096700,0.122090,1.321693,-0.093869,0.129153,-0.026889,-0.052781,-0.025580,0.997916,-0.046036,-0.012499,0.076622,0.000070,0.000104,0.001792,0.001302,-0.000669,-0.000009,17,-0.137046,0.419605,9.820382,0.030261,0.196002,-0.025143,9.832178,0.209892,0.084553,0.088152
2.190850,1.382000,-0.038000,0.159000,1.352664,-0.114186,0.171863,1.322556,-0.095100,0.131783,-0.025851,-0.050814,-0.024660,0.998069,-0.058112,0.001458,0.080437,0.000062,0.000109,0.001737,0.001193,-0.000784,-0.000008,17,0.055903,0.486931,10.036389,0.103684,0.227986,0.015094,10.050963,0.254369,0.082646,0.086803
2.207562,1.381000,-0.038000,0.159000,1.323284,-0.116854,0.085850,1.321652,-0.096526,0.131588,-0.025138,-0.049043,-0.025595,0.998152,-0.075440,0.006400,0.079828,0.000062,0.000116,0.001800,0.001055,-0.000807,-0.000006,17,-0.103788,-0.060365,9.936142,0.071299,0.210204,0.009916,9.937886,0.227274,0.122065,0.087744
2.224136,1.380000,-0.039000,0.159000,1.359131,-0.127850,0.152841,1.322451,-0.098244,0.133624,-0.024524,-0.046723,-0.024572,0.998304,-0.086509,0.011775,0.085190,0.000054,0.000125,0.001774,0.000872,-0.000953,-0.000005,17,0.045998,0.068590,10.145216,0.034314,0.260543,-0.020488,10.146543,0.275057,0.091476,0.086404
2.257322,1.376000,-0.038000,0.160000,1.344606,-0.120877,0.115261,1.320547,-0.099363,0.135851,-0.024741,-0.040067,-0.023183,0.998622,-0.121558,0.015783,0.092504,0.000048,0.000134,0.001804,0.000710,-0.001066,-0.000006,33,-0.278367,-0.280722,10.114712,-0.036959,0.398541,0.011212,10.128288,0.414256,0.099276,0.086160
2.273970,1.374000,-0.038000,0.160000,1.366866,-0.107163,0.153876,1.321393,-0.099499,0.137973,-0.025797,-0.036490,-0.020645,0.998788,-0.126211,0.024660,0.096457,0.000037,0.000136,0.001782,0.000649,-0.001266,-0.000006,17,0.155378,0.182104,10.047241,-0.156322,0.409633,-0.019856,10.051130,0.449381,0.069799,0.083874
2.307159,1.368000,-0.037000,0.161000,1.327977,-0.107033,0.135503,1.317789,-0.098873,0.140968,-0.028276,-0.030659,-0.019781,0.998934,-0.139365,0.055580,0.101796,0.000034,0.000139,0.001791,0.000585,-0.001315,-0.000007,33,0.197268,0.456171,10.024251,-0.166077,0.353090,0.023091,10.039747,0.395922,0.084596,0.082162
2.323856,1.366000,-0.036000,0.162000,1.335686,-0.119260,0.058874,1.316924,-0.099557,0.139823,-0.027089,-0.028451,-0.018074,0.999065,-0.145023,0.066532,0.102445,0.000030,0.000148,0.001910,0.000404,-0.001420,-0.000007,17,0.060924,0.403699,10.055757,0.102498,0.266413,-0.013696,10.064869,0.298844,0.135964,0.083305
2.340498,1.363000,-0.036000,0.162000,1.329137,-0.121403,0.192526,1.315300,-0.099849,0.143216,-0.025670,-0.026326,-0.016665,0.999185,-0.155637,0.068391,0.104685,0.000026,0.000155,0.001840,0.000277,-0.001469,-0.000008,17,-0.181060,-0.192858,9.875726,0.152632,0.256928,0.044432,9.883572,0.309043,0.096810,0.081883
2.357060,1.359000,-0.035000,0.163000,1.328409,-0.130234,0.153871,1.313634,-0.100762,0.145266,-0.025121,-0.023351,-0.014955,0.999300,-0.163976,0.071840,0.107810,0.000021,0.000165,0.001829,0.000082,-0.001528,-0.000009,17,-0.105656,-0.000682,10.006196,0.030201,0.357207,0.004510,10.008059,0.363692,0.100442,0.081836
2.392337,1.352000,-0.031000,0.164000,1.333521,-0.126278,0.176110,1.309336,-0.099855,0.149966,-0.018441,-0.018275,-0.012001,0.999591,-0.177288,0.090365,0.107115,0.000014,0.000174,0.001793,-0.000100,-0.001638,-0.000010,35,-0.059920,0.243646,9.792045,0.366404,0.292524,0.022714,9.797413,0.488189,0.097806,0.082208
2.409023,1.349000,-0.030000,0.164000,1.325534,-0.091785,0.153191,1.307625,-0.097893,0.151710,-0.016034,-0.015245,-0.011316,0.999691,-0.180312,0.096497,0.102706,0.000009,0.000171,0.001791,-0.000059,-0.001731,-0.000009,17,-0.011596,0.017726,9.539930,0.306300,0.362923,0.056477,9.543853,0.485106,0.066969,0.080451
2.425651,1.344000,-0.028000,0.165000,1.278229,-0.064151,0.159552,1.302994,-0.093978,0.153579,-0.014153,-0.012219,-0.014678,0.999717,-0.185715,0.110448,0.103104,0.000016,0.000161,0.001778,0.000147,-0.001616,-0.000008,17,0.081850,0.171816,9.836192,0.256442,0.387919,-0.065228,9.840114,0.472366,0.075249,0.078517
2.442318,1.341000,-0.026000,0.165000,1.287309,-0.078421,0.125944,1.299133,-0.091217,0.154293,-0.011274,-0.008830,-0.015750,0.999773,-0.191390,0.117915,0.103360,0.000020,0.000157,0.001818,0.000222,-0.001565,-0.000008,17,-0.075732,0.056113,9.895014,0.353396,0.420889,0.000014,9.895991,0.552374,0.084593,0.078235
2.458855,1.337000,-0.024000,0.166000,1.293778,-0.123536,0.172177,1.295964,-0.091713,0.156445,-0.008179,-0.005683,-0.012308,0.999875,-0.194224,0.109875,0.102327,0.000020,0.000168,0.001798,0.000026,-0.001541,-0.000011,16,0.037035,-0.318870,9.704258,0.356690,0.409807,0.092678,9.712788,0.552475,0.108691,0.079751
2.475488,1.333000,-0.023000,0.166000,1.297579,-0.102060,0.096327,1.293226,-0.090939,0.156016,-0.007367,-0.003340,-0.010705,0.999910,-0.189847,0.106432,0.100794,0.000019,0.000172,0.001886,-0.000062,-0.001565,-0.000013,17,0.342893,-0.206216,9.826484,0.097730,0.296713,0.024475,9.835477,0.327293,0.111173,0.079356
2.492183,1.329000,-0.021000,0.167000,1.279679,-0.067013,0.154606,1.289549,-0.087651,0.157589,-0.007713,-0.002010,-0.012944,0.999884,-0.188321,0.116874,0.106535,0.000022,0.000166,0.001887,0.000060,-0.001524,-0.000011,17,0.186156,0.234180,10.163024,-0.025521,0.169129,-0.024435,10.171338,0.191904,0.068581,0.078021
2.508820,1.325000,-0.019000,0.167000,1.330819,-0.051348,0.201640,1.289014,-0.083231,0.160820,-0.007273,0.000637,-0.016047,0.999845,-0.186658,0.127279,0.116416,0.000011,0.000154,0.001829,0.000254,-0.001730,-0.000003,17,-0.233522,0.092064,10.328707,0.079471,0.288437,0.042967,10.333794,0.309809,0.047751,0.073883
2.525441,1.320000,-0.016000,0.168000,1.245472,-0.057244,0.180033,1.283561,-0.079469,0.163361,-0.006453,0.003100,-0.017272,0.999825,-0.192816,0.130808,0.121844,0.000021,0.000148,0.001801,0.000391,-0.001552,-0.000005,17,-0.165822,-0.172814,10.110048,0.112479,0.323564,0.071094,10.113963,0.353896,0.086025,0.073332
2.542029,1.317000,-0.014000,0.169000,1.334756,-0.109142,0.257396,1.283543,-0.079305,0.168364,-0.004905,0.005801,-0.015548,0.999850,-0.183124,0.131392,0.127256,0.000006,0.000154,0.001682,0.000242,-0.001779,-0.000002,16,0.190520,0.207134,9.961106,0.169087,0.308418,0.002249,9.969336,0.356066,0.131077,0.073379
2.558677,1.312000,-0.012000,0.170000,1.297144,-0.065804,0.116497,1.281619,-0.076504,0.168655,-0.002908,0.007957,-0.016599,0.999826,-0.174554,0.136930,0.126805,0.000003,0.000152,0.001755,0.000283,-0.001857,-0.000000,17,0.257114,0.175764,9.886533,0.249654,0.259319,-0.013430,9.891778,0.362848,0.077319,0.071313
2.575309,1.309000,-0.010000,0.171000,1.282993,-0.038260,0.040230,1.279150,-0.072128,0.166479,-0.000651,0.010193,-0.018776,0.999772,-0.169720,0.142728,0.124184,0.000005,0.000144,0.001926,0.000429,-0.001886,0.000002,17,0.046556,0.038057,9.906903,0.295428,0.276447,0.041513,9.909235,0.411967,0.136293,0.069075
2.593976,1.304000,-0.007000,0.172000,1.262957,-0.060453,0.216376,1.275346,-0.068820,0.170379,0.000409,0.012157,-0.018973,0.999746,-0.162610,0.143550,0.131086,0.000008,0.000141,0.001860,0.000488,-0.001826,0.000001,19,0.229970,-0.029409,10.107486,0.118967,0.222255,0.051662,10.111759,0.274005,0.080690,0.068157
2.610595,1.301000,-0.005000,0.173000,1.283641,-0.068030,0.198786,1.273430,-0.066609,0.173334,0.000001,0.013661,-0.019605,0.999714,-0.158177,0.142507,0.137835,0.000005,0.000141,0.001826,0.000483,-0.001871,0.000003,16,-0.047738,-0.063144,10.186884,-0.054744,0.182687,-0.044719,10.187974,0.212698,0.070278,0.067497
2.627204,1.298000,-0.003000,0.174000,1.252840,-0.062668,0.096408,1.269928,-0.064408,0.173014,0.000509,0.015021,-0.018872,0.999709,-0.157789,0.141121,0.141727,0.000010,0.000141,0.001929,0.000481,-0.001799,0.000000,17,-0.146778,-0.063357,10.207782,0.062252,0.184191,0.004435,10.209993,0.204352,0.107797,0.067528
2.643908,1.293000,0.000000,0.175000,1.257508,-0.004240,0.172768,1.267019,-0.058410,0.175257,0.000845,0.015865,-0.023064,0.999608,-0.153217,0.146435,0.144997,0.000015,0.000126,0.001926,0.000747,-0.001753,0.000003,17,-0.021342,-0.170567,10.028369,0.070089,0.111231,0.069383,10.030945,0.172917,0.035814,0.063928
2.660461,1.290000,0.001000,0.176000,1.238644,-0.029395,0.083698,1.263216,-0.054519,0.174650,0.001848,0.016773,-0.024186,0.999565,-0.146944,0.148051,0.146477,0.000024,0.000120,0.002043,0.000862,-0.001647,0.000001,17,0.193168,-0.042212,10.091140,0.133565,0.128402,-0.016136,10.093806,0.189791,0.109913,0.061657
2.677092,1.287000,0.003000,0.177000,1.242506,-0.028462,0.079218,1.259916,-0.050714,0.174005,0.002451,0.017742,-0.025258,0.999520,-0.140839,0.153993,0.150796,0.000030,0.000116,0.002166,0.000958,-0.001572,-0.000001,17,0.097887,0.253324,10.262548,0.081371,0.127746,-0.011952,10.269204,0.171549,0.111942,0.060230
2.693682,1.283000,0.006000,0.179000,1.183880,-0.002439,-0.006670,1.253723,-0.045777,0.170635,0.003086,0.019556,-0.025322,0.999483,-0.146113,0.163302,0.150579,0.000053,0.000105,0.002391,0.001169,-0.001272,-0.000010,16,-0.268680,0.341732,10.154858,0.103150,0.276358,0.013216,10.165572,0.305530,0.210640,0.060066
2.710306,1.280000,0.008000,0.181000,1.197428,-0.010409,0.115244,1.248518,-0.041282,0.171251,0.003879,0.021695,-0.025841,0.999423,-0.146342,0.165123,0.149969,0.000069,0.000097,0.002457,0.001331,-0.001050,-0.000016,17,-0.095587,-0.044824,9.890659,0.116859,0.304350,-0.016423,9.892658,0.334070,0.107149,0.059286
2.726959,1.277000,0.010000,0.182000,1.166695,-0.046835,0.041640,1.241669,-0.039694,0.169535,0.005537,0.021813,-0.020249,0.999542,-0.146945,0.156711,0.145897,0.000089,0.000098,0.002618,0.001345,-0.000745,-0.000031,17,0.106978,-0.242922,9.828184,0.215201,0.069685,0.013301,9.832275,0.277192,0.187345,0.062234
2.743638,1.274000,0.013000,0.184000,1.204051,0.017126,0.041643,1.237620,-0.033791,0.167885,0.007341,0.021668,-0.023799,0.999455,-0.141113,0.165316,0.146592,0.000102,0.000087,0.002775,0.001553,-0.000587,-0.000030,17,0.064726,0.259663,10.104080,0.241984,0.015147,0.019170,10.109769,0.247739,0.158668,0.061421
2.762300,1.271000,0.014000,0.185000,1.133475,-0.022928,0.018226,1.229294,-0.030838,0.165873,0.009852,0.021820,-0.019113,0.999531,-0.145351,0.164987,0.145965,0.000130,0.000083,0.002959,0.001657,-0.000194,-0.000047,19,-0.065696,0.184141,10.035581,0.292225,0.065735,-0.053875,10.040628,0.309331,0.219295,0.064154
2.778857,1.268000,0.017000,0.187000,1.209008,-0.053390,0.068165,1.225848,-0.030199,0.165035,0.010936,0.021454,-0.014327,0.999607,-0.140615,0.155380,0.142583,0.000133,0.000090,0.003086,0.001581,-0.000141,-0.000055,16,0.051481,-0.136539,9.807937,0.136449,-0.042438,0.047209,9.810177,0.193423,0.150189,0.066985
2.795500,1.265000,0.018000,0.189000,1.135970,0.026788,-0.042203,1.219061,-0.024708,0.160811,0.010811,0.020728,-0.015580,0.999605,-0.142310,0.156637,0.137401,0.000159,0.000078,0.003336,0.001811,0.000222,-0.000061,17,0.008587,-0.056315,9.894510,0.016878,-0.033777,0.000269,9.896524,0.089607,0.264917,0.068768
2.812236,1.262000,0.021000,0.191000,1.208145,0.006802,0.089677,1.216456,-0.020382,0.160779,0.011068,0.021172,-0.018941,0.999535,-0.140873,0.154167,0.136784,0.000163,0.000073,0.003425,0.001901,0.000273,-0.000057,17,-0.298867,-0.151360,9.910284,0.038774,0.065711,-0.077552,9.917260,0.116803,0.115621,0.068556
2.828793,1.260000,0.022000,0.193000,1.154758,-0.013335,0.031961,1.210851,-0.018051,0.158978,0.012358,0.020930,-0.015564,0.999583,-0.143368,0.146346,0.136932,0.000179,0.000071,0.003583,0.001963,0.000493,-0.000067,17,-0.187062,-0.219784,10.069366,0.170084,0.002271,0.029565,10.074626,0.180221,0.195596,0.071953
2.845370,1.258000,0.023000,0.194000,1.184385,0.044337,-0.002352,1.207662,-0.012094,0.156122,0.013656,0.021075,-0.020081,0.999483,-0.139105,0.145218,0.138888,0.000189,0.000060,0.003778,0.002150,0.000626,-0.000061,16,-0.041849,-0.228537,10.267636,0.182042,0.052088,0.071422,10.271079,0.217729,0.210781,0.072113
2.862004,1.255000,0.026000,0.197000,1.151557,-0.033838,0.109079,1.202321,-0.011733,0.156881,0.013183,0.020726,-0.014782,0.999589,-0.138189,0.141776,0.145225,0.000201,0.000063,0.003836,0.002134,0.000799,-0.000074,17,0.001282,0.261451,10.308560,-0.045597,-0.031669,-0.061437,10.314395,0.201807,0.148362,0.076213
2.878651,1.253000,0.027000,0.199000,1.202282,0.043792,-0.092489,1.200548,-0.006182,0.151570,0.015366,0.021024,-0.019750,0.999466,-0.132469,0.146677,0.148130,0.000203,0.000057,0.004140,0.002250,0.000844,-0.000067,17,-0.140174,0.284268,10.462421,0.281337,0.057262,-0.007604,10.478927,0.313881,0.296344,0.078114
2.895330,1.251000,0.028000,0.202000,1.117334,0.022334,0.023374,1.194088,-0.002693,0.150083,0.016196,0.021652,-0.017283,0.999485,-0.132770,0.137781,0.154816,0.000226,0.000049,0.004291,0.002403,0.001148,-0.000077,17,0.031807,-0.355615,10.480123,0.125309,0.118703,0.066347,10.489813,0.199777,0.223172,0.082923
2.911878,1.249000,0.029000,0.204000,1.175928,-0.022931,0.001056,1.191050,-0.002283,0.147892,0.016148,0.020714,-0.013733,0.999561,-0.124469,0.132846,0.157264,0.000226,0.000057,0.004477,0.002349,0.001183,-0.000084,16,0.206947,0.222250,10.280435,0.001216,-0.119307,-0.034602,10.287180,0.175401,0.221862,0.086515
2.928500,1.248000,0.032000,0.206000,1.143601,-0.003008,0.033546,1.186641,-0.000686,0.146872,0.016139,0.019415,-0.010948,0.999621,-0.122546,0.131703,0.160385,0.000237,0.000058,0.004616,0.002377,0.001337,-0.000091,17,-0.011338,0.297535,10.231164,0.019018,-0.145274,-0.005556,10.237219,0.201433,0.204609,0.091266
2.945134,1.246000,0.032000,0.210000,1.156003,0.009627,0.057886,1.183198,0.001701,0.146724,0.015255,0.019302,-0.009953,0.999648,-0.122296,0.126320,0.165231,0.000244,0.000057,0.004724,0.002419,0.001443,-0.000093,17,-0.204305,-0.053173,10.289382,-0.100577,-0.000800,0.031370,10.292638,0.120684,0.178153,0.094159
2.961760,1.244000,0.033000,0.212000,1.157141,0.000312,0.006548,1.179950,0.003253,0.145116,0.014989,0.018903,-0.008100,0.999676,-0.116843,0.123869,0.166093,0.000248,0.000059,0.004895,0.002422,0.001506,-0.000097,17,0.078156,0.208295,10.143257,-0.028406,-0.037785,0.005044,10.146143,0.142268,0.225441,0.097267
2.978397,1.242000,0.033000,0.216000,1.167192,-0.027108,0.097316,1.177387,0.003130,0.146344,0.014490,0.017933,-0.004700,0.999723,-0.111233,0.116163,0.169054,0.000247,0.000068,0.004959,0.002335,0.001515,-0.000102,17,0.028282,0.048126,10.093732,-0.061376,-0.122546,-0.025489,10.096100,0.156252,0.152627,0.099594
2.994985,1.241000,0.034000,0.218000,1.191283,-0.009142,0.080492,1.176400,0.004000,0.146943,0.014495,0.017219,-0.004072,0.999738,-0.109485,0.111335,0.170715,0.000240,0.000074,0.005046,0.002276,0.001442,-0.000103,16,-0.341096,0.093660,10.045810,-0.003583,-0.101891,-0.037597,10.052883,0.151110,0.152451,0.100609
3.011597,1.240000,0.034000,0.221000,1.140802,-0.013024,0.096154,1.172858,0.004478,0.148072,0.014863,0.016590,-0.001374,0.999751,-0.110896,0.107649,0.171017,0.000247,0.000079,0.005109,0.002236,0.001546,-0.000106,17,-0.235409,0.170817,9.929548,0.044058,-0.066028,0.008105,9.937726,0.164437,0.166247,0.103432
3.028292,1.238000,0.035000,0.225000,1.171220,-0.037104,0.169155,1.170975,0.003586,0.151388,0.013823,0.016547,0.002188,0.999765,-0.106529,0.096485,0.171078,0.000245,0.000091,0.005091,0.002105,0.001516,-0.000110,17,-0.067268,-0.120785,9.797186,-0.137876,-0.012421,0.029307,9.799953,0.149819,0.113037,0.104392
3.044870,1.237000,0.035000,0.228000,1.251652,-0.021473,0.186245,1.173425,0.003682,0.155131,0.012633,0.016545,0.002144,0.999781,-0.094658,0.087379,0.173477,0.000220,0.000099,0.005062,0.001988,0.001201,-0.000111,17,-0.084202,-0.117496,9.910574,-0.157349,-0.045906,-0.034805,9.911936,0.175825,0.071745,0.101649
3.061497,1.237000,0.036000,0.230000,1.161037,-0.030208,0.263575,1.171313,0.003107,0.161094,0.011457,0.016863,0.003855,0.999785,-0.093878,0.080800,0.180757,0.000223,0.000107,0.004938,0.001883,0.001229,-0.000110,16,-0.223686,0.023095,10.073227,-0.159448,0.041617,-0.030195,10.077138,0.200666,0.106212,0.100721
3.078070,1.236000,0.036000,0.234000,1.154065,0.002773,0.125398,1.169064,0.004239,0.162850,0.011011,0.016861,0.004061,0.999789,-0.090493,0.079708,0.184881,0.000226,0.000108,0.004983,0.001875,0.001284,-0.000110,17,-0.035681,0.179199,10.136211,-0.057764,0.003742,-0.014476,10.138870,0.125629,0.140042,0.102720
3.094760,1.235000,0.035000,0.238000,1.199310,-0.051177,0.182156,1.169205,0.002246,0.166316,0.009900,0.016038,0.006481,0.999801,-0.083297,0.065629,0.189472,0.000215,0.000126,0.004971,0.001663,0.001143,-0.000110,17,-0.095909,-0.297689,10.084368,-0.164242,-0.117717,0.001346,10.090179,0.243499,0.108714,0.102666
3.111398,1.234000,0.036000,0.240000,1.180337,0.021143,0.243413,1.168420,0.004435,0.171736,0.008335,0.016912,0.005281,0.999808,-0.083378,0.066304,0.199118,0.000213,0.000118,0.004882,0.001746,0.001108,-0.000111,17,-0.392489,0.094144,10.252014,-0.182264,0.101310,-0.046998,10.261662,0.223846,0.055786,0.099785
3.128004,1.233000,0.036000,0.245000,1.229609,-0.009927,0.118246,1.170295,0.004600,0.173322,0.009935,0.017119,0.005888,0.999787,-0.071059,0.064270,0.202897,0.000193,0.000124,0.004956,0.001669,0.000863,-0.000114,17,0.021458,0.174352,10.157184,0.181198,-0.010091,0.024099,10.161287,0.201326,0.134861,0.100278
3.144629,1.232000,0.036000,0.248000,1.143674,-0.009668,0.156540,1.167897,0.004681,0.175999,0.008776,0.017510,0.007002,0.999784,-0.070540,0.054611,0.210854,0.000200,0.000130,0.004979,0.001600,0.000955,-0.000111,16,-0.178569,-0.303165,10.359284,-0.154964,0.065805,0.093641,10.369288,0.228485,0.135100,0.101362
3.161299,1.231000,0.036000,0.253000,1.164332,0.007763,0.063090,1.166761,0.005554,0.175998,0.006857,0.016878,0.006788,0.999811,-0.062452,0.059389,0.219720,0.000198,0.000132,0.005116,0.001585,0.000956,-0.000111,17,0.140016,0.467367,10.588636,-0.241471,-0.067055,-0.032798,10.601082,0.277396,0.203243,0.104799
3.177897,1.231000,0.036000,0.257000,1.157722,0.028926,0.063567,1.165401,0.007623,0.176169,0.006238,0.015690,0.005894,0.999840,-0.063092,0.062844,0.225477,0.000199,0.000127,0.005251,0.001657,0.000981,-0.000112,17,-0.326023,0.234433,10.372847,-0.067541,-0.142008,-0.073108,10.386013,0.185378,0.206969,0.107899
3.194548,1.231000,0.036000,0.261000,1.230234,0.015710,0.119165,1.167729,0.008952,0.178101,0.006192,0.016445,0.005461,0.999831,-0.056184,0.061065,0.234543,0.000178,0.000124,0.005326,0.001681,0.000730,-0.000119,17,-0.305558,-0.009553,10.471576,0.002298,0.051765,-0.073032,10.477626,0.163163,0.143281,0.107736
3.211111,1.230000,0.036000,0.266000,1.151632,0.012000,0.095733,1.166179,0.009919,0.179302,0.004620,0.016793,0.005403,0.999834,-0.048416,0.064444,0.242616,0.000181,0.000126,0.005426,0.001669,0.000780,-0.000117,16,0.225483,0.334431,10.498172,-0.198698,0.055410,-0.002133,10.507426,0.225771,0.188966,0.110770
3.227727,1.230000,0.035000,0.270000,1.117564,0.017204,0.008599,1.163132,0.011053,0.178049,0.002755,0.015449,0.005219,0.999863,-0.047329,0.064691,0.246092,0.000193,0.000129,0.005627,0.001654,0.000945,-0.000114,17,0.019893,0.107712,10.356762,-0.237306,-0.138016,0.004961,10.361733,0.281233,0.285113,0.116189
3.244439,1.230000,0.035000,0.274000,1.163530,-0.011671,0.179472,1.162423,0.010805,0.182009,0.001346,0.013470,0.005544,0.999893,-0.046827,0.065464,0.253172,0.000192,0.000138,0.005632,0.001546,0.000939,-0.000110,17,-0.277673,0.241231,10.254321,-0.188146,-0.241020,0.038882,10.263037,0.312731,0.124627,0.116681
3.261045,1.230000,0.035000,0.280000,1.220604,-0.001298,0.085807,1.164706,0.011068,0.183135,0.001622,0.011559,0.005731,0.999915,-0.040004,0.071100,0.254395,0.000172,0.000145,0.005753,0.001472,0.000712,-0.000113,17,-0.192405,0.480358,10.078203,0.018050,-0.265655,-0.027772,10.093418,0.294263,0.197780,0.119243
3.277674,1.230000,0.034000,0.281000,1.100860,-0.002146,0.115366,1.160885,0.011322,0.185239,0.001697,0.010072,0.005319,0.999934,-0.047491,0.064634,0.253483,0.000189,0.000154,0.005835,0.001374,0.000939,-0.000103,17,-0.301847,-0.212786,9.882144,-0.002905,-0.145011,0.057833,9.892203,0.193747,0.213116,0.120255
3.294189,1.230000,0.035000,0.289000,1.126650,0.002768,0.197318,1.158444,0.011840,0.189524,-0.000711,0.008934,0.004568,0.999949,-0.048445,0.067106,0.255999,0.000199,0.000158,0.005824,0.001323,0.001064,-0.000098,16,-0.037224,0.237440,9.954875,-0.311037,-0.121266,-0.033785,9.960680,0.354227,0.141865,0.124708
3.310843,1.230000,0.034000,0.294000,1.173916,-0.038464,0.213765,1.158475,0.010185,0.194233,-0.000950,0.008060,0.003745,0.999960,-0.046935,0.067495,0.256313,0.000194,0.000178,0.005806,0.001094,0.001007,-0.000092,17,-0.159993,0.366583,9.807500,-0.065440,-0.111991,-0.065086,9.819586,0.174880,0.121796,0.125045
3.327537,1.230000,0.034000,0.299000,1.183361,-0.032187,0.178399,1.159007,0.008852,0.197768,-0.000848,0.007286,0.004025,0.999965,-0.044644,0.061985,0.253662,0.000185,0.000195,0.005833,0.000893,0.000912,-0.000088,17,-0.166260,-0.050350,9.691006,-0.017779,-0.108664,0.061021,9.694930,0.141542,0.145260,0.126176
3.344109,1.230000,0.034000,0.303000,1.153089,-0.009548,0.248069,1.157954,0.008879,0.203338,-0.000497,0.006524,0.003676,0.999972,-0.044075,0.063291,0.254328,0.000188,0.000202,0.005781,0.000810,0.000939,-0.000083,17,-0.057641,0.182662,9.769311,0.028683,-0.088252,0.016249,9.777032,0.131717,0.104063,0.125516
3.360757,1.230000,0.034000,0.309000,1.212219,0.003921,0.221885,1.160078,0.009627,0.207775,-0.002068,0.005870,0.004683,0.999970,-0.037388,0.065314,0.257111,0.000172,0.000203,0.005767,0.000809,0.000738,-0.000091,16,-0.032173,0.115675,9.966648,-0.198011,-0.113297,-0.015945,9.969005,0.246909,0.093862,0.125418
3.377330,1.230000,0.034000,0.313000,1.166223,-0.029860,0.206343,1.159779,0.008385,0.211727,-0.002474,0.004868,0.003517,0.999979,-0.039221,0.059875,0.262098,0.000169,0.000219,0.005777,0.000612,0.000709,-0.000083,17,-0.255073,-0.076101,10.129590,-0.079406,-0.123037,-0.008315,10.133644,0.157423,0.139719,0.125870
3.394081,1.229000,0.033000,0.318000,1.197551,-0.062728,0.269579,1.160949,0.005406,0.217594,-0.002633,0.005346,0.002391,0.999979,-0.036135,0.049296,0.269613,0.000158,0.000247,0.005721,0.000292,0.000586,-0.000074,17,-0.126760,-0.202986,10.183030,-0.070602,0.041219,0.020668,10.187785,0.155140,0.111792,0.124393
3.410616,1.229000,0.034000,0.324000,1.197567,-0.000796,0.245338,1.162282,0.005906,0.222742,-0.003664,0.004194,0.003206,0.999979,-0.031526,0.050128,0.278636,0.000148,0.000248,0.005697,0.000283,0.000453,-0.000079,17,-0.033457,0.013833,10.321679,-0.126328,-0.160303,-0.009738,10.323223,0.227546,0.091578,0.124474
3.427240,1.229000,0.034000,0.329000,1.155533,-0.052825,0.213870,1.161361,0.003344,0.226766,-0.003747,0.005072,-0.001022,0.999980,-0.034640,0.055325,0.288289,0.000149,0.000273,0.005716,-0.000019,0.000482,-0.000064,16,-0.229991,0.719949,10.463215,-0.060766,0.116168,-0.185911,10.495337,0.353310,0.161836,0.126359
3.443846,1.229000,0.034000,0.335000,1.130114,0.027500,0.200535,1.159272,0.005484,0.230572,-0.002022,0.005835,-0.000807,0.999981,-0.039099,0.058453,0.298573,0.000157,0.000265,0.005749,0.000070,0.000586,-0.000063,17,-0.219249,0.036758,10.513807,0.238722,0.120854,0.031231,10.523442,0.297722,0.167038,0.128765
3.460512,1.229000,0.034000,0.340000,1.182116,-0.000164,0.147515,1.159934,0.005889,0.232855,-0.003409,0.006198,-0.000001,0.999975,-0.034447,0.056088,0.309816,0.000148,0.000269,0.005851,0.000027,0.000492,-0.000066,17,-0.000879,-0.150695,10.669447,-0.172373,0.031923,0.059751,10.680776,0.202556,0.201037,0.130538
3.477111,1.229000,0.034000,0.346000,1.144235,-0.009546,0.189622,1.158622,0.005863,0.236584,-0.003019,0.006003,-0.002457,0.999974,-0.033847,0.065456,0.320119,0.000152,0.000277,0.005907,-0.000072,0.000542,-0.000059,17,0.002640,0.648193,10.547970,0.025780,-0.014698,-0.138792,10.570077,0.225302,0.183127,0.133103
3.493782,1.229000,0.035000,0.353000,1.175646,0.007954,0.181120,1.159017,0.006984,0.240144,-0.001315,0.006481,-0.001749,0.999977,-0.033060,0.070038,0.326019,0.000145,0.000278,0.005977,-0.000075,0.000472,-0.000062,17,-0.196878,0.244360,10.281121,0.206665,0.047289,0.024005,10.290266,0.277761,0.181992,0.135716
3.510343,1.229000,0.035000,0.358000,1.159662,-0.005573,0.193361,1.158583,0.007230,0.243758,-0.002115,0.005823,-0.001872,0.999979,-0.031912,0.072689,0.328791,0.000144,0.000284,0.006038,-0.000153,0.000463,-0.000060,16,-0.065773,0.254507,10.089580,-0.114584,-0.084070,0.072273,10.097915,0.198176,0.183194,0.137043
3.526996,1.229000,0.035000,0.364000,1.174708,-0.028334,0.239487,1.158840,0.006373,0.248753,-0.000827,0.004676,-0.004035,0.999981,-0.032793,0.075297,0.331766,0.000138,0.000299,0.006052,-0.000321,0.000408,-0.000055,17,-0.252400,0.419710,10.023865,0.130319,-0.148053,-0.114882,10.039822,0.230384,0.149874,0.137927
3.543671,1.229000,0.036000,0.369000,1.188668,-0.029214,0.342253,1.159660,0.005663,0.256792,0.000115,0.005329,-0.004260,0.999977,-0.036364,0.070419,0.340560,0.000131,0.000312,0.005955,-0.000457,0.000320,-0.000053,17,-0.467299,-0.084321,10.184638,0.092455,0.063880,0.051064,10.196954,0.133280,0.081209,0.135348
3.560225,1.229000,0.036000,0.377000,1.150052,-0.021018,0.297584,1.158478,0.005289,0.263507,0.000554,0.004460,-0.005869,0.999973,-0.037878,0.072241,0.351588,0.000135,0.000322,0.005916,-0.000582,0.000358,-0.000045,17,-0.132900,0.317213,10.417499,0.033766,-0.096494,0.010735,10.424018,0.155046,0.125661,0.137103
3.576861,1.229000,0.037000,0.382000,1.218525,-0.031578,0.334414,1.160855,0.004529,0.271002,0.001622,0.005630,-0.006213,0.999964,-0.032977,0.074065,0.360990,0.000118,0.000335,0.005846,-0.000713,0.000167,-0.000049,16,-0.143717,0.378154,10.291970,0.114020,0.117167,-0.079518,10.301836,0.218995,0.084125,0.134234
3.593429,1.229000,0.038000,0.390000,1.196368,-0.027835,0.375473,1.162038,0.004016,0.279702,0.001369,0.006201,-0.006609,0.999958,-0.026220,0.074882,0.368588,0.000110,0.000346,0.005737,-0.000827,0.000064,-0.000048,17,0.108328,0.274611,10.109805,-0.050494,0.057180,-0.000351,10.119468,0.097728,0.074901,0.133433
3.610100,1.229000,0.038000,0.396000,1.180626,-0.029356,0.252732,1.162530,0.003318,0.284741,0.003616,0.006522,-0.008827,0.999933,-0.023393,0.085710,0.376862,0.000104,0.000360,0.005778,-0.000986,-0.000001,-0.000044,17,-0.081622,0.991509,10.387551,0.243066,0.030768,-0.097795,10.437606,0.273495,0.165538,0.134163
3.626752,1.229000,0.039000,0.403000,1.163634,-0.040143,0.317430,1.162022,0.002128,0.291750,0.005640,0.005924,-0.010556,0.999911,-0.026092,0.076365,0.382558,0.000104,0.000377,0.005751,-0.001182,-0.000000,-0.000034,17,-0.284050,-0.125859,10.120506,0.213960,-0.064824,0.097399,10.134051,0.258870,0.133636,0.134990
3.643324,1.229000,0.039000,0.411000,1.161487,0.022930,0.294821,1.161681,0.004403,0.297684,0.006264,0.006060,-0.009698,0.999915,-0.026883,0.070433,0.385556,0.000104,0.000369,0.005753,-0.001095,-0.000001,-0.000038,16,-0.161178,-0.419737,10.012538,0.093808,0.015325,-0.032828,10.023674,0.133926,0.135328,0.136269
3.659935,1.229000,0.040000,0.417000,1.120767,-0.017895,0.200652,1.159149,0.003904,0.300790,0.005216,0.005530,-0.012806,0.999889,-0.031542,0.069020,0.388310,0.000113,0.000380,0.005870,-0.001235,0.000116,-0.000027,17,-0.192794,0.249629,10.170984,-0.149702,-0.037104,-0.022330,10.178341,0.181966,0.248742,0.140310
3.676579,1.228000,0.041000,0.426000,1.129980,-0.011256,0.326501,1.157078,0.004175,0.307714,0.007917,0.004961,-0.015097,0.999842,-0.034571,0.082968,0.395359,0.000121,0.000385,0.005848,-0.001310,0.000210,-0.000019,17,-0.144867,1.107791,10.195217,0.306215,-0.050687,-0.055355,10.258991,0.327840,0.149126,0.142750
3.693224,1.228000,0.041000,0.432000,1.215461,-0.019015,0.350400,1.159438,0.004297,0.315229,0.009757,0.006344,-0.013938,0.999835,-0.033216,0.079188,0.400354,0.000105,0.000394,0.005811,-0.001386,0.000029,-0.000025,17,-0.364446,0.099634,10.055890,0.216621,0.138908,0.033754,10.071753,0.279603,0.102067,0.140297
3.709886,1.228000,0.041000,0.439000,1.168987,-0.041965,0.432760,1.159155,0.002987,0.325173,0.009539,0.006451,-0.016343,0.999800,-0.027920,0.069594,0.408686,0.000104,0.000410,0.005689,-0.001559,0.000014,-0.000019,17,0.166616,-0.065273,10.122206,-0.053823,0.013098,-0.042956,10.124852,0.127656,0.102003,0.138351
3.726459,1.228000,0.042000,0.445000,1.175662,-0.024419,0.363813,1.159476,0.002498,0.332586,0.010129,0.007344,-0.017651,0.999766,-0.027556,0.064770,0.414131,0.000100,0.000420,0.005655,-0.001664,-0.000034,-0.000018,16,-0.204226,0.084386,10.097012,0.052671,0.107078,-0.056197,10.102070,0.155738,0.117226,0.137451
3.743089,1.228000,0.043000,0.454000,1.158493,0.001619,0.453891,1.158862,0.003617,0.342715,0.010495,0.007567,-0.017461,0.999764,-0.029802,0.067327,0.423452,0.000103,0.000419,0.005525,-0.001648,-0.000015,-0.000017,17,-0.270811,0.338188,10.168384,0.043772,0.028137,0.013859,10.179968,0.073161,0.080893,0.136805
3.759751,1.228000,0.043000,0.461000,1.189628,-0.045901,0.459922,1.159724,0.001975,0.352873,0.010730,0.007386,-0.018855,0.999737,-0.027870,0.061260,0.431979,0.000097,0.000436,0.005405,-0.001825,-0.000083,-0.000015,17,-0.187525,0.159836,10.132593,-0.002590,-0.031771,0.005761,10.137026,0.108039,0.096835,0.134299
3.776337,1.227000,0.043000,0.470000,1.238433,-0.031773,0.388371,1.163271,0.001169,0.360780,0.012456,0.008336,-0.018117,0.999724,-0.021357,0.056372,0.440811,0.000075,0.000449,0.005379,-0.001938,-0.000320,-0.000024,17,-0.208581,0.152474,10.303652,0.189610,0.078058,-0.025790,10.308711,0.210259,0.111288,0.133193
3.793038,1.227000,0.044000,0.477000,1.168858,-0.011715,0.341752,1.163211,0.001222,0.367399,0.012881,0.009522,-0.018984,0.999691,-0.019437,0.050584,0.448312,0.000073,0.000455,0.005410,-0.001997,-0.000343,-0.000023,17,-0.098323,0.019127,10.314785,0.036708,0.139485,-0.027198,10.315645,0.151612,0.157406,0.133833
3.809566,1.227000,0.044000,0.484000,1.184735,-0.030687,0.475070,1.163857,0.000280,0.377512,0.012253,0.009875,-0.019129,0.999693,-0.015665,0.046914,0.455015,0.000069,0.000465,0.005299,-0.002109,-0.000384,-0.000022,16,-0.067421,0.236518,10.044675,-0.102487,0.036420,0.094473,10.049403,0.194767,0.086280,0.131294
3.826276,1.228000,0.045000,0.493000,1.132795,0.009876,0.323792,1.162096,0.001433,0.383132,0.012654,0.009421,-0.020338,0.999669,-0.016587,0.053058,0.460039,0.000076,0.000462,0.005366,-0.002093,-0.000301,-0.000018,17,-0.095146,0.588523,10.222360,0.041021,-0.043155,-0.059928,10.242633,0.143838,0.197304,0.135323
3.842832,1.227000,0.046000,0.501000,1.150494,-0.001775,0.386123,1.161215,0.002038,0.390528,0.012948,0.009223,-0.021237,0.999648,-0.018399,0.051552,0.462736,0.000079,0.000464,0.005371,-0.002111,-0.000269,-0.000016,17,-0.238168,0.202589,9.982298,0.032161,-0.018959,-0.037259,9.989472,0.087967,0.146056,0.135884
3.876010,1.227000,0.046000,0.518000,1.171098,-0.034043,0.441600,1.161072,0.001317,0.406660,0.012985,0.008947,-0.022524,0.999622,-0.014732,0.038481,0.465443,0.000076,0.000478,0.005331,-0.002250,-0.000300,-0.000013,33,-0.080088,-0.000541,9.867067,-0.010732,-0.018075,0.022778,9.870321,0.195993,0.123971,0.136893
3.892676,1.227000,0.045000,0.526000,1.207610,-0.037524,0.512181,1.163196,-0.000262,0.417125,0.013003,0.009929,-0.023687,0.999586,-0.007132,0.032071,0.468873,0.000063,0.000492,0.005220,-0.002376,-0.000430,-0.000016,17,0.039927,0.110247,9.842256,-0.028538,0.091810,-0.091877,9.844465,0.174998,0.085891,0.134065
3.909384,1.227000,0.046000,0.533000,1.188473,-0.025077,0.582166,1.164190,-0.001009,0.429664,0.012394,0.010329,-0.023609,0.999591,-0.004151,0.024684,0.476816,0.000059,0.000499,0.005037,-0.002437,-0.000483,-0.000017,17,-0.124872,-0.072056,10.001562,-0.089972,0.040405,0.039647,10.003565,0.126276,0.094624,0.129744
3.925971,1.227000,0.046000,0.543000,1.143157,-0.016745,0.499202,1.162842,-0.001554,0.439457,0.012218,0.010600,-0.025520,0.999543,-0.006039,0.020339,0.482106,0.000066,0.000504,0.004964,-0.002490,-0.000416,-0.000011,17,-0.177567,0.090605,10.015472,-0.033867,0.044920,-0.051285,10.017859,0.142239,0.113512,0.130762
3.942563,1.227000,0.046000,0.550000,1.225181,-0.020881,0.437189,1.166127,-0.002283,0.446678,0.012472,0.010740,-0.024351,0.999568,0.004606,0.021440,0.485285,0.000047,0.000513,0.004980,-0.002556,-0.000600,-0.000020,16,0.056725,0.456163,10.037504,0.020064,-0.015022,0.020570,10.049823,0.150722,0.131159,0.129276
3.959174,1.227000,0.046000,0.558000,1.153673,-0.027188,0.574448,1.165310,-0.003330,0.458196,0.010337,0.010593,-0.026174,0.999548,0.004219,0.016278,0.493062,0.000053,0.000519,0.004840,-0.002625,-0.000551,-0.000014,17,-0.106726,0.076200,10.070467,-0.275891,-0.023345,-0.027706,10.074479,0.319283,0.104900,0.127279
3.975865,1.227000,0.046000,0.568000,1.205630,-0.019834,0.575724,1.167371,-0.003752,0.469620,0.009257,0.012281,-0.026335,0.999535,0.008270,0.022737,0.505152,0.000043,0.000524,0.004715,-0.002659,-0.000651,-0.000019,17,-0.241914,0.652744,10.332086,-0.149328,0.187572,-0.098602,10.361633,0.271812,0.069646,0.125337
3.992453,1.227000,0.046000,0.576000,1.195858,0.009377,0.536560,1.169084,-0.002387,0.479751,0.009760,0.012090,-0.023777,0.999597,0.017865,0.028399,0.512505,0.000037,0.000520,0.004647,-0.002602,-0.000718,-0.000024,17,0.168611,0.451139,10.158315,0.070490,-0.030315,0.104252,10.180797,0.172579,0.062182,0.122309
4.009069,1.227000,0.046000,0.586000,1.189746,-0.029746,0.622402,1.170213,-0.003402,0.491948,0.009829,0.011734,-0.024855,0.999574,0.018485,0.020706,0.521446,0.000033,0.000528,0.004493,-0.002671,-0.000760,-0.000023,16,-0.277632,-0.141666,10.116610,-0.005047,-0.054428,-0.050397,10.121970,0.112434,0.091926,0.120462
4.025631,1.227000,0.046000,0.594000,1.178912,-0.045163,0.631776,1.170666,-0.005367,0.504296,0.010183,0.012479,-0.027201,0.999500,0.019859,0.015521,0.533101,0.000032,0.000540,0.004344,-0.002788,-0.000772,-0.000020,17,-0.195774,0.150103,10.286884,0.014891,0.090479,-0.077376,10.292433,0.131469,0.109773,0.117724
4.042287,1.227000,0.046000,0.602000,1.154733,-0.040931,0.517967,1.170061,-0.007303,0.513073,0.010987,0.012011,-0.029295,0.999438,0.025228,0.007579,0.536591,0.000035,0.000551,0.004340,-0.002906,-0.000736,-0.000014,17,0.193381,-0.002964,10.036865,0.069040,-0.045071,0.032823,10.040162,0.109714,0.140858,0.118284
4.058931,1.228000,0.046000,0.613000,1.213587,0.016730,0.557784,1.172831,-0.005630,0.522994,0.010382,0.011883,-0.026838,0.999515,0.028540,0.005803,0.542671,0.000025,0.000544,0.004299,-0.002819,-0.000840,-0.000022,17,-0.264617,-0.094303,10.118115,-0.052269,-0.042943,-0.014563,10.122749,0.139192,0.064135,0.117517
4.075563,1.228000,0.045000,0.622000,1.162762,-0.018569,0.643369,1.172588,-0.006136,0.535466,0.009602,0.012223,-0.027962,0.999488,0.029670,0.008847,0.550880,0.000030,0.000546,0.004170,-0.002849,-0.000788,-0.000020,17,-0.106833,0.442970,10.088040,-0.103462,0.046525,-0.050537,10.101056,0.158584,0.093561,0.114776
4.092119,1.228000,0.046000,0.629000,1.217786,0.009804,0.700591,1.175299,-0.004688,0.548999,0.011347,0.012877,-0.025606,0.999525,0.036755,0.015389,0.557909,0.000022,0.000540,0.003990,-0.002778,-0.000873,-0.000026,16,-0.044990,0.451812,9.944182,0.233254,0.068541,0.013623,9.957913,0.246175,0.080868,0.108382
4.108783,1.228000,0.046000,0.640000,1.131539,0.010985,0.577704,1.173602,-0.003616,0.558672,0.011967,0.012064,-0.025585,0.999528,0.035165,0.008034,0.554273,0.000035,0.000533,0.003964,-0.002727,-0.000753,-0.000022,17,-0.058853,-0.300470,9.560217,0.095294,-0.070431,0.037967,9.570210,0.167728,0.120048,0.109705
4.125484,1.228000,0.045000,0.646000,1.195445,-0.024986,0.649119,1.175141,-0.004639,0.570128,0.010661,0.012063,-0.026418,0.999521,0.037625,0.001429,0.553585,0.000030,0.000539,0.003873,-0.002780,-0.000800,-0.000023,17,-0.174201,-0.080568,9.619854,-0.170039,-0.012282,-0.056752,9.624792,0.191003,0.077250,0.104951
4.142061,1.229000,0.045000,0.660000,1.163064,-0.006233,0.654777,1.175033,-0.004560,0.581605,0.010848,0.012076,-0.027340,0.999494,0.038991,0.008132,0.558857,0.000036,0.000538,0.003786,-0.002773,-0.000758,-0.000021,17,-0.096485,0.607476,9.974292,0.016187,0.008910,-0.085080,9.996037,0.153354,0.083664,0.107305
4.158696,1.230000,0.044000,0.668000,1.188294,0.008040,0.629758,1.176275,-0.003629,0.591604,0.012003,0.010633,-0.025762,0.999539,0.039606,0.007654,0.560390,0.000034,0.000533,0.003740,-0.002730,-0.000781,-0.000022,16,-0.251597,0.089894,9.828240,0.158553,-0.184283,0.092415,9.837686,0.269909,0.067045,0.104839
4.175240,1.230000,0.046000,0.679000,1.173128,0.010344,0.684066,1.176628,-0.002612,0.603107,0.011368,0.009547,-0.025007,0.999577,0.039397,0.005956,0.562085,0.000037,0.000527,0.003644,-0.002677,-0.000757,-0.000022,17,-0.164965,-0.004256,9.752519,-0.059447,-0.138067,0.018233,9.754264,0.177337,0.067316,0.104745
4.191999,1.231000,0.045000,0.687000,1.186537,-0.009272,0.731433,1.177583,-0.002664,0.615915,0.010621,0.009342,-0.025474,0.999575,0.040649,0.012682,0.567040,0.000037,0.000527,0.003508,-0.002679,-0.000764,-0.000022,17,-0.162064,0.621245,9.873280,-0.094056,-0.031464,-0.065594,9.896937,0.132214,0.083046,0.100888
4.208586,1.231000,0.045000,0.695000,1.184768,0.029988,0.662465,1.178603,-0.000505,0.626360,0.011722,0.008986,-0.024214,0.999598,0.043054,0.020326,0.571142,0.000038,0.000515,0.003464,-0.002585,-0.000762,-0.000023,17,-0.077344,0.469542,9.977388,0.145203,-0.046228,-0.032428,9.990008,0.188447,0.058492,0.097610
4.225197,1.232000,0.045000,0.703000,1.187508,-0.009149,0.640792,1.179724,-0.000699,0.635984,0.012348,0.009043,-0.024061,0.999593,0.043982,0.013244,0.572899,0.000035,0.000518,0.003459,-0.002610,-0.000783,-0.000023,17,-0.153423,-0.127519,9.916498,0.070100,0.005418,0.047277,9.922199,0.123832,0.093710,0.096500
4.241744,1.232000,0.045000,0.714000,1.181795,-0.018170,0.696445,1.180390,-0.001464,0.646624,0.011399,0.009251,-0.024675,0.999588,0.043315,0.004456,0.573277,0.000035,0.000523,0.003401,-0.002649,-0.000789,-0.000023,16,-0.204742,-0.219269,9.741290,-0.130956,0.023263,-0.000734,9.746890,0.190390,0.082578,0.096758
4.258412,1.233000,0.044000,0.723000,1.196404,-0.011535,0.700664,1.181822,-0.001880,0.657223,0.010661,0.008855,-0.025531,0.999578,0.046805,0.005729,0.575520,0.000031,0.000526,0.003352,-0.002671,-0.000821,-0.000024,17,-0.046132,0.334174,9.857295,-0.101024,-0.058931,-0.092473,9.865319,0.166954,0.070159,0.095136
4.275093,1.233000,0.044000,0.731000,1.173156,-0.017889,0.709304,1.182038,-0.002621,0.667945,0.011120,0.007948,-0.025804,0.999574,0.047323,0.005884,0.580882,0.000035,0.000530,0.003304,-0.002708,-0.000797,-0.000023,17,-0.093509,0.319547,10.050071,0.042806,-0.106564,0.049514,10.056671,0.151930,0.088782,0.093524
4.291642,1.234000,0.044000,0.742000,1.181116,0.009874,0.765857,1.182639,-0.001645,0.680271,0.009886,0.006339,-0.024531,0.999630,0.048369,0.010566,0.587062,0.000038,0.000524,0.003202,-0.002663,-0.000778,-0.000022,17,-0.066514,0.408308,10.008973,-0.133385,-0.192863,0.087446,10.022310,0.307160,0.067309,0.092368
4.308258,1.234000,0.044000,0.750000,1.223820,-0.061764,0.769357,1.185214,-0.004666,0.691911,0.009962,0.006051,-0.026867,0.999571,0.047649,0.012714,0.591607,0.000025,0.000544,0.003116,-0.002812,-0.000872,-0.000024,16,-0.405413,0.681720,9.935199,-0.021984,-0.054755,-0.101608,9.972085,0.156135,0.108001,0.090126
4.341548,1.235000,0.043000,0.770000,1.187478,-0.040927,0.809893,1.186630,-0.006206,0.714443,0.010298,0.006188,-0.027616,0.999546,0.048646,0.008513,0.593506,0.000026,0.000556,0.003001,-0.002900,-0.000868,-0.000024,34,-0.082450,0.196746,9.773130,0.013444,0.007531,0.025621,9.778751,0.135972,0.104372,0.088586
4.358158,1.236000,0.043000,0.778000,1.162061,-0.019487,0.846925,1.185880,-0.006661,0.728089,0.009969,0.005597,-0.028848,0.999518,0.046197,0.006700,0.596749,0.000038,0.000557,0.002854,-0.002918,-0.000794,-0.000023,17,-0.098046,0.143819,9.764246,-0.044102,-0.056146,-0.063230,9.767370,0.133364,0.118837,0.086426
4.374774,1.236000,0.043000,0.789000,1.174785,-0.010651,0.820964,1.185826,-0.006682,0.740079,0.010348,0.005333,-0.029305,0.999503,0.041079,0.004293,0.597461,0.000044,0.000557,0.002755,-0.002917,-0.000755,-0.000022,16,-0.340478,0.025397,9.681907,0.043863,-0.025682,-0.032393,9.689891,0.135127,0.087449,0.085901
4.391359,1.237000,0.043000,0.798000,1.156842,-0.004857,0.770063,1.184877,-0.006547,0.750245,0.009802,0.005066,-0.029444,0.999506,0.036100,-0.004035,0.597111,0.000054,0.000555,0.002729,-0.002908,-0.000684,-0.000020,17,-0.221002,-0.347071,9.744901,-0.058723,-0.022632,0.025727,9.754506,0.132733,0.097447,0.086326
4.408065,1.237000,0.042000,0.806000,1.183132,-0.038201,0.859514,1.185168,-0.008253,0.763053,0.009136,0.003801,-0.030220,0.999494,0.037866,-0.004914,0.605780,0.000057,0.000565,0.002614,-0.002977,-0.000671,-0.000022,17,0.027448,0.309360,10.140387,-0.089937,-0.149477,0.001493,10.149524,0.212417,0.110443,0.084003
4.424695,1.238000,0.042000,0.818000,1.138990,0.011583,0.809791,1.183274,-0.007142,0.774229,0.008025,0.004328,-0.030646,0.999489,0.030703,-0.001355,0.612904,0.000074,0.000556,0.002567,-0.002918,-0.000558,-0.000018,17,-0.267143,0.237673,10.161366,-0.132513,0.077943,-0.042373,10.169488,0.180353,0.103901,0.085591
4.441304,1.238000,0.043000,0.826000,1.208449,-0.008649,0.959730,1.184816,-0.006933,0.789908,0.007497,0.004789,-0.030446,0.999497,0.035961,0.002234,0.622795,0.000072,0.000551,0.002362,-0.002899,-0.000591,-0.000017,17,0.120563,0.347985,10.068855,-0.065439,0.045645,-0.021578,10.076270,0.096090,0.146371,0.081390
4.474520,1.239000,0.043000,0.846000,1.202683,-0.001943,0.910798,1.186789,-0.006481,0.813548,0.007340,0.004348,-0.030645,0.999494,0.040412,-0.001871,0.627737,0.000069,0.000546,0.002239,-0.002872,-0.000615,-0.000016,33,0.006484,-0.006562,9.861097,-0.008659,-0.030290,-0.034079,9.862954,0.150658,0.086819,0.078915
4.491210,1.239000,0.042000,0.854000,1.159956,-0.026400,0.903754,1.185763,-0.007561,0.826360,0.008299,0.004187,-0.031717,0.999454,0.032553,-0.004639,0.629933,0.000081,0.000552,0.002141,-0.002913,-0.000544,-0.000017,17,-0.389311,0.065817,9.783977,0.099364,-0.006105,-0.055394,9.792214,0.163739,0.115767,0.077811
4.507783,1.240000,0.042000,0.866000,1.187564,-0.006839,0.913231,1.186242,-0.007472,0.839180,0.008213,0.004540,-0.031319,0.999465,0.033212,-0.005212,0.632744,0.000083,0.000549,0.002048,-0.002901,-0.000537,-0.000017,17,-0.045793,0.108842,9.823169,-0.013103,0.045277,0.037181,9.825693,0.125002,0.085823,0.077825
4.524417,1.240000,0.043000,0.874000,1.166446,0.025351,0.831974,1.185736,-0.005656,0.848666,0.007392,0.004915,-0.031137,0.999476,0.033427,0.001442,0.634523,0.000091,0.000535,0.002066,-0.002818,-0.000489,-0.000012,16,0.014595,0.366855,9.948820,-0.091991,0.053538,-0.026642,9.956595,0.127870,0.086532,0.077160
4.541048,1.241000,0.043000,0.883000,1.239685,-0.020481,0.878594,1.189080,-0.006419,0.859365,0.007679,0.005257,-0.031419,0.999463,0.039653,0.006130,0.637676,0.000072,0.000541,0.002045,-0.002855,-0.000607,-0.000013,17,-0.035489,0.535087,9.959385,0.025822,0.016428,-0.049590,9.976519,0.122361,0.063647,0.075476
4.557671,1.241000,0.042000,0.894000,1.198525,-0.032330,0.919310,1.190100,-0.007738,0.871215,0.007316,0.006194,-0.031636,0.999453,0.040164,0.003663,0.637785,0.000070,0.000551,0.001987,-0.002914,-0.000624,-0.000016,17,-0.124151,0.136314,9.726865,-0.059743,0.104617,0.019049,9.729531,0.151668,0.089273,0.074725
4.574336,1.242000,0.043000,0.902000,1.219545,0.012968,0.905376,1.192266,-0.006426,0.882403,0.008138,0.006673,-0.031605,0.999445,0.045212,0.012193,0.637738,0.000061,0.000540,0.001959,-0.002861,-0.000681,-0.000013,17,0.004270,0.539422,9.751331,0.106000,0.049058,-0.063735,9.767366,0.145778,0.037650,0.072804
4.590909,1.242000,0.042000,0.914000,1.232390,-0.014925,0.917789,1.195027,-0.006684,0.893706,0.008909,0.006636,-0.031661,0.999437,0.048097,0.010440,0.637761,0.000048,0.000543,0.001931,-0.002879,-0.000763,-0.000013,17,-0.159411,0.106440,9.763776,0.088392,-0.017117,-0.012920,9.767093,0.113134,0.057854,0.070629
4.607498,1.243000,0.043000,0.922000,1.203684,-0.017328,0.969126,1.196071,-0.007063,0.905859,0.009740,0.006146,-0.031770,0.999429,0.046694,0.006991,0.637135,0.000046,0.000546,0.001854,-0.002897,-0.000773,-0.000013,16,-0.233779,0.008220,9.636903,0.100005,-0.061494,0.002592,9.642159,0.162657,0.086059,0.070492
4.624170,1.243000,0.043000,0.930000,1.214803,0.007301,0.996475,1.197619,-0.006025,0.918666,0.010507,0.006812,-0.031517,0.999425,0.046345,0.011299,0.638507,0.000043,0.000536,0.001759,-0.002855,-0.000799,-0.000011,17,-0.231772,0.331277,9.722007,0.094361,0.079055,-0.020982,9.733387,0.137236,0.080551,0.067759
4.640802,1.243000,0.043000,0.938000,1.186555,0.007940,0.965272,1.197723,-0.005047,0.930191,0.011781,0.006478,-0.031191,0.999423,0.046443,0.010178,0.634666,0.000049,0.000529,0.001715,-0.002820,-0.000768,-0.000010,17,-0.048131,0.052823,9.498708,0.162404,-0.027622,0.009239,9.500473,0.172740,0.071827,0.066480
4.657444,1.244000,0.044000,0.949000,1.229780,-0.021991,0.884844,1.200166,-0.005984,0.938814,0.011296,0.005880,-0.031524,0.999422,0.048220,-0.000997,0.627059,0.000036,0.000538,0.001783,-0.002864,-0.000840,-0.000010,17,-0.152430,-0.336035,9.470484,-0.065398,-0.087954,-0.003058,9.480065,0.129202,0.093129,0.067257
4.673976,1.244000,0.044000,0.957000,1.180788,-0.008043,0.960504,1.199835,-0.006118,0.949046,0.011417,0.005924,-0.032271,0.999396,0.041799,-0.002779,0.626181,0.000043,0.000539,0.001768,-0.002868,-0.000799,-0.000011,16,-0.410005,0.085916,9.722858,0.009930,0.011975,-0.085740,9.738653,0.144901,0.081954,0.067273
4.690674,1.245000,0.043000,0.966000,1.232310,-0.034048,0.987712,1.202056,-0.007679,0.959909,0.011421,0.006079,-0.032166,0.999399,0.043959,-0.010336,0.625379,0.000031,0.000550,0.001738,-0.002926,-0.000862,-0.000013,17,-0.130462,-0.063840,9.707433,-0.006326,0.012145,0.052479,9.710432,0.202769,0.081049,0.066706
4.707326,1.245000,0.043000,0.977000,1.188335,-0.001687,0.933655,1.202088,-0.007601,0.968936,0.011196,0.006113,-0.032305,0.999397,0.043044,-0.013101,0.626769,0.000036,0.000549,0.001780,-0.002916,-0.000837,-0.000013,17,-0.112301,-0.001466,9.955877,-0.037733,0.008183,-0.019343,9.962460,0.146289,0.084182,0.066835
4.723912,1.246000,0.044000,0.985000,1.235118,0.012057,0.947428,1.204457,-0.006773,0.978212,0.011721,0.006143,-0.032269,0.999392,0.043887,-0.011611,0.628896,0.000024,0.000540,0.001817,-0.002876,-0.000901,-0.000009,17,-0.239210,0.209102,9.998297,0.072508,-0.010455,-0.038365,10.005581,0.119877,0.050502,0.065953
4.740548,1.246000,0.043000,0.993000,1.201311,0.025026,1.019070,1.204922,-0.005210,0.989693,0.012396,0.006097,-0.031520,0.999408,0.041412,-0.006615,0.633662,0.000028,0.000524,0.001780,-0.002804,-0.000886,-0.000006,17,-0.259591,0.336570,10.025037,0.093529,-0.000047,0.027187,10.044071,0.120748,0.054771,0.063424
4.757101,1.246000,0.044000,1.004000,1.195119,-0.008189,0.975936,1.205094,-0.005472,0.999062,0.011846,0.005692,-0.031508,0.999417,0.040146,-0.003491,0.636537,0.000031,0.000527,0.001807,-0.002813,-0.000869,-0.000007,16,-0.172120,0.458748,10.027013,-0.072745,-0.050422,0.008383,10.040904,0.153378,0.078104,0.064383
4.773783,1.247000,0.043000,1.013000,1.210207,-0.026727,1.087344,1.205837,-0.006506,1.011778,0.011801,0.005815,-0.032322,0.999391,0.039621,0.001400,0.640181,0.000031,0.000534,0.001718,-0.002850,-0.000871,-0.000009,17,-0.188290,0.637818,9.869923,-0.015303,0.012820,-0.074167,9.893163,0.106672,0.108364,0.064395
4.790389,1.247000,0.044000,1.023000,1.200343,0.006643,1.049663,1.206145,-0.005758,1.023093,0.013791,0.005311,-0.031951,0.999380,0.039015,-0.000584,0.638972,0.000034,0.000527,0.001685,-0.002820,-0.000855,-0.000008,17,-0.101743,0.054654,9.684454,0.244568,-0.049718,0.025141,9.687334,0.260924,0.065447,0.064382
4.806996,1.247000,0.044000,1.031000,1.215201,-0.020794,1.085349,1.207120,-0.006588,1.035231,0.013331,0.005026,-0.031740,0.999395,0.037914,-0.011165,0.634643,0.000032,0.000532,0.001626,-0.002847,-0.000867,-0.000009,17,-0.165593,-0.312391,9.463154,-0.061604,-0.039699,0.041585,9.471949,0.107931,0.090351,0.064556
4.823656,1.248000,0.045000,1.039000,1.153031,-0.019149,1.011293,1.205071,-0.007445,1.044202,0.011958,0.004339,-0.032514,0.999390,0.032980,-0.011966,0.629335,0.000051,0.000540,0.001663,-0.002876,-0.000771,-0.000015,16,-0.136131,0.259474,9.532544,-0.180529,-0.073746,-0.088353,9.540785,0.219856,0.117906,0.067974
4.856936,1.248000,0.044000,1.058000,1.218165,-0.019700,1.062522,1.206739,-0.008420,1.064686,0.012840,0.003720,-0.032259,0.999390,0.031047,-0.010777,0.624085,0.000046,0.000546,0.001668,-0.002903,-0.000795,-0.000016,34,-0.178282,0.311547,9.643884,0.046091,-0.040395,0.016724,9.653349,0.117827,0.070485,0.067045
4.873518,1.249000,0.044000,1.070000,1.218255,-0.022707,1.156994,1.207689,-0.009314,1.077542,0.014308,0.004218,-0.032528,0.999359,0.032712,-0.017865,0.625636,0.000044,0.000550,0.001569,-0.002925,-0.000809,-0.000018,17,-0.002376,-0.091728,9.747047,0.169076,0.062694,-0.026369,9.749134,0.185867,0.113855,0.067867
4.890141,1.249000,0.044000,1.077000,1.242685,0.015392,1.092631,1.209974,-0.008275,1.087523,0.014125,0.004885,-0.032755,0.999352,0.037016,-0.020943,0.623923,0.000031,0.000536,0.001563,-0.002870,-0.000871,-0.000011,16,0.019952,-0.067858,9.695493,-0.015016,0.068999,-0.040297,9.697130,0.115926,0.033206,0.066079
4.923375,1.250000,0.044000,1.096000,1.222098,-0.027022,1.074577,1.211773,-0.010211,1.106787,0.014990,0.005400,-0.032836,0.999334,0.036907,-0.036075,0.619787,0.000024,0.000547,0.001607,-0.002913,-0.000897,-0.000014,34,-0.126900,-0.116896,9.724089,0.045274,0.032424,0.000319,9.728454,0.103937,0.079257,0.067204
4.940030,1.250000,0.044000,1.104000,1.208106,0.003186,1.091862,1.212185,-0.010104,1.116152,0.014754,0.005011,-0.032829,0.999340,0.035290,-0.043312,0.617519,0.000025,0.000540,0.001638,-0.002885,-0.000890,-0.000011,17,-0.153529,-0.238721,9.728701,-0.022253,-0.046591,-0.004125,9.733929,0.071703,0.059734,0.067119
4.956635,1.250000,0.043000,1.113000,1.190681,-0.026671,1.055509,1.211726,-0.011853,1.124026,0.013899,0.004390,-0.032865,0.999354,0.035221,-0.051263,0.611620,0.000031,0.000553,0.001726,-0.002926,-0.000857,-0.000017,17,0.018499,-0.089030,9.602937,-0.112944,-0.072033,-0.000742,9.603708,0.140062,0.108065,0.067789
4.973199,1.250000,0.043000,1.123000,1.265175,-0.017418,1.175996,1.214976,-0.012936,1.135036,0.013900,0.004213,-0.033026,0.999349,0.037964,-0.057252,0.611060,0.000010,0.000552,0.001677,-0.002931,-0.000950,-0.000014,16,-0.171755,-0.094586,9.694862,-0.002447,-0.044216,-0.016334,9.698279,0.086089,0.081787,0.067085
4.989848,1.251000,0.043000,1.131000,1.183103,0.018607,1.080148,1.214000,-0.012174,1.142848,0.013510,0.004453,-0.032841,0.999359,0.034702,-0.061515,0.606775,0.000023,0.000538,0.001753,-0.002870,-0.000895,-0.000011,17,-0.115929,-0.174918,9.676671,-0.037493,0.040710,0.010861,9.680729,0.068223,0.088266,0.067480
5.006505,1.251000,0.044000,1.139000,1.208507,-0.023739,1.156125,1.214235,-0.013825,1.152821,0.012588,0.004585,-0.032985,0.999366,0.032779,-0.071790,0.602649,0.000025,0.000544,0.001749,-0.002892,-0.000885,-0.000013,17,-0.145881,-0.322212,9.560890,-0.120438,0.013316,-0.019909,9.567780,0.137341,0.081777,0.069903
5.023147,1.251000,0.043000,1.149000,1.229265,0.001459,1.112475,1.215585,-0.014213,1.161084,0.011878,0.004203,-0.033237,0.999368,0.032313,-0.073891,0.593523,0.000018,0.000536,0.001810,-0.002862,-0.000914,-0.000009,17,-0.186184,0.003148,9.359983,-0.082903,-0.054296,-0.027838,9.363285,0.125331,0.059432,0.068364
5.039702,1.251000,0.043000,1.157000,1.224665,0.018819,1.169088,1.216521,-0.013539,1.170386,0.011989,0.003951,-0.033547,0.999357,0.032878,-0.073714,0.587707,0.000016,0.000517,0.001810,-0.002793,-0.000927,-0.000002,16,-0.079116,0.028841,9.439837,0.027275,-0.035138,-0.035255,9.440688,0.083575,0.037740,0.067562
5.056402,1.251000,0.042000,1.168000,1.250311,-0.006816,1.211434,1.218675,-0.014279,1.180757,0.012772,0.004047,-0.033522,0.999348,0.035649,-0.074924,0.581741,0.000003,0.000510,0.001773,-0.002774,-0.000981,0.000002,17,-0.076490,0.095407,9.376396,0.098126,0.003384,0.013718,9.379776,0.125766,0.065346,0.066143
5.073036,1.251000,0.042000,1.175000,1.216445,-0.011716,1.106422,1.219235,-0.015418,1.187426,0.012224,0.004414,-0.033250,0.999363,0.034357,-0.077438,0.573189,0.000001,0.000512,0.001874,-0.002774,-0.000984,0.000002,17,-0.147416,0.073125,9.442946,-0.067111,0.037704,0.033914,9.447578,0.116323,0.093714,0.066785
5.089680,1.252000,0.043000,1.182000,1.228309,-0.024472,1.161690,1.220264,-0.017217,1.195625,0.010497,0.004876,-0.033692,0.999365,0.035706,-0.085092,0.566685,-0.000005,0.000517,0.001917,-0.002791,-0.001002,0.000001,17,-0.047045,-0.199088,9.485466,-0.216856,0.046004,-0.052242,9.490760,0.245971,0.074339,0.069418
5.106279,1.252000,0.042000,1.193000,1.222713,-0.014095,1.090337,1.221102,-0.018601,1.201283,0.008578,0.004584,-0.034090,0.999371,0.036941,-0.091978,0.555220,-0.000010,0.000520,0.002055,-0.002792,-0.001014,0.000002,17,-0.023550,-0.233924,9.349374,-0.234150,-0.047724,-0.049502,9.353622,0.263619,0.120599,0.068526
5.122826,1.252000,0.042000,1.200000,1.207596,-0.014217,1.139442,1.221105,-0.019860,1.207792,0.007075,0.003995,-0.033764,0.999397,0.035719,-0.093676,0.546135,-0.000006,0.000520,0.002138,-0.002788,-0.000997,0.000001,16,-0.098080,0.018911,9.377618,-0.188934,-0.077471,0.039363,9.382136,0.218333,0.093805,0.069584
5.139553,1.252000,0.042000,1.207000,1.231958,-0.031516,1.234873,1.222156,-0.021894,1.217149,0.006318,0.003505,-0.034204,0.999389,0.036933,-0.094473,0.541603,-0.000010,0.000525,0.002117,-0.002805,-0.001012,0.000000,17,-0.061349,0.124123,9.488952,-0.099474,-0.071919,-0.054333,9.491873,0.203508,0.081137,0.071247
5.156124,1.252000,0.041000,1.216000,1.254730,-0.031556,1.219923,1.224331,-0.023890,1.225731,0.006816,0.003747,-0.034184,0.999385,0.037347,-0.096565,0.540164,-0.000025,0.000529,0.002127,-0.002821,-0.001064,0.000000,17,-0.190017,0.041438,9.735730,0.055107,0.013824,-0.004263,9.740024,0.132873,0.072713,0.071211
5.172838,1.253000,0.042000,1.224000,1.215792,0.009375,1.185354,1.224559,-0.023746,1.233153,0.007136,0.004292,-0.034109,0.999383,0.034225,-0.097289,0.537471,-0.000022,0.000512,0.002183,-0.002761,-0.001052,0.000005,17,-0.218456,-0.098604,9.737997,0.047242,0.066866,0.015822,9.742018,0.115973,0.062788,0.072216
5.189315,1.252000,0.041000,1.231000,1.240427,-0.018750,1.247858,1.225804,-0.024953,1.241771,0.007224,0.006147,-0.034177,0.999371,0.031711,-0.100710,0.536178,-0.000028,0.000507,0.002176,-0.002748,-0.001076,0.000007,16,-0.321359,-0.134042,9.714528,0.004416,0.229181,-0.007233,9.722190,0.235118,0.063153,0.071777
5.205951,1.253000,0.043000,1.240000,1.226766,-0.028497,1.246737,1.226358,-0.026678,1.250283,0.007289,0.007044,-0.034724,0.999346,0.033616,-0.101060,0.533173,-0.000028,0.000509,0.002181,-0.002752,-0.001077,0.000007,17,-0.020067,0.128255,9.639129,-0.000186,0.111182,-0.066759,9.641276,0.134920,0.076455,0.075303
5.222607,1.252000,0.041000,1.247000,1.212392,-0.035393,1.234987,1.226231,-0.028753,1.258196,0.007702,0.007321,-0.034779,0.999339,0.031716,-0.105998,0.527915,-0.000023,0.000514,0.002208,-0.002767,-0.001056,0.000005,17,-0.175534,-0.126767,9.532242,0.039219,0.042619,-0.011832,9.535267,0.114957,0.086885,0.075199
5.239228,1.252000,0.042000,1.256000,1.234018,-0.058840,1.250868,1.227094,-0.032037,1.266323,0.008683,0.008002,-0.034626,0.999331,0.028518,-0.114010,0.523473,-0.000028,0.000531,0.002229,-0.002819,-0.001069,-0.000000,17,-0.364281,-0.195761,9.573676,0.101404,0.081482,-0.001797,9.583754,0.162639,0.102560,0.078793
5.255870,1.252000,0.042000,1.263000,1.216088,0.007275,1.231223,1.227028,-0.031790,1.273209,0.009557,0.008871,-0.034999,0.999302,0.026829,-0.115110,0.518774,-0.000023,0.000510,0.002277,-0.002749,-0.001054,0.000007,16,-0.203026,-0.128495,9.591637,0.121325,0.116645,-0.017477,9.595109,0.184658,0.059205,0.078568
5.272427,1.253000,0.042000,1.271000,1.209100,0.001567,1.321867,1.226538,-0.031821,1.282779,0.010039,0.009340,-0.035423,0.999278,0.026797,-0.120651,0.516246,-0.000011,0.000488,0.002226,-0.002684,-0.001023,0.000013,17,-0.042923,-0.364146,9.572075,0.070831,0.068795,-0.014722,9.580281,0.117737,0.078418,0.079300
5.289077,1.252000,0.042000,1.277000,1.203388,0.010370,1.364529,1.225741,-0.031465,1.293473,0.010065,0.010232,-0.035803,0.999256,0.024740,-0.124542,0.513465,0.000004,0.000459,0.002137,-0.002600,-0.000983,0.000022,17,-0.159952,-0.312136,9.494669,0.017207,0.115929,0.008210,9.502225,0.138736,0.105000,0.079737
5.322334,1.253000,0.042000,1.293000,1.246089,-0.017211,1.319255,1.227560,-0.034571,1.310148,0.010568,0.010049,-0.036723,0.999219,0.031302,-0.125904,0.501108,-0.000004,0.000446,0.002125,-0.002565,-0.001012,0.000027,33,-0.034497,0.088419,9.418135,0.031894,-0.014722,-0.041150,9.421593,0.152205,0.065138,0.082489
5.341022,1.252000,0.042000,1.302000,1.195462,-0.004738,1.271607,1.226546,-0.035193,1.317547,0.011973,0.009961,-0.036706,0.999205,0.029429,-0.130349,0.491143,0.000012,0.000430,0.002179,-0.002511,-0.000965,0.000032,19,-0.126838,-0.199858,9.347785,0.168785,0.006947,0.038708,9.351353,0.184296,0.079403,0.082755
5.357623,1.253000,0.042000,1.309000,1.217403,0.008362,1.352325,1.226491,-0.034852,1.326260,0.011337,0.010125,-0.037104,0.999196,0.027795,-0.133976,0.484066,0.000020,0.000400,0.002143,-0.002425,-0.000950,0.000043,17,-0.192413,-0.279244,9.311473,-0.058663,0.018522,0.029267,9.321239,0.113471,0.065389,0.083108
5.374299,1.253000,0.042000,1.317000,1.192978,-0.011016,1.311237,1.225333,-0.035616,1.333402,0.010222,0.009142,-0.037689,0.999195,0.030355,-0.127065,0.477191,0.000037,0.000386,0.002167,-0.002381,-0.000900,0.000046,17,0.108820,0.496269,9.420108,-0.125198,-0.110971,-0.037294,9.434791,0.179872,0.080291,0.084017
5.390994,1.253000,0.042000,1.323000,1.201387,-0.009509,1.300633,1.224716,-0.036182,1.339948,0.009918,0.007740,-0.038043,0.999197,0.033487,-0.119506,0.468500,0.000048,0.000371,0.002212,-0.002334,-0.000866,0.000051,17,0.111917,0.517406,9.352138,-0.024323,-0.164540,0.000859,9.372049,0.177821,0.076272,0.084850
5.407518,1.254000,0.043000,1.331000,1.255367,-0.033938,1.399192,1.226641,-0.037741,1.348877,0.010316,0.007022,-0.038339,0.999187,0.034540,-0.115163,0.467856,0.000036,0.000364,0.002152,-0.002321,-0.000908,0.000056,16,-0.239500,0.422614,9.650263,0.054906,-0.102099,-0.003527,9.664467,0.124332,0.102818,0.087105
5.424152,1.253000,0.043000,1.338000,1.210188,-0.040536,1.520938,1.226100,-0.039439,1.361513,0.011253,0.006444,-0.038473,0.999176,0.031189,-0.121341,0.465282,0.000052,0.000357,0.001953,-0.002311,-0.000871,0.000056,17,-0.193480,-0.214847,9.321023,0.120758,-0.062977,-0.008561,9.326731,0.143159,0.205614,0.089848
5.440838,1.254000,0.043000,1.344000,1.236141,-0.010657,1.395650,1.227032,-0.039783,1.369848,0.012188,0.006447,-0.039306,0.999132,0.031023,-0.121018,0.458050,0.000050,0.000337,0.001920,-0.002254,-0.000884,0.000065,17,-0.156542,0.045079,9.310257,0.124259,0.004068,-0.025738,9.314334,0.132777,0.076588,0.090821
5.457442,1.254000,0.043000,1.351000,1.234001,-0.039304,1.357505,1.227878,-0.041650,1.376624,0.013422,0.006452,-0.039244,0.999119,0.032850,-0.120363,0.450308,0.000046,0.000336,0.001944,-0.002251,-0.000895,0.000066,17,-0.064081,0.272335,9.366465,0.149291,0.003515,0.013390,9.371575,0.156797,0.084949,0.092220
5.474101,1.255000,0.043000,1.357000,1.212452,-0.022220,1.381428,1.227685,-0.042535,1.383947,0.014529,0.005401,-0.039344,0.999105,0.034689,-0.122694,0.441259,0.000055,0.000323,0.001945,-0.002215,-0.000873,0.000070,17,0.087675,0.015119,9.267643,0.143601,-0.115201,0.026892,9.269721,0.190963,0.081614,0.093748
5.490644,1.254000,0.043000,1.363000,1.210806,-0.019768,1.397199,1.227386,-0.043209,1.391105,0.014948,0.004027,-0.040010,0.999079,0.032295,-0.125218,0.435748,0.000065,0.000308,0.001934,-0.002173,-0.000848,0.000075,16,-0.136089,-0.034814,9.444616,0.067544,-0.166796,-0.033800,9.449072,0.196556,0.083517,0.094500
5.507314,1.255000,0.044000,1.370000,1.182988,-0.042711,1.438291,1.225679,-0.044972,1.399345,0.015599,0.003682,-0.040055,0.999069,0.028935,-0.121469,0.431138,0.000089,0.000306,0.001884,-0.002167,-0.000782,0.000071,17,-0.097358,0.487138,9.428805,0.079931,-0.026758,-0.022567,9.443260,0.104788,0.131788,0.098168
5.523942,1.255000,0.043000,1.376000,1.245200,-0.002122,1.439456,1.227015,-0.044538,1.407402,0.016975,0.004651,-0.040979,0.999005,0.027812,-0.114173,0.429104,0.000083,0.000276,0.001843,-0.002088,-0.000809,0.000086,17,-0.253044,0.493492,9.598281,0.177817,0.118747,0.020065,9.616854,0.217085,0.078477,0.097119
5.540556,1.255000,0.042000,1.381000,1.237759,-0.016651,1.434146,1.227941,-0.044874,1.415055,0.018098,0.006160,-0.041472,0.998957,0.028629,-0.115450,0.423682,0.000080,0.000257,0.001818,-0.002037,-0.000824,0.000096,17,-0.090764,0.084001,9.439555,0.139288,0.186580,0.021682,9.442076,0.236617,0.081004,0.097155
5.557158,1.255000,0.043000,1.388000,1.254998,-0.016033,1.356488,1.229755,-0.045254,1.419600,0.018482,0.007107,-0.042260,0.998910,0.033980,-0.122086,0.410896,0.000066,0.000241,0.001895,-0.001989,-0.000866,0.000107,16,0.112270,-0.233446,9.143136,0.053851,0.113202,-0.006882,9.147963,0.139284,0.066917,0.097081
5.573744,1.256000,0.043000,1.393000,1.190814,-0.025252,1.365856,1.228539,-0.046192,1.424259,0.018111,0.007134,-0.042152,0.998922,0.035746,-0.128366,0.402426,0.000083,0.000231,0.001961,-0.001959,-0.000816,0.000107,17,0.185956,-0.149845,9.391129,-0.040781,0.016350,0.016730,9.396466,0.069567,0.098206,0.098420
5.590491,1.256000,0.043000,1.398000,1.234319,0.028051,1.401100,1.229452,-0.044389,1.429874,0.017504,0.006644,-0.043730,0.998868,0.038477,-0.121174,0.395849,0.000083,0.000186,0.001991,-0.001836,-0.000829,0.000127,17,-0.008700,0.367732,9.439498,-0.044478,-0.062690,-0.003272,9.448518,0.100472,0.026517,0.096734
5.607088,1.256000,0.043000,1.405000,1.235351,-0.014939,1.421501,1.230345,-0.044819,1.435856,0.016416,0.006764,-0.044419,0.998855,0.037397,-0.124254,0.388357,0.000081,0.000167,0.002007,-0.001786,-0.000838,0.000136,17,-0.192049,-0.035904,9.383012,-0.122309,0.005835,-0.005738,9.388446,0.128930,0.063684,0.096553
5.623679,1.256000,0.042000,1.410000,1.194254,-0.045415,1.353446,1.229298,-0.046799,1.439124,0.015298,0.007264,-0.043962,0.998890,0.033257,-0.128428,0.378891,0.000095,0.000172,0.002107,-0.001792,-0.000793,0.000129,16,-0.227397,0.026349,9.377344,-0.149994,0.066864,0.000515,9.381507,0.167774,0.121047,0.097193
5.640245,1.257000,0.042000,1.416000,1.196931,-0.027006,1.483025,1.228203,-0.047678,1.446301,0.014421,0.008105,-0.044020,0.998894,0.027616,-0.127878,0.374604,0.000114,0.000157,0.002059,-0.001757,-0.000747,0.000130,17,-0.344310,0.150181,9.451755,-0.110184,0.114957,0.004760,9.460637,0.166604,0.113413,0.098942
5.656982,1.256000,0.041000,1.421000,1.240850,-0.027754,1.445953,1.229270,-0.048659,1.452100,0.013254,0.008318,-0.044789,0.998874,0.031814,-0.130923,0.367727,0.000109,0.000144,0.002066,-0.001722,-0.000766,0.000138,17,0.060745,-0.026632,9.402305,-0.134986,0.017555,-0.019990,9.403635,0.162551,0.074694,0.098592
5.673524,1.256000,0.041000,1.425000,1.244006,-0.016905,1.460968,1.230514,-0.049119,1.458129,0.011689,0.007701,-0.045946,0.998846,0.036400,-0.134173,0.360130,0.000103,0.000122,0.002061,-0.001667,-0.000787,0.000149,17,0.094823,-0.139020,9.341498,-0.178100,-0.086351,-0.036778,9.344391,0.207384,0.069214,0.099341
5.690169,1.257000,0.040000,1.431000,1.221377,-0.025974,1.416078,1.230703,-0.050133,1.462560,0.010989,0.006541,-0.045931,0.998863,0.033570,-0.135668,0.351288,0.000107,0.000110,0.002115,-0.001631,-0.000777,0.000153,17,-0.258300,-0.018774,9.360148,-0.072065,-0.140266,0.045802,9.364132,0.181223,0.076448,0.099053
5.706790,1.256000,0.040000,1.435000,1.288199,-0.012203,1.535193,1.233821,-0.050208,1.470128,0.009037,0.005814,-0.047183,0.998828,0.037060,-0.135299,0.349227,0.000084,0.000080,0.002039,-0.001562,-0.000851,0.000173,16,-0.133329,-0.022146,9.544202,-0.227161,-0.120940,0.030736,9.545980,0.267419,0.117476,0.099315
5.723379,1.257000,0.041000,1.440000,1.257517,-0.033838,1.510316,1.235452,-0.051450,1.476745,0.006374,0.005016,-0.048196,0.998805,0.038833,-0.138553,0.345986,0.000076,0.000066,0.001999,-0.001530,-0.000880,0.000181,17,-0.066207,-0.163545,9.533493,-0.319026,-0.120152,-0.048448,9.535519,0.348455,0.102691,0.101791
5.740000,1.257000,0.039000,1.445000,1.211661,-0.017023,1.421925,1.235006,-0.051954,1.480492,0.004636,0.004280,-0.048637,0.998797,0.032844,-0.137848,0.337166,0.000086,0.000047,0.002065,-0.001480,-0.000852,0.000184,17,-0.342031,-0.062715,9.381997,-0.199828,-0.093526,-0.028901,9.388941,0.229752,0.075675,0.100080
5.756676,1.258000,0.039000,1.450000,1.223277,-0.036635,1.456892,1.235008,-0.053379,1.485113,0.003571,0.003292,-0.048777,0.998798,0.029604,-0.137718,0.329824,0.000092,0.000038,0.002097,-0.001457,-0.000838,0.000185,17,-0.214115,-0.016468,9.412979,-0.121254,-0.121801,-0.003434,9.416719,0.196935,0.083510,0.101467
5.773248,1.257000,0.037000,1.455000,1.289021,-0.014207,1.452955,1.238035,-0.053514,1.489087,0.003129,0.002618,-0.050304,0.998726,0.032997,-0.131482,0.323209,0.000066,0.000013,0.002141,-0.001394,-0.000912,0.000204,16,-0.114146,0.230651,9.456776,-0.036976,-0.107079,-0.020422,9.461102,0.149765,0.060429,0.098562
5.789849,1.257000,0.037000,1.459000,1.248748,-0.005613,1.507255,1.239018,-0.053054,1.494643,0.004315,0.002345,-0.051208,0.998676,0.029682,-0.120542,0.320729,0.000064,-0.000019,0.002124,-0.001319,-0.000925,0.000214,17,-0.338462,0.445974,9.620354,0.165243,-0.034778,-0.011071,9.637766,0.180730,0.064903,0.098506
5.806492,1.258000,0.037000,1.463000,1.242871,-0.028468,1.464715,1.239666,-0.053755,1.498731,0.005085,0.003197,-0.051266,0.998667,0.025390,-0.123648,0.315259,0.000062,-0.000033,0.002163,-0.001282,-0.000932,0.000219,17,-0.320556,-0.249721,9.535642,0.099772,0.107145,0.040455,9.549063,0.159424,0.067215,0.099243
5.823158,1.257000,0.037000,1.468000,1.275817,-0.014844,1.497964,1.241773,-0.053804,1.503677,0.005026,0.005033,-0.052546,0.998593,0.027334,-0.123276,0.309445,0.000046,-0.000060,0.002170,-0.001220,-0.000979,0.000234,17,-0.099112,-0.110430,9.467111,-0.001047,0.209614,-0.025558,9.471764,0.218947,0.062767,0.098743
5.839776,1.258000,0.037000,1.471000,1.242159,-0.015774,1.521361,1.242224,-0.053834,1.509183,0.005072,0.006750,-0.053375,0.998539,0.027008,-0.116529,0.306286,0.000049,-0.000085,0.002153,-0.001162,-0.000978,0.000239,17,-0.158368,0.279436,9.582206,0.008011,0.207246,-0.049261,9.591822,0.221550,0.074647,0.099787
5.856337,1.258000,0.038000,1.475000,1.221906,-0.045660,1.520169,1.241667,-0.055163,1.514172,0.006037,0.008406,-0.053204,0.998530,0.024397,-0.117815,0.298443,0.000060,-0.000092,0.002144,-0.001149,-0.000951,0.000236,16,-0.199203,-0.046680,9.296508,0.113278,0.222562,-0.010034,9.303072,0.257296,0.101695,0.102375
5.873009,1.257000,0.037000,1.479000,1.261649,-0.015883,1.454862,1.243114,-0.055104,1.516966,0.007238,0.009497,-0.054148,0.998462,0.030138,-0.113992,0.288915,0.000049,-0.000114,0.002216,-0.001092,-0.000980,0.000247,17,0.084879,0.162347,9.337395,0.153151,0.139236,-0.010679,9.342084,0.215188,0.058317,0.100585
5.889647,1.257000,0.036000,1.483000,1.259817,-0.027089,1.508001,1.244411,-0.055454,1.521196,0.009753,0.010022,-0.055047,0.998386,0.034885,-0.106279,0.281824,0.000042,-0.000133,0.002231,-0.001049,-0.001002,0.000255,17,-0.014853,0.485696,9.390349,0.314416,0.076942,-0.031299,9.404466,0.329055,0.067921,0.099906
5.906283,1.258000,0.038000,1.486000,1.240427,-0.000398,1.524527,1.244830,-0.054408,1.525826,0.012267,0.010629,-0.055163,0.998345,0.036480,-0.103587,0.277151,0.000048,-0.000168,0.002229,-0.000970,-0.000996,0.000262,17,-0.078436,0.093148,9.523674,0.320915,0.092303,0.048033,9.525920,0.342373,0.057162,0.101483
5.922839,1.258000,0.037000,1.489000,1.305159,-0.012579,1.617690,1.248169,-0.053832,1.532797,0.013118,0.011011,-0.056290,0.998268,0.043962,-0.106826,0.275455,0.000029,-0.000198,0.002129,-0.000896,-0.001068,0.000281,16,0.038875,-0.205225,9.537355,0.124094,0.037242,0.017520,9.541778,0.138588,0.145750,0.101318
5.939507,1.259000,0.039000,1.495000,1.209855,-0.020799,1.502534,1.247133,-0.053845,1.536179,0.013700,0.010454,-0.056121,0.998275,0.044677,-0.104564,0.270204,0.000049,-0.000217,0.002164,-0.000852,-0.001019,0.000275,17,-0.001267,0.238705,9.547911,0.088368,-0.049876,-0.044159,9.552651,0.128433,0.077769,0.102258
5.956145,1.258000,0.036000,1.497000,1.269037,-0.013487,1.556665,1.248848,-0.053491,1.541015,0.014236,0.011017,-0.057004,0.998212,0.046020,-0.103123,0.264034,0.000042,-0.000245,0.002144,-0.000792,-0.001045,0.000285,17,-0.207178,0.108234,9.389265,0.071776,0.063696,-0.006504,9.394546,0.118227,0.078299,0.100149
5.972788,1.258000,0.036000,1.501000,1.251924,-0.037668,1.575143,1.249702,-0.054278,1.546230,0.014392,0.011685,-0.057172,0.998192,0.048717,-0.100020,0.262801,0.000043,-0.000258,0.002109,-0.000766,-0.001045,0.000287,17,-0.090941,0.376468,9.661935,0.018571,0.082293,0.000733,9.670413,0.100945,0.104695,0.101315
5.989410,1.259000,0.038000,1.504000,1.235845,0.011245,1.573862,1.249867,-0.052595,1.551348,0.013639,0.012071,-0.057390,0.998186,0.052882,-0.091735,0.260921,0.000056,-0.000301,0.002078,-0.000675,-0.001024,0.000290,17,0.052207,0.447615,9.641505,-0.067917,0.048645,-0.004795,9.653450,0.113146,0.078312,0.102629
6.005962,1.258000,0.036000,1.507000,1.273656,-0.038104,1.569761,1.251813,-0.053217,1.555873,0.014135,0.012416,-0.058272,0.998123,0.058234,-0.085392,0.256110,0.000046,-0.000313,0.002062,-0.000650,-0.001052,0.000298,16,-0.049055,0.587283,9.467105,0.065321,0.039657,-0.024790,9.486486,0.087760,0.098364,0.101914
6.022663,1.259000,0.036000,1.511000,1.259906,-0.026575,1.516030,1.253134,-0.053277,1.558614,0.015314,0.012769,-0.058357,0.998097,0.058462,-0.086729,0.246671,0.000042,-0.000328,0.002111,-0.000613,-0.001062,0.000304,17,-0.251023,0.061145,9.310292,0.152625,0.052127,0.039520,9.318090,0.183813,0.062783,0.101350
6.039254,1.259000,0.035000,1.514000,1.294571,-0.002906,1.606142,1.256139,-0.052097,1.563873,0.014197,0.011945,-0.059103,0.998079,0.067134,-0.093587,0.240402,0.000020,-0.000368,0.002057,-0.000510,-0.001142,0.000328,17,0.141271,-0.409944,9.362824,-0.103878,-0.124389,0.012539,9.373357,0.171468,0.105794,0.100406
6.055845,1.259000,0.035000,1.518000,1.247872,-0.024386,1.506626,1.256935,-0.052295,1.565965,0.012819,0.010846,-0.059099,0.998111,0.069595,-0.094062,0.233388,0.000023,-0.000382,0.002124,-0.000474,-0.001133,0.000328,17,-0.029953,0.092820,9.496779,-0.151784,-0.140764,-0.005373,9.500825,0.218581,0.061481,0.099626
6.072454,1.260000,0.033000,1.520000,1.253939,0.018658,1.518581,1.257890,-0.050308,1.568143,0.011662,0.010185,-0.059401,0.998114,0.064210,-0.091018,0.229611,0.000028,-0.000426,0.002178,-0.000381,-0.001127,0.000332,16,-0.527227,0.009354,9.654469,-0.115958,-0.089763,-0.004942,9.669539,0.149594,0.015635,0.096241
6.089066,1.260000,0.032000,1.523000,1.297139,-0.024061,1.624939,1.260724,-0.050293,1.573388,0.009924,0.010143,-0.060307,0.998079,0.068120,-0.089646,0.227651,0.000005,-0.000454,0.002117,-0.000321,-0.001185,0.000362,17,-0.150704,0.114846,9.589874,-0.200415,-0.033873,0.025411,9.592330,0.209920,0.122121,0.096497
6.105809,1.261000,0.032000,1.527000,1.284797,-0.034518,1.572565,1.262759,-0.051040,1.576899,0.007819,0.008912,-0.060772,0.998081,0.074203,-0.091413,0.219583,-0.000006,-0.000464,0.002125,-0.000320,-0.001168,0.000362,17,0.140804,0.018523,9.325805,-0.248925,-0.164559,-0.011490,9.329285,0.302684,0.084066,0.096895
6.122444,1.261000,0.031000,1.529000,1.258746,-0.016540,1.634604,1.263651,-0.050733,1.582113,0.006287,0.007645,-0.060998,0.998089,0.071596,-0.091411,0.214212,0.000002,-0.000491,0.002061,-0.000272,-0.001155,0.000360,17,-0.253907,-0.082354,9.370555,-0.164192,-0.165145,-0.053179,9.376807,0.246115,0.115833,0.097510
6.138973,1.261000,0.032000,1.531000,1.249440,-0.035534,1.591078,1.264048,-0.051334,1.585598,0.004419,0.006899,-0.060067,0.998161,0.070038,-0.091391,0.209025,0.000011,-0.000501,0.002052,-0.000252,-0.001135,0.000356,16,-0.161552,0.007821,9.456965,-0.227854,-0.105407,0.063010,9.460549,0.274153,0.091126,0.099673
6.155595,1.262000,0.031000,1.534000,1.244763,-0.027814,1.522986,1.264296,-0.051671,1.586920,0.001426,0.007468,-0.059342,0.998209,0.067963,-0.090895,0.201903,0.000020,-0.000512,0.002124,-0.000225,-0.001114,0.000352,17,-0.174563,-0.045444,9.493783,-0.371854,0.048804,0.040238,9.499162,0.384097,0.062269,0.098185
6.172230,1.262000,0.030000,1.536000,1.264786,-0.019921,1.583764,1.265422,-0.051454,1.589966,-0.001038,0.008872,-0.060158,0.998149,0.070241,-0.080712,0.196908,0.000022,-0.000533,0.002129,-0.000183,-0.001112,0.000353,17,-0.063627,0.479192,9.506946,-0.307234,0.151838,-0.088454,9.523537,0.361732,0.069147,0.097769
6.188912,1.261000,0.028000,1.539000,1.236029,-0.007404,1.569655,1.265177,-0.050544,1.592496,-0.001552,0.010367,-0.059603,0.998167,0.066746,-0.071835,0.191217,0.000040,-0.000560,0.002151,-0.000129,-0.001074,0.000346,17,-0.300206,0.262891,9.496404,-0.062512,0.190161,-0.016635,9.505885,0.204209,0.053072,0.095123
6.205499,1.262000,0.029000,1.541000,1.282176,-0.043681,1.636199,1.267015,-0.051279,1.596856,-0.001092,0.011098,-0.059731,0.998152,0.071873,-0.070240,0.189416,0.000034,-0.000568,0.002106,-0.000115,-0.001090,0.000351,17,0.033222,0.043374,9.627138,0.052174,0.088308,0.038929,9.628467,0.130795,0.121460,0.097928
6.222069,1.262000,0.028000,1.543000,1.264205,-0.014354,1.583409,1.268004,-0.050559,1.599315,-0.000952,0.011074,-0.060017,0.998135,0.074934,-0.065958,0.182491,0.000038,-0.000592,0.002122,-0.000068,-0.001084,0.000353,16,-0.009890,0.068138,9.400514,0.031394,-0.000445,-0.028863,9.407635,0.089520,0.058579,0.096845
6.238755,1.263000,0.029000,1.544000,1.250832,-0.040644,1.577976,1.268443,-0.051065,1.601503,-0.000297,0.010590,-0.059824,0.998153,0.079727,-0.060601,0.176406,0.000047,-0.000597,0.002147,-0.000057,-0.001064,0.000348,17,0.145048,0.312640,9.483581,0.085827,-0.049508,-0.031936,9.492665,0.112294,0.078439,0.098726
6.255359,1.262000,0.027000,1.547000,1.266953,-0.029430,1.579587,1.269668,-0.050944,1.603581,0.001086,0.010093,-0.059737,0.998163,0.081195,-0.055725,0.169941,0.000049,-0.000610,0.002174,-0.000030,-0.001061,0.000349,17,-0.121860,0.202140,9.451419,0.180604,-0.050703,0.019282,9.455558,0.193530,0.065352,0.096620
6.272038,1.263000,0.027000,1.548000,1.207132,-0.041465,1.477241,1.268184,-0.051462,1.602508,0.001779,0.009490,-0.057918,0.998275,0.078251,-0.051522,0.162845,0.000076,-0.000606,0.002315,-0.000029,-0.000994,0.000331,17,-0.131241,0.242483,9.611649,0.090914,-0.050842,0.030134,9.616131,0.112358,0.113205,0.095678
6.288599,1.264000,0.028000,1.549000,1.321488,-0.021897,1.610960,1.271889,-0.050754,1.605181,0.002785,0.009489,-0.059676,0.998169,0.086271,-0.044143,0.158486,0.000052,-0.000628,0.002310,0.000014,-0.001052,0.000350,16,0.048739,0.372337,9.524416,0.138467,-0.010302,-0.011947,9.532396,0.160990,0.098151,0.097061
6.305170,1.264000,0.027000,1.552000,1.290358,-0.085092,1.692776,1.273925,-0.052989,1.610206,0.004055,0.008989,-0.059751,0.998165,0.087727,-0.047395,0.155344,0.000045,-0.000612,0.002217,-0.000022,-0.001068,0.000352,17,-0.141243,0.019462,9.457444,0.152644,-0.056417,0.018082,9.460561,0.169260,0.181871,0.099422
6.321855,1.264000,0.027000,1.553000,1.256645,-0.008096,1.655957,1.274454,-0.051555,1.614026,0.004094,0.008395,-0.059261,0.998199,0.087858,-0.052012,0.151457,0.000061,-0.000644,0.002164,0.000034,-0.001041,0.000348,17,-0.006749,-0.444218,9.480464,0.028210,-0.065711,0.012214,9.491788,0.100139,0.109023,0.100022
6.338520,1.265000,0.028000,1.554000,1.247968,-0.022291,1.621118,1.274639,-0.050945,1.616675,0.003161,0.008012,-0.058860,0.998229,0.091156,-0.048836,0.151094,0.000078,-0.000663,0.002154,0.000068,-0.001008,0.000341,17,0.145442,0.127462,9.769062,-0.101151,-0.044922,-0.029431,9.775793,0.122880,0.085581,0.101259
6.355121,1.266000,0.026000,1.556000,1.258053,-0.027155,1.672486,1.275279,-0.050449,1.620814,0.002111,0.007103,-0.058108,0.998283,0.094540,-0.041177,0.151985,0.000092,-0.000681,0.002091,0.000098,-0.000983,0.000337,17,0.106406,0.401495,9.761335,-0.111098,-0.110280,0.036365,9.771492,0.166198,0.128287,0.100655
6.371685,1.266000,0.026000,1.557000,1.268790,-0.027143,1.662430,1.276411,-0.049838,1.624407,0.001863,0.005814,-0.057881,0.998305,0.099017,-0.032430,0.151029,0.000100,-0.000699,0.002045,0.000128,-0.000970,0.000336,16,0.149304,0.483006,9.669692,-0.013101,-0.161344,0.011802,9.684496,0.184681,0.118099,0.101997
6.388480,1.267000,0.026000,1.560000,1.292300,-0.035458,1.655572,1.278641,-0.049593,1.627676,0.001548,0.004102,-0.058461,0.998280,0.099597,-0.031916,0.148881,0.000096,-0.000711,0.002012,0.000149,-0.000984,0.000341,17,-0.115343,-0.000187,9.620547,-0.020450,-0.218882,-0.016806,9.625012,0.223289,0.116410,0.102126
6.404994,1.266000,0.026000,1.561000,1.279328,-0.036237,1.601280,1.280235,-0.049447,1.629237,0.000911,0.002678,-0.058426,0.998288,0.097213,-0.027028,0.149955,0.000096,-0.000718,0.002044,0.000164,-0.000984,0.000342,17,-0.241892,0.227776,9.924188,-0.060827,-0.182021,0.013170,9.931388,0.202071,0.075323,0.102719
6.421628,1.267000,0.027000,1.562000,1.283270,-0.034922,1.593024,1.281993,-0.049162,1.630548,0.000442,0.001831,-0.058355,0.998294,0.099746,-0.019127,0.146984,0.000094,-0.000726,0.002087,0.000181,-0.000987,0.000344,17,0.042229,0.433893,9.704151,-0.045012,-0.105691,0.027279,9.714408,0.124190,0.071144,0.103558
6.438249,1.267000,0.025000,1.564000,1.255689,-0.004000,1.615871,1.282292,-0.047226,1.632354,0.000525,0.000970,-0.058036,0.998314,0.097700,-0.011972,0.143737,0.000111,-0.000753,0.002101,0.000232,-0.000955,0.000338,16,-0.055151,0.222033,9.628492,0.031749,-0.099099,-0.034656,9.631907,0.127502,0.060494,0.100612
6.454838,1.268000,0.027000,1.565000,1.287814,-0.037836,1.686980,1.283959,-0.046883,1.636194,0.000820,0.000556,-0.058181,0.998306,0.097305,-0.011418,0.139740,0.000113,-0.000763,0.002042,0.000246,-0.000955,0.000339,17,-0.041597,-0.012693,9.468929,0.049065,-0.051101,-0.009150,9.470769,0.091611,0.139555,0.103836
6.471519,1.269000,0.026000,1.566000,1.279673,-0.032528,1.744572,1.285088,-0.046209,1.641605,0.000954,0.000208,-0.057854,0.998325,0.096373,-0.006469,0.134254,0.000123,-0.000778,0.001920,0.000266,-0.000941,0.000336,17,-0.045233,0.212532,9.266105,0.026245,-0.035773,0.006466,9.270867,0.061937,0.188222,0.105779
6.488148,1.269000,0.027000,1.567000,1.241283,-0.007300,1.595211,1.284634,-0.044412,1.642368,0.001132,0.000044,-0.056975,0.998375,0.093410,0.002229,0.130959,0.000147,-0.000799,0.001969,0.000306,-0.000893,0.000325,17,-0.025465,0.352082,9.685323,0.031058,-0.007274,-0.021767,9.692922,0.087084,0.052351,0.104997
6.504696,1.269000,0.027000,1.568000,1.285105,-0.048215,1.619309,1.286051,-0.044604,1.643613,0.001629,-0.000096,-0.056864,0.998381,0.089591,-0.000966,0.124941,0.000145,-0.000795,0.001998,0.000300,-0.000893,0.000325,16,-0.224300,-0.173664,9.475648,0.063796,-0.014562,0.012332,9.481967,0.099513,0.092462,0.105524
6.521318,1.269000,0.028000,1.569000,1.238953,-0.017491,1.656277,1.285188,-0.043301,1.645920,0.001382,-0.000587,-0.055525,0.998456,0.083663,-0.001760,0.119074,0.000173,-0.000811,0.001981,0.000328,-0.000840,0.000312,17,-0.106321,-0.185250,9.422968,-0.018267,-0.048517,0.013333,9.428171,0.076321,0.102906,0.106125
6.537988,1.269000,0.029000,1.569000,1.280123,-0.078154,1.672087,1.286189,-0.044905,1.648508,0.002033,-0.001085,-0.055372,0.998463,0.085817,0.005600,0.114550,0.000174,-0.000790,0.001956,0.000287,-0.000833,0.000306,17,0.103682,0.658424,9.475693,0.067199,-0.053814,-0.042360,9.501553,0.121577,0.149106,0.109905
6.554655,1.269000,0.027000,1.570000,1.257806,-0.033837,1.559036,1.286346,-0.044339,1.647620,0.002823,-0.001653,-0.054813,0.998491,0.081573,0.009333,0.106388,0.000185,-0.000790,0.002056,0.000294,-0.000807,0.000300,17,-0.134115,0.223770,9.486070,0.109713,-0.057896,-0.005413,9.494358,0.141428,0.062823,0.106841
6.571236,1.269000,0.029000,1.570000,1.260968,-0.033763,1.652344,1.286401,-0.043714,1.649414,0.002687,-0.001594,-0.053961,0.998538,0.072384,0.003369,0.098579,0.000199,-0.000796,0.002051,0.000303,-0.000779,0.000293,17,-0.360246,-0.401490,9.328049,-0.011872,0.013857,0.029822,9.345458,0.094280,0.103847,0.109072
6.587832,1.269000,0.027000,1.571000,1.275838,-0.043637,1.606595,1.287005,-0.043691,1.649627,0.002594,-0.000248,-0.054017,0.998537,0.065429,0.007991,0.096395,0.000203,-0.000793,0.002100,0.000300,-0.000770,0.000290,16,-0.406678,0.306134,9.755119,-0.021433,0.171270,-0.040257,9.773815,0.184420,0.079394,0.107255
6.604470,1.269000,0.027000,1.572000,1.292427,-0.033345,1.725286,1.288141,-0.042933,1.653431,0.003150,0.001750,-0.054076,0.998530,0.064218,0.015441,0.101721,0.000206,-0.000804,0.002016,0.000315,-0.000769,0.000292,17,-0.137412,0.431773,9.986725,0.062268,0.254672,0.010883,9.997456,0.264720,0.166394,0.109032
6.621108,1.269000,0.028000,1.572000,1.205009,-0.017322,1.645162,1.285289,-0.041423,1.654835,0.003978,0.003221,-0.052080,0.998630,0.057410,0.018189,0.101141,0.000250,-0.000817,0.002020,0.000337,-0.000683,0.000272,17,-0.095765,0.108165,9.784199,0.100775,0.215032,0.017884,9.785943,0.247178,0.107246,0.109300
6.654303,1.268000,0.028000,1.573000,1.274732,-0.017960,1.683828,1.286512,-0.039558,1.658951,0.005916,0.005646,-0.052227,0.998602,0.057442,0.026252,0.104862,0.000260,-0.000834,0.001987,0.000364,-0.000667,0.000273,33,-0.081531,0.269643,9.894007,0.115274,0.158052,-0.008770,9.899868,0.230588,0.120168,0.110880
6.670925,1.268000,0.028000,1.574000,1.263978,-0.015181,1.683206,1.286301,-0.037849,1.661363,0.006896,0.005549,-0.051647,0.998626,0.057338,0.032153,0.105936,0.000277,-0.000851,0.001956,0.000391,-0.000640,0.000270,17,-0.025226,0.381336,9.830196,0.141030,0.005871,0.038779,9.839772,0.192858,0.117502,0.110920
6.687594,1.268000,0.029000,1.574000,1.275855,-0.038281,1.665880,1.286671,-0.037358,1.663163,0.007274,0.005637,-0.051413,0.998635,0.056858,0.034790,0.104960,0.000283,-0.000850,0.001952,0.000389,-0.000629,0.000266,17,-0.106839,0.295413,9.737739,0.044660,0.017104,-0.010216,9.743408,0.067476,0.114150,0.112704
6.704268,1.267000,0.029000,1.575000,1.264994,-0.032423,1.639140,1.286549,-0.036586,1.664094,0.009024,0.005543,-0.050981,0.998643,0.054846,0.034969,0.103503,0.000294,-0.000850,0.001981,0.000391,-0.000607,0.000261,17,-0.132873,0.147856,9.764216,0.212511,0.005057,-0.010677,9.767574,0.221477,0.088830,0.112345
6.720841,1.267000,0.030000,1.575000,1.290848,-0.030480,1.659313,1.287628,-0.035766,1.665594,0.010391,0.005456,-0.050588,0.998651,0.053760,0.030742,0.101046,0.000292,-0.000854,0.001988,0.000398,-0.000610,0.000263,17,-0.170956,-0.106488,9.678191,0.168453,-0.003990,0.071559,9.680698,0.195568,0.106467,0.113833
6.737420,1.268000,0.031000,1.575000,1.308667,-0.020711,1.723224,1.289401,-0.034490,1.668916,0.010420,0.005249,-0.051376,0.998611,0.056764,0.030569,0.101196,0.000287,-0.000868,0.001922,0.000419,-0.000626,0.000271,16,-0.002308,0.106821,9.705995,0.011554,-0.030405,-0.006388,9.707108,0.101931,0.162167,0.116478
6.754162,1.267000,0.029000,1.576000,1.243789,-0.002625,1.645248,1.288115,-0.032486,1.669798,0.009500,0.004782,-0.050725,0.998656,0.048472,0.026099,0.098006,0.000313,-0.000885,0.001946,0.000450,-0.000579,0.000264,17,-0.355474,-0.269429,9.655252,-0.097399,-0.046929,-0.007297,9.667150,0.122396,0.079588,0.114125
6.787372,1.267000,0.030000,1.576000,1.250679,-0.010332,1.671533,1.287646,-0.030558,1.672917,0.008063,0.005676,-0.050022,0.998699,0.041543,0.028503,0.091854,0.000337,-0.000899,0.001943,0.000472,-0.000538,0.000257,34,-0.233179,0.150007,9.616953,-0.086809,0.054089,0.001688,9.630526,0.121885,0.104975,0.116131
6.803986,1.267000,0.031000,1.576000,1.249154,-0.059785,1.637507,1.286361,-0.031757,1.673157,0.007695,0.005437,-0.048610,0.998773,0.039141,0.022702,0.085195,0.000352,-0.000874,0.001987,0.000431,-0.000502,0.000240,16,-0.053521,-0.042126,9.463447,-0.057028,-0.023077,-0.027038,9.464342,0.080452,0.111101,0.117272
6.820553,1.267000,0.031000,1.576000,1.274669,0.013015,1.596976,1.286525,-0.029127,1.672057,0.007869,0.004997,-0.049458,0.998733,0.036561,0.026359,0.079815,0.000360,-0.000900,0.002076,0.000480,-0.000490,0.000247,17,-0.221773,0.119284,9.618624,0.036173,-0.051570,-0.020598,9.623035,0.097718,0.028675,0.114993
6.837242,1.267000,0.032000,1.576000,1.245020,-0.025208,1.683907,1.284965,-0.028551,1.673690,0.008293,0.005101,-0.048346,0.998783,0.027925,0.020804,0.077512,0.000384,-0.000902,0.002060,0.000481,-0.000447,0.000237,17,-0.400029,-0.238983,9.640803,0.052719,0.023189,0.012932,9.653099,0.110095,0.124096,0.116329
6.853847,1.267000,0.032000,1.576000,1.265049,-0.036182,1.659450,1.284399,-0.028707,1.674458,0.007844,0.006519,-0.047467,0.998821,0.022164,0.013912,0.073847,0.000393,-0.000895,0.002078,0.000470,-0.000429,0.000229,17,-0.335392,-0.251037,9.619612,-0.065704,0.174729,0.021831,9.630191,0.195223,0.107780,0.116970
6.870407,1.266000,0.031000,1.576000,1.277563,-0.013266,1.688065,1.284404,-0.027675,1.676005,0.007415,0.007851,-0.047839,0.998797,0.023039,0.014628,0.072279,0.000400,-0.000906,0.002061,0.000487,-0.000420,0.000232,16,-0.053502,0.107304,9.678855,-0.056684,0.169854,-0.023377,9.682422,0.190647,0.121044,0.117399
6.887086,1.266000,0.031000,1.577000,1.239487,-0.002360,1.671205,1.282603,-0.026164,1.677013,0.007064,0.008141,-0.047587,0.998809,0.020407,0.016823,0.072770,0.000427,-0.000921,0.002062,0.000512,-0.000375,0.000227,17,-0.111332,0.125891,9.833525,-0.040455,0.053543,-0.024958,9.837130,0.086746,0.103395,0.116387
6.903677,1.266000,0.030000,1.577000,1.248642,-0.000505,1.568590,1.281434,-0.024744,1.674787,0.007707,0.008374,-0.047306,0.998816,0.018938,0.015093,0.071596,0.000442,-0.000930,0.002188,0.000534,-0.000345,0.000226,17,-0.104108,-0.082028,9.948745,0.077492,0.040654,0.014088,9.950255,0.136096,0.036091,0.113125
6.920324,1.265000,0.030000,1.577000,1.293709,-0.020707,1.637630,1.282375,-0.024382,1.674749,0.008314,0.008664,-0.047525,0.998798,0.019689,0.008426,0.070731,0.000433,-0.000931,0.002234,0.000538,-0.000358,0.000230,17,-0.147173,-0.260043,9.837237,0.077672,0.033272,0.019490,9.843547,0.109739,0.084092,0.113199
6.936935,1.265000,0.030000,1.577000,1.269552,-0.011348,1.650494,1.282101,-0.023648,1.675145,0.009288,0.008392,-0.047536,0.998791,0.017346,0.005191,0.071158,0.000441,-0.000938,0.002262,0.000551,-0.000346,0.000231,17,-0.240137,-0.106546,9.880560,0.122036,-0.022751,0.004103,9.885283,0.137994,0.084450,0.113150
6.953519,1.265000,0.031000,1.577000,1.205193,-0.031134,1.634307,1.278680,-0.024064,1.675029,0.010114,0.008096,-0.045734,0.998870,0.009334,0.004336,0.073542,0.000478,-0.000928,0.002307,0.000535,-0.000276,0.000211,16,-0.325927,0.170043,10.032985,0.103661,-0.012767,-0.009849,10.043133,0.113315,0.103545,0.113264
6.970161,1.265000,0.032000,1.577000,1.302822,-0.018357,1.672947,1.280025,-0.023649,1.676116,0.012523,0.008862,-0.046234,0.998813,0.016427,0.008032,0.076386,0.000466,-0.000932,0.002312,0.000543,-0.000298,0.000218,17,0.121878,0.458558,9.989021,0.298727,0.102611,0.016866,10.004530,0.319385,0.114770,0.114658
6.986824,1.265000,0.033000,1.576000,1.246678,-0.020908,1.603886,1.278802,-0.023523,1.675102,0.013422,0.009286,-0.045471,0.998832,0.016577,0.002310,0.075835,0.000479,-0.000929,0.002395,0.000541,-0.000270,0.000211,17,-0.010152,-0.079137,9.927812,0.109652,0.064478,0.017829,9.928691,0.140647,0.063398,0.114920
7.003426,1.265000,0.032000,1.576000,1.290855,-0.035713,1.698832,1.279602,-0.024084,1.677057,0.014257,0.009526,-0.045452,0.998819,0.018543,0.002237,0.078319,0.000473,-0.000922,0.002371,0.000529,-0.000281,0.000210,17,-0.131680,0.318906,9.914012,0.097080,0.030088,-0.008860,9.921093,0.118571,0.142623,0.116495
7.020045,1.264000,0.032000,1.577000,1.251972,-0.052540,1.699129,1.278537,-0.025474,1.678911,0.014375,0.009654,-0.044282,0.998869,0.020030,0.001797,0.075704,0.000485,-0.000903,0.002347,0.000498,-0.000257,0.000197,16,0.017748,0.407494,9.596209,0.006740,0.022325,-0.005469,9.606095,0.080423,0.149021,0.117901
7.036615,1.264000,0.032000,1.577000,1.265559,-0.000618,1.662316,1.278308,-0.024205,1.679593,0.014919,0.009836,-0.044798,0.998836,0.022668,0.003023,0.074341,0.000495,-0.000918,0.002365,0.000523,-0.000244,0.000202,17,0.024586,0.237003,9.752014,0.074481,0.032792,-0.008615,9.755156,0.125694,0.091352,0.117852
7.053297,1.264000,0.031000,1.577000,1.296778,-0.030779,1.688068,1.279521,-0.024531,1.680982,0.015173,0.009635,-0.044745,0.998837,0.025296,-0.005144,0.071118,0.000485,-0.000915,0.002358,0.000517,-0.000260,0.000203,17,-0.073376,-0.163692,9.611411,0.035557,-0.028760,0.018894,9.615586,0.087059,0.131252,0.118899
7.069923,1.263000,0.030000,1.577000,1.224354,-0.005169,1.674738,1.277358,-0.023729,1.681930,0.014489,0.009325,-0.044258,0.998872,0.021022,-0.013291,0.064922,0.000516,-0.000925,0.002360,0.000534,-0.000210,0.000200,17,-0.155214,-0.325743,9.453471,-0.073800,-0.024564,0.021826,9.462570,0.135416,0.110829,0.118757
7.086541,1.264000,0.030000,1.577000,1.264624,-0.049746,1.617533,1.277126,-0.025382,1.680928,0.013586,0.009852,-0.043699,0.998904,0.017823,-0.019345,0.059139,0.000516,-0.000905,0.002438,0.000504,-0.000203,0.000190,17,-0.321403,0.019780,9.584139,-0.118916,0.057288,-0.043433,9.592760,0.148525,0.089458,0.118493
7.103120,1.263000,0.029000,1.577000,1.254054,-0.036055,1.584552,1.276417,-0.026319,1.678829,0.012914,0.010970,-0.042779,0.998941,0.016350,-0.021298,0.052945,0.000521,-0.000892,0.002550,0.000489,-0.000187,0.000184,16,-0.210751,0.193667,9.608148,-0.095112,0.141686,0.034703,9.613756,0.177996,0.066100,0.116659
7.119767,1.263000,0.029000,1.577000,1.297641,-0.035880,1.717802,1.277636,-0.027111,1.680830,0.011056,0.012001,-0.042901,0.998946,0.022880,-0.026598,0.052657,0.000511,-0.000889,0.002508,0.000482,-0.000204,0.000184,17,0.107034,-0.029000,9.727513,-0.236147,0.113074,-0.014769,9.729557,0.272304,0.158854,0.118926
7.136412,1.264000,0.028000,1.576000,1.214292,-0.046046,1.666638,1.275129,-0.028460,1.681244,0.010214,0.011713,-0.042136,0.998991,0.024628,-0.027791,0.050537,0.000543,-0.000874,0.002522,0.000460,-0.000152,0.000173,17,0.129941,0.244174,9.705819,-0.108770,-0.021703,-0.032197,9.712740,0.144797,0.127158,0.119949
7.153058,1.264000,0.028000,1.576000,1.287554,-0.025176,1.669882,1.276133,-0.028807,1.681675,0.008612,0.011067,-0.041928,0.999022,0.029034,-0.035032,0.047451,0.000536,-0.000876,0.002537,0.000464,-0.000162,0.000175,17,0.024466,-0.259866,9.656046,-0.188701,-0.088514,0.044569,9.659920,0.217559,0.110437,0.120588
7.169693,1.265000,0.029000,1.575000,1.309925,-0.040438,1.701949,1.278094,-0.029919,1.682995,0.006301,0.010645,-0.041708,0.999053,0.032437,-0.038359,0.049336,0.000518,-0.000871,0.002518,0.000455,-0.000190,0.000174,16,-0.136202,-0.012882,9.893910,-0.293343,-0.075960,0.021783,9.896219,0.311570,0.151512,0.123717
7.186231,1.265000,0.028000,1.575000,1.224386,-0.066450,1.618277,1.276212,-0.032399,1.681777,0.005313,0.008886,-0.040685,0.999118,0.032573,-0.039349,0.047852,0.000539,-0.000842,0.002592,0.000414,-0.000150,0.000162,17,0.005786,0.235522,9.845991,-0.129925,-0.204671,-0.013836,9.853756,0.256726,0.111549,0.123187
7.219580,1.265000,0.026000,1.575000,1.253102,-0.059056,1.640593,1.276188,-0.034954,1.682068,0.002176,0.006887,-0.040061,0.999171,0.031452,-0.033256,0.051054,0.000548,-0.000821,0.002644,0.000385,-0.000132,0.000154,34,-0.156561,0.318017,9.945634,-0.188283,-0.127808,-0.006181,9.954056,0.247840,0.108067,0.123709
7.236149,1.265000,0.027000,1.575000,1.278974,0.004468,1.659268,1.276800,-0.033374,1.682179,0.002386,0.005825,-0.040773,0.999149,0.030753,-0.025539,0.054371,0.000550,-0.000847,0.002669,0.000425,-0.000132,0.000164,16,-0.206427,0.320891,10.062893,0.046628,-0.133799,0.023378,10.072642,0.160513,0.088341,0.123578
7.252764,1.265000,0.027000,1.574000,1.211518,-0.061552,1.646957,1.274225,-0.035220,1.681943,0.002111,0.004998,-0.039862,0.999190,0.025946,-0.024416,0.056143,0.000582,-0.000823,0.002710,0.000392,-0.000079,0.000156,17,-0.123736,0.250459,9.985321,-0.045961,-0.088263,0.021545,9.994030,0.119479,0.126588,0.124932
7.269387,1.266000,0.026000,1.574000,1.306881,-0.029546,1.655988,1.276213,-0.035289,1.681995,0.001170,0.004401,-0.039889,0.999194,0.028850,-0.018043,0.056008,0.000563,-0.000828,0.002744,0.000399,-0.000107,0.000157,17,-0.095679,0.417528,9.861296,-0.105391,-0.087081,0.008880,9.873317,0.142663,0.107139,0.124593
7.286084,1.266000,0.026000,1.574000,1.258505,-0.009321,1.652335,1.275854,-0.034247,1.681946,0.000323,0.003742,-0.040520,0.999172,0.025966,-0.014275,0.051131,0.000574,-0.000843,0.002777,0.000423,-0.000091,0.000163,17,-0.183297,0.107559,9.567451,-0.092576,-0.079503,-0.013982,9.571035,0.127807,0.086256,0.124013
7.302642,1.267000,0.026000,1.574000,1.256370,-0.018467,1.647228,1.275393,-0.033675,1.681663,0.001026,0.003162,-0.040733,0.999165,0.023900,-0.011133,0.046434,0.000585,-0.000852,0.002816,0.000436,-0.000074,0.000166,17,-0.117085,0.121958,9.591019,0.091985,-0.060894,0.007909,9.594086,0.122469,0.086329,0.123380
7.319272,1.266000,0.026000,1.574000,1.267527,-0.051890,1.696812,1.275347,-0.034695,1.682832,0.001725,0.002850,-0.040064,0.999192,0.021101,-0.005987,0.045371,0.000589,-0.000840,0.002800,0.000418,-0.000068,0.000162,16,-0.230230,0.430485,9.711309,0.084287,-0.033727,0.038854,9.725555,0.116143,0.145437,0.124963
7.335864,1.267000,0.026000,1.574000,1.231693,-0.037070,1.653715,1.273650,-0.034907,1.682631,0.001874,0.003177,-0.040272,0.999182,0.015130,-0.004564,0.042226,0.000612,-0.000834,0.002832,0.000413,-0.000033,0.000161,17,-0.241474,0.113845,9.671968,0.013395,0.050534,-0.031874,9.676018,0.078616,0.107605,0.124718
7.352521,1.267000,0.026000,1.574000,1.274719,-0.022947,1.620462,1.274026,-0.034436,1.681356,0.002645,0.003459,-0.040545,0.999168,0.017485,0.000255,0.040476,0.000608,-0.000839,0.002905,0.000422,-0.000035,0.000163,17,0.035403,0.290771,9.820569,0.095305,0.038049,-0.013139,9.826957,0.114815,0.067927,0.123398
7.369155,1.267000,0.027000,1.573000,1.295210,-0.042659,1.704898,1.275263,-0.034758,1.682719,0.004358,0.003789,-0.039909,0.999187,0.019818,0.009496,0.040467,0.000597,-0.000836,0.002880,0.000416,-0.000052,0.000161,17,-0.062026,0.659529,9.766113,0.203174,0.042709,0.060524,9.789573,0.224056,0.151807,0.126177
7.385769,1.267000,0.027000,1.573000,1.251125,-0.019758,1.639817,1.274530,-0.033890,1.682018,0.004506,0.003215,-0.039915,0.999188,0.021062,0.010413,0.037928,0.000609,-0.000843,0.002928,0.000427,-0.000033,0.000164,16,0.111360,0.091402,9.733084,0.027608,-0.065105,0.029191,9.739135,0.104234,0.083084,0.125097
7.402326,1.267000,0.026000,1.573000,1.277038,-0.048397,1.686908,1.274945,-0.034474,1.682735,0.004471,0.003249,-0.039820,0.999192,0.019506,0.007252,0.036873,0.000607,-0.000833,0.002924,0.000413,-0.000035,0.000161,17,-0.164265,-0.053382,9.729072,-0.009500,-0.000931,-0.020256,9.731683,0.104263,0.136421,0.125547
7.419023,1.267000,0.026000,1.573000,1.288158,-0.001109,1.675978,1.275845,-0.032719,1.683127,0.003779,0.003310,-0.039986,0.999188,0.018361,0.010441,0.037954,0.000602,-0.000856,0.002931,0.000445,-0.000044,0.000167,17,-0.197117,0.090650,9.882969,-0.075356,0.001692,0.045857,9.888794,0.106954,0.108568,0.125116
7.435638,1.267000,0.027000,1.573000,1.239526,-0.053614,1.673558,1.274481,-0.033577,1.683468,0.003222,0.003314,-0.039609,0.999205,0.016133,0.012474,0.041464,0.000620,-0.000839,0.002942,0.000423,-0.000016,0.000163,17,-0.065506,0.294476,10.037911,-0.076743,0.005298,0.004145,10.044933,0.095154,0.131778,0.126209
7.452274,1.267000,0.027000,1.573000,1.254795,-0.049352,1.746663,1.273725,-0.034043,1.686061,0.004432,0.003299,-0.039802,0.999192,0.014159,0.015768,0.044338,0.000634,-0.000831,0.002869,0.000409,0.000001,0.000160,16,-0.112903,0.349737,9.865068,0.149004,0.009479,-0.048202,9.872864,0.168213,0.190098,0.128663
7.468835,1.267000,0.027000,1.572000,1.260529,0.001359,1.624681,1.273400,-0.032101,1.684888,0.005371,0.002983,-0.040058,0.999178,0.011879,0.017995,0.044206,0.000641,-0.000851,0.002938,0.000439,0.000012,0.000167,17,-0.149239,0.067716,9.925275,0.135205,-0.031932,0.035997,9.929394,0.155084,0.058946,0.127584
7.485545,1.267000,0.027000,1.573000,1.267909,-0.042956,1.689129,1.273336,-0.032375,1.685715,0.004817,0.003178,-0.039549,0.999201,0.012488,0.012804,0.045465,0.000644,-0.000843,0.002934,0.000429,0.000016,0.000164,17,0.015284,-0.148271,9.882118,-0.066175,0.019246,0.039321,9.886360,0.115428,0.135575,0.127555
7.502197,1.267000,0.028000,1.572000,1.292640,-0.018790,1.673579,1.274418,-0.031562,1.686061,0.003785,0.003008,-0.040092,0.999184,0.012453,0.009532,0.045672,0.000633,-0.000853,0.002949,0.000442,0.000001,0.000167,17,-0.128922,-0.194966,9.849147,-0.119729,-0.030315,-0.041153,9.852488,0.141847,0.114739,0.128890
7.518779,1.268000,0.031000,1.571000,1.251826,-0.020189,1.622919,1.273652,-0.030937,1.684854,0.003331,0.002537,-0.040368,0.999176,0.008266,0.008026,0.042136,0.000643,-0.000856,0.003020,0.000448,0.000018,0.000168,17,-0.209496,-0.085917,9.716238,-0.049808,-0.052491,-0.021759,9.719767,0.088843,0.074682,0.129733
7.535374,1.267000,0.029000,1.571000,1.304577,-0.029893,1.648726,1.275217,-0.030843,1.684325,0.003251,0.002286,-0.040215,0.999183,0.009928,0.006297,0.035692,0.000623,-0.000856,0.003065,0.000449,-0.000008,0.000168,16,-0.078354,-0.050529,9.477230,-0.008380,-0.041635,0.019614,9.478915,0.091855,0.104507,0.128419
7.552013,1.267000,0.031000,1.571000,1.245126,-0.030770,1.618915,1.274062,-0.030792,1.682837,0.004249,0.002086,-0.040456,0.999170,0.005785,0.008505,0.027277,0.000636,-0.000852,0.003139,0.000446,0.000013,0.000167,17,-0.193998,0.192189,9.413504,0.122166,-0.012650,-0.034409,9.418745,0.145112,0.081178,0.127968
7.568602,1.267000,0.031000,1.570000,1.272374,-0.039863,1.691944,1.274080,-0.031087,1.683506,0.005950,0.001734,-0.040365,0.999166,0.006868,0.008269,0.024672,0.000637,-0.000846,0.003129,0.000438,0.000014,0.000166,17,0.035711,0.134463,9.622182,0.210271,-0.036757,-0.002929,9.624154,0.225015,0.141141,0.129571
7.585359,1.267000,0.030000,1.570000,1.293653,-0.016942,1.685751,1.275037,-0.030294,1.683945,0.006969,0.002521,-0.040388,0.999157,0.004626,0.006449,0.022219,0.000627,-0.000856,0.003127,0.000451,0.000000,0.000168,17,-0.249642,-0.071614,9.659843,0.125103,0.094360,0.017791,9.664636,0.171463,0.127719,0.129165
7.601853,1.266000,0.030000,1.569000,1.294194,-0.034777,1.656517,1.276007,-0.030469,1.683429,0.007900,0.003009,-0.040415,0.999147,0.005376,0.006292,0.022446,0.000615,-0.000852,0.003161,0.000447,-0.000016,0.000168,16,-0.102510,0.158463,9.879069,0.115468,0.063057,-0.011873,9.883638,0.145384,0.112473,0.129810
7.618459,1.266000,0.030000,1.569000,1.253472,-0.025588,1.659133,1.275100,-0.030112,1.683064,0.009415,0.003647,-0.040365,0.999134,0.004799,0.009812,0.024702,0.000626,-0.000854,0.003187,0.000449,0.000001,0.000168,17,-0.044757,0.372005,9.992573,0.180706,0.097071,0.008580,10.002200,0.226078,0.106634,0.129255
7.635155,1.266000,0.031000,1.568000,1.282235,0.020918,1.629283,1.275560,-0.027579,1.681862,0.009916,0.004762,-0.040778,0.999108,0.002939,0.006549,0.025156,0.000623,-0.000886,0.003246,0.000493,-0.000003,0.000174,17,-0.195478,-0.238670,9.953337,0.077854,0.138670,0.003852,9.964005,0.209033,0.064194,0.128403
7.651811,1.266000,0.030000,1.569000,1.235319,-0.000964,1.685783,1.273786,-0.026199,1.682448,0.009191,0.005753,-0.041333,0.999087,0.000209,0.005513,0.030074,0.000647,-0.000903,0.003236,0.000514,0.000030,0.000176,17,-0.097103,-0.024593,10.090095,-0.088415,0.130987,-0.049759,10.093388,0.180055,0.124653,0.126844
7.668433,1.265000,0.031000,1.568000,1.246425,-0.046376,1.617644,1.272638,-0.027133,1.680991,0.009676,0.007135,-0.040877,0.999092,0.000390,0.005337,0.033834,0.000657,-0.000885,0.003311,0.000493,0.000046,0.000172,17,-0.029897,0.289898,10.158887,0.043486,0.174633,0.016304,10.164177,0.197483,0.093790,0.127297
7.684958,1.265000,0.031000,1.568000,1.253876,-0.031788,1.642394,1.271867,-0.027349,1.680347,0.009707,0.007307,-0.040135,0.999120,0.001759,-0.001930,0.033304,0.000665,-0.000880,0.003354,0.000487,0.000059,0.000170,16,0.045070,-0.228395,9.862365,0.001073,0.027747,0.081913,9.867277,0.131844,0.097983,0.126782
7.701623,1.265000,0.030000,1.568000,1.298367,-0.023597,1.589669,1.273208,-0.027343,1.678092,0.008708,0.006680,-0.040466,0.999121,0.005813,-0.004020,0.031782,0.000645,-0.000879,0.003460,0.000488,0.000036,0.000171,17,-0.012452,0.031798,9.894763,-0.118873,-0.090247,-0.036577,9.897299,0.158188,0.066749,0.124402
7.718304,1.265000,0.032000,1.568000,1.271616,-0.007909,1.633338,1.273295,-0.026494,1.677262,0.008114,0.005937,-0.040772,0.999118,0.008037,0.000088,0.033062,0.000645,-0.000890,0.003510,0.000504,0.000037,0.000173,17,-0.018028,0.330645,9.969314,-0.063282,-0.094246,-0.021148,9.976673,0.151934,0.076847,0.124212
7.734883,1.266000,0.034000,1.568000,1.312383,-0.046504,1.692663,1.275139,-0.027463,1.678234,0.008047,0.005413,-0.039991,0.999153,0.009845,-0.002499,0.033754,0.000623,-0.000878,0.003497,0.000489,0.000007,0.000172,17,-0.164418,0.092894,9.831372,-0.009466,-0.075883,0.081055,9.834938,0.130384,0.155477,0.126542
7.751513,1.264000,0.030000,1.568000,1.278446,-0.008241,1.707384,1.275410,-0.026589,1.679650,0.007410,0.005389,-0.040249,0.999148,0.011538,-0.003884,0.035427,0.000624,-0.000893,0.003464,0.000507,0.000007,0.000173,16,0.003489,-0.038996,9.859447,-0.074044,-0.007076,-0.016794,9.866377,0.101983,0.145255,0.125691
7.768095,1.264000,0.031000,1.567000,1.225959,-0.021604,1.686814,1.273391,-0.026358,1.680448,0.006880,0.004822,-0.040571,0.999141,0.012047,-0.000623,0.035492,0.000652,-0.000895,0.003452,0.000509,0.000045,0.000173,17,0.122914,0.329108,9.796017,-0.062012,-0.058689,-0.041382,9.803424,0.106970,0.136271,0.127470
7.784792,1.265000,0.034000,1.567000,1.228845,0.006157,1.600888,1.271679,-0.024860,1.678634,0.006411,0.004450,-0.040717,0.999140,0.007589,0.003187,0.032142,0.000675,-0.000912,0.003537,0.000531,0.000077,0.000175,17,-0.188324,0.213182,9.751241,-0.045564,-0.035552,0.001053,9.757503,0.080206,0.056840,0.126377
7.801375,1.264000,0.032000,1.566000,1.302719,-0.022904,1.678858,1.273206,-0.024704,1.679106,0.007485,0.004159,-0.040932,0.999125,0.013480,0.005912,0.028192,0.000657,-0.000914,0.003539,0.000535,0.000054,0.000176,17,0.121028,0.306044,9.570679,0.130826,-0.037672,-0.017220,9.578023,0.161173,0.131341,0.126859
7.817955,1.264000,0.032000,1.566000,1.239279,-0.032351,1.646174,1.271910,-0.025010,1.678497,0.008878,0.004111,-0.040824,0.999118,0.007572,0.003027,0.020461,0.000674,-0.000906,0.003575,0.000525,0.000077,0.000174,16,-0.298881,-0.009923,9.379084,0.176207,0.008569,0.000900,9.385475,0.184955,0.105736,0.126366
7.834594,1.264000,0.032000,1.566000,1.268625,0.006242,1.652059,1.271896,-0.023532,1.677994,0.009537,0.005166,-0.040562,0.999118,0.004849,-0.000617,0.014898,0.000677,-0.000927,0.003603,0.000550,0.000081,0.000177,17,-0.225241,-0.215247,9.508319,0.090084,0.135575,0.055557,9.513713,0.184037,0.089950,0.125255
7.851275,1.263000,0.032000,1.565000,1.236984,-0.021191,1.614262,1.270493,-0.023489,1.676284,0.008702,0.006160,-0.040558,0.999120,0.005080,-0.001964,0.007623,0.000693,-0.000924,0.003672,0.000549,0.000104,0.000176,17,0.033660,0.089039,9.487318,-0.106596,0.123470,-0.007226,9.490690,0.195821,0.077025,0.124577
7.867864,1.264000,0.034000,1.564000,1.245100,-0.010418,1.646555,1.269518,-0.022974,1.675472,0.006934,0.006051,-0.040876,0.999122,0.007457,-0.008306,-0.000313,0.000706,-0.000931,0.003703,0.000557,0.000122,0.000177,17,0.170700,-0.284971,9.378876,-0.208277,-0.009492,-0.033855,9.385682,0.226732,0.095631,0.125310
7.884473,1.264000,0.033000,1.564000,1.226703,-0.035589,1.658302,1.267755,-0.023770,1.674946,0.005042,0.004774,-0.040762,0.999145,0.005314,-0.014010,-0.001218,0.000729,-0.000920,0.003720,0.000544,0.000151,0.000175,17,-0.040622,-0.168847,9.781524,-0.226501,-0.151645,-0.007779,9.785255,0.277215,0.122427,0.124683
7.901075,1.264000,0.033000,1.563000,1.292329,0.009262,1.659321,1.268905,-0.022424,1.674495,0.005560,0.004518,-0.041289,0.999122,0.002369,-0.009257,0.003948,0.000716,-0.000943,0.003737,0.000572,0.000136,0.000179,16,-0.404754,0.207381,10.161453,0.076475,-0.035673,-0.025029,10.174032,0.196353,0.103169,0.124607
7.917676,1.264000,0.034000,1.563000,1.246518,-0.052473,1.654189,1.267941,-0.023988,1.673997,0.007251,0.003821,-0.040572,0.999143,-0.002869,-0.007499,0.011128,0.000726,-0.000921,0.003760,0.000546,0.000149,0.000175,17,-0.337093,0.381787,10.298538,0.210196,-0.075029,0.054147,10.312707,0.258483,0.126881,0.125293
7.934381,1.263000,0.034000,1.562000,1.248063,-0.013233,1.695122,1.266951,-0.023538,1.674896,0.007685,0.004378,-0.040349,0.999147,-0.006939,-0.004109,0.019881,0.000739,-0.000929,0.003734,0.000554,0.000164,0.000176,17,-0.270328,0.286797,10.299624,0.056025,0.078478,0.040571,10.309434,0.109853,0.142041,0.126774
7.951009,1.262000,0.032000,1.562000,1.263431,-0.011794,1.607630,1.266773,-0.023096,1.673236,0.008003,0.005792,-0.040884,0.999115,-0.005858,-0.001658,0.024426,0.000738,-0.000934,0.003810,0.000562,0.000165,0.000177,17,-0.047360,0.268575,10.211974,0.033768,0.171321,-0.057122,10.215883,0.194051,0.063262,0.124225
7.967602,1.263000,0.033000,1.562000,1.248439,-0.019791,1.631500,1.265923,-0.023015,1.672403,0.008982,0.006505,-0.040742,0.999108,-0.005961,-0.004061,0.029174,0.000746,-0.000933,0.003856,0.000562,0.000177,0.000177,16,-0.052054,0.008484,10.196585,0.120221,0.100777,0.017908,10.196882,0.176403,0.088483,0.123835
7.984176,1.262000,0.034000,1.562000,1.256968,-0.026740,1.678777,1.265437,-0.023297,1.673097,0.008253,0.006375,-0.040272,0.999134,-0.006611,-0.010855,0.034988,0.000751,-0.000931,0.003849,0.000559,0.000183,0.000177,17,-0.098799,-0.223984,10.167259,-0.084708,-0.016638,0.056549,10.172372,0.135582,0.131726,0.125049
8.000880,1.263000,0.034000,1.562000,1.248322,-0.010645,1.671019,1.264567,-0.022828,1.673636,0.008527,0.006087,-0.040873,0.999109,-0.007780,-0.004438,0.040314,0.000762,-0.000939,0.003849,0.000569,0.000196,0.000178,17,-0.168290,0.475410,10.125651,0.032235,-0.029724,-0.059685,10.144119,0.107515,0.118717,0.125277
8.017511,1.263000,0.035000,1.562000,1.259180,-0.001091,1.719147,1.264141,-0.021799,1.675675,0.008908,0.005901,-0.040904,0.999106,-0.010677,-0.004476,0.041223,0.000768,-0.000956,0.003797,0.000587,0.000203,0.000181,17,-0.254225,0.051872,9.784391,0.053909,-0.017415,0.020351,9.792710,0.083619,0.161283,0.127081
8.034119,1.263000,0.036000,1.562000,1.280950,-0.022068,1.659537,1.264764,-0.021963,1.675820,0.009305,0.005100,-0.040723,0.999114,-0.006247,-0.010551,0.038442,0.000758,-0.000956,0.003817,0.000588,0.000190,0.000181,17,0.105499,-0.176044,9.682202,0.054002,-0.098728,0.024251,9.685866,0.138594,0.114924,0.127741
8.050680,1.262000,0.037000,1.561000,1.277405,-0.024650,1.640797,1.265261,-0.022288,1.675311,0.009724,0.004371,-0.040862,0.999108,-0.007990,-0.011781,0.033842,0.000748,-0.000953,0.003858,0.000585,0.000180,0.000181,16,-0.264662,0.105411,9.588246,0.056508,-0.094356,-0.018929,9.595403,0.137570,0.102008,0.128813
8.067314,1.261000,0.034000,1.561000,1.261616,-0.005196,1.626879,1.264992,-0.021740,1.674352,0.009340,0.004105,-0.040720,0.999119,-0.013445,-0.014908,0.026718,0.000749,-0.000963,0.003912,0.000597,0.000182,0.000182,17,-0.396624,-0.122555,9.469814,-0.039765,-0.032746,0.025611,9.479800,0.090543,0.076660,0.126379
8.083955,1.262000,0.037000,1.561000,1.280102,-0.036665,1.640649,1.265497,-0.022750,1.673704,0.007999,0.003492,-0.040588,0.999138,-0.009667,-0.017072,0.022602,0.000737,-0.000951,0.003953,0.000585,0.000169,0.000181,17,0.069387,0.113652,9.622223,-0.165630,-0.088533,0.007258,9.628331,0.197989,0.109991,0.127611
8.100612,1.261000,0.034000,1.561000,1.254100,-0.000370,1.618555,1.264933,-0.021977,1.672393,0.007160,0.001977,-0.040988,0.999132,-0.008153,-0.010807,0.016591,0.000741,-0.000964,0.004013,0.000601,0.000176,0.000182,17,0.048861,0.428348,9.544611,-0.088189,-0.181903,-0.037021,9.555263,0.211220,0.067391,0.124729
8.117224,1.261000,0.034000,1.560000,1.253949,-0.002883,1.682042,1.264310,-0.021205,1.672952,0.007613,-0.000312,-0.041277,0.999119,-0.010632,-0.010464,0.016785,0.000749,-0.000978,0.004000,0.000616,0.000185,0.000184,16,-0.119727,0.061539,9.799848,0.074756,-0.284353,-0.024051,9.804472,0.305730,0.127689,0.125764
8.133780,1.261000,0.035000,1.559000,1.253548,0.010033,1.576524,1.263744,-0.019990,1.670314,0.009079,-0.001562,-0.041600,0.999092,-0.017244,-0.011115,0.011920,0.000751,-0.000995,0.004106,0.000638,0.000191,0.000186,17,-0.365093,-0.055840,9.695987,0.199270,-0.152080,-0.026497,9.704239,0.257934,0.031400,0.124186
8.150480,1.261000,0.036000,1.558000,1.236365,-0.028369,1.540949,1.262411,-0.020737,1.666599,0.010746,-0.002012,-0.041296,0.999087,-0.022583,-0.017882,0.007382,0.000759,-0.000982,0.004251,0.000626,0.000204,0.000184,17,-0.177490,-0.173620,9.784444,0.207926,-0.042427,0.027015,9.788815,0.222656,0.071000,0.122535
8.167098,1.260000,0.035000,1.559000,1.274323,-0.017441,1.628238,1.262599,-0.020969,1.665536,0.011141,-0.001786,-0.041016,0.999095,-0.026570,-0.026404,0.004279,0.000750,-0.000983,0.004295,0.000629,0.000195,0.000185,17,-0.229897,-0.333029,9.706410,0.048377,0.026929,0.036118,9.716421,0.081632,0.088028,0.120371
8.183728,1.259000,0.035000,1.558000,1.262734,-0.023912,1.662474,1.262149,-0.021528,1.665512,0.010676,-0.001653,-0.041289,0.999089,-0.031189,-0.026377,0.004005,0.000749,-0.000981,0.004298,0.000627,0.000194,0.000184,17,-0.255694,0.202227,9.800118,-0.055622,0.012130,-0.033975,9.806843,0.088078,0.119997,0.121508
8.200301,1.260000,0.038000,1.557000,1.236410,-0.015159,1.588039,1.260638,-0.021685,1.663269,0.010069,-0.001588,-0.041177,0.999100,-0.031774,-0.025501,0.003727,0.000760,-0.000981,0.004384,0.000629,0.000209,0.000185,16,0.076391,0.245601,9.939608,-0.075603,0.011288,0.017842,9.943693,0.105614,0.065922,0.121884
8.216944,1.259000,0.035000,1.556000,1.242788,-0.020713,1.593098,1.259449,-0.022092,1.661223,0.010194,-0.002097,-0.040774,0.999114,-0.033112,-0.024954,0.002815,0.000766,-0.000978,0.004461,0.000627,0.000218,0.000185,17,0.004225,0.225104,9.882429,0.015737,-0.061493,0.050116,9.886758,0.100076,0.068870,0.119715
8.233678,1.258000,0.036000,1.556000,1.285397,0.008053,1.631559,1.260087,-0.021143,1.660392,0.009080,-0.002090,-0.040676,0.999129,-0.036575,-0.028883,0.000836,0.000750,-0.001000,0.004495,0.000651,0.000201,0.000187,17,-0.258138,-0.216375,9.758999,-0.123299,-0.009906,0.029294,9.766134,0.137167,0.085093,0.119026
8.250242,1.258000,0.036000,1.555000,1.252156,-0.014986,1.638023,1.259155,-0.021350,1.659699,0.008346,-0.002335,-0.040854,0.999128,-0.040499,-0.032491,-0.004439,0.000754,-0.001003,0.004519,0.000655,0.000205,0.000187,17,-0.159778,-0.097365,9.533008,-0.086758,-0.032186,-0.018313,9.535964,0.099916,0.097604,0.119383
8.266790,1.256000,0.034000,1.554000,1.244276,-0.022265,1.589443,1.257951,-0.021994,1.657476,0.007012,-0.001952,-0.040348,0.999159,-0.043992,-0.036593,-0.012117,0.000758,-0.000999,0.004597,0.000652,0.000212,0.000187,16,-0.116734,-0.112667,9.464523,-0.171312,0.045011,0.063424,9.469302,0.191109,0.067524,0.117671
8.283467,1.256000,0.035000,1.553000,1.227431,-0.000797,1.588517,1.256022,-0.021602,1.655209,0.005305,-0.001914,-0.040448,0.999166,-0.045451,-0.032679,-0.017411,0.000773,-0.001010,0.004670,0.000665,0.000231,0.000189,17,0.048681,0.271134,9.601565,-0.206687,0.007416,0.004546,9.607151,0.213702,0.057958,0.116835
8.300086,1.255000,0.036000,1.552000,1.256613,-0.008416,1.623984,1.255370,-0.021473,1.653979,0.003614,-0.001668,-0.040577,0.999168,-0.047462,-0.028069,-0.020148,0.000771,-0.001019,0.004704,0.000675,0.000230,0.000190,17,-0.117529,0.311347,9.695944,-0.207845,0.019761,-0.007213,9.704231,0.210820,0.084600,0.117059
8.316761,1.254000,0.035000,1.551000,1.227815,-0.011032,1.602990,1.253429,-0.021488,1.652146,0.002449,-0.000343,-0.040328,0.999183,-0.055433,-0.030226,-0.021852,0.000784,-0.001023,0.004759,0.000680,0.000246,0.000191,17,-0.343015,-0.141113,9.805220,-0.146886,0.160877,0.037656,9.813386,0.227884,0.074213,0.115852
8.333310,1.254000,0.038000,1.550000,1.227126,-0.020603,1.556684,1.251528,-0.022030,1.648928,0.001814,0.000776,-0.040140,0.999192,-0.059348,-0.034637,-0.028327,0.000794,-0.001018,0.004864,0.000677,0.000260,0.000191,16,-0.142911,-0.242095,9.586578,-0.087590,0.147172,0.023190,9.592728,0.191772,0.064816,0.115743
8.349904,1.253000,0.035000,1.550000,1.252330,-0.015697,1.614578,1.250667,-0.022326,1.647403,0.000340,0.001723,-0.040314,0.999186,-0.062189,-0.036463,-0.036557,0.000791,-0.001021,0.004902,0.000681,0.000258,0.000191,17,-0.204894,-0.153926,9.361616,-0.185569,0.110257,-0.015340,9.368116,0.218762,0.082103,0.113044
8.366561,1.252000,0.035000,1.549000,1.239622,-0.000067,1.599097,1.249290,-0.021877,1.645384,-0.001093,0.002598,-0.040743,0.999166,-0.061309,-0.031790,-0.038481,0.000796,-0.001035,0.004953,0.000696,0.000264,0.000194,17,0.036661,0.173328,9.771351,-0.176742,0.103621,-0.031297,9.775974,0.210236,0.062390,0.111947
8.383211,1.250000,0.036000,1.548000,1.236522,-0.001334,1.594163,1.247820,-0.021396,1.643250,-0.001766,0.002998,-0.040726,0.999164,-0.063196,-0.023680,-0.040269,0.000801,-0.001047,0.005008,0.000710,0.000272,0.000196,17,-0.160191,0.375817,9.797789,-0.080559,0.051341,0.019729,9.807086,0.153596,0.060881,0.111228
8.399824,1.250000,0.037000,1.546000,1.271344,-0.003448,1.658160,1.247824,-0.020902,1.643032,-0.003769,0.004535,-0.040511,0.999162,-0.065924,-0.024756,-0.042293,0.000788,-0.001062,0.004991,0.000726,0.000257,0.000198,17,-0.316617,-0.225468,9.657253,-0.243543,0.169359,0.043706,9.667359,0.310943,0.121126,0.113016
8.416425,1.249000,0.036000,1.545000,1.211614,-0.006206,1.592416,1.245264,-0.020645,1.640875,-0.006145,0.006045,-0.040563,0.999140,-0.070861,-0.024564,-0.044882,0.000807,-0.001069,0.005043,0.000733,0.000279,0.000199,16,-0.258780,-0.168887,9.738091,-0.304141,0.187835,0.006251,9.744256,0.366873,0.073670,0.111421
8.433022,1.247000,0.036000,1.544000,1.220689,-0.016734,1.615405,1.243110,-0.020837,1.639418,-0.007720,0.007925,-0.040637,0.999113,-0.071936,-0.021966,-0.045653,0.000820,-0.001071,0.005069,0.000735,0.000294,0.000200,17,-0.120471,0.007742,9.809927,-0.206859,0.229956,-0.005265,9.811769,0.314490,0.092584,0.111131
8.449715,1.246000,0.037000,1.543000,1.232065,-0.009255,1.590903,1.241579,-0.020658,1.637236,-0.008426,0.009782,-0.040796,0.999084,-0.069122,-0.017497,-0.048931,0.000823,-0.001076,0.005121,0.000741,0.000299,0.000201,17,0.025910,0.076073,9.710908,-0.094917,0.223214,-0.007243,9.712417,0.249951,0.068033,0.110564
8.466309,1.246000,0.038000,1.541000,1.244171,-0.041758,1.578969,1.240676,-0.022035,1.634660,-0.009824,0.011008,-0.040594,0.999067,-0.067485,-0.020524,-0.054011,0.000817,-0.001058,0.005187,0.000724,0.000294,0.000198,17,-0.111424,-0.250061,9.609473,-0.179932,0.140568,-0.005181,9.614497,0.249573,0.088353,0.111376
8.482941,1.245000,0.038000,1.540000,1.280842,0.015281,1.678551,1.241395,-0.020479,1.635139,-0.011402,0.012136,-0.040927,0.999023,-0.065125,-0.014490,-0.053681,0.000797,-0.001089,0.005138,0.000756,0.000272,0.000203,16,-0.254852,-0.036543,9.743416,-0.194244,0.124799,0.000015,9.747733,0.247176,0.144904,0.111733
8.499547,1.244000,0.040000,1.539000,1.225471,-0.022660,1.603467,1.239728,-0.020859,1.633369,-0.013437,0.013251,-0.040400,0.999005,-0.066076,-0.014987,-0.053957,0.000804,-0.001086,0.005172,0.000752,0.000280,0.000202,17,-0.231151,-0.263669,9.841056,-0.253751,0.131641,0.059033,9.849065,0.305054,0.091791,0.112372
8.516234,1.243000,0.040000,1.537000,1.214092,0.010799,1.593690,1.237655,-0.019597,1.631370,-0.016540,0.013776,-0.040733,0.998938,-0.062829,-0.005772,-0.053949,0.000818,-0.001106,0.005211,0.000773,0.000296,0.000206,17,-0.001204,0.138806,9.894465,-0.372357,0.062128,-0.012600,9.897222,0.394637,0.070015,0.111741
8.532828,1.243000,0.042000,1.536000,1.198584,0.002981,1.533349,1.235077,-0.018657,1.627604,-0.019428,0.013719,-0.041065,0.998873,-0.060004,0.008433,-0.055672,0.000837,-0.001116,0.005316,0.000784,0.000319,0.000207,17,-0.002107,0.434080,9.911188,-0.349042,-0.007576,-0.029315,9.921271,0.354438,0.059181,0.110151
8.549480,1.242000,0.044000,1.535000,1.259715,-0.048816,1.644770,1.235191,-0.019840,1.627208,-0.022015,0.013611,-0.040840,0.998830,-0.057076,0.017875,-0.054182,0.000821,-0.001095,0.005300,0.000764,0.000301,0.000204,17,-0.235391,0.296291,9.889658,-0.319573,-0.031300,-0.010218,9.898652,0.326575,0.144838,0.112358
8.566026,1.241000,0.044000,1.534000,1.242590,0.009950,1.586460,1.234746,-0.018149,1.625146,-0.023446,0.013329,-0.040892,0.998800,-0.051100,0.028459,-0.054333,0.000815,-0.001115,0.005344,0.000784,0.000297,0.000207,16,0.040686,0.097836,9.898393,-0.170012,-0.045269,0.020484,9.900132,0.188376,0.062562,0.110495
8.582705,1.240000,0.045000,1.533000,1.201713,-0.019875,1.534910,1.232581,-0.017890,1.621609,-0.023881,0.013522,-0.040733,0.998793,-0.051852,0.032967,-0.055688,0.000830,-0.001107,0.005442,0.000778,0.000314,0.000206,17,-0.192707,-0.161741,9.900850,-0.057322,0.027150,0.005294,9.904747,0.083589,0.075354,0.108911
8.599355,1.239000,0.046000,1.532000,1.227533,0.020898,1.541922,1.231661,-0.015621,1.618326,-0.024667,0.013924,-0.040982,0.998758,-0.049433,0.041359,-0.059917,0.000830,-0.001130,0.005528,0.000802,0.000317,0.000210,17,-0.119936,-0.126976,9.712297,-0.088732,0.044771,0.006921,9.714634,0.125308,0.029327,0.106316
8.616001,1.240000,0.049000,1.530000,1.219960,0.008957,1.503144,1.230502,-0.013910,1.613881,-0.024634,0.014475,-0.041192,0.998743,-0.045019,0.052836,-0.066098,0.000832,-0.001141,0.005654,0.000815,0.000322,0.000211,17,-0.015516,0.134961,9.672824,0.007141,0.069817,-0.007757,9.676076,0.102697,0.052214,0.105280
8.632516,1.238000,0.050000,1.529000,1.207893,-0.013008,1.559467,1.228900,-0.013110,1.611215,-0.024696,0.014660,-0.041122,0.998741,-0.043169,0.058259,-0.072318,0.000842,-0.001137,0.005712,0.000812,0.000334,0.000210,16,-0.082619,-0.108777,9.528216,-0.008798,0.028811,-0.003919,9.530223,0.072291,0.076189,0.104043
8.649140,1.238000,0.053000,1.527000,1.244174,-0.007185,1.599540,1.228934,-0.011931,1.609715,-0.024465,0.014422,-0.041291,0.998743,-0.040161,0.063809,-0.073677,0.000832,-0.001141,0.005725,0.000816,0.000324,0.000212,17,-0.170827,-0.162645,9.744342,0.033000,-0.032039,-0.009024,9.748489,0.058702,0.094458,0.105546
8.665859,1.238000,0.056000,1.526000,1.245525,-0.011590,1.615715,1.229066,-0.010891,1.608730,-0.024612,0.013969,-0.041128,0.998753,-0.035833,0.067588,-0.072523,0.000822,-0.001141,0.005719,0.000816,0.000314,0.000213,17,-0.085876,-0.241324,9.870801,-0.014534,-0.060054,0.028662,9.874986,0.074761,0.112578,0.106764
8.682528,1.238000,0.061000,1.523000,1.234558,0.033548,1.533460,1.228842,-0.007788,1.605299,-0.025366,0.013323,-0.041000,0.998748,-0.034044,0.078197,-0.075104,0.000817,-0.001169,0.005800,0.000845,0.000311,0.000217,17,-0.214743,-0.037832,9.802366,-0.076669,-0.088117,0.044456,9.805151,0.130429,0.029578,0.107652
8.699068,1.238000,0.061000,1.523000,1.256466,0.018807,1.591032,1.229577,-0.005342,1.603717,-0.025867,0.012289,-0.041196,0.998741,-0.030892,0.087615,-0.074605,0.000801,-0.001188,0.005816,0.000863,0.000294,0.000221,16,-0.198862,-0.031656,9.883062,-0.052330,-0.142943,0.012348,9.885421,0.184707,0.082155,0.104821
8.715705,1.237000,0.065000,1.521000,1.230742,-0.017483,1.661829,1.229086,-0.004454,1.604326,-0.025639,0.011126,-0.041042,0.998766,-0.032700,0.091119,-0.071443,0.000802,-0.001181,0.005750,0.000856,0.000294,0.000220,17,-0.325442,-0.241771,9.890368,0.031085,-0.147690,0.009364,9.901461,0.167012,0.163326,0.108765
8.748942,1.237000,0.071000,1.518000,1.239970,0.047693,1.633726,1.228578,0.001246,1.602886,-0.025117,0.009347,-0.040865,0.998805,-0.028878,0.107372,-0.074561,0.000799,-0.001223,0.005710,0.000894,0.000291,0.000223,34,-0.119849,-0.129954,9.697371,0.044034,-0.109215,0.016159,9.700009,0.144705,0.118087,0.110191
8.782127,1.236000,0.078000,1.515000,1.290705,-0.010662,1.656336,1.230694,0.004139,1.602217,-0.026296,0.006885,-0.041533,0.998767,-0.020690,0.115801,-0.074020,0.000759,-0.001214,0.005648,0.000886,0.000250,0.000232,33,-0.058435,-0.202872,9.778588,-0.067524,-0.164205,0.004224,9.781945,0.187441,0.175583,0.114413
8.798764,1.236000,0.081000,1.514000,1.205742,0.024162,1.545196,1.229235,0.006915,1.599242,-0.026202,0.005149,-0.040905,0.998806,-0.022021,0.123642,-0.077143,0.000773,-0.001226,0.005713,0.000897,0.000265,0.000229,17,-0.116450,-0.114265,9.738226,0.021845,-0.208274,0.028306,9.741182,0.231953,0.071549,0.113139
8.832052,1.235000,0.090000,1.511000,1.211244,0.010520,1.530882,1.227664,0.011124,1.594562,-0.026162,0.002248,-0.041071,0.998811,-0.028356,0.144341,-0.075227,0.000781,-0.001220,0.005796,0.000893,0.000275,0.000227,34,-0.255498,0.080914,9.952412,0.011171,-0.171519,-0.022996,9.959589,0.207420,0.085304,0.115143
8.881915,1.235000,0.105000,1.505000,1.231127,0.041676,1.563966,1.226360,0.020086,1.589843,-0.021577,0.002169,-0.040858,0.998930,-0.034703,0.159349,-0.079191,0.000777,-0.001242,0.005832,0.000913,0.000271,0.000228,50,-0.180989,-0.218775,9.753880,0.188984,0.003524,0.010147,9.762338,0.205659,0.086614,0.120347
8.948411,1.233000,0.125000,1.499000,1.205247,0.053157,1.544950,1.222738,0.032446,1.583122,-0.019304,0.001763,-0.040699,0.998983,-0.047272,0.177462,-0.081672,0.000792,-0.001264,0.005890,0.000933,0.000287,0.000222,67,-0.194149,-0.163675,9.799614,0.073273,-0.006837,-0.011467,9.806039,0.149382,0.089683,0.125491
8.965102,1.233000,0.129000,1.497000,1.239762,0.057351,1.511337,1.223244,0.036778,1.579064,-0.017790,0.002899,-0.040936,0.998999,-0.045316,0.195769,-0.085020,0.000773,-0.001285,0.005999,0.000951,0.000271,0.000228,17,-0.126450,0.620055,9.812017,0.185060,0.139157,0.034772,9.833586,0.239898,0.073382,0.123833
8.981682,1.231000,0.134000,1.495000,1.212006,0.075359,1.472366,1.222036,0.042176,1.573684,-0.016116,0.003907,-0.040528,0.999041,-0.046002,0.205136,-0.086995,0.000776,-0.001317,0.006155,0.000980,0.000278,0.000226,17,-0.084921,0.032424,9.946638,0.212914,0.133740,0.016230,9.949056,0.259487,0.065665,0.121256
8.998256,1.231000,0.141000,1.493000,1.191894,0.064986,1.442866,1.219745,0.046433,1.567457,-0.015160,0.004802,-0.039721,0.999084,-0.047917,0.207819,-0.092516,0.000793,-0.001329,0.006346,0.000992,0.000296,0.000219,16,-0.052638,-0.230141,9.771474,0.124164,0.128617,0.020379,9.774776,0.189308,0.099101,0.120886
9.014859,1.230000,0.147000,1.492000,1.259556,0.075126,1.519562,1.221539,0.051294,1.564199,-0.014158,0.006011,-0.040939,0.999043,-0.041671,0.216028,-0.093015,0.000758,-0.001353,0.006415,0.001014,0.000266,0.000232,17,0.004983,0.068917,9.893113,0.125165,0.141338,-0.004648,9.895695,0.194945,0.082456,0.120183
9.048195,1.230000,0.159000,1.488000,1.263261,0.085497,1.531570,1.222928,0.060292,1.560018,-0.010537,0.007738,-0.042150,0.999026,-0.034430,0.226069,-0.091772,0.000722,-0.001382,0.006462,0.001038,0.000235,0.000247,34,-0.058037,-0.015382,9.894641,0.218062,0.105464,0.004936,9.897387,0.251410,0.091691,0.122392
9.064782,1.229000,0.166000,1.486000,1.212161,0.114135,1.521953,1.221803,0.067012,1.557176,-0.007847,0.007579,-0.041296,0.999087,-0.033400,0.233513,-0.095277,0.000731,-0.001432,0.006509,0.001080,0.000245,0.000240,16,-0.022199,-0.017702,9.678385,0.365275,0.000517,0.014432,9.679980,0.376580,0.065316,0.122133
9.081394,1.228000,0.169000,1.485000,1.203140,0.070068,1.517717,1.220283,0.070669,1.554253,-0.005059,0.006928,-0.040759,0.999132,-0.030337,0.236773,-0.096299,0.000743,-0.001428,0.006564,0.001078,0.000256,0.000234,17,0.134459,0.107615,9.840801,0.352893,-0.064276,0.004558,9.844049,0.362302,0.107126,0.120518
9.098054,1.228000,0.175000,1.484000,1.229954,0.135688,1.394487,1.220668,0.078012,1.546806,-0.003641,0.006387,-0.040973,0.999133,-0.027959,0.241632,-0.100258,0.000728,-0.001481,0.006788,0.001124,0.000248,0.000238,17,-0.071994,-0.108448,9.936614,0.200797,-0.063623,0.008481,9.938875,0.220238,0.097785,0.115781
9.114712,1.228000,0.183000,1.482000,1.224980,0.138734,1.509955,1.220548,0.085337,1.543857,-0.001975,0.005830,-0.040738,0.999151,-0.025641,0.248411,-0.101207,0.000726,-0.001534,0.006831,0.001169,0.000247,0.000237,17,-0.007837,0.034657,9.835223,0.225196,-0.061897,0.000525,9.836369,0.236074,0.052441,0.115844
9.131366,1.227000,0.188000,1.481000,1.236985,0.101232,1.513063,1.221183,0.090123,1.541134,0.000555,0.005719,-0.041292,0.999131,-0.022801,0.254429,-0.098456,0.000712,-0.001544,0.006873,0.001178,0.000236,0.000244,17,-0.065314,0.292712,10.045834,0.309401,-0.007055,0.009095,10.052379,0.320619,0.093040,0.115021
9.147858,1.226000,0.196000,1.479000,1.213748,0.104492,1.490266,1.220497,0.094691,1.537797,0.002614,0.005700,-0.041057,0.999137,-0.022075,0.254418,-0.100586,0.000715,-0.001551,0.006940,0.001185,0.000239,0.000242,16,-0.034126,-0.020854,9.793671,0.265092,0.009542,0.002983,9.796961,0.270468,0.093009,0.117264
9.164507,1.225000,0.201000,1.478000,1.213641,0.146765,1.443377,1.219939,0.101416,1.532818,0.002958,0.004771,-0.040464,0.999165,-0.017713,0.257106,-0.106924,0.000716,-0.001591,0.007061,0.001219,0.000243,0.000238,17,0.189735,-0.030317,9.631872,0.066360,-0.110863,0.022212,9.636636,0.151007,0.065339,0.113788
9.181225,1.225000,0.207000,1.476000,1.214374,0.150111,1.417201,1.219521,0.108036,1.526983,0.003866,0.004000,-0.040230,0.999175,-0.017291,0.262846,-0.113259,0.000715,-0.001625,0.007211,0.001250,0.000245,0.000236,17,-0.057583,0.189781,9.671247,0.129213,-0.088211,-0.005867,9.675526,0.158662,0.082502,0.111459
9.197795,1.224000,0.214000,1.474000,1.218126,0.153142,1.579921,1.219068,0.114667,1.527087,0.004789,0.002790,-0.039377,0.999209,-0.016528,0.263335,-0.111566,0.000721,-0.001664,0.007131,0.001281,0.000249,0.000230,17,0.017219,-0.115506,9.798344,0.133634,-0.141824,0.032741,9.800385,0.202804,0.122301,0.112737
9.214384,1.223000,0.219000,1.473000,1.236052,0.174966,1.431963,1.219858,0.121767,1.522012,0.005947,0.002263,-0.039818,0.999187,-0.018917,0.264069,-0.116148,0.000707,-0.001709,0.007250,0.001320,0.000239,0.000237,16,-0.296848,-0.163345,9.730997,0.168445,-0.065256,0.002732,9.738776,0.189936,0.061590,0.108933
9.230988,1.222000,0.224000,1.471000,1.201683,0.162966,1.506016,1.218546,0.127991,1.519676,0.006717,0.002191,-0.038507,0.999233,-0.021142,0.263268,-0.117974,0.000719,-0.001740,0.007263,0.001346,0.000250,0.000226,17,-0.065665,-0.121173,9.736945,0.120262,-0.000497,0.028283,9.739008,0.133987,0.073239,0.107698
9.247683,1.222000,0.232000,1.470000,1.230244,0.177888,1.470205,1.218928,0.134580,1.516097,0.006114,0.001920,-0.038558,0.999236,-0.019568,0.256416,-0.121224,0.000711,-0.001778,0.007320,0.001377,0.000244,0.000229,17,0.026247,-0.525583,9.722804,-0.052075,-0.035574,0.023892,9.739432,0.109401,0.054737,0.107819
9.264313,1.222000,0.238000,1.468000,1.195329,0.196059,1.601577,1.217097,0.141952,1.517165,0.006120,0.001313,-0.036946,0.999298,-0.023195,0.261241,-0.117982,0.000732,-0.001829,0.007197,0.001418,0.000262,0.000211,17,-0.102479,0.088073,9.818726,0.021877,-0.067017,-0.027769,9.821387,0.099205,0.142525,0.108012
9.280931,1.221000,0.246000,1.466000,1.205895,0.177493,1.463661,1.216177,0.147946,1.513429,0.007359,0.000799,-0.036165,0.999318,-0.026656,0.265890,-0.121347,0.000737,-0.001853,0.007259,0.001439,0.000267,0.000205,17,-0.198166,0.250185,9.715354,0.161845,-0.054149,0.028853,9.722892,0.182047,0.070191,0.109029
9.297504,1.220000,0.251000,1.465000,1.197459,0.220117,1.528204,1.214674,0.155740,1.512087,0.007972,-0.000014,-0.034787,0.999363,-0.027934,0.268044,-0.124022,0.000751,-0.001909,0.007227,0.001485,0.000280,0.000192,16,0.026135,-0.075714,9.607058,0.103500,-0.096204,0.002152,9.607510,0.182666,0.073868,0.106395
9.314155,1.220000,0.256000,1.463000,1.191941,0.160547,1.528801,1.212990,0.160083,1.510714,0.007993,-0.001693,-0.033878,0.999393,-0.030045,0.264068,-0.126455,0.000764,-0.001910,0.007201,0.001485,0.000291,0.000181,17,0.015399,-0.106408,9.622400,0.008525,-0.205728,-0.012180,9.623785,0.211951,0.119283,0.107358
9.330755,1.219000,0.262000,1.461000,1.207154,0.163978,1.460505,1.212274,0.164334,1.507021,0.008196,-0.003069,-0.033871,0.999388,-0.034523,0.265194,-0.127179,0.000765,-0.001907,0.007262,0.001485,0.000293,0.000180,17,-0.217267,0.207379,9.861975,0.030080,-0.171125,-0.006579,9.868271,0.203469,0.098737,0.108175
9.347405,1.217000,0.266000,1.459000,1.179848,0.234443,1.546296,1.209834,0.172212,1.506370,0.009484,-0.002635,-0.031680,0.999450,-0.042900,0.274846,-0.124686,0.000788,-0.001961,0.007199,0.001528,0.000312,0.000163,17,-0.305933,0.406841,9.873759,0.175412,0.062119,0.047141,9.890126,0.201502,0.099984,0.105316
9.363959,1.217000,0.273000,1.458000,1.221893,0.235845,1.481567,1.209876,0.179511,1.503630,0.009942,-0.001843,-0.032133,0.999432,-0.043069,0.272970,-0.127882,0.000783,-0.002009,0.007220,0.001567,0.000308,0.000169,16,-0.013361,-0.232706,9.663581,0.074648,0.100890,-0.005770,9.667649,0.131611,0.044270,0.104274
9.380566,1.215000,0.278000,1.456000,1.163860,0.236167,1.469997,1.206796,0.186462,1.500538,0.009629,-0.001820,-0.030018,0.999501,-0.048036,0.267211,-0.130410,0.000808,-0.002048,0.007250,0.001600,0.000331,0.000148,17,-0.029130,-0.441004,9.724882,-0.018661,0.011649,0.006387,9.736997,0.080183,0.067537,0.102128
9.397224,1.215000,0.284000,1.454000,1.216190,0.233684,1.522299,1.206506,0.192959,1.499205,0.009351,-0.001227,-0.030401,0.999493,-0.051137,0.267929,-0.130450,0.000806,-0.002084,0.007216,0.001628,0.000329,0.000153,17,-0.196015,-0.005822,9.756744,-0.022214,0.070544,-0.010385,9.761695,0.083319,0.084840,0.102001
9.413878,1.214000,0.290000,1.453000,1.180894,0.245738,1.535326,1.204272,0.199820,1.498370,0.009588,-0.000687,-0.028913,0.999536,-0.054421,0.270257,-0.126640,0.000824,-0.002123,0.007161,0.001660,0.000343,0.000141,17,-0.063791,0.089146,9.963901,0.040524,0.072844,0.023674,9.967146,0.141365,0.099160,0.101418
9.447051,1.211000,0.300000,1.450000,1.204829,0.257669,1.512969,1.202692,0.211107,1.494956,0.009846,-0.001252,-0.028871,0.999534,-0.052712,0.268460,-0.123003,0.000826,-0.002166,0.007130,0.001693,0.000345,0.000143,33,0.075577,0.009194,9.906848,0.025387,-0.034183,0.002692,9.910584,0.100374,0.076125,0.099960
9.463763,1.210000,0.305000,1.448000,1.182463,0.250743,1.447202,1.200815,0.217183,1.491430,0.010006,-0.000529,-0.028042,0.999557,-0.059847,0.261320,-0.125187,0.000837,-0.002193,0.007182,0.001716,0.000355,0.000136,17,-0.312621,-0.428128,9.787151,0.032433,0.093090,0.009680,9.802603,0.137189,0.060851,0.098398
9.480430,1.209000,0.311000,1.446000,1.238252,0.233839,1.574656,1.201731,0.222173,1.492267,0.010020,0.000411,-0.029694,0.999509,-0.061755,0.265877,-0.119734,0.000821,-0.002209,0.007075,0.001726,0.000340,0.000151,17,-0.294570,0.371322,9.965818,0.003713,0.111323,-0.030636,9.978947,0.139525,0.152846,0.100418
9.497028,1.207000,0.315000,1.445000,1.154167,0.275985,1.448535,1.198259,0.229166,1.488943,0.011574,0.000438,-0.027818,0.999546,-0.067274,0.275918,-0.118271,0.000847,-0.002247,0.007118,0.001757,0.000363,0.000133,17,-0.162315,0.573277,9.972543,0.204252,0.016213,-0.005463,9.996056,0.215615,0.065772,0.096824
9.513600,1.206000,0.321000,1.444000,1.223533,0.246897,1.497589,1.198566,0.234152,1.487416,0.013474,0.000474,-0.028488,0.999503,-0.068400,0.269504,-0.119999,0.000834,-0.002260,0.007105,0.001766,0.000352,0.000145,16,-0.183068,-0.245947,9.692328,0.246714,0.009507,0.049825,9.698198,0.259722,0.093116,0.097380
9.530241,1.204000,0.327000,1.442000,1.196813,0.284521,1.459539,1.197439,0.240725,1.484624,0.013712,0.000959,-0.028126,0.999510,-0.072987,0.263341,-0.123981,0.000836,-0.002296,0.007131,0.001796,0.000354,0.000146,17,-0.281789,-0.371490,9.627088,0.050131,0.060997,0.044330,9.640253,0.158736,0.046516,0.096453
9.546947,1.203000,0.331000,1.440000,1.193753,0.293131,1.466289,1.196161,0.247335,1.482056,0.013114,0.001125,-0.028728,0.999501,-0.071964,0.258801,-0.127048,0.000839,-0.002335,0.007145,0.001827,0.000357,0.000147,17,0.065812,-0.270783,9.655472,-0.059955,0.017702,-0.081950,9.666213,0.126210,0.047017,0.093889
9.563536,1.203000,0.331000,1.440000,1.217498,0.282448,1.460642,1.196163,0.253096,1.479332,0.012921,0.001383,-0.029669,0.999475,-0.072433,0.257436,-0.128679,0.000828,-0.002360,0.007167,0.001846,0.000349,0.000158,17,-0.145960,0.015179,9.758710,-0.014589,0.028195,-0.003776,9.760476,0.064067,0.054714,0.087537
9.580054,1.200000,0.341000,1.437000,1.158331,0.284475,1.448806,1.193166,0.258447,1.476377,0.012244,0.002069,-0.028106,0.999528,-0.077211,0.256414,-0.132799,0.000848,-0.002380,0.007196,0.001863,0.000366,0.000144,16,-0.170413,0.029212,9.606535,-0.078407,0.090250,0.024654,9.610776,0.132236,0.071209,0.091719
9.596729,1.199000,0.344000,1.436000,1.181280,0.268643,1.471706,1.191376,0.262808,1.474134,0.010864,0.003268,-0.027766,0.999550,-0.080683,0.251330,-0.137992,0.000853,-0.002385,0.007198,0.001867,0.000370,0.000141,17,-0.206967,-0.128337,9.498131,-0.174730,0.145988,-0.006456,9.503243,0.233433,0.085250,0.090025
9.613393,1.198000,0.351000,1.434000,1.204910,0.272091,1.482127,1.190786,0.267105,1.472195,0.008596,0.004127,-0.028284,0.999554,-0.081501,0.245727,-0.141259,0.000846,-0.002390,0.007186,0.001871,0.000364,0.000146,17,-0.167870,-0.182942,9.597373,-0.278917,0.097283,-0.001901,9.602242,0.297303,0.092686,0.092462
9.630044,1.196000,0.354000,1.432000,1.193215,0.317269,1.474115,1.189649,0.273378,1.470003,0.005844,0.004452,-0.028484,0.999567,-0.083396,0.246237,-0.144464,0.000847,-0.002428,0.007175,0.001900,0.000365,0.000150,17,-0.203797,-0.062907,9.605521,-0.320703,0.032402,-0.004231,9.608904,0.324465,0.055951,0.089356
9.646679,1.194000,0.358000,1.431000,1.225016,0.271093,1.565994,1.189976,0.277231,1.470795,0.004399,0.005531,-0.029807,0.999531,-0.081296,0.246126,-0.140739,0.000831,-0.002429,0.007058,0.001897,0.000351,0.000160,17,-0.102342,0.100694,9.850231,-0.179064,0.118763,-0.036495,9.853055,0.233648,0.163518,0.090130
9.663171,1.192000,0.363000,1.429000,1.161370,0.312872,1.475964,1.187339,0.282668,1.468809,0.003802,0.006430,-0.028877,0.999555,-0.082866,0.245614,-0.142609,0.000848,-0.002454,0.007044,0.001917,0.000365,0.000152,16,-0.089267,-0.114937,9.677025,-0.067028,0.117596,0.007492,9.678739,0.153319,0.075211,0.089776
9.679852,1.191000,0.368000,1.427000,1.201310,0.322330,1.445460,1.186828,0.288359,1.465826,0.003093,0.006981,-0.029446,0.999537,-0.077766,0.248374,-0.143992,0.000841,-0.002482,0.007067,0.001939,0.000359,0.000159,17,0.108191,0.071012,9.769601,-0.082621,0.062299,-0.003742,9.771730,0.114367,0.050327,0.088699
9.696520,1.189000,0.370000,1.426000,1.150625,0.339580,1.476298,1.183850,0.294672,1.463902,0.001467,0.006369,-0.028425,0.999575,-0.080205,0.244548,-0.145720,0.000863,-0.002519,0.007044,0.001968,0.000377,0.000150,17,-0.101685,-0.413590,9.681111,-0.180087,-0.070168,-0.000189,9.691431,0.203496,0.070199,0.084483
9.713083,1.187000,0.375000,1.424000,1.173019,0.313575,1.452800,1.182073,0.299380,1.461217,-0.000747,0.005856,-0.027995,0.999591,-0.081103,0.243533,-0.147979,0.000869,-0.002530,0.007052,0.001977,0.000382,0.000149,17,-0.133512,-0.134353,9.690929,-0.258896,-0.066788,0.021333,9.698504,0.271371,0.069267,0.084426
9.729693,1.186000,0.380000,1.422000,1.160072,0.338093,1.389903,1.179913,0.304837,1.456680,-0.002672,0.005086,-0.027577,0.999603,-0.080567,0.245153,-0.152385,0.000879,-0.002554,0.007130,0.001997,0.000392,0.000146,16,0.006367,-0.084514,9.669247,-0.229864,-0.099682,0.000875,9.671435,0.252103,0.058810,0.083001
9.746291,1.185000,0.385000,1.420000,1.192752,0.288404,1.390703,1.179378,0.307713,1.452187,-0.004004,0.004384,-0.028209,0.999584,-0.076733,0.244688,-0.155984,0.000867,-0.002535,0.007209,0.001984,0.000383,0.000149,17,0.075247,0.007208,9.711210,-0.171635,-0.096813,-0.033341,9.712261,0.202146,0.101238,0.083910
9.762982,1.183000,0.389000,1.418000,1.152817,0.342683,1.426438,1.176957,0.313187,1.448954,-0.004530,0.004508,-0.027696,0.999596,-0.079430,0.248832,-0.154003,0.000882,-0.002557,0.007232,0.002001,0.000396,0.000145,17,-0.155684,0.025329,9.979439,-0.053820,0.018632,-0.001105,9.982434,0.078835,0.055924,0.082112
9.779593,1.181000,0.391000,1.417000,1.160346,0.387761,1.404447,1.175006,0.320615,1.445117,-0.005317,0.004303,-0.027323,0.999603,-0.080105,0.253729,-0.154867,0.000893,-0.002611,0.007274,0.002043,0.000406,0.000147,17,-0.067756,-0.122520,9.835615,-0.072352,-0.021407,0.033615,9.837109,0.117386,0.024386,0.076029
9.796205,1.180000,0.397000,1.415000,1.172332,0.330613,1.406128,1.173723,0.324834,1.441540,-0.005710,0.004113,-0.027341,0.999601,-0.080950,0.253686,-0.155666,0.000892,-0.002614,0.007317,0.002046,0.000406,0.000148,16,-0.131931,-0.138653,9.834792,-0.045939,-0.024233,-0.000488,9.837264,0.095808,0.067414,0.077147
9.812787,1.178000,0.400000,1.413000,1.169571,0.315414,1.493935,1.172214,0.328287,1.440797,-0.006082,0.003798,-0.027366,0.999600,-0.085171,0.252962,-0.153361,0.000896,-0.002606,0.007253,0.002039,0.000408,0.000146,17,-0.309477,-0.125917,9.850563,-0.054240,-0.043416,-0.022293,9.857258,0.091911,0.117373,0.077129
9.829457,1.176000,0.406000,1.411000,1.170097,0.364559,1.431020,1.170814,0.333923,1.438084,-0.006513,0.003800,-0.027389,0.999596,-0.086078,0.258047,-0.154577,0.000898,-0.002631,0.007259,0.002058,0.000410,0.000148,17,-0.147673,0.029452,9.752157,-0.045650,-0.000977,0.011430,9.756357,0.122911,0.046400,0.077172
9.846062,1.176000,0.410000,1.409000,1.141534,0.349871,1.399431,1.168148,0.338698,1.434433,-0.005979,0.003852,-0.026795,0.999616,-0.089545,0.260662,-0.155577,0.000913,-0.002638,0.007298,0.002064,0.000422,0.000145,17,-0.173925,-0.022308,9.820602,0.064662,0.013456,0.014777,9.823981,0.099265,0.069964,0.076108
9.862753,1.174000,0.414000,1.408000,1.172462,0.375982,1.377155,1.166977,0.344522,1.430122,-0.005170,0.004923,-0.027150,0.999606,-0.092015,0.260500,-0.159124,0.000909,-0.002661,0.007361,0.002083,0.000420,0.000148,17,-0.255152,-0.276251,9.697467,0.104460,0.130500,-0.006157,9.705536,0.172486,0.048981,0.073252
9.879291,1.172000,0.419000,1.405000,1.134777,0.380844,1.382333,1.164181,0.350124,1.426222,-0.004134,0.006121,-0.026799,0.999614,-0.091809,0.266513,-0.159034,0.000927,-0.002683,0.007409,0.002100,0.000436,0.000147,16,0.015335,0.138634,9.907178,0.138172,0.162952,-0.002776,9.912048,0.223567,0.057924,0.072494
9.895933,1.170000,0.424000,1.404000,1.172330,0.344921,1.425625,1.163148,0.353994,1.423719,-0.004028,0.006645,-0.026821,0.999610,-0.089103,0.268445,-0.158702,0.000920,-0.002676,0.007408,0.002095,0.000431,0.000147,17,-0.002868,0.096852,9.838166,0.012568,0.064432,0.014791,9.839594,0.092377,0.082015,0.073052
9.912643,1.169000,0.428000,1.402000,1.156752,0.375508,1.474007,1.161437,0.359228,1.422792,-0.004550,0.006293,-0.026620,0.999615,-0.088027,0.269837,-0.156507,0.000927,-0.002693,0.007344,0.002106,0.000435,0.000148,17,-0.030886,-0.086104,9.845100,-0.054128,-0.041423,0.023646,9.846303,0.101335,0.089947,0.072243
9.929249,1.167000,0.433000,1.400000,1.154775,0.352828,1.439483,1.159736,0.363203,1.420841,-0.004341,0.005941,-0.026950,0.999610,-0.088662,0.276316,-0.153375,0.000931,-0.002685,0.007322,0.002099,0.000437,0.000147,17,-0.153023,0.328158,9.967378,0.024112,-0.041742,-0.055608,9.978576,0.162244,0.090200,0.073204
9.945851,1.165000,0.436000,1.399000,1.151826,0.427788,1.383867,1.158096,0.370387,1.417396,-0.003233,0.005229,-0.027000,0.999617,-0.091045,0.282864,-0.152498,0.000937,-0.002730,0.007356,0.002134,0.000443,0.000151,16,-0.241466,0.040129,9.931582,0.161366,-0.083938,0.023161,9.937792,0.207924,0.021679,0.068492
9.962396,1.164000,0.441000,1.397000,1.151797,0.405290,1.514645,1.156296,0.376419,1.418039,-0.004075,0.004295,-0.026567,0.999629,-0.095360,0.283713,-0.151970,0.000946,-0.002759,0.007236,0.002153,0.000449,0.000154,17,-0.322905,-0.172766,9.651014,-0.080217,-0.116530,0.069207,9.660917,0.193634,0.123550,0.068357
9.979127,1.162000,0.444000,1.395000,1.136807,0.397459,1.378971,1.153997,0.381752,1.414431,-0.004433,0.003653,-0.027028,0.999618,-0.097594,0.284116,-0.155109,0.000958,-0.002770,0.007275,0.002162,0.000460,0.000154,17,-0.144572,-0.140755,9.692901,-0.039087,-0.076048,-0.081481,9.695408,0.130460,0.055296,0.065699
9.995739,1.160000,0.449000,1.393000,1.132686,0.417405,1.464778,1.151453,0.387939,1.413539,-0.005257,0.002807,-0.027082,0.999615,-0.098097,0.290021,-0.152604,0.000974,-0.002797,0.007209,0.002180,0.000472,0.000156,17,-0.009569,0.109589,9.863721,-0.085527,-0.099725,-0.009626,9.865780,0.144692,0.083045,0.064988
10.012392,1.159000,0.456000,1.391000,1.125023,0.430685,1.446142,1.148687,0.394641,1.412114,-0.005395,0.002757,-0.027190,0.999612,-0.101847,0.299846,-0.151601,0.000995,-0.002828,0.007162,0.002202,0.000488,0.000158,17,-0.189166,0.295255,9.809055,-0.003780,0.001439,-0.024449,9.817157,0.104192,0.069541,0.065704
10.028925,1.158000,0.459000,1.390000,1.148410,0.430315,1.504251,1.147060,0.400979,1.412643,-0.004430,0.003289,-0.027490,0.999607,-0.100863,0.306924,-0.147436,0.001001,-0.002857,0.007048,0.002222,0.000491,0.000162,16,0.003663,0.183637,9.891626,0.131704,0.071955,-0.001034,9.895401,0.165508,0.118187,0.063237
10.045550,1.156000,0.464000,1.388000,1.081829,0.400308,1.440158,1.142557,0.405676,1.411206,-0.003297,0.002622,-0.026614,0.999637,-0.101770,0.304060,-0.147521,0.001042,-0.002852,0.007009,0.002217,0.000522,0.000156,17,0.170652,-0.218942,9.751241,0.143343,-0.058045,0.015563,9.757217,0.173717,0.110809,0.064194
10.062226,1.154000,0.469000,1.385000,1.156658,0.450448,1.395405,1.141638,0.412472,1.408387,-0.003001,0.002090,-0.026850,0.999633,-0.100383,0.302445,-0.149030,0.001034,-0.002883,0.007022,0.002240,0.000517,0.000163,17,-0.010859,-0.347968,9.748314,0.054373,-0.065792,0.034615,9.755415,0.126668,0.021437,0.062411
10.078842,1.152000,0.473000,1.383000,1.111742,0.390138,1.412497,1.138690,0.416172,1.406141,-0.002027,0.001667,-0.026626,0.999642,-0.101341,0.299712,-0.147332,0.001051,-0.002861,0.007015,0.002224,0.000529,0.000158,17,0.022181,-0.096361,9.899501,0.112285,-0.041777,-0.035237,9.901773,0.170338,0.096731,0.062786
10.095451,1.151000,0.477000,1.382000,1.118406,0.464950,1.414354,1.136256,0.422962,1.404154,-0.002243,0.000749,-0.027214,0.999627,-0.103215,0.301573,-0.148455,0.001066,-0.002896,0.006997,0.002249,0.000541,0.000163,16,-0.050090,-0.144695,9.717110,-0.009255,-0.110707,-0.043806,9.720111,0.142556,0.047480,0.060236
10.112023,1.149000,0.482000,1.379000,1.120623,0.436490,1.427114,1.133917,0.428258,1.402584,-0.000623,0.000647,-0.027614,0.999618,-0.108465,0.308244,-0.145341,0.001077,-0.002903,0.006966,0.002254,0.000550,0.000164,17,-0.296887,0.302907,9.946967,0.201994,-0.007698,-0.054520,9.957258,0.236632,0.072051,0.060597
10.128702,1.147000,0.487000,1.378000,1.087893,0.467744,1.439390,1.130068,0.434927,1.401450,0.000762,0.002038,-0.027426,0.999621,-0.118611,0.306509,-0.145172,0.001109,-0.002931,0.006914,0.002272,0.000574,0.000168,17,-0.432657,-0.280590,9.751265,0.179408,0.186861,0.027640,9.768751,0.266695,0.087367,0.059567
10.145335,1.145000,0.490000,1.376000,1.094322,0.423078,1.407936,1.126573,0.439165,1.399326,0.000835,0.003407,-0.026604,0.999640,-0.120839,0.308144,-0.146915,0.001130,-0.002917,0.006902,0.002262,0.000589,0.000164,17,-0.062111,0.175987,9.686235,0.006613,0.176523,0.046355,9.695091,0.203922,0.089815,0.058888
10.161920,1.143000,0.495000,1.374000,1.113789,0.452049,1.423042,1.124186,0.444428,1.397877,0.001950,0.004351,-0.027135,0.999620,-0.120423,0.312953,-0.139924,0.001139,-0.002924,0.006870,0.002267,0.000596,0.000165,16,-0.013061,0.289030,10.205128,0.141470,0.127831,-0.061315,10.210294,0.226961,0.071437,0.059005
10.178519,1.142000,0.500000,1.372000,1.105675,0.495665,1.370267,1.121560,0.451534,1.394903,0.003408,0.004675,-0.027014,0.999618,-0.122661,0.310028,-0.140860,0.001152,-0.002958,0.006894,0.002292,0.000607,0.000173,17,-0.139582,-0.336546,9.823361,0.198130,0.057080,0.067903,9.830862,0.237414,0.036624,0.057370
10.195173,1.140000,0.504000,1.370000,1.128710,0.415646,1.391967,1.119971,0.454550,1.392588,0.003385,0.004914,-0.026844,0.999622,-0.120806,0.302170,-0.139258,0.001143,-0.002927,0.006899,0.002269,0.000599,0.000166,17,-0.009954,-0.230256,9.907678,-0.010083,0.025910,-0.029633,9.916839,0.081703,0.091741,0.057937
10.211847,1.138000,0.509000,1.368000,1.062983,0.461484,1.417881,1.115510,0.459659,1.391238,0.004921,0.005304,-0.027610,0.999593,-0.123097,0.308358,-0.131325,0.001181,-0.002928,0.006863,0.002268,0.000628,0.000167,17,-0.030700,0.442650,10.240354,0.185370,0.066550,-0.111108,10.250428,0.249963,0.101850,0.058995
10.228465,1.136000,0.511000,1.367000,1.109297,0.464600,1.339210,1.113329,0.464685,1.387574,0.005840,0.005470,-0.026755,0.999610,-0.123850,0.303476,-0.130505,0.001181,-0.002926,0.006921,0.002267,0.000628,0.000166,17,-0.132548,-0.172112,9.962385,0.116124,0.025701,0.095861,9.971118,0.201968,0.060318,0.055519
10.245100,1.135000,0.517000,1.365000,1.109305,0.485186,1.359082,1.111321,0.470154,1.384726,0.006710,0.005776,-0.027285,0.999588,-0.121544,0.302981,-0.129565,0.001181,-0.002937,0.006950,0.002276,0.000630,0.000169,16,0.046673,0.013444,9.925125,0.114912,0.042900,-0.044552,9.932541,0.177497,0.041321,0.056074
10.261691,1.133000,0.521000,1.364000,1.062996,0.449426,1.349344,1.107371,0.473761,1.381646,0.008701,0.005620,-0.026484,0.999596,-0.121119,0.299220,-0.131546,0.001209,-0.002914,0.006988,0.002259,0.000651,0.000166,17,0.118766,0.067885,9.761268,0.249530,0.003308,0.049088,9.766471,0.261381,0.101184,0.056566
10.278337,1.132000,0.525000,1.362000,1.111799,0.485823,1.415117,1.105652,0.478937,1.380601,0.010075,0.005595,-0.027087,0.999567,-0.120632,0.292010,-0.129167,0.001207,-0.002921,0.006946,0.002264,0.000649,0.000167,17,-0.076597,-0.295185,9.893254,0.173513,-0.000665,-0.054011,9.898793,0.200526,0.069024,0.056231
10.294986,1.130000,0.530000,1.360000,1.077227,0.478974,1.388726,1.102490,0.483480,1.378803,0.011915,0.005468,-0.027000,0.999549,-0.120864,0.284801,-0.128867,0.001225,-0.002917,0.006933,0.002261,0.000662,0.000168,17,0.006126,-0.203776,9.820662,0.223423,-0.000784,0.009618,9.823187,0.234468,0.078828,0.057222
10.311569,1.128000,0.533000,1.358000,1.096077,0.480351,1.374902,1.100388,0.487500,1.376712,0.011799,0.004737,-0.026781,0.999560,-0.122487,0.274645,-0.129533,0.001227,-0.002911,0.006935,0.002256,0.000664,0.000167,16,-0.155827,-0.386691,9.784935,-0.011678,-0.092337,0.018864,9.795701,0.123712,0.063849,0.056416
10.328141,1.127000,0.537000,1.357000,1.105077,0.479904,1.412389,1.098683,0.491374,1.375804,0.012757,0.004174,-0.026999,0.999545,-0.122977,0.277781,-0.126277,0.001224,-0.002904,0.006893,0.002250,0.000660,0.000165,17,-0.168262,0.466148,9.940794,0.116770,-0.066167,-0.044524,9.954214,0.150828,0.082513,0.056897
10.344830,1.124000,0.540000,1.355000,1.074353,0.481451,1.357346,1.095710,0.495180,1.373269,0.014544,0.004107,-0.026777,0.999527,-0.124469,0.272964,-0.126896,0.001238,-0.002891,0.006912,0.002241,0.000670,0.000165,17,-0.073961,0.048317,9.814741,0.215254,-0.001081,0.017478,9.819976,0.231902,0.076800,0.056062
10.361458,1.123000,0.543000,1.354000,1.083477,0.503481,1.461540,1.093098,0.499796,1.373929,0.015373,0.004217,-0.026769,0.999515,-0.127706,0.258999,-0.125571,0.001250,-0.002897,0.006806,0.002244,0.000678,0.000169,17,-0.169346,-0.601991,9.739900,0.104265,0.018605,0.031595,9.761409,0.147131,0.121197,0.056195
10.378106,1.122000,0.548000,1.353000,1.078061,0.524445,1.410174,1.090372,0.505027,1.373016,0.014909,0.004116,-0.026796,0.999521,-0.126823,0.251994,-0.126899,0.001262,-0.002914,0.006758,0.002255,0.000688,0.000175,17,0.057142,-0.222184,9.671643,-0.047645,-0.005325,0.043253,9.675799,0.109025,0.075858,0.056988
10.394647,1.119000,0.550000,1.350000,1.095531,0.498390,1.391945,1.088649,0.508469,1.371636,0.012327,0.003966,-0.027113,0.999548,-0.129158,0.247069,-0.125378,0.001258,-0.002907,0.006736,0.002250,0.000684,0.000172,16,-0.247365,-0.010089,9.872175,-0.326510,-0.030378,-0.059715,9.880020,0.339454,0.070525,0.055804
10.411312,1.119000,0.553000,1.349000,1.121479,0.503960,1.444365,1.088040,0.512168,1.371887,0.011345,0.004585,-0.027106,0.999558,-0.126983,0.253617,-0.119383,0.001238,-0.002905,0.006652,0.002248,0.000667,0.000167,17,-0.130504,0.662166,10.028710,-0.126998,0.064076,-0.043886,10.053168,0.174273,0.107263,0.056121
10.427953,1.117000,0.557000,1.347000,1.094269,0.528195,1.403232,1.086316,0.516872,1.370960,0.010260,0.004648,-0.026953,0.999573,-0.124383,0.251838,-0.119105,0.001235,-0.002916,0.006613,0.002256,0.000664,0.000168,17,0.043348,0.049341,9.776454,-0.129032,0.001507,0.027490,9.778622,0.157739,0.067146,0.055909
10.444556,1.115000,0.559000,1.346000,1.083237,0.539325,1.456681,1.084136,0.521918,1.371684,0.008552,0.003589,-0.027102,0.999590,-0.123748,0.249332,-0.115287,0.001242,-0.002933,0.006510,0.002267,0.000668,0.000172,17,-0.009857,-0.066922,9.878317,-0.195780,-0.130549,0.017468,9.882564,0.241365,0.116817,0.054657
10.461182,1.114000,0.562000,1.345000,1.044336,0.503323,1.401772,1.080427,0.524861,1.370856,0.007505,0.002789,-0.027840,0.999580,-0.129069,0.251486,-0.111031,0.001268,-0.002916,0.006472,0.002253,0.000687,0.000177,16,-0.239662,0.382933,10.012576,-0.135233,-0.094409,-0.055676,10.026113,0.180771,0.107327,0.056347
10.477743,1.112000,0.565000,1.342000,1.113342,0.544195,1.411956,1.079862,0.529639,1.370378,0.007204,0.002828,-0.027376,0.999595,-0.130129,0.253345,-0.109101,0.001248,-0.002931,0.006424,0.002265,0.000671,0.000172,17,-0.281391,0.184543,9.848745,-0.036306,-0.009604,0.024805,9.856771,0.078785,0.072996,0.055574
10.494477,1.111000,0.567000,1.341000,1.034521,0.508491,1.306901,1.075839,0.532491,1.366729,0.006705,0.002972,-0.027255,0.999602,-0.136659,0.244593,-0.111997,0.001272,-0.002907,0.006494,0.002247,0.000691,0.000177,17,-0.259040,-0.280895,9.759786,-0.068131,0.025758,0.051365,9.768103,0.139678,0.102152,0.055579
10.511056,1.109000,0.569000,1.340000,1.107827,0.514936,1.443121,1.075051,0.535535,1.367236,0.005988,0.003730,-0.027156,0.999606,-0.135487,0.243791,-0.109309,0.001253,-0.002896,0.006408,0.002239,0.000673,0.000169,17,-0.141350,0.142384,9.829423,-0.092634,0.081453,-0.056027,9.835825,0.144708,0.116440,0.054902
10.527644,1.107000,0.572000,1.338000,1.084476,0.550897,1.411137,1.073417,0.539942,1.366891,0.006022,0.004436,-0.027187,0.999602,-0.133500,0.245201,-0.111254,0.001248,-0.002907,0.006355,0.002247,0.000669,0.000168,16,0.001080,0.143261,9.598722,0.007895,0.089055,-0.009733,9.602111,0.111809,0.079383,0.054683
10.544275,1.106000,0.575000,1.336000,1.041359,0.492240,1.340719,1.069993,0.541463,1.364334,0.006286,0.004772,-0.027147,0.999600,-0.131598,0.247049,-0.115806,0.001265,-0.002865,0.006385,0.002216,0.000682,0.000170,17,0.126549,0.486486,9.574081,0.014930,0.048921,0.025308,9.589737,0.106438,0.105119,0.056780
10.577549,1.103000,0.580000,1.333000,1.030367,0.543747,1.371333,1.063976,0.549253,1.360747,0.006551,0.004496,-0.027813,0.999582,-0.135853,0.240079,-0.122060,0.001291,-0.002859,0.006370,0.002211,0.000702,0.000180,34,-0.117069,-0.075737,9.612363,0.014976,-0.009287,0.001555,9.617170,0.110267,0.089774,0.056905
10.594157,1.102000,0.581000,1.331000,1.084506,0.542848,1.326963,1.062844,0.552714,1.357729,0.006676,0.005469,-0.027461,0.999586,-0.136052,0.243386,-0.121236,0.001272,-0.002850,0.006411,0.002206,0.000687,0.000172,17,-0.241209,0.368357,9.921995,0.010684,0.109932,-0.029161,9.932596,0.136047,0.042165,0.055206
10.610732,1.100000,0.583000,1.329000,1.049579,0.560491,1.319621,1.060201,0.556670,1.354675,0.006722,0.005446,-0.027331,0.999589,-0.135944,0.236253,-0.124421,0.001278,-0.002851,0.006454,0.002206,0.000693,0.000175,16,-0.031479,-0.333916,9.689784,0.008434,0.001817,0.041061,9.698110,0.105251,0.056008,0.054189
10.627378,1.098000,0.586000,1.327000,1.102395,0.573746,1.356511,1.060151,0.561053,1.352789,0.005521,0.005187,-0.026973,0.999607,-0.131046,0.232470,-0.122302,0.001248,-0.002865,0.006451,0.002217,0.000669,0.000163,17,-0.008370,-0.199408,9.930006,-0.136521,-0.051457,-0.061264,9.935874,0.177822,0.032255,0.052154
10.644032,1.097000,0.588000,1.326000,1.037262,0.501140,1.304071,1.057060,0.561681,1.349330,0.006164,0.005137,-0.027707,0.999584,-0.132931,0.226224,-0.119499,0.001258,-0.002810,0.006511,0.002179,0.000676,0.000164,17,-0.123814,0.048592,10.078787,0.059580,0.000009,-0.073192,10.080129,0.116198,0.107676,0.053218
10.660656,1.096000,0.589000,1.325000,1.031777,0.567079,1.323209,1.053797,0.565436,1.346671,0.006199,0.004844,-0.027469,0.999592,-0.132385,0.221339,-0.113986,0.001273,-0.002809,0.006538,0.002178,0.000689,0.000171,17,0.052687,-0.167927,10.197558,0.008584,-0.026455,0.090673,10.199494,0.124467,0.067885,0.052971
10.677286,1.094000,0.591000,1.323000,1.053621,0.521163,1.430421,1.051715,0.566682,1.347552,0.004903,0.003383,-0.026989,0.999618,-0.131026,0.216095,-0.105091,0.001275,-0.002774,0.006440,0.002153,0.000688,0.000169,16,0.013742,0.004430,10.211091,-0.168724,-0.189148,0.051788,10.212283,0.277754,0.134339,0.054609
10.693868,1.092000,0.592000,1.322000,1.071784,0.592787,1.388670,1.050618,0.571257,1.347259,0.002709,0.001919,-0.027369,0.999620,-0.132133,0.218502,-0.097758,0.001263,-0.002795,0.006389,0.002168,0.000677,0.000164,17,-0.226147,0.062044,10.182937,-0.260326,-0.197030,-0.093617,10.190445,0.348566,0.069672,0.052733
10.710572,1.091000,0.594000,1.321000,1.017857,0.499954,1.379025,1.046930,0.571266,1.346699,0.002874,0.001318,-0.028484,0.999589,-0.138949,0.216311,-0.094055,0.001283,-0.002736,0.006353,0.002125,0.000692,0.000172,17,-0.300806,0.269944,9.985150,-0.000996,-0.067534,-0.062003,9.995475,0.123999,0.132520,0.055852
10.727155,1.089000,0.596000,1.319000,1.038927,0.565346,1.354807,1.044360,0.574313,1.345448,0.002494,0.001107,-0.028244,0.999597,-0.140975,0.209069,-0.095724,0.001287,-0.002728,0.006342,0.002120,0.000695,0.000174,17,-0.097326,-0.344598,9.696250,-0.042751,-0.024744,0.047889,9.704283,0.117810,0.068769,0.056236
10.743792,1.088000,0.597000,1.318000,1.070217,0.515221,1.383092,1.043337,0.574796,1.345005,0.001504,-0.000111,-0.027404,0.999623,-0.137868,0.206121,-0.095705,0.001269,-0.002682,0.006301,0.002089,0.000678,0.000161,17,0.035542,0.141320,9.744526,-0.127740,-0.157107,-0.006074,9.749218,0.216278,0.106024,0.056719
10.760362,1.086000,0.599000,1.316000,1.041261,0.576057,1.318961,1.041174,0.577967,1.342727,0.000930,-0.000879,-0.027551,0.999620,-0.141582,0.208357,-0.097387,0.001267,-0.002679,0.006331,0.002087,0.000677,0.000160,16,-0.239350,0.164883,9.756058,-0.068817,-0.099018,-0.025556,9.766498,0.141829,0.050366,0.056268
10.777000,1.085000,0.600000,1.315000,1.059388,0.570539,1.366054,1.039834,0.580762,1.341879,-0.000037,-0.001290,-0.026849,0.999639,-0.142923,0.199747,-0.101039,0.001254,-0.002672,0.006303,0.002083,0.000666,0.000152,17,-0.136384,-0.482882,9.542132,-0.116283,-0.061631,0.014351,9.556172,0.143136,0.064268,0.055969
10.793659,1.084000,0.601000,1.314000,1.049725,0.552332,1.292620,1.038180,0.582453,1.338736,-0.001738,-0.002088,-0.026546,0.999644,-0.140401,0.202792,-0.101456,0.001243,-0.002646,0.006362,0.002066,0.000657,0.000146,17,0.100687,0.307056,9.878858,-0.215044,-0.107437,-0.018184,9.889616,0.251418,0.063249,0.055275
10.810332,1.082000,0.603000,1.312000,1.062890,0.575447,1.377207,1.037132,0.585459,1.338292,-0.001890,-0.002893,-0.026055,0.999655,-0.137528,0.214501,-0.100264,0.001227,-0.002641,0.006318,0.002063,0.000643,0.000136,17,0.061077,0.715204,9.815024,-0.017655,-0.105922,-0.031204,9.844416,0.128451,0.073323,0.054882
10.843499,1.079000,0.605000,1.310000,1.028941,0.544630,1.377034,1.032256,0.590065,1.336291,-0.001020,-0.003626,-0.026060,0.999653,-0.146066,0.210343,-0.102345,0.001230,-0.002602,0.006269,0.002037,0.000644,0.000139,33,-0.181785,-0.048842,9.710635,0.050372,-0.042607,0.016609,9.714264,0.112277,0.103170,0.055671
10.860162,1.077000,0.607000,1.308000,1.024549,0.594631,1.390339,1.029519,0.593669,1.336406,-0.000729,-0.004019,-0.026330,0.999645,-0.146997,0.219774,-0.100585,0.001237,-0.002605,0.006200,0.002038,0.000649,0.000142,17,0.024564,0.527863,9.800429,0.035734,-0.046026,0.002077,9.817514,0.084911,0.098406,0.056912
10.876784,1.076000,0.608000,1.307000,1.024185,0.579129,1.334144,1.026929,0.596383,1.334698,0.000409,-0.004629,-0.026273,0.999644,-0.149791,0.217032,-0.102807,0.001238,-0.002590,0.006202,0.002028,0.000650,0.000144,17,-0.067077,-0.070875,9.684672,0.135354,-0.068665,0.019804,9.688352,0.178812,0.065231,0.057533
10.893390,1.074000,0.609000,1.306000,1.009128,0.587798,1.261459,1.023884,0.599056,1.330803,0.001507,-0.005046,-0.026608,0.999632,-0.153292,0.210974,-0.106907,0.001245,-0.002576,0.006289,0.002018,0.000656,0.000148,16,-0.047391,-0.303042,9.703462,0.138029,-0.046105,0.003877,9.708993,0.158111,0.081497,0.056795
10.910001,1.073000,0.611000,1.304000,1.030370,0.559189,1.387957,1.021784,0.600331,1.330913,0.001554,-0.006305,-0.026458,0.999629,-0.154211,0.207583,-0.106776,0.001240,-0.002543,0.006221,0.001996,0.000651,0.000146,17,0.026930,0.002967,9.704788,0.000370,-0.156982,0.006589,9.707426,0.173763,0.107473,0.058832
10.926650,1.071000,0.613000,1.302000,1.017818,0.555166,1.395355,1.019084,0.601410,1.331246,0.001646,-0.006587,-0.026457,0.999627,-0.158786,0.206227,-0.104036,0.001243,-0.002506,0.006144,0.001971,0.000652,0.000148,17,-0.130889,0.166085,9.853853,-0.000921,-0.035392,0.029048,9.858715,0.121700,0.122017,0.060703
10.943327,1.069000,0.613000,1.301000,1.006198,0.573232,1.343434,1.015880,0.603207,1.329956,0.002277,-0.006850,-0.026816,0.999614,-0.166798,0.197606,-0.104808,0.001250,-0.002481,0.006129,0.001953,0.000657,0.000153,17,-0.286315,-0.350427,9.750525,0.075523,-0.022578,0.005846,9.762473,0.095323,0.085593,0.061287
10.959950,1.067000,0.613000,1.299000,0.994879,0.540316,1.428371,1.011968,0.603352,1.331320,0.002813,-0.006548,-0.027856,0.999587,-0.175140,0.192316,-0.103209,0.001265,-0.002430,0.006012,0.001918,0.000667,0.000164,17,-0.256362,0.000211,9.723264,0.048812,0.044119,-0.020308,9.727098,0.098660,0.164989,0.064546
10.976477,1.065000,0.614000,1.298000,1.004578,0.556961,1.316968,1.008954,0.603944,1.329259,0.002253,-0.006403,-0.028074,0.999583,-0.180096,0.186297,-0.103071,0.001265,-0.002389,0.006030,0.001890,0.000668,0.000165,16,-0.155121,-0.098763,9.855907,-0.084098,0.016268,-0.010961,9.857930,0.116193,0.085229,0.064957
10.993131,1.063000,0.616000,1.297000,1.043150,0.514733,1.358774,1.007851,0.602441,1.328504,0.002217,-0.005940,-0.026995,0.999615,-0.183516,0.174660,-0.101076,0.001241,-0.002318,0.006001,0.001845,0.000646,0.000146,17,-0.250266,-0.249269,9.891674,-0.026459,0.053468,-0.025650,9.899653,0.139372,0.120271,0.064944
11.009831,1.061000,0.616000,1.295000,1.041341,0.552650,1.321976,1.006687,0.602669,1.326662,0.002250,-0.004770,-0.025589,0.999659,-0.185556,0.165871,-0.099658,0.001216,-0.002278,0.006013,0.001820,0.000625,0.000128,17,-0.191851,-0.257520,9.921280,-0.012093,0.130649,0.006747,9.927485,0.175900,0.071606,0.064266
11.026380,1.058000,0.617000,1.294000,0.994851,0.551120,1.363103,1.003079,0.602753,1.326181,0.001786,-0.004323,-0.026281,0.999644,-0.190366,0.156879,-0.097651,0.001221,-0.002235,0.005971,0.001791,0.000629,0.000134,17,-0.134432,-0.281086,9.870483,-0.072923,0.057838,-0.020008,9.878481,0.125310,0.114469,0.065230
11.042987,1.057000,0.619000,1.293000,1.001538,0.567236,1.282603,1.000195,0.603367,1.323311,0.001929,-0.004344,-0.025948,0.999652,-0.191548,0.160429,-0.097342,0.001217,-0.002204,0.006024,0.001770,0.000626,0.000132,16,-0.028108,0.456088,9.922079,0.009691,-0.002487,0.029295,9.934898,0.114895,0.076575,0.066257
11.059582,1.054000,0.618000,1.292000,1.010527,0.554088,1.322510,0.997812,0.603481,1.321762,0.002767,-0.004843,-0.025883,0.999649,-0.192326,0.164523,-0.094055,0.001207,-0.002163,0.006027,0.001743,0.000617,0.000125,17,-0.041866,0.530954,10.016951,0.081898,-0.062317,-0.046777,10.031640,0.175058,0.083100,0.065220
11.076247,1.052000,0.619000,1.290000,0.976997,0.586149,1.347794,0.993713,0.605248,1.321116,0.003883,-0.005544,-0.026733,0.999620,-0.198568,0.163893,-0.089429,0.001218,-0.002147,0.005995,0.001732,0.000626,0.000135,17,-0.182504,0.114662,10.052816,0.135390,-0.077567,-0.008143,10.058627,0.164677,0.100224,0.067489
11.092897,1.050000,0.620000,1.289000,1.047172,0.595497,1.410763,0.993170,0.607384,1.322462,0.004915,-0.006074,-0.024832,0.999661,-0.199228,0.158356,-0.088403,0.001189,-0.002143,0.005892,0.001732,0.000600,0.000109,17,-0.179114,-0.219907,9.711242,0.130872,-0.076256,-0.009344,9.715787,0.165393,0.124236,0.067145
11.109500,1.049000,0.622000,1.288000,0.980436,0.591775,1.267397,0.989628,0.608892,1.319379,0.006207,-0.006497,-0.024957,0.999648,-0.203319,0.154991,-0.091934,0.001191,-0.002126,0.005955,0.001721,0.000602,0.000113,16,-0.101941,-0.022272,9.697235,0.163757,-0.046063,0.017680,9.702980,0.196823,0.077711,0.068422
11.126143,1.045000,0.621000,1.286000,1.063434,0.565998,1.354572,0.990231,0.609224,1.319013,0.007260,-0.007020,-0.022187,0.999703,-0.198202,0.152173,-0.088494,0.001146,-0.002095,0.005920,0.001705,0.000565,0.000077,17,0.073600,0.179239,9.961549,0.123937,-0.088236,0.003107,9.963740,0.160767,0.089817,0.065024
11.142714,1.043000,0.622000,1.285000,1.026345,0.564869,1.302117,0.989008,0.609378,1.317079,0.008377,-0.007319,-0.020867,0.999720,-0.201450,0.144250,-0.087819,0.001121,-0.002060,0.005944,0.001683,0.000544,0.000058,17,-0.233647,-0.110842,9.903204,0.128827,-0.047141,-0.004311,9.908965,0.139925,0.061922,0.064059
11.159368,1.041000,0.622000,1.284000,0.985303,0.560010,1.294248,0.985703,0.609212,1.314914,0.009318,-0.007667,-0.021054,0.999706,-0.202552,0.136201,-0.090910,0.001118,-0.002018,0.005972,0.001656,0.000542,0.000061,17,0.082516,-0.086092,9.678485,0.104595,-0.041252,0.000296,9.680668,0.138069,0.083964,0.064629
11.176059,1.038000,0.623000,1.283000,1.009636,0.567501,1.267733,0.983754,0.609291,1.311935,0.008228,-0.007932,-0.019994,0.999735,-0.202830,0.129459,-0.092377,0.001098,-0.001984,0.006031,0.001634,0.000527,0.000048,17,-0.001300,-0.022852,9.817775,-0.138803,-0.043280,0.014787,9.820745,0.157082,0.064169,0.062991
11.192576,1.036000,0.623000,1.282000,0.958918,0.577393,1.310376,0.979442,0.609713,1.310440,0.006919,-0.008647,-0.021184,0.999714,-0.206975,0.125602,-0.095177,0.001109,-0.001956,0.006032,0.001615,0.000536,0.000060,16,0.010607,0.056014,9.642538,-0.172871,-0.088123,-0.023732,9.645421,0.205713,0.093951,0.064685
11.209218,1.034000,0.623000,1.281000,0.983550,0.568267,1.282349,0.976505,0.609620,1.308024,0.006208,-0.009708,-0.020891,0.999715,-0.209015,0.120140,-0.099196,0.001101,-0.001922,0.006066,0.001593,0.000530,0.000057,17,0.008867,-0.010489,9.621746,-0.093248,-0.133445,0.010593,9.622223,0.170597,0.074450,0.064923
11.225855,1.031000,0.622000,1.280000,0.988478,0.579631,1.360201,0.973753,0.610090,1.308023,0.005660,-0.010441,-0.020602,0.999717,-0.214767,0.113489,-0.099578,0.001093,-0.001899,0.006007,0.001579,0.000523,0.000052,17,-0.205856,-0.166943,9.696315,-0.073577,-0.096665,-0.008436,9.700757,0.137465,0.100177,0.064841
11.242504,1.028000,0.622000,1.278000,0.974767,0.570965,1.213057,0.970538,0.609864,1.303455,0.004767,-0.011098,-0.020701,0.999713,-0.220090,0.106064,-0.104473,0.001085,-0.001864,0.006118,0.001556,0.000518,0.000048,17,-0.146692,-0.155493,9.707189,-0.116117,-0.082945,-0.038616,9.711219,0.170204,0.098264,0.064009
11.259115,1.026000,0.623000,1.277000,1.004367,0.573638,1.246053,0.968966,0.609686,1.300067,0.004106,-0.010336,-0.019420,0.999750,-0.226950,0.105385,-0.105201,0.001061,-0.001834,0.006187,0.001538,0.000498,0.000030,16,-0.430358,0.215166,9.892966,-0.096996,0.083693,-0.015669,9.907110,0.153035,0.062147,0.062946
11.275681,1.023000,0.622000,1.276000,1.010208,0.547555,1.328939,0.967512,0.608425,1.299277,0.003888,-0.008432,-0.017934,0.999796,-0.229782,0.105860,-0.103661,0.001034,-0.001786,0.006158,0.001510,0.000477,0.000011,17,-0.221600,0.392349,9.868343,-0.051338,0.224117,0.008128,9.879560,0.243675,0.092240,0.061685
11.292379,1.020000,0.622000,1.274000,1.007889,0.561886,1.297738,0.965961,0.607880,1.297561,0.004205,-0.006592,-0.016431,0.999834,-0.230503,0.103057,-0.102495,0.001008,-0.001750,0.006164,0.001489,0.000456,-0.000009,17,-0.113783,0.131351,9.889717,0.023459,0.222975,0.000946,9.891527,0.236195,0.065756,0.060619
11.309006,1.018000,0.621000,1.273000,0.967718,0.580804,1.273727,0.962469,0.608156,1.295198,0.005125,-0.005319,-0.016258,0.999841,-0.233364,0.096666,-0.101061,0.001003,-0.001727,0.006192,0.001475,0.000452,-0.000011,17,-0.080415,-0.160656,9.950534,0.103328,0.159797,0.004415,9.953072,0.213807,0.064378,0.061167
11.325634,1.013000,0.621000,1.271000,1.000302,0.582999,1.395742,0.960500,0.608565,1.296642,0.005745,-0.004053,-0.015113,0.999861,-0.233278,0.087742,-0.096451,0.000983,-0.001710,0.006078,0.001467,0.000436,-0.000028,17,-0.066318,-0.331171,9.907986,0.066760,0.144254,-0.015496,9.916775,0.171317,0.131019,0.059736
11.342151,1.011000,0.621000,1.270000,0.983117,0.582766,1.262429,0.958159,0.608600,1.294089,0.005866,-0.002774,-0.014250,0.999877,-0.232848,0.080734,-0.097064,0.000966,-0.001689,0.006119,0.001455,0.000423,-0.000039,16,-0.030006,-0.196484,9.846682,0.007434,0.155148,-0.005368,9.850461,0.186945,0.047923,0.059382
11.358800,1.007000,0.620000,1.269000,0.940137,0.553633,1.280030,0.953676,0.607221,1.292104,0.006349,-0.002565,-0.015077,0.999863,-0.235419,0.074965,-0.096077,0.000970,-0.001644,0.006136,0.001425,0.000427,-0.000029,17,-0.029831,0.005616,9.903468,0.047529,0.030042,-0.001987,9.905527,0.107902,0.094852,0.059502
11.375545,1.004000,0.620000,1.268000,0.994593,0.576263,1.330437,0.951985,0.606955,1.291693,0.007327,-0.002236,-0.013587,0.999878,-0.235904,0.068083,-0.097283,0.000946,-0.001621,0.006096,0.001413,0.000408,-0.000049,17,-0.182610,-0.140887,9.672775,0.112712,0.030596,0.003112,9.676349,0.128476,0.076810,0.058627
11.392099,1.002000,0.618000,1.266000,0.952902,0.584649,1.240188,0.948384,0.606909,1.288537,0.007556,-0.001773,-0.013353,0.999881,-0.236431,0.065305,-0.098583,0.000940,-0.001601,0.006155,0.001400,0.000404,-0.000051,17,-0.024185,0.092702,9.828501,0.022699,0.056098,0.011120,9.829039,0.071077,0.064724,0.059208
11.408743,0.998000,0.619000,1.265000,0.987326,0.574690,1.299892,0.946743,0.606379,1.287350,0.007920,-0.001360,-0.012072,0.999895,-0.235829,0.057314,-0.097183,0.000917,-0.001577,0.006145,0.001387,0.000386,-0.000069,16,-0.128394,-0.192401,9.887063,0.038890,0.041922,-0.012967,9.891137,0.117992,0.057400,0.057324
11.425307,0.996000,0.617000,1.264000,0.967776,0.589914,1.306081,0.944194,0.606452,1.286387,0.008702,-0.001652,-0.011201,0.999898,-0.234879,0.049454,-0.098108,0.000903,-0.001565,0.006125,0.001381,0.000375,-0.000079,17,-0.016452,-0.255635,9.728629,0.090152,-0.041652,0.011917,9.733568,0.136389,0.057455,0.057413
11.441951,0.992000,0.617000,1.262000,0.981416,0.532969,1.338206,0.942291,0.603833,1.286325,0.007510,-0.001765,-0.010310,0.999917,-0.230944,0.041759,-0.097274,0.000879,-0.001509,0.006071,0.001348,0.000357,-0.000092,17,0.087102,0.018416,9.773128,-0.162872,-0.026880,-0.000499,9.776196,0.176553,0.113932,0.056887
11.458669,0.989000,0.616000,1.262000,0.957588,0.588618,1.259064,0.939482,0.603738,1.283916,0.006512,-0.002220,-0.009919,0.999927,-0.229266,0.037077,-0.099367,0.000867,-0.001496,0.006102,0.001341,0.000348,-0.000100,17,0.052451,-0.063590,9.739193,-0.124828,-0.060179,-0.029077,9.742689,0.149488,0.041775,0.055522
11.475234,0.987000,0.615000,1.261000,0.943634,0.573351,1.264621,0.936081,0.602883,1.281712,0.005695,-0.002874,-0.009671,0.999933,-0.230943,0.036366,-0.099107,0.000861,-0.001471,0.006125,0.001326,0.000343,-0.000102,17,-0.090303,0.210805,9.865661,-0.104116,-0.082415,0.014319,9.870413,0.138243,0.060236,0.056289
11.491792,0.983000,0.613000,1.259000,1.005284,0.553728,1.290301,0.935976,0.601207,1.280374,0.005812,-0.002673,-0.007671,0.999950,-0.226157,0.034844,-0.098866,0.000820,-0.001435,0.006122,0.001307,0.000313,-0.000132,16,0.010435,0.256919,9.815379,0.003951,0.007338,-0.033607,9.819202,0.077072,0.070637,0.052983
11.508474,0.979000,0.612000,1.258000,0.932606,0.547169,1.268317,0.932294,0.599195,1.278407,0.006609,-0.002420,-0.008538,0.999939,-0.229678,0.030817,-0.099328,0.000816,-0.001391,0.006137,0.001279,0.000310,-0.000127,17,-0.171174,0.117483,9.815621,0.078462,0.028985,-0.064591,9.818568,0.163833,0.080386,0.052553
11.525129,0.977000,0.612000,1.257000,0.995646,0.533674,1.335894,0.931746,0.596671,1.278476,0.008319,-0.001707,-0.006875,0.999940,-0.224669,0.018604,-0.100093,0.000782,-0.001339,0.006078,0.001257,0.000273,-0.000154,17,0.052497,-0.304378,9.670707,0.193247,0.071424,0.017214,9.677132,0.217502,0.112725,0.052385
11.541700,0.967000,0.607000,1.253000,0.936910,0.548456,1.264378,0.928461,0.594606,1.276380,0.007101,-0.001062,-0.006576,0.999953,-0.221476,0.006905,-0.100843,0.000774,-0.001300,0.006096,0.001233,0.000268,-0.000153,17,0.189720,-0.340170,9.800410,-0.153925,0.075383,0.042532,9.812767,0.226276,0.066800,0.046749
11.558295,0.967000,0.607000,1.253000,0.916927,0.584287,1.364998,0.924455,0.594350,1.277548,0.006123,-0.001232,-0.007708,0.999951,-0.219248,0.010148,-0.094818,0.000781,-0.001294,0.005993,0.001230,0.000272,-0.000147,16,0.218926,0.367774,10.012274,-0.124215,-0.018730,-0.080376,10.022383,0.165011,0.124767,0.050722
11.574941,0.965000,0.606000,1.252000,0.939593,0.554798,1.296857,0.921785,0.592682,1.276623,0.005640,-0.001555,-0.007205,0.999957,-0.221593,0.004743,-0.092710,0.000769,-0.001263,0.005973,0.001212,0.000264,-0.000152,17,-0.180610,-0.023421,9.915709,-0.067355,-0.045613,0.014940,9.919784,0.113463,0.072659,0.051490
11.591607,0.964000,0.606000,1.251000,0.931535,0.563102,1.288641,0.918815,0.591365,1.275511,0.005234,-0.001913,-0.006863,0.999961,-0.220528,-0.001161,-0.090731,0.000761,-0.001241,0.005961,0.001199,0.000258,-0.000155,17,0.040990,-0.124786,9.915546,-0.059699,-0.049184,0.012917,9.917152,0.145868,0.065658,0.053448
11.608222,0.960000,0.603000,1.250000,0.958823,0.573691,1.250059,0.917189,0.590449,1.273267,0.004204,-0.002495,-0.006137,0.999969,-0.219257,-0.007069,-0.090154,0.000725,-0.001228,0.005992,0.001178,0.000270,-0.000174,17,-0.051917,-0.171956,9.899214,-0.126891,-0.078875,-0.012146,9.901394,0.173271,0.029332,0.050315
11.624832,0.958000,0.603000,1.249000,0.923683,0.525908,1.264605,0.915153,0.587383,1.271981,0.003839,-0.002695,-0.006349,0.999969,-0.221630,-0.011575,-0.092427,0.000715,-0.001178,0.006003,0.001148,0.000263,-0.000173,11,-0.217515,0.102120,9.642548,-0.093661,-0.042216,-0.028108,9.646354,0.119144,0.085816,0.051068
11.641410,0.950000,0.599000,1.247000,0.927691,0.569896,1.289992,0.912348,0.586447,1.271077,0.002461,-0.002749,-0.005873,0.999976,-0.222426,-0.012010,-0.091387,0.000706,-0.001166,0.005983,0.001141,0.000257,-0.000178,17,-0.068161,0.114469,9.839154,-0.166980,-0.007999,0.009453,9.841067,0.173960,0.056507,0.046422
11.674777,0.948000,0.598000,1.246000,0.942956,0.524750,1.285853,0.906706,0.583380,1.268601,0.002536,-0.003795,-0.006392,0.999969,-0.216959,-0.000170,-0.086665,0.000678,-0.001111,0.005968,0.001122,0.000227,-0.000196,34,0.150620,0.530574,9.940865,-0.006475,-0.069517,-0.000930,9.960230,0.156234,0.083542,0.049292
11.691381,0.943000,0.595000,1.244000,0.928480,0.543139,1.222057,0.904445,0.581347,1.265743,0.002938,-0.004222,-0.005584,0.999971,-0.217362,-0.009201,-0.085503,0.000661,-0.001076,0.006025,0.001101,0.000215,-0.000203,17,-0.059833,-0.287733,9.979526,0.041346,-0.056736,0.034046,9.985629,0.134865,0.058154,0.046321
11.707923,0.940000,0.594000,1.243000,0.886244,0.552682,1.185932,0.900325,0.579662,1.261952,0.002653,-0.004442,-0.006219,0.999967,-0.221616,-0.015216,-0.086675,0.000665,-0.001049,0.006117,0.001083,0.000218,-0.000196,16,-0.125005,-0.177494,9.903928,-0.045602,-0.026121,-0.008886,9.908174,0.099400,0.088620,0.046248
11.724582,0.937000,0.593000,1.242000,0.923352,0.499045,1.275410,0.899860,0.575820,1.261674,0.003113,-0.004217,-0.005980,0.999968,-0.222305,-0.021720,-0.086707,0.000649,-0.000985,0.006106,0.001045,0.000206,-0.000198,8,-0.263166,-0.030868,9.780333,0.078570,0.053706,0.010418,9.784328,0.100810,0.100648,0.045405
11.741216,0.933000,0.590000,1.241000,0.934709,0.561128,1.312815,0.901122,0.575210,1.263046,0.003301,-0.004113,-0.005141,0.999973,-0.219791,-0.022095,-0.085197,0.000633,-0.000975,0.006053,0.001041,0.000196,-0.000210,2,0.243753,0.456280,9.811668,0.238570,0.082226,-0.006420,9.825368,0.252631,0.077420,0.041484
11.757834,0.930000,0.589000,1.240000,0.870370,0.524713,1.319666,0.896126,0.572632,1.263307,0.004097,-0.003024,-0.006324,0.999967,-0.222010,-0.028035,-0.083734,0.000645,-0.000938,0.005991,0.001018,0.000203,-0.000194,17,0.058844,-0.089295,9.798519,0.084958,0.137147,0.000881,9.800762,0.162769,0.118470,0.044256
11.774461,0.926000,0.587000,1.238000,0.911183,0.555135,1.187665,0.893574,0.571335,1.259768,0.004759,-0.002135,-0.005968,0.999969,-0.221699,-0.030003,-0.086556,0.000633,-0.000924,0.006074,0.001009,0.000195,-0.000201,16,-0.022699,0.053473,9.779952,0.079178,0.109561,-0.026619,9.780608,0.156321,0.061389,0.042080
11.791010,0.923000,0.586000,1.237000,0.897313,0.507974,1.247118,0.890403,0.568035,1.257978,0.005264,-0.001462,-0.006520,0.999964,-0.219411,-0.033533,-0.087871,0.000627,-0.000875,0.006090,0.000978,0.000191,-0.000199,17,0.144103,0.154683,9.763819,0.046487,0.082254,-0.049252,9.766851,0.122626,0.082766,0.042725
11.807733,0.920000,0.584000,1.236000,0.881300,0.566315,1.248494,0.886586,0.567419,1.256305,0.005672,-0.000793,-0.006790,0.999961,-0.220707,-0.033529,-0.088522,0.000630,-0.000874,0.006098,0.000977,0.000192,-0.000196,17,-0.036320,0.104820,9.781252,0.047801,0.086437,-0.014235,9.783102,0.111988,0.044346,0.042470
11.824373,0.915000,0.581000,1.235000,0.898290,0.494167,1.285452,0.883586,0.563645,1.255675,0.006400,-0.000323,-0.006734,0.999957,-0.222038,-0.038753,-0.087500,0.000620,-0.000819,0.006070,0.000945,0.000185,-0.000197,17,-0.125451,0.120013,9.829189,0.073736,0.055655,-0.003338,9.832414,0.112775,0.101807,0.041418
11.840961,0.912000,0.580000,1.233000,0.853149,0.538602,1.248751,0.878635,0.561885,1.254074,0.006944,0.000001,-0.007468,0.999948,-0.225543,-0.041244,-0.084814,0.000631,-0.000800,0.006075,0.000932,0.000192,-0.000185,17,-0.096900,0.083540,9.987689,0.058065,0.043639,0.013633,9.989160,0.107377,0.073657,0.043422
11.857551,0.908000,0.578000,1.232000,0.910739,0.538035,1.199163,0.876772,0.560110,1.251119,0.007669,0.000979,-0.006294,0.999950,-0.223077,-0.046569,-0.084210,0.000611,-0.000781,0.006138,0.000922,0.000178,-0.000199,16,-0.015527,-0.065928,9.960277,0.086022,0.115671,0.021955,9.963994,0.159569,0.051797,0.040752
11.874155,0.904000,0.575000,1.231000,0.933757,0.489776,1.290883,0.875882,0.556208,1.250893,0.007607,0.001473,-0.005673,0.999954,-0.217795,-0.059589,-0.081209,0.000577,-0.000728,0.006101,0.000893,0.000156,-0.000218,17,0.059339,-0.352044,9.944939,-0.026863,0.049169,-0.045207,9.951560,0.110085,0.108326,0.039236
11.890855,0.901000,0.573000,1.230000,0.877282,0.515008,1.211224,0.873862,0.553744,1.248866,0.007326,0.001658,-0.006056,0.999953,-0.216564,-0.064652,-0.081638,0.000575,-0.000695,0.006144,0.000872,0.000155,-0.000215,11,0.051506,-0.070632,9.899583,-0.073822,0.033678,-0.035900,9.902495,0.094601,0.065407,0.038251
11.907446,0.896000,0.571000,1.228000,0.898919,0.500097,1.231012,0.871655,0.550366,1.246982,0.006030,0.001599,-0.005554,0.999965,-0.213768,-0.063697,-0.079189,0.000560,-0.000652,0.006166,0.000847,0.000145,-0.000221,17,0.003161,0.419110,9.993390,-0.170215,-0.013508,0.006703,10.003247,0.190839,0.071026,0.037131
11.924056,0.894000,0.569000,1.228000,0.873540,0.520707,1.234081,0.871360,0.548966,1.246440,0.006050,0.001551,-0.005665,0.999964,-0.213647,-0.065247,-0.079059,0.000557,-0.000631,0.006180,0.000834,0.000143,-0.000220,2,-0.067515,0.397708,10.111012,-0.042663,-0.059307,-0.042053,10.119119,0.085468,0.052800,0.035411
11.940637,0.891000,0.567000,1.226000,0.913471,0.518375,1.254982,0.869649,0.546616,1.245399,0.005850,0.001391,-0.006310,0.999962,-0.208717,-0.064458,-0.078547,0.000515,-0.000617,0.006175,0.000811,0.000138,-0.000236,17,0.120706,0.293375,9.828409,-0.031658,-0.027610,0.018857,9.835385,0.078183,0.060904,0.035323
11.957301,0.882000,0.561000,1.224000,0.816645,0.487441,1.237111,0.864077,0.543093,1.243877,0.005425,0.000556,-0.007944,0.999954,-0.209223,-0.062538,-0.077406,0.000535,-0.000575,0.006182,0.000783,0.000151,-0.000214,17,0.139757,0.477009,9.892476,-0.067681,-0.095449,-0.008233,9.906138,0.119960,0.099268,0.032202
11.973953,0.880000,0.559000,1.223000,0.932490,0.526237,1.234314,0.863854,0.541409,1.242339,0.004786,-0.000772,-0.006351,0.999968,-0.202393,-0.060726,-0.075853,0.000500,-0.000563,0.006197,0.000779,0.000128,-0.000239,17,0.126184,0.291436,9.927365,-0.079504,-0.177333,-0.026640,9.933599,0.199569,0.062902,0.030727
11.990528,0.878000,0.558000,1.223000,0.857451,0.518798,1.270952,0.860511,0.539576,1.241991,0.003727,-0.001937,-0.006273,0.999972,-0.203705,-0.057831,-0.074649,0.000501,-0.000548,0.006166,0.000770,0.000128,-0.000236,16,-0.039888,0.358324,9.834107,-0.138029,-0.149606,0.038441,9.842877,0.215569,0.065257,0.031717
12.007159,0.875000,0.556000,1.222000,0.849346,0.536412,1.277259,0.856835,0.538603,1.241842,0.002427,-0.002826,-0.006508,0.999972,-0.207248,-0.059402,-0.073716,0.000506,-0.000547,0.006127,0.000769,0.000131,-0.000233,17,-0.143785,-0.013665,9.804497,-0.159832,-0.113670,0.000600,9.808266,0.200704,0.063995,0.032037
12.023784,0.872000,0.553000,1.221000,0.855291,0.476932,1.260871,0.853478,0.534993,1.241153,0.001867,-0.003689,-0.007045,0.999967,-0.212694,-0.065516,-0.074917,0.000503,-0.000502,0.006109,0.000743,0.000129,-0.000229,17,-0.263907,-0.081758,9.716976,-0.084247,-0.106290,-0.034831,9.722206,0.145771,0.087494,0.032764
12.040467,0.869000,0.552000,1.220000,0.828533,0.505803,1.327772,0.848922,0.532826,1.242418,0.002208,-0.004287,-0.008096,0.999956,-0.215848,-0.064120,-0.073604,0.000516,-0.000483,0.006015,0.000732,0.000135,-0.000219,17,-0.021571,0.216245,9.733920,0.034029,-0.069067,-0.046491,9.738213,0.134470,0.124043,0.035684
12.057049,0.865000,0.549000,1.219000,0.888321,0.472093,1.349703,0.847045,0.529333,1.244287,0.003913,-0.004039,-0.007376,0.999957,-0.219050,-0.060751,-0.066411,0.000496,-0.000440,0.005905,0.000709,0.000122,-0.000228,17,-0.263731,0.491093,10.059926,0.193092,0.023713,0.008257,10.076241,0.198078,0.153434,0.036723
12.090326,0.856000,0.543000,1.216000,0.823491,0.476303,1.303229,0.839004,0.525187,1.243967,0.006721,-0.003292,-0.008237,0.999938,-0.220338,-0.059222,-0.061290,0.000506,-0.000400,0.005838,0.000685,0.000127,-0.000219,33,0.067992,0.264412,9.911808,0.166024,0.048971,-0.016210,9.920094,0.189055,0.114517,0.037260
12.106950,0.853000,0.542000,1.215000,0.813614,0.485269,1.204913,0.834478,0.522344,1.241797,0.008349,-0.003212,-0.008806,0.999921,-0.224456,-0.066332,-0.062599,0.000517,-0.000366,0.005881,0.000663,0.000133,-0.000210,17,-0.098304,-0.107941,9.813084,0.194107,0.018589,0.007147,9.814842,0.208676,0.069796,0.038046
12.123538,0.850000,0.540000,1.214000,0.795928,0.481529,1.120730,0.829302,0.519214,1.237120,0.009297,-0.002477,-0.009559,0.999908,-0.230415,-0.075558,-0.067902,0.000534,-0.000329,0.006015,0.000639,0.000142,-0.000198,17,-0.184932,-0.188195,9.724812,0.104339,0.097671,0.006193,9.729071,0.153631,0.122646,0.037349
12.140160,0.845000,0.536000,1.212000,0.852752,0.488390,1.242549,0.826901,0.516597,1.236208,0.010572,-0.001958,-0.009089,0.999901,-0.231328,-0.083767,-0.067355,0.000518,-0.000305,0.006012,0.000626,0.000132,-0.000205,16,-0.124867,-0.190952,9.846833,0.154478,0.061235,-0.009404,9.851867,0.169497,0.057097,0.035918
12.156761,0.841000,0.533000,1.211000,0.790042,0.490030,1.254968,0.821662,0.514062,1.235714,0.010599,-0.001369,-0.009637,0.999896,-0.232819,-0.092827,-0.065491,0.000538,-0.000285,0.005988,0.000613,0.000143,-0.000194,17,0.094552,-0.232076,9.891867,0.003490,0.083954,0.023335,9.897624,0.113206,0.079852,0.036652
12.173407,0.838000,0.532000,1.210000,0.835852,0.473379,1.285278,0.818676,0.510788,1.236120,0.009804,-0.001073,-0.009810,0.999903,-0.232628,-0.098026,-0.061877,0.000530,-0.000253,0.005935,0.000596,0.000138,-0.000198,17,-0.032217,0.055559,9.947252,-0.103765,0.033288,-0.048481,9.947785,0.133067,0.095435,0.038802
12.190046,0.833000,0.528000,1.209000,0.790850,0.457584,1.255526,0.813709,0.506774,1.235678,0.009447,-0.001227,-0.010493,0.999900,-0.236980,-0.104524,-0.059842,0.000544,-0.000211,0.005913,0.000571,0.000145,-0.000189,17,-0.134610,0.020613,9.908782,-0.055392,-0.011296,-0.017263,9.911478,0.080456,0.094339,0.039171
12.206709,0.830000,0.525000,1.208000,0.823645,0.472845,1.290290,0.810337,0.503576,1.236304,0.009193,-0.001620,-0.009813,0.999908,-0.237421,-0.110867,-0.058293,0.000538,-0.000186,0.005853,0.000558,0.000140,-0.000192,17,-0.047342,-0.059294,9.808674,-0.036510,-0.049179,0.055035,9.810290,0.095597,0.097633,0.040580
12.223225,0.825000,0.522000,1.207000,0.817698,0.460604,1.289251,0.807037,0.499955,1.236940,0.008665,-0.002138,-0.010029,0.999910,-0.238460,-0.115812,-0.056178,0.000534,-0.000153,0.005794,0.000539,0.000137,-0.000194,16,-0.068568,0.047188,9.848924,-0.076195,-0.068206,-0.040502,9.850472,0.122537,0.102899,0.041293
12.239907,0.821000,0.519000,1.206000,0.802692,0.427430,1.295907,0.803104,0.494900,1.237760,0.009677,-0.002474,-0.010695,0.999893,-0.241014,-0.116479,-0.051387,0.000537,-0.000095,0.005731,0.000507,0.000138,-0.000192,17,-0.093526,0.445941,9.991314,0.101185,-0.046342,-0.067967,10.004856,0.180757,0.129628,0.043701
12.256562,0.818000,0.517000,1.205000,0.804885,0.465742,1.194894,0.799497,0.491703,1.235629,0.011589,-0.002155,-0.010159,0.999879,-0.242809,-0.118013,-0.051011,0.000534,-0.000071,0.005779,0.000492,0.000135,-0.000193,17,-0.110765,0.253997,9.918617,0.227047,0.042085,0.051555,9.926432,0.238752,0.053866,0.043823
12.273179,0.813000,0.514000,1.204000,0.783408,0.442004,1.284897,0.794915,0.487553,1.236250,0.012942,-0.001750,-0.010174,0.999863,-0.243589,-0.127921,-0.047367,0.000544,-0.000032,0.005724,0.000470,0.000141,-0.000189,17,0.052821,-0.144322,9.955028,0.157118,0.056554,0.036372,9.957111,0.192714,0.112264,0.045460
12.289800,0.809000,0.510000,1.203000,0.787311,0.472729,1.148981,0.790989,0.484804,1.232903,0.012511,-0.000866,-0.010607,0.999865,-0.245456,-0.132022,-0.048388,0.000544,-0.000019,0.005821,0.000461,0.000140,-0.000188,16,-0.089705,0.068870,9.921257,-0.059549,0.111014,-0.057134,9.923476,0.150286,0.069120,0.043052
12.306383,0.806000,0.508000,1.202000,0.843230,0.384999,1.325801,0.789585,0.478278,1.234776,0.012759,0.000067,-0.009952,0.999869,-0.242423,-0.136731,-0.048180,0.000516,0.000060,0.005725,0.000419,0.000122,-0.000201,17,-0.029512,0.386817,9.671976,0.002744,0.103325,-0.027599,9.680454,0.130956,0.178444,0.047193
12.323082,0.801000,0.504000,1.201000,0.766889,0.455944,1.166077,0.784884,0.475054,1.231933,0.013130,0.000375,-0.010090,0.999863,-0.242097,-0.139642,-0.050984,0.000525,0.000079,0.005801,0.000407,0.000127,-0.000197,17,0.074071,0.194108,9.764788,0.037463,0.045394,0.019012,9.771869,0.096842,0.068502,0.045326
12.339667,0.797000,0.501000,1.200000,0.825876,0.458998,1.295661,0.782887,0.472152,1.232997,0.012787,0.000631,-0.009598,0.999872,-0.240240,-0.144678,-0.048632,0.000500,0.000088,0.005733,0.000404,0.000113,-0.000208,17,-0.066242,-0.004873,9.839845,-0.044603,0.022733,-0.032857,9.841075,0.139774,0.108393,0.046045
12.356273,0.793000,0.498000,1.199000,0.741003,0.436958,1.118048,0.777511,0.468217,1.228807,0.014553,0.001046,-0.010331,0.999840,-0.243390,-0.145535,-0.049380,0.000519,0.000118,0.005859,0.000384,0.000122,-0.000199,16,-0.078711,0.392026,9.987150,0.212187,0.063732,-0.019290,9.998075,0.235993,0.113943,0.044893
12.422763,0.776000,0.483000,1.195000,0.747930,0.457792,1.200403,0.760801,0.457858,1.224742,0.017477,0.003160,-0.010223,0.999790,-0.239653,-0.160673,-0.047161,0.000528,0.000119,0.005891,0.000383,0.000127,-0.000195,68,0.022209,0.109594,9.860468,0.088673,0.065158,0.008101,9.866306,0.156600,0.038112,0.041806
12.439348,0.773000,0.480000,1.195000,0.729376,0.447083,1.245291,0.755581,0.454913,1.224715,0.017618,0.003543,-0.010523,0.999783,-0.237026,-0.161951,-0.045747,0.000551,0.000127,0.005861,0.000378,0.000139,-0.000189,16,0.237972,0.311898,9.851939,0.014760,0.056892,0.014460,9.860710,0.091769,0.074269,0.042612
12.456034,0.769000,0.477000,1.194000,0.735626,0.428054,1.188250,0.751035,0.450944,1.222763,0.016907,0.003572,-0.010544,0.999795,-0.233996,-0.166942,-0.047356,0.000562,0.000152,0.005907,0.000364,0.000144,-0.000186,17,0.191504,0.180314,9.787155,-0.097068,0.006899,0.018848,9.792883,0.115626,0.059520,0.042766
12.472687,0.765000,0.473000,1.192000,0.745993,0.429352,1.303478,0.747069,0.447367,1.224621,0.016239,0.003236,-0.010843,0.999804,-0.233155,-0.165941,-0.047474,0.000566,0.000167,0.005804,0.000356,0.000146,-0.000185,17,0.005260,0.462029,9.634509,-0.084596,-0.042188,-0.033320,9.647062,0.112779,0.121218,0.045196
12.489311,0.761000,0.469000,1.192000,0.730965,0.432825,1.230982,0.742650,0.444071,1.224084,0.015847,0.002473,-0.011014,0.999811,-0.229921,-0.163949,-0.044446,0.000576,0.000178,0.005795,0.000350,0.000151,-0.000183,17,0.185857,0.505397,9.967841,-0.050396,-0.087287,-0.003885,9.984060,0.120341,0.061077,0.044582
12.505889,0.758000,0.466000,1.191000,0.726329,0.406898,1.200115,0.738483,0.439653,1.222563,0.014611,0.001965,-0.010843,0.999833,-0.230346,-0.170867,-0.046991,0.000586,0.000212,0.005824,0.000331,0.000156,-0.000180,16,-0.013707,0.046947,9.709160,-0.168516,-0.062780,0.036274,9.711293,0.188955,0.067669,0.045512
12.522530,0.754000,0.461000,1.190000,0.736691,0.371646,1.265254,0.734868,0.433562,1.223131,0.013606,0.001413,-0.010761,0.999849,-0.230811,-0.179143,-0.045933,0.000587,0.000271,0.005774,0.000299,0.000156,-0.000182,17,-0.049213,0.071491,9.803222,-0.146678,-0.076625,-0.008544,9.805504,0.186647,0.118097,0.047080
12.555764,0.745000,0.453000,1.188000,0.711331,0.379282,1.199242,0.726500,0.424903,1.220791,0.014235,0.000926,-0.011123,0.999836,-0.234938,-0.189335,-0.046426,0.000599,0.000320,0.005804,0.000273,0.000161,-0.000180,34,-0.112120,0.081002,9.820808,0.029766,-0.026276,-0.016691,9.825493,0.114524,0.081819,0.046978
12.572405,0.742000,0.449000,1.187000,0.702258,0.417999,1.197972,0.721555,0.421510,1.219325,0.014728,0.001558,-0.011415,0.999825,-0.239866,-0.192995,-0.042686,0.000614,0.000324,0.005831,0.000270,0.000169,-0.000176,17,-0.225332,0.094096,10.082092,0.060593,0.081124,-0.008023,10.085813,0.148365,0.051584,0.047102
12.588958,0.739000,0.446000,1.186000,0.713476,0.406276,1.228745,0.717542,0.417829,1.218986,0.016270,0.002631,-0.011103,0.999803,-0.236370,-0.192780,-0.040211,0.000618,0.000336,0.005819,0.000264,0.000171,-0.000175,16,0.194057,0.386315,9.942818,0.189901,0.139932,0.039955,9.955652,0.258281,0.063691,0.048395
12.605631,0.735000,0.442000,1.185000,0.721942,0.385191,1.159025,0.714295,0.413026,1.216320,0.015653,0.001176,-0.010873,0.999818,-0.233074,-0.202023,-0.043044,0.000609,0.000367,0.005896,0.000247,0.000166,-0.000178,17,0.135732,-0.065476,9.781120,-0.073215,-0.177791,0.009722,9.787280,0.228364,0.063816,0.047425
12.622265,0.731000,0.438000,1.184000,0.700261,0.376184,1.198402,0.710010,0.407909,1.215009,0.014901,0.001027,-0.011415,0.999823,-0.238169,-0.209261,-0.042405,0.000616,0.000399,0.005918,0.000230,0.000169,-0.000177,17,-0.283350,0.018014,9.894032,-0.106043,-0.022307,-0.063470,9.900165,0.140535,0.070523,0.048038
12.638886,0.727000,0.432000,1.184000,0.715029,0.384908,1.216380,0.706553,0.403453,1.214348,0.015087,0.000248,-0.011027,0.999825,-0.233226,-0.208290,-0.040461,0.000609,0.000417,0.005917,0.000220,0.000165,-0.000180,17,0.233164,0.457800,9.921249,0.017851,-0.095543,0.027923,9.936238,0.123810,0.058390,0.046411
12.655498,0.723000,0.428000,1.183000,0.721932,0.360871,1.235331,0.703808,0.398161,1.214366,0.015564,-0.000971,-0.010493,0.999823,-0.233225,-0.212861,-0.038279,0.000596,0.000452,0.005894,0.000202,0.000158,-0.000184,16,-0.076710,0.211485,9.912842,0.051746,-0.158124,0.034366,9.919138,0.175888,0.085124,0.047355
12.672066,0.720000,0.425000,1.182000,0.678984,0.381643,1.212799,0.699010,0.394078,1.213740,0.018200,-0.000532,-0.010499,0.999779,-0.239538,-0.216305,-0.035146,0.000611,0.000464,0.005894,0.000196,0.000165,-0.000180,17,-0.282871,0.172326,10.005654,0.319447,0.058202,0.021770,10.011783,0.327707,0.067162,0.049033
12.688792,0.716000,0.420000,1.181000,0.683841,0.352630,1.212845,0.694576,0.388579,1.213099,0.018296,-0.000130,-0.010351,0.999779,-0.238959,-0.225600,-0.035354,0.000619,0.000499,0.005896,0.000177,0.000169,-0.000179,17,0.086853,-0.017487,9.814712,0.004717,0.052090,0.019651,9.816395,0.107110,0.081160,0.049765
12.705397,0.712000,0.415000,1.181000,0.655534,0.374293,1.245780,0.688911,0.384347,1.213605,0.017310,-0.000491,-0.010769,0.999792,-0.239758,-0.231366,-0.033434,0.000647,0.000507,0.005853,0.000172,0.000183,-0.000172,17,0.120750,0.035045,9.867028,-0.121962,-0.033782,-0.008736,9.870934,0.139805,0.095089,0.050357
12.722039,0.709000,0.412000,1.180000,0.693097,0.336634,1.273516,0.685303,0.378368,1.214939,0.017860,0.000105,-0.010743,0.999783,-0.237793,-0.232216,-0.031754,0.000644,0.000544,0.005782,0.000153,0.000181,-0.000174,17,0.094022,0.492011,9.790858,0.054106,0.069840,-0.017928,9.804584,0.100025,0.121154,0.053975
12.738607,0.705000,0.408000,1.178000,0.680672,0.353580,1.293335,0.681390,0.373683,1.216929,0.019810,0.000434,-0.010451,0.999749,-0.238878,-0.238881,-0.032966,0.000648,0.000560,0.005687,0.000145,0.000183,-0.000174,16,-0.054788,0.024313,9.581210,0.241319,0.045863,0.033332,9.582452,0.264304,0.129829,0.057014
12.755264,0.701000,0.402000,1.178000,0.662684,0.310880,1.290266,0.676752,0.366867,1.218673,0.019426,-0.000047,-0.010160,0.999760,-0.240326,-0.256346,-0.031565,0.000661,0.000608,0.005599,0.000119,0.000188,-0.000173,17,0.001883,-0.408776,9.774199,-0.049536,-0.059270,0.037564,9.784263,0.163840,0.149582,0.058963
12.771971,0.698000,0.399000,1.177000,0.661851,0.363208,1.221866,0.672315,0.362692,1.218299,0.018906,-0.000560,-0.010290,0.999768,-0.238923,-0.258828,-0.029288,0.000669,0.000608,0.005593,0.000119,0.000193,-0.000171,17,0.134025,0.219970,9.939518,-0.063863,-0.057237,-0.001691,9.944384,0.110007,0.067829,0.060693
12.788517,0.694000,0.394000,1.177000,0.645434,0.365740,1.169385,0.667350,0.358765,1.216293,0.018384,-0.000639,-0.010895,0.999771,-0.241386,-0.256432,-0.030615,0.000684,0.000603,0.005649,0.000121,0.000200,-0.000167,17,-0.046099,0.488286,9.815027,-0.063011,-0.009666,-0.047156,9.828039,0.129446,0.056703,0.059124
12.805116,0.690000,0.389000,1.175000,0.648535,0.267637,1.265357,0.662822,0.350492,1.217255,0.019430,0.000423,-0.010875,0.999752,-0.240618,-0.259479,-0.029398,0.000697,0.000677,0.005593,0.000082,0.000206,-0.000167,16,0.115617,0.590404,9.786916,0.106840,0.139242,-0.014648,9.806446,0.202749,0.156884,0.063301
12.821716,0.687000,0.384000,1.175000,0.632188,0.367888,1.147548,0.657776,0.347360,1.214628,0.022434,0.001140,-0.010699,0.999690,-0.241531,-0.258889,-0.030815,0.000713,0.000661,0.005672,0.000090,0.000215,-0.000162,17,0.034666,0.369835,9.845641,0.376886,0.103274,0.052436,9.858494,0.403536,0.063384,0.061375
12.838433,0.682000,0.378000,1.174000,0.653190,0.293887,1.292984,0.653749,0.340719,1.216568,0.021630,0.001300,-0.010377,0.999711,-0.243519,-0.272034,-0.027236,0.000717,0.000700,0.005581,0.000069,0.000216,-0.000163,17,-0.114190,-0.163968,9.905221,-0.104929,0.015906,0.025189,9.913929,0.178945,0.148533,0.063246
12.854984,0.679000,0.374000,1.173000,0.650075,0.326810,1.210887,0.649778,0.335810,1.215953,0.021780,0.001553,-0.010679,0.999705,-0.242161,-0.269256,-0.026068,0.000716,0.000709,0.005588,0.000065,0.000216,-0.000164,17,0.032767,0.640095,9.876492,0.013804,0.033566,-0.041468,9.899075,0.105721,0.067074,0.064478
12.871639,0.676000,0.370000,1.172000,0.640723,0.309051,1.128997,0.645850,0.330363,1.212782,0.021871,0.000255,-0.010482,0.999706,-0.240931,-0.272802,-0.025895,0.000716,0.000732,0.005690,0.000052,0.000216,-0.000164,16,0.062955,0.343837,9.995969,0.006471,-0.163279,0.022317,10.002546,0.183584,0.082514,0.064369
12.888220,0.671000,0.364000,1.171000,0.629759,0.309883,1.192497,0.641473,0.325205,1.211736,0.021262,-0.000884,-0.010126,0.999722,-0.243423,-0.275386,-0.025231,0.000723,0.000746,0.005714,0.000044,0.000220,-0.000163,17,-0.096522,0.345575,9.905075,-0.078736,-0.142766,0.052817,9.915766,0.174199,0.071356,0.063532
12.904851,0.668000,0.360000,1.170000,0.618257,0.298320,1.228591,0.636632,0.319722,1.211875,0.022165,-0.001330,-0.010275,0.999701,-0.246656,-0.275072,-0.020009,0.000738,0.000765,0.005693,0.000035,0.000227,-0.000160,17,-0.095955,0.563041,10.085583,0.100177,-0.051972,-0.006072,10.103302,0.134990,0.098548,0.066029
12.921497,0.665000,0.354000,1.170000,0.623226,0.262557,1.152116,0.632244,0.312585,1.209638,0.023792,-0.001186,-0.009922,0.999667,-0.248456,-0.284350,-0.017699,0.000741,0.000813,0.005764,0.000009,0.000229,-0.000161,17,-0.058033,0.161718,10.082742,0.186694,0.021891,0.029077,10.088070,0.191327,0.102111,0.066025
12.938121,0.660000,0.348000,1.169000,0.654690,0.262298,1.236846,0.629583,0.305907,1.210145,0.023408,-0.002371,-0.009218,0.999681,-0.245435,-0.294508,-0.016222,0.000724,0.000851,0.005737,-0.000010,0.000220,-0.000166,16,0.119802,0.037598,9.873566,-0.056632,-0.155369,0.052459,9.875294,0.202791,0.109435,0.066256
12.954677,0.657000,0.344000,1.168000,0.626900,0.308805,1.082530,0.625893,0.301434,1.205958,0.022267,-0.003616,-0.009395,0.999701,-0.248190,-0.295823,-0.015851,0.000717,0.000850,0.005884,-0.000010,0.000217,-0.000167,17,-0.135458,0.342381,10.078508,-0.147118,-0.159899,-0.020724,10.087542,0.227453,0.097210,0.064964
12.971389,0.652000,0.337000,1.167000,0.617017,0.245246,1.208758,0.621635,0.294211,1.205743,0.022615,-0.004216,-0.009439,0.999691,-0.253690,-0.301236,-0.012871,0.000720,0.000894,0.005883,-0.000032,0.000218,-0.000167,17,-0.244194,0.355381,10.001457,0.028511,-0.076374,-0.009783,10.011765,0.104052,0.106707,0.065222
12.987977,0.649000,0.332000,1.167000,0.603410,0.254453,1.236036,0.616819,0.287668,1.206433,0.022703,-0.003696,-0.009428,0.999691,-0.254674,-0.304299,-0.011778,0.000731,0.000922,0.005848,-0.000047,0.000223,-0.000164,17,0.070104,0.402623,9.817942,0.001816,0.066706,0.005029,9.829239,0.124087,0.113393,0.067498
13.004628,0.645000,0.327000,1.166000,0.595776,0.248849,1.216149,0.611833,0.281022,1.206493,0.024349,-0.004024,-0.009215,0.999653,-0.259070,-0.313361,-0.012777,0.000742,0.000950,0.005837,-0.000062,0.000229,-0.000162,17,-0.119262,0.067607,9.746561,0.191047,-0.031220,0.033114,9.750521,0.246143,0.105098,0.069668
13.021223,0.642000,0.322000,1.165000,0.621307,0.253936,1.197611,0.608363,0.274912,1.205958,0.023549,-0.003560,-0.008828,0.999677,-0.262884,-0.329251,-0.015560,0.000732,0.000969,0.005849,-0.000071,0.000224,-0.000165,16,-0.211705,-0.444972,9.691486,-0.107912,0.054387,0.029278,9.707086,0.166063,0.078258,0.070896
13.054509,0.634000,0.310000,1.164000,0.611183,0.237467,1.167328,0.600253,0.262700,1.204147,0.022010,-0.003073,-0.008737,0.999715,-0.265654,-0.333164,-0.017359,0.000720,0.000996,0.005897,-0.000084,0.000217,-0.000168,34,-0.052612,0.394600,9.789181,-0.094580,0.028970,-0.003631,9.800018,0.147860,0.076110,0.070625
13.071140,0.629000,0.303000,1.163000,0.582232,0.240452,1.184335,0.595301,0.256391,1.203228,0.023177,-0.001818,-0.008979,0.999689,-0.264536,-0.333223,-0.016785,0.000729,0.001012,0.005920,-0.000093,0.000221,-0.000165,17,0.166621,0.526802,9.873367,0.132675,0.158006,-0.025589,9.891984,0.219939,0.080961,0.070188
13.087768,0.625000,0.298000,1.162000,0.606631,0.254599,1.200623,0.591647,0.250977,1.202881,0.024371,-0.001219,-0.008152,0.999669,-0.263628,-0.340063,-0.015387,0.000717,0.001009,0.005924,-0.000091,0.000215,-0.000168,17,0.019350,0.040648,9.909387,0.142634,0.071795,0.084828,9.910106,0.192523,0.060932,0.070674
13.104320,0.620000,0.292000,1.162000,0.603032,0.207748,1.271103,0.588111,0.243737,1.204755,0.023073,-0.001782,-0.008121,0.999699,-0.261766,-0.351116,-0.011466,0.000708,0.001039,0.005846,-0.000106,0.000210,-0.000170,16,0.098242,-0.047717,9.942827,-0.172487,-0.075581,-0.009551,9.944125,0.212633,0.138888,0.071932
13.120967,0.616000,0.286000,1.162000,0.579099,0.252485,1.220084,0.583628,0.238772,1.205105,0.022648,-0.000848,-0.008512,0.999707,-0.263693,-0.352633,-0.008615,0.000713,0.001025,0.005826,-0.000099,0.000213,-0.000169,17,-0.063807,0.276489,9.951207,-0.058902,0.112099,-0.047580,9.956708,0.190678,0.076542,0.071669
13.137655,0.613000,0.281000,1.161000,0.558710,0.217004,1.207112,0.578387,0.232220,1.205042,0.022414,-0.001640,-0.008092,0.999715,-0.264109,-0.358500,-0.004658,0.000728,0.001039,0.005823,-0.000107,0.000220,-0.000166,17,0.087395,0.179522,10.049409,-0.031045,-0.089393,0.064756,10.054016,0.126870,0.095756,0.074278
13.154311,0.608000,0.273000,1.160000,0.563957,0.206788,1.225167,0.573513,0.225408,1.205584,0.022330,-0.002341,-0.007772,0.999718,-0.269248,-0.358614,-0.002734,0.000736,0.001056,0.005799,-0.000115,0.000224,-0.000165,17,-0.231264,0.516879,9.882110,-0.012968,-0.080264,0.046111,9.900569,0.128051,0.102813,0.074380
13.170827,0.604000,0.268000,1.160000,0.577982,0.174124,1.186462,0.569704,0.217508,1.204870,0.022944,-0.002267,-0.007598,0.999705,-0.274077,-0.365367,-0.003280,0.000727,0.001097,0.005824,-0.000136,0.000219,-0.000166,16,-0.305784,0.235316,9.827566,0.065238,0.007547,0.010377,9.837326,0.100538,0.100945,0.075756
13.187454,0.600000,0.262000,1.160000,0.568398,0.212745,1.164355,0.565493,0.211575,1.203547,0.023002,-0.002838,-0.007468,0.999703,-0.274365,-0.374854,-0.004127,0.000723,0.001099,0.005872,-0.000136,0.000217,-0.000166,17,0.000849,-0.127590,9.844038,0.014550,-0.070095,0.015284,9.847201,0.182802,0.058683,0.075031
13.204140,0.595000,0.255000,1.159000,0.589583,0.153439,1.232867,0.562349,0.202938,1.204306,0.021476,-0.003495,-0.007151,0.999738,-0.270457,-0.381053,-0.001671,0.000702,0.001143,0.005842,-0.000159,0.000206,-0.000170,17,0.177595,0.284044,9.910208,-0.202377,-0.088772,0.021672,9.922535,0.225206,0.125699,0.076349
13.220714,0.591000,0.249000,1.159000,0.575272,0.208167,1.251469,0.558621,0.197288,1.205768,0.019795,-0.003123,-0.007119,0.999774,-0.269506,-0.375830,0.000389,0.000692,0.001131,0.005788,-0.000152,0.000201,-0.000172,17,0.055846,0.653484,9.827403,-0.204886,0.034983,-0.008802,9.854834,0.228790,0.102300,0.076875
13.237288,0.587000,0.244000,1.158000,0.549350,0.165549,1.203971,0.554211,0.190218,1.205687,0.019513,-0.003364,-0.007245,0.999778,-0.267351,-0.370652,0.000866,0.000695,0.001153,0.005791,-0.000163,0.000202,-0.000171,16,0.211470,0.845585,9.824504,-0.043456,-0.029664,-0.009794,9.867764,0.101078,0.098415,0.079004
13.253922,0.582000,0.236000,1.158000,0.595387,0.139094,1.193751,0.552038,0.182065,1.205218,0.019162,-0.004094,-0.007323,0.999781,-0.265519,-0.379197,-0.001174,0.000660,0.001194,0.005810,-0.000183,0.000184,-0.000175,17,0.001122,0.079225,9.728529,-0.054683,-0.107189,-0.031956,9.732944,0.135977,0.104154,0.077693
13.270572,0.578000,0.230000,1.158000,0.583510,0.174927,1.166630,0.549361,0.175766,1.203964,0.019358,-0.004166,-0.006857,0.999780,-0.268476,-0.382520,-0.005013,0.000632,0.001197,0.005858,-0.000184,0.000170,-0.000180,17,-0.264074,0.174123,9.660405,0.021897,-0.015979,0.033608,9.666853,0.110622,0.056016,0.076644
13.287225,0.575000,0.225000,1.157000,0.550834,0.146539,1.221845,0.545184,0.168369,1.204416,0.019752,-0.002667,-0.006714,0.999779,-0.270390,-0.389343,-0.001224,0.000627,0.001216,0.005838,-0.000194,0.000168,-0.000179,17,-0.076925,0.069822,10.012267,0.038806,0.181685,0.016833,10.014854,0.198274,0.104618,0.079651
13.303805,0.569000,0.217000,1.157000,0.542208,0.142704,1.191415,0.540786,0.160981,1.203990,0.020405,-0.001691,-0.007122,0.999765,-0.271238,-0.390281,0.002237,0.000625,0.001234,0.005854,-0.000203,0.000166,-0.000178,17,-0.014558,0.436275,10.040124,0.071979,0.115540,-0.046248,10.050421,0.156570,0.086152,0.078372
13.320389,0.565000,0.212000,1.156000,0.516819,0.130657,1.140819,0.535645,0.153555,1.202059,0.021817,0.000193,-0.007162,0.999736,-0.274223,-0.392107,0.002668,0.000636,0.001258,0.005926,-0.000215,0.000172,-0.000174,16,-0.102131,0.430750,9.958067,0.167963,0.243250,0.015015,9.969287,0.300356,0.095752,0.079993
13.337104,0.561000,0.205000,1.156000,0.551917,0.144753,1.273565,0.532072,0.147128,1.204288,0.022631,0.001232,-0.006740,0.999720,-0.272514,-0.402533,0.004887,0.000625,0.001256,0.005845,-0.000214,0.000166,-0.000177,17,0.027712,-0.183671,9.834220,0.103795,0.129271,0.037108,9.837934,0.240814,0.132415,0.080733
13.353714,0.555000,0.198000,1.156000,0.522238,0.154469,1.122483,0.527499,0.141065,1.201880,0.022946,0.002281,-0.007170,0.999708,-0.270570,-0.411407,0.003729,0.000625,0.001249,0.005938,-0.000210,0.000167,-0.000177,17,0.094975,-0.151144,9.911795,0.029755,0.126830,-0.054821,9.914142,0.225376,0.063966,0.078121
13.370378,0.551000,0.192000,1.156000,0.520310,0.105589,1.133521,0.523005,0.132780,1.199787,0.022022,0.002149,-0.007303,0.999729,-0.272130,-0.420502,0.000527,0.000623,0.001277,0.006018,-0.000225,0.000166,-0.000175,17,-0.130986,0.035100,9.764821,-0.116687,-0.016840,-0.004198,9.766471,0.174998,0.094414,0.078791
13.386936,0.546000,0.184000,1.155000,0.477347,0.120990,1.102679,0.516981,0.125816,1.196818,0.020585,0.002591,-0.007375,0.999758,-0.277012,-0.423059,-0.003547,0.000648,0.001287,0.006125,-0.000230,0.000179,-0.000170,16,-0.197963,0.293096,9.738269,-0.185728,0.064532,0.014630,9.746118,0.203141,0.106869,0.077306
13.420225,0.538000,0.172000,1.155000,0.501495,0.111153,1.196364,0.507703,0.111934,1.196716,0.020890,0.002267,-0.007114,0.999754,-0.268954,-0.424530,-0.003842,0.000653,0.001288,0.006125,-0.000230,0.000181,-0.000169,34,0.187925,0.368134,9.799466,0.013575,-0.015007,0.016323,9.813271,0.150500,0.082134,0.079158
13.436815,0.533000,0.164000,1.154000,0.513605,0.110023,1.206502,0.503764,0.105197,1.196983,0.021145,0.001163,-0.007013,0.999751,-0.269956,-0.430587,-0.001896,0.000646,0.001283,0.006114,-0.000228,0.000177,-0.000170,17,-0.126242,0.023485,9.918899,0.035016,-0.136183,0.009664,9.922666,0.151468,0.077757,0.078486
13.453501,0.528000,0.158000,1.154000,0.523216,0.091894,1.195548,0.500618,0.098064,1.196888,0.021419,0.000713,-0.007112,0.999745,-0.270635,-0.435764,0.000027,0.000627,0.001289,0.006118,-0.000230,0.000168,-0.000172,16,-0.172335,0.118789,9.942890,0.032388,-0.063545,-0.017292,9.947963,0.108980,0.078225,0.078622
13.470036,0.523000,0.150000,1.154000,0.541816,0.086236,1.235895,0.498385,0.090927,1.198116,0.021925,-0.000034,-0.006790,0.999737,-0.268275,-0.436116,0.006104,0.000594,0.001292,0.006077,-0.000231,0.000151,-0.000175,17,-0.052674,0.427698,10.117554,0.066913,-0.106070,0.024349,10.128858,0.168689,0.105483,0.077728
13.486674,0.519000,0.144000,1.154000,0.541584,0.040262,1.270092,0.496135,0.081789,1.200388,0.020802,-0.000240,-0.006484,0.999763,-0.267980,-0.443692,0.010715,0.000560,0.001327,0.005998,-0.000249,0.000133,-0.000176,17,-0.166575,0.167261,9.975392,-0.142130,-0.032124,0.044803,9.979763,0.172293,0.157318,0.080900
13.503349,0.515000,0.137000,1.154000,0.501993,0.057169,1.178099,0.492251,0.073615,1.199805,0.019328,-0.000438,-0.007127,0.999788,-0.266760,-0.446324,0.007258,0.000550,0.001344,0.006026,-0.000257,0.000128,-0.000175,17,0.021986,0.318002,9.648092,-0.187301,-0.029166,-0.069936,9.655463,0.209521,0.084398,0.081444
13.519935,0.511000,0.131000,1.154000,0.475203,0.061638,1.142348,0.487349,0.065971,1.198087,0.018906,-0.000555,-0.007415,0.999794,-0.267125,-0.443499,0.000720,0.000557,0.001352,0.006092,-0.000261,0.000131,-0.000173,17,0.024454,0.566760,9.514994,-0.055058,-0.011790,-0.026073,9.532235,0.095732,0.078920,0.082048
13.536565,0.506000,0.123000,1.153000,0.445733,0.060934,1.132575,0.481510,0.059041,1.196045,0.019799,-0.000499,-0.007388,0.999777,-0.269435,-0.438107,-0.006163,0.000582,0.001354,0.006166,-0.000262,0.000144,-0.000170,16,0.004754,0.708974,9.484208,0.111827,0.016429,0.016242,9.511277,0.154198,0.088891,0.080892
13.553148,0.502000,0.118000,1.152000,0.489906,0.072510,1.163375,0.477785,0.052932,1.194928,0.019809,-0.000510,-0.007112,0.999778,-0.269310,-0.438539,-0.010546,0.000571,0.001338,0.006204,-0.000254,0.000139,-0.000172,17,-0.045268,0.268918,9.592956,0.009086,-0.006508,0.024169,9.598054,0.110349,0.048425,0.081627
13.569850,0.498000,0.111000,1.152000,0.498388,0.035695,1.225641,0.474503,0.045320,1.195671,0.019414,0.000072,-0.007128,0.999786,-0.267262,-0.441412,-0.010773,0.000554,0.001345,0.006171,-0.000257,0.000130,-0.000173,17,0.034715,0.256621,9.741123,-0.054105,0.063026,-0.005367,9.747110,0.128820,0.105327,0.082299
13.586431,0.492000,0.103000,1.152000,0.471939,0.051163,1.093497,0.470347,0.038574,1.192343,0.018243,0.000915,-0.006883,0.999809,-0.265162,-0.438991,-0.014317,0.000548,0.001340,0.006289,-0.000254,0.000127,-0.000174,17,0.087706,0.479584,9.779553,-0.141942,0.100769,0.026221,9.793989,0.187789,0.080698,0.079038
13.619665,0.482000,0.088000,1.151000,0.483804,0.058462,1.206266,0.462809,0.026200,1.192387,0.018058,0.002370,-0.007503,0.999806,-0.261696,-0.428928,-0.012344,0.000532,0.001307,0.006272,-0.000238,0.000120,-0.000178,33,0.031324,0.571945,9.842854,-0.007529,0.085795,-0.049558,9.865255,0.203606,0.062690,0.076814
13.636282,0.478000,0.082000,1.150000,0.455925,0.032412,1.239770,0.458377,0.019977,1.193759,0.021064,0.003103,-0.006512,0.999752,-0.261721,-0.432403,-0.007964,0.000537,0.001291,0.006214,-0.000230,0.000123,-0.000180,17,-0.042778,0.110417,9.983013,0.376092,0.100418,0.106268,9.986080,0.429972,0.104904,0.078401
13.652933,0.473000,0.074000,1.149000,0.464913,-0.032789,1.294262,0.454498,0.010653,1.196757,0.019714,0.004336,-0.006530,0.999775,-0.259418,-0.440745,-0.002417,0.000532,0.001327,0.006095,-0.000249,0.000119,-0.000176,17,0.037027,0.089144,9.961982,-0.174169,0.142772,0.018951,9.970369,0.272088,0.180472,0.081461
13.669555,0.468000,0.068000,1.149000,0.432620,0.017282,1.272316,0.449305,0.004195,1.199191,0.020166,0.004574,-0.006928,0.999762,-0.253337,-0.436071,0.003362,0.000550,0.001308,0.006001,-0.000240,0.000129,-0.000178,17,0.364983,0.601557,9.999599,0.058986,0.034114,-0.066431,10.025768,0.110690,0.137952,0.083305
13.686137,0.464000,0.061000,1.149000,0.433302,0.008677,1.216689,0.444742,-0.002144,1.199829,0.019867,0.004057,-0.006785,0.999771,-0.250691,-0.440612,0.003815,0.000561,0.001296,0.005979,-0.000235,0.000135,-0.000180,16,0.146258,0.047302,9.810200,-0.034020,-0.061961,0.007045,9.813684,0.088259,0.090895,0.083316
13.702817,0.460000,0.054000,1.149000,0.431318,-0.016658,1.330840,0.440107,-0.009432,1.204049,0.020268,0.003871,-0.006376,0.999767,-0.247943,-0.440908,0.011220,0.000575,0.001294,0.005822,-0.000235,0.000142,-0.000181,17,0.150194,0.377738,9.999783,0.047636,-0.014840,0.040082,10.010091,0.094739,0.197183,0.086312
