timestamp,gt_x,gt_y,gt_z,wls_x,wls_y,wls_z,tc_x,tc_y,tc_z,tc_qx,tc_qy,tc_qz,tc_qw,tc_vx,tc_vy,tc_vz,tc_bias_ax,tc_bias_ay,tc_bias_az,tc_bias_gx,tc_bias_gy,tc_bias_gz,imu_n,imu_mean_ax,imu_mean_ay,imu_mean_az,imu_mean_gx,imu_mean_gy,imu_mean_gz,imu_accel_norm_mean,imu_gyro_norm_mean,wls_gt_err,tc_gt_err
0.023481,1.276000,0.020000,0.085000,1.146594,-0.036880,0.074859,1.144481,-0.037852,0.068642,-0.002768,-0.006919,0.015221,0.999856,0.000000,0.000000,0.000000,0.000000,0.000000,0.000000,0.000000,0.000000,0.000000,23,0.241350,0.011699,9.804060,0.000804,0.003479,-0.000359,9.807048,0.004977,0.141718,0.144609
0.040115,1.276000,0.020000,0.085000,1.143386,-0.027077,0.223208,1.140382,-0.026161,0.136137,-0.004537,-0.007433,0.017461,0.999810,-0.059482,0.186369,0.003196,0.000701,-0.002362,-0.000044,-0.000016,-0.000007,0.000003,17,0.237577,0.000134,9.796478,-0.001028,0.000728,-0.000271,9.799363,0.002766,0.197242,0.152112
0.056814,1.276000,0.020000,0.085000,1.133577,-0.032915,0.248564,1.135718,-0.027150,0.175626,-0.002729,-0.009486,0.011639,0.999884,-0.186683,0.058743,0.008263,0.004101,0.000845,-0.000146,-0.000225,-0.000041,0.000003,17,0.233111,0.004183,9.803354,0.000870,-0.000094,0.000175,9.806130,0.003684,0.223243,0.173537
0.072330,1.276000,0.020000,0.085000,1.129788,-0.058911,0.357762,1.129741,-0.038004,0.216842,0.003197,-0.008798,-0.011687,0.999888,-0.186225,-0.187866,0.019134,0.004347,0.009845,-0.000271,-0.000380,-0.000210,0.000029,15,0.246634,0.027497,9.810811,-0.000746,0.001201,0.000736,9.813952,0.003601,0.319381,0.205277
0.089962,1.276000,0.020000,0.085000,1.093483,-0.053542,0.305533,1.116627,-0.043207,0.240398,0.000796,-0.012272,-0.012529,0.999846,-0.356342,-0.131516,0.026771,0.011664,0.008272,-0.000709,0.000514,-0.000010,0.000022,18,0.249801,0.018703,9.790315,-0.001720,-0.000911,-0.000136,9.793521,0.003009,0.295560,0.231395
0.106674,1.276000,0.020000,0.085000,1.194901,-0.045745,0.291454,1.135008,-0.044403,0.248530,-0.001041,-0.005141,-0.016467,0.999851,-0.116001,-0.096991,0.027502,-0.001455,0.005443,-0.000419,0.000900,-0.001954,0.000022,17,0.247190,0.031482,9.796757,0.001107,0.000698,0.000116,9.799929,0.003809,0.231350,0.225318
0.123243,1.276000,0.020000,0.085000,1.141479,-0.046643,0.229925,1.128434,-0.045504,0.247618,-0.001703,-0.009842,-0.003015,0.999946,-0.257370,-0.085316,0.024338,0.008427,0.004649,-0.000458,0.001353,-0.000533,0.000013,17,0.252380,0.022335,9.804521,-0.001276,-0.001678,0.000637,9.807801,0.004448,0.208663,0.229153
0.139913,1.276000,0.020000,0.085000,1.129035,-0.080961,0.197518,1.123420,-0.058246,0.242388,0.002819,-0.010054,-0.095537,0.995371,-0.277567,-0.219139,0.016609,0.009477,0.015246,-0.000251,0.000125,-0.000823,0.000175,17,0.231823,0.009434,9.798598,-0.000432,0.000551,0.000655,9.801345,0.003081,0.210837,0.232753
0.156453,1.276000,0.020000,0.085000,1.161706,-0.094523,0.260865,1.131503,-0.066237,0.242394,0.003318,-0.003300,-0.127871,0.991780,-0.116276,-0.259690,0.016382,-0.004626,0.017207,-0.000221,0.000886,-0.003372,0.000238,16,0.225431,0.011895,9.799697,-0.001254,0.000373,0.000824,9.802299,0.002278,0.238971,0.230411
0.172651,1.276000,0.020000,0.085000,1.114874,-0.077446,0.191511,1.121204,-0.067100,0.238236,-0.000824,-0.008209,0.098307,0.995122,-0.234404,-0.214259,0.005433,0.004484,0.011030,0.000019,0.003152,-0.000382,-0.000393,17,0.236562,0.028210,9.813263,0.000306,0.001285,0.000481,9.816158,0.003656,0.216337,0.234583
0.189782,1.276000,0.020000,0.085000,1.149877,-0.059856,0.323668,1.129972,-0.064423,0.249756,-0.003161,-0.003853,-0.186116,0.982515,-0.066267,-0.123082,0.025682,-0.005935,0.002719,-0.000442,0.005070,-0.004045,0.000363,17,0.235467,0.030837,9.804803,-0.000910,-0.001811,-0.000426,9.807683,0.004423,0.281508,0.235788
0.206455,1.276000,0.020000,0.085000,1.136564,-0.075399,0.239096,1.124027,-0.072595,0.248029,0.001061,-0.005515,-0.268224,0.963340,-0.151841,-0.193238,0.021338,-0.003443,0.008952,-0.000311,0.002928,-0.000206,0.000945,17,0.227679,0.025511,9.799174,-0.000484,-0.001735,-0.000471,9.801857,0.002651,0.228668,0.241347
0.223008,1.276000,0.020000,0.085000,1.119923,-0.051731,0.235269,1.117257,-0.067973,0.247969,-0.002696,-0.010385,-0.238390,0.971110,-0.220032,-0.126287,0.016568,0.008825,0.003824,-0.000354,0.003655,0.004701,0.001188,17,0.242765,0.031843,9.813892,-0.000728,0.001843,-0.000553,9.816951,0.004396,0.228224,0.243921
0.239577,1.276000,0.020000,0.085000,1.106652,-0.072667,0.273615,1.108923,-0.072983,0.250557,0.009715,-0.004718,-0.766572,0.642067,-0.260879,-0.189334,0.023969,0.000705,0.012150,-0.000651,-0.001093,0.002052,0.002485,16,0.226633,0.011688,9.798038,-0.000998,-0.000651,-0.000245,9.800667,0.002482,0.269892,0.252923
0.256233,1.276000,0.020000,0.085000,1.116343,-0.060860,0.331458,1.112671,-0.069905,0.257551,-0.004931,-0.008018,-0.097654,0.995176,-0.154557,-0.069414,0.040952,0.006223,-0.000004,-0.001076,0.005902,0.002262,-0.000447,17,0.240785,0.017146,9.798002,-0.000958,0.002863,-0.000308,9.800978,0.003891,0.304582,0.254034
0.271845,1.276000,0.020000,0.085000,1.144501,-0.033440,0.266654,1.121655,-0.062022,0.259581,-0.008072,-0.004808,-0.226591,0.973945,-0.076553,0.008193,0.043624,-0.007159,-0.010743,-0.001341,0.009590,-0.004320,0.000207,16,0.242883,0.018970,9.809414,-0.001930,-0.000933,0.000264,9.812443,0.003594,0.230534,0.247040
0.289508,1.276000,0.020000,0.085000,1.121210,-0.062455,0.189731,1.113840,-0.067148,0.252157,-0.002801,-0.007624,-0.317430,0.948247,-0.129217,-0.084224,0.022420,0.001560,-0.002930,-0.000378,0.004081,0.000188,0.000695,18,0.245432,0.007679,9.821300,-0.000116,-0.002603,-0.000373,9.824371,0.003903,0.204273,0.248661
0.306076,1.276000,0.020000,0.085000,1.162939,-0.022115,0.242104,1.119742,-0.055209,0.249716,-0.009188,-0.002136,0.035236,0.999335,-0.023286,0.008129,0.011817,-0.007783,-0.014446,-0.000204,0.008792,-0.002814,-0.000448,16,0.244305,0.022917,9.806236,0.000219,0.001863,-0.000754,9.809306,0.003055,0.198086,0.239174
0.322730,1.276000,0.020000,0.085000,1.127466,-0.051151,0.280849,1.116119,-0.061002,0.251993,-0.005073,-0.004478,0.148479,0.988892,-0.108271,-0.023332,0.020614,-0.004940,-0.000654,-0.000310,0.002568,-0.000127,-0.000651,17,0.232790,0.021748,9.821087,-0.000006,-0.003236,-0.000978,9.823872,0.005633,0.255894,0.244969
0.339365,1.276000,0.020000,0.085000,1.082896,-0.052238,0.243057,1.105153,-0.058835,0.251687,-0.004875,-0.010274,-0.075640,0.997070,-0.181565,-0.057109,0.018349,0.006870,-0.005729,-0.000458,0.003966,0.005125,0.000648,17,0.247019,0.026867,9.812295,0.000632,0.000695,0.000691,9.815444,0.004706,0.259787,0.251373
0.355984,1.276000,0.020000,0.085000,1.134062,-0.081192,0.308861,1.110639,-0.067305,0.256990,-0.001997,-0.004583,0.212429,0.977164,-0.115790,-0.086330,0.036811,-0.001212,0.007242,-0.000824,-0.001303,0.001171,-0.000256,17,0.242758,0.030507,9.800757,-0.001392,0.001389,-0.000785,9.803815,0.004319,0.283725,0.254061
0.372569,1.276000,0.020000,0.085000,1.127590,-0.064146,0.212179,1.110602,-0.061566,0.251945,-0.005964,-0.007510,-0.193240,0.981105,-0.122188,-0.007591,0.014674,0.000103,-0.008915,-0.000231,0.004693,0.001148,0.001375,16,0.236084,0.023889,9.816292,-0.001560,0.000628,-0.000355,9.819161,0.003113,0.212793,0.248757
0.389178,1.276000,0.020000,0.085000,1.125024,-0.054474,0.313471,1.107058,-0.056999,0.255934,-0.008063,-0.007823,-0.113603,0.993463,-0.116774,0.037439,0.024196,0.003761,-0.013761,-0.000720,0.006219,0.003409,0.000809,17,0.233104,0.024532,9.808205,-0.001203,-0.002904,-0.001271,9.811006,0.004303,0.283795,0.252366
0.405871,1.276000,0.020000,0.085000,1.155980,-0.036080,0.296584,1.110083,-0.049052,0.259183,-0.011874,-0.003518,0.034240,0.999337,-0.083478,0.169282,0.029044,0.002319,-0.024371,-0.001085,0.010366,0.003414,0.000985,17,0.236575,0.016514,9.825006,0.000762,0.001116,0.000412,9.827869,0.002958,0.249635,0.250273
0.422480,1.276000,0.020000,0.085000,1.189656,-0.096755,0.306965,1.123517,-0.055601,0.262724,-0.005585,0.003338,0.274109,0.961677,0.033144,0.141665,0.039927,-0.020750,-0.009355,-0.001054,0.002116,-0.007052,0.000650,17,0.230787,0.029186,9.806949,-0.002357,0.001426,-0.000768,9.809711,0.004433,0.265246,0.246074
0.439101,1.276000,0.020000,0.085000,1.128313,-0.057347,0.228550,1.118535,-0.055115,0.259539,-0.006022,-0.001523,0.248556,0.968598,-0.032678,0.057759,0.029636,-0.013811,-0.005559,-0.000809,0.004367,-0.001437,0.000179,17,0.234279,0.025139,9.814514,0.001388,-0.001615,-0.001849,9.817343,0.003411,0.220002,0.246782
0.455728,1.276000,0.020000,0.085000,1.150509,-0.049857,0.306340,1.129837,-0.052257,0.263601,-0.007049,0.001940,0.159478,0.987174,0.056396,0.085731,0.039496,-0.023185,-0.006958,-0.001309,0.003064,-0.007737,0.000273,16,0.228466,0.026789,9.810835,-0.000395,0.000808,-0.000581,9.813535,0.003361,0.263855,0.241832
0.470988,1.276000,0.020000,0.085000,1.207797,-0.077008,0.416842,1.140656,-0.055217,0.276082,-0.005195,0.004760,0.119384,0.992823,0.118842,0.040930,0.075116,-0.029818,-0.007349,-0.002714,0.000269,-0.011524,0.000106,16,0.245516,0.024890,9.797148,0.000753,0.002076,0.000106,9.800257,0.003152,0.352394,0.245943
0.488996,1.276000,0.020000,0.085000,1.159278,-0.056519,0.248318,1.131879,-0.052782,0.272420,-0.005316,0.000818,0.269638,0.962947,0.046814,0.087992,0.059161,-0.022235,-0.002410,-0.001973,0.002804,-0.001993,-0.000132,18,0.242746,0.035418,9.819694,-0.000055,-0.000676,-0.000085,9.822762,0.003606,0.214830,0.247375
0.505618,1.276000,0.020000,0.085000,1.088552,-0.055715,0.197552,1.117428,-0.051814,0.264887,-0.006315,-0.002946,0.431216,0.902222,-0.061433,0.080647,0.035019,-0.014014,-0.000869,-0.000912,0.009236,0.004532,-0.000628,17,0.230453,0.022915,9.809197,-0.000284,0.000644,-0.000542,9.811940,0.003272,0.231382,0.250323
0.521230,1.276000,0.020000,0.085000,1.124517,-0.045257,0.420979,1.126710,-0.048212,0.278636,-0.005906,0.000469,0.367429,0.930033,0.028372,0.104353,0.074084,-0.021975,0.002563,-0.002606,0.003662,-0.001614,-0.000235,15,0.239220,0.034482,9.809211,-0.000565,0.001113,-0.001714,9.812192,0.004113,0.374283,0.253841
0.537743,1.276000,0.020000,0.085000,1.116821,-0.064681,0.207559,1.122049,-0.058337,0.274544,-0.003235,-0.004365,0.169365,0.985538,-0.008036,0.008194,0.060440,-0.013164,0.000821,-0.001850,-0.003513,0.008096,0.001333,17,0.242581,0.032379,9.813126,-0.000858,0.001235,0.001663,9.816180,0.004348,0.218012,0.256446
0.555455,1.276000,0.020000,0.085000,1.154443,-0.026190,0.324672,1.131406,-0.047627,0.280319,-0.005519,0.000066,0.223843,0.974610,0.070139,0.084044,0.073542,-0.023233,-0.002837,-0.002458,0.000780,-0.000418,0.000140,18,0.239996,0.015302,9.804416,0.000219,0.001031,0.000395,9.807368,0.004417,0.272676,0.252250
0.572130,1.276000,0.020000,0.085000,1.113632,-0.059780,0.313029,1.123563,-0.053621,0.284758,-0.002648,-0.004225,0.217149,0.976126,-0.002017,0.028006,0.082836,-0.013487,0.000231,-0.002931,-0.003029,0.010198,0.000530,17,0.242501,0.010227,9.802983,0.002064,-0.001254,-0.000431,9.805988,0.004121,0.291077,0.261841
0.589140,1.276000,0.020000,0.085000,1.197863,-0.030544,0.235268,1.137839,-0.048069,0.281557,-0.003047,0.000317,0.227998,0.973657,0.092082,0.062395,0.070318,-0.023162,0.001566,-0.002285,-0.003922,0.001057,0.000155,17,0.236350,0.012404,9.821092,-0.000446,0.001344,-0.000275,9.823946,0.002828,0.176750,0.249713
0.605358,1.276000,0.020000,0.085000,1.118386,-0.087559,0.282067,1.128308,-0.056614,0.281902,-0.002006,-0.005321,0.075823,0.997105,0.019315,-0.008645,0.067594,-0.013506,-0.000259,-0.002122,-0.008608,0.010109,0.001296,16,0.239424,0.020170,9.802854,-0.001804,0.003288,-0.000248,9.805799,0.006057,0.274311,0.257784
0.621935,1.276000,0.020000,0.085000,1.118874,-0.079889,0.181373,1.127688,-0.054744,0.273783,-0.003341,-0.005280,0.085793,0.996293,0.020881,0.018333,0.043473,-0.014216,-0.002597,-0.000895,-0.004861,0.009463,0.001238,17,0.243931,0.027408,9.818441,0.000011,0.000444,-0.000093,9.821510,0.001864,0.209652,0.251440
0.638568,1.276000,0.020000,0.085000,1.140282,-0.077576,0.299212,1.139222,-0.055095,0.276850,-0.002998,-0.001276,0.112845,0.993607,0.107285,0.022079,0.050267,-0.022490,-0.000082,-0.001117,-0.005891,0.001227,0.000730,17,0.247269,0.027571,9.815967,0.000317,0.002784,-0.001456,9.819121,0.004397,0.271712,0.247293
0.655230,1.276000,0.020000,0.085000,1.132935,-0.056864,0.258637,1.135477,-0.045568,0.275583,-0.005117,-0.000967,0.306999,0.951696,0.072503,0.120094,0.043023,-0.022103,-0.000483,-0.000926,0.005254,0.002731,-0.000881,17,0.233682,0.030355,9.811267,0.001245,-0.001079,-0.000331,9.814097,0.005016,0.237751,0.245699
0.671788,1.276000,0.020000,0.085000,1.180467,-0.043977,0.239268,1.149246,-0.046369,0.274486,-0.006051,0.001047,0.096179,0.995345,0.166339,0.119798,0.039010,-0.029565,-0.004449,-0.000851,0.000409,-0.004868,0.001829,16,0.242433,0.026207,9.800431,0.002025,-0.000408,-0.001112,9.803467,0.004435,0.192402,0.237437
0.688422,1.276000,0.020000,0.085000,1.145577,-0.053872,0.231650,1.139527,-0.045553,0.270544,-0.004951,-0.003602,0.129612,0.991546,0.064816,0.087392,0.027021,-0.019654,-0.006127,-0.000104,0.000544,0.007860,0.001095,17,0.244021,0.026793,9.804815,-0.001603,-0.000770,-0.000319,9.807890,0.005009,0.209699,0.239476
0.705100,1.276000,0.020000,0.085000,1.117643,-0.067692,0.251933,1.128219,-0.050379,0.267161,-0.003809,-0.008448,0.102362,0.994704,-0.015437,0.043964,0.018054,-0.011260,-0.004454,0.000402,-0.001568,0.018106,0.001729,17,0.225624,0.009108,9.815729,-0.000113,0.002373,-0.000206,9.818332,0.003293,0.246239,0.244898
0.721700,1.276000,0.020000,0.085000,1.216555,-0.050283,0.318604,1.144493,-0.048134,0.269692,-0.003812,-0.003999,0.123688,0.992306,0.083669,0.056778,0.023488,-0.019881,-0.002392,0.000279,-0.002627,0.008568,0.001268,17,0.235158,0.003521,9.809303,0.000430,0.001978,-0.001629,9.812126,0.003737,0.251086,0.236743
0.738310,1.276000,0.020000,0.085000,1.156390,-0.085621,0.316644,1.138556,-0.054828,0.272342,-0.001147,-0.007489,0.157180,0.987541,0.008894,0.021001,0.028110,-0.013415,0.001686,-0.000037,-0.006662,0.018935,0.000174,16,0.237952,0.037294,9.803459,0.000019,-0.001173,-0.000397,9.806422,0.003552,0.281285,0.244105
0.754920,1.276000,0.020000,0.085000,1.150142,-0.027251,0.150814,1.137424,-0.045027,0.260490,-0.005500,-0.007800,0.199212,0.979910,0.005718,0.091047,-0.002002,-0.014229,-0.004282,0.001733,0.006183,0.017797,0.000271,17,0.247702,0.024567,9.820405,-0.000166,0.000210,-0.000174,9.823562,0.002921,0.149681,0.232870
0.771590,1.276000,0.020000,0.085000,1.142998,-0.082647,0.210911,1.136148,-0.054648,0.257145,-0.001682,-0.009260,0.258793,0.965887,-0.014231,0.009015,-0.009413,-0.010597,0.004310,0.002195,0.000002,0.022230,-0.000269,17,0.245969,0.013536,9.808023,-0.000219,-0.000459,-0.000123,9.811117,0.003096,0.209951,0.234018
0.788227,1.276000,0.020000,0.085000,1.102081,-0.045216,0.233964,1.125708,-0.051107,0.253543,-0.004728,-0.011029,0.387591,0.921753,-0.061466,0.062808,-0.017515,-0.007669,0.001232,0.002564,0.014608,0.024306,-0.002018,17,0.257675,0.014508,9.827507,-0.000542,0.000868,-0.000959,9.830896,0.002829,0.238099,0.236750
0.804377,1.276000,0.020000,0.085000,1.133856,-0.037944,0.259297,1.134218,-0.044074,0.255358,-0.005853,-0.005720,0.432679,0.901511,0.000438,0.089294,-0.012083,-0.013363,0.005284,0.002370,0.013300,0.009657,-0.001396,16,0.238954,0.031040,9.815455,-0.000719,0.000512,0.000238,9.818417,0.003661,0.232254,0.230715
0.821432,1.276000,0.020000,0.085000,1.142411,-0.042712,0.336207,1.138262,-0.046790,0.261533,-0.003947,-0.005107,0.399974,0.916504,0.035183,0.066758,0.003481,-0.013942,0.007733,0.001464,0.007223,0.009615,-0.000743,17,0.239493,0.029031,9.811629,0.000667,-0.002680,-0.000304,9.814596,0.004433,0.291348,0.233659
0.838080,1.276000,0.020000,0.085000,1.107869,-0.074397,0.308967,1.129106,-0.052758,0.265557,-0.002651,-0.009646,0.347909,0.937475,-0.030063,0.014405,0.012520,-0.006790,0.006320,0.000752,0.005520,0.020994,0.000273,17,0.251936,0.011582,9.796915,0.000134,0.000657,0.000978,9.800166,0.002749,0.295533,0.243870
0.854723,1.276000,0.020000,0.085000,1.210313,-0.051518,0.329133,1.142278,-0.048565,0.271398,-0.002465,-0.004626,0.458889,0.888478,0.063121,0.026707,0.025804,-0.011932,0.013060,0.000094,0.005015,0.010298,-0.001739,17,0.251124,0.007034,9.816684,-0.000016,-0.001498,-0.000461,9.819899,0.003799,0.262736,0.239431
0.871326,1.276000,0.020000,0.085000,1.091616,-0.047482,0.195237,1.128527,-0.049958,0.264582,-0.002501,-0.009464,0.508043,0.861276,-0.039501,0.029690,0.007748,-0.007056,0.007846,0.001144,0.012292,0.017630,-0.001921,17,0.244144,0.021464,9.798587,-0.001249,-0.000221,-0.000245,9.801658,0.003344,0.225175,0.242677
0.887925,1.276000,0.020000,0.085000,1.140609,-0.071908,0.270941,1.136691,-0.053525,0.266303,-0.000936,-0.007516,0.540381,0.841386,0.027412,0.002223,0.012483,-0.006584,0.015941,0.000969,0.006640,0.014104,-0.002307,16,0.241227,0.038049,9.806872,-0.000916,0.004063,-0.000164,9.809916,0.004819,0.247693,0.240174
0.904506,1.276000,0.020000,0.085000,1.096102,-0.064774,0.228691,1.122418,-0.052518,0.261080,-0.003760,-0.010977,0.509217,0.860560,-0.067391,0.013090,0.000274,-0.004304,0.008838,0.001619,0.014783,0.017827,-0.001711,17,0.229185,0.045986,9.795352,-0.000288,0.000218,0.000289,9.798143,0.002098,0.245351,0.244644
0.923680,1.276000,0.020000,0.085000,1.127529,-0.043046,0.306222,1.130529,-0.046430,0.264644,-0.004025,-0.006989,0.497503,0.867425,0.005287,0.070141,0.008832,-0.009801,0.011654,0.001158,0.009983,0.008894,-0.001509,19,0.254226,0.034638,9.795015,-0.000887,-0.001993,0.000430,9.798377,0.003897,0.273784,0.240514
0.939922,1.276000,0.020000,0.085000,1.094434,-0.094126,0.272062,1.123633,-0.057241,0.265264,-0.002168,-0.010836,0.543930,0.839058,-0.049439,-0.005794,0.010126,-0.002219,0.012615,0.001018,0.012089,0.017701,-0.002164,17,0.236761,0.038596,9.812399,0.001276,0.000747,-0.002073,9.815336,0.005046,0.284575,0.248349
0.956511,1.276000,0.020000,0.085000,1.173264,-0.083780,0.232549,1.138964,-0.059434,0.260861,0.000559,-0.007632,0.725884,0.687774,0.048811,-0.025461,-0.001801,-0.002126,0.022065,0.001991,0.010876,0.009657,-0.005444,17,0.240598,0.032019,9.805974,-0.001639,-0.001647,-0.002049,9.808981,0.004362,0.207595,0.236676
0.973152,1.276000,0.020000,0.085000,1.137068,-0.062183,0.265570,1.124246,-0.056098,0.258642,-0.007476,-0.008975,0.839849,0.542694,-0.063386,0.036773,-0.007563,0.003405,0.018478,0.002372,0.020001,-0.006022,-0.006467,16,0.236800,0.012768,9.810171,0.001392,0.000658,0.000664,9.813038,0.002649,0.242202,0.242841
0.989719,1.276000,0.020000,0.085000,1.179522,-0.056365,0.248383,1.136540,-0.054635,0.258072,-0.001070,-0.004758,0.804140,0.594420,0.029409,0.036315,-0.008831,0.003117,0.021763,0.002502,0.006130,0.002970,-0.004328,17,0.235387,0.028183,9.797938,0.000762,0.000147,-0.001640,9.800808,0.004539,0.204533,0.234464
1.006445,1.276000,0.020000,0.085000,1.113971,-0.061407,0.196101,1.124606,-0.055464,0.253543,-0.004282,-0.007658,0.808859,0.587937,-0.061282,0.029448,-0.018470,0.002136,0.015882,0.003124,0.015533,0.000765,-0.004464,17,0.240630,0.016178,9.817596,-0.001718,0.001288,0.000236,9.820562,0.003399,0.212659,0.238792
1.022995,1.276000,0.020000,0.085000,1.167921,-0.041279,0.292347,1.134754,-0.050698,0.256437,-0.002371,-0.004498,0.788885,0.614519,0.017895,0.064371,-0.010673,0.001495,0.021779,0.002678,0.006860,0.000794,-0.003903,17,0.242700,0.031198,9.810936,0.001173,0.001128,-0.000502,9.813994,0.003215,0.241721,0.233108
1.039636,1.276000,0.020000,0.085000,1.128767,-0.056014,0.345027,1.123992,-0.052870,0.262360,-0.004675,-0.007903,0.807337,0.590019,-0.068001,0.039517,0.003081,0.002374,0.016229,0.001614,0.016123,0.000364,-0.004405,16,0.249124,0.024426,9.795844,-0.000218,-0.002089,-0.000944,9.799046,0.003402,0.308334,0.244690
1.056278,1.276000,0.020000,0.085000,1.165680,-0.049277,0.214360,1.136153,-0.049966,0.258440,-0.002053,-0.005114,0.790585,0.612327,0.020103,0.058026,-0.005343,0.003026,0.022148,0.002364,0.007434,0.002017,-0.003913,17,0.247939,0.031071,9.823493,0.000737,0.001124,0.000662,9.826673,0.004092,0.183586,0.233525
1.072903,1.276000,0.020000,0.085000,1.126152,-0.038483,0.193732,1.125904,-0.047008,0.252874,-0.005997,-0.006453,0.818950,0.573797,-0.064405,0.075880,-0.018170,0.001133,0.017807,0.003212,0.015149,-0.004249,-0.004849,17,0.240313,0.034550,9.825130,0.001810,-0.000203,-0.001518,9.828132,0.004012,0.194159,0.234948
1.089544,1.276000,0.020000,0.085000,1.103194,-0.111601,0.245745,1.119269,-0.059683,0.254316,-0.007951,-0.011704,0.826905,0.562164,-0.099223,-0.018929,-0.016075,0.006645,0.015862,0.002881,0.024084,-0.003730,-0.004275,17,0.231039,0.018914,9.816910,0.000539,-0.000231,0.000018,9.819655,0.002849,0.270222,0.244094
1.106127,1.276000,0.020000,0.085000,1.134786,-0.053362,0.237406,1.127322,-0.051117,0.252200,-0.006059,-0.004712,0.750749,0.660543,-0.044577,0.066578,-0.020129,0.002632,0.017970,0.003297,0.010860,-0.003927,-0.003589,17,0.233594,0.017880,9.795768,0.000216,0.000398,-0.001189,9.798575,0.003410,0.220343,0.234773
1.122754,1.276000,0.020000,0.085000,1.152140,-0.060698,0.284494,1.138674,-0.054964,0.255852,-0.000269,-0.006740,0.708193,0.705986,0.042882,0.029948,-0.010149,0.001379,0.022079,0.002657,0.005978,0.007053,-0.002965,16,0.228243,0.019113,9.800619,0.000841,-0.000604,0.000634,9.803296,0.002889,0.248297,0.231665
1.139476,1.276000,0.020000,0.085000,1.123977,-0.056152,0.194249,1.127883,-0.053837,0.250507,-0.003770,-0.009097,0.752770,0.658210,-0.050312,0.036082,-0.022548,0.001671,0.017615,0.003508,0.015722,0.004040,-0.004086,17,0.224008,0.023015,9.823993,0.000134,0.001786,-0.000130,9.826578,0.003845,0.202103,0.234057
1.156003,1.276000,0.020000,0.085000,1.116820,-0.043985,0.196137,1.121403,-0.048181,0.246170,-0.008943,-0.008418,0.769178,0.638916,-0.091318,0.082401,-0.032002,-0.000239,0.017904,0.004157,0.019853,-0.007127,-0.004533,17,0.233371,0.045722,9.824714,0.000497,-0.001302,0.000483,9.827595,0.002957,0.204411,0.233505
1.172638,1.276000,0.020000,0.085000,1.127893,-0.061359,0.212096,1.127610,-0.055221,0.245287,-0.005492,-0.009324,0.779476,0.626338,-0.044992,0.014000,-0.032286,0.004949,0.020775,0.004228,0.016102,-0.000871,-0.004815,17,0.240936,0.012358,9.806603,-0.001130,0.000403,0.001222,9.809577,0.002886,0.211443,0.231019
1.190036,1.276000,0.020000,0.085000,1.170787,-0.065090,0.285287,1.137939,-0.057763,0.248691,-0.001059,-0.007368,0.711175,0.702976,0.043688,0.015822,-0.024820,0.005132,0.024646,0.003679,0.006057,0.007131,-0.002347,17,0.241889,0.016825,9.792116,-0.000107,0.001237,-0.000609,9.795121,0.004402,0.241712,0.227822
1.205727,1.276000,0.020000,0.085000,1.112101,-0.057549,0.227639,1.128512,-0.054755,0.245572,-0.005189,-0.009677,0.626789,0.779112,-0.036371,0.019195,-0.029947,0.001992,0.018739,0.004008,0.014511,0.006084,-0.002100,16,0.235910,0.029046,9.807681,0.001819,-0.000524,-0.001914,9.810566,0.004529,0.230700,0.230487
1.222547,1.276000,0.020000,0.085000,1.185906,-0.067241,0.323297,1.141487,-0.056849,0.249999,-0.001952,-0.006424,0.594350,0.804178,0.055475,0.017852,-0.018486,0.001073,0.023235,0.003296,0.005179,0.005559,-0.001813,17,0.230047,0.006091,9.813404,0.000653,0.000248,-0.000856,9.816107,0.003736,0.269283,0.226327
1.238954,1.276000,0.020000,0.085000,1.154814,-0.037851,0.285695,1.135060,-0.048569,0.250974,-0.006177,-0.006855,0.647219,0.762248,-0.009045,0.075348,-0.016185,-0.000342,0.019806,0.003080,0.013294,-0.000458,-0.003154,17,0.239020,0.016502,9.814570,-0.001243,-0.000316,-0.000576,9.817496,0.003665,0.241477,0.228283
1.255792,1.276000,0.020000,0.085000,1.130594,-0.048308,0.339125,1.123110,-0.049631,0.255994,-0.008185,-0.009370,0.658526,0.752455,-0.089750,0.049425,-0.004875,0.002608,0.015738,0.002128,0.018846,0.000132,-0.002534,17,0.217920,-0.005071,9.811598,-0.000786,0.001226,-0.000978,9.814022,0.003230,0.300647,0.239714
1.272350,1.276000,0.020000,0.085000,1.131616,-0.068807,0.241675,1.123420,-0.058996,0.257035,-0.005096,-0.011382,0.641769,0.766797,-0.087374,-0.021341,-0.002287,0.007229,0.016456,0.001923,0.017067,0.007907,-0.002012,16,0.241401,0.021423,9.782742,-0.000371,-0.000767,-0.000539,9.785763,0.003370,0.230826,0.243140
1.288997,1.276000,0.020000,0.085000,1.136788,-0.047180,0.201486,1.127926,-0.050761,0.252732,-0.005870,-0.008909,0.568124,0.822874,-0.053065,0.054699,-0.012273,0.001378,0.016607,0.002689,0.013439,0.004617,-0.001569,17,0.248245,0.051840,9.802264,0.000977,0.000349,-0.000800,9.805545,0.003625,0.193551,0.234664
1.305652,1.276000,0.020000,0.085000,1.132806,-0.038776,0.312563,1.125563,-0.045149,0.256941,-0.007564,-0.008525,0.571633,0.820430,-0.061117,0.089802,-0.002760,-0.000132,0.015364,0.001963,0.015376,0.001814,-0.001683,17,0.232715,0.030409,9.785940,0.001231,-0.000665,0.000919,9.788758,0.002978,0.275217,0.237570
1.324353,1.276000,0.020000,0.085000,1.114230,-0.092644,0.251813,1.121191,-0.055721,0.256300,-0.005355,-0.011375,0.589162,0.807917,-0.089629,0.005932,-0.003668,0.005401,0.015816,0.002028,0.015339,0.008367,-0.002021,19,0.226256,0.016018,9.820806,-0.001961,0.000866,-0.000388,9.823432,0.003428,0.258234,0.242989
1.341036,1.276000,0.020000,0.085000,1.122622,-0.055966,0.185452,1.123540,-0.047393,0.251168,-0.007347,-0.008641,0.574710,0.818279,-0.065280,0.081567,-0.015523,0.000932,0.015858,0.002969,0.014732,0.001971,-0.001751,17,0.235156,0.013461,9.811267,-0.000039,-0.000706,0.000113,9.814102,0.001916,0.198459,0.235368
1.357548,1.276000,0.020000,0.085000,1.097656,-0.042316,0.284382,1.112072,-0.042293,0.252520,-0.010928,-0.009821,0.617643,0.786321,-0.144135,0.117036,-0.012647,0.001037,0.012230,0.002644,0.021529,-0.001373,-0.002860,16,0.246278,0.027849,9.817425,0.000539,-0.000060,-0.000500,9.820553,0.003461,0.274669,0.242520
1.374213,1.276000,0.020000,0.085000,1.162016,-0.081396,0.349397,1.123195,-0.047361,0.258675,-0.006852,-0.008207,0.587457,0.809185,-0.050573,0.072392,0.003224,0.002305,0.016958,0.001742,0.013436,0.001560,-0.002086,17,0.238057,0.026761,9.822083,0.000822,0.000625,-0.002056,9.825005,0.004061,0.305252,0.240936
1.390828,1.276000,0.020000,0.085000,1.135250,-0.092364,0.302439,1.114652,-0.052680,0.260369,-0.007314,-0.011562,0.590912,0.806620,-0.121479,0.032791,0.006231,0.005763,0.013937,0.001478,0.017794,0.005852,-0.001998,17,0.231344,0.018283,9.829904,-0.000572,0.001464,0.000725,9.832648,0.003525,0.282341,0.249138
1.407472,1.276000,0.020000,0.085000,1.137175,-0.019408,0.205996,1.113308,-0.041941,0.255205,-0.009558,-0.009176,0.557636,0.829980,-0.121208,0.115543,-0.005941,0.000909,0.012926,0.002350,0.017534,0.000637,-0.001214,17,0.245242,0.010044,9.810611,0.002970,-0.000486,-0.007856,9.813699,0.010082,0.188323,0.243464
1.424080,1.276000,0.020000,0.085000,1.140042,-0.073540,0.273181,1.115838,-0.051832,0.255203,-0.006055,-0.010442,0.551882,0.833835,-0.096603,0.024941,-0.005061,0.005316,0.014893,0.002338,0.013481,0.005956,-0.001652,16,0.213771,0.020738,9.813047,0.000373,0.002536,0.071628,9.815693,0.105337,0.250293,0.244501
1.440655,1.276000,0.020000,0.085000,1.126555,-0.071960,0.296345,1.108792,-0.052319,0.257280,-0.007192,-0.011959,0.548002,0.836360,-0.142889,0.033503,-0.001592,0.006655,0.012448,0.002001,0.016861,0.007266,-0.001467,17,0.172704,0.008834,9.805430,0.009283,0.001955,-0.199169,9.808294,0.226073,0.274695,0.250737
1.457371,1.276000,0.020000,0.085000,1.133198,-0.050312,0.324620,1.112146,-0.044019,0.260392,-0.008727,-0.009213,0.523787,0.851755,-0.108734,0.107880,0.005455,0.002282,0.012513,0.001622,0.015903,0.002000,-0.000908,17,0.246714,0.013874,9.834940,0.009790,0.001540,0.030269,9.838207,0.044631,0.287670,0.248413
1.473954,1.276000,0.020000,0.085000,1.132237,-0.056704,0.264052,1.110891,-0.047121,0.260958,-0.007290,-0.009661,0.517262,0.855741,-0.109881,0.073411,0.006208,0.003743,0.013634,0.001550,0.014206,0.004196,-0.000717,17,0.244896,-0.057128,9.804905,-0.006154,-0.000281,-0.022353,9.808276,0.061245,0.242097,0.250454
1.490564,1.276000,0.020000,0.085000,1.109334,-0.063982,0.172678,1.099960,-0.050499,0.254166,-0.008111,-0.012545,0.534842,0.844820,-0.182181,0.045590,-0.009483,0.007091,0.011134,0.002559,0.018060,0.007197,-0.001038,16,0.267528,0.016870,9.833037,-0.018957,0.005045,0.022908,9.836914,0.081240,0.206198,0.254120
1.507118,1.276000,0.020000,0.085000,1.150957,-0.058760,0.255470,1.111933,-0.049478,0.254442,-0.006128,-0.007042,0.538234,0.842744,-0.085656,0.051933,-0.005133,0.004770,0.015902,0.002670,0.011939,0.003741,-0.001314,17,0.185368,0.008621,9.986369,0.150656,0.188978,-0.192242,9.989871,0.317709,0.225608,0.245878
1.523816,1.276000,0.020000,0.085000,1.158542,-0.077277,0.250708,1.117808,-0.059618,0.254805,-0.003306,-0.005481,0.550684,0.834689,-0.040581,-0.033616,-0.001462,0.006603,0.020045,0.002639,0.008820,0.009442,-0.002257,17,0.316220,-0.369815,10.088905,0.233635,0.443640,-0.041419,10.103139,0.536597,0.225207,0.245352
1.540432,1.276000,0.020000,0.086000,1.129608,-0.040806,0.197988,1.111320,-0.052317,0.249844,-0.008836,0.003373,0.432163,0.901746,-0.109720,0.014379,0.002892,0.003920,0.015021,0.003394,0.010531,0.009405,0.000529,17,-0.915565,0.491494,10.790923,0.014888,1.191618,0.079582,10.853327,1.210442,0.194086,0.243299
1.557116,1.275000,0.020000,0.086000,1.165727,-0.079582,0.458813,1.120240,-0.058154,0.262091,-0.009938,0.022184,0.488584,0.872178,-0.045841,-0.035343,0.064640,0.004282,0.020262,0.001540,0.006023,0.010436,-0.001774,17,-0.857242,0.634899,11.756905,0.729926,2.134673,-0.268141,11.815311,2.279117,0.401057,0.247117
1.573627,1.276000,0.020000,0.087000,1.122163,-0.063075,0.367573,1.108058,-0.056946,0.269040,-0.012790,0.035065,0.507002,0.861136,-0.114766,0.007036,0.128904,0.004779,0.016387,0.000721,0.012065,0.015640,-0.001258,16,0.511240,0.102697,13.201300,1.045585,1.960914,-0.089660,13.219065,2.230858,0.330588,0.259353
1.590711,1.276000,0.020000,0.090000,1.188231,-0.060935,0.407993,1.122550,-0.056695,0.280330,-0.008360,0.049161,0.475043,0.878548,0.012793,0.018939,0.204722,0.001313,0.020112,-0.000577,0.005555,0.015190,-0.000529,17,0.491809,-0.821592,13.386593,0.683084,1.301321,0.005623,13.422380,1.476839,0.339666,0.256232
1.606950,1.277000,0.019000,0.093000,1.175649,-0.047575,0.274816,1.120646,-0.049659,0.282714,-0.014051,0.054375,0.494590,0.867310,-0.014291,0.088844,0.260337,-0.000319,0.017186,-0.000209,0.010470,0.016708,-0.001089,17,0.273870,0.076860,13.675349,0.238946,0.992768,-0.261575,13.687539,1.056477,0.218544,0.255249
1.623575,1.279000,0.019000,0.098000,1.089905,-0.014935,0.260894,1.109093,-0.044407,0.284242,-0.016765,0.055264,0.509786,0.858361,-0.079330,0.143001,0.309358,-0.000109,0.013102,0.000298,0.015887,0.020807,-0.001535,17,0.711337,0.374891,13.361777,0.332084,0.523752,-0.127384,13.388140,0.651004,0.251879,0.259952
1.640135,1.281000,0.019000,0.103000,1.099982,0.004677,0.233823,1.110120,-0.033600,0.284432,-0.011260,0.056711,0.458247,0.886942,-0.012469,0.210489,0.333976,-0.004666,0.012604,0.000882,0.016212,0.019000,-0.000099,16,0.710200,-0.304338,12.283302,0.312264,-0.143743,0.006678,12.309488,0.387507,0.223802,0.254724
1.656799,1.283000,0.018000,0.108000,1.098283,0.005861,0.157209,1.109144,-0.029287,0.279715,-0.006857,0.052622,0.401395,0.914366,0.001883,0.215635,0.327302,-0.004158,0.012039,0.002389,0.019292,0.022206,0.000351,17,-0.096379,-0.115304,10.871006,0.102053,-0.272502,-0.156616,10.881914,0.346724,0.191544,0.248894
1.673471,1.286000,0.018000,0.113000,1.098111,-0.005137,0.222537,1.108465,-0.031321,0.281093,0.001697,0.047541,0.329567,0.942933,0.019590,0.154309,0.318645,-0.002519,0.012497,0.003034,0.017919,0.029232,0.001003,17,0.034923,-0.014088,9.773059,0.200487,-0.218658,-0.120187,9.785061,0.328380,0.218715,0.249412
1.690087,1.290000,0.015000,0.120000,1.118851,-0.003109,0.132006,1.116521,-0.028448,0.278481,0.007435,0.043178,0.264867,0.963289,0.104254,0.137734,0.292079,-0.005985,0.013691,0.003936,0.015138,0.029009,0.001555,17,0.197955,-0.353456,9.266131,-0.017163,-0.511523,-0.031157,9.280731,0.515338,0.172523,0.238954
1.706648,1.293000,0.015000,0.125000,1.149463,0.008676,0.184239,1.127204,-0.022139,0.278326,0.007721,0.039416,0.268320,0.962492,0.179797,0.170234,0.269295,-0.010238,0.014845,0.004373,0.015237,0.026730,0.001456,16,0.444006,0.498452,9.077852,-0.034439,-0.653968,-0.114065,9.103240,0.664922,0.155410,0.228859
1.723282,1.298000,0.013000,0.131000,1.145754,-0.025532,0.133041,1.128420,-0.030279,0.274578,0.014766,0.029386,0.162007,0.986241,0.170350,0.056779,0.233235,-0.008320,0.015633,0.005595,0.013078,0.032138,0.003188,17,0.203298,0.105099,8.611120,-0.027981,-0.621486,-0.080910,8.625278,0.628234,0.157060,0.226374
1.739929,1.302000,0.012000,0.135000,1.108759,-0.038335,0.152884,1.118953,-0.032681,0.269500,0.014537,0.019181,0.138716,0.990040,0.081524,0.013940,0.187640,-0.004325,0.015215,0.007089,0.014135,0.038620,0.002642,17,-0.584160,-0.750020,8.186188,-0.187659,-0.618778,-0.039831,8.242296,0.651102,0.200488,0.231501
1.756565,1.305000,0.010000,0.139000,1.142342,-0.026826,0.216308,1.131063,-0.028777,0.266949,0.011787,0.016954,0.171375,0.984989,0.164538,0.043418,0.152503,-0.008479,0.015798,0.007718,0.014918,0.035543,0.001781,17,0.116741,0.032409,8.440153,-0.228892,-0.531552,-0.087241,8.447734,0.586700,0.183821,0.219383
1.773171,1.309000,0.008000,0.142000,1.159622,-0.037298,0.211630,1.142524,-0.034121,0.265611,0.013545,0.012593,0.166333,0.985896,0.232596,0.008764,0.118861,-0.010957,0.018781,0.008035,0.012100,0.033772,0.001748,17,0.313765,0.198757,8.333238,-0.109015,-0.639024,-0.049082,8.343872,0.651623,0.170921,0.211585
1.789766,1.315000,0.006000,0.146000,1.165641,-0.021765,0.358763,1.148619,-0.024920,0.272357,0.010385,0.008943,0.262603,0.964807,0.245137,0.078887,0.101105,-0.011733,0.018891,0.007354,0.013927,0.033983,0.000333,16,-0.453643,-0.025373,7.937096,-0.196227,-0.610154,0.008486,7.951586,0.641854,0.261433,0.211199
1.806385,1.319000,0.004000,0.149000,1.182083,-0.037844,0.213551,1.159303,-0.033855,0.266969,0.011751,0.003202,0.217244,0.976041,0.285438,-0.005215,0.055915,-0.012313,0.022613,0.008156,0.011150,0.033012,0.002372,17,-0.261405,0.024153,7.948475,-0.248338,-0.663711,-0.072648,7.955241,0.713021,0.157048,0.202121
1.823078,1.323000,0.002000,0.151000,1.190019,-0.027203,0.316751,1.166923,-0.026849,0.270350,0.009562,-0.002730,0.244656,0.969559,0.302878,0.044416,0.032685,-0.013854,0.021923,0.007774,0.012799,0.031901,0.001677,17,-0.020207,0.031029,8.038310,-0.276465,-0.751954,-0.070406,8.039185,0.804871,0.214500,0.198587
1.839659,1.329000,0.000000,0.153000,1.191741,-0.030365,0.271609,1.172200,-0.028530,0.269780,0.008137,-0.010681,0.232935,0.972400,0.299146,0.023077,0.003650,-0.013098,0.022209,0.007948,0.013087,0.032257,0.002079,17,0.270377,-0.188739,8.179431,-0.352808,-0.815923,-0.022855,8.188232,0.891796,0.183930,0.197580
1.856282,1.333000,-0.002000,0.154000,1.189714,-0.061751,0.377415,1.174496,-0.040837,0.277387,0.005766,-0.019045,0.152466,0.988108,0.277482,-0.080641,-0.005277,-0.011513,0.022733,0.006789,0.011552,0.033122,0.003269,16,-0.115213,-0.377711,8.124899,-0.484563,-0.777241,-0.051778,8.137509,0.918381,0.272057,0.204588
1.872949,1.339000,-0.005000,0.156000,1.176187,-0.084355,0.426624,1.171422,-0.051953,0.286007,0.003103,-0.026312,0.087217,0.995837,0.187841,-0.148383,-0.009072,-0.008999,0.023231,0.005519,0.010123,0.034194,0.003974,17,-0.536789,-0.163057,8.406248,-0.393092,-0.668904,-0.074099,8.427552,0.781076,0.325642,0.217230
1.889525,1.343000,-0.007000,0.156000,1.251908,-0.107556,0.367366,1.185311,-0.058843,0.289478,0.001614,-0.030017,0.098634,0.994670,0.258614,-0.177215,-0.020596,-0.011813,0.025456,0.004900,0.008369,0.030537,0.003375,17,-0.220961,0.051190,8.622522,-0.386568,-0.742953,-0.011752,8.628145,0.837869,0.251167,0.213002
1.906188,1.347000,-0.010000,0.156000,1.222065,-0.051969,0.424581,1.185064,-0.051506,0.296358,-0.003861,-0.037806,0.101356,0.994124,0.203274,-0.095336,-0.017952,-0.009881,0.021063,0.004075,0.012590,0.030831,0.003817,17,-0.076710,0.235661,8.965934,-0.400560,-0.807196,-0.038885,8.969599,0.903338,0.299176,0.218280
1.922800,1.353000,-0.013000,0.156000,1.173533,-0.086147,0.341278,1.177444,-0.061024,0.299060,-0.007169,-0.045318,0.061352,0.997061,0.111787,-0.142370,-0.016011,-0.005504,0.021300,0.003606,0.011468,0.032433,0.004969,17,-0.005419,0.033928,9.568552,-0.383761,-0.717553,-0.032643,9.571114,0.816196,0.268117,0.231500
1.939438,1.357000,-0.015000,0.157000,1.210898,-0.132920,0.445524,1.186590,-0.074337,0.307180,-0.009268,-0.048237,0.051256,0.997477,0.134563,-0.208385,0.001141,-0.006907,0.024380,0.002366,0.007609,0.029442,0.004983,16,-0.220118,-0.480727,9.785088,-0.542337,-0.642645,-0.034961,9.799683,0.842420,0.344234,0.234765
1.956060,1.360000,-0.017000,0.156000,1.221034,-0.096917,0.297775,1.192525,-0.071529,0.306907,-0.016790,-0.051239,0.018776,0.998369,0.143336,-0.134749,0.000951,-0.008600,0.019811,0.002670,0.010447,0.025394,0.005633,17,-0.060941,-0.078616,10.033305,-0.524689,-0.650239,-0.075036,10.037215,0.840618,0.214006,0.231936
1.972656,1.364000,-0.019000,0.156000,1.249867,-0.035080,0.296769,1.200373,-0.061989,0.307250,-0.020583,-0.054475,0.043031,0.997375,0.155744,-0.052422,0.001877,-0.009802,0.016333,0.002730,0.013245,0.022548,0.005104,17,-0.497800,0.001590,9.978937,-0.350354,-0.557933,-0.040077,9.999582,0.660755,0.181937,0.226933
1.989340,1.368000,-0.022000,0.157000,1.258842,-0.092744,0.349804,1.205553,-0.072381,0.309206,-0.021826,-0.055842,0.027174,0.997831,0.144698,-0.123191,0.009662,-0.009533,0.019246,0.002424,0.009062,0.020571,0.005435,17,-0.387105,-0.209875,10.136560,-0.413821,-0.367895,-0.031470,10.148554,0.557534,0.232580,0.228241
2.005876,1.371000,-0.025000,0.157000,1.201272,-0.077675,0.410705,1.195874,-0.072112,0.317167,-0.026344,-0.060012,0.016605,0.997712,0.042312,-0.091736,0.035770,-0.004893,0.017100,0.001145,0.009735,0.022446,0.005804,16,0.025833,0.080533,10.413838,-0.467574,-0.334595,-0.072593,10.415454,0.589012,0.309755,0.241955
2.022077,1.375000,-0.027000,0.157000,1.273260,-0.091518,0.332129,1.209295,-0.076576,0.319855,-0.028147,-0.059447,0.015793,0.997710,0.106983,-0.097643,0.045557,-0.008279,0.017729,0.001070,0.007572,0.017102,0.005829,17,-0.096751,0.116166,10.201327,-0.379729,-0.422020,-0.049064,10.203515,0.577754,0.212565,0.237566
2.039169,1.376000,-0.028000,0.158000,1.246416,-0.112528,0.267028,1.205774,-0.084028,0.315078,-0.027290,-0.063061,0.024810,0.997328,0.022296,-0.131765,0.034594,-0.004631,0.019733,0.001690,0.004905,0.018355,0.005165,17,-0.536816,0.256565,10.175034,-0.219606,-0.298823,-0.025064,10.193376,0.375988,0.189273,0.238305
2.055820,1.379000,-0.030000,0.158000,1.246322,-0.097565,0.438681,1.208928,-0.080887,0.326743,-0.030180,-0.063096,0.012566,0.997472,0.014115,-0.056411,0.061140,-0.004448,0.016222,0.000170,0.006157,0.015898,0.006063,17,-0.008959,0.524747,10.005845,-0.108032,-0.253087,-0.046955,10.020752,0.302695,0.317727,0.244925
2.072383,1.380000,-0.032000,0.158000,1.228541,-0.094086,0.349798,1.201964,-0.080493,0.326672,-0.029790,-0.065950,0.011973,0.997306,-0.069820,-0.030562,0.054199,-0.000752,0.015024,0.000037,0.006036,0.016857,0.006123,16,-0.328711,0.365867,9.718711,0.023246,-0.254474,-0.059230,9.733746,0.281024,0.252153,0.249997
2.088969,1.382000,-0.033000,0.159000,1.221252,-0.122534,0.399919,1.200700,-0.091294,0.331210,-0.023089,-0.066929,0.046182,0.996421,-0.103297,-0.108164,0.061654,0.001119,0.019479,-0.000451,0.002692,0.016193,0.004580,17,-0.030085,0.324742,9.818290,0.245118,-0.124813,-0.012536,9.825534,0.282469,0.303147,0.256757
2.107684,1.383000,-0.034000,0.159000,1.251350,-0.085710,0.434406,1.208194,-0.085765,0.340638,-0.025079,-0.062827,0.028045,0.997315,-0.063542,-0.038100,0.075580,-0.001801,0.015617,-0.001385,0.003819,0.011064,0.005554,19,-0.227302,-0.396463,9.538771,0.045801,-0.010869,0.023029,9.553837,0.110801,0.309603,0.257351
2.123630,1.383000,-0.035000,0.159000,1.247422,-0.092659,0.298289,1.209186,-0.089433,0.338117,-0.024464,-0.061607,0.033649,0.997233,-0.080610,-0.062876,0.063248,-0.000945,0.016818,-0.000851,0.002097,0.009667,0.005204,16,-0.060835,-0.141962,9.642964,-0.137694,0.033444,-0.088813,9.644845,0.169149,0.202749,0.255455
2.140966,1.384000,-0.036000,0.159000,1.252904,-0.109922,0.376421,1.215224,-0.098223,0.344245,-0.023177,-0.058885,0.046461,0.996914,-0.060306,-0.120632,0.068927,-0.001598,0.020046,-0.001285,-0.000990,0.006948,0.004505,18,-0.197661,0.026270,9.591713,-0.202722,0.087299,-0.032921,9.594690,0.228041,0.264429,0.258211
2.157609,1.384000,-0.037000,0.159000,1.256784,-0.062004,0.271073,1.217887,-0.088648,0.339795,-0.027216,-0.055389,0.031539,0.997595,-0.058193,-0.022666,0.054406,-0.002341,0.015102,-0.000593,0.001248,0.004253,0.005067,16,-0.090221,0.082819,9.771394,-0.157194,0.161635,0.004540,9.772527,0.233678,0.171375,0.250894
2.174175,1.383000,-0.038000,0.159000,1.252191,-0.093464,0.405157,1.217704,-0.096239,0.344642,-0.023900,-0.053209,0.044594,0.997301,-0.079442,-0.080923,0.062843,-0.001349,0.018664,-0.001051,-0.001774,0.003367,0.004506,17,-0.137046,0.419605,9.820382,0.030261,0.196002,-0.025143,9.832178,0.209892,0.284219,0.255298
2.190850,1.382000,-0.038000,0.159000,1.250343,-0.106574,0.384899,1.218603,-0.102097,0.347466,-0.021092,-0.050625,0.062455,0.996540,-0.087427,-0.114728,0.069323,-0.000665,0.021183,-0.001204,-0.003296,0.002201,0.003910,17,0.055903,0.486931,10.036389,0.103684,0.227986,0.015094,10.050963,0.254369,0.270308,0.257539
2.207562,1.381000,-0.038000,0.159000,1.233655,-0.120447,0.339240,1.210541,-0.111568,0.348253,-0.019666,-0.049278,0.055505,0.997048,-0.150583,-0.153939,0.067617,0.001860,0.022393,-0.001101,-0.005503,0.002959,0.004547,17,-0.103788,-0.060365,9.936142,0.071299,0.210204,0.009916,9.937886,0.227274,0.246971,0.265114
2.224136,1.380000,-0.039000,0.159000,1.267165,-0.130739,0.414925,1.222033,-0.116225,0.354110,-0.018125,-0.043590,0.061161,0.997011,-0.066605,-0.161418,0.082089,-0.001501,0.023681,-0.001372,-0.007027,-0.001306,0.003822,17,0.045998,0.068590,10.145216,0.034314,0.260543,-0.020488,10.146543,0.275057,0.294356,0.262650
2.239940,1.378000,-0.038000,0.160000,1.220713,-0.108180,0.386776,1.212441,-0.113050,0.356521,-0.019409,-0.041913,0.056447,0.997337,-0.148364,-0.119049,0.087869,0.001429,0.021012,-0.001933,-0.005532,-0.000184,0.004075,15,-0.466046,-0.387773,10.120494,0.026248,0.351294,-0.016402,10.139244,0.365763,0.284766,0.267700
2.257322,1.376000,-0.038000,0.160000,1.229349,-0.113958,0.360774,1.216387,-0.116263,0.358312,-0.019537,-0.036098,0.058099,0.997467,-0.117053,-0.129577,0.094057,-0.000295,0.021633,-0.001722,-0.006610,-0.002698,0.003942,18,-0.121967,-0.191513,10.109894,-0.089631,0.437913,0.034225,10.119158,0.454666,0.259974,0.266325
2.273970,1.374000,-0.038000,0.160000,1.276666,-0.097144,0.420320,1.228257,-0.112455,0.363554,-0.021575,-0.029279,0.059479,0.997567,-0.036124,-0.080291,0.103964,-0.004210,0.020529,-0.001889,-0.006098,-0.006879,0.003906,17,0.155378,0.182104,10.047241,-0.156322,0.409633,-0.019856,10.051130,0.449381,0.284145,0.261188
2.289592,1.371000,-0.037000,0.161000,1.189371,-0.121926,0.432548,1.217029,-0.115017,0.366537,-0.022384,-0.028283,0.068957,0.996967,-0.116004,-0.087225,0.106517,-0.000263,0.021137,-0.002428,-0.006435,-0.004591,0.003669,16,0.266126,0.244454,9.871546,-0.189573,0.388985,0.020317,9.878743,0.437507,0.337549,0.268401
2.307159,1.368000,-0.037000,0.161000,1.235543,-0.105581,0.396888,1.225998,-0.112567,0.371058,-0.023856,-0.022288,0.057110,0.997834,-0.041210,-0.037347,0.119474,-0.004320,0.019516,-0.002460,-0.006752,-0.008210,0.004151,17,0.132460,0.655434,10.167973,-0.143963,0.319306,0.025701,10.191281,0.356784,0.279090,0.264574
2.323856,1.366000,-0.036000,0.162000,1.232558,-0.117685,0.320408,1.224122,-0.118809,0.369516,-0.021127,-0.020070,0.056925,0.997953,-0.055163,-0.070345,0.115345,-0.003553,0.021438,-0.001954,-0.008929,-0.008058,0.004454,17,0.060924,0.403699,10.055757,0.102498,0.266413,-0.013696,10.064869,0.298844,0.222648,0.264669
2.340498,1.363000,-0.036000,0.162000,1.240084,-0.121725,0.448677,1.228069,-0.121631,0.377698,-0.019337,-0.016511,0.062267,0.997736,-0.030510,-0.083813,0.130188,-0.004887,0.022083,-0.002643,-0.009663,-0.009594,0.004249,17,-0.181060,-0.192858,9.875726,0.152632,0.256928,0.044432,9.883572,0.309043,0.323483,0.268448
2.357060,1.359000,-0.035000,0.163000,1.254221,-0.133230,0.425752,1.236947,-0.127951,0.384195,-0.017758,-0.011549,0.069491,0.997358,0.024339,-0.118773,0.143636,-0.007393,0.024259,-0.002912,-0.011355,-0.011795,0.003879,17,-0.105656,-0.000682,10.006196,0.030201,0.357207,0.004510,10.008059,0.363692,0.299443,0.269192
2.372709,1.355000,-0.032000,0.163000,1.203329,-0.102046,0.259058,1.228502,-0.123833,0.379426,-0.017257,-0.011532,0.073505,0.997079,-0.046322,-0.065823,0.127671,-0.004096,0.021216,-0.002234,-0.009579,-0.009260,0.003731,15,-0.075861,0.255013,9.967485,0.239923,0.298673,-0.065975,9.972653,0.399587,0.192712,0.266974
2.392337,1.352000,-0.031000,0.164000,1.245467,-0.126144,0.436628,1.236931,-0.129064,0.388120,-0.011424,-0.006190,0.069920,0.997468,0.019015,-0.090828,0.141170,-0.007555,0.022703,-0.002602,-0.011015,-0.011845,0.004049,20,-0.047964,0.235121,9.660465,0.461266,0.287912,0.089231,9.665982,0.554641,0.307778,0.270346
2.409023,1.349000,-0.030000,0.164000,1.234526,-0.093622,0.395225,1.233545,-0.118917,0.387908,-0.011669,-0.003786,0.080112,0.996710,-0.008150,-0.001245,0.128256,-0.006553,0.019022,-0.002553,-0.007742,-0.011293,0.003117,17,-0.011596,0.017726,9.539930,0.306300,0.362923,0.056477,9.543853,0.485106,0.265738,0.267154
2.425651,1.344000,-0.028000,0.165000,1.198574,-0.065555,0.430163,1.222673,-0.110013,0.393451,-0.012587,-0.002229,0.094912,0.995404,-0.085532,0.061009,0.137510,-0.003988,0.015771,-0.003252,-0.004949,-0.009443,0.001664,17,0.081850,0.171816,9.836192,0.256442,0.387919,-0.065228,9.840114,0.472366,0.304747,0.271359
2.442318,1.341000,-0.026000,0.165000,1.201491,-0.077720,0.358199,1.221678,-0.111571,0.391721,-0.008769,0.001790,0.101747,0.994770,-0.079566,0.021964,0.134248,-0.004435,0.017956,-0.002702,-0.006240,-0.009680,0.001466,17,-0.075732,0.056113,9.895014,0.353396,0.420889,0.000014,9.895991,0.552374,0.243851,0.270116
2.458855,1.337000,-0.024000,0.166000,1.212542,-0.121263,0.442935,1.223491,-0.121169,0.398922,-0.002690,0.004849,0.126220,0.991987,-0.054174,-0.060477,0.147424,-0.004737,0.021382,-0.003242,-0.010456,-0.008740,0.002495,16,0.037035,-0.318870,9.704258,0.356690,0.409807,0.092678,9.712788,0.552475,0.318815,0.276729
2.475488,1.333000,-0.023000,0.166000,1.192760,-0.099896,0.326020,1.213032,-0.114685,0.394434,-0.004199,0.005473,0.117215,0.993083,-0.107345,-0.004732,0.131314,-0.003089,0.017604,-0.002533,-0.008063,-0.007226,0.003186,17,0.342893,-0.206216,9.826484,0.097730,0.296713,0.024475,9.835477,0.327293,0.226245,0.273826
2.492183,1.329000,-0.021000,0.167000,1.205473,-0.066330,0.432363,1.214893,-0.104125,0.398898,-0.006489,0.007851,0.109881,0.993893,-0.071148,0.078631,0.142498,-0.005553,0.014336,-0.002896,-0.006022,-0.008536,0.003163,17,0.186156,0.234180,10.163024,-0.025521,0.169129,-0.024435,10.171338,0.191904,0.296195,0.271490
2.508820,1.325000,-0.019000,0.167000,1.219368,-0.054035,0.454995,1.221136,-0.095708,0.405166,-0.006454,0.011783,0.084652,0.996320,-0.004486,0.127479,0.159713,-0.008623,0.012482,-0.003451,-0.005385,-0.010109,0.004773,17,-0.233522,0.092064,10.328707,0.079471,0.288437,0.042967,10.333794,0.309809,0.308750,0.270915
2.525441,1.320000,-0.016000,0.168000,1.152427,-0.052138,0.431397,1.205308,-0.090347,0.406756,-0.006649,0.011471,0.103700,0.994520,-0.098747,0.136003,0.163469,-0.004840,0.011358,-0.003541,-0.004314,-0.006979,0.003524,17,-0.165822,-0.172814,10.110048,0.112479,0.323564,0.071094,10.113963,0.353896,0.314269,0.275111
2.542029,1.317000,-0.014000,0.169000,1.247910,-0.098747,0.511888,1.215043,-0.092853,0.417637,-0.003508,0.015867,0.090816,0.995735,-0.013240,0.101314,0.186077,-0.008157,0.014044,-0.004500,-0.006392,-0.008548,0.004702,16,0.190520,0.207134,9.961106,0.169087,0.308418,0.002249,9.969336,0.356066,0.359900,0.280059
2.558677,1.312000,-0.012000,0.170000,1.207481,-0.063940,0.366352,1.206675,-0.083825,0.413963,-0.003712,0.016054,0.100895,0.994761,-0.065470,0.156172,0.171052,-0.006231,0.011303,-0.003705,-0.004223,-0.006599,0.003835,17,0.257114,0.175764,9.886533,0.249654,0.259319,-0.013430,9.891778,0.362848,0.228420,0.275264
2.575309,1.309000,-0.010000,0.171000,1.189198,-0.038742,0.286609,1.198870,-0.073586,0.408412,-0.004089,0.017318,0.119637,0.992658,-0.114203,0.209126,0.150887,-0.005432,0.008318,-0.002664,-0.001914,-0.005545,0.001995,17,0.046556,0.038057,9.906903,0.295428,0.276447,0.041513,9.909235,0.411967,0.168950,0.269325
2.593976,1.304000,-0.007000,0.172000,1.171496,-0.057110,0.476384,1.190188,-0.074430,0.416089,-0.001140,0.017274,0.113833,0.993349,-0.153869,0.152066,0.168890,-0.002376,0.011137,-0.003191,-0.003810,-0.002651,0.003336,19,0.229970,-0.029409,10.107486,0.118967,0.222255,0.051662,10.111759,0.274005,0.335735,0.277632
2.610595,1.301000,-0.005000,0.173000,1.185980,-0.068028,0.444198,1.195525,-0.076267,0.422416,0.000374,0.019759,0.102200,0.994568,-0.087619,0.107989,0.184614,-0.005013,0.013896,-0.003693,-0.005768,-0.003563,0.004366,16,-0.047738,-0.063144,10.186884,-0.054744,0.182687,-0.044719,10.187974,0.212698,0.301249,0.280022
2.627204,1.298000,-0.003000,0.174000,1.166680,-0.066455,0.345134,1.184125,-0.073884,0.418179,0.000354,0.018503,0.104520,0.994351,-0.156084,0.108477,0.173799,-0.002040,0.013171,-0.002729,-0.005066,-0.000850,0.004636,17,-0.146778,-0.063357,10.207782,0.062252,0.184191,0.004435,10.209993,0.204352,0.224852,0.278595
2.643908,1.293000,0.000000,0.175000,1.150071,0.012183,0.410803,1.178924,-0.060620,0.422172,-0.001271,0.018743,0.098250,0.994984,-0.163583,0.183206,0.180108,-0.002488,0.009575,-0.003015,-0.002711,-0.000467,0.005094,17,-0.021342,-0.170567,10.028369,0.070089,0.111231,0.069383,10.030945,0.172917,0.276008,0.278895
2.660461,1.290000,0.001000,0.176000,1.147213,-0.031707,0.325517,1.174072,-0.064673,0.417857,0.001959,0.019117,0.100697,0.994732,-0.157477,0.109831,0.169078,-0.002000,0.013136,-0.002077,-0.004840,0.000615,0.005157,17,0.193168,-0.042212,10.091140,0.133565,0.128402,-0.016136,10.093806,0.189791,0.209316,0.276129
2.677092,1.287000,0.003000,0.177000,1.150754,-0.022585,0.316457,1.172204,-0.057323,0.413508,0.002068,0.020057,0.086111,0.996081,-0.135282,0.146530,0.160253,-0.003255,0.011961,-0.001252,-0.003995,0.000563,0.006002,17,0.097887,0.253324,10.262548,0.081371,0.127746,-0.011952,10.269204,0.171549,0.196636,0.269728
2.693682,1.283000,0.006000,0.179000,1.095515,-0.000232,0.241929,1.159652,-0.049963,0.407513,0.001947,0.019667,0.081784,0.996454,-0.201195,0.179111,0.144652,-0.000543,0.010366,-0.000150,-0.002764,0.002934,0.006385,16,-0.268680,0.341732,10.154858,0.103150,0.276358,0.013216,10.165572,0.305530,0.197863,0.265641
2.710306,1.280000,0.008000,0.181000,1.109176,-0.007978,0.362092,1.160553,-0.048817,0.407328,0.003772,0.022988,0.076672,0.996784,-0.140795,0.151141,0.141433,-0.003250,0.012251,0.000040,-0.003955,0.001966,0.006664,17,-0.095587,-0.044824,9.890659,0.116859,0.304350,-0.016423,9.892658,0.334070,0.249460,0.262146
2.726959,1.277000,0.010000,0.182000,1.075926,-0.052476,0.279396,1.148136,-0.054507,0.400910,0.007132,0.021540,0.084108,0.996198,-0.176229,0.084850,0.120649,-0.000628,0.015100,0.001184,-0.005170,0.004235,0.006647,17,0.106978,-0.242922,9.828184,0.215201,0.069685,0.013301,9.832275,0.277192,0.231992,0.262085
2.743638,1.274000,0.013000,0.184000,1.124937,0.022637,0.280210,1.149077,-0.043692,0.396858,0.007196,0.022730,0.084513,0.996137,-0.124807,0.151534,0.112074,-0.003679,0.012651,0.001796,-0.003472,0.003082,0.006239,17,0.064726,0.259663,10.104080,0.241984,0.015147,0.019170,10.109769,0.247739,0.177677,0.253236
2.762300,1.271000,0.014000,0.185000,1.053678,-0.022912,0.268201,1.136020,-0.045848,0.392591,0.010575,0.021028,0.080912,0.996443,-0.187023,0.105731,0.102907,-0.001101,0.013940,0.002847,-0.003736,0.005484,0.006844,19,-0.065696,0.184141,10.035581,0.292225,0.065735,-0.053875,10.040628,0.309331,0.235614,0.254746
2.778857,1.268000,0.017000,0.187000,1.128450,-0.058638,0.301157,1.141414,-0.049377,0.388154,0.013187,0.022145,0.074208,0.996910,-0.105774,0.059478,0.089407,-0.004671,0.017004,0.003410,-0.005021,0.004297,0.006713,16,0.051481,-0.136539,9.807937,0.136449,-0.042438,0.047209,9.810177,0.193423,0.195518,0.246765
2.795500,1.265000,0.018000,0.189000,1.047554,0.025581,0.204205,1.131165,-0.039364,0.384438,0.011523,0.019660,0.067102,0.997486,-0.155312,0.111334,0.079105,-0.002786,0.013890,0.004083,-0.002862,0.005913,0.007488,17,0.008587,-0.056315,9.894510,0.016878,-0.033777,0.000269,9.896524,0.089607,0.218109,0.243718
2.812236,1.262000,0.021000,0.191000,1.113137,0.011506,0.343980,1.136386,-0.037025,0.386218,0.012122,0.021783,0.057455,0.998037,-0.077177,0.096024,0.083578,-0.006287,0.015035,0.003685,-0.003822,0.004426,0.007711,17,-0.298867,-0.151360,9.910284,0.038774,0.065711,-0.077552,9.917260,0.116803,0.213666,0.239282
2.828793,1.260000,0.022000,0.193000,1.068781,-0.014848,0.274978,1.124438,-0.040257,0.380846,0.015540,0.018473,0.030888,0.999231,-0.133571,0.051943,0.073933,-0.002787,0.017107,0.004337,-0.003885,0.006946,0.009833,17,-0.187062,-0.219784,10.069366,0.170084,0.002271,0.029565,10.074626,0.180221,0.211288,0.239874
2.845370,1.258000,0.023000,0.194000,1.096707,0.052712,0.237110,1.126828,-0.027480,0.375089,0.014874,0.019308,0.031565,0.999205,-0.106214,0.108159,0.072199,-0.005221,0.014085,0.004762,-0.002274,0.006502,0.008360,16,-0.041849,-0.228537,10.267636,0.182042,0.052088,0.071422,10.271079,0.217729,0.169578,0.229233
2.862004,1.255000,0.026000,0.197000,1.063070,-0.036532,0.347757,1.116287,-0.034401,0.372664,0.016569,0.017466,0.021256,0.999484,-0.134211,0.031352,0.073663,-0.003463,0.017486,0.005058,-0.003921,0.007813,0.009342,17,0.001282,0.261451,10.308560,-0.045597,-0.031669,-0.061437,10.314395,0.201807,0.251942,0.231834
2.878651,1.253000,0.027000,0.199000,1.127638,0.038750,0.161535,1.120450,-0.025167,0.362823,0.016218,0.019349,0.036116,0.999029,-0.073527,0.091755,0.059308,-0.006802,0.015494,0.006371,-0.001911,0.006649,0.007641,17,-0.140174,0.284268,10.462421,0.281337,0.057262,-0.007604,10.478927,0.313881,0.131367,0.217092
2.895330,1.251000,0.028000,0.202000,1.044599,0.017488,0.262322,1.107515,-0.023911,0.358425,0.017449,0.017404,0.030648,0.999226,-0.145243,0.064876,0.057659,-0.003318,0.016210,0.007155,-0.001805,0.009129,0.008440,17,0.031807,-0.355615,10.480123,0.125309,0.118703,0.066347,10.489813,0.199777,0.215292,0.218521
2.911878,1.249000,0.029000,0.204000,1.080586,-0.018249,0.254821,1.111643,-0.029631,0.355987,0.018701,0.017655,0.029566,0.999232,-0.080013,0.009571,0.057531,-0.006101,0.019276,0.007350,-0.002961,0.008056,0.008349,16,0.206947,0.222250,10.280435,0.001216,-0.119307,-0.034602,10.287180,0.175401,0.182150,0.213083
2.928500,1.248000,0.032000,0.206000,1.054612,-0.002720,0.274678,1.099176,-0.023270,0.350125,0.017023,0.013979,0.031485,0.999261,-0.145813,0.051183,0.049119,-0.003270,0.017423,0.008361,-0.001221,0.010155,0.008653,17,-0.011338,0.297535,10.231164,0.019018,-0.145274,-0.005556,10.237219,0.201433,0.208137,0.214419
2.945134,1.246000,0.032000,0.210000,1.066377,0.012174,0.296179,1.101946,-0.013276,0.349179,0.014098,0.015128,0.042181,0.998896,-0.095168,0.105641,0.053236,-0.005970,0.014990,0.008480,0.000406,0.009136,0.007484,17,-0.204305,-0.053173,10.289382,-0.100577,-0.000800,0.031370,10.292638,0.120684,0.200211,0.205359
2.961760,1.244000,0.033000,0.212000,1.064702,0.011552,0.249375,1.096914,-0.009672,0.340429,0.013564,0.013998,0.042448,0.998909,-0.101789,0.105516,0.036863,-0.005857,0.015323,0.009617,0.000719,0.009742,0.007391,17,0.078156,0.208295,10.143257,-0.028406,-0.037785,0.005044,10.146143,0.142268,0.184404,0.199873
2.978397,1.242000,0.033000,0.216000,1.087686,-0.027074,0.339791,1.100057,-0.017610,0.341956,0.015037,0.013550,0.036007,0.999147,-0.055971,0.029345,0.043557,-0.007769,0.019038,0.009304,-0.000915,0.009159,0.007947,17,0.028282,0.048126,10.093732,-0.061376,-0.122546,-0.025489,10.096100,0.156252,0.206751,0.196403
2.994985,1.241000,0.034000,0.218000,1.100896,-0.008180,0.276380,1.104325,-0.009218,0.336423,0.012778,0.013909,0.050749,0.998533,-0.010804,0.090938,0.032980,-0.010504,0.016473,0.010034,0.000749,0.008259,0.006206,16,-0.341096,0.093660,10.045810,-0.003583,-0.101891,-0.037597,10.052883,0.151110,0.157533,0.185935
3.011597,1.240000,0.034000,0.221000,1.054892,-0.008867,0.340068,1.092958,-0.008432,0.337432,0.012980,0.010603,0.047931,0.998710,-0.091515,0.083388,0.036252,-0.006887,0.016655,0.010130,0.001074,0.010535,0.006586,17,-0.235409,0.170817,9.929548,0.044058,-0.066028,0.008105,9.937726,0.164437,0.224232,0.192297
3.028292,1.238000,0.035000,0.225000,1.086135,-0.033230,0.410348,1.098654,-0.014279,0.343345,0.013178,0.011725,0.047098,0.998735,-0.028225,0.025269,0.048135,-0.009790,0.019459,0.009246,-0.000103,0.009403,0.006529,17,-0.067268,-0.120785,9.797186,-0.137876,-0.012421,0.029307,9.799953,0.149819,0.249143,0.189344
3.044870,1.237000,0.035000,0.228000,1.149591,-0.015187,0.409221,1.109346,-0.011345,0.347390,0.011190,0.013138,0.044149,0.998876,0.051879,0.037569,0.056409,-0.013690,0.018901,0.008702,0.000440,0.007715,0.007007,17,-0.084202,-0.117496,9.910574,-0.157349,-0.045906,-0.034805,9.911936,0.175825,0.207365,0.180824
3.061497,1.237000,0.036000,0.230000,1.072241,-0.007109,0.501214,1.099757,-0.008030,0.358860,0.009300,0.010604,0.040517,0.999079,-0.028783,0.046336,0.085448,-0.010147,0.018169,0.007559,0.001135,0.009958,0.007467,16,-0.223686,0.023095,10.073227,-0.159448,0.041617,-0.030195,10.077138,0.200666,0.320252,0.193337
3.078070,1.236000,0.036000,0.234000,1.065659,0.000506,0.372787,1.093580,-0.003923,0.359102,0.007775,0.009399,0.044744,0.998924,-0.057553,0.074133,0.087999,-0.009060,0.016987,0.007767,0.002039,0.010945,0.007033,17,-0.035681,0.179199,10.136211,-0.057764,0.003742,-0.014476,10.138870,0.125629,0.222571,0.193721
3.094760,1.235000,0.035000,0.238000,1.107760,-0.054289,0.421376,1.099440,-0.012842,0.362765,0.008424,0.009321,0.041958,0.999040,-0.005780,-0.003076,0.096847,-0.011290,0.020465,0.007328,0.000417,0.010111,0.007083,17,-0.095909,-0.297689,10.084368,-0.164242,-0.117717,0.001346,10.090179,0.243499,0.240394,0.190346
3.111398,1.234000,0.036000,0.240000,1.086102,0.021585,0.485847,1.096259,-0.002130,0.370695,0.004368,0.009172,0.048299,0.998781,-0.030556,0.075137,0.119432,-0.010761,0.016896,0.006668,0.002485,0.010780,0.006596,17,-0.392489,0.094144,10.252014,-0.182264,0.101310,-0.046998,10.261662,0.223846,0.287267,0.193669
3.128004,1.233000,0.036000,0.245000,1.140167,-0.001335,0.361221,1.107930,-0.004073,0.370778,0.006792,0.011006,0.045750,0.998869,0.052300,0.045158,0.120567,-0.014434,0.018730,0.006718,0.001687,0.009202,0.006868,17,0.021458,0.174352,10.157184,0.181198,-0.010091,0.024099,10.161287,0.201326,0.153360,0.181848
3.144629,1.232000,0.036000,0.248000,1.056135,-0.010345,0.397712,1.096078,-0.005192,0.373835,0.005656,0.008543,0.040491,0.999127,-0.033911,0.024950,0.132029,-0.010588,0.019002,0.006731,0.001786,0.011469,0.007560,16,-0.178569,-0.303165,10.359284,-0.154964,0.065805,0.093641,10.369288,0.228485,0.235563,0.189753
3.161299,1.231000,0.036000,0.253000,1.074794,0.006998,0.320430,1.101303,0.001343,0.372020,0.002222,0.009105,0.046456,0.998876,0.023630,0.080745,0.135559,-0.013442,0.017041,0.007173,0.002899,0.010363,0.007069,17,0.140016,0.467367,10.588636,-0.241471,-0.067055,-0.032798,10.601082,0.277396,0.172593,0.179410
3.177897,1.231000,0.036000,0.257000,1.063806,0.029424,0.318234,1.094869,0.010686,0.371726,-0.000248,0.006501,0.049041,0.998776,-0.023418,0.147119,0.138188,-0.012030,0.014022,0.007612,0.004515,0.011390,0.006957,17,-0.326023,0.234433,10.372847,-0.067541,-0.142008,-0.073108,10.386013,0.185378,0.178176,0.179817
3.194548,1.231000,0.036000,0.261000,1.138867,0.008926,0.369204,1.105813,0.009592,0.373595,0.000619,0.008846,0.041832,0.999085,0.053501,0.117284,0.148127,-0.015652,0.015659,0.007509,0.003764,0.009806,0.007815,17,-0.305558,-0.009553,10.471576,0.002298,0.051765,-0.073032,10.477626,0.163163,0.144671,0.170431
3.211111,1.230000,0.036000,0.266000,1.061954,0.007534,0.333211,1.092918,0.010413,0.371814,-0.000856,0.006303,0.043579,0.999030,-0.030344,0.113661,0.149809,-0.011726,0.015803,0.008152,0.003755,0.012061,0.007408,16,0.225483,0.334431,10.498172,-0.198698,0.055410,-0.002133,10.507426,0.225771,0.183213,0.175051
3.227727,1.230000,0.035000,0.270000,1.033812,0.021322,0.251857,1.082391,0.015322,0.366481,-0.003484,0.002871,0.051612,0.998657,-0.098066,0.141067,0.138572,-0.008747,0.014421,0.009245,0.004396,0.013733,0.006336,17,0.019893,0.107712,10.356762,-0.237306,-0.138016,0.004961,10.361733,0.281233,0.197500,0.177438
3.244439,1.230000,0.035000,0.274000,1.071263,-0.012079,0.410490,1.087885,0.009140,0.371833,-0.003042,0.002193,0.052255,0.998627,-0.042770,0.082634,0.153160,-0.011368,0.017566,0.008729,0.002844,0.012632,0.005989,17,-0.277673,0.241231,10.254321,-0.188146,-0.241020,0.038882,10.263037,0.312731,0.214577,0.174461
3.261045,1.230000,0.035000,0.280000,1.125841,0.001062,0.331929,1.099696,0.010642,0.370973,-0.002913,0.002197,0.043049,0.999066,0.037808,0.098403,0.148981,-0.015264,0.017503,0.009085,0.002927,0.010828,0.007389,17,-0.192405,0.480358,10.078203,0.018050,-0.265655,-0.027772,10.093418,0.294263,0.121233,0.160775
3.277674,1.230000,0.034000,0.281000,1.014928,-0.001273,0.365515,1.087188,0.010574,0.373460,-0.002760,-0.001604,0.041675,0.999126,-0.053134,0.084324,0.150567,-0.011318,0.017608,0.009170,0.002906,0.012786,0.007539,17,-0.301847,-0.212786,9.882144,-0.002905,-0.145011,0.057833,9.892203,0.193747,0.233759,0.171735
3.294189,1.230000,0.035000,0.289000,1.032062,0.006983,0.413684,1.089407,0.014028,0.378675,-0.005742,-0.001250,0.042172,0.999093,-0.003009,0.111290,0.159796,-0.013988,0.016751,0.008736,0.003264,0.011585,0.007614,16,-0.037224,0.237440,9.954875,-0.311037,-0.121266,-0.033785,9.960680,0.354227,0.235607,0.168071
3.310843,1.230000,0.034000,0.294000,1.083665,-0.038736,0.469950,1.095483,0.007401,0.387284,-0.004436,-0.000911,0.037835,0.999274,0.046486,0.056899,0.173820,-0.016240,0.019740,0.007894,0.001835,0.010594,0.007920,17,-0.159993,0.366583,9.807500,-0.065440,-0.111991,-0.065086,9.819586,0.174880,0.240131,0.165844
3.327537,1.230000,0.034000,0.299000,1.089151,-0.030723,0.401025,1.097604,0.008949,0.390572,-0.004988,-0.001558,0.046287,0.998915,0.059107,0.075563,0.172134,-0.017115,0.018984,0.007852,0.002135,0.010332,0.006824,17,-0.166260,-0.050350,9.691006,-0.017779,-0.108664,0.061021,9.694930,0.141542,0.185571,0.162916
3.344109,1.230000,0.034000,0.303000,1.053407,-0.015105,0.499209,1.087350,0.011450,0.398440,-0.005354,-0.004576,0.046688,0.998885,-0.021085,0.098995,0.183083,-0.013627,0.017708,0.007297,0.002700,0.011999,0.006814,17,-0.057641,0.182662,9.769311,0.028683,-0.088252,0.016249,9.777032,0.131717,0.268505,0.173108
3.360757,1.230000,0.034000,0.309000,1.111776,0.003094,0.450019,1.096922,0.013856,0.404387,-0.007095,-0.003563,0.046175,0.998902,0.051148,0.114452,0.192382,-0.017140,0.017369,0.006876,0.002779,0.010425,0.006989,16,-0.032173,0.115675,9.966648,-0.198011,-0.113297,-0.015945,9.969005,0.246909,0.186597,0.164967
3.377330,1.230000,0.034000,0.313000,1.061882,-0.026474,0.477872,1.087537,0.007707,0.411234,-0.006312,-0.006769,0.043372,0.999016,-0.025939,0.062096,0.206541,-0.013620,0.019376,0.006448,0.001801,0.012039,0.007092,17,-0.255073,-0.076101,10.129590,-0.079406,-0.123037,-0.008315,10.133644,0.157423,0.243112,0.175034
3.394081,1.229000,0.033000,0.318000,1.100122,-0.067643,0.495611,1.094007,-0.003124,0.418154,-0.004622,-0.005349,0.056971,0.998351,0.022116,-0.012213,0.220506,-0.015737,0.022954,0.006008,0.000076,0.011203,0.005053,17,-0.126760,-0.202986,10.183030,-0.070602,0.041219,0.020668,10.187785,0.155140,0.241421,0.171927
3.410616,1.229000,0.034000,0.324000,1.110490,-0.000616,0.479434,1.096643,0.004799,0.425691,-0.007457,-0.006388,0.061211,0.998077,0.033282,0.059690,0.237245,-0.016616,0.019713,0.005552,0.001468,0.010838,0.004695,17,-0.033457,0.013833,10.321679,-0.126328,-0.160303,-0.009738,10.323223,0.227546,0.198501,0.169447
3.427240,1.229000,0.034000,0.329000,1.063886,-0.034259,0.449934,1.086790,-0.001842,0.429359,-0.006545,-0.007571,0.057460,0.998298,-0.042732,0.019468,0.247238,-0.013259,0.021770,0.005587,0.000465,0.012343,0.004740,16,-0.229991,0.719949,10.463215,-0.060766,0.116168,-0.185911,10.495337,0.353310,0.215748,0.177709
3.443846,1.229000,0.034000,0.335000,1.043323,0.027482,0.445295,1.079524,0.008482,0.436417,-0.006882,-0.007331,0.051494,0.998623,-0.080462,0.093506,0.265178,-0.012207,0.018229,0.005204,0.002032,0.012774,0.006005,17,-0.219249,0.036758,10.513807,0.238722,0.120854,0.031231,10.523442,0.297722,0.216064,0.182427
3.460512,1.229000,0.034000,0.340000,1.085394,-0.001620,0.380421,1.086522,0.003153,0.436222,-0.006739,-0.005477,0.053240,0.998544,-0.016144,0.042830,0.269325,-0.015057,0.020801,0.005769,0.000802,0.011517,0.005646,17,-0.000879,-0.150695,10.669447,-0.172373,0.031923,0.059751,10.680776,0.202556,0.153380,0.174672
3.477111,1.229000,0.034000,0.346000,1.051023,-0.009833,0.442314,1.075299,0.000962,0.441293,-0.005883,-0.007866,0.054084,0.998488,-0.096511,0.033776,0.281857,-0.011442,0.021439,0.005696,0.000450,0.013116,0.005197,17,0.002640,0.648193,10.547970,0.025780,-0.014698,-0.138792,10.570077,0.225302,0.207059,0.183838
3.493782,1.229000,0.035000,0.353000,1.084403,0.006915,0.421913,1.082987,0.005535,0.444614,-0.004945,-0.005379,0.052490,0.998595,-0.028888,0.069515,0.286386,-0.014999,0.020334,0.005885,0.000922,0.011570,0.005619,17,-0.196878,0.244360,10.281121,0.206665,0.047289,0.024005,10.290266,0.277761,0.162623,0.174874
3.510343,1.229000,0.035000,0.358000,1.066322,-0.010368,0.426261,1.075417,-0.001668,0.446318,-0.004198,-0.007753,0.054876,0.998454,-0.085698,0.014922,0.284326,-0.012251,0.022810,0.006242,-0.000196,0.012748,0.005116,16,-0.065773,0.254507,10.089580,-0.114584,-0.084070,0.072273,10.097915,0.198176,0.182160,0.180921
3.526996,1.229000,0.035000,0.364000,1.078878,-0.028080,0.448697,1.080171,-0.010110,0.450827,-0.001071,-0.007873,0.071586,0.997403,-0.044931,-0.044040,0.286959,-0.014087,0.026130,0.006272,-0.001588,0.012018,0.002296,17,-0.252400,0.419710,10.023865,0.130319,-0.148053,-0.114882,10.039822,0.230384,0.183546,0.178112
3.543671,1.229000,0.036000,0.369000,1.098392,-0.023233,0.588366,1.089137,-0.009551,0.468435,-0.000869,-0.005107,0.084714,0.996392,0.024189,-0.027590,0.324306,-0.017675,0.025750,0.004533,-0.001419,0.010618,0.000661,17,-0.467299,-0.084321,10.184638,0.092455,0.063880,0.051064,10.196954,0.133280,0.262085,0.177549
3.560225,1.229000,0.036000,0.377000,1.052997,-0.017495,0.542300,1.077734,-0.009039,0.479482,-0.001099,-0.008180,0.078254,0.996899,-0.062493,-0.013413,0.347990,-0.013999,0.024801,0.003728,-0.000932,0.012098,0.001501,17,-0.132900,0.317213,10.417499,0.033766,-0.096494,0.010735,10.424018,0.155046,0.247312,0.188182
3.576861,1.229000,0.037000,0.382000,1.144913,-0.036218,0.590416,1.088415,-0.012346,0.488549,0.000362,-0.005061,0.080335,0.996755,0.015139,-0.026448,0.363756,-0.017673,0.026061,0.003342,-0.001434,0.010564,0.001042,16,-0.143717,0.378154,10.291970,0.114020,0.117167,-0.079518,10.301836,0.218995,0.236365,0.183172
3.593429,1.229000,0.038000,0.390000,1.096203,-0.030299,0.613814,1.078697,-0.013563,0.501821,-0.000458,-0.006862,0.069517,0.997557,-0.061559,-0.018808,0.385807,-0.014442,0.025296,0.002358,-0.001096,0.011996,0.002516,17,0.108328,0.274611,10.109805,-0.050494,0.057180,-0.000351,10.119468,0.097728,0.269058,0.194303
3.610100,1.229000,0.038000,0.396000,1.078005,-0.030890,0.494902,1.070048,-0.014891,0.505890,0.001492,-0.008326,0.065716,0.997802,-0.129570,-0.004568,0.388479,-0.011593,0.025211,0.002611,-0.000981,0.013212,0.003000,17,-0.081622,0.991509,10.387551,0.243066,0.030768,-0.097795,10.437606,0.273495,0.193201,0.200347
3.626752,1.229000,0.039000,0.403000,1.073599,-0.034921,0.558796,1.067637,-0.018565,0.516814,0.003714,-0.009127,0.067693,0.997658,-0.141923,-0.028768,0.403286,-0.011064,0.026041,0.002031,-0.001269,0.013410,0.002808,17,-0.284050,-0.125859,10.120506,0.213960,-0.064824,0.097399,10.134051,0.258870,0.232135,0.205683
3.643324,1.229000,0.039000,0.411000,1.069295,0.029618,0.528464,1.065865,-0.006259,0.523110,0.001952,-0.008726,0.057642,0.998297,-0.141536,0.050384,0.406415,-0.011796,0.022209,0.002028,0.000418,0.013030,0.004570,16,-0.161178,-0.419737,10.012538,0.093808,0.015325,-0.032828,10.023674,0.133926,0.198473,0.203052
3.659935,1.229000,0.040000,0.417000,1.038437,-0.015202,0.435739,1.057406,-0.013285,0.522343,0.002382,-0.010403,0.074594,0.997157,-0.189155,-0.013653,0.395634,-0.009563,0.024912,0.002912,-0.000617,0.013951,0.001714,17,-0.192794,0.249629,10.170984,-0.149702,-0.037104,-0.022330,10.178341,0.181966,0.199281,0.208281
3.676579,1.228000,0.041000,0.426000,1.041105,-0.013051,0.583362,1.055677,-0.012038,0.533092,0.004648,-0.010136,0.071563,0.997374,-0.179078,0.011733,0.412364,-0.010461,0.024704,0.002368,-0.000398,0.013527,0.002143,17,-0.144867,1.107791,10.195217,0.306215,-0.050687,-0.055355,10.258991,0.327840,0.250228,0.209707
3.693224,1.228000,0.041000,0.432000,1.126611,-0.014912,0.608861,1.065476,-0.012123,0.543834,0.006324,-0.006517,0.069492,0.997541,-0.095743,0.008068,0.425832,-0.014653,0.025426,0.001960,-0.000513,0.011847,0.002497,17,-0.364446,0.099634,10.055890,0.216621,0.138908,0.033754,10.071753,0.279603,0.211390,0.204311
3.709886,1.228000,0.041000,0.439000,1.078827,-0.045678,0.678881,1.056778,-0.018317,0.557676,0.006632,-0.008172,0.063844,0.997904,-0.150971,-0.038822,0.446900,-0.011837,0.027194,0.001013,-0.000986,0.012934,0.003188,17,0.166616,-0.065273,10.122206,-0.053823,0.013098,-0.042956,10.124852,0.127656,0.295480,0.216610
3.726459,1.228000,0.042000,0.445000,1.081441,-0.036809,0.579580,1.057838,-0.016871,0.564994,0.006110,-0.006765,0.061785,0.998048,-0.134028,-0.012175,0.451535,-0.013042,0.026053,0.001049,-0.000403,0.012458,0.003463,16,-0.204226,0.084386,10.097012,0.052671,0.107078,-0.056197,10.102070,0.155738,0.214015,0.216378
3.743089,1.228000,0.043000,0.454000,1.074574,-0.002715,0.701855,1.055345,-0.007589,0.580175,0.004307,-0.006514,0.060547,0.998135,-0.145857,0.064825,0.476027,-0.013186,0.022630,0.000066,0.001039,0.012311,0.003871,17,-0.270811,0.338188,10.168384,0.043772,0.028137,0.013859,10.179968,0.073161,0.295062,0.219747
3.759751,1.228000,0.043000,0.461000,1.087480,-0.040772,0.699375,1.059048,-0.015765,0.595832,0.006143,-0.005933,0.054072,0.998500,-0.111233,-0.007158,0.500549,-0.014416,0.026324,-0.000935,-0.000235,0.011709,0.004381,17,-0.187525,0.159836,10.132593,-0.002590,-0.031771,0.005761,10.137026,0.108039,0.289113,0.224004
3.776337,1.227000,0.043000,0.470000,1.133078,-0.028172,0.633167,1.070900,-0.014463,0.603670,0.007190,-0.002935,0.046782,0.998875,-0.025291,0.009081,0.505799,-0.018541,0.026141,-0.000748,-0.000023,0.010062,0.005450,17,-0.208581,0.152474,10.303652,0.189610,0.078058,-0.025790,10.308711,0.210259,0.201272,0.213393
3.793038,1.227000,0.044000,0.477000,1.079225,-0.008058,0.584801,1.062744,-0.010734,0.608422,0.006496,-0.003594,0.051364,0.998652,-0.092499,0.033180,0.504963,-0.015689,0.024661,-0.000282,0.000679,0.011212,0.004741,17,-0.098323,0.019127,10.314785,0.036708,0.139485,-0.027198,10.315645,0.151612,0.190181,0.217366
3.809566,1.227000,0.044000,0.484000,1.094369,-0.022074,0.731522,1.071197,-0.016062,0.625927,0.006869,-0.001971,0.042692,0.999063,-0.027838,-0.013848,0.531456,-0.018674,0.027398,-0.001462,-0.000169,0.010237,0.006055,16,-0.067421,0.236518,10.044675,-0.102487,0.036420,0.094473,10.049403,0.194767,0.288486,0.219147
3.826276,1.228000,0.045000,0.493000,1.033163,0.004355,0.577440,1.060192,-0.011692,0.630865,0.006221,-0.004282,0.045282,0.998946,-0.103069,0.025077,0.529835,-0.015594,0.025655,-0.001044,0.000628,0.011456,0.005637,17,-0.095146,0.588523,10.222360,0.041021,-0.043155,-0.059928,10.242633,0.143838,0.216203,0.224456
3.842832,1.227000,0.046000,0.501000,1.061367,0.008958,0.629218,1.068397,-0.008330,0.640491,0.006003,-0.002490,0.039327,0.999205,-0.029136,0.041889,0.535318,-0.019404,0.025472,-0.001117,0.000837,0.010083,0.006509,17,-0.238168,0.202589,9.982298,0.032161,-0.018959,-0.037259,9.989472,0.087967,0.212712,0.218093
3.859678,1.227000,0.046000,0.511000,1.104080,-0.012014,0.661852,1.078608,-0.011907,0.652874,0.007248,-0.001617,0.041301,0.999119,0.043231,0.000262,0.543154,-0.022546,0.027498,-0.001520,0.000299,0.008930,0.006287,17,-0.038385,-0.028503,9.901808,0.066812,-0.109666,0.071669,9.904318,0.226658,0.203054,0.213311
3.876010,1.227000,0.046000,0.518000,1.078596,-0.035450,0.664704,1.072254,-0.019363,0.660872,0.007643,-0.002681,0.036636,0.999296,-0.014335,-0.055202,0.542298,-0.019701,0.029726,-0.001503,-0.000344,0.009980,0.007085,16,-0.124397,0.029169,9.830155,-0.093123,0.079240,-0.029169,9.834200,0.163412,0.224009,0.220525
3.892676,1.227000,0.045000,0.526000,1.112291,-0.040982,0.741158,1.083342,-0.023104,0.674805,0.007668,-0.000093,0.037926,0.999251,0.063757,-0.069576,0.554714,-0.023305,0.030846,-0.002095,-0.000599,0.008809,0.006595,17,0.039927,0.110247,9.842256,-0.028538,0.091810,-0.091877,9.844465,0.174998,0.258542,0.217758
3.909384,1.227000,0.046000,0.533000,1.088122,-0.032405,0.827381,1.073515,-0.022212,0.693003,0.006026,-0.001870,0.037166,0.999289,-0.016047,-0.048848,0.579944,-0.019694,0.029357,-0.003287,0.000088,0.010018,0.006940,17,-0.124872,-0.072056,10.001562,-0.089972,0.040405,0.039647,10.003565,0.126276,0.334805,0.231973
3.925971,1.227000,0.046000,0.543000,1.054601,-0.016245,0.732410,1.063947,-0.018720,0.702938,0.004641,-0.003450,0.040633,0.999157,-0.087716,-0.014275,0.583293,-0.016751,0.027532,-0.003338,0.000864,0.011165,0.006396,17,-0.177567,0.090605,10.015472,-0.033867,0.044920,-0.051285,10.017859,0.142239,0.263575,0.237392
3.942563,1.227000,0.046000,0.550000,1.135406,-0.015604,0.695985,1.075717,-0.018014,0.710022,0.004677,-0.001471,0.037993,0.999266,0.000133,-0.005020,0.581804,-0.020863,0.027849,-0.002993,0.000835,0.009763,0.006777,16,0.056725,0.456163,10.037504,0.020064,-0.015022,0.020570,10.049823,0.150722,0.183020,0.229328
3.959174,1.227000,0.046000,0.558000,1.059821,-0.029523,0.802093,1.065766,-0.020799,0.726550,0.002705,-0.003805,0.038337,0.999254,-0.077475,-0.021798,0.603096,-0.017352,0.028197,-0.003946,0.000755,0.011067,0.006816,17,-0.106726,0.076200,10.070467,-0.275891,-0.023345,-0.027706,10.074479,0.319283,0.305343,0.242627
3.975865,1.227000,0.046000,0.568000,1.098768,-0.022509,0.799025,1.074894,-0.019911,0.740499,0.001164,-0.000618,0.032537,0.999470,-0.004433,0.000392,0.621804,-0.021309,0.027909,-0.004412,0.000868,0.009891,0.007516,17,-0.241914,0.652744,10.332086,-0.149328,0.187572,-0.098602,10.361633,0.271812,0.272964,0.239241
3.992453,1.227000,0.046000,0.576000,1.102345,0.012533,0.777737,1.077374,-0.008866,0.752419,-0.000347,-0.000724,0.033498,0.999438,0.009758,0.085247,0.630922,-0.022188,0.024396,-0.004522,0.002153,0.009627,0.007337,17,0.168611,0.451139,10.158315,0.070490,-0.030315,0.104252,10.180797,0.172579,0.239492,0.237743
4.009069,1.227000,0.046000,0.586000,1.094447,-0.007718,0.850471,1.074791,-0.014601,0.767975,0.001249,-0.002053,0.035032,0.999383,-0.020414,0.016805,0.649946,-0.020760,0.027527,-0.005318,0.001176,0.010232,0.006995,16,-0.277632,-0.141666,10.116610,-0.005047,-0.054428,-0.050397,10.121970,0.112434,0.300667,0.244857
4.025631,1.227000,0.046000,0.594000,1.092580,-0.041411,0.858338,1.075694,-0.024521,0.783831,0.003266,-0.001535,0.032116,0.999478,-0.021647,-0.058527,0.670469,-0.020553,0.031128,-0.006068,0.000008,0.010411,0.007363,17,-0.195774,0.150103,10.286884,0.014891,0.090479,-0.077376,10.292433,0.131469,0.309167,0.252789
4.042287,1.227000,0.046000,0.602000,1.066625,-0.043096,0.772840,1.065808,-0.027344,0.791079,0.003867,-0.003910,0.029574,0.999547,-0.091677,-0.066676,0.665056,-0.017153,0.031171,-0.005593,0.000113,0.011584,0.007953,17,0.193381,-0.002964,10.036865,0.069040,-0.045071,0.032823,10.040162,0.109714,0.250689,0.259062
4.058931,1.228000,0.046000,0.613000,1.112371,0.010607,0.768859,1.072272,-0.019091,0.798886,0.001738,-0.002942,0.025474,0.999670,-0.040096,-0.003719,0.662622,-0.020115,0.028441,-0.005112,0.000978,0.010559,0.008604,17,-0.264617,-0.094303,10.118115,-0.052269,-0.042943,-0.014563,10.122749,0.139192,0.197269,0.251081
4.075563,1.228000,0.045000,0.622000,1.075363,-0.019659,0.895654,1.065521,-0.023811,0.816429,0.001859,-0.004132,0.029398,0.999558,-0.095619,-0.039971,0.682912,-0.017489,0.030399,-0.005987,0.000445,0.011511,0.007882,17,-0.106833,0.442970,10.088040,-0.103462,0.046525,-0.050537,10.101056,0.158584,0.319946,0.262558
4.092119,1.228000,0.046000,0.629000,1.102427,0.018327,0.938915,1.071246,-0.014520,0.834636,0.001885,-0.002354,0.022277,0.999747,-0.047292,0.035947,0.703125,-0.020131,0.027344,-0.006896,0.001438,0.010778,0.008974,16,-0.044990,0.451812,9.944182,0.233254,0.068541,0.013623,9.957913,0.246175,0.335532,0.265557
4.108783,1.228000,0.046000,0.640000,1.044446,0.010286,0.826350,1.060328,-0.013140,0.844134,0.002568,-0.004967,0.029358,0.999553,-0.121959,0.024690,0.694443,-0.016735,0.027514,-0.006673,0.001526,0.011960,0.007846,17,-0.058853,-0.300470,9.560217,0.095294,-0.070431,0.037967,9.570210,0.167728,0.263996,0.270707
4.125484,1.228000,0.045000,0.646000,1.094779,-0.007659,0.891997,1.069913,-0.014415,0.858566,0.001699,-0.003235,0.028395,0.999590,-0.044447,0.001951,0.699782,-0.020509,0.028840,-0.007093,0.001112,0.010798,0.007868,17,-0.174201,-0.080568,9.619854,-0.170039,-0.012282,-0.056752,9.624792,0.191003,0.284667,0.271488
4.142061,1.229000,0.045000,0.660000,1.072978,-0.004442,0.903453,1.060816,-0.012243,0.871719,0.001438,-0.004921,0.026803,0.999628,-0.115135,0.023817,0.706009,-0.017255,0.028078,-0.007285,0.001447,0.011771,0.008046,17,-0.096485,0.607476,9.974292,0.016187,0.008910,-0.085080,9.996037,0.153354,0.293354,0.276383
4.158696,1.230000,0.044000,0.668000,1.099936,0.004247,0.900968,1.071862,-0.009035,0.886039,0.002201,-0.004259,0.017787,0.999830,-0.034515,0.047544,0.714368,-0.021241,0.027264,-0.007658,0.001679,0.010397,0.009528,16,-0.251597,0.089894,9.828240,0.158553,-0.184283,0.092415,9.837686,0.269909,0.269761,0.274520
4.175240,1.230000,0.046000,0.679000,1.083629,0.010941,0.933242,1.064567,-0.003687,0.899292,0.000859,-0.006926,0.021019,0.999755,-0.094455,0.072953,0.717162,-0.018509,0.026162,-0.007874,0.002537,0.011103,0.008890,17,-0.164965,-0.004256,9.752519,-0.059447,-0.138067,0.018233,9.754264,0.177337,0.295453,0.279938
4.191999,1.231000,0.045000,0.687000,1.095579,-0.011300,0.970260,1.070120,-0.010864,0.917084,0.001802,-0.006155,0.023628,0.999700,-0.054153,0.014410,0.733487,-0.020400,0.029587,-0.008670,0.001483,0.010527,0.008359,17,-0.162064,0.621245,9.873280,-0.094056,-0.031464,-0.065594,9.896937,0.132214,0.318975,0.286255
4.208586,1.231000,0.045000,0.695000,1.088723,0.028633,0.921655,1.069658,-0.000286,0.929406,0.001078,-0.006640,0.022489,0.999724,-0.061742,0.096082,0.736944,-0.020332,0.026071,-0.008679,0.002640,0.010483,0.008501,17,-0.077344,0.469542,9.977388,0.145203,-0.046228,-0.032428,9.990008,0.188447,0.268110,0.288146
4.225197,1.232000,0.045000,0.703000,1.099825,-0.010784,0.888665,1.074018,-0.008074,0.938740,0.003416,-0.005932,0.018461,0.999806,-0.034241,0.018125,0.731569,-0.021523,0.029774,-0.008293,0.001557,0.010114,0.009254,17,-0.153423,-0.127519,9.916498,0.070100,0.005418,0.047277,9.922199,0.123832,0.234635,0.288702
4.241744,1.232000,0.045000,0.714000,1.080733,-0.012421,0.940918,1.065579,-0.008708,0.947985,0.002413,-0.007479,0.018819,0.999792,-0.104082,0.006176,0.724132,-0.018341,0.030017,-0.007970,0.001596,0.011064,0.009273,16,-0.204742,-0.219269,9.741290,-0.130956,0.023263,-0.000734,9.746890,0.190390,0.278694,0.292112
4.258412,1.233000,0.044000,0.723000,1.103352,-0.012809,0.939160,1.076841,-0.009273,0.958923,0.001686,-0.005919,0.020793,0.999765,-0.019514,0.005718,0.723239,-0.022470,0.030396,-0.007829,0.001483,0.009839,0.008655,17,-0.046132,0.334174,9.857295,-0.101024,-0.058931,-0.092473,9.865319,0.166954,0.258382,0.287895
4.275093,1.233000,0.044000,0.731000,1.086927,-0.013862,0.960409,1.070261,-0.009810,0.969019,0.002082,-0.008191,0.021068,0.999742,-0.077609,0.005221,0.722452,-0.019768,0.030558,-0.007585,0.001538,0.010615,0.008743,17,-0.093509,0.319547,10.050071,0.042806,-0.106564,0.049514,10.056671,0.151930,0.278054,0.293313
4.291642,1.234000,0.044000,0.742000,1.089314,0.010859,0.998242,1.072168,-0.000247,0.982043,-0.000906,-0.009428,0.017301,0.999805,-0.064869,0.084511,0.728503,-0.020635,0.027041,-0.007697,0.002571,0.010248,0.009509,17,-0.066514,0.408308,10.008973,-0.133385,-0.192863,0.087446,10.022310,0.307160,0.296128,0.292862
4.308258,1.234000,0.044000,0.750000,1.125292,-0.080984,0.991880,1.079430,-0.012233,0.995427,0.000881,-0.008856,0.012523,0.999882,-0.029779,0.009117,0.734293,-0.022422,0.031092,-0.007856,0.001319,0.009740,0.009955,16,-0.405413,0.681720,9.935199,-0.021984,-0.054755,-0.101608,9.972085,0.156135,0.293162,0.295446
4.324723,1.235000,0.044000,0.761000,1.093556,-0.011869,0.973824,1.076546,-0.005172,1.004176,-0.000046,-0.009728,0.010332,0.999899,-0.059267,0.075420,0.726290,-0.021212,0.027855,-0.007399,0.002297,0.010029,0.010273,17,-0.143077,0.399652,9.838092,0.089922,-0.032673,-0.017054,9.848868,0.128632,0.261576,0.294381
4.341548,1.235000,0.043000,0.770000,1.088056,-0.032102,1.044190,1.074376,-0.013240,1.017398,0.001156,-0.009739,0.014281,0.999850,-0.076190,0.000174,0.727612,-0.020422,0.031520,-0.007585,0.001322,0.010288,0.009664,17,-0.021822,-0.006160,9.708168,-0.063035,0.047734,0.068297,9.708634,0.143312,0.320020,0.300281
4.358158,1.236000,0.043000,0.778000,1.074313,-0.012650,1.086683,1.068616,-0.006397,1.032803,-0.000693,-0.011132,0.012165,0.999864,-0.117402,0.059280,0.734615,-0.018808,0.028652,-0.008015,0.002053,0.010726,0.010107,17,-0.098046,0.143819,9.764246,-0.044102,-0.056146,-0.063230,9.767370,0.133364,0.352881,0.308840
4.374774,1.236000,0.043000,0.789000,1.088702,-0.012290,1.080084,1.075453,-0.006079,1.047553,-0.000312,-0.009809,0.008496,0.999916,-0.062152,0.057155,0.741060,-0.021796,0.028878,-0.008409,0.001966,0.009822,0.010655,16,-0.340478,0.025397,9.681907,0.043863,-0.025682,-0.032393,9.689891,0.135127,0.330883,0.308276
4.391359,1.237000,0.043000,0.798000,1.065337,0.012251,1.003195,1.068369,0.001969,1.053338,-0.002177,-0.011113,0.009090,0.999895,-0.114358,0.103201,0.725173,-0.019601,0.026331,-0.007636,0.002732,0.010358,0.010588,17,-0.221002,-0.347071,9.744901,-0.058723,-0.022632,0.025727,9.754506,0.132733,0.269293,0.308735
4.408065,1.237000,0.042000,0.806000,1.107566,-0.041167,1.113067,1.076042,-0.005685,1.068562,-0.001323,-0.010966,0.008124,0.999906,-0.056186,0.041376,0.739476,-0.022332,0.029663,-0.008025,0.001766,0.009585,0.010717,17,0.027448,0.309360,10.140387,-0.089937,-0.149477,0.001493,10.149524,0.212417,0.343454,0.311641
4.424695,1.238000,0.042000,0.818000,1.051666,0.010421,1.058069,1.068155,0.001742,1.078117,-0.003599,-0.011559,0.008001,0.999895,-0.115199,0.094371,0.738546,-0.019875,0.027245,-0.007714,0.002473,0.010187,0.010686,17,-0.267143,0.237673,10.161366,-0.132513,0.077943,-0.042373,10.169488,0.180353,0.305533,0.313255
4.441304,1.238000,0.043000,0.826000,1.112617,-0.007845,1.198400,1.077935,-0.000571,1.097517,-0.003325,-0.009193,-0.000597,0.999952,-0.033174,0.073874,0.760949,-0.023830,0.028719,-0.008557,0.001922,0.008998,0.011977,17,0.120563,0.347985,10.068855,-0.065439,0.045645,-0.021578,10.076270,0.096090,0.396216,0.318184
4.458073,1.238000,0.043000,0.837000,1.098814,0.004816,1.156825,1.073195,0.006866,1.112675,-0.004555,-0.009623,0.003670,0.999937,-0.078911,0.117548,0.769075,-0.021711,0.026592,-0.008974,0.002545,0.009516,0.011221,16,-0.038074,-0.069317,9.882425,-0.020926,0.083162,-0.013870,9.883963,0.130255,0.350883,0.323208
4.474520,1.239000,0.043000,0.846000,1.094967,0.007656,1.140912,1.071819,0.009620,1.124949,-0.004588,-0.010855,0.002753,0.999927,-0.086958,0.124235,0.769662,-0.021282,0.026331,-0.008996,0.002595,0.009542,0.011258,17,0.048420,0.052502,9.841023,0.002887,-0.137069,-0.053100,9.843180,0.169861,0.330102,0.326919
4.491210,1.239000,0.042000,0.854000,1.065689,-0.021092,1.138795,1.064432,0.002373,1.137032,-0.002137,-0.012057,0.009676,0.999878,-0.143700,0.060777,0.767587,-0.018979,0.029415,-0.008930,0.001785,0.010198,0.009957,17,-0.389311,0.065817,9.783977,0.099364,-0.006105,-0.055394,9.792214,0.163739,0.339301,0.334890
4.507783,1.240000,0.042000,0.866000,1.097520,-0.000269,1.150036,1.073073,0.007181,1.149631,-0.003097,-0.009841,0.004422,0.999937,-0.070751,0.097444,0.768418,-0.022593,0.027778,-0.008861,0.002161,0.009115,0.010859,17,-0.045793,0.108842,9.823169,-0.013103,0.045277,0.037181,9.825693,0.125002,0.320567,0.330944
4.524417,1.240000,0.043000,0.874000,1.077122,0.030229,1.077345,1.068078,0.017088,1.152182,-0.005205,-0.010250,0.005628,0.999918,-0.106285,0.161451,0.746824,-0.020978,0.025009,-0.007627,0.002928,0.009476,0.010573,16,0.014595,0.366855,9.948820,-0.091991,0.053538,-0.026642,9.956595,0.127870,0.260848,0.328045
4.541048,1.241000,0.043000,0.883000,1.148440,-0.011942,1.140940,1.079831,0.012206,1.163280,-0.003770,-0.008182,-0.016417,0.999825,-0.022915,0.122002,0.746808,-0.024673,0.027359,-0.007445,0.002007,0.008481,0.013963,17,-0.035489,0.535087,9.959385,0.025822,0.016428,-0.049590,9.976519,0.122361,0.279498,0.324778
4.557671,1.241000,0.042000,0.894000,1.102389,-0.031061,1.173340,1.073656,0.006597,1.172048,-0.003402,-0.008797,-0.024495,0.999655,-0.084797,0.079409,0.734965,-0.022197,0.028669,-0.006851,0.001601,0.009326,0.014434,17,-0.124151,0.136314,9.726865,-0.059743,0.104617,0.019049,9.729531,0.151668,0.320284,0.326447
4.574336,1.242000,0.043000,0.902000,1.126265,0.028820,1.151265,1.080300,0.017643,1.177735,-0.003831,-0.007832,-0.036403,0.999299,-0.043698,0.149550,0.718455,-0.023795,0.026232,-0.005933,0.002354,0.008875,0.013879,17,0.004270,0.539422,9.751331,0.106000,0.049058,-0.063735,9.767366,0.145778,0.275188,0.320655
4.590909,1.242000,0.042000,0.914000,1.142947,-0.013605,1.186915,1.088411,0.010990,1.190942,-0.001262,-0.006883,-0.049981,0.998726,-0.005641,0.075541,0.719703,-0.025960,0.030262,-0.005992,0.001315,0.008367,0.016094,17,-0.159411,0.106440,9.763776,0.088392,-0.017117,-0.012920,9.767093,0.113134,0.295611,0.318195
4.607498,1.243000,0.043000,0.922000,1.111019,-0.008653,1.212648,1.082676,0.012154,1.201754,-0.000655,-0.009014,-0.054252,0.998486,-0.069582,0.085198,0.714861,-0.023163,0.029715,-0.005898,0.001367,0.009071,0.015678,16,-0.233779,0.008220,9.636903,0.100005,-0.061494,0.002592,9.642159,0.162657,0.323363,0.323909
4.624170,1.243000,0.043000,0.933000,1.113434,0.011031,1.235763,1.084743,0.020742,1.213196,-0.001474,-0.008153,-0.056952,0.998343,-0.057306,0.154864,0.713254,-0.023733,0.026434,-0.005889,0.002235,0.008890,0.016221,17,-0.231772,0.331277,9.722007,0.094361,0.079055,-0.020982,9.733387,0.137236,0.330869,0.322568
4.640802,1.243000,0.043000,0.941000,1.095637,0.016483,1.207457,1.077376,0.024519,1.222134,-0.000429,-0.009881,-0.052143,0.998591,-0.117698,0.165744,0.701216,-0.020822,0.026163,-0.005567,0.002370,0.009598,0.015344,17,-0.048131,0.052823,9.498708,0.162404,-0.027622,0.009239,9.500473,0.172740,0.305644,0.326817
4.657444,1.244000,0.044000,0.949000,1.124509,-0.010625,1.130858,1.085109,0.017073,1.226921,0.000424,-0.008971,-0.052364,0.998588,-0.056064,0.091718,0.678734,-0.024346,0.029172,-0.004513,0.001595,0.008715,0.015317,17,-0.152430,-0.336035,9.470484,-0.065398,-0.087954,-0.003058,9.480065,0.129202,0.224353,0.321265
4.673976,1.244000,0.044000,0.957000,1.091246,-0.000308,1.210569,1.077465,0.018757,1.232923,0.000277,-0.010365,-0.053912,0.998492,-0.125221,0.103431,0.664867,-0.021254,0.028963,-0.003893,0.001720,0.009456,0.015499,16,-0.410005,0.085916,9.722858,0.009930,0.011975,-0.085740,9.738653,0.144901,0.299322,0.323272
4.690674,1.245000,0.043000,0.966000,1.130444,-0.029178,1.216109,1.085547,0.010994,1.243238,0.001344,-0.008637,-0.045598,0.998922,-0.059086,0.041320,0.661481,-0.025039,0.031538,-0.003697,0.001105,0.008569,0.013997,17,-0.130462,-0.063840,9.707433,-0.006326,0.012145,0.052479,9.710432,0.202769,0.284407,0.321420
4.707326,1.245000,0.043000,0.977000,1.099902,0.010539,1.191332,1.080224,0.017596,1.247456,-0.000066,-0.009499,-0.047798,0.998812,-0.100499,0.092524,0.647473,-0.022862,0.029156,-0.002844,0.001707,0.009015,0.014358,17,-0.112301,-0.001466,9.955877,-0.037733,0.008183,-0.019343,9.962460,0.146289,0.260855,0.317715
4.723912,1.246000,0.044000,0.985000,1.141420,0.011611,1.209219,1.092384,0.018132,1.257236,0.000359,-0.007578,-0.067416,0.997696,-0.014593,0.095823,0.647750,-0.027110,0.028992,-0.002594,0.001745,0.007894,0.017688,17,-0.239210,0.209102,9.998297,0.072508,-0.010455,-0.038365,10.005581,0.119877,0.249520,0.313655
4.740548,1.246000,0.043000,0.993000,1.109135,0.041736,1.260991,1.087891,0.027193,1.266698,0.000054,-0.008845,-0.056750,0.998349,-0.065435,0.149868,0.647662,-0.024672,0.026951,-0.002456,0.002305,0.008500,0.015745,17,-0.259591,0.336570,10.025037,0.093529,-0.000047,0.027187,10.044071,0.120748,0.300920,0.316479
4.757101,1.246000,0.044000,1.004000,1.104878,-0.003500,1.229663,1.088036,0.017372,1.273614,0.001457,-0.009105,-0.054584,0.998467,-0.067956,0.068416,0.642343,-0.025180,0.031287,-0.001923,0.001273,0.008420,0.015361,16,-0.172120,0.458748,10.027013,-0.072745,-0.050422,0.008383,10.040904,0.153378,0.270362,0.313614
4.773783,1.247000,0.043000,1.013000,1.113940,-0.005373,1.321559,1.092370,0.015901,1.286031,0.001532,-0.008101,-0.059509,0.998194,-0.032146,0.063984,0.647766,-0.027143,0.031791,-0.002132,0.001161,0.007921,0.016109,17,-0.188290,0.637818,9.869923,-0.015303,0.012820,-0.074167,9.893163,0.106672,0.339490,0.314946
4.790389,1.247000,0.044000,1.023000,1.110900,-0.001526,1.286703,1.092822,0.015984,1.295941,0.003317,-0.008781,-0.060208,0.998142,-0.038492,0.066991,0.643108,-0.026923,0.031660,-0.001982,0.001263,0.007958,0.016248,17,-0.101743,0.054654,9.684454,0.244568,-0.049718,0.025141,9.687334,0.260924,0.300225,0.314726
4.806996,1.247000,0.044000,1.031000,1.110540,-0.019468,1.324908,1.093178,0.007564,1.308013,0.004272,-0.008889,-0.070172,0.997486,-0.039965,-0.009511,0.640611,-0.027490,0.035068,-0.002159,0.000485,0.007803,0.018046,17,-0.165593,-0.312391,9.463154,-0.061604,-0.039699,0.041585,9.471949,0.107931,0.330199,0.318943
4.823656,1.248000,0.045000,1.039000,1.063634,0.000325,1.257128,1.082595,0.009260,1.311057,0.002262,-0.011184,-0.083193,0.996468,-0.115979,0.014880,0.618420,-0.023899,0.033780,-0.001290,0.000809,0.008573,0.019407,16,-0.136131,0.259474,9.532544,-0.180529,-0.073746,-0.088353,9.540785,0.219856,0.289079,0.320393
4.839510,1.248000,0.045000,1.050000,1.154767,-0.028793,1.341860,1.091702,0.004863,1.318452,0.002701,-0.009760,-0.093245,0.995592,-0.038261,-0.005250,0.611225,-0.027812,0.034616,-0.000922,0.000619,0.007493,0.020968,16,-0.187430,0.487483,9.609272,0.015946,-0.076345,-0.032039,9.624995,0.113084,0.315151,0.313219
4.856936,1.248000,0.044000,1.058000,1.130472,-0.009175,1.301309,1.088707,0.010434,1.325832,0.002335,-0.011071,-0.092657,0.995634,-0.083524,0.042442,0.600718,-0.025415,0.033237,-0.000466,0.001003,0.008103,0.020845,18,-0.170151,0.155159,9.674651,0.072886,-0.008440,0.060069,9.678554,0.122044,0.275389,0.313425
4.873518,1.249000,0.044000,1.070000,1.127870,-0.007034,1.405214,1.089405,0.010993,1.339670,0.003567,-0.010669,-0.092874,0.995614,-0.083516,0.043248,0.608904,-0.025469,0.033086,-0.000954,0.001098,0.008062,0.020809,17,-0.002376,-0.091728,9.747047,0.169076,0.062694,-0.026369,9.749134,0.185867,0.360063,0.315090
4.890141,1.249000,0.044000,1.077000,1.166598,0.018440,1.331319,1.100398,0.016099,1.348797,0.002356,-0.008453,-0.086951,0.996174,-0.008509,0.073120,0.605210,-0.029033,0.030639,-0.000816,0.001686,0.007239,0.019784,16,0.019952,-0.067858,9.695493,-0.015016,0.068999,-0.040297,9.697130,0.115926,0.268554,0.311022
4.907134,1.249000,0.044000,1.088000,1.149820,-0.060050,1.404857,1.100609,0.005525,1.358952,0.004968,-0.008005,-0.079946,0.996755,-0.022862,-0.010434,0.602224,-0.029130,0.034803,-0.000751,0.000760,0.007249,0.018760,18,-0.216765,0.014691,9.695230,0.081840,0.071661,-0.014434,9.698879,0.126753,0.347939,0.311312
4.923375,1.250000,0.044000,1.096000,1.133594,-0.024505,1.315773,1.098447,0.011859,1.364108,0.003446,-0.008778,-0.081781,0.996606,-0.048644,0.044625,0.589604,-0.027480,0.032011,-0.000109,0.001503,0.007571,0.019060,16,-0.025800,-0.264932,9.756556,0.004136,-0.011719,0.016916,9.761727,0.078270,0.257960,0.309650
4.940030,1.250000,0.044000,1.104000,1.115954,0.023764,1.325425,1.096205,0.021734,1.367815,0.001677,-0.009630,-0.075611,0.997090,-0.070963,0.106718,0.572889,-0.026045,0.028857,0.000695,0.002255,0.007819,0.017950,17,-0.153529,-0.238721,9.728701,-0.022253,-0.046591,-0.004125,9.733929,0.071703,0.259628,0.306181
4.956635,1.250000,0.043000,1.113000,1.102847,-0.021067,1.298870,1.094160,0.012182,1.373016,0.002604,-0.010302,-0.065754,0.997779,-0.087215,0.020791,0.558526,-0.025959,0.033043,0.001289,0.001332,0.007849,0.016273,17,0.018499,-0.089030,9.602937,-0.112944,-0.072033,-0.000742,9.603708,0.140062,0.245573,0.304703
4.973199,1.250000,0.043000,1.123000,1.152737,0.003287,1.418638,1.104706,0.016179,1.382400,0.001657,-0.008897,-0.065451,0.997815,-0.012896,0.048818,0.558116,-0.029554,0.031022,0.001318,0.001809,0.006988,0.016128,16,-0.171755,-0.094586,9.694862,-0.002447,-0.044216,-0.016334,9.698279,0.086089,0.313750,0.298526
4.989848,1.251000,0.043000,1.131000,1.087138,0.011659,1.330871,1.094126,0.017131,1.385183,0.001303,-0.010291,-0.059307,0.998186,-0.091923,0.048629,0.540116,-0.025949,0.031439,0.002094,0.001798,0.007819,0.015175,17,-0.115929,-0.174918,9.676671,-0.037493,0.040710,0.010861,9.680729,0.068223,0.260349,0.299813
5.006505,1.251000,0.044000,1.139000,1.119747,-0.017280,1.373263,1.101298,0.009858,1.393854,0.001459,-0.008629,-0.055917,0.998397,-0.034491,-0.013851,0.535797,-0.029416,0.033770,0.002185,0.001289,0.007045,0.014499,17,-0.145881,-0.322212,9.560890,-0.120438,0.013316,-0.019909,9.567780,0.137341,0.275430,0.297535
5.023147,1.251000,0.043000,1.149000,1.140014,0.012993,1.346708,1.109228,0.016837,1.398715,-0.000645,-0.008010,-0.049590,0.998737,0.012528,0.045390,0.517257,-0.031439,0.030600,0.002813,0.002007,0.006576,0.014562,17,-0.186184,0.003148,9.359983,-0.082903,-0.054296,-0.027838,9.363285,0.125331,0.228707,0.288342
5.039702,1.251000,0.043000,1.157000,1.141370,0.028100,1.410575,1.111247,0.024440,1.405947,-0.001703,-0.008230,-0.049003,0.998763,0.016104,0.099883,0.508450,-0.031432,0.027943,0.002964,0.002611,0.006559,0.014363,16,-0.079116,0.028841,9.439837,0.027275,-0.035138,-0.035255,9.440688,0.083575,0.276661,0.286095
5.056402,1.251000,0.042000,1.168000,1.163461,-0.003244,1.457599,1.120562,0.017361,1.417385,0.000560,-0.007057,-0.052379,0.998602,0.066209,0.037087,0.509753,-0.034347,0.030857,0.002570,0.001934,0.005917,0.015047,17,-0.076490,0.095407,9.376396,0.098126,0.003384,0.013718,9.379776,0.125766,0.305905,0.282513
5.073036,1.251000,0.042000,1.175000,1.126577,-0.009160,1.358033,1.112418,0.012783,1.419081,0.000556,-0.008403,-0.056997,0.998339,-0.011382,0.012642,0.486710,-0.030847,0.032479,0.003453,0.001609,0.006687,0.015954,17,-0.147416,0.073125,9.442946,-0.067111,0.037704,0.033914,9.447578,0.116323,0.227155,0.282196
5.089680,1.252000,0.043000,1.182000,1.138295,-0.013912,1.396531,1.119051,0.008910,1.424934,-0.000733,-0.006894,-0.046206,0.998908,0.032088,-0.016670,0.475828,-0.033256,0.033444,0.003800,0.001415,0.006164,0.013933,17,-0.047045,-0.199088,9.485466,-0.216856,0.046004,-0.052242,9.490760,0.245971,0.249382,0.279024
5.106279,1.252000,0.042000,1.193000,1.123791,-0.006723,1.341371,1.114045,0.010078,1.424701,-0.003270,-0.008318,-0.055661,0.998410,-0.020036,0.000770,0.447352,-0.030598,0.032511,0.004885,0.001649,0.006685,0.015486,17,-0.023550,-0.233924,9.349374,-0.234150,-0.047724,-0.049502,9.353622,0.263619,0.202053,0.271544
5.122826,1.252000,0.042000,1.200000,1.121814,-0.001338,1.358235,1.113046,0.011674,1.425947,-0.005322,-0.008894,-0.068333,0.997609,-0.028187,0.020794,0.425837,-0.030191,0.031690,0.005659,0.001870,0.006704,0.017701,16,-0.098080,0.018911,9.377618,-0.188934,-0.077471,0.039363,9.382136,0.218333,0.209439,0.266983
5.139553,1.252000,0.042000,1.207000,1.145012,-0.022106,1.473418,1.123006,0.005009,1.436487,-0.004902,-0.008079,-0.050185,0.998695,0.033352,-0.031314,0.429991,-0.033560,0.034077,0.005242,0.001336,0.006011,0.014371,17,-0.061349,0.124123,9.488952,-0.099474,-0.071919,-0.054333,9.491873,0.203508,0.294167,0.265842
5.156124,1.252000,0.041000,1.216000,1.172905,-0.037305,1.488722,1.134775,-0.001679,1.445548,-0.003617,-0.006428,-0.044961,0.998962,0.102258,-0.065656,0.432639,-0.037224,0.035648,0.005057,0.000993,0.005250,0.013383,17,-0.190017,0.041438,9.735730,0.055107,0.013824,-0.004263,9.740024,0.132873,0.294559,0.261258
5.172838,1.253000,0.042000,1.224000,1.124534,0.013061,1.431272,1.129059,0.004351,1.450085,-0.004518,-0.007320,-0.040280,0.999151,0.039523,-0.004915,0.423860,-0.034100,0.032973,0.005436,0.001524,0.006003,0.012595,17,-0.218456,-0.098604,9.737997,0.047242,0.066866,0.015822,9.742018,0.115973,0.245566,0.260564
5.189315,1.252000,0.041000,1.231000,1.143858,-0.008412,1.474147,1.135800,-0.002363,1.458448,-0.003301,-0.004506,-0.040718,0.999155,0.079435,-0.058682,0.427450,-0.036814,0.035298,0.005198,0.000999,0.005447,0.012640,16,-0.321359,-0.134042,9.714528,0.004416,0.229181,-0.007233,9.722190,0.235118,0.270660,0.259067
5.205951,1.253000,0.043000,1.240000,1.129990,-0.021530,1.494712,1.129539,-0.009858,1.468458,-0.002121,-0.004954,-0.047123,0.998875,0.021725,-0.102915,0.431847,-0.034341,0.037808,0.004769,0.000444,0.006012,0.013720,17,-0.020067,0.128255,9.639129,-0.000186,0.111182,-0.066759,9.641276,0.134920,0.290127,0.265009
5.222607,1.252000,0.041000,1.247000,1.122826,-0.031560,1.472567,1.126271,-0.015884,1.475061,-0.000972,-0.005294,-0.046912,0.998885,-0.010309,-0.136536,0.425878,-0.033157,0.039521,0.004815,0.000067,0.006267,0.013617,17,-0.175534,-0.126767,9.532242,0.039219,0.042619,-0.011832,9.535267,0.114957,0.269873,0.266562
5.239228,1.252000,0.042000,1.256000,1.137865,-0.050222,1.482881,1.132569,-0.024596,1.482538,0.001059,-0.003663,-0.036139,0.999340,0.030498,-0.191209,0.423028,-0.035530,0.042110,0.004721,-0.000415,0.005831,0.011613,17,-0.364281,-0.195761,9.573676,0.101404,0.081482,-0.001797,9.583754,0.162639,0.270198,0.264610
5.255870,1.252000,0.042000,1.263000,1.129794,0.023939,1.463672,1.131358,-0.013573,1.487144,-0.000171,-0.003180,-0.038837,0.999241,0.015884,-0.098691,0.415484,-0.034600,0.037547,0.004953,0.000594,0.006050,0.012059,16,-0.203026,-0.128495,9.591637,0.121325,0.116645,-0.017477,9.595109,0.184658,0.235648,0.260544
5.272427,1.253000,0.042000,1.271000,1.129147,0.005347,1.556961,1.132215,-0.019847,1.499247,0.001506,-0.002683,-0.032685,0.999461,0.013226,-0.154197,0.425951,-0.034666,0.040146,0.004161,0.000077,0.006131,0.010968,17,-0.042923,-0.364146,9.572075,0.070831,0.068795,-0.014722,9.580281,0.117737,0.313778,0.265539
5.289077,1.252000,0.042000,1.277000,1.115485,0.021640,1.594730,1.125990,-0.012776,1.508740,-0.000042,-0.003061,-0.046281,0.998924,-0.039225,-0.089973,0.426800,-0.032079,0.036800,0.003796,0.000824,0.006716,0.013431,17,-0.159952,-0.312136,9.494669,0.017207,0.115929,0.008210,9.502225,0.138736,0.346415,0.269411
5.305559,1.252000,0.042000,1.286000,1.151593,-0.013309,1.583936,1.133524,-0.018880,1.521543,0.000122,-0.001771,-0.041205,0.999149,0.017228,-0.131210,0.434475,-0.035122,0.038656,0.003003,0.000459,0.006118,0.012456,17,-0.090755,0.027650,9.357695,-0.082056,0.001870,-0.034440,9.361438,0.126158,0.319228,0.270598
5.322334,1.253000,0.042000,1.293000,1.158005,-0.001097,1.557722,1.137547,-0.013239,1.529440,-0.000070,-0.001679,-0.041062,0.999155,0.042636,-0.073811,0.432092,-0.036118,0.035870,0.002875,0.001095,0.005950,0.012309,16,0.025277,0.152986,9.482353,0.152966,-0.032351,-0.048279,9.485507,0.179879,0.284533,0.268858
5.341022,1.252000,0.042000,1.302000,1.105878,-0.004878,1.534802,1.126155,-0.013977,1.538403,0.001373,-0.003741,-0.039151,0.999225,-0.043370,-0.076293,0.426712,-0.032114,0.036228,0.002672,0.001056,0.006856,0.011999,19,-0.126838,-0.199858,9.347785,0.168785,0.006947,0.038708,9.351353,0.184296,0.278829,0.273600
5.357623,1.253000,0.042000,1.309000,1.123771,0.000713,1.636689,1.132537,-0.010145,1.552478,-0.000027,-0.002322,-0.027124,0.999629,0.017911,-0.051431,0.437659,-0.035074,0.034586,0.001659,0.001470,0.006327,0.009841,17,-0.192413,-0.279244,9.311473,-0.058663,0.018522,0.029267,9.321239,0.113471,0.354661,0.276607
5.374299,1.253000,0.042000,1.317000,1.104841,0.007475,1.551073,1.123503,-0.005484,1.557896,-0.001594,-0.004842,-0.036879,0.999307,-0.050034,-0.010014,0.427124,-0.031669,0.033441,0.001846,0.001811,0.006907,0.011731,17,0.108820,0.496269,9.420108,-0.125198,-0.110971,-0.037294,9.434791,0.179872,0.279165,0.277588
5.390994,1.253000,0.042000,1.326000,1.116093,0.001830,1.547167,1.128193,-0.007016,1.564289,-0.001455,-0.005115,-0.046225,0.998917,-0.004728,-0.017231,0.419141,-0.033998,0.034017,0.001902,0.001656,0.006394,0.013407,17,0.111917,0.517406,9.352138,-0.024323,-0.164540,0.000859,9.372049,0.177821,0.263195,0.273424
5.407518,1.254000,0.043000,1.331000,1.162269,-0.023414,1.621384,1.138015,-0.012135,1.574666,-0.000361,-0.004349,-0.050398,0.998720,0.059697,-0.047242,0.426339,-0.037553,0.035431,0.001398,0.001361,0.005659,0.014152,16,-0.239500,0.422614,9.650263,0.054906,-0.102099,-0.003527,9.664467,0.124332,0.311686,0.275437
5.424152,1.253000,0.043000,1.338000,1.127227,-0.028172,1.756502,1.128161,-0.012814,1.589292,0.000669,-0.006760,-0.048907,0.998780,-0.023440,-0.053816,0.437574,-0.033726,0.035968,0.000335,0.001290,0.006478,0.013888,17,-0.193480,-0.214847,9.321023,0.120758,-0.062977,-0.008561,9.326731,0.143159,0.442751,0.286090
5.440838,1.254000,0.043000,1.344000,1.147397,0.013116,1.638976,1.133088,-0.003008,1.598311,-0.000145,-0.006087,-0.054978,0.998469,0.008707,0.021899,0.434513,-0.035201,0.032164,0.000079,0.002105,0.006152,0.014888,17,-0.156542,0.045079,9.310257,0.124259,0.004068,-0.025738,9.314334,0.132777,0.315069,0.285326
5.457442,1.254000,0.043000,1.351000,1.148091,-0.024263,1.597485,1.134113,-0.012033,1.605996,0.002706,-0.006023,-0.054029,0.998518,0.010204,-0.048110,0.429496,-0.035667,0.035849,-0.000027,0.001379,0.006071,0.014767,17,-0.064081,0.272335,9.366465,0.149291,0.003515,0.013390,9.371575,0.156797,0.276579,0.287096
5.474101,1.255000,0.043000,1.357000,1.131832,-0.011115,1.610844,1.126830,-0.006709,1.611077,0.002700,-0.008455,-0.053951,0.998504,-0.046935,-0.001249,0.415184,-0.032629,0.033766,0.000245,0.001862,0.006679,0.014778,17,0.087675,0.015119,9.267643,0.143601,-0.115201,0.026892,9.269721,0.190963,0.287291,0.288883
5.490644,1.254000,0.043000,1.363000,1.138352,-0.012985,1.613957,1.130933,-0.007906,1.616572,0.003202,-0.009097,-0.056007,0.998384,-0.020468,-0.010184,0.407041,-0.034125,0.034039,0.000396,0.001845,0.006348,0.015073,16,-0.136089,-0.034814,9.444616,0.067544,-0.166796,-0.033800,9.449072,0.196556,0.281937,0.286418
5.507314,1.255000,0.044000,1.370000,1.099618,-0.030866,1.676152,1.121012,-0.012086,1.626167,0.004520,-0.010832,-0.047682,0.998794,-0.091615,-0.034538,0.407866,-0.030919,0.035962,-0.000044,0.001541,0.007002,0.013551,17,-0.097358,0.487138,9.428805,0.079931,-0.026758,-0.022567,9.443260,0.104788,0.351394,0.294482
5.523942,1.255000,0.043000,1.376000,1.155297,0.014477,1.689705,1.129478,-0.004847,1.635390,0.004620,-0.008488,-0.056950,0.998330,-0.030374,0.026424,0.411510,-0.033945,0.033083,-0.000364,0.002155,0.006339,0.015194,17,-0.253044,0.493492,9.598281,0.177817,0.118747,0.020065,9.616854,0.217085,0.330401,0.292110
5.540556,1.255000,0.042000,1.381000,1.162950,-0.004364,1.665500,1.136537,-0.011090,1.645618,0.007055,-0.006074,-0.050995,0.998655,0.005855,-0.038130,0.414505,-0.036103,0.036165,-0.000856,0.001633,0.005920,0.014128,17,-0.090764,0.084001,9.439555,0.139288,0.186580,0.021682,9.442076,0.236617,0.302594,0.294745
5.557158,1.255000,0.043000,1.388000,1.163743,-0.004643,1.592294,1.138759,-0.011008,1.647092,0.007288,-0.005111,-0.051263,0.998646,0.013846,-0.041493,0.392103,-0.036427,0.036100,-0.000209,0.001730,0.005861,0.014144,16,0.112270,-0.233446,9.143136,0.053851,0.113202,-0.006882,9.147963,0.139284,0.228765,0.289063
5.573744,1.256000,0.043000,1.393000,1.104930,-0.017066,1.619117,1.127706,-0.013360,1.650660,0.007175,-0.006739,-0.052039,0.998597,-0.061523,-0.059279,0.378981,-0.032737,0.037188,0.000104,0.001611,0.006592,0.014362,17,0.185956,-0.149845,9.391129,-0.040781,0.016350,0.016730,9.396466,0.069567,0.278494,0.293300
5.590491,1.256000,0.043000,1.398000,1.142964,0.029882,1.661034,1.134520,-0.005531,1.656754,0.005164,-0.006187,-0.056885,0.998348,-0.009902,0.008665,0.373741,-0.035031,0.033821,0.000134,0.002311,0.006122,0.015152,17,-0.008700,0.367732,9.439498,-0.044478,-0.062690,-0.003272,9.448518,0.100472,0.286594,0.289942
5.607088,1.256000,0.043000,1.405000,1.150951,0.010839,1.643718,1.139126,-0.010751,1.662850,0.005311,-0.005351,-0.057910,0.998293,0.017313,-0.050822,0.368038,-0.036900,0.036684,0.000050,0.001817,0.005781,0.015328,17,-0.192049,-0.035904,9.383012,-0.122309,0.005835,-0.005738,9.388446,0.128930,0.262785,0.288159
5.623679,1.256000,0.042000,1.410000,1.120398,-0.040920,1.601767,1.133612,-0.019650,1.664573,0.005449,-0.005643,-0.053193,0.998553,-0.026555,-0.113423,0.351052,-0.035239,0.040094,0.000526,0.001256,0.006143,0.014504,16,-0.227397,0.026349,9.377344,-0.149994,0.066864,0.000515,9.381507,0.167774,0.249075,0.289115
5.640245,1.257000,0.042000,1.416000,1.108492,-0.012993,1.720578,1.128661,-0.012440,1.672417,0.002950,-0.005500,-0.058676,0.998258,-0.062773,-0.039040,0.350715,-0.033458,0.036595,0.000263,0.001964,0.006464,0.015480,17,-0.344310,0.150181,9.451755,-0.110184,0.114957,0.004760,9.460637,0.166604,0.343288,0.291864
5.656982,1.256000,0.041000,1.421000,1.151748,-0.023852,1.687938,1.138052,-0.015366,1.678625,0.002014,-0.003676,-0.059233,0.998235,0.013367,-0.056995,0.346145,-0.037356,0.037036,0.000208,0.001898,0.005749,0.015497,17,0.060745,-0.026632,9.402305,-0.134986,0.017555,-0.019990,9.403635,0.162551,0.293820,0.288893
5.673524,1.256000,0.041000,1.425000,1.140878,-0.010008,1.705355,1.132953,-0.009397,1.684967,-0.000719,-0.005399,-0.053405,0.998558,-0.025682,-0.005592,0.339777,-0.035038,0.034591,0.000126,0.002405,0.006209,0.014331,17,0.094823,-0.139020,9.341498,-0.178100,-0.086351,-0.036778,9.344391,0.207384,0.307333,0.291999
5.690169,1.256000,0.039000,1.430000,1.134157,-0.000995,1.660540,1.130305,-0.004811,1.686957,-0.002131,-0.007076,-0.057179,0.998337,-0.051694,0.028673,0.323775,-0.033796,0.032991,0.000600,0.002708,0.006424,0.015064,17,-0.258300,-0.018774,9.360148,-0.072065,-0.140266,0.045802,9.364132,0.181223,0.263807,0.289388
5.706790,1.256000,0.040000,1.435000,1.201874,0.001301,1.776612,1.143434,-0.002625,1.697905,-0.004200,-0.006029,-0.066045,0.997790,0.032538,0.037026,0.334716,-0.038023,0.032130,-0.000156,0.002807,0.005615,0.016674,16,-0.133329,-0.022146,9.544202,-0.227161,-0.120940,0.030736,9.545980,0.267419,0.348032,0.289149
5.723379,1.257000,0.041000,1.440000,1.164344,0.003979,1.748989,1.136392,-0.000338,1.705797,-0.006827,-0.008512,-0.059829,0.998149,-0.039084,0.043080,0.336653,-0.034531,0.032195,-0.000535,0.002788,0.006285,0.015457,17,-0.066207,-0.163545,9.533493,-0.319026,-0.120152,-0.048448,9.535519,0.348455,0.324700,0.294793
5.740000,1.257000,0.039000,1.445000,1.120630,-0.007087,1.669837,1.126439,-0.002536,1.707070,-0.007828,-0.010760,-0.054639,0.998418,-0.116182,0.020147,0.318803,-0.031203,0.033665,-0.000029,0.002497,0.006905,0.014485,17,-0.342031,-0.062715,9.381997,-0.199828,-0.093526,-0.028901,9.388941,0.229752,0.266969,0.295723
5.756676,1.258000,0.039000,1.450000,1.131709,-0.032406,1.707485,1.129247,-0.012783,1.713533,-0.007182,-0.010889,-0.046775,0.998820,-0.085931,-0.053618,0.315304,-0.033442,0.037112,-0.000140,0.001818,0.006496,0.013018,17,-0.214115,-0.016468,9.412979,-0.121254,-0.121801,-0.003434,9.416719,0.196935,0.295545,0.297840
5.773248,1.257000,0.037000,1.455000,1.202789,-0.008655,1.688052,1.140999,-0.010587,1.716843,-0.008088,-0.009826,-0.053970,0.998461,-0.004676,-0.020414,0.305668,-0.037409,0.035297,0.000142,0.002069,0.005711,0.014230,16,-0.114146,0.230651,9.456776,-0.036976,-0.107079,-0.020422,9.461102,0.149765,0.243591,0.290314
5.789849,1.257000,0.037000,1.459000,1.164919,-0.001686,1.754612,1.135153,-0.008750,1.723016,-0.006950,-0.011532,-0.057332,0.998264,-0.072676,0.005038,0.305561,-0.034117,0.034871,-0.000068,0.002118,0.006279,0.014826,17,-0.338462,0.445974,9.620354,0.165243,-0.034778,-0.011071,9.637766,0.180730,0.312028,0.294354
5.806492,1.258000,0.037000,1.463000,1.145462,-0.019698,1.716157,1.129324,-0.014571,1.727510,-0.004930,-0.011632,-0.057231,0.998281,-0.125009,-0.045026,0.299849,-0.032115,0.037537,-0.000044,0.001611,0.006629,0.014892,17,-0.320556,-0.249721,9.535642,0.099772,0.107145,0.040455,9.549063,0.159424,0.282786,0.298634
5.823158,1.257000,0.037000,1.468000,1.180458,-0.010880,1.738371,1.140044,-0.012488,1.732766,-0.005413,-0.008050,-0.056934,0.998331,-0.042694,-0.024177,0.295615,-0.036250,0.035960,-0.000026,0.001855,0.005853,0.014716,17,-0.099112,-0.110430,9.467111,-0.001047,0.209614,-0.025558,9.471764,0.218947,0.285046,0.293647
5.839776,1.258000,0.037000,1.471000,1.148506,-0.014079,1.784812,1.131847,-0.013715,1.741036,-0.005003,-0.007879,-0.057555,0.998299,-0.112392,-0.023882,0.299892,-0.032948,0.036604,-0.000526,0.001731,0.006462,0.014766,17,-0.158368,0.279436,9.582206,0.008011,0.207246,-0.049261,9.591822,0.221550,0.336267,0.302334
5.856337,1.258000,0.038000,1.475000,1.127668,-0.033107,1.750436,1.124469,-0.020074,1.745732,-0.002840,-0.007181,-0.066599,0.997750,-0.162370,-0.069904,0.291282,-0.030915,0.039190,-0.000563,0.001235,0.006842,0.016416,16,-0.199203,-0.046680,9.296508,0.113278,0.222562,-0.010034,9.303072,0.257296,0.312902,0.307406
5.873009,1.257000,0.036000,1.480000,1.167909,-0.011582,1.694941,1.134183,-0.016318,1.746483,-0.002499,-0.004490,-0.067489,0.997707,-0.079528,-0.029009,0.274435,-0.034776,0.036821,0.000036,0.001644,0.006142,0.016479,17,0.084879,0.162347,9.337395,0.153151,0.139236,-0.010679,9.342084,0.215188,0.237489,0.298051
5.889647,1.257000,0.036000,1.483000,1.170343,-0.023205,1.776981,1.137837,-0.021406,1.753228,0.000840,-0.003624,-0.061140,0.998122,-0.056535,-0.060985,0.273263,-0.036102,0.038727,-0.000251,0.001334,0.005952,0.015254,17,-0.014853,0.485696,9.390349,0.314416,0.076942,-0.031299,9.404466,0.329055,0.312153,0.300863
5.906283,1.258000,0.038000,1.486000,1.147119,0.010027,1.754092,1.133669,-0.012438,1.755577,0.001944,-0.003970,-0.061608,0.998091,-0.091737,0.008616,0.263391,-0.034009,0.035567,-0.000023,0.001953,0.006335,0.015365,17,-0.078436,0.093148,9.523674,0.320915,0.092303,0.048033,9.525920,0.342373,0.291463,0.301121
5.922839,1.258000,0.037000,1.489000,1.204284,-0.012689,1.864779,1.143453,-0.015152,1.765356,0.003251,-0.002062,-0.059199,0.998239,-0.013170,-0.020148,0.273635,-0.038113,0.036381,-0.000729,0.001834,0.005640,0.014919,16,0.038875,-0.205225,9.537355,0.124094,0.037242,0.017520,9.541778,0.138588,0.382837,0.303667
5.939507,1.258000,0.038000,1.493000,1.115038,-0.020582,1.758967,1.133229,-0.016484,1.769189,0.004045,-0.004289,-0.059380,0.998218,-0.087940,-0.024339,0.268077,-0.034467,0.037203,-0.000711,0.001759,0.006328,0.014900,17,-0.001267,0.238705,9.547911,0.088368,-0.049876,-0.044159,9.552651,0.128433,0.307585,0.307923
5.956145,1.258000,0.036000,1.497000,1.174286,0.007566,1.782803,1.141942,-0.010204,1.773886,0.003616,-0.002271,-0.061237,0.998114,-0.016882,0.016977,0.262929,-0.037993,0.034841,-0.000745,0.002208,0.005711,0.015166,17,-0.207178,0.108234,9.389265,0.071776,0.063696,-0.006504,9.394546,0.118227,0.299165,0.303760
5.972788,1.258000,0.036000,1.501000,1.157494,-0.037371,1.824457,1.140129,-0.019274,1.782483,0.005293,-0.002110,-0.063195,0.997985,-0.037700,-0.048197,0.271535,-0.037428,0.038492,-0.001329,0.001608,0.005872,0.015548,17,-0.090941,0.376468,9.661935,0.018571,0.082293,0.000733,9.670413,0.100945,0.346567,0.310132
5.989410,1.259000,0.038000,1.504000,1.145270,0.033448,1.818899,1.138562,-0.006298,1.787938,0.002692,-0.002121,-0.060726,0.998149,-0.045236,0.044123,0.272091,-0.036491,0.034395,-0.001531,0.002408,0.006060,0.015034,17,0.052207,0.447615,9.641505,-0.067917,0.048645,-0.004795,9.653450,0.113146,0.334838,0.311590
6.005962,1.258000,0.036000,1.507000,1.183041,-0.042166,1.846621,1.144728,-0.015560,1.797382,0.004668,-0.000960,-0.065721,0.997827,-0.002495,-0.018258,0.279401,-0.039008,0.037652,-0.002167,0.001847,0.005663,0.015909,16,-0.049055,0.587283,9.467105,0.065321,0.039657,-0.024790,9.486486,0.087760,0.356471,0.315928
6.022663,1.259000,0.036000,1.511000,1.173814,-0.012519,1.758517,1.143302,-0.006005,1.797516,0.004165,-0.001246,-0.062191,0.998055,-0.023285,0.052612,0.260392,-0.037733,0.034314,-0.001576,0.002521,0.005918,0.015277,17,-0.251023,0.061145,9.310292,0.152625,0.052127,0.039520,9.318090,0.183813,0.266224,0.311836
6.039254,1.259000,0.035000,1.514000,1.201879,-0.003764,1.868533,1.155020,-0.003015,1.805825,0.002644,-0.000672,-0.076372,0.997076,0.058690,0.063716,0.262530,-0.041463,0.032682,-0.002058,0.002792,0.005261,0.017826,17,0.141271,-0.409944,9.362824,-0.103878,-0.124389,0.012539,9.373357,0.171468,0.361191,0.312120
6.055845,1.259000,0.034000,1.517000,1.158577,-0.019165,1.750517,1.147915,-0.005666,1.805532,0.001985,-0.003328,-0.073879,0.997260,-0.010251,0.035038,0.246297,-0.038245,0.034649,-0.001466,0.002503,0.005873,0.017372,17,-0.029953,0.092820,9.496779,-0.151784,-0.140764,-0.005373,9.500825,0.218581,0.259695,0.311712
6.072454,1.260000,0.033000,1.520000,1.163382,0.028599,1.758722,1.149426,0.006924,1.804479,-0.000799,-0.003885,-0.052356,0.998621,-0.008450,0.110913,0.230825,-0.038467,0.031024,-0.000825,0.003189,0.005867,0.013435,16,-0.527227,0.009354,9.654469,-0.115958,-0.089763,-0.004942,9.669539,0.149594,0.257571,0.306324
6.089066,1.260000,0.032000,1.523000,1.203762,-0.015866,1.876026,1.158082,-0.001652,1.814012,-0.001057,-0.002885,-0.060482,0.998165,0.045267,0.047266,0.241261,-0.041599,0.033830,-0.001532,0.002670,0.005363,0.014923,17,-0.150704,0.114846,9.589874,-0.200415,-0.033873,0.025411,9.592330,0.209920,0.360668,0.310174
6.105809,1.261000,0.032000,1.526000,1.185395,-0.010963,1.817052,1.152271,0.001153,1.814638,-0.003437,-0.005638,-0.053053,0.998570,-0.015041,0.061870,0.225135,-0.038374,0.033589,-0.001109,0.002746,0.005945,0.013646,17,0.140804,0.018523,9.325805,-0.248925,-0.164559,-0.011490,9.329285,0.302684,0.303765,0.309976
6.122444,1.261000,0.031000,1.529000,1.171999,-0.007464,1.856123,1.147526,0.002932,1.819340,-0.004960,-0.007923,-0.052625,0.998571,-0.063877,0.067965,0.219899,-0.036140,0.033449,-0.001246,0.002765,0.006326,0.013490,17,-0.253907,-0.082354,9.370555,-0.164192,-0.165145,-0.053179,9.376807,0.246115,0.341189,0.312988
6.138973,1.261000,0.032000,1.531000,1.156699,-0.024849,1.830492,1.141966,-0.004925,1.822511,-0.005341,-0.009536,-0.045011,0.998927,-0.108890,0.005522,0.213498,-0.034485,0.036816,-0.001220,0.002185,0.006618,0.012195,16,-0.161552,0.007821,9.456965,-0.227854,-0.105407,0.063010,9.460549,0.274153,0.322190,0.317035
6.155595,1.262000,0.031000,1.534000,1.149395,-0.019154,1.763629,1.138345,-0.003718,1.819605,-0.008542,-0.009366,-0.048704,0.998733,-0.131133,0.022150,0.192243,-0.033479,0.036065,-0.000355,0.002266,0.006765,0.012903,17,-0.174563,-0.045444,9.493783,-0.371854,0.048804,0.040238,9.499162,0.384097,0.260624,0.313155
6.172230,1.262000,0.030000,1.536000,1.158685,-0.017101,1.809712,1.142417,-0.003189,1.821760,-0.010933,-0.007095,-0.049991,0.998665,-0.089129,0.035652,0.184803,-0.035659,0.035523,-0.000181,0.002283,0.006394,0.012953,17,-0.063627,0.479192,9.506946,-0.307234,0.151838,-0.088454,9.523537,0.361732,0.296329,0.311545
6.188912,1.261000,0.028000,1.539000,1.143855,0.004995,1.808899,1.136883,0.004984,1.821647,-0.012412,-0.006354,-0.055503,0.998361,-0.128180,0.101460,0.171441,-0.033617,0.032727,0.000207,0.002678,0.006730,0.013912,17,-0.300206,0.262891,9.496404,-0.062512,0.190161,-0.016635,9.505885,0.204209,0.295123,0.309555
6.205499,1.262000,0.029000,1.541000,1.185863,-0.038932,1.862023,1.145684,-0.003191,1.829781,-0.010516,-0.004268,-0.053331,0.998512,-0.061022,0.039777,0.181002,-0.037362,0.035470,-0.000355,0.002146,0.006141,0.013539,17,0.033222,0.043374,9.627138,0.052174,0.088308,0.038929,9.628467,0.130795,0.336850,0.312986
6.222069,1.262000,0.028000,1.543000,1.178148,-0.022385,1.866663,1.143995,0.002814,1.832856,-0.011314,-0.004852,-0.053968,0.998467,-0.078881,0.095026,0.173777,-0.036143,0.032836,-0.000349,0.002532,0.006358,0.013598,16,-0.009890,0.068138,9.400514,0.031394,-0.000445,-0.028863,9.407635,0.089520,0.338124,0.313968
6.238755,1.263000,0.029000,1.544000,1.159090,-0.031562,1.829066,1.137512,-0.002022,1.834022,-0.009545,-0.006529,-0.053087,0.998523,-0.130273,0.059303,0.163784,-0.033663,0.035193,-0.000100,0.002088,0.006789,0.013329,17,0.145048,0.312640,9.483581,0.085827,-0.049508,-0.031936,9.492665,0.112294,0.309399,0.317525
6.255359,1.262000,0.027000,1.547000,1.156153,-0.026752,1.807396,1.136096,-0.000525,1.833528,-0.008248,-0.007081,-0.054577,0.998450,-0.132475,0.074392,0.149709,-0.033614,0.034628,0.000349,0.002137,0.006798,0.013606,17,-0.121860,0.202140,9.451419,0.180604,-0.050703,0.019282,9.455558,0.193530,0.286180,0.314178
6.272038,1.263000,0.027000,1.548000,1.115916,-0.024717,1.720888,1.124843,-0.001134,1.825823,-0.007224,-0.008964,-0.058523,0.998220,-0.201350,0.072878,0.120376,-0.030315,0.035322,0.001706,0.001984,0.007322,0.014393,17,-0.131241,0.242483,9.611649,0.090914,-0.050842,0.030134,9.616131,0.112358,0.232806,0.311552
6.288599,1.264000,0.028000,1.549000,1.212804,-0.000497,1.855125,1.135709,0.002394,1.828057,-0.006503,-0.007191,-0.063903,0.997909,-0.108630,0.096614,0.116931,-0.034830,0.033997,0.001734,0.002144,0.006586,0.015286,16,0.048739,0.372337,9.524416,0.138467,-0.010302,-0.011947,9.532396,0.160990,0.311682,0.308200
6.305170,1.264000,0.027000,1.552000,1.198739,-0.079134,1.951394,1.137571,-0.010038,1.835100,-0.003517,-0.007641,-0.043627,0.999012,-0.108844,0.006956,0.122028,-0.035673,0.038453,0.001226,0.001461,0.006488,0.011704,17,-0.141243,0.019462,9.457444,0.152644,-0.056417,0.018082,9.460561,0.169260,0.418377,0.312252
6.321855,1.264000,0.027000,1.553000,1.164880,0.013437,1.899525,1.135435,0.000223,1.840115,-0.004911,-0.008574,-0.046273,0.998880,-0.123191,0.074305,0.124189,-0.034599,0.034833,0.000758,0.002042,0.006650,0.012148,17,-0.006749,-0.444218,9.480464,0.028210,-0.065711,0.012214,9.491788,0.100139,0.360678,0.315723
6.338520,1.265000,0.028000,1.554000,1.148258,-0.017589,1.852767,1.131068,-0.007371,1.843691,-0.004180,-0.009413,-0.041520,0.999085,-0.146830,0.007880,0.127437,-0.033758,0.038418,0.000601,0.001438,0.006784,0.011269,17,0.145442,0.127462,9.769062,-0.101151,-0.044922,-0.029431,9.775793,0.122880,0.323989,0.321107
6.355121,1.266000,0.026000,1.556000,1.160095,-0.013930,1.941738,1.136777,-0.005058,1.852824,-0.005528,-0.009067,-0.030796,0.999469,-0.091157,0.027856,0.143860,-0.036404,0.037364,-0.000317,0.001620,0.006305,0.009320,17,0.106406,0.401495,9.761335,-0.111098,-0.110280,0.036365,9.771492,0.166198,0.402000,0.325220
6.371685,1.266000,0.026000,1.557000,1.166930,-0.022875,1.910127,1.140757,-0.009717,1.860251,-0.004870,-0.009608,-0.033156,0.999392,-0.056136,0.000648,0.154420,-0.038291,0.038947,-0.000924,0.001332,0.005993,0.009741,16,0.149304,0.483006,9.669692,-0.013101,-0.161344,0.011802,9.684496,0.184681,0.370003,0.330034
6.388480,1.267000,0.026000,1.560000,1.201428,-0.020511,1.897260,1.152004,-0.010408,1.865851,-0.005194,-0.009533,-0.039626,0.999156,0.023104,0.005571,0.158200,-0.042376,0.038359,-0.001236,0.001402,0.005297,0.010831,17,-0.115343,-0.000187,9.620547,-0.020450,-0.218882,-0.016806,9.625012,0.223289,0.346709,0.328778
6.404994,1.266000,0.026000,1.561000,1.186816,-0.030630,1.849294,1.149264,-0.015428,1.867029,-0.004758,-0.011919,-0.052931,0.998516,-0.022320,-0.026907,0.155364,-0.040235,0.040380,-0.000995,0.000978,0.005623,0.013257,17,-0.241892,0.227776,9.924188,-0.060827,-0.182021,0.013170,9.931388,0.202071,0.304287,0.330148
6.421628,1.267000,0.027000,1.562000,1.199354,-0.026311,1.820262,1.157813,-0.014200,1.867660,-0.005519,-0.011564,-0.045648,0.998875,0.031945,-0.004524,0.148124,-0.042801,0.039402,-0.000664,0.001138,0.005153,0.011952,17,0.042229,0.433893,9.704151,-0.045012,-0.105691,0.027279,9.714408,0.124190,0.272245,0.327181
6.438249,1.267000,0.025000,1.564000,1.165359,0.007555,1.858094,1.152806,-0.006225,1.867434,-0.006406,-0.013492,-0.040574,0.999065,-0.020493,0.055879,0.138859,-0.039988,0.036922,-0.000403,0.001534,0.005577,0.010970,16,-0.055151,0.222033,9.628492,0.031749,-0.099099,-0.034656,9.631907,0.127502,0.311651,0.325710
6.454838,1.268000,0.027000,1.565000,1.203548,-0.043968,1.958522,1.160666,-0.014224,1.875352,-0.004680,-0.012683,-0.043995,0.998940,0.027510,-0.006905,0.147306,-0.042767,0.039803,-0.001054,0.001035,0.005079,0.011552,17,-0.041597,-0.012693,9.468929,0.049065,-0.051101,-0.009150,9.470769,0.091611,0.405031,0.330966
6.471519,1.269000,0.026000,1.566000,1.190387,-0.025681,1.987375,1.158061,-0.008967,1.885534,-0.005648,-0.013865,-0.047507,0.998759,-0.012721,0.051629,0.156330,-0.040577,0.037185,-0.002093,0.001433,0.005408,0.012085,17,-0.045233,0.212532,9.266105,0.026245,-0.035773,0.006466,9.270867,0.061937,0.431750,0.340047
6.488148,1.269000,0.027000,1.567000,1.149512,-0.000343,1.851301,1.150299,-0.003307,1.884755,-0.006027,-0.015245,-0.043537,0.998917,-0.076316,0.093713,0.145620,-0.037359,0.035724,-0.001713,0.001658,0.005888,0.011330,17,-0.025465,0.352082,9.685323,0.031058,-0.007274,-0.021767,9.692922,0.087084,0.309600,0.340553
6.504696,1.269000,0.027000,1.568000,1.180970,-0.045884,1.857378,1.156722,-0.011268,1.886150,-0.004017,-0.014118,-0.042678,0.998981,-0.032268,0.022860,0.138488,-0.040130,0.038913,-0.001473,0.001123,0.005373,0.011157,16,-0.224300,-0.173664,9.475648,0.063796,-0.014562,0.012332,9.481967,0.099513,0.311129,0.339544
6.521318,1.269000,0.028000,1.569000,1.150790,0.013832,1.903322,1.151945,-0.001265,1.888316,-0.005643,-0.015176,-0.043323,0.998930,-0.069075,0.089569,0.132196,-0.038202,0.035630,-0.001574,0.001635,0.005638,0.011285,17,-0.106321,-0.185250,9.422968,-0.018267,-0.048517,0.013333,9.428171,0.076321,0.354889,0.341351
6.537988,1.269000,0.029000,1.569000,1.181815,-0.074858,1.924062,1.156332,-0.011450,1.894049,-0.003305,-0.014789,-0.042414,0.998985,-0.036865,0.020014,0.135759,-0.040116,0.039486,-0.001923,0.001005,0.005265,0.011031,17,0.103682,0.658424,9.475693,0.067199,-0.053814,-0.042360,9.501553,0.121577,0.380075,0.346392
6.554655,1.269000,0.027000,1.570000,1.162433,-0.021377,1.795857,1.153842,-0.003228,1.886823,-0.003875,-0.015673,-0.044780,0.998866,-0.060698,0.087706,0.105980,-0.038810,0.036336,-0.000667,0.001494,0.005416,0.011436,17,-0.134115,0.223770,9.486070,0.109713,-0.057896,-0.005413,9.494358,0.141428,0.254379,0.338455
6.571236,1.269000,0.029000,1.570000,1.169718,-0.027901,1.913600,1.157775,-0.006955,1.890701,-0.003311,-0.014720,-0.045707,0.998841,-0.037157,0.049473,0.103207,-0.040564,0.037784,-0.000869,0.001257,0.005082,0.011616,17,-0.360246,-0.401490,9.328049,-0.011872,0.013857,0.029822,9.345458,0.094280,0.362154,0.341340
6.587832,1.269000,0.027000,1.571000,1.181866,-0.038530,1.831856,1.163800,-0.012961,1.889188,-0.002446,-0.012185,-0.047313,0.998803,0.002931,0.008547,0.094461,-0.043179,0.039872,-0.000333,0.000922,0.004622,0.011810,16,-0.406678,0.306134,9.755119,-0.021433,0.171270,-0.040257,9.773815,0.184420,0.282723,0.337502
6.604470,1.268000,0.026000,1.572000,1.203309,-0.024325,1.970943,1.172894,-0.009185,1.895481,-0.002794,-0.008834,-0.057102,0.998325,0.063243,0.052387,0.107000,-0.046203,0.037496,-0.000914,0.001272,0.004131,0.013566,17,-0.137412,0.431773,9.986725,0.062268,0.254672,0.010883,9.997456,0.264720,0.407275,0.339003
6.621108,1.269000,0.028000,1.572000,1.102072,-0.018204,1.873416,1.161689,-0.009364,1.896717,-0.001759,-0.009002,-0.055296,0.998428,-0.023727,0.051334,0.105173,-0.042077,0.038012,-0.000934,0.001190,0.004779,0.013282,17,-0.095765,0.108165,9.784199,0.100775,0.215032,0.017884,9.785943,0.247178,0.347637,0.344024
6.636726,1.269000,0.030000,1.573000,1.229586,0.008799,1.871220,1.174808,-0.006084,1.899049,-0.001500,-0.006068,-0.058214,0.998285,0.057694,0.069792,0.107274,-0.046183,0.036873,-0.000907,0.001375,0.004131,0.013720,16,-0.174167,0.170461,9.846893,0.080867,0.155132,-0.022806,9.851481,0.190825,0.301560,0.341295
6.654303,1.268000,0.028000,1.573000,1.184161,-0.017327,1.947339,1.168922,-0.009818,1.904898,0.000701,-0.006204,-0.055201,0.998456,-0.004981,0.036276,0.119262,-0.043244,0.039208,-0.001477,0.001027,0.004612,0.013208,17,0.005655,0.362992,9.938350,0.147657,0.160800,0.004440,9.945409,0.268012,0.386282,0.348429
6.670925,1.268000,0.028000,1.574000,1.172023,-0.003898,1.924909,1.164132,-0.003070,1.907353,0.000677,-0.007247,-0.049300,0.998758,-0.047815,0.086957,0.119811,-0.040950,0.037180,-0.001577,0.001391,0.004985,0.012199,17,-0.025226,0.381336,9.830196,0.141030,0.005871,0.038779,9.839772,0.192858,0.365194,0.350540
6.687594,1.268000,0.029000,1.575000,1.189406,-0.044944,1.949725,1.168808,-0.012311,1.912733,0.002614,-0.006309,-0.045817,0.998927,-0.015952,0.014338,0.127388,-0.043040,0.040869,-0.001951,0.000844,0.004653,0.011525,17,-0.106839,0.295413,9.737739,0.044660,0.017104,-0.010216,9.743408,0.067476,0.389953,0.354414
6.704268,1.267000,0.029000,1.575000,1.173008,-0.019963,1.871495,1.164040,-0.004940,1.910601,0.003034,-0.007300,-0.049606,0.998738,-0.056231,0.073471,0.115326,-0.040909,0.038155,-0.001385,0.001305,0.004994,0.012191,17,-0.132873,0.147856,9.764216,0.212511,0.005057,-0.010677,9.767574,0.221477,0.314866,0.352676
6.720841,1.267000,0.030000,1.575000,1.203418,-0.016559,1.898179,1.174539,-0.004506,1.911578,0.004209,-0.005681,-0.054224,0.998504,0.021198,0.071495,0.110802,-0.044936,0.037718,-0.001154,0.001406,0.004360,0.013060,17,-0.170956,-0.106488,9.678191,0.168453,-0.003990,0.071559,9.680698,0.195568,0.332648,0.350749
6.737420,1.268000,0.031000,1.575000,1.234540,-0.010092,1.947510,1.187545,-0.002416,1.916271,0.003857,-0.004248,-0.056186,0.998404,0.102035,0.080484,0.115358,-0.048834,0.036848,-0.001444,0.001583,0.003754,0.013368,16,-0.002308,0.106821,9.705995,0.011554,-0.030405,-0.006388,9.707108,0.101931,0.376260,0.352215
6.754162,1.267000,0.029000,1.576000,1.151935,0.005510,1.882712,1.177134,0.001098,1.914983,0.002772,-0.006456,-0.050989,0.998675,0.011116,0.086701,0.105229,-0.044693,0.036844,-0.001101,0.001634,0.004414,0.012456,17,-0.355474,-0.269429,9.655252,-0.097399,-0.046929,-0.007297,9.667150,0.122396,0.328426,0.351801
6.769711,1.267000,0.030000,1.576000,1.212339,-0.038478,1.863513,1.185600,-0.004959,1.913444,0.002723,-0.004638,-0.052639,0.998599,0.065266,0.032808,0.094293,-0.047988,0.039140,-0.000628,0.001304,0.003908,0.012695,16,-0.398387,-0.105345,9.572818,-0.139812,0.053385,-0.000519,9.590573,0.164960,0.300568,0.348879
6.787372,1.267000,0.030000,1.576000,1.160123,-0.001323,1.907595,1.177185,0.000798,1.913041,0.001529,-0.005727,-0.052458,0.998606,-0.003778,0.077684,0.086127,-0.044465,0.037525,-0.000376,0.001583,0.004464,0.012689,18,-0.086327,0.376986,9.656184,-0.039694,0.054716,0.003650,9.666040,0.083597,0.349799,0.350023
6.803986,1.267000,0.031000,1.576000,1.161369,-0.049850,1.880092,1.176864,-0.009070,1.914105,0.002740,-0.005805,-0.046942,0.998877,-0.005867,-0.005880,0.080411,-0.044923,0.041702,-0.000344,0.000990,0.004402,0.011646,16,-0.053521,-0.042126,9.463447,-0.057028,-0.023077,-0.027038,9.464342,0.080452,0.331913,0.352201
6.820553,1.267000,0.031000,1.576000,1.188159,0.016782,1.848655,1.181127,-0.000276,1.910959,0.001460,-0.005688,-0.050552,0.998704,0.020049,0.063508,0.066402,-0.046098,0.038134,0.000290,0.001555,0.004226,0.012213,17,-0.221773,0.119284,9.618624,0.036173,-0.051570,-0.020598,9.623035,0.097718,0.284181,0.347203
6.837242,1.267000,0.032000,1.576000,1.153051,-0.012279,1.936564,1.172146,-0.005373,1.914871,0.002952,-0.006813,-0.053482,0.998541,-0.049880,0.010075,0.070640,-0.043231,0.040873,-0.000162,0.001161,0.004655,0.012786,17,-0.400029,-0.238983,9.640803,0.052719,0.023189,0.012932,9.653099,0.110095,0.380725,0.353875
6.853847,1.267000,0.032000,1.576000,1.173807,-0.025210,1.907463,1.179325,-0.010482,1.916812,0.003151,-0.003932,-0.045396,0.998956,0.006870,-0.035867,0.070395,-0.046665,0.042689,-0.000273,0.000943,0.004150,0.011312,17,-0.335392,-0.251037,9.619612,-0.065704,0.174729,0.021831,9.630191,0.195223,0.349036,0.354463
6.870407,1.266000,0.031000,1.576000,1.187504,-0.002482,1.920349,1.184249,-0.002585,1.917088,0.001214,-0.001918,-0.044383,0.999012,0.043336,0.029452,0.066418,-0.048248,0.039302,-0.000119,0.001492,0.003938,0.011030,16,-0.053502,0.107304,9.678855,-0.056684,0.169854,-0.023377,9.682422,0.190647,0.354766,0.352353
6.887086,1.266000,0.031000,1.577000,1.147265,0.004791,1.920951,1.173062,0.000102,1.918223,0.000661,-0.003383,-0.044031,0.999024,-0.039408,0.044451,0.067146,-0.044229,0.039080,-0.000180,0.001548,0.004579,0.010954,17,-0.111332,0.125891,9.833525,-0.040455,0.053543,-0.024958,9.837130,0.086746,0.364811,0.355000
6.903677,1.266000,0.030000,1.577000,1.157269,0.001080,1.808208,1.176671,-0.001410,1.912522,0.001636,-0.002323,-0.043027,0.999070,-0.004394,0.024617,0.053292,-0.046226,0.039825,0.000721,0.001463,0.004301,0.010766,17,-0.104108,-0.082028,9.948745,0.077492,0.040654,0.014088,9.950255,0.136096,0.257131,0.348628
6.920324,1.265000,0.030000,1.577000,1.201762,-0.001611,1.880475,1.187411,-0.001562,1.911335,0.002264,-0.000552,-0.050819,0.998705,0.069980,0.016423,0.048677,-0.050171,0.039680,0.001019,0.001500,0.003753,0.012136,17,-0.147173,-0.260043,9.837237,0.077672,0.033272,0.019490,9.843547,0.109739,0.311602,0.344668
6.936935,1.265000,0.030000,1.577000,1.179006,-0.002087,1.903939,1.179007,-0.001318,1.910503,0.003310,-0.002581,-0.052184,0.998629,-0.009671,0.011870,0.045527,-0.046414,0.040172,0.001227,0.001457,0.004355,0.012411,17,-0.240137,-0.106546,9.880560,0.122036,-0.022751,0.004103,9.885283,0.137994,0.339578,0.345833
6.953519,1.265000,0.031000,1.577000,1.111935,-0.027911,1.878175,1.166328,-0.006732,1.909336,0.004790,-0.004422,-0.050848,0.998685,-0.093581,-0.020457,0.043737,-0.042751,0.042275,0.001449,0.001193,0.004921,0.012191,16,-0.325927,0.170043,10.032985,0.103661,-0.012767,-0.009849,10.043133,0.113315,0.342937,0.348722
6.970161,1.265000,0.032000,1.577000,1.210944,-0.011176,1.916446,1.177027,-0.005414,1.911092,0.006663,-0.001993,-0.048473,0.998800,-0.007412,-0.003180,0.049451,-0.046873,0.041316,0.001374,0.001406,0.004331,0.011732,17,0.121878,0.458558,9.989021,0.298727,0.102611,0.016866,10.004530,0.319385,0.346425,0.347501
6.986824,1.265000,0.033000,1.576000,1.153102,-0.020045,1.851993,1.166669,-0.007857,1.906185,0.007808,-0.003240,-0.050586,0.998684,-0.082341,-0.021771,0.036731,-0.043286,0.042447,0.002127,0.001295,0.004902,0.012161,17,-0.010152,-0.079137,9.927812,0.109652,0.064478,0.017829,9.928691,0.140647,0.302501,0.346930
7.003426,1.265000,0.032000,1.576000,1.199879,-0.019389,1.939485,1.176916,-0.008846,1.910193,0.008300,-0.001310,-0.046962,0.998861,-0.001884,-0.019800,0.046853,-0.047415,0.042151,0.001735,0.001423,0.004318,0.011443,17,-0.131680,0.318906,9.914012,0.097080,0.030088,-0.008860,9.921093,0.118571,0.372831,0.348011
7.020045,1.264000,0.032000,1.577000,1.153738,-0.038582,1.947326,1.166705,-0.013674,1.913037,0.008923,-0.002803,-0.050136,0.998699,-0.073051,-0.046475,0.048544,-0.044052,0.044047,0.001423,0.001203,0.004854,0.012032,16,0.017748,0.407494,9.596209,0.006740,0.022325,-0.005469,9.606095,0.080423,0.392786,0.352808
7.036615,1.264000,0.032000,1.577000,1.174995,0.010790,1.900186,1.170006,-0.005008,1.912219,0.007768,-0.002052,-0.055215,0.998442,-0.039026,0.026379,0.043645,-0.045443,0.040376,0.001715,0.001820,0.004667,0.012867,17,0.024586,0.237003,9.752014,0.074481,0.032792,-0.008615,9.755156,0.125694,0.335888,0.350109
7.053297,1.264000,0.031000,1.577000,1.206102,-0.024650,1.954122,1.178222,-0.011306,1.916747,0.008958,-0.001090,-0.054172,0.998491,0.016751,-0.033712,0.050292,-0.048572,0.042928,0.001169,0.001507,0.004234,0.012703,17,-0.073376,-0.163692,9.611411,0.035557,-0.028760,0.018894,9.615586,0.087059,0.385578,0.352953
7.069923,1.263000,0.030000,1.577000,1.132603,0.014912,1.911620,1.167975,-0.004824,1.915368,0.007303,-0.002994,-0.056582,0.998367,-0.057935,0.002659,0.039443,-0.044895,0.041177,0.001428,0.001829,0.004814,0.013152,17,-0.155214,-0.325743,9.453471,-0.073800,-0.024564,0.021826,9.462570,0.135416,0.359446,0.353179
7.086541,1.264000,0.030000,1.577000,1.172963,-0.039407,1.854387,1.172959,-0.012791,1.912467,0.007445,-0.001408,-0.052789,0.998577,-0.016157,-0.060482,0.027617,-0.047610,0.044095,0.001847,0.001460,0.004445,0.012403,17,-0.321403,0.019780,9.584139,-0.118916,0.057288,-0.043433,9.592760,0.148525,0.300081,0.350225
7.103120,1.263000,0.029000,1.577000,1.161419,-0.030584,1.847096,1.167531,-0.010809,1.907337,0.005989,-0.001317,-0.055632,0.998432,-0.059790,-0.029413,0.009765,-0.045479,0.042803,0.002675,0.001705,0.004797,0.012944,16,-0.210751,0.193667,9.608148,-0.095112,0.141686,0.034703,9.613756,0.177996,0.294654,0.346153
7.119767,1.263000,0.029000,1.577000,1.201856,-0.022878,1.963722,1.176035,-0.010543,1.911935,0.003613,0.001173,-0.054525,0.998505,0.016606,-0.019948,0.019495,-0.049212,0.041830,0.002119,0.001893,0.004295,0.012678,17,0.107034,-0.029000,9.727513,-0.236147,0.113074,-0.014769,9.729557,0.272304,0.394948,0.348293
7.136412,1.264000,0.028000,1.576000,1.126244,-0.031096,1.909057,1.165015,-0.013035,1.909612,0.002972,-0.000832,-0.056122,0.998419,-0.059578,-0.029278,0.011072,-0.045395,0.042811,0.002470,0.001783,0.004901,0.012921,17,0.129941,0.244174,9.705819,-0.108770,-0.021703,-0.032197,9.712740,0.144797,0.365234,0.350398
7.153058,1.264000,0.028000,1.576000,1.197217,-0.013919,1.924327,1.174652,-0.011102,1.910740,0.000757,0.000063,-0.054808,0.998497,0.018440,-0.015423,0.010988,-0.049218,0.041464,0.002380,0.002004,0.004380,0.012710,17,0.024466,-0.259866,9.656046,-0.188701,-0.088514,0.044569,9.659920,0.217559,0.357140,0.348659
7.169693,1.265000,0.029000,1.575000,1.206595,-0.021642,1.925632,1.180093,-0.014566,1.911543,-0.001096,0.000266,-0.052585,0.998616,0.052682,-0.042058,0.013730,-0.051185,0.042633,0.002274,0.001840,0.004137,0.012328,16,-0.136202,-0.012882,9.893910,-0.293343,-0.075960,0.021783,9.896219,0.311570,0.359052,0.349812
7.186231,1.265000,0.028000,1.575000,1.132479,-0.050418,1.857045,1.169703,-0.020440,1.908240,-0.001425,-0.003097,-0.058328,0.998292,-0.023431,-0.070401,0.005373,-0.047597,0.044514,0.002741,0.001562,0.004689,0.013338,17,0.005786,0.235522,9.845991,-0.129925,-0.204671,-0.013836,9.853756,0.256726,0.321341,0.349967
7.202834,1.265000,0.027000,1.575000,1.174763,-0.023044,1.872382,1.177606,-0.016861,1.907620,-0.004452,-0.003129,-0.055612,0.998438,0.036428,-0.023419,0.005000,-0.050555,0.042124,0.002902,0.001907,0.004277,0.012809,17,-0.225562,0.355345,9.922483,-0.236943,-0.173004,-0.007842,9.933445,0.299780,0.314774,0.346695
7.219580,1.265000,0.026000,1.575000,1.160663,-0.045145,1.877567,1.172138,-0.025352,1.905395,-0.004162,-0.004665,-0.059615,0.998202,-0.008015,-0.080282,0.002309,-0.048784,0.045399,0.003159,0.001405,0.004554,0.013511,17,-0.087560,0.280688,9.968785,-0.139624,-0.082612,-0.004520,9.974667,0.195899,0.327864,0.347018
7.236149,1.265000,0.027000,1.575000,1.181516,0.016825,1.883521,1.175297,-0.015184,1.903059,-0.005612,-0.005363,-0.057828,0.998296,0.013306,0.005295,0.000324,-0.049594,0.041331,0.003517,0.001984,0.004441,0.013198,16,-0.206427,0.320891,10.062893,0.046628,-0.133799,0.023378,10.072642,0.160513,0.319779,0.342708
7.252764,1.265000,0.027000,1.574000,1.124977,-0.022420,1.869040,1.165162,-0.020212,1.898792,-0.004933,-0.007499,-0.055375,0.998425,-0.057345,-0.031262,-0.006639,-0.046508,0.043789,0.004012,0.001611,0.004896,0.012782,17,-0.123736,0.250459,9.985321,-0.045961,-0.088263,0.021545,9.994030,0.119479,0.330299,0.343055
7.269387,1.266000,0.026000,1.574000,1.207186,-0.028904,1.895080,1.176608,-0.021613,1.898943,-0.005810,-0.006395,-0.055290,0.998433,0.023990,-0.029372,-0.005636,-0.050654,0.043578,0.004034,0.001615,0.004299,0.012748,17,-0.095679,0.417528,9.861296,-0.105391,-0.087081,0.008880,9.873317,0.142663,0.331007,0.340361
7.286084,1.266000,0.026000,1.574000,1.165204,-0.004428,1.911152,1.168542,-0.015488,1.899194,-0.007401,-0.008531,-0.052458,0.998559,-0.044827,0.017621,-0.008759,-0.047188,0.041779,0.003965,0.001852,0.004799,0.012214,17,-0.183297,0.107559,9.567451,-0.092576,-0.079503,-0.013982,9.571035,0.127807,0.353210,0.342009
7.302642,1.267000,0.026000,1.574000,1.169637,-0.013558,1.886482,1.170477,-0.018881,1.898845,-0.005906,-0.008620,-0.052377,0.998573,-0.028608,-0.011469,-0.012366,-0.048341,0.043282,0.003968,0.001605,0.004624,0.012191,17,-0.117085,0.121958,9.591019,0.091985,-0.060894,0.007909,9.594086,0.122469,0.329681,0.341841
7.319272,1.266000,0.026000,1.574000,1.179076,-0.025557,1.942817,1.175108,-0.023904,1.903943,-0.004361,-0.008069,-0.052761,0.998565,0.003988,-0.044264,-0.000369,-0.050409,0.045100,0.003244,0.001320,0.004318,0.012288,16,-0.230230,0.430485,9.711309,0.084287,-0.033727,0.038854,9.725555,0.116143,0.382413,0.345852
7.335864,1.267000,0.026000,1.574000,1.141336,-0.021115,1.900811,1.164049,-0.022781,1.903617,-0.004366,-0.009363,-0.054493,0.998461,-0.078735,-0.029189,-0.003485,-0.046542,0.044895,0.003246,0.001340,0.004872,0.012545,17,-0.241474,0.113845,9.671968,0.013395,0.050534,-0.031874,9.676018,0.078616,0.353294,0.348749
7.352521,1.267000,0.026000,1.574000,1.193453,-0.015078,1.836708,1.173845,-0.021464,1.899414,-0.003881,-0.007350,-0.056181,0.998386,0.001365,-0.012759,-0.013084,-0.050469,0.043902,0.003829,0.001467,0.004292,0.012790,17,0.035403,0.290771,9.820569,0.095305,0.038049,-0.013139,9.826957,0.114815,0.275884,0.341797
7.369155,1.267000,0.027000,1.573000,1.202754,-0.027037,1.933073,1.180036,-0.026778,1.901816,-0.001313,-0.006256,-0.053814,0.998531,0.038746,-0.043993,-0.007645,-0.052598,0.045823,0.003497,0.001191,0.003995,0.012432,17,-0.062026,0.659529,9.766113,0.203174,0.042709,0.060524,9.789573,0.224056,0.369730,0.344347
7.385769,1.267000,0.027000,1.573000,1.154490,-0.004264,1.876017,1.170869,-0.021394,1.898977,-0.001923,-0.008407,-0.051391,0.998641,-0.031498,-0.003892,-0.015315,-0.048880,0.044342,0.003805,0.001417,0.004528,0.012048,16,0.111360,0.091402,9.733084,0.027608,-0.065105,0.029191,9.739135,0.104234,0.324739,0.343284
7.402326,1.267000,0.026000,1.573000,1.186250,-0.038754,1.947863,1.177558,-0.027824,1.902909,-0.000924,-0.007185,-0.052339,0.998603,0.016972,-0.056008,-0.005589,-0.051777,0.046628,0.003256,0.001086,0.004110,0.012147,17,-0.164265,-0.053382,9.729072,-0.009500,-0.000931,-0.020256,9.731683,0.104263,0.388891,0.346030
7.419023,1.267000,0.026000,1.573000,1.194372,0.015993,1.918431,1.180108,-0.016620,1.903319,-0.003398,-0.007003,-0.047064,0.998862,0.025588,0.029533,-0.002959,-0.051930,0.042513,0.003165,0.001690,0.004087,0.011272,17,-0.197117,0.090650,9.882969,-0.075356,0.001692,0.045857,9.888794,0.106954,0.353125,0.344205
7.435638,1.267000,0.027000,1.573000,1.149501,-0.044407,1.921089,1.173250,-0.023973,1.905055,-0.002591,-0.007974,-0.046022,0.998905,-0.026268,-0.026174,0.005564,-0.049839,0.045809,0.002899,0.001209,0.004392,0.011076,17,-0.065506,0.294476,10.037911,-0.076743,0.005298,0.004145,10.044933,0.095154,0.374261,0.348781
7.452274,1.267000,0.027000,1.573000,1.174508,-0.049056,1.980677,1.181872,-0.027238,1.911335,-0.001180,-0.006353,-0.047354,0.998857,0.042669,-0.036199,0.021697,-0.053484,0.046160,0.002124,0.001161,0.003861,0.011205,16,-0.112903,0.349737,9.865068,0.149004,0.009479,-0.048202,9.872864,0.168213,0.424900,0.353071
7.468835,1.267000,0.027000,1.572000,1.170130,0.021869,1.872729,1.181195,-0.016162,1.908959,-0.002008,-0.006936,-0.040028,0.999172,0.031175,0.046327,0.017050,-0.052666,0.042330,0.002437,0.001746,0.003983,0.009963,17,-0.149239,0.067716,9.925275,0.135205,-0.031932,0.035997,9.929394,0.155084,0.315988,0.350381
7.485545,1.267000,0.027000,1.573000,1.175277,-0.042630,1.950158,1.181764,-0.024998,1.913824,-0.000925,-0.006636,-0.044761,0.998975,0.032654,-0.031318,0.030032,-0.053187,0.045965,0.001831,0.001210,0.003910,0.010826,17,0.015284,-0.148271,9.882118,-0.066175,0.019246,0.039321,9.886360,0.115428,0.394347,0.355148
7.502197,1.267000,0.028000,1.572000,1.198759,-0.019245,1.926727,1.189128,-0.019428,1.914656,-0.003117,-0.005735,-0.055973,0.998411,0.080172,0.016814,0.030863,-0.055438,0.042984,0.001807,0.001616,0.003563,0.012697,17,-0.128922,-0.194966,9.849147,-0.119729,-0.030315,-0.041153,9.852488,0.141847,0.364308,0.354579
7.518779,1.268000,0.031000,1.571000,1.163926,-0.013303,1.876562,1.179332,-0.016988,1.911332,-0.003731,-0.007992,-0.050236,0.998698,-0.004882,0.029452,0.020073,-0.051447,0.042837,0.002258,0.001639,0.004143,0.011667,17,-0.209496,-0.085917,9.716238,-0.049808,-0.052491,-0.021759,9.719767,0.088843,0.325826,0.354952
7.535374,1.267000,0.029000,1.571000,1.212338,-0.020878,1.886155,1.190103,-0.018132,1.909675,-0.003598,-0.006608,-0.055725,0.998418,0.070272,0.016323,0.010084,-0.055319,0.043029,0.002580,0.001593,0.003586,0.012614,16,-0.078354,-0.050529,9.477230,-0.008380,-0.041635,0.019614,9.478915,0.091855,0.323726,0.350478
7.552013,1.267000,0.031000,1.571000,1.154989,-0.012577,1.874173,1.179699,-0.016330,1.906019,-0.002719,-0.008571,-0.051031,0.998657,-0.015247,0.029929,-0.005527,-0.051262,0.043044,0.003025,0.001598,0.004154,0.011751,17,-0.193998,0.192189,9.413504,0.122166,-0.012650,-0.034409,9.418745,0.145112,0.326128,0.349428
7.568602,1.267000,0.031000,1.570000,1.181936,-0.038172,1.967871,1.185463,-0.022731,1.911631,-0.000002,-0.007767,-0.052483,0.998592,0.034688,-0.020006,0.006260,-0.054085,0.045361,0.002289,0.001282,0.003753,0.011954,17,0.035711,0.134463,9.622182,0.210271,-0.036757,-0.002929,9.624154,0.225015,0.412701,0.355313
7.585359,1.267000,0.030000,1.570000,1.201783,-0.014567,1.929460,1.191489,-0.015671,1.911266,-0.000303,-0.006137,-0.049702,0.998745,0.073747,0.035650,0.002753,-0.056027,0.042347,0.002351,0.001727,0.003482,0.011469,17,-0.249642,-0.071614,9.659843,0.125103,0.094360,0.017791,9.664636,0.171463,0.368036,0.352491
7.601853,1.266000,0.030000,1.569000,1.206300,-0.033361,1.949072,1.195134,-0.024228,1.916255,0.002116,-0.005369,-0.060890,0.998128,0.086907,-0.033252,0.015930,-0.057102,0.045620,0.001713,0.001263,0.003333,0.013382,16,-0.102510,0.158463,9.879069,0.115468,0.063057,-0.011873,9.883638,0.145384,0.389914,0.358537
7.618459,1.266000,0.030000,1.569000,1.152261,-0.018670,1.906601,1.185158,-0.021663,1.916413,0.003188,-0.006573,-0.061278,0.998094,0.004730,-0.006912,0.018960,-0.053012,0.045000,0.001655,0.001384,0.003918,0.013488,17,-0.044757,0.372005,9.992573,0.180706,0.097071,0.008580,10.002200,0.226078,0.359555,0.360417
7.635155,1.266000,0.031000,1.568000,1.191720,0.030948,1.868922,1.190645,-0.010634,1.912604,0.002212,-0.004630,-0.062949,0.998004,0.044632,0.056422,0.012246,-0.054924,0.041487,0.002131,0.001907,0.003657,0.013773,17,-0.195478,-0.238670,9.953337,0.077854,0.138670,0.003852,9.964005,0.209033,0.309954,0.355195
7.651811,1.266000,0.030000,1.569000,1.141488,0.007877,1.929989,1.179828,-0.012314,1.915012,0.002197,-0.005198,-0.051986,0.998632,-0.035897,0.027846,0.022955,-0.051342,0.043491,0.001728,0.001672,0.004178,0.011784,17,-0.097103,-0.024593,10.090095,-0.088415,0.130987,-0.049759,10.093388,0.180055,0.382499,0.359083
7.668433,1.265000,0.031000,1.568000,1.156075,-0.036176,1.857197,1.180117,-0.021431,1.912693,0.004113,-0.003309,-0.046757,0.998892,-0.018411,-0.042617,0.022302,-0.052750,0.047111,0.002111,0.001205,0.004006,0.010854,17,-0.029897,0.289898,10.158887,0.043486,0.174633,0.016304,10.164177,0.197483,0.316247,0.358842
7.684958,1.265000,0.031000,1.568000,1.163848,-0.024965,1.909377,1.181542,-0.016646,1.913001,0.003039,-0.002680,-0.046104,0.998928,0.005162,-0.004805,0.023328,-0.053772,0.044875,0.002110,0.001552,0.003884,0.010834,16,0.045070,-0.228395,9.862365,0.001073,0.027747,0.081913,9.867277,0.131844,0.360419,0.358135
7.701623,1.265000,0.030000,1.568000,1.217012,-0.018724,1.823617,1.191234,-0.016119,1.907985,0.001778,-0.001872,-0.056306,0.998410,0.078960,0.002138,0.011055,-0.057436,0.044109,0.002896,0.001672,0.003397,0.012518,17,-0.012452,0.031798,9.894763,-0.118873,-0.090247,-0.036577,9.897299,0.158188,0.264607,0.350939
7.718304,1.265000,0.032000,1.568000,1.184191,0.001666,1.856812,1.184387,-0.009537,1.902598,0.000322,-0.004154,-0.051718,0.998653,0.014209,0.048681,0.000132,-0.053999,0.042510,0.003598,0.001919,0.003891,0.011700,17,-0.018028,0.330645,9.969314,-0.063282,-0.094246,-0.021148,9.976673,0.151934,0.301434,0.346669
7.734883,1.266000,0.034000,1.568000,1.220381,-0.020657,1.929451,1.194173,-0.013806,1.905134,0.000957,-0.003368,-0.056083,0.998420,0.077961,0.009700,0.006792,-0.057515,0.044129,0.003295,0.001705,0.003432,0.012536,17,-0.164418,0.092894,9.831372,-0.009466,-0.075883,0.081055,9.834938,0.130384,0.368396,0.348000
7.751513,1.264000,0.030000,1.568000,1.189115,-0.010024,1.981843,1.186406,-0.010272,1.910052,-0.000138,-0.005088,-0.053518,0.998554,0.004473,0.033622,0.019264,-0.053769,0.043331,0.002633,0.001832,0.003964,0.012077,16,0.003489,-0.038996,9.859447,-0.074044,-0.007076,-0.016794,9.866377,0.101983,0.422463,0.353047
7.768095,1.264000,0.031000,1.567000,1.134729,-0.015936,1.947810,1.173929,-0.010683,1.912245,-0.000441,-0.007368,-0.047941,0.998823,-0.077630,0.027130,0.023406,-0.049807,0.044235,0.002299,0.001729,0.004523,0.011071,17,0.122914,0.329108,9.796017,-0.062012,-0.058689,-0.041382,9.803424,0.106970,0.404883,0.359228
7.784792,1.265000,0.034000,1.567000,1.138378,0.013909,1.845850,1.171713,-0.000092,1.906268,-0.002402,-0.007607,-0.062551,0.998010,-0.076635,0.103657,0.006908,-0.049734,0.040563,0.003113,0.002212,0.004519,0.013597,17,-0.188324,0.213182,9.751241,-0.045564,-0.035552,0.001053,9.757503,0.080206,0.306910,0.353508
7.801375,1.264000,0.032000,1.566000,1.197085,-0.021212,1.928755,1.179561,-0.004806,1.909135,-0.000457,-0.006469,-0.067575,0.997693,-0.006037,0.062883,0.010373,-0.053375,0.042443,0.002778,0.001957,0.004024,0.014407,17,0.121028,0.306044,9.570679,0.130826,-0.037672,-0.017220,9.578023,0.161173,0.372693,0.355283
7.817955,1.264000,0.032000,1.566000,1.150664,-0.014747,1.885588,1.169192,-0.003700,1.906871,0.000859,-0.008118,-0.063597,0.997942,-0.086845,0.066571,-0.002810,-0.049670,0.042699,0.003082,0.001950,0.004525,0.013725,16,-0.298881,-0.009923,9.379084,0.176207,0.008569,0.000900,9.385475,0.184955,0.342297,0.355606
7.834594,1.264000,0.032000,1.566000,1.169087,0.004157,1.923823,1.174002,0.003513,1.908005,0.000461,-0.006029,-0.070681,0.997481,-0.039164,0.111429,-0.004325,-0.052050,0.039984,0.002936,0.002318,0.004199,0.015002,17,-0.225241,-0.215247,9.508319,0.090084,0.135575,0.055557,9.513713,0.184037,0.371242,0.354794
7.851275,1.263000,0.032000,1.565000,1.147177,-0.012797,1.862139,1.165640,-0.002141,1.905084,0.000810,-0.006123,-0.063325,0.997974,-0.096773,0.057949,-0.016795,-0.049585,0.043062,0.003305,0.001938,0.004546,0.013710,17,0.033660,0.089039,9.487318,-0.106596,0.123470,-0.007226,9.490690,0.195821,0.322045,0.355389
7.867864,1.264000,0.034000,1.564000,1.142512,0.007823,1.875684,1.161703,0.007388,1.901114,-0.002340,-0.006560,-0.069688,0.997544,-0.109262,0.119358,-0.033060,-0.048534,0.039786,0.003794,0.002369,0.004679,0.014750,17,0.170700,-0.284971,9.378876,-0.208277,-0.009492,-0.033855,9.385682,0.226732,0.335546,0.353297
7.884473,1.264000,0.033000,1.564000,1.135562,-0.035641,1.906176,1.158154,-0.003083,1.903550,-0.002530,-0.007774,-0.058981,0.998226,-0.121023,0.031004,-0.026014,-0.048702,0.044069,0.003418,0.001818,0.004667,0.012863,17,-0.040622,-0.168847,9.781524,-0.226501,-0.151645,-0.007779,9.785255,0.277215,0.371877,0.357491
7.901075,1.264000,0.033000,1.563000,1.207787,0.020177,1.901214,1.168500,0.003474,1.903280,-0.002978,-0.006555,-0.063400,0.997962,-0.051212,0.080208,-0.020307,-0.052191,0.041393,0.003469,0.002157,0.004199,0.013546,16,-0.404754,0.207381,10.161453,0.076475,-0.035673,-0.025029,10.174032,0.196353,0.343093,0.354658
7.917676,1.264000,0.034000,1.563000,1.157159,-0.048008,1.894547,1.162220,-0.006649,1.904147,0.000221,-0.008067,-0.065150,0.997843,-0.096322,0.013100,-0.011116,-0.050559,0.045264,0.003371,0.001651,0.004421,0.013933,17,-0.337093,0.381787,10.298538,0.210196,-0.075029,0.054147,10.312707,0.258483,0.357860,0.358319
7.934381,1.263000,0.034000,1.562000,1.161336,0.006530,1.927225,1.162101,0.003150,1.904793,-0.000945,-0.007356,-0.068952,0.997592,-0.090448,0.091000,-0.001591,-0.050676,0.041564,0.003285,0.002152,0.004391,0.014619,17,-0.270328,0.286797,10.299624,0.056025,0.078478,0.040571,10.309434,0.109853,0.380105,0.358663
7.951009,1.262000,0.032000,1.562000,1.171831,-0.011755,1.872913,1.166308,-0.003973,1.903906,0.000848,-0.004967,-0.069739,0.997553,-0.049136,0.026021,0.003699,-0.053237,0.044754,0.003406,0.001730,0.004064,0.014649,17,-0.047360,0.268575,10.211974,0.033768,0.171321,-0.057122,10.215883,0.194051,0.326668,0.356862
7.967602,1.263000,0.033000,1.562000,1.154848,-0.009529,1.870406,1.158228,-0.002617,1.901400,0.001741,-0.005603,-0.072119,0.997379,-0.108882,0.031702,0.002781,-0.050327,0.044825,0.003743,0.001748,0.004467,0.015082,16,-0.052054,0.008484,10.196585,0.120221,0.100777,0.017908,10.196882,0.176403,0.329575,0.356985
7.984176,1.262000,0.034000,1.562000,1.152824,-0.026767,1.917934,1.155916,-0.011900,1.903977,0.002387,-0.005676,-0.067188,0.997721,-0.114175,-0.042364,0.013860,-0.050635,0.048266,0.003397,0.001318,0.004443,0.014275,17,-0.098799,-0.223984,10.167259,-0.084708,-0.016638,0.056549,10.172372,0.135582,0.377228,0.360983
8.000880,1.263000,0.034000,1.562000,1.161163,0.000919,1.913473,1.157646,-0.003278,1.904207,0.000981,-0.005471,-0.068474,0.997637,-0.088707,0.037094,0.018787,-0.051571,0.044531,0.003448,0.001841,0.004310,0.014384,17,-0.168290,0.475410,10.125651,0.032235,-0.029724,-0.059685,10.144119,0.107515,0.367421,0.359993
8.017511,1.263000,0.035000,1.562000,1.173479,0.008744,1.953129,1.163923,0.001355,1.908313,0.000642,-0.004569,-0.069178,0.997594,-0.039671,0.066425,0.027621,-0.054049,0.042781,0.002977,0.002084,0.003982,0.014508,17,-0.254225,0.051872,9.784391,0.053909,-0.017415,0.020351,9.792710,0.083619,0.402101,0.361775
8.034119,1.263000,0.036000,1.562000,1.189585,-0.018508,1.912714,1.170188,-0.006215,1.910081,0.002327,-0.004388,-0.065679,0.997828,0.005861,-0.004250,0.028793,-0.056679,0.045842,0.002803,0.001692,0.003649,0.013935,17,0.105499,-0.176044,9.682202,0.054002,-0.098728,0.024251,9.685866,0.138594,0.362438,0.362707
8.050680,1.262000,0.037000,1.561000,1.186297,-0.011010,1.890413,1.170438,-0.003488,1.907627,0.002077,-0.005402,-0.063561,0.997961,-0.005279,0.021946,0.017345,-0.056150,0.044692,0.003241,0.001878,0.003726,0.013527,16,-0.264662,0.105411,9.588246,0.056508,-0.094356,-0.018929,9.595403,0.137570,0.341392,0.360795
8.067314,1.261000,0.034000,1.561000,1.174972,0.012636,1.860993,1.166827,0.005618,1.902769,0.000255,-0.006403,-0.058452,0.998270,-0.041512,0.085548,-0.001549,-0.054285,0.041715,0.003945,0.002303,0.003969,0.012674,17,-0.396624,-0.122555,9.469814,-0.039765,-0.032746,0.025611,9.479800,0.090543,0.312815,0.355641
8.083955,1.262000,0.037000,1.561000,1.184452,-0.032002,1.883612,1.169348,-0.004963,1.902140,0.000589,-0.006530,-0.063519,0.997959,-0.020321,0.003177,-0.005846,-0.055815,0.045677,0.004050,0.001789,0.003783,0.013526,17,0.069387,0.113652,9.622223,-0.165630,-0.088533,0.007258,9.628331,0.197989,0.338901,0.355980
8.100612,1.261000,0.034000,1.561000,1.157583,-0.004519,1.870301,1.162388,0.000524,1.898373,-0.001236,-0.009167,-0.063125,0.997963,-0.070622,0.056905,-0.020192,-0.052965,0.043639,0.004567,0.002073,0.004136,0.013397,17,0.048861,0.428348,9.544611,-0.088189,-0.181903,-0.037021,9.555263,0.211220,0.328399,0.353080
8.117224,1.261000,0.034000,1.560000,1.165921,0.021623,1.915844,1.164659,0.010649,1.898765,-0.002295,-0.010919,-0.059352,0.998175,-0.048250,0.126287,-0.019131,-0.053816,0.040071,0.004496,0.002534,0.003992,0.012708,16,-0.119727,0.061539,9.799848,0.074756,-0.284353,-0.024051,9.804472,0.305730,0.368535,0.352971
8.133780,1.261000,0.035000,1.559000,1.169356,0.008864,1.844962,1.166522,0.006493,1.896671,0.000299,-0.011684,-0.062082,0.998003,-0.038462,0.073583,-0.024940,-0.055010,0.042585,0.004717,0.002211,0.003817,0.013118,17,-0.365093,-0.055840,9.695987,0.199270,-0.152080,-0.026497,9.704239,0.257934,0.301423,0.351796
8.150480,1.261000,0.036000,1.558000,1.138592,-0.025408,1.788104,1.159371,-0.000920,1.889352,0.003244,-0.012988,-0.058236,0.998213,-0.092672,0.007056,-0.042912,-0.053038,0.046119,0.005625,0.001804,0.004052,0.012481,17,-0.177490,-0.173620,9.784444,0.207926,-0.042427,0.027015,9.788815,0.222656,0.267773,0.348548
8.167098,1.260000,0.035000,1.559000,1.181076,-0.004019,1.860861,1.167058,0.002679,1.886431,0.002819,-0.011237,-0.054583,0.998442,-0.028051,0.030523,-0.050294,-0.056396,0.044171,0.006003,0.002077,0.003597,0.011882,17,-0.229897,-0.333029,9.706410,0.048377,0.026929,0.036118,9.716421,0.081632,0.314439,0.341898
8.183728,1.259000,0.035000,1.558000,1.160690,-0.015387,1.908392,1.158643,-0.001710,1.887154,0.003146,-0.012343,-0.058171,0.998225,-0.096351,-0.004786,-0.046792,-0.053504,0.046484,0.005736,0.001815,0.003940,0.012434,17,-0.255694,0.202227,9.800118,-0.055622,0.012130,-0.033975,9.806843,0.088078,0.367394,0.346066
8.200301,1.260000,0.038000,1.557000,1.146082,-0.004808,1.828254,1.150985,0.002654,1.881430,0.001737,-0.013219,-0.057343,0.998266,-0.145031,0.034853,-0.058108,-0.050839,0.044992,0.006403,0.002038,0.004242,0.012307,16,0.076391,0.245601,9.939608,-0.075603,0.011288,0.017842,9.943693,0.105614,0.297302,0.344076
8.216944,1.259000,0.035000,1.556000,1.151366,-0.018989,1.857525,1.152330,-0.004272,1.880107,0.002948,-0.012946,-0.060828,0.998060,-0.119043,-0.018294,-0.057457,-0.052552,0.047622,0.006479,0.001715,0.003987,0.012930,17,0.004225,0.225104,9.882429,0.015737,-0.061493,0.050116,9.886758,0.100076,0.324680,0.343462
8.233678,1.258000,0.036000,1.556000,1.196462,0.021528,1.865638,1.160146,0.003971,1.877702,0.000583,-0.011563,-0.057842,0.998259,-0.058958,0.033952,-0.061637,-0.055502,0.044441,0.006731,0.002128,0.003585,0.012435,17,-0.258138,-0.216375,9.758999,-0.123299,-0.009906,0.029294,9.766134,0.137167,0.316025,0.337778
8.250242,1.258000,0.036000,1.555000,1.167269,-0.008802,1.888538,1.154767,-0.002228,1.877997,0.001022,-0.012591,-0.060114,0.998112,-0.106159,-0.021568,-0.063042,-0.053667,0.047410,0.006502,0.001767,0.003796,0.012779,17,-0.159778,-0.097365,9.533008,-0.086758,-0.032186,-0.018313,9.535964,0.099916,0.348549,0.341241
8.266790,1.256000,0.034000,1.554000,1.153182,-0.004700,1.838930,1.148106,-0.000795,1.873194,-0.000616,-0.013039,-0.063771,0.997879,-0.153518,-0.008527,-0.078504,-0.051388,0.046910,0.006990,0.001835,0.004050,0.013471,16,-0.116734,-0.112667,9.464523,-0.171312,0.045011,0.063424,9.469302,0.191109,0.305376,0.338728
8.283467,1.256000,0.035000,1.553000,1.131338,0.017670,1.824098,1.139971,0.006424,1.866640,-0.003365,-0.013811,-0.060460,0.998069,-0.197216,0.049354,-0.095233,-0.048886,0.044513,0.007649,0.002145,0.004323,0.012892,17,0.048681,0.271134,9.601565,-0.206687,0.007416,0.004546,9.607151,0.213702,0.298890,0.335633
8.300086,1.255000,0.036000,1.552000,1.162668,-0.001297,1.864812,1.147075,0.002394,1.865912,-0.004234,-0.011830,-0.058271,0.998222,-0.125200,0.014620,-0.094344,-0.052941,0.046036,0.007618,0.001940,0.003798,0.012489,17,-0.117529,0.311347,9.695944,-0.207845,0.019761,-0.007213,9.704231,0.210820,0.328280,0.333644
8.316761,1.254000,0.035000,1.551000,1.133145,0.002821,1.843831,1.136671,0.004163,1.861437,-0.005439,-0.011780,-0.059535,0.998142,-0.197854,0.023705,-0.102195,-0.049633,0.045918,0.007931,0.001938,0.004188,0.012737,17,-0.343015,-0.141113,9.805220,-0.146886,0.160877,0.037656,9.813386,0.227884,0.318421,0.333299
8.333310,1.254000,0.038000,1.550000,1.137069,-0.019167,1.798273,1.137534,-0.004777,1.857012,-0.004536,-0.009990,-0.049433,0.998717,-0.175499,-0.053627,-0.112464,-0.051424,0.049435,0.008352,0.001505,0.003964,0.011035,16,-0.142911,-0.242095,9.586578,-0.087590,0.147172,0.023190,9.592728,0.191772,0.280322,0.331135
8.349904,1.253000,0.035000,1.550000,1.160018,-0.021061,1.851165,1.146007,-0.007867,1.856952,-0.005920,-0.007309,-0.042568,0.999049,-0.093323,-0.061680,-0.116396,-0.055701,0.049301,0.008260,0.001518,0.003441,0.009826,17,-0.204894,-0.153926,9.361616,-0.185569,0.110257,-0.015340,9.368116,0.218762,0.320139,0.327879
8.366561,1.252000,0.035000,1.549000,1.157943,0.013402,1.832077,1.145739,0.001377,1.853165,-0.008907,-0.006472,-0.038837,0.999185,-0.088755,0.020070,-0.121849,-0.055429,0.045359,0.008522,0.001982,0.003477,0.009126,17,0.036661,0.173328,9.771351,-0.176742,0.103621,-0.031297,9.775974,0.210236,0.299075,0.323942
8.383211,1.250000,0.036000,1.548000,1.144437,0.009713,1.830766,1.139413,0.001253,1.848641,-0.009162,-0.006990,-0.037206,0.999241,-0.133315,0.017113,-0.128297,-0.053406,0.046149,0.008794,0.001848,0.003731,0.008863,17,-0.160191,0.375817,9.797789,-0.080559,0.051341,0.019729,9.807086,0.153596,0.302970,0.322214
8.399824,1.250000,0.037000,1.546000,1.172810,-0.006202,1.868325,1.147122,-0.003269,1.848229,-0.010162,-0.003795,-0.053061,0.998532,-0.065582,-0.018414,-0.126618,-0.057401,0.047423,0.008655,0.001614,0.003246,0.011573,17,-0.316617,-0.225468,9.657253,-0.243543,0.169359,0.043706,9.667359,0.310943,0.334243,0.321788
8.416425,1.249000,0.036000,1.545000,1.120275,0.005675,1.836115,1.136199,-0.000440,1.844843,-0.012662,-0.003787,-0.054323,0.998436,-0.140894,0.001138,-0.131018,-0.053808,0.046757,0.008737,0.001636,0.003711,0.011773,16,-0.258780,-0.168887,9.738091,-0.304141,0.187835,0.006251,9.744256,0.366873,0.319746,0.322425
8.433022,1.247000,0.036000,1.544000,1.134499,-0.011261,1.841199,1.140421,-0.006992,1.842915,-0.012966,-0.000774,-0.051431,0.998592,-0.089147,-0.050370,-0.129830,-0.056854,0.049147,0.008755,0.001287,0.003362,0.011258,17,-0.120471,0.007742,9.809927,-0.206859,0.229956,-0.005265,9.811769,0.314490,0.321274,0.320246
8.449715,1.246000,0.037000,1.543000,1.146649,-0.004494,1.837011,1.145274,-0.004435,1.840487,-0.014179,0.001917,-0.046663,0.998808,-0.038155,-0.019258,-0.132546,-0.059238,0.047463,0.008831,0.001447,0.003112,0.010421,17,0.025910,0.076073,9.710908,-0.094917,0.223214,-0.007243,9.712417,0.249951,0.313105,0.316799
8.466309,1.246000,0.038000,1.541000,1.156947,-0.036710,1.829149,1.148320,-0.014299,1.837890,-0.013905,0.003669,-0.052006,0.998543,-0.014134,-0.092853,-0.137409,-0.061066,0.050666,0.008933,0.000976,0.002941,0.011308,17,-0.111424,-0.250061,9.609473,-0.179932,0.140568,-0.005181,9.614497,0.249573,0.310711,0.316891
8.482941,1.245000,0.038000,1.540000,1.179194,0.025556,1.920430,1.151806,-0.003434,1.839506,-0.017262,0.004707,-0.031216,0.999352,0.012494,-0.005329,-0.128728,-0.061914,0.046547,0.008363,0.001444,0.002892,0.007805,16,-0.254852,-0.036543,9.743416,-0.194244,0.124799,0.000015,9.747733,0.247176,0.386281,0.316395
8.499547,1.244000,0.040000,1.539000,1.135082,-0.023666,1.848676,1.145537,-0.011475,1.838332,-0.017723,0.004685,-0.037950,0.999111,-0.039488,-0.062601,-0.125672,-0.059837,0.049437,0.008271,0.000988,0.003206,0.009021,17,-0.231151,-0.263669,9.841056,-0.253751,0.131641,0.059033,9.849065,0.305054,0.334389,0.319288
8.516234,1.243000,0.040000,1.537000,1.115141,-0.000741,1.821329,1.137576,-0.005155,1.834848,-0.021720,0.003912,-0.037800,0.999042,-0.087115,0.001991,-0.128568,-0.057166,0.046643,0.008413,0.001234,0.003602,0.008970,17,-0.001204,0.138806,9.894465,-0.372357,0.062128,-0.012600,9.897222,0.394637,0.314405,0.319166
8.532828,1.243000,0.042000,1.536000,1.107656,0.011469,1.780299,1.130890,0.000587,1.828240,-0.025168,0.003134,-0.039479,0.998898,-0.116940,0.056981,-0.139304,-0.055685,0.044395,0.008955,0.001392,0.003839,0.009201,17,-0.002107,0.434080,9.911188,-0.349042,-0.007576,-0.029315,9.921271,0.354438,0.280949,0.315734
8.549480,1.242000,0.044000,1.535000,1.165784,-0.035721,1.871791,1.138135,-0.006447,1.828758,-0.026307,0.004334,-0.043700,0.998689,-0.051425,0.014340,-0.131038,-0.059367,0.046575,0.008659,0.000997,0.003441,0.009884,17,-0.235391,0.296291,9.889658,-0.319573,-0.031300,-0.010218,9.898652,0.326575,0.354390,0.315637
8.566026,1.241000,0.044000,1.534000,1.150374,0.014416,1.820844,1.135863,0.003406,1.824988,-0.028929,0.003215,-0.034591,0.998978,-0.064702,0.093415,-0.135212,-0.058271,0.042988,0.008815,0.001311,0.003626,0.008372,16,0.040686,0.097836,9.898393,-0.170012,-0.045269,0.020484,9.900132,0.188376,0.302271,0.312050
8.582705,1.240000,0.045000,1.533000,1.119329,-0.020345,1.780403,1.128380,-0.003042,1.819512,-0.027690,0.002225,-0.030259,0.999156,-0.113430,0.036900,-0.141218,-0.056289,0.046096,0.009334,0.000787,0.003901,0.007643,17,-0.192707,-0.161741,9.900850,-0.057322,0.027150,0.005294,9.904747,0.083589,0.282914,0.311217
8.599355,1.239000,0.046000,1.532000,1.135709,0.023848,1.785932,1.131271,0.007549,1.813149,-0.029498,0.003187,-0.034088,0.998978,-0.079496,0.112635,-0.153498,-0.057778,0.042217,0.009761,0.001121,0.003784,0.008282,17,-0.119936,-0.126976,9.712297,-0.088732,0.044771,0.006921,9.714634,0.125308,0.275030,0.303527
8.616001,1.240000,0.049000,1.530000,1.129811,0.002203,1.710894,1.127684,0.000268,1.804324,-0.027340,0.003328,-0.035282,0.998998,-0.092427,0.046166,-0.170456,-0.057396,0.045850,0.010717,0.000520,0.003859,0.008436,17,-0.015516,0.134961,9.672824,0.007141,0.069817,-0.007757,9.676076,0.102697,0.216919,0.300406
8.632516,1.238000,0.050000,1.529000,1.127237,-0.015258,1.819377,1.126045,-0.007573,1.803487,-0.025587,0.003434,-0.040342,0.998852,-0.094165,-0.015990,-0.170749,-0.057601,0.049036,0.010584,0.000015,0.003883,0.009265,16,-0.082619,-0.108777,9.528216,-0.008798,0.028811,-0.003919,9.530223,0.072291,0.317562,0.301980
8.649140,1.238000,0.053000,1.527000,1.149929,0.018692,1.832570,1.132238,0.002011,1.803798,-0.026506,0.003925,-0.037790,0.998926,-0.044144,0.055748,-0.164466,-0.059930,0.045295,0.010024,0.000353,0.003664,0.008808,17,-0.170827,-0.162645,9.744342,0.033000,-0.032039,-0.009024,9.748489,0.058702,0.319854,0.300670
8.665859,1.238000,0.056000,1.526000,1.138762,-0.007883,1.843838,1.128727,-0.005425,1.804162,-0.024772,0.002805,-0.040584,0.998865,-0.068004,-0.009663,-0.155283,-0.059060,0.048621,0.009764,-0.000185,0.003818,0.009311,17,-0.085876,-0.241324,9.870801,-0.014534,-0.060054,0.028662,9.874986,0.074761,0.339043,0.305103
8.682528,1.238000,0.061000,1.523000,1.141096,0.040325,1.768103,1.129231,0.006668,1.798753,-0.026869,0.002041,-0.036928,0.998955,-0.059857,0.078149,-0.162762,-0.059275,0.044382,0.009948,0.000211,0.003843,0.008757,17,-0.214743,-0.037832,9.802366,-0.076669,-0.088117,0.044456,9.805151,0.130429,0.264373,0.301367
8.699068,1.238000,0.061000,1.523000,1.167532,0.018680,1.859692,1.138262,0.003334,1.803149,-0.025966,0.002298,-0.043298,0.998722,0.005169,0.040501,-0.143971,-0.062818,0.046149,0.009083,-0.000127,0.003470,0.009811,16,-0.198862,-0.031656,9.883062,-0.052330,-0.142943,0.012348,9.885421,0.184707,0.346581,0.302914
8.715705,1.237000,0.065000,1.521000,1.140432,-0.001292,1.902538,1.131062,-0.001612,1.809436,-0.024369,-0.000231,-0.047305,0.998583,-0.057712,-0.001283,-0.121227,-0.060148,0.048376,0.008069,-0.000535,0.003850,0.010507,17,-0.325442,-0.241771,9.890368,0.031085,-0.147690,0.009364,9.901461,0.167012,0.399113,0.314412
8.731861,1.237000,0.069000,1.519000,1.085146,0.040992,1.748344,1.121061,0.005783,1.805799,-0.025015,-0.002722,-0.040567,0.998860,-0.119513,0.052533,-0.127071,-0.057011,0.046058,0.008159,-0.000372,0.004258,0.009419,17,-0.138684,-0.165634,9.722837,0.013720,-0.116033,0.012035,9.725969,0.143394,0.276482,0.315741
8.748942,1.237000,0.071000,1.518000,1.149231,0.056776,1.877793,1.130407,0.012166,1.809846,-0.024703,-0.001926,-0.043593,0.998742,-0.039521,0.083986,-0.113343,-0.061012,0.044355,0.007188,-0.000261,0.003800,0.009915,17,-0.101014,-0.094273,9.671904,0.074347,-0.102396,0.020284,9.674049,0.146016,0.370616,0.316224
8.765157,1.236000,0.074000,1.517000,1.146155,0.002380,1.771453,1.130818,0.003902,1.806611,-0.022942,-0.002735,-0.048294,0.998566,-0.038362,0.010236,-0.116090,-0.061443,0.047965,0.007599,-0.000828,0.003772,0.010695,16,-0.098500,-0.178131,9.846753,-0.031549,-0.112339,0.011189,9.849408,0.127424,0.279191,0.315993
8.782127,1.236000,0.078000,1.515000,1.200021,0.010947,1.885049,1.141999,0.006497,1.810392,-0.023923,-0.002805,-0.046380,0.998633,0.041376,0.025638,-0.103930,-0.065361,0.046783,0.006778,-0.000776,0.003301,0.010317,17,-0.020727,-0.226158,9.714433,-0.101383,-0.213019,-0.002331,9.718451,0.243928,0.377792,0.318128
8.798764,1.236000,0.081000,1.514000,1.106516,0.025262,1.796875,1.130539,0.008823,1.806952,-0.023629,-0.006347,-0.045799,0.998651,-0.042298,0.041160,-0.108868,-0.061332,0.046388,0.006967,-0.000851,0.003811,0.010293,17,-0.116450,-0.114265,9.738226,0.021845,-0.208274,0.028306,9.741182,0.231953,0.316055,0.319613
8.815261,1.236000,0.087000,1.512000,1.151934,0.081737,1.825913,1.136729,0.020073,1.803209,-0.025177,-0.006833,-0.043371,0.998718,0.003552,0.111590,-0.112703,-0.063580,0.042890,0.007005,-0.000523,0.003533,0.009921,17,-0.239042,-0.081801,9.853750,-0.040335,-0.182057,0.038531,9.858845,0.210623,0.325017,0.314860
8.832052,1.235000,0.090000,1.511000,1.114530,0.023941,1.762020,1.130855,0.014368,1.798933,-0.022892,-0.009069,-0.043852,0.998735,-0.043509,0.057694,-0.114277,-0.061768,0.046159,0.007492,-0.001039,0.003734,0.009875,17,-0.271955,0.243629,10.051075,0.062678,-0.160980,-0.084523,10.060334,0.204216,0.286160,0.315391
8.848237,1.235000,0.094000,1.509000,1.121648,0.039393,1.821156,1.132923,0.024108,1.798502,-0.022521,-0.008934,-0.043270,0.998770,-0.023951,0.124301,-0.110332,-0.062868,0.042972,0.007103,-0.000747,0.003595,0.009746,16,-0.351227,0.052034,9.843596,0.176984,-0.040990,-0.016538,9.851868,0.200541,0.336559,0.314827
8.865087,1.235000,0.100000,1.507000,1.105394,0.059871,1.718682,1.125053,0.033281,1.791069,-0.021463,-0.009814,-0.044551,0.998728,-0.076947,0.177891,-0.126232,-0.060283,0.040443,0.007674,-0.000546,0.003907,0.010057,17,-0.139260,-0.196513,9.709270,0.223892,0.033746,0.056288,9.713014,0.242391,0.251431,0.311825
8.881915,1.235000,0.105000,1.505000,1.139009,0.042062,1.806495,1.133595,0.031293,1.791839,-0.019034,-0.008218,-0.050661,0.998501,-0.008487,0.134157,-0.119881,-0.064006,0.042069,0.007404,-0.000824,0.003477,0.010987,17,-0.062494,-0.495916,9.714052,0.165368,0.015196,-0.010880,9.727399,0.173745,0.322606,0.313037
8.898366,1.233000,0.109000,1.503000,1.152984,0.029017,1.810001,1.140306,0.027001,1.791543,-0.015849,-0.007443,-0.043478,0.998901,0.041281,0.079393,-0.114193,-0.066816,0.044558,0.007327,-0.001181,0.003088,0.009731,17,0.007715,-0.245833,9.908909,0.224356,-0.039520,-0.002876,9.912596,0.236185,0.327184,0.313964
8.915004,1.233000,0.114000,1.502000,1.121441,0.017808,1.769120,1.131129,0.024205,1.788227,-0.014235,-0.009480,-0.048587,0.998673,-0.035343,0.047977,-0.118960,-0.063347,0.046168,0.007586,-0.001451,0.003519,0.010667,16,-0.138983,-0.308578,9.729038,0.095160,-0.055494,0.042637,9.737407,0.143104,0.305043,0.316807
8.930693,1.233000,0.119000,1.501000,1.115400,0.093947,1.696413,1.129705,0.036084,1.783486,-0.016011,-0.009705,-0.049788,0.998584,-0.047851,0.125940,-0.126355,-0.062823,0.042327,0.007761,-0.001061,0.003582,0.010846,16,-0.415580,-0.129897,9.793267,-0.050961,-0.013877,-0.020505,9.803653,0.091927,0.229442,0.311999
8.948411,1.233000,0.125000,1.499000,1.115040,0.055370,1.792018,1.128065,0.029914,1.783552,-0.013914,-0.008993,-0.046501,0.998781,-0.054319,0.056322,-0.120611,-0.063110,0.046048,0.007589,-0.001562,0.003511,0.010178,18,-0.237005,0.012696,9.764765,0.021558,0.073541,-0.059640,9.768529,0.124051,0.323454,0.317840
8.965102,1.233000,0.129000,1.497000,1.147813,0.062930,1.743914,1.137424,0.035650,1.778748,-0.012657,-0.006301,-0.041507,0.999038,0.020351,0.090711,-0.127364,-0.066825,0.044703,0.007914,-0.001443,0.003048,0.009335,17,-0.126450,0.620055,9.812017,0.185060,0.139157,0.034772,9.833586,0.239898,0.269423,0.311819
8.981682,1.231000,0.134000,1.495000,1.120639,0.092510,1.713755,1.129690,0.047116,1.772630,-0.011910,-0.006475,-0.037316,0.999212,-0.035904,0.153365,-0.134556,-0.063888,0.042045,0.008247,-0.001178,0.003383,0.008700,17,-0.084921,0.032424,9.946638,0.212914,0.133740,0.016230,9.949056,0.259487,0.248504,0.308044
8.998256,1.231000,0.141000,1.493000,1.100254,0.072385,1.682521,1.121150,0.044342,1.764353,-0.009564,-0.006634,-0.039172,0.999165,-0.091266,0.098429,-0.149426,-0.061482,0.044889,0.009098,-0.001563,0.003666,0.009047,16,-0.052638,-0.230141,9.771474,0.124164,0.128617,0.020379,9.774776,0.189308,0.240251,0.308289
9.014859,1.230000,0.147000,1.492000,1.145675,0.077264,1.739728,1.130126,0.048125,1.759977,-0.008590,-0.003908,-0.036950,0.999273,-0.012457,0.108909,-0.152149,-0.065444,0.044190,0.009345,-0.001506,0.003208,0.008611,17,0.004983,0.068917,9.893113,0.125165,0.141338,-0.004648,9.895695,0.194945,0.270819,0.302593
9.030800,1.230000,0.154000,1.490000,1.102241,0.091108,1.695418,1.120055,0.055174,1.751586,-0.007335,-0.004714,-0.037025,0.999276,-0.085109,0.137804,-0.163166,-0.061835,0.043254,0.010029,-0.001434,0.003641,0.008678,16,-0.113759,0.147478,10.042255,0.204705,0.107986,0.008310,10.044940,0.241001,0.249949,0.300469
9.048195,1.230000,0.159000,1.488000,1.173196,0.092391,1.779799,1.132065,0.058961,1.752299,-0.005316,-0.002227,-0.039021,0.999222,0.001795,0.137044,-0.155051,-0.066216,0.042883,0.009583,-0.001406,0.003173,0.008948,18,-0.008507,-0.160147,9.763428,0.229935,0.103223,0.001936,9.766228,0.260663,0.304648,0.299087
9.064782,1.229000,0.166000,1.486000,1.119596,0.128962,1.765165,1.123940,0.068998,1.751477,-0.003288,-0.003706,-0.035832,0.999346,-0.059492,0.181529,-0.152866,-0.063001,0.041035,0.009231,-0.001206,0.003555,0.008479,16,-0.022199,-0.017702,9.678385,0.365275,0.000517,0.014432,9.679980,0.376580,0.302116,0.301538
9.081394,1.228000,0.169000,1.485000,1.102542,0.071616,1.772005,1.119266,0.062964,1.752706,0.001144,-0.004650,-0.031148,0.999503,-0.079439,0.106587,-0.142795,-0.062271,0.045064,0.008830,-0.001661,0.003620,0.007710,17,0.134459,0.107615,9.840801,0.352893,-0.064276,0.004558,9.844049,0.362302,0.328017,0.307787
9.098054,1.228000,0.175000,1.484000,1.136402,0.135188,1.625156,1.123258,0.074863,1.742023,0.001271,-0.004464,-0.032308,0.999467,-0.040722,0.169215,-0.160645,-0.064071,0.041686,0.009813,-0.001243,0.003433,0.007884,17,-0.071994,-0.108448,9.936614,0.200797,-0.063623,0.008481,9.938875,0.220238,0.172917,0.295929
9.114712,1.228000,0.183000,1.482000,1.134925,0.145239,1.760519,1.122996,0.085791,1.741325,0.002306,-0.005146,-0.033763,0.999414,-0.042522,0.209765,-0.155404,-0.063968,0.039742,0.009417,-0.001022,0.003473,0.008165,17,-0.007837,0.034657,9.835223,0.225196,-0.061897,0.000525,9.836369,0.236074,0.296077,0.296184
9.131366,1.227000,0.188000,1.481000,1.148232,0.114475,1.743182,1.128639,0.082333,1.741077,0.006292,-0.004671,-0.040777,0.999138,-0.006172,0.143853,-0.145155,-0.066106,0.043160,0.009176,-0.001390,0.003259,0.009245,17,-0.065314,0.292712,10.045834,0.309401,-0.007055,0.009095,10.052379,0.320619,0.283460,0.297456
9.147858,1.226000,0.196000,1.479000,1.114944,0.107929,1.709517,1.119679,0.084032,1.735806,0.008675,-0.006227,-0.041743,0.999071,-0.077763,0.124938,-0.152938,-0.062685,0.044394,0.009520,-0.001488,0.003665,0.009475,16,-0.034126,-0.020854,9.793671,0.265092,0.009542,0.002983,9.796961,0.270468,0.270606,0.299650
9.164507,1.225000,0.201000,1.478000,1.106408,0.149954,1.686913,1.116474,0.097159,1.730784,0.007496,-0.007600,-0.045989,0.998885,-0.088618,0.194355,-0.161318,-0.061822,0.040905,0.009730,-0.001040,0.003788,0.010207,17,0.189735,-0.030317,9.631872,0.066360,-0.110863,0.022212,9.636636,0.151007,0.245590,0.294042
9.181225,1.225000,0.207000,1.476000,1.125012,0.151792,1.670692,1.124573,0.102070,1.725640,0.008313,-0.006941,-0.050520,0.998664,-0.017359,0.197043,-0.168715,-0.065548,0.040614,0.010014,-0.000961,0.003379,0.010869,17,-0.057583,0.189781,9.671247,0.129213,-0.088211,-0.005867,9.675526,0.158662,0.225722,0.288819
9.197795,1.224000,0.214000,1.474000,1.127116,0.153631,1.823417,1.125672,0.108449,1.730944,0.009093,-0.007952,-0.049684,0.998692,-0.009395,0.199676,-0.148385,-0.065985,0.040399,0.008865,-0.000890,0.003322,0.010758,17,0.017219,-0.115506,9.798344,0.133634,-0.141824,0.032741,9.800385,0.202804,0.367591,0.294669
9.214384,1.223000,0.219000,1.473000,1.142872,0.185383,1.684367,1.129473,0.122623,1.727015,0.008868,-0.007147,-0.026256,0.999590,0.023242,0.258938,-0.153779,-0.067678,0.037432,0.008986,-0.000463,0.003057,0.006856,16,-0.296848,-0.163345,9.730997,0.168445,-0.065256,0.002732,9.738776,0.189936,0.228532,0.287332
9.230988,1.222000,0.224000,1.471000,1.105931,0.170781,1.752436,1.120183,0.126751,1.726017,0.010187,-0.008049,-0.004276,0.999907,-0.048290,0.230283,-0.150929,-0.064429,0.039526,0.008741,-0.000633,0.003497,0.004273,17,-0.065665,-0.121173,9.736945,0.120262,-0.000497,0.028283,9.739008,0.133987,0.309047,0.291304
9.247683,1.222000,0.232000,1.470000,1.126692,0.182050,1.704979,1.128613,0.136327,1.723958,0.009375,-0.006933,0.000667,0.999932,0.000315,0.252731,-0.151125,-0.067927,0.038604,0.008626,-0.000484,0.003040,0.005330,15,0.010867,-0.587025,9.732511,-0.053563,-0.034929,0.033086,9.751169,0.114156,0.258445,0.287000
9.264313,1.221000,0.249000,1.465000,1.095408,0.204627,1.824428,1.120827,0.147160,1.725100,0.008682,-0.009231,-0.012801,0.999838,-0.060244,0.289477,-0.141429,-0.064494,0.037134,0.008006,-0.000286,0.003523,0.007407,17,-0.102479,0.088073,9.818726,0.021877,-0.067017,-0.027769,9.821387,0.099205,0.383315,0.296746
9.280931,1.220000,0.256000,1.463000,1.118038,0.177425,1.706236,1.125453,0.145177,1.721353,0.011266,-0.008629,-0.013049,0.999814,-0.016714,0.225050,-0.145294,-0.067076,0.040453,0.008153,-0.000613,0.003215,0.007405,17,-0.198166,0.250185,9.715354,0.161845,-0.054149,0.028853,9.722892,0.182047,0.275199,0.296593
9.297504,1.219000,0.259000,1.462000,1.119080,0.222443,1.768861,1.124875,0.160543,1.723471,0.010391,-0.009303,-0.010613,0.999846,-0.016440,0.292845,-0.136608,-0.066999,0.037045,0.007489,-0.000157,0.003207,0.007015,16,0.026135,-0.075714,9.607058,0.103500,-0.096204,0.002152,9.607510,0.182666,0.324783,0.294822
9.314155,1.217000,0.270000,1.458000,1.103652,0.179292,1.769706,1.120921,0.157521,1.725773,0.011962,-0.011427,-0.010304,0.999810,-0.043985,0.212467,-0.127618,-0.065857,0.041080,0.006762,-0.000561,0.003317,0.006947,17,0.015399,-0.106408,9.622400,0.008525,-0.205728,-0.012180,9.623785,0.211951,0.343855,0.305916
9.330755,1.217000,0.276000,1.457000,1.114027,0.175562,1.692205,1.124284,0.159383,1.721654,0.012506,-0.011717,-0.004392,0.999843,-0.010615,0.190431,-0.131029,-0.067881,0.042291,0.006997,-0.000621,0.003044,0.005968,17,-0.217267,0.207379,9.861975,0.030080,-0.171125,-0.006579,9.868271,0.203469,0.275704,0.303707
9.347405,1.215000,0.278000,1.456000,1.104015,0.246861,1.761398,1.122527,0.174881,1.720461,0.012167,-0.011348,-0.003207,0.999856,-0.027716,0.267295,-0.126621,-0.067238,0.038833,0.006821,-0.000145,0.003100,0.005846,17,-0.305933,0.406841,9.873759,0.175412,0.062119,0.047141,9.890126,0.201502,0.326428,0.298537
9.363959,1.215000,0.281000,1.455000,1.126652,0.239439,1.723695,1.130138,0.178698,1.720605,0.013158,-0.008727,0.007940,0.999844,0.040631,0.235050,-0.122103,-0.070894,0.040289,0.006461,-0.000224,0.002650,0.004078,16,-0.013361,-0.232706,9.663581,0.074648,0.100890,-0.005770,9.667649,0.131611,0.285884,0.297007
9.380566,1.215000,0.282000,1.455000,1.073858,0.244076,1.709325,1.120511,0.185464,1.718561,0.012328,-0.010178,0.021947,0.999631,-0.045032,0.226999,-0.120264,-0.066301,0.039592,0.006301,-0.000075,0.003165,0.002800,17,-0.029130,-0.441004,9.724882,-0.018661,0.011649,0.006387,9.736997,0.080183,0.293327,0.296162
9.397224,1.214000,0.290000,1.453000,1.111406,0.234192,1.743272,1.126833,0.188899,1.718445,0.012407,-0.007772,0.033298,0.999338,0.025089,0.194920,-0.113171,-0.070216,0.041519,0.005869,-0.000145,0.002644,0.001882,17,-0.196015,-0.005822,9.756744,-0.022214,0.070544,-0.010385,9.761695,0.083319,0.312886,0.297120
9.413878,1.212000,0.295000,1.451000,1.085839,0.259909,1.779895,1.117509,0.202117,1.721023,0.011346,-0.008447,0.033638,0.999334,-0.038915,0.247339,-0.098622,-0.067256,0.038984,0.005179,0.000204,0.002985,0.002979,17,-0.063791,0.089146,9.963901,0.040524,0.072844,0.023674,9.967146,0.141365,0.354006,0.300779
9.430018,1.211000,0.300000,1.450000,1.056270,0.265162,1.619308,1.107271,0.209142,1.715714,0.010790,-0.010578,0.022233,0.999639,-0.110727,0.249049,-0.106673,-0.063470,0.038604,0.005581,0.000296,0.003418,0.004691,16,0.251876,0.009489,9.926537,-0.020770,-0.041854,-0.031580,9.930209,0.105857,0.231992,0.299364
9.447051,1.210000,0.305000,1.448000,1.109370,0.284439,1.749563,1.114247,0.219625,1.715141,0.010671,-0.009141,0.024242,0.999607,-0.041030,0.271152,-0.101192,-0.067194,0.037656,0.005395,0.000482,0.002978,0.004406,17,-0.090352,0.008917,9.888317,0.068828,-0.026963,0.034947,9.892114,0.095213,0.318574,0.296347
9.463763,1.209000,0.307000,1.447000,1.099890,0.252857,1.686919,1.102426,0.253662,1.682137,-0.002675,-0.006809,0.005009,0.999961,-0.344998,-1.149337,-0.101192,-0.067194,0.037656,0.005395,0.000482,0.002978,0.004406,1,-0.368304,-0.104001,9.935434,0.110492,0.083725,0.038657,9.942802,0.143919,0.269068,0.263614
9.480430,1.208000,0.314000,1.446000,1.144027,0.254321,1.804740,1.141678,0.259247,1.801505,-0.002697,-0.006947,0.005074,0.999959,1.199340,0.039803,-0.101192,-0.067194,0.037656,0.005395,0.000482,0.002978,0.004406,0,0.000000,0.000000,0.000000,0.000000,0.000000,0.000000,0.000000,0.000000,0.369254,0.365760
9.497028,1.204000,0.324000,1.442000,1.061836,0.289343,1.689853,1.097364,0.279520,1.751322,-0.007764,0.003002,0.999904,-0.011060,-0.278749,0.477072,-0.132270,-0.067326,0.037696,0.005393,0.000482,0.002978,0.004405,8,-0.066671,0.848806,10.009414,0.118228,0.048126,-0.006107,10.045752,0.136248,0.287824,0.330197
9.513600,1.204000,0.330000,1.440000,1.135165,0.247956,1.771569,1.114001,0.266210,1.762032,0.001310,-0.006307,-0.191736,0.981425,0.242671,-0.056681,-0.116218,-0.067450,0.037742,0.005400,0.000482,0.002978,0.004405,16,-0.183068,-0.245947,9.692328,0.246714,0.009507,0.049825,9.698198,0.259722,0.348436,0.340402
9.530241,1.203000,0.331000,1.440000,1.100304,0.294810,1.708045,1.106438,0.279482,1.745247,-0.013381,0.007957,0.999608,0.023271,-0.030335,0.265600,-0.172755,-0.067395,0.037898,0.005390,0.000481,0.002977,0.004403,17,-0.281789,-0.371490,9.627088,0.050131,0.060997,0.044330,9.640253,0.158736,0.289317,0.324274
9.546947,1.203000,0.331000,1.440000,1.104785,0.290162,1.729429,1.107241,0.282582,1.739945,-0.010791,-0.000781,0.248916,0.968465,-0.035174,0.006934,-0.192914,-0.067188,0.037838,0.005393,0.000483,0.002975,0.004404,17,0.065812,-0.270783,9.655472,-0.059955,0.017702,-0.081950,9.666213,0.126210,0.308355,0.318561
9.563536,1.203000,0.331000,1.440000,1.132650,0.281474,1.721026,1.118370,0.280196,1.735537,-0.004187,0.000931,0.909084,-0.416590,0.219973,-0.031216,-0.187397,-0.068085,0.038045,0.005402,0.000481,0.002981,0.004405,17,-0.145960,0.015179,9.758710,-0.014589,0.028195,-0.003776,9.760476,0.064067,0.293901,0.311586
9.580054,1.200000,0.341000,1.437000,1.075174,0.294719,1.679680,1.106864,0.283839,1.717728,0.002407,0.008037,-0.863334,0.504563,0.015131,-0.045806,-0.287487,-0.067608,0.037731,0.005403,0.000481,0.002978,0.004413,16,-0.170413,0.029212,9.606535,-0.078407,0.090250,0.024654,9.610776,0.132236,0.276798,0.301247
9.596729,1.199000,0.344000,1.436000,1.068072,0.291077,1.714667,1.099859,0.285188,1.714936,-0.007712,-0.019827,-0.825002,0.564729,-0.037275,-0.067246,-0.263427,-0.068088,0.037584,0.005420,0.000482,0.002977,0.004422,17,-0.206967,-0.128337,9.498131,-0.174730,0.145988,-0.006456,9.503243,0.233433,0.312407,0.301816
9.613393,1.198000,0.351000,1.434000,1.111479,0.282010,1.719738,1.107040,0.284502,1.712651,0.011076,-0.002960,-0.457358,0.889209,0.169633,-0.161487,-0.237892,-0.066793,0.037373,0.005431,0.000481,0.002978,0.004397,17,-0.167870,-0.182942,9.597373,-0.278917,0.097283,-0.001901,9.602242,0.297303,0.306417,0.300570
9.630044,1.196000,0.354000,1.432000,1.093787,0.316643,1.714224,1.100352,0.295945,1.706688,-0.010018,-0.007193,-0.064240,0.997858,0.028409,0.025172,-0.265372,-0.065731,0.037882,0.005403,0.000477,0.002979,0.004417,17,-0.203797,-0.062907,9.605521,-0.320703,0.032402,-0.004231,9.608904,0.324465,0.302479,0.296601
9.646679,1.194000,0.358000,1.431000,1.117798,0.279263,1.802849,1.110208,0.291799,1.721320,-0.013407,-0.006804,0.746910,0.664755,0.136664,-0.085332,-0.120114,-0.067876,0.037395,0.005371,0.000467,0.002969,0.004390,17,-0.102342,0.100694,9.850231,-0.179064,0.118763,-0.036495,9.853055,0.233648,0.387657,0.309337
9.663171,1.192000,0.363000,1.429000,1.073487,0.329624,1.726560,1.099948,0.296922,1.719822,-0.011900,-0.000066,0.993010,-0.117428,-0.009950,-0.042180,-0.124017,-0.068006,0.035965,0.005307,0.000460,0.002959,0.004384,16,-0.089267,-0.114937,9.677025,-0.067028,0.117596,0.007492,9.678739,0.153319,0.322027,0.312118
9.679852,1.191000,0.368000,1.427000,1.087025,0.323376,1.681956,1.104661,0.301866,1.714911,0.011433,-0.005562,-0.786897,0.616954,0.029085,-0.036326,-0.121480,-0.066950,0.038134,0.005378,0.000455,0.002950,0.004367,17,0.108191,0.071012,9.769601,-0.082621,0.062299,-0.003742,9.771730,0.114367,0.278935,0.307767
9.696520,1.189000,0.370000,1.426000,1.064154,0.348736,1.716518,1.094557,0.312621,1.709336,-0.003609,0.000070,-0.472933,0.881091,-0.053207,0.032904,-0.149655,-0.066682,0.040238,0.005360,0.000471,0.002980,0.004360,17,-0.101685,-0.413590,9.681111,-0.180087,-0.070168,-0.000189,9.691431,0.203496,0.316922,0.304124
9.713083,1.187000,0.375000,1.424000,1.094623,0.310573,1.713548,1.099781,0.306160,1.711528,-0.011658,-0.004979,-0.013021,0.999835,0.063278,-0.053118,-0.109361,-0.066925,0.037588,0.005345,0.000464,0.002966,0.004364,17,-0.133512,-0.134353,9.690929,-0.258896,-0.066788,0.021333,9.698504,0.271371,0.310681,0.308250
9.729693,1.186000,0.380000,1.422000,1.068621,0.338886,1.627315,1.091233,0.316316,1.690761,-0.016731,-0.010263,0.289936,0.956845,-0.007473,0.016919,-0.213178,-0.064580,0.036956,0.005382,0.000448,0.002968,0.004415,16,0.006367,-0.084514,9.669247,-0.229864,-0.099682,0.000875,9.671435,0.252103,0.240046,0.292008
9.746291,1.185000,0.385000,1.420000,1.087009,0.292071,1.621832,1.098207,0.307805,1.680223,-0.013397,-0.011481,0.494490,0.869004,0.044197,0.024451,-0.234639,-0.066923,0.039081,0.005499,0.000427,0.002948,0.004405,17,0.075247,0.007208,9.711210,-0.171635,-0.096813,-0.033341,9.712261,0.202146,0.242846,0.284970
9.762982,1.183000,0.389000,1.418000,1.063901,0.350838,1.661837,1.088114,0.317151,1.672042,-0.016167,-0.011694,0.789630,0.613259,0.050446,0.208288,-0.257535,-0.065069,0.035855,0.005434,0.000425,0.002930,0.004430,17,-0.155684,0.025329,9.979439,-0.053820,0.018632,-0.001105,9.982434,0.078835,0.274040,0.280541
9.779593,1.181000,0.391000,1.417000,1.072923,0.394392,1.639330,1.092320,0.333953,1.664270,-0.007379,-0.001596,0.986008,0.166525,-0.031698,0.295122,-0.273675,-0.068685,0.035262,0.005422,0.000414,0.002876,0.004447,17,-0.067756,-0.122520,9.835615,-0.072352,-0.021407,0.033615,9.837109,0.117386,0.247230,0.268814
9.796205,1.180000,0.397000,1.415000,1.083490,0.327101,1.683531,1.091230,0.327047,1.666495,-0.002937,-0.017557,0.999838,0.002800,-0.036291,0.169535,-0.234095,-0.066736,0.036379,0.005465,0.000421,0.002886,0.004572,16,-0.131931,-0.138653,9.834792,-0.045939,-0.024233,-0.000488,9.837264,0.095808,0.293784,0.275723
9.812787,1.178000,0.400000,1.413000,1.076922,0.330281,1.714268,1.084495,0.331268,1.668439,-0.025928,0.000393,0.998734,-0.043106,-0.136976,0.180354,-0.215522,-0.065578,0.035884,0.005357,0.000416,0.002857,0.004480,17,-0.309477,-0.125917,9.850563,-0.054240,-0.043416,-0.022293,9.857258,0.091911,0.325331,0.280564
9.829457,1.176000,0.406000,1.411000,1.065593,0.375695,1.654405,1.074079,0.348792,1.661373,-0.057753,0.030074,0.995418,-0.070025,-0.184661,0.309518,-0.234442,-0.065809,0.036748,0.005417,0.000410,0.002822,0.004551,17,-0.147673,0.029452,9.752157,-0.045650,-0.000977,0.011430,9.756357,0.122911,0.268987,0.276310
9.846062,1.176000,0.410000,1.409000,1.049485,0.359328,1.639602,1.062580,0.360121,1.656118,-0.127437,0.080006,0.919988,0.361913,-0.262707,0.503115,-0.180003,-0.058213,0.030919,0.005154,0.000436,0.002858,0.004816,17,-0.173925,-0.022308,9.820602,0.064662,0.013456,0.014777,9.823981,0.099265,0.267864,0.276440
9.862753,1.174000,0.414000,1.408000,1.066131,0.384146,1.621759,1.073139,0.344370,1.655778,0.025985,-0.003197,-0.336455,0.941336,-0.231065,0.236374,-0.244509,-0.066096,0.035317,0.005581,0.000419,0.003019,0.004640,17,-0.255152,-0.276251,9.697467,0.104460,0.130500,-0.006157,9.705536,0.172486,0.241288,0.276433
9.879291,1.172000,0.419000,1.405000,1.043744,0.387155,1.624332,1.067016,0.354144,1.646652,-0.009078,-0.006831,0.003891,0.999928,-0.287774,0.265699,-0.240545,-0.065470,0.038793,0.005439,0.000383,0.002939,0.004492,16,0.015335,0.138634,9.907178,0.138172,0.162952,-0.002776,9.912048,0.223567,0.256067,0.271337
9.895933,1.170000,0.424000,1.404000,1.077755,0.367557,1.673690,1.073706,0.354260,1.653011,-0.008431,-0.003117,-0.040053,0.999157,-0.167724,0.204690,-0.196979,-0.067783,0.036590,0.005301,0.000395,0.002935,0.004651,17,-0.002868,0.096852,9.838166,0.012568,0.064432,0.014791,9.839594,0.092377,0.290564,0.275939
9.912643,1.169000,0.428000,1.402000,1.057231,0.389858,1.718315,1.062566,0.366812,1.655049,-0.006629,-0.007150,-0.266076,0.963903,-0.214242,0.220557,-0.181132,-0.063942,0.037574,0.005060,0.000394,0.002986,0.004691,17,-0.030886,-0.086104,9.845100,-0.054128,-0.041423,0.023646,9.846303,0.101335,0.337643,0.281258
9.929249,1.167000,0.433000,1.400000,1.068736,0.364409,1.672210,1.067478,0.361270,1.658386,-0.002093,-0.000526,-0.399254,0.916838,-0.135462,0.155408,-0.151569,-0.067828,0.037020,0.005054,0.000426,0.002947,0.004720,17,-0.153023,0.328158,9.967378,0.024112,-0.041742,-0.055608,9.978576,0.162244,0.297420,0.286030
9.945851,1.165000,0.436000,1.399000,1.069852,0.430075,1.623755,1.065268,0.376919,1.647889,-0.005559,-0.006869,-0.526194,0.850318,-0.153255,0.210070,-0.177555,-0.063626,0.037527,0.005162,0.000438,0.002992,0.004542,16,-0.241466,0.040129,9.931582,0.161366,-0.083938,0.023161,9.937792,0.207924,0.244138,0.274559
9.962396,1.164000,0.441000,1.397000,1.060528,0.420311,1.763249,1.063986,0.375940,1.664109,-0.002226,-0.005456,-0.399623,0.916661,-0.127218,0.124704,-0.114011,-0.065826,0.037486,0.004738,0.000410,0.002932,0.004485,17,-0.322905,-0.172766,9.651014,-0.080217,-0.116530,0.069207,9.660917,0.193634,0.381146,0.292546
9.979127,1.162000,0.444000,1.395000,1.042855,0.407251,1.610301,1.056982,0.374096,1.654886,-0.002496,-0.007108,-0.279934,0.959990,-0.135317,0.030241,-0.135494,-0.067745,0.040595,0.004839,0.000346,0.002874,0.004484,17,-0.144572,-0.140755,9.692901,-0.039087,-0.076048,-0.081481,9.695408,0.130460,0.248798,0.288887
9.995739,1.160000,0.449000,1.393000,1.048194,0.430153,1.693570,1.052734,0.389038,1.654037,-0.009493,-0.010929,-0.088499,0.995971,-0.143398,0.090971,-0.131549,-0.062740,0.038008,0.004790,0.000337,0.002907,0.004522,17,-0.009569,0.109589,9.863721,-0.085527,-0.099725,-0.009626,9.865780,0.144692,0.321244,0.288517
10.012392,1.159000,0.456000,1.391000,1.035000,0.453659,1.668479,1.042191,0.405355,1.650804,-0.014159,-0.012962,0.130018,0.991326,-0.224502,0.174758,-0.135815,-0.058746,0.034642,0.004622,0.000320,0.002927,0.004500,17,-0.189166,0.295255,9.809055,-0.003780,0.001439,-0.024449,9.817157,0.104192,0.303934,0.289323
10.028925,1.158000,0.459000,1.390000,1.057945,0.432232,1.748522,1.049842,0.405953,1.663775,-0.012094,-0.008971,0.285703,0.958200,-0.092189,0.150248,-0.085489,-0.065059,0.034022,0.004359,0.000299,0.002837,0.004561,16,0.003663,0.183637,9.891626,0.131704,0.071955,-0.001034,9.895401,0.165508,0.373183,0.299106
10.045550,1.156000,0.464000,1.388000,0.988435,0.410521,1.695596,1.037503,0.401911,1.669825,-0.010055,-0.011380,0.372774,0.927798,-0.138492,0.108923,-0.064274,-0.061632,0.036781,0.003967,0.000237,0.002883,0.004576,17,0.170652,-0.218942,9.751241,0.143343,-0.058045,0.015563,9.757217,0.173717,0.354335,0.311965
10.062226,1.154000,0.469000,1.385000,1.075898,0.453452,1.643436,1.044476,0.408500,1.667387,-0.008676,-0.008635,0.446539,0.894681,-0.032638,0.203221,-0.067140,-0.065892,0.035365,0.004145,0.000249,0.002812,0.004618,17,-0.010859,-0.347968,9.748314,0.054373,-0.065792,0.034615,9.755415,0.126668,0.270428,0.308866
10.078842,1.152000,0.473000,1.383000,1.012944,0.387193,1.657219,1.039181,0.402231,1.667530,-0.006696,-0.010552,0.479371,0.877523,-0.044234,0.137474,-0.061384,-0.062714,0.038562,0.004083,0.000185,0.002867,0.004779,17,0.022181,-0.096361,9.899501,0.112285,-0.041777,-0.035237,9.901773,0.170338,0.319211,0.314156
10.095451,1.151000,0.477000,1.382000,1.041131,0.473022,1.650089,1.039216,0.414232,1.665425,-0.007413,-0.009230,0.466837,0.884264,-0.047556,0.183216,-0.066180,-0.065224,0.035151,0.004101,0.000258,0.002822,0.004899,16,-0.050090,-0.144695,9.717110,-0.009255,-0.110707,-0.043806,9.720111,0.142556,0.289757,0.311071
10.112023,1.149000,0.482000,1.379000,1.024809,0.449512,1.651710,1.032907,0.413914,1.664745,-0.004591,-0.010960,0.400173,0.916363,-0.059031,0.135132,-0.060066,-0.062634,0.038531,0.004007,0.000185,0.002864,0.004754,17,-0.296887,0.302907,9.946967,0.201994,-0.007698,-0.054520,9.957258,0.236632,0.301413,0.315854
10.128702,1.147000,0.487000,1.378000,0.999084,0.471734,1.681918,1.023490,0.424170,1.662903,-0.006313,-0.009478,0.418275,0.908249,-0.124225,0.117773,-0.062943,-0.060396,0.035383,0.003882,0.000245,0.002916,0.004720,17,-0.432657,-0.280590,9.751265,0.179408,0.186861,0.027640,9.768751,0.266695,0.338346,0.316816
10.145335,1.145000,0.490000,1.376000,0.998735,0.436337,1.645567,1.020059,0.419755,1.663338,-0.003890,-0.009619,0.362174,0.932053,-0.128495,0.043186,-0.058895,-0.060878,0.039979,0.003854,0.000148,0.002897,0.004711,17,-0.062111,0.175987,9.686235,0.006613,0.176523,0.046355,9.695091,0.203922,0.311351,0.321104
10.161920,1.143000,0.495000,1.374000,1.022503,0.455572,1.664430,1.023964,0.430032,1.661869,-0.003614,-0.005838,0.367419,0.930030,-0.095525,0.094447,-0.054483,-0.064572,0.037169,0.003964,0.000225,0.002804,0.004655,16,-0.013061,0.289030,10.205128,0.141470,0.127831,-0.061315,10.210294,0.226961,0.316897,0.318212
10.178519,1.142000,0.500000,1.372000,1.013984,0.504381,1.595397,1.019699,0.445053,1.654430,-0.005045,-0.003246,0.424275,0.905514,-0.113339,0.176936,-0.071065,-0.064336,0.033358,0.004193,0.000308,0.002822,0.004543,17,-0.139582,-0.336546,9.823361,0.198130,0.057080,0.067903,9.830862,0.237414,0.257514,0.312639
10.195173,1.140000,0.504000,1.370000,1.025384,0.423056,1.630156,1.025020,0.438432,1.654003,-0.002435,-0.002933,0.463141,0.886276,-0.134098,0.202428,-0.066993,-0.065969,0.039586,0.004244,0.000147,0.002786,0.004475,17,-0.009954,-0.230256,9.907678,-0.010083,0.025910,-0.029633,9.916839,0.081703,0.295584,0.313333
10.211847,1.138000,0.509000,1.368000,0.981737,0.463227,1.668161,1.013118,0.445242,1.652661,-0.003475,-0.002448,0.493743,0.869598,-0.201478,0.244407,-0.060857,-0.062950,0.036510,0.004084,0.000212,0.002882,0.004150,17,-0.030700,0.442650,10.240354,0.185370,0.066550,-0.111108,10.250428,0.249963,0.341482,0.317321
10.228465,1.136000,0.511000,1.367000,1.012148,0.467835,1.576970,1.017700,0.453823,1.645093,-0.002488,0.000722,0.547837,0.836581,-0.134160,0.290221,-0.073995,-0.067690,0.037096,0.004598,0.000193,0.002770,0.004189,17,-0.132548,-0.172112,9.962385,0.116124,0.025701,0.095861,9.971118,0.201968,0.247568,0.307571
10.245100,1.135000,0.517000,1.365000,1.023766,0.485458,1.622651,1.019267,0.465464,1.642877,-0.002187,0.003542,0.565872,0.824483,-0.088864,0.406662,-0.075338,-0.070468,0.035563,0.004671,0.000240,0.002719,0.003997,16,0.046673,0.013444,9.925125,0.114912,0.042900,-0.044552,9.932541,0.177497,0.282404,0.305395
10.261691,1.133000,0.521000,1.364000,0.980481,0.453646,1.587236,1.013373,0.460683,1.637682,-0.000668,0.002856,0.614589,0.788842,-0.075642,0.371957,-0.084142,-0.065768,0.038856,0.004852,0.000141,0.002895,0.004385,17,0.118766,0.067885,9.761268,0.249530,0.003308,0.049088,9.766471,0.261381,0.278627,0.304714
10.278337,1.132000,0.525000,1.362000,1.021230,0.491363,1.663185,1.016563,0.468302,1.638411,0.000263,0.004640,0.619446,0.785025,-0.028087,0.433569,-0.080643,-0.069414,0.038273,0.004759,0.000167,0.002811,0.004029,8,-0.112947,-0.252695,9.824205,0.115023,-0.069892,-0.014660,9.829297,0.142173,0.322667,0.304866
10.294986,1.130000,0.530000,1.360000,0.992488,0.490725,1.620168,1.007739,0.470052,1.634855,-0.000128,0.004883,0.671514,0.740976,-0.060437,0.393389,-0.084957,-0.065020,0.037764,0.004781,0.000189,0.002995,0.004270,17,0.006126,-0.203776,9.820662,0.223423,-0.000784,0.009618,9.823187,0.234468,0.296883,0.306736
10.311569,1.128000,0.533000,1.358000,1.002436,0.486012,1.609762,1.010439,0.472535,1.631792,0.001820,0.004006,0.661832,0.749639,-0.012465,0.355945,-0.088337,-0.066232,0.040431,0.004908,0.000118,0.002988,0.004317,16,-0.155827,-0.386691,9.784935,-0.011678,-0.092337,0.018864,9.795701,0.123712,0.285234,0.304037
10.328141,1.127000,0.537000,1.357000,1.015099,0.490010,1.638592,1.014475,0.476637,1.631096,0.003622,0.004560,0.639562,0.768717,0.041528,0.356142,-0.086011,-0.068431,0.041631,0.004888,0.000097,0.002935,0.004189,10,-0.213112,0.505568,9.971286,0.126117,-0.033052,-0.053261,9.987430,0.146435,0.306633,0.302381
10.344830,1.124000,0.540000,1.355000,0.976047,0.498927,1.600648,1.003977,0.479641,1.628611,0.003216,0.004393,0.645836,0.763457,-0.002361,0.312681,-0.088192,-0.064742,0.039229,0.004914,0.000202,0.003089,0.004284,17,-0.073961,0.048317,9.814741,0.215254,-0.001081,0.017478,9.819976,0.231902,0.289689,0.304814
10.361458,1.123000,0.543000,1.354000,0.994928,0.511451,1.682990,1.006861,0.489379,1.629962,0.004071,0.006833,0.672948,0.739647,0.038081,0.343978,-0.082753,-0.068693,0.039870,0.004674,0.000183,0.002989,0.003988,17,-0.169346,-0.601991,9.739900,0.104265,0.018605,0.031595,9.761409,0.147131,0.354446,0.304169
10.378106,1.122000,0.548000,1.353000,0.989538,0.521006,1.673138,1.001773,0.496487,1.633726,0.002311,0.007391,0.720061,0.693868,0.018943,0.371335,-0.072325,-0.068044,0.038695,0.004142,0.000240,0.003071,0.003906,17,0.057142,-0.222184,9.671643,-0.047645,-0.005325,0.043253,9.675799,0.109025,0.347511,0.309702
10.394647,1.119000,0.550000,1.350000,1.002649,0.509908,1.618517,1.007944,0.497219,1.632405,0.002451,0.004816,0.732457,0.680792,0.078940,0.347315,-0.069924,-0.067804,0.043271,0.004036,0.000092,0.003139,0.004074,16,-0.247365,-0.010089,9.872175,-0.326510,-0.030378,-0.059715,9.880020,0.339454,0.295375,0.308013
10.411312,1.119000,0.552000,1.349000,1.035974,0.504775,1.692884,1.017845,0.499683,1.636728,0.003611,0.004530,0.724049,0.689724,0.170494,0.344965,-0.052347,-0.069206,0.047027,0.003450,-0.000026,0.003124,0.004070,17,-0.130504,0.662166,10.028710,-0.126998,0.064076,-0.043886,10.053168,0.174273,0.356903,0.309446
10.427953,1.117000,0.557000,1.347000,1.012973,0.539850,1.637750,1.011557,0.507837,1.634446,0.001138,0.004486,0.767593,0.640921,0.154155,0.378349,-0.057720,-0.068137,0.043501,0.003675,0.000135,0.003201,0.003750,17,0.043348,0.049341,9.776454,-0.129032,0.001507,0.027490,9.778622,0.157739,0.309275,0.310097
10.444556,1.115000,0.559000,1.346000,0.993010,0.548838,1.691163,1.002115,0.513683,1.636254,-0.001413,0.002898,0.836095,0.548575,0.063870,0.368686,-0.049333,-0.065837,0.040379,0.003375,0.000292,0.003337,0.003781,17,-0.009857,-0.066922,9.878317,-0.195780,-0.130549,0.017468,9.882564,0.241365,0.366227,0.314713
10.461182,1.114000,0.562000,1.345000,0.959888,0.510005,1.638820,0.997193,0.508922,1.635713,-0.002272,-0.000406,0.855944,0.517064,-0.001167,0.251513,-0.043450,-0.061362,0.039674,0.003247,0.000378,0.003531,0.003797,16,-0.239662,0.382933,10.012576,-0.135233,-0.094409,-0.055676,10.026113,0.180771,0.335834,0.317766
10.477743,1.112000,0.565000,1.342000,1.017694,0.551394,1.639682,1.004505,0.521347,1.634150,-0.000484,0.001109,0.856346,0.516401,-0.054209,0.291625,-0.045497,-0.065323,0.042808,0.003283,0.000234,0.003375,0.003372,17,-0.281391,0.184543,9.848745,-0.036306,-0.009604,0.024805,9.856771,0.078785,0.312559,0.314345
10.494477,1.111000,0.567000,1.341000,0.954191,0.519757,1.537860,0.994091,0.518363,1.627273,-0.003145,-0.001306,0.864702,0.502273,-0.092271,0.211317,-0.060410,-0.061494,0.040079,0.003937,0.000430,0.003540,0.003276,17,-0.259040,-0.280895,9.759786,-0.068131,0.025758,0.051365,9.768103,0.139678,0.256076,0.313027
10.511056,1.109000,0.569000,1.340000,1.023337,0.520921,1.652830,1.003539,0.524618,1.627471,-0.002105,-0.001113,0.868727,0.495286,-0.043284,0.156149,-0.056973,-0.063074,0.043937,0.003783,0.000253,0.003496,0.003281,17,-0.141350,0.142384,9.829423,-0.092634,0.081453,-0.056027,9.835825,0.144708,0.327891,0.309405
10.527644,1.107000,0.572000,1.338000,0.985028,0.559750,1.662938,0.995490,0.531504,1.629289,-0.003967,0.000012,0.872660,0.488312,-0.075740,0.166097,-0.052305,-0.064246,0.040739,0.003546,0.000415,0.003427,0.002887,8,0.101625,0.265213,9.658809,0.002550,0.096932,-0.060927,9.663701,0.117864,0.347293,0.314521
10.544275,1.106000,0.575000,1.336000,0.954207,0.499360,1.580014,0.990384,0.523862,1.624394,-0.004675,-0.001907,0.875482,0.483224,-0.084209,0.068526,-0.064324,-0.059796,0.040498,0.003872,0.000463,0.003633,0.002694,17,0.126549,0.486486,9.574081,0.014930,0.048921,0.025308,9.589737,0.106438,0.297163,0.314886
10.561044,1.104000,0.577000,1.334000,0.971143,0.537858,1.644662,0.989236,0.532927,1.624412,-0.004386,0.000096,0.879429,0.476009,-0.083087,0.093748,-0.065381,-0.063453,0.040277,0.003891,0.000432,0.003452,0.002988,8,0.044534,0.018099,9.592017,0.060080,0.008671,-0.033507,9.592197,0.113786,0.340139,0.315361
10.577549,1.103000,0.580000,1.333000,0.943728,0.542896,1.601588,0.979690,0.534045,1.621333,-0.005930,-0.000495,0.874891,0.484282,-0.140729,0.079901,-0.073284,-0.063260,0.037199,0.004188,0.000588,0.003458,0.002951,5,-0.045404,-0.292637,9.554855,-0.034991,-0.073257,0.030797,9.560144,0.088066,0.314458,0.316944
10.594157,1.102000,0.581000,1.331000,0.986742,0.545702,1.575265,0.985990,0.539509,1.617126,-0.004747,0.000270,0.874481,0.485036,-0.098670,0.104032,-0.078800,-0.064662,0.041199,0.004480,0.000375,0.003450,0.002807,17,-0.241209,0.368357,9.921995,0.010684,0.109932,-0.029161,9.932596,0.136047,0.272389,0.311525
10.610732,1.100000,0.583000,1.329000,0.962698,0.560572,1.570045,0.977346,0.545424,1.612297,-0.006324,0.000576,0.872678,0.488254,-0.137170,0.134883,-0.089575,-0.064901,0.038188,0.004926,0.000546,0.003411,0.002645,16,-0.031479,-0.333916,9.689784,0.008434,0.001817,0.041061,9.698110,0.105251,0.278312,0.310988
10.627378,1.098000,0.586000,1.327000,1.008307,0.586176,1.574360,0.983308,0.556713,1.608381,-0.004789,0.000557,0.881850,0.471506,-0.100327,0.222234,-0.093468,-0.067630,0.041461,0.005144,0.000336,0.003347,0.002512,17,-0.008370,-0.199408,9.930006,-0.136521,-0.051457,-0.061264,9.935874,0.177822,0.263119,0.305266
10.644032,1.097000,0.588000,1.326000,0.948570,0.500934,1.551565,0.980622,0.547516,1.602439,-0.005343,-0.001074,0.876564,0.481254,-0.114495,0.212208,-0.099698,-0.062204,0.041854,0.005670,0.000425,0.003583,0.002736,17,-0.123814,0.048592,10.078787,0.059580,0.000009,-0.073192,10.080129,0.116198,0.283710,0.302657
10.660656,1.096000,0.589000,1.325000,0.948948,0.570522,1.567440,0.974700,0.556520,1.598745,-0.005161,0.000040,0.877708,0.479168,-0.092205,0.254612,-0.099076,-0.064993,0.039843,0.005979,0.000459,0.003411,0.002283,17,0.052687,-0.167927,10.197558,0.008584,-0.026455,0.090673,10.199494,0.124467,0.284153,0.301173
10.677286,1.094000,0.591000,1.323000,0.976412,0.522895,1.668084,0.979908,0.550255,1.602009,-0.003106,-0.003622,0.871405,0.490541,-0.011057,0.215322,-0.079428,-0.061488,0.043727,0.005309,0.000312,0.003644,0.002257,16,0.013742,0.004430,10.211091,-0.168724,-0.189148,0.051788,10.212283,0.277754,0.370875,0.304177
10.693868,1.092000,0.592000,1.322000,0.974685,0.604789,1.622218,0.975505,0.562812,1.602799,-0.003047,-0.004380,0.888096,0.459628,-0.063802,0.326030,-0.070148,-0.064022,0.042010,0.005136,0.000371,0.003467,0.001785,17,-0.226147,0.062044,10.182937,-0.260326,-0.197030,-0.093617,10.190445,0.348566,0.322579,0.305403
10.710572,1.091000,0.594000,1.321000,0.916621,0.510472,1.620731,0.970656,0.554433,1.601444,-0.003052,-0.006700,0.895780,0.444437,-0.053060,0.230284,-0.066037,-0.058823,0.041401,0.005065,0.000492,0.003728,0.001990,17,-0.300806,0.269944,9.985150,-0.000996,-0.067534,-0.062003,9.995475,0.123999,0.356684,0.307729
10.727155,1.089000,0.596000,1.319000,0.957396,0.569836,1.602529,0.971027,0.566381,1.600117,-0.002561,-0.005065,0.900542,0.434731,-0.092912,0.265320,-0.069908,-0.062337,0.042542,0.005149,0.000358,0.003494,0.001766,17,-0.097326,-0.344598,9.696250,-0.042751,-0.024744,0.047889,9.704283,0.117810,0.313676,0.306303
10.743792,1.088000,0.597000,1.318000,0.980784,0.518997,1.636882,0.974776,0.559527,1.601922,-0.000904,-0.008869,0.901586,0.432509,-0.008933,0.219244,-0.062017,-0.058377,0.044997,0.004708,0.000343,0.003778,0.001449,17,0.035542,0.141320,9.744526,-0.127740,-0.157107,-0.006074,9.749218,0.216278,0.345348,0.307954
10.760362,1.086000,0.599000,1.316000,0.939867,0.594006,1.555651,0.964936,0.570298,1.594564,-0.001781,-0.007764,0.921108,0.389225,-0.119735,0.296028,-0.080268,-0.060051,0.041427,0.005591,0.000512,0.003554,0.000625,16,-0.239350,0.164883,9.756058,-0.068817,-0.099018,-0.025556,9.766498,0.141829,0.280735,0.305087
10.777000,1.085000,0.600000,1.315000,0.968455,0.580776,1.608487,0.973173,0.570752,1.595155,0.000180,-0.009589,0.926705,0.375668,-0.016961,0.287922,-0.078024,-0.057905,0.045314,0.005235,0.000332,0.003761,0.001412,17,-0.136384,-0.482882,9.542132,-0.116283,-0.061631,0.014351,9.556172,0.143136,0.316365,0.303063
10.793659,1.084000,0.601000,1.314000,0.962052,0.566297,1.530305,0.970290,0.564544,1.589077,-0.000803,-0.012031,0.933255,0.359012,0.047564,0.226401,-0.089960,-0.053625,0.043725,0.005902,0.000566,0.003878,0.001181,8,0.171178,0.024804,9.797752,-0.314710,-0.151239,0.009378,9.801434,0.352877,0.250726,0.299878
10.810332,1.082000,0.603000,1.312000,0.974758,0.607687,1.593688,0.975674,0.614974,1.583686,-0.002699,-0.006946,0.005074,0.999959,0.352166,1.147161,-0.089960,-0.053360,0.041561,0.005967,0.000650,0.003869,0.001047,0,0.000000,0.000000,0.000000,0.000000,0.000000,0.000000,0.000000,0.000000,0.301448,0.291996
10.825839,1.081000,0.605000,1.310000,0.945165,0.590784,1.558304,0.946901,0.595045,1.551148,-0.002697,-0.006947,0.005074,0.999959,-1.042005,-0.595168,-0.089960,-0.053338,0.040354,0.005999,0.000738,0.003870,0.000914,0,0.000000,0.000000,0.000000,0.000000,0.000000,0.000000,0.000000,0.000000,0.283387,0.276105
10.843499,1.079000,0.605000,1.310000,0.942307,0.549734,1.611387,0.944503,0.551003,1.606087,-0.002697,-0.006947,0.005074,0.999959,-0.083340,-1.197102,-0.089960,-0.053039,0.039003,0.006025,0.000820,0.003864,0.000842,0,0.000000,0.000000,0.000000,0.000000,0.000000,0.000000,0.000000,0.000000,0.335520,0.329655
10.860162,1.077000,0.607000,1.308000,0.940569,0.608961,1.624419,0.944150,0.615302,1.614617,-0.002697,-0.006947,0.005074,0.999959,-0.035181,1.199484,-0.089960,-0.053029,0.037830,0.006036,0.000897,0.003851,0.000776,0,0.000000,0.000000,0.000000,0.000000,0.000000,0.000000,0.000000,0.000000,0.344584,0.334264
10.876784,1.074000,0.609000,1.306000,0.944791,0.590570,1.534838,0.947404,0.595499,1.519660,-0.002697,-0.006947,0.005074,0.999959,0.253988,-1.106457,-0.089960,-0.052946,0.036766,0.006048,0.000971,0.003831,0.000721,0,0.000000,0.000000,0.000000,0.000000,0.000000,0.000000,0.000000,0.000000,0.263442,0.248716
10.893390,1.074000,0.609000,1.305000,0.921026,0.608237,1.501382,0.921862,0.617626,1.491844,-0.002697,-0.006947,0.005074,0.999959,-0.963025,0.715949,-0.089960,-0.052983,0.035681,0.006056,0.001039,0.003805,0.000672,0,0.000000,0.000000,0.000000,0.000000,0.000000,0.000000,0.000000,0.000000,0.248932,0.241104
10.910001,1.072000,0.611000,1.304000,0.947148,0.567976,1.613238,0.951199,0.571180,1.603522,-0.002697,-0.006947,0.005074,0.999959,0.653134,-1.006686,-0.089960,-0.053091,0.034709,0.006063,0.001103,0.003775,0.000626,0,0.000000,0.000000,0.000000,0.000000,0.000000,0.000000,0.000000,0.000000,0.336254,0.325410
10.926650,1.069000,0.612000,1.302000,0.932622,0.561115,1.645156,0.934844,0.565174,1.644563,-0.002697,-0.006947,0.005074,0.999959,-0.872470,-0.412103,-0.089960,-0.053224,0.033744,0.006071,0.001162,0.003740,0.000585,0,0.000000,0.000000,0.000000,0.000000,0.000000,0.000000,0.000000,0.000000,0.372752,0.370864
10.943327,1.067000,0.613000,1.300000,0.921590,0.576695,1.580729,0.924945,0.578379,1.573657,-0.002697,-0.006947,0.005074,0.999959,-0.661529,0.934256,-0.089960,-0.053461,0.032817,0.006079,0.001217,0.003702,0.000546,0,0.000000,0.000000,0.000000,0.000000,0.000000,0.000000,0.000000,0.000000,0.318231,0.310268
10.959950,1.065000,0.614000,1.298000,0.902840,0.569082,1.662012,0.901513,0.575764,1.661230,-0.002697,-0.006947,0.005074,0.999959,-1.111851,-0.451429,-0.089960,-0.053786,0.032002,0.006102,0.001260,0.003657,0.000506,0,0.000000,0.000000,0.000000,0.000000,0.000000,0.000000,0.000000,0.000000,0.401021,0.400157
10.976477,1.064000,0.616000,1.298000,0.916607,0.564848,1.556193,0.918069,0.571748,1.550634,-0.002697,-0.006947,0.005074,0.999959,0.832979,-0.256211,-0.089960,-0.057528,0.038747,0.005832,0.001263,0.003651,0.000338,0,0.000000,0.000000,0.000000,0.000000,0.000000,0.000000,0.000000,0.000000,0.301670,0.295090
10.993131,1.062000,0.616000,1.296000,0.942648,0.521310,1.619661,0.936759,0.523174,1.626646,-0.002697,-0.006947,0.005074,0.999959,0.615979,-1.029839,-0.089960,-0.059484,0.050706,0.005372,0.001384,0.003566,0.000223,0,0.000000,0.000000,0.000000,0.000000,0.000000,0.000000,0.000000,0.000000,0.357726,0.365553
11.009831,1.060000,0.617000,1.295000,0.943219,0.574976,1.539630,0.938100,0.580891,1.527774,-0.002697,-0.006947,0.005074,0.999959,0.012782,1.199932,-0.089960,-0.058950,0.070417,0.004805,0.001514,0.003496,0.000725,0,0.000000,0.000000,0.000000,0.000000,0.000000,0.000000,0.000000,0.000000,0.274313,0.265231
11.026380,1.057000,0.619000,1.293000,0.893955,0.562197,1.631247,0.888219,0.565271,1.638678,-0.002697,-0.006947,0.005074,0.999959,-1.161561,-0.301289,-0.089960,-0.055381,0.098328,0.004785,0.001643,0.003496,0.003505,0,0.000000,0.000000,0.000000,0.000000,0.000000,0.000000,0.000000,0.000000,0.379765,0.388417
11.042987,1.054000,0.618000,1.292000,0.912069,0.569451,1.498165,0.913903,0.568613,1.487774,-0.002697,-0.006947,0.005074,0.999959,1.090757,0.436789,-0.089960,-0.097126,0.064661,0.009594,0.001891,0.002953,0.003863,0,0.000000,0.000000,0.000000,0.000000,0.000000,0.000000,0.000000,0.000000,0.254962,0.245751
11.059582,1.053000,0.619000,1.291000,0.920873,0.575647,1.573774,0.919750,0.580217,1.567054,-0.002697,-0.006947,0.005074,0.999959,0.530466,0.373317,-0.089960,-0.080805,0.043629,0.006512,0.000208,0.002098,0.005098,0,0.000000,0.000000,0.000000,0.000000,0.000000,0.000000,0.000000,0.000000,0.315116,0.308975
11.076247,1.051000,0.621000,1.289000,0.908020,0.587718,1.581564,0.910749,0.588799,1.575452,-0.002697,-0.006947,0.005074,0.999959,-0.771291,0.724357,-0.089960,-0.072937,0.043924,0.006163,0.000217,0.002264,0.003876,0,0.000000,0.000000,0.000000,0.000000,0.000000,0.000000,0.000000,0.000000,0.327330,0.320565
11.092897,1.049000,0.621000,1.288000,0.954696,0.609095,1.639691,0.954780,0.615323,1.633439,-0.002697,-0.006947,0.005074,0.999959,1.091015,0.499686,-0.089960,-0.074325,0.040256,0.006109,0.000530,0.002221,0.002971,0,0.000000,0.000000,0.000000,0.000000,0.000000,0.000000,0.000000,0.000000,0.364309,0.358103
11.109500,1.046000,0.621000,1.287000,0.911019,0.599139,1.514070,0.925745,0.604080,1.509118,-0.002697,-0.006947,0.005074,0.999959,-1.169984,-0.266714,-0.089960,-0.074402,0.037212,0.006106,0.000766,0.002253,0.002346,0,0.000000,0.000000,0.000000,0.000000,0.000000,0.000000,0.000000,0.000000,0.265063,0.253147
11.126143,1.044000,0.621000,1.286000,0.978921,0.579959,1.585587,0.982967,0.581788,1.584970,-0.002697,-0.006947,0.005074,0.999959,1.154818,-0.326182,-0.089960,-0.073709,0.034701,0.006111,0.000950,0.002335,0.001919,0,0.000000,0.000000,0.000000,0.000000,0.000000,0.000000,0.000000,0.000000,0.309309,0.307645
11.142714,1.043000,0.622000,1.285000,0.945157,0.579549,1.543621,0.951818,0.585188,1.533858,-0.002697,-0.006947,0.005074,0.999959,-1.199911,-0.014576,-0.089960,-0.072593,0.032659,0.006127,0.001085,0.002448,0.001618,0,0.000000,0.000000,0.000000,0.000000,0.000000,0.000000,0.000000,0.000000,0.279750,0.267581
11.159368,1.041000,0.622000,1.284000,0.901395,0.568490,1.531379,0.905196,0.575022,1.524989,-0.002697,-0.006947,0.005074,0.999959,-1.163428,-0.293997,-0.089960,-0.071165,0.031030,0.006149,0.001176,0.002579,0.001407,0,0.000000,0.000000,0.000000,0.000000,0.000000,0.000000,0.000000,0.000000,0.289049,0.280580
11.176059,1.038000,0.623000,1.283000,0.919022,0.566347,1.523801,0.918433,0.566188,1.525636,-0.002697,-0.006947,0.005074,0.999959,1.056102,-0.128420,-0.089960,-0.069446,0.029764,0.006165,0.001225,0.002724,0.001182,0,0.000000,0.000000,0.000000,0.000000,0.000000,0.000000,0.000000,0.000000,0.274501,0.276398
11.192576,1.034000,0.623000,1.281000,0.870920,0.586869,1.550536,0.872427,0.591897,1.544897,-0.002697,-0.006947,0.005074,0.999959,-1.103752,0.470883,-0.089960,-0.067577,0.028890,0.006191,0.001236,0.002871,0.001100,0,0.000000,0.000000,0.000000,0.000000,0.000000,0.000000,0.000000,0.000000,0.317096,0.310990
11.209218,1.032000,0.623000,1.280000,0.906855,0.579184,1.508482,0.910939,0.585505,1.495338,-0.002697,-0.006947,0.005074,0.999959,1.173468,-0.250945,-0.089960,-0.066443,0.034024,0.005989,0.001432,0.003100,0.001078,0,0.000000,0.000000,0.000000,0.000000,0.000000,0.000000,0.000000,0.000000,0.264169,0.249864
11.225855,1.030000,0.622000,1.279000,0.907480,0.592583,1.595586,0.912446,0.603329,1.587938,-0.002697,-0.006947,0.005074,0.999959,0.037568,0.805410,-0.089960,-0.068309,0.042506,0.005710,0.001432,0.003280,0.000898,0,0.000000,0.000000,0.000000,0.000000,0.000000,0.000000,0.000000,0.000000,0.340739,0.331074
11.242504,1.026000,0.623000,1.277000,0.890735,0.571992,1.422249,0.896819,0.569770,1.405637,-0.002697,-0.006947,0.005074,0.999959,-0.757116,-0.931008,-0.089960,-0.073699,0.054292,0.005264,0.001407,0.003479,0.000883,0,0.000000,0.000000,0.000000,0.000000,0.000000,0.000000,0.000000,0.000000,0.204929,0.189917
11.259115,1.024000,0.622000,1.276000,0.916477,0.572330,1.520439,0.916708,0.571111,1.529801,-0.002697,-0.006947,0.005074,0.999959,1.199897,0.015742,-0.089960,-0.081584,0.071579,0.004656,0.001372,0.003695,0.001532,0,0.000000,0.000000,0.000000,0.000000,0.000000,0.000000,0.000000,0.000000,0.271623,0.280207
11.275681,1.019000,0.621000,1.274000,0.925340,0.559897,1.560838,0.929384,0.566771,1.552788,-0.002697,-0.006947,0.005074,0.999959,0.535022,-0.750538,-0.089960,-0.086557,0.092112,0.004710,0.001229,0.003968,0.004043,0,0.000000,0.000000,0.000000,0.000000,0.000000,0.000000,0.000000,0.000000,0.307866,0.297816
11.292379,1.017000,0.622000,1.272000,0.925870,0.573477,1.511547,0.931106,0.578945,1.496148,-0.002697,-0.006947,0.005074,0.999959,0.031773,0.813262,-0.089960,-0.038962,0.046820,0.005183,0.000377,0.003462,0.004273,0,0.000000,0.000000,0.000000,0.000000,0.000000,0.000000,0.000000,0.000000,0.260848,0.243873
11.309006,1.014000,0.621000,1.272000,0.878574,0.591333,1.514075,0.878332,0.601170,1.507211,-0.002697,-0.006947,0.005074,0.999959,-1.122658,0.423839,-0.089960,-0.064659,0.044894,0.005508,0.000180,0.003577,0.001333,0,0.000000,0.000000,0.000000,0.000000,0.000000,0.000000,0.000000,0.000000,0.278963,0.272256
11.325634,1.013000,0.621000,1.271000,0.913171,0.591553,1.624927,0.914447,0.595726,1.617755,-0.002697,-0.006947,0.005074,0.999959,1.199976,0.007648,-0.089960,-0.062598,0.045706,0.005649,0.000097,0.003541,0.001128,0,0.000000,0.000000,0.000000,0.000000,0.000000,0.000000,0.000000,0.000000,0.368914,0.361373
11.342151,1.009000,0.620000,1.270000,0.893716,0.589872,1.504207,0.894032,0.594591,1.499945,-0.002697,-0.006947,0.005074,0.999959,-1.177913,-0.101768,-0.089960,-0.062726,0.045942,0.005721,0.000073,0.003508,0.001020,0,0.000000,0.000000,0.000000,0.000000,0.000000,0.000000,0.000000,0.000000,0.262776,0.258337
11.358800,1.004000,0.620000,1.267000,0.859848,0.558729,1.519665,0.863076,0.562032,1.513571,-0.002697,-0.006947,0.005074,0.999959,-0.883304,-0.812264,-0.089960,-0.062757,0.046097,0.005765,0.000057,0.003489,0.000944,0,0.000000,0.000000,0.000000,0.000000,0.000000,0.000000,0.000000,0.000000,0.297277,0.289857
11.375545,1.000000,0.618000,1.266000,0.922060,0.584121,1.548619,0.926779,0.587809,1.539144,-0.002697,-0.006947,0.005074,0.999959,1.111017,0.453477,-0.089960,-0.062829,0.046212,0.005795,0.000043,0.003471,0.000908,0,0.000000,0.000000,0.000000,0.000000,0.000000,0.000000,0.000000,0.000000,0.295120,0.284394
11.392099,0.997000,0.618000,1.265000,0.852508,0.590960,1.467098,0.852003,0.591581,1.467100,-0.002697,-0.006947,0.005074,0.999959,-1.194240,0.117433,-0.089960,-0.062920,0.046304,0.005816,0.000031,0.003454,0.000898,0,0.000000,0.000000,0.000000,0.000000,0.000000,0.000000,0.000000,0.000000,0.249905,0.250133
11.408743,0.992000,0.617000,1.262000,0.891501,0.600639,1.531431,0.887400,0.608716,1.521320,-0.002697,-0.006947,0.005074,0.999959,1.164657,0.289090,-0.089960,-0.063024,0.046381,0.005832,0.000020,0.003438,0.000904,0,0.000000,0.000000,0.000000,0.000000,0.000000,0.000000,0.000000,0.000000,0.288029,0.279744
11.425307,0.991000,0.617000,1.262000,0.885430,0.593506,1.559676,0.890016,0.595406,1.562632,-0.002697,-0.006947,0.005074,0.999959,-0.366570,-0.430664,-0.089960,-0.063137,0.046446,0.005843,0.000009,0.003422,0.000921,0,0.000000,0.000000,0.000000,0.000000,0.000000,0.000000,0.000000,0.000000,0.316715,0.317873
11.441951,0.988000,0.615000,1.261000,0.889795,0.554982,1.552343,0.888961,0.561354,1.539487,-0.002697,-0.006947,0.005074,0.999959,0.135112,-1.192369,-0.089960,-0.063254,0.046501,0.005851,-0.000001,0.003406,0.000946,0,0.000000,0.000000,0.000000,0.000000,0.000000,0.000000,0.000000,0.000000,0.313253,0.300402
11.458669,0.985000,0.614000,1.260000,0.869956,0.597861,1.505713,0.870639,0.600515,1.500715,-0.002697,-0.006947,0.005074,0.999959,-0.503892,1.089079,-0.089960,-0.063372,0.046548,0.005856,-0.000010,0.003390,0.000977,0,0.000000,0.000000,0.000000,0.000000,0.000000,0.000000,0.000000,0.000000,0.271791,0.266841
11.475234,0.980000,0.613000,1.258000,0.862026,0.579348,1.508425,0.867893,0.582090,1.503217,-0.002697,-0.006947,0.005074,0.999959,-0.472494,-1.103064,-0.089960,-0.063488,0.046588,0.005860,-0.000019,0.003375,0.001011,0,0.000000,0.000000,0.000000,0.000000,0.000000,0.000000,0.000000,0.000000,0.278860,0.271394
11.491792,0.977000,0.612000,1.257000,0.897666,0.576043,1.529606,0.889977,0.584207,1.516304,-0.002697,-0.006947,0.005074,0.999959,1.194875,-0.110788,-0.089960,-0.063600,0.046622,0.005863,-0.000026,0.003360,0.001047,0,0.000000,0.000000,0.000000,0.000000,0.000000,0.000000,0.000000,0.000000,0.286183,0.274925
11.508474,0.975000,0.610000,1.256000,0.854423,0.557874,1.496940,0.863144,0.565074,1.483228,-0.002697,-0.006947,0.005074,0.999959,-1.106316,-0.464827,-0.089960,-0.063708,0.046651,0.005865,-0.000034,0.003346,0.001086,0,0.000000,0.000000,0.000000,0.000000,0.000000,0.000000,0.000000,0.000000,0.274423,0.257221
11.525129,0.971000,0.609000,1.254000,0.903428,0.540862,1.561681,0.900967,0.546337,1.554285,-0.002697,-0.006947,0.005074,0.999959,1.133629,-0.393554,-0.089960,-0.063810,0.046675,0.005866,-0.000040,0.003332,0.001125,0,0.000000,0.000000,0.000000,0.000000,0.000000,0.000000,0.000000,0.000000,0.322299,0.314647
11.541700,0.966000,0.607000,1.252000,0.850890,0.550020,1.514354,0.851380,0.551587,1.513680,-0.002697,-0.006947,0.005074,0.999959,-1.182172,0.206083,-0.089960,-0.063905,0.046695,0.005867,-0.000046,0.003319,0.001166,0,0.000000,0.000000,0.000000,0.000000,0.000000,0.000000,0.000000,0.000000,0.292107,0.291006
11.558295,0.964000,0.606000,1.251000,0.825979,0.593403,1.603121,0.826616,0.597734,1.598383,-0.002697,-0.006947,0.005074,0.999959,-0.597552,1.040640,-0.089960,-0.063993,0.046712,0.005867,-0.000051,0.003307,0.001207,0,0.000000,0.000000,0.000000,0.000000,0.000000,0.000000,0.000000,0.000000,0.378415,0.373654
11.574941,0.960000,0.603000,1.250000,0.861859,0.554448,1.538701,0.862780,0.554488,1.537602,-0.002697,-0.006947,0.005074,0.999959,0.812974,-0.882651,-0.089960,-0.064073,0.046726,0.005868,-0.000056,0.003296,0.001249,0,0.000000,0.000000,0.000000,0.000000,0.000000,0.000000,0.000000,0.000000,0.308767,0.307442
11.591607,0.959000,0.603000,1.249000,0.843481,0.574852,1.528307,0.844567,0.583251,1.521032,-0.002697,-0.006947,0.005074,0.999959,-0.803113,0.891633,-0.089960,-0.064146,0.046738,0.005868,-0.000060,0.003286,0.001291,0,0.000000,0.000000,0.000000,0.000000,0.000000,0.000000,0.000000,0.000000,0.303561,0.295781
11.608222,0.955000,0.602000,1.248000,0.858591,0.596064,1.469765,0.852238,0.604509,1.455152,-0.002697,-0.006947,0.005074,0.999959,0.696216,0.977386,-0.089960,-0.064211,0.046748,0.005868,-0.000064,0.003277,0.001333,0,0.000000,0.000000,0.000000,0.000000,0.000000,0.000000,0.000000,0.000000,0.241887,0.231254
11.624832,0.952000,0.600000,1.247000,0.833733,0.538027,1.511522,0.833689,0.541877,1.506556,-0.002697,-0.006947,0.005074,0.999959,-0.472465,-1.103076,-0.089960,-0.064269,0.046755,0.005868,-0.000067,0.003269,0.001375,0,0.000000,0.000000,0.000000,0.000000,0.000000,0.000000,0.000000,0.000000,0.296310,0.291110
11.641410,0.948000,0.598000,1.246000,0.835711,0.581045,1.515941,0.834907,0.582955,1.509980,-0.002697,-0.006947,0.005074,0.999959,0.055119,1.198733,-0.089960,-0.064319,0.046761,0.005868,-0.000070,0.003262,0.001417,0,0.000000,0.000000,0.000000,0.000000,0.000000,0.000000,0.000000,0.000000,0.292856,0.287579
11.657073,0.943000,0.595000,1.244000,0.799971,0.574602,1.464898,0.800777,0.581083,1.455518,-0.002697,-0.006947,0.005074,0.999959,-1.180962,-0.212907,-0.089960,-0.064362,0.046766,0.005868,-0.000072,0.003255,0.001459,0,0.000000,0.000000,0.000000,0.000000,0.000000,0.000000,0.000000,0.000000,0.263949,0.255266
11.674777,0.940000,0.594000,1.243000,0.852669,0.550807,1.511345,0.853041,0.557804,1.500652,-0.002697,-0.006947,0.005074,0.999959,1.093675,-0.493837,-0.089960,-0.064398,0.046770,0.005868,-0.000075,0.003250,0.001500,0,0.000000,0.000000,0.000000,0.000000,0.000000,0.000000,0.000000,0.000000,0.285485,0.274329
11.691381,0.935000,0.592000,1.241000,0.817436,0.545033,1.478993,0.808082,0.547515,1.486974,-0.002697,-0.006947,0.005074,0.999959,-1.184206,-0.194052,-0.089960,-0.064427,0.046773,0.005868,-0.000076,0.003246,0.001541,0,0.000000,0.000000,0.000000,0.000000,0.000000,0.000000,0.000000,0.000000,0.269570,0.280340
11.707923,0.931000,0.589000,1.240000,0.796285,0.549968,1.417383,0.795116,0.548648,1.413849,-0.002697,-0.006947,0.005074,0.999959,-1.168618,0.272641,-0.089960,-0.064449,0.046776,0.005868,-0.000078,0.003243,0.001581,0,0.000000,0.000000,0.000000,0.000000,0.000000,0.000000,0.000000,0.000000,0.226133,0.224312
11.724582,0.926000,0.587000,1.238000,0.832782,0.508619,1.507858,0.834221,0.514711,1.499284,-0.002697,-0.006947,0.005074,0.999959,0.794104,-0.899666,-0.089960,-0.064465,0.046777,0.005868,-0.000079,0.003241,0.001621,0,0.000000,0.000000,0.000000,0.000000,0.000000,0.000000,0.000000,0.000000,0.296068,0.286214
11.741216,0.924000,0.586000,1.238000,0.847263,0.570105,1.552013,0.849755,0.574648,1.545989,-0.002697,-0.006947,0.005074,0.999959,0.275088,1.168044,-0.089960,-0.064485,0.046790,0.005869,-0.000075,0.003242,0.001659,0,0.000000,0.000000,0.000000,0.000000,0.000000,0.000000,0.000000,0.000000,0.323644,0.317015
11.757834,0.917000,0.582000,1.235000,0.785942,0.516638,1.606006,0.789813,0.512398,1.619551,-0.002697,-0.006947,0.005074,0.999959,-0.904469,-0.788629,-0.089960,-0.064493,0.046794,0.005867,-0.000075,0.003242,0.001698,0,0.000000,0.000000,0.000000,0.000000,0.000000,0.000000,0.000000,0.000000,0.398866,0.410975
11.774461,0.915000,0.581000,1.235000,0.826776,0.560731,1.437130,0.829873,0.563274,1.436712,-0.002697,-0.006947,0.005074,0.999959,0.815362,0.880446,-0.089960,-0.064492,0.046795,0.005866,-0.000075,0.003243,0.001736,0,0.000000,0.000000,0.000000,0.000000,0.000000,0.000000,0.000000,0.000000,0.221475,0.219656
11.791010,0.911000,0.580000,1.233000,0.810226,0.522975,1.476150,0.812271,0.527008,1.468148,-0.002697,-0.006947,0.005074,0.999959,-0.481739,-1.099057,-0.089960,-0.064486,0.046795,0.005865,-0.000075,0.003245,0.001774,0,0.000000,0.000000,0.000000,0.000000,0.000000,0.000000,0.000000,0.000000,0.269312,0.260481
11.807733,0.908000,0.578000,1.232000,0.792805,0.569740,1.502069,0.792881,0.571874,1.502540,-0.002697,-0.006947,0.005074,0.999959,-0.418921,1.124502,-0.089960,-0.064473,0.046794,0.005865,-0.000075,0.003247,0.001810,0,0.000000,0.000000,0.000000,0.000000,0.000000,0.000000,0.000000,0.000000,0.293727,0.294078
11.824373,0.903000,0.574000,1.230000,0.787760,0.503105,1.528972,0.779635,0.508367,1.520210,-0.002697,-0.006947,0.005074,0.999959,-0.090593,-1.196575,-0.089960,-0.064456,0.046793,0.005865,-0.000074,0.003250,0.001846,0,0.000000,0.000000,0.000000,0.000000,0.000000,0.000000,0.000000,0.000000,0.328162,0.322100
11.840961,0.901000,0.573000,1.230000,0.771488,0.539525,1.501971,0.776819,0.539775,1.501426,-0.002697,-0.006947,0.005074,0.999959,-0.489517,1.095615,-0.089960,-0.064434,0.046791,0.005865,-0.000073,0.003254,0.001881,0,0.000000,0.000000,0.000000,0.000000,0.000000,0.000000,0.000000,0.000000,0.303088,0.300329
11.857551,0.897000,0.570000,1.228000,0.817224,0.559087,1.430630,0.814186,0.565820,1.421675,-0.002697,-0.006947,0.005074,0.999959,1.103316,0.471905,-0.089960,-0.064408,0.046789,0.005865,-0.000072,0.003259,0.001916,0,0.000000,0.000000,0.000000,0.000000,0.000000,0.000000,0.000000,0.000000,0.218041,0.210679
11.874155,0.893000,0.568000,1.227000,0.844964,0.492837,1.526525,0.845688,0.494379,1.521826,-0.002697,-0.006947,0.005074,0.999959,0.463465,-1.106888,-0.089960,-0.064377,0.046786,0.005864,-0.000071,0.003265,0.001950,0,0.000000,0.000000,0.000000,0.000000,0.000000,0.000000,0.000000,0.000000,0.312525,0.307540
11.890855,0.893000,0.568000,1.227000,0.790579,0.519366,1.463312,0.791291,0.522251,1.464186,-0.002697,-0.006947,0.005074,0.999959,-1.078529,0.526095,-0.089960,-0.064343,0.046782,0.005864,-0.000069,0.003271,0.001983,0,0.000000,0.000000,0.000000,0.000000,0.000000,0.000000,0.000000,0.000000,0.262104,0.262097
11.907446,0.893000,0.568000,1.227000,0.825088,0.505885,1.470724,0.838999,0.508871,1.462925,-0.002697,-0.006947,0.005074,0.999959,1.117740,-0.436644,-0.089960,-0.064306,0.046778,0.005864,-0.000066,0.003278,0.002016,0,0.000000,0.000000,0.000000,0.000000,0.000000,0.000000,0.000000,0.000000,0.260522,0.249144
11.924056,0.893000,0.568000,1.227000,0.779309,0.530058,1.469473,0.777842,0.535547,1.464732,-0.002697,-0.006947,0.005074,0.999959,-1.061142,0.560336,-0.089960,-0.064265,0.046774,0.005865,-0.000064,0.003286,0.002048,0,0.000000,0.000000,0.000000,0.000000,0.000000,0.000000,0.000000,0.000000,0.270478,0.266141
