timestamp,gt_x,gt_y,gt_z,wls_x,wls_y,wls_z,lc_x,lc_y,lc_z,lc_qx,lc_qy,lc_qz,lc_qw,lc_vx,lc_vy,lc_vz,lc_bias_ax,lc_bias_ay,lc_bias_az,wls_gt_err,lc_gt_err,integ_chi2,integ_threshold,integ_dof,integ_fault,integ_ring_sum,integ_ring_ok,integ_hpl,integ_vpl,integ_available,integ_excluded_idx,nlos_rejected_count,nlos_rejected_pairs
0.008942,1.474000,-0.071000,0.079000,1.486238,-0.107461,0.027792,1.486238,-0.107461,0.027792,-0.002768,-0.006919,0.015221,0.999856,0.000000,0.000000,0.000000,0.000000,0.000000,0.000000,0.064042,0.064042,9.572025,20.515006,5,0,0.000000,1,0.472351,0.777433,1,-1,0,none
0.025482,1.474000,-0.071000,0.079000,1.478597,-0.080740,0.075041,1.482421,-0.094087,0.051418,-0.002807,-0.006943,0.015214,0.999856,0.000913,0.003021,0.000327,0.000000,-0.000000,-0.000000,0.011475,0.036942,0.422221,20.515006,5,0,0.000000,1,0.471038,0.774145,1,-1,0,none
0.042023,1.474000,-0.071000,0.079000,1.496294,-0.105565,0.117839,1.487111,-0.097956,0.073591,-0.001291,-0.006184,0.015029,0.999867,0.002337,0.004816,0.000926,-0.000000,0.000000,-0.000000,0.056571,0.030460,2.266975,18.466827,4,0,0.000000,1,0.469338,0.926261,1,3,0,none
0.058686,1.474000,-0.071000,0.079000,1.440107,-0.139415,0.117937,1.475176,-0.108420,0.084682,0.000929,-0.008615,0.015152,0.999848,0.000768,0.004446,0.001636,0.000000,0.000000,-0.000000,0.085705,0.037867,3.868550,20.515006,5,0,0.000000,1,0.468706,0.764826,1,-1,0,none
0.091874,1.474000,-0.071000,0.079000,1.508674,-0.175072,0.192033,1.482348,-0.122061,0.106288,0.004264,-0.005765,0.015910,0.999848,0.006748,0.001260,0.004348,-0.000000,0.000001,-0.000001,0.157510,0.058494,-12848045674608398.000000,20.515006,5,0,0.000000,1,0.569956,0.960274,1,-1,0,none
0.108500,1.474000,-0.071000,0.079000,1.524644,-0.137276,0.270050,1.489494,-0.123422,0.134129,-0.000206,-0.003593,0.016492,0.999858,0.013003,0.009902,0.008219,-0.000001,0.000001,-0.000004,0.208465,0.077636,2.080082,18.466827,4,0,0.000000,1,0.655400,1.085654,1,1,0,none
0.125187,1.474000,-0.071000,0.079000,1.472753,-0.098936,0.183781,1.487057,-0.119592,0.141454,-0.001897,-0.004663,0.016458,0.999852,0.012065,0.016063,0.009665,-0.000000,0.000001,-0.000005,0.108448,0.080200,10.504110,18.466827,4,0,0.000000,1,0.466979,0.919389,1,3,0,none
0.143813,1.474000,-0.071000,0.079000,1.390029,-0.139071,0.041962,1.474057,-0.122029,0.128917,-0.000521,-0.010160,0.016093,0.999819,-0.003108,0.014660,0.007103,0.000002,0.000001,-0.000002,0.114266,0.071384,2.212432,18.466827,4,0,0.000000,1,0.413239,0.822336,1,5,0,none
0.160448,1.474000,-0.071000,0.079000,1.390029,-0.139071,0.041962,1.474057,-0.122029,0.128917,-0.000521,-0.010160,0.016093,0.999819,-0.003108,0.014660,0.007103,0.000002,0.000001,-0.000002,0.114266,0.071384,-12194561935935486.000000,20.515006,5,0,0.000000,1,1.329751,1.242189,0,-1,0,none
0.177042,1.474000,-0.071000,0.079000,1.468120,-0.099055,0.052161,1.473060,-0.118701,0.120398,-0.001633,-0.010928,0.015954,0.999812,-0.006058,0.023428,0.004634,0.000002,0.000000,0.000001,0.039268,0.063167,-3654543929574970.000000,20.515006,5,0,0.000000,1,0.653881,0.829977,1,-1,0,none
0.193709,1.474000,-0.071000,0.079000,1.520332,-0.124142,0.046573,1.478377,-0.118995,0.112829,-0.001157,-0.008642,0.016052,0.999833,0.003634,0.024101,0.001560,-0.000000,0.000000,0.000005,0.077604,0.058882,5.559756,18.466827,4,0,0.000000,1,0.658986,0.806753,1,3,0,none
0.210321,1.474000,-0.071000,0.079000,1.520332,-0.124142,0.046573,1.478377,-0.118995,0.112829,-0.001157,-0.008642,0.016052,0.999833,0.003634,0.024101,0.001560,-0.000000,0.000000,0.000005,0.077604,0.058882,-317237016678906.500000,20.515006,5,0,0.000000,1,0.371559,2.430806,0,-1,0,none
0.226978,1.474000,-0.071000,0.079000,1.480376,-0.178418,0.116733,1.478740,-0.125158,0.113216,0.002772,-0.008581,0.016130,0.999829,0.004939,0.009441,0.002134,-0.000000,0.000004,0.000005,0.114031,0.064236,4.679217,18.466827,4,0,0.000000,1,0.595483,0.835247,1,7,0,none
0.243561,1.474000,-0.071000,0.079000,1.475072,-0.121004,0.200148,1.478440,-0.124455,0.121068,0.002222,-0.008710,0.016117,0.999830,0.004601,0.013016,0.006699,0.000000,0.000004,-0.000002,0.131067,0.068168,4.543472,18.466827,4,0,0.000000,1,0.413236,0.806502,1,5,0,none
0.276847,1.474000,-0.071000,0.079000,1.447050,-0.139871,0.167618,1.474788,-0.125866,0.125211,0.003331,-0.011118,0.016058,0.999804,-0.008593,0.009192,0.009759,0.000003,0.000005,-0.000007,0.115424,0.071738,2.066969,20.515006,5,0,0.000000,1,0.467805,0.759996,1,-1,0,none
0.293453,1.474000,-0.071000,0.079000,1.504096,-0.136402,0.216245,1.478258,-0.126870,0.132718,0.003952,-0.008738,0.016148,0.999824,0.005416,0.006366,0.015734,0.000000,0.000006,-0.000018,0.154982,0.077623,-101514168779766.312500,20.515006,5,0,0.000000,1,0.577981,1.434151,1,-1,0,none
0.310063,1.474000,-0.071000,0.079000,1.519693,-0.127318,0.213285,1.483240,-0.126728,0.139107,0.003864,-0.005623,0.016232,0.999845,0.025654,0.007819,0.020584,-0.000004,0.000007,-0.000028,0.152618,0.082485,6.999056,20.515006,5,0,0.000000,1,0.469066,0.757631,1,-1,0,none
0.326668,1.474000,-0.071000,0.079000,1.491881,-0.119971,0.067942,1.484628,-0.125902,0.134252,0.003524,-0.004973,0.016252,0.999849,0.031159,0.011040,0.015999,-0.000004,0.000006,-0.000018,0.053293,0.078612,1.429177,20.515006,5,0,0.000000,1,0.471509,0.772266,1,-1,0,none
0.343318,1.474000,-0.071000,0.079000,1.461631,-0.112879,0.023716,1.482547,-0.124349,0.126797,0.002765,-0.006456,0.016258,0.999843,0.022043,0.017301,0.008522,-0.000002,0.000005,-0.000001,0.070449,0.072137,-3070842617753854.500000,20.515006,5,0,0.000000,1,0.541517,0.935285,1,-1,0,none
0.359944,1.474000,-0.071000,0.079000,1.473745,-0.022255,-0.097138,1.481942,-0.112961,0.111856,-0.003614,-0.006903,0.016358,0.999836,0.019264,0.065500,-0.007155,-0.000001,-0.000006,0.000036,0.182759,0.053882,2.550743,16.266236,3,0,0.000000,1,0.674462,1.690806,1,-1,2,anchor2:1-2;2-3
0.376591,1.474000,-0.071000,0.079000,1.469195,-0.168692,-0.017034,1.480870,-0.117740,0.103470,-0.000414,-0.007723,0.016350,0.999836,0.014466,0.043765,-0.015676,0.000001,0.000000,0.000060,0.137074,0.053204,6.743188,18.466827,4,0,0.000000,1,0.596961,0.851271,1,7,0,none
0.393155,1.474000,-0.071000,0.079000,1.492146,-0.125730,0.068301,1.482258,-0.117954,0.101039,0.000078,-0.007109,0.016344,0.999841,0.020019,0.042048,-0.018022,0.000000,0.000001,0.000067,0.058644,0.052522,3.954141,20.515006,5,0,0.000000,1,0.471488,0.771806,1,-1,0,none
0.409820,1.474000,-0.071000,0.079000,1.475559,-0.188415,0.133178,1.481845,-0.124763,0.102730,0.004020,-0.007566,0.016298,0.999830,0.017646,0.011316,-0.015147,0.000001,0.000010,0.000060,0.129321,0.059288,-4289039121451527.000000,20.515006,5,0,0.000000,1,0.690155,0.808996,1,-1,0,none
0.426454,1.474000,-0.071000,0.079000,1.479665,-0.147641,0.155109,1.481874,-0.126997,0.105662,0.005241,-0.007738,0.016269,0.999824,0.017208,0.001443,-0.011016,0.000001,0.000013,0.000048,0.108160,0.062519,5.101167,18.466827,4,0,0.000000,1,0.468396,0.924190,1,2,0,none
0.443070,1.474000,-0.071000,0.079000,1.493008,-0.247265,0.112527,1.483337,-0.139967,0.105686,0.011643,-0.007264,0.016219,0.999774,0.022878,-0.055219,-0.011233,0.000001,0.000027,0.000046,0.180429,0.074537,12.389402,18.466827,4,0,0.000000,1,0.595671,0.840902,1,7,0,none
0.459663,1.474000,-0.071000,0.079000,1.493008,-0.247265,0.112527,1.483337,-0.139967,0.105686,0.011643,-0.007264,0.016219,0.999774,0.022878,-0.055219,-0.011233,0.000001,0.000027,0.000046,0.180429,0.074537,-3667237029351955.000000,20.515006,5,0,0.000000,1,1.207300,-nan,0,-1,0,none
0.509580,1.474000,-0.071000,0.079000,1.532425,-0.141785,0.090496,1.492505,-0.143583,0.104030,0.011574,-0.004045,0.016396,0.999790,0.059082,-0.061289,-0.012573,-0.000007,0.000027,0.000051,0.092500,0.078976,-1268935170099193.250000,20.515006,5,0,0.000000,1,0.456712,1.934029,1,-1,0,none
0.542821,1.474000,-0.071000,0.079000,1.467084,-0.159945,0.081204,1.489928,-0.148106,0.102007,0.012514,-0.005848,0.016287,0.999772,0.044483,-0.074850,-0.015454,-0.000002,0.000029,0.000060,0.089241,0.082026,4.034098,20.515006,5,0,0.000000,1,0.470284,0.767489,1,-1,0,none
0.559442,1.474000,-0.071000,0.079000,1.455494,-0.186296,-0.032123,1.485266,-0.155491,0.092722,0.014849,-0.007847,0.016155,0.999728,0.024501,-0.102454,-0.029092,0.000005,0.000034,0.000117,0.161196,0.086336,5.906719,18.466827,4,0,0.000000,1,0.596847,0.850308,1,7,0,none
0.592670,1.474000,-0.071000,0.079000,1.482274,-0.193858,0.177699,1.485425,-0.164375,0.097766,0.016600,-0.008128,0.016118,0.999699,0.023628,-0.128879,-0.019028,0.000005,0.000041,0.000076,0.157810,0.095925,1.969185,18.466827,4,0,0.000000,1,0.593041,1.118194,1,4,0,none
0.609268,1.474000,-0.071000,0.079000,1.463824,-0.153459,0.104295,1.482413,-0.164415,0.097821,0.015916,-0.009216,0.016055,0.999702,0.011444,-0.124498,-0.019110,0.000008,0.000039,0.000073,0.086850,0.095663,9.159738,20.515006,5,0,0.000000,1,0.469674,0.765538,1,-1,0,none
0.659175,1.474000,-0.071000,0.079000,1.501213,-0.126418,0.239704,1.486299,-0.162358,0.107394,0.013419,-0.008263,0.016069,0.999747,0.024340,-0.102905,-0.002934,0.000004,0.000033,-0.000011,0.172155,0.096456,-6141678142366197.000000,20.515006,5,0,0.000000,1,0.649286,0.702954,1,-1,0,none
0.692403,1.474000,-0.071000,0.079000,1.481250,-0.121985,0.020301,1.486064,-0.158053,0.100955,0.011412,-0.008496,0.016071,0.999770,0.022255,-0.081080,-0.012397,0.000005,0.000025,0.000046,0.078087,0.090586,-12194551941046272.000000,20.515006,5,0,0.000000,1,0.820219,1.289936,1,-1,0,none
0.709049,1.474000,-0.071000,0.079000,1.447928,-0.109108,0.031773,1.480049,-0.151142,0.095828,0.009341,-0.010088,0.016096,0.999776,0.001528,-0.055352,-0.019916,0.000011,0.000017,0.000090,0.066048,0.082113,5.264972,20.515006,5,0,0.000000,1,0.471056,0.776216,1,-1,0,none
0.725676,1.474000,-0.071000,0.079000,1.456943,-0.126361,0.043606,1.476494,-0.148144,0.091858,0.008380,-0.010958,0.016130,0.999775,-0.010343,-0.043559,-0.025545,0.000015,0.000013,0.000124,0.067886,0.078248,4.546115,18.466827,4,0,0.000000,1,0.596012,0.849151,1,7,0,none
0.758871,1.474000,-0.071000,0.079000,1.458554,-0.122106,0.140265,1.473401,-0.145230,0.094543,0.007378,-0.011580,0.016143,0.999775,-0.019296,-0.031303,-0.020192,0.000017,0.000009,0.000090,0.081263,0.075842,11.224947,20.515006,5,0,0.000000,1,0.468802,0.764154,1,-1,0,none
0.775553,1.474000,-0.071000,0.079000,1.462485,-0.161561,0.229155,1.471603,-0.148068,0.103742,0.007871,-0.011900,0.016189,0.999767,-0.024146,-0.038888,-0.005694,0.000018,0.000010,-0.000005,0.175729,0.080977,-511807250732799.500000,20.515006,5,0,0.000000,1,0.384429,0.862362,1,-1,0,none
0.808795,1.474000,-0.071000,0.079000,1.534168,-0.137210,0.244852,1.480580,-0.147450,0.113783,0.007513,-0.009886,0.016024,0.999795,0.004712,-0.034526,0.009826,0.000008,0.000008,-0.000111,0.188443,0.084248,13.701341,18.466827,4,0,0.000000,1,0.656444,1.089187,1,0,0,none
0.825397,1.474000,-0.071000,0.079000,1.487724,-0.127564,0.101271,1.481649,-0.145080,0.113071,0.006917,-0.009680,0.016015,0.999801,0.007844,-0.026222,0.008736,0.000007,0.000006,-0.000102,0.062321,0.081897,12.584239,20.515006,5,0,0.000000,1,0.470565,0.768150,1,-1,0,none
0.842019,1.474000,-0.071000,0.079000,1.522136,-0.133463,0.167754,1.487235,-0.143882,0.116949,0.006630,-0.008644,0.015913,0.999814,0.024178,-0.021777,0.014490,0.000002,0.000004,-0.000143,0.118726,0.083229,5.930645,20.515006,5,0,0.000000,1,0.470110,0.761549,1,-1,0,none
0.875282,1.474000,-0.071000,0.079000,1.458839,-0.125908,0.197293,1.483932,-0.142010,0.123049,0.006138,-0.009407,0.016020,0.999809,0.013457,-0.015209,0.023050,0.000004,0.000000,-0.000208,0.131293,0.084151,-4625305692160004.000000,20.515006,5,0,0.000000,1,0.490815,1.159567,1,-1,0,none
0.891878,1.474000,-0.071000,0.079000,1.473037,-0.102048,0.154557,1.482672,-0.136942,0.125541,0.005195,-0.009667,0.016073,0.999811,0.009333,-0.000336,0.026000,0.000005,-0.000005,-0.000233,0.081693,0.081176,-22384151814883324.000000,20.515006,5,0,0.000000,1,0.877285,1.495019,1,-1,0,none
0.908519,1.474000,-0.071000,0.079000,1.548850,-0.133702,0.177728,1.491151,-0.136561,0.129407,0.005138,-0.008235,0.015881,0.999827,0.032667,0.001160,0.030892,-0.000004,-0.000006,-0.000275,0.138857,0.084459,15.354679,18.466827,4,0,0.000000,1,0.659057,1.099860,1,0,0,none
0.925216,1.474000,-0.071000,0.079000,1.519268,-0.092529,0.021604,1.495047,-0.131189,0.122807,0.004225,-0.007645,0.015860,0.999836,0.042637,0.016304,0.020796,-0.000005,-0.000010,-0.000185,0.076203,0.077361,10.495909,16.266236,3,0,0.000000,1,0.668932,1.679455,1,-1,2,anchor2:1-2;2-3
0.941815,1.474000,-0.071000,0.079000,1.498451,-0.176775,0.079280,1.496091,-0.136181,0.120367,0.005081,-0.007588,0.015785,0.999834,0.044309,0.002617,0.017000,-0.000005,-0.000003,-0.000149,0.108565,0.080298,-13425424013169412.000000,20.515006,5,0,0.000000,1,0.727120,0.708591,1,-1,0,none
0.958425,1.474000,-0.071000,0.079000,1.491950,-0.158890,0.170963,1.496235,-0.138681,0.123803,0.005478,-0.007685,0.015756,0.999831,0.043615,-0.003732,0.021509,-0.000005,-0.000001,-0.000192,0.128468,0.084157,7.458597,20.515006,5,0,0.000000,1,0.469003,0.758901,1,-1,0,none
0.975018,1.474000,-0.071000,0.079000,1.473064,-0.108439,0.087746,1.494384,-0.135470,0.121908,0.004945,-0.008060,0.015855,0.999830,0.037658,0.005444,0.018479,-0.000001,-0.000004,-0.000160,0.038458,0.080081,-114204467572794.343750,20.515006,5,0,0.000000,1,0.391056,0.848337,1,-1,0,none
0.991690,1.474000,-0.071000,0.079000,1.473064,-0.108439,0.087746,1.494384,-0.135470,0.121908,0.004945,-0.008060,0.015855,0.999830,0.037658,0.005444,0.018479,-0.000001,-0.000004,-0.000160,0.038458,0.080081,-2144518250910837.000000,20.515006,5,0,0.000000,1,1.162785,1.481920,0,-1,0,none
1.027043,1.474000,-0.071000,0.079000,1.488997,-0.073319,0.058596,1.495483,-0.127515,0.118588,0.003804,-0.008199,0.015913,0.999833,0.036767,0.026653,0.012955,0.000001,-0.000013,-0.000096,0.025429,0.072269,5.928014,18.466827,4,0,0.000000,1,0.470338,0.935888,1,1,0,none
1.060185,1.474000,-0.071000,0.079000,1.500848,-0.182883,0.182197,1.497207,-0.133770,0.123316,0.004841,-0.008182,0.015857,0.999829,0.039354,0.009588,0.018961,-0.000001,-0.000005,-0.000164,0.154559,0.080265,-18323543311033464.000000,20.515006,5,0,0.000000,1,0.827738,0.942294,1,-1,0,none
1.076836,1.474000,-0.071000,0.079000,1.470674,-0.124776,0.148172,1.494578,-0.132554,0.125248,0.004689,-0.008644,0.015926,0.999825,0.031995,0.012644,0.021168,0.000003,-0.000007,-0.000190,0.087680,0.079695,1.965058,18.466827,4,0,0.000000,1,0.468125,0.925936,1,1,0,none
1.093530,1.474000,-0.071000,0.079000,1.469242,-0.133661,0.193062,1.492119,-0.132521,0.129938,0.004699,-0.009065,0.015967,0.999820,0.025016,0.012601,0.026857,0.000006,-0.000008,-0.000262,0.130228,0.081901,-14618220453423888.000000,20.515006,5,0,0.000000,1,0.630632,0.971745,1,-1,0,none
1.110174,1.474000,-0.071000,0.079000,1.423265,-0.152737,0.123047,1.484863,-0.134568,0.129929,0.004989,-0.010108,0.016083,0.999807,0.006216,0.007514,0.026159,0.000017,-0.000005,-0.000255,0.105807,0.082174,-5181512431294544.000000,20.515006,5,0,0.000000,1,0.354392,0.947871,1,-1,0,none
1.126690,1.474000,-0.071000,0.079000,1.509550,-0.069776,-0.006081,1.487562,-0.127529,0.121942,0.004044,-0.009755,0.016009,0.999816,0.012583,0.024755,0.015042,0.000015,-0.000013,-0.000107,0.092217,0.072273,5.204516,16.266236,3,0,0.000000,1,0.670819,1.681753,1,-1,2,anchor2:1-2;2-3
1.143372,1.474000,-0.071000,0.079000,1.450372,-0.132744,0.073560,1.483933,-0.127673,0.119263,0.004088,-0.010258,0.016063,0.999810,0.003383,0.024024,0.011293,0.000022,-0.000011,-0.000054,0.066334,0.070225,7.346631,18.466827,4,0,0.000000,1,0.414423,0.819898,1,4,0,none
1.176591,1.474000,-0.071000,0.079000,1.470126,-0.139965,0.108093,1.482553,-0.128241,0.118935,0.004245,-0.010457,0.016093,0.999807,-0.000267,0.022380,0.010459,0.000025,-0.000008,-0.000041,0.074951,0.070317,-3965445580142653.000000,20.515006,5,0,0.000000,1,0.382874,0.949234,1,-1,0,none
1.193224,1.474000,-0.071000,0.079000,1.470126,-0.139965,0.108093,1.482553,-0.128241,0.118935,0.004245,-0.010457,0.016093,0.999807,-0.000267,0.022380,0.010459,0.000025,-0.000008,-0.000041,0.074951,0.070317,-1268945245575197.000000,20.515006,5,0,0.000000,1,1.079300,1.166137,0,-1,0,none
1.209875,1.474000,-0.071000,0.079000,1.565732,-0.134506,0.163003,1.491747,-0.128286,0.122028,0.004374,-0.009314,0.015992,0.999819,0.021132,0.021412,0.014154,0.000007,-0.000007,-0.000095,0.139658,0.073811,7.866793,18.466827,4,0,0.000000,1,0.656698,0.793797,1,2,0,none
1.243151,1.474000,-0.071000,0.079000,1.476869,-0.108682,0.120550,1.490672,-0.125404,0.122375,0.004090,-0.009568,0.016021,0.999817,0.017218,0.027534,0.014067,0.000011,-0.000011,-0.000093,0.056165,0.071548,2.438201,18.466827,4,0,0.000000,1,0.427811,0.764070,1,0,0,none
1.259691,1.474000,-0.071000,0.079000,1.530425,-0.156737,0.132924,1.495241,-0.128428,0.123248,0.004517,-0.009072,0.015965,0.999821,0.027309,0.020323,0.014985,0.000002,-0.000005,-0.000107,0.115941,0.075545,17.482743,20.515006,5,0,0.000000,1,0.471059,0.763346,1,-1,0,none
1.276305,1.474000,-0.071000,0.079000,1.471999,-0.140685,0.152813,1.493201,-0.129422,0.125277,0.004663,-0.009402,0.015971,0.999817,0.021965,0.017840,0.017481,0.000006,-0.000003,-0.000146,0.101531,0.076964,2.280677,20.515006,5,0,0.000000,1,0.468867,0.761751,1,-1,0,none
1.292975,1.474000,-0.071000,0.079000,1.482184,-0.131575,0.045450,1.492418,-0.129356,0.120812,0.004674,-0.009547,0.015983,0.999816,0.019576,0.017565,0.012071,0.000011,-0.000001,-0.000039,0.069728,0.074115,4.471965,20.515006,5,0,0.000000,1,0.471707,0.773659,1,-1,0,none
1.309608,1.474000,-0.071000,0.079000,1.439195,-0.104752,0.130109,1.487516,-0.126694,0.121533,0.004393,-0.010138,0.016015,0.999811,0.007877,0.023478,0.012809,0.000022,-0.000006,-0.000051,0.070446,0.071369,2.145718,20.515006,5,0,0.000000,1,0.468497,0.766108,1,-1,0,none
1.342851,1.474000,-0.071000,0.079000,1.419190,-0.115642,0.068251,1.480829,-0.124863,0.118767,0.004236,-0.010913,0.015910,0.999805,-0.007969,0.026369,0.009484,0.000039,-0.000008,0.000026,0.071502,0.067300,3.062507,18.466827,4,0,0.000000,1,0.426458,0.768781,1,0,0,none
1.359440,1.474000,-0.071000,0.079000,1.474373,-0.071289,0.027690,1.480060,-0.119218,0.113622,0.003716,-0.011006,0.016091,0.999803,-0.009894,0.038652,0.003338,0.000042,-0.000018,0.000158,0.051312,0.059669,-101516264478783.406250,20.515006,5,0,0.000000,1,0.504379,0.953421,1,-1,0,none
1.392729,1.474000,-0.071000,0.079000,1.477315,-0.131781,0.166078,1.479475,-0.119348,0.116836,0.003677,-0.010954,0.016332,0.999800,-0.011592,0.036022,0.007428,0.000041,-0.000016,0.000077,0.106245,0.061637,-7930905265971197.000000,20.515006,5,0,0.000000,1,0.460705,0.764081,1,-1,0,none
1.425971,1.474000,-0.071000,0.079000,1.473503,-0.143559,0.134431,1.478541,-0.120810,0.118158,0.002558,-0.009446,0.015692,0.999829,-0.010535,0.032062,0.011625,0.000043,-0.000009,0.000049,0.091311,0.063522,6.359119,20.515006,5,0,0.000000,1,0.469314,0.763379,1,-1,0,none
1.442595,1.474000,-0.071000,0.079000,1.508875,-0.081854,0.092750,1.481419,-0.116438,0.116837,0.001225,-0.008901,0.015704,0.999836,-0.006382,0.039258,0.008781,0.000035,-0.000019,0.000091,0.039027,0.059593,15.264310,18.466827,4,0,0.000000,1,0.659676,0.806898,1,2,0,none
1.509089,1.473000,-0.071000,0.082000,1.521827,-0.130103,0.223178,1.484848,-0.115627,0.126045,-0.006702,0.018759,0.018871,0.999623,-0.013267,0.048041,0.103974,0.000018,-0.000017,-0.000110,0.160650,0.063812,-203029788423183.562500,20.515006,5,0,0.000000,1,0.465038,0.970287,1,-1,0,none
1.525697,1.473000,-0.071000,0.084000,1.502795,-0.157536,0.152626,1.486764,-0.119553,0.129602,-0.003439,0.027053,0.019134,0.999445,0.006030,0.044500,0.141637,0.000011,-0.000003,-0.000157,0.114393,0.068018,12.835228,20.515006,5,0,0.000000,1,0.469746,0.760944,1,-1,0,none
1.542345,1.473000,-0.070000,0.086000,1.469018,-0.145080,0.175214,1.485043,-0.121615,0.134826,0.000235,0.032893,0.020892,0.999240,0.014269,0.037250,0.174802,0.000016,0.000003,-0.000239,0.116670,0.072064,-1624244755686392.500000,20.515006,5,0,0.000000,1,0.530535,0.712555,1,-1,0,none
1.558907,1.474000,-0.070000,0.089000,1.469018,-0.145080,0.175214,1.485043,-0.121615,0.134826,0.000235,0.032893,0.020892,0.999240,0.014269,0.037250,0.174802,0.000016,0.000003,-0.000239,0.114432,0.069901,-14668950172805002.000000,20.515006,5,0,0.000000,1,4.484414,-nan,0,-1,0,none
1.575542,1.475000,-0.070000,0.092000,1.396131,-0.199664,0.073102,1.476264,-0.129231,0.136959,0.003443,0.039540,0.022087,0.998968,0.030843,0.005258,0.199280,0.000048,0.000030,-0.000103,0.152939,0.074372,4.037064,16.266236,3,0,0.000000,1,0.640924,1.650741,1,-1,2,anchor2:1-2;2-3
1.610908,1.478000,-0.070000,0.099000,1.393282,-0.056177,-0.089826,1.468787,-0.120975,0.129509,0.003536,0.033863,0.023650,0.999140,0.062159,0.020201,0.183653,0.000083,0.000010,0.000391,0.207421,0.060117,0.813850,18.466827,4,0,0.000000,1,0.426949,0.786635,1,7,0,none
1.627526,1.480000,-0.069000,0.102000,1.369524,-0.050524,-0.140512,1.459179,-0.113222,0.115827,0.003935,0.028137,0.023916,0.999310,0.051070,0.033756,0.160269,0.000122,-0.000008,0.000961,0.267130,0.050796,1.303932,18.466827,4,0,0.000000,1,0.664521,0.835104,1,1,0,none
1.644119,1.482000,-0.070000,0.105000,1.295628,-0.099479,-0.287228,1.443373,-0.111264,0.094364,0.004337,0.021128,0.024904,0.999457,0.023506,0.034112,0.126436,0.000184,-0.000001,0.001801,0.435255,0.057514,5.614051,16.266236,3,0,0.000000,1,0.659105,1.422518,1,-1,2,anchor6:5-6;6-7
1.660763,1.485000,-0.070000,0.108000,1.382041,-0.029850,-0.120099,1.437704,-0.102890,0.083852,0.003286,0.015504,0.025326,0.999554,0.015692,0.047675,0.105126,0.000205,-0.000023,0.002247,0.253459,0.062464,-57102445371452.437500,20.515006,5,0,0.000000,1,0.514913,0.922513,1,-1,0,none
1.677424,1.488000,-0.070000,0.110000,1.308189,-0.109828,-0.243215,1.425839,-0.102699,0.066867,0.002337,0.009648,0.025854,0.999616,-0.002779,0.046862,0.076850,0.000250,-0.000009,0.002921,0.398346,0.082424,9.317595,16.266236,3,0,0.000000,1,0.657124,1.405728,1,-1,2,anchor6:5-6;6-7
1.727235,1.496000,-0.071000,0.117000,1.381656,-0.058540,-0.053599,1.421284,-0.096285,0.062494,-0.000438,-0.004413,0.027104,0.999623,-0.010589,0.049248,0.031427,0.000267,-0.000022,0.003201,0.205752,0.095879,1.356478,18.466827,4,0,0.000000,1,0.661402,0.823806,1,1,0,none
1.743905,1.499000,-0.071000,0.119000,1.346196,-0.097364,-0.115610,1.413227,-0.095292,0.053124,-0.000013,-0.010455,0.028044,0.999552,-0.023700,0.053118,0.005786,0.000293,-0.000009,0.003615,0.281222,0.110846,7.248310,20.515006,5,0,0.000000,1,0.471853,0.792029,1,-1,0,none
1.760556,1.502000,-0.072000,0.120000,1.427602,-0.148071,0.105188,1.414233,-0.099411,0.056075,0.001374,-0.016222,0.028530,0.999460,-0.023165,0.047275,-0.003454,0.000288,0.000011,0.003498,0.107430,0.111986,1.626665,16.266236,3,0,0.000000,1,0.738130,1.605607,1,-1,2,anchor3:2-3;3-4
1.793738,1.508000,-0.072000,0.123000,1.427602,-0.148071,0.105188,1.414233,-0.099411,0.056075,0.001374,-0.016222,0.028530,0.999460,-0.023165,0.047275,-0.003454,0.000288,0.000011,0.003498,0.112106,0.118417,-203030433253145.500000,20.515006,5,0,0.000000,1,1.750719,0.671498,0,-1,0,none
1.810389,1.511000,-0.072000,0.123000,1.437915,-0.079927,-0.134155,1.414963,-0.095489,0.043728,0.001014,-0.030810,0.030056,0.999073,-0.048570,0.044580,-0.058098,0.000278,0.000011,0.003968,0.267456,0.126723,4.966406,18.466827,4,0,0.000000,1,0.664674,0.832216,1,1,0,none
1.827047,1.512000,-0.073000,0.124000,1.443549,-0.161662,0.152508,1.417020,-0.101299,0.049009,0.001764,-0.035066,0.030333,0.998923,-0.052810,0.033041,-0.063246,0.000268,0.000037,0.003697,0.115582,0.124280,6.148030,16.266236,3,0,0.000000,1,0.742967,1.606335,1,-1,2,anchor3:2-3;3-4
1.843671,1.512000,-0.073000,0.124000,1.357169,-0.053525,-0.066934,1.410443,-0.096299,0.041374,0.001717,-0.039700,0.030863,0.998733,-0.075076,0.038543,-0.083833,0.000291,0.000020,0.003979,0.246592,0.132980,2.255172,18.466827,4,0,0.000000,1,0.664789,1.157736,1,6,0,none
1.860242,1.518000,-0.073000,0.124000,1.458456,-0.149960,0.083181,1.413655,-0.100651,0.042355,0.002645,-0.042674,0.031501,0.998589,-0.079005,0.025718,-0.093532,0.000272,0.000042,0.003874,0.105521,0.135345,3.052929,16.266236,3,0,0.000000,1,0.740119,1.616111,1,-1,2,anchor3:2-3;3-4
1.893524,1.522000,-0.074000,0.124000,1.472305,-0.139304,0.107701,1.416405,-0.103565,0.042901,0.002343,-0.046684,0.032040,0.998393,-0.096691,0.015088,-0.098935,0.000246,0.000059,0.003699,0.083665,0.136387,1.202184,16.266236,3,0,0.000000,1,0.741948,1.612235,1,-1,2,anchor3:2-3;3-4
1.926715,1.524000,-0.074000,0.124000,1.355343,-0.058210,-0.018010,1.407274,-0.098838,0.036474,0.000156,-0.048316,0.032838,0.998292,-0.136309,0.021728,-0.099594,0.000271,0.000038,0.003853,0.221047,0.147996,3.251347,18.466827,4,0,0.000000,1,0.662859,1.148080,1,6,0,none
1.962056,1.526000,-0.076000,0.124000,1.396505,-0.060089,0.009725,1.401340,-0.094351,0.031811,0.000495,-0.049567,0.034177,0.998186,-0.175583,0.025873,-0.090777,0.000273,0.000020,0.003918,0.173438,0.156127,2.779998,20.515006,5,0,0.000000,1,0.470143,0.781134,1,-1,0,none
1.978693,1.527000,-0.076000,0.124000,1.383624,-0.058266,-0.071806,1.396864,-0.090529,0.024656,-0.000259,-0.049036,0.033899,0.998222,-0.195816,0.032339,-0.092354,0.000279,0.000006,0.004204,0.243333,0.164364,-317237016678904.250000,20.515006,5,0,0.000000,1,0.604214,1.182534,1,-1,0,none
1.995298,1.527000,-0.076000,0.124000,1.421417,-0.129987,0.018626,1.396245,-0.093665,0.023050,0.000071,-0.048823,0.034096,0.998225,-0.201300,0.025169,-0.083468,0.000267,0.000025,0.004218,0.158638,0.166132,5.496185,20.515006,5,0,0.000000,1,0.470526,0.775666,1,-1,0,none
2.011891,1.527000,-0.076000,0.124000,1.465570,-0.168666,0.112069,1.399373,-0.099945,0.026620,0.000970,-0.048626,0.034282,0.998228,-0.205666,0.010418,-0.072425,0.000235,0.000059,0.003972,0.111817,0.162310,7.730506,16.266236,3,0,0.000000,1,0.743508,1.618950,1,-1,2,anchor3:2-3;3-4
2.028581,1.527000,-0.077000,0.124000,1.415601,-0.068969,-0.040169,1.397572,-0.097146,0.022053,0.001933,-0.048880,0.034557,0.998205,-0.220619,0.012426,-0.074852,0.000226,0.000048,0.004153,0.198559,0.165984,-114203439877244.625000,20.515006,5,0,0.000000,1,0.539656,0.972582,1,-1,0,none
2.045197,1.527000,-0.077000,0.125000,1.442193,-0.167597,0.115530,1.397918,-0.102905,0.025700,0.001798,-0.047060,0.035081,0.998274,-0.229520,-0.006075,-0.069990,0.000206,0.000078,0.003895,0.124457,0.164905,7.704092,16.266236,3,0,0.000000,1,0.741371,1.613063,1,-1,2,anchor3:2-3;3-4
2.061811,1.526000,-0.078000,0.126000,1.450003,-0.138320,0.118939,1.398614,-0.105904,0.029293,0.002525,-0.045580,0.034299,0.998369,-0.234976,-0.012586,-0.067120,0.000181,0.000093,0.003638,0.097283,0.162352,3.709602,16.266236,3,0,0.000000,1,0.740289,1.605524,1,-1,2,anchor3:2-3;3-4
2.078470,1.525000,-0.078000,0.126000,1.412898,-0.147565,0.069130,1.396249,-0.109465,0.030243,0.003695,-0.044355,0.035484,0.998379,-0.247157,-0.027386,-0.067720,0.000173,0.000111,0.003527,0.143668,0.163512,2.681030,16.266236,3,0,0.000000,1,0.734997,1.607691,1,-1,2,anchor3:2-3;3-4
2.095036,1.524000,-0.079000,0.126000,1.367333,-0.087189,-0.111054,1.390221,-0.108193,0.022307,0.002726,-0.043094,0.034891,0.998458,-0.263583,-0.028509,-0.079491,0.000186,0.000102,0.003911,0.284264,0.171759,2.028771,20.515006,5,0,0.000000,1,0.472354,0.792647,1,-1,0,none
2.111739,1.524000,-0.079000,0.126000,1.413836,-0.059229,-0.020012,1.387970,-0.104862,0.019025,0.002971,-0.042151,0.035225,0.998486,-0.273607,-0.021631,-0.086279,0.000174,0.000082,0.004024,0.183974,0.174976,6.126349,18.466827,4,0,0.000000,1,0.661230,0.820437,1,0,0,none
2.128302,1.524000,-0.079000,0.126000,1.413836,-0.059229,-0.020012,1.387970,-0.104862,0.019025,0.002971,-0.042151,0.035225,0.998486,-0.273607,-0.021631,-0.086279,0.000174,0.000082,0.004024,0.183974,0.174976,-2487130988644345.500000,20.515006,5,0,0.000000,1,10.191005,3.291583,0,-1,0,none
2.144944,1.524000,-0.079000,0.126000,1.416915,-0.095068,-0.111098,1.381658,-0.104909,0.010011,0.002467,-0.037698,0.035346,0.998661,-0.297888,-0.027762,-0.092543,0.000159,0.000081,0.004394,0.260655,0.185435,1.490908,18.466827,4,0,0.000000,1,0.662330,0.827105,1,0,0,none
2.161627,1.519000,-0.081000,0.128000,1.412462,-0.166348,0.030911,1.379604,-0.110158,0.009602,0.001933,-0.034463,0.036186,0.998749,-0.306208,-0.042042,-0.093236,0.000144,0.000110,0.004332,0.167514,0.185202,5.162316,16.266236,3,0,0.000000,1,0.734417,1.619158,1,-1,2,anchor3:2-3;3-4
2.178175,1.519000,-0.081000,0.128000,1.497797,-0.174715,0.127448,1.384117,-0.115747,0.013875,0.001943,-0.031152,0.035842,0.998870,-0.295504,-0.049581,-0.083980,0.000085,0.000143,0.004014,0.096086,0.180070,7.796722,16.266236,3,0,0.000000,1,0.747837,1.625498,1,-1,2,anchor3:2-3;3-4
2.194865,1.519000,-0.081000,0.128000,1.482384,-0.155361,0.114089,1.387028,-0.119486,0.017270,0.002243,-0.028193,0.035535,0.998968,-0.289498,-0.059025,-0.077678,0.000035,0.000164,0.003725,0.084046,0.176520,1.624399,16.266236,3,0,0.000000,1,0.744326,1.618278,1,-1,2,anchor3:2-3;3-4
2.211428,1.512000,-0.083000,0.129000,1.435141,-0.155918,0.120849,1.386141,-0.123099,0.020814,0.003116,-0.025950,0.035917,0.999013,-0.290865,-0.067170,-0.073686,0.000008,0.000182,0.003422,0.106258,0.170742,2.975861,16.266236,3,0,0.000000,1,0.740156,1.607286,1,-1,2,anchor3:2-3;3-4
2.244679,1.508000,-0.085000,0.130000,1.450884,-0.160608,0.159991,1.382210,-0.128187,0.025024,0.001818,-0.019696,0.037038,0.999118,-0.293586,-0.079872,-0.067903,-0.000035,0.000202,0.002990,0.099389,0.169435,3.168707,16.266236,3,0,0.000000,1,0.743996,1.606570,1,-1,2,anchor3:2-3;3-4
2.261293,1.506000,-0.085000,0.131000,1.477861,-0.159417,0.200160,1.385198,-0.131691,0.032060,0.002322,-0.016861,0.036371,0.999193,-0.282547,-0.080516,-0.060315,-0.000092,0.000221,0.002450,0.105417,0.162980,2.972243,16.266236,3,0,0.000000,1,0.748720,1.606628,1,-1,2,anchor3:2-3;3-4
2.277999,1.504000,-0.087000,0.131000,1.431206,-0.161326,0.034311,1.384373,-0.135200,0.031217,0.002412,-0.014721,0.036735,0.999214,-0.277890,-0.089925,-0.061664,-0.000115,0.000237,0.002444,0.142028,0.163066,10.277314,16.266236,3,0,0.000000,1,0.735967,1.621212,1,-1,2,anchor3:2-3;3-4
2.311178,1.499000,-0.089000,0.133000,1.417600,-0.195236,0.148751,1.378674,-0.142784,0.034805,-0.000075,-0.007900,0.037223,0.999276,-0.273591,-0.103495,-0.052127,-0.000142,0.000269,0.002056,0.134759,0.164357,6.696215,16.266236,3,0,0.000000,1,0.742634,1.611224,1,-1,2,anchor3:2-3;3-4
2.344422,1.494000,-0.091000,0.134000,1.418504,-0.134475,0.026402,1.373717,-0.145215,0.032693,-0.000882,-0.003842,0.036333,0.999332,-0.265865,-0.102936,-0.053037,-0.000168,0.000265,0.002080,0.138445,0.166345,2.490433,18.466827,4,0,0.000000,1,0.655450,0.806168,1,0,0,none
2.394305,1.487000,-0.093000,0.136000,1.425446,-0.048343,-0.021991,1.366607,-0.141010,0.027704,-0.003533,0.002946,0.036048,0.999339,-0.252292,-0.087198,-0.045200,-0.000207,0.000207,0.002282,0.175341,0.168901,-621784439844986.500000,20.515006,5,0,0.000000,1,0.447156,0.960416,1,-1,0,none
2.410943,1.486000,-0.094000,0.137000,1.359572,-0.116413,-0.206811,1.362232,-0.140188,0.015405,-0.004424,0.005157,0.036453,0.999312,-0.247892,-0.075887,-0.049345,-0.000184,0.000189,0.003153,0.367004,0.179548,0.878618,16.266236,3,0,0.000000,1,0.656659,1.386991,1,-1,2,anchor6:5-6;6-7
2.427549,1.484000,-0.094000,0.138000,1.367621,-0.175273,-0.085667,1.359008,-0.144375,0.009700,-0.002854,0.006289,0.037577,0.999270,-0.235026,-0.078005,-0.049144,-0.000178,0.000207,0.003525,0.264908,0.186068,1.632933,16.266236,3,0,0.000000,1,0.648708,1.338807,1,-1,2,anchor6:5-6;6-7
2.444127,1.482000,-0.094000,0.139000,1.351357,-0.179707,-0.088316,1.355007,-0.148540,0.004241,-0.001246,0.006592,0.036943,0.999295,-0.229514,-0.087133,-0.049192,-0.000164,0.000225,0.003882,0.275837,0.193033,2.434276,16.266236,3,0,0.000000,1,0.648038,1.340531,1,-1,2,anchor6:5-6;6-7
2.527259,1.475000,-0.099000,0.146000,1.454581,-0.131266,0.149607,1.349138,-0.153526,0.008510,-0.000764,0.007960,0.037099,0.999280,-0.185504,-0.094129,-0.034971,-0.000265,0.000219,0.003242,0.038354,0.194211,5.247958,20.515006,5,0,0.000000,1,0.468448,0.762499,1,-1,0,none
2.543900,1.474000,-0.099000,0.147000,1.462911,-0.128448,0.147794,1.357913,-0.152276,0.015504,-0.001158,0.008054,0.037466,0.999265,-0.153341,-0.087740,-0.021773,-0.000360,0.000213,0.002654,0.031477,0.183318,-50757164993308.625000,20.515006,5,0,0.000000,1,0.414370,0.823220,1,-1,0,none
2.560543,1.473000,-0.100000,0.149000,1.470476,-0.127168,0.236871,1.366535,-0.151033,0.026774,-0.002645,0.008295,0.037443,0.999261,-0.126852,-0.083870,-0.006522,-0.000462,0.000208,0.001721,0.092010,0.169936,1.241208,18.466827,4,0,0.000000,1,0.465877,0.912858,1,7,0,none
2.577167,1.473000,-0.100000,0.150000,1.579660,-0.170756,0.131635,1.384602,-0.154079,0.031952,-0.003512,0.008594,0.037074,0.999269,-0.079958,-0.089052,0.001146,-0.000602,0.000235,0.001296,0.129306,0.157080,6.548227,18.466827,4,0,0.000000,1,0.655925,0.792445,1,0,0,none
2.595847,1.472000,-0.101000,0.151000,1.466401,-0.173808,0.079713,1.390763,-0.157283,0.034458,-0.003665,0.007587,0.037824,0.999249,-0.061400,-0.088925,0.003600,-0.000656,0.000252,0.001111,0.102050,0.152804,-16919249790009.468750,20.515006,5,0,0.000000,1,0.526213,0.990261,1,-1,0,none
2.612425,1.471000,-0.102000,0.153000,1.456535,-0.125015,0.047154,1.395676,-0.155691,0.035116,-0.003870,0.006445,0.037431,0.999271,-0.049601,-0.082393,0.004546,-0.000697,0.000237,0.001064,0.109281,0.149843,5.627838,18.466827,4,0,0.000000,1,0.656608,0.805632,1,7,0,none
2.645756,1.471000,-0.103000,0.156000,1.446695,-0.167861,0.075002,1.398833,-0.159195,0.037284,-0.006023,0.004164,0.036224,0.999317,-0.036595,-0.080769,0.009400,-0.000734,0.000247,0.000896,0.106576,0.149864,-634469096368895.000000,20.515006,5,0,0.000000,1,0.438308,0.695349,1,-1,0,none
2.678961,1.470000,-0.104000,0.159000,1.423539,-0.182403,0.115243,1.400167,-0.163622,0.041725,-0.004623,0.000311,0.036741,0.999314,-0.022555,-0.079792,0.023757,-0.000761,0.000263,0.000554,0.101096,0.148946,-7930882092350993.000000,20.515006,5,0,0.000000,1,0.567586,0.976300,1,-1,0,none
2.712242,1.469000,-0.104000,0.163000,1.455392,-0.151639,0.082183,1.404715,-0.164885,0.044667,-0.004082,-0.001709,0.035335,0.999366,-0.015368,-0.079581,0.034718,-0.000803,0.000259,0.000371,0.094794,0.147792,1.013205,18.466827,4,0,0.000000,1,0.469773,0.939523,1,6,0,none
2.728863,1.468000,-0.105000,0.164000,1.455392,-0.151639,0.082183,1.404715,-0.164885,0.044667,-0.004082,-0.001709,0.035335,0.999366,-0.015368,-0.079581,0.034718,-0.000803,0.000259,0.000371,0.095016,0.147756,-812121571804996.250000,20.515006,5,0,0.000000,1,0.688888,2.928416,0,-1,0,none
2.745436,1.468000,-0.105000,0.167000,1.420890,-0.144353,-0.051532,1.406011,-0.165294,0.040738,-0.003957,-0.003698,0.034271,0.999398,-0.009303,-0.076430,0.040196,-0.000797,0.000243,0.000827,0.226989,0.153036,-228408572428860.187500,20.515006,5,0,0.000000,1,0.488072,0.838012,1,-1,0,none
2.762089,1.467000,-0.105000,0.169000,1.372867,-0.106842,-0.074818,1.402826,-0.160958,0.035369,-0.005481,-0.003136,0.033799,0.999409,-0.018783,-0.068252,0.037882,-0.000760,0.000202,0.001365,0.261365,0.158452,1.570621,20.515006,5,0,0.000000,1,0.471526,0.787043,1,-1,0,none
2.778747,1.467000,-0.106000,0.171000,1.342706,-0.161225,-0.197494,1.397262,-0.161988,0.024076,-0.005106,-0.003974,0.034119,0.999397,-0.027814,-0.059470,0.033717,-0.000685,0.000193,0.002430,0.392793,0.172002,0.839527,16.266236,3,0,0.000000,1,0.652749,1.374582,1,-1,2,anchor6:5-6;6-7
2.795384,1.466000,-0.106000,0.174000,1.368521,-0.107991,-0.092521,1.394438,-0.158158,0.018798,-0.004991,-0.005037,0.033904,0.999400,-0.027649,-0.049885,0.035113,-0.000653,0.000157,0.002960,0.283795,0.178687,-20303088463472772.000000,20.515006,5,0,0.000000,1,0.453406,1.483189,1,-1,0,none
2.811948,1.466000,-0.106000,0.177000,1.366039,-0.126761,-0.037727,1.391667,-0.156238,0.016570,-0.004793,-0.006318,0.033110,0.999420,-0.031622,-0.048402,0.036842,-0.000630,0.000136,0.003216,0.237762,0.183812,6.543203,20.515006,5,0,0.000000,1,0.470341,0.781175,1,-1,0,none
2.828525,1.465000,-0.106000,0.179000,1.456765,-0.082401,-0.095710,1.396630,-0.150846,0.011663,-0.004101,-0.006684,0.032827,0.999430,-0.020643,-0.035606,0.038509,-0.000654,0.000097,0.003718,0.275844,0.186246,1.912385,18.466827,4,0,0.000000,1,0.663825,0.827467,1,7,0,none
2.845273,1.465000,-0.106000,0.181000,1.374995,-0.130724,-0.041688,1.394615,-0.149790,0.009745,-0.004682,-0.006460,0.032464,0.999441,-0.023901,-0.038241,0.040197,-0.000635,0.000084,0.003956,0.241458,0.190263,-6097269723720254.000000,20.515006,5,0,0.000000,1,0.387299,0.971825,1,-1,0,none
2.861832,1.464000,-0.106000,0.184000,1.384285,-0.088177,-0.060732,1.393464,-0.145494,0.007034,-0.004527,-0.006724,0.032691,0.999433,-0.026928,-0.026551,0.037872,-0.000623,0.000049,0.004267,0.258004,0.194556,1.755500,18.466827,4,0,0.000000,1,0.415782,0.826971,1,1,0,none
2.878503,1.463000,-0.106000,0.187000,1.372969,-0.094397,0.027499,1.391486,-0.141945,0.008592,-0.006052,-0.006252,0.031945,0.999452,-0.029024,-0.019821,0.043465,-0.000618,0.000020,0.004183,0.183523,0.195539,-50757487407641.625000,20.515006,5,0,0.000000,1,0.482117,1.144321,1,-1,0,none
2.911677,1.461000,-0.106000,0.192000,1.392734,-0.083664,0.030406,1.390683,-0.137714,0.011071,-0.005688,-0.006327,0.031830,0.999457,-0.031483,-0.003638,0.049499,-0.000626,-0.000012,0.004093,0.176838,0.196686,10.962448,20.515006,5,0,0.000000,1,0.469497,0.777162,1,-1,0,none
2.928325,1.460000,-0.106000,0.196000,1.250918,-0.123781,-0.185119,1.379272,-0.136645,0.002643,-0.006527,-0.006242,0.031602,0.999460,-0.055054,-0.001859,0.042348,-0.000522,-0.000027,0.004975,0.435067,0.211762,0.861632,16.266236,3,0,0.000000,1,0.652953,1.394340,1,-1,2,anchor6:5-6;6-7
2.944936,1.460000,-0.106000,0.198000,1.441135,-0.169747,0.189625,1.383125,-0.139256,0.012051,-0.005737,-0.004945,0.031165,0.999486,-0.049461,-0.006527,0.053453,-0.000578,-0.000007,0.004146,0.067006,0.203944,5.422400,16.266236,3,0,0.000000,1,0.745234,1.603207,1,-1,2,anchor3:2-3;3-4
2.961529,1.459000,-0.105000,0.202000,1.409361,-0.147818,0.124108,1.384360,-0.140039,0.018038,-0.006356,-0.002559,0.030859,0.999500,-0.043751,-0.009958,0.062339,-0.000607,-0.000002,0.003655,0.101807,0.201596,-23462753182957840.000000,20.515006,5,0,0.000000,1,0.973322,0.926702,1,-1,0,none
2.978162,1.458000,-0.106000,0.205000,1.356107,-0.119361,0.232843,1.381585,-0.138669,0.028827,-0.006314,-0.001574,0.030515,0.999513,-0.041724,-0.005841,0.079294,-0.000622,-0.000015,0.002718,0.106470,0.194791,5.534304,18.466827,4,0,0.000000,1,0.429535,1.049170,1,2,0,none
2.994816,1.457000,-0.106000,0.208000,1.406552,-0.104185,0.109351,1.382820,-0.136210,0.033738,-0.005879,-0.000460,0.029954,0.999534,-0.033445,0.001980,0.091792,-0.000646,-0.000031,0.002371,0.110814,0.191788,4.318769,18.466827,4,0,0.000000,1,0.425253,0.764253,1,5,0,none
3.011512,1.456000,-0.105000,0.211000,1.469956,-0.119604,0.101793,1.388676,-0.134977,0.038256,-0.004170,0.001320,0.029536,0.999554,-0.019965,0.005263,0.104269,-0.000698,-0.000035,0.002079,0.111059,0.187807,1.505597,18.466827,4,0,0.000000,1,0.469265,0.933201,1,6,0,none
3.028054,1.455000,-0.105000,0.214000,1.448705,-0.122454,0.257782,1.392647,-0.134061,0.049536,-0.003212,0.003008,0.029246,0.999563,-0.010424,0.005590,0.122035,-0.000756,-0.000040,0.001130,0.047551,0.178272,2.890089,20.515006,5,0,0.000000,1,0.466014,0.752949,1,-1,0,none
3.046727,1.454000,-0.105000,0.219000,1.385980,-0.156719,0.166356,1.391972,-0.135622,0.056830,-0.002471,0.003917,0.029296,0.999560,-0.007612,0.002977,0.136273,-0.000768,-0.000030,0.000631,0.100364,0.176307,0.086708,18.466827,4,0,0.000000,1,0.591298,1.125123,1,7,0,none
3.065445,1.453000,-0.105000,0.223000,1.372546,-0.125354,0.006079,1.390526,-0.134818,0.057070,-0.001850,0.004332,0.028709,0.999577,-0.003688,0.005288,0.144622,-0.000752,-0.000036,0.000865,0.232253,0.179791,4.731768,18.466827,4,0,0.000000,1,0.413633,0.823920,1,7,0,none
3.082116,1.453000,-0.105000,0.227000,1.426981,-0.106851,0.033530,1.393112,-0.132762,0.058366,-0.001395,0.004753,0.028369,0.999585,0.006918,0.006779,0.154478,-0.000767,-0.000047,0.000977,0.195220,0.181093,6.945124,18.466827,4,0,0.000000,1,0.470022,0.950559,1,4,0,none
3.098754,1.452000,-0.104000,0.230000,1.454978,-0.125396,-0.050131,1.397644,-0.132122,0.056195,-0.001748,0.005390,0.028792,0.999569,0.019391,0.007049,0.158968,-0.000781,-0.000046,0.001459,0.280963,0.184265,3.684525,18.466827,4,0,0.000000,1,0.659681,0.816684,1,5,0,none
3.115330,1.451000,-0.104000,0.235000,1.365092,-0.149866,-0.063383,1.395745,-0.133218,0.053568,-0.002262,0.005570,0.028479,0.999576,0.018368,0.004938,0.161398,-0.000749,-0.000039,0.001992,0.313873,0.191897,-1535421198046556.000000,20.515006,5,0,0.000000,1,0.837123,1.301680,1,-1,0,none
3.132003,1.450000,-0.104000,0.239000,1.336407,-0.128775,0.018906,1.391992,-0.132824,0.054647,-0.002287,0.005960,0.028446,0.999575,0.014407,0.006949,0.166123,-0.000717,-0.000043,0.002158,0.248914,0.195401,7.293631,18.466827,4,0,0.000000,1,0.432539,1.080721,1,0,0,none
3.148585,1.450000,-0.103000,0.243000,1.372805,-0.217965,0.285499,1.390849,-0.138568,0.066924,-0.001939,0.006377,0.028437,0.999573,0.015275,-0.004464,0.180652,-0.000731,-0.000006,0.001166,0.144852,0.189121,5.481743,16.266236,3,0,0.000000,1,0.747150,1.590838,1,-1,2,anchor3:2-3;3-4
3.165255,1.449000,-0.103000,0.248000,1.391022,-0.083265,0.045253,1.391114,-0.134846,0.068883,-0.002315,0.006523,0.028732,0.999563,0.017760,0.006994,0.184552,-0.000731,-0.000031,0.001273,0.211795,0.190913,1.114898,18.466827,4,0,0.000000,1,0.413984,0.814649,1,7,0,none
3.181864,1.449000,-0.102000,0.252000,1.442637,-0.091917,-0.069974,1.394951,-0.131809,0.066078,-0.002594,0.006859,0.028430,0.999569,0.031045,0.013095,0.182394,-0.000739,-0.000048,0.001890,0.322195,0.195900,7.091328,18.466827,4,0,0.000000,1,0.661928,0.822920,1,5,0,none
3.198478,1.448000,-0.102000,0.258000,1.377642,-0.099558,0.132964,1.394266,-0.129450,0.071616,-0.002792,0.006538,0.028628,0.999565,0.033036,0.022002,0.190211,-0.000740,-0.000063,0.001611,0.143493,0.195908,6.853846,20.515006,5,0,0.000000,1,0.466669,0.765131,1,-1,0,none
3.215078,1.448000,-0.102000,0.262000,1.448676,-0.100344,0.115194,1.398425,-0.127171,0.076335,-0.003215,0.005639,0.029063,0.999557,0.047401,0.029134,0.197452,-0.000770,-0.000074,0.001431,0.146817,0.193812,3.501485,18.466827,4,0,0.000000,1,0.655701,0.801353,1,5,0,none
3.231727,1.447000,-0.101000,0.266000,1.416824,-0.109467,0.311132,1.400310,-0.125627,0.088971,-0.004005,0.003693,0.029047,0.999563,0.052894,0.030324,0.212145,-0.000806,-0.000083,0.000416,0.054947,0.184731,9.870075,20.515006,5,0,0.000000,1,0.464520,0.748816,1,-1,0,none
3.248395,1.447000,-0.101000,0.272000,1.438292,-0.096613,0.212034,1.403598,-0.123279,0.097333,-0.005215,0.002153,0.028884,0.999567,0.057014,0.034404,0.225224,-0.000838,-0.000095,-0.000111,0.060754,0.181352,8.278646,20.515006,5,0,0.000000,1,0.466707,0.758784,1,-1,0,none
3.264959,1.447000,-0.100000,0.277000,1.441702,-0.071224,0.140681,1.406911,-0.119313,0.102501,-0.005029,0.000839,0.029555,0.999550,0.060247,0.046559,0.237168,-0.000861,-0.000116,-0.000289,0.139423,0.180084,2.310391,20.515006,5,0,0.000000,1,0.468402,0.767465,1,-1,0,none
3.298201,1.446000,-0.099000,0.288000,1.369561,-0.087910,0.222067,1.406108,-0.115735,0.115223,-0.004448,0.000242,0.029581,0.999552,0.057176,0.050377,0.260659,-0.000858,-0.000132,-0.000799,0.101553,0.178110,2.774713,18.466827,4,0,0.000000,1,0.422270,0.752564,1,3,0,none
3.314835,1.446000,-0.098000,0.293000,1.369312,-0.076731,0.136454,1.404444,-0.112272,0.120263,-0.004693,-0.000030,0.029366,0.999558,0.055743,0.053242,0.268432,-0.000844,-0.000151,-0.000875,0.175613,0.178238,1.193786,18.466827,4,0,0.000000,1,0.423132,0.760926,1,3,0,none
3.331463,1.446000,-0.098000,0.298000,1.369312,-0.076731,0.136454,1.404444,-0.112272,0.120263,-0.004693,-0.000030,0.029366,0.999558,0.055743,0.053242,0.268432,-0.000844,-0.000151,-0.000875,0.180085,0.183088,-1027846192992759.500000,20.515006,5,0,0.000000,1,1.948199,-nan,0,-1,0,none
3.348030,1.445000,-0.097000,0.304000,1.435891,-0.098233,0.082003,1.408469,-0.109590,0.127185,-0.003177,-0.000548,0.028733,0.999582,0.063153,0.055138,0.280044,-0.000853,-0.000154,-0.000651,0.222187,0.180987,4.941786,18.466827,4,0,0.000000,1,0.656411,0.804863,1,5,0,none
3.364704,1.445000,-0.096000,0.310000,1.380645,-0.121381,0.078191,1.407405,-0.109591,0.129525,-0.002351,-0.001433,0.028635,0.999586,0.057723,0.054441,0.285510,-0.000833,-0.000149,-0.000392,0.241912,0.184849,-23462791525237280.000000,20.515006,5,0,0.000000,1,0.508251,1.704664,1,-1,0,none
3.381380,1.445000,-0.096000,0.315000,1.286464,-0.078422,0.217255,1.399546,-0.106569,0.137776,-0.001649,-0.002815,0.028614,0.999585,0.042182,0.057251,0.298550,-0.000787,-0.000168,-0.000778,0.187074,0.183265,-310891655694394.250000,20.515006,5,0,0.000000,1,0.608434,1.253770,1,-1,0,none
3.431149,1.443000,-0.093000,0.335000,1.397742,-0.105788,0.224128,1.401207,-0.103818,0.156264,0.001842,-0.002440,0.028324,0.999594,0.041252,0.058678,0.326515,-0.000792,-0.000169,-0.001146,0.120435,0.183876,5.729083,20.515006,5,0,0.000000,1,0.465417,0.756375,1,-1,0,none
3.481058,1.442000,-0.092000,0.355000,1.410331,-0.101259,0.262288,1.403987,-0.101178,0.177136,0.003118,-0.001818,0.027893,0.999604,0.049134,0.052201,0.353779,-0.000806,-0.000170,-0.001644,0.098408,0.182112,5.208059,20.515006,5,0,0.000000,1,0.465087,0.753481,1,-1,0,none
3.497693,1.442000,-0.091000,0.361000,1.338794,-0.108957,0.255378,1.398995,-0.101158,0.186254,0.003456,-0.002449,0.027665,0.999608,0.038796,0.048323,0.360762,-0.000778,-0.000170,-0.002035,0.148761,0.180247,5.300777,18.466827,4,0,0.000000,1,0.428350,1.045464,1,0,0,none
3.514298,1.442000,-0.091000,0.367000,1.431582,-0.142348,0.292835,1.402348,-0.104002,0.196862,0.004079,-0.002341,0.027549,0.999609,0.047296,0.040417,0.373525,-0.000802,-0.000150,-0.002585,0.090806,0.175181,3.836923,16.266236,3,0,0.000000,1,0.747692,1.580383,1,-1,2,anchor3:2-3;3-4
3.547557,1.441000,-0.090000,0.382000,1.364002,-0.081995,0.284447,1.400258,-0.101022,0.212709,0.002763,-0.002455,0.026846,0.999633,0.038596,0.036305,0.389740,-0.000790,-0.000162,-0.003004,0.124537,0.174473,-1624252171248139.500000,20.515006,5,0,0.000000,1,0.474137,0.771573,1,-1,0,none
3.614175,1.438000,-0.089000,0.410000,1.443397,-0.098455,0.331125,1.407087,-0.098884,0.244132,-0.000349,-0.001065,0.024776,0.999692,0.047467,0.030787,0.414177,-0.000821,-0.000162,-0.003579,0.079623,0.169013,-3248489511372800.000000,20.515006,5,0,0.000000,1,0.873134,1.090234,1,-1,0,none
3.630645,1.437000,-0.088000,0.419000,1.420366,-0.069872,0.184682,1.409071,-0.095549,0.247207,-0.001119,0.000407,0.025168,0.999683,0.047924,0.038250,0.415577,-0.000823,-0.000176,-0.003181,0.235606,0.174212,-310891655694393.437500,20.515006,5,0,0.000000,1,0.467315,0.925317,1,-1,0,none
3.647315,1.437000,-0.087000,0.426000,1.388602,-0.040623,0.162800,1.407870,-0.089746,0.249251,-0.001734,0.001784,0.025196,0.999679,0.045058,0.051224,0.415291,-0.000804,-0.000203,-0.002637,0.271602,0.179154,-33005194926108192.000000,20.515006,5,0,0.000000,1,0.803494,1.318810,1,-1,0,none
3.663944,1.436000,-0.088000,0.435000,1.404782,-0.104457,0.326440,1.408249,-0.090349,0.259549,-0.000699,0.002068,0.024752,0.999691,0.047974,0.049463,0.422425,-0.000808,-0.000197,-0.003050,0.114152,0.177648,2.141901,16.266236,3,0,0.000000,1,0.639120,1.603201,1,-1,2,anchor2:1-2;2-3
3.680606,1.435000,-0.087000,0.442000,1.354511,-0.083945,0.300167,1.404232,-0.089073,0.268191,-0.000190,0.002001,0.024491,0.999698,0.040550,0.050113,0.429181,-0.000785,-0.000201,-0.003240,0.163109,0.176524,3.723823,18.466827,4,0,0.000000,1,0.420827,0.745302,1,3,0,none
3.713780,1.434000,-0.086000,0.458000,1.425263,-0.031293,0.251411,1.407390,-0.082337,0.280834,-0.000423,0.003657,0.024537,0.999692,0.048892,0.061247,0.447222,-0.000794,-0.000228,-0.003061,0.213888,0.179190,0.524142,18.466827,4,0,0.000000,1,0.412036,0.788518,1,7,0,none
3.747067,1.432000,-0.085000,0.473000,1.450500,-0.080718,0.201643,1.412909,-0.080225,0.291005,0.000733,0.005549,0.024386,0.999687,0.058023,0.063215,0.459042,-0.000807,-0.000224,-0.002493,0.272020,0.183056,2.460497,18.466827,4,0,0.000000,1,0.432263,1.038007,1,0,0,none
3.763668,1.432000,-0.084000,0.482000,1.429338,-0.060000,0.240029,1.415345,-0.077460,0.295675,-0.000008,0.005893,0.024451,0.999684,0.070194,0.062709,0.463441,-0.000810,-0.000232,-0.002145,0.243173,0.187182,0.642608,18.466827,4,0,0.000000,1,0.412034,0.793503,1,7,0,none
3.780323,1.432000,-0.085000,0.490000,1.338087,-0.152974,0.434311,1.409648,-0.083186,0.309668,0.000299,0.004506,0.024970,0.999678,0.064161,0.050442,0.477619,-0.000782,-0.000200,-0.002904,0.128613,0.181721,6.721618,16.266236,3,0,0.000000,1,0.624322,1.578852,1,-1,2,anchor2:1-2;2-3
3.815618,1.430000,-0.085000,0.508000,1.415890,0.016036,0.191627,1.412374,-0.072583,0.319615,-0.001948,0.004244,0.025150,0.999673,0.070082,0.069777,0.483001,-0.000776,-0.000244,-0.002095,0.332414,0.189615,2.120519,20.515006,5,0,0.000000,1,0.466646,0.767862,1,-1,0,none
3.832304,1.430000,-0.084000,0.519000,1.328316,-0.089547,0.315533,1.406134,-0.073001,0.326996,-0.001535,0.002204,0.024804,0.999689,0.060730,0.067543,0.486964,-0.000734,-0.000237,-0.002012,0.227529,0.193794,0.857549,16.266236,3,0,0.000000,1,0.630609,1.588409,1,-1,2,anchor2:1-2;2-3
3.865494,1.430000,-0.082000,0.534000,1.402563,-0.126063,0.446192,1.407690,-0.075784,0.348270,-0.003770,0.000174,0.023989,0.999705,0.065715,0.061268,0.501572,-0.000737,-0.000213,-0.002636,0.102003,0.187169,0.277536,16.266236,3,0,0.000000,1,0.633404,1.588028,1,-1,2,anchor2:1-2;2-3
3.882090,1.429000,-0.082000,0.545000,1.397008,-0.051122,0.342406,1.407711,-0.072715,0.355659,-0.004210,-0.001562,0.024752,0.999684,0.060706,0.067468,0.505498,-0.000731,-0.000223,-0.002553,0.207416,0.190760,-62178212651090032.000000,20.515006,5,0,0.000000,1,0.607181,1.221803,1,-1,0,none
3.898745,1.428000,-0.082000,0.553000,1.365706,-0.055798,0.258701,1.405048,-0.070216,0.358683,-0.005755,-0.001294,0.024098,0.999692,0.048859,0.073416,0.501380,-0.000707,-0.000229,-0.001928,0.301959,0.196022,7.915174,20.515006,5,0,0.000000,1,0.464760,0.756154,1,-1,0,none
3.915366,1.428000,-0.081000,0.561000,1.311388,-0.173585,0.523344,1.398107,-0.077604,0.374694,-0.004945,-0.001847,0.023184,0.999717,0.035700,0.062559,0.511621,-0.000671,-0.000187,-0.002822,0.153585,0.188719,1.144304,16.266236,3,0,0.000000,1,0.617656,1.564821,1,-1,2,anchor2:1-2;2-3
3.931969,1.427000,-0.081000,0.572000,1.401535,-0.066305,0.255671,1.398896,-0.075730,0.376635,-0.004650,-0.000961,0.024120,0.999698,0.035888,0.067352,0.506656,-0.000669,-0.000190,-0.002092,0.317693,0.197446,-2290436787986063.000000,20.515006,5,0,0.000000,1,0.461338,1.183776,1,-1,0,none
3.948564,1.426000,-0.081000,0.580000,1.401997,-0.034394,0.229987,1.399645,-0.071451,0.377349,-0.005337,0.000118,0.023379,0.999712,0.036427,0.076699,0.498632,-0.000665,-0.000205,-0.001216,0.353917,0.204581,4.538041,20.515006,5,0,0.000000,1,0.465697,0.760781,1,-1,0,none
3.981886,1.426000,-0.079000,0.599000,1.427294,-0.044410,0.312254,1.403130,-0.066879,0.390001,-0.004692,0.001697,0.024629,0.999684,0.047503,0.081427,0.501435,-0.000675,-0.000215,-0.000743,0.288828,0.210595,1.371824,20.515006,5,0,0.000000,1,0.464911,0.753346,1,-1,0,none
3.998515,1.425000,-0.078000,0.610000,1.348666,-0.153955,0.493857,1.399582,-0.072573,0.402524,-0.004861,0.002590,0.024045,0.999696,0.046879,0.069224,0.511506,-0.000653,-0.000177,-0.001285,0.158384,0.209098,3.521912,16.266236,3,0,0.000000,1,0.623872,1.573831,1,-1,2,anchor2:1-2;2-3
4.015086,1.424000,-0.078000,0.619000,1.360656,-0.169565,0.663111,1.397322,-0.079047,0.422685,-0.004169,0.003081,0.023080,0.999720,0.044559,0.059273,0.530372,-0.000642,-0.000137,-0.002710,0.119760,0.198122,2.388237,16.266236,3,0,0.000000,1,0.620212,1.560218,1,-1,2,anchor2:1-2;2-3
4.031714,1.424000,-0.078000,0.627000,1.366899,-0.010970,0.301364,1.395691,-0.072962,0.425213,-0.003241,0.002492,0.022949,0.999728,0.042219,0.072185,0.530517,-0.000627,-0.000165,-0.001981,0.337331,0.203826,5.003762,20.515006,5,0,0.000000,1,0.464403,0.755405,1,-1,0,none
4.048399,1.424000,-0.076000,0.639000,1.329103,-0.151724,0.507162,1.391383,-0.077739,0.437352,-0.002136,0.002861,0.023419,0.999719,0.030991,0.059021,0.538199,-0.000601,-0.000132,-0.002378,0.179223,0.204276,5.268952,16.266236,3,0,0.000000,1,0.621281,1.568433,1,-1,2,anchor2:1-2;2-3
4.064988,1.423000,-0.075000,0.644000,1.344391,0.017780,0.320071,1.388413,-0.069830,0.440497,-0.001916,0.003440,0.022695,0.999735,0.027884,0.073896,0.537214,-0.000581,-0.000171,-0.001682,0.346003,0.206486,2.015523,18.466827,4,0,0.000000,1,0.656642,1.097358,1,1,0,none
4.081591,1.422000,-0.075000,0.656000,1.385893,-0.115421,0.584949,1.388706,-0.072011,0.455188,0.000249,0.004516,0.023833,0.999706,0.031234,0.070145,0.546377,-0.000580,-0.000152,-0.002424,0.089363,0.203575,1.815316,16.266236,3,0,0.000000,1,0.627715,1.568632,1,-1,2,anchor2:1-2;2-3
4.114894,1.421000,-0.073000,0.676000,1.468575,-0.008029,0.438275,1.395779,-0.065049,0.471566,0.003934,0.007709,0.023620,0.999684,0.049771,0.081186,0.544917,-0.000612,-0.000178,-0.002236,0.250993,0.206137,3.562983,20.515006,5,0,0.000000,1,0.464170,0.746424,1,-1,0,none
4.164703,1.421000,-0.071000,0.704000,1.330521,-0.129630,0.669175,1.392980,-0.066869,0.506742,0.005932,0.008709,0.024119,0.999654,0.056150,0.069293,0.554042,-0.000582,-0.000147,-0.003259,0.113299,0.199281,5.140707,16.266236,3,0,0.000000,1,0.618399,1.551384,1,-1,2,anchor2:1-2;2-3
4.198021,1.420000,-0.069000,0.724000,1.390438,-0.030651,0.488523,1.394572,-0.061754,0.523263,0.007964,0.007183,0.023312,0.999671,0.060649,0.067545,0.554479,-0.000580,-0.000163,-0.003034,0.240404,0.202471,3.729306,20.515006,5,0,0.000000,1,0.462559,0.740233,1,-1,0,none
4.214598,1.420000,-0.069000,0.734000,1.359793,-0.024257,0.602876,1.392582,-0.057709,0.535438,0.007665,0.007347,0.024417,0.999645,0.057921,0.070322,0.560416,-0.000563,-0.000179,-0.003466,0.151064,0.200764,1.942614,18.466827,4,0,0.000000,1,0.644061,0.771197,1,4,0,none
4.231178,1.420000,-0.067000,0.745000,1.383619,-0.074557,0.733414,1.392778,-0.058103,0.553561,0.008009,0.007008,0.023953,0.999656,0.061034,0.065834,0.570079,-0.000558,-0.000172,-0.004600,0.038922,0.193569,0.701087,16.266236,3,0,0.000000,1,0.625208,1.552724,1,-1,2,anchor2:1-2;2-3
4.247813,1.420000,-0.067000,0.753000,1.431691,-0.135508,0.769333,1.396812,-0.063276,0.572724,0.009121,0.007222,0.023757,0.999650,0.069312,0.054326,0.582369,-0.000572,-0.000141,-0.005822,0.071392,0.181799,5.526107,16.266236,3,0,0.000000,1,0.627043,1.562974,1,-1,2,anchor2:1-2;2-3
4.264483,1.419000,-0.067000,0.762000,1.354509,-0.113099,0.762635,1.394601,-0.066334,0.590834,0.009823,0.007255,0.023462,0.999650,0.063958,0.044773,0.592632,-0.000555,-0.000119,-0.006874,0.079276,0.172897,0.440220,16.266236,3,0,0.000000,1,0.619574,1.547718,1,-1,2,anchor2:1-2;2-3
4.281081,1.419000,-0.066000,0.774000,1.322071,-0.088469,0.768688,1.390074,-0.067370,0.608558,0.010789,0.006746,0.023906,0.999633,0.056055,0.036959,0.603856,-0.000526,-0.000107,-0.007843,0.099641,0.167957,4.477456,16.266236,3,0,0.000000,1,0.616829,1.539467,1,-1,2,anchor2:1-2;2-3
4.297690,1.419000,-0.066000,0.783000,1.332398,-0.086405,0.851051,1.386660,-0.068294,0.628920,0.010893,0.006177,0.024218,0.999628,0.053056,0.029869,0.618409,-0.000503,-0.000096,-0.009256,0.112014,0.157454,1.237979,16.266236,3,0,0.000000,1,0.616164,1.536428,1,-1,2,anchor2:1-2;2-3
4.314310,1.420000,-0.066000,0.792000,1.389848,-0.012422,0.583406,1.387671,-0.063752,0.636320,0.010738,0.006086,0.024339,0.999628,0.053987,0.033846,0.618203,-0.000504,-0.000115,-0.008944,0.217465,0.159018,-713781171672605.500000,20.515006,5,0,0.000000,1,0.435761,0.678107,1,-1,0,none
4.330975,1.419000,-0.066000,0.803000,1.353453,-0.097236,0.833097,1.386083,-0.065704,0.654890,0.011610,0.005850,0.024027,0.999627,0.055547,0.022390,0.629821,-0.000488,-0.000101,-0.009993,0.078600,0.151724,1.497168,16.266236,3,0,0.000000,1,0.618445,1.542108,1,-1,2,anchor2:1-2;2-3
4.347608,1.419000,-0.066000,0.812000,1.342941,-0.024896,0.690322,1.383887,-0.062480,0.666382,0.012005,0.005628,0.024049,0.999623,0.054788,0.022315,0.632527,-0.000472,-0.000114,-0.010133,0.149265,0.149833,-2643629715062777.000000,20.515006,5,0,0.000000,1,0.387795,0.801386,1,-1,0,none
4.364206,1.419000,-0.066000,0.821000,1.350771,-0.124175,0.834059,1.382437,-0.066546,0.683327,0.012789,0.005151,0.024357,0.999608,0.057966,0.009326,0.642443,-0.000456,-0.000091,-0.011004,0.090609,0.142447,0.279697,16.266236,3,0,0.000000,1,0.617138,1.543363,1,-1,2,anchor2:1-2;2-3
4.380808,1.420000,-0.066000,0.833000,1.450880,-0.116908,0.869433,1.388157,-0.069973,0.701349,0.013003,0.005173,0.024441,0.999603,0.070650,-0.004083,0.651526,-0.000472,-0.000074,-0.011974,0.069804,0.135505,9.360865,16.266236,3,0,0.000000,1,0.783642,1.541235,1,-1,2,anchor3:2-3;3-4
4.414100,1.420000,-0.067000,0.851000,1.385711,-0.005771,0.667763,1.390244,-0.065543,0.720404,0.011428,0.003991,0.024638,0.999623,0.078523,-0.005583,0.648849,-0.000471,-0.000096,-0.011662,0.196216,0.133951,1.421795,18.466827,4,0,0.000000,1,0.418116,0.720360,1,2,0,none
4.430702,1.420000,-0.067000,0.863000,1.360066,-0.143940,0.899044,1.389303,-0.071338,0.738668,0.010495,0.003220,0.024662,0.999636,0.074441,-0.024456,0.655685,-0.000457,-0.000067,-0.012610,0.103976,0.128139,2.662616,16.266236,3,0,0.000000,1,0.616132,1.543107,1,-1,2,anchor2:1-2;2-3
4.464032,1.421000,-0.069000,0.884000,1.318400,-0.072919,0.821081,1.386247,-0.072288,0.762867,0.006715,0.001577,0.024666,0.999672,0.066099,-0.028098,0.656399,-0.000429,-0.000064,-0.012965,0.120420,0.126062,1.561573,16.266236,3,0,0.000000,1,0.615821,1.534440,1,-1,2,anchor2:1-2;2-3
4.480615,1.421000,-0.069000,0.893000,1.385059,-0.007146,0.673357,1.387131,-0.067907,0.768961,0.005648,0.000298,0.024822,0.999676,0.066330,-0.019165,0.650882,-0.000431,-0.000089,-0.012386,0.230999,0.128585,-3654548644896762.000000,20.515006,5,0,0.000000,1,0.562715,0.899586,1,-1,0,none
4.497241,1.420000,-0.069000,0.901000,1.382096,-0.175931,1.026178,1.387836,-0.076077,0.790781,0.005020,-0.000962,0.023679,0.999707,0.066703,-0.036236,0.662506,-0.000421,-0.000047,-0.013804,0.168939,0.115034,0.767059,16.266236,3,0,0.000000,1,0.615255,1.544661,1,-1,2,anchor2:1-2;2-3
4.513816,1.421000,-0.070000,0.913000,1.408554,-0.014692,0.772849,1.390257,-0.072202,0.799944,0.002983,-0.000998,0.023333,0.999723,0.065205,-0.027758,0.660292,-0.000427,-0.000069,-0.013644,0.151182,0.117182,2.629232,18.466827,4,0,0.000000,1,0.418720,0.715433,1,2,0,none
4.530393,1.421000,-0.070000,0.922000,1.334794,-0.014282,0.714898,1.387287,-0.068515,0.806294,0.001804,-0.001144,0.024705,0.999693,0.056290,-0.017832,0.656007,-0.000410,-0.000090,-0.013102,0.231143,0.120527,1.793693,18.466827,4,0,0.000000,1,0.641348,0.766425,1,4,0,none
4.547107,1.421000,-0.071000,0.931000,1.354303,-0.144865,1.057444,1.385882,-0.074094,0.827480,0.000806,-0.000222,0.024625,0.999696,0.055393,-0.027046,0.667302,-0.000390,-0.000060,-0.014455,0.160912,0.109359,1.997928,16.266236,3,0,0.000000,1,0.612789,1.537161,1,-1,2,anchor2:1-2;2-3
4.563722,1.421000,-0.073000,0.943000,1.400448,-0.144305,0.968731,1.387737,-0.079278,0.844079,0.001319,-0.000619,0.023624,0.999720,0.056419,-0.033922,0.668646,-0.000389,-0.000033,-0.015183,0.078542,0.104552,3.855667,16.266236,3,0,0.000000,1,0.618979,1.547658,1,-1,2,anchor2:1-2;2-3
4.580335,1.421000,-0.072000,0.951000,1.359273,-0.017022,0.835473,1.386596,-0.075521,0.853708,0.000877,-0.001217,0.023057,0.999733,0.050560,-0.025081,0.664609,-0.000379,-0.000054,-0.015077,0.142054,0.103256,2.653485,18.466827,4,0,0.000000,1,0.639698,0.761664,1,4,0,none
4.596891,1.421000,-0.073000,0.960000,1.404457,-0.007677,0.679429,1.388531,-0.071380,0.856358,-0.000120,-0.000817,0.023931,0.999713,0.055039,-0.019635,0.652298,-0.000392,-0.000082,-0.014056,0.288550,0.108621,5.513175,20.515006,5,0,0.000000,1,0.461269,0.730312,1,-1,0,none
4.613577,1.422000,-0.073000,0.971000,1.358176,-0.160636,1.123942,1.387353,-0.077579,0.877774,-0.000978,-0.000437,0.024198,0.999707,0.051217,-0.028797,0.660508,-0.000372,-0.000046,-0.015476,0.187469,0.099561,2.218938,16.266236,3,0,0.000000,1,0.611864,1.538024,1,-1,2,anchor2:1-2;2-3
4.630180,1.422000,-0.074000,0.980000,1.374164,-0.031617,0.794570,1.387296,-0.074967,0.884626,-0.001408,-0.000711,0.023480,0.999723,0.055825,-0.018855,0.657194,-0.000371,-0.000064,-0.014960,0.196135,0.101497,4.975511,20.515006,5,0,0.000000,1,0.460162,0.722941,1,-1,0,none
4.646798,1.422000,-0.075000,0.988000,1.439238,-0.088533,0.850338,1.391591,-0.076133,0.893635,-0.001726,-0.000837,0.022945,0.999735,0.064509,-0.018376,0.653867,-0.000392,-0.000061,-0.014714,0.139395,0.099150,1.157503,18.466827,4,0,0.000000,1,0.426349,0.990077,1,7,0,none
4.680012,1.422000,-0.076000,1.008000,1.399398,-0.101065,0.991652,1.394171,-0.078391,0.918330,-0.002644,-0.000921,0.023673,0.999716,0.072256,-0.019878,0.658903,-0.000391,-0.000050,-0.015149,0.037502,0.093920,2.864190,16.266236,3,0,0.000000,1,0.619716,1.544106,1,-1,2,anchor2:1-2;2-3
4.696679,1.423000,-0.076000,1.016000,1.399398,-0.101065,0.991652,1.394171,-0.078391,0.918330,-0.002644,-0.000921,0.023673,0.999716,0.072256,-0.019878,0.658903,-0.000391,-0.000050,-0.015149,0.042168,0.101864,-3070843061075345.000000,20.515006,5,0,0.000000,1,3.189090,-nan,0,-1,0,none
4.713285,1.423000,-0.075000,1.027000,1.406069,-0.062051,0.810798,1.397220,-0.077724,0.934371,-0.004477,-0.000563,0.022015,0.999747,0.072443,-0.008706,0.649092,-0.000400,-0.000060,-0.014388,0.217250,0.096188,2.351312,20.515006,5,0,0.000000,1,0.460393,0.720762,1,-1,0,none
4.729916,1.423000,-0.076000,1.036000,1.345937,-0.031015,0.862465,1.394650,-0.074488,0.940976,-0.004999,-0.000684,0.023037,0.999722,0.066743,0.005945,0.643393,-0.000379,-0.000080,-0.013908,0.195132,0.099175,0.502591,18.466827,4,0,0.000000,1,0.642180,1.036375,1,1,0,none
4.746525,1.424000,-0.076000,1.044000,1.441548,-0.081840,0.976316,1.398940,-0.074873,0.952339,-0.005976,0.000027,0.023126,0.999715,0.077271,0.008559,0.642106,-0.000398,-0.000078,-0.014054,0.070165,0.095031,2.694741,20.515006,5,0,0.000000,1,0.460234,0.714171,1,-1,0,none
4.763186,1.424000,-0.076000,1.055000,1.410932,-0.056786,0.909379,1.400996,-0.073474,0.960436,-0.005949,0.000027,0.022583,0.999727,0.085009,0.015865,0.638008,-0.000404,-0.000086,-0.013746,0.147463,0.097355,0.196573,18.466827,4,0,0.000000,1,0.405223,0.754299,1,6,0,none
4.779827,1.425000,-0.076000,1.063000,1.351079,-0.048613,0.886910,1.398877,-0.071496,0.967258,-0.006079,-0.000468,0.022574,0.999727,0.077740,0.024653,0.630732,-0.000384,-0.000097,-0.013264,0.192930,0.099344,0.450687,18.466827,4,0,0.000000,1,0.640955,1.032916,1,1,0,none
4.796429,1.425000,-0.075000,1.074000,1.373439,-0.071673,0.931434,1.398334,-0.071135,0.975150,-0.006313,-0.001450,0.022556,0.999725,0.079142,0.026830,0.625522,-0.000374,-0.000096,-0.013004,0.151640,0.102456,-634469398632972.000000,20.515006,5,0,0.000000,1,0.371240,1.898770,1,-1,0,none
4.813023,1.426000,-0.074000,1.082000,1.369232,-0.043267,0.985291,1.397580,-0.068862,0.985060,-0.006150,-0.002876,0.023270,0.999706,0.075130,0.033500,0.621250,-0.000360,-0.000108,-0.013005,0.116274,0.101151,4.039925,20.515006,5,0,0.000000,1,0.459430,0.715531,1,-1,0,none
4.829730,1.426000,-0.075000,1.093000,1.411493,-0.030345,0.962352,1.399626,-0.065809,0.993691,-0.006254,-0.002906,0.023643,0.999697,0.077536,0.040462,0.617493,-0.000366,-0.000125,-0.012820,0.138829,0.103162,3.006161,18.466827,4,0,0.000000,1,0.418758,0.708170,1,2,0,none
4.846281,1.427000,-0.073000,1.101000,1.373915,-0.099551,0.950735,1.399154,-0.067334,1.001532,-0.004791,-0.003436,0.023616,0.999704,0.075981,0.044821,0.611675,-0.000356,-0.000109,-0.012523,0.161563,0.103448,2.166375,20.515006,5,0,0.000000,1,0.459428,0.713032,1,-1,0,none
4.862977,1.427000,-0.073000,1.108000,1.391392,-0.010535,1.013561,1.399804,-0.062925,1.011702,-0.003690,-0.004389,0.023443,0.999709,0.071416,0.054906,0.605124,-0.000351,-0.000134,-0.012533,0.118695,0.100571,2.499857,18.466827,4,0,0.000000,1,0.590673,0.794473,1,0,0,none
4.896127,1.429000,-0.072000,1.127000,1.350720,-0.074581,1.057715,1.398637,-0.061914,1.032524,-0.003442,-0.003697,0.023097,0.999720,0.069264,0.060981,0.603101,-0.000326,-0.000128,-0.012685,0.104570,0.099746,1.009603,20.515006,5,0,0.000000,1,0.459044,0.711668,1,-1,0,none
4.912850,1.429000,-0.070000,1.134000,1.400602,-0.076237,1.040955,1.399817,-0.061942,1.042253,-0.002598,-0.003673,0.023215,0.999720,0.069099,0.060183,0.597723,-0.000326,-0.000120,-0.012678,0.097482,0.096613,5.565787,20.515006,5,0,0.000000,1,0.459645,0.712494,1,-1,0,none
4.929414,1.430000,-0.069000,1.145000,1.366806,-0.120506,1.124431,1.398687,-0.064903,1.055119,-0.001772,-0.003647,0.023118,0.999725,0.067395,0.057981,0.598318,-0.000308,-0.000092,-0.013095,0.084080,0.095267,-310892008336897.750000,20.515006,5,0,0.000000,1,0.496394,0.795700,1,-1,0,none
4.946080,1.431000,-0.069000,1.152000,1.372530,-0.096573,1.141522,1.397982,-0.066115,1.067769,-0.000392,-0.003422,0.023329,0.999722,0.067735,0.056318,0.597607,-0.000292,-0.000077,-0.013537,0.065489,0.090518,1.306395,20.515006,5,0,0.000000,1,0.459238,0.709105,1,-1,0,none
4.962605,1.432000,-0.068000,1.160000,1.403595,-0.115109,1.188784,1.399372,-0.068457,1.081919,0.002379,-0.003679,0.024055,0.999701,0.069909,0.053225,0.599240,-0.000291,-0.000054,-0.014173,0.062085,0.084625,3.704180,18.466827,4,0,0.000000,1,0.404898,0.757640,1,6,0,none
4.979322,1.432000,-0.067000,1.170000,1.332980,-0.076222,1.051498,1.396139,-0.068173,1.089941,0.004371,-0.005223,0.023876,0.999692,0.065416,0.048508,0.594532,-0.000261,-0.000049,-0.013945,0.154702,0.087732,1.385683,18.466827,4,0,0.000000,1,0.636278,1.021704,1,1,0,none
4.995926,1.433000,-0.067000,1.177000,1.360725,-0.107428,1.169265,1.394839,-0.069992,1.102501,0.005580,-0.005813,0.023893,0.999682,0.059657,0.041158,0.594548,-0.000242,-0.000031,-0.014351,0.083174,0.083758,-158618105319423.000000,20.515006,5,0,0.000000,1,0.501249,0.791820,1,-1,0,none
5.012549,1.434000,-0.065000,1.185000,1.340081,-0.049104,1.131366,1.392245,-0.068019,1.113138,0.006184,-0.006266,0.023290,0.999690,0.052152,0.041595,0.592714,-0.000215,-0.000039,-0.014458,0.109316,0.083168,0.950501,18.466827,4,0,0.000000,1,0.442216,0.855004,1,3,0,none
5.029111,1.435000,-0.064000,1.194000,1.340081,-0.049104,1.131366,1.392245,-0.068019,1.113138,0.006184,-0.006266,0.023290,0.999690,0.052152,0.041595,0.592714,-0.000215,-0.000039,-0.014458,0.114693,0.091558,-7930894182931233.000000,20.515006,5,0,0.000000,1,1.460011,1.597449,0,-1,0,none
5.045803,1.436000,-0.064000,1.202000,1.399705,-0.070263,1.263321,1.394464,-0.066886,1.138058,0.008943,-0.006366,0.024518,0.999639,0.062352,0.040724,0.597244,-0.000212,-0.000037,-0.015224,0.071532,0.076303,-913640032737438.875000,20.515006,5,0,0.000000,1,0.370757,0.775414,1,-1,0,none
5.062438,1.436000,-0.063000,1.209000,1.354962,-0.082251,1.183669,1.392745,-0.067333,1.149267,0.010150,-0.006677,0.023341,0.999654,0.054926,0.032579,0.594286,-0.000191,-0.000029,-0.015434,0.087060,0.073877,3.438727,20.515006,5,0,0.000000,1,0.459095,0.709294,1,-1,0,none
5.079030,1.438000,-0.061000,1.219000,1.362446,-0.085837,1.234163,1.391602,-0.068088,1.162250,0.011669,-0.007813,0.023702,0.999620,0.053650,0.026863,0.595882,-0.000173,-0.000020,-0.015870,0.080964,0.073645,1.094428,18.466827,4,0,0.000000,1,0.441847,0.850476,1,3,0,none
5.095675,1.438000,-0.061000,1.226000,1.385573,-0.089329,1.247569,1.392009,-0.069125,1.174812,0.012533,-0.008704,0.023573,0.999606,0.053475,0.018500,0.596303,-0.000166,-0.000010,-0.016309,0.063374,0.069292,-1526963442155079.500000,20.515006,5,0,0.000000,1,0.370491,0.849595,1,-1,0,none
5.112243,1.439000,-0.060000,1.233000,1.290082,-0.049160,1.088854,1.386118,-0.067574,1.180328,0.012018,-0.009320,0.023213,0.999615,0.037277,0.018477,0.589156,-0.000123,-0.000019,-0.015762,0.207538,0.075022,2.530178,18.466827,4,0,0.000000,1,0.635899,1.024700,1,1,0,none
5.128923,1.440000,-0.059000,1.242000,1.393601,-0.075373,1.249181,1.387189,-0.067818,1.192383,0.012234,-0.009688,0.023798,0.999595,0.040250,0.014119,0.589495,-0.000123,-0.000015,-0.016101,0.049724,0.072997,-3083530689867893.000000,20.515006,5,0,0.000000,1,0.437544,0.727630,1,-1,0,none
5.145612,1.441000,-0.058000,1.249000,1.389189,-0.082303,1.291210,1.387964,-0.068564,1.205713,0.012990,-0.010424,0.024298,0.999566,0.041288,0.007834,0.587455,-0.000119,-0.000008,-0.016611,0.071110,0.069269,3.447585,20.515006,5,0,0.000000,1,0.459693,0.709024,1,-1,0,none
5.162125,1.442000,-0.057000,1.258000,1.398019,-0.085524,1.293622,1.389211,-0.069554,1.218072,0.013801,-0.011183,0.024067,0.999553,0.041238,0.002885,0.585218,-0.000120,0.000000,-0.017059,0.063379,0.067368,1.445451,20.515006,5,0,0.000000,1,0.459797,0.708914,1,-1,0,none
5.178733,1.443000,-0.057000,1.265000,1.380135,-0.089834,1.203867,1.389226,-0.070816,1.226414,0.014843,-0.012313,0.023591,0.999536,0.037477,-0.002958,0.578239,-0.000116,0.000009,-0.016927,0.093634,0.067613,2.493937,18.466827,4,0,0.000000,1,0.424000,0.990448,1,7,0,none
5.195388,1.444000,-0.056000,1.272000,1.394962,-0.063105,1.357637,1.390173,-0.070419,1.240709,0.015218,-0.012928,0.023682,0.999520,0.037620,-0.008885,0.580352,-0.000114,0.000006,-0.017616,0.098939,0.063909,2.132025,18.466827,4,0,0.000000,1,0.592805,0.785316,1,0,0,none
5.212023,1.444000,-0.055000,1.281000,1.477113,-0.125453,1.454121,1.396203,-0.074035,1.258459,0.015278,-0.012112,0.024344,0.999514,0.043425,-0.018748,0.585597,-0.000145,0.000031,-0.018766,0.189818,0.056170,6.414213,16.266236,3,0,0.000000,1,0.835947,1.572845,1,-1,2,anchor3:2-3;3-4
5.228667,1.445000,-0.056000,1.288000,1.415120,-0.052592,1.193471,1.398044,-0.072965,1.265129,0.015138,-0.012018,0.023943,0.999526,0.044025,-0.013454,0.578023,-0.000154,0.000021,-0.018343,0.099197,0.054916,4.253817,18.466827,4,0,0.000000,1,0.443823,0.841829,1,3,0,none
5.245247,1.446000,-0.056000,1.294000,1.371603,-0.018433,1.204016,1.397060,-0.069809,1.271417,0.014524,-0.011860,0.022544,0.999570,0.042078,-0.011974,0.572384,-0.000144,-0.000004,-0.017948,0.122652,0.055640,4.594556,20.515006,5,0,0.000000,1,0.459441,0.713068,1,-1,0,none
5.261860,1.447000,-0.055000,1.303000,1.429443,-0.049929,1.340655,1.399699,-0.068768,1.283012,0.014376,-0.011690,0.022539,0.999574,0.044352,-0.011016,0.571619,-0.000157,-0.000013,-0.018283,0.041855,0.053165,0.552146,18.466827,4,0,0.000000,1,0.405723,0.750542,1,6,0,none
5.278558,1.448000,-0.055000,1.309000,1.440351,-0.068141,1.291695,1.402867,-0.068947,1.292261,0.014721,-0.011742,0.024100,0.999532,0.046935,-0.017509,0.564719,-0.000175,-0.000014,-0.018279,0.023036,0.050117,-19300621820224044.000000,20.515006,5,0,0.000000,1,0.527865,1.198556,1,-1,0,none
5.295163,1.448000,-0.055000,1.315000,1.435051,-0.032186,1.255860,1.405566,-0.066999,1.299701,0.014426,-0.011390,0.023997,0.999543,0.050806,-0.017606,0.558388,-0.000189,-0.000030,-0.018021,0.064697,0.046676,0.787190,18.466827,4,0,0.000000,1,0.405532,0.747636,1,6,0,none
5.311785,1.449000,-0.055000,1.324000,1.402894,-0.068662,1.242697,1.406155,-0.067396,1.305845,0.015055,-0.011749,0.022978,0.999554,0.049607,-0.022010,0.552540,-0.000188,-0.000029,-0.017653,0.094459,0.048155,-7930888893301252.000000,20.515006,5,0,0.000000,1,0.502788,0.617102,1,-1,0,none
5.328341,1.450000,-0.055000,1.330000,1.391273,-0.058549,1.229059,1.405954,-0.067202,1.311220,0.014796,-0.011727,0.023131,0.999554,0.042150,-0.022251,0.542367,-0.000180,-0.000032,-0.017176,0.116835,0.049413,2.481651,20.515006,5,0,0.000000,1,0.459631,0.710748,1,-1,0,none
5.345071,1.450000,-0.054000,1.336000,1.462316,-0.079606,1.375537,1.409997,-0.068314,1.322178,0.015084,-0.011843,0.024199,0.999523,0.048429,-0.026835,0.539813,-0.000207,-0.000027,-0.017484,0.048688,0.044679,3.740605,16.266236,3,0,0.000000,1,0.619063,1.554951,1,-1,2,anchor2:1-2;2-3
5.361657,1.451000,-0.053000,1.344000,1.462316,-0.079606,1.375537,1.409997,-0.068314,1.322178,0.015084,-0.011843,0.024199,0.999523,0.048429,-0.026835,0.539813,-0.000207,-0.000027,-0.017484,0.042784,0.048908,-19300602958917416.000000,20.515006,5,0,0.000000,1,5.170593,5.841402,0,-1,0,none
5.378262,1.451000,-0.054000,1.350000,1.468078,-0.047459,1.209194,1.415206,-0.067900,1.334085,0.015868,-0.010626,0.023381,0.999544,0.055596,-0.034226,0.522829,-0.000234,-0.000036,-0.016727,0.141989,0.041566,2.801769,20.515006,5,0,0.000000,1,0.460579,0.712351,1,-1,0,none
5.394877,1.452000,-0.054000,1.358000,1.499019,-0.090488,1.302412,1.421336,-0.069856,1.340707,0.016172,-0.009113,0.024534,0.999527,0.064280,-0.038461,0.514486,-0.000275,-0.000024,-0.016494,0.081439,0.038611,0.645500,18.466827,4,0,0.000000,1,0.592517,1.018880,1,5,0,none
5.428160,1.453000,-0.054000,1.369000,1.442354,-0.055567,1.211940,1.424848,-0.070292,1.351301,0.017746,-0.010809,0.024550,0.999483,0.069644,-0.049001,0.493009,-0.000280,-0.000030,-0.015620,0.157428,0.037030,-609094846332168.875000,20.515006,5,0,0.000000,1,0.397473,0.715543,1,-1,0,none
5.444755,1.454000,-0.054000,1.375000,1.449892,-0.047309,1.251165,1.427586,-0.069580,1.354859,0.017450,-0.011838,0.024877,0.999468,0.071428,-0.052880,0.480913,-0.000288,-0.000040,-0.014972,0.124084,0.036689,0.702492,18.466827,4,0,0.000000,1,0.426021,0.977201,1,7,0,none
5.461351,1.455000,-0.054000,1.382000,1.440993,-0.048900,1.261489,1.429533,-0.069071,1.358211,0.015596,-0.011973,0.025043,0.999493,0.071473,-0.055908,0.469136,-0.000290,-0.000050,-0.014371,0.121429,0.037969,3.760821,18.466827,4,0,0.000000,1,0.635146,0.751646,1,4,0,none
5.478021,1.455000,-0.055000,1.387000,1.432698,-0.064931,1.253634,1.430787,-0.069652,1.361034,0.015270,-0.012334,0.025942,0.999471,0.065482,-0.054613,0.456849,-0.000285,-0.000050,-0.013708,0.135582,0.038408,-114204407119998.000000,20.515006,5,0,0.000000,1,0.623297,1.819679,1,-1,0,none
5.494629,1.456000,-0.054000,1.394000,1.445022,-0.059633,1.275015,1.432683,-0.069882,1.364546,0.015497,-0.013069,0.025945,0.999458,0.063948,-0.059759,0.447924,-0.000288,-0.000053,-0.013157,0.119623,0.040786,2.910009,20.515006,5,0,0.000000,1,0.460378,0.711001,1,-1,0,none
5.511281,1.457000,-0.055000,1.399000,1.450330,-0.036819,1.302628,1.434796,-0.068750,1.369038,0.014679,-0.013174,0.026124,0.999464,0.065592,-0.061288,0.440082,-0.000293,-0.000070,-0.012748,0.098299,0.039747,-5596040915914252.000000,20.515006,5,0,0.000000,1,0.374183,0.598289,1,-1,0,none
5.527861,1.457000,-0.055000,1.404000,1.443594,-0.013386,1.186045,1.436347,-0.066216,1.368133,0.013164,-0.013185,0.026400,0.999478,0.064905,-0.059844,0.427813,-0.000286,-0.000096,-0.011635,0.222296,0.042881,0.654948,18.466827,4,0,0.000000,1,0.642616,1.016051,1,1,0,none
5.544441,1.458000,-0.056000,1.411000,1.455149,-0.051167,1.235053,1.438506,-0.066169,1.369227,0.012087,-0.013036,0.026378,0.999494,0.065166,-0.057902,0.417198,-0.000287,-0.000099,-0.010819,0.176037,0.047205,3.983054,18.466827,4,0,0.000000,1,0.426224,0.977368,1,7,0,none
5.561153,1.458000,-0.056000,1.416000,1.455149,-0.051167,1.235053,1.438506,-0.066169,1.369227,0.012087,-0.013036,0.026378,0.999494,0.065166,-0.057902,0.417198,-0.000287,-0.000099,-0.010819,0.181034,0.051683,-2487132681327389.000000,20.515006,5,0,0.000000,1,1.065528,1.703120,0,-1,0,none
5.577726,1.458000,-0.057000,1.422000,1.532436,-0.050674,1.329060,1.446612,-0.067059,1.380441,0.011852,-0.013038,0.026614,0.999490,0.069821,-0.062554,0.397332,-0.000341,-0.000106,-0.010490,0.119241,0.044250,4.367505,20.515006,5,0,0.000000,1,0.461688,0.712251,1,-1,0,none
5.610970,1.459000,-0.058000,1.432000,1.450896,-0.051029,1.262564,1.448983,-0.067954,1.387453,0.010721,-0.013061,0.027219,0.999487,0.066718,-0.066700,0.380353,-0.000330,-0.000111,-0.009673,0.169772,0.046731,-2144517465022087.000000,20.515006,5,0,0.000000,1,0.591448,1.125060,1,-1,0,none
5.627705,1.460000,-0.059000,1.438000,1.455409,-0.055794,1.376654,1.450437,-0.068147,1.392830,0.010167,-0.013028,0.027482,0.999486,0.068380,-0.068252,0.376454,-0.000332,-0.000118,-0.009567,0.061601,0.047069,1.614119,20.515006,5,0,0.000000,1,0.460833,0.711434,1,-1,0,none
5.644275,1.459000,-0.060000,1.443000,1.408361,-0.046873,1.313505,1.448676,-0.067794,1.395253,0.009461,-0.013468,0.027374,0.999490,0.062893,-0.069787,0.367776,-0.000297,-0.000129,-0.009041,0.139662,0.049468,2.449204,18.466827,4,0,0.000000,1,0.638093,1.011669,1,1,0,none
5.660853,1.460000,-0.060000,1.447000,1.452868,-0.034428,1.398959,1.449903,-0.066657,1.401172,0.008776,-0.013473,0.027204,0.999501,0.060052,-0.066829,0.360822,-0.000299,-0.000150,-0.009025,0.054889,0.047397,2.555705,18.466827,4,0,0.000000,1,0.406524,0.749853,1,6,0,none
5.679561,1.460000,-0.062000,1.452000,1.431268,-0.030074,1.289662,1.449657,-0.065394,1.402502,0.008049,-0.013324,0.027499,0.999501,0.053308,-0.067729,0.348364,-0.000276,-0.000167,-0.008303,0.167924,0.050681,-812119476107545.000000,20.515006,5,0,0.000000,1,0.671185,1.151142,1,-1,0,none
5.696145,1.460000,-0.061000,1.458000,1.432977,-0.127357,1.562716,1.449306,-0.070467,1.414585,0.007583,-0.013235,0.027708,0.999500,0.048153,-0.076278,0.351453,-0.000278,-0.000140,-0.009247,0.126882,0.045704,3.707725,16.266236,3,0,0.000000,1,0.614040,1.561856,1,-1,2,anchor2:1-2;2-3
5.712828,1.460000,-0.063000,1.462000,1.385504,-0.115336,1.439991,1.445895,-0.074524,1.421085,0.006868,-0.013886,0.027679,0.999497,0.041857,-0.080497,0.349501,-0.000240,-0.000116,-0.009372,0.093665,0.044786,3.493276,16.266236,3,0,0.000000,1,0.611290,1.546132,1,-1,2,anchor2:1-2;2-3
5.729441,1.461000,-0.063000,1.466000,1.385504,-0.115336,1.439991,1.445895,-0.074524,1.421085,0.006868,-0.013886,0.027679,0.999497,0.041857,-0.080497,0.349501,-0.000240,-0.000116,-0.009372,0.095474,0.048768,-12689563286448.593750,20.515006,5,0,0.000000,1,8223952994806683.000000,4308889917790548.500000,0,-1,0,none
5.746064,1.461000,-0.064000,1.471000,1.425981,-0.041182,1.393766,1.445873,-0.074722,1.430946,0.005844,-0.015488,0.028058,0.999469,0.038310,-0.075459,0.340382,-0.000224,-0.000137,-0.009127,0.087818,0.044137,-812122539050881.000000,20.515006,5,0,0.000000,1,0.705845,1.198947,1,-1,0,none
5.762675,1.461000,-0.064000,1.475000,1.383877,-0.160408,1.556886,1.442234,-0.081607,1.441512,0.005917,-0.016236,0.028115,0.999455,0.027639,-0.087304,0.341433,-0.000194,-0.000093,-0.009883,0.148148,0.042232,4.308425,16.266236,3,0,0.000000,1,0.610212,1.555054,1,-1,2,anchor2:1-2;2-3
5.795997,1.461000,-0.065000,1.484000,1.410377,-0.040816,1.420602,1.440607,-0.081431,1.451081,0.005150,-0.016629,0.028505,0.999442,0.011686,-0.086944,0.323665,-0.000171,-0.000120,-0.009678,0.084657,0.042065,-6141688338758402.000000,20.515006,5,0,0.000000,1,0.416897,0.890200,1,-1,0,none
5.829163,1.461000,-0.067000,1.492000,1.331453,-0.102226,1.297907,1.432839,-0.085641,1.453740,0.003704,-0.016203,0.028178,0.999465,-0.008081,-0.091210,0.298838,-0.000087,-0.000101,-0.008610,0.235999,0.051033,3.678072,16.266236,3,0,0.000000,1,0.625021,1.192751,1,-1,2,anchor6:6-7;5-6
5.862438,1.461000,-0.069000,1.499000,1.421752,-0.073692,1.431708,1.431798,-0.087498,1.461984,0.003781,-0.015298,0.028136,0.999480,-0.007993,-0.088223,0.290664,-0.000078,-0.000109,-0.008395,0.078042,0.050647,-3356353801798202.000000,20.515006,5,0,0.000000,1,0.467969,0.775809,1,-1,0,none
5.879131,1.460000,-0.069000,1.503000,1.421169,-0.049513,1.456440,1.430891,-0.086000,1.466260,0.003355,-0.014696,0.028218,0.999488,-0.007653,-0.082067,0.288975,-0.000071,-0.000135,-0.008324,0.063682,0.049861,-1072261876068098.375000,20.515006,5,0,0.000000,1,0.630284,1.199610,1,-1,0,none
5.895682,1.460000,-0.069000,1.506000,1.409160,-0.078735,1.463805,1.429206,-0.086644,1.470434,0.003441,-0.014181,0.028007,0.999501,-0.009439,-0.080516,0.286504,-0.000057,-0.000141,-0.008279,0.066783,0.050244,-20303077178928676.000000,20.515006,5,0,0.000000,1,0.737689,0.941313,1,-1,0,none
5.912249,1.461000,-0.069000,1.509000,1.386694,-0.061896,1.497299,1.426020,-0.086066,1.475981,0.003523,-0.013813,0.027803,0.999512,-0.014340,-0.078103,0.283697,-0.000033,-0.000160,-0.008425,0.075556,0.051040,2.761206,20.515006,5,0,0.000000,1,0.460562,0.711615,1,-1,0,none
5.928903,1.460000,-0.070000,1.513000,1.437128,-0.066163,1.541705,1.426600,-0.085812,1.483313,0.003908,-0.013985,0.027910,0.999505,-0.013045,-0.074557,0.282438,-0.000044,-0.000177,-0.008817,0.036903,0.047402,-406058609602813.000000,20.515006,5,0,0.000000,1,0.541091,0.659747,1,-1,0,none
5.945565,1.460000,-0.070000,1.516000,1.442520,-0.097282,1.709644,1.427509,-0.087750,1.497850,0.004721,-0.014135,0.027920,0.999499,-0.016300,-0.078975,0.286947,-0.000067,-0.000187,-0.010234,0.196336,0.041233,1.803171,18.466827,4,0,0.000000,1,0.596110,1.029545,1,4,0,none
5.962164,1.460000,-0.071000,1.519000,1.412791,-0.064294,1.569744,1.426219,-0.087376,1.505537,0.004954,-0.013845,0.027882,0.999503,-0.021947,-0.079327,0.283250,-0.000064,-0.000206,-0.010658,0.069632,0.039882,4.934022,20.515006,5,0,0.000000,1,0.461322,0.713077,1,-1,0,none
5.995396,1.459000,-0.072000,1.525000,1.433080,-0.047456,1.546033,1.426066,-0.086907,1.516058,0.004735,-0.012993,0.027790,0.999518,-0.019068,-0.076546,0.275526,-0.000071,-0.000232,-0.010860,0.041432,0.037240,4.712417,20.515006,5,0,0.000000,1,0.461443,0.713772,1,-1,0,none
6.012070,1.459000,-0.073000,1.528000,1.478975,-0.141141,1.713762,1.429579,-0.091929,1.529303,0.005048,-0.012920,0.027731,0.999519,-0.011043,-0.086580,0.281564,-0.000113,-0.000217,-0.012107,0.198871,0.035009,0.929898,16.266236,3,0,0.000000,1,0.863313,1.607921,1,-1,2,anchor3:2-3;3-4
6.028673,1.459000,-0.074000,1.531000,1.367246,-0.070923,1.542418,1.425034,-0.091800,1.534270,0.004508,-0.013063,0.028101,0.999510,-0.019001,-0.087318,0.277003,-0.000082,-0.000231,-0.012165,0.092513,0.038486,3.140656,20.515006,5,0,0.000000,1,0.460595,0.711651,1,-1,0,none
6.045298,1.459000,-0.075000,1.533000,1.447434,-0.132669,1.703203,1.426325,-0.095895,1.545924,0.003804,-0.012421,0.028097,0.999521,-0.017626,-0.094334,0.278531,-0.000104,-0.000222,-0.013208,0.180079,0.040881,0.309974,16.266236,3,0,0.000000,1,0.855545,1.596953,1,-1,2,anchor3:2-3;3-4
6.061843,1.459000,-0.075000,1.536000,1.439465,-0.060101,1.541544,1.426945,-0.094859,1.549927,0.002658,-0.012115,0.027797,0.999537,-0.017188,-0.089607,0.271941,-0.000111,-0.000239,-0.013149,0.025186,0.040198,2.573899,18.466827,4,0,0.000000,1,0.407201,0.756297,1,5,0,none
6.078584,1.458000,-0.076000,1.538000,1.494742,-0.140038,1.710573,1.431260,-0.099232,1.561169,0.002286,-0.011840,0.027740,0.999542,-0.010816,-0.093031,0.274921,-0.000155,-0.000227,-0.014120,0.187702,0.042326,3.956500,16.266236,3,0,0.000000,1,0.865610,1.610664,1,-1,2,anchor3:2-3;3-4
6.095167,1.458000,-0.077000,1.540000,1.370622,-0.056118,1.489984,1.426998,-0.097762,1.562318,0.001968,-0.012123,0.028067,0.999531,-0.023517,-0.084743,0.263287,-0.000121,-0.000245,-0.013654,0.102823,0.043478,6.353926,20.515006,5,0,0.000000,1,0.460342,0.711660,1,-1,0,none
6.111807,1.458000,-0.077000,1.543000,1.354129,-0.067496,1.455683,1.421796,-0.097137,1.561815,0.001525,-0.012515,0.027852,0.999533,-0.034316,-0.087313,0.249973,-0.000079,-0.000254,-0.012976,0.136028,0.045499,2.789612,18.466827,4,0,0.000000,1,0.633825,1.011733,1,0,0,none
6.128385,1.457000,-0.078000,1.545000,1.486778,-0.171403,1.763460,1.425542,-0.103249,1.574249,0.001476,-0.011697,0.027785,0.999544,-0.029079,-0.094783,0.257236,-0.000123,-0.000232,-0.014181,0.239448,0.049826,4.616583,16.266236,3,0,0.000000,1,0.874169,1.625744,1,-1,2,anchor3:2-3;3-4
6.145004,1.457000,-0.078000,1.546000,1.397729,-0.068869,1.544267,1.423266,-0.102465,1.576924,0.000862,-0.011016,0.027959,0.999548,-0.035935,-0.091640,0.252031,-0.000109,-0.000247,-0.013974,0.059996,0.051892,2.447041,20.515006,5,0,0.000000,1,0.460965,0.712138,1,-1,0,none
6.161688,1.457000,-0.079000,1.549000,1.384463,-0.084084,1.641654,1.420250,-0.102684,1.583609,0.000174,-0.010441,0.028089,0.999551,-0.038264,-0.089039,0.255396,-0.000097,-0.000261,-0.014342,0.117780,0.055760,3.471304,20.515006,5,0,0.000000,1,0.461487,0.713383,1,-1,0,none
6.194928,1.456000,-0.080000,1.553000,1.415572,-0.056258,1.661412,1.418858,-0.102187,1.594935,-0.001022,-0.009735,0.027710,0.999568,-0.034309,-0.079394,0.258834,-0.000102,-0.000289,-0.014772,0.118115,0.060252,9.724326,20.515006,5,0,0.000000,1,0.462058,0.715866,1,-1,0,none
6.211482,1.456000,-0.082000,1.555000,1.372206,-0.067118,1.546025,1.415237,-0.101027,1.596747,-0.000969,-0.009787,0.027958,0.999561,-0.040139,-0.072757,0.253875,-0.000078,-0.000303,-0.014446,0.085577,0.061372,4.551171,20.515006,5,0,0.000000,1,0.460681,0.711995,1,-1,0,none
6.228159,1.456000,-0.082000,1.557000,1.382368,-0.067374,1.503869,1.412442,-0.099931,1.596674,-0.001113,-0.009501,0.028115,0.999559,-0.044332,-0.070065,0.246129,-0.000058,-0.000312,-0.013850,0.091970,0.061586,3.994233,18.466827,4,0,0.000000,1,0.439168,0.847232,1,2,0,none
6.244840,1.455000,-0.081000,1.558000,1.395990,-0.116167,1.653992,1.410718,-0.102076,1.602970,-0.001120,-0.009474,0.028048,0.999561,-0.044325,-0.073074,0.245481,-0.000054,-0.000310,-0.014178,0.118039,0.066539,0.497760,18.466827,4,0,0.000000,1,0.594452,1.031383,1,4,0,none
6.261388,1.455000,-0.082000,1.560000,1.396279,-0.077369,1.588743,1.409124,-0.101549,1.606000,-0.001314,-0.009833,0.027795,0.999564,-0.049101,-0.068987,0.239582,-0.000047,-0.000321,-0.014069,0.065542,0.067844,4.387291,18.466827,4,0,0.000000,1,0.439128,0.847408,1,2,0,none
6.278001,1.455000,-0.083000,1.562000,1.409322,-0.080860,1.580668,1.408354,-0.101262,1.608534,-0.001138,-0.010009,0.027876,0.999561,-0.053451,-0.067448,0.232305,-0.000047,-0.000328,-0.013892,0.049392,0.068373,-50759180099709.718750,20.515006,5,0,0.000000,1,0.408093,0.814119,1,-1,0,none
6.294661,1.455000,-0.083000,1.564000,1.384425,-0.018148,1.518189,1.406010,-0.097025,1.608313,-0.001381,-0.010192,0.027950,0.999556,-0.055403,-0.056783,0.225351,-0.000033,-0.000359,-0.013324,0.106232,0.067531,3.550062,20.515006,5,0,0.000000,1,0.460731,0.714376,1,-1,0,none
6.311296,1.455000,-0.084000,1.565000,1.486758,-0.178957,1.779317,1.410267,-0.103015,1.618992,-0.000539,-0.009683,0.027886,0.999564,-0.047196,-0.063051,0.232054,-0.000078,-0.000335,-0.014322,0.236553,0.072648,2.434552,16.266236,3,0,0.000000,1,0.876933,1.630347,1,-1,2,anchor3:2-3;3-4
6.344516,1.454000,-0.086000,1.568000,1.326063,-0.078803,1.480537,1.403221,-0.103299,1.620127,0.000045,-0.010671,0.028338,0.999541,-0.056427,-0.058279,0.219353,-0.000029,-0.000338,-0.013425,0.155143,0.074799,4.179881,18.466827,4,0,0.000000,1,0.631971,1.012348,1,0,0,none
6.361109,1.454000,-0.086000,1.569000,1.414177,-0.028605,1.563983,1.403070,-0.099336,1.621070,-0.000329,-0.011476,0.028213,0.999536,-0.054785,-0.054437,0.211902,-0.000033,-0.000367,-0.013054,0.070038,0.074047,3.061383,20.515006,5,0,0.000000,1,0.461364,0.714988,1,-1,0,none
6.377781,1.454000,-0.086000,1.570000,1.440867,-0.143526,1.802172,1.404733,-0.103047,1.632081,-0.000476,-0.011778,0.027992,0.999539,-0.049904,-0.060441,0.218551,-0.000063,-0.000362,-0.014139,0.239553,0.081067,3.999837,16.266236,3,0,0.000000,1,0.865841,1.613046,1,-1,2,anchor3:2-3;3-4
6.394395,1.454000,-0.086000,1.571000,1.440867,-0.143526,1.802172,1.404733,-0.103047,1.632081,-0.000476,-0.011778,0.027992,0.999539,-0.049904,-0.060441,0.218551,-0.000063,-0.000362,-0.014139,0.238584,0.080304,-2855115316490305.000000,20.515006,5,0,0.000000,1,12.109413,-nan,0,-1,0,none
6.410968,1.454000,-0.087000,1.573000,1.419044,-0.124827,1.670957,1.404086,-0.106385,1.640403,-0.001665,-0.011132,0.028334,0.999535,-0.055160,-0.066073,0.210595,-0.000072,-0.000355,-0.014340,0.110673,0.086084,2.775921,18.466827,4,0,0.000000,1,0.595044,1.033016,1,4,0,none
6.427604,1.453000,-0.087000,1.574000,1.409825,-0.072042,1.571151,1.403612,-0.105055,1.640596,-0.002656,-0.010468,0.028061,0.999548,-0.055019,-0.059230,0.202038,-0.000070,-0.000365,-0.013883,0.045782,0.084854,-3965446083916945.000000,20.515006,5,0,0.000000,1,0.522909,0.943082,1,-1,0,none
6.444258,1.453000,-0.087000,1.575000,1.370827,-0.076214,1.531150,1.400570,-0.104029,1.638939,-0.003100,-0.010369,0.027787,0.999555,-0.060824,-0.054225,0.188111,-0.000047,-0.000371,-0.013183,0.093763,0.084422,3.492394,18.466827,4,0,0.000000,1,0.438602,0.849896,1,2,0,none
6.460939,1.453000,-0.089000,1.576000,1.392466,-0.068343,1.552252,1.399056,-0.102506,1.638134,-0.003026,-0.010304,0.027762,0.999557,-0.064624,-0.047636,0.179125,-0.000037,-0.000380,-0.012626,0.068228,0.083384,-951709034936357.250000,20.515006,5,0,0.000000,1,0.476581,0.673597,1,-1,0,none
6.477512,1.452000,-0.089000,1.576000,1.438559,-0.179816,1.710967,1.400677,-0.108206,1.643903,-0.002043,-0.009961,0.027966,0.999557,-0.061303,-0.054973,0.178540,-0.000059,-0.000349,-0.013056,0.163231,0.087257,5.783728,16.266236,3,0,0.000000,1,0.861517,1.609806,1,-1,2,anchor3:2-3;3-4
6.494095,1.452000,-0.090000,1.578000,1.473306,-0.152513,1.844170,1.404487,-0.111867,1.655082,-0.001275,-0.009243,0.028079,0.999562,-0.050236,-0.059985,0.186460,-0.000108,-0.000341,-0.014257,0.274242,0.093152,0.795375,16.266236,3,0,0.000000,1,0.877362,1.629709,1,-1,2,anchor3:2-3;3-4
6.510761,1.452000,-0.090000,1.578000,1.388643,-0.129033,1.750308,1.402774,-0.113863,1.661991,-0.001113,-0.008948,0.028026,0.999567,-0.047884,-0.061690,0.193889,-0.000110,-0.000341,-0.014820,0.187690,0.100236,1.688283,16.266236,3,0,0.000000,1,0.609621,1.569794,1,-1,2,anchor2:1-2;2-3
6.527390,1.452000,-0.091000,1.579000,1.438407,-0.139818,1.777545,1.404296,-0.116449,1.669860,-0.001212,-0.008120,0.028046,0.999573,-0.047350,-0.064224,0.198491,-0.000136,-0.000336,-0.015498,0.204910,0.105730,3.135184,16.266236,3,0,0.000000,1,0.862375,1.607663,1,-1,2,anchor3:2-3;3-4
6.544114,1.452000,-0.091000,1.579000,1.401107,-0.125436,1.721324,1.403381,-0.118018,1.675132,-0.001701,-0.007554,0.027701,0.999586,-0.045906,-0.066237,0.198360,-0.000140,-0.000336,-0.015789,0.155023,0.111064,1.817500,16.266236,3,0,0.000000,1,0.610597,1.568940,1,-1,2,anchor2:1-2;2-3
6.560622,1.452000,-0.092000,1.580000,1.504287,-0.188980,1.818225,1.409046,-0.123410,1.684038,-0.001147,-0.007265,0.027761,0.999588,-0.036855,-0.070272,0.203759,-0.000192,-0.000312,-0.016621,0.262469,0.116856,0.230161,16.266236,3,0,0.000000,1,0.885742,1.643347,1,-1,2,anchor3:2-3;3-4
6.577227,1.452000,-0.092000,1.580000,1.407690,-0.058886,1.554183,1.408364,-0.120443,1.681793,-0.000259,-0.007767,0.027751,0.999585,-0.040383,-0.062267,0.192183,-0.000178,-0.000331,-0.015824,0.061044,0.114346,4.366559,20.515006,5,0,0.000000,1,0.461166,0.713014,1,-1,0,none
6.593915,1.451000,-0.092000,1.581000,1.332130,-0.064675,1.423994,1.402987,-0.117981,1.674205,0.000437,-0.008521,0.028111,0.999568,-0.051284,-0.058487,0.177464,-0.000119,-0.000344,-0.014274,0.198816,0.108016,3.576684,18.466827,4,0,0.000000,1,0.633326,1.013327,1,0,0,none
6.610512,1.451000,-0.093000,1.581000,1.416470,-0.087580,1.633750,1.403009,-0.117040,1.675353,-0.000060,-0.008509,0.028145,0.999568,-0.049264,-0.058333,0.174269,-0.000121,-0.000354,-0.014014,0.063279,0.108552,1.405131,18.466827,4,0,0.000000,1,0.407586,0.762385,1,5,0,none
6.627152,1.451000,-0.093000,1.581000,1.401238,-0.151005,1.746959,1.402206,-0.119985,1.680895,-0.000402,-0.008557,0.027838,0.999576,-0.046545,-0.062698,0.179090,-0.000128,-0.000344,-0.014423,0.182711,0.114403,0.485279,16.266236,3,0,0.000000,1,0.610814,1.572892,1,-1,2,anchor2:1-2;2-3
6.643690,1.451000,-0.094000,1.582000,1.377780,-0.090838,1.589528,1.400037,-0.119132,1.679952,-0.000475,-0.008831,0.027606,0.999580,-0.046131,-0.056699,0.176788,-0.000109,-0.000352,-0.013868,0.073674,0.113241,-203032609561798.750000,20.515006,5,0,0.000000,1,0.495296,0.814329,1,-1,0,none
6.660400,1.451000,-0.095000,1.582000,1.394308,-0.155049,1.733224,1.399015,-0.122189,1.684867,0.000084,-0.009405,0.027987,0.999564,-0.044375,-0.062933,0.179972,-0.000111,-0.000341,-0.014166,0.172304,0.118420,5.565055,16.266236,3,0,0.000000,1,0.610382,1.570643,1,-1,2,anchor2:1-2;2-3
6.677011,1.451000,-0.095000,1.583000,1.411400,-0.060659,1.602682,1.399048,-0.119434,1.684376,0.000116,-0.010132,0.028142,0.999553,-0.046130,-0.054381,0.172649,-0.000109,-0.000361,-0.013663,0.055990,0.116504,4.239836,20.515006,5,0,0.000000,1,0.461544,0.714017,1,-1,0,none
6.693607,1.450000,-0.095000,1.583000,1.464393,-0.141001,1.792819,1.402270,-0.121515,1.691286,0.000783,-0.011283,0.027823,0.999549,-0.043185,-0.056423,0.174788,-0.000147,-0.000356,-0.014278,0.215284,0.121273,1.185856,16.266236,3,0,0.000000,1,0.868725,1.616184,1,-1,2,anchor3:2-3;3-4
6.710229,1.451000,-0.097000,1.583000,1.386070,-0.056237,1.670695,1.400617,-0.118458,1.693113,0.000255,-0.012275,0.027684,0.999541,-0.050722,-0.048547,0.170448,-0.000140,-0.000382,-0.014142,0.116482,0.122979,4.153305,20.515006,5,0,0.000000,1,0.461783,0.715813,1,-1,0,none
6.726846,1.450000,-0.097000,1.584000,1.468995,-0.151499,1.806895,1.403875,-0.121200,1.700230,-0.000287,-0.012219,0.027564,0.999545,-0.049419,-0.057799,0.170475,-0.000180,-0.000372,-0.014785,0.230246,0.127368,2.086997,16.266236,3,0,0.000000,1,0.872543,1.622480,1,-1,2,anchor3:2-3;3-4
6.743495,1.451000,-0.097000,1.584000,1.426809,-0.118055,1.729423,1.404469,-0.121953,1.704025,-0.001893,-0.011990,0.027327,0.999553,-0.049397,-0.062331,0.167534,-0.000192,-0.000374,-0.014937,0.148918,0.131125,2.976406,16.266236,3,0,0.000000,1,0.852458,1.591741,1,-1,2,anchor3:2-3;3-4
6.760121,1.450000,-0.098000,1.584000,1.418437,-0.072501,1.625180,1.404517,-0.119963,1.703568,-0.003561,-0.011530,0.027397,0.999552,-0.048055,-0.054633,0.164538,-0.000189,-0.000389,-0.014459,0.057812,0.129798,2.124168,18.466827,4,0,0.000000,1,0.422269,0.705427,1,1,0,none
6.776702,1.450000,-0.098000,1.584000,1.384813,-0.047281,1.559841,1.402648,-0.116457,1.700413,-0.004377,-0.011452,0.027647,0.999543,-0.048540,-0.044731,0.159660,-0.000165,-0.000410,-0.013609,0.086055,0.127023,2.085679,20.515006,5,0,0.000000,1,0.460950,0.713537,1,-1,0,none
6.793320,1.449000,-0.099000,1.584000,1.403483,-0.037729,1.608233,1.401951,-0.112469,1.699242,-0.005281,-0.011281,0.027354,0.999548,-0.048937,-0.034038,0.154917,-0.000157,-0.000436,-0.013057,0.080082,0.125202,1.915282,20.515006,5,0,0.000000,1,0.461528,0.715356,1,-1,0,none
6.810016,1.449000,-0.099000,1.584000,1.425432,-0.081799,1.597728,1.402593,-0.111158,1.697689,-0.006099,-0.010839,0.026745,0.999565,-0.045285,-0.028921,0.150395,-0.000154,-0.000440,-0.012450,0.032245,0.123396,3.046029,20.515006,5,0,0.000000,1,0.461640,0.712814,1,-1,0,none
6.826611,1.449000,-0.100000,1.585000,1.448069,-0.136273,1.750926,1.404529,-0.113093,1.702123,-0.006797,-0.010301,0.026521,0.999572,-0.044949,-0.032569,0.149274,-0.000179,-0.000432,-0.012742,0.169847,0.125964,3.680248,16.266236,3,0,0.000000,1,0.860901,1.604873,1,-1,2,anchor3:2-3;3-4
6.843229,1.449000,-0.100000,1.585000,1.416746,-0.131720,1.704401,1.404546,-0.114647,1.704445,-0.006622,-0.009713,0.026436,0.999581,-0.048670,-0.030995,0.146366,-0.000183,-0.000424,-0.012740,0.127684,0.128288,4.278233,18.466827,4,0,0.000000,1,0.595466,1.036997,1,4,0,none
6.859814,1.448000,-0.102000,1.585000,1.353003,-0.085043,1.502492,1.400778,-0.113341,1.698796,-0.006766,-0.009618,0.026596,0.999577,-0.056866,-0.026202,0.135031,-0.000136,-0.000425,-0.011560,0.126963,0.123726,1.081807,18.466827,4,0,0.000000,1,0.632527,1.010199,1,0,0,none
6.876473,1.448000,-0.101000,1.585000,1.427023,-0.064317,1.642803,1.401438,-0.110863,1.698724,-0.006749,-0.009484,0.026483,0.999581,-0.054131,-0.018131,0.134043,-0.000141,-0.000441,-0.011221,0.071602,0.123282,4.844633,18.466827,4,0,0.000000,1,0.407708,0.760066,1,5,0,none
6.893104,1.448000,-0.102000,1.585000,1.377643,-0.070849,1.610886,1.399186,-0.108777,1.697436,-0.006747,-0.009161,0.026357,0.999588,-0.059842,-0.012303,0.131552,-0.000121,-0.000452,-0.010701,0.081182,0.122762,2.973485,18.466827,4,0,0.000000,1,0.595309,0.788068,1,7,0,none
6.909742,1.447000,-0.103000,1.585000,1.325562,-0.101821,1.479925,1.393954,-0.108541,1.691100,-0.007062,-0.008716,0.026403,0.999588,-0.067244,-0.012533,0.123135,-0.000062,-0.000442,-0.009432,0.160591,0.118751,2.580927,18.466827,4,0,0.000000,1,0.630576,1.010016,1,0,0,none
6.942947,1.446000,-0.103000,1.585000,1.409762,-0.084206,1.621104,1.392922,-0.107405,1.692161,-0.006969,-0.008470,0.025945,0.999603,-0.064593,-0.008656,0.118908,-0.000062,-0.000447,-0.008983,0.054497,0.119666,1.967661,20.515006,5,0,0.000000,1,0.461623,0.713095,1,-1,0,none
6.959643,1.446000,-0.104000,1.585000,1.425587,-0.091236,1.590021,1.393910,-0.106552,1.689907,-0.007593,-0.007651,0.025558,0.999615,-0.062307,-0.009488,0.112351,-0.000064,-0.000445,-0.008353,0.024593,0.117155,2.248226,20.515006,5,0,0.000000,1,0.461569,0.712073,1,-1,0,none
6.976284,1.446000,-0.104000,1.585000,1.412002,-0.069554,1.597874,1.394043,-0.104407,1.687985,-0.008292,-0.007331,0.025629,0.999610,-0.059325,-0.002889,0.107734,-0.000062,-0.000455,-0.007788,0.050081,0.115350,2.973316,20.515006,5,0,0.000000,1,0.461501,0.713397,1,-1,0,none
6.992835,1.445000,-0.105000,1.586000,1.472836,-0.184792,1.842411,1.397969,-0.109347,1.695821,-0.008323,-0.006923,0.025440,0.999618,-0.048233,-0.010539,0.118080,-0.000116,-0.000426,-0.008696,0.269978,0.119547,2.928066,16.266236,3,0,0.000000,1,0.881928,1.638791,1,-1,2,anchor3:2-3;3-4
7.009414,1.445000,-0.105000,1.586000,1.422423,-0.079505,1.549759,1.398713,-0.107659,1.691844,-0.008849,-0.006903,0.025002,0.999624,-0.046591,-0.005754,0.114282,-0.000107,-0.000429,-0.007809,0.049731,0.115553,-203032528957564.000000,20.515006,5,0,0.000000,1,0.376523,0.953353,1,-1,0,none
7.042727,1.444000,-0.106000,1.586000,1.313803,-0.065285,1.529306,1.391856,-0.105076,1.688765,-0.010354,-0.007146,0.024723,0.999615,-0.057392,0.001045,0.104435,-0.000045,-0.000442,-0.006781,0.147727,0.115241,5.690369,18.466827,4,0,0.000000,1,0.632119,1.014840,1,0,0,none
7.059351,1.444000,-0.106000,1.586000,1.369619,-0.048993,1.696725,1.389584,-0.101513,1.690615,-0.011471,-0.007344,0.024511,0.999607,-0.062966,0.008983,0.101193,-0.000038,-0.000470,-0.006824,0.145060,0.118007,1.838162,18.466827,4,0,0.000000,1,0.596485,0.792851,1,7,0,none
7.076006,1.443000,-0.106000,1.586000,1.407591,-0.036287,1.603777,1.389744,-0.097221,1.688577,-0.012651,-0.007193,0.024159,0.999602,-0.064272,0.021429,0.095353,-0.000038,-0.000493,-0.006281,0.080186,0.115911,-2144508820255230.500000,20.515006,5,0,0.000000,1,0.537531,1.155285,1,-1,0,none
7.092602,1.443000,-0.106000,1.586000,1.425608,-0.093277,1.596587,1.391012,-0.096616,1.686300,-0.013555,-0.006536,0.024150,0.999595,-0.059182,0.024561,0.091038,-0.000042,-0.000486,-0.005704,0.024009,0.113362,2.922529,18.466827,4,0,0.000000,1,0.407579,0.761971,1,5,0,none
7.109306,1.442000,-0.108000,1.586000,1.439616,-0.074619,1.654737,1.393159,-0.094813,1.686441,-0.013668,-0.007090,0.023747,0.999599,-0.049121,0.034503,0.089475,-0.000061,-0.000491,-0.005499,0.076451,0.112463,-6097279718606403.000000,20.515006,5,0,0.000000,1,0.426687,0.896424,1,-1,0,none
7.125851,1.442000,-0.108000,1.587000,1.481383,-0.181404,1.786042,1.397852,-0.099601,1.691909,-0.013596,-0.006715,0.023027,0.999620,-0.040050,0.031779,0.093097,-0.000113,-0.000456,-0.006089,0.215770,0.114129,1.514700,16.266236,3,0,0.000000,1,0.877030,1.630867,1,-1,2,anchor3:2-3;3-4
7.142505,1.441000,-0.108000,1.586000,1.391354,-0.065743,1.569416,1.396856,-0.097000,1.688361,-0.013609,-0.007187,0.022640,0.999625,-0.042853,0.037237,0.085027,-0.000092,-0.000463,-0.005336,0.067272,0.112016,0.839174,18.466827,4,0,0.000000,1,0.595050,0.788057,1,7,0,none
7.159046,1.441000,-0.107000,1.586000,1.391354,-0.065743,1.569416,1.396856,-0.097000,1.688361,-0.013609,-0.007187,0.022640,0.999625,-0.042853,0.037237,0.085027,-0.000092,-0.000463,-0.005336,0.066648,0.111922,-5710239700912383.000000,20.515006,5,0,0.000000,1,1.115784,1.976250,0,-1,0,none
7.175771,1.441000,-0.108000,1.586000,1.489969,-0.188059,1.725827,1.401471,-0.101684,1.692496,-0.014337,-0.004697,0.022571,0.999631,-0.035798,0.036825,0.080576,-0.000138,-0.000419,-0.005545,0.168401,0.113771,0.635370,16.266236,3,0,0.000000,1,0.873283,1.625928,1,-1,2,anchor3:2-3;3-4
7.192333,1.441000,-0.107000,1.586000,1.373261,-0.086838,1.495130,1.399150,-0.100062,1.685558,-0.013135,-0.005389,0.022149,0.999654,-0.035314,0.044474,0.071852,-0.000092,-0.000417,-0.004298,0.115119,0.108219,1.199086,20.515006,5,0,0.000000,1,0.460353,0.709976,1,-1,0,none
7.208980,1.439000,-0.106000,1.585000,1.373261,-0.086838,1.495130,1.399150,-0.100062,1.685558,-0.013135,-0.005389,0.022149,0.999654,-0.035314,0.044474,0.071852,-0.000092,-0.000417,-0.004298,0.112984,0.108329,-3248497249346047.500000,20.515006,5,0,0.000000,1,13.546574,8.285603,0,-1,0,none
7.225567,1.439000,-0.106000,1.585000,1.387475,-0.042951,1.679942,1.397310,-0.094707,1.687564,-0.012041,-0.004185,0.021876,0.999679,-0.035565,0.059518,0.071236,-0.000088,-0.000444,-0.004251,0.125076,0.111288,1.258608,18.466827,4,0,0.000000,1,0.596609,0.793618,1,7,0,none
7.242245,1.439000,-0.106000,1.585000,1.366411,-0.077569,1.537559,1.394684,-0.092571,1.682226,-0.011240,-0.003857,0.021016,0.999709,-0.044464,0.067280,0.061402,-0.000049,-0.000445,-0.003277,0.091259,0.107690,2.569353,18.466827,4,0,0.000000,1,0.633381,1.010494,1,0,0,none
7.258859,1.439000,-0.105000,1.585000,1.366411,-0.077569,1.537559,1.394684,-0.092571,1.682226,-0.011240,-0.003857,0.021016,0.999709,-0.044464,0.067280,0.061402,-0.000049,-0.000445,-0.003277,0.090952,0.107570,-621785004073470.750000,20.515006,5,0,0.000000,1,1.738347,0.791989,0,-1,0,none
7.275469,1.439000,-0.106000,1.584000,1.412486,-0.053291,1.666428,1.394577,-0.087649,1.683476,-0.009959,-0.002501,0.020832,0.999730,-0.037456,0.074246,0.061155,-0.000057,-0.000461,-0.003160,0.101369,0.110479,5.985711,18.466827,4,0,0.000000,1,0.596828,0.792991,1,7,0,none
7.292034,1.438000,-0.106000,1.585000,1.424935,-0.035292,1.623696,1.396158,-0.082915,1.681772,-0.009853,-0.002385,0.020895,0.999730,-0.030124,0.082477,0.059557,-0.000063,-0.000482,-0.002762,0.081655,0.107928,2.601247,20.515006,5,0,0.000000,1,0.461910,0.716110,1,-1,0,none
7.308666,1.438000,-0.104000,1.584000,1.335326,-0.106395,1.531020,1.391551,-0.083183,1.676126,-0.009489,-0.002889,0.020007,0.999751,-0.039992,0.081770,0.051052,-0.000009,-0.000463,-0.001767,0.115562,0.105252,2.148352,18.466827,4,0,0.000000,1,0.630454,1.009304,1,0,0,none
7.325346,1.437000,-0.104000,1.584000,1.385171,-0.009076,1.622764,1.390520,-0.076924,1.674588,-0.008994,-0.002533,0.020350,0.999749,-0.038554,0.093080,0.048756,-0.000000,-0.000494,-0.001421,0.114889,0.105355,4.044417,18.466827,4,0,0.000000,1,0.595932,0.795405,1,7,0,none
7.375155,1.437000,-0.103000,1.583000,1.392861,-0.095310,1.644851,1.389266,-0.074018,1.675652,-0.007761,-0.003564,0.019361,0.999776,-0.031567,0.094888,0.052957,0.000004,-0.000481,-0.001194,0.076374,0.108180,-57102264012812.625000,20.515006,5,0,0.000000,1,0.564294,0.780382,1,-1,0,none
7.391889,1.437000,-0.104000,1.583000,1.377535,-0.058108,1.586196,1.387923,-0.071373,1.672354,-0.008548,-0.003425,0.019006,0.999777,-0.033380,0.099732,0.049620,0.000023,-0.000483,-0.000576,0.075183,0.107039,-57102324465660.375000,20.515006,5,0,0.000000,1,0.438612,0.797875,1,-1,0,none
7.408442,1.436000,-0.102000,1.583000,1.437182,-0.077994,1.534619,1.390999,-0.070250,1.666846,-0.008399,-0.003235,0.019282,0.999774,-0.022689,0.106204,0.043938,0.000021,-0.000471,0.000367,0.054023,0.100316,1.429106,20.515006,5,0,0.000000,1,0.461361,0.711815,1,-1,0,none
7.425014,1.436000,-0.103000,1.583000,1.437182,-0.077994,1.534619,1.390999,-0.070250,1.666846,-0.008399,-0.003235,0.019282,0.999774,-0.022689,0.106204,0.043938,0.000021,-0.000471,0.000367,0.054474,0.100637,-14668987855111198.000000,20.515006,5,0,0.000000,1,0.369891,3.352258,0,-1,0,none
7.441677,1.436000,-0.101000,1.583000,1.402095,-0.091351,1.601529,1.391087,-0.068451,1.665144,-0.006531,-0.003887,0.018673,0.999797,-0.025941,0.110388,0.038497,0.000026,-0.000455,0.000837,0.039824,0.099118,9.078025,18.466827,4,0,0.000000,1,0.593934,1.023016,1,4,0,none
7.458302,1.436000,-0.101000,1.583000,1.424038,-0.089922,1.647058,1.393114,-0.068349,1.664893,-0.006904,-0.003587,0.017852,0.999810,-0.018463,0.109061,0.035735,0.000013,-0.000442,0.000971,0.066100,0.098039,3.574108,18.466827,4,0,0.000000,1,0.440008,0.845375,1,2,0,none
7.474959,1.436000,-0.101000,1.582000,1.361986,-0.083165,1.627874,1.390626,-0.067746,1.663730,-0.007030,-0.004181,0.017982,0.999805,-0.019056,0.107918,0.031662,0.000034,-0.000434,0.001226,0.088885,0.099219,2.912012,20.515006,5,0,0.000000,1,0.461124,0.712818,1,-1,0,none
7.491580,1.436000,-0.101000,1.582000,1.434223,-0.125942,1.673530,1.393423,-0.070215,1.664666,-0.006689,-0.003829,0.018412,0.999801,-0.013436,0.100261,0.028946,0.000014,-0.000406,0.001171,0.094884,0.097950,2.821932,18.466827,4,0,0.000000,1,0.595323,1.032596,1,4,0,none
7.508211,1.436000,-0.101000,1.582000,1.388838,-0.088900,1.608394,1.392922,-0.070018,1.662557,-0.006660,-0.003223,0.018065,0.999809,-0.012199,0.098423,0.024284,0.000025,-0.000396,0.001553,0.055383,0.096462,1.475020,18.466827,4,0,0.000000,1,0.438835,0.849528,1,2,0,none
7.524781,1.436000,-0.101000,1.582000,1.445224,-0.152416,1.814297,1.396352,-0.074280,1.669731,-0.005942,-0.002926,0.017566,0.999824,-0.002264,0.084838,0.031818,-0.000020,-0.000361,0.000562,0.238098,0.099914,1.131887,16.266236,3,0,0.000000,1,0.869164,1.618512,1,-1,2,anchor3:2-3;3-4
7.541453,1.436000,-0.100000,1.581000,1.357693,-0.070583,1.600929,1.393698,-0.072744,1.667164,-0.006768,-0.003202,0.016654,0.999833,-0.007378,0.082330,0.026409,0.000007,-0.000362,0.001016,0.085991,0.099783,2.879726,20.515006,5,0,0.000000,1,0.460888,0.712815,1,-1,0,none
7.558092,1.435000,-0.100000,1.581000,1.425709,-0.181661,1.712430,1.395723,-0.078805,1.669593,-0.007299,-0.003223,0.016192,0.999837,-0.004245,0.069052,0.028940,-0.000012,-0.000317,0.000738,0.155012,0.099199,4.691628,16.266236,3,0,0.000000,1,0.859691,1.607639,1,-1,2,anchor3:2-3;3-4
7.574636,1.436000,-0.100000,1.581000,1.398657,-0.048250,1.614061,1.395863,-0.075751,1.667604,-0.007831,-0.002625,0.016510,0.999830,-0.002888,0.073343,0.026737,-0.000005,-0.000330,0.001096,0.071872,0.098485,4.527363,20.515006,5,0,0.000000,1,0.461496,0.714860,1,-1,0,none
7.591316,1.435000,-0.100000,1.580000,1.387999,-0.094998,1.636894,1.395315,-0.075893,1.666685,-0.008299,-0.001962,0.015917,0.999837,-0.002717,0.074193,0.025087,0.000003,-0.000322,0.001298,0.073966,0.098338,2.858355,20.515006,5,0,0.000000,1,0.461475,0.712654,1,-1,0,none
7.607923,1.435000,-0.098000,1.580000,1.377591,-0.059880,1.608715,1.394139,-0.073691,1.664599,-0.007698,-0.001976,0.015568,0.999847,-0.004251,0.079775,0.025634,0.000019,-0.000330,0.001668,0.074656,0.097044,-1243564083753615.000000,20.515006,5,0,0.000000,1,0.406865,0.798391,1,-1,0,none
7.624551,1.435000,-0.099000,1.580000,1.423830,-0.146705,1.864284,1.395972,-0.077170,1.673579,-0.006611,-0.001399,0.015546,0.999856,-0.000425,0.072873,0.038379,-0.000021,-0.000296,0.000416,0.288475,0.103715,4.909262,16.266236,3,0,0.000000,1,0.869601,1.620027,1,-1,2,anchor3:2-3;3-4
7.641168,1.435000,-0.098000,1.579000,1.419538,-0.166866,1.870642,1.397443,-0.081849,1.682540,-0.005819,-0.000638,0.015420,0.999864,0.002019,0.061743,0.049344,-0.000057,-0.000257,-0.000807,0.300061,0.111319,1.103951,16.266236,3,0,0.000000,1,0.872487,1.625944,1,-1,2,anchor3:2-3;3-4
7.657769,1.435000,-0.098000,1.579000,1.375010,-0.071047,1.573526,1.396096,-0.080234,1.678714,-0.005255,-0.000279,0.015309,0.999869,0.004299,0.063234,0.046361,-0.000034,-0.000266,-0.000122,0.065994,0.108499,-12283364264515592.000000,20.515006,5,0,0.000000,1,0.461164,1.041267,1,-1,0,none
7.674431,1.436000,-0.096000,1.578000,1.323762,-0.075705,1.537403,1.391661,-0.078977,1.673515,-0.004226,-0.000371,0.015122,0.999877,-0.001149,0.064958,0.040235,0.000010,-0.000274,0.000760,0.121067,0.106672,1.523406,18.466827,4,0,0.000000,1,0.631843,1.013283,1,0,0,none
7.691069,1.436000,-0.096000,1.578000,1.384763,-0.031991,1.590930,1.391228,-0.075054,1.670709,-0.003634,-0.000509,0.014645,0.999886,0.000380,0.070072,0.037996,0.000023,-0.000294,0.001269,0.083003,0.105063,-16445515873943544.000000,20.515006,5,0,0.000000,1,0.703316,0.669812,1,-1,0,none
7.707706,1.436000,-0.097000,1.578000,1.393343,-0.049851,1.586437,1.391389,-0.072374,1.667811,-0.003847,-0.000714,0.014269,0.999891,0.001930,0.076087,0.033722,0.000033,-0.000306,0.001789,0.064139,0.103260,-50757729219068.125000,20.515006,5,0,0.000000,1,0.361531,0.814197,1,-1,0,none
7.724286,1.436000,-0.095000,1.578000,1.402268,-0.104269,1.627175,1.392099,-0.073207,1.666621,-0.004189,-0.000796,0.014227,0.999890,0.004464,0.072944,0.028380,0.000034,-0.000297,0.002045,0.060349,0.101271,4.951716,20.515006,5,0,0.000000,1,0.461550,0.711989,1,-1,0,none
7.740913,1.436000,-0.097000,1.577000,1.450969,-0.176722,1.780505,1.395771,-0.078421,1.671726,-0.004612,-0.000703,0.013322,0.999900,0.014173,0.062475,0.032011,-0.000001,-0.000256,0.001364,0.219075,0.104578,0.503949,16.266236,3,0,0.000000,1,0.870303,1.621729,1,-1,2,anchor3:2-3;3-4
7.757614,1.436000,-0.096000,1.577000,1.396747,-0.035306,1.608228,1.396079,-0.074819,1.669623,-0.004491,-0.001942,0.012629,0.999908,0.016323,0.070140,0.028506,0.000008,-0.000274,0.001748,0.078739,0.103060,3.672416,20.515006,5,0,0.000000,1,0.461451,0.715413,1,-1,0,none
7.774159,1.437000,-0.094000,1.577000,1.408397,-0.044268,1.549572,1.397098,-0.071895,1.665154,-0.004340,-0.002651,0.013275,0.999899,0.020458,0.070020,0.020595,0.000019,-0.000292,0.002474,0.063590,0.099257,-3806825258216971.000000,20.515006,5,0,0.000000,1,0.395327,0.684323,1,-1,0,none
7.807397,1.437000,-0.094000,1.576000,1.398159,-0.152186,1.752094,1.397734,-0.074883,1.669410,-0.004227,-0.002002,0.011929,0.999918,0.017627,0.061977,0.022216,0.000006,-0.000257,0.001940,0.189482,0.103115,2.949795,16.266236,3,0,0.000000,1,0.610595,1.572948,1,-1,2,anchor2:1-2;2-3
7.824056,1.437000,-0.093000,1.575000,1.450129,-0.160298,1.845551,1.401303,-0.079315,1.677130,-0.002785,-0.001932,0.011687,0.999926,0.023405,0.057199,0.030802,-0.000035,-0.000216,0.000849,0.279104,0.109051,2.904281,16.266236,3,0,0.000000,1,0.874448,1.626923,1,-1,2,anchor3:2-3;3-4
7.840685,1.437000,-0.092000,1.575000,1.392799,-0.050449,1.577225,1.401144,-0.076623,1.673434,-0.002932,-0.001594,0.011682,0.999926,0.023729,0.060148,0.024469,-0.000018,-0.000233,0.001472,0.060706,0.105884,1.043964,18.466827,4,0,0.000000,1,0.406022,0.755133,1,5,0,none
7.857296,1.438000,-0.090000,1.574000,1.385438,-0.060014,1.586350,1.400570,-0.074631,1.670237,-0.002267,-0.002385,0.011283,0.999931,0.024570,0.064687,0.023840,-0.000001,-0.000245,0.002014,0.061762,0.104397,-12689271097469.812500,20.515006,5,0,0.000000,1,0.472714,1.201293,1,-1,0,none
7.873907,1.438000,-0.090000,1.574000,1.410979,-0.082374,1.606125,1.401577,-0.074137,1.667971,-0.001607,-0.002369,0.011895,0.999925,0.024445,0.064844,0.023654,0.000003,-0.000248,0.002413,0.042666,0.102024,3.576087,20.515006,5,0,0.000000,1,0.461528,0.712839,1,-1,0,none
7.890509,1.438000,-0.089000,1.573000,1.400860,-0.055218,1.583389,1.401930,-0.071998,1.664883,-0.001800,-0.002034,0.011286,0.999933,0.026605,0.066983,0.021973,0.000014,-0.000261,0.002934,0.051269,0.100163,2.038537,20.515006,5,0,0.000000,1,0.461289,0.713768,1,-1,0,none
7.940393,1.438000,-0.087000,1.572000,1.379406,-0.064389,1.577393,1.401700,-0.068482,1.662074,0.000801,-0.003625,0.011118,0.999931,0.024167,0.063002,0.019011,0.000035,-0.000269,0.003520,0.063037,0.098863,3.384184,20.515006,5,0,0.000000,1,0.460979,0.712877,1,-1,0,none
7.957121,1.439000,-0.087000,1.572000,1.380845,-0.083026,1.675993,1.400666,-0.068541,1.663001,0.000771,-0.003483,0.010121,0.999942,0.023748,0.060640,0.022582,0.000040,-0.000262,0.003433,0.119215,0.100456,0.498548,18.466827,4,0,0.000000,1,0.594623,1.027534,1,4,0,none
7.973692,1.439000,-0.086000,1.571000,1.301537,-0.067219,1.565102,1.394380,-0.067482,1.659116,0.002270,-0.005282,0.009815,0.999935,0.010426,0.065319,0.019256,0.000087,-0.000267,0.004076,0.138866,0.100490,3.789172,18.466827,4,0,0.000000,1,0.631440,1.015865,1,0,0,none
8.023485,1.440000,-0.085000,1.571000,1.395720,-0.050340,1.600347,1.394968,-0.063596,1.657373,0.002330,-0.008273,0.009546,0.999918,0.009711,0.056642,0.018230,0.000093,-0.000278,0.004493,0.063429,0.099731,4.592718,20.515006,5,0,0.000000,1,0.461356,0.714377,1,-1,0,none
8.040152,1.440000,-0.085000,1.570000,1.451769,-0.125945,1.728642,1.399210,-0.067295,1.660918,0.001763,-0.008130,0.009730,0.999918,0.012967,0.047687,0.021230,0.000062,-0.000250,0.004007,0.164263,0.101209,0.598839,16.266236,3,0,0.000000,1,0.857854,1.599490,1,-1,2,anchor3:2-3;3-4
8.056812,1.440000,-0.085000,1.570000,1.401514,-0.061579,1.602133,1.399598,-0.066161,1.658584,0.000507,-0.007703,0.009292,0.999927,0.014921,0.048039,0.019057,0.000067,-0.000257,0.004410,0.055338,0.099168,-3667247306344443.000000,20.515006,5,0,0.000000,1,0.476973,1.835082,1,-1,0,none
8.073400,1.439000,-0.085000,1.570000,1.348368,-0.045902,1.513729,1.396216,-0.064006,1.652340,0.000142,-0.008156,0.009130,0.999925,0.007857,0.051229,0.011676,0.000102,-0.000276,0.005391,0.113619,0.095137,3.513359,20.515006,5,0,0.000000,1,0.460237,0.712342,1,-1,0,none
8.089976,1.439000,-0.085000,1.570000,1.405193,-0.085946,1.594270,1.396967,-0.064787,1.649912,0.000211,-0.008583,0.009190,0.999921,0.010979,0.045596,0.007612,0.000104,-0.000274,0.005783,0.041628,0.092527,2.618593,20.515006,5,0,0.000000,1,0.461367,0.712285,1,-1,0,none
8.106658,1.439000,-0.084000,1.569000,1.405193,-0.085946,1.594270,1.396967,-0.064787,1.649912,0.000211,-0.008583,0.009190,0.999921,0.010979,0.045596,0.007612,0.000104,-0.000274,0.005783,0.042253,0.093181,-22384158585610748.000000,20.515006,5,0,0.000000,1,0.925988,2.212271,0,-1,0,none
8.123347,1.439000,-0.084000,1.569000,1.383810,-0.062996,1.590141,1.396299,-0.063288,1.647324,-0.000109,-0.009925,0.008366,0.999916,0.005558,0.045986,0.000031,0.000115,-0.000279,0.006197,0.062722,0.091581,13.570017,20.515006,5,0,0.000000,1,0.461122,0.713291,1,-1,0,none
8.139897,1.439000,-0.083000,1.568000,1.307559,-0.052848,1.541142,1.390013,-0.061818,1.642472,-0.000263,-0.010228,0.008384,0.999913,-0.014026,0.049390,-0.006367,0.000159,-0.000288,0.006926,0.137504,0.091621,10.147345,18.466827,4,0,0.000000,1,0.632580,1.016591,1,0,0,none
8.156491,1.439000,-0.082000,1.568000,1.370498,-0.061402,1.585283,1.388424,-0.061080,1.639805,-0.000458,-0.009195,0.008241,0.999924,-0.018756,0.048295,-0.008443,0.000171,-0.000292,0.007312,0.073590,0.090286,-5710231237509179.000000,20.515006,5,0,0.000000,1,0.405940,0.897154,1,-1,0,none
8.173120,1.439000,-0.083000,1.567000,1.358600,-0.064283,1.483344,1.386067,-0.060564,1.632665,-0.001011,-0.007717,0.007631,0.999941,-0.024368,0.050637,-0.016886,0.000193,-0.000303,0.008356,0.117528,0.087276,0.286718,18.466827,4,0,0.000000,1,0.634063,1.011890,1,0,0,none
8.189802,1.439000,-0.081000,1.567000,1.376714,-0.006924,1.544227,1.385086,-0.056144,1.628480,-0.001006,-0.007043,0.007580,0.999946,-0.021275,0.060107,-0.020498,0.000205,-0.000331,0.008936,0.099426,0.085465,4.449231,18.466827,4,0,0.000000,1,0.594732,0.793351,1,7,0,none
8.206441,1.438000,-0.081000,1.567000,1.340204,-0.066440,1.610713,1.381776,-0.055903,1.627375,-0.000324,-0.006793,0.007328,0.999950,-0.024513,0.060093,-0.020738,0.000223,-0.000326,0.009053,0.108106,0.086233,-2702.548446,20.515006,5,0,0.000000,1,0.342583,0.898715,1,-1,0,none
8.223005,1.438000,-0.081000,1.567000,1.400439,-0.054039,1.622065,1.382677,-0.054925,1.626854,0.000172,-0.006084,0.006970,0.999957,-0.018942,0.058309,-0.018583,0.000216,-0.000328,0.009085,0.071901,0.085574,3.823327,20.515006,5,0,0.000000,1,0.461568,0.714756,1,-1,0,none
8.239630,1.438000,-0.080000,1.566000,1.376518,-0.054732,1.619181,1.382000,-0.054052,1.626250,0.000780,-0.005241,0.006614,0.999964,-0.017398,0.057094,-0.016893,0.000218,-0.000328,0.009133,0.085128,0.086252,-1072259125455417.250000,20.515006,5,0,0.000000,1,0.466409,0.670832,1,-1,0,none
8.256243,1.437000,-0.080000,1.565000,1.298991,-0.063183,1.456285,1.376386,-0.053785,1.618686,0.001416,-0.004929,0.006685,0.999965,-0.025674,0.054330,-0.022821,0.000258,-0.000332,0.010225,0.176488,0.085109,9.207713,18.466827,4,0,0.000000,1,0.632029,1.015419,1,0,0,none
8.272929,1.437000,-0.081000,1.565000,1.419367,-0.120874,1.754362,1.378770,-0.057263,1.624155,0.002176,-0.003938,0.006899,0.999966,-0.018157,0.043408,-0.014236,0.000232,-0.000298,0.009361,0.194317,0.086334,0.598335,16.266236,3,0,0.000000,1,0.854001,1.594464,1,-1,2,anchor3:2-3;3-4
8.289533,1.437000,-0.079000,1.565000,1.379605,-0.025047,1.576770,1.378557,-0.054547,1.621915,0.002541,-0.003434,0.006800,0.999968,-0.016560,0.046968,-0.017466,0.000236,-0.000314,0.009658,0.079647,0.085164,2.108446,18.466827,4,0,0.000000,1,0.595114,0.792251,1,7,0,none
8.306109,1.436000,-0.080000,1.565000,1.367267,-0.041485,1.541361,1.377600,-0.053033,1.618251,0.002815,-0.003390,0.006463,0.999969,-0.016994,0.048013,-0.020350,0.000244,-0.000324,0.010163,0.082258,0.083507,0.691881,18.466827,4,0,0.000000,1,0.419455,0.703637,1,1,0,none
8.322831,1.435000,-0.081000,1.565000,1.447629,-0.142826,1.785062,1.381711,-0.057914,1.624945,0.002955,-0.002982,0.006410,0.999971,-0.011993,0.039305,-0.012110,0.000206,-0.000282,0.009118,0.228931,0.083463,3.221203,16.266236,3,0,0.000000,1,0.865208,1.611752,1,-1,2,anchor3:2-3;3-4
8.339393,1.435000,-0.079000,1.564000,1.343904,-0.076706,1.470630,1.379180,-0.058501,1.618312,0.002579,-0.002775,0.006632,0.999971,-0.014238,0.035858,-0.020154,0.000226,-0.000287,0.010081,0.130468,0.080535,2.946770,18.466827,4,0,0.000000,1,0.632813,1.011445,1,0,0,none
8.355981,1.435000,-0.080000,1.564000,1.372767,-0.017951,1.595789,1.378592,-0.055462,1.617044,0.002072,-0.002683,0.006330,0.999974,-0.012227,0.038567,-0.023627,0.000232,-0.000303,0.010218,0.093454,0.081226,3.153583,18.466827,4,0,0.000000,1,0.419936,0.705120,1,1,0,none
8.372661,1.435000,-0.079000,1.563000,1.300294,-0.069036,1.488376,1.373612,-0.055736,1.611356,0.001566,-0.003313,0.005703,0.999977,-0.020077,0.036138,-0.031475,0.000264,-0.000304,0.011013,0.154317,0.081535,4.309164,16.266236,3,0,0.000000,1,0.625427,1.207241,1,-1,2,anchor6:6-7;5-6
8.389171,1.435000,-0.080000,1.563000,1.323859,-0.150673,1.776358,1.370278,-0.060939,1.617603,0.001743,-0.003954,0.005484,0.999976,-0.028664,0.028371,-0.028236,0.000270,-0.000253,0.009999,0.250737,0.086797,2.653003,16.266236,3,0,0.000000,1,0.605147,1.562648,1,-1,2,anchor2:1-2;2-3
8.405933,1.435000,-0.080000,1.563000,1.377002,-0.053013,1.616245,1.370248,-0.060008,1.617107,0.001439,-0.004232,0.005542,0.999975,-0.027566,0.029947,-0.028695,0.000268,-0.000256,0.010004,0.083229,0.086718,-1399009488430206.000000,20.515006,5,0,0.000000,1,0.365562,0.735286,1,-1,0,none
8.422502,1.434000,-0.080000,1.563000,1.441475,-0.160286,1.759006,1.374127,-0.065562,1.622441,0.001283,-0.004273,0.005568,0.999975,-0.022984,0.022779,-0.021067,0.000234,-0.000213,0.009134,0.211944,0.085595,5.373599,16.266236,3,0,0.000000,1,0.864023,1.611577,1,-1,2,anchor3:2-3;3-4
8.439092,1.434000,-0.080000,1.562000,1.389612,-0.078043,1.580420,1.374706,-0.065974,1.620429,0.000450,-0.004182,0.005300,0.999977,-0.022440,0.023469,-0.022556,0.000230,-0.000215,0.009388,0.048098,0.084419,3.489115,20.515006,5,0,0.000000,1,0.461098,0.712268,1,-1,0,none
8.455779,1.433000,-0.079000,1.562000,1.335225,-0.034875,1.657760,1.371996,-0.063771,1.621594,-0.000750,-0.003740,0.004869,0.999981,-0.028278,0.025858,-0.020076,0.000243,-0.000218,0.009160,0.143795,0.086631,1.236757,18.466827,4,0,0.000000,1,0.419257,0.705757,1,1,0,none
8.489013,1.433000,-0.080000,1.561000,1.382700,-0.031880,1.666865,1.371856,-0.060913,1.622925,-0.001965,-0.002799,0.004270,0.999985,-0.024520,0.033775,-0.013762,0.000239,-0.000225,0.008870,0.126701,0.089093,1.231625,18.466827,4,0,0.000000,1,0.596384,0.794195,1,7,0,none
8.505627,1.432000,-0.079000,1.561000,1.388498,-0.042703,1.530216,1.372506,-0.059248,1.618867,-0.001752,-0.001512,0.004257,0.999988,-0.024016,0.035726,-0.017440,0.000238,-0.000240,0.009450,0.064479,0.085312,1.396050,20.515006,5,0,0.000000,1,0.460811,0.713272,1,-1,0,none
8.522193,1.432000,-0.079000,1.561000,1.387499,-0.066937,1.581441,1.373094,-0.059222,1.617067,-0.001963,-0.000547,0.004628,0.999987,-0.020215,0.032598,-0.017934,0.000234,-0.000242,0.009682,0.050435,0.083693,2.024129,20.515006,5,0,0.000000,1,0.461098,0.712910,1,-1,0,none
8.538871,1.431000,-0.079000,1.561000,1.422164,-0.050572,1.589082,1.375848,-0.058170,1.615647,-0.002117,-0.000647,0.004316,0.999988,-0.010713,0.036769,-0.018469,0.000219,-0.000251,0.009853,0.040925,0.080386,-3356358088919055.000000,20.515006,5,0,0.000000,1,0.434070,0.684985,1,-1,0,none
8.572144,1.430000,-0.079000,1.560000,1.302691,-0.061269,1.540059,1.370741,-0.057187,1.611905,-0.002215,-0.003148,0.003612,0.999986,-0.021381,0.038984,-0.017726,0.000249,-0.000250,0.010340,0.130075,0.081741,-3806836139745446.000000,20.515006,5,0,0.000000,1,0.420520,1.041877,1,-1,0,none
8.588702,1.430000,-0.079000,1.560000,1.408991,-0.042430,1.573579,1.372846,-0.055634,1.610033,-0.002732,-0.002225,0.003762,0.999987,-0.022314,0.044697,-0.018812,0.000237,-0.000261,0.010583,0.044307,0.079472,-1427561134286396.500000,20.515006,5,0,0.000000,1,0.662558,0.836946,1,-1,0,none
8.605279,1.430000,-0.078000,1.560000,1.361596,-0.031663,1.658256,1.371793,-0.053407,1.611778,-0.004078,-0.001029,0.003541,0.999985,-0.023887,0.051988,-0.015953,0.000241,-0.000265,0.010274,0.128376,0.081694,3.863574,18.466827,4,0,0.000000,1,0.595844,0.793108,1,7,0,none
8.621974,1.430000,-0.079000,1.560000,1.360056,-0.116743,1.741087,1.370709,-0.056601,1.616926,-0.005138,-0.000036,0.003311,0.999981,-0.022732,0.049342,-0.009513,0.000234,-0.000232,0.009452,0.197761,0.085192,2.339369,16.266236,3,0,0.000000,1,0.607393,1.563191,1,-1,2,anchor2:1-2;2-3
8.638587,1.430000,-0.078000,1.559000,1.441495,-0.147636,1.757201,1.374884,-0.061574,1.622593,-0.005849,0.000741,0.003394,0.999977,-0.010006,0.040213,-0.004964,0.000198,-0.000196,0.008563,0.210393,0.085742,1.052608,16.266236,3,0,0.000000,1,0.862010,1.607626,1,-1,2,anchor3:2-3;3-4
8.655228,1.429000,-0.078000,1.559000,1.375271,-0.059339,1.593536,1.374804,-0.060791,1.621293,-0.007369,-0.000229,0.003534,0.999967,-0.002813,0.040938,-0.009477,0.000200,-0.000199,0.008745,0.066542,0.084343,-2047226047455396.500000,20.515006,5,0,0.000000,1,0.536998,0.814373,1,-1,0,none
8.671820,1.429000,-0.078000,1.559000,1.345107,-0.079810,1.552219,1.372918,-0.061367,1.618276,-0.008637,-0.002249,0.003567,0.999954,-0.004695,0.041224,-0.015094,0.000211,-0.000197,0.009178,0.084186,0.083280,-5075782594380284.000000,20.515006,5,0,0.000000,1,0.619153,0.684856,1,-1,0,none
8.688471,1.429000,-0.078000,1.559000,1.381604,-0.055928,1.589162,1.373381,-0.060382,1.616848,-0.010184,-0.003985,0.003658,0.999934,-0.004965,0.047590,-0.016434,0.000210,-0.000202,0.009358,0.060360,0.082160,3.886621,20.515006,5,0,0.000000,1,0.461100,0.713645,1,-1,0,none
8.705177,1.429000,-0.078000,1.558000,1.396249,-0.079611,1.536423,1.374699,-0.060807,1.613315,-0.011487,-0.004970,0.003686,0.999915,-0.003575,0.050238,-0.017985,0.000204,-0.000204,0.009856,0.039253,0.079398,-1082831556673534.250000,20.515006,5,0,0.000000,1,0.384733,0.660747,1,-1,0,none
8.721724,1.429000,-0.077000,1.558000,1.396169,-0.123356,1.663831,1.375974,-0.063813,1.615111,-0.011505,-0.005037,0.003307,0.999916,-0.000025,0.051222,-0.011771,0.000190,-0.000180,0.009540,0.120112,0.079040,0.940368,18.466827,4,0,0.000000,1,0.594570,1.033444,1,4,0,none
8.738295,1.429000,-0.077000,1.558000,1.341773,-0.038161,1.599041,1.373904,-0.061440,1.614308,-0.010716,-0.005392,0.003116,0.999923,-0.002680,0.061858,-0.010043,0.000204,-0.000187,0.009639,0.103930,0.080301,-406060221676096.000000,20.515006,5,0,0.000000,1,0.553718,0.780805,1,-1,0,none
8.754956,1.428000,-0.076000,1.558000,1.377291,-0.068845,1.573211,1.374052,-0.060910,1.612487,-0.009217,-0.005541,0.003441,0.999936,-0.003140,0.067379,-0.012697,0.000204,-0.000188,0.009891,0.053422,0.078147,-17156101997540428.000000,20.515006,5,0,0.000000,1,0.383450,1.198045,1,-1,0,none
8.771583,1.428000,-0.075000,1.558000,1.362928,-0.037345,1.526525,1.373334,-0.058415,1.608815,-0.008003,-0.006091,0.003500,0.999943,-0.004190,0.076801,-0.018490,0.000213,-0.000202,0.010418,0.081504,0.076457,-1982718759879197.000000,20.515006,5,0,0.000000,1,0.586323,0.748654,1,-1,0,none
8.788264,1.428000,-0.072000,1.557000,1.374259,-0.060492,1.603642,1.373347,-0.057304,1.608315,-0.006108,-0.006610,0.003648,0.999953,-0.002050,0.082182,-0.019058,0.000213,-0.000201,0.010448,0.072084,0.076395,2.162340,20.515006,5,0,0.000000,1,0.461113,0.713643,1,-1,0,none
8.804807,1.427000,-0.072000,1.557000,1.371853,-0.035264,1.644330,1.373210,-0.054751,1.609475,-0.003744,-0.006232,0.003693,0.999967,-0.004110,0.086900,-0.016596,0.000213,-0.000205,0.010226,0.109623,0.077100,-2537888879071289.000000,20.515006,5,0,0.000000,1,0.428909,1.399196,1,-1,0,none
8.821453,1.427000,-0.071000,1.557000,1.397898,-0.138632,1.687232,1.374595,-0.058435,1.612310,-0.000889,-0.004256,0.003643,0.999984,-0.004706,0.080342,-0.013714,0.000195,-0.000174,0.009749,0.149604,0.077223,0.384813,16.266236,3,0,0.000000,1,0.846315,1.585491,1,-1,2,anchor3:2-3;3-4
8.838128,1.427000,-0.069000,1.556000,1.314966,-0.038785,1.563156,1.370969,-0.056046,1.610138,0.001547,-0.002024,0.003599,0.999990,-0.010175,0.081060,-0.017238,0.000218,-0.000179,0.010048,0.116257,0.078982,13.251716,20.515006,5,0,0.000000,1,0.460181,0.713218,1,-1,0,none
8.854734,1.425000,-0.068000,1.556000,1.322317,-0.075906,1.483301,1.367932,-0.055973,1.604828,0.004082,0.000358,0.003491,0.999986,-0.012965,0.082124,-0.023845,0.000237,-0.000177,0.010817,0.126061,0.076063,1.473900,18.466827,4,0,0.000000,1,0.631992,1.012881,1,0,0,none
8.871387,1.425000,-0.067000,1.555000,1.294383,-0.074042,1.491404,1.363418,-0.055790,1.599951,0.006505,0.002009,0.003450,0.999971,-0.013413,0.078980,-0.029289,0.000264,-0.000173,0.011504,0.145447,0.077062,4.045868,18.466827,4,0,0.000000,1,0.631054,1.014781,1,0,0,none
8.887948,1.425000,-0.066000,1.555000,1.357795,-0.087703,1.554785,1.362944,-0.056560,1.597714,0.008196,0.001781,0.003744,0.999958,-0.005725,0.066919,-0.032802,0.000264,-0.000164,0.011774,0.070622,0.075925,2.860589,18.466827,4,0,0.000000,1,0.438053,0.852874,1,2,0,none
8.921233,1.424000,-0.064000,1.554000,1.381630,-0.054130,1.531461,1.363969,-0.054499,1.593931,0.008702,0.001574,0.003885,0.999953,-0.004983,0.055653,-0.037924,0.000259,-0.000171,0.012184,0.048996,0.072722,-4580889656444920.000000,20.515006,5,0,0.000000,1,0.392652,0.778379,1,-1,0,none
8.937825,1.424000,-0.063000,1.554000,1.376135,-0.066753,1.541385,1.364605,-0.054429,1.591180,0.006533,0.004139,0.004126,0.999962,-0.006643,0.050688,-0.041898,0.000254,-0.000171,0.012510,0.049642,0.070594,-3654561823632784.500000,20.515006,5,0,0.000000,1,0.404088,1.040711,1,-1,0,none
8.954455,1.423000,-0.063000,1.554000,1.374385,-0.014560,1.575288,1.365124,-0.051240,1.589891,0.003463,0.007059,0.004563,0.999959,-0.002519,0.055332,-0.044519,0.000254,-0.000188,0.012606,0.071854,0.069109,-7772273054966018.000000,20.515006,5,0,0.000000,1,0.372050,0.813892,1,-1,0,none
8.971008,1.423000,-0.061000,1.553000,1.304892,-0.045620,1.423741,1.361463,-0.050068,1.582476,0.000377,0.007959,0.004460,0.999958,-0.000633,0.057319,-0.053846,0.000283,-0.000195,0.013638,0.175767,0.069103,2.294386,18.466827,4,0,0.000000,1,0.633444,1.016755,1,0,0,none
8.987717,1.422000,-0.063000,1.553000,1.390339,-0.083468,1.598615,1.363259,-0.051210,1.582295,-0.002937,0.007862,0.004620,0.999954,0.008652,0.055035,-0.051519,0.000268,-0.000183,0.013531,0.059179,0.066691,-310891514637455.250000,20.515006,5,0,0.000000,1,0.552897,0.943557,1,-1,0,none
9.004425,1.423000,-0.060000,1.552000,1.338925,-0.058285,1.576853,1.361931,-0.050771,1.581282,-0.007185,0.008187,0.005140,0.999927,0.007813,0.057504,-0.048889,0.000277,-0.000178,0.013560,0.087688,0.068353,-1691924575982089.000000,20.515006,5,0,0.000000,1,0.476329,0.780484,1,-1,0,none
9.020939,1.423000,-0.060000,1.552000,1.393590,-0.101493,1.680724,1.363986,-0.052950,1.584563,-0.011516,0.009072,0.005501,0.999877,0.015672,0.055741,-0.040396,0.000259,-0.000154,0.012939,0.138407,0.067769,3.779497,16.266236,3,0,0.000000,1,0.839788,1.572960,1,-1,2,anchor3:2-3;3-4
9.037515,1.423000,-0.059000,1.552000,1.443080,-0.141739,1.683087,1.369024,-0.057395,1.587902,-0.016011,0.009817,0.005823,0.999807,0.030803,0.053727,-0.031497,0.000219,-0.000120,0.012325,0.156310,0.064846,3.412642,16.266236,3,0,0.000000,1,0.854105,1.595924,1,-1,2,anchor3:2-3;3-4
9.054200,1.423000,-0.058000,1.552000,1.374337,-0.047398,1.578127,1.369870,-0.055891,1.587067,-0.020448,0.009718,0.005829,0.999727,0.039169,0.066977,-0.027351,0.000218,-0.000124,0.012382,0.056241,0.063694,5.246555,20.515006,5,0,0.000000,1,0.460951,0.713795,1,-1,0,none
9.070856,1.424000,-0.058000,1.552000,1.374337,-0.047398,1.578127,1.369870,-0.055891,1.587067,-0.020448,0.009718,0.005829,0.999727,0.039169,0.066977,-0.027351,0.000218,-0.000124,0.012382,0.057109,0.064530,-1827278251886592.000000,20.515006,5,0,0.000000,1,1.457695,2.307537,0,-1,0,none
9.087441,1.424000,-0.056000,1.552000,1.366278,-0.057808,1.607581,1.371050,-0.053678,1.587138,-0.029388,0.008571,0.006741,0.999509,0.049555,0.083013,-0.020562,0.000219,-0.000120,0.012246,0.080152,0.063590,-50757729219070.250000,20.515006,5,0,0.000000,1,0.799133,0.943590,1,-1,0,none
9.104044,1.424000,-0.054000,1.552000,1.355322,-0.007323,1.542600,1.370835,-0.049456,1.585009,-0.034114,0.008405,0.006624,0.999361,0.052689,0.099176,-0.021706,0.000231,-0.000139,0.012529,0.083569,0.062744,0.731549,18.466827,4,0,0.000000,1,0.637040,1.018357,1,0,0,none
9.120658,1.425000,-0.052000,1.551000,1.382340,-0.028007,1.578585,1.372391,-0.046540,1.584417,-0.038136,0.008006,0.006569,0.999219,0.060304,0.113351,-0.021248,0.000229,-0.000148,0.012568,0.056182,0.062564,1.736396,20.515006,5,0,0.000000,1,0.461079,0.714968,1,-1,0,none
9.137322,1.426000,-0.050000,1.551000,1.409081,-0.045743,1.592043,1.375645,-0.044622,1.584397,-0.040650,0.007583,0.006898,0.999121,0.068999,0.132371,-0.020755,0.000214,-0.000150,0.012517,0.044597,0.060662,3.071347,20.515006,5,0,0.000000,1,0.461465,0.714588,1,-1,0,none
9.153943,1.427000,-0.048000,1.551000,1.387080,-0.071820,1.710275,1.377441,-0.044120,1.589172,-0.042749,0.007071,0.007331,0.999034,0.074232,0.148440,-0.017060,0.000202,-0.000133,0.011722,0.165920,0.062676,5.131255,16.266236,3,0,0.000000,1,0.609132,1.562199,1,-1,2,anchor2:1-2;2-3
9.170537,1.427000,-0.046000,1.551000,1.370410,-0.047665,1.599328,1.378124,-0.042009,1.589299,-0.045148,0.006175,0.007225,0.998935,0.077976,0.164117,-0.019603,0.000204,-0.000130,0.011657,0.074436,0.062223,-767707772851598.000000,20.515006,5,0,0.000000,1,0.439692,0.897427,1,-1,0,none
9.220422,1.430000,-0.037000,1.550000,1.323490,-0.020266,1.486756,1.378384,-0.031999,1.583739,-0.053250,0.001559,0.007210,0.998554,0.085916,0.213496,-0.033125,0.000235,-0.000135,0.012343,0.124997,0.061867,1.529502,18.466827,4,0,0.000000,1,0.635266,1.018301,1,0,0,none
9.237097,1.432000,-0.032000,1.550000,1.390146,-0.003609,1.531018,1.380529,-0.026626,1.580919,-0.055549,-0.000304,0.007278,0.998429,0.088252,0.233020,-0.036283,0.000235,-0.000149,0.012693,0.054019,0.060284,0.680339,18.466827,4,0,0.000000,1,0.419932,0.704380,1,1,0,none
9.253611,1.433000,-0.028000,1.550000,1.396530,-0.007195,1.548919,1.382900,-0.021743,1.578978,-0.058094,-0.001268,0.007356,0.998283,0.089206,0.253985,-0.038887,0.000231,-0.000157,0.012902,0.042001,0.058215,-1072257291715596.250000,20.515006,5,0,0.000000,1,0.467016,0.919081,1,-1,0,none
9.270362,1.434000,-0.025000,1.550000,1.457189,-0.019679,1.593547,1.389188,-0.017631,1.578986,-0.060189,-0.001723,0.007481,0.998157,0.100567,0.274425,-0.038469,0.000201,-0.000161,0.012800,0.049623,0.053876,-513918743890174.000000,20.515006,5,0,0.000000,1,0.569765,0.729222,1,-1,0,none
9.286893,1.436000,-0.019000,1.549000,1.438802,0.009595,1.538912,1.394007,-0.011452,1.576677,-0.060996,-0.003156,0.007523,0.998105,0.109447,0.305137,-0.039268,0.000185,-0.000175,0.013057,0.030451,0.050857,1.537417,20.515006,5,0,0.000000,1,0.461586,0.716844,1,-1,0,none
9.303562,1.436000,-0.015000,1.549000,1.438802,0.009595,1.538912,1.394007,-0.011452,1.576677,-0.060996,-0.003156,0.007523,0.998105,0.109447,0.305137,-0.039268,0.000185,-0.000175,0.013057,0.026731,0.050418,-2487139169951047.000000,20.515006,5,0,0.000000,1,1.186400,1.166093,0,-1,0,none
9.320162,1.438000,-0.010000,1.549000,1.421476,0.015390,1.578720,1.399307,0.000280,1.575557,-0.059929,-0.008106,0.007785,0.998139,0.118175,0.347624,-0.037336,0.000176,-0.000184,0.013034,0.042438,0.048042,1.171751,18.466827,4,0,0.000000,1,0.406077,0.747367,1,5,0,none
9.336744,1.439000,-0.002000,1.549000,1.391533,0.013716,1.519473,1.400548,0.006554,1.572545,-0.058922,-0.010139,0.007848,0.998180,0.113807,0.369940,-0.039077,0.000185,-0.000187,0.013407,0.058068,0.045893,2.895903,18.466827,4,0,0.000000,1,0.639788,1.018113,1,0,0,none
9.353403,1.441000,0.001000,1.548000,1.421776,0.051685,1.442624,1.403718,0.015393,1.566295,-0.057844,-0.011258,0.008044,0.998230,0.114657,0.393377,-0.044664,0.000190,-0.000207,0.014267,0.118502,0.043952,-26850827633551496.000000,20.515006,5,0,0.000000,1,0.871628,0.917871,1,-1,0,none
9.386671,1.444000,0.018000,1.547000,1.461335,0.032002,1.558158,1.411043,0.028922,1.564523,-0.056787,-0.012868,0.008521,0.998267,0.112330,0.429047,-0.044389,0.000166,-0.000212,0.014311,0.024922,0.038891,-6344565020962.437500,20.515006,5,0,0.000000,1,0.684746,1.406542,1,-1,0,none
9.403233,1.445000,0.024000,1.547000,1.315617,0.016701,1.384912,1.406155,0.034655,1.555933,-0.056744,-0.013314,0.008638,0.998263,0.096488,0.444891,-0.053499,0.000225,-0.000198,0.015531,0.207523,0.041258,1.123549,16.266236,3,0,0.000000,1,0.633657,1.227638,1,-1,2,anchor6:6-7;5-6
9.419883,1.446000,0.032000,1.547000,1.425216,0.039297,1.566859,1.408896,0.041807,1.555574,-0.056610,-0.012848,0.008896,0.998274,0.098096,0.461202,-0.054051,0.000216,-0.000198,0.015451,0.029658,0.039325,-6344761492159.148438,20.515006,5,0,0.000000,1,0.548587,1.363572,1,-1,0,none
9.436554,1.447000,0.039000,1.547000,1.410064,0.071605,1.544382,1.410465,0.051016,1.554210,-0.055296,-0.012566,0.009537,0.998345,0.096675,0.484577,-0.057283,0.000218,-0.000208,0.015519,0.049337,0.039130,-23608683886182976.000000,20.515006,5,0,0.000000,1,0.499684,0.920024,1,-1,0,none
9.453161,1.448000,0.046000,1.547000,1.313964,0.077522,1.446218,1.405586,0.060500,1.548590,-0.052324,-0.013297,0.010314,0.998488,0.087823,0.507554,-0.067441,0.000271,-0.000210,0.016232,0.170636,0.044853,2.863704,18.466827,4,0,0.000000,1,0.640501,1.027351,1,0,0,none
9.469719,1.449000,0.057000,1.546000,1.313964,0.077522,1.446218,1.405586,0.060500,1.548590,-0.052324,-0.013297,0.010314,0.998488,0.087823,0.507554,-0.067441,0.000271,-0.000210,0.016232,0.169152,0.043632,-13818767175561602.000000,20.515006,5,0,0.000000,1,6.128428,6.601824,0,-1,0,none
9.486425,1.451000,0.065000,1.546000,1.416896,0.087929,1.452988,1.409130,0.078425,1.542135,-0.045184,-0.015816,0.010390,0.998799,0.091499,0.539712,-0.074154,0.000274,-0.000215,0.016869,0.101686,0.044139,1.301257,20.515006,5,0,0.000000,1,0.460999,0.719311,1,-1,0,none
9.503015,1.452000,0.073000,1.545000,1.410668,0.085761,1.446016,1.410589,0.087248,1.536695,-0.042595,-0.016527,0.011164,0.998893,0.085035,0.548996,-0.080825,0.000280,-0.000214,0.017512,0.108023,0.044574,-5335909790425338.000000,20.515006,5,0,0.000000,1,0.450007,0.791871,1,-1,0,none
9.519680,1.452000,0.082000,1.545000,1.407517,0.100836,1.408469,1.411707,0.096805,1.529758,-0.040273,-0.017399,0.011669,0.998969,0.082572,0.559184,-0.086050,0.000291,-0.000214,0.018365,0.144824,0.045553,-101516425687293.687500,20.515006,5,0,0.000000,1,0.440527,1.146945,1,-1,0,none
9.536247,1.454000,0.092000,1.544000,1.457907,0.114349,1.499400,1.415987,0.106261,1.527132,-0.038471,-0.017621,0.012283,0.999029,0.084179,0.569528,-0.086338,0.000272,-0.000220,0.018556,0.050039,0.043964,1.501614,18.466827,4,0,0.000000,1,0.405502,0.732327,1,5,0,none
9.552850,1.455000,0.100000,1.544000,1.412741,0.198995,1.533254,1.416998,0.120943,1.526027,-0.037169,-0.018294,0.012297,0.999066,0.080359,0.591573,-0.083091,0.000277,-0.000260,0.018495,0.108172,0.046966,2.443061,18.466827,4,0,0.000000,1,0.596935,0.815949,1,7,0,none
9.569621,1.457000,0.112000,1.544000,1.423316,0.133110,1.492195,1.418597,0.130895,1.523281,-0.034744,-0.019164,0.012459,0.999135,0.075870,0.607716,-0.082893,0.000278,-0.000260,0.018708,0.065299,0.047550,1.361980,20.515006,5,0,0.000000,1,0.461391,0.721915,1,-1,0,none
9.586152,1.457000,0.121000,1.544000,1.371264,0.133881,1.464890,1.416715,0.140500,1.519546,-0.031962,-0.020480,0.013450,0.999189,0.071193,0.615734,-0.079515,0.000304,-0.000253,0.019083,0.117366,0.051001,1.400151,20.515006,5,0,0.000000,1,0.460566,0.720915,1,-1,0,none
9.602811,1.457000,0.130000,1.544000,1.407015,0.147426,1.416330,1.417188,0.150669,1.513918,-0.029117,-0.022296,0.014043,0.999229,0.065954,0.621283,-0.079273,0.000317,-0.000248,0.019745,0.138209,0.054011,1.607353,20.515006,5,0,0.000000,1,0.460844,0.721572,1,-1,0,none
9.652659,1.459000,0.163000,1.544000,1.434926,0.194852,1.458089,1.421197,0.182777,1.507796,-0.021750,-0.028043,0.015626,0.999248,0.051709,0.636081,-0.075669,0.000313,-0.000254,0.020104,0.094736,0.055954,3.125725,20.515006,5,0,0.000000,1,0.461537,0.724248,1,-1,0,none
9.669330,1.459000,0.173000,1.544000,1.377853,0.157381,1.485999,1.418906,0.190831,1.505653,-0.019722,-0.029770,0.016288,0.999229,0.039130,0.633424,-0.078441,0.000336,-0.000234,0.020254,0.100959,0.058275,-3965438527305982.000000,20.515006,5,0,0.000000,1,0.458049,1.833298,1,-1,0,none
9.685884,1.460000,0.181000,1.544000,1.394707,0.165582,1.484986,1.417752,0.198441,1.503572,-0.017819,-0.031755,0.016303,0.999204,0.027256,0.633932,-0.081955,0.000349,-0.000215,0.020395,0.089351,0.061021,-1678178812723196.000000,20.515006,5,0,0.000000,1,0.393706,0.775927,1,-1,0,none
9.702471,1.460000,0.194000,1.543000,1.384053,0.238084,1.474762,1.415849,0.210608,1.500993,-0.016918,-0.032952,0.016878,0.999171,0.020151,0.636550,-0.085539,0.000369,-0.000228,0.020574,0.111211,0.063164,2.408517,18.466827,4,0,0.000000,1,0.595883,0.817427,1,7,0,none
9.719273,1.460000,0.204000,1.544000,1.420056,0.219305,1.469743,1.416389,0.220905,1.498242,-0.015943,-0.034147,0.016363,0.999156,0.013126,0.638139,-0.091712,0.000369,-0.000227,0.020774,0.085697,0.065433,1.376671,18.466827,4,0,0.000000,1,0.647160,0.788200,1,3,0,none
9.768941,1.459000,0.235000,1.542000,1.447130,0.247046,1.493488,1.418642,0.252041,1.493462,-0.011124,-0.036314,0.017837,0.999119,-0.010464,0.643971,-0.103409,0.000352,-0.000225,0.020774,0.051375,0.065384,-114206099804670.937500,20.515006,5,0,0.000000,1,0.533078,0.887322,1,-1,0,none
9.785650,1.459000,0.244000,1.542000,1.421244,0.250601,1.553102,1.418595,0.261557,1.494643,-0.010029,-0.036730,0.018946,0.999095,-0.019164,0.643901,-0.102434,0.000346,-0.000220,0.020346,0.039904,0.064680,-12194531951280122.000000,20.515006,5,0,0.000000,1,0.377787,0.681923,1,-1,0,none
9.818894,1.456000,0.267000,1.541000,1.463576,0.268241,1.378004,1.421233,0.282045,1.485825,-0.008607,-0.035786,0.018634,0.999149,-0.028490,0.644624,-0.109823,0.000332,-0.000211,0.021168,0.163177,0.066928,-310893630494973.875000,20.515006,5,0,0.000000,1,0.409953,0.899116,1,-1,0,none
9.852093,1.454000,0.288000,1.540000,1.943477,0.300984,1.530627,1.460973,0.302920,1.484474,-0.007755,-0.030822,0.018116,0.999331,0.032715,0.648642,-0.103720,0.000043,-0.000215,0.020807,0.489739,0.057917,0.380234,13.815511,2,0,0.000000,1,0.835147,1.492449,1,0,2,anchor2:1-2;2-3
10.118099,1.416000,0.466000,1.537000,1.816989,0.487423,1.436250,1.517673,0.476915,1.458011,-0.005655,-0.025432,0.019292,0.999474,0.058127,0.652765,-0.090277,-0.000266,-0.000208,0.021107,0.414007,0.129212,0.847006,13.815511,2,0,0.000000,1,0.797593,1.440735,1,0,2,anchor2:1-2;2-3
10.134704,1.413000,0.477000,1.537000,1.848830,0.495594,1.474475,1.566938,0.488449,1.457985,-0.005029,-0.021572,0.019188,0.999571,0.133314,0.659786,-0.087990,-0.000511,-0.000203,0.020966,0.440685,0.173411,0.116625,13.815511,2,0,0.000000,1,0.803691,1.449869,1,0,2,anchor2:1-2;2-3
10.151368,1.409000,0.487000,1.537000,1.538958,0.506040,1.443949,1.565082,0.500179,1.455771,-0.003732,-0.021433,0.019200,0.999579,0.126635,0.662175,-0.088819,-0.000484,-0.000209,0.021095,0.160966,0.176446,9.390238,18.466827,4,0,0.000000,1,0.665514,0.824633,1,3,0,none
10.168017,1.405000,0.498000,1.537000,1.446729,0.494448,1.481865,1.552353,0.508938,1.456493,-0.003209,-0.021646,0.019647,0.999567,0.103961,0.655358,-0.085211,-0.000417,-0.000202,0.020832,0.069237,0.168267,-634469197123573.750000,20.515006,5,0,0.000000,1,0.506771,1.120900,1,-1,0,none
10.184605,1.401000,0.507000,1.537000,1.555582,0.515841,1.332265,1.554266,0.519063,1.446666,-0.002834,-0.021651,0.020006,0.999561,0.102904,0.650647,-0.096582,-0.000367,-0.000203,0.022005,0.256690,0.178315,16.421819,18.466827,4,0,0.000000,1,0.667436,0.824164,1,3,0,none
10.201201,1.401000,0.507000,1.537000,1.664866,0.541188,1.548595,1.567468,0.530392,1.451911,-0.003137,-0.020616,0.020749,0.999567,0.121059,0.648393,-0.089484,-0.000472,-0.000203,0.021049,0.266324,0.188412,0.022169,13.815511,2,0,0.000000,1,0.784700,1.405634,1,0,2,anchor2:1-2;2-3
10.217826,1.394000,0.532000,1.536000,1.631350,0.596004,1.212935,1.575869,0.546819,1.435001,-0.003597,-0.020542,0.020881,0.999564,0.132360,0.656962,-0.105639,-0.000409,-0.000235,0.023120,0.405959,0.208559,9.097754,16.266236,3,0,0.000000,1,0.662120,1.545181,1,-1,2,anchor2:1-2;2-3
10.267666,1.381000,0.565000,1.536000,1.662715,0.556004,1.557687,1.590570,0.576420,1.438339,-0.004838,-0.018533,0.021914,0.999576,0.144092,0.656030,-0.094694,-0.000511,-0.000216,0.021969,0.282691,0.231490,1.950035,13.815511,2,0,0.000000,1,0.661109,1.151464,1,1,2,anchor7:6-7;7-0
10.300987,1.373000,0.588000,1.536000,1.644509,0.608738,1.473603,1.600427,0.599074,1.437757,-0.002763,-0.018135,0.022204,0.999585,0.152806,0.657991,-0.088891,-0.000556,-0.000219,0.021617,0.279357,0.247987,0.517527,13.815511,2,0,0.000000,1,0.771040,1.387779,1,0,2,anchor2:1-2;2-3
10.350772,1.359000,0.620000,1.535000,1.464318,0.665951,1.271195,1.592503,0.635301,1.422339,-0.001419,-0.017772,0.023451,0.999566,0.133749,0.657420,-0.097487,-0.000401,-0.000251,0.023108,0.287743,0.259712,5.642408,16.266236,3,0,0.000000,1,0.643352,1.500574,1,-1,2,anchor2:1-2;2-3
10.367478,1.355000,0.630000,1.535000,1.518327,0.684533,1.235829,1.586991,0.650219,1.408496,-0.001230,-0.018012,0.023907,0.999551,0.126069,0.660909,-0.109331,-0.000282,-0.000280,0.024742,0.345185,0.265013,9.096167,16.266236,3,0,0.000000,1,0.652242,1.511811,1,-1,2,anchor2:1-2;2-3
10.400698,1.345000,0.652000,1.534000,1.393315,0.611532,1.520974,1.571003,0.665876,1.412740,-0.000265,-0.019200,0.024676,0.999511,0.095926,0.654273,-0.098647,-0.000212,-0.000259,0.023741,0.064356,0.256854,1.333699,18.466827,4,0,0.000000,1,0.599996,1.058203,1,4,0,none
10.433958,1.336000,0.672000,1.534000,1.554727,0.662563,1.701090,1.572133,0.684253,1.428863,0.000718,-0.019234,0.025337,0.999494,0.093693,0.642918,-0.080190,-0.000304,-0.000238,0.021169,0.275409,0.258772,0.645030,13.815511,2,0,0.000000,1,0.773450,1.376855,1,0,2,anchor2:1-2;2-3
10.483794,1.321000,0.704000,1.534000,1.456644,0.706710,1.608705,1.563936,0.714496,1.437266,0.001373,-0.020982,0.025804,0.999446,0.076104,0.634617,-0.074645,-0.000310,-0.000236,0.019500,0.154879,0.261697,15.942471,16.266236,3,0,0.000000,1,0.693359,1.414247,1,-1,2,anchor6:6-7;5-6
10.500388,1.315000,0.716000,1.533000,1.316898,0.693991,1.380892,1.540185,0.721602,1.432390,0.001588,-0.022697,0.026187,0.999398,0.035919,0.624951,-0.081718,-0.000179,-0.000247,0.019998,0.153704,0.246702,-12689029288442.812500,20.515006,5,0,0.000000,1,0.422666,0.649371,1,-1,0,none
10.517117,1.310000,0.726000,1.533000,1.408572,0.738778,1.558863,1.528161,0.732287,1.439134,0.001567,-0.023796,0.025888,0.999380,0.015619,0.622134,-0.076858,-0.000153,-0.000254,0.018913,0.102707,0.237581,4.941141,18.466827,4,0,0.000000,1,0.670627,1.061255,1,0,0,none
10.533680,1.306000,0.734000,1.533000,1.316173,0.773088,1.507625,1.509020,0.745146,1.441823,0.001203,-0.025700,0.025720,0.999338,-0.013736,0.621713,-0.074860,-0.000086,-0.000280,0.018309,0.047700,0.222833,4.762266,20.515006,5,0,0.000000,1,0.494189,0.868391,1,-1,0,none
10.566898,1.294000,0.756000,1.532000,1.419088,0.808137,1.648240,1.500455,0.769114,1.452917,0.000892,-0.026695,0.025643,0.999314,-0.031217,0.621458,-0.058154,-0.000142,-0.000291,0.016637,0.178541,0.221471,7.229880,16.266236,3,0,0.000000,1,0.698246,1.449023,1,-1,2,anchor6:6-7;5-6
10.583614,1.287000,0.770000,1.532000,1.292603,0.817204,1.365099,1.481432,0.782646,1.446718,0.000191,-0.028031,0.025275,0.999287,-0.059900,0.623726,-0.061623,-0.000119,-0.000322,0.017314,0.173538,0.212690,3.065685,20.515006,5,0,0.000000,1,0.492159,0.864747,1,-1,0,none
10.600203,1.282000,0.777000,1.531000,1.325013,0.793550,1.449748,1.467320,0.792776,1.445985,0.000370,-0.029295,0.025239,0.999252,-0.081114,0.624824,-0.060665,-0.000045,-0.000343,0.017270,0.093412,0.204499,-8183.917057,20.515006,5,0,0.000000,1,0.763759,1.946804,1,-1,0,none
10.616807,1.277000,0.786000,1.531000,1.577374,0.846622,1.681995,1.475288,0.806538,1.458558,0.001229,-0.028835,0.025041,0.999270,-0.068779,0.628701,-0.044872,-0.000118,-0.000342,0.015461,0.341613,0.212103,0.134277,13.815511,2,0,0.000000,1,0.933524,1.344248,1,2,2,anchor6:6-7;5-6
10.650031,1.264000,0.807000,1.531000,1.383774,0.879525,1.326550,1.465368,0.831575,1.449535,0.003545,-0.028748,0.025213,0.999262,-0.084795,0.631713,-0.049126,-0.000072,-0.000373,0.016444,0.247801,0.218608,16.050100,16.266236,3,0,0.000000,1,0.640645,1.462931,1,-1,2,anchor2:1-2;2-3
10.666679,1.259000,0.817000,1.530000,1.305180,0.832651,1.455736,1.451467,0.841001,1.449770,0.004548,-0.029690,0.024994,0.999236,-0.106354,0.627770,-0.048909,0.000032,-0.000393,0.016458,0.088841,0.209896,-1833620912639995.000000,20.515006,5,0,0.000000,1,0.576136,0.666807,1,-1,0,none
10.683320,1.252000,0.828000,1.530000,1.370772,0.873245,1.262776,1.443316,0.853092,1.438103,0.005069,-0.030199,0.025169,0.999214,-0.117507,0.623745,-0.058992,0.000128,-0.000420,0.017709,0.295909,0.213721,5.878518,16.266236,3,0,0.000000,1,0.643109,1.458968,1,-1,2,anchor2:1-2;2-3
10.699879,1.246000,0.837000,1.530000,1.339835,0.917150,1.693779,1.434021,0.866888,1.450946,0.005284,-0.030513,0.025040,0.999207,-0.131902,0.622641,-0.044119,0.000171,-0.000451,0.015841,0.205068,0.206143,12.389245,16.266236,3,0,0.000000,1,0.706614,1.489680,1,-1,2,anchor6:6-7;5-6
10.716506,1.241000,0.845000,1.530000,1.300295,0.914394,1.594476,1.422225,0.879539,1.457713,0.004852,-0.030742,0.024598,0.999213,-0.149700,0.621065,-0.036509,0.000197,-0.000475,0.014802,0.111752,0.198143,14.277564,16.266236,3,0,0.000000,1,0.698122,1.487754,1,-1,2,anchor6:6-7;5-6
10.733228,1.232000,0.857000,1.530000,1.264703,0.847098,1.483607,1.408521,0.886437,1.458579,0.004437,-0.031221,0.024247,0.999209,-0.170941,0.610899,-0.032757,0.000250,-0.000475,0.014622,0.057618,0.192684,14.068606,20.515006,5,0,0.000000,1,0.491170,0.867286,1,-1,0,none
10.749816,1.226000,0.866000,1.529000,1.311945,0.891559,1.255531,1.398910,0.896128,1.447751,0.003981,-0.032225,0.024337,0.999176,-0.184974,0.606272,-0.044658,0.000321,-0.000494,0.016001,0.287794,0.193409,3.553842,16.266236,3,0,0.000000,1,0.637969,1.441907,1,-1,2,anchor2:1-2;2-3
10.783005,1.213000,0.886000,1.529000,1.199309,0.918637,1.446136,1.378529,0.916020,1.445567,0.003646,-0.034378,0.024146,0.999111,-0.216795,0.603913,-0.044974,0.000399,-0.000517,0.015884,0.090106,0.187783,5.056262,18.466827,4,0,0.000000,1,0.395101,0.682589,1,1,0,none
10.799648,1.206000,0.895000,1.528000,1.256062,0.923738,1.325564,1.366118,0.925719,1.438654,0.003650,-0.035585,0.023193,0.999091,-0.243535,0.598541,-0.050398,0.000387,-0.000520,0.016674,0.210505,0.185914,6.327192,18.466827,4,0,0.000000,1,0.663817,0.850890,1,3,0,none
10.816372,1.198000,0.905000,1.528000,1.280716,0.971744,1.321770,1.356252,0.938077,1.432012,0.003308,-0.035904,0.023400,0.999076,-0.257229,0.598110,-0.052139,0.000422,-0.000547,0.017445,0.232007,0.188020,11.899723,16.266236,3,0,0.000000,1,0.634151,1.427055,1,-1,2,anchor2:1-2;2-3
10.832905,1.191000,0.913000,1.529000,1.225196,0.893424,1.594424,1.343519,0.944079,1.439155,0.003455,-0.036523,0.023120,0.999059,-0.275996,0.586915,-0.043382,0.000528,-0.000542,0.016338,0.076373,0.179722,-310889680900081.500000,20.515006,5,0,0.000000,1,0.477979,1.055896,1,-1,0,none
10.849504,1.185000,0.921000,1.528000,1.427393,0.884725,1.650572,1.345342,0.948546,1.448759,0.002763,-0.035085,0.022657,0.999124,-0.273100,0.576196,-0.031695,0.000494,-0.000497,0.014953,0.274033,0.180963,1.792502,13.815511,2,0,0.000000,1,0.748009,1.314426,1,0,2,anchor2:1-2;2-3
10.866128,1.176000,0.933000,1.528000,1.144659,0.998292,1.491004,1.327736,0.960595,1.450016,0.002340,-0.035296,0.022758,0.999115,-0.298713,0.581383,-0.027646,0.000530,-0.000525,0.014611,0.081327,0.172820,-3667258268485628.000000,20.515006,5,0,0.000000,1,0.391336,0.885168,1,-1,0,none
10.899422,1.160000,0.950000,1.528000,1.246908,1.030656,1.277200,1.312479,0.983381,1.440680,0.002420,-0.034799,0.021731,0.999155,-0.320694,0.579269,-0.038272,0.000558,-0.000562,0.015756,0.277414,0.178854,5.419813,16.266236,3,0,0.000000,1,0.636302,1.411443,1,-1,2,anchor2:1-2;2-3
10.916012,1.154000,0.958000,1.528000,1.344482,1.024623,1.561365,1.310096,0.994605,1.445889,0.001497,-0.033224,0.021752,0.999210,-0.317403,0.576457,-0.031242,0.000536,-0.000565,0.014943,0.204537,0.180134,1.784916,13.815511,2,0,0.000000,1,0.920231,1.416418,1,2,2,anchor6:6-7;5-6
10.932654,1.147000,0.967000,1.528000,1.258993,1.051873,1.294236,1.301696,1.007147,1.438201,0.001499,-0.031983,0.021961,0.999246,-0.327880,0.581094,-0.039745,0.000555,-0.000595,0.015925,0.272748,0.183321,8.575569,16.266236,3,0,0.000000,1,0.637571,1.412839,1,-1,2,anchor2:1-2;2-3
10.949281,1.140000,0.974000,1.528000,1.270851,0.972571,1.376815,1.294618,1.013604,1.434738,0.003076,-0.031408,0.022331,0.999252,-0.332847,0.573541,-0.042217,0.000572,-0.000583,0.016326,0.199953,0.184859,26.338781,18.466827,4,1,0.000000,1,0.664890,0.856416,1,3,0,none
10.965941,1.131000,0.985000,1.528000,1.268078,0.971032,1.378355,1.287696,1.019570,1.431410,0.004281,-0.030944,0.021951,0.999271,-0.340828,0.563961,-0.048428,0.000589,-0.000567,0.016683,0.203419,0.187292,8.047740,16.266236,3,0,0.000000,1,0.616981,0.921597,1,-1,2,anchor1:0-1;1-2
10.999118,1.116000,0.999000,1.528000,1.073668,1.048710,1.482321,1.262451,1.038574,1.432480,0.004993,-0.032025,0.022343,0.999225,-0.371275,0.554980,-0.049275,0.000650,-0.000593,0.016646,0.079684,0.179271,11.187766,18.466827,4,0,0.000000,1,0.375324,0.699008,1,5,0,none
11.032417,1.097000,1.020000,1.528000,1.082053,1.067307,1.500347,1.238080,1.057499,1.434392,0.005492,-0.032800,0.021955,0.999206,-0.402120,0.544631,-0.049566,0.000713,-0.000613,0.016083,0.056798,0.173414,7.985122,18.466827,4,0,0.000000,1,0.374839,0.699707,1,5,0,none
11.082222,1.073000,1.044000,1.528000,1.150997,1.068528,1.388741,1.212773,1.082889,1.429413,0.005070,-0.030457,0.023003,0.999259,-0.420532,0.531295,-0.053602,0.000748,-0.000617,0.016363,0.161487,0.175409,1.315960,18.466827,4,0,0.000000,1,0.660831,0.856808,1,3,0,none
11.198613,1.015000,1.095000,1.527000,1.225265,1.113702,1.554477,1.170274,1.139866,1.431547,0.005040,-0.025021,0.024758,0.999368,-0.418128,0.495874,-0.040962,0.000699,-0.000571,0.015204,0.212876,0.187708,1.163405,13.815511,2,0,0.000000,1,0.755935,1.418480,1,0,2,anchor2:1-2;2-3
11.215226,1.007000,1.103000,1.526000,1.030231,1.127543,1.414248,1.150088,1.145695,1.430068,0.004244,-0.025441,0.024315,0.999372,-0.441274,0.487494,-0.040422,0.000786,-0.000583,0.015332,0.116750,0.177482,-8578052046620662.000000,20.515006,5,0,0.000000,1,0.429973,0.662400,1,-1,0,none
11.231870,0.998000,1.110000,1.526000,1.033008,1.126837,1.485498,1.132452,1.150995,1.432966,0.003539,-0.025894,0.024025,0.999370,-0.464102,0.484565,-0.036875,0.000850,-0.000579,0.014867,0.056120,0.168563,7.857925,18.466827,4,0,0.000000,1,0.384853,0.663199,1,1,0,none
11.248522,0.990000,1.117000,1.526000,0.987127,1.141094,1.455504,1.111981,1.157374,1.433087,0.003352,-0.026381,0.023718,0.999365,-0.486824,0.479559,-0.034852,0.000874,-0.000582,0.014583,0.074556,0.158563,4.123765,18.466827,4,0,0.000000,1,0.370982,0.701983,1,5,0,none
11.265143,0.982000,1.123000,1.526000,1.124686,1.140286,1.349278,1.105660,1.162980,1.427918,0.003331,-0.026555,0.024123,0.999351,-0.484468,0.471965,-0.041307,0.000870,-0.000577,0.015270,0.227791,0.162820,2.907979,18.466827,4,0,0.000000,1,0.660657,0.859247,1,3,0,none
11.281711,0.972000,1.131000,1.526000,1.035819,1.138711,1.399756,1.092632,1.167663,1.425647,0.003306,-0.027492,0.024112,0.999326,-0.496180,0.461380,-0.046558,0.000907,-0.000573,0.015482,0.141668,0.161143,6.044719,18.466827,4,0,0.000000,1,0.661243,1.051228,1,0,0,none
11.348276,0.939000,1.156000,1.525000,0.999952,1.136085,1.481520,1.054238,1.191752,1.425885,0.001105,-0.030242,0.024365,0.999245,-0.516929,0.438260,-0.048233,0.001013,-0.000533,0.014937,0.077474,0.156147,10.673838,16.266236,3,0,0.000000,1,0.616753,1.338531,1,-1,2,anchor2:1-2;2-3
11.431339,0.895000,1.189000,1.524000,0.947129,1.216188,1.334354,1.003522,1.226358,1.415931,-0.000878,-0.034733,0.024379,0.999099,-0.552133,0.428086,-0.054326,0.001067,-0.000553,0.015739,0.198550,0.157643,-4289026023310321.500000,20.515006,5,0,0.000000,1,0.553720,1.245045,1,-1,0,none
11.464638,0.876000,1.201000,1.524000,0.926888,1.212229,1.344589,0.978677,1.237167,1.409603,-0.002606,-0.035051,0.024257,0.999088,-0.570746,0.421994,-0.055979,0.001181,-0.000560,0.016261,0.186826,0.157915,6.201182,20.515006,5,0,0.000000,1,0.473886,0.858750,1,-1,0,none
11.497918,0.856000,1.214000,1.524000,0.896736,1.185476,1.411270,0.953217,1.243622,1.407918,-0.003026,-0.037080,0.023256,0.999037,-0.590090,0.411751,-0.054867,0.001273,-0.000522,0.016197,0.123212,0.154284,-7930905265971202.000000,20.515006,5,0,0.000000,1,0.512595,1.609938,1,-1,0,none
11.580919,0.811000,1.243000,1.523000,0.840630,1.265672,1.384881,0.895280,1.276132,1.402236,-0.004322,-0.038176,0.022572,0.999007,-0.638811,0.418879,-0.046263,0.001324,-0.000528,0.016357,0.143070,0.150946,2.649107,18.466827,4,0,0.000000,1,0.377105,0.703917,1,5,0,none
11.597588,0.800000,1.250000,1.523000,0.840630,1.265672,1.384881,0.895280,1.276132,1.402236,-0.004322,-0.038176,0.022572,0.999007,-0.638811,0.418879,-0.046263,0.001324,-0.000528,0.016357,0.144822,0.156029,-2290447891173366.000000,20.515006,5,0,0.000000,1,1.642972,3.189463,0,-1,0,none
11.614225,0.791000,1.255000,1.523000,0.830737,1.283672,1.394995,0.868628,1.289229,1.400167,-0.003497,-0.037280,0.022197,0.999052,-0.658226,0.422052,-0.044832,0.001356,-0.000531,0.016389,0.137064,0.149284,4.725870,18.466827,4,0,0.000000,1,0.377872,0.704178,1,5,0,none
11.630874,0.783000,1.261000,1.523000,0.823608,1.275068,1.484886,0.853971,1.293883,1.405259,-0.002696,-0.037924,0.022259,0.999029,-0.665953,0.415117,-0.040063,0.001373,-0.000500,0.015523,0.057442,0.141355,-310894194724863.375000,20.515006,5,0,0.000000,1,0.458866,1.252338,1,-1,0,none
11.647425,0.771000,1.269000,1.523000,0.791164,1.274946,1.448945,0.837891,1.297736,1.407455,-0.002146,-0.039059,0.022162,0.998989,-0.680001,0.410720,-0.040224,0.001404,-0.000480,0.015072,0.076981,0.136568,-456822464716790.000000,20.515006,5,0,0.000000,1,0.477754,1.374239,1,-1,0,none
11.664044,0.762000,1.274000,1.523000,0.778239,1.313052,1.423946,0.821973,1.305258,1.407830,-0.001906,-0.040286,0.021828,0.998948,-0.693656,0.411948,-0.039472,0.001429,-0.000487,0.014892,0.107705,0.133559,-1624248624673018.000000,20.515006,5,0,0.000000,1,0.366455,0.734304,1,-1,0,none
11.680735,0.753000,1.280000,1.523000,0.757842,1.253719,1.588311,0.805815,1.306507,1.418382,-0.001297,-0.041167,0.021738,0.998915,-0.710054,0.405125,-0.027458,0.001451,-0.000420,0.013244,0.070567,0.120154,14.747440,20.515006,5,0,0.000000,1,0.469432,0.865873,1,-1,0,none
11.697392,0.741000,1.287000,1.523000,0.778001,1.311318,1.492079,0.795950,1.311247,1.422449,-0.001383,-0.041113,0.021711,0.998918,-0.720534,0.405414,-0.023336,0.001456,-0.000404,0.012584,0.054005,0.117123,0.570858,18.466827,4,0,0.000000,1,0.597129,1.012862,1,4,0,none
11.713964,0.732000,1.292000,1.523000,0.693979,1.340485,1.372783,0.776579,1.319590,1.419015,-0.001035,-0.041274,0.021160,0.998923,-0.738703,0.408389,-0.027746,0.001497,-0.000433,0.012945,0.162362,0.116454,1.400785,18.466827,4,0,0.000000,1,0.370457,0.684669,1,1,0,none
11.730568,0.723000,1.297000,1.523000,0.705995,1.345163,1.452060,0.759817,1.327751,1.420388,-0.000685,-0.041037,0.021025,0.998936,-0.752209,0.409911,-0.027306,0.001520,-0.000440,0.012650,0.087415,0.113271,1.962668,18.466827,4,0,0.000000,1,0.371000,0.684302,1,1,0,none
11.763882,0.701000,1.310000,1.523000,0.705995,1.345163,1.452060,0.759817,1.327751,1.420388,-0.000685,-0.041037,0.021025,0.998936,-0.752209,0.409911,-0.027306,0.001520,-0.000440,0.012650,0.079334,0.119599,-9650305408897022.000000,20.515006,5,0,0.000000,1,1.135780,1.666067,0,-1,0,none
11.780513,0.688000,1.316000,1.523000,0.684697,1.365121,1.467503,0.718508,1.349810,1.421831,0.001233,-0.039093,0.021163,0.999011,-0.775799,0.407272,-0.025194,0.001533,-0.000441,0.012224,0.074187,0.110946,1.179690,18.466827,4,0,0.000000,1,0.371819,0.687146,1,1,0,none
11.797056,0.679000,1.321000,1.523000,0.659980,1.378763,1.385391,0.707892,1.355183,1.419478,0.001092,-0.038744,0.020814,0.999032,-0.787793,0.410986,-0.028987,0.001555,-0.000464,0.012494,0.150448,0.112783,3.537387,18.466827,4,0,0.000000,1,0.383675,0.703216,1,5,0,none
11.813711,0.669000,1.327000,1.523000,0.659514,1.380748,1.530690,0.692431,1.363412,1.425236,0.001427,-0.037900,0.020583,0.999069,-0.797003,0.412906,-0.022073,0.001565,-0.000455,0.011605,0.055118,0.106924,6.980692,20.515006,5,0,0.000000,1,0.465380,0.857631,1,-1,0,none
11.830359,0.657000,1.334000,1.522000,0.716808,1.347434,1.470866,0.682464,1.368341,1.427430,0.002773,-0.036974,0.020966,0.999092,-0.797234,0.410682,-0.020444,0.001550,-0.000435,0.011265,0.079826,0.103784,-24566769314613248.000000,20.515006,5,0,0.000000,1,0.909196,1.773553,1,-1,0,none
11.847016,0.647000,1.339000,1.522000,0.716808,1.347434,1.470866,0.682464,1.368341,1.427430,0.002773,-0.036974,0.020966,0.999092,-0.797234,0.410682,-0.020444,0.001550,-0.000435,0.011265,0.086942,0.105176,-767711984403452.500000,20.515006,5,0,0.000000,1,1.056717,1.663436,0,-1,0,none
11.863584,0.637000,1.344000,1.522000,0.639620,1.323142,1.635630,0.655495,1.376975,1.438298,0.005158,-0.035890,0.021330,0.999115,-0.805944,0.401629,-0.007770,0.001548,-0.000375,0.009619,0.115559,0.091845,3.642522,18.466827,4,0,0.000000,1,0.593258,1.008873,1,4,0,none
11.896869,0.615000,1.356000,1.522000,0.612715,1.413112,1.564896,0.627662,1.392121,1.445122,0.007454,-0.035547,0.021587,0.999107,-0.819644,0.403251,-0.000212,0.001543,-0.000362,0.008611,0.071463,0.085879,-7930909296169470.000000,20.515006,5,0,0.000000,1,0.549833,1.562389,1,-1,0,none
11.930113,0.592000,1.368000,1.522000,0.580442,1.418144,1.575342,0.598733,1.406520,1.452487,0.008222,-0.034618,0.021651,0.999132,-0.835966,0.399089,0.009430,0.001538,-0.000346,0.007557,0.074118,0.079757,6.944411,20.515006,5,0,0.000000,1,0.463643,0.857068,1,-1,0,none
11.963331,0.572000,1.377000,1.522000,0.538258,1.424815,1.490357,0.568416,1.420034,1.454924,0.008290,-0.034052,0.021319,0.999158,-0.850379,0.398880,0.012148,0.001548,-0.000344,0.007234,0.066529,0.079775,5.127789,18.466827,4,0,0.000000,1,0.374542,0.707882,1,1,0,none
11.979986,0.558000,1.383000,1.522000,0.544842,1.422099,1.467513,0.559139,1.423663,1.455702,0.008799,-0.034175,0.021582,0.999144,-0.854028,0.398198,0.012730,0.001553,-0.000342,0.007128,0.068343,0.077783,3.509998,18.466827,4,0,0.000000,1,0.641139,0.824614,1,3,0,none
11.996645,0.549000,1.387000,1.522000,0.544988,1.460461,1.542471,0.545071,1.432654,1.460580,0.008750,-0.034216,0.021666,0.999141,-0.864697,0.401102,0.015377,0.001542,-0.000341,0.006469,0.076365,0.076630,1.881486,18.466827,4,0,0.000000,1,0.375973,0.707442,1,1,0,none
12.013154,0.536000,1.393000,1.522000,0.544988,1.460461,1.542471,0.545071,1.432654,1.460580,0.008750,-0.034216,0.021666,0.999141,-0.864697,0.401102,0.015377,0.001542,-0.000341,0.006469,0.071069,0.073669,-317242255964286.625000,20.515006,5,0,0.000000,1,0.347786,-nan,0,-1,0,none
12.029793,0.525000,1.398000,1.521000,0.511131,1.479116,1.473819,0.516311,1.448354,1.461809,0.009056,-0.033290,0.021399,0.999176,-0.871988,0.399058,0.016763,0.001541,-0.000353,0.006373,0.094859,0.078196,-1268952902963712.500000,20.515006,5,0,0.000000,1,0.539945,0.636503,1,-1,0,none
12.046477,0.512000,1.404000,1.521000,0.497612,1.391737,1.603028,0.501921,1.449873,1.469557,0.009068,-0.033000,0.021021,0.999193,-0.877061,0.386242,0.020342,0.001530,-0.000309,0.005279,0.084178,0.069659,6.441347,18.466827,4,0,0.000000,1,0.589267,0.988930,1,4,0,none
12.063072,0.502000,1.408000,1.521000,0.529378,1.456083,1.518947,0.490772,1.456222,1.472536,0.008719,-0.032502,0.020487,0.999224,-0.873752,0.385375,0.025447,0.001508,-0.000300,0.004929,0.055369,0.069283,-536126681139196.812500,20.515006,5,0,0.000000,1,0.336417,0.713445,1,-1,0,none
12.079690,0.492000,1.413000,1.521000,0.471457,1.438499,1.468049,0.476597,1.460491,1.472663,0.009518,-0.032536,0.021038,0.999204,-0.878901,0.382456,0.024227,0.001512,-0.000292,0.004958,0.062257,0.069492,8.393699,20.515006,5,0,0.000000,1,0.461269,0.850662,1,-1,0,none
12.096281,0.479000,1.418000,1.521000,0.450492,1.442124,1.502206,0.461686,1.464784,1.474507,0.010712,-0.032696,0.021000,0.999187,-0.885760,0.376299,0.026627,0.001514,-0.000279,0.004736,0.041808,0.068191,-1072259125455422.000000,20.515006,5,0,0.000000,1,0.439448,0.776781,1,-1,0,none
12.112951,0.468000,1.422000,1.521000,0.449119,1.486066,1.513007,0.447469,1.471954,1.476848,0.010721,-0.032046,0.020963,0.999209,-0.890958,0.375617,0.030085,0.001507,-0.000280,0.004467,0.067266,0.069759,5.820361,20.515006,5,0,0.000000,1,0.460990,0.849081,1,-1,0,none
12.129595,0.458000,1.426000,1.521000,0.439696,1.445635,1.490283,0.433346,1.475830,1.478003,0.011437,-0.031736,0.020401,0.999223,-0.894372,0.371944,0.034861,0.001505,-0.000266,0.004373,0.040793,0.070282,5.955633,20.515006,5,0,0.000000,1,0.460825,0.850295,1,-1,0,none
12.146204,0.445000,1.431000,1.521000,0.423735,1.467579,1.471064,0.419655,1.480628,1.478200,0.012393,-0.030794,0.020537,0.999238,-0.899224,0.366454,0.035628,0.001505,-0.000261,0.004424,0.065451,0.070265,-317236714413763.500000,20.515006,5,0,0.000000,1,0.388069,0.860784,1,-1,0,none
12.162765,0.434000,1.435000,1.520000,0.425980,1.522455,1.489899,0.406799,1.488844,1.479329,0.012990,-0.030249,0.020311,0.999252,-0.901112,0.365991,0.037513,0.001494,-0.000273,0.004363,0.092837,0.072754,6.048352,20.515006,5,0,0.000000,1,0.460622,0.845759,1,-1,0,none
12.196045,0.411000,1.444000,1.520000,0.406766,1.435411,1.522134,0.379140,1.496238,1.482661,0.015223,-0.028366,0.020330,0.999275,-0.902224,0.351597,0.043629,0.001478,-0.000240,0.004068,0.009811,0.071681,9.304600,18.466827,4,0,0.000000,1,0.585986,0.971324,1,4,0,none
12.212722,0.401000,1.448000,1.520000,0.411868,1.443976,1.474235,0.367520,1.497978,1.482970,0.016582,-0.027315,0.020625,0.999277,-0.896656,0.341073,0.043328,0.001463,-0.000215,0.004142,0.047210,0.070640,8.469675,20.515006,5,0,0.000000,1,0.460399,0.849206,1,-1,0,none
12.229319,0.390000,1.451000,1.520000,0.400372,1.440445,1.528380,0.356661,1.499021,1.485769,0.017945,-0.026505,0.020365,0.999280,-0.892271,0.327456,0.044969,0.001439,-0.000182,0.003839,0.017006,0.067744,1.744178,18.466827,4,0,0.000000,1,0.585997,0.970530,1,4,0,none
12.245939,0.377000,1.456000,1.520000,0.394013,1.480551,1.465714,0.345821,1.502607,1.485565,0.019306,-0.025994,0.020256,0.999270,-0.887122,0.318312,0.045519,0.001424,-0.000174,0.003999,0.061961,0.065804,3.623507,18.466827,4,0,0.000000,1,0.587091,0.963385,1,4,0,none
12.262547,0.367000,1.459000,1.520000,0.368691,1.467587,1.378664,0.333835,1.504998,1.481351,0.020032,-0.025179,0.020357,0.999275,-0.884170,0.306224,0.038478,0.001435,-0.000171,0.004741,0.141607,0.068625,2.883087,18.466827,4,0,0.000000,1,0.585789,0.775907,1,7,0,none
12.279220,0.356000,1.463000,1.520000,0.346843,1.407851,1.574919,0.321170,1.503323,1.486182,0.021373,-0.025349,0.020199,0.999246,-0.879209,0.289301,0.043182,0.001406,-0.000113,0.004104,0.078366,0.063109,10.652169,16.266236,3,0,0.000000,1,0.600472,1.124739,1,-1,2,anchor2:1-2;2-3
12.295774,0.344000,1.467000,1.520000,0.373729,1.500465,1.406541,0.311632,1.507317,1.483289,0.021366,-0.024724,0.020185,0.999262,-0.873298,0.284536,0.038487,0.001399,-0.000121,0.004668,0.121970,0.063410,-25696071399757960.000000,20.515006,5,0,0.000000,1,0.676121,1.703969,1,-1,0,none
12.329093,0.319000,1.473000,1.520000,0.304768,1.523627,1.411548,0.284435,1.516869,1.481188,0.022078,-0.024734,0.019994,0.999250,-0.871652,0.270827,0.032912,0.001409,-0.000135,0.005185,0.120530,0.068011,5.025279,18.466827,4,0,0.000000,1,0.390567,0.897789,1,2,0,none
12.378848,0.287000,1.483000,1.519000,0.304768,1.523627,1.411548,0.284435,1.516869,1.481188,0.022078,-0.024734,0.019994,0.999250,-0.871652,0.270827,0.032912,0.001409,-0.000135,0.005185,0.116242,0.050827,-16194.551986,20.515006,5,0,0.000000,1,0.592853,2.147242,0,-1,0,none
12.412189,0.267000,1.488000,1.518000,0.231183,1.469277,1.174971,0.213594,1.532389,1.467520,0.023713,-0.023676,0.020130,0.999236,-0.868767,0.234614,0.013954,0.001507,-0.000141,0.007649,0.345402,0.085854,7.350989,16.266236,3,0,0.000000,1,0.701257,1.668388,1,-1,2,anchor6:6-7;5-6
12.428825,0.257000,1.491000,1.518000,0.260900,1.525302,1.345469,0.204119,1.535274,1.461500,0.024368,-0.023463,0.020129,0.999225,-0.858239,0.225341,0.008639,0.001514,-0.000152,0.008659,0.175951,0.089156,5.078745,20.515006,5,0,0.000000,1,0.458846,0.836300,1,-1,0,none
12.445389,0.244000,1.494000,1.518000,0.260932,1.497348,1.328393,0.196055,1.535425,1.454897,0.025501,-0.023090,0.020042,0.999207,-0.848880,0.211685,0.002567,0.001520,-0.000146,0.009710,0.190391,0.089424,-228407605185597.500000,20.515006,5,0,0.000000,1,0.724583,1.390797,1,-1,0,none
12.461972,0.234000,1.496000,1.518000,0.167649,1.424178,1.572253,0.181393,1.530102,1.460723,0.026849,-0.022907,0.019819,0.999180,-0.850860,0.189224,0.010406,0.001489,-0.000053,0.008784,0.111822,0.084918,3.643626,16.266236,3,0,0.000000,1,0.597623,1.072345,1,-1,2,anchor2:1-2;2-3
12.478690,0.221000,1.498000,1.518000,0.233400,1.512767,1.385776,0.172425,1.531521,1.457220,0.027228,-0.022374,0.020153,0.999176,-0.840810,0.174472,0.007311,0.001478,-0.000053,0.009368,0.133623,0.084720,-1027837306422148.000000,20.515006,5,0,0.000000,1,0.438808,1.149585,1,-1,0,none
12.495350,0.211000,1.500000,1.518000,0.198181,1.554427,1.401546,0.161500,1.535776,1.454673,0.027475,-0.022324,0.020329,0.999166,-0.838781,0.172036,0.005628,0.001476,-0.000074,0.009802,0.129182,0.087980,7.177816,20.515006,5,0,0.000000,1,0.458490,0.832742,1,-1,0,none
12.511976,0.202000,1.502000,1.518000,0.209272,1.581451,1.440444,0.152033,1.541631,1.454150,0.027519,-0.022313,0.020547,0.999161,-0.829063,0.166502,0.006986,0.001444,-0.000101,0.009940,0.111267,0.090245,1.238914,20.515006,5,0,0.000000,1,0.458617,0.832728,1,-1,0,none
12.528497,0.192000,1.503000,1.518000,0.102678,1.580463,1.265528,0.136315,1.546624,1.445338,0.027410,-0.023178,0.020640,0.999142,-0.830818,0.161492,-0.003287,0.001539,-0.000153,0.011299,0.278785,0.101408,1.200119,16.266236,3,0,0.000000,1,0.918110,1.699937,1,-1,2,anchor7:6-7;7-0
12.545179,0.179000,1.505000,1.518000,0.171621,1.577449,1.360707,0.126270,1.551069,1.441368,0.026903,-0.023784,0.020805,0.999138,-0.822770,0.154721,-0.006744,0.001542,-0.000181,0.011928,0.173333,0.103804,4.683744,18.466827,4,0,0.000000,1,0.396872,0.684045,1,5,0,none
12.561831,0.166000,1.507000,1.518000,0.170513,1.595889,1.346710,0.116714,1.556397,1.436912,0.025812,-0.023921,0.020905,0.999162,-0.821945,0.155853,-0.013273,0.001544,-0.000218,0.012627,0.193033,0.106978,1.604391,18.466827,4,0,0.000000,1,0.381516,0.757030,1,1,0,none
12.578428,0.157000,1.508000,1.518000,0.167921,1.532694,1.384006,0.107496,1.557123,1.434276,0.025075,-0.024290,0.020922,0.999171,-0.811471,0.144742,-0.016411,0.001527,-0.000207,0.013012,0.136688,0.108965,2.519995,20.515006,5,0,0.000000,1,0.458321,0.832057,1,-1,0,none
12.595039,0.148000,1.509000,1.518000,0.056040,1.670669,1.199156,0.092122,1.566617,1.423432,0.024381,-0.025259,0.021187,0.999159,-0.816725,0.153664,-0.028069,0.001646,-0.000304,0.014658,0.369128,0.124037,2.346190,16.266236,3,0,0.000000,1,0.944224,1.731325,1,-1,2,anchor7:6-7;7-0
12.611589,0.134000,1.510000,1.518000,0.148857,1.600241,1.316089,0.083580,1.571015,1.418215,0.023682,-0.025652,0.021176,0.999166,-0.807542,0.148037,-0.033589,0.001646,-0.000332,0.015424,0.221658,0.127366,1.054691,18.466827,4,0,0.000000,1,0.381825,0.759765,1,1,0,none
12.628285,0.128000,1.510000,1.518000,0.038710,1.507586,1.087603,0.068361,1.568945,1.402975,0.024024,-0.026412,0.020926,0.999143,-0.806861,0.131623,-0.049433,0.001805,-0.000317,0.017656,0.439568,0.142345,3.790046,16.266236,3,0,0.000000,1,0.700722,1.670519,1,-1,2,anchor6:6-7;5-6
12.644897,0.115000,1.511000,1.518000,0.129296,1.551635,1.348674,0.059796,1.569763,1.399796,0.024205,-0.027227,0.021030,0.999115,-0.802289,0.122960,-0.054698,0.001775,-0.000303,0.017771,0.174719,0.143083,4.742994,18.466827,4,0,0.000000,1,0.631946,0.785099,1,3,0,none
12.661510,0.103000,1.512000,1.518000,0.032045,1.606647,1.209912,0.046227,1.573740,1.390691,0.023530,-0.028226,0.021292,0.999098,-0.802847,0.117777,-0.063398,0.001864,-0.000344,0.019050,0.330016,0.152455,1.267846,16.266236,3,0,0.000000,1,0.937347,1.730752,1,-1,2,anchor7:6-7;7-0
12.678129,0.093000,1.512000,1.518000,0.033098,1.502002,1.232759,0.033343,1.570959,1.382799,0.023488,-0.029091,0.021204,0.999076,-0.805770,0.104287,-0.070944,0.001930,-0.000305,0.020077,0.291634,0.159105,8.831444,16.266236,3,0,0.000000,1,0.701987,1.665574,1,-1,2,anchor6:6-7;5-6
12.694767,0.084000,1.513000,1.518000,-0.045034,1.642040,1.196177,0.016234,1.576798,1.373694,0.023076,-0.030201,0.021116,0.999054,-0.816869,0.104949,-0.078977,0.002050,-0.000369,0.021311,0.369961,0.171717,11.233476,16.266236,3,0,0.000000,1,0.953865,1.762144,1,-1,2,anchor7:6-7;7-0
12.711436,0.071000,1.513000,1.518000,-0.009068,1.627907,1.180739,0.005127,1.581008,1.364616,0.023213,-0.030694,0.021217,0.999034,-0.821619,0.105670,-0.086736,0.002137,-0.000417,0.022582,0.365185,0.180252,1.610672,16.266236,3,0,0.000000,1,0.949470,1.749665,1,-1,2,anchor7:6-7;7-0
12.728008,0.061000,1.513000,1.518000,-0.044838,1.665928,1.154236,-0.010679,1.587654,1.354426,0.022677,-0.031117,0.021360,0.999030,-0.830404,0.104781,-0.096285,0.002263,-0.000471,0.023966,0.408550,0.193565,1.390319,16.266236,3,0,0.000000,1,0.963207,1.768978,1,-1,2,anchor7:6-7;7-0
12.761299,0.038000,1.513000,1.518000,-0.108419,1.619659,1.227821,-0.042378,1.592583,1.345920,0.020670,-0.031875,0.021025,0.999057,-0.843039,0.095233,-0.103462,0.002365,-0.000499,0.024796,0.342080,0.205926,1.766288,16.266236,3,0,0.000000,1,0.954640,1.777784,1,-1,2,anchor7:6-7;7-0
12.794561,0.016000,1.512000,1.517000,-0.108419,1.619659,1.227821,-0.042378,1.592583,1.345920,0.020670,-0.031875,0.021025,0.999057,-0.843039,0.095233,-0.103462,0.002365,-0.000499,0.024796,0.332709,0.197914,-57102566277367.875000,20.515006,5,0,0.000000,1,0.455134,3.114681,0,-1,0,none
12.811072,0.006000,1.512000,1.517000,-0.050251,1.609860,1.265538,-0.081630,1.597804,1.337212,0.018161,-0.032858,0.020762,0.999079,-0.854403,0.086227,-0.112932,0.002370,-0.000510,0.025357,0.275633,0.217635,0.191687,16.266236,3,0,0.000000,1,0.940402,1.754122,1,-1,2,anchor7:6-7;7-0
12.827693,-0.003000,1.511000,1.517000,-0.099302,1.655318,1.191400,-0.095748,1.602965,1.328813,0.016929,-0.032379,0.020728,0.999117,-0.859666,0.089313,-0.120913,0.002414,-0.000556,0.026414,0.368941,0.229072,1.068499,16.266236,3,0,0.000000,1,0.963624,1.782590,1,-1,2,anchor7:6-7;7-0
12.844380,-0.016000,1.510000,1.517000,-0.028723,1.537670,1.389974,-0.100353,1.599555,1.330241,0.016673,-0.031731,0.020565,0.999146,-0.850788,0.077629,-0.117231,0.002330,-0.000504,0.025971,0.130626,0.223639,-1833627763974389.000000,20.515006,5,0,0.000000,1,0.403652,0.670528,1,-1,0,none
12.860983,-0.026000,1.509000,1.517000,-0.084133,1.601814,1.248370,-0.112418,1.600868,1.324762,0.016044,-0.031071,0.020337,0.999181,-0.854264,0.078809,-0.121233,0.002343,-0.000505,0.026540,0.290097,0.229920,2.378903,16.266236,3,0,0.000000,1,0.946110,1.765618,1,-1,2,anchor7:6-7;7-0
12.877683,-0.039000,1.508000,1.517000,-0.127732,1.543479,1.261539,-0.126750,1.598264,1.319993,0.015778,-0.030941,0.019997,0.999197,-0.854402,0.068905,-0.123536,0.002371,-0.000463,0.026951,0.272750,0.233793,8.213582,16.266236,3,0,0.000000,1,0.702739,1.659430,1,-1,2,anchor6:6-7;5-6
12.894192,-0.049000,1.507000,1.517000,-0.149525,1.647501,1.164969,-0.141036,1.602461,1.311379,0.015273,-0.031135,0.020083,0.999197,-0.858612,0.073281,-0.129900,0.002422,-0.000477,0.028042,0.392137,0.244670,5.201104,16.266236,3,0,0.000000,1,0.973529,1.800983,1,-1,2,anchor7:6-7;7-0
12.910850,-0.059000,1.507000,1.516000,-0.140062,1.620655,1.235591,-0.152480,1.604535,1.306334,0.014742,-0.031591,0.020226,0.999187,-0.859609,0.073601,-0.134326,0.002416,-0.000498,0.028558,0.313238,0.249422,3.120476,16.266236,3,0,0.000000,1,0.957848,1.787899,1,-1,2,anchor7:6-7;7-0
12.927527,-0.069000,1.506000,1.516000,-0.121721,1.597811,1.272570,-0.163755,1.605200,1.302766,0.014219,-0.031589,0.019944,0.999201,-0.857612,0.069938,-0.136567,0.002400,-0.000492,0.028779,0.265456,0.253551,0.545731,16.266236,3,0,0.000000,1,0.946964,1.775769,1,-1,2,anchor7:6-7;7-0
12.944107,-0.082000,1.505000,1.516000,-0.194606,1.682967,1.114656,-0.178238,1.611093,1.292725,0.013631,-0.031951,0.019967,0.999197,-0.861377,0.075753,-0.145181,0.002448,-0.000500,0.030045,0.453243,0.265272,0.840078,16.266236,3,0,0.000000,1,0.993058,1.826268,1,-1,2,anchor7:6-7;7-0
12.977342,-0.105000,1.502000,1.516000,-0.068205,1.516448,1.443960,-0.197395,1.607154,1.294821,0.013273,-0.030232,0.020101,0.999253,-0.849910,0.056290,-0.137246,0.002287,-0.000434,0.028953,0.082173,0.261752,-25378864609523.500000,20.515006,5,0,0.000000,1,0.470273,0.781946,1,-1,0,none
12.993991,-0.115000,1.501000,1.516000,-0.104184,1.565179,1.429099,-0.204323,1.605345,1.298544,0.012816,-0.029383,0.020205,0.999282,-0.842235,0.051860,-0.130742,0.002156,-0.000404,0.028013,0.108572,0.257203,8.537540,20.515006,5,0,0.000000,1,0.458321,0.848223,1,-1,0,none
13.027221,-0.135000,1.499000,1.516000,-0.110521,1.537846,1.432865,-0.223338,1.602365,1.300498,0.012911,-0.027832,0.019752,0.999334,-0.827577,0.042022,-0.124805,0.002010,-0.000357,0.027007,0.094972,0.254812,6.469354,18.466827,4,0,0.000000,1,0.396169,0.667681,1,5,0,none
13.060491,-0.159000,1.496000,1.516000,-0.188935,1.627635,1.414856,-0.246189,1.605478,1.301969,0.014462,-0.027007,0.020313,0.999324,-0.825563,0.040626,-0.117277,0.001908,-0.000371,0.026151,0.168683,0.255728,3.480247,18.466827,4,0,0.000000,1,0.383608,0.810593,1,1,0,none
13.077181,-0.172000,1.494000,1.515000,-0.188935,1.627635,1.414856,-0.246189,1.605478,1.301969,0.014462,-0.027007,0.020313,0.999324,-0.825563,0.040626,-0.117277,0.001908,-0.000371,0.026151,0.167851,0.251622,-22384145044156928.000000,20.515006,5,0,0.000000,1,2.246011,0.805930,0,-1,0,none
13.110335,-0.195000,1.491000,1.516000,-0.172223,1.542091,1.395601,-0.277818,1.602291,1.301176,0.016972,-0.025624,0.020218,0.999323,-0.815600,0.027726,-0.107595,0.001774,-0.000327,0.025371,0.132759,0.255723,7.875107,20.515006,5,0,0.000000,1,0.458776,0.852320,1,-1,0,none
13.126961,-0.205000,1.489000,1.516000,-0.326968,1.619639,1.192248,-0.293723,1.603947,1.294247,0.017737,-0.025773,0.020070,0.999309,-0.821264,0.028100,-0.112698,0.001860,-0.000338,0.026199,0.369808,0.265064,5.563764,16.266236,3,0,0.000000,1,0.991111,1.854350,1,-1,2,anchor7:6-7;7-0
13.143652,-0.215000,1.488000,1.516000,-0.183931,1.463306,1.414765,-0.297932,1.593790,1.298157,0.019203,-0.025001,0.019783,0.999307,-0.807321,0.002541,-0.106142,0.001711,-0.000248,0.025240,0.108736,0.255979,4.243300,18.466827,4,0,0.000000,1,0.554658,0.881861,1,4,0,none
13.160244,-0.226000,1.485000,1.516000,-0.284964,1.590940,1.222565,-0.309310,1.593544,1.292906,0.019395,-0.024780,0.020043,0.999304,-0.804896,-0.000563,-0.108217,0.001739,-0.000248,0.025800,0.317496,0.261713,3.703589,16.266236,3,0,0.000000,1,0.975966,1.833152,1,-1,2,anchor7:6-7;7-0
13.176779,-0.239000,1.483000,1.516000,-0.241211,1.501845,1.418023,-0.316187,1.586933,1.297066,0.019773,-0.024781,0.019813,0.999301,-0.793307,-0.018592,-0.103038,0.001616,-0.000190,0.024840,0.099798,0.254346,4.108437,18.466827,4,0,0.000000,1,0.394724,0.658759,1,5,0,none
13.210134,-0.262000,1.479000,1.516000,-0.205991,1.506877,1.489113,-0.332169,1.580453,1.302933,0.020880,-0.025127,0.019762,0.999271,-0.778799,-0.033596,-0.093570,0.001415,-0.000136,0.023338,0.068096,0.246199,0.756081,18.466827,4,0,0.000000,1,0.556665,0.877433,1,4,0,none
13.226737,-0.272000,1.477000,1.516000,-0.245857,1.512566,1.385320,-0.337718,1.574920,1.305307,0.021198,-0.024839,0.019854,0.999269,-0.767834,-0.050798,-0.090657,0.001307,-0.000095,0.022697,0.137933,0.241451,-8222746330009606.000000,20.515006,5,0,0.000000,1,0.528462,0.889431,1,-1,0,none
13.243331,-0.282000,1.474000,1.516000,-0.293630,1.505341,1.471623,-0.345784,1.569214,1.311714,0.020881,-0.024411,0.019498,0.999294,-0.763685,-0.067612,-0.084235,0.001169,-0.000049,0.021438,0.055559,0.234237,4.425549,20.515006,5,0,0.000000,1,0.459974,0.861542,1,-1,0,none
13.259885,-0.295000,1.472000,1.516000,-0.293732,1.496033,1.445415,-0.353448,1.563052,1.316569,0.020112,-0.023669,0.019171,0.999334,-0.755431,-0.082649,-0.077871,0.001050,-0.000005,0.020433,0.074575,0.226891,2.681147,18.466827,4,0,0.000000,1,0.550551,0.861575,1,4,0,none
13.276590,-0.305000,1.469000,1.516000,-0.276770,1.489663,1.402579,-0.359508,1.556695,1.319242,0.020112,-0.022669,0.018814,0.999364,-0.743256,-0.093121,-0.071996,0.000951,0.000036,0.019788,0.118694,0.222205,8.777834,20.515006,5,0,0.000000,1,0.459975,0.860107,1,-1,0,none
13.293206,-0.316000,1.467000,1.516000,-0.289143,1.507523,1.417145,-0.366035,1.551957,1.322472,0.020571,-0.021679,0.018706,0.999378,-0.737083,-0.101127,-0.069626,0.000849,0.000066,0.019067,0.110162,0.217196,4.415142,20.515006,5,0,0.000000,1,0.459953,0.859665,1,-1,0,none
13.309816,-0.329000,1.464000,1.516000,-0.279193,1.462244,1.368088,-0.364922,1.545368,1.323869,0.021135,-0.021005,0.018627,0.999382,-0.725776,-0.115233,-0.068379,0.000779,0.000107,0.018721,0.156083,0.211720,7.653154,18.466827,4,0,0.000000,1,0.549705,0.678783,1,7,0,none
13.326453,-0.335000,1.462000,1.516000,-0.375055,1.531607,1.245810,-0.376331,1.542649,1.319399,0.021495,-0.020176,0.018543,0.999393,-0.725332,-0.118688,-0.070322,0.000828,0.000104,0.019247,0.281872,0.216482,9.286563,16.266236,3,0,0.000000,1,0.977076,1.851558,1,-1,2,anchor7:6-7;7-0
13.359750,-0.361000,1.454000,1.515000,-0.375055,1.531607,1.245810,-0.376331,1.542649,1.319399,0.021495,-0.020176,0.018543,0.999393,-0.725332,-0.118688,-0.070322,0.000828,0.000104,0.019247,0.280506,0.215299,-12690157750271.500000,20.515006,5,0,0.000000,1,5113418838225440.000000,6860371271820050.000000,0,-1,0,none
13.392915,-0.385000,1.448000,1.515000,-0.346973,1.522549,1.334555,-0.417953,1.533224,1.315900,0.022464,-0.018372,0.018718,0.999404,-0.708057,-0.147793,-0.061666,0.000775,0.000111,0.019098,0.198907,0.219066,0.959833,18.466827,4,0,0.000000,1,0.380803,0.828911,1,1,0,none
13.409556,-0.395000,1.445000,1.515000,-0.342626,1.473649,1.405526,-0.422884,1.526625,1.319155,0.022258,-0.017542,0.018718,0.999423,-0.696401,-0.163008,-0.057410,0.000668,0.000147,0.018403,0.124693,0.213999,1.918064,20.515006,5,0,0.000000,1,0.460893,0.863220,1,-1,0,none
13.426206,-0.405000,1.441000,1.515000,-0.350771,1.444126,1.427226,-0.428164,1.518183,1.323223,0.022296,-0.017040,0.018822,0.999429,-0.684287,-0.179924,-0.052863,0.000549,0.000195,0.017569,0.103222,0.208019,-513923096496376.375000,20.515006,5,0,0.000000,1,0.627852,0.973895,1,-1,0,none
13.459437,-0.428000,1.434000,1.515000,-0.394294,1.471129,1.429687,-0.446029,1.509247,1.326689,0.022177,-0.017899,0.018344,0.999425,-0.676185,-0.193230,-0.049991,0.000442,0.000226,0.016734,0.098960,0.203588,4.512003,20.515006,5,0,0.000000,1,0.461598,0.865210,1,-1,0,none
13.476057,-0.438000,1.430000,1.515000,-0.370229,1.501022,1.395826,-0.444987,1.507494,1.329531,0.022192,-0.017918,0.018415,0.999424,-0.666891,-0.196203,-0.047648,0.000357,0.000236,0.016220,0.154400,0.201129,0.234857,18.466827,4,0,0.000000,1,0.396221,1.016718,1,2,0,none
13.492716,-0.451000,1.426000,1.515000,-0.413381,1.470456,1.358805,-0.452801,1.501926,1.330068,0.022274,-0.017971,0.018440,0.999420,-0.662314,-0.205974,-0.047236,0.000270,0.000256,0.016069,0.166699,0.199919,12.648586,20.515006,5,0,0.000000,1,0.462009,0.863929,1,-1,0,none
13.509309,-0.461000,1.422000,1.515000,-0.451666,1.445099,1.441938,-0.462912,1.494866,1.334419,0.022087,-0.017500,0.018075,0.999439,-0.660761,-0.221047,-0.042392,0.000183,0.000290,0.015242,0.077193,0.194738,-422979464749051.125000,20.515006,5,0,0.000000,1,0.360592,0.861915,1,-1,0,none
13.525981,-0.471000,1.418000,1.515000,-0.443486,1.432579,1.346876,-0.471791,1.487093,1.334233,0.021864,-0.016975,0.017812,0.999458,-0.655517,-0.234883,-0.041556,0.000160,0.000315,0.015129,0.170983,0.193523,2.629867,20.515006,5,0,0.000000,1,0.462986,0.866872,1,-1,0,none
13.542519,-0.484000,1.413000,1.515000,-0.483478,1.443857,1.433631,-0.482288,1.480774,1.338068,0.021855,-0.016593,0.017487,0.999470,-0.654429,-0.243159,-0.036407,0.000089,0.000342,0.014412,0.087024,0.189476,-6097280967967746.000000,20.515006,5,0,0.000000,1,0.344767,0.846544,1,-1,0,none
13.559196,-0.494000,1.410000,1.515000,-0.465653,1.469932,1.386251,-0.491055,1.476438,1.339662,0.021874,-0.015997,0.017317,0.999483,-0.650459,-0.246085,-0.032136,0.000045,0.000350,0.014069,0.144816,0.187526,4.400265,18.466827,4,0,0.000000,1,0.378881,0.843892,1,1,0,none
13.575803,-0.507000,1.405000,1.515000,-0.469723,1.402350,1.396347,-0.499536,1.467798,1.341585,0.022101,-0.015509,0.016992,0.999491,-0.642090,-0.259429,-0.028304,-0.000008,0.000383,0.013650,0.124399,0.184586,3.593563,20.515006,5,0,0.000000,1,0.463768,0.870436,1,-1,0,none
13.592433,-0.517000,1.401000,1.515000,-0.453608,1.440332,1.424558,-0.506461,1.462037,1.344727,0.022175,-0.014846,0.016856,0.999502,-0.635298,-0.267282,-0.024451,-0.000086,0.000401,0.013066,0.117240,0.181189,0.235816,18.466827,4,0,0.000000,1,0.394161,1.036171,1,2,0,none
13.609047,-0.526000,1.397000,1.515000,-0.451238,1.400385,1.341514,-0.512292,1.454081,1.344108,0.022079,-0.013862,0.016839,0.999518,-0.628650,-0.275698,-0.025376,-0.000110,0.000421,0.013063,0.188939,0.180694,-4289009257718770.500000,20.515006,5,0,0.000000,1,0.455079,0.641665,1,-1,0,none
13.642337,-0.549000,1.387000,1.515000,-0.510767,1.407490,1.412881,-0.531286,1.442397,1.346330,0.021284,-0.012308,0.016333,0.999564,-0.616407,-0.289053,-0.019802,-0.000169,0.000445,0.012541,0.110950,0.178416,-1072259649381374.000000,20.515006,5,0,0.000000,1,0.524373,0.761406,1,-1,0,none
13.675530,-0.572000,1.377000,1.515000,-0.537456,1.402470,1.456250,-0.550203,1.430927,1.350825,0.021067,-0.011868,0.016136,0.999577,-0.606551,-0.301148,-0.009013,-0.000259,0.000473,0.011731,0.072757,0.174174,0.632460,18.466827,4,0,0.000000,1,0.376296,0.853076,1,1,0,none
13.692124,-0.581000,1.372000,1.515000,-0.524704,1.368270,1.432019,-0.557458,1.422195,1.354319,0.021301,-0.012381,0.016024,0.999568,-0.600482,-0.311383,-0.004322,-0.000331,0.000505,0.011128,0.100344,0.169977,3.859767,18.466827,4,0,0.000000,1,0.388849,0.642484,1,5,0,none
13.708792,-0.594000,1.367000,1.515000,-0.572703,1.405735,1.478747,-0.567591,1.416493,1.359901,0.021233,-0.012965,0.015773,0.999566,-0.597355,-0.317916,0.002821,-0.000414,0.000524,0.010245,0.057169,0.164933,3.019825,20.515006,5,0,0.000000,1,0.465617,0.873364,1,-1,0,none
13.725471,-0.604000,1.362000,1.516000,-0.555705,1.381340,1.398817,-0.575917,1.409296,1.361652,0.021283,-0.013108,0.015501,0.999567,-0.596440,-0.323890,0.004808,-0.000450,0.000540,0.009960,0.128212,0.163856,5.574902,20.515006,5,0,0.000000,1,0.465775,0.872740,1,-1,0,none
13.742065,-0.614000,1.358000,1.516000,-0.594872,1.385569,1.475675,-0.586479,1.402798,1.366789,0.021126,-0.013057,0.015439,0.999572,-0.597485,-0.331771,0.008490,-0.000522,0.000560,0.009163,0.052460,0.158203,2.888255,18.466827,4,0,0.000000,1,0.389787,0.647997,1,5,0,none
13.758649,-0.627000,1.352000,1.516000,-0.547066,1.376733,1.490127,-0.592708,1.396280,1.372321,0.020415,-0.012460,0.015606,0.999592,-0.587175,-0.340177,0.014167,-0.000620,0.000581,0.008302,0.087582,0.154209,-5075766473596928.000000,20.515006,5,0,0.000000,1,0.445633,0.748230,1,-1,0,none
13.775283,-0.636000,1.347000,1.516000,-0.641965,1.372038,1.383798,-0.604769,1.389592,1.373016,0.019456,-0.012055,0.015322,0.999621,-0.595177,-0.343853,0.010830,-0.000614,0.000588,0.008223,0.134684,0.152427,4.394198,18.466827,4,0,0.000000,1,0.388726,0.651280,1,5,0,none
13.791986,-0.645000,1.343000,1.515000,-0.635533,1.322964,1.431989,-0.615842,1.380063,1.375674,0.019409,-0.011793,0.014954,0.999630,-0.592131,-0.354921,0.011287,-0.000646,0.000616,0.007805,0.085918,0.147090,2.894761,20.515006,5,0,0.000000,1,0.468603,0.878103,1,-1,0,none
13.808542,-0.658000,1.336000,1.515000,-0.628471,1.359425,1.451518,-0.625754,1.373342,1.379109,0.019022,-0.011450,0.015142,0.999639,-0.590213,-0.360534,0.013446,-0.000691,0.000629,0.007290,0.073829,0.144571,-14618249229026300.000000,20.515006,5,0,0.000000,1,0.532929,0.818315,1,-1,0,none
13.841774,-0.678000,1.326000,1.515000,-0.671085,1.284539,1.463684,-0.646767,1.356359,1.383187,0.018073,-0.010662,0.014589,0.999673,-0.587952,-0.378496,0.018559,-0.000736,0.000667,0.006680,0.066334,0.138823,2.497404,18.466827,4,0,0.000000,1,0.518045,0.826945,1,4,0,none
13.875034,-0.698000,1.315000,1.514000,-0.652681,1.331208,1.499425,-0.665179,1.343065,1.389062,0.018231,-0.009856,0.014350,0.999682,-0.578764,-0.385557,0.024222,-0.000813,0.000684,0.005843,0.050289,0.132190,2.401815,18.466827,4,0,0.000000,1,0.642007,1.098763,1,0,0,none
13.908265,-0.720000,1.303000,1.514000,-0.705361,1.340849,1.427277,-0.685488,1.331302,1.391715,0.019263,-0.008886,0.014054,0.999676,-0.578220,-0.388730,0.030078,-0.000827,0.000683,0.005576,0.095748,0.130176,-1268943230476798.000000,20.515006,5,0,0.000000,1,0.391225,0.716138,1,-1,0,none
13.924974,-0.729000,1.299000,1.514000,-0.749680,1.289377,1.460251,-0.698731,1.322527,1.395367,0.020153,-0.008486,0.014066,0.999662,-0.579455,-0.398504,0.036566,-0.000846,0.000705,0.005075,0.058389,0.124674,1.619902,20.515006,5,0,0.000000,1,0.472261,0.880810,1,-1,0,none
13.941563,-0.741000,1.292000,1.514000,-0.744100,1.313709,1.426689,-0.710639,1.315891,1.397403,0.020754,-0.008244,0.014135,0.999651,-0.577168,-0.404572,0.039697,-0.000849,0.000709,0.004859,0.090022,0.122830,4.068756,20.515006,5,0,0.000000,1,0.471627,0.877864,1,-1,0,none
13.958182,-0.751000,1.287000,1.515000,-0.697642,1.302782,1.487598,-0.718585,1.308820,1.402129,0.021421,-0.007994,0.013934,0.999641,-0.570444,-0.412341,0.046360,-0.000909,0.000718,0.004210,0.062025,0.119444,11.753532,20.515006,5,0,0.000000,1,0.470518,0.881193,1,-1,0,none
13.974763,-0.761000,1.282000,1.514000,-0.759816,1.308985,1.433969,-0.729775,1.302788,1.404280,0.021685,-0.007997,0.013714,0.999639,-0.574268,-0.415965,0.046617,-0.000912,0.000718,0.003998,0.084466,0.115955,1.949628,20.515006,5,0,0.000000,1,0.472159,0.878255,1,-1,0,none
13.991378,-0.771000,1.274000,1.514000,-0.735568,1.285908,1.416033,-0.738731,1.295402,1.405499,0.021993,-0.007338,0.013862,0.999635,-0.570762,-0.424818,0.046897,-0.000920,0.000723,0.003917,0.104856,0.115203,1.194407,18.466827,4,0,0.000000,1,0.409670,0.842664,1,6,0,none
14.008111,-0.781000,1.269000,1.514000,-0.743645,1.270472,1.445501,-0.747665,1.287296,1.408000,0.022247,-0.006774,0.013791,0.999634,-0.562429,-0.432258,0.050458,-0.000943,0.000732,0.003637,0.078036,0.112614,-317229762355197.000000,20.515006,5,0,0.000000,1,0.586110,0.906606,1,-1,0,none
14.024679,-0.791000,1.264000,1.514000,-0.758850,1.261372,1.444449,-0.757001,1.278987,1.410360,0.022526,-0.006695,0.013514,0.999632,-0.559449,-0.437556,0.049489,-0.000961,0.000742,0.003385,0.076668,0.110099,9.058738,20.515006,5,0,0.000000,1,0.473175,0.882456,1,-1,0,none
14.057888,-0.811000,1.251000,1.514000,-0.759291,1.265228,1.371463,-0.773868,1.264572,1.410152,0.023217,-0.007782,0.013675,0.999607,-0.546736,-0.448700,0.047649,-0.000947,0.000739,0.003670,0.152292,0.111119,2.642534,20.515006,5,0,0.000000,1,0.473253,0.880203,1,-1,0,none
14.074502,-0.820000,1.245000,1.514000,-0.783864,1.228298,1.474532,-0.782785,1.255332,1.413684,0.022838,-0.007387,0.013746,0.999617,-0.544950,-0.461031,0.048675,-0.000980,0.000754,0.003205,0.056058,0.107494,-4229622694566.023438,20.515006,5,0,0.000000,1,0.381779,0.875465,1,-1,0,none
14.091220,-0.831000,1.238000,1.514000,-0.860940,1.236974,1.457074,-0.796302,1.247047,1.416362,0.022141,-0.007219,0.013301,0.999640,-0.545532,-0.468359,0.052093,-0.000973,0.000762,0.002901,0.064328,0.104014,1.189553,18.466827,4,0,0.000000,1,0.505570,0.718656,1,7,0,none
14.107776,-0.841000,1.232000,1.514000,-0.855838,1.230671,1.400474,-0.808614,1.238681,1.416480,0.021538,-0.007077,0.013101,0.999657,-0.547285,-0.475371,0.050215,-0.000943,0.000766,0.003022,0.114500,0.102974,-48778127805120528.000000,20.515006,5,0,0.000000,1,0.324634,1.186950,1,-1,0,none
14.124399,-0.849000,1.226000,1.514000,-0.793806,1.197409,1.515412,-0.815739,1.228999,1.421498,0.021659,-0.007032,0.012959,0.999657,-0.540128,-0.481790,0.054206,-0.001000,0.000783,0.002325,0.062176,0.098345,-2290438702326775.000000,20.515006,5,0,0.000000,1,0.459219,1.239858,1,-1,0,none
14.140996,-0.860000,1.218000,1.514000,-0.764683,1.189477,1.567444,-0.820500,1.219293,1.428602,0.021946,-0.006932,0.012971,0.999651,-0.527011,-0.492130,0.061564,-0.001093,0.000800,0.001308,0.112939,0.094100,6.425621,16.266236,3,0,0.000000,1,0.935744,1.889521,1,-1,2,anchor7:6-7;7-0
14.157675,-0.869000,1.212000,1.514000,-0.888132,1.206213,1.503919,-0.827862,1.215592,1.432165,0.021903,-0.007374,0.012966,0.999649,-0.531937,-0.496784,0.065081,-0.001101,0.000808,0.000818,0.022387,0.091664,5.898047,20.515006,5,0,0.000000,1,0.478472,0.887070,1,-1,0,none
14.174247,-0.880000,1.204000,1.513000,-0.884741,1.222115,1.483670,-0.838581,1.209271,1.435248,0.022139,-0.007788,0.012978,0.999640,-0.535673,-0.496866,0.067744,-0.001102,0.000806,0.000500,0.034797,0.088254,0.627747,18.466827,4,0,0.000000,1,0.383546,0.677413,1,5,0,none
14.190876,-0.889000,1.198000,1.514000,-0.916055,1.183867,1.410451,-0.851179,1.200300,1.435234,0.022271,-0.007858,0.012886,0.999638,-0.537710,-0.505969,0.066713,-0.001065,0.000813,0.000674,0.107954,0.087406,-7930889145188346.000000,20.515006,5,0,0.000000,1,0.673013,0.899364,1,-1,0,none
14.207509,-0.898000,1.192000,1.514000,-0.909872,1.200564,1.455463,-0.862755,1.192700,1.437109,0.022407,-0.008120,0.012768,0.999634,-0.538231,-0.509919,0.068205,-0.001051,0.000811,0.000562,0.060340,0.084587,3.887556,20.515006,5,0,0.000000,1,0.479435,0.885355,1,-1,0,none
14.224201,-0.909000,1.184000,1.514000,-0.885091,1.226956,1.476429,-0.872260,1.186978,1.439838,0.022615,-0.008358,0.012621,0.999630,-0.535438,-0.512471,0.071979,-0.001058,0.000795,0.000333,0.061875,0.082818,-1535427515383807.500000,20.515006,5,0,0.000000,1,0.533086,0.857757,1,-1,0,none
14.240743,-0.917000,1.177000,1.514000,-0.804444,1.160547,1.643678,-0.876367,1.177584,1.449323,0.023311,-0.008222,0.012533,0.999616,-0.521074,-0.523856,0.084043,-0.001165,0.000802,-0.000986,0.172499,0.076384,5.637668,16.266236,3,0,0.000000,1,0.925489,1.893617,1,-1,2,anchor7:6-7;7-0
14.257405,-0.926000,1.171000,1.514000,-0.804444,1.160547,1.643678,-0.876367,1.177584,1.449323,0.023311,-0.008222,0.012533,0.999616,-0.521074,-0.523856,0.084043,-0.001165,0.000802,-0.000986,0.178049,0.081792,-30467346711707644.000000,20.515006,5,0,0.000000,1,2.209677,0.857476,0,-1,0,none
14.290610,-0.944000,1.156000,1.514000,-0.836071,1.136266,1.581194,-0.897421,1.150318,1.459042,0.023635,-0.009378,0.012598,0.999597,-0.502846,-0.543323,0.091600,-0.001248,0.000806,-0.001902,0.128659,0.072265,13.125472,16.266236,3,0,0.000000,1,0.936913,1.897907,1,-1,2,anchor7:6-7;7-0
14.323872,-0.961000,1.144000,1.514000,-0.922543,1.137272,1.545513,-0.914663,1.132540,1.465914,0.022152,-0.009776,0.012173,0.999633,-0.499366,-0.554147,0.096624,-0.001278,0.000802,-0.002496,0.050172,0.067755,4.841087,18.466827,4,0,0.000000,1,0.387745,0.685386,1,5,0,none
14.340472,-0.971000,1.135000,1.514000,-0.868369,1.116464,1.680856,-0.917492,1.124933,1.476530,0.021364,-0.009333,0.012317,0.999652,-0.492530,-0.557161,0.104183,-0.001392,0.000799,-0.004064,0.196767,0.066094,5.837688,16.266236,3,0,0.000000,1,0.922925,1.901737,1,-1,2,anchor7:6-7;7-0
14.357087,-0.979000,1.128000,1.514000,-0.958433,1.185526,1.550528,-0.958433,1.185526,1.550528,0.021364,-0.009333,0.012317,0.999652,0.000000,0.000000,0.000000,-0.001392,0.000799,-0.004064,0.071180,0.071180,3.584788,18.466827,4,0,0.000000,1,0.414865,1.135210,1,2,0,none
14.373774,-0.991000,1.120000,1.514000,-0.967703,1.123119,1.471887,-0.963109,1.153949,1.510746,0.021306,-0.009750,0.012249,0.999650,-0.004356,-0.047046,-0.057675,-0.001392,0.000799,-0.004064,0.048229,0.044057,2.766220,18.466827,4,0,0.000000,1,0.390515,0.686995,1,5,0,none
14.390374,-0.999000,1.113000,1.514000,-0.967703,1.123119,1.471887,-0.963109,1.153949,1.510746,0.021306,-0.009750,0.012249,0.999650,-0.004356,-0.047046,-0.057675,-0.001392,0.000799,-0.004064,0.053436,0.054549,-456818595725308.875000,20.515006,5,0,0.000000,1,2.259756,0.750575,0,-1,0,none
14.406975,-1.010000,1.104000,1.514000,-0.986130,1.065414,1.533098,-0.971892,1.119646,1.518217,0.016144,-0.008043,0.011860,0.999767,-0.037186,-0.183148,-0.024112,-0.001378,0.000850,-0.004080,0.049228,0.041410,12.170948,18.466827,4,0,0.000000,1,0.493559,0.746243,1,7,0,none
14.423581,-1.016000,1.099000,1.514000,-0.969050,1.090818,1.606584,-0.971436,1.109095,1.543946,0.010645,-0.006264,0.011857,0.999853,-0.030255,-0.216686,0.088743,-0.001379,0.000866,-0.004128,0.104130,0.054631,8.935749,20.515006,5,0,0.000000,1,0.484267,0.899988,1,-1,0,none
14.440280,-1.026000,1.090000,1.513000,-0.904994,1.025742,1.729126,-0.955151,1.086116,1.590959,0.005107,-0.003444,0.014447,0.999877,0.051281,-0.301650,0.308442,-0.001424,0.000924,-0.004258,0.255895,0.105414,5.355057,16.266236,3,0,0.000000,1,0.910133,1.889600,1,-1,2,anchor7:6-7;7-0
14.456887,-1.036000,1.081000,1.513000,-0.904994,1.025742,1.729126,-0.955151,1.086116,1.590959,0.005107,-0.003444,0.014447,0.999877,0.051281,-0.301650,0.308442,-0.001424,0.000924,-0.004258,0.258702,0.112429,2.009167,13.815511,2,0,0.000000,1,1.937812,4.252720,0,2,2,anchor7:6-7;7-0
14.473522,-1.044000,1.073000,1.513000,-0.910914,1.050627,1.673948,-0.942493,1.069563,1.619467,0.004046,0.000334,0.016031,0.999863,0.125663,-0.334806,0.410342,-0.001504,0.000973,-0.004400,0.210040,0.147142,6.111459,16.266236,3,0,0.000000,1,0.922267,1.897553,1,-1,2,anchor7:6-7;7-0
14.490174,-1.055000,1.065000,1.513000,-0.811378,0.967047,1.642032,-0.911009,1.042248,1.628982,0.008587,0.007054,0.018397,0.999769,0.299126,-0.457861,0.431333,-0.001712,0.001138,-0.004432,0.292567,0.186287,3.260031,13.815511,2,0,0.000000,1,0.803187,1.714202,1,1,2,anchor7:6-7;7-0
14.523400,-1.071000,1.050000,1.513000,-1.067383,1.036272,1.477641,-0.940415,1.028688,1.604355,0.013266,0.003565,0.012984,0.999821,0.101349,-0.453834,0.224485,-0.001212,0.001087,-0.003927,0.038102,0.160786,2.106746,18.466827,4,0,0.000000,1,0.397972,0.696226,1,5,0,none
14.540065,-1.079000,1.044000,1.513000,-1.060175,1.027569,1.507256,-0.964661,1.022069,1.586717,0.015003,0.001947,0.010422,0.999831,-0.024744,-0.453621,0.116607,-0.000873,0.001054,-0.003639,0.025639,0.137799,2.610829,18.466827,4,0,0.000000,1,0.397815,0.696895,1,5,0,none
14.556551,-1.089000,1.034000,1.513000,-0.945183,0.979942,1.610033,-0.961179,1.008058,1.592759,0.015139,0.002626,0.010538,0.999826,-0.000853,-0.489205,0.138276,-0.000925,0.001152,-0.003701,0.181717,0.152881,6.154896,16.266236,3,0,0.000000,1,0.928937,1.889483,1,-1,2,anchor7:6-7;7-0
14.573260,-1.097000,1.027000,1.513000,-1.100637,1.001286,1.496416,-0.986479,1.000332,1.577101,0.015894,0.001422,0.009317,0.999829,-0.117442,-0.493692,0.053878,-0.000532,0.001137,-0.003414,0.030814,0.130518,1.662115,18.466827,4,0,0.000000,1,0.400684,0.699710,1,5,0,none
14.589848,-1.105000,1.020000,1.513000,-1.056563,1.028788,1.458675,-1.000055,0.998579,1.557462,0.016723,-0.000451,0.007852,0.999829,-0.171001,-0.466299,-0.043310,-0.000335,0.001023,-0.003046,0.073311,0.115970,13.358421,20.515006,5,0,0.000000,1,0.489633,0.897280,1,-1,0,none
14.606474,-1.115000,1.011000,1.513000,-1.114436,1.057552,1.366581,-1.021452,1.001535,1.525792,0.017769,-0.003543,0.005952,0.999818,-0.248984,-0.418063,-0.187472,0.000005,0.000799,-0.002409,0.153642,0.094892,2.321239,20.515006,5,0,0.000000,1,0.491636,0.890628,1,-1,0,none
14.623090,-1.122000,1.003000,1.514000,-1.099697,1.038309,1.582690,-1.036954,1.001665,1.532258,0.018452,-0.003622,0.005517,0.999808,-0.292075,-0.391262,-0.144679,0.000266,0.000635,-0.002616,0.080389,0.086994,2.213117,18.466827,4,0,0.000000,1,0.427250,1.174217,1,2,0,none
14.639689,-1.132000,0.994000,1.514000,-1.091923,0.989440,1.488669,-1.049205,0.994478,1.523681,0.018203,-0.004271,0.005281,0.999811,-0.327811,-0.399792,-0.173180,0.000446,0.000658,-0.002463,0.047630,0.083360,-5596027797635075.000000,20.515006,5,0,0.000000,1,0.714903,1.836334,1,-1,0,none
14.656345,-1.140000,0.986000,1.514000,-0.980968,0.970015,1.596321,-1.043740,0.985346,1.531900,0.017797,-0.001620,0.005063,0.999827,-0.274287,-0.416750,-0.127993,0.000170,0.000724,-0.002763,0.179787,0.097913,6.235389,16.266236,3,0,0.000000,1,0.677589,1.622322,1,-1,2,anchor6:6-7;5-6
14.672960,-1.147000,0.978000,1.513000,-1.004667,0.971805,1.469383,-1.042072,0.977586,1.521335,0.017487,-0.000957,0.004964,0.999834,-0.243039,-0.423257,-0.165237,-0.000012,0.000764,-0.002505,0.148995,0.105260,1.053387,18.466827,4,0,0.000000,1,0.658436,0.889868,1,3,0,none
14.689595,-1.153000,0.972000,1.514000,-1.116582,0.979946,1.443831,-1.055806,0.971843,1.508329,0.017687,-0.001780,0.004762,0.999831,-0.278786,-0.420349,-0.205619,0.000292,0.000729,-0.002166,0.079455,0.097360,17.046529,18.466827,4,0,0.000000,1,0.409139,0.891069,1,1,0,none
14.706207,-1.164000,0.961000,1.513000,-1.135779,1.009340,1.435744,-1.070308,0.971104,1.495821,0.017573,-0.002543,0.004375,0.999833,-0.315271,-0.396628,-0.241797,0.000629,0.000532,-0.001833,0.095403,0.095788,8.263060,18.466827,4,0,0.000000,1,0.409123,0.893845,1,1,0,none
14.739549,-1.181000,0.942000,1.513000,-1.138560,0.923867,1.387036,-1.089094,0.953068,1.473349,0.018992,-0.002961,0.005027,0.999803,-0.335390,-0.420685,-0.295606,0.000976,0.000758,-0.001195,0.134152,0.100704,7.543894,20.515006,5,0,0.000000,1,0.496415,0.902801,1,-1,0,none
14.756099,-1.188000,0.935000,1.513000,-1.127954,0.891349,1.441432,-1.099278,0.938433,1.464764,0.021197,-0.004012,0.005644,0.999751,-0.346502,-0.453739,-0.307931,0.001179,0.001092,-0.001030,0.103116,0.101045,10.667425,20.515006,5,0,0.000000,1,0.496624,0.907353,1,-1,0,none
14.789325,-1.205000,0.918000,1.513000,-1.174097,0.896997,1.515255,-1.119949,0.919459,1.463509,0.023297,-0.004684,0.005683,0.999701,-0.373270,-0.480075,-0.275558,0.001653,0.001259,-0.001517,0.037433,0.098414,7.534939,18.466827,4,0,0.000000,1,0.407864,0.707926,1,5,0,none
14.806029,-1.212000,0.910000,1.513000,-1.207521,0.889100,1.460659,-1.137735,0.908368,1.459130,0.024161,-0.006796,0.005598,0.999669,-0.413301,-0.499028,-0.273072,0.002225,0.001406,-0.001543,0.056537,0.091760,11.870000,20.515006,5,0,0.000000,1,0.387079,0.741686,1,-1,0,none
14.822634,-1.222000,0.900000,1.513000,-1.063856,0.841476,1.719002,-1.132306,0.892078,1.489689,0.025078,-0.000887,0.006393,0.999665,-0.352879,-0.533049,-0.165556,0.001770,0.001761,-0.003574,0.266216,0.093011,15.741603,16.266236,3,0,0.000000,1,0.912780,1.884508,1,-1,2,anchor7:6-7;7-0
14.839200,-1.229000,0.892000,1.513000,-1.090426,0.833848,1.678125,-1.131186,0.876957,1.511168,0.026358,0.001567,0.006407,0.999631,-0.320784,-0.562449,-0.091843,0.001488,0.002045,-0.005036,0.223273,0.098981,10.855047,16.266236,3,0,0.000000,1,0.921914,1.889582,1,-1,2,anchor7:6-7;7-0
14.889132,-1.251000,0.864000,1.513000,-0.970643,0.861986,1.663395,-1.116644,0.851429,1.528840,0.024109,0.011731,0.007113,0.999615,-0.185124,-0.560459,-0.036574,0.000020,0.001917,-0.006682,0.318155,0.135870,3.360134,13.815511,2,0,0.000000,1,0.818844,1.724899,1,1,2,anchor7:6-7;7-0
14.905750,-1.258000,0.856000,1.513000,-0.970643,0.861986,1.663395,-1.116644,0.851429,1.528840,0.024109,0.011731,0.007113,0.999615,-0.185124,-0.560459,-0.036574,0.000020,0.001917,-0.006682,0.324389,0.142315,1.992501,13.815511,2,0,0.000000,1,1.980896,3.899265,0,3,2,anchor7:6-7;7-0
14.922275,-1.265000,0.845000,1.512000,-1.120872,0.813291,1.606362,-1.122571,0.829614,1.539152,0.024487,0.012255,0.006298,0.999605,-0.177557,-0.582635,-0.011569,-0.000014,0.002064,-0.007613,0.175164,0.145808,10.593489,16.266236,3,0,0.000000,1,0.935223,1.892666,1,-1,2,anchor7:6-7;7-0
14.938929,-1.272000,0.837000,1.512000,-1.120872,0.813291,1.606362,-1.122571,0.829614,1.539152,0.024487,0.012255,0.006298,0.999605,-0.177557,-0.582635,-0.011569,-0.000014,0.002064,-0.007613,0.179739,0.152055,0.899874,13.815511,2,0,0.000000,1,1.960659,4.268010,0,2,2,anchor7:6-7;7-0
14.955645,-1.281000,0.826000,1.513000,-1.174054,0.803262,1.635430,-1.136787,0.809106,1.552825,0.022414,0.010622,0.005875,0.999675,-0.183652,-0.591609,0.027760,0.000375,0.002084,-0.008860,0.164145,0.150562,13.617787,16.266236,3,0,0.000000,1,0.937259,1.903803,1,-1,2,anchor7:6-7;7-0
15.022058,-1.307000,0.789000,1.512000,-1.139276,0.770435,1.848083,-1.149720,0.768684,1.602798,0.023578,0.010322,0.004772,0.999657,-0.168507,-0.617585,0.136704,-0.000014,0.001765,-0.013893,0.376069,0.182740,5.885670,13.815511,2,0,0.000000,1,0.858434,1.737599,1,0,2,anchor7:6-7;7-0
15.038690,-1.313000,0.781000,1.512000,-1.244728,0.791390,1.481358,-1.170549,0.765117,1.586771,0.022242,0.006044,0.005027,0.999722,-0.226562,-0.593028,0.097748,0.000880,0.001514,-0.011922,0.075551,0.161664,-4580877404653542.000000,20.515006,5,0,0.000000,1,0.472056,1.178477,1,-1,0,none
15.088525,-1.334000,0.752000,1.512000,-1.262399,0.716716,1.510941,-1.198496,0.731513,1.579142,0.024329,0.002494,0.004945,0.999689,-0.264279,-0.623326,0.071234,0.001728,0.001762,-0.010462,0.079830,0.152608,-1526957092921336.000000,20.515006,5,0,0.000000,1,0.489562,1.048048,1,-1,0,none
15.105243,-1.340000,0.740000,1.511000,-1.303097,0.723682,1.365297,-1.222347,0.721490,1.550317,0.024537,-0.003892,0.005197,0.999678,-0.324751,-0.628798,0.016205,0.002498,0.001851,-0.006813,0.151187,0.125422,-17156087327637506.000000,20.515006,5,0,0.000000,1,0.529700,1.102866,1,-1,0,none
15.121828,-1.345000,0.731000,1.511000,-1.344974,0.744768,1.445816,-1.247436,0.716660,1.536595,0.022486,-0.009561,0.004360,0.999692,-0.386558,-0.617754,-0.016588,0.003469,0.001611,-0.005157,0.066623,0.101880,7.838559,18.466827,4,0,0.000000,1,0.464134,1.244599,1,2,0,none
15.138428,-1.351000,0.722000,1.511000,-1.305260,0.714042,1.415397,-1.261751,0.708012,1.521661,0.021162,-0.011963,0.004170,0.999696,-0.410407,-0.618401,-0.041804,0.003803,0.001631,-0.003333,0.106280,0.090965,4.294410,20.515006,5,0,0.000000,1,0.395393,0.743383,1,-1,0,none
15.155047,-1.359000,0.710000,1.512000,-1.369935,0.675439,1.412537,-1.282914,0.694911,1.508294,0.021617,-0.016148,0.004854,0.999624,-0.458718,-0.628529,-0.066111,0.004519,0.001868,-0.001777,0.105863,0.077656,6.137392,20.515006,5,0,0.000000,1,0.399782,0.744086,1,-1,0,none
15.171698,-1.364000,0.701000,1.511000,-1.376853,0.686377,1.390844,-1.302306,0.684859,1.494622,0.021678,-0.019486,0.005047,0.999562,-0.499708,-0.632797,-0.087507,0.005049,0.001913,-0.000097,0.121723,0.065840,-228412199609339.125000,20.515006,5,0,0.000000,1,0.457663,0.799664,1,-1,0,none
15.204929,-1.376000,0.681000,1.512000,-1.250303,0.641212,1.652655,-1.308495,0.661040,1.509302,0.021724,-0.016155,0.005172,0.999620,-0.468722,-0.654960,-0.061459,0.004667,0.002002,-0.002617,0.192786,0.070445,0.815874,16.266236,3,0,0.000000,1,0.927519,1.875771,1,-1,2,anchor7:6-7;7-0
15.221585,-1.381000,0.672000,1.511000,-1.395307,0.656636,1.397671,-1.326821,0.651367,1.496849,0.021738,-0.018996,0.004730,0.999572,-0.504035,-0.655237,-0.078832,0.005159,0.002013,-0.000935,0.115258,0.059676,3.389230,18.466827,4,0,0.000000,1,0.428323,0.722634,1,5,0,none
15.288031,-1.404000,0.628000,1.512000,-1.282903,0.537130,1.751658,-1.346124,0.596405,1.521237,0.022320,-0.011381,0.004482,0.999676,-0.461210,-0.696273,-0.027481,0.004714,0.002476,-0.006245,0.283475,0.066582,10.336134,16.266236,3,0,0.000000,1,0.906402,1.852372,1,-1,2,anchor7:6-7;7-0
15.304718,-1.409000,0.619000,1.511000,-1.433681,0.580863,1.466449,-1.366476,0.584510,1.514866,0.023374,-0.014410,0.004187,0.999614,-0.503240,-0.700932,-0.035832,0.005305,0.002531,-0.005217,0.063626,0.054889,6.670470,18.466827,4,0,0.000000,1,0.432935,0.726793,1,5,0,none
15.321278,-1.413000,0.611000,1.511000,-1.433681,0.580863,1.466449,-1.366476,0.584510,1.514866,0.023374,-0.014410,0.004187,0.999614,-0.503240,-0.700932,-0.035832,0.005305,0.002531,-0.005217,0.057625,0.053676,2.697191,13.815511,2,0,0.000000,1,1.904528,3.667911,0,3,2,anchor7:6-7;7-0
15.337961,-1.419000,0.598000,1.511000,-1.275976,0.565030,1.639820,-1.365295,0.561924,1.527339,0.024489,-0.009854,0.004701,0.999640,-0.443653,-0.710480,-0.012082,0.004567,0.002442,-0.007775,0.195288,0.066728,8.273228,16.266236,3,0,0.000000,1,0.924826,1.859253,1,-1,2,anchor7:6-7;7-0
15.371130,-1.430000,0.576000,1.511000,-1.451306,0.556509,1.464678,-1.391835,0.541514,1.520409,0.023591,-0.012381,0.003986,0.999637,-0.482569,-0.710077,-0.022090,0.005072,0.002339,-0.006444,0.054586,0.052292,-3172297623546.390625,20.515006,5,0,0.000000,1,0.431861,0.755255,1,-1,0,none
15.404417,-1.438000,0.557000,1.511000,-1.451306,0.556509,1.464678,-1.391835,0.541514,1.520409,0.023591,-0.012381,0.003986,0.999637,-0.482569,-0.710077,-0.022090,0.005072,0.002339,-0.006444,0.048198,0.049594,1.766607,13.815511,2,0,0.000000,1,2.509207,4.278044,0,3,2,anchor7:6-7;7-0
15.437619,-1.448000,0.536000,1.511000,-1.451306,0.556509,1.464678,-1.391835,0.541514,1.520409,0.023591,-0.012381,0.003986,0.999637,-0.482569,-0.710077,-0.022090,0.005072,0.002339,-0.006444,0.050767,0.057214,-15544540467660800.000000,20.515006,5,0,0.000000,1,0.479661,-nan,0,-1,0,none
15.487513,-1.460000,0.504000,1.510000,-1.432460,0.434838,1.731364,-1.443159,0.452739,1.545437,0.022640,-0.013009,0.003947,0.999651,-0.465748,-0.742968,0.021040,0.005050,0.002366,-0.013463,0.233546,0.064553,3.991776,16.266236,3,0,0.000000,1,0.920767,1.856545,1,-1,2,anchor7:6-7;7-0
15.537410,-1.471000,0.471000,1.510000,-1.458716,0.412832,1.427947,-1.464528,0.414350,1.531371,0.020611,-0.013199,0.003596,0.999694,-0.457649,-0.765522,0.000410,0.004941,0.002488,-0.009365,0.101326,0.060892,9.226079,20.515006,5,0,0.000000,1,0.410733,0.745921,1,-1,0,none
15.554018,-1.475000,0.461000,1.510000,-1.415758,0.463340,1.605347,-1.459822,0.415254,1.540259,0.016431,-0.009971,0.003417,0.999809,-0.424787,-0.725770,0.012735,0.004561,0.002004,-0.011618,0.112277,0.056910,-913631387984881.500000,20.515006,5,0,0.000000,1,0.613627,0.830974,1,-1,0,none
15.570644,-1.480000,0.448000,1.510000,-1.467399,0.460364,1.592363,-1.466666,0.414668,1.546238,0.013696,-0.009789,0.003155,0.999853,-0.423683,-0.690340,0.022459,0.004566,0.001623,-0.013114,0.084234,0.051010,1.267815,18.466827,4,0,0.000000,1,0.473463,1.309616,1,2,0,none
15.587196,-1.483000,0.439000,1.510000,-1.520425,0.396901,1.482854,-1.481467,0.402494,1.540122,0.014540,-0.011242,0.002969,0.999827,-0.449496,-0.691342,0.016841,0.004808,0.001723,-0.011361,0.062529,0.047354,16.077442,18.466827,4,0,0.000000,1,0.443920,0.732729,1,5,0,none
15.603899,-1.488000,0.425000,1.510000,-1.326433,0.446413,1.860732,-1.463068,0.400020,1.571056,0.013313,-0.005635,0.002631,0.999892,-0.374422,-0.669648,0.059417,0.004089,0.001151,-0.019818,0.386750,0.070523,3.693458,13.815511,2,0,0.000000,1,0.845259,1.716348,1,0,2,anchor7:6-7;7-0
15.620523,-1.490000,0.416000,1.510000,-1.408338,0.355984,1.638094,-1.460316,0.384050,1.577946,0.014696,-0.003489,0.002250,0.999883,-0.343926,-0.684910,0.065687,0.003826,0.001207,-0.021540,0.163336,0.080738,-5596022719595636.000000,20.515006,5,0,0.000000,1,0.489982,1.691095,1,-1,0,none
15.637147,-1.493000,0.406000,1.510000,-1.408338,0.355984,1.638094,-1.460316,0.384050,1.577946,0.014696,-0.003489,0.002250,0.999883,-0.343926,-0.684910,0.065687,0.003826,0.001207,-0.021540,0.161485,0.078529,-12688868083692.250000,20.515006,5,0,0.000000,1,4.813656,-nan,0,-1,0,none
15.653717,-1.497000,0.394000,1.510000,-1.421485,0.305898,1.762416,-1.464142,0.353356,1.596576,0.017398,-0.002711,0.001426,0.999844,-0.315195,-0.711982,0.087982,0.003491,0.001235,-0.026355,0.277810,0.101129,14.564528,16.266236,3,0,0.000000,1,0.901832,1.812869,1,-1,2,anchor7:6-7;7-0
15.687076,-1.503000,0.374000,1.510000,-1.491211,0.367737,1.596813,-1.477091,0.335623,1.599288,0.016279,-0.004144,0.002403,0.999856,-0.320096,-0.706034,0.083844,0.003552,0.001104,-0.026266,0.087834,0.100580,-25696111298683352.000000,20.515006,5,0,0.000000,1,0.763690,1.337756,1,-1,0,none
15.703638,-1.507000,0.361000,1.510000,-1.374614,0.384796,1.960068,-1.468013,0.333374,1.631049,0.013302,-0.000272,0.003172,0.999906,-0.280564,-0.681742,0.122484,0.002723,0.000733,-0.035983,0.469738,0.130138,1.800804,13.815511,2,0,0.000000,1,0.833392,1.717701,1,0,2,anchor7:6-7;7-0
15.720217,-1.509000,0.351000,1.510000,-1.476446,0.347102,1.597578,-1.472942,0.325959,1.630182,0.011628,0.000561,0.003096,0.999927,-0.275891,-0.667969,0.120557,0.002768,0.000708,-0.035045,0.093514,0.127949,-2055688033372404.250000,20.515006,5,0,0.000000,1,0.422467,0.705263,1,-1,0,none
15.736886,-1.512000,0.341000,1.509000,-1.216213,0.279857,1.763010,-1.443570,0.310588,1.641253,0.012191,0.007874,0.002325,0.999892,-0.177208,-0.677636,0.125995,0.001963,0.000656,-0.038416,0.394651,0.151982,4.153698,13.815511,2,0,0.000000,1,0.804594,1.617829,1,1,2,anchor7:6-7;7-0
15.786729,-1.521000,0.304000,1.509000,-1.445404,0.302699,1.600482,-1.450574,0.281115,1.643615,0.010783,0.007420,0.002539,0.999911,-0.157067,-0.670592,0.118263,0.002026,0.000636,-0.037066,0.118682,0.153639,-11731362835925036.000000,20.515006,5,0,0.000000,1,0.421274,0.778060,1,-1,0,none
15.803362,-1.524000,0.295000,1.509000,-1.477973,0.303969,1.653993,-1.456479,0.275052,1.646289,0.008941,0.007952,0.002888,0.999924,-0.161435,-0.656728,0.122535,0.002082,0.000535,-0.037283,0.152387,0.154289,12.537169,20.515006,5,0,0.000000,1,0.417436,0.751973,1,-1,0,none
15.869861,-1.534000,0.252000,1.508000,-1.263991,0.279283,2.099608,-1.434220,0.240903,1.694569,0.008450,0.018812,0.002247,0.999785,-0.030201,-0.611320,0.175391,0.000130,-0.000264,-0.050163,0.650884,0.211866,0.146945,13.815511,2,0,0.000000,1,0.796763,1.666999,1,0,2,anchor7:6-7;7-0
15.903114,-1.539000,0.229000,1.508000,-1.482378,0.203374,1.525094,-1.441808,0.217849,1.685930,0.008890,0.019247,0.002028,0.999773,-0.026038,-0.621862,0.161503,0.000613,0.000026,-0.044329,0.064459,0.203051,8.323516,18.466827,4,0,0.000000,1,0.446509,0.733740,1,5,0,none
15.919778,-1.541000,0.219000,1.508000,-1.482378,0.203374,1.525094,-1.441808,0.217849,1.685930,0.008890,0.019247,0.002028,0.999773,-0.026038,-0.621862,0.161503,0.000613,0.000026,-0.044329,0.063031,0.203714,-12689351700958.187500,20.515006,5,0,0.000000,1,2.105619,1.212155,0,-1,0,none
15.969613,-1.547000,0.186000,1.508000,-1.532953,0.153919,1.614582,-1.459063,0.172607,1.690257,0.009429,0.017627,0.002550,0.999797,-0.037979,-0.625470,0.167999,0.001095,0.000231,-0.041083,0.112188,0.202805,12.738237,18.466827,4,0,0.000000,1,0.451462,0.737161,1,5,0,none
16.019482,-1.553000,0.149000,1.510000,-1.514464,0.154288,1.672694,-1.470780,0.144385,1.696480,0.007224,0.016985,0.002193,0.999827,-0.032524,-0.617268,0.166244,0.001334,0.000229,-0.039962,0.167279,0.203853,7.848602,18.466827,4,0,0.000000,1,0.479471,1.358143,1,2,0,none
16.052814,-1.555000,0.129000,1.509000,-1.471291,0.218675,1.697250,-1.471578,0.142092,1.701469,0.004297,0.016569,0.002821,0.999850,-0.016815,-0.563015,0.166415,0.001342,-0.000068,-0.039754,0.224693,0.210178,4.393630,16.266236,3,0,0.000000,1,0.435522,1.239608,1,-1,2,anchor0:7-0;0-1
16.085961,-1.558000,0.109000,1.509000,-1.534955,0.085216,1.541025,-1.482585,0.117171,1.692234,0.004127,0.015447,0.002686,0.999869,-0.029047,-0.580829,0.144106,0.001796,0.000343,-0.033037,0.046069,0.198315,11.810913,20.515006,5,0,0.000000,1,0.422199,0.743265,1,-1,0,none
16.102578,-1.559000,0.095000,1.509000,-1.492971,0.176784,1.586160,-1.484288,0.119133,1.685274,0.000111,0.016059,0.002697,0.999867,-0.023646,-0.548118,0.131699,0.001968,0.000309,-0.028908,0.130391,0.192969,8.834075,16.266236,3,0,0.000000,1,0.445823,1.241636,1,-1,2,anchor0:7-0;0-1
16.119276,-1.561000,0.082000,1.509000,-1.505955,0.042004,1.647268,-1.487709,0.100232,1.684461,0.001581,0.015774,0.002481,0.999871,-0.026851,-0.566475,0.128171,0.002079,0.000569,-0.027378,0.154103,0.191025,10.333656,20.515006,5,0,0.000000,1,0.422227,0.744469,1,-1,0,none
16.135934,-1.561000,0.072000,1.509000,-1.545719,0.029477,1.509195,-1.495601,0.082657,1.672919,0.003803,0.014392,0.002416,0.999886,-0.038201,-0.584294,0.109637,0.002432,0.000982,-0.021115,0.045185,0.176805,5.027195,18.466827,4,0,0.000000,1,0.454643,0.753120,1,5,0,none
16.152476,-1.562000,0.059000,1.509000,-1.545719,0.029477,1.509195,-1.495601,0.082657,1.672919,0.003803,0.014392,0.002416,0.999886,-0.038201,-0.584294,0.109637,0.002432,0.000982,-0.021115,0.033715,0.178432,-203031561708019.000000,20.515006,5,0,0.000000,1,1.467909,1.614373,0,-1,0,none
16.169123,-1.563000,0.049000,1.509000,-1.498859,0.000682,1.578572,-1.496795,0.055025,1.668863,0.006603,0.014882,0.002367,0.999865,-0.027172,-0.605426,0.099606,0.002535,0.001280,-0.017642,0.106249,0.173134,-2290447891173353.000000,20.515006,5,0,0.000000,1,0.431929,0.885870,1,-1,0,none
16.185733,-1.564000,0.038000,1.508000,-1.327105,0.089573,1.970071,-1.475625,0.051018,1.692493,0.005621,0.019854,0.002671,0.999784,0.036476,-0.586677,0.128140,0.001790,0.000829,-0.028100,0.521812,0.204981,0.827305,13.815511,2,0,0.000000,1,0.802364,1.637547,1,0,2,anchor7:6-7;7-0
16.202412,-1.564000,0.025000,1.509000,-1.327105,0.089573,1.970071,-1.475625,0.051018,1.692493,0.005621,0.019854,0.002671,0.999784,0.036476,-0.586677,0.128140,0.001790,0.000829,-0.028100,0.522374,0.205321,-317240643871858.000000,20.515006,5,0,0.000000,1,1.461408,0.767940,0,-1,0,none
16.219004,-1.565000,0.015000,1.508000,-1.539769,-0.025227,1.521843,-1.482439,0.023963,1.684014,0.008056,0.019009,0.002902,0.999783,0.038608,-0.606686,0.119483,0.002169,0.001167,-0.021901,0.049462,0.194622,-101514249383172.250000,20.515006,5,0,0.000000,1,0.362853,0.686507,1,-1,0,none
16.235569,-1.565000,0.004000,1.508000,-1.490477,0.071282,1.654609,-1.482805,0.021489,1.683682,0.005921,0.019414,0.002730,0.999790,0.043217,-0.588457,0.116537,0.002225,0.001069,-0.020846,0.177693,0.194746,4.077276,16.266236,3,0,0.000000,1,0.442931,1.247787,1,-1,2,anchor0:7-0;0-1
16.252208,-1.565000,-0.007000,1.508000,-1.573905,0.012256,1.671560,-1.493002,0.012081,1.684778,0.005654,0.017222,0.002409,0.999833,0.023771,-0.584503,0.117225,0.002445,0.001090,-0.020250,0.164930,0.191828,2.639399,16.266236,3,0,0.000000,1,0.615139,1.250120,1,-1,2,anchor1:0-1;1-2
16.268881,-1.565000,-0.018000,1.508000,-1.557585,-0.084034,1.520509,-1.499754,-0.007290,1.675553,0.008340,0.015048,0.003051,0.999847,0.010349,-0.606473,0.102580,0.002725,0.001448,-0.014878,0.067617,0.180127,12.535570,18.466827,4,0,0.000000,1,0.457750,0.771070,1,5,0,none
16.285458,-1.565000,-0.028000,1.508000,-1.546799,-0.075154,1.542506,-1.504556,-0.023687,1.668447,0.009458,0.013647,0.003423,0.999856,0.005662,-0.625554,0.092029,0.002925,0.001691,-0.010634,0.061200,0.171509,-158621732518128.000000,20.515006,5,0,0.000000,1,0.556551,0.666401,1,-1,0,none
16.302084,-1.565000,-0.042000,1.508000,-1.507752,0.107889,1.615495,-1.504703,-0.018644,1.666460,0.006477,0.012920,0.002638,0.999892,0.013397,-0.583674,0.089290,0.002966,0.001428,-0.009007,0.193130,0.171146,1.751849,16.266236,3,0,0.000000,1,0.446438,1.248214,1,-1,2,anchor0:7-0;0-1
16.335372,-1.564000,-0.062000,1.508000,-1.543475,-0.151057,1.608382,-1.508393,-0.050364,1.665504,0.008088,0.012377,0.003417,0.999885,0.012087,-0.617667,0.087126,0.003093,0.001736,-0.007045,0.135754,0.167437,-1082830052067841.500000,20.515006,5,0,0.000000,1,0.405100,1.098510,1,-1,0,none
16.368570,-1.564000,-0.085000,1.508000,-1.552733,-0.045160,1.643321,-1.513075,-0.067249,1.666726,0.006135,0.011235,0.003129,0.999913,0.007704,-0.602977,0.087339,0.003207,0.001704,-0.006186,0.141513,0.167637,4.497126,16.266236,3,0,0.000000,1,0.616008,1.249144,1,-1,2,anchor1:0-1;1-2
16.401812,-1.562000,-0.109000,1.508000,-1.521684,-0.126807,1.589360,-1.513720,-0.091727,1.664254,0.006440,0.011476,0.003181,0.999908,0.010520,-0.608855,0.080308,0.003268,0.001860,-0.003520,0.092531,0.164453,5.626523,18.466827,4,0,0.000000,1,0.492401,1.377977,1,2,0,none
16.435068,-1.561000,-0.133000,1.509000,-1.476475,-0.178846,1.607513,-1.508416,-0.120400,1.662735,0.006948,0.013078,0.003276,0.999885,0.036372,-0.629687,0.072182,0.003217,0.002051,-0.001588,0.137663,0.162967,7.414797,18.466827,4,0,0.000000,1,0.450774,0.799985,1,1,0,none
16.468319,-1.559000,-0.153000,1.508000,-1.478108,-0.141992,1.520431,-1.502846,-0.141140,1.655506,0.007131,0.015363,0.002812,0.999853,0.062423,-0.623953,0.055441,0.003217,0.002156,0.003696,0.082578,0.158278,-422982991170477.750000,20.515006,5,0,0.000000,1,0.370919,0.952101,1,-1,0,none
16.484935,-1.558000,-0.165000,1.508000,-1.478912,-0.076511,1.761269,-1.499261,-0.141993,1.663001,0.005476,0.016128,0.003149,0.999850,0.073095,-0.596928,0.063095,0.003129,0.001924,-0.000197,0.279697,0.167347,2.206121,16.266236,3,0,0.000000,1,0.437299,1.255322,1,-1,2,anchor0:7-0;0-1
16.501606,-1.557000,-0.177000,1.509000,-1.506117,-0.166231,1.570246,-1.498794,-0.153572,1.658027,0.005644,0.016386,0.002818,0.999846,0.079598,-0.601794,0.056847,0.003201,0.002024,0.002853,0.080350,0.161697,2.440528,18.466827,4,0,0.000000,1,0.493263,1.376540,1,2,0,none
16.534799,-1.553000,-0.199000,1.508000,-1.504001,-0.214139,1.542304,-1.496752,-0.178144,1.652227,0.007081,0.015806,0.003511,0.999844,0.093676,-0.611386,0.051097,0.003288,0.002192,0.006755,0.061700,0.156206,1.127816,18.466827,4,0,0.000000,1,0.710710,0.794251,1,3,0,none
16.551434,-1.552000,-0.209000,1.508000,-1.572276,-0.234092,1.602134,-1.504127,-0.193470,1.649901,0.008210,0.013695,0.002897,0.999868,0.077493,-0.625566,0.049251,0.003462,0.002315,0.008511,0.099508,0.150562,-3316169761555200.000000,20.515006,5,0,0.000000,1,0.516620,0.722220,1,-1,0,none
16.568167,-1.550000,-0.222000,1.508000,-1.444358,-0.288538,1.674353,-1.496216,-0.213311,1.652080,0.010750,0.014788,0.003182,0.999828,0.104685,-0.653539,0.053169,0.003348,0.002448,0.007700,0.207992,0.154037,8.903469,16.266236,3,0,0.000000,1,0.859696,1.625413,1,-1,2,anchor7:6-7;7-0
16.584724,-1.548000,-0.232000,1.508000,-1.496759,-0.229393,1.483648,-1.494418,-0.224921,1.642742,0.010367,0.014939,0.003741,0.999828,0.112441,-0.659779,0.039920,0.003439,0.002531,0.012924,0.056793,0.145178,13.483945,18.466827,4,0,0.000000,1,0.451076,0.788587,1,1,0,none
16.617936,-1.545000,-0.256000,1.508000,-1.602715,-0.264110,1.504708,-1.503121,-0.248603,1.635469,0.010527,0.011747,0.003117,0.999871,0.092861,-0.663003,0.027371,0.003706,0.002626,0.017447,0.058375,0.134376,-3454701934867484.000000,20.515006,5,0,0.000000,1,0.414154,0.668018,1,-1,0,none
16.634582,-1.542000,-0.266000,1.509000,-1.515013,-0.157832,1.701459,-1.503152,-0.248122,1.640002,0.008094,0.010811,0.003099,0.999904,0.090951,-0.627611,0.030103,0.003706,0.002426,0.015459,0.222417,0.137805,3.626736,16.266236,3,0,0.000000,1,0.446178,1.262382,1,-1,2,anchor0:7-0;0-1
16.653284,-1.540000,-0.280000,1.508000,-1.541654,-0.291889,1.526281,-1.505667,-0.263235,1.633666,0.008554,0.009897,0.003304,0.999909,0.083538,-0.637283,0.019984,0.003807,0.002540,0.018902,0.021870,0.131346,15.148165,20.515006,5,0,0.000000,1,0.425542,0.722083,1,-1,0,none
16.669873,-1.538000,-0.289000,1.508000,-1.534230,-0.347435,1.624319,-1.507372,-0.280983,1.633307,0.009478,0.009601,0.003187,0.999904,0.080119,-0.658890,0.015666,0.003858,0.002660,0.019194,0.130227,0.129245,7.280072,18.466827,4,0,0.000000,1,0.522431,0.887069,1,6,0,none
16.703119,-1.533000,-0.312000,1.508000,-1.504158,-0.326224,1.656512,-1.504598,-0.305103,1.635128,0.009129,0.009234,0.002824,0.999912,0.089220,-0.663385,0.015876,0.003853,0.002687,0.018509,0.151954,0.130445,-609090816136683.000000,20.515006,5,0,0.000000,1,0.517354,1.043207,1,-1,0,none
16.719773,-1.531000,-0.322000,1.508000,-1.573856,-0.339359,1.468687,-1.510602,-0.318606,1.625588,0.009495,0.007671,0.003064,0.999921,0.068667,-0.669527,0.000705,0.003987,0.002779,0.023502,0.060692,0.119393,-4111384046535195.000000,20.515006,5,0,0.000000,1,0.460171,0.792134,1,-1,0,none
16.736378,-1.527000,-0.336000,1.508000,-1.631272,-0.341035,1.393627,-1.521871,-0.330891,1.611742,0.009596,0.004661,0.002746,0.999939,0.036389,-0.670057,-0.018482,0.004188,0.002867,0.030086,0.154852,0.103994,11.636349,16.266236,3,0,0.000000,1,0.721863,1.577964,1,-1,2,anchor6:5-6;6-7
16.753017,-1.525000,-0.345000,1.508000,-1.531294,-0.346083,1.515591,-1.522141,-0.342048,1.606470,0.009280,0.004502,0.002864,0.999943,0.040379,-0.673064,-0.023624,0.004175,0.002913,0.033216,0.009920,0.098555,-1541772916670798.500000,20.515006,5,0,0.000000,1,0.409115,0.768511,1,-1,0,none
16.786295,-1.519000,-0.368000,1.507000,-1.493778,-0.375155,1.583446,-1.517925,-0.365292,1.604392,0.009923,0.004604,0.002582,0.999937,0.050392,-0.670998,-0.024930,0.004133,0.002936,0.033830,0.080817,0.097436,8.998065,20.515006,5,0,0.000000,1,0.423118,0.717026,1,-1,0,none
16.819577,-1.513000,-0.388000,1.507000,-1.518713,-0.429616,1.538045,-1.516390,-0.391791,1.599612,0.011463,0.003448,0.002622,0.999925,0.058490,-0.683743,-0.029019,0.004136,0.003017,0.035749,0.052233,0.092751,-3070839071183080.000000,20.515006,5,0,0.000000,1,0.554152,0.952193,1,-1,0,none
16.836096,-1.510000,-0.401000,1.507000,-1.487653,-0.279088,1.736427,-1.512481,-0.389141,1.607238,0.008394,0.003468,0.002747,0.999955,0.069007,-0.649327,-0.017996,0.004099,0.002812,0.031769,0.260765,0.100968,1.081043,16.266236,3,0,0.000000,1,0.443524,1.261963,1,-1,2,anchor0:7-0;0-1
16.852748,-1.507000,-0.410000,1.507000,-1.439480,-0.309324,1.684730,-1.503796,-0.390067,1.611410,0.005823,0.004236,0.002273,0.999971,0.090754,-0.619521,-0.011286,0.004009,0.002670,0.029513,0.215134,0.106344,2.132103,16.266236,3,0,0.000000,1,0.444025,1.251419,1,-1,2,anchor0:7-0;0-1
16.869381,-1.504000,-0.420000,1.507000,-1.525359,-0.458567,1.523218,-1.504589,-0.406270,1.606321,0.006916,0.003261,0.002632,0.999967,0.088040,-0.633643,-0.016533,0.004044,0.002779,0.031964,0.046975,0.100268,-2290432576439287.000000,20.515006,5,0,0.000000,1,0.655668,0.794396,1,-1,0,none
16.885977,-1.500000,-0.433000,1.507000,-1.503103,-0.427715,1.499388,-1.503144,-0.417330,1.600146,0.006675,0.003061,0.002556,0.999970,0.085661,-0.633775,-0.027015,0.004052,0.002837,0.034850,0.009772,0.094507,-4974259720378620.000000,20.515006,5,0,0.000000,1,0.555987,0.794017,1,-1,0,none
16.902592,-1.497000,-0.442000,1.507000,-1.488900,-0.438131,1.567344,-1.500475,-0.428435,1.597951,0.006193,0.003520,0.002526,0.999971,0.093193,-0.632677,-0.027450,0.004040,0.002862,0.035697,0.061008,0.092023,9.376379,18.466827,4,0,0.000000,1,0.458451,0.820105,1,4,0,none
16.919211,-1.493000,-0.455000,1.507000,-1.510137,-0.356489,1.629319,-1.500048,-0.430749,1.599232,0.004320,0.003313,0.002610,0.999982,0.091656,-0.606268,-0.025286,0.004048,0.002764,0.034885,0.157987,0.095627,4.736867,16.266236,3,0,0.000000,1,0.454899,1.264790,1,-1,2,anchor0:7-0;0-1
16.935935,-1.490000,-0.465000,1.506000,-1.485071,-0.468286,1.497819,-1.497190,-0.443232,1.593453,0.004433,0.003541,0.002222,0.999981,0.094192,-0.606411,-0.034003,0.004041,0.002841,0.037474,0.010101,0.090407,-3654552634786810.000000,20.515006,5,0,0.000000,1,0.519835,0.686110,1,-1,0,none
16.952489,-1.487000,-0.474000,1.507000,-1.547136,-0.410800,1.312240,-1.500313,-0.449215,1.578191,0.003224,0.002509,0.002202,0.999989,0.086319,-0.593220,-0.053595,0.004139,0.002935,0.044610,0.213405,0.076549,2.350527,16.266236,3,0,0.000000,1,0.903558,1.616980,1,-1,2,anchor7:7-0;6-7
16.969066,-1.483000,-0.486000,1.506000,-1.528623,-0.496366,1.459508,-1.501389,-0.461767,1.571177,0.003665,0.001785,0.002234,0.999989,0.077124,-0.596134,-0.064151,0.004228,0.003050,0.047670,0.065958,0.071926,10.710075,20.515006,5,0,0.000000,1,0.424978,0.714530,1,-1,0,none
16.985729,-1.480000,-0.496000,1.506000,-1.470524,-0.462690,1.587529,-1.497563,-0.470556,1.571012,0.003371,0.002649,0.002228,0.999988,0.081665,-0.591412,-0.063810,0.004195,0.003032,0.047223,0.088580,0.071989,2.609332,18.466827,4,0,0.000000,1,0.491342,1.375843,1,1,0,none
17.002349,-1.476000,-0.505000,1.506000,-1.434252,-0.509730,1.499425,-1.490716,-0.482774,1.566387,0.003492,0.004503,0.002066,0.999982,0.099168,-0.598177,-0.070033,0.004133,0.003094,0.048900,0.042526,0.066009,-8685907465582647.000000,20.515006,5,0,0.000000,1,0.588663,0.751748,1,-1,0,none
17.019029,-1.472000,-0.517000,1.506000,-1.429990,-0.579418,1.527342,-1.483904,-0.500135,1.563288,0.004902,0.006277,0.001954,0.999966,0.112216,-0.609933,-0.072145,0.004078,0.003199,0.049760,0.078207,0.060893,8.591125,18.466827,4,0,0.000000,1,0.528389,0.879157,1,6,0,none
17.068870,-1.462000,-0.544000,1.506000,-1.421672,-0.485765,1.538676,-1.472392,-0.525295,1.558641,0.006536,0.009929,0.002294,0.999927,0.136844,-0.583832,-0.069776,0.004022,0.003162,0.050261,0.078009,0.056824,2.886280,18.466827,4,0,0.000000,1,0.491410,1.365330,1,1,0,none
17.085468,-1.457000,-0.557000,1.505000,-1.450811,-0.509536,1.581546,-1.468235,-0.532329,1.558750,0.006778,0.010374,0.002141,0.999921,0.144260,-0.575712,-0.070473,0.003998,0.003127,0.049644,0.090280,0.060199,11.715529,16.266236,3,0,0.000000,1,0.615859,1.246555,1,-1,2,anchor1:0-1;1-2
17.102108,-1.453000,-0.566000,1.505000,-1.452832,-0.589961,1.561839,-1.464710,-0.546026,1.557861,0.007955,0.010740,0.001893,0.999909,0.148662,-0.585595,-0.069793,0.003986,0.003168,0.049532,0.061684,0.057710,1.833332,18.466827,4,0,0.000000,1,0.702488,0.829645,1,2,0,none
17.118662,-1.449000,-0.575000,1.505000,-1.581613,-0.579495,1.294938,-1.473262,-0.557532,1.543274,0.008774,0.008313,0.002145,0.999925,0.125196,-0.593119,-0.087875,0.004148,0.003301,0.055934,0.248461,0.048566,3.147196,16.266236,3,0,0.000000,1,0.715474,1.514607,1,-1,2,anchor6:5-6;6-7
17.151974,-1.439000,-0.598000,1.505000,-1.446345,-0.619217,1.502819,-1.466836,-0.581353,1.538334,0.007808,0.008443,0.002075,0.999932,0.134814,-0.605366,-0.090924,0.004131,0.003356,0.056848,0.022558,0.046510,2.001082,18.466827,4,0,0.000000,1,0.456529,0.839370,1,4,0,none
17.168598,-1.435000,-0.607000,1.505000,-1.411074,-0.595918,1.503431,-1.459302,-0.591759,1.534963,0.007261,0.008845,0.001949,0.999933,0.148941,-0.602423,-0.094582,0.004088,0.003373,0.057613,0.026415,0.041481,2.052519,18.466827,4,0,0.000000,1,0.493543,1.359799,1,1,0,none
17.185172,-1.431000,-0.616000,1.505000,-1.411074,-0.595918,1.503431,-1.459302,-0.591759,1.534963,0.007261,0.008845,0.001949,0.999933,0.148941,-0.602423,-0.094582,0.004088,0.003373,0.057613,0.028334,0.047816,-50364267951859264.000000,20.515006,5,0,0.000000,1,21.073080,-nan,0,-1,0,none
17.218436,-1.421000,-0.636000,1.505000,-1.422979,-0.693763,1.516442,-1.448594,-0.629279,1.529572,0.007515,0.008767,0.002031,0.999931,0.157408,-0.610237,-0.092749,0.004066,0.003442,0.057955,0.058919,0.037555,17.349179,20.515006,5,0,0.000000,1,0.418243,0.728710,1,-1,0,none
17.251683,-1.413000,-0.654000,1.505000,-1.482174,-0.679418,1.353927,-1.447502,-0.652538,1.516514,0.007480,0.009425,0.001442,0.999927,0.155851,-0.613472,-0.105323,0.004139,0.003525,0.062445,0.168090,0.036402,5.764856,16.266236,3,0,0.000000,1,0.698625,1.473203,1,-1,2,anchor6:5-6;6-7
17.268300,-1.407000,-0.665000,1.506000,-1.345057,-0.716999,1.620131,-1.434071,-0.668332,1.520702,0.009179,0.012021,0.001372,0.999885,0.189448,-0.626527,-0.096545,0.004038,0.003541,0.059705,0.139881,0.030986,9.928895,18.466827,4,0,0.000000,1,0.567415,1.109794,1,3,0,none
17.284994,-1.401000,-0.676000,1.506000,-1.419315,-0.724024,1.408480,-1.429548,-0.683361,1.512857,0.010974,0.013157,0.001206,0.999852,0.195756,-0.637671,-0.107677,0.004058,0.003600,0.062437,0.110236,0.030269,9.153273,20.515006,5,0,0.000000,1,0.418065,0.727424,1,-1,0,none
17.301608,-1.397000,-0.684000,1.506000,-1.373360,-0.706410,1.423084,-1.420683,-0.695109,1.506141,0.012146,0.015090,0.001327,0.999811,0.213100,-0.640343,-0.116299,0.004043,0.003626,0.064548,0.089086,0.026159,-6909413179494384.000000,20.515006,5,0,0.000000,1,0.484926,0.765844,1,-1,0,none
17.318206,-1.393000,-0.693000,1.506000,-1.412097,-0.671704,1.620731,-1.416808,-0.702252,1.510596,0.012337,0.016225,0.001454,0.999791,0.219255,-0.633313,-0.109735,0.004003,0.003581,0.061791,0.118243,0.025952,3.869413,16.266236,3,0,0.000000,1,0.609168,1.240697,1,-1,2,anchor1:0-1;1-2
17.351404,-1.382000,-0.712000,1.506000,-1.346792,-0.725072,1.506429,-1.402883,-0.723095,1.506756,0.014775,0.018836,0.001372,0.999712,0.248392,-0.631333,-0.114969,0.003962,0.003582,0.061759,0.037559,0.023660,14.814032,20.515006,5,0,0.000000,1,0.413690,0.730259,1,-1,0,none
17.368140,-1.377000,-0.720000,1.506000,-1.325330,-0.689141,1.674220,-1.391598,-0.728811,1.514106,0.015351,0.020375,0.001353,0.999674,0.272437,-0.620969,-0.105162,0.003857,0.003518,0.057745,0.178662,0.018880,2.591412,16.266236,3,0,0.000000,1,0.596900,1.227185,1,-1,2,anchor1:0-1;1-2
17.384705,-1.372000,-0.728000,1.506000,-1.352375,-0.822227,1.377206,-1.383313,-0.747398,1.504902,0.017487,0.021409,0.001188,0.999617,0.292079,-0.643463,-0.113451,0.003896,0.003594,0.060809,0.160784,0.022483,9.478518,18.466827,4,0,0.000000,1,0.536063,0.869107,1,6,0,none
17.401282,-1.365000,-0.739000,1.506000,-1.363327,-0.745007,1.606267,-1.377366,-0.756267,1.508648,0.018045,0.021377,0.001406,0.999608,0.303656,-0.639114,-0.107583,0.003843,0.003568,0.058492,0.100460,0.021403,8.032785,16.266236,3,0,0.000000,1,0.604384,1.230828,1,-1,2,anchor1:0-1;1-2
17.417929,-1.360000,-0.747000,1.506000,-1.304794,-0.752189,1.618556,-1.366291,-0.765101,1.512615,0.018510,0.021570,0.001598,0.999595,0.325111,-0.635612,-0.101344,0.003764,0.003538,0.055977,0.125473,0.020273,2.875813,18.466827,4,0,0.000000,1,0.475182,1.339112,1,1,0,none
17.451246,-1.348000,-0.766000,1.506000,-1.348596,-0.824101,1.388814,-1.354291,-0.790071,1.502566,0.019381,0.020156,0.001475,0.999608,0.346033,-0.651456,-0.112379,0.003820,0.003581,0.058643,0.130800,0.025115,12.622276,16.266236,3,0,0.000000,1,0.677244,1.417348,1,-1,2,anchor6:5-6;6-7
17.534368,-1.316000,-0.812000,1.506000,-1.334928,-0.876223,1.582399,-1.325610,-0.848698,1.498697,0.019481,0.018978,0.001132,0.999629,0.378376,-0.671390,-0.110873,0.003778,0.003571,0.056411,0.101585,0.038632,5.592747,20.515006,5,0,0.000000,1,0.412003,0.739441,1,-1,0,none
17.550893,-1.310000,-0.820000,1.506000,-1.226000,-0.741537,1.678004,-1.308776,-0.844896,1.507658,0.017118,0.020701,0.001742,0.999638,0.409829,-0.642308,-0.097940,0.003653,0.003489,0.051885,0.206876,0.024981,3.568339,16.266236,3,0,0.000000,1,0.432354,1.213728,1,-1,2,anchor0:7-0;0-1
17.584194,-1.296000,-0.838000,1.506000,-1.237083,-0.802526,1.664815,-1.288416,-0.858156,1.514342,0.016180,0.022352,0.001714,0.999618,0.438188,-0.623055,-0.083027,0.003545,0.003415,0.047942,0.173066,0.023095,2.885614,16.266236,3,0,0.000000,1,0.434338,1.215666,1,-1,2,anchor0:7-0;0-1
17.600795,-1.290000,-0.846000,1.506000,-1.296933,-0.867798,1.592489,-1.283258,-0.868547,1.517941,0.017024,0.022501,0.001585,0.999601,0.442635,-0.623251,-0.076038,0.003519,0.003320,0.045999,0.089462,0.026389,-317239434805246.000000,20.515006,5,0,0.000000,1,0.507938,1.469105,1,-1,0,none
17.617433,-1.284000,-0.854000,1.506000,-1.254349,-0.933731,1.597211,-1.274001,-0.884618,1.521517,0.018668,0.023175,0.001642,0.999556,0.455950,-0.637502,-0.070494,0.003471,0.003293,0.044152,0.124722,0.035752,5.762269,18.466827,4,0,0.000000,1,0.547771,0.867827,1,6,0,none
17.633986,-1.276000,-0.865000,1.506000,-1.322296,-0.919052,1.513663,-1.272621,-0.897416,1.520152,0.019693,0.022432,0.001664,0.999553,0.454169,-0.648776,-0.070522,0.003481,0.003298,0.044347,0.071580,0.035531,10.516246,16.266236,3,0,0.000000,1,0.666500,1.392302,1,-1,2,anchor6:5-6;6-7
17.650671,-1.270000,-0.873000,1.506000,-1.253873,-0.866550,1.716476,-1.264633,-0.903762,1.530338,0.019536,0.021717,0.001452,0.999572,0.462958,-0.642623,-0.056869,0.003433,0.003283,0.040182,0.211192,0.039591,8.548128,18.466827,4,0,0.000000,1,0.463224,1.329438,1,1,0,none
17.667311,-1.261000,-0.883000,1.506000,-1.231295,-0.809343,1.811708,-1.254941,-0.903720,1.545138,0.018383,0.021413,0.001796,0.999600,0.474725,-0.622659,-0.038399,0.003341,0.003203,0.034285,0.315856,0.044697,5.657242,16.266236,3,0,0.000000,1,0.423978,1.219552,1,-1,2,anchor0:7-0;0-1
17.683934,-1.254000,-0.892000,1.506000,-1.178891,-0.805313,1.764036,-1.240391,-0.903304,1.556671,0.016828,0.022277,0.002125,0.999608,0.494504,-0.599943,-0.024266,0.003291,0.003132,0.029850,0.282381,0.053670,7.087466,16.266236,3,0,0.000000,1,0.423370,1.206689,1,-1,2,anchor0:7-0;0-1
17.750446,-1.226000,-0.925000,1.506000,-1.203760,-0.939761,1.754278,-1.206844,-0.943014,1.566817,0.015744,0.020226,0.002260,0.999669,0.519514,-0.604279,-0.020192,0.003185,0.003009,0.025436,0.249709,0.066259,9.764084,16.266236,3,0,0.000000,1,0.425839,1.210749,1,-1,2,anchor0:7-0;0-1
17.767002,-1.217000,-0.936000,1.506000,-1.190848,-0.981046,1.652184,-1.197904,-0.955753,1.571553,0.016172,0.019885,0.002188,0.999669,0.527114,-0.613302,-0.014210,0.003143,0.002953,0.023596,0.155187,0.071077,18.826849,18.466827,4,1,0.000000,1,0.554008,0.865148,1,6,0,none
17.833520,-1.187000,-0.970000,1.505000,-1.153166,-0.902422,1.759674,-1.161992,-0.984114,1.582942,0.013782,0.019654,0.002060,0.999710,0.548727,-0.589199,0.000533,0.003036,0.002785,0.019394,0.265651,0.083064,0.563805,16.266236,3,0,0.000000,1,0.421825,1.200529,1,-1,2,anchor0:7-0;0-1
17.850129,-1.178000,-0.980000,1.505000,-1.138253,-1.057240,1.751102,-1.151871,-1.001462,1.593755,0.014780,0.019453,0.001724,0.999700,0.557806,-0.607665,0.016484,0.002959,0.002656,0.015713,0.260983,0.094978,14.704055,18.466827,4,0,0.000000,1,0.563730,0.865551,1,6,0,none
17.883436,-1.163000,-0.996000,1.505000,-1.120442,-0.915868,1.904925,-1.132508,-1.008684,1.614414,0.012552,0.018452,0.002045,0.999749,0.569724,-0.581526,0.043814,0.002846,0.002482,0.008996,0.410089,0.114289,4.715440,16.266236,3,0,0.000000,1,0.410562,1.200001,1,-1,2,anchor0:7-0;0-1
17.933368,-1.139000,-1.022000,1.505000,-1.124036,-1.061943,1.622453,-1.106729,-1.040496,1.617306,0.010603,0.016223,0.001712,0.999811,0.578642,-0.587011,0.054172,0.002841,0.002473,0.008895,0.124959,0.118306,4.388824,18.466827,4,0,0.000000,1,0.652976,0.858372,1,2,0,none
17.949930,-1.129000,-1.032000,1.505000,-1.145505,-1.078821,1.675588,-1.103398,-1.053597,1.622103,0.009890,0.015321,0.001839,0.999832,0.570939,-0.593003,0.057966,0.002814,0.002432,0.007718,0.177665,0.121799,-25379509444842.125000,20.515006,5,0,0.000000,1,0.386482,1.591350,1,-1,0,none
17.966580,-1.122000,-1.040000,1.506000,-1.145505,-1.078821,1.675588,-1.103398,-1.053597,1.622103,0.009890,0.015321,0.001839,0.999832,0.570939,-0.593003,0.057966,0.002814,0.002432,0.007718,0.175555,0.118367,-4602.109697,20.515006,5,0,0.000000,1,0.995244,2.504913,0,-1,0,none
17.983198,-1.115000,-1.047000,1.506000,-1.106398,-1.051144,1.607064,-1.087327,-1.070024,1.622915,0.007597,0.014078,0.001439,0.999871,0.577166,-0.582963,0.057612,0.002817,0.002445,0.008099,0.101514,0.122331,14.149193,20.515006,5,0,0.000000,1,0.398451,0.746038,1,-1,0,none
18.016438,-1.097000,-1.065000,1.506000,-1.066511,-0.999449,1.828314,-1.068467,-1.078051,1.638323,0.005169,0.013839,0.001597,0.999890,0.584482,-0.556183,0.072121,0.002805,0.002333,0.003792,0.330322,0.135992,0.505317,16.266236,3,0,0.000000,1,0.411296,1.183683,1,-1,2,anchor0:7-0;0-1
18.033020,-1.088000,-1.075000,1.506000,-1.115621,-1.149481,1.522497,-1.065253,-1.094292,1.632054,0.004826,0.013089,0.001442,0.999902,0.572579,-0.566239,0.059435,0.002830,0.002415,0.006229,0.081133,0.129535,10.784160,18.466827,4,0,0.000000,1,0.566342,0.851556,1,6,0,none
18.049698,-1.081000,-1.082000,1.506000,-1.032707,-1.058646,1.766431,-1.053411,-1.098799,1.641377,0.003099,0.013383,0.000957,0.999905,0.579981,-0.553361,0.066621,0.002807,0.002328,0.003589,0.265898,0.139178,8.319713,18.466827,4,0,0.000000,1,0.443536,1.284450,1,1,0,none
18.066230,-1.073000,-1.090000,1.506000,-1.032707,-1.058646,1.766431,-1.053411,-1.098799,1.641377,0.003099,0.013383,0.000957,0.999905,0.579981,-0.553361,0.066621,0.002807,0.002328,0.003589,0.265388,0.137070,-3667230863163374.000000,20.515006,5,0,0.000000,1,6.096126,0.879849,0,-1,0,none
18.082856,-1.063000,-1.100000,1.505000,-1.050095,-1.101882,1.654183,-1.036142,-1.115064,1.644123,0.002206,0.014080,0.000945,0.999898,0.582686,-0.541057,0.059930,0.002805,0.002320,0.003393,0.149752,0.142490,16.925183,20.515006,5,0,0.000000,1,0.400660,0.740085,1,-1,0,none
18.132746,-1.038000,-1.123000,1.505000,-1.054017,-1.149642,1.600303,-1.012673,-1.142180,1.643974,0.002675,0.014700,0.000923,0.999888,0.587837,-0.527381,0.056627,0.002817,0.002356,0.004375,0.100245,0.142559,-5075779370221566.000000,20.515006,5,0,0.000000,1,0.714685,0.933015,1,-1,0,none
18.149349,-1.030000,-1.130000,1.504000,-1.011848,-1.181958,1.604162,-1.004119,-1.154084,1.642303,0.003475,0.015076,0.001015,0.999880,0.591406,-0.530251,0.055578,0.002821,0.002389,0.005172,0.114287,0.142750,16.661373,20.515006,5,0,0.000000,1,0.398182,0.737610,1,-1,0,none
18.199242,-1.005000,-1.152000,1.504000,-0.990050,-1.170535,1.691075,-0.976769,-1.178724,1.648276,0.004158,0.016797,0.001222,0.999850,0.600682,-0.518588,0.065267,0.002824,0.002356,0.004279,0.188585,0.149422,6.273108,18.466827,4,0,0.000000,1,0.443805,1.264100,1,1,0,none
18.215880,-0.995000,-1.161000,1.504000,-0.998314,-1.171266,1.750050,-0.970795,-1.184921,1.655900,0.004247,0.016669,0.001503,0.999851,0.597233,-0.507491,0.075317,0.002817,0.002272,0.002424,0.246287,0.155665,-7309128483504124.000000,20.515006,5,0,0.000000,1,0.804023,0.929011,1,-1,0,none
18.265777,-0.969000,-1.183000,1.503000,-0.907353,-1.216276,1.691798,-0.936709,-1.210907,1.661796,0.003296,0.018087,0.001550,0.999830,0.616419,-0.507092,0.077389,0.002809,0.002251,0.001769,0.201376,0.164431,19.917035,20.515006,5,0,0.000000,1,0.394569,0.737024,1,-1,0,none
18.282368,-0.961000,-1.189000,1.503000,-0.907353,-1.216276,1.691798,-0.936709,-1.210907,1.661796,0.003296,0.018087,0.001550,0.999830,0.616419,-0.507092,0.077389,0.002809,0.002251,0.001769,0.198158,0.162129,-203029627215855.750000,20.515006,5,0,0.000000,1,1.452901,1.183657,0,-1,0,none
18.315654,-0.943000,-1.204000,1.503000,-0.907353,-1.216276,1.691798,-0.936709,-1.210907,1.661796,0.003296,0.018087,0.001550,0.999830,0.616419,-0.507092,0.077389,0.002809,0.002251,0.001769,0.192526,0.159070,73.595588,16.266236,3,1,0.000000,1,0.505000,1.156944,0,-1,2,subset_anchor4:3-4;4-5
18.332218,-0.934000,-1.210000,1.502000,-0.907353,-1.216276,1.691798,-0.936709,-1.210907,1.661796,0.003296,0.018087,0.001550,0.999830,0.616419,-0.507092,0.077389,0.002809,0.002251,0.001769,0.191762,0.159821,64.953401,16.266236,3,1,0.000000,1,0.710024,1.220690,0,-1,2,anchor3:2-3;3-4
18.348949,-0.924000,-1.218000,1.502000,-0.907353,-1.216276,1.691798,-0.936709,-1.210907,1.661796,0.003296,0.018087,0.001550,0.999830,0.616419,-0.507092,0.077389,0.002809,0.002251,0.001769,0.190535,0.160457,75.592350,16.266236,3,1,0.000000,1,0.713083,1.233904,0,-1,2,anchor3:2-3;3-4
18.365476,-0.916000,-1.225000,1.502000,-0.907353,-1.216276,1.691798,-0.936709,-1.210907,1.661796,0.003296,0.018087,0.001550,0.999830,0.616419,-0.507092,0.077389,0.002809,0.002251,0.001769,0.190195,0.161747,79.692999,16.266236,3,1,0.000000,1,0.716869,1.238955,0,-1,2,anchor3:2-3;3-4
18.448611,-0.869000,-1.258000,1.501000,-0.907353,-1.216276,1.691798,-0.936709,-1.210907,1.661796,0.003296,0.018087,0.001550,0.999830,0.616419,-0.507092,0.077389,0.002809,0.002251,0.001769,0.199037,0.180714,87.628460,16.266236,3,1,0.000000,1,0.715086,1.241008,0,-1,2,anchor3:2-3;3-4
18.481861,-0.852000,-1.269000,1.501000,-0.752163,-1.261010,1.724039,-0.785926,-1.303931,1.682606,0.006122,0.024683,0.001734,0.999675,0.714844,-0.449509,0.083153,0.002804,0.002120,0.000605,0.244495,0.196384,7.655475,16.266236,3,0,0.000000,1,0.406994,1.105070,1,-1,2,anchor0:7-0;0-1
18.498441,-0.840000,-1.276000,1.501000,-0.732807,-1.194186,1.854951,-0.767357,-1.289638,1.699489,0.004928,0.025171,0.001665,0.999670,0.732673,-0.411852,0.099655,0.002864,0.002016,-0.003395,0.378768,0.211804,2.955476,16.266236,3,0,0.000000,1,0.402031,1.107939,1,-1,2,anchor0:7-0;0-1
18.515059,-0.831000,-1.282000,1.501000,-0.727367,-1.200639,1.890682,-0.750840,-1.280165,1.717533,0.003545,0.025625,0.001723,0.999664,0.753171,-0.380555,0.120101,0.002937,0.001825,-0.007622,0.411353,0.230902,3.952461,16.266236,3,0,0.000000,1,0.401114,1.108215,1,-1,2,anchor0:7-0;0-1
18.614859,-0.771000,-1.319000,1.501000,-0.673507,-1.276127,1.722878,-0.673714,-1.310082,1.729020,0.001875,0.022023,0.000977,0.999755,0.786835,-0.368612,0.126733,0.002936,0.001814,-0.007472,0.246115,0.248067,0.421258,16.266236,3,0,0.000000,1,0.405224,1.087148,1,-1,2,anchor0:7-0;0-1
18.648038,-0.750000,-1.332000,1.502000,-0.765788,-1.411425,1.443525,-0.667757,-1.336880,1.706173,0.002611,0.019863,0.001440,0.999798,0.763106,-0.387526,0.101878,0.002954,0.002174,-0.000752,0.099885,0.220169,-621783875616757.000000,20.515006,5,0,0.000000,1,0.723808,1.095599,1,-1,0,none
18.697966,-0.719000,-1.350000,1.502000,-0.692101,-1.308718,1.721796,-0.640141,-1.348180,1.712353,0.001790,0.016865,0.001893,0.999854,0.753284,-0.376452,0.101389,0.002997,0.002134,-0.000945,0.225252,0.224656,5.901969,16.266236,3,0,0.000000,1,0.406284,1.089985,1,-1,2,anchor0:7-0;0-1
18.731161,-0.701000,-1.361000,1.502000,-0.692101,-1.308718,1.721796,-0.640141,-1.348180,1.712353,0.001790,0.016865,0.001893,0.999854,0.753284,-0.376452,0.101389,0.002997,0.002134,-0.000945,0.226104,0.219355,71.308009,16.266236,3,1,0.000000,1,0.508903,1.211361,0,-1,2,anchor4:3-4;4-5
18.747889,-0.689000,-1.368000,1.503000,-0.692101,-1.308718,1.721796,-0.640141,-1.348180,1.712353,0.001790,0.016865,0.001893,0.999854,0.753284,-0.376452,0.101389,0.002997,0.002134,-0.000945,0.226706,0.215890,40.254071,13.815511,2,1,0.000000,1,1.549930,3.184740,0,1,2,anchor3:2-3;3-4
18.764441,-0.677000,-1.375000,1.503000,-0.692101,-1.308718,1.721796,-0.640141,-1.348180,1.712353,0.001790,0.016865,0.001893,0.999854,0.753284,-0.376452,0.101389,0.002997,0.002134,-0.000945,0.229114,0.214258,63.758449,16.266236,3,1,0.000000,1,0.739653,1.289183,0,-1,2,anchor3:2-3;3-4
18.781082,-0.668000,-1.381000,1.503000,-0.692101,-1.308718,1.721796,-0.640141,-1.348180,1.712353,0.001790,0.016865,0.001893,0.999854,0.753284,-0.376452,0.101389,0.002997,0.002134,-0.000945,0.231684,0.213733,12.139858,13.815511,2,1,0.000000,1,0.770989,1.110163,0,2,2,wls_gate:reference_dist=0.988m,vertical_dist=0.772m,step=0.995m chi2=12.14/13.82
18.814309,-0.646000,-1.393000,1.503000,-0.692101,-1.308718,1.721796,-0.640141,-1.348180,1.712353,0.001790,0.016865,0.001893,0.999854,0.753284,-0.376452,0.101389,0.002997,0.002134,-0.000945,0.238957,0.214177,49.156507,16.266236,3,1,0.000000,1,0.738431,1.292106,0,-1,2,anchor3:2-3;3-4
18.847574,-0.624000,-1.406000,1.503000,-0.577758,-1.409642,1.750101,-0.537728,-1.404150,1.730241,-0.009571,0.013857,0.003280,0.999853,0.751439,-0.343405,0.101025,0.003051,0.002117,-0.001458,0.251417,0.243073,7.242091,16.266236,3,0,0.000000,1,0.404668,1.062853,1,-1,2,anchor0:7-0;0-1
18.914150,-0.588000,-1.426000,1.503000,-0.577758,-1.409642,1.750101,-0.537728,-1.404150,1.730241,-0.009571,0.013857,0.003280,0.999853,0.751439,-0.343405,0.101025,0.003051,0.002117,-0.001458,0.247853,0.233759,48.763769,13.815511,2,1,0.000000,1,1.571662,3.241061,0,1,2,anchor3:2-3;3-4
18.930659,-0.575000,-1.432000,1.503000,-0.577758,-1.409642,1.750101,-0.537728,-1.404150,1.730241,-0.009571,0.013857,0.003280,0.999853,0.751439,-0.343405,0.101025,0.003051,0.002117,-0.001458,0.248125,0.231955,19.401809,13.815511,2,1,0.000000,1,0.761312,1.084544,0,2,2,wls_gate:reference_dist=0.933m,vertical_dist=0.720m,step=0.929m chi2=19.40/13.82
18.980612,-0.545000,-1.447000,1.502000,-0.523340,-1.526236,1.661640,-0.458487,-1.466089,1.732330,-0.021574,0.012805,0.004590,0.999675,0.732819,-0.308157,0.080716,0.003072,0.002282,0.000843,0.179534,0.246781,9.923998,20.515006,5,0,0.000000,1,0.379049,0.720074,1,-1,0,none
18.997181,-0.532000,-1.452000,1.502000,-0.462501,-1.394221,1.826871,-0.450380,-1.454968,1.744464,-0.023147,0.013440,0.004054,0.999634,0.732933,-0.276659,0.092217,0.003159,0.002138,-0.001438,0.337209,0.255850,0.718645,16.266236,3,0,0.000000,1,0.399934,1.051849,1,-1,2,anchor0:7-0;0-1
19.146775,-0.439000,-1.486000,1.501000,-0.418485,-1.545766,1.743990,-0.359570,-1.503224,1.757319,-0.020837,0.016398,0.004733,0.999637,0.729685,-0.214761,0.104438,0.003215,0.002204,-0.000959,0.251072,0.268896,15.306623,16.266236,3,0,0.000000,1,0.499424,1.055659,1,-1,2,anchor1:0-1;1-2
19.196760,-0.407000,-1.494000,1.501000,-0.418485,-1.545766,1.743990,-0.359570,-1.503224,1.757319,-0.020837,0.016398,0.004733,0.999637,0.729685,-0.214761,0.104438,0.003215,0.002204,-0.000959,0.248708,0.260833,36.402322,13.815511,2,1,0.000000,1,1.580974,3.309732,0,1,2,anchor3:2-3;3-4
19.213352,-0.397000,-1.496000,1.501000,-0.418485,-1.545766,1.743990,-0.359570,-1.503224,1.757319,-0.020837,0.016398,0.004733,0.999637,0.729685,-0.214761,0.104438,0.003215,0.002204,-0.000959,0.248963,0.259138,62.252437,16.266236,3,1,0.000000,1,0.587068,1.394130,0,-1,2,anchor2:1-2;2-3
19.229881,-0.384000,-1.499000,1.501000,-0.418485,-1.545766,1.743990,-0.359570,-1.503224,1.757319,-0.020837,0.016398,0.004733,0.999637,0.729685,-0.214761,0.104438,0.003215,0.002204,-0.000959,0.249841,0.257515,4.710873,13.815511,2,1,0.000000,1,0.673380,1.200421,0,4,2,wls_gate:vertical_dist=0.597m chi2=4.71/13.82
19.246618,-0.375000,-1.501000,1.501000,-0.479611,-1.693078,1.247244,-0.333682,-1.563876,1.695817,-0.014227,0.013899,0.006625,0.999780,0.680064,-0.228817,0.039779,0.002789,0.002768,0.012918,0.335007,0.208840,16.873706,13.815511,2,1,0.000000,1,0.536887,1.043653,1,2,2,anchor1:0-1;1-2
19.313021,-0.329000,-1.509000,1.501000,-0.281541,-1.436122,1.995163,-0.287214,-1.545489,1.738494,-0.012067,0.015807,0.005175,0.999789,0.691206,-0.163412,0.071840,0.003211,0.002461,0.005462,0.501758,0.243887,15.371599,16.266236,3,0,0.000000,1,0.394220,1.044652,1,-1,2,anchor0:7-0;0-1
19.329720,-0.319000,-1.510000,1.501000,-0.238310,-1.379015,1.944717,-0.268535,-1.515068,1.764417,-0.013408,0.016333,0.003494,0.999771,0.703276,-0.111341,0.092833,0.003444,0.002200,0.000783,0.469631,0.268255,2.526650,16.266236,3,0,0.000000,1,0.392967,1.031115,1,-1,2,anchor0:7-0;0-1
19.346306,-0.309000,-1.511000,1.501000,-0.316082,-1.459335,1.833022,-0.267157,-1.507119,1.773376,-0.013112,0.015543,0.003348,0.999788,0.692376,-0.089675,0.101161,0.003553,0.002115,-0.000581,0.336092,0.275599,9.687330,16.266236,3,0,0.000000,1,0.398315,1.039953,1,-1,2,anchor0:7-0;0-1
19.362879,-0.296000,-1.513000,1.501000,-0.265876,-1.440810,1.855773,-0.257674,-1.498290,1.783185,-0.012725,0.015162,0.002940,0.999800,0.693748,-0.070883,0.110499,0.003647,0.002023,-0.002112,0.363294,0.285156,4.283370,16.266236,3,0,0.000000,1,0.396444,1.033725,1,-1,2,anchor0:7-0;0-1
19.429439,-0.253000,-1.519000,1.501000,-0.265876,-1.440810,1.855773,-0.257674,-1.498290,1.783185,-0.012725,0.015162,0.002940,0.999800,0.693748,-0.070883,0.110499,0.003647,0.002023,-0.002112,0.363515,0.282983,42.716455,16.266236,3,1,0.000000,1,0.503924,1.247567,0,-1,2,anchor4:3-4;4-5
19.445985,-0.243000,-1.520000,1.501000,-0.265876,-1.440810,1.855773,-0.257674,-1.498290,1.783185,-0.012725,0.015162,0.002940,0.999800,0.693748,-0.070883,0.110499,0.003647,0.002023,-0.002112,0.364222,0.283399,10.890352,13.815511,2,1,0.000000,1,0.691835,1.254218,0,4,2,wls_gate:vertical_dist=0.625m chi2=10.89/13.82
19.462646,-0.230000,-1.521000,1.501000,-0.265876,-1.440810,1.855773,-0.257674,-1.498290,1.783185,-0.012725,0.015162,0.002940,0.999800,0.693748,-0.070883,0.110499,0.003647,0.002023,-0.002112,0.365487,0.284447,55.175373,13.815511,2,1,0.000000,1,1.574926,3.348782,0,1,2,anchor3:2-3;3-4
19.512469,-0.200000,-1.524000,1.502000,-0.265876,-1.440810,1.855773,-0.257674,-1.498290,1.783185,-0.012725,0.015162,0.002940,0.999800,0.693748,-0.070883,0.110499,0.003647,0.002023,-0.002112,0.369344,0.288188,11.581463,13.815511,2,1,0.000000,1,0.727211,0.977353,0,2,2,wls_gate:reference_dist=0.780m,vertical_dist=0.673m,step=0.865m chi2=11.58/13.82
19.529107,-0.186000,-1.525000,1.502000,-0.265876,-1.440810,1.855773,-0.257674,-1.498290,1.783185,-0.012725,0.015162,0.002940,0.999800,0.693748,-0.070883,0.110499,0.003647,0.002023,-0.002112,0.372321,0.291403,11.344611,13.815511,2,1,0.000000,1,0.733702,0.985876,0,2,2,wls_gate:reference_dist=0.824m,vertical_dist=0.707m,step=0.908m chi2=11.34/13.82
19.579024,-0.152000,-1.528000,1.502000,-0.129663,-1.484306,1.965261,-0.111216,-1.505010,1.828589,-0.010879,0.010221,0.002928,0.999884,0.703107,-0.029145,0.128870,0.003889,0.001881,-0.005724,0.465853,0.329928,1.569531,13.815511,2,0,0.000000,1,0.596701,1.108656,1,3,2,anchor0:7-0;0-1
19.595585,-0.139000,-1.529000,1.502000,-0.044864,-1.431065,1.861404,-0.089386,-1.491528,1.834352,-0.011462,0.011059,0.002087,0.999871,0.719116,-0.003717,0.133404,0.003902,0.001718,-0.006393,0.384219,0.338118,1.372177,16.266236,3,0,0.000000,1,0.391869,1.006435,1,-1,2,anchor0:7-0;0-1
19.612275,-0.129000,-1.530000,1.502000,-0.005091,-1.373605,2.180089,-0.065544,-1.472499,1.873774,-0.012518,0.012106,0.000963,0.999848,0.738396,0.029302,0.167684,0.004255,0.001433,-0.012925,0.706836,0.381509,5.144544,16.266236,3,0,0.000000,1,0.387095,1.021991,1,-1,2,anchor0:7-0;0-1
19.628890,-0.119000,-1.530000,1.502000,-0.057680,-1.487442,1.991883,-0.054232,-1.474628,1.888232,-0.012202,0.012248,0.000981,0.999850,0.736849,0.028057,0.176674,0.004367,0.001353,-0.014903,0.495537,0.395520,4.670863,16.266236,3,0,0.000000,1,0.391661,1.021199,1,-1,2,anchor0:7-0;0-1
19.645552,-0.106000,-1.531000,1.502000,-0.004659,-1.463127,1.938054,-0.036907,-1.472739,1.895531,-0.012412,0.012860,0.000656,0.999840,0.743602,0.029577,0.178796,0.004418,0.001333,-0.015676,0.452791,0.403776,2.450828,16.266236,3,0,0.000000,1,0.390981,1.008937,1,-1,2,anchor0:7-0;0-1
19.662174,-0.096000,-1.532000,1.502000,-0.027956,-1.454871,1.790610,-0.025509,-1.469908,1.888800,-0.012769,0.013354,0.000791,0.999829,0.743408,0.034946,0.170459,0.004331,0.001388,-0.014070,0.306389,0.398044,2.009299,16.266236,3,0,0.000000,1,0.393349,1.002164,1,-1,2,anchor0:7-0;0-1
19.728652,-0.049000,-1.534000,1.502000,0.051341,-1.641703,1.825996,0.027359,-1.490063,1.893851,-0.012563,0.013066,0.001283,0.999835,0.759625,0.015513,0.171963,0.004260,0.001493,-0.012795,0.355867,0.401632,10.997675,16.266236,3,0,0.000000,1,0.906763,1.627238,1,-1,2,anchor3:2-3;3-4
19.761920,-0.025000,-1.536000,1.502000,0.051341,-1.641703,1.825996,0.027359,-1.490063,1.893851,-0.012563,0.013066,0.001283,0.999835,0.759625,0.015513,0.171963,0.004260,0.001493,-0.012795,0.349248,0.397993,16.193536,13.815511,2,1,0.000000,1,1.646590,3.552774,0,1,2,anchor3:2-3;3-4
19.795183,-0.005000,-1.536000,1.502000,-0.191649,-1.751141,1.374329,0.040249,-1.524326,1.856624,-0.015006,0.010938,0.002520,0.999824,0.700356,-0.020583,0.128343,0.003945,0.001767,-0.004152,0.312127,0.357690,9.988598,13.815511,2,0,0.000000,1,0.635776,1.148771,1,1,2,anchor4:3-4;4-5
19.861680,0.042000,-1.537000,1.502000,0.093422,-1.588699,1.736208,0.087592,-1.534652,1.853231,-0.017612,0.013200,0.003233,0.999753,0.701103,-0.024575,0.115844,0.003793,0.001821,-0.002005,0.245297,0.354186,-916806773734891.125000,20.515006,5,0,0.000000,1,0.378951,0.791451,1,-1,0,none
19.878275,0.052000,-1.538000,1.502000,0.093210,-1.480038,1.968613,0.097883,-1.527773,1.865042,-0.019254,0.014149,0.002775,0.999711,0.700686,-0.007734,0.122554,0.003917,0.001782,-0.003771,0.472002,0.366073,2.854535,16.266236,3,0,0.000000,1,0.392102,1.000369,1,-1,2,anchor0:7-0;0-1
19.894809,0.062000,-1.538000,1.501000,0.157836,-1.702641,1.883873,0.115129,-1.549376,1.868520,-0.018618,0.015303,0.003979,0.999702,0.710638,-0.037126,0.123245,0.003898,0.001918,-0.003890,0.427648,0.371514,15.195943,16.266236,3,0,0.000000,1,0.938205,1.679576,1,-1,2,anchor3:2-3;3-4
19.944722,0.096000,-1.537000,1.501000,0.091248,-1.555874,1.767394,0.142754,-1.551447,1.865757,-0.020193,0.014808,0.003800,0.999679,0.712918,-0.025251,0.122613,0.003840,0.001893,-0.002340,0.267104,0.368025,7.687654,18.466827,4,0,0.000000,1,0.394230,1.071500,1,1,0,none
19.961323,0.110000,-1.537000,1.501000,0.187500,-1.686701,1.847325,0.158090,-1.567505,1.866107,-0.019339,0.014494,0.004904,0.999696,0.724417,-0.042226,0.122394,0.003796,0.001994,-0.001972,0.385173,0.369522,9.847204,16.266236,3,0,0.000000,1,0.935145,1.679005,1,-1,2,anchor3:2-3;3-4
20.110946,0.215000,-1.530000,1.501000,0.204150,-1.552875,1.611535,0.257820,-1.567929,1.858887,-0.029166,0.006544,0.003579,0.999547,0.727878,0.007737,0.100730,0.003561,0.001821,0.002523,0.113397,0.362429,5.974137,20.515006,5,0,0.000000,1,0.362556,0.712666,1,-1,0,none
20.360359,0.392000,-1.497000,1.501000,0.436634,-1.513901,1.654920,0.438965,-1.542358,1.853780,-0.022131,-0.003531,0.001239,0.999748,0.724090,0.113161,0.081878,0.003269,0.001567,0.007497,0.161150,0.358771,0.761191,18.466827,4,0,0.000000,1,0.520262,0.841178,1,2,0,none
20.393500,0.417000,-1.490000,1.502000,0.438072,-1.517346,1.705013,0.457059,-1.533481,1.837897,-0.023284,-0.005758,0.001775,0.999711,0.711932,0.129586,0.065475,0.003100,0.001430,0.010556,0.205927,0.341060,20.351354,20.515006,5,0,0.000000,1,0.362741,0.726590,1,-1,0,none
20.410219,0.426000,-1.487000,1.502000,0.482488,-1.527043,1.621465,0.471161,-1.530171,1.814555,-0.023667,-0.006300,0.001879,0.999698,0.710857,0.139938,0.042862,0.002816,0.001323,0.014548,0.138081,0.318738,5.886554,18.466827,4,0,0.000000,1,0.382397,0.756765,1,0,0,none
20.443473,0.451000,-1.481000,1.502000,0.500977,-1.495283,1.534754,0.495805,-1.519469,1.785812,-0.024140,-0.007313,0.002084,0.999680,0.699138,0.156014,0.010954,0.002568,0.001241,0.019348,0.061437,0.289891,4.335829,18.466827,4,0,0.000000,1,0.521188,0.833911,1,2,0,none
20.460069,0.461000,-1.478000,1.502000,0.506892,-1.489015,1.628107,0.506887,-1.512446,1.770326,-0.024569,-0.007685,0.001843,0.999667,0.694322,0.165860,-0.006666,0.002496,0.001118,0.021876,0.134649,0.274392,-310893630494962.500000,20.515006,5,0,0.000000,1,0.581851,0.935268,1,-1,0,none
20.476671,0.474000,-1.473000,1.502000,0.540798,-1.509151,1.620263,0.521041,-1.508905,1.756405,-0.024665,-0.007643,0.001983,0.999665,0.693750,0.173183,-0.018432,0.002286,0.001302,0.024115,0.140553,0.261197,6.791757,18.466827,4,0,0.000000,1,0.517985,0.835107,1,2,0,none
20.493304,0.484000,-1.470000,1.502000,0.524306,-1.512440,1.616106,0.531365,-1.506679,1.743960,-0.024722,-0.007311,0.002256,0.999665,0.687487,0.180543,-0.028220,0.002206,0.001257,0.026113,0.128242,0.249266,11.412051,20.515006,5,0,0.000000,1,0.361617,0.725001,1,-1,0,none
20.526550,0.507000,-1.462000,1.502000,0.590560,-1.471094,1.524609,0.558151,-1.496839,1.724510,-0.025889,-0.005651,0.002871,0.999645,0.692516,0.196631,-0.047675,0.002031,0.001143,0.029040,0.087041,0.230957,10.127704,18.466827,4,0,0.000000,1,0.520719,0.827610,1,2,0,none
20.543140,0.516000,-1.458000,1.502000,0.590560,-1.471094,1.524609,0.558151,-1.496839,1.724510,-0.025889,-0.005651,0.002871,0.999645,0.692516,0.196631,-0.047675,0.002031,0.001143,0.029040,0.079005,0.229774,-2144514059505781.500000,20.515006,5,0,0.000000,1,43.669479,12.835051,0,-1,0,none
20.559843,0.525000,-1.454000,1.502000,0.579446,-1.466825,1.591841,0.580541,-1.487194,1.712065,-0.026331,-0.005697,0.002959,0.999633,0.679562,0.218745,-0.062987,0.001944,0.001075,0.030773,0.105831,0.219804,-3474368279893738.500000,20.515006,5,0,0.000000,1,0.382627,0.848130,1,-1,0,none
20.576494,0.539000,-1.450000,1.502000,0.621845,-1.499415,1.570147,0.595025,-1.485178,1.700058,-0.027012,-0.005220,0.003721,0.999615,0.679675,0.223951,-0.071706,0.001846,0.001045,0.032568,0.118106,0.208814,4.291699,18.466827,4,0,0.000000,1,0.517392,0.829156,1,2,0,none
20.593059,0.549000,-1.445000,1.502000,0.632681,-1.472254,1.668717,0.609009,-1.480449,1.696639,-0.028087,-0.004776,0.003610,0.999588,0.685392,0.232636,-0.070014,0.001809,0.001028,0.032932,0.188520,0.206742,19.885809,20.515006,5,0,0.000000,1,0.364087,0.729697,1,-1,0,none
20.609682,0.561000,-1.441000,1.502000,0.617502,-1.472738,1.645481,0.619652,-1.476257,1.691996,-0.029104,-0.004446,0.003659,0.999560,0.686481,0.243212,-0.069776,0.001784,0.001008,0.033510,0.157437,0.201945,-6496994498692082.000000,20.515006,5,0,0.000000,1,0.375834,0.659343,1,-1,0,none
20.626251,0.570000,-1.436000,1.502000,0.590271,-1.423423,1.606307,0.626901,-1.467598,1.685077,-0.029915,-0.004603,0.003894,0.999534,0.679928,0.262089,-0.074796,0.001769,0.000945,0.034428,0.107000,0.194302,18.029411,20.515006,5,0,0.000000,1,0.363207,0.725556,1,-1,0,none
20.642959,0.579000,-1.432000,1.502000,0.632110,-1.466247,1.602141,0.637453,-1.463473,1.678467,-0.030052,-0.004518,0.003907,0.999530,0.676741,0.269624,-0.082459,0.001732,0.000921,0.035310,0.118414,0.188542,4.422346,20.515006,5,0,0.000000,1,0.362937,0.726761,1,-1,0,none
20.659535,0.592000,-1.426000,1.502000,0.677323,-1.492902,1.890039,0.650987,-1.462075,1.690646,-0.030061,-0.003536,0.003923,0.999534,0.675813,0.271111,-0.072148,0.001815,0.001011,0.033100,0.402902,0.200919,11.360871,16.266236,3,0,0.000000,1,0.978268,1.792797,1,-1,2,anchor3:2-3;3-4
20.692854,0.613000,-1.416000,1.502000,0.650580,-1.444656,1.668788,0.670919,-1.452247,1.686979,-0.030034,-0.000640,0.004736,0.999537,0.665116,0.287513,-0.078072,0.001819,0.000999,0.033298,0.173354,0.197194,0.871167,18.466827,4,0,0.000000,1,0.519599,0.826052,1,2,0,none
20.709455,0.623000,-1.411000,1.502000,0.640071,-1.438856,1.755030,0.678047,-1.446858,1.689954,-0.029454,0.000264,0.005070,0.999553,0.653875,0.297918,-0.076047,0.001874,0.001017,0.032579,0.255131,0.199105,-25378501893253.437500,20.515006,5,0,0.000000,1,0.401262,0.882047,1,-1,0,none
20.726069,0.632000,-1.406000,1.502000,0.709124,-1.495470,1.787993,0.690418,-1.446391,1.694663,-0.028596,0.001339,0.005228,0.999576,0.658532,0.298868,-0.069617,0.001908,0.001078,0.031612,0.309427,0.205336,8.085463,16.266236,3,0,0.000000,1,0.970895,1.786025,1,-1,2,anchor3:2-3;3-4
20.759246,0.653000,-1.394000,1.502000,0.688975,-1.396356,1.645940,0.709928,-1.432982,1.689673,-0.026695,0.002785,0.005522,0.999624,0.657678,0.322282,-0.067696,0.001899,0.001041,0.032063,0.148387,0.199954,-317241449917566.250000,20.515006,5,0,0.000000,1,0.742464,0.780483,1,-1,0,none
20.775880,0.662000,-1.389000,1.502000,0.688975,-1.396356,1.645940,0.709928,-1.432982,1.689673,-0.026695,0.002785,0.005522,0.999624,0.657678,0.322282,-0.067696,0.001899,0.001041,0.032063,0.146631,0.198627,-2487126474825723.500000,20.515006,5,0,0.000000,1,3.369475,-nan,0,-1,0,none
20.792530,0.674000,-1.382000,1.502000,0.685733,-1.411543,1.657224,0.727746,-1.421219,1.685646,-0.025588,0.003720,0.005881,0.999648,0.655617,0.339720,-0.069740,0.001909,0.001023,0.032364,0.158446,0.195327,2.028333,18.466827,4,0,0.000000,1,0.521555,0.821198,1,2,0,none
20.825728,0.692000,-1.371000,1.502000,0.711945,-1.416688,1.678965,0.745698,-1.410554,1.683081,-0.025233,0.002565,0.006094,0.999660,0.647660,0.353030,-0.073171,0.001925,0.001024,0.032407,0.183853,0.192972,-158615888718395.125000,20.515006,5,0,0.000000,1,0.865246,0.719804,1,-1,0,none
20.859036,0.713000,-1.358000,1.502000,0.741771,-1.350917,1.667245,0.764842,-1.394424,1.679755,-0.024883,0.000372,0.006125,0.999672,0.648346,0.372109,-0.075503,0.001932,0.000995,0.032521,0.167881,0.188709,7.294811,18.466827,4,0,0.000000,1,0.525231,0.813445,1,2,0,none
20.875636,0.723000,-1.353000,1.502000,0.698691,-1.381273,1.751973,0.768841,-1.387727,1.682821,-0.024391,-0.001325,0.006187,0.999682,0.635647,0.379852,-0.069573,0.002004,0.001018,0.031751,0.252738,0.189746,8.660882,18.466827,4,0,0.000000,1,0.467148,1.300766,1,5,0,none
20.892311,0.735000,-1.345000,1.502000,0.766608,-1.383782,1.735062,0.777777,-1.381935,1.684791,-0.024461,-0.002003,0.006326,0.999679,0.630752,0.385804,-0.065207,0.002035,0.001039,0.031215,0.238371,0.191329,-203029949630584.062500,20.515006,5,0,0.000000,1,0.367039,0.824104,1,-1,0,none
20.908858,0.744000,-1.339000,1.502000,0.775012,-1.370972,1.694495,0.786765,-1.375376,1.684345,-0.024695,-0.002351,0.006408,0.999672,0.628719,0.391980,-0.064495,0.002045,0.001041,0.031105,0.197581,0.190793,4.665325,18.466827,4,0,0.000000,1,0.523137,0.814225,1,2,0,none
20.925511,0.753000,-1.332000,1.501000,0.804235,-1.343716,1.718154,0.797532,-1.367002,1.685182,-0.024814,-0.002690,0.005941,0.999671,0.631415,0.402493,-0.062610,0.002058,0.001045,0.030759,0.223424,0.192694,6.890768,18.466827,4,0,0.000000,1,0.524782,0.811103,1,2,0,none
20.942217,0.765000,-1.325000,1.501000,0.762857,-1.320638,1.681189,0.804373,-1.357247,1.683941,-0.024250,-0.003738,0.005804,0.999682,0.624383,0.418489,-0.064170,0.002074,0.001029,0.030763,0.180255,0.189888,3.687287,20.515006,5,0,0.000000,1,0.367710,0.729647,1,-1,0,none
20.958776,0.774000,-1.318000,1.501000,0.816942,-1.361231,1.716976,0.814851,-1.351164,1.684663,-0.022768,-0.004007,0.005926,0.999715,0.623214,0.419873,-0.064682,0.002088,0.001044,0.030450,0.224408,0.191051,9.676552,18.466827,4,0,0.000000,1,0.523374,0.811858,1,2,0,none
20.992031,0.795000,-1.303000,1.501000,0.872998,-1.386539,1.931406,0.838081,-1.341520,1.695770,-0.021225,-0.003058,0.006502,0.999749,0.618713,0.420603,-0.053312,0.002183,0.001152,0.028098,0.445322,0.203163,7.741593,16.266236,3,0,0.000000,1,0.996716,1.831770,1,-1,2,anchor3:2-3;3-4
21.008671,0.804000,-1.297000,1.501000,0.808060,-1.340871,1.747321,0.845024,-1.335145,1.697649,-0.020658,-0.003083,0.006726,0.999759,0.611926,0.427063,-0.047797,0.002216,0.001173,0.027601,0.250230,0.204472,-1624249914336251.000000,20.515006,5,0,0.000000,1,0.510924,0.676999,1,-1,0,none
21.025280,0.816000,-1.288000,1.500000,0.855654,-1.307737,1.699448,0.855143,-1.326507,1.697002,-0.019964,-0.002945,0.006803,0.999773,0.612534,0.436619,-0.044784,0.002217,0.001169,0.027569,0.204307,0.204511,9.462852,18.466827,4,0,0.000000,1,0.527460,0.804487,1,2,0,none
21.041932,0.824000,-1.281000,1.500000,0.944891,-1.362731,1.882931,0.870807,-1.323013,1.705757,-0.018744,-0.002812,0.007045,0.999796,0.625977,0.433369,-0.032509,0.002268,0.001251,0.025894,0.409793,0.215155,7.220629,16.266236,3,0,0.000000,1,0.998424,1.838290,1,-1,2,anchor3:2-3;3-4
21.058480,0.833000,-1.275000,1.500000,0.904083,-1.369296,1.854968,0.882488,-1.320128,1.712698,-0.017526,-0.002887,0.007153,0.999817,0.627597,0.428649,-0.024193,0.002315,0.001321,0.024570,0.374094,0.222994,8.867942,16.266236,3,0,0.000000,1,0.988612,1.823464,1,-1,2,anchor3:2-3;3-4
21.075176,0.845000,-1.266000,1.500000,0.816143,-1.265058,1.581948,0.887076,-1.309558,1.705909,-0.017025,-0.003818,0.007134,0.999822,0.612276,0.438752,-0.030509,0.002287,0.001258,0.025700,0.086885,0.214631,12.865176,20.515006,5,0,0.000000,1,0.367300,0.726962,1,-1,0,none
21.091764,0.853000,-1.258000,1.500000,0.847638,-1.253118,1.692275,0.893557,-1.298797,1.704730,-0.016663,-0.004536,0.007158,0.999825,0.601791,0.449130,-0.030448,0.002293,0.001242,0.025788,0.192412,0.212659,-63447403335780.703125,20.515006,5,0,0.000000,1,0.355754,0.798228,1,-1,0,none
21.108389,0.862000,-1.252000,1.500000,0.832066,-1.282181,1.717954,0.897978,-1.291094,1.704884,-0.016698,-0.005651,0.007147,0.999819,0.589977,0.452484,-0.029619,0.002314,0.001244,0.025652,0.222061,0.211661,-207259411116194.625000,20.515006,5,0,0.000000,1,0.378806,0.710803,1,-1,0,none
21.124941,0.871000,-1.245000,1.500000,0.822389,-1.249630,1.569493,0.901416,-1.281386,1.698055,-0.016771,-0.006999,0.006993,0.999810,0.579623,0.462854,-0.035213,0.002284,0.001185,0.026792,0.084934,0.203654,0.736428,18.466827,4,0,0.000000,1,0.533326,0.797525,1,2,0,none
21.141589,0.871000,-1.245000,1.500000,0.827098,-1.233501,1.674423,0.905087,-1.271056,1.696364,-0.016564,-0.008522,0.006878,0.999803,0.569721,0.473616,-0.034913,0.002298,0.001165,0.026960,0.180230,0.200997,5.564485,18.466827,4,0,0.000000,1,0.448552,1.259882,1,5,0,none
21.174863,0.871000,-1.245000,1.500000,0.859720,-1.234317,1.631736,0.919301,-1.253572,1.692241,-0.016243,-0.011073,0.006604,0.999785,0.555135,0.487486,-0.033149,0.002290,0.001135,0.027504,0.132649,0.198402,-511806807411363.500000,20.515006,5,0,0.000000,1,0.395856,0.709926,1,-1,0,none
21.191536,0.911000,-1.211000,1.500000,0.871589,-1.237119,1.610299,0.924007,-1.245121,1.687853,-0.016410,-0.012388,0.006349,0.999768,0.541114,0.492360,-0.039440,0.002273,0.001104,0.028206,0.120005,0.191370,-101515136022772.625000,20.515006,5,0,0.000000,1,0.489073,0.898231,1,-1,0,none
21.208148,0.922000,-1.202000,1.501000,1.007281,-1.298653,1.794506,0.937871,-1.241628,1.692269,-0.015588,-0.013063,0.006255,0.999774,0.545258,0.490750,-0.036817,0.002296,0.001161,0.027310,0.320563,0.195975,3.303829,16.266236,3,0,0.000000,1,0.985239,1.825814,1,-1,2,anchor3:2-3;3-4
21.241375,0.938000,-1.187000,1.501000,0.892190,-1.204358,1.508888,0.950884,-1.223583,1.682201,-0.017061,-0.013062,0.005053,0.999756,0.518896,0.496777,-0.055633,0.002242,0.001084,0.028928,0.049619,0.185305,-5790601994712569.000000,20.515006,5,0,0.000000,1,0.434051,0.882713,1,-1,0,none
21.258007,0.949000,-1.178000,1.501000,0.874237,-1.195892,1.632478,0.952844,-1.214245,1.678947,-0.018171,-0.012550,0.004636,0.999745,0.502122,0.508724,-0.059876,0.002254,0.001057,0.029338,0.152303,0.181641,6.488242,18.466827,4,0,0.000000,1,0.442493,1.247011,1,5,0,none
21.274571,0.956000,-1.170000,1.501000,1.023861,-1.188697,1.660844,0.965266,-1.204793,1.677228,-0.018122,-0.011553,0.004471,0.999759,0.507800,0.522863,-0.059181,0.002221,0.001046,0.029495,0.174656,0.179869,2.758477,18.466827,4,0,0.000000,1,0.537688,0.782830,1,2,0,none
21.307897,0.975000,-1.152000,1.501000,0.978630,-1.177006,1.665725,0.981728,-1.186613,1.674857,-0.018929,-0.010513,0.004189,0.999757,0.499286,0.532603,-0.057818,0.002218,0.001038,0.029578,0.166651,0.177397,-203031561708018.000000,20.515006,5,0,0.000000,1,0.715753,0.885925,1,-1,0,none
21.324503,0.982000,-1.144000,1.501000,0.959083,-1.147333,1.571506,0.987161,-1.175880,1.669065,-0.019514,-0.010244,0.003542,0.999751,0.487213,0.543608,-0.064113,0.002189,0.000989,0.030480,0.074211,0.171140,4.634268,18.466827,4,0,0.000000,1,0.396243,0.832179,1,4,0,none
21.341089,0.993000,-1.134000,1.501000,1.001433,-1.146087,1.700202,0.995320,-1.165744,1.669531,-0.019869,-0.009119,0.003027,0.999756,0.482763,0.551483,-0.061753,0.002199,0.000991,0.030187,0.199746,0.171510,-913641060438008.500000,20.515006,5,0,0.000000,1,0.445468,0.718671,1,-1,0,none
21.357721,1.001000,-1.127000,1.501000,1.001433,-1.146087,1.700202,0.995320,-1.165744,1.669531,-0.019869,-0.009119,0.003027,0.999756,0.482763,0.551483,-0.061753,0.002199,0.000991,0.030187,0.200115,0.173020,-1535423968806907.750000,20.515006,5,0,0.000000,1,0.967321,-nan,0,-1,0,none
21.374388,1.008000,-1.119000,1.502000,1.054535,-1.109986,1.498313,1.014383,-1.144359,1.659428,-0.020840,-0.006440,0.002655,0.999759,0.490512,0.568854,-0.068849,0.002113,0.000919,0.031734,0.047543,0.159585,4.934202,18.466827,4,0,0.000000,1,0.545782,0.769728,1,2,0,none
21.390992,1.018000,-1.108000,1.501000,1.041934,-1.128521,1.688157,1.023922,-1.134490,1.659691,-0.020953,-0.006092,0.001917,0.999760,0.491481,0.575466,-0.070374,0.002114,0.000926,0.031465,0.189794,0.160996,-4089.172307,20.515006,5,0,0.000000,1,0.713723,1.057329,1,-1,0,none
21.407625,1.026000,-1.100000,1.502000,1.043790,-1.094535,1.505804,1.032455,-1.122944,1.651379,-0.020838,-0.006530,0.001585,0.999760,0.491604,0.587324,-0.080469,0.002055,0.000864,0.032826,0.018995,0.151269,6.900893,18.466827,4,0,0.000000,1,0.546805,0.768842,1,2,0,none
21.440887,1.043000,-1.081000,1.501000,1.070772,-1.101764,1.560731,1.050190,-1.103261,1.644529,-0.020059,-0.008189,0.001074,0.999765,0.490886,0.595337,-0.084688,0.002015,0.000836,0.033644,0.069066,0.145423,17.664608,20.515006,5,0,0.000000,1,0.373018,0.730851,1,-1,0,none
21.457508,1.051000,-1.073000,1.502000,1.046494,-1.093897,1.709325,1.057360,-1.093581,1.646281,-0.020014,-0.008692,0.000819,0.999762,0.484073,0.599736,-0.082254,0.002041,0.000857,0.033037,0.208424,0.145880,-5335907452911604.000000,20.515006,5,0,0.000000,1,0.490743,0.676100,1,-1,0,none
21.474100,1.058000,-1.063000,1.502000,1.063764,-1.045324,1.537914,1.064765,-1.081169,1.639885,-0.020489,-0.008205,0.000607,0.999756,0.478314,0.610923,-0.090360,0.002009,0.000805,0.033985,0.040442,0.139241,-609091460967075.875000,20.515006,5,0,0.000000,1,0.386398,1.004885,1,-1,0,none
21.490669,1.068000,-1.052000,1.502000,1.058269,-1.047094,1.636266,1.071344,-1.069649,1.638299,-0.020783,-0.007933,-0.000260,0.999752,0.476619,0.621908,-0.091373,0.002015,0.000792,0.033991,0.134708,0.137478,8.460238,18.466827,4,0,0.000000,1,0.429809,1.206969,1,5,0,none
21.507354,1.076000,-1.044000,1.502000,1.049692,-1.024077,1.497351,1.076914,-1.056846,1.630335,-0.020305,-0.008555,-0.000966,0.999757,0.474101,0.634703,-0.098237,0.001990,0.000736,0.035200,0.033326,0.128979,0.836840,18.466827,4,0,0.000000,1,0.552527,0.760798,1,2,0,none
21.523948,1.083000,-1.035000,1.502000,1.056602,-1.033355,1.714327,1.082730,-1.045612,1.632626,-0.019076,-0.009887,-0.001250,0.999768,0.467352,0.642868,-0.092907,0.002029,0.000751,0.034439,0.213968,0.131057,9.866640,16.266236,3,0,0.000000,1,0.529303,1.076023,1,-1,2,anchor5:4-5;5-6
21.557185,1.099000,-1.014000,1.502000,1.049676,-1.022395,1.512933,1.093961,-1.024269,1.624077,-0.017146,-0.010829,-0.001416,0.999793,0.441117,0.654669,-0.099155,0.002021,0.000718,0.035475,0.051214,0.122612,-2144519298762758.500000,20.515006,5,0,0.000000,1,0.547269,1.431581,1,-1,0,none
21.573852,1.106000,-1.006000,1.502000,1.085311,-0.955675,1.596621,1.099894,-1.009501,1.621213,-0.016170,-0.011546,-0.002015,0.999801,0.437682,0.666633,-0.098937,0.002021,0.000681,0.035677,0.109150,0.119421,-1027841840381931.250000,20.515006,5,0,0.000000,1,0.997027,0.935474,1,-1,0,none
21.590461,1.116000,-0.994000,1.502000,1.103001,-0.979381,1.582946,1.106666,-0.997220,1.617873,-0.014364,-0.012305,-0.002185,0.999819,0.431655,0.674339,-0.103122,0.002012,0.000662,0.035991,0.083276,0.116292,-1624244755686398.000000,20.515006,5,0,0.000000,1,0.572133,1.126247,1,-1,0,none
21.607087,1.123000,-0.986000,1.502000,1.126058,-0.943439,1.586565,1.114607,-0.983027,1.614741,-0.012653,-0.012389,-0.002632,0.999840,0.428598,0.682184,-0.107779,0.001997,0.000634,0.036235,0.094721,0.113092,7.388134,20.515006,5,0,0.000000,1,0.465546,1.059570,1,-1,0,none
21.623716,1.129000,-0.976000,1.502000,1.126058,-0.943439,1.586565,1.114607,-0.983027,1.614741,-0.012653,-0.012389,-0.002632,0.999840,0.428598,0.682184,-0.107779,0.001997,0.000634,0.036235,0.090665,0.113873,-456820530219006.000000,20.515006,5,0,0.000000,1,1.703709,-nan,0,-1,0,none
21.640274,1.138000,-0.965000,1.502000,1.143033,-0.973812,1.615055,1.129504,-0.961636,1.611446,-0.009425,-0.013762,-0.003159,0.999856,0.424105,0.688342,-0.105753,0.001990,0.000642,0.036210,0.113509,0.109827,-7461383938294442.000000,20.515006,5,0,0.000000,1,0.441871,0.715617,1,-1,0,none
21.673629,1.154000,-0.943000,1.502000,1.197999,-1.003456,1.716697,1.147526,-0.943878,1.613282,-0.007207,-0.014279,-0.003017,0.999868,0.414516,0.684106,-0.103804,0.001987,0.000703,0.035251,0.227345,0.111473,10.602876,16.266236,3,0,0.000000,1,0.954153,1.788502,1,-1,2,anchor3:2-3;3-4
21.690181,1.161000,-0.935000,1.502000,1.074341,-0.918799,1.375170,1.147836,-0.931809,1.600256,-0.006473,-0.015137,-0.003157,0.999859,0.397831,0.688002,-0.118832,0.001975,0.000636,0.037369,0.154461,0.099185,0.311555,18.466827,4,0,0.000000,1,0.567019,0.932105,1,7,0,none
21.723474,1.176000,-0.914000,1.502000,1.145425,-0.888343,1.532885,1.159573,-0.907662,1.593181,-0.005330,-0.015824,-0.003600,0.999854,0.391313,0.686126,-0.125148,0.001968,0.000608,0.037946,0.050467,0.092866,0.947991,18.466827,4,0,0.000000,1,0.564397,0.740208,1,2,0,none
21.789908,1.202000,-0.877000,1.502000,1.246766,-0.931067,1.781390,1.190505,-0.869149,1.595698,-0.004042,-0.017237,-0.003676,0.999837,0.382905,0.667212,-0.114258,0.001976,0.000705,0.035994,0.288073,0.094726,1.845469,16.266236,3,0,0.000000,1,0.958024,1.790242,1,-1,2,anchor3:2-3;3-4
21.806584,1.210000,-0.865000,1.502000,1.203770,-0.850018,1.628999,1.197285,-0.857626,1.595711,-0.004108,-0.017874,-0.003544,0.999826,0.373014,0.667114,-0.112973,0.001979,0.000710,0.035642,0.128031,0.094856,4.269026,20.515006,5,0,0.000000,1,0.378923,0.730006,1,-1,0,none
21.823266,1.217000,-0.857000,1.502000,1.197760,-0.923571,1.673485,1.202926,-0.853293,1.598144,-0.003529,-0.017823,-0.003383,0.999829,0.364898,0.654783,-0.106978,0.001997,0.000775,0.034894,0.184956,0.097239,5.580958,16.266236,3,0,0.000000,1,0.934593,1.760461,1,-1,2,anchor3:2-3;3-4
21.839813,1.221000,-0.851000,1.502000,1.270506,-0.870866,1.737534,1.213809,-0.845539,1.603854,-0.003592,-0.017367,-0.003572,0.999836,0.371257,0.648004,-0.097959,0.001991,0.000833,0.033574,0.241499,0.102254,1.126317,16.266236,3,0,0.000000,1,0.946056,1.773275,1,-1,2,anchor3:2-3;3-4
21.856414,1.230000,-0.836000,1.502000,1.259152,-0.931719,1.761691,1.222946,-0.843159,1.610533,-0.003276,-0.016983,-0.003749,0.999843,0.371246,0.634259,-0.089291,0.001996,0.000927,0.032127,0.278301,0.108998,3.047195,16.266236,3,0,0.000000,1,0.957924,1.790962,1,-1,2,anchor3:2-3;3-4
21.873104,1.236000,-0.828000,1.502000,1.283236,-0.867579,1.828715,1.233263,-0.835790,1.620161,-0.003014,-0.016734,-0.003710,0.999849,0.369529,0.633006,-0.078559,0.002001,0.001019,0.030126,0.332477,0.118449,11.846860,16.266236,3,0,0.000000,1,0.959207,1.788921,1,-1,2,anchor3:2-3;3-4
21.889727,1.243000,-0.817000,1.502000,1.168224,-0.789563,1.496749,1.233714,-0.822574,1.612754,-0.004001,-0.016722,-0.003762,0.999845,0.352862,0.635603,-0.085869,0.002015,0.000964,0.031202,0.079824,0.111283,4.107910,18.466827,4,0,0.000000,1,0.577515,0.937388,1,7,0,none
21.906373,1.248000,-0.809000,1.502000,1.242740,-0.784118,1.636655,1.239786,-0.809995,1.612558,-0.005126,-0.015867,-0.003842,0.999854,0.350399,0.636216,-0.084488,0.002018,0.000962,0.030965,0.137035,0.110868,3.054482,20.515006,5,0,0.000000,1,0.380275,0.728925,1,-1,0,none
21.922907,1.253000,-0.800000,1.502000,1.207773,-0.782690,1.539069,1.242455,-0.798632,1.607691,-0.005983,-0.015221,-0.003796,0.999859,0.339525,0.638801,-0.090569,0.002024,0.000933,0.031584,0.060986,0.106225,6.940513,20.515006,5,0,0.000000,1,0.377948,0.726418,1,-1,0,none
21.939569,1.260000,-0.789000,1.502000,1.236174,-0.797875,1.631993,1.247045,-0.789046,1.607463,-0.006683,-0.014370,-0.003875,0.999867,0.333251,0.637083,-0.088783,0.002032,0.000945,0.031360,0.132456,0.106255,-951705407761062.000000,20.515006,5,0,0.000000,1,0.410586,0.777033,1,-1,0,none
21.956180,1.266000,-0.780000,1.502000,1.267904,-0.761693,1.607144,1.253562,-0.777468,1.606076,-0.007384,-0.013515,-0.004247,0.999872,0.335476,0.639833,-0.086954,0.002026,0.000939,0.031349,0.106743,0.104848,7.782987,20.515006,5,0,0.000000,1,0.459854,0.734142,1,-1,0,none
21.972844,1.271000,-0.773000,1.502000,1.311612,-0.865359,1.727382,1.262868,-0.773916,1.610508,-0.007084,-0.013017,-0.004012,0.999882,0.341753,0.627386,-0.076557,0.002016,0.001011,0.030354,0.246934,0.108816,0.892041,16.266236,3,0,0.000000,1,0.951301,1.781250,1,-1,2,anchor3:2-3;3-4
21.989409,1.277000,-0.761000,1.502000,1.266238,-0.782243,1.604760,1.268055,-0.765298,1.609112,-0.006719,-0.013044,-0.004016,0.999884,0.335460,0.623824,-0.076288,0.002016,0.001016,0.030397,0.105483,0.107570,4.894375,18.466827,4,0,0.000000,1,0.575162,0.721480,1,2,0,none
22.005996,1.282000,-0.753000,1.502000,1.253374,-0.687890,1.551068,1.271989,-0.750712,1.605249,-0.007227,-0.013375,-0.004143,0.999876,0.329266,0.629098,-0.078365,0.002021,0.000974,0.030842,0.086409,0.103758,2.479337,18.466827,4,0,0.000000,1,0.414612,0.685177,1,0,0,none
22.022727,1.287000,-0.744000,1.501000,1.276268,-0.718355,1.569076,1.277260,-0.738999,1.602391,-0.008580,-0.013528,-0.004181,0.999863,0.330383,0.629777,-0.078523,0.002019,0.000955,0.031122,0.073534,0.101980,7.047071,18.466827,4,0,0.000000,1,0.434711,0.886918,1,1,0,none
22.039306,1.294000,-0.734000,1.502000,1.367190,-0.806991,1.681594,1.288337,-0.733945,1.604806,-0.008693,-0.013106,-0.004131,0.999868,0.337389,0.622757,-0.074552,0.001990,0.001005,0.030514,0.207216,0.102962,0.327636,16.266236,3,0,0.000000,1,0.945476,1.772957,1,-1,2,anchor3:2-3;3-4
22.055949,1.299000,-0.724000,1.502000,1.315903,-0.705006,1.469952,1.295285,-0.722258,1.597589,-0.008939,-0.013105,-0.004133,0.999866,0.331920,0.627466,-0.083013,0.001978,0.000953,0.031596,0.040909,0.095677,-114202714447865.375000,20.515006,5,0,0.000000,1,0.636108,0.677642,1,-1,0,none
22.072504,1.304000,-0.716000,1.502000,1.304839,-0.730121,1.457090,1.300731,-0.713372,1.590109,-0.009063,-0.013167,-0.003991,0.999864,0.326610,0.629169,-0.091209,0.001972,0.000914,0.032718,0.047085,0.088209,8.020173,20.515006,5,0,0.000000,1,0.458999,0.728953,1,-1,0,none
22.089156,1.310000,-0.705000,1.502000,1.311620,-0.686522,1.551131,1.306340,-0.702113,1.586988,-0.009549,-0.013042,-0.003989,0.999861,0.325168,0.631010,-0.092722,0.001970,0.000895,0.033013,0.052516,0.085116,2.662117,20.515006,5,0,0.000000,1,0.459664,0.731099,1,-1,0,none
22.122413,1.320000,-0.685000,1.502000,1.406891,-0.752924,1.731632,1.322887,-0.686644,1.590708,-0.010329,-0.013669,-0.003876,0.999846,0.327676,0.626590,-0.087794,0.001926,0.000970,0.031851,0.254745,0.088770,4.692168,16.266236,3,0,0.000000,1,0.949611,1.774054,1,-1,2,anchor3:2-3;3-4
22.139009,1.326000,-0.677000,1.502000,1.302948,-0.664135,1.528118,1.326327,-0.675857,1.586562,-0.011216,-0.014690,-0.003796,0.999822,0.321021,0.631837,-0.091542,0.001939,0.000945,0.032336,0.037135,0.084570,6.625044,20.515006,5,0,0.000000,1,0.459437,0.729663,1,-1,0,none
22.172297,1.336000,-0.656000,1.502000,1.328066,-0.626023,1.567220,1.336190,-0.652936,1.582782,-0.013333,-0.016419,-0.003959,0.999768,0.313668,0.638859,-0.092110,0.001945,0.000927,0.032462,0.072216,0.080841,4.471309,20.515006,5,0,0.000000,1,0.459904,0.730352,1,-1,0,none
22.188969,1.341000,-0.648000,1.502000,1.340111,-0.630257,1.562790,1.341200,-0.641542,1.580395,-0.014444,-0.016729,-0.003850,0.999748,0.304988,0.643814,-0.096348,0.001947,0.000915,0.032611,0.063333,0.078661,16.238875,20.515006,5,0,0.000000,1,0.459961,0.730463,1,-1,0,none
22.205510,1.345000,-0.639000,1.502000,1.335468,-0.714271,1.556461,1.345213,-0.637062,1.577877,-0.015154,-0.017042,-0.003900,0.999732,0.299667,0.637106,-0.100061,0.001948,0.000945,0.032811,0.093395,0.075902,3.213434,16.266236,3,0,0.000000,1,0.909382,1.723120,1,-1,2,anchor3:2-3;3-4
22.238824,1.355000,-0.619000,1.502000,1.335468,-0.714271,1.556461,1.345213,-0.637062,1.577877,-0.015154,-0.017042,-0.003900,0.999732,0.299667,0.637106,-0.100061,0.001948,0.000945,0.032811,0.111463,0.078609,-25696060518238212.000000,20.515006,5,0,0.000000,1,0.561154,2.470859,0,-1,0,none
22.255443,1.361000,-0.607000,1.502000,1.369988,-0.593605,1.516382,1.360545,-0.603962,1.570167,-0.015583,-0.018120,-0.004019,0.999706,0.287972,0.661599,-0.102700,0.001945,0.000917,0.033304,0.021611,0.068236,6.119268,18.466827,4,0,0.000000,1,0.419378,0.686027,1,0,0,none
22.272078,1.365000,-0.599000,1.502000,1.336746,-0.554194,1.470888,1.363075,-0.590065,1.563748,-0.016010,-0.017494,-0.003917,0.999711,0.273767,0.669440,-0.110242,0.001967,0.000863,0.034125,0.061432,0.062421,3.081432,18.466827,4,0,0.000000,1,0.418303,0.688079,1,0,0,none
22.288618,1.368000,-0.589000,1.502000,1.384408,-0.596762,1.498319,1.368539,-0.580685,1.558995,-0.016205,-0.016539,-0.003778,0.999725,0.268035,0.670801,-0.115043,0.001960,0.000849,0.034674,0.018521,0.057601,-5075760025290745.000000,20.515006,5,0,0.000000,1,0.792722,0.773579,1,-1,0,none
22.305293,1.374000,-0.577000,1.502000,1.419774,-0.652644,1.616725,1.376230,-0.575779,1.559999,-0.015527,-0.015653,-0.003460,0.999751,0.273129,0.661734,-0.109284,0.001926,0.000909,0.034208,0.144842,0.058055,5.628834,16.266236,3,0,0.000000,1,0.921019,1.733074,1,-1,2,anchor3:2-3;3-4
22.321946,1.379000,-0.568000,1.502000,1.432326,-0.606315,1.658904,1.384317,-0.567890,1.562923,-0.014363,-0.014983,-0.003408,0.999779,0.274414,0.660974,-0.103672,0.001890,0.000963,0.033399,0.170090,0.061155,4.846408,16.266236,3,0,0.000000,1,0.920617,1.727579,1,-1,2,anchor3:2-3;3-4
22.338548,1.382000,-0.559000,1.502000,1.382815,-0.502128,1.370779,1.388328,-0.553126,1.552452,-0.014119,-0.014980,-0.003153,0.999783,0.270398,0.670406,-0.113757,0.001913,0.000865,0.034945,0.143018,0.051186,-228408814239993.250000,20.515006,5,0,0.000000,1,0.442210,0.669496,1,-1,0,none
22.355148,1.388000,-0.547000,1.502000,1.405232,-0.488291,1.425979,1.393361,-0.538844,1.544973,-0.013974,-0.014762,-0.002971,0.999789,0.266073,0.677260,-0.121493,0.001920,0.000792,0.035947,0.097585,0.044067,8.020511,18.466827,4,0,0.000000,1,0.603292,0.691799,1,2,0,none
22.371760,1.391000,-0.538000,1.502000,1.384774,-0.522127,1.576676,1.396737,-0.527604,1.544554,-0.013423,-0.014979,-0.002761,0.999794,0.261824,0.680946,-0.117910,0.001925,0.000801,0.035673,0.076597,0.044179,-317238628762110.375000,20.515006,5,0,0.000000,1,0.657967,0.940126,1,-1,0,none
22.388436,1.395000,-0.529000,1.502000,1.433970,-0.606393,1.653183,1.403224,-0.522542,1.547638,-0.011994,-0.015370,-0.002285,0.999807,0.265569,0.671999,-0.109641,0.001891,0.000881,0.034822,0.174254,0.046821,2.323712,16.266236,3,0,0.000000,1,0.920254,1.727300,1,-1,2,anchor3:2-3;3-4
22.421676,1.403000,-0.507000,1.502000,1.379472,-0.493340,1.506081,1.409400,-0.500224,1.542343,-0.011448,-0.017174,-0.002288,0.999784,0.250948,0.678156,-0.112796,0.001913,0.000866,0.035121,0.027510,0.041406,0.749362,18.466827,4,0,0.000000,1,0.440913,0.850266,1,1,0,none
22.438210,1.407000,-0.498000,1.502000,1.371198,-0.500734,1.423523,1.410384,-0.490182,1.535196,-0.011301,-0.018425,-0.002166,0.999764,0.238209,0.679889,-0.121101,0.001945,0.000835,0.036055,0.086301,0.034272,0.510286,18.466827,4,0,0.000000,1,0.426991,1.077813,1,5,0,none
22.454888,1.412000,-0.485000,1.502000,1.434922,-0.471178,1.571689,1.415617,-0.478612,1.534949,-0.011334,-0.019082,-0.001891,0.999752,0.235064,0.680561,-0.121567,0.001932,0.000842,0.035752,0.074652,0.033757,13.426835,20.515006,5,0,0.000000,1,0.460961,0.726447,1,-1,0,none
22.471539,1.416000,-0.476000,1.502000,1.413648,-0.456378,1.518419,1.419038,-0.466734,1.532298,-0.011951,-0.019557,-0.002018,0.999735,0.229706,0.683486,-0.123661,0.001937,0.000832,0.035863,0.025694,0.031828,1.217958,18.466827,4,0,0.000000,1,0.605348,0.697973,1,2,0,none
22.488142,1.419000,-0.467000,1.502000,1.350605,-0.440197,1.530141,1.418011,-0.454391,1.530205,-0.012716,-0.020586,-0.002371,0.999704,0.217981,0.687819,-0.123192,0.001976,0.000830,0.035842,0.078665,0.030911,3.482930,18.466827,4,0,0.000000,1,0.426315,1.072586,1,5,0,none
22.504717,1.423000,-0.454000,1.502000,1.425310,-0.416594,1.523832,1.420483,-0.445593,1.528768,-0.012980,-0.020968,-0.002342,0.999693,0.216779,0.696694,-0.122251,0.001976,0.000812,0.035879,0.043373,0.028170,7.540650,20.515006,5,0,0.000000,1,0.460607,0.722453,1,-1,0,none
22.521439,1.426000,-0.446000,1.503000,1.430387,-0.428184,1.448851,1.424305,-0.433956,1.523442,-0.012905,-0.021486,-0.002531,0.999683,0.213601,0.698103,-0.125106,0.001979,0.000785,0.036472,0.057173,0.023787,7.694500,20.515006,5,0,0.000000,1,0.460194,0.720879,1,-1,0,none
22.538044,1.430000,-0.436000,1.503000,1.435190,-0.398883,1.490639,1.428195,-0.421122,1.520085,-0.013162,-0.021667,-0.002560,0.999675,0.209192,0.702457,-0.128489,0.001979,0.000763,0.036704,0.039464,0.022727,4.261599,18.466827,4,0,0.000000,1,0.422638,0.693164,1,0,0,none
22.554639,1.434000,-0.423000,1.503000,1.359769,-0.375249,1.456365,1.427038,-0.407384,1.515278,-0.013363,-0.022212,-0.002693,0.999660,0.192720,0.708470,-0.134078,0.002024,0.000733,0.037143,0.099826,0.021049,-767710211117051.500000,20.515006,5,0,0.000000,1,0.473235,0.847935,1,-1,0,none
22.571229,1.436000,-0.414000,1.503000,1.359769,-0.375249,1.456365,1.427038,-0.407384,1.515278,-0.013363,-0.022212,-0.002693,0.999660,0.192720,0.708470,-0.134078,0.002024,0.000733,0.037143,0.097405,0.016578,-12993960624814212.000000,20.515006,5,0,0.000000,1,2.745132,-nan,0,-1,0,none
22.587866,1.440000,-0.401000,1.503000,1.457106,-0.357361,1.448511,1.434630,-0.382434,1.508150,-0.013546,-0.022997,-0.002652,0.999640,0.182884,0.716618,-0.137922,0.002017,0.000698,0.037630,0.071875,0.020002,2.212861,18.466827,4,0,0.000000,1,0.614558,0.710582,1,2,0,none
22.606553,1.443000,-0.391000,1.503000,1.401817,-0.362803,1.481707,1.435541,-0.368957,1.504598,-0.013511,-0.023755,-0.002786,0.999623,0.175924,0.719258,-0.135463,0.002039,0.000691,0.037805,0.054263,0.023326,8.570309,20.515006,5,0,0.000000,1,0.460185,0.718555,1,-1,0,none
22.623230,1.446000,-0.379000,1.502000,1.409438,-0.323851,1.409944,1.436440,-0.354945,1.498335,-0.013497,-0.024586,-0.003118,0.999602,0.165993,0.726316,-0.139267,0.002064,0.000650,0.038502,0.113369,0.026143,1.834245,20.515006,5,0,0.000000,1,0.459939,0.714988,1,-1,0,none
22.639808,1.448000,-0.369000,1.503000,1.442935,-0.300169,1.507347,1.439344,-0.340197,1.496508,-0.013422,-0.024890,-0.003210,0.999595,0.155072,0.732321,-0.139779,0.002065,0.000628,0.038412,0.069154,0.030768,9.297103,20.515006,5,0,0.000000,1,0.460860,0.716432,1,-1,0,none
22.656496,1.451000,-0.359000,1.503000,1.416996,-0.316910,1.494374,1.440110,-0.327851,1.494269,-0.013133,-0.025290,-0.003307,0.999588,0.139922,0.737887,-0.141719,0.002079,0.000624,0.038404,0.054792,0.034133,1.869689,20.515006,5,0,0.000000,1,0.460479,0.716752,1,-1,0,none
22.689726,1.457000,-0.337000,1.503000,1.432807,-0.355719,1.570782,1.443721,-0.307052,1.493204,-0.013226,-0.026175,-0.003673,0.999563,0.124929,0.740894,-0.138605,0.002077,0.000675,0.037772,0.074365,0.034194,11.118717,18.466827,4,0,0.000000,1,0.593443,1.067423,1,2,0,none
22.706331,1.459000,-0.325000,1.503000,1.439921,-0.298833,1.490857,1.445339,-0.295118,1.490928,-0.013072,-0.026840,-0.003852,0.999547,0.117882,0.743224,-0.138914,0.002080,0.000678,0.037772,0.034586,0.035005,1.950058,18.466827,4,0,0.000000,1,0.617598,0.719774,1,1,0,none
22.722926,1.461000,-0.316000,1.503000,1.410108,-0.263817,1.385515,1.444622,-0.282099,1.484182,-0.012898,-0.027170,-0.003901,0.999540,0.104384,0.747476,-0.146136,0.002108,0.000644,0.038551,0.138260,0.042091,2.375420,18.466827,4,0,0.000000,1,0.624095,0.986226,1,6,0,none
22.739564,1.463000,-0.306000,1.503000,1.453079,-0.255559,1.513796,1.446663,-0.269209,1.483221,-0.012849,-0.026954,-0.003912,0.999546,0.094103,0.753911,-0.147297,0.002104,0.000643,0.038308,0.052529,0.044852,5.306354,20.515006,5,0,0.000000,1,0.461089,0.714230,1,-1,0,none
22.756230,1.465000,-0.291000,1.502000,1.434463,-0.238684,1.479526,1.447220,-0.255820,1.480757,-0.012837,-0.027041,-0.004266,0.999543,0.082723,0.759677,-0.149083,0.002113,0.000633,0.038313,0.064611,0.044778,-50757527709509.593750,20.515006,5,0,0.000000,1,0.429202,0.775737,1,-1,0,none
22.772829,1.467000,-0.282000,1.502000,1.498442,-0.352022,1.668043,1.451856,-0.250456,1.486528,-0.012465,-0.026181,-0.004522,0.999569,0.083513,0.746590,-0.138953,0.002067,0.000732,0.036914,0.182926,0.038259,2.003205,16.266236,3,0,0.000000,1,0.893191,1.668855,1,-1,2,anchor3:2-3;3-4
22.789454,1.468000,-0.273000,1.502000,1.466850,-0.235458,1.522148,1.454091,-0.237897,1.485858,-0.012750,-0.025471,-0.004879,0.999582,0.080296,0.749188,-0.136359,0.002058,0.000740,0.036634,0.042622,0.041064,9.252523,18.466827,4,0,0.000000,1,0.429817,1.024154,1,4,0,none
22.806000,1.470000,-0.262000,1.502000,1.465590,-0.308787,1.559275,1.456007,-0.231259,1.486940,-0.011957,-0.025355,-0.005320,0.999593,0.073336,0.745747,-0.131975,0.002041,0.000799,0.036085,0.074088,0.036981,2.067224,18.466827,4,0,0.000000,1,0.593757,1.056683,1,2,0,none
22.822656,1.471000,-0.249000,1.502000,1.490442,-0.276948,1.646455,1.459314,-0.222894,1.491653,-0.011072,-0.024746,-0.005441,0.999618,0.068602,0.740837,-0.124867,0.002008,0.000868,0.034908,0.148413,0.030416,3.100723,16.266236,3,0,0.000000,1,0.878186,1.641798,1,-1,2,anchor3:2-3;3-4
22.839312,1.472000,-0.239000,1.502000,1.459763,-0.195200,1.431013,1.460306,-0.209821,1.487168,-0.010534,-0.024102,-0.005246,0.999640,0.063199,0.741654,-0.125364,0.002015,0.000845,0.035336,0.084305,0.034758,-4111377517615225.000000,20.515006,5,0,0.000000,1,0.950768,0.946848,1,-1,0,none
22.855972,1.473000,-0.230000,1.502000,1.466517,-0.198915,1.404520,1.461606,-0.197601,1.481767,-0.009909,-0.023479,-0.005426,0.999661,0.060171,0.744133,-0.125098,0.002020,0.000822,0.035926,0.102522,0.039861,1.740953,18.466827,4,0,0.000000,1,0.625862,0.732417,1,1,0,none
22.872517,1.475000,-0.216000,1.502000,1.529481,-0.290503,1.633424,1.466750,-0.192424,1.486249,-0.009025,-0.022532,-0.005593,0.999690,0.062251,0.732543,-0.117112,0.001967,0.000909,0.034839,0.160596,0.029529,3.964035,16.266236,3,0,0.000000,1,0.885690,1.653182,1,-1,2,anchor3:2-3;3-4
22.889181,1.476000,-0.206000,1.502000,1.433449,-0.145350,1.446555,1.465542,-0.178516,1.482791,-0.008550,-0.022422,-0.006206,0.999693,0.050818,0.735729,-0.118418,0.001989,0.000884,0.035100,0.092537,0.035124,1.348828,20.515006,5,0,0.000000,1,0.460689,0.706244,1,-1,0,none
22.905839,1.478000,-0.193000,1.501000,1.489090,-0.170306,1.430745,1.467694,-0.166766,1.478843,-0.008008,-0.022579,-0.006421,0.999692,0.048272,0.738459,-0.117783,0.001984,0.000870,0.035467,0.074658,0.035852,2.193245,18.466827,4,0,0.000000,1,0.424191,0.700490,1,7,0,none
22.922468,1.479000,-0.183000,1.502000,1.415007,-0.184199,1.451203,1.465166,-0.156462,1.475852,-0.007349,-0.022955,-0.006889,0.999686,0.038624,0.735719,-0.116704,0.002009,0.000880,0.035639,0.081712,0.039742,-1535420865555481.500000,20.515006,5,0,0.000000,1,0.362825,0.666272,1,-1,0,none
22.939101,1.479000,-0.170000,1.502000,1.391812,-0.205263,1.366612,1.461177,-0.147948,1.469500,-0.006528,-0.022745,-0.007620,0.999691,0.024422,0.728298,-0.120501,0.002051,0.000882,0.036389,0.164849,0.043130,3.259736,16.266236,3,0,0.000000,1,0.618209,1.155700,1,-1,2,anchor6:5-6;6-7
22.955640,1.480000,-0.160000,1.502000,1.438652,-0.118574,1.498307,1.460131,-0.135301,1.468822,-0.005877,-0.022743,-0.007798,0.999694,0.014019,0.731573,-0.119521,0.002060,0.000885,0.036164,0.058647,0.045887,-634473731092643.125000,20.515006,5,0,0.000000,1,0.376833,0.683365,1,-1,0,none
22.972325,1.481000,-0.151000,1.502000,1.437615,-0.120623,1.521483,1.459006,-0.123346,1.469105,-0.005219,-0.023034,-0.007792,0.999691,0.010323,0.730204,-0.115553,0.002067,0.000901,0.035771,0.056433,0.048276,-57102173333603.250000,20.515006,5,0,0.000000,1,0.512052,0.893741,1,-1,0,none
22.988956,1.482000,-0.137000,1.502000,1.521875,-0.192323,1.593745,1.463055,-0.116363,1.472387,-0.004606,-0.023175,-0.008215,0.999687,0.016684,0.718802,-0.110780,0.002023,0.000971,0.034899,0.114315,0.040764,1.259125,16.266236,3,0,0.000000,1,0.865988,1.617194,1,-1,2,anchor3:2-3;3-4
23.005567,1.482000,-0.127000,1.502000,1.413440,-0.119577,1.444517,1.460232,-0.105396,1.469448,-0.004926,-0.023906,-0.008689,0.999664,0.002018,0.716704,-0.115687,0.002046,0.000974,0.035070,0.089777,0.044723,-634471212218939.750000,20.515006,5,0,0.000000,1,0.392205,1.059275,1,-1,0,none
23.038766,1.483000,-0.108000,1.502000,1.349546,-0.094358,1.382545,1.452954,-0.082792,1.462070,-0.005467,-0.025545,-0.009252,0.999616,-0.026157,0.715777,-0.121614,0.002106,0.000961,0.035646,0.179626,0.055970,7.933120,18.466827,4,0,0.000000,1,0.632471,1.009501,1,6,0,none
23.055426,1.483000,-0.095000,1.503000,1.350207,-0.112513,1.320254,1.445877,-0.073758,1.454167,-0.006269,-0.025690,-0.009751,0.999603,-0.045604,0.708364,-0.131673,0.002162,0.000945,0.036635,0.226576,0.064915,6.428310,16.266236,3,0,0.000000,1,0.624742,1.187154,1,-1,2,anchor6:5-6;6-7
23.072073,1.483000,-0.083000,1.503000,1.503447,-0.148620,1.636031,1.448896,-0.067534,1.459672,-0.006818,-0.024641,-0.009963,0.999623,-0.047600,0.701711,-0.125092,0.002119,0.001045,0.035324,0.149737,0.057267,0.140517,16.266236,3,0,0.000000,1,0.860869,1.605258,1,-1,2,anchor3:2-3;3-4
23.088699,1.483000,-0.073000,1.502000,1.409070,-0.064154,1.424328,1.445625,-0.057002,1.456284,-0.007444,-0.024217,-0.010456,0.999624,-0.057763,0.701003,-0.129557,0.002139,0.001040,0.035553,0.107596,0.061178,0.810128,18.466827,4,0,0.000000,1,0.636395,1.008800,1,6,0,none
23.105239,1.484000,-0.063000,1.502000,1.432323,-0.043932,1.493236,1.443942,-0.045715,1.455796,-0.007876,-0.024170,-0.011069,0.999616,-0.062190,0.703636,-0.130499,0.002143,0.001053,0.035270,0.055776,0.063547,8.424779,20.515006,5,0,0.000000,1,0.461123,0.713069,1,-1,0,none
23.121953,1.483000,-0.051000,1.503000,1.432323,-0.043932,1.493236,1.443942,-0.045715,1.455796,-0.007876,-0.024170,-0.011069,0.999616,-0.062190,0.703636,-0.130499,0.002143,0.001053,0.035270,0.052091,0.061495,-310889151938396.500000,20.515006,5,0,0.000000,1,0.560766,2.578638,0,-1,0,none
23.155179,1.483000,-0.031000,1.503000,1.429116,-0.000545,1.501855,1.439773,-0.009930,1.451473,-0.009244,-0.024042,-0.011516,0.999602,-0.076598,0.703723,-0.130131,0.002147,0.001068,0.034860,0.061905,0.070481,2.885419,18.466827,4,0,0.000000,1,0.421167,0.704583,1,7,0,none
23.171718,1.483000,-0.021000,1.502000,1.445283,-0.003934,1.508703,1.439074,0.000852,1.452022,-0.009792,-0.023346,-0.011751,0.999610,-0.076885,0.704898,-0.126407,0.002139,0.001091,0.034409,0.041938,0.070035,-1268942222928199.750000,20.515006,5,0,0.000000,1,0.766658,0.714305,1,-1,0,none
23.188398,1.483000,-0.009000,1.502000,1.445283,-0.003934,1.508703,1.439074,0.000852,1.452022,-0.009792,-0.023346,-0.011751,0.999610,-0.076885,0.704898,-0.126407,0.002139,0.001091,0.034409,0.038642,0.067264,-7309097047982086.000000,20.515006,5,0,0.000000,1,0.656393,2.979997,0,-1,0,none
23.205029,1.482000,0.004000,1.502000,1.339306,0.011340,1.417700,1.429402,0.023196,1.446449,-0.010108,-0.024373,-0.012219,0.999577,-0.097320,0.701928,-0.124743,0.002192,0.001096,0.034615,0.165897,0.078873,6.097761,18.466827,4,0,0.000000,1,0.637999,1.020202,1,6,0,none
23.221679,1.482000,0.014000,1.502000,1.347734,-0.001639,1.286548,1.421877,0.032226,1.437212,-0.010110,-0.024677,-0.012485,0.999566,-0.114974,0.698916,-0.130684,0.002238,0.001066,0.035820,0.254345,0.090247,3.897713,16.266236,3,0,0.000000,1,0.634078,1.218585,1,-1,2,anchor6:5-6;6-7
23.238266,1.482000,0.023000,1.502000,1.403718,0.038421,1.475602,1.418942,0.042929,1.436954,-0.010350,-0.024394,-0.012560,0.999570,-0.120034,0.700494,-0.127067,0.002246,0.001085,0.035503,0.084040,0.092760,-2487125628485189.000000,20.515006,5,0,0.000000,1,0.586764,1.157696,1,-1,0,none
23.254839,1.481000,0.036000,1.502000,1.440377,0.043704,1.373277,1.418517,0.053443,1.432209,-0.010306,-0.023395,-0.012590,0.999594,-0.123773,0.702977,-0.131629,0.002234,0.001066,0.035981,0.135200,0.095284,1.859640,18.466827,4,0,0.000000,1,0.441059,0.832435,1,0,0,none
23.271531,1.481000,0.045000,1.502000,1.386806,0.075069,1.481280,1.414527,0.065583,1.432296,-0.010364,-0.023219,-0.012600,0.999597,-0.128735,0.705455,-0.127691,0.002249,0.001081,0.035584,0.101024,0.098494,3.091847,18.466827,4,0,0.000000,1,0.437376,0.840325,1,0,0,none
23.288172,1.480000,0.056000,1.502000,1.415306,-0.019142,1.589632,1.412782,0.070677,1.437186,-0.009860,-0.023197,-0.012216,0.999608,-0.129953,0.693371,-0.117578,0.002236,0.001187,0.034389,0.132329,0.094522,2.936753,16.266236,3,0,0.000000,1,0.612363,1.554229,1,-1,2,anchor2:1-2;2-3
23.304751,1.480000,0.070000,1.502000,1.466038,0.010683,1.556817,1.414531,0.076826,1.440663,-0.009820,-0.023375,-0.011940,0.999607,-0.128466,0.686208,-0.112467,0.002199,0.001261,0.033505,0.081965,0.089972,1.239589,16.266236,3,0,0.000000,1,0.825637,1.541089,1,-1,2,anchor3:2-3;3-4
23.321368,1.479000,0.080000,1.502000,1.353340,0.115556,1.313665,1.408447,0.089595,1.433441,-0.010118,-0.024727,-0.012183,0.999569,-0.135433,0.691872,-0.116612,0.002235,0.001206,0.034409,0.229183,0.098844,4.337989,18.466827,4,0,0.000000,1,0.644841,1.029122,1,6,0,none
23.338000,1.479000,0.090000,1.502000,1.433287,0.102017,1.426691,1.407984,0.100852,1.431385,-0.009920,-0.025799,-0.011952,0.999546,-0.137682,0.692250,-0.116635,0.002223,0.001201,0.034454,0.088913,0.100735,1.135167,20.515006,5,0,0.000000,1,0.461127,0.719941,1,-1,0,none
23.354683,1.478000,0.101000,1.503000,1.417451,0.051980,1.560795,1.406558,0.108290,1.435067,-0.009633,-0.026197,-0.011647,0.999543,-0.143558,0.683809,-0.110745,0.002205,0.001277,0.033502,0.097002,0.098853,8.573208,16.266236,3,0,0.000000,1,0.613210,1.548110,1,-1,2,anchor2:1-2;2-3
23.371249,1.477000,0.111000,1.502000,1.409327,0.117862,1.376557,1.404560,0.118905,1.430941,-0.010207,-0.026584,-0.011473,0.999529,-0.145878,0.684209,-0.114115,0.002207,0.001256,0.033914,0.142698,0.101782,-8222755035230471.000000,20.515006,5,0,0.000000,1,0.495029,0.905134,1,-1,0,none
23.387857,1.477000,0.121000,1.502000,1.364336,0.142478,1.280543,1.399698,0.130526,1.422833,-0.011143,-0.027623,-0.011356,0.999492,-0.150905,0.685870,-0.123789,0.002236,0.001199,0.034968,0.249394,0.111058,2.574425,18.466827,4,0,0.000000,1,0.646914,1.031183,1,6,0,none
23.404525,1.475000,0.135000,1.502000,1.351139,0.165336,1.457891,1.394361,0.143091,1.422312,-0.011275,-0.028883,-0.011151,0.999457,-0.161569,0.693342,-0.127376,0.002257,0.001204,0.034688,0.134935,0.113658,5.051832,18.466827,4,0,0.000000,1,0.646437,1.032819,1,6,0,none
23.423200,1.475000,0.145000,1.502000,1.346410,0.093633,1.216756,1.388342,0.151830,1.411402,-0.010422,-0.030121,-0.010734,0.999434,-0.172847,0.687963,-0.141393,0.002287,0.001168,0.036122,0.317078,0.125555,6.909514,16.266236,3,0,0.000000,1,0.642131,1.246654,1,-1,2,anchor6:5-6;6-7
23.439849,1.474000,0.159000,1.502000,1.403256,0.155153,1.379521,1.386545,0.162598,1.407846,-0.010354,-0.030629,-0.010541,0.999422,-0.176151,0.684175,-0.145533,0.002278,0.001160,0.036338,0.141495,0.128555,-1624242821194812.000000,20.515006,5,0,0.000000,1,0.467377,1.866232,1,-1,0,none
23.456464,1.473000,0.169000,1.502000,1.362569,0.131043,1.205960,1.382067,0.171277,1.397077,-0.010288,-0.030543,-0.010427,0.999426,-0.186873,0.679513,-0.160775,0.002298,0.001114,0.037741,0.318238,0.138862,3.737300,16.266236,3,0,0.000000,1,0.645815,1.255369,1,-1,2,anchor6:5-6;6-7
23.473023,1.472000,0.182000,1.502000,1.442932,0.202123,1.311253,1.382910,0.183252,1.391118,-0.010737,-0.030126,-0.009858,0.999440,-0.184689,0.679493,-0.167601,0.002270,0.001067,0.038348,0.193996,0.142244,5.379448,18.466827,4,0,0.000000,1,0.438821,0.823318,1,7,0,none
23.506361,1.469000,0.202000,1.501000,1.427373,0.244877,1.395793,1.380007,0.208220,1.386005,-0.011072,-0.030592,-0.010087,0.999420,-0.188221,0.688334,-0.171446,0.002242,0.001042,0.038291,0.120995,0.145541,8.057023,20.515006,5,0,0.000000,1,0.461309,0.725597,1,-1,0,none
23.522970,1.468000,0.215000,1.501000,1.415334,0.213636,1.326069,1.379276,0.219221,1.380792,-0.010600,-0.030852,-0.009999,0.999418,-0.188252,0.689395,-0.171993,0.002225,0.001022,0.038718,0.182692,0.149465,5.727624,20.515006,5,0,0.000000,1,0.460819,0.724163,1,-1,0,none
23.539525,1.467000,0.222000,1.501000,1.425730,0.207578,1.287014,1.379360,0.228642,1.374300,-0.010026,-0.030480,-0.009508,0.999440,-0.186426,0.687105,-0.173268,0.002206,0.000999,0.039389,0.218406,0.154200,2.197857,18.466827,4,0,0.000000,1,0.652688,1.033402,1,5,0,none
23.556184,1.464000,0.236000,1.500000,1.428660,0.242781,1.356441,1.379589,0.239864,1.370936,-0.009562,-0.029817,-0.009121,0.999468,-0.189643,0.688360,-0.172910,0.002177,0.000987,0.039515,0.148000,0.154265,2.870049,20.515006,5,0,0.000000,1,0.461183,0.725440,1,-1,0,none
23.572876,1.462000,0.250000,1.501000,1.409706,0.264325,1.459745,1.378633,0.251876,1.372019,-0.009507,-0.029208,-0.009018,0.999487,-0.187670,0.687202,-0.164441,0.002144,0.001007,0.038876,0.068131,0.153590,6.550861,18.466827,4,0,0.000000,1,0.401860,0.710180,1,2,0,none
23.606029,1.459000,0.271000,1.500000,1.419127,0.273719,1.434857,1.375541,0.274043,1.369791,-0.008385,-0.028424,-0.009056,0.999520,-0.192970,0.688343,-0.155698,0.002103,0.001026,0.038394,0.076425,0.154690,-2855128313868798.000000,20.515006,5,0,0.000000,1,0.372153,0.670997,1,-1,0,none
23.655961,1.453000,0.304000,1.500000,1.436106,0.314837,1.377534,1.370746,0.308694,1.362943,-0.005247,-0.029552,-0.008817,0.999511,-0.201637,0.689034,-0.150471,0.002055,0.001019,0.038301,0.124100,0.159914,2.019077,18.466827,4,0,0.000000,1,0.435100,0.816339,1,7,0,none
23.672524,1.451000,0.319000,1.500000,1.384398,0.309554,1.542155,1.368933,0.318702,1.368942,-0.004234,-0.029657,-0.008458,0.999515,-0.203250,0.684505,-0.141134,0.001999,0.001086,0.036900,0.079385,0.154633,2.340438,18.466827,4,0,0.000000,1,0.597517,0.825107,1,4,0,none
23.689137,1.449000,0.329000,1.500000,1.297888,0.307677,1.314830,1.360813,0.328029,1.364273,-0.003417,-0.030794,-0.008264,0.999486,-0.217851,0.681608,-0.145150,0.002050,0.001089,0.037271,0.239953,0.161863,1.765907,16.266236,3,0,0.000000,1,0.655763,1.311758,1,-1,2,anchor6:5-6;6-7
23.705784,1.447000,0.340000,1.501000,1.464102,0.348448,1.546947,1.364849,0.339701,1.370355,-0.002780,-0.030963,-0.008214,0.999483,-0.210602,0.684790,-0.134687,0.001946,0.001136,0.035910,0.049749,0.154328,3.908650,18.466827,4,0,0.000000,1,0.402174,0.701286,1,2,0,none
23.722464,1.445000,0.353000,1.500000,1.389182,0.388482,1.392888,1.363309,0.353455,1.369285,-0.001994,-0.031705,-0.008197,0.999462,-0.213267,0.688508,-0.134462,0.001927,0.001120,0.035736,0.125888,0.154142,4.630733,20.515006,5,0,0.000000,1,0.461216,0.729351,1,-1,0,none
23.739048,1.444000,0.364000,1.500000,1.407338,0.382554,1.450190,1.363003,0.366023,1.370781,-0.001463,-0.031849,-0.007888,0.999461,-0.218564,0.692621,-0.130805,0.001881,0.001133,0.035135,0.064571,0.152520,-25378703401982.031250,20.515006,5,0,0.000000,1,0.538582,0.896242,1,-1,0,none
23.755631,1.440000,0.378000,1.501000,1.435791,0.362644,1.515807,1.364731,0.376001,1.375243,-0.000735,-0.031586,-0.007606,0.999472,-0.215072,0.693519,-0.122706,0.001799,0.001178,0.034078,0.021744,0.146575,-20303085239317004.000000,20.515006,5,0,0.000000,1,0.429749,0.889739,1,-1,0,none
23.788961,1.436000,0.398000,1.500000,1.346623,0.392347,1.480342,1.356853,0.398218,1.376129,0.000775,-0.032104,-0.007542,0.999456,-0.226096,0.687287,-0.119197,0.001768,0.001216,0.033246,0.091688,0.146998,-2144510915954686.500000,20.515006,5,0,0.000000,1,0.665403,1.362362,1,-1,0,none
23.805593,1.432000,0.412000,1.501000,1.274101,0.405179,1.319442,1.347578,0.409168,1.371651,0.002006,-0.033619,-0.007425,0.999405,-0.240678,0.685988,-0.123838,0.001823,0.001209,0.033629,0.240711,0.154487,10.933914,16.266236,3,0,0.000000,1,0.661654,1.342146,1,-1,2,anchor6:5-6;6-7
23.855390,1.423000,0.443000,1.500000,1.413080,0.458625,1.509037,1.341223,0.443799,1.372297,0.003388,-0.035405,-0.007033,0.999343,-0.255080,0.672007,-0.120670,0.001735,0.001239,0.032510,0.020597,0.151645,0.842737,18.466827,4,0,0.000000,1,0.398551,0.684368,1,2,0,none
23.888654,1.417000,0.469000,1.500000,1.286159,0.434968,1.340843,1.328771,0.463520,1.366831,0.002360,-0.036109,-0.007115,0.999320,-0.279288,0.661508,-0.129078,0.001767,0.001252,0.032714,0.208827,0.159839,0.148428,16.266236,3,0,0.000000,1,0.664234,1.349063,1,-1,2,anchor6:5-6;6-7
23.955171,1.402000,0.510000,1.500000,1.286159,0.434968,1.340843,1.328771,0.463520,1.366831,0.002360,-0.036109,-0.007115,0.999320,-0.279288,0.661508,-0.129078,0.001767,0.001252,0.032714,0.210665,0.158925,-114204648931327.500000,20.515006,5,0,0.000000,1,0.714757,-nan,0,-1,0,none
24.088158,1.368000,0.597000,1.500000,1.378861,0.613883,1.521673,1.279664,0.594436,1.354725,0.005583,-0.033742,-0.006027,0.999397,-0.350942,0.618468,-0.112378,0.001571,0.001292,0.030720,0.029542,0.170043,-513920920190973.625000,20.515006,5,0,0.000000,1,0.525677,1.416298,1,-1,0,none
24.104840,1.364000,0.606000,1.500000,1.371813,0.610795,1.477918,1.287533,0.603303,1.362063,0.004967,-0.032398,-0.006192,0.999444,-0.334505,0.619656,-0.101717,0.001429,0.001322,0.029415,0.023909,0.157737,3.055927,20.515006,5,0,0.000000,1,0.462270,0.732990,1,-1,0,none
24.121360,1.358000,0.619000,1.500000,1.361573,0.630475,1.415524,1.291593,0.615048,1.364222,0.004854,-0.030909,-0.006137,0.999492,-0.321710,0.617651,-0.097880,0.001345,0.001321,0.028880,0.085327,0.151199,-913637191450620.500000,20.515006,5,0,0.000000,1,0.458597,1.003475,1,-1,0,none
24.187892,1.338000,0.656000,1.500000,1.705603,0.691270,1.420697,1.325358,0.659765,1.362296,0.003798,-0.022487,-0.005336,0.999726,-0.247543,0.609471,-0.093410,0.001006,0.001273,0.028398,0.377710,0.138335,0.315814,13.815511,2,0,0.000000,1,0.788649,1.390755,1,3,2,anchor2:1-2;2-3
24.221171,1.327000,0.678000,1.500000,1.332247,0.687251,1.421584,1.319059,0.680648,1.363906,0.004777,-0.020203,-0.005632,0.999769,-0.246368,0.609123,-0.088475,0.000942,0.001286,0.027735,0.079134,0.136351,7.302595,20.515006,5,0,0.000000,1,0.461850,0.732379,1,-1,0,none
24.254417,1.317000,0.698000,1.500000,1.609400,0.726600,1.449709,1.346607,0.703849,1.368142,0.006161,-0.015491,-0.005452,0.999846,-0.188925,0.609870,-0.077670,0.000579,0.001258,0.026960,0.298069,0.135268,1.450866,13.815511,2,0,0.000000,1,0.774905,1.363594,1,3,2,anchor2:1-2;2-3
24.270975,1.312000,0.706000,1.500000,1.331382,0.687102,1.323284,1.342234,0.710422,1.364010,0.006971,-0.014461,-0.005549,0.999856,-0.190159,0.599961,-0.080104,0.000625,0.001262,0.027401,0.178778,0.139380,7.209466,18.466827,4,0,0.000000,1,0.392440,0.676001,1,2,0,none
24.323004,1.296000,0.734000,1.501000,1.581848,0.807778,1.536767,1.361795,0.749318,1.372268,0.006963,-0.013878,-0.004834,0.999868,-0.140288,0.604202,-0.061699,0.000305,0.001255,0.025629,0.297375,0.145380,0.360907,13.815511,2,0,0.000000,1,0.918753,1.323993,1,5,2,anchor6:5-6;6-7
24.339564,1.290000,0.744000,1.502000,1.266651,0.776720,1.464924,1.349422,0.760656,1.377773,0.005975,-0.015506,-0.004790,0.999850,-0.150523,0.601496,-0.052638,0.000270,0.001275,0.024658,0.054685,0.138711,10.317128,20.515006,5,0,0.000000,1,0.492006,0.868863,1,-1,0,none
24.356167,1.286000,0.753000,1.502000,1.260531,0.749419,1.382079,1.338065,0.768014,1.377256,0.004811,-0.016934,-0.004719,0.999834,-0.167216,0.593919,-0.055515,0.000309,0.001293,0.024580,0.122648,0.136004,-3316168633100972.000000,20.515006,5,0,0.000000,1,0.428881,0.764413,1,-1,0,none
24.372841,1.281000,0.762000,1.502000,1.314836,0.771647,1.425358,1.333359,0.777015,1.379468,0.003304,-0.018222,-0.004700,0.999817,-0.169017,0.591784,-0.054533,0.000279,0.001309,0.024115,0.084332,0.134093,2.461128,18.466827,4,0,0.000000,1,0.415376,0.791772,1,6,0,none
24.389524,1.274000,0.770000,1.503000,1.397854,0.839670,1.248081,1.336901,0.791598,1.370484,0.001235,-0.019480,-0.004892,0.999798,-0.155919,0.595179,-0.066868,0.000350,0.001249,0.025318,0.291852,0.148269,12.345241,16.266236,3,0,0.000000,1,0.645447,1.468788,1,-1,2,anchor2:2-3;1-2
24.406109,1.270000,0.778000,1.503000,1.511179,0.792134,1.526493,1.350197,0.800567,1.378802,-0.000306,-0.020529,-0.004966,0.999777,-0.129353,0.593992,-0.060462,0.000143,0.001279,0.023980,0.242732,0.149553,0.776566,13.815511,2,0,0.000000,1,0.760751,1.334870,1,3,2,anchor2:2-3;1-2
24.422667,1.266000,0.787000,1.503000,1.416408,0.908942,1.239568,1.354013,0.818523,1.369715,-0.001577,-0.022058,-0.004644,0.999745,-0.123082,0.608621,-0.075087,0.000228,0.001203,0.025183,0.326939,0.162803,14.732863,16.266236,3,0,0.000000,1,0.651611,1.467355,1,-1,2,anchor2:2-3;1-2
24.439306,1.260000,0.797000,1.502000,1.496201,0.816530,1.424888,1.363968,0.827277,1.371608,-0.002826,-0.022493,-0.004741,0.999732,-0.105886,0.600783,-0.075073,0.000114,0.001214,0.024737,0.249236,0.169494,5.212397,13.815511,2,0,0.000000,1,0.770504,1.321570,1,3,2,anchor2:2-3;1-2
24.455977,1.255000,0.805000,1.502000,1.316239,0.797366,1.289802,1.358580,0.833799,1.365904,-0.004530,-0.023237,-0.005120,0.999707,-0.110866,0.591563,-0.081579,0.000201,0.001221,0.025378,0.220990,0.173437,4.413366,16.266236,3,0,0.000000,1,0.613449,0.893326,1,-1,2,anchor1:0-1;1-2
24.472604,1.250000,0.813000,1.502000,1.280691,0.860046,1.294743,1.350851,0.844792,1.360763,-0.006436,-0.024014,-0.004878,0.999679,-0.123013,0.594280,-0.087957,0.000292,0.001203,0.025919,0.214734,0.176436,14.774894,16.266236,3,0,0.000000,1,0.630709,1.437376,1,-1,2,anchor2:2-3;1-2
24.489166,1.243000,0.824000,1.502000,1.541445,0.798648,1.422879,1.363402,0.849928,1.362695,-0.007565,-0.023767,-0.004890,0.999677,-0.104220,0.590557,-0.088634,0.000151,0.001235,0.025454,0.309794,0.185943,0.563825,13.815511,2,0,0.000000,1,0.652039,1.267476,1,4,2,anchor1:0-1;1-2
24.505797,1.236000,0.834000,1.502000,1.319093,0.908459,1.300899,1.358640,0.862986,1.358167,-0.008883,-0.024204,-0.004982,0.999655,-0.106326,0.598238,-0.090082,0.000219,0.001203,0.025911,0.229979,0.191230,11.379180,16.266236,3,0,0.000000,1,0.636660,1.442852,1,-1,2,anchor2:2-3;1-2
24.539092,1.226000,0.850000,1.501000,1.238820,0.846280,1.284767,1.346249,0.880039,1.351463,-0.008924,-0.024875,-0.005406,0.999636,-0.127468,0.598430,-0.094716,0.000333,0.001213,0.026437,0.216645,0.194225,8.879264,16.266236,3,0,0.000000,1,0.611605,0.900871,1,-1,2,anchor1:0-1;1-2
24.555701,1.220000,0.858000,1.501000,1.185382,0.827306,1.496735,1.332410,0.885344,1.357535,-0.008353,-0.025717,-0.005535,0.999619,-0.146593,0.591606,-0.086015,0.000306,0.001272,0.025290,0.046462,0.184298,15.733907,20.515006,5,0,0.000000,1,0.488541,0.870938,1,-1,0,none
24.572266,1.213000,0.869000,1.500000,1.313871,0.853694,1.296402,1.328891,0.891746,1.353146,-0.007665,-0.025695,-0.005457,0.999626,-0.153323,0.590207,-0.087300,0.000353,0.001282,0.025732,0.227731,0.188452,6.961805,16.266236,3,0,0.000000,1,0.615381,0.901762,1,-1,2,anchor1:0-1;1-2
24.588949,1.208000,0.877000,1.501000,1.547138,0.897991,1.398924,1.342008,0.901049,1.354110,-0.007185,-0.024721,-0.005034,0.999656,-0.126066,0.590387,-0.082468,0.000213,0.001290,0.025412,0.354789,0.200283,0.304710,13.815511,2,0,0.000000,1,0.659694,1.289701,1,4,2,anchor1:0-1;1-2
24.622183,1.195000,0.897000,1.500000,1.288248,0.841220,1.287896,1.334223,0.914757,1.348198,-0.005729,-0.025575,-0.004802,0.999645,-0.131980,0.580016,-0.081615,0.000284,0.001320,0.025878,0.238317,0.206742,4.807131,13.815511,2,0,0.000000,1,0.621303,1.178980,1,3,2,anchor1:0-1;1-2
24.655425,1.181000,0.915000,1.500000,1.451845,0.956335,1.483592,1.339076,0.935466,1.352799,-0.003849,-0.024367,-0.004631,0.999685,-0.120319,0.583848,-0.067732,0.000116,0.001335,0.024831,0.274471,0.216967,2.106389,13.815511,2,0,0.000000,1,0.656774,1.317685,1,4,2,anchor1:0-1;1-2
24.688741,1.170000,0.932000,1.500000,1.516656,0.893179,1.389773,1.349109,0.950051,1.352653,-0.002326,-0.022491,-0.004003,0.999736,-0.098781,0.577315,-0.060973,-0.000016,0.001378,0.024536,0.365824,0.232631,0.375647,13.815511,2,0,0.000000,1,0.657428,1.292884,1,4,2,anchor1:0-1;1-2
24.705278,1.162000,0.942000,1.501000,1.472564,0.955081,1.407759,1.357051,0.958845,1.354115,-0.001867,-0.021867,-0.003835,0.999752,-0.081588,0.576080,-0.058075,-0.000137,0.001395,0.024011,0.324523,0.244753,0.949224,13.815511,2,0,0.000000,1,0.658387,1.313597,1,4,2,anchor1:0-1;1-2
24.738585,1.150000,0.959000,1.500000,1.106063,0.953311,1.565198,1.335033,0.975834,1.363454,0.000283,-0.024366,-0.003583,0.999697,-0.112629,0.575546,-0.046610,-0.000176,0.001451,0.022313,0.078826,0.230576,8.397012,18.466827,4,0,0.000000,1,0.394587,0.800337,1,2,0,none
24.755249,1.142000,0.971000,1.501000,1.213154,0.945669,1.312077,1.324206,0.981652,1.360145,0.001980,-0.025645,-0.003505,0.999663,-0.126491,0.567800,-0.050627,-0.000076,0.001460,0.022690,0.203462,0.230549,15.890744,16.266236,3,0,0.000000,1,0.613687,0.916247,1,-1,2,anchor1:0-1;1-2
24.771824,1.135000,0.978000,1.501000,1.221565,0.979671,1.252773,1.314670,0.990100,1.353935,0.003571,-0.026441,-0.003462,0.999638,-0.139191,0.564056,-0.056507,0.000051,0.001442,0.023491,0.262893,0.232499,10.805317,16.266236,3,0,0.000000,1,0.615408,0.919529,1,-1,2,anchor1:0-1;1-2
24.788397,1.127000,0.989000,1.501000,1.098854,1.030971,1.456480,1.296940,1.001337,1.358135,0.004632,-0.027476,-0.003324,0.999606,-0.172366,0.567914,-0.054627,0.000097,0.001445,0.022706,0.067349,0.222356,14.911919,18.466827,4,0,0.000000,1,0.389019,0.671724,1,5,0,none
24.838319,1.106000,1.017000,1.500000,1.192747,0.997247,1.252934,1.280617,1.026628,1.349849,0.006736,-0.027984,-0.002971,0.999581,-0.191325,0.547055,-0.067281,0.000218,0.001441,0.023509,0.262597,0.230497,12.304381,16.266236,3,0,0.000000,1,0.614601,0.922285,1,-1,2,anchor1:0-1;1-2
24.854871,1.099000,1.024000,1.500000,1.177040,1.020569,1.290952,1.269804,1.034055,1.345729,0.007649,-0.028626,-0.002991,0.999556,-0.211832,0.545067,-0.074540,0.000312,0.001435,0.023951,0.223166,0.230380,15.379643,16.266236,3,0,0.000000,1,0.614450,0.926702,1,-1,2,anchor1:0-1;1-2
24.871504,1.093000,1.033000,1.500000,1.158965,1.027174,1.316912,1.258294,1.041541,1.343089,0.008927,-0.029391,-0.002828,0.999524,-0.229965,0.536300,-0.077225,0.000391,0.001437,0.024155,0.194696,0.228070,10.900761,16.266236,3,0,0.000000,1,0.613746,0.928547,1,-1,2,anchor1:0-1;1-2
24.921378,1.070000,1.058000,1.499000,1.158965,1.027174,1.316912,1.258294,1.041541,1.343089,0.008927,-0.029391,-0.002828,0.999524,-0.229965,0.536300,-0.077225,0.000391,0.001437,0.024155,0.204990,0.245018,-203032206540786.500000,20.515006,5,0,0.000000,1,0.747403,-nan,0,-1,0,none
24.954663,1.054000,1.074000,1.499000,1.030977,1.104763,1.415164,1.219794,1.086489,1.341416,0.012899,-0.028446,-0.001832,0.999510,-0.277492,0.507566,-0.065956,0.000498,0.001433,0.023465,0.092222,0.229077,-7772287160651760.000000,20.515006,5,0,0.000000,1,0.599769,0.868226,1,-1,0,none
24.971307,1.046000,1.082000,1.499000,1.139212,1.102842,1.224082,1.208469,1.095386,1.333768,0.013683,-0.028473,-0.001796,0.999499,-0.295226,0.503872,-0.075582,0.000610,0.001400,0.024450,0.291038,0.232114,6.694329,16.266236,3,0,0.000000,1,0.615280,0.937033,1,-1,2,anchor1:0-1;1-2
24.987909,1.037000,1.092000,1.498000,1.040301,1.124610,1.465204,1.189856,1.105468,1.339697,0.014564,-0.028782,-0.001897,0.999478,-0.321684,0.498362,-0.067353,0.000662,0.001407,0.023350,0.046367,0.220468,10.777175,20.515006,5,0,0.000000,1,0.479094,0.862691,1,-1,0,none
25.004476,1.030000,1.100000,1.498000,1.027525,1.109570,1.422850,1.172137,1.112914,1.343513,0.015054,-0.029317,-0.001852,0.999455,-0.343739,0.489318,-0.062547,0.000811,0.001423,0.022719,0.075797,0.210324,2.110949,18.466827,4,0,0.000000,1,0.600816,0.846795,1,3,0,none
25.021147,1.023000,1.106000,1.499000,1.109664,1.163381,1.196668,1.161921,1.124061,1.334918,0.015244,-0.029022,-0.001921,0.999461,-0.354203,0.487402,-0.069506,0.000900,0.001366,0.023896,0.319700,0.215750,7.742842,16.266236,3,0,0.000000,1,0.633557,1.360065,1,-1,2,anchor2:2-3;1-2
25.037777,1.013000,1.116000,1.498000,1.184996,1.189171,1.230147,1.158240,1.136331,1.328495,0.015011,-0.028070,-0.001885,0.999491,-0.358706,0.488832,-0.076321,0.000916,0.001313,0.024719,0.326622,0.224142,15.042740,16.266236,3,0,0.000000,1,0.641297,1.378207,1,-1,2,anchor2:2-3;1-2
25.071006,0.996000,1.131000,1.498000,1.047486,1.121682,1.401029,1.138868,1.149410,1.329900,0.015143,-0.027762,-0.001925,0.999498,-0.372130,0.466055,-0.068012,0.000957,0.001341,0.024106,0.110186,0.221377,-634462748839932.000000,20.515006,5,0,0.000000,1,0.521568,0.926146,1,-1,0,none
25.120923,0.971000,1.153000,1.498000,0.982634,1.140478,1.392757,1.108310,1.169208,1.330557,0.015540,-0.028125,-0.001975,0.999482,-0.401290,0.438156,-0.055948,0.001035,0.001368,0.023565,0.106622,0.217150,2.783527,18.466827,4,0,0.000000,1,0.391233,0.807555,1,6,0,none
25.187494,0.937000,1.178000,1.499000,0.991419,1.192721,1.382622,1.072854,1.196668,1.329670,0.013256,-0.032273,-0.002523,0.999388,-0.425384,0.403198,-0.053832,0.001085,0.001379,0.023004,0.129313,0.217893,7.798509,16.266236,3,0,0.000000,1,0.616693,1.326183,1,-1,2,anchor2:2-3;1-2
25.237190,0.911000,1.197000,1.500000,0.949731,1.235107,1.312386,1.041023,1.217804,1.326180,0.008726,-0.034427,-0.002516,0.999366,-0.459606,0.384262,-0.061707,0.001181,0.001356,0.023170,0.195323,0.218064,5.115086,20.515006,5,0,0.000000,1,0.474197,0.856746,1,-1,0,none
25.253904,0.901000,1.205000,1.499000,1.049267,1.304203,1.019733,1.034514,1.231742,1.306674,0.006841,-0.034741,-0.003080,0.999368,-0.463487,0.391957,-0.084520,0.001262,0.001237,0.026006,0.511392,0.235649,14.909002,16.266236,3,0,0.000000,1,0.647917,1.332102,1,-1,2,anchor2:2-3;1-2
25.287119,0.885000,1.216000,1.499000,0.919891,1.259710,1.369807,1.009605,1.245806,1.308358,0.004813,-0.035770,-0.003593,0.999342,-0.486392,0.390521,-0.083185,0.001289,0.001230,0.025429,0.140779,0.229694,0.520136,20.515006,5,0,0.000000,1,0.473064,0.856911,1,-1,0,none
25.303695,0.874000,1.223000,1.499000,0.950423,1.250305,1.338605,0.997026,1.251871,1.308718,0.004458,-0.035917,-0.003592,0.999338,-0.503990,0.389371,-0.084348,0.001319,0.001233,0.025128,0.179757,0.228421,-50758696470524.843750,20.515006,5,0,0.000000,1,0.607047,1.168791,1,-1,0,none
25.320339,0.865000,1.228000,1.499000,0.984075,1.234571,1.274699,0.988377,1.255960,1.305445,0.004043,-0.035682,-0.003487,0.999349,-0.508698,0.380578,-0.085342,0.001333,0.001246,0.025408,0.254034,0.231229,9.260744,18.466827,4,0,0.000000,1,0.656236,0.854178,1,7,0,none
25.337006,0.857000,1.233000,1.499000,0.884726,1.271749,1.397542,0.971928,1.263141,1.308612,0.003792,-0.035596,-0.003506,0.999353,-0.524431,0.379438,-0.077429,0.001371,0.001252,0.024499,0.112089,0.224420,-5335912127939580.000000,20.515006,5,0,0.000000,1,0.394071,0.633909,1,-1,0,none
25.353625,0.845000,1.240000,1.499000,0.912515,1.237981,1.395270,0.959119,1.266782,1.312186,0.003791,-0.035326,-0.003511,0.999362,-0.538528,0.371035,-0.070762,0.001426,0.001283,0.023744,0.123783,0.220545,0.539048,18.466827,4,0,0.000000,1,0.652792,0.850437,1,7,0,none
25.386852,0.829000,1.251000,1.499000,0.832279,1.287064,1.425934,0.932218,1.279633,1.316272,0.003585,-0.035451,-0.003909,0.999357,-0.562300,0.370145,-0.056997,0.001469,0.001290,0.022734,0.081548,0.211809,5.958251,20.515006,5,0,0.000000,1,0.470342,0.858152,1,-1,0,none
25.420148,0.809000,1.263000,1.499000,0.837255,1.293245,1.430132,0.906989,1.291984,1.320959,0.004042,-0.036096,-0.004537,0.999330,-0.578918,0.366787,-0.041734,0.001493,0.001303,0.021728,0.080349,0.205282,-9250607031706106.000000,20.515006,5,0,0.000000,1,0.658481,0.753954,1,-1,0,none
25.519826,0.749000,1.296000,1.500000,0.765836,1.299595,1.414224,0.839065,1.324648,1.322546,0.006047,-0.040829,-0.005481,0.999133,-0.632817,0.343188,-0.046697,0.001463,0.001333,0.020780,0.087486,0.201053,6.374510,20.515006,5,0,0.000000,1,0.468388,0.857990,1,-1,0,none
25.536470,0.737000,1.303000,1.500000,0.723481,1.380439,1.400240,0.817920,1.335442,1.327423,0.005565,-0.040691,-0.006197,0.999137,-0.660840,0.349049,-0.044830,0.001544,0.001297,0.020141,0.127010,0.193348,5.138355,18.466827,4,0,0.000000,1,0.371578,0.679350,1,5,0,none
25.553169,0.728000,1.309000,1.500000,0.723481,1.380439,1.400240,0.817920,1.335442,1.327423,0.005565,-0.040691,-0.006197,0.999137,-0.660840,0.349049,-0.044830,0.001544,0.001297,0.020141,0.122784,0.196386,-24566733848887792.000000,20.515006,5,0,0.000000,1,1.230384,1.982252,0,-1,0,none
25.569763,0.719000,1.313000,1.500000,0.734370,1.357279,1.440888,0.789629,1.348187,1.333078,0.005968,-0.038440,-0.007003,0.999219,-0.683342,0.352529,-0.039987,0.001560,0.001304,0.019027,0.075439,0.184633,-4080.922993,20.515006,5,0,0.000000,1,0.465118,1.012084,1,-1,0,none
25.586359,0.706000,1.320000,1.500000,0.810149,1.397572,1.315755,0.781925,1.357996,1.331509,0.006543,-0.037368,-0.007561,0.999252,-0.679818,0.354473,-0.040640,0.001541,0.001276,0.019200,0.225412,0.188673,10.765853,16.266236,3,0,0.000000,1,0.611670,1.249721,1,-1,2,anchor2:2-3;1-2
25.636275,0.675000,1.335000,1.500000,0.710954,1.347611,1.494768,0.744180,1.372654,1.340095,0.008755,-0.035522,-0.007544,0.999302,-0.704286,0.342122,-0.026891,0.001530,0.001314,0.017603,0.038459,0.178250,-634469197123576.500000,20.515006,5,0,0.000000,1,0.576809,0.863150,1,-1,0,none
25.652863,0.665000,1.340000,1.500000,0.874249,1.370217,1.547799,0.747487,1.377316,1.352937,0.009085,-0.034114,-0.007728,0.999347,-0.684505,0.336732,-0.010765,0.001401,0.001356,0.015727,0.216756,0.172697,3.650176,13.815511,2,0,0.000000,1,0.749706,1.538339,1,3,2,anchor2:2-3;1-2
25.686100,0.643000,1.350000,1.500000,0.647805,1.445655,1.480751,0.717497,1.394019,1.360601,0.008494,-0.033725,-0.007876,0.999364,-0.706036,0.338634,0.001230,0.001406,0.001336,0.014528,0.097691,0.164072,2.252004,18.466827,4,0,0.000000,1,0.374586,0.690261,1,5,0,none
25.702745,0.633000,1.354000,1.500000,0.593149,1.379416,1.501317,0.695494,1.397693,1.368986,0.007793,-0.034181,-0.008099,0.999352,-0.724691,0.329122,0.009902,0.001431,0.001356,0.013221,0.047285,0.151589,-812126246832126.000000,20.515006,5,0,0.000000,1,0.454694,0.932586,1,-1,0,none
25.735913,0.610000,1.365000,1.500000,0.588456,1.393796,1.506047,0.664117,1.407021,1.377546,0.006224,-0.035017,-0.008708,0.999329,-0.748856,0.327553,0.018934,0.001443,0.001375,0.011955,0.036468,0.140318,-767711097759993.000000,20.515006,5,0,0.000000,1,0.555355,0.935038,1,-1,0,none
25.752558,0.597000,1.371000,1.500000,0.637669,1.462566,1.662330,0.651245,1.417036,1.394803,0.005794,-0.035373,-0.009021,0.999317,-0.750916,0.329908,0.036724,0.001393,0.001384,0.009470,0.190760,0.126997,2.456546,16.266236,3,0,0.000000,1,0.731607,1.670368,1,-1,2,anchor6:5-6;6-7
25.769192,0.587000,1.376000,1.501000,0.557905,1.391055,1.438460,0.635230,1.418198,1.397625,0.005664,-0.036036,-0.008929,0.999295,-0.766928,0.326146,0.038519,0.001383,0.001395,0.009090,0.070600,0.121628,-511802965300257.062500,20.515006,5,0,0.000000,1,0.447228,0.692148,1,-1,0,none
25.785914,0.578000,1.380000,1.501000,0.654321,1.466263,1.689307,0.625593,1.427341,1.414621,0.005525,-0.036044,-0.009141,0.999293,-0.766793,0.333552,0.055346,0.001319,0.001410,0.006706,0.220739,0.109397,9.738909,16.266236,3,0,0.000000,1,0.734365,1.672234,1,-1,2,anchor6:5-6;6-7
25.802439,0.565000,1.385000,1.501000,0.550412,1.407672,1.568625,0.608613,1.430598,1.423743,0.006081,-0.035912,-0.009213,0.999294,-0.780941,0.329405,0.063842,0.001312,0.001428,0.005439,0.072801,0.099749,4.481198,18.466827,4,0,0.000000,1,0.385682,0.704041,1,1,0,none
25.819005,0.555000,1.389000,1.501000,0.553664,1.405550,1.505029,0.592851,1.433479,1.428992,0.006282,-0.035092,-0.009077,0.999323,-0.791912,0.323190,0.068900,0.001312,0.001443,0.004785,0.017085,0.092716,-10665464547397710.000000,20.515006,5,0,0.000000,1,0.760471,1.001335,1,-1,0,none
25.835695,0.545000,1.394000,1.502000,0.551230,1.417727,1.447191,0.577804,1.437088,1.430986,0.006873,-0.034032,-0.009254,0.999354,-0.794974,0.317569,0.072508,0.001318,0.001450,0.004639,0.060049,0.089307,-2798027440275449.500000,20.515006,5,0,0.000000,1,0.541102,0.773907,1,-1,0,none
25.852338,0.532000,1.400000,1.502000,0.607612,1.440146,1.405490,0.567923,1.442126,1.430840,0.007863,-0.032500,-0.009433,0.999396,-0.793766,0.317999,0.070576,0.001310,0.001449,0.004857,0.129008,0.090160,10.822664,18.466827,4,0,0.000000,1,0.642846,0.831017,1,7,0,none
25.868995,0.522000,1.405000,1.502000,0.635482,1.512659,1.309700,0.560520,1.452137,1.425966,0.008805,-0.031164,-0.009504,0.999430,-0.782480,0.321439,0.068468,0.001304,0.001420,0.005813,0.247887,0.097401,5.001993,16.266236,3,0,0.000000,1,0.606547,1.185191,1,-1,2,anchor2:2-3;1-2
25.885507,0.511000,1.409000,1.502000,0.619059,1.443943,1.633791,0.553385,1.456347,1.437466,0.009681,-0.030237,-0.009311,0.999452,-0.775790,0.317673,0.080381,0.001224,0.001442,0.004332,0.173973,0.090570,14.668773,16.266236,3,0,0.000000,1,0.727127,1.665517,1,-1,2,anchor6:5-6;6-7
25.904287,0.498000,1.414000,1.503000,0.474526,1.467064,1.489343,0.534525,1.462487,1.441424,0.010707,-0.030139,-0.009340,0.999445,-0.787121,0.318572,0.084170,0.001199,0.001430,0.004003,0.059610,0.086467,3.283649,18.466827,4,0,0.000000,1,0.376152,0.716404,1,4,0,none
25.920902,0.485000,1.419000,1.503000,0.490233,1.430198,1.564929,0.519849,1.464948,1.448690,0.012061,-0.029955,-0.009157,0.999437,-0.789515,0.309348,0.091381,0.001124,0.001433,0.003064,0.063150,0.079217,-714841687317597.250000,20.515006,5,0,0.000000,1,0.327555,0.777221,1,-1,0,none
25.939625,0.475000,1.423000,1.503000,0.483775,1.461076,1.428841,0.503766,1.469983,1.449285,0.013277,-0.029297,-0.008792,0.999444,-0.796237,0.309036,0.086980,0.001137,0.001434,0.003210,0.083823,0.076943,3.385971,18.466827,4,0,0.000000,1,0.412221,0.737491,1,0,0,none
25.956234,0.465000,1.428000,1.503000,0.488755,1.497499,1.446189,0.490481,1.476598,1.450505,0.014632,-0.029116,-0.008860,0.999430,-0.795735,0.309759,0.085241,0.001138,0.001425,0.003245,0.092854,0.075939,-1691928068820009.750000,20.515006,5,0,0.000000,1,0.380305,0.797495,1,-1,0,none
25.972789,0.452000,1.434000,1.503000,0.476432,1.476630,1.478262,0.477826,1.481159,1.453059,0.015984,-0.028940,-0.009071,0.999412,-0.799054,0.307332,0.083613,0.001132,0.001429,0.003058,0.055011,0.073383,-951708027386973.125000,20.515006,5,0,0.000000,1,0.397572,0.829694,1,-1,0,none
25.989464,0.442000,1.437000,1.503000,0.469877,1.473095,1.435018,0.465238,1.485252,1.453482,0.017343,-0.028548,-0.009149,0.999400,-0.804103,0.306339,0.079460,0.001135,0.001433,0.003192,0.081863,0.072940,4.600808,20.515006,5,0,0.000000,1,0.461136,0.847841,1,-1,0,none
26.006108,0.429000,1.442000,1.503000,0.442596,1.435518,1.466546,0.451549,1.486631,1.455276,0.018731,-0.028290,-0.008905,0.999385,-0.806036,0.294170,0.078622,0.001137,0.001455,0.003098,0.039443,0.069123,3.792120,18.466827,4,0,0.000000,1,0.588807,0.786409,1,1,0,none
26.022751,0.418000,1.446000,1.503000,0.439332,1.472826,1.458152,0.438304,1.490279,1.456604,0.019753,-0.028183,-0.009000,0.999367,-0.807612,0.290370,0.074306,0.001136,0.001463,0.003085,0.056445,0.067272,18.055436,20.515006,5,0,0.000000,1,0.460730,0.847823,1,-1,0,none
26.039316,0.408000,1.450000,1.503000,0.429440,1.496789,1.399508,0.425828,1.494882,1.455142,0.020781,-0.028274,-0.009246,0.999341,-0.808620,0.283608,0.067922,0.001150,0.001458,0.003482,0.115583,0.067990,4.784325,18.466827,4,0,0.000000,1,0.376953,0.720353,1,3,0,none
26.055927,0.395000,1.455000,1.503000,0.451287,1.482710,1.372768,0.415258,1.498312,1.452546,0.021674,-0.028395,-0.009261,0.999319,-0.806841,0.279809,0.061385,0.001155,0.001460,0.004054,0.144556,0.069512,2.485767,18.466827,4,0,0.000000,1,0.638757,0.814194,1,5,0,none
26.072621,0.386000,1.458000,1.503000,0.393924,1.456995,1.316265,0.401507,1.499902,1.447484,0.022862,-0.028970,-0.009008,0.999278,-0.812164,0.267452,0.051651,0.001197,0.001472,0.004964,0.186906,0.071262,3.371660,18.466827,4,0,0.000000,1,0.585889,0.779573,1,1,0,none
26.089209,0.372000,1.462000,1.503000,0.367831,1.557178,1.412381,0.386949,1.507427,1.446789,0.023221,-0.029386,-0.009200,0.999256,-0.814289,0.261803,0.051604,0.001216,0.001443,0.005206,0.131484,0.073803,2.499843,18.466827,4,0,0.000000,1,0.379319,0.728687,1,3,0,none
26.122440,0.352000,1.468000,1.503000,0.362805,1.465044,1.556317,0.360580,1.512455,1.453283,0.024373,-0.028979,-0.009488,0.999238,-0.820018,0.239189,0.059961,0.001183,0.001476,0.004453,0.054481,0.067243,5.055137,18.466827,4,0,0.000000,1,0.585723,0.965782,1,6,0,none
26.139066,0.339000,1.473000,1.503000,0.368643,1.514452,1.327679,0.348639,1.516086,1.448694,0.024651,-0.029030,-0.009696,0.999228,-0.818675,0.232672,0.055758,0.001210,0.001469,0.005329,0.182577,0.069989,-31723575724176188.000000,20.515006,5,0,0.000000,1,0.401407,0.857713,1,-1,0,none
26.172311,0.320000,1.478000,1.503000,0.282944,1.452129,1.239436,0.318795,1.518642,1.440978,0.026332,-0.030688,-0.010181,0.999130,-0.824362,0.208699,0.048991,0.001299,0.001498,0.006803,0.267411,0.074162,3.239792,16.266236,3,0,0.000000,1,0.702220,1.664928,1,-1,2,anchor6:5-6;6-7
26.188948,0.306000,1.481000,1.503000,0.295269,1.470756,1.175990,0.304827,1.518376,1.429785,0.027037,-0.031020,-0.010194,0.999101,-0.832456,0.195926,0.034761,0.001388,0.001509,0.008662,0.327346,0.082212,5.276812,16.266236,3,0,0.000000,1,0.702217,1.669175,1,-1,2,anchor6:5-6;6-7
26.205596,0.297000,1.484000,1.503000,0.248083,1.422105,1.091229,0.288454,1.514785,1.415182,0.027543,-0.031366,-0.010439,0.999074,-0.836943,0.173110,0.018893,0.001521,0.001546,0.010999,0.419261,0.093449,1.122952,16.266236,3,0,0.000000,1,0.696795,1.665314,1,-1,2,anchor6:5-6;6-7
26.222258,0.287000,1.486000,1.503000,0.335911,1.553111,1.405221,0.278767,1.519814,1.415126,0.027498,-0.030977,-0.010398,0.999088,-0.836178,0.171670,0.020933,0.001483,0.001519,0.011099,0.128285,0.094514,-6909392897526566.000000,20.515006,5,0,0.000000,1,0.548163,0.978300,1,-1,0,none
26.255448,0.264000,1.491000,1.503000,0.323541,1.528836,1.320688,0.256502,1.525296,1.411582,0.027953,-0.030133,-0.010563,0.999099,-0.831443,0.158063,0.016811,0.001464,0.001507,0.011808,0.195485,0.097927,4.567848,20.515006,5,0,0.000000,1,0.459376,0.838271,1,-1,0,none
26.288716,0.241000,1.495000,1.503000,0.240830,1.577870,1.352824,0.230001,1.533455,1.409361,0.028565,-0.030525,-0.010969,0.999066,-0.831921,0.145271,0.011529,0.001478,0.001465,0.012260,0.171523,0.101823,1.884871,18.466827,4,0,0.000000,1,0.380551,0.746711,1,3,0,none
26.321955,0.218000,1.500000,1.503000,0.235170,1.527522,1.271489,0.204573,1.537121,1.403124,0.028804,-0.031434,-0.010655,0.999034,-0.836241,0.126866,0.001504,0.001507,0.001464,0.013323,0.233773,0.107394,12.549613,20.515006,5,0,0.000000,1,0.458785,0.834056,1,-1,0,none
26.355241,0.197000,1.503000,1.503000,0.138200,1.572650,1.253342,0.174046,1.543229,1.395762,0.028033,-0.032790,-0.011086,0.999008,-0.849521,0.112311,-0.009358,0.001604,0.001429,0.014484,0.265777,0.116813,2.881644,16.266236,3,0,0.000000,1,0.914551,1.688296,1,-1,2,anchor7:6-7;7-0
26.371848,0.184000,1.504000,1.504000,0.171448,1.550780,1.421919,0.161084,1.545418,1.396884,0.027528,-0.032926,-0.010968,0.999018,-0.853166,0.103742,-0.008961,0.001584,0.001425,0.014287,0.095306,0.117109,-1833617829543689.000000,20.515006,5,0,0.000000,1,0.455275,0.964828,1,-1,0,none
26.388468,0.174000,1.505000,1.504000,0.171448,1.550780,1.421919,0.161084,1.545418,1.396884,0.027528,-0.032926,-0.010968,0.999018,-0.853166,0.103742,-0.008961,0.001584,0.001425,0.014287,0.094019,0.115214,-1243569443918398.000000,20.515006,5,0,0.000000,1,0.708354,2.396545,0,-1,0,none
26.405093,0.164000,1.506000,1.504000,0.152153,1.563175,1.408694,0.134789,1.549645,1.397210,0.025373,-0.032188,-0.011358,0.999095,-0.855436,0.087062,-0.008925,0.001563,0.001412,0.014203,0.111770,0.119006,3.383205,20.515006,5,0,0.000000,1,0.458295,0.830005,1,-1,0,none
26.438344,0.140000,1.507000,1.503000,0.124896,1.601116,1.347683,0.108129,1.556142,1.394466,0.022836,-0.031871,-0.011416,0.999166,-0.854554,0.082645,-0.012153,0.001572,0.001367,0.014619,0.182235,0.123330,2.759806,18.466827,4,0,0.000000,1,0.381900,0.763862,1,3,0,none
26.471589,0.116000,1.509000,1.503000,0.171771,1.535779,1.412469,0.087157,1.556884,1.395101,0.022049,-0.032046,-0.011532,0.999177,-0.848281,0.068579,-0.007444,0.001481,0.001386,0.014498,0.109651,0.121520,-16445543440500002.000000,20.515006,5,0,0.000000,1,0.521382,1.052053,1,-1,0,none
26.488152,0.106000,1.510000,1.504000,0.089561,1.557476,1.366391,0.074929,1.557853,1.393556,0.021533,-0.032016,-0.011337,0.999191,-0.851384,0.061724,-0.006923,0.001482,0.001385,0.014735,0.146493,0.124311,-913642027686142.000000,20.515006,5,0,0.000000,1,0.448276,0.684324,1,-1,0,none
26.538074,0.072000,1.511000,1.504000,0.066193,1.558643,1.437068,0.035222,1.560407,1.395793,0.019280,-0.031671,-0.011993,0.999240,-0.854948,0.046406,0.002730,0.001428,0.001386,0.014375,0.082361,0.124509,-13818810399400444.000000,20.515006,5,0,0.000000,1,0.460554,0.737609,1,-1,0,none
26.554617,0.058000,1.511000,1.504000,0.086593,1.564693,1.327063,0.027108,1.561339,1.392233,0.018928,-0.030847,-0.012173,0.999271,-0.850605,0.042690,-0.001926,0.001410,0.001380,0.014975,0.187102,0.126413,0.423316,18.466827,4,0,0.000000,1,0.575968,0.733294,1,1,0,none
26.571243,0.048000,1.512000,1.504000,0.044182,1.620439,1.335176,0.015908,1.566713,1.389303,0.018134,-0.030206,-0.012017,0.999307,-0.848424,0.048641,-0.005297,0.001419,0.001330,0.015471,0.200687,0.131068,2.048755,18.466827,4,0,0.000000,1,0.382971,0.775475,1,3,0,none
26.621237,0.017000,1.512000,1.504000,-0.121387,1.636796,1.153764,-0.034986,1.574604,1.376025,0.017062,-0.030164,-0.012115,0.999326,-0.867581,0.047386,-0.023324,0.001647,0.001280,0.017492,0.396725,0.151656,0.915475,16.266236,3,0,0.000000,1,0.969802,1.791094,1,-1,2,anchor7:6-7;7-0
26.637758,0.000000,1.511000,1.505000,-0.011087,1.562446,1.373108,-0.045624,1.574238,1.375512,0.017285,-0.029621,-0.012200,0.999337,-0.864866,0.042079,-0.025152,0.001614,0.001290,0.017523,0.142004,0.151154,2.635656,20.515006,5,0,0.000000,1,0.458121,0.841596,1,-1,0,none
26.654450,-0.009000,1.511000,1.505000,-0.013387,1.590134,1.465413,-0.055781,1.576224,1.379929,0.017209,-0.029011,-0.012252,0.999356,-0.859201,0.040048,-0.019000,0.001526,0.001270,0.016795,0.088592,0.148611,-1222423533638008.750000,20.515006,5,0,0.000000,1,0.440874,0.802374,1,-1,0,none
26.671084,-0.020000,1.511000,1.505000,-0.004089,1.546022,1.451077,-0.064556,1.574413,1.383334,0.017151,-0.028316,-0.012265,0.999377,-0.852273,0.029595,-0.014535,0.001431,0.001289,0.016227,0.066237,0.144253,5.688839,20.515006,5,0,0.000000,1,0.458076,0.844018,1,-1,0,none
26.687661,-0.034000,1.511000,1.505000,-0.155552,1.632792,1.182450,-0.084705,1.579252,1.372853,0.016553,-0.028994,-0.012031,0.999370,-0.861528,0.034284,-0.025094,0.001608,0.001257,0.017823,0.365577,0.157138,4.765453,16.266236,3,0,0.000000,1,0.969652,1.799358,1,-1,2,anchor7:6-7;7-0
26.704288,-0.045000,1.510000,1.505000,-0.039074,1.569307,1.410383,-0.093859,1.579026,1.374367,0.016129,-0.029542,-0.012292,0.999358,-0.856746,0.032354,-0.024530,0.001541,0.001261,0.017540,0.111825,0.155617,-2537896133431297.000000,20.515006,5,0,0.000000,1,0.504155,0.703689,1,-1,0,none
26.737590,-0.069000,1.510000,1.505000,-0.054421,1.548549,1.497752,-0.116755,1.577634,1.379933,0.015906,-0.031258,-0.012819,0.999303,-0.853789,0.023597,-0.019531,0.001415,0.001273,0.016556,0.041846,0.149989,10.110431,20.515006,5,0,0.000000,1,0.458183,0.848501,1,-1,0,none
26.754157,-0.080000,1.509000,1.505000,-0.075657,1.575004,1.383216,-0.126606,1.577761,1.379815,0.016280,-0.031272,-0.012532,0.999300,-0.848877,0.018977,-0.017502,0.001372,0.001273,0.016543,0.138588,0.150238,3.203744,18.466827,4,0,0.000000,1,0.397854,0.668157,1,7,0,none
26.770748,-0.090000,1.509000,1.505000,-0.075657,1.575004,1.383216,-0.126606,1.577761,1.379815,0.016280,-0.031272,-0.012532,0.999300,-0.848877,0.018977,-0.017502,0.001372,0.001273,0.016543,0.139260,0.147442,1.547199,16.266236,3,0,0.000000,1,1.012178,1.854665,0,-1,2,anchor7:6-7;7-0
26.804024,-0.115000,1.508000,1.505000,-0.075657,1.575004,1.383216,-0.126606,1.577761,1.379815,0.016280,-0.031272,-0.012532,0.999300,-0.848877,0.018977,-0.017502,0.001372,0.001273,0.016543,0.144460,0.143779,-1535420422234108.000000,20.515006,5,0,0.000000,1,1.247868,5.729312,0,-1,0,none
26.820677,-0.125000,1.507000,1.504000,-0.130401,1.510754,1.572369,-0.178643,1.572782,1.389275,0.016103,-0.029296,-0.013260,0.999353,-0.852647,-0.003930,-0.007016,0.001199,0.001308,0.014921,0.068685,0.142712,5.797516,18.466827,4,0,0.000000,1,0.562130,0.894604,1,6,0,none
26.837257,-0.140000,1.506000,1.505000,-0.145303,1.541901,1.472470,-0.187997,1.570143,1.393675,0.016203,-0.028485,-0.013426,0.999373,-0.846462,-0.012089,-0.001454,0.001107,0.001323,0.014223,0.048736,0.137154,3.602003,18.466827,4,0,0.000000,1,0.561952,0.882461,1,6,0,none
26.853893,-0.151000,1.506000,1.504000,-0.263961,1.625038,1.261738,-0.200358,1.574360,1.386794,0.016055,-0.028526,-0.013359,0.999375,-0.858744,-0.003102,-0.008330,0.001244,0.001296,0.015290,0.292611,0.144383,2.034213,16.266236,3,0,0.000000,1,0.971430,1.828145,1,-1,2,anchor7:6-7;7-0
26.870499,-0.165000,1.505000,1.504000,-0.169869,1.555282,1.386672,-0.198306,1.572944,1.386779,0.016162,-0.028360,-0.013393,0.999377,-0.854812,-0.005619,-0.008333,0.001222,0.001307,0.015293,0.127741,0.139522,2.978215,20.515006,5,0,0.000000,1,0.458725,0.851145,1,-1,0,none
26.887177,-0.172000,1.505000,1.504000,-0.169869,1.555282,1.386672,-0.198306,1.572944,1.386779,0.016162,-0.028360,-0.013393,0.999377,-0.854812,-0.005619,-0.008333,0.001222,0.001307,0.015293,0.127666,0.138018,-9948505899302906.000000,20.515006,5,0,0.000000,1,0.613547,3.321228,0,-1,0,none
26.903799,-0.187000,1.504000,1.504000,-0.202772,1.558053,1.365917,-0.224927,1.571550,1.385510,0.018286,-0.026815,-0.012964,0.999389,-0.854113,-0.012686,-0.007057,0.001218,0.001318,0.015457,0.149122,0.141567,11.819450,18.466827,4,0,0.000000,1,0.397321,0.658650,1,7,0,none
26.936976,-0.212000,1.502000,1.504000,-0.219232,1.517965,1.465527,-0.250128,1.566854,1.389515,0.021427,-0.025531,-0.012820,0.999362,-0.850754,-0.027282,0.004788,0.001140,0.001346,0.014808,0.042277,0.136991,1.530156,18.466827,4,0,0.000000,1,0.556293,0.872612,1,6,0,none
26.953613,-0.223000,1.501000,1.504000,-0.217673,1.497379,1.528774,-0.260452,1.561161,1.396973,0.022945,-0.024990,-0.012591,0.999345,-0.847721,-0.040417,0.010032,0.000976,0.001385,0.013675,0.025597,0.128362,3.304948,18.466827,4,0,0.000000,1,0.555924,0.879118,1,6,0,none
26.970238,-0.237000,1.500000,1.504000,-0.232486,1.542013,1.376876,-0.271269,1.559023,1.396114,0.023535,-0.024403,-0.012567,0.999346,-0.840198,-0.050389,0.009856,0.000963,0.001395,0.013848,0.133963,0.127661,1.324232,20.515006,5,0,0.000000,1,0.459255,0.854437,1,-1,0,none
26.986853,-0.248000,1.498000,1.504000,-0.265649,1.501016,1.329959,-0.283150,1.553942,1.392938,0.024289,-0.023635,-0.012776,0.999344,-0.841686,-0.058566,0.005421,0.000990,0.001432,0.014340,0.174960,0.129228,-2055685131632891.500000,20.515006,5,0,0.000000,1,0.800506,0.898285,1,-1,0,none
27.020119,-0.273000,1.495000,1.504000,-0.242177,1.529422,1.353083,-0.305558,1.550071,1.391065,0.025314,-0.022049,-0.012096,0.999363,-0.832880,-0.072280,0.000873,0.000972,0.001444,0.014658,0.157832,0.129796,16.913429,20.515006,5,0,0.000000,1,0.459449,0.855185,1,-1,0,none
27.053389,-0.295000,1.493000,1.504000,-0.298255,1.546113,1.419686,-0.329745,1.547601,1.392466,0.027151,-0.021921,-0.012132,0.999317,-0.822871,-0.078800,-0.001922,0.000930,0.001442,0.014436,0.099701,0.128951,0.862860,18.466827,4,0,0.000000,1,0.380873,0.825014,1,3,0,none
27.069976,-0.309000,1.490000,1.503000,-0.306924,1.508488,1.263782,-0.340076,1.543318,1.385872,0.028326,-0.021326,-0.011584,0.999304,-0.823225,-0.086826,-0.011529,0.000992,0.001470,0.015434,0.239940,0.132392,-3654556503773182.000000,20.515006,5,0,0.000000,1,0.436753,0.781224,1,-1,0,none
27.086614,-0.320000,1.489000,1.504000,-0.303839,1.527537,1.405467,-0.349666,1.540839,1.386625,0.029134,-0.020436,-0.011469,0.999301,-0.817275,-0.094046,-0.013677,0.000947,0.001475,0.015287,0.107028,0.131698,-25377736167422.687500,20.515006,5,0,0.000000,1,0.526410,0.856597,1,-1,0,none
27.119842,-0.345000,1.485000,1.503000,-0.292399,1.500503,1.247306,-0.370263,1.534421,1.379043,0.029992,-0.017671,-0.011491,0.999328,-0.807592,-0.113681,-0.023481,0.000987,0.001501,0.016378,0.261508,0.135816,1.223516,18.466827,4,0,0.000000,1,0.629926,0.841224,1,5,0,none
27.136452,-0.355000,1.482000,1.503000,-0.292329,1.572392,1.345259,-0.376223,1.535583,1.377006,0.030670,-0.016069,-0.011380,0.999336,-0.795556,-0.112694,-0.027196,0.000956,0.001471,0.016662,0.192303,0.138550,4.386512,18.466827,4,0,0.000000,1,0.382316,0.822561,1,3,0,none
27.153096,-0.366000,1.480000,1.502000,-0.297929,1.504146,1.339488,-0.382303,1.531472,1.374694,0.031806,-0.014655,-0.011152,0.999324,-0.780214,-0.127597,-0.028864,0.000922,0.001488,0.016948,0.177839,0.138282,16.867124,20.515006,5,0,0.000000,1,0.460210,0.858525,1,-1,0,none
27.186445,-0.391000,1.474000,1.502000,-0.390987,1.437902,1.305744,-0.406819,1.520228,1.370209,0.034455,-0.013384,-0.011051,0.999256,-0.776988,-0.152251,-0.032828,0.000954,0.001550,0.017450,0.199548,0.140557,3.138936,18.466827,4,0,0.000000,1,0.540244,0.845693,1,6,0,none
27.202959,-0.405000,1.471000,1.502000,-0.346718,1.466022,1.486701,-0.413578,1.514057,1.375352,0.035029,-0.012240,-0.010708,0.999254,-0.766274,-0.170119,-0.025955,0.000836,0.001572,0.016487,0.060462,0.134042,1.084684,18.466827,4,0,0.000000,1,0.546284,0.858705,1,6,0,none
27.219625,-0.415000,1.469000,1.502000,-0.419269,1.476686,1.345495,-0.425298,1.508735,1.373479,0.035658,-0.011262,-0.010566,0.999245,-0.761025,-0.183056,-0.025455,0.000851,0.001594,0.016699,0.156752,0.134917,3.860420,20.515006,5,0,0.000000,1,0.462059,0.863337,1,-1,0,none
27.236269,-0.426000,1.465000,1.501000,-0.408171,1.541185,1.340995,-0.435401,1.508194,1.371548,0.035845,-0.010286,-0.010183,0.999253,-0.750429,-0.191924,-0.024425,0.000859,0.001572,0.016947,0.178112,0.136791,2.636406,20.515006,5,0,0.000000,1,0.461272,0.858519,1,-1,0,none
27.269542,-0.450000,1.459000,1.501000,-0.397292,1.503845,1.346392,-0.455437,1.501648,1.369528,0.035310,-0.008450,-0.009891,0.999292,-0.728148,-0.213937,-0.023395,0.000837,0.001568,0.017124,0.169389,0.138323,3.137447,20.515006,5,0,0.000000,1,0.461450,0.861060,1,-1,0,none
27.286076,-0.460000,1.455000,1.501000,-0.442835,1.482399,1.368283,-0.465143,1.497080,1.369080,0.035199,-0.008315,-0.009754,0.999298,-0.721226,-0.220791,-0.022547,0.000821,0.001577,0.017124,0.136599,0.138564,1.431742,18.466827,4,0,0.000000,1,0.379398,0.840910,1,3,0,none
27.302723,-0.473000,1.451000,1.500000,-0.429591,1.482518,1.403501,-0.473369,1.492728,1.370342,0.035165,-0.008858,-0.009967,0.999293,-0.709110,-0.231359,-0.021137,0.000765,0.001580,0.016864,0.110408,0.136208,-22384097649100788.000000,20.515006,5,0,0.000000,1,0.942992,0.598103,1,-1,0,none
27.319391,-0.484000,1.448000,1.500000,-0.458260,1.517572,1.392582,-0.483014,1.490889,1.371073,0.034979,-0.009912,-0.009939,0.999289,-0.701334,-0.241124,-0.020951,0.000735,0.001560,0.016710,0.130543,0.135877,-6496953229542404.000000,20.515006,5,0,0.000000,1,0.613570,1.428747,1,-1,0,none
27.335981,-0.493000,1.443000,1.500000,-0.458260,1.517572,1.392582,-0.483014,1.490889,1.371073,0.034979,-0.009912,-0.009939,0.999289,-0.701334,-0.241124,-0.020951,0.000735,0.001560,0.016710,0.135302,0.137896,-1535431061964794.000000,20.515006,5,0,0.000000,1,0.784769,2.314150,0,-1,0,none
27.352652,-0.507000,1.438000,1.500000,-0.488896,1.414212,1.366516,-0.504450,1.477829,1.370113,0.034959,-0.010080,-0.009689,0.999291,-0.697146,-0.268171,-0.022206,0.000721,0.001601,0.016712,0.136790,0.135881,6.072994,20.515006,5,0,0.000000,1,0.464000,0.869130,1,-1,0,none
27.369203,-0.517000,1.435000,1.500000,-0.532473,1.445865,1.424251,-0.516740,1.471558,1.372339,0.034583,-0.009647,-0.009658,0.999309,-0.696197,-0.280888,-0.019536,0.000689,0.001615,0.016300,0.078073,0.132793,-17371871595726844.000000,20.515006,5,0,0.000000,1,0.700736,0.597568,1,-1,0,none
27.385871,-0.530000,1.429000,1.500000,-0.506832,1.428289,1.324509,-0.526538,1.464177,1.369740,0.034446,-0.009151,-0.009802,0.999317,-0.690119,-0.293796,-0.020658,0.000708,0.001639,0.016635,0.177015,0.134970,2.617125,20.515006,5,0,0.000000,1,0.464232,0.867495,1,-1,0,none
27.402565,-0.540000,1.425000,1.500000,-0.557932,1.409338,1.448032,-0.539218,1.455901,1.373032,0.034336,-0.008721,-0.009986,0.999322,-0.688358,-0.310242,-0.016343,0.000659,0.001665,0.016051,0.057162,0.130677,3.597380,18.466827,4,0,0.000000,1,0.530484,0.827509,1,6,0,none
27.485579,-0.595000,1.398000,1.500000,-0.512881,1.452405,1.531936,-0.588686,1.430664,1.380583,0.028986,-0.007812,-0.009770,0.999502,-0.655156,-0.350387,0.000596,0.000478,0.001634,0.014743,0.103553,0.123965,3.719032,18.466827,4,0,0.000000,1,0.636683,1.071539,1,2,0,none
27.502210,-0.608000,1.391000,1.500000,-0.553227,1.397814,1.429162,-0.595283,1.422894,1.383053,0.028033,-0.008277,-0.009931,0.999523,-0.643733,-0.362397,0.002789,0.000409,0.001645,0.014336,0.089802,0.121884,5.443938,18.466827,4,0,0.000000,1,0.390129,0.642983,1,7,0,none
27.518815,-0.618000,1.386000,1.500000,-0.581848,1.424745,1.365818,-0.600758,1.419309,1.382206,0.027120,-0.008625,-0.010047,0.999544,-0.636468,-0.365040,0.002350,0.000411,0.001641,0.014477,0.144267,0.123621,-1018.220081,20.515006,5,0,0.000000,1,0.479572,0.757655,1,-1,0,none
27.535473,-0.626000,1.381000,1.499000,-0.595659,1.384842,1.403623,-0.600665,1.416668,1.383204,0.027242,-0.008615,-0.010145,0.999540,-0.635733,-0.369561,0.003356,0.000389,0.001658,0.014305,0.100161,0.123786,-6097265975640063.000000,20.515006,5,0,0.000000,1,0.860904,0.772646,1,-1,0,none
27.552088,-0.636000,1.376000,1.500000,-0.605612,1.409170,1.380084,-0.605612,1.409170,1.380084,0.027242,-0.008615,-0.010145,0.999540,0.000000,0.000000,0.000000,0.000389,0.001658,0.014305,0.128076,0.128076,4.201481,20.515006,5,0,0.000000,1,0.466414,0.870221,1,-1,0,none
27.585291,-0.657000,1.364000,1.500000,-0.633950,1.363040,1.362814,-0.620322,1.384972,1.371051,0.023855,-0.008579,-0.010342,0.999625,-0.029603,-0.076716,-0.025069,0.000389,0.001658,0.014305,0.139112,0.135694,3.998508,18.466827,4,0,0.000000,1,0.388250,0.650987,1,7,0,none
27.601938,-0.667000,1.358000,1.500000,-0.623481,1.386313,1.430171,-0.621740,1.384672,1.392112,0.021032,-0.007527,-0.010612,0.999694,-0.027883,-0.073218,0.048927,0.000390,0.001659,0.014297,0.087015,0.119999,3.981326,18.466827,4,0,0.000000,1,0.377405,0.861320,1,3,0,none
27.618581,-0.678000,1.350000,1.499000,-0.636567,1.388420,1.434281,-0.626234,1.384858,1.404633,0.019506,-0.007582,-0.010947,0.999721,-0.037875,-0.070286,0.095656,0.000395,0.001657,0.014282,0.085915,0.113137,1.074296,20.515006,5,0,0.000000,1,0.467381,0.873133,1,-1,0,none
27.651757,-0.697000,1.339000,1.500000,-0.701955,1.362724,1.392859,-0.647706,1.377021,1.403612,0.018134,-0.008752,-0.011105,0.999736,-0.140146,-0.109647,0.075395,0.000501,0.001688,0.014301,0.109848,0.114744,1.208321,18.466827,4,0,0.000000,1,0.412540,0.829262,1,0,0,none
27.668454,-0.709000,1.331000,1.499000,-0.681786,1.323806,1.414510,-0.657425,1.363071,1.407126,0.017776,-0.008655,-0.010537,0.999749,-0.175911,-0.175472,0.089039,0.000543,0.001757,0.014284,0.089055,0.110133,9.845036,20.515006,5,0,0.000000,1,0.469769,0.877330,1,-1,0,none
27.685065,-0.717000,1.326000,1.499000,-0.637805,1.313331,1.517489,-0.655346,1.350254,1.431827,0.016212,-0.006365,-0.008971,0.999808,-0.145718,-0.230271,0.215471,0.000511,0.001821,0.014121,0.082305,0.094349,7.276168,16.266236,3,0,0.000000,1,0.941665,1.879578,1,-1,2,anchor7:6-7;7-0
27.701764,-0.730000,1.320000,1.500000,-0.677624,1.363136,1.453320,-0.661692,1.349723,1.438946,0.014806,-0.007027,-0.009087,0.999824,-0.158811,-0.216898,0.237179,0.000544,0.001794,0.014091,0.082358,0.096317,-621777104898044.250000,20.515006,5,0,0.000000,1,0.603412,1.592830,1,-1,0,none
27.718339,-0.738000,1.314000,1.499000,-0.696664,1.313339,1.472124,-0.670166,1.340203,1.448057,0.014662,-0.007735,-0.009049,0.999822,-0.189002,-0.251358,0.265981,0.000600,0.001852,0.014034,0.049309,0.088787,14.821727,20.515006,5,0,0.000000,1,0.470286,0.879823,1,-1,0,none
27.734902,-0.747000,1.308000,1.500000,-0.658002,1.282164,1.621852,-0.670327,1.326804,1.481909,0.013477,-0.006351,-0.008636,0.999852,-0.167160,-0.301617,0.422766,0.000570,0.001952,0.013679,0.153089,0.080991,14.644944,16.266236,3,0,0.000000,1,0.924077,1.877188,1,-1,2,anchor7:6-7;7-0
27.751674,-0.758000,1.300000,1.500000,-0.741176,1.292953,1.504542,-0.684652,1.316964,1.491360,0.013688,-0.008820,-0.008955,0.999827,-0.222807,-0.331280,0.439185,0.000716,0.002017,0.013638,0.018797,0.075778,14.767889,20.515006,5,0,0.000000,1,0.471895,0.882215,1,-1,0,none
27.768234,-0.767000,1.295000,1.500000,-0.745436,1.283380,1.424478,-0.697792,1.306840,1.486482,0.015086,-0.012082,-0.009438,0.999769,-0.271827,-0.357958,0.382022,0.000849,0.002088,0.013825,0.079396,0.071503,4.216745,18.466827,4,0,0.000000,1,0.513867,0.702433,1,1,0,none
27.784794,-0.776000,1.289000,1.500000,-0.802191,1.288870,1.419751,-0.717879,1.299239,1.481024,0.015808,-0.015569,-0.010488,0.999699,-0.347789,-0.372015,0.326661,0.001110,0.002128,0.014024,0.084415,0.061992,9.873604,20.515006,5,0,0.000000,1,0.473874,0.878841,1,-1,0,none
27.818075,-0.795000,1.275000,1.500000,-0.761477,1.278896,1.431408,-0.735097,1.285449,1.481231,0.017609,-0.018867,-0.011548,0.999600,-0.377827,-0.385718,0.273358,0.001234,0.002165,0.014278,0.076445,0.063639,-5335893427839990.000000,20.515006,5,0,0.000000,1,0.934222,0.621391,1,-1,0,none
27.834747,-0.806000,1.269000,1.500000,-0.773512,1.262444,1.412292,-0.746652,1.276303,1.473605,0.019365,-0.020859,-0.011715,0.999526,-0.398234,-0.405700,0.219247,0.001363,0.002242,0.014588,0.093761,0.065362,2.434428,18.466827,4,0,0.000000,1,0.511127,0.706620,1,1,0,none
27.851290,-0.815000,1.262000,1.500000,-0.818861,1.296511,1.378274,-0.763381,1.274052,1.461577,0.020620,-0.023879,-0.012631,0.999422,-0.449828,-0.393627,0.151659,0.001629,0.002142,0.015010,0.126582,0.065468,3.568743,20.515006,5,0,0.000000,1,0.474301,0.876821,1,-1,0,none
27.867903,-0.822000,1.257000,1.500000,-0.843601,1.286730,1.432080,-0.781547,1.270622,1.459153,0.021426,-0.025196,-0.013137,0.999367,-0.504453,-0.387556,0.127637,0.001939,0.002072,0.015146,0.077224,0.059081,2.191068,20.515006,5,0,0.000000,1,0.475179,0.878605,1,-1,0,none
27.884529,-0.834000,1.249000,1.500000,-0.843601,1.286730,1.432080,-0.781547,1.270622,1.459153,0.021426,-0.025196,-0.013137,0.999367,-0.504453,-0.387556,0.127637,0.001939,0.002072,0.015146,0.078287,0.069910,-1427567784116222.000000,20.515006,5,0,0.000000,1,1.485116,0.961140,0,-1,0,none
27.901164,-0.842000,1.243000,1.500000,-0.836986,1.272526,1.429998,-0.804560,1.260098,1.457936,0.021775,-0.025934,-0.013680,0.999333,-0.532116,-0.387913,0.107484,0.002157,0.001999,0.015336,0.076140,0.058851,0.757121,20.515006,5,0,0.000000,1,0.475306,0.879882,1,-1,0,none
27.917843,-0.850000,1.238000,1.500000,-0.791551,1.189793,1.574981,-0.809842,1.243738,1.477280,0.023168,-0.024443,-0.013781,0.999338,-0.518997,-0.433274,0.170974,0.002030,0.002326,0.014656,0.106595,0.046495,12.590761,16.266236,3,0,0.000000,1,0.938226,1.897562,1,-1,2,anchor7:6-7;7-0
27.934397,-0.861000,1.229000,1.501000,-0.858818,1.246348,1.417564,-0.824117,1.238293,1.470935,0.023596,-0.025602,-0.014329,0.999291,-0.543862,-0.435549,0.142888,0.002251,0.002290,0.015012,0.085249,0.048483,-2055683680763901.000000,20.515006,5,0,0.000000,1,0.512599,0.929988,1,-1,0,none
27.951023,-0.869000,1.223000,1.501000,-0.854958,1.232930,1.532567,-0.835916,1.231553,1.481432,0.024326,-0.025477,-0.014578,0.999273,-0.557784,-0.435498,0.174291,0.002368,0.002274,0.014662,0.035948,0.039378,4.551593,20.515006,5,0,0.000000,1,0.476688,0.886613,1,-1,0,none
27.967676,-0.877000,1.217000,1.500000,-0.891391,1.211403,1.438427,-0.851383,1.222656,1.478132,0.025962,-0.026295,-0.014661,0.999209,-0.587713,-0.449079,0.154370,0.002621,0.002357,0.014921,0.063479,0.034154,4.352024,18.466827,4,0,0.000000,1,0.384484,0.677677,1,7,0,none
27.984283,-0.887000,1.210000,1.500000,-0.884471,1.215259,1.426510,-0.864213,1.215223,1.473750,0.027535,-0.027185,-0.015141,0.999136,-0.601958,-0.455981,0.133613,0.002751,0.002370,0.015251,0.073721,0.035151,6.136132,20.515006,5,0,0.000000,1,0.478250,0.883721,1,-1,0,none
28.000923,-0.896000,1.204000,1.501000,-0.884471,1.215259,1.426510,-0.864213,1.215223,1.473750,0.027535,-0.027185,-0.015141,0.999136,-0.601958,-0.455981,0.133613,0.002751,0.002370,0.015251,0.076213,0.043347,-5596068422033398.000000,20.515006,5,0,0.000000,1,2.411659,3.477939,0,-1,0,none
28.017481,-0.907000,1.196000,1.501000,-0.921285,1.194423,1.431361,-0.889312,1.199357,1.471731,0.029344,-0.028634,-0.015539,0.999038,-0.628851,-0.475552,0.115068,0.003009,0.002427,0.015598,0.071107,0.034363,0.495044,18.466827,4,0,0.000000,1,0.393969,0.884497,1,3,0,none
28.050790,-0.922000,1.183000,1.501000,-0.942873,1.205433,1.407854,-0.915232,1.186729,1.465926,0.029043,-0.030048,-0.016114,0.998996,-0.657506,-0.479913,0.084460,0.003283,0.002281,0.016205,0.098057,0.035915,-3654548765802487.000000,20.515006,5,0,0.000000,1,0.686533,0.781838,1,-1,0,none
28.067399,-0.933000,1.175000,1.501000,-0.904878,1.172491,1.506156,-0.923020,1.177842,1.472544,0.028801,-0.029086,-0.016321,0.999029,-0.647442,-0.491143,0.102105,0.003114,0.002311,0.015866,0.028701,0.030289,-7110308596678648.000000,20.515006,5,0,0.000000,1,0.399020,0.794418,1,-1,0,none
28.084032,-0.941000,1.168000,1.501000,-0.918409,1.181027,1.438001,-0.931275,1.171535,1.469604,0.027982,-0.029153,-0.016384,0.999049,-0.643887,-0.493689,0.086111,0.003014,0.002241,0.016191,0.068183,0.033057,2.668696,18.466827,4,0,0.000000,1,0.499754,0.727785,1,1,0,none
28.100605,-0.950000,1.163000,1.502000,-0.911004,1.170960,1.415820,-0.937610,1.164545,1.464372,0.027542,-0.028932,-0.016911,0.999059,-0.630520,-0.497619,0.067865,0.002810,0.002203,0.016685,0.094926,0.039645,2.830489,20.515006,5,0,0.000000,1,0.480310,0.886693,1,-1,0,none
28.117321,-0.959000,1.153000,1.502000,-0.845400,1.109332,1.716510,-0.934697,1.150443,1.494372,0.028943,-0.026165,-0.017534,0.999085,-0.584977,-0.523057,0.141654,0.002012,0.002425,0.014517,0.246630,0.025600,15.196886,16.266236,3,0,0.000000,1,0.913551,1.893297,1,-1,2,anchor7:6-7;7-0
28.133941,-0.968000,1.148000,1.502000,-0.943001,1.181620,1.455932,-0.944257,1.146820,1.492222,0.028017,-0.026391,-0.017612,0.999104,-0.589357,-0.513355,0.127737,0.002026,0.002170,0.014891,0.062270,0.025704,1.085666,20.515006,5,0,0.000000,1,0.481098,0.886278,1,-1,0,none
28.150550,-0.977000,1.140000,1.502000,-0.955844,1.138853,1.374967,-0.953750,1.138718,1.481507,0.028491,-0.025908,-0.017619,0.999103,-0.591984,-0.522708,0.095523,0.002091,0.002215,0.015952,0.128788,0.031018,9.071359,20.515006,5,0,0.000000,1,0.482888,0.887507,1,-1,0,none
28.167097,-0.985000,1.132000,1.502000,-0.975635,1.176185,1.428689,-0.964622,1.135722,1.477411,0.027143,-0.025777,-0.017698,0.999142,-0.599603,-0.509916,0.079122,0.002207,0.001930,0.016453,0.086108,0.032152,2.616323,18.466827,4,0,0.000000,1,0.396767,0.888415,1,3,0,none
28.200460,-1.002000,1.118000,1.502000,-0.975635,1.176185,1.428689,-0.964622,1.135722,1.477411,0.027143,-0.025777,-0.017698,0.999142,-0.599603,-0.509916,0.079122,0.002207,0.001930,0.016453,0.097238,0.048123,-1535427515383799.500000,20.515006,5,0,0.000000,1,2.032833,1.972776,0,-1,0,none
28.217059,-1.012000,1.109000,1.502000,-0.965115,1.119503,1.503180,-0.990549,1.111350,1.483827,0.026928,-0.023693,-0.018488,0.999186,-0.593807,-0.518650,0.082557,0.001936,0.001827,0.016206,0.048062,0.028212,-6141681688936440.000000,20.515006,5,0,0.000000,1,0.784484,1.494463,1,-1,0,none
28.233600,-1.020000,1.103000,1.502000,-0.987001,1.090308,1.521416,-0.998259,1.101370,1.489088,0.027837,-0.022828,-0.018511,0.999180,-0.591662,-0.528975,0.090850,0.001803,0.001908,0.015773,0.040336,0.025338,5.475802,18.466827,4,0,0.000000,1,0.494056,0.743902,1,1,0,none
28.250265,-1.028000,1.095000,1.502000,-1.034341,1.141406,1.439974,-1.011211,1.099143,1.485273,0.026517,-0.023959,-0.018706,0.999186,-0.605526,-0.513050,0.079599,0.002055,0.001562,0.016379,0.077724,0.024059,2.481867,18.466827,4,0,0.000000,1,0.400701,0.892287,1,3,0,none
28.266911,-1.038000,1.086000,1.502000,-1.045884,1.100661,1.417560,-1.024187,1.092022,1.479645,0.026711,-0.025040,-0.018698,0.999155,-0.621409,-0.512890,0.065146,0.002288,0.001536,0.017183,0.086065,0.026959,5.287128,18.466827,4,0,0.000000,1,0.430312,1.152778,1,4,0,none
28.300094,-1.054000,1.072000,1.502000,-1.012455,1.079765,1.539937,-1.040125,1.075832,1.487669,0.026731,-0.023847,-0.018329,0.999190,-0.614100,-0.521282,0.074418,0.001987,0.001450,0.016429,0.056794,0.020312,2.275049,20.515006,5,0,0.000000,1,0.486293,0.896865,1,-1,0,none
28.316739,-1.064000,1.062000,1.501000,-1.055125,0.997055,1.514555,-1.050688,1.058302,1.491396,0.028946,-0.023342,-0.018665,0.999134,-0.622306,-0.558443,0.079206,0.001991,0.001978,0.016062,0.066935,0.016826,5.657000,18.466827,4,0,0.000000,1,0.398619,0.698366,1,7,0,none
28.333405,-1.072000,1.056000,1.502000,-0.932923,1.004394,1.714381,-1.044302,1.044131,1.513418,0.029823,-0.018211,-0.018917,0.999210,-0.569234,-0.585414,0.119760,0.000895,0.002156,0.013232,0.259059,0.032224,11.115702,16.266236,3,0,0.000000,1,0.913712,1.891987,1,-1,2,anchor7:6-7;7-0
28.350034,-1.082000,1.046000,1.502000,-0.993044,0.975634,1.608204,-1.046317,1.027260,1.523721,0.031345,-0.015466,-0.019005,0.999208,-0.547487,-0.614606,0.133878,0.000389,0.002496,0.012029,0.155383,0.045785,15.167077,16.266236,3,0,0.000000,1,0.935460,1.902016,1,-1,2,anchor7:6-7;7-0
28.383224,-1.097000,1.031000,1.501000,-0.993044,0.975634,1.608204,-1.046317,1.027260,1.523721,0.031345,-0.015466,-0.019005,0.999208,-0.547487,-0.614606,0.133878,0.000389,0.002496,0.012029,0.159264,0.055669,2.136762,13.815511,2,0,0.000000,1,1.966426,4.300291,0,4,2,anchor7:6-7;7-0
28.416484,-1.116000,1.013000,1.501000,-1.078368,0.986919,1.420693,-1.081344,0.985609,1.520828,0.031814,-0.013522,-0.019029,0.999221,-0.536078,-0.644942,0.110636,0.000498,0.002546,0.014008,0.092442,0.048419,5.536505,20.515006,5,0,0.000000,1,0.491827,0.899374,1,-1,0,none
28.433126,-1.123000,1.006000,1.501000,-1.016102,1.016286,1.436246,-1.078725,0.980962,1.513760,0.029647,-0.009240,-0.018693,0.999343,-0.498423,-0.632327,0.091505,0.000024,0.002239,0.015525,0.125404,0.052440,7.181622,18.466827,4,0,0.000000,1,0.657625,0.892848,1,5,0,none
28.466328,-1.141000,0.988000,1.501000,-1.016102,1.016286,1.436246,-1.078725,0.980962,1.513760,0.029647,-0.009240,-0.018693,0.999343,-0.498423,-0.632327,0.091505,0.000024,0.002239,0.015525,0.143502,0.063957,0.038004,13.815511,2,0,0.000000,1,1.980075,4.297430,0,4,2,anchor7:6-7;7-0
28.483013,-1.148000,0.981000,1.501000,-0.930886,0.905758,1.680688,-1.073915,0.942107,1.534674,0.029175,0.000259,-0.019638,0.999381,-0.390824,-0.675064,0.117293,-0.001765,0.002454,0.012287,0.291698,0.090195,2.458609,13.815511,2,0,0.000000,1,0.813252,1.727005,1,3,2,anchor7:6-7;7-0
28.516245,-1.166000,0.962000,1.500000,-1.116857,0.961447,1.426013,-1.091105,0.927038,1.527161,0.026491,0.000016,-0.019521,0.999458,-0.393997,-0.663021,0.102759,-0.001270,0.002195,0.014672,0.088822,0.087002,-101516103270391.968750,20.515006,5,0,0.000000,1,0.517019,1.089193,1,-1,0,none
28.549480,-1.183000,0.943000,1.500000,-1.116857,0.961447,1.426013,-1.091105,0.927038,1.527161,0.026491,0.000016,-0.019521,0.999458,-0.393997,-0.663021,0.102759,-0.001270,0.002195,0.014672,0.100942,0.097145,-2144515107356657.000000,20.515006,5,0,0.000000,1,1.307268,2.984329,0,-1,0,none
28.566172,-1.190000,0.935000,1.500000,-1.065090,0.900045,1.706949,-1.102736,0.895452,1.551221,0.025582,0.005032,-0.019476,0.999470,-0.360993,-0.674095,0.132961,-0.002028,0.001988,0.010561,0.244238,0.108640,4.965851,16.266236,3,0,0.000000,1,0.921156,1.901166,1,-1,2,anchor7:6-7;7-0
28.582743,-1.200000,0.925000,1.500000,-1.065090,0.900045,1.706949,-1.102736,0.895452,1.551221,0.025582,0.005032,-0.019476,0.999470,-0.360993,-0.674095,0.132961,-0.002028,0.001988,0.010561,0.248297,0.113829,0.613420,13.815511,2,0,0.000000,1,1.986331,4.320185,0,4,2,anchor7:6-7;7-0
28.632610,-1.224000,0.898000,1.500000,-1.065090,0.900045,1.706949,-1.102736,0.895452,1.551221,0.025582,0.005032,-0.019476,0.999470,-0.360993,-0.674095,0.132961,-0.002028,0.001988,0.010561,0.260930,0.131663,4.745344,13.815511,2,0,0.000000,1,1.954051,4.319353,0,4,2,anchor7:6-7;7-0
28.649255,-1.231000,0.890000,1.500000,-1.067218,0.876483,1.657140,-1.116328,0.848192,1.573710,0.024148,0.012686,-0.020056,0.999427,-0.282278,-0.670933,0.153565,-0.002838,0.001529,0.007754,0.227377,0.142586,8.462776,16.266236,3,0,0.000000,1,0.926717,1.895259,1,-1,2,anchor7:6-7;7-0
28.665826,-1.242000,0.881000,1.500000,-1.202343,0.841328,1.464698,-1.135824,0.840223,1.563553,0.024486,0.009753,-0.019976,0.999453,-0.321919,-0.673979,0.136465,-0.001940,0.001663,0.010805,0.066279,0.130288,9.795386,20.515006,5,0,0.000000,1,0.388018,0.742631,1,-1,0,none
28.798881,-1.297000,0.808000,1.500000,-1.288725,0.780618,1.432184,-1.207103,0.756645,1.561009,0.021496,0.004630,-0.020144,0.999555,-0.343734,-0.694371,0.103196,-0.000469,0.001626,0.016799,0.073602,0.120171,2.898687,18.466827,4,0,0.000000,1,0.418096,0.715458,1,7,0,none
28.815452,-1.304000,0.797000,1.499000,-1.144499,0.806182,1.827789,-1.196802,0.761492,1.596370,0.018417,0.008139,-0.020094,0.999595,-0.299524,-0.655231,0.150928,-0.001491,0.000816,0.007508,0.365550,0.149108,2.850924,13.815511,2,0,0.000000,1,0.865843,1.747009,1,2,2,anchor7:6-7;7-0
28.832085,-1.310000,0.788000,1.499000,-1.185624,0.756935,1.655936,-1.198510,0.752166,1.605505,0.017917,0.009441,-0.020131,0.999592,-0.284989,-0.654149,0.158531,-0.001701,0.000693,0.005660,0.202641,0.158295,9.031576,16.266236,3,0,0.000000,1,0.930423,1.893238,1,-1,2,anchor7:6-7;7-0
28.848722,-1.317000,0.780000,1.499000,-1.185624,0.756935,1.655936,-1.198510,0.752166,1.605505,0.017917,0.009441,-0.020131,0.999592,-0.284989,-0.654149,0.158531,-0.001701,0.000693,0.005660,0.205962,0.161734,4.973846,13.815511,2,0,0.000000,1,1.947199,4.279340,0,4,2,anchor7:6-7;7-0
28.865350,-1.324000,0.768000,1.499000,-1.126724,0.780223,1.851223,-1.192305,0.740637,1.637588,0.016057,0.013114,-0.020444,0.999576,-0.225801,-0.630095,0.197102,-0.002597,0.000079,-0.002096,0.403891,0.193129,4.542186,13.815511,2,0,0.000000,1,0.857729,1.736392,1,2,2,anchor7:6-7;7-0
28.881973,-1.330000,0.760000,1.499000,-1.210722,0.738835,1.623117,-1.198470,0.732147,1.638955,0.016392,0.012836,-0.020567,0.999572,-0.225148,-0.628040,0.196985,-0.002498,0.000079,-0.001545,0.173437,0.194071,15.289127,16.266236,3,0,0.000000,1,0.937283,1.894899,1,-1,2,anchor7:6-7;7-0
29.014952,-1.377000,0.682000,1.500000,-1.344601,0.682796,1.430801,-1.253947,0.656556,1.636188,0.016935,0.006922,-0.019611,0.999640,-0.233471,-0.627268,0.166757,-0.001284,0.000420,0.008557,0.076412,0.185301,-342611045062649.750000,20.515006,5,0,0.000000,1,0.461638,0.682465,1,-1,0,none
29.214487,-1.435000,0.563000,1.500000,-1.396071,0.525103,1.496096,-1.333682,0.527315,1.639346,0.015145,-0.001590,-0.020108,0.999682,-0.258993,-0.649738,0.125702,-0.000271,0.000965,0.019398,0.054469,0.175943,-2537876788494321.500000,20.515006,5,0,0.000000,1,0.599238,1.003768,1,-1,0,none
29.347408,-1.467000,0.478000,1.500000,-1.465165,0.433371,1.506502,-1.407653,0.437335,1.629032,0.012163,-0.007624,-0.020251,0.999692,-0.325909,-0.660143,0.101780,0.000442,0.001460,0.029975,0.045137,0.147733,12.652611,20.515006,5,0,0.000000,1,0.411992,0.748196,1,-1,0,none
29.364077,-1.471000,0.465000,1.500000,-1.465165,0.433371,1.506502,-1.407653,0.437335,1.629032,0.012163,-0.007624,-0.020251,0.999692,-0.325909,-0.660143,0.101780,0.000442,0.001460,0.029975,0.032813,0.146382,1.374957,13.815511,2,0,0.000000,1,1.838312,3.558810,0,5,2,anchor7:6-7;7-0
29.380665,-1.475000,0.456000,1.500000,-1.452477,0.427396,1.604905,-1.429579,0.419249,1.627918,0.012419,-0.009137,-0.020367,0.999674,-0.345111,-0.653441,0.097376,0.000595,0.001487,0.031711,0.111043,0.140630,-767711984403451.000000,20.515006,5,0,0.000000,1,0.524591,0.951639,1,-1,0,none
29.413966,-1.481000,0.434000,1.501000,-1.452477,0.427396,1.604905,-1.429579,0.419249,1.627918,0.012419,-0.009137,-0.020367,0.999674,-0.345111,-0.653441,0.097376,0.000595,0.001487,0.031711,0.107951,0.137731,41.744963,16.266236,3,1,0.000000,1,0.451159,1.217856,0,-1,2,anchor0:7-0;0-1
29.447206,-1.488000,0.415000,1.501000,-1.449235,0.403352,1.559719,-1.451730,0.384155,1.622416,0.011352,-0.009610,-0.020755,0.999674,-0.340578,-0.633477,0.083541,0.000607,0.001572,0.036138,0.071319,0.130418,5.735380,20.515006,5,0,0.000000,1,0.412453,0.749087,1,-1,0,none
29.463784,-1.491000,0.404000,1.501000,-1.449235,0.403352,1.559719,-1.451730,0.384155,1.622416,0.011352,-0.009610,-0.020755,0.999674,-0.340578,-0.633477,0.083541,0.000607,0.001572,0.036138,0.072060,0.129143,-3070858577347566.000000,20.515006,5,0,0.000000,1,1.185483,0.745203,0,-1,0,none
29.482498,-1.494000,0.390000,1.502000,-1.449235,0.403352,1.559719,-1.451730,0.384155,1.622416,0.011352,-0.009610,-0.020755,0.999674,-0.340578,-0.633477,0.083541,0.000607,0.001572,0.036138,0.074254,0.127754,4.862302,13.815511,2,0,0.000000,1,1.831697,3.495041,0,4,2,anchor7:6-7;7-0
29.499082,-1.496000,0.381000,1.501000,-1.438789,0.336194,1.563402,-1.461160,0.347627,1.616929,0.012742,-0.010407,-0.021160,0.999641,-0.326405,-0.637988,0.061325,0.000535,0.001753,0.039671,0.095785,0.125568,-12283366924443916.000000,20.515006,5,0,0.000000,1,0.402191,0.705986,1,-1,0,none
29.517856,-1.500000,0.368000,1.501000,-1.542627,0.372839,1.425061,-1.484165,0.344178,1.591414,0.010905,-0.013905,-0.021159,0.999620,-0.369506,-0.619863,0.029624,0.000788,0.002048,0.049327,0.087219,0.094831,3.365478,20.515006,5,0,0.000000,1,0.416689,0.747823,1,-1,0,none
29.534419,-1.502000,0.359000,1.501000,-1.525353,0.348782,1.504747,-1.496849,0.336780,1.581766,0.009989,-0.014706,-0.021450,0.999612,-0.380223,-0.614212,0.017158,0.000954,0.002152,0.053760,0.025764,0.083925,4.236227,18.466827,4,0,0.000000,1,0.490638,0.845545,1,7,0,none
29.567626,-1.508000,0.336000,1.501000,-1.467293,0.336547,1.585026,-1.501730,0.320448,1.582657,0.009644,-0.013706,-0.021879,0.999620,-0.364529,-0.601568,0.017228,0.000861,0.002096,0.053623,0.093369,0.083361,-422982688905199.437500,20.515006,5,0,0.000000,1,0.407713,0.705571,1,-1,0,none
29.584315,-1.510000,0.327000,1.500000,-1.467293,0.336547,1.585026,-1.501730,0.320448,1.582657,0.009644,-0.013706,-0.021879,0.999620,-0.364529,-0.601568,0.017228,0.000861,0.002096,0.053623,0.095627,0.083328,0.896585,13.815511,2,0,0.000000,1,1.850711,3.862738,0,2,2,anchor7:6-7;7-0
29.600957,-1.512000,0.318000,1.500000,-1.534133,0.280981,1.567972,-1.517402,0.297226,1.581552,0.010760,-0.014090,-0.021919,0.999603,-0.378072,-0.607226,0.018808,0.000903,0.002161,0.054267,0.080502,0.084329,13.267211,18.466827,4,0,0.000000,1,0.448165,0.735975,1,5,0,none
29.634170,-1.517000,0.295000,1.500000,-1.508478,0.252058,1.546798,-1.526176,0.273341,1.578501,0.011823,-0.014038,-0.021600,0.999598,-0.371136,-0.613619,0.019069,0.000874,0.002259,0.055731,0.064083,0.081949,11.647082,18.466827,4,0,0.000000,1,0.447105,0.734913,1,5,0,none
29.650889,-1.519000,0.286000,1.500000,-1.508478,0.252058,1.546798,-1.526176,0.273341,1.578501,0.011823,-0.014038,-0.021600,0.999598,-0.371136,-0.613619,0.019069,0.000874,0.002259,0.055731,0.058761,0.079838,0.823979,13.815511,2,0,0.000000,1,1.165257,2.799802,0,1,2,anchor6:6-7;5-6
29.667452,-1.521000,0.273000,1.500000,-1.432088,0.235855,1.540883,-1.521362,0.250386,1.575630,0.012378,-0.012923,-0.021784,0.999603,-0.331966,-0.621015,0.015259,0.000719,0.002355,0.057377,0.104673,0.078939,-14618237622057192.000000,20.515006,5,0,0.000000,1,0.362885,0.862006,1,-1,0,none
29.700698,-1.525000,0.251000,1.500000,-1.495512,0.221682,1.507709,-1.526241,0.228879,1.569407,0.011204,-0.012279,-0.021609,0.999628,-0.322195,-0.624499,0.007067,0.000724,0.002457,0.060105,0.042290,0.072857,-634467585049585.750000,20.515006,5,0,0.000000,1,0.606939,0.779012,1,-1,0,none
29.717241,-1.527000,0.241000,1.500000,-1.540980,0.191152,1.599100,-1.532795,0.214868,1.572277,0.011348,-0.012067,-0.021852,0.999624,-0.326792,-0.634316,0.010882,0.000711,0.002459,0.059031,0.111808,0.077074,6.435409,18.466827,4,0,0.000000,1,0.498330,0.861337,1,7,0,none
29.750570,-1.531000,0.218000,1.500000,-1.540980,0.191152,1.599100,-1.532795,0.214868,1.572277,0.011348,-0.012067,-0.021852,0.999624,-0.326792,-0.634316,0.010882,0.000711,0.002459,0.059031,0.103156,0.072367,3.761282,13.815511,2,0,0.000000,1,1.749424,3.283474,0,3,2,anchor7:6-7;7-0
29.767195,-1.533000,0.209000,1.501000,-1.510874,0.158985,1.614726,-1.542972,0.179405,1.576630,0.011921,-0.008874,-0.022141,0.999644,-0.307132,-0.643719,0.010712,0.000629,0.002436,0.057422,0.126193,0.081824,12.045672,20.515006,5,0,0.000000,1,0.420804,0.747686,1,-1,0,none
29.783846,-1.534000,0.199000,1.500000,-1.520710,0.180872,1.614928,-1.543847,0.170965,1.580141,0.011888,-0.007926,-0.022108,0.999653,-0.293316,-0.640635,0.014773,0.000567,0.002384,0.056026,0.117105,0.085473,15.058250,18.466827,4,0,0.000000,1,0.484019,1.353969,1,2,0,none
29.800407,-1.536000,0.187000,1.500000,-1.316879,0.225869,1.950424,-1.516633,0.169923,1.610762,0.010411,-0.001242,-0.021592,0.999712,-0.199742,-0.617300,0.050189,0.000020,0.001938,0.043087,0.502401,0.113732,2.433377,13.815511,2,0,0.000000,1,0.814117,1.664937,1,0,2,anchor7:6-7;7-0
29.817081,-1.537000,0.176000,1.500000,-1.506729,0.133292,1.481285,-1.517934,0.156266,1.601358,0.011618,-0.000998,-0.021628,0.999698,-0.188279,-0.626338,0.035124,0.000197,0.002097,0.047496,0.055593,0.105006,-4625295354706548.000000,20.515006,5,0,0.000000,1,0.425029,0.765401,1,-1,0,none
29.833695,-1.539000,0.167000,1.500000,-1.503982,0.118319,1.587845,-1.518834,0.142428,1.600740,0.012593,-0.000894,-0.021723,0.999684,-0.178213,-0.637574,0.030991,0.000204,0.002127,0.047945,0.106362,0.105636,-3356351194766587.000000,20.515006,5,0,0.000000,1,0.601837,0.784132,1,-1,0,none
29.866871,-1.541000,0.143000,1.500000,-1.491196,0.131687,1.614371,-1.520334,0.122944,1.602519,0.012148,0.000139,-0.021499,0.999695,-0.165000,-0.636398,0.028018,0.000167,0.002108,0.047530,0.125256,0.106487,13.832106,18.466827,4,0,0.000000,1,0.482798,1.354089,1,2,0,none
29.883532,-1.543000,0.131000,1.500000,-1.520208,0.172837,1.584146,-1.522605,0.120061,1.601591,0.009945,0.000917,-0.020984,0.999730,-0.162209,-0.614852,0.024670,0.000194,0.002091,0.048116,0.096697,0.104193,7.919920,18.466827,4,0,0.000000,1,0.486691,1.353639,1,2,0,none
29.900266,-1.544000,0.121000,1.500000,-1.487143,0.047840,1.567774,-1.520619,0.102563,1.599614,0.010787,0.002966,-0.021590,0.999704,-0.146421,-0.633424,0.020789,0.000218,0.002163,0.049254,0.114797,0.103969,-310891585165913.875000,20.515006,5,0,0.000000,1,0.384832,0.851914,1,-1,0,none
29.916760,-1.545000,0.111000,1.500000,-1.526767,0.086274,1.489779,-1.523022,0.091977,1.592484,0.010552,0.003607,-0.021899,0.999698,-0.139972,-0.633390,0.011764,0.000370,0.002265,0.052576,0.032377,0.096944,-1072261810577265.000000,20.515006,5,0,0.000000,1,0.536772,0.938991,1,-1,0,none
29.933395,-1.545000,0.097000,1.499000,-1.316999,0.143823,1.920646,-1.503080,0.088806,1.613913,0.009205,0.008402,-0.021699,0.999687,-0.077775,-0.609893,0.037761,-0.000207,0.001940,0.043105,0.481624,0.122595,1.520732,13.815511,2,0,0.000000,1,0.810463,1.645960,1,0,2,anchor7:6-7;7-0
29.950049,-1.547000,0.087000,1.500000,-1.524263,0.090401,1.620159,-1.506558,0.080186,1.615059,0.009381,0.008568,-0.021573,0.999687,-0.078386,-0.605901,0.040409,-0.000206,0.001930,0.042945,0.122339,0.122150,5.390888,20.515006,5,0,0.000000,1,0.422529,0.745815,1,-1,0,none
29.966678,-1.547000,0.078000,1.500000,-1.546997,0.043010,1.596750,-1.511867,0.067419,1.614668,0.010137,0.008306,-0.021524,0.999682,-0.084677,-0.610081,0.041013,-0.000160,0.001961,0.043494,0.102882,0.120396,6.417224,20.515006,5,0,0.000000,1,0.424176,0.743587,1,-1,0,none
29.983284,-1.548000,0.064000,1.500000,-1.540849,0.041501,1.447993,-1.515632,0.055715,1.605281,0.010307,0.008485,-0.021491,0.999680,-0.082700,-0.614336,0.030483,0.000088,0.002114,0.048154,0.057115,0.110455,16.395412,20.515006,5,0,0.000000,1,0.422003,0.739328,1,-1,0,none
30.016545,-1.549000,0.045000,1.500000,-1.577272,0.138059,1.829597,-1.525308,0.046981,1.620100,0.007673,0.007417,-0.021097,0.999720,-0.095689,-0.578717,0.046154,-0.000177,0.001858,0.041703,0.343647,0.122431,1.908723,13.815511,2,0,0.000000,1,0.848437,1.123489,1,1,2,anchor1:0-1;1-2
30.049771,-1.550000,0.022000,1.500000,-1.509026,-0.061610,1.556316,-1.525926,0.017395,1.617538,0.008373,0.008794,-0.021474,0.999696,-0.084434,-0.604363,0.038243,-0.000106,0.001971,0.043674,0.108816,0.120066,12.954263,20.515006,5,0,0.000000,1,0.422219,0.736617,1,-1,0,none
30.066387,-1.550000,0.008000,1.500000,-1.511596,0.033975,1.684014,-1.525587,0.010842,1.622134,0.006158,0.008823,-0.021585,0.999709,-0.072630,-0.596505,0.042985,-0.000199,0.001898,0.041741,0.189765,0.124582,4.098303,16.266236,3,0,0.000000,1,0.609435,1.236735,1,-1,2,anchor1:0-1;1-2
30.082987,-1.550000,-0.001000,1.500000,-1.511263,-0.046645,1.576943,-1.524899,-0.003945,1.620043,0.005764,0.008526,-0.021468,0.999717,-0.062042,-0.610079,0.037591,-0.000151,0.001964,0.043060,0.097490,0.122674,-11192084370851908.000000,20.515006,5,0,0.000000,1,0.732643,0.798221,1,-1,0,none
30.099667,-1.550000,-0.011000,1.500000,-1.536112,-0.048324,1.537257,-1.526743,-0.017497,1.615801,0.005715,0.007361,-0.021500,0.999725,-0.057370,-0.618089,0.030083,-0.000042,0.002050,0.045416,0.054535,0.118292,15.903732,20.515006,5,0,0.000000,1,0.423628,0.737255,1,-1,0,none
30.116323,-1.550000,-0.024000,1.500000,-1.553428,-0.032436,1.660017,-1.530451,-0.028121,1.618854,0.005399,0.005654,-0.021809,0.999732,-0.064431,-0.615303,0.033686,-0.000076,0.002023,0.044221,0.160276,0.120521,4.690442,18.466827,4,0,0.000000,1,0.487551,1.380371,1,2,0,none
30.132908,-1.550000,-0.035000,1.500000,-1.532463,-0.086785,1.498821,-1.531364,-0.043266,1.612622,0.006034,0.005210,-0.021878,0.999729,-0.061478,-0.626075,0.025608,0.000059,0.002138,0.047524,0.054687,0.114453,6.894372,18.466827,4,0,0.000000,1,0.455940,0.770695,1,5,0,none
30.166160,-1.550000,-0.057000,1.501000,-1.526782,-0.122362,1.551633,-1.532455,-0.070019,1.609837,0.007289,0.006313,-0.021671,0.999719,-0.052420,-0.637079,0.018158,0.000122,0.002223,0.049283,0.085878,0.111008,17.101224,20.515006,5,0,0.000000,1,0.423792,0.733526,1,-1,0,none
30.182761,-1.550000,-0.068000,1.500000,-1.557287,-0.029799,1.748696,-1.536072,-0.074963,1.618033,0.006048,0.006351,-0.021928,0.999721,-0.053329,-0.620226,0.025275,-0.000011,0.002107,0.045434,0.251718,0.119055,4.315336,16.266236,3,0,0.000000,1,0.611122,1.252666,1,-1,2,anchor1:0-1;1-2
30.199431,-1.549000,-0.077000,1.500000,-1.516373,0.011022,1.683663,-1.534896,-0.075156,1.622042,0.003995,0.007090,-0.022112,0.999722,-0.042646,-0.588670,0.028010,-0.000091,0.001999,0.043612,0.206263,0.122868,1.515280,16.266236,3,0,0.000000,1,0.444155,1.256032,1,-1,2,anchor0:7-0;0-1
30.215951,-1.549000,-0.090000,1.500000,-1.551467,-0.139423,1.490986,-1.536893,-0.089998,1.615333,0.005548,0.007087,-0.022113,0.999715,-0.040280,-0.600963,0.018401,0.000054,0.002131,0.047176,0.050298,0.115967,5.076474,18.466827,4,0,0.000000,1,0.514704,0.876384,1,7,0,none
30.232571,-1.548000,-0.100000,1.500000,-1.474018,-0.159643,1.619268,-1.531254,-0.105541,1.615695,0.007223,0.008520,-0.021786,0.999700,-0.023105,-0.611684,0.017515,-0.000000,0.002170,0.047054,0.152498,0.117032,8.335457,18.466827,4,0,0.000000,1,0.705992,0.804682,1,3,0,none
30.249330,-1.548000,-0.113000,1.500000,-1.510602,-0.163891,1.528466,-1.529390,-0.120239,1.611276,0.008326,0.009397,-0.021499,0.999690,-0.011076,-0.624655,0.011611,0.000073,0.002255,0.049344,0.069274,0.113053,10.976551,20.515006,5,0,0.000000,1,0.422840,0.730203,1,-1,0,none
30.265873,-1.547000,-0.123000,1.500000,-1.548285,-0.164187,1.558899,-1.531227,-0.133693,1.608713,0.009124,0.009666,-0.021447,0.999682,-0.011736,-0.629513,0.007508,0.000142,0.002309,0.050724,0.071882,0.110371,15.818549,20.515006,5,0,0.000000,1,0.425548,0.731610,1,-1,0,none
30.299113,-1.546000,-0.145000,1.500000,-1.548285,-0.164187,1.558899,-1.531227,-0.133693,1.608713,0.009124,0.009666,-0.021447,0.999682,-0.011736,-0.629513,0.007508,0.000142,0.002309,0.050724,0.061987,0.110294,-1027834631390545.000000,20.515006,5,0,0.000000,1,1.105033,0.889157,0,-1,0,none
30.315835,-1.545000,-0.156000,1.500000,-1.499993,-0.199718,1.554609,-1.527805,-0.168533,1.605912,0.010946,0.012147,-0.021398,0.999637,0.014320,-0.637109,0.003439,0.000169,0.002366,0.052236,0.083181,0.108028,8.139259,18.466827,4,0,0.000000,1,0.710004,0.796780,1,3,0,none
30.349021,-1.542000,-0.179000,1.501000,-1.485507,-0.175445,1.631792,-1.522340,-0.187980,1.607451,0.011220,0.013845,-0.021599,0.999608,0.037307,-0.630291,0.004390,0.000101,0.002339,0.051458,0.142515,0.108623,12.176811,18.466827,4,0,0.000000,1,0.486480,1.375443,1,2,0,none
30.415570,-1.538000,-0.221000,1.501000,-1.525102,-0.232441,1.477377,-1.519362,-0.230118,1.599314,0.012522,0.013857,-0.021158,0.999602,0.063051,-0.627142,-0.005511,0.000264,0.002414,0.055619,0.029246,0.100480,-12283343871741476.000000,20.515006,5,0,0.000000,1,0.442466,1.160267,1,-1,0,none
30.448690,-1.534000,-0.244000,1.501000,-1.489228,-0.251796,1.488736,-1.512812,-0.250810,1.591675,0.011041,0.016011,-0.021184,0.999586,0.088920,-0.629783,-0.019188,0.000363,0.002475,0.059126,0.047071,0.093366,-237.360291,20.515006,5,0,0.000000,1,0.451577,1.038142,1,-1,0,none
30.482021,-1.531000,-0.264000,1.501000,-1.522148,-0.285200,1.570097,-1.511323,-0.273528,1.589556,0.011155,0.016468,-0.021353,0.999574,0.101381,-0.629723,-0.026913,0.000402,0.002502,0.059813,0.072816,0.091215,12.497390,20.515006,5,0,0.000000,1,0.424576,0.723574,1,-1,0,none
30.498576,-1.529000,-0.274000,1.501000,-1.534250,-0.293993,1.508066,-1.512688,-0.284836,1.583892,0.012058,0.016374,-0.021350,0.999565,0.102063,-0.631660,-0.034267,0.000519,0.002557,0.062355,0.021845,0.085174,-1526964239798433.000000,20.515006,5,0,0.000000,1,0.530365,0.710816,1,-1,0,none
30.515179,-1.526000,-0.287000,1.501000,-1.555706,-0.309060,1.643321,-1.516758,-0.296623,1.587262,0.012583,0.015687,-0.021115,0.999575,0.093577,-0.637531,-0.029783,0.000503,0.002544,0.060605,0.147052,0.087288,12.677810,18.466827,4,0,0.000000,1,0.462136,0.806821,1,5,0,none
30.531829,-1.525000,-0.297000,1.501000,-1.482623,-0.307253,1.532932,-1.512139,-0.301975,1.583682,0.012705,0.016368,-0.020973,0.999565,0.106335,-0.639598,-0.033891,0.000521,0.002572,0.062112,0.054042,0.083824,-3356351600304768.000000,20.515006,5,0,0.000000,1,0.499288,1.232526,1,-1,0,none
30.598301,-1.515000,-0.342000,1.501000,-1.514054,-0.241871,1.712266,-1.506253,-0.329849,1.590358,0.011108,0.016463,-0.020692,0.999589,0.115941,-0.594673,-0.023310,0.000406,0.002408,0.058068,0.233795,0.090604,3.613209,16.266236,3,0,0.000000,1,0.446838,1.265140,1,-1,2,anchor0:7-0;0-1
30.614989,-1.512000,-0.352000,1.501000,-1.538094,-0.367874,1.569787,-1.508566,-0.343178,1.588744,0.011207,0.016149,-0.020677,0.999593,0.114887,-0.605600,-0.026117,0.000452,0.002446,0.058711,0.075263,0.088254,4.837676,20.515006,5,0,0.000000,1,0.425848,0.717495,1,-1,0,none
30.631596,-1.510000,-0.362000,1.501000,-1.488832,-0.413318,1.574107,-1.504433,-0.360443,1.587346,0.011325,0.016729,-0.020387,0.999588,0.127347,-0.623437,-0.028649,0.000448,0.002501,0.059104,0.091794,0.086539,-4625278488359992.000000,20.515006,5,0,0.000000,1,0.456998,0.671311,1,-1,0,none
30.664767,-1.503000,-0.388000,1.501000,-1.508840,-0.410473,1.451059,-1.500757,-0.384384,1.577581,0.010526,0.016011,-0.020330,0.999610,0.146456,-0.629523,-0.042217,0.000565,0.002593,0.063028,0.055075,0.076699,11.093673,18.466827,4,0,0.000000,1,0.525260,0.880501,1,7,0,none
30.681496,-1.500000,-0.398000,1.501000,-1.506385,-0.409199,1.527341,-1.499159,-0.396333,1.573740,0.010366,0.014924,-0.020207,0.999631,0.151455,-0.630829,-0.047376,0.000609,0.002627,0.064422,0.029327,0.072764,-456823915592828.500000,20.515006,5,0,0.000000,1,0.648218,1.166439,1,-1,0,none
30.698084,-1.497000,-0.409000,1.501000,-1.475149,-0.394330,1.464722,-1.494064,-0.405312,1.566192,0.009849,0.014438,-0.020051,0.999646,0.164976,-0.626634,-0.056986,0.000669,0.002662,0.067327,0.044819,0.065362,-15233701003014390.000000,20.515006,5,0,0.000000,1,0.507162,1.149335,1,-1,0,none
30.731322,-1.490000,-0.431000,1.501000,-1.536339,-0.444559,1.439427,-1.493783,-0.427773,1.556493,0.009571,0.013309,-0.019865,0.999668,0.158715,-0.626211,-0.067555,0.000801,0.002736,0.070772,0.078246,0.055715,4.622162,18.466827,4,0,0.000000,1,0.528121,0.882973,1,7,0,none
30.747919,-1.487000,-0.441000,1.501000,-1.442750,-0.480064,1.594787,-1.486016,-0.442375,1.557622,0.009916,0.014547,-0.019675,0.999651,0.177698,-0.636081,-0.063791,0.000737,0.002768,0.069947,0.110816,0.056647,-101516264478773.500000,20.515006,5,0,0.000000,1,0.413146,0.770932,1,-1,0,none
30.764627,-1.482000,-0.455000,1.501000,-1.452671,-0.456146,1.533985,-1.479884,-0.453118,1.555151,0.009305,0.015503,-0.019872,0.999639,0.189807,-0.636489,-0.067385,0.000725,0.002779,0.070492,0.044154,0.054225,13.221559,20.515006,5,0,0.000000,1,0.420413,0.713862,1,-1,0,none
30.797813,-1.475000,-0.476000,1.501000,-1.607278,-0.471681,1.243497,-1.487288,-0.473485,1.534086,0.009050,0.014152,-0.020203,0.999655,0.172842,-0.626933,-0.093821,0.001043,0.002896,0.078573,0.289523,0.035384,5.524291,16.266236,3,0,0.000000,1,0.722488,1.547184,1,-1,2,anchor6:6-7;5-6
30.831078,-1.467000,-0.496000,1.501000,-1.466192,-0.507893,1.560297,-1.479832,-0.495513,1.532741,0.009501,0.013967,-0.020234,0.999653,0.189067,-0.629780,-0.097162,0.001013,0.002898,0.077799,0.060484,0.034240,-513923459214389.250000,20.515006,5,0,0.000000,1,0.664171,1.232212,1,-1,0,none
30.847704,-1.462000,-0.509000,1.501000,-1.430452,-0.535859,1.591166,-1.471922,-0.508974,1.534725,0.009748,0.014568,-0.020029,0.999646,0.202485,-0.633324,-0.096022,0.000940,0.002903,0.076251,0.099230,0.035154,-4625308956621368.000000,20.515006,5,0,0.000000,1,0.619822,0.796890,1,-1,0,none
30.880896,-1.455000,-0.528000,1.501000,-1.455796,-0.539481,1.567380,-1.464174,-0.530553,1.533838,0.009946,0.015619,-0.019663,0.999635,0.220549,-0.633965,-0.091796,0.000914,0.002899,0.075344,0.067370,0.034190,-1027843653968669.500000,20.515006,5,0,0.000000,1,0.467914,0.798205,1,-1,0,none
30.897574,-1.451000,-0.538000,1.501000,-1.409367,-0.409978,1.612558,-1.455795,-0.526106,1.537338,0.008330,0.016533,-0.019828,0.999632,0.236965,-0.599773,-0.086244,0.000835,0.002770,0.073365,0.174837,0.038534,1.357120,16.266236,3,0,0.000000,1,0.448448,1.245660,1,-1,2,anchor0:7-0;0-1
30.914217,-1.445000,-0.551000,1.501000,-1.445767,-0.564563,1.526541,-1.451224,-0.538769,1.535391,0.009272,0.016699,-0.019860,0.999620,0.248169,-0.603991,-0.085383,0.000835,0.002794,0.073579,0.028929,0.037028,-21343618124080700.000000,20.515006,5,0,0.000000,1,0.534426,0.826235,1,-1,0,none
30.930830,-1.440000,-0.563000,1.501000,-1.495768,-0.611948,1.516818,-1.451728,-0.554873,1.533053,0.010554,0.016305,-0.019831,0.999615,0.244670,-0.615020,-0.084976,0.000877,0.002845,0.074015,0.075870,0.035086,6.489490,20.515006,5,0,0.000000,1,0.422949,0.723776,1,-1,0,none
30.964047,-1.431000,-0.583000,1.502000,-1.412538,-0.587830,1.450102,-1.440332,-0.576262,1.525460,0.010945,0.016787,-0.019588,0.999607,0.263495,-0.616374,-0.092545,0.000889,0.002883,0.075828,0.055295,0.026132,-10151541007580746.000000,20.515006,5,0,0.000000,1,0.606110,1.106851,1,-1,0,none
30.980772,-1.427000,-0.592000,1.502000,-1.438186,-0.631293,1.497964,-1.436167,-0.590658,1.522400,0.010954,0.016084,-0.019500,0.999620,0.270330,-0.626715,-0.098194,0.000902,0.002924,0.076408,0.041053,0.022405,-14618212473640000.000000,20.515006,5,0,0.000000,1,0.464714,0.857606,1,-1,0,none
30.997337,-1.422000,-0.601000,1.502000,-1.438186,-0.631293,1.497964,-1.436167,-0.590658,1.522400,0.010954,0.016084,-0.019500,0.999620,0.270330,-0.626715,-0.098194,0.000902,0.002924,0.076408,0.034582,0.026904,-12194536948720116.000000,20.515006,5,0,0.000000,1,1.549449,1.708143,0,-1,0,none
31.013908,-1.417000,-0.615000,1.502000,-1.420757,-0.618913,1.642280,-1.426763,-0.611654,1.526445,0.009980,0.013454,-0.019316,0.999673,0.284174,-0.628058,-0.095998,0.000847,0.002889,0.073630,0.140385,0.026534,5.299405,18.466827,4,0,0.000000,1,0.482818,1.365794,1,2,0,none
31.030545,-1.412000,-0.624000,1.502000,-1.484691,-0.602890,1.606602,-1.428386,-0.619815,1.529728,0.009196,0.011404,-0.019443,0.999704,0.273532,-0.622318,-0.093002,0.000855,0.002852,0.071905,0.129117,0.032479,11.216842,16.266236,3,0,0.000000,1,0.617975,1.253561,1,-1,2,anchor1:0-1;1-2
31.047228,-1.406000,-0.637000,1.502000,-1.366316,-0.614250,1.369518,-1.418280,-0.628452,1.519099,0.008184,0.011408,-0.019384,0.999714,0.293623,-0.619909,-0.104249,0.000871,0.002895,0.075227,0.140157,0.022722,4.644032,18.466827,4,0,0.000000,1,0.457406,1.120520,1,6,0,none
31.080472,-1.396000,-0.656000,1.501000,-1.417952,-0.712451,1.505875,-1.409342,-0.655161,1.515014,0.007132,0.011382,-0.019292,0.999724,0.296629,-0.627173,-0.108614,0.000881,0.002939,0.075440,0.060765,0.019368,5.613259,20.515006,5,0,0.000000,1,0.417876,0.729372,1,-1,0,none
31.097057,-1.390000,-0.668000,1.501000,-1.358720,-0.677943,1.446264,-1.400197,-0.666292,1.509395,0.006660,0.012080,-0.019399,0.999717,0.311282,-0.627267,-0.114354,0.000874,0.002966,0.076795,0.063822,0.013318,-2537893110780030.000000,20.515006,5,0,0.000000,1,0.951478,0.682266,1,-1,0,none
31.146920,-1.374000,-0.699000,1.501000,-1.402724,-0.722994,1.322056,-1.386108,-0.699791,1.492586,0.006682,0.012050,-0.019602,0.999713,0.318787,-0.617476,-0.131480,0.000946,0.003041,0.080763,0.182816,0.014765,-3172438680602.093750,20.515006,5,0,0.000000,1,0.440540,0.792782,1,-1,0,none
31.163516,-1.367000,-0.711000,1.500000,-1.402724,-0.722994,1.322056,-1.386108,-0.699791,1.492586,0.006682,0.012050,-0.019602,0.999713,0.318787,-0.617476,-0.131480,0.000946,0.003041,0.080763,0.181890,0.023361,-9948519440757240.000000,20.515006,5,0,0.000000,1,2.114159,3.481718,0,-1,0,none
31.180163,-1.362000,-0.720000,1.500000,-1.340679,-0.756433,1.424332,-1.371707,-0.723826,1.484262,0.007219,0.012981,-0.019492,0.999700,0.336847,-0.624482,-0.137092,0.000938,0.003088,0.082121,0.086647,0.018882,-42687264590509208.000000,20.515006,5,0,0.000000,1,0.791888,1.142121,1,-1,0,none
31.196856,-1.357000,-0.729000,1.500000,-1.315979,-0.689021,1.702369,-1.364320,-0.724423,1.496123,0.006572,0.013473,-0.019331,0.999701,0.351614,-0.615810,-0.120712,0.000831,0.003003,0.077528,0.210320,0.009463,8.435921,16.266236,3,0,0.000000,1,0.594340,1.226645,1,-1,2,anchor1:0-1;1-2
31.230041,-1.345000,-0.751000,1.500000,-1.282951,-0.733185,1.707483,-1.346114,-0.743070,1.505019,0.006778,0.013796,-0.019179,0.999698,0.372528,-0.608951,-0.104764,0.000718,0.002930,0.072980,0.217294,0.009451,2.906442,13.815511,2,0,0.000000,1,0.695332,1.624193,1,1,2,anchor6:6-7;5-6
31.246715,-1.340000,-0.760000,1.500000,-1.282951,-0.733185,1.707483,-1.346114,-0.743070,1.505019,0.006778,0.013796,-0.019179,0.999698,0.372528,-0.608951,-0.104764,0.000718,0.002930,0.072980,0.216847,0.018687,1.865029,13.815511,2,1,0.000000,1,0.812230,1.350700,0,3,2,wls_gate:reference_dist=1.399m,vertical_dist=1.191m,step=1.601m chi2=1.87/13.82
31.263265,-1.333000,-0.772000,1.500000,-1.282951,-0.733185,1.707483,-1.346114,-0.743070,1.505019,0.006778,0.013796,-0.019179,0.999698,0.372528,-0.608951,-0.104764,0.000718,0.002930,0.072980,0.216935,0.032158,66.584697,16.266236,3,1,0.000000,1,0.649003,1.123645,0,-1,2,anchor3:2-3;3-4
31.279912,-1.328000,-0.781000,1.500000,-1.282951,-0.733185,1.707483,-1.346114,-0.743070,1.505019,0.006778,0.013796,-0.019179,0.999698,0.372528,-0.608951,-0.104764,0.000718,0.002930,0.072980,0.217635,0.042332,95.855139,16.266236,3,1,0.000000,1,0.643511,1.118846,0,-1,2,anchor3:2-3;3-4
31.329777,-1.311000,-0.811000,1.500000,-1.307341,-0.856552,1.434436,-1.307693,-0.810680,1.490363,0.004157,0.012704,-0.018832,0.999733,0.396427,-0.618160,-0.111599,0.000741,0.002983,0.074398,0.079919,0.010194,-4289024975459898.000000,20.515006,5,0,0.000000,1,0.472934,0.793844,1,-1,0,none
31.363046,-1.298000,-0.831000,1.499000,-1.233412,-0.773829,1.690480,-1.286885,-0.823260,1.501007,0.002119,0.014442,-0.018690,0.999719,0.414172,-0.591365,-0.098276,0.000636,0.002884,0.069578,0.210012,0.013693,1.883376,16.266236,3,0,0.000000,1,0.432190,1.215634,1,-1,2,anchor0:7-0;0-1
31.379653,-1.293000,-0.840000,1.499000,-1.188544,-0.783726,1.774038,-1.269616,-0.826427,1.518109,0.000345,0.016103,-0.018710,0.999695,0.435744,-0.577515,-0.079532,0.000495,0.002757,0.063358,0.299539,0.033109,6.069173,16.266236,3,0,0.000000,1,0.423372,1.209156,1,-1,2,anchor0:7-0;0-1
31.396304,-1.288000,-0.849000,1.499000,-1.188544,-0.783726,1.774038,-1.269616,-0.826427,1.518109,0.000345,0.016103,-0.018710,0.999695,0.435744,-0.577515,-0.079532,0.000495,0.002757,0.063358,0.299663,0.034823,0.150705,13.815511,2,0,0.000000,1,1.192458,1.344556,0,2,2,anchor0:7-0;0-1
31.429537,-1.275000,-0.868000,1.499000,-1.336233,-0.914413,1.400783,-1.259127,-0.862696,1.506222,0.000902,0.018338,-0.019002,0.999651,0.422509,-0.579839,-0.093035,0.000572,0.002825,0.066030,0.124701,0.018228,4.341482,13.815511,2,0,0.000000,1,0.580680,1.021849,1,5,2,anchor3:2-3;3-4
31.446163,-1.270000,-0.877000,1.498000,-1.275307,-0.919525,1.530218,-1.255021,-0.878170,1.506515,0.002031,0.019125,-0.019003,0.999634,0.421858,-0.586333,-0.091368,0.000576,0.002832,0.065497,0.053615,0.017270,12.273948,16.266236,3,0,0.000000,1,0.658480,1.186547,1,-1,2,anchor2:1-2;2-3
31.579130,-1.219000,-0.952000,1.498000,-1.123539,-0.898629,1.894360,-1.184972,-0.945628,1.528940,0.005389,0.023083,-0.018432,0.999549,0.483866,-0.562923,-0.049278,0.000474,0.002642,0.055241,0.411172,0.046431,4.364068,16.266236,3,0,0.000000,1,0.411444,1.200282,1,-1,2,anchor0:7-0;0-1
31.595754,-1.211000,-0.962000,1.498000,-1.198321,-0.915496,1.808533,-1.181543,-0.948443,1.551237,0.004081,0.022339,-0.018119,0.999578,0.482209,-0.548311,-0.023091,0.000413,0.002500,0.048564,0.314251,0.062335,7.302359,16.266236,3,0,0.000000,1,0.421862,1.211896,1,-1,2,anchor0:7-0;0-1
31.612358,-1.205000,-0.971000,1.498000,-1.146190,-1.045988,1.698647,-1.170144,-0.970016,1.562388,0.005232,0.022073,-0.018080,0.999579,0.500053,-0.572225,-0.010466,0.000395,0.002429,0.045191,0.222128,0.073224,-7334502834290929.000000,20.515006,5,0,0.000000,1,0.388534,0.926478,1,-1,0,none
31.629018,-1.199000,-0.979000,1.498000,-1.164050,-0.893994,1.826408,-1.162882,-0.967999,1.582007,0.004264,0.021410,-0.018337,0.999594,0.500155,-0.549738,0.008425,0.000346,0.002332,0.039525,0.341027,0.092101,1.953143,16.266236,3,0,0.000000,1,0.418332,1.205594,1,-1,2,anchor0:7-0;0-1
31.645698,-1.191000,-0.989000,1.498000,-1.174738,-1.008424,1.677941,-1.164242,-0.973075,1.588752,0.004746,0.021227,-0.018292,0.999596,0.496920,-0.558999,0.016030,0.000333,0.002283,0.037624,0.181715,0.095946,16.315705,20.515006,5,0,0.000000,1,0.402067,0.748278,1,-1,0,none
31.662285,-1.185000,-0.998000,1.498000,-1.172570,-0.899937,1.774283,-1.172570,-0.899937,1.774283,0.004746,0.021227,-0.018292,0.999596,0.000000,0.000000,0.000000,0.000333,0.002283,0.037624,0.293434,0.293434,7.814098,16.266236,3,0,0.000000,1,0.422268,1.205194,1,-1,2,anchor0:7-0;0-1
31.697519,-1.170000,-1.016000,1.498000,-1.125060,-1.079074,1.805708,-1.147515,-0.994072,1.790773,0.002496,0.023437,-0.018264,0.999555,0.079504,-0.262548,0.043462,0.000333,0.002283,0.037624,0.317305,0.294453,17.707115,18.466827,4,0,0.000000,1,0.567300,0.867610,1,6,0,none
31.714282,-1.164000,-1.025000,1.498000,-1.188945,-1.086057,1.644158,-1.161413,-1.030588,1.738525,0.001700,0.024871,-0.018075,0.999526,0.030747,-0.367623,-0.139382,0.000336,0.002294,0.037640,0.160351,0.240604,9.155207,18.466827,4,0,0.000000,1,0.442258,0.870244,1,4,0,none
31.730899,-1.156000,-1.035000,1.498000,-1.176270,-0.957326,1.835887,-1.165207,-1.014112,1.764567,0.000803,0.026889,-0.018836,0.999461,0.022309,-0.273877,-0.022476,0.000345,0.002264,0.037605,0.347292,0.267542,3.649040,16.266236,3,0,0.000000,1,0.418448,1.208012,1,-1,2,anchor0:7-0;0-1
31.747456,-1.147000,-1.045000,1.498000,-1.176270,-0.957326,1.835887,-1.165207,-1.014112,1.764567,0.000803,0.026889,-0.018836,0.999461,0.022309,-0.273877,-0.022476,0.000345,0.002264,0.037605,0.350302,0.268967,-9250593973870598.000000,20.515006,5,0,0.000000,1,1.369095,1.032668,0,-1,0,none
31.764042,-1.141000,-1.053000,1.498000,-1.094409,-0.941384,1.840344,-1.145245,-1.000663,1.784647,0.000110,0.029993,-0.019689,0.999356,0.135996,-0.143439,0.090524,0.000255,0.002139,0.037490,0.363081,0.291417,8.380353,16.266236,3,0,0.000000,1,0.412671,1.190977,1,-1,2,anchor0:7-0;0-1
31.780706,-1.134000,-1.061000,1.498000,-1.088379,-1.095195,1.680378,-1.131881,-1.022255,1.762266,0.000555,0.032648,-0.021578,0.999234,0.204887,-0.249435,-0.027014,0.000203,0.002218,0.037575,0.191082,0.267099,-6496976443422960.000000,20.515006,5,0,0.000000,1,0.810871,1.053835,1,-1,0,none
31.797363,-1.125000,-1.071000,1.498000,-1.179208,-1.100095,1.747398,-1.138570,-1.041127,1.758959,0.000866,0.032920,-0.021753,0.999221,0.161028,-0.327299,-0.042673,0.000257,0.002303,0.037593,0.256874,0.263013,6.483656,18.466827,4,0,0.000000,1,0.443481,1.227548,1,5,0,none
31.830535,-1.112000,-1.087000,1.499000,-1.132225,-1.111117,1.661119,-1.132852,-1.064504,1.736652,0.002051,0.032911,-0.022157,0.999211,0.180260,-0.393538,-0.159534,0.000237,0.002448,0.037831,0.165146,0.239623,7.573108,20.515006,5,0,0.000000,1,0.404586,0.741620,1,-1,0,none
31.847160,-1.103000,-1.097000,1.499000,-1.080826,-1.013200,1.832482,-1.120150,-1.059321,1.753702,0.000507,0.032117,-0.020950,0.999264,0.239455,-0.326037,-0.051779,0.000136,0.002307,0.037588,0.344564,0.258045,0.981342,16.266236,3,0,0.000000,1,0.411917,1.186719,1,-1,2,anchor0:7-0;0-1
31.863816,-1.096000,-1.105000,1.499000,-1.066555,-1.183037,1.679559,-1.108020,-1.084917,1.739819,0.001863,0.033261,-0.021197,0.999220,0.296291,-0.440200,-0.120650,0.000008,0.002563,0.037742,0.198893,0.241954,23.299534,18.466827,4,1,0.000000,1,0.573896,0.854403,1,6,0,none
31.880438,-1.089000,-1.112000,1.499000,-1.054239,-1.192734,1.606333,-1.098503,-1.103356,1.718606,0.003596,0.034692,-0.021433,0.999162,0.341585,-0.527229,-0.226457,-0.000091,0.002725,0.037953,0.138732,0.219982,14.039909,18.466827,4,0,0.000000,1,0.573116,0.849852,1,6,0,none
31.930307,-1.065000,-1.137000,1.500000,-1.054725,-1.185825,1.612849,-1.075902,-1.140600,1.688360,0.000425,0.036776,-0.021186,0.999099,0.387757,-0.579743,-0.325713,-0.000239,0.002966,0.038368,0.123387,0.188709,11.668221,18.466827,4,0,0.000000,1,0.572683,0.850314,1,6,0,none
31.946936,-1.058000,-1.145000,1.500000,-1.014689,-1.151140,1.617317,-1.060829,-1.148469,1.672227,0.001065,0.038003,-0.020140,0.999074,0.443595,-0.584615,-0.384696,-0.000472,0.002959,0.038618,0.125207,0.172285,12.971904,20.515006,5,0,0.000000,1,0.398544,0.738247,1,-1,0,none
31.963615,-1.049000,-1.155000,1.500000,-1.050243,-1.144999,1.703619,-1.052833,-1.155912,1.672271,-0.000234,0.038502,-0.020047,0.999057,0.457592,-0.569361,-0.356838,-0.000475,0.002909,0.038466,0.203868,0.172316,13.383831,18.466827,4,0,0.000000,1,0.447026,1.276100,1,1,0,none
31.980127,-1.042000,-1.162000,1.500000,-1.002049,-1.019138,1.656474,-1.038928,-1.141071,1.665295,-0.001608,0.039663,-0.017783,0.999054,0.496281,-0.461067,-0.366082,-0.000625,0.002332,0.038500,0.215615,0.166643,0.557252,16.266236,3,0,0.000000,1,0.417220,1.163849,1,-1,2,anchor0:7-0;0-1
31.996822,-1.032000,-1.172000,1.500000,-1.026485,-1.180561,1.642937,-1.032723,-1.150857,1.658853,-0.001664,0.040498,-0.017912,0.999018,0.507272,-0.479356,-0.379436,-0.000659,0.002456,0.038566,0.143300,0.160256,-47217303853498368.000000,20.515006,5,0,0.000000,1,0.671571,0.803207,1,-1,0,none
32.013465,-1.024000,-1.179000,1.500000,-1.019754,-1.186025,1.654023,-1.023724,-1.162505,1.652857,-0.002140,0.041415,-0.018131,0.998975,0.520166,-0.488980,-0.379456,-0.000681,0.002560,0.038559,0.154241,0.153745,2.013383,18.466827,4,0,0.000000,1,0.447595,1.264917,1,1,0,none
32.063242,-0.999000,-1.202000,1.499000,-1.001508,-1.270853,1.697001,-0.997910,-1.201130,1.644838,-0.000267,0.042434,-0.018713,0.998924,0.554500,-0.540545,-0.340933,-0.000651,0.003115,0.038122,0.209646,0.145845,-50759986153464.500000,20.515006,5,0,0.000000,1,0.748957,1.440264,1,-1,0,none
32.080000,-0.991000,-1.208000,1.499000,-0.868228,-1.143407,1.833287,-0.969247,-1.198477,1.670113,-0.004275,0.044092,-0.018328,0.998850,0.641872,-0.487953,-0.230543,-0.001318,0.002707,0.036769,0.361930,0.172753,1.904359,16.266236,3,0,0.000000,1,0.405472,1.138040,1,-1,2,anchor0:7-0;0-1
32.129774,-0.965000,-1.230000,1.499000,-0.868228,-1.143407,1.833287,-0.969247,-1.198477,1.670113,-0.004275,0.044092,-0.018328,0.998850,0.641872,-0.487953,-0.230543,-0.001318,0.002707,0.036769,0.358624,0.174045,65.299337,16.266236,3,1,0.000000,1,0.509920,1.165065,0,-1,2,subset_anchor4:3-4;4-5
32.146420,-0.954000,-1.238000,1.500000,-0.868228,-1.143407,1.833287,-0.969247,-1.198477,1.670113,-0.004275,0.044092,-0.018328,0.998850,0.641872,-0.487953,-0.230543,-0.001318,0.002707,0.036769,0.356910,0.175309,56.387133,16.266236,3,1,0.000000,1,0.717832,1.231327,0,-1,2,anchor3:2-3;3-4
32.212865,-0.914000,-1.267000,1.500000,-0.868228,-1.143407,1.833287,-0.969247,-1.198477,1.670113,-0.004275,0.044092,-0.018328,0.998850,0.641872,-0.487953,-0.230543,-0.001318,0.002707,0.036769,0.358400,0.191536,53.661661,16.266236,3,1,0.000000,1,0.713104,1.224522,0,-1,2,anchor3:2-3;3-4
32.246156,-0.896000,-1.279000,1.500000,-0.868631,-1.306134,1.631924,-0.858291,-1.286585,1.632344,-0.002536,0.036920,-0.020464,0.999105,0.735276,-0.474129,-0.229403,-0.001068,0.003233,0.036806,0.137438,0.137821,9.823825,16.266236,3,0,0.000000,1,0.538306,1.131761,1,-1,2,anchor1:0-1;1-2
32.262753,-0.885000,-1.285000,1.500000,-0.868631,-1.306134,1.631924,-0.858291,-1.286585,1.632344,-0.002536,0.036920,-0.020464,0.999105,0.735276,-0.474129,-0.229403,-0.001068,0.003233,0.036806,0.134605,0.135022,0.686738,13.815511,2,0,0.000000,1,1.532501,1.176328,0,4,2,anchor0:7-0;0-1
32.296015,-0.864000,-1.298000,1.501000,-0.899174,-1.361564,1.487916,-0.846347,-1.326793,1.584957,0.004282,0.030705,-0.021391,0.999290,0.677973,-0.517355,-0.308760,-0.000122,0.004017,0.039618,0.073816,0.090496,5.779703,16.266236,3,0,0.000000,1,0.756337,1.306254,1,-1,2,anchor3:2-3;3-4
32.312655,-0.859000,-1.301000,1.501000,-0.832849,-1.327300,1.561794,-0.834676,-1.333372,1.575973,0.005419,0.030442,-0.021545,0.999290,0.690257,-0.514552,-0.317769,-0.000168,0.003917,0.039916,0.071214,0.085209,3.281688,16.266236,3,0,0.000000,1,0.537762,1.122644,1,-1,2,anchor1:0-1;1-2
32.329276,-0.847000,-1.308000,1.501000,-0.755855,-1.253667,1.801817,-0.808422,-1.322294,1.615443,0.002425,0.032823,-0.021833,0.999220,0.742054,-0.458351,-0.222762,-0.000563,0.003066,0.036514,0.318984,0.121614,3.286114,16.266236,3,0,0.000000,1,0.404758,1.108742,1,-1,2,anchor0:7-0;0-1
32.379139,-0.817000,-1.326000,1.501000,-0.755855,-1.253667,1.801817,-0.808422,-1.322294,1.615443,0.002425,0.032823,-0.021833,0.999220,0.742054,-0.458351,-0.222762,-0.000563,0.003066,0.036514,0.315376,0.114824,85.802525,16.266236,3,1,0.000000,1,0.740678,1.276713,0,-1,2,anchor3:2-3;3-4
32.412382,-0.795000,-1.337000,1.502000,-0.846005,-1.399943,1.351288,-0.772072,-1.370747,1.544932,0.007210,0.022740,-0.022175,0.999469,0.704311,-0.502008,-0.328287,0.000371,0.003663,0.041795,0.171107,0.059226,10.923408,16.266236,3,0,0.000000,1,0.758590,1.311051,1,-1,2,anchor3:2-3;3-4
32.428963,-0.786000,-1.342000,1.501000,-0.717749,-1.295165,1.756809,-0.751448,-1.360339,1.579475,0.002732,0.024762,-0.022482,0.999437,0.735879,-0.445333,-0.255393,0.000231,0.002721,0.037781,0.268867,0.087683,2.877834,16.266236,3,0,0.000000,1,0.405697,1.097240,1,-1,2,anchor0:7-0;0-1
32.445695,-0.774000,-1.349000,1.502000,-0.806999,-1.382069,1.386075,-0.752715,-1.370217,1.544676,0.002735,0.021867,-0.022002,0.999515,0.701308,-0.449673,-0.310315,0.000616,0.002946,0.040990,0.124984,0.052196,13.376872,16.266236,3,0,0.000000,1,0.759322,1.319953,1,-1,2,anchor3:2-3;3-4
32.495496,-0.743000,-1.365000,1.502000,-0.635500,-1.300930,1.910837,-0.700582,-1.374104,1.590693,-0.002099,0.027170,-0.023309,0.999357,0.772304,-0.398321,-0.216399,0.000347,0.001812,0.033390,0.427562,0.098735,5.116546,16.266236,3,0,0.000000,1,0.399975,1.085249,1,-1,2,anchor0:7-0;0-1
32.528795,-0.722000,-1.377000,1.501000,-0.635500,-1.300930,1.910837,-0.700582,-1.374104,1.590693,-0.002099,0.027170,-0.023309,0.999357,0.772304,-0.398321,-0.216399,0.000347,0.001812,0.033390,0.425717,0.092260,82.131308,16.266236,3,1,0.000000,1,0.755588,1.305591,0,-1,2,anchor3:2-3;3-4
32.545377,-0.712000,-1.381000,1.501000,-0.635500,-1.300930,1.910837,-0.700582,-1.374104,1.590693,-0.002099,0.027170,-0.023309,0.999357,0.772304,-0.398321,-0.216399,0.000347,0.001812,0.033390,0.424535,0.090679,61.983663,16.266236,3,1,0.000000,1,0.736873,1.275349,0,-1,2,anchor3:2-3;3-4
32.561994,-0.703000,-1.386000,1.501000,-0.635500,-1.300930,1.910837,-0.700582,-1.374104,1.590693,-0.002099,0.027170,-0.023309,0.999357,0.772304,-0.398321,-0.216399,0.000347,0.001812,0.033390,0.423981,0.090510,7.333556,13.815511,2,1,0.000000,1,0.816895,1.150965,0,2,2,wls_gate:reference_dist=1.133m,vertical_dist=0.926m,step=1.455m chi2=7.33/13.82
32.578590,-0.691000,-1.392000,1.501000,-0.635500,-1.300930,1.910837,-0.700582,-1.374104,1.590693,-0.002099,0.027170,-0.023309,0.999357,0.772304,-0.398321,-0.216399,0.000347,0.001812,0.033390,0.423486,0.091961,22.491660,13.815511,2,1,0.000000,1,0.809596,1.131745,0,2,2,wls_gate:reference_dist=1.063m,vertical_dist=0.850m,step=1.383m chi2=22.49/13.82
32.595237,-0.681000,-1.397000,1.501000,-0.635500,-1.300930,1.910837,-0.700582,-1.374104,1.590693,-0.002099,0.027170,-0.023309,0.999357,0.772304,-0.398321,-0.216399,0.000347,0.001812,0.033390,0.423398,0.094617,14.911573,13.815511,2,1,0.000000,1,0.803264,1.141627,0,2,2,wls_gate:reference_dist=1.054m,vertical_dist=0.840m,step=1.373m chi2=14.91/13.82
32.611958,-0.672000,-1.401000,1.500000,-0.635500,-1.300930,1.910837,-0.700582,-1.374104,1.590693,-0.002099,0.027170,-0.023309,0.999357,0.772304,-0.398321,-0.216399,0.000347,0.001812,0.033390,0.424421,0.098820,90.853468,16.266236,3,1,0.000000,1,0.736145,1.293056,0,-1,2,anchor3:2-3;3-4
32.645054,-0.650000,-1.412000,1.500000,-0.573685,-1.450161,1.578902,-0.578918,-1.439632,1.562073,-0.000871,0.032301,-0.022748,0.999219,0.837853,-0.409122,-0.214883,0.000260,0.002021,0.032607,0.116215,0.098333,1.138083,13.815511,2,0,0.000000,1,0.530307,1.016413,1,4,2,anchor1:0-1;1-2
32.678382,-0.628000,-1.422000,1.500000,-0.746139,-1.490944,1.595987,-0.609984,-1.464778,1.562756,-0.000888,0.019940,-0.022199,0.999554,0.678012,-0.445546,-0.203667,0.002479,0.002509,0.031535,0.167103,0.078057,14.043402,16.266236,3,0,0.000000,1,0.789191,1.363116,1,-1,2,anchor3:2-3;3-4
32.695015,-0.618000,-1.427000,1.500000,-0.746139,-1.490944,1.595987,-0.609984,-1.464778,1.562756,-0.000888,0.019940,-0.022199,0.999554,0.678012,-0.445546,-0.203667,0.002479,0.002509,0.031535,0.172400,0.073687,16.821067,13.815511,2,1,0.000000,1,1.420511,3.084678,0,1,2,anchor3:2-3;3-4
32.711602,-0.609000,-1.431000,1.500000,-0.561769,-1.447283,1.798961,-0.580132,-1.471173,1.597703,-0.005374,0.022041,-0.022593,0.999487,0.710938,-0.420506,-0.151274,0.002892,0.002068,0.023726,0.303107,0.109513,4.538085,16.266236,3,0,0.000000,1,0.403832,1.066577,1,-1,2,anchor0:7-0;0-1
32.728207,-0.595000,-1.436000,1.500000,-0.654578,-1.464410,1.504328,-0.588414,-1.474683,1.581603,-0.007143,0.016800,-0.022832,0.999573,0.659224,-0.406761,-0.168813,0.003297,0.002067,0.026447,0.066146,0.090547,8.054756,16.266236,3,0,0.000000,1,0.785861,1.372366,1,-1,2,anchor3:2-3;3-4
32.744868,-0.586000,-1.440000,1.499000,-0.498714,-1.400106,1.847751,-0.562716,-1.463759,1.615854,-0.011562,0.021364,-0.024615,0.999402,0.714461,-0.358246,-0.121719,0.003919,0.001583,0.019612,0.361715,0.121497,11.003256,16.266236,3,0,0.000000,1,0.400334,1.057844,1,-1,2,anchor0:7-0;0-1
32.761489,-0.576000,-1.444000,1.499000,-0.498714,-1.400106,1.847751,-0.562716,-1.463759,1.615854,-0.011562,0.021364,-0.024615,0.999402,0.714461,-0.358246,-0.121719,0.003919,0.001583,0.019612,0.359899,0.119255,6.609273,13.815511,2,0,0.000000,1,1.455106,3.145603,0,1,2,anchor3:2-3;3-4
32.794691,-0.553000,-1.453000,1.499000,-0.429297,-1.379643,1.873806,-0.506497,-1.460303,1.644382,-0.018445,0.025885,-0.025193,0.999177,0.793593,-0.275236,-0.073176,0.003983,0.000798,0.011832,0.401452,0.152812,5.229013,16.266236,3,0,0.000000,1,0.397947,1.049417,1,-1,2,anchor0:7-0;0-1
32.811407,-0.542000,-1.457000,1.499000,-0.492696,-1.557146,1.517840,-0.493324,-1.481577,1.628472,-0.015404,0.025450,-0.025216,0.999239,0.802234,-0.312044,-0.090060,0.003810,0.001414,0.015299,0.113204,0.140486,-3965444572594156.000000,20.515006,5,0,0.000000,1,0.428501,0.853307,1,-1,0,none
32.827982,-0.529000,-1.461000,1.499000,-0.534920,-1.435694,1.698647,-0.489425,-1.478244,1.635052,-0.017439,0.022320,-0.025119,0.999283,0.778974,-0.275732,-0.076501,0.004173,0.001122,0.013457,0.201332,0.142737,6.180256,16.266236,3,0,0.000000,1,0.405659,1.057655,1,-1,2,anchor0:7-0;0-1
32.844582,-0.519000,-1.465000,1.499000,-0.450014,-1.406794,1.871529,-0.474901,-1.472747,1.658508,-0.019342,0.020830,-0.023935,0.999309,0.789134,-0.240587,-0.041408,0.003547,0.000293,0.007357,0.383308,0.165674,11.863504,16.266236,3,0,0.000000,1,0.398968,1.054026,1,-1,2,anchor0:7-0;0-1
32.861207,-0.506000,-1.469000,1.499000,-0.457559,-1.425501,1.688914,-0.461620,-1.469304,1.660779,-0.021203,0.020360,-0.023752,0.999286,0.794069,-0.213211,-0.038273,0.003570,0.000045,0.006577,0.200763,0.167757,10.115368,16.266236,3,0,0.000000,1,0.403885,1.047197,1,-1,2,anchor0:7-0;0-1
32.877861,-0.495000,-1.472000,1.498000,-0.460228,-1.366356,1.860920,-0.450504,-1.459226,1.678768,-0.024440,0.019518,-0.024060,0.999221,0.791706,-0.164784,-0.016420,0.003819,-0.000697,0.001891,0.379579,0.186602,4.641460,16.266236,3,0,0.000000,1,0.398577,1.051194,1,-1,2,anchor0:7-0;0-1
32.894516,-0.485000,-1.475000,1.499000,-0.455456,-1.439399,1.831059,-0.439990,-1.459415,1.691981,-0.025538,0.018733,-0.023775,0.999216,0.789734,-0.150226,0.001215,0.004033,-0.000928,-0.001611,0.335266,0.198772,3.965504,16.266236,3,0,0.000000,1,0.400670,1.055001,1,-1,2,anchor0:7-0;0-1
32.960973,-0.437000,-1.488000,1.498000,-0.455456,-1.439399,1.831059,-0.439990,-1.459415,1.691981,-0.025538,0.018733,-0.023775,0.999216,0.789734,-0.150226,0.001215,0.004033,-0.000928,-0.001611,0.337092,0.196098,41.937598,13.815511,2,1,0.000000,1,1.620599,3.397483,0,1,2,anchor3:2-3;3-4
32.977689,-0.427000,-1.490000,1.498000,-0.455456,-1.439399,1.831059,-0.439990,-1.459415,1.691981,-0.025538,0.018733,-0.023775,0.999216,0.789734,-0.150226,0.001215,0.004033,-0.000928,-0.001611,0.338080,0.196806,37.795271,16.266236,3,1,0.000000,1,0.779336,1.366552,0,-1,2,anchor3:2-3;3-4
32.994163,-0.416000,-1.492000,1.498000,-0.762546,-1.732615,1.218105,-0.437777,-1.518278,1.643522,-0.016867,-0.002062,-0.021319,0.999628,0.571853,-0.221589,-0.070395,0.005588,0.001278,0.015363,0.506291,0.149470,22.338256,13.815511,2,1,0.000000,1,0.716902,1.035848,1,2,2,anchor0:7-0;0-1
33.027427,-0.392000,-1.498000,1.498000,-0.762546,-1.732615,1.218105,-0.437777,-1.518278,1.643522,-0.016867,-0.002062,-0.021319,0.999628,0.571853,-0.221589,-0.070395,0.005588,0.001278,0.015363,0.520278,0.153894,51.479866,16.266236,3,1,0.000000,1,0.771511,1.368517,0,-1,2,anchor3:2-3;3-4
33.060689,-0.368000,-1.501000,1.497000,-0.473917,-1.558505,1.594309,-0.417462,-1.537645,1.635926,-0.015815,-0.006148,-0.021445,0.999626,0.513413,-0.202658,-0.070077,0.005933,0.001505,0.017411,0.154901,0.151954,4.696450,16.266236,3,0,0.000000,1,0.502400,1.244610,1,-1,2,anchor4:3-4;4-5
33.077258,-0.357000,-1.503000,1.497000,-0.322571,-1.484496,1.816426,-0.392459,-1.530237,1.653591,-0.017952,-0.002225,-0.021912,0.999596,0.565172,-0.162753,-0.046472,0.006017,0.001143,0.010500,0.321809,0.162850,2.955231,16.266236,3,0,0.000000,1,0.399407,1.041802,1,-1,2,anchor0:7-0;0-1
33.127198,-0.322000,-1.506000,1.497000,-0.285191,-1.495943,1.728859,-0.348121,-1.529326,1.659436,-0.017057,-0.000839,-0.022023,0.999612,0.609913,-0.109603,-0.035089,0.005810,0.000865,0.007288,0.234978,0.166168,9.768770,16.266236,3,0,0.000000,1,0.400875,1.033719,1,-1,2,anchor0:7-0;0-1
33.160401,-0.297000,-1.508000,1.497000,-0.288046,-1.574195,1.665719,-0.320466,-1.540796,1.659337,-0.012906,-0.000697,-0.021587,0.999683,0.624904,-0.117344,-0.030848,0.005606,0.001065,0.007060,0.181461,0.167271,8.728559,18.466827,4,0,0.000000,1,0.619434,0.811534,1,6,0,none
33.193693,-0.273000,-1.509000,1.497000,-0.462189,-1.463346,1.196924,-0.330686,-1.528098,1.612525,-0.014968,-0.009122,-0.021688,0.999611,0.527082,-0.056754,-0.088026,0.005358,0.000824,0.025900,0.357662,0.130531,12.060862,13.815511,2,0,0.000000,1,0.704375,1.267718,1,4,2,anchor3:2-3;3-4
33.210295,-0.262000,-1.511000,1.497000,-0.462189,-1.463346,1.196924,-0.330686,-1.528098,1.612525,-0.014968,-0.009122,-0.021688,0.999611,0.527082,-0.056754,-0.088026,0.005358,0.000824,0.025900,0.363857,0.135485,42.999047,16.266236,3,1,0.000000,1,0.774320,1.392588,0,-1,2,anchor3:2-3;3-4
33.226917,-0.251000,-1.510000,1.497000,-0.462189,-1.463346,1.196924,-0.330686,-1.528098,1.612525,-0.014968,-0.009122,-0.021688,0.999611,0.527082,-0.056754,-0.088026,0.005358,0.000824,0.025900,0.369896,0.141504,50.298717,13.815511,2,1,0.000000,1,1.585850,3.371547,0,1,2,anchor3:2-3;3-4
33.276785,-0.212000,-1.511000,1.497000,-0.462189,-1.463346,1.196924,-0.330686,-1.528098,1.612525,-0.014968,-0.009122,-0.021688,0.999611,0.527082,-0.056754,-0.088026,0.005358,0.000824,0.025900,0.393587,0.166508,38.772840,13.815511,2,1,0.000000,1,1.524646,3.267006,0,1,2,anchor3:2-3;3-4
33.293459,-0.202000,-1.511000,1.497000,-0.408915,-1.390694,1.145670,-0.312323,-1.495466,1.550529,-0.018017,-0.018891,-0.022198,0.999413,0.404995,0.086623,-0.169483,0.004686,0.000314,0.049040,0.425112,0.123603,9.719706,13.815511,2,0,0.000000,1,0.690870,1.265834,1,4,2,anchor3:2-3;3-4
33.326694,-0.177000,-1.510000,1.497000,-0.176288,-1.474948,1.729333,-0.272037,-1.489575,1.566016,-0.015668,-0.012946,-0.023176,0.999525,0.466857,0.111207,-0.141493,0.004634,-0.000096,0.039940,0.234964,0.119216,8.747052,16.266236,3,0,0.000000,1,0.398045,1.018833,1,-1,2,anchor0:7-0;0-1
33.343346,-0.166000,-1.510000,1.497000,-0.102319,-1.406157,1.881079,-0.232452,-1.474371,1.595603,-0.015759,-0.006116,-0.025030,0.999544,0.548354,0.151160,-0.101646,0.004822,-0.001016,0.025064,0.402933,0.124129,0.869594,16.266236,3,0,0.000000,1,0.392031,1.012697,1,-1,2,anchor0:7-0;0-1
33.376533,-0.141000,-1.510000,1.497000,-0.102319,-1.406157,1.881079,-0.232452,-1.474371,1.595603,-0.015759,-0.006116,-0.025030,0.999544,0.548354,0.151160,-0.101646,0.004822,-0.001016,0.025064,0.399745,0.139124,35.839558,13.815511,2,1,0.000000,1,1.523362,3.275428,0,1,2,anchor3:2-3;3-4
33.393261,-0.131000,-1.509000,1.497000,-0.102319,-1.406157,1.881079,-0.232452,-1.474371,1.595603,-0.015759,-0.006116,-0.025030,0.999544,0.548354,0.151160,-0.101646,0.004822,-0.001016,0.025064,0.398642,0.145651,35.117798,13.815511,2,1,0.000000,1,1.553500,3.335472,0,1,2,anchor3:2-3;3-4
33.459663,-0.081000,-1.507000,1.497000,-0.040719,-1.416211,1.850374,-0.135717,-1.447559,1.616612,-0.015538,-0.003165,-0.026931,0.999512,0.617642,0.211535,-0.062744,0.004902,-0.001777,0.010000,0.367067,0.144341,3.837642,16.266236,3,0,0.000000,1,0.391587,1.004131,1,-1,2,anchor0:7-0;0-1
33.559513,-0.011000,-1.503000,1.497000,-0.040719,-1.416211,1.850374,-0.135717,-1.447559,1.616612,-0.015538,-0.003165,-0.026931,0.999512,0.617642,0.211535,-0.062744,0.004902,-0.001777,0.010000,0.365087,0.181480,29.489305,13.815511,2,1,0.000000,1,1.567456,3.396262,0,1,2,anchor3:2-3;3-4
33.576036,0.000000,-1.502000,1.497000,-0.007598,-1.632227,1.102172,-0.045543,-1.481844,1.542962,-0.001840,-0.001750,-0.029438,0.999563,0.653719,0.105636,-0.133193,0.003711,0.000301,0.045691,0.415819,0.067771,11.735873,13.815511,2,0,0.000000,1,0.500809,1.544843,1,3,2,anchor1:0-1;1-2
33.592608,0.013000,-1.501000,1.498000,-0.167311,-1.435057,1.237910,-0.069375,-1.466675,1.503838,-0.004334,-0.007464,-0.028072,0.999569,0.569372,0.141665,-0.178234,0.003637,0.000400,0.063945,0.323276,0.089431,8.420970,13.815511,2,0,0.000000,1,0.723140,1.337800,1,4,2,anchor3:2-3;3-4
33.692424,0.077000,-1.496000,1.498000,-0.167311,-1.435057,1.237910,-0.069375,-1.466675,1.503838,-0.004334,-0.007464,-0.028072,0.999569,0.569372,0.141665,-0.178234,0.003637,0.000400,0.063945,0.362007,0.149397,38.272186,13.815511,2,1,0.000000,1,1.515872,3.305005,0,1,2,anchor3:2-3;3-4
33.725609,0.100000,-1.494000,1.498000,0.071261,-1.515406,1.654753,0.025551,-1.469745,1.505173,-0.001859,0.001093,-0.029225,0.999571,0.595448,0.111733,-0.164275,0.003692,0.000351,0.051694,0.160797,0.078628,-203031642312063.500000,20.515006,5,0,0.000000,1,0.463036,0.821811,1,-1,0,none
33.742229,0.114000,-1.493000,1.498000,0.145311,-1.405124,1.812253,0.063258,-1.452922,1.542409,-0.004707,0.006813,-0.029148,0.999541,0.666920,0.150287,-0.117301,0.003792,-0.000137,0.031779,0.327807,0.078442,4.071957,16.266236,3,0,0.000000,1,0.391585,0.978421,1,-1,2,anchor0:7-0;0-1
33.758978,0.124000,-1.491000,1.498000,0.096882,-1.543003,1.587537,0.078866,-1.471335,1.546517,-0.000868,0.008752,-0.029808,0.999517,0.677945,0.101777,-0.111187,0.003772,-0.000066,0.029360,0.107035,0.069121,7.886266,18.466827,4,0,0.000000,1,0.617520,0.766085,1,6,0,none
33.792121,0.147000,-1.489000,1.498000,-0.091037,-1.443403,1.346203,0.062146,-1.462422,1.520953,-0.002377,0.003905,-0.029986,0.999540,0.587322,0.122690,-0.134700,0.003939,0.000063,0.040055,0.285978,0.091834,14.478289,13.815511,2,1,0.000000,1,0.738311,1.365391,1,4,2,anchor3:2-3;3-4
33.825383,0.167000,-1.487000,1.498000,0.210194,-1.428666,1.900163,0.105945,-1.453589,1.558351,-0.004453,0.008797,-0.030003,0.999501,0.644130,0.139209,-0.086563,0.004149,-0.000277,0.019811,0.408661,0.092121,2.745081,16.266236,3,0,0.000000,1,0.391915,0.977508,1,-1,2,anchor0:7-0;0-1
33.842037,0.180000,-1.486000,1.498000,0.221779,-1.385556,1.742594,0.134211,-1.440750,1.575371,-0.006797,0.011858,-0.030236,0.999449,0.692973,0.168170,-0.064116,0.004141,-0.000580,0.010516,0.267695,0.100650,3.051296,16.266236,3,0,0.000000,1,0.391941,0.964074,1,-1,2,anchor0:7-0;0-1
33.858636,0.191000,-1.485000,1.498000,0.199003,-1.441252,1.788327,0.153847,-1.439072,1.595032,-0.006940,0.012997,-0.030544,0.999425,0.717968,0.164839,-0.041019,0.004143,-0.000776,0.001125,0.293714,0.113600,3.786240,16.266236,3,0,0.000000,1,0.393083,0.973159,1,-1,2,anchor0:7-0;0-1
33.875269,0.204000,-1.483000,1.498000,0.155379,-1.508700,1.617366,0.164361,-1.447970,1.596892,-0.004963,0.013191,-0.031567,0.999402,0.719698,0.134119,-0.038779,0.004604,-0.001168,0.000631,0.131426,0.112151,-57102203559996.687500,20.515006,5,0,0.000000,1,0.452337,0.789497,1,-1,0,none
33.891840,0.214000,-1.482000,1.498000,0.247410,-1.507435,1.771275,0.185639,-1.454072,1.610944,-0.004167,0.014748,-0.031211,0.999395,0.745896,0.113795,-0.018392,0.004572,-0.001118,-0.006553,0.276482,0.119753,-37.118796,20.515006,5,0,0.000000,1,0.365833,0.883108,1,-1,0,none
33.908528,0.224000,-1.481000,1.498000,0.097930,-1.547369,1.811051,0.184361,-1.464159,1.626911,-0.002398,0.012164,-0.031576,0.999424,0.714686,0.079889,0.002529,0.004496,-0.001009,-0.014161,0.343947,0.135915,1.998204,16.266236,3,0,0.000000,1,0.498151,1.250554,1,-1,2,anchor4:3-4;4-5
33.925210,0.238000,-1.479000,1.498000,0.270377,-1.477753,1.655769,0.205340,-1.464630,1.629180,-0.002865,0.013828,-0.031422,0.999406,0.741717,0.077961,0.005341,0.004479,-0.001015,-0.015230,0.161062,0.135946,-2798017284178928.000000,20.515006,5,0,0.000000,1,0.566428,1.286171,1,-1,0,none
33.941747,0.248000,-1.478000,1.498000,0.301055,-1.509099,1.620849,0.226855,-1.468746,1.628513,-0.002067,0.015739,-0.031511,0.999377,0.770624,0.066321,0.005499,0.004450,-0.001005,-0.014905,0.137382,0.132538,1.643474,18.466827,4,0,0.000000,1,0.525886,0.845224,1,2,0,none
33.958372,0.258000,-1.477000,1.498000,0.286884,-1.502994,1.682753,0.241671,-1.471745,1.632482,-0.001240,0.017110,-0.031587,0.999354,0.788673,0.058854,0.012737,0.004420,-0.000998,-0.016696,0.188795,0.135572,13.118800,20.515006,5,0,0.000000,1,0.363229,0.720120,1,-1,0,none
34.008228,0.291000,-1.472000,1.498000,0.286884,-1.502994,1.682753,0.241671,-1.471745,1.632482,-0.001240,0.017110,-0.031587,0.999354,0.788673,0.058854,0.012737,0.004420,-0.000998,-0.016696,0.187380,0.143244,68.032527,16.266236,3,1,0.000000,1,0.484640,1.233972,0,-1,2,subset_anchor4:3-4;4-5
34.041492,0.314000,-1.469000,1.498000,0.286884,-1.502994,1.682753,0.241671,-1.471745,1.632482,-0.001240,0.017110,-0.031587,0.999354,0.788673,0.058854,0.012737,0.004420,-0.000998,-0.016696,0.189801,0.152723,-2855111311490111.000000,20.515006,5,0,0.000000,1,0.556422,-nan,0,-1,0,none
34.091449,0.347000,-1.463000,1.498000,0.405244,-1.464751,1.844389,0.356385,-1.463770,1.653250,-0.006172,0.016071,-0.032166,0.999334,0.832912,0.069032,0.040451,0.004082,-0.001158,-0.026223,0.351256,0.155535,3.720562,16.266236,3,0,0.000000,1,0.393951,0.952541,1,-1,2,anchor0:7-0;0-1
34.107942,0.360000,-1.461000,1.498000,0.443219,-1.506225,1.627491,0.382199,-1.470031,1.650979,-0.005658,0.019339,-0.032118,0.999281,0.871835,0.049151,0.035033,0.004053,-0.001152,-0.025325,0.160433,0.154845,6.432475,18.466827,4,0,0.000000,1,0.520911,0.839506,1,2,0,none
34.124641,0.370000,-1.459000,1.498000,0.369102,-1.655709,2.007053,0.380698,-1.496179,1.679465,-0.000326,0.018523,-0.032371,0.999304,0.860403,-0.026106,0.068555,0.003796,-0.000852,-0.038687,0.545738,0.185543,3.186342,13.815511,2,0,0.000000,1,0.931854,1.739104,1,3,2,anchor3:2-3;3-4
34.141230,0.380000,-1.457000,1.498000,0.374855,-1.486782,1.894896,0.391817,-1.494524,1.697210,-0.001012,0.017842,-0.032299,0.999318,0.854107,-0.019724,0.090107,0.003656,-0.000560,-0.046281,0.398045,0.203057,3.225030,18.466827,4,0,0.000000,1,0.491368,1.352747,1,5,0,none
34.157887,0.393000,-1.454000,1.498000,0.399747,-1.473136,1.588369,0.404809,-1.492162,1.690696,-0.001411,0.018167,-0.032032,0.999321,0.859129,-0.012637,0.085218,0.003690,-0.000596,-0.042317,0.092619,0.196793,12.839124,20.515006,5,0,0.000000,1,0.361464,0.719908,1,-1,0,none
34.174454,0.403000,-1.452000,1.498000,0.442789,-1.459340,1.610490,0.421663,-1.488378,1.686334,-0.002264,0.019213,-0.031536,0.999315,0.871894,-0.002201,0.080003,0.003704,-0.000631,-0.039523,0.119545,0.192721,-3667250903295219.000000,20.515006,5,0,0.000000,1,0.360347,0.821665,1,-1,0,none
34.191101,0.412000,-1.450000,1.498000,0.451479,-1.509107,1.595113,0.437787,-1.490881,1.681315,-0.001629,0.019891,-0.031616,0.999301,0.876971,-0.006300,0.073780,0.003721,-0.000638,-0.036427,0.120346,0.189580,-228409297862646.000000,20.515006,5,0,0.000000,1,0.628287,0.966640,1,-1,0,none
34.224363,0.435000,-1.444000,1.498000,0.489946,-1.522063,1.670267,0.469121,-1.494781,1.682814,-0.000592,0.021351,-0.031695,0.999269,0.895441,-0.014690,0.079125,0.003705,-0.000622,-0.035987,0.196948,0.194677,-1427560529757175.500000,20.515006,5,0,0.000000,1,0.650725,0.992502,1,-1,0,none
34.240938,0.448000,-1.441000,1.499000,0.446197,-1.464406,1.783907,0.478805,-1.491372,1.690805,-0.001627,0.020605,-0.031566,0.999288,0.886652,-0.006479,0.087814,0.003699,-0.000613,-0.039237,0.285873,0.200688,12.696909,18.466827,4,0,0.000000,1,0.479770,1.334987,1,5,0,none
34.274216,0.467000,-1.436000,1.499000,0.476530,-1.470441,1.812423,0.504162,-1.488913,1.701738,-0.003336,0.019078,-0.031936,0.999302,0.887849,0.002313,0.098060,0.003688,-0.000596,-0.043176,0.315453,0.212799,5.777696,18.466827,4,0,0.000000,1,0.482278,1.336805,1,5,0,none
34.324095,0.503000,-1.426000,1.499000,0.476530,-1.470441,1.812423,0.504162,-1.488913,1.701738,-0.003336,0.019078,-0.031936,0.999302,0.887849,0.002313,0.098060,0.003688,-0.000596,-0.043176,0.317663,0.212279,4.624558,13.815511,2,0,0.000000,1,1.039992,1.783187,0,2,2,anchor3:2-3;3-4
34.357383,0.522000,-1.420000,1.499000,0.568901,-1.482140,1.786053,0.577098,-1.487531,1.715610,-0.006533,0.017186,-0.032429,0.999305,0.910419,0.011067,0.104317,0.003676,-0.000581,-0.046091,0.297423,0.233487,3.605229,18.466827,4,0,0.000000,1,0.480170,1.330620,1,5,0,none
34.390609,0.544000,-1.413000,1.499000,0.575890,-1.441961,1.770297,0.601791,-1.479740,1.723043,-0.008087,0.016384,-0.033117,0.999284,0.909101,0.038391,0.110393,0.003694,-0.000599,-0.047981,0.274696,0.240810,-12283374017587454.000000,20.515006,5,0,0.000000,1,0.508557,0.873234,1,-1,0,none
34.423881,0.566000,-1.405000,1.499000,0.575890,-1.441961,1.770297,0.601791,-1.479740,1.723043,-0.008087,0.016384,-0.033117,0.999284,0.909101,0.038391,0.110393,0.003694,-0.000599,-0.047981,0.273982,0.238877,-6141692771975022.000000,20.515006,5,0,0.000000,1,11.335840,6.193428,0,-1,0,none
34.440464,0.576000,-1.401000,1.499000,0.610109,-1.411558,1.731642,0.640938,-1.466151,1.729057,-0.007934,0.015645,-0.032695,0.999311,0.904806,0.079776,0.118680,0.003734,-0.000646,-0.047996,0.235366,0.247765,7.248997,20.515006,5,0,0.000000,1,0.365827,0.731563,1,-1,0,none
34.457023,0.585000,-1.397000,1.499000,0.608067,-1.414308,1.667826,0.647983,-1.456952,1.726151,-0.008240,0.014074,-0.032825,0.999328,0.889057,0.101143,0.113658,0.003782,-0.000679,-0.045528,0.171272,0.243226,5.037940,20.515006,5,0,0.000000,1,0.364578,0.728467,1,-1,0,none
34.473686,0.595000,-1.394000,1.499000,0.608067,-1.414308,1.667826,0.647983,-1.456952,1.726151,-0.008240,0.014074,-0.032825,0.999328,0.889057,0.101143,0.113658,0.003782,-0.000679,-0.045528,0.170545,0.241595,-1535423525485086.000000,20.515006,5,0,0.000000,1,0.662406,-nan,0,-1,0,none
34.490331,0.607000,-1.389000,1.499000,0.626758,-1.398557,1.617167,0.669674,-1.445016,1.721291,-0.008098,0.012920,-0.032405,0.999358,0.877056,0.125586,0.108754,0.003833,-0.000707,-0.041310,0.120188,0.237654,10.085172,20.515006,5,0,0.000000,1,0.364051,0.726426,1,-1,0,none
34.523537,0.629000,-1.379000,1.498000,0.733291,-1.472848,1.850234,0.703413,-1.445902,1.734495,-0.007722,0.014900,-0.032411,0.999334,0.893523,0.118305,0.119663,0.003814,-0.000707,-0.046003,0.379148,0.256794,15.028038,16.266236,3,0,0.000000,1,0.978607,1.797881,1,-1,2,anchor3:2-3;3-4
34.556825,0.647000,-1.371000,1.498000,0.606852,-1.419892,1.700784,0.713747,-1.438547,1.735454,-0.008503,0.012643,-0.032572,0.999353,0.856928,0.132191,0.114743,0.003926,-0.000704,-0.044458,0.212423,0.255739,3.349167,18.466827,4,0,0.000000,1,0.467844,1.310528,1,5,0,none
34.573456,0.660000,-1.366000,1.498000,0.676925,-1.377389,1.716040,0.716434,-1.428905,1.735048,-0.009588,0.011325,-0.032697,0.999355,0.845229,0.157307,0.113769,0.003967,-0.000748,-0.043692,0.218992,0.251662,-17156093614737972.000000,20.515006,5,0,0.000000,1,0.591125,0.883151,1,-1,0,none
34.590069,0.669000,-1.362000,1.498000,0.695459,-1.379674,1.687759,0.725280,-1.420379,1.733318,-0.010217,0.010502,-0.032540,0.999363,0.837267,0.173634,0.109965,0.003982,-0.000772,-0.042011,0.192408,0.248897,10.248283,20.515006,5,0,0.000000,1,0.366291,0.730359,1,-1,0,none
34.606652,0.678000,-1.357000,1.498000,0.683807,-1.345216,1.744336,0.731956,-1.408876,1.735542,-0.011496,0.009610,-0.032658,0.999354,0.819434,0.198110,0.111281,0.004043,-0.000834,-0.042248,0.246686,0.249056,-203032851374587.875000,20.515006,5,0,0.000000,1,0.706471,1.176867,1,-1,0,none
34.623293,0.690000,-1.351000,1.498000,0.759784,-1.450273,1.882175,0.746929,-1.411034,1.747070,-0.010384,0.009803,-0.032687,0.999364,0.826977,0.188053,0.128698,0.004101,-0.000855,-0.046708,0.402884,0.262451,12.432883,16.266236,3,0,0.000000,1,0.982880,1.805703,1,-1,2,anchor3:2-3;3-4
34.639976,0.699000,-1.347000,1.498000,0.741741,-1.385621,1.698408,0.758362,-1.405375,1.745901,-0.010570,0.009108,-0.032877,0.999362,0.824379,0.197644,0.129008,0.004093,-0.000854,-0.045181,0.208523,0.261508,-2144505676707960.000000,20.515006,5,0,0.000000,1,0.736026,0.780685,1,-1,0,none
34.673156,0.721000,-1.336000,1.498000,0.787158,-1.453004,1.752524,0.785334,-1.405173,1.750367,-0.009464,0.009420,-0.032101,0.999395,0.827906,0.184951,0.132106,0.004086,-0.000810,-0.045262,0.287835,0.269468,5.771842,16.266236,3,0,0.000000,1,0.971178,1.793885,1,-1,2,anchor3:2-3;3-4
34.706479,0.742000,-1.325000,1.498000,0.778237,-1.323404,1.605032,0.808629,-1.389936,1.744700,-0.011472,0.007792,-0.032530,0.999375,0.828701,0.210998,0.121749,0.004049,-0.000833,-0.040728,0.113011,0.263661,3.086958,18.466827,4,0,0.000000,1,0.527600,0.807393,1,2,0,none
34.723069,0.751000,-1.320000,1.498000,0.798195,-1.432185,1.832129,0.819571,-1.391706,1.752144,-0.010691,0.006365,-0.032494,0.999394,0.824918,0.204297,0.129603,0.004113,-0.000817,-0.043221,0.355605,0.272824,4.588255,16.266236,3,0,0.000000,1,0.979387,1.804347,1,-1,2,anchor3:2-3;3-4
34.739687,0.760000,-1.315000,1.498000,0.736636,-1.349791,1.730828,0.822102,-1.384305,1.752633,-0.011481,0.004240,-0.032382,0.999401,0.796219,0.216862,0.126862,0.004190,-0.000834,-0.042590,0.236569,0.271105,-2798019823201344.500000,20.515006,5,0,0.000000,1,0.579434,0.842914,1,-1,0,none
34.756246,0.772000,-1.308000,1.498000,0.774960,-1.347628,1.749627,0.823062,-1.379051,1.753335,-0.012256,0.003398,-0.032191,0.999401,0.780012,0.228275,0.125312,0.004236,-0.000857,-0.042447,0.254745,0.269910,7.871134,18.466827,4,0,0.000000,1,0.463023,1.288599,1,5,0,none
34.806228,0.801000,-1.291000,1.498000,0.797943,-1.289378,1.699795,0.854927,-1.358556,1.755619,-0.013017,0.000981,-0.032964,0.999371,0.769702,0.255649,0.122436,0.004253,-0.000903,-0.040563,0.201824,0.271734,4.346771,20.515006,5,0,0.000000,1,0.368896,0.730000,1,-1,0,none
34.822798,0.811000,-1.286000,1.498000,0.804752,-1.293781,1.639692,0.854326,-1.350062,1.749197,-0.013954,-0.000136,-0.033056,0.999356,0.753993,0.273660,0.112822,0.004220,-0.000908,-0.037415,0.142043,0.262833,4.052306,18.466827,4,0,0.000000,1,0.533745,0.917427,1,7,0,none
34.839404,0.822000,-1.278000,1.497000,0.855386,-1.323749,1.700349,0.865287,-1.343338,1.747975,-0.013988,-0.000524,-0.033067,0.999355,0.750313,0.283424,0.112038,0.004191,-0.000905,-0.036094,0.211088,0.262929,3.242270,18.466827,4,0,0.000000,1,0.526215,0.805936,1,2,0,none
34.856107,0.831000,-1.273000,1.497000,0.818534,-1.359874,1.790959,0.871830,-1.340863,1.752233,-0.013313,-0.001348,-0.032616,0.999378,0.740595,0.280696,0.119703,0.004280,-0.000898,-0.037033,0.306781,0.267238,9.924878,16.266236,3,0,0.000000,1,0.963704,1.786247,1,-1,2,anchor3:2-3;3-4
34.872674,0.839000,-1.267000,1.497000,0.818534,-1.359874,1.790959,0.871830,-1.340863,1.752233,-0.013313,-0.001348,-0.032616,0.999378,0.740595,0.280696,0.119703,0.004280,-0.000898,-0.037033,0.308960,0.267726,-1027846192992759.500000,20.515006,5,0,0.000000,1,0.844791,2.741782,0,-1,0,none
34.972361,0.871000,-1.246000,1.497000,0.866543,-1.275714,1.661412,0.943950,-1.302290,1.758796,-0.014577,-0.005323,-0.032315,0.999357,0.699805,0.316093,0.118116,0.004288,-0.000877,-0.033780,0.167135,0.277539,3.028025,18.466827,4,0,0.000000,1,0.449954,1.262489,1,5,0,none
35.022315,0.924000,-1.208000,1.498000,0.866543,-1.275714,1.661412,0.943950,-1.302290,1.758796,-0.014577,-0.005323,-0.032315,0.999357,0.699805,0.316093,0.118116,0.004288,-0.000877,-0.033780,0.185984,0.278035,-203029627215870.000000,20.515006,5,0,0.000000,1,2.687889,-nan,0,-1,0,none
35.038863,0.934000,-1.200000,1.498000,0.974910,-1.201405,1.555829,0.986788,-1.267214,1.749732,-0.014809,-0.006997,-0.032471,0.999338,0.683973,0.363416,0.099187,0.004071,-0.000877,-0.026988,0.070850,0.265844,2.231128,18.466827,4,0,0.000000,1,0.537270,0.784261,1,2,0,none
35.055497,0.942000,-1.194000,1.498000,0.912269,-1.202253,1.518736,0.984799,-1.252095,1.732806,-0.017569,-0.007602,-0.032223,0.999297,0.644358,0.380275,0.072373,0.003934,-0.000810,-0.020008,0.037175,0.245644,9.063386,20.515006,5,0,0.000000,1,0.368394,0.727966,1,-1,0,none
35.072194,0.953000,-1.185000,1.498000,0.926232,-1.186068,1.620058,0.985745,-1.237479,1.725264,-0.020704,-0.007488,-0.032582,0.999227,0.619314,0.405447,0.060815,0.003902,-0.000814,-0.016721,0.124963,0.235532,7.464643,20.515006,5,0,0.000000,1,0.370527,0.730193,1,-1,0,none
35.088822,0.961000,-1.179000,1.498000,0.956687,-1.202125,1.657525,0.990875,-1.226969,1.721107,-0.022037,-0.007253,-0.032612,0.999199,0.609851,0.424959,0.057684,0.003876,-0.000803,-0.014862,0.161250,0.230152,-513923096496375.000000,20.515006,5,0,0.000000,1,0.469121,0.739160,1,-1,0,none
35.105418,0.969000,-1.172000,1.498000,0.975939,-1.140547,1.566867,0.997328,-1.210432,1.711098,-0.023393,-0.007292,-0.032580,0.999169,0.603216,0.455311,0.046861,0.003725,-0.000800,-0.010750,0.076027,0.218381,-3070837297898491.000000,20.515006,5,0,0.000000,1,0.432952,0.776329,1,-1,0,none
35.205156,1.024000,-1.124000,1.499000,1.044822,-1.101036,1.561717,1.054085,-1.153084,1.702908,-0.029893,-0.003664,-0.033344,0.998990,0.584081,0.525620,0.027079,0.003537,-0.000767,-0.006143,0.069959,0.208157,12.730692,20.515006,5,0,0.000000,1,0.372521,0.730485,1,-1,0,none
35.238405,1.040000,-1.109000,1.499000,1.054015,-1.115883,1.651129,1.070352,-1.132325,1.699414,-0.028742,-0.004671,-0.032706,0.999041,0.575277,0.545981,0.018078,0.003497,-0.000748,-0.004606,0.152928,0.204037,6.033052,18.466827,4,0,0.000000,1,0.434911,1.219200,1,5,0,none
35.271611,1.058000,-1.092000,1.498000,1.050003,-1.098961,1.435198,1.082889,-1.111109,1.678761,-0.027566,-0.006952,-0.033009,0.999051,0.562326,0.567329,-0.003890,0.003198,-0.000531,0.002968,0.063690,0.183464,0.952710,18.466827,4,0,0.000000,1,0.547335,0.768079,1,2,0,none
35.304948,1.074000,-1.077000,1.498000,1.047366,-1.084282,1.530075,1.093526,-1.090540,1.666678,-0.026445,-0.009745,-0.032418,0.999077,0.538105,0.586400,-0.018161,0.003081,-0.000410,0.007108,0.042323,0.170343,-4889655767039994.000000,20.515006,5,0,0.000000,1,0.482865,0.953315,1,-1,0,none
35.321490,1.085000,-1.068000,1.498000,1.137376,-1.061675,1.514760,1.104997,-1.079092,1.655630,-0.026661,-0.010166,-0.032768,0.999056,0.544553,0.597377,-0.031734,0.002730,-0.000275,0.011403,0.055355,0.159280,-6712715250892792.000000,20.515006,5,0,0.000000,1,0.984427,1.127938,1,-1,0,none
35.338118,1.092000,-1.059000,1.498000,1.082424,-1.012002,1.541831,1.103814,-1.069444,1.647296,-0.027615,-0.010874,-0.032517,0.999030,0.537772,0.615583,-0.040834,0.002714,-0.000277,0.014135,0.064975,0.150126,-3965456663184377.500000,20.515006,5,0,0.000000,1,0.540633,1.013261,1,-1,0,none
35.354737,1.102000,-1.048000,1.498000,1.099958,-1.062434,1.538927,1.111005,-1.059550,1.639204,-0.027732,-0.012752,-0.032459,0.999007,0.533376,0.620095,-0.049518,0.002612,-0.000193,0.016659,0.043446,0.141962,-7334494612688891.000000,20.515006,5,0,0.000000,1,0.525478,0.927934,1,-1,0,none
35.371456,1.110000,-1.040000,1.498000,1.095371,-1.021367,1.528905,1.117041,-1.046008,1.631110,-0.028364,-0.014810,-0.031806,0.998982,0.523485,0.636054,-0.056955,0.002468,0.000011,0.019408,0.038940,0.133432,5.327347,20.515006,5,0,0.000000,1,0.373723,0.729765,1,-1,0,none
35.387996,1.119000,-1.033000,1.498000,1.105185,-1.026101,1.583246,1.123805,-1.034751,1.627530,-0.027957,-0.017099,-0.031994,0.998951,0.515172,0.643359,-0.062885,0.002458,0.000001,0.020966,0.086634,0.129630,8.500413,20.515006,5,0,0.000000,1,0.374783,0.730951,1,-1,0,none
35.404588,1.128000,-1.022000,1.499000,1.131718,-1.008166,1.501928,1.130357,-1.024451,1.619062,-0.027519,-0.018489,-0.032463,0.998923,0.507619,0.657472,-0.072675,0.002355,0.000033,0.023685,0.014621,0.120110,1.838340,18.466827,4,0,0.000000,1,0.554944,0.754543,1,2,0,none
35.421219,1.136000,-1.013000,1.499000,1.100345,-0.987397,1.540887,1.134908,-1.011293,1.613081,-0.027143,-0.020443,-0.032519,0.998893,0.492322,0.668786,-0.079625,0.002333,0.000049,0.025197,0.060674,0.114099,4.314360,20.515006,5,0,0.000000,1,0.374300,0.729550,1,-1,0,none
35.437862,1.143000,-1.005000,1.499000,1.164012,-1.049326,1.737254,1.141736,-1.009085,1.619700,-0.026001,-0.020771,-0.032575,0.998915,0.494467,0.664878,-0.069409,0.002413,0.000024,0.022790,0.243252,0.120776,5.680093,16.266236,3,0,0.000000,1,0.959009,1.794723,1,-1,2,anchor3:2-3;3-4
35.454511,1.153000,-0.994000,1.499000,1.143230,-0.963896,1.626947,1.149299,-0.995191,1.618979,-0.025202,-0.021984,-0.032596,0.998909,0.488878,0.674119,-0.068581,0.002429,-0.000013,0.022601,0.131804,0.120042,-101515458438140.000000,20.515006,5,0,0.000000,1,0.871044,1.060178,1,-1,0,none
35.471100,1.160000,-0.985000,1.499000,1.127989,-0.996908,1.532352,1.154448,-0.985452,1.613127,-0.024021,-0.023241,-0.032523,0.998912,0.476904,0.679938,-0.075778,0.002386,0.000042,0.024190,0.047738,0.114263,-2537886460953592.000000,20.515006,5,0,0.000000,1,0.461731,1.182473,1,-1,0,none
35.487698,1.169000,-0.974000,1.499000,1.157574,-0.970543,1.593639,1.161602,-0.974183,1.610896,-0.023174,-0.023904,-0.032630,0.998913,0.465905,0.689099,-0.079110,0.002376,0.000048,0.024517,0.095389,0.112140,-67677832069799.000000,20.515006,5,0,0.000000,1,0.500178,0.951136,1,-1,0,none
35.504360,1.177000,-0.966000,1.499000,1.224944,-1.047391,1.842148,1.173714,-0.970058,1.622242,-0.021759,-0.023731,-0.032556,0.998951,0.464966,0.678520,-0.065547,0.002495,0.000015,0.020474,0.355913,0.123353,4.715105,16.266236,3,0,0.000000,1,0.983502,1.826270,1,-1,2,anchor3:2-3;3-4
35.521101,1.183000,-0.957000,1.499000,1.146896,-0.937997,1.544688,1.178502,-0.957141,1.617079,-0.021619,-0.024358,-0.032405,0.998944,0.452368,0.684731,-0.070974,0.002470,0.000028,0.021774,0.061254,0.118165,4.632848,20.515006,5,0,0.000000,1,0.375734,0.729384,1,-1,0,none
35.537624,1.192000,-0.946000,1.499000,1.192525,-0.936342,1.598197,1.186023,-0.945688,1.615041,-0.021868,-0.024568,-0.032445,0.998932,0.448229,0.687599,-0.073453,0.002454,0.000027,0.022072,0.099667,0.116195,-1833618172109820.500000,20.515006,5,0,0.000000,1,0.618778,1.717596,1,-1,0,none
35.554210,1.200000,-0.938000,1.499000,1.200061,-0.939262,1.512002,1.193530,-0.934978,1.608672,-0.022086,-0.025445,-0.032665,0.998898,0.442071,0.690484,-0.081125,0.002385,0.000064,0.023781,0.013063,0.109904,4.629324,18.466827,4,0,0.000000,1,0.561702,0.742985,1,2,0,none
35.570883,1.208000,-0.926000,1.499000,1.174708,-0.928112,1.593792,1.198598,-0.924135,1.606656,-0.022273,-0.026423,-0.032953,0.998859,0.426238,0.693325,-0.084075,0.002395,0.000071,0.023994,0.100490,0.108082,7.710973,20.515006,5,0,0.000000,1,0.377222,0.730480,1,-1,0,none
35.587534,1.215000,-0.917000,1.499000,1.211234,-0.931216,1.545977,1.205861,-0.914072,1.602354,-0.022441,-0.026824,-0.033428,0.998829,0.417483,0.697012,-0.087910,0.002355,0.000101,0.024969,0.049225,0.103799,1.855161,18.466827,4,0,0.000000,1,0.562316,0.742009,1,2,0,none
35.604132,1.221000,-0.908000,1.499000,1.191195,-0.890706,1.573879,1.211078,-0.901646,1.599562,-0.022629,-0.027255,-0.033569,0.998808,0.407662,0.704693,-0.086992,0.002356,0.000099,0.025378,0.082428,0.101250,-767708437832697.750000,20.515006,5,0,0.000000,1,0.483801,1.130321,1,-1,0,none
35.620713,1.229000,-0.897000,1.499000,1.155026,-0.910224,1.539345,1.212836,-0.891882,1.595327,-0.021911,-0.027736,-0.033394,0.998817,0.389710,0.707314,-0.089722,0.002364,0.000127,0.026281,0.085292,0.097808,1.758097,18.466827,4,0,0.000000,1,0.417479,1.171068,1,5,0,none
35.637414,1.235000,-0.888000,1.499000,1.213438,-0.873360,1.618901,1.218635,-0.880021,1.595066,-0.021533,-0.027309,-0.033326,0.998839,0.379540,0.711653,-0.089899,0.002383,0.000117,0.025887,0.122700,0.097776,1.557822,20.515006,5,0,0.000000,1,0.378878,0.730360,1,-1,0,none
35.653984,1.241000,-0.880000,1.499000,1.279895,-0.935561,1.719640,1.228761,-0.873464,1.599712,-0.020545,-0.026612,-0.033344,0.998878,0.379907,0.706178,-0.081403,0.002413,0.000135,0.024053,0.230829,0.101664,5.217588,16.266236,3,0,0.000000,1,0.957079,1.791889,1,-1,2,anchor3:2-3;3-4
35.670626,1.249000,-0.869000,1.499000,1.176975,-0.882209,1.506801,1.230727,-0.863160,1.594081,-0.019938,-0.027124,-0.033633,0.998867,0.365639,0.710246,-0.082835,0.002401,0.000158,0.025411,0.073640,0.096996,1.465790,20.515006,5,0,0.000000,1,0.376214,0.728014,1,-1,0,none
35.687281,1.255000,-0.860000,1.499000,1.260747,-0.809233,1.581007,1.238474,-0.848279,1.592162,-0.019455,-0.026528,-0.033549,0.998896,0.363533,0.723957,-0.080570,0.002383,0.000135,0.025567,0.096620,0.095340,3.460532,18.466827,4,0,0.000000,1,0.405041,0.829796,1,4,0,none
35.703774,1.261000,-0.851000,1.499000,1.308882,-0.940969,1.738012,1.248864,-0.844297,1.597833,-0.017531,-0.025417,-0.033236,0.998970,0.366208,0.712396,-0.072041,0.002410,0.000178,0.023528,0.259834,0.099800,5.972447,16.266236,3,0,0.000000,1,0.965746,1.803734,1,-1,2,anchor3:2-3;3-4
35.720504,1.266000,-0.841000,1.499000,1.261542,-0.812410,1.515085,1.255150,-0.831226,1.592902,-0.017169,-0.025419,-0.033646,0.998963,0.359123,0.717627,-0.079103,0.002376,0.000170,0.024698,0.033106,0.095031,2.591374,18.466827,4,0,0.000000,1,0.573260,0.723884,1,2,0,none
35.737080,1.274000,-0.830000,1.499000,1.255624,-0.802154,1.533748,1.260550,-0.818193,1.588971,-0.017174,-0.025526,-0.033748,0.998957,0.352240,0.727130,-0.081087,0.002358,0.000163,0.025512,0.048171,0.091733,5.627666,18.466827,4,0,0.000000,1,0.413348,0.679660,1,0,0,none
35.753719,1.279000,-0.821000,1.499000,1.255624,-0.802154,1.533748,1.260550,-0.818193,1.588971,-0.017174,-0.025526,-0.033748,0.998957,0.352240,0.727130,-0.081087,0.002358,0.000163,0.025512,0.045924,0.091886,-2487126474825725.000000,20.515006,5,0,0.000000,1,0.498441,2.322950,0,-1,0,none
35.770282,1.285000,-0.813000,1.499000,1.259667,-0.829180,1.551109,1.270904,-0.796986,1.584727,-0.017612,-0.026635,-0.033885,0.998916,0.340839,0.731777,-0.084389,0.002351,0.000182,0.026050,0.060157,0.088342,2.112222,18.466827,4,0,0.000000,1,0.404341,0.830631,1,4,0,none
35.786931,1.292000,-0.800000,1.499000,1.281661,-0.771966,1.522347,1.276680,-0.784120,1.580288,-0.018244,-0.027668,-0.034214,0.998865,0.331688,0.741341,-0.092543,0.002344,0.000161,0.026742,0.037920,0.084230,2.329242,20.515006,5,0,0.000000,1,0.459292,0.731388,1,-1,0,none
35.803615,1.297000,-0.791000,1.499000,1.308963,-0.882945,1.728284,1.284079,-0.780290,1.585757,-0.017378,-0.027976,-0.034145,0.998874,0.323722,0.728975,-0.087794,0.002375,0.000223,0.024696,0.247322,0.088365,4.274381,16.266236,3,0,0.000000,1,0.954061,1.785739,1,-1,2,anchor3:2-3;3-4
35.820230,1.304000,-0.780000,1.499000,1.293515,-0.784399,1.566880,1.288734,-0.771401,1.583782,-0.017757,-0.027982,-0.034011,0.998872,0.315192,0.733193,-0.089596,0.002368,0.000228,0.024959,0.068826,0.086574,-12283377564160012.000000,20.515006,5,0,0.000000,1,0.528012,0.985476,1,-1,0,none
35.836802,1.309000,-0.771000,1.499000,1.293515,-0.784399,1.566880,1.288734,-0.771401,1.583782,-0.017757,-0.027982,-0.034011,0.998872,0.315192,0.733193,-0.089596,0.002368,0.000228,0.024959,0.070901,0.087172,-7930897205577727.000000,20.515006,5,0,0.000000,1,1.386116,1.423021,0,-1,0,none
35.853463,1.315000,-0.760000,1.498000,1.390736,-0.867815,1.726015,1.306014,-0.756735,1.587899,-0.018111,-0.027218,-0.033894,0.998891,0.320700,0.723541,-0.076942,0.002359,0.000303,0.023013,0.263345,0.090406,4.059782,16.266236,3,0,0.000000,1,0.966238,1.802803,1,-1,2,anchor3:2-3;3-4
35.870117,1.320000,-0.751000,1.498000,1.338137,-0.809590,1.700553,1.313272,-0.749946,1.592005,-0.017954,-0.026930,-0.034270,0.998888,0.315777,0.718928,-0.072835,0.002367,0.000354,0.021450,0.211635,0.094251,5.538619,16.266236,3,0,0.000000,1,0.942991,1.768540,1,-1,2,anchor3:2-3;3-4
35.886823,1.324000,-0.742000,1.499000,1.338137,-0.809590,1.700553,1.313272,-0.749946,1.592005,-0.017954,-0.026930,-0.034270,0.998888,0.315777,0.718928,-0.072835,0.002367,0.000354,0.021450,0.213053,0.093958,-812123667505150.125000,20.515006,5,0,0.000000,1,1.746073,0.655340,0,-1,0,none
35.903327,1.331000,-0.730000,1.498000,1.338137,-0.809590,1.700553,1.313272,-0.749946,1.592005,-0.017954,-0.026930,-0.034270,0.998888,0.315777,0.718928,-0.072835,0.002367,0.000354,0.021450,0.217745,0.097719,-48778147794880528.000000,20.515006,5,0,0.000000,1,0.759839,6.557489,0,-1,0,none
35.919949,1.335000,-0.721000,1.498000,1.342376,-0.730769,1.559839,1.329325,-0.715638,1.586954,-0.017744,-0.026854,-0.034647,0.998881,0.292123,0.730775,-0.074918,0.002359,0.000351,0.021908,0.063039,0.089296,0.467361,18.466827,4,0,0.000000,1,0.593867,1.132249,1,3,0,none
35.936568,1.341000,-0.709000,1.498000,1.316104,-0.697252,1.482921,1.332369,-0.703217,1.580670,-0.018063,-0.026181,-0.034424,0.998901,0.280299,0.736309,-0.081106,0.002358,0.000316,0.023424,0.031388,0.083321,4.465688,20.515006,5,0,0.000000,1,0.459231,0.729177,1,-1,0,none
35.953210,1.345000,-0.700000,1.498000,1.312666,-0.707130,1.491310,1.334801,-0.692433,1.575046,-0.018001,-0.026100,-0.034569,0.998899,0.268007,0.737449,-0.086364,0.002361,0.000294,0.024711,0.033780,0.078085,-57102324465662.375000,20.515006,5,0,0.000000,1,0.468588,0.677929,1,-1,0,none
35.969845,1.349000,-0.691000,1.498000,1.325823,-0.667843,1.537916,1.338033,-0.679163,1.571891,-0.017623,-0.025793,-0.034816,0.998905,0.256236,0.745559,-0.086138,0.002364,0.000277,0.025209,0.051640,0.075632,8.909076,20.515006,5,0,0.000000,1,0.459669,0.730384,1,-1,0,none
35.986454,1.354000,-0.679000,1.498000,1.342254,-0.657941,1.444271,1.341961,-0.666568,1.564526,-0.017147,-0.025661,-0.034691,0.998921,0.253733,0.749132,-0.090265,0.002355,0.000232,0.027000,0.058892,0.068740,1.877194,20.515006,5,0,0.000000,1,0.459194,0.727508,1,-1,0,none
36.003089,1.358000,-0.670000,1.498000,1.318242,-0.670114,1.448184,1.343721,-0.655706,1.557642,-0.016528,-0.025480,-0.034644,0.998938,0.244020,0.748220,-0.096141,0.002360,0.000203,0.028597,0.063737,0.062972,-6141681688936441.000000,20.515006,5,0,0.000000,1,0.642894,1.450184,1,-1,0,none
36.019706,1.362000,-0.660000,1.498000,1.361038,-0.712315,1.604506,1.348662,-0.648897,1.558389,-0.016159,-0.024996,-0.034788,0.998951,0.235689,0.737672,-0.095637,0.002357,0.000251,0.027983,0.118664,0.062833,6.486004,16.266236,3,0,0.000000,1,0.919041,1.734341,1,-1,2,anchor3:2-3;3-4
36.036324,1.366000,-0.651000,1.498000,1.346531,-0.606023,1.437079,1.351935,-0.634360,1.551226,-0.016938,-0.024922,-0.034728,0.998942,0.228975,0.743135,-0.102489,0.002355,0.000193,0.029592,0.078188,0.057513,1.234579,20.515006,5,0,0.000000,1,0.459208,0.726018,1,-1,0,none
36.052956,1.371000,-0.639000,1.499000,1.373232,-0.649395,1.355749,1.356605,-0.624618,1.540700,-0.017199,-0.025258,-0.034726,0.998930,0.226184,0.739588,-0.114259,0.002390,0.000158,0.032235,0.143645,0.046400,5.328879,18.466827,4,0,0.000000,1,0.590749,0.693414,1,2,0,none
36.069523,1.374000,-0.630000,1.498000,1.374148,-0.602775,1.396580,1.361086,-0.612010,1.532387,-0.017727,-0.026034,-0.034820,0.998897,0.223471,0.743165,-0.122632,0.002381,0.000099,0.034095,0.105010,0.040901,3.844660,20.515006,5,0,0.000000,1,0.459224,0.725260,1,-1,0,none
36.086216,1.379000,-0.617000,1.498000,1.367949,-0.607829,1.496109,1.364854,-0.600522,1.528839,-0.018024,-0.026684,-0.034950,0.998870,0.215799,0.744235,-0.126478,0.002380,0.000091,0.034551,0.014485,0.037718,-16919243073022.000000,20.515006,5,0,0.000000,1,0.395468,0.732889,1,-1,0,none
36.102819,1.383000,-0.608000,1.499000,1.404653,-0.564213,1.528124,1.370936,-0.586558,1.526826,-0.018528,-0.026374,-0.034588,0.998882,0.210312,0.751322,-0.128555,0.002359,0.000078,0.034544,0.056871,0.037143,2.400670,18.466827,4,0,0.000000,1,0.420917,0.686770,1,0,0,none
36.119440,1.385000,-0.599000,1.499000,1.374012,-0.587076,1.404431,1.374240,-0.574955,1.519299,-0.019340,-0.026126,-0.034590,0.998873,0.201460,0.750535,-0.134655,0.002366,0.000041,0.036091,0.095949,0.033256,-4580889656444926.000000,20.515006,5,0,0.000000,1,0.456465,1.499108,1,-1,0,none
36.136062,1.390000,-0.586000,1.499000,1.384461,-0.600024,1.456391,1.377851,-0.565655,1.514513,-0.020062,-0.025518,-0.035040,0.998859,0.198192,0.748786,-0.134388,0.002365,0.000039,0.036887,0.045198,0.028322,-105745940906663.625000,20.515006,5,0,0.000000,1,0.377239,0.780095,1,-1,0,none
36.152678,1.393000,-0.577000,1.499000,1.386920,-0.528430,1.504466,1.381384,-0.551768,1.512007,-0.020784,-0.024525,-0.035139,0.998865,0.190778,0.759881,-0.133410,0.002363,0.000022,0.036977,0.049253,0.030671,-1865348241483260.750000,20.515006,5,0,0.000000,1,0.483244,0.657288,1,-1,0,none
36.169306,1.396000,-0.568000,1.499000,1.442702,-0.671998,1.697303,1.388673,-0.548755,1.518176,-0.019981,-0.023505,-0.035189,0.998904,0.194541,0.741685,-0.124578,0.002313,0.000166,0.034755,0.228737,0.028138,4.982389,16.266236,3,0,0.000000,1,0.938063,1.754670,1,-1,2,anchor3:2-3;3-4
36.188037,1.400000,-0.556000,1.499000,1.382299,-0.522176,1.377843,1.391388,-0.534061,1.509764,-0.020195,-0.022960,-0.035781,0.998892,0.184296,0.748242,-0.135286,0.002337,0.000097,0.036449,0.127029,0.025911,5.746199,20.515006,5,0,0.000000,1,0.459276,0.722449,1,-1,0,none
36.204663,1.404000,-0.543000,1.499000,1.385238,-0.494460,1.450259,1.393730,-0.519657,1.504983,-0.020116,-0.022711,-0.035728,0.998901,0.179369,0.759734,-0.138806,0.002349,0.000057,0.037132,0.071301,0.026195,2.420366,20.515006,5,0,0.000000,1,0.459693,0.723141,1,-1,0,none
36.221204,1.406000,-0.533000,1.499000,1.401765,-0.473261,1.446196,1.396892,-0.505192,1.500327,-0.019972,-0.022843,-0.035547,0.998907,0.179186,0.770083,-0.139890,0.002355,0.000015,0.037805,0.079843,0.029292,2.462477,18.466827,4,0,0.000000,1,0.420983,0.690191,1,7,0,none
36.237846,1.409000,-0.523000,1.499000,1.477892,-0.593755,1.718628,1.405267,-0.499749,1.507702,-0.018844,-0.022530,-0.035766,0.998928,0.183845,0.760080,-0.130055,0.002281,0.000159,0.035252,0.240809,0.025105,6.247891,16.266236,3,0,0.000000,1,0.933975,1.743066,1,-1,2,anchor3:2-3;3-4
36.254524,1.412000,-0.513000,1.499000,1.330338,-0.395731,1.590816,1.402900,-0.481059,1.509148,-0.019855,-0.023375,-0.036154,0.998875,0.164785,0.772691,-0.129470,0.002297,0.000160,0.034143,0.169855,0.034728,6.950434,16.266236,3,0,0.000000,1,0.561806,0.910342,1,-1,2,anchor5:4-5;5-6
36.271151,1.415000,-0.501000,1.499000,1.455031,-0.543850,1.688287,1.409091,-0.473485,1.514865,-0.019960,-0.023441,-0.036185,0.998871,0.163956,0.767928,-0.120064,0.002247,0.000268,0.032065,0.198162,0.032306,8.526911,16.266236,3,0,0.000000,1,0.917939,1.718394,1,-1,2,anchor3:2-3;3-4
36.287715,1.417000,-0.491000,1.499000,1.352430,-0.452122,1.396084,1.407495,-0.460658,1.507942,-0.020562,-0.024043,-0.036472,0.998834,0.147856,0.776357,-0.125162,0.002291,0.000211,0.033393,0.127563,0.033029,2.715432,20.515006,5,0,0.000000,1,0.459162,0.719948,1,-1,0,none
36.304372,1.420000,-0.478000,1.499000,1.416995,-0.449126,1.472930,1.410260,-0.448189,1.504534,-0.021152,-0.023755,-0.036692,0.998820,0.140596,0.784308,-0.127603,0.002295,0.000196,0.033781,0.039018,0.031847,4.451990,20.515006,5,0,0.000000,1,0.460170,0.722271,1,-1,0,none
36.321099,1.422000,-0.468000,1.499000,1.479573,-0.514956,1.764884,1.415771,-0.447938,1.514615,-0.020853,-0.023115,-0.036670,0.998842,0.147623,0.776444,-0.114457,0.002223,0.000339,0.030910,0.276068,0.026175,3.491254,16.266236,3,0,0.000000,1,0.926708,1.726453,1,-1,2,anchor3:2-3;3-4
36.337655,1.425000,-0.459000,1.499000,1.392916,-0.421403,1.476961,1.392916,-0.421403,1.476961,-0.020853,-0.023115,-0.036670,0.998842,0.000000,0.000000,0.000000,0.002223,0.000339,0.030910,0.054117,0.054117,-9650299121796088.000000,20.515006,5,0,0.000000,1,0.475707,1.211194,1,-1,0,none
36.354233,1.427000,-0.445000,1.498000,1.435962,-0.445830,1.605046,1.435962,-0.445830,1.605046,-0.020853,-0.023115,-0.036670,0.998842,0.000000,0.000000,0.000000,0.002223,0.000339,0.030910,0.107423,0.107423,2.481903,18.466827,4,0,0.000000,1,0.593882,1.084621,1,2,0,none
36.370921,1.430000,-0.436000,1.498000,1.431648,-0.366619,1.448142,1.433779,-0.405762,1.525727,-0.019773,-0.022303,-0.036787,0.998879,-0.003481,0.059974,-0.107417,0.002223,0.000339,0.030910,0.085454,0.041199,-2144511963804798.000000,20.515006,5,0,0.000000,1,0.689428,0.904870,1,-1,0,none
36.387531,1.432000,-0.423000,1.498000,1.428162,-0.383754,1.536486,1.431702,-0.397204,1.528498,-0.015683,-0.020998,-0.036592,0.998987,-0.012626,0.081144,-0.096177,0.002224,0.000335,0.030908,0.055101,0.039946,-228411957796413.500000,20.515006,5,0,0.000000,1,0.571183,1.040922,1,-1,0,none
36.404149,1.434000,-0.412000,1.498000,1.388758,-0.371459,1.513411,1.419725,-0.389406,1.523528,-0.014259,-0.018588,-0.035055,0.999111,-0.057741,0.105926,-0.109435,0.002237,0.000329,0.030911,0.062673,0.036958,3.092110,18.466827,4,0,0.000000,1,0.427498,1.055917,1,4,0,none
36.420782,1.435000,-0.402000,1.498000,1.445647,-0.355880,1.488262,1.445647,-0.355880,1.488262,-0.014259,-0.018588,-0.035055,0.999111,0.000000,0.000000,0.000000,0.002237,0.000329,0.030911,0.048324,0.048324,2.462094,20.515006,5,0,0.000000,1,0.460684,0.718748,1,-1,0,none
36.437335,1.438000,-0.388000,1.498000,1.429625,-0.342654,1.493223,1.429625,-0.342654,1.493223,-0.014259,-0.018588,-0.035055,0.999111,0.000000,0.000000,0.000000,0.002237,0.000329,0.030911,0.046360,0.046360,-9650318768993304.000000,20.515006,5,0,0.000000,1,0.416084,1.199369,1,-1,0,none
36.453998,1.440000,-0.379000,1.498000,1.365378,-0.326923,1.487956,1.397117,-0.334693,1.490556,-0.013100,-0.018559,-0.035543,0.999110,-0.051024,0.011903,-0.004419,0.002237,0.000329,0.030911,0.091549,0.062109,4.220927,18.466827,4,0,0.000000,1,0.426456,1.047767,1,4,0,none
36.470605,1.441000,-0.369000,1.499000,1.401095,-0.331263,1.395513,1.398068,-0.333393,1.457237,-0.012832,-0.021667,-0.035662,0.999047,-0.053458,0.016240,-0.091207,0.002236,0.000328,0.030926,0.117158,0.069679,4.435978,20.515006,5,0,0.000000,1,0.459775,0.715001,1,-1,0,none
36.503812,1.444000,-0.345000,1.499000,1.401095,-0.331263,1.395513,1.398068,-0.333393,1.457237,-0.012832,-0.021667,-0.035662,0.999047,-0.053458,0.016240,-0.091207,0.002236,0.000328,0.030926,0.112868,0.063156,-12194516958966268.000000,20.515006,5,0,0.000000,1,1.809537,1.229397,0,-1,0,none
36.520420,1.447000,-0.331000,1.498000,1.374258,-0.266037,1.403641,1.387974,-0.309836,1.435997,-0.011652,-0.021466,-0.037380,0.999003,-0.103560,0.135649,-0.185259,0.002286,0.000205,0.031012,0.135703,0.088184,5.847244,18.466827,4,0,0.000000,1,0.622429,0.988435,1,6,0,none
36.537148,1.448000,-0.321000,1.499000,1.418774,-0.277939,1.397403,1.395498,-0.300986,1.425153,-0.011624,-0.023138,-0.038401,0.998927,-0.065445,0.176213,-0.233119,0.002263,0.000179,0.031040,0.114150,0.092793,0.893375,18.466827,4,0,0.000000,1,0.618706,0.721193,1,1,0,none
36.553739,1.449000,-0.311000,1.499000,1.452895,-0.271129,1.483011,1.452895,-0.271129,1.483011,-0.011624,-0.023138,-0.038401,0.998927,0.000000,0.000000,0.000000,0.002263,0.000179,0.031040,0.043134,0.043134,2.666819,18.466827,4,0,0.000000,1,0.423321,0.697718,1,7,0,none
36.570400,1.452000,-0.298000,1.499000,1.564181,-0.378112,1.712509,1.509177,-0.325245,1.599159,-0.012321,-0.023523,-0.038638,0.998900,0.070977,-0.071845,0.168578,0.002263,0.000179,0.031040,0.254142,0.118504,3.440563,16.266236,3,0,0.000000,1,0.914177,1.698204,1,-1,2,anchor3:2-3;3-4
36.586923,1.452000,-0.290000,1.498000,1.473925,-0.269759,1.510146,1.497584,-0.306640,1.569897,-0.013030,-0.023436,-0.038543,0.998897,0.027821,-0.014996,0.082941,0.002270,0.000170,0.031054,0.032217,0.086740,10.154337,20.515006,5,0,0.000000,1,0.461277,0.715048,1,-1,0,none
36.603567,1.453000,-0.278000,1.499000,1.447855,-0.260941,1.433457,1.484225,-0.294359,1.533344,-0.014914,-0.023225,-0.038363,0.998883,-0.025703,0.035353,-0.056582,0.002291,0.000154,0.031103,0.067922,0.049216,1.878129,20.515006,5,0,0.000000,1,0.460573,0.712421,1,-1,0,none
36.620264,1.455000,-0.266000,1.499000,1.383530,-0.239106,1.428783,1.459955,-0.280912,1.508320,-0.015059,-0.020098,-0.037696,0.998974,-0.133398,0.099599,-0.165985,0.002357,0.000125,0.031160,0.103739,0.018269,-57102838316161.750000,20.515006,5,0,0.000000,1,0.689568,0.941260,1,-1,0,none
36.636834,1.456000,-0.253000,1.499000,1.478325,-0.323575,1.661529,1.461787,-0.288444,1.538561,-0.012931,-0.016134,-0.037261,0.999092,-0.111959,0.058032,-0.002102,0.002334,0.000163,0.031033,0.178592,0.053431,1.118874,16.266236,3,0,0.000000,1,0.884603,1.654809,1,-1,2,anchor3:2-3;3-4
36.653437,1.457000,-0.243000,1.499000,1.412450,-0.209715,1.327058,1.450959,-0.272461,1.497427,-0.013746,-0.019626,-0.038411,0.998975,-0.167676,0.143553,-0.221862,0.002395,0.000083,0.031247,0.180712,0.030115,-317239636316190.750000,20.515006,5,0,0.000000,1,0.607832,1.512778,1,-1,0,none
36.670110,1.459000,-0.233000,1.499000,1.447784,-0.193648,1.436839,1.448157,-0.256038,1.483542,-0.012290,-0.020483,-0.039807,0.998922,-0.172014,0.222036,-0.279394,0.002405,-0.000017,0.031316,0.074420,0.029787,-4111375341309724.000000,20.515006,5,0,0.000000,1,0.898685,1.666873,1,-1,0,none
36.686766,1.460000,-0.219000,1.499000,1.495901,-0.278362,1.537271,1.454175,-0.256919,1.489165,-0.010999,-0.020795,-0.040561,0.998900,-0.126670,0.195670,-0.223187,0.002322,0.000017,0.031233,0.079230,0.039605,2.040607,18.466827,4,0,0.000000,1,0.593963,1.048316,1,2,0,none
36.719970,1.462000,-0.195000,1.499000,1.411511,-0.171884,1.460943,1.442381,-0.235242,1.477875,-0.009634,-0.021344,-0.040849,0.998891,-0.180250,0.284351,-0.244124,0.002446,-0.000194,0.031281,0.067319,0.049503,2.730064,18.466827,4,0,0.000000,1,0.629689,0.996663,1,6,0,none
36.753262,1.465000,-0.170000,1.499000,1.445954,-0.139344,1.483763,1.438420,-0.207635,1.472812,-0.009137,-0.021465,-0.042150,0.998839,-0.179007,0.378959,-0.226473,0.002433,-0.000529,0.031219,0.039176,0.052997,-406061672544780.500000,20.515006,5,0,0.000000,1,0.425444,0.951415,1,-1,0,none
36.769861,1.466000,-0.161000,1.499000,1.444798,-0.130017,1.535277,1.437310,-0.187642,1.482061,-0.008432,-0.021002,-0.042714,0.998831,-0.173127,0.443766,-0.159004,0.002411,-0.000793,0.030971,0.052206,0.042660,-7309124614513154.000000,20.515006,5,0,0.000000,1,0.430209,1.390078,1,-1,0,none
36.803068,1.467000,-0.136000,1.499000,1.459727,-0.106548,1.499794,1.437502,-0.159417,1.481514,-0.009809,-0.020962,-0.043343,0.998792,-0.148439,0.511166,-0.137503,0.002303,-0.001112,0.030858,0.030347,0.041524,1.259185,18.466827,4,0,0.000000,1,0.407932,0.761541,1,3,0,none
36.819724,1.469000,-0.126000,1.499000,1.484645,-0.121577,1.464185,1.444994,-0.149184,1.477454,-0.010582,-0.020557,-0.044069,0.998761,-0.109166,0.540195,-0.150975,0.002138,-0.001250,0.030925,0.038424,0.039725,-5481826775876187.000000,20.515006,5,0,0.000000,1,0.400732,0.671985,1,-1,0,none
36.852960,1.470000,-0.103000,1.500000,1.407646,-0.095723,1.501108,1.434666,-0.124550,1.477829,-0.010370,-0.021851,-0.043907,0.998743,-0.151817,0.567993,-0.130059,0.002309,-0.001419,0.030760,0.062787,0.046952,-6141688117097616.000000,20.515006,5,0,0.000000,1,0.711111,0.847791,1,-1,0,none
36.869560,1.471000,-0.092000,1.500000,1.416764,-0.074556,1.371733,1.429508,-0.108207,1.457673,-0.012082,-0.021981,-0.043833,0.998724,-0.169465,0.604988,-0.202284,0.002420,-0.001602,0.031284,0.140351,0.061448,1.425932,18.466827,4,0,0.000000,1,0.636400,1.007568,1,6,0,none
36.886188,1.471000,-0.082000,1.500000,1.338520,-0.095650,1.304842,1.412156,-0.097570,1.430126,-0.014715,-0.023801,-0.042420,0.998708,-0.234388,0.620199,-0.294439,0.002862,-0.001547,0.032024,0.236270,0.092669,5.317398,16.266236,3,0,0.000000,1,0.625799,1.193532,1,-1,2,anchor6:5-6;6-7
36.902819,1.472000,-0.068000,1.500000,1.430733,-0.110862,1.576454,1.412885,-0.094177,1.449149,-0.013883,-0.023089,-0.042664,0.998726,-0.222619,0.607846,-0.213146,0.002743,-0.001473,0.031335,0.096878,0.082253,1.170762,18.466827,4,0,0.000000,1,0.594029,1.023298,1,2,0,none
36.919490,1.473000,-0.058000,1.500000,1.457656,-0.028008,1.541870,1.457656,-0.028008,1.541870,-0.013883,-0.023089,-0.042664,0.998726,0.000000,0.000000,0.000000,0.002743,-0.001473,0.031335,0.053741,0.053741,1.714996,18.466827,4,0,0.000000,1,0.407408,0.752547,1,3,0,none
36.936065,1.473000,-0.048000,1.501000,1.441434,-0.047700,1.411652,1.449438,-0.037946,1.476053,-0.014122,-0.023547,-0.042745,0.998709,-0.015392,-0.010777,-0.090196,0.002743,-0.001473,0.031335,0.094760,0.035757,6.338076,20.515006,5,0,0.000000,1,0.460820,0.712011,1,-1,0,none
36.969314,1.474000,-0.025000,1.500000,1.428273,0.000896,1.472806,1.441027,-0.023321,1.473021,-0.011133,-0.022986,-0.043404,0.998731,-0.051272,0.055227,-0.091861,0.002757,-0.001495,0.031334,0.059170,0.042637,-9250597238328608.000000,20.515006,5,0,0.000000,1,0.690719,0.893103,1,-1,0,none
36.985985,1.475000,-0.015000,1.501000,1.399581,-0.089282,1.531490,1.428215,-0.042054,1.489077,-0.013264,-0.021886,-0.042305,0.998777,-0.105880,-0.026915,-0.015417,0.002776,-0.001454,0.031301,0.110161,0.055344,0.699757,16.266236,3,0,0.000000,1,0.611655,1.551898,1,-1,2,anchor2:1-2;2-3
37.002610,1.475000,-0.002000,1.501000,1.399581,-0.089282,1.531490,1.428215,-0.042054,1.489077,-0.013264,-0.021886,-0.042305,0.998777,-0.105880,-0.026915,-0.015417,0.002776,-0.001454,0.031301,0.119314,0.062732,-1535420200573446.000000,20.515006,5,0,0.000000,1,0.842113,-nan,0,-1,0,none
37.019123,1.476000,0.009000,1.501000,1.393027,0.037352,1.497070,1.415760,-0.020437,1.490864,-0.013350,-0.023627,-0.043626,0.998679,-0.162591,0.099185,-0.004440,0.002838,-0.001578,0.031281,0.087771,0.067809,-4229840994767.187500,20.515006,5,0,0.000000,1,0.374204,0.898151,1,-1,0,none
37.035801,1.476000,0.018000,1.501000,1.365452,-0.001963,1.398518,1.401635,-0.014811,1.468511,-0.014430,-0.026523,-0.043633,0.998591,-0.232468,0.121753,-0.127220,0.002911,-0.001598,0.031411,0.152059,0.087534,-22384162817315908.000000,20.515006,5,0,0.000000,1,0.657795,1.060509,1,-1,0,none
37.052427,1.477000,0.031000,1.500000,1.439731,-0.033310,1.638678,1.406833,-0.017239,1.503687,-0.014023,-0.023827,-0.043822,0.998657,-0.186423,0.097355,0.071383,0.002840,-0.001569,0.031152,0.157342,0.085229,2.503325,16.266236,3,0,0.000000,1,0.834407,1.557940,1,-1,2,anchor3:2-3;3-4
37.071137,1.476000,0.041000,1.501000,1.477980,0.040291,1.474343,1.418404,-0.004077,1.498820,-0.016469,-0.022701,-0.044279,0.998625,-0.106687,0.161483,0.037813,0.002717,-0.001681,0.031212,0.026740,0.073171,4.169906,20.515006,5,0,0.000000,1,0.461801,0.717888,1,-1,0,none
37.087781,1.476000,0.055000,1.500000,1.428012,0.064194,1.460541,1.418807,0.011096,1.492080,-0.019263,-0.022285,-0.044589,0.998571,-0.096502,0.232293,-0.004130,0.002711,-0.001812,0.031289,0.062804,0.072535,-2798017284178941.000000,20.515006,5,0,0.000000,1,0.639580,1.009816,1,-1,0,none
37.104365,1.477000,0.065000,1.500000,1.378287,0.073074,1.369481,1.410285,0.025304,1.470126,-0.022288,-0.022827,-0.044016,0.998521,-0.138306,0.297325,-0.120387,0.002820,-0.001930,0.031554,0.163843,0.083181,-1833622968038976.000000,20.515006,5,0,0.000000,1,0.782835,0.906644,1,-1,0,none
37.120999,1.477000,0.079000,1.500000,1.346681,0.083545,1.306972,1.397636,0.039298,1.440773,-0.025159,-0.023743,-0.043168,0.998469,-0.191688,0.353908,-0.259146,0.002998,-0.002043,0.031939,0.232945,0.106690,6.832828,18.466827,4,0,0.000000,1,0.642957,1.026924,1,5,0,none
37.137661,1.477000,0.089000,1.499000,1.372827,0.064177,1.582549,1.390932,0.048219,1.460488,-0.022717,-0.023379,-0.042826,0.998551,-0.214189,0.374153,-0.140287,0.003048,-0.002093,0.031539,0.135826,0.102732,2.498025,16.266236,3,0,0.000000,1,0.609207,1.540149,1,-1,2,anchor2:1-2;2-3
37.154243,1.476000,0.099000,1.499000,1.391986,0.088383,1.446936,1.388063,0.059884,1.456374,-0.022976,-0.024311,-0.042892,0.998520,-0.216935,0.408483,-0.148709,0.003044,-0.002192,0.031570,0.099407,0.105262,2.653322,18.466827,4,0,0.000000,1,0.403713,0.733509,1,2,0,none
37.170845,1.476000,0.113000,1.500000,1.389333,0.039354,1.664452,1.385417,0.061988,1.486151,-0.019744,-0.024442,-0.043250,0.998570,-0.210843,0.385762,0.002831,0.002998,-0.002112,0.030901,0.199948,0.104878,4.909084,16.266236,3,0,0.000000,1,0.609268,1.551311,1,-1,2,anchor2:1-2;2-3
37.187458,1.477000,0.123000,1.499000,1.334096,0.115681,1.221261,1.374723,0.075614,1.447041,-0.023058,-0.027356,-0.042371,0.998461,-0.255888,0.432894,-0.171845,0.003199,-0.002256,0.031799,0.312432,0.124119,0.358793,16.266236,3,0,0.000000,1,0.643300,1.254365,1,-1,2,anchor6:5-6;6-7
37.204164,1.476000,0.136000,1.500000,1.439720,0.134412,1.437908,1.380482,0.090325,1.443360,-0.023452,-0.027858,-0.042745,0.998422,-0.214221,0.475421,-0.173531,0.002971,-0.002461,0.031827,0.071931,0.120074,-228410990545980.750000,20.515006,5,0,0.000000,1,0.436901,1.008560,1,-1,0,none
37.220753,1.476000,0.147000,1.500000,1.417698,0.157142,1.502761,1.382730,0.106462,1.449232,-0.023445,-0.028488,-0.042924,0.998397,-0.190943,0.516961,-0.132426,0.002825,-0.002694,0.031577,0.059242,0.113667,2.466436,20.515006,5,0,0.000000,1,0.461431,0.723012,1,-1,0,none
37.237365,1.476000,0.158000,1.500000,1.436949,0.168097,1.468841,1.387580,0.122022,1.450031,-0.023687,-0.028441,-0.043060,0.998387,-0.165959,0.559564,-0.120544,0.002613,-0.002922,0.031482,0.050968,0.107747,-2055682229895423.500000,20.515006,5,0,0.000000,1,0.526177,1.385020,1,-1,0,none
37.253944,1.475000,0.171000,1.500000,1.359319,0.179341,1.265642,1.382513,0.134512,1.425469,-0.025748,-0.029310,-0.043027,0.998312,-0.184499,0.601935,-0.214115,0.002769,-0.003104,0.032199,0.261486,0.124258,7.588142,18.466827,4,0,0.000000,1,0.648674,1.034361,1,5,0,none
37.270602,1.474000,0.182000,1.500000,1.363820,0.196291,1.323551,1.380348,0.141754,1.413924,-0.027396,-0.029352,-0.042650,0.998283,-0.192983,0.632816,-0.260555,0.002858,-0.003285,0.032505,0.208514,0.133415,2.569127,18.466827,4,0,0.000000,1,0.649240,1.034679,1,5,0,none
37.287236,1.473000,0.191000,1.500000,1.416555,0.241053,1.407412,1.416555,0.241053,1.407412,-0.027396,-0.029352,-0.042650,0.998283,0.000000,0.000000,0.000000,0.002858,-0.003285,0.032505,0.119431,0.119431,-456818595725310.250000,20.515006,5,0,0.000000,1,0.882114,1.196972,1,-1,0,none
37.303880,1.472000,0.205000,1.500000,1.380566,0.147958,1.575094,1.380566,0.147958,1.575094,-0.027396,-0.029352,-0.042650,0.998283,0.000000,0.000000,0.000000,0.002858,-0.003285,0.032505,0.131351,0.131351,2.058334,16.266236,3,0,0.000000,1,0.610437,1.535127,1,-1,2,anchor2:1-2;2-3
37.320458,1.471000,0.216000,1.500000,1.351335,0.183151,1.254375,1.365779,0.165770,1.412967,-0.027566,-0.029273,-0.042803,0.998274,-0.023165,0.030727,-0.224841,0.002858,-0.003285,0.032505,0.275192,0.145496,7.881490,16.266236,3,0,0.000000,1,0.649042,1.270582,1,-1,2,anchor6:5-6;6-7
37.337073,1.470000,0.226000,1.500000,1.384606,0.227825,1.413385,1.372044,0.187741,1.410725,-0.027586,-0.029311,-0.043287,0.998252,-0.015196,0.097520,-0.226011,0.002856,-0.003295,0.032504,0.121645,0.137946,5.631851,18.466827,4,0,0.000000,1,0.401650,0.713918,1,2,0,none
37.353731,1.469000,0.241000,1.500000,1.388884,0.237904,1.410469,1.376444,0.202734,1.407983,-0.026682,-0.029263,-0.043421,0.998272,-0.005224,0.157443,-0.224698,0.002851,-0.003313,0.032503,0.120183,0.136008,-634473227317502.500000,20.515006,5,0,0.000000,1,0.466470,0.809404,1,-1,0,none
37.370411,1.467000,0.251000,1.500000,1.353916,0.229536,1.304224,1.371023,0.211032,1.380670,-0.028613,-0.028626,-0.042510,0.998276,-0.033092,0.190471,-0.332388,0.002869,-0.003328,0.032560,0.227106,0.158267,5.432036,16.266236,3,0,0.000000,1,0.652474,1.282808,1,-1,2,anchor6:5-6;6-7
37.386974,1.465000,0.265000,1.500000,1.315498,0.270720,1.135224,1.358903,0.225738,1.325069,-0.032134,-0.027610,-0.041004,0.998260,-0.093693,0.258890,-0.585024,0.002929,-0.003375,0.032745,0.394265,0.208324,5.585408,16.266236,3,0,0.000000,1,0.654679,1.303049,1,-1,2,anchor6:5-6;6-7
37.403593,1.464000,0.275000,1.500000,1.407046,0.273403,1.452261,1.367134,0.237935,1.343083,-0.026180,-0.028361,-0.042307,0.998359,-0.050680,0.304949,-0.452530,0.002882,-0.003416,0.032629,0.074333,0.188095,-2487130988644350.000000,20.515006,5,0,0.000000,1,0.789289,0.938571,1,-1,0,none
37.420222,1.462000,0.286000,1.499000,1.407046,0.273403,1.452261,1.367134,0.237935,1.343083,-0.026180,-0.028361,-0.042307,0.998359,-0.050680,0.304949,-0.452530,0.002882,-0.003416,0.032629,0.073234,0.188732,-6141681688936451.000000,20.515006,5,0,0.000000,1,13.202609,66.571776,0,-1,0,none
37.436970,1.461000,0.300000,1.499000,1.320222,0.299209,1.230906,1.355970,0.258838,1.307903,-0.025076,-0.028154,-0.040732,0.998459,-0.108434,0.376858,-0.564063,0.002999,-0.003523,0.032824,0.302809,0.221909,5.214694,16.266236,3,0,0.000000,1,0.656415,1.307827,1,-1,2,anchor6:5-6;6-7
37.453517,1.459000,0.310000,1.499000,1.316431,0.261070,1.244243,1.346815,0.264321,1.288041,-0.024284,-0.028013,-0.039979,0.998513,-0.154784,0.379762,-0.621126,0.003085,-0.003512,0.032936,0.296009,0.243261,10.592471,16.266236,3,0,0.000000,1,0.653411,1.297212,1,-1,2,anchor6:5-6;6-7
37.470092,1.457000,0.323000,1.499000,1.378621,0.348244,1.415936,1.350637,0.284574,1.303451,-0.021126,-0.027184,-0.040692,0.998578,-0.122215,0.457445,-0.480800,0.003009,-0.003678,0.032629,0.116962,0.225896,-422983763626662.000000,20.515006,5,0,0.000000,1,0.383344,0.773109,1,-1,0,none
37.486779,1.455000,0.333000,1.499000,1.382269,0.354038,1.510553,1.354781,0.300253,1.333617,-0.015864,-0.026028,-0.041331,0.998680,-0.094279,0.505694,-0.293557,0.002934,-0.003807,0.032199,0.076589,0.196132,3.602203,20.515006,5,0,0.000000,1,0.461523,0.729288,1,-1,0,none
37.536559,1.448000,0.367000,1.500000,1.349572,0.344535,1.333823,1.349554,0.329634,1.322327,-0.014431,-0.025902,-0.040722,0.998730,-0.113003,0.539629,-0.277331,0.002936,-0.003888,0.032127,0.194441,0.206532,1.987920,16.266236,3,0,0.000000,1,0.660751,1.315932,1,-1,2,anchor6:5-6;6-7
37.553200,1.447000,0.377000,1.500000,1.364236,0.363212,1.460057,1.350969,0.342917,1.345351,-0.013254,-0.025749,-0.041258,0.998729,-0.102330,0.560116,-0.150806,0.002846,-0.003983,0.031521,0.092927,0.185203,-38068216310441.500000,20.515006,5,0,0.000000,1,0.614832,1.063262,1,-1,0,none
37.569908,1.444000,0.391000,1.500000,1.378858,0.418989,1.493262,1.354732,0.364237,1.369827,-0.013626,-0.025197,-0.041619,0.998723,-0.080034,0.619820,-0.029717,0.002720,-0.004235,0.030891,0.071220,0.160094,-913642994934783.500000,20.515006,5,0,0.000000,1,0.386174,0.655353,1,-1,0,none
37.586517,1.442000,0.401000,1.500000,1.326489,0.424412,1.395909,1.348629,0.383161,1.373757,-0.014756,-0.027103,-0.041402,0.998666,-0.103315,0.662676,-0.010957,0.002828,-0.004409,0.030766,0.157244,0.158031,0.770855,18.466827,4,0,0.000000,1,0.657211,1.049228,1,5,0,none
37.603073,1.439000,0.411000,1.500000,1.352545,0.409394,1.409814,1.347928,0.396338,1.379276,-0.015531,-0.027066,-0.041417,0.998655,-0.102348,0.674730,0.012001,0.002808,-0.004457,0.030611,0.124942,0.151932,-406065702749181.750000,20.515006,5,0,0.000000,1,0.549879,1.014411,1,-1,0,none
37.653012,1.431000,0.445000,1.500000,1.391115,0.430147,1.472514,1.352352,0.429684,1.397247,-0.014586,-0.025836,-0.041245,0.998708,-0.066396,0.675524,0.076306,0.002470,-0.004477,0.029969,0.050664,0.130301,-4095.363076,20.515006,5,0,0.000000,1,0.485439,0.676815,1,-1,0,none
37.669610,1.428000,0.458000,1.499000,1.314187,0.443164,1.316714,1.344796,0.439160,1.384457,-0.015012,-0.027655,-0.041047,0.998662,-0.096920,0.680292,0.025938,0.002707,-0.004500,0.030475,0.215410,0.142822,3.497309,16.266236,3,0,0.000000,1,0.666089,1.348301,1,-1,2,anchor6:5-6;6-7
37.736094,1.416000,0.499000,1.500000,1.437629,0.485662,1.467583,1.360655,0.484908,1.403110,-0.014568,-0.023565,-0.040718,0.998787,-0.029071,0.692408,0.085304,0.001746,-0.004559,0.029650,0.041190,0.112469,-1833623653172221.500000,20.515006,5,0,0.000000,1,0.489842,0.899477,1,-1,0,none
37.752683,1.412000,0.512000,1.501000,1.419681,0.514239,1.465559,1.372146,0.499541,1.415606,-0.016184,-0.020987,-0.040298,0.998836,0.013749,0.709408,0.116348,0.001256,-0.004724,0.029076,0.036333,0.095056,0.248007,18.466827,4,0,0.000000,1,0.659624,0.822260,1,0,0,none
37.769259,1.409000,0.520000,1.501000,1.393486,0.513562,1.428898,1.376214,0.511376,1.419367,-0.017067,-0.020365,-0.040337,0.998833,0.027407,0.715181,0.121603,0.001101,-0.004753,0.028981,0.074033,0.088392,-422982688905214.750000,20.515006,5,0,0.000000,1,0.478142,1.122091,1,-1,0,none
37.785964,1.405000,0.530000,1.501000,1.362237,0.557534,1.447980,1.374149,0.528958,1.425444,-0.018875,-0.021706,-0.040408,0.998769,0.016386,0.739540,0.130232,0.001195,-0.004965,0.028740,0.073470,0.081619,0.689743,20.515006,5,0,0.000000,1,0.461720,0.732153,1,-1,0,none
37.819177,1.399000,0.549000,1.501000,1.384271,0.549293,1.493888,1.376096,0.552257,1.439470,-0.019917,-0.022088,-0.040593,0.998733,0.009144,0.746803,0.151752,0.001073,-0.004930,0.028107,0.016359,0.065736,4.373768,20.515006,5,0,0.000000,1,0.462231,0.732776,1,-1,0,none
37.835799,1.394000,0.560000,1.501000,1.346971,0.566423,1.491255,1.371382,0.564499,1.448980,-0.020878,-0.023528,-0.040559,0.998682,-0.010173,0.752316,0.171437,0.001240,-0.004918,0.027629,0.048455,0.056903,8.860534,20.515006,5,0,0.000000,1,0.461721,0.732343,1,-1,0,none
37.869187,1.385000,0.582000,1.501000,1.892546,0.619838,1.488485,1.459789,0.594268,1.457064,-0.025593,0.001284,-0.041256,0.998820,0.303429,0.775901,0.166488,-0.002739,-0.005498,0.027353,0.509108,0.087603,2.500736,13.815511,2,0,0.000000,1,0.806053,1.449482,1,3,2,anchor2:1-2;2-3
37.902299,1.376000,0.603000,1.501000,1.327722,0.596311,1.426033,1.445467,0.615737,1.460063,-0.026121,-0.004956,-0.041539,0.998783,0.232850,0.779338,0.161294,-0.001492,-0.005212,0.027810,0.089418,0.081631,1.488360,20.515006,5,0,0.000000,1,0.461289,0.731853,1,-1,0,none
37.952188,1.362000,0.632000,1.501000,1.471421,0.724684,1.227318,1.461158,0.668580,1.431446,-0.031649,-0.000404,-0.040357,0.998684,0.257246,0.850753,0.079839,-0.001215,-0.006019,0.031479,0.308975,0.126524,11.838202,16.266236,3,0,0.000000,1,0.649460,1.496975,1,-1,2,anchor2:1-2;2-3
37.985390,1.352000,0.653000,1.501000,1.477858,0.745606,1.233707,1.472608,0.706420,1.404032,-0.036053,0.000720,-0.040101,0.998545,0.284020,0.902103,0.010316,-0.000899,-0.006520,0.034663,0.309615,0.163715,13.937138,16.266236,3,0,0.000000,1,0.650763,1.496914,1,-1,2,anchor2:1-2;2-3
38.002034,1.347000,0.663000,1.501000,1.456560,0.681365,1.670168,1.471565,0.710469,1.440040,-0.033777,-0.002155,-0.040693,0.998598,0.265381,0.888874,0.082887,-0.001134,-0.006139,0.030814,0.202382,0.146581,5.624841,16.266236,3,0,0.000000,1,0.692372,1.409768,1,-1,2,anchor6:5-6;6-7
38.035318,1.336000,0.684000,1.501000,1.310394,0.705953,1.412466,1.451756,0.733866,1.439298,-0.032030,-0.010425,-0.040705,0.998603,0.177426,0.888990,0.079892,0.000471,-0.005706,0.031346,0.094742,0.140333,3.659020,20.515006,5,0,0.000000,1,0.461586,0.732023,1,-1,0,none
38.068519,1.326000,0.701000,1.501000,1.342181,0.693262,1.450377,1.437761,0.751244,1.443763,-0.027709,-0.014306,-0.040505,0.998693,0.109850,0.866980,0.086161,0.001519,-0.004947,0.031322,0.053707,0.135245,6.173527,18.466827,4,0,0.000000,1,0.391737,0.676683,1,2,0,none
38.101803,1.314000,0.723000,1.500000,1.423151,0.785714,1.205684,1.438220,0.781243,1.416124,-0.026698,-0.014321,-0.040578,0.998717,0.100985,0.887617,0.036414,0.001871,-0.005154,0.035701,0.320108,0.160804,14.726980,16.266236,3,0,0.000000,1,0.648390,1.479624,1,-1,2,anchor2:1-2;2-3
38.118375,1.307000,0.734000,1.500000,1.639279,0.724017,1.459756,1.470082,0.782123,1.421520,-0.023485,-0.005902,-0.039977,0.998907,0.201318,0.858442,0.045352,-0.000008,-0.004656,0.034982,0.334856,0.187271,4.433119,13.815511,2,0,0.000000,1,0.778096,1.372214,1,3,2,anchor2:1-2;2-3
38.151653,1.297000,0.751000,1.500000,1.257022,0.760862,1.436793,1.441819,0.802633,1.424951,-0.019966,-0.014699,-0.040774,0.998861,0.087649,0.841440,0.048687,0.001949,-0.004035,0.034815,0.075437,0.171087,2.820691,18.466827,4,0,0.000000,1,0.387839,0.682851,1,2,0,none
38.168305,1.291000,0.761000,1.500000,1.294222,0.801996,1.473553,1.421155,0.814383,1.431092,-0.019092,-0.020485,-0.041236,0.998757,0.015163,0.838876,0.056110,0.003166,-0.003771,0.034035,0.048893,0.156648,-101517392941053.562500,20.515006,5,0,0.000000,1,0.463258,0.540780,1,-1,0,none
38.184894,1.283000,0.772000,1.500000,1.294222,0.801996,1.473553,1.421155,0.814383,1.431092,-0.019092,-0.020485,-0.041236,0.998757,0.015163,0.838876,0.056110,0.003166,-0.003771,0.034035,0.041535,0.160099,-114206583431149.250000,20.515006,5,0,0.000000,1,0.441848,-nan,0,-1,0,none
38.218143,1.270000,0.793000,1.500000,1.359735,0.797216,1.340786,1.411068,0.846091,1.422374,-0.014527,-0.022952,-0.041375,0.998774,-0.030780,0.822101,0.023419,0.003714,-0.003288,0.035975,0.182809,0.169542,12.016443,18.466827,4,0,0.000000,1,0.665899,0.845418,1,0,0,none
38.234814,1.264000,0.801000,1.500000,1.591967,0.888947,1.635051,1.438827,0.860139,1.445621,-0.016037,-0.014649,-0.041032,0.998922,0.061940,0.845080,0.063659,0.002244,-0.003430,0.031849,0.365425,0.192404,0.197383,13.815511,2,0,0.000000,1,0.939242,1.352893,1,0,2,anchor6:5-6;6-7
38.251400,1.258000,0.809000,1.500000,1.371796,0.927815,1.179173,1.429667,0.870086,1.420316,-0.017984,-0.017358,-0.041342,0.998832,0.030852,0.872954,0.021778,0.002837,-0.004092,0.036387,0.360551,0.198873,9.634586,16.266236,3,0,0.000000,1,0.651713,1.453805,1,-1,2,anchor2:1-2;2-3
38.267989,1.252000,0.818000,1.500000,1.344758,0.873359,1.692921,1.419773,0.882614,1.445505,-0.017645,-0.019280,-0.041437,0.998799,-0.000702,0.867953,0.061289,0.003349,-0.003755,0.031796,0.221105,0.187863,8.823555,16.266236,3,0,0.000000,1,0.701166,1.476737,1,-1,2,anchor6:5-6;6-7
38.284635,1.244000,0.829000,1.499000,1.225518,0.803562,1.439574,1.395902,0.885083,1.445610,-0.014483,-0.025216,-0.041336,0.998722,-0.083444,0.833430,0.061820,0.004486,-0.003107,0.031980,0.067232,0.170500,18.486151,20.515006,5,0,0.000000,1,0.490042,0.868882,1,-1,0,none
38.367758,1.208000,0.876000,1.499000,1.270395,0.856055,1.368078,1.367403,0.937296,1.441713,-0.010762,-0.028726,-0.041217,0.998679,-0.169209,0.793356,0.042985,0.005353,-0.002335,0.034128,0.146395,0.180135,9.896002,16.266236,3,0,0.000000,1,0.613082,0.904474,1,-1,2,anchor1:1-2;0-1
38.384410,1.202000,0.885000,1.499000,1.165800,0.881836,1.450125,1.333116,0.939478,1.440957,-0.007259,-0.036632,-0.041444,0.998443,-0.276608,0.758223,0.029233,0.006824,-0.001673,0.033697,0.060904,0.153389,11.743496,18.466827,4,0,0.000000,1,0.382347,0.690999,1,2,0,none
38.417615,1.186000,0.904000,1.498000,1.318056,1.035355,1.223739,1.321044,0.975213,1.420968,-0.008160,-0.038402,-0.042339,0.998332,-0.305677,0.791230,-0.002565,0.006645,-0.002590,0.039036,0.331530,0.171003,9.475869,16.266236,3,0,0.000000,1,0.648278,1.429643,1,-1,2,anchor2:1-2;2-3
38.434237,1.180000,0.912000,1.499000,1.193079,0.990941,1.266427,1.296951,0.988312,1.405508,-0.006798,-0.043568,-0.042582,0.998119,-0.377312,0.791584,-0.028079,0.007341,-0.002773,0.042558,0.245953,0.168053,14.640560,16.266236,3,0,0.000000,1,0.629121,1.400888,1,-1,2,anchor2:1-2;2-3
38.450943,1.173000,0.921000,1.498000,1.545433,0.911480,1.534571,1.327232,0.986337,1.418024,-0.003809,-0.034226,-0.040935,0.998568,-0.271236,0.753898,-0.008226,0.005799,-0.002176,0.039907,0.374346,0.185615,1.003787,13.815511,2,0,0.000000,1,0.659690,1.294969,1,4,2,anchor1:1-2;0-1
38.467502,1.164000,0.931000,1.498000,1.301539,0.899759,1.271571,1.322047,0.979210,1.406153,-0.000648,-0.035401,-0.040517,0.998551,-0.287993,0.718469,-0.026329,0.005787,-0.001876,0.042954,0.266764,0.189047,14.945074,16.266236,3,0,0.000000,1,0.616529,0.907898,1,-1,2,anchor1:1-2;0-1
38.484103,1.157000,0.939000,1.498000,1.529526,0.897456,1.474033,1.342560,0.979644,1.411869,0.002453,-0.029065,-0.039134,0.998808,-0.215395,0.684683,-0.009580,0.004607,-0.001370,0.041809,0.375601,0.208574,0.343222,13.815511,2,0,0.000000,1,0.657977,1.292740,1,4,2,anchor1:1-2;0-1
38.500694,1.148000,0.950000,1.498000,1.277243,0.910842,1.248866,1.331570,0.981145,1.399245,0.005703,-0.030731,-0.039266,0.998740,-0.246169,0.650600,-0.024937,0.004856,-0.001213,0.045071,0.283381,0.210762,2.130629,13.815511,2,0,0.000000,1,0.623442,1.194847,1,3,2,anchor1:1-2;0-1
38.517410,1.141000,0.955000,1.498000,1.192537,0.977430,1.333524,1.312423,0.989999,1.393576,0.006919,-0.033902,-0.039679,0.998613,-0.304432,0.641214,-0.034378,0.005529,-0.001188,0.046248,0.173814,0.203753,13.732876,16.266236,3,0,0.000000,1,0.613697,0.921627,1,-1,2,anchor1:1-2;0-1
38.534027,1.134000,0.965000,1.498000,1.102361,0.941149,1.261907,1.285081,0.993958,1.382420,0.009178,-0.038868,-0.040536,0.998380,-0.383479,0.618173,-0.055080,0.006480,-0.001016,0.048608,0.239394,0.192413,16.247482,16.266236,3,0,0.000000,1,0.608799,0.915089,1,-1,2,anchor1:1-2;0-1
38.567224,1.117000,0.982000,1.498000,1.194162,0.961832,1.279704,1.262844,1.007564,1.373295,0.010143,-0.041255,-0.040422,0.998279,-0.427869,0.587041,-0.064386,0.006644,-0.000990,0.051015,0.232409,0.193585,14.450009,16.266236,3,0,0.000000,1,0.613450,0.917857,1,-1,2,anchor1:1-2;0-1
38.600518,1.101000,1.000000,1.499000,1.162494,1.019273,1.339234,1.237753,1.025963,1.368000,0.009663,-0.044827,-0.041425,0.998089,-0.485072,0.577601,-0.078722,0.007104,-0.000950,0.051581,0.172273,0.191145,7.482837,16.266236,3,0,0.000000,1,0.613617,0.928076,1,-1,2,anchor1:1-2;0-1
38.650350,1.076000,1.024000,1.499000,1.177845,0.988282,1.245343,1.207210,1.044538,1.354017,0.011035,-0.045920,-0.041015,0.998042,-0.540775,0.534889,-0.097426,0.007134,-0.000818,0.054575,0.275663,0.196616,13.844658,16.266236,3,0,0.000000,1,0.613667,0.920966,1,-1,2,anchor1:1-2;0-1
38.718953,1.041000,1.057000,1.499000,1.149908,1.041630,1.179654,1.164139,1.072670,1.332672,0.012941,-0.047358,-0.041276,0.997941,-0.603197,0.491057,-0.121693,0.006949,-0.001030,0.060044,0.337756,0.207542,11.806654,16.266236,3,0,0.000000,1,0.614260,0.927515,1,-1,2,anchor1:0-1;1-2
38.768803,1.016000,1.079000,1.499000,1.109808,1.056911,1.167570,1.127348,1.088292,1.311737,0.015941,-0.049350,-0.041373,0.997797,-0.657919,0.443872,-0.148620,0.006847,-0.001222,0.065591,0.345158,0.218064,16.084483,16.266236,3,0,0.000000,1,0.612922,0.929878,1,-1,2,anchor1:0-1;1-2
38.802054,0.998000,1.095000,1.499000,1.030414,1.041991,1.428822,1.096728,1.094357,1.318518,0.017978,-0.052866,-0.041989,0.997556,-0.699354,0.408105,-0.140801,0.008072,-0.000140,0.062377,0.093732,0.205721,13.687091,20.515006,5,0,0.000000,1,0.479918,0.865711,1,-1,0,none
38.835338,0.980000,1.110000,1.499000,1.002024,1.091623,1.499293,1.062565,1.106020,1.329374,0.017457,-0.055075,-0.042442,0.997427,-0.757666,0.390319,-0.128554,0.008683,0.000539,0.055374,0.028685,0.188695,18.762115,18.466827,4,1,0.000000,1,0.392512,0.776386,1,2,0,none
38.854057,0.970000,1.119000,1.499000,1.072184,1.108435,1.311360,1.052099,1.112308,1.325844,0.016985,-0.054404,-0.042463,0.997471,-0.763591,0.378110,-0.131826,0.008558,0.000506,0.055982,0.213920,0.191750,13.375739,16.266236,3,0,0.000000,1,0.612182,0.940788,1,-1,2,anchor1:0-1;1-2
38.872777,0.962000,1.125000,1.498000,1.038492,1.070252,1.264668,1.041293,1.109855,1.318954,0.018322,-0.054598,-0.042356,0.997441,-0.776675,0.349202,-0.140839,0.008498,0.000560,0.057792,0.251579,0.196403,8.625238,16.266236,3,0,0.000000,1,0.609772,0.934357,1,-1,2,anchor1:0-1;1-2
38.889319,0.954000,1.132000,1.498000,0.944353,1.105407,1.521960,1.029595,1.110529,1.333303,0.017890,-0.056158,-0.043075,0.997332,-0.803638,0.352384,-0.123447,0.009218,0.001206,0.051419,0.037071,0.182485,-9250567858227172.000000,20.515006,5,0,0.000000,1,0.576888,0.857544,1,-1,0,none
38.939217,0.926000,1.155000,1.499000,0.954287,1.108867,1.399037,0.983795,1.124800,1.332752,0.019883,-0.057781,-0.043630,0.997177,-0.861290,0.317877,-0.114624,0.009318,0.001416,0.048940,0.113670,0.178580,13.526781,16.266236,3,0,0.000000,1,0.614911,1.326037,1,-1,2,anchor2:1-2;2-3
39.005695,0.891000,1.182000,1.499000,0.889126,1.205511,1.254363,0.917913,1.154990,1.318659,0.018033,-0.063043,-0.045260,0.996821,-0.935817,0.314764,-0.133534,0.009374,0.001067,0.051615,0.245772,0.184328,5.060547,20.515006,5,0,0.000000,1,0.472791,0.859044,1,-1,0,none
39.055570,0.864000,1.202000,1.499000,0.902680,1.202702,1.293876,0.876029,1.175900,1.310972,0.016661,-0.063344,-0.045886,0.996797,-0.970677,0.310607,-0.134653,0.009252,0.000898,0.052554,0.208740,0.190211,-1624242176364540.000000,20.515006,5,0,0.000000,1,0.451076,0.661890,1,-1,0,none
39.072179,0.856000,1.209000,1.499000,0.910129,1.233714,1.379999,0.868874,1.189971,1.315432,0.015119,-0.061763,-0.046182,0.996907,-0.958691,0.329594,-0.124562,0.009192,0.000877,0.050220,0.133049,0.185000,0.384080,18.466827,4,0,0.000000,1,0.396606,0.750010,1,0,0,none
