timestamp,gt_x,gt_y,gt_z,wls_x,wls_y,wls_z,lc_x,lc_y,lc_z,lc_qx,lc_qy,lc_qz,lc_qw,lc_vx,lc_vy,lc_vz,lc_bias_ax,lc_bias_ay,lc_bias_az,wls_gt_err,lc_gt_err,integ_chi2,integ_threshold,integ_dof,integ_fault,integ_ring_sum,integ_ring_ok,integ_hpl,integ_vpl,integ_available,integ_excluded_idx
0.024380,1.315000,0.033000,0.085000,1.257803,0.010747,0.053737,1.257803,0.010747,0.053737,-0.002768,-0.006919,0.015221,0.999856,0.000000,0.000000,0.000000,0.000000,0.000000,0.000000,0.068877,0.068877,3.818853,20.515006,5,0,0.000000,1,0.368590,0.791139,1,-1
0.041025,1.315000,0.033000,0.085000,1.320861,-0.032309,-0.045157,1.289338,-0.010776,0.004291,-0.002751,-0.006916,0.015223,0.999856,0.001558,0.001211,0.000216,-0.000000,0.000000,0.000000,0.145741,0.095335,2.214622,20.515006,5,0,0.000000,1,0.369230,0.810371,1,-1
0.074240,1.315000,0.033000,0.085000,1.244445,0.020852,-0.078854,1.274426,-0.000169,-0.023425,-0.002662,-0.006823,0.015213,0.999857,0.004356,0.003980,0.000145,0.000000,-0.000000,0.000000,0.178812,0.120425,1.838049,20.515006,5,0,0.000000,1,0.370987,0.809204,1,-1
0.107494,1.315000,0.033000,0.085000,1.305374,-0.048792,-0.002465,1.282313,-0.012195,-0.018176,-0.002715,-0.006849,0.015210,0.999857,0.007345,0.007101,0.000591,-0.000000,0.000000,0.000000,0.120136,0.117287,1.062754,20.515006,5,0,0.000000,1,0.368006,0.805326,1,-1
0.140777,1.315000,0.033000,0.085000,1.260825,-0.011745,0.004979,1.278245,-0.011882,-0.013530,-0.002733,-0.006867,0.015202,0.999857,0.010661,0.010198,0.000689,0.000000,0.000000,-0.000000,0.106491,0.114339,2.905458,20.515006,5,0,0.000000,1,0.368749,0.800096,1,-1
0.173969,1.315000,0.033000,0.085000,1.313176,-0.011046,-0.068341,1.284409,-0.011429,-0.022645,-0.002733,-0.006818,0.015214,0.999857,0.014178,0.012697,0.000942,-0.000000,0.000000,0.000000,0.159552,0.120404,1.471894,20.515006,5,0,0.000000,1,0.370153,0.811785,1,-1
0.190675,1.315000,0.033000,0.085000,1.294508,-0.051628,-0.017369,1.286064,-0.016989,-0.021878,-0.002719,-0.006818,0.015229,0.999857,0.015901,0.014093,0.000994,-0.000000,0.000000,0.000000,0.134392,0.121487,1.910816,20.515006,5,0,0.000000,1,0.368101,0.807591,1,-1
0.207261,1.315000,0.033000,0.085000,1.254456,-0.011107,-0.053789,1.282347,-0.016039,-0.025853,-0.002730,-0.006844,0.015220,0.999857,0.017297,0.015692,0.001224,0.000000,0.000000,0.000000,0.157713,0.125536,3.749722,20.515006,5,0,0.000000,1,0.369707,0.808565,1,-1
0.223835,1.315000,0.033000,0.085000,1.292335,-0.038479,-0.101744,1.283713,-0.018309,-0.034275,-0.002698,-0.006817,0.015226,0.999857,0.018980,0.017071,0.001154,-0.000000,0.000000,0.000000,0.201237,0.133559,1.807646,20.515006,5,0,0.000000,1,0.369839,0.819193,1,-1
0.240471,1.315000,0.033000,0.085000,1.231469,-0.015077,0.049939,1.278755,-0.017726,-0.025828,-0.002701,-0.006875,0.015222,0.999857,0.019916,0.018611,0.001261,0.000000,0.000000,0.000000,0.102558,0.127160,3.801769,20.515006,5,0,0.000000,1,0.367840,0.793621,1,-1
0.290390,1.315000,0.033000,0.085000,1.277743,-0.033317,0.065675,1.279636,-0.018223,-0.017426,-0.002708,-0.006864,0.015217,0.999857,0.024025,0.022986,0.001823,0.000000,0.000000,-0.000000,0.078482,0.119856,2.864448,20.515006,5,0,0.000000,1,0.367258,0.793882,1,-1
0.306936,1.315000,0.033000,0.085000,1.276325,0.014699,0.063071,1.279714,-0.015096,-0.010676,-0.002787,-0.006879,0.015219,0.999857,0.025296,0.024877,0.001777,0.000000,0.000000,-0.000000,0.048079,0.112749,3.285102,20.515006,5,0,0.000000,1,0.368634,0.789794,1,-1
0.323585,1.315000,0.033000,0.085000,1.265652,-0.024916,0.078293,1.278883,-0.015598,-0.003798,-0.002773,-0.006893,0.015216,0.999857,0.026096,0.025959,0.001818,0.000000,0.000000,-0.000001,0.076384,0.107477,2.316032,20.515006,5,0,0.000000,1,0.367247,0.791220,1,-1
0.340277,1.315000,0.033000,0.085000,1.252292,-0.018639,-0.121298,1.278883,-0.015598,-0.003798,-0.002773,-0.006893,0.015216,0.999857,0.026096,0.025959,0.001818,0.000000,0.000000,-0.000001,0.221715,0.107477,3.020463,20.515006,5,0,0.000000,1,0.370636,0.819707,1,-1
0.356902,1.315000,0.033000,0.085000,1.288158,-0.013690,0.002002,1.278883,-0.015598,-0.003798,-0.002773,-0.006893,0.015216,0.999857,0.026096,0.025959,0.001818,0.000000,0.000000,-0.000001,0.098940,0.107477,2.585625,20.515006,5,0,0.000000,1,0.368852,0.801152,1,-1
0.373455,1.315000,0.033000,0.085000,1.265823,-0.029689,0.004631,1.278883,-0.015598,-0.003798,-0.002773,-0.006893,0.015216,0.999857,0.026096,0.025959,0.001818,0.000000,0.000000,-0.000001,0.113170,0.107477,1.670068,20.515006,5,0,0.000000,1,0.368263,0.801892,1,-1
0.390101,1.315000,0.033000,0.085000,1.278139,-0.052775,0.093762,1.278883,-0.015598,-0.003798,-0.002773,-0.006893,0.015216,0.999857,0.026096,0.025959,0.001818,0.000000,0.000000,-0.000001,0.093771,0.107477,5.453930,20.515006,5,0,0.000000,1,0.366266,0.791891,1,-1
0.406737,1.315000,0.033000,0.085000,1.238531,-0.034136,-0.066537,1.278883,-0.015598,-0.003798,-0.002773,-0.006893,0.015216,0.999857,0.026096,0.025959,0.001818,0.000000,0.000000,-0.000001,0.182533,0.107477,4.745711,20.515006,5,0,0.000000,1,0.369233,0.812370,1,-1
0.423409,1.315000,0.033000,0.085000,1.243465,-0.025951,0.096335,1.278883,-0.015598,-0.003798,-0.002773,-0.006893,0.015216,0.999857,0.026096,0.025959,0.001818,0.000000,0.000000,-0.000001,0.093386,0.107477,3.977954,20.515006,5,0,0.000000,1,0.366842,0.788574,1,-1
0.439963,1.315000,0.033000,0.085000,1.297119,-0.005733,-0.075716,1.278883,-0.015598,-0.003798,-0.002773,-0.006893,0.015216,0.999857,0.026096,0.025959,0.001818,0.000000,0.000000,-0.000001,0.166282,0.107477,3.008132,20.515006,5,0,0.000000,1,0.370350,0.812146,1,-1
0.473251,1.315000,0.033000,0.085000,1.285853,-0.022831,0.089471,1.278883,-0.015598,-0.003798,-0.002773,-0.006893,0.015216,0.999857,0.026096,0.025959,0.001818,0.000000,0.000000,-0.000001,0.063140,0.107477,2.783743,20.515006,5,0,0.000000,1,0.367243,0.789842,1,-1
0.489892,1.315000,0.033000,0.085000,1.216069,0.009345,0.041188,1.278883,-0.015598,-0.003798,-0.002773,-0.006893,0.015216,0.999857,0.026096,0.025959,0.001818,0.000000,0.000000,-0.000001,0.110754,0.107477,2.053251,20.515006,5,0,0.000000,1,0.368628,0.792313,1,-1
0.506480,1.315000,0.033000,0.085000,1.272472,0.010920,-0.079686,1.278883,-0.015598,-0.003798,-0.002773,-0.006893,0.015216,0.999857,0.026096,0.025959,0.001818,0.000000,0.000000,-0.000001,0.171516,0.107477,3.993845,20.515006,5,0,0.000000,1,0.370790,0.810765,1,-1
0.523052,1.315000,0.033000,0.085000,1.229741,-0.015541,-0.053017,1.278883,-0.015598,-0.003798,-0.002773,-0.006893,0.015216,0.999857,0.026096,0.025959,0.001818,0.000000,0.000000,-0.000001,0.169334,0.107477,1.364514,20.515006,5,0,0.000000,1,0.369522,0.808429,1,-1
0.539716,1.315000,0.033000,0.085000,1.263797,-0.019096,-0.016327,1.278883,-0.015598,-0.003798,-0.002773,-0.006893,0.015216,0.999857,0.026096,0.025959,0.001818,0.000000,0.000000,-0.000001,0.124912,0.107477,5.215020,20.515006,5,0,0.000000,1,0.368895,0.803911,1,-1
0.572988,1.315000,0.033000,0.085000,1.258498,-0.017879,-0.062374,1.278883,-0.015598,-0.003798,-0.002773,-0.006893,0.015216,0.999857,0.026096,0.025959,0.001818,0.000000,0.000000,-0.000001,0.165832,0.107477,1.449256,20.515006,5,0,0.000000,1,0.369670,0.810568,1,-1
0.589558,1.315000,0.033000,0.085000,1.311918,-0.044506,0.033882,1.278883,-0.015598,-0.003798,-0.002773,-0.006893,0.015216,0.999857,0.026096,0.025959,0.001818,0.000000,0.000000,-0.000001,0.092896,0.107477,3.546283,20.515006,5,0,0.000000,1,0.367611,0.799835,1,-1
0.622845,1.315000,0.033000,0.085000,1.275580,-0.084474,-0.020672,1.278883,-0.015598,-0.003798,-0.002773,-0.006893,0.015216,0.999857,0.026096,0.025959,0.001818,0.000000,0.000000,-0.000001,0.162852,0.107477,4.609817,20.515006,5,0,0.000000,1,0.367088,0.810804,1,-1
0.639456,1.315000,0.033000,0.085000,1.253479,0.010827,-0.058112,1.278883,-0.015598,-0.003798,-0.002773,-0.006893,0.015216,0.999857,0.026096,0.025959,0.001818,0.000000,0.000000,-0.000001,0.157345,0.107477,1.243147,20.515006,5,0,0.000000,1,0.370383,0.807148,1,-1
0.656074,1.315000,0.033000,0.085000,1.298347,-0.039106,0.107843,1.278883,-0.015598,-0.003798,-0.002773,-0.006893,0.015216,0.999857,0.026096,0.025959,0.001818,0.000000,0.000000,-0.000001,0.077450,0.107477,7.898193,20.515006,5,0,0.000000,1,0.366581,0.789085,1,-1
0.672704,1.315000,0.033000,0.085000,1.261694,-0.006574,0.006677,1.278883,-0.015598,-0.003798,-0.002773,-0.006893,0.015216,0.999857,0.026096,0.025959,0.001818,0.000000,0.000000,-0.000001,0.102675,0.107477,2.886159,20.515006,5,0,0.000000,1,0.368869,0.799388,1,-1
0.689322,1.315000,0.033000,0.085000,1.245625,-0.019031,-0.006685,1.278883,-0.015598,-0.003798,-0.002773,-0.006893,0.015216,0.999857,0.026096,0.025959,0.001818,0.000000,0.000000,-0.000001,0.126199,0.107477,1.121606,20.515006,5,0,0.000000,1,0.368684,0.802198,1,-1
0.705951,1.315000,0.033000,0.085000,1.277416,-0.025308,0.045280,1.278883,-0.015598,-0.003798,-0.002773,-0.006893,0.015216,0.999857,0.026096,0.025959,0.001818,0.000000,0.000000,-0.000001,0.079938,0.107477,5.991166,20.515006,5,0,0.000000,1,0.367799,0.795940,1,-1
0.739180,1.315000,0.033000,0.085000,1.281611,-0.018054,-0.036277,1.279910,-0.014957,-0.006075,-0.002778,-0.006889,0.015231,0.999856,0.028922,0.028444,0.001589,0.000000,0.000000,-0.000001,0.135755,0.108747,1.140027,20.515006,5,0,0.000000,1,0.369310,0.807056,1,-1
0.772441,1.315000,0.033000,0.085000,1.274752,-0.065171,-0.030114,1.280486,-0.017505,-0.007635,-0.002667,-0.006913,0.015236,0.999856,0.031747,0.030416,0.001846,0.000000,0.000000,-0.000000,0.156553,0.111010,5.542341,20.515006,5,0,0.000000,1,0.367820,0.810403,1,-1
0.789108,1.315000,0.033000,0.085000,1.258829,-0.004111,-0.038129,1.279582,-0.016154,-0.009521,-0.002708,-0.006964,0.015247,0.999856,0.032741,0.032302,0.001859,0.000000,0.000000,-0.000000,0.140333,0.112271,1.142719,20.515006,5,0,0.000000,1,0.369655,0.805644,1,-1
0.805700,1.315000,0.033000,0.085000,1.248365,-0.024940,0.052111,1.278161,-0.016205,-0.005847,-0.002688,-0.007068,0.015242,0.999855,0.033538,0.033474,0.002056,0.000000,0.000000,-0.000001,0.094228,0.109687,2.604498,20.515006,5,0,0.000000,1,0.367580,0.794504,1,-1
0.838968,1.315000,0.033000,0.085000,1.264459,-0.013093,0.068907,1.278433,-0.014943,-0.001594,-0.002708,-0.007084,0.015233,0.999855,0.036186,0.036196,0.002334,0.000000,0.000000,-0.000001,0.070271,0.105519,2.295395,20.515006,5,0,0.000000,1,0.367721,0.791379,1,-1
0.855627,1.315000,0.033000,0.085000,1.289445,-0.039010,-0.027093,1.279623,-0.015724,-0.002910,-0.002650,-0.007055,0.015223,0.999856,0.038030,0.037070,0.002518,0.000000,0.000000,-0.000001,0.135659,0.106553,3.105246,20.515006,5,0,0.000000,1,0.368599,0.807773,1,-1
0.872210,1.315000,0.033000,0.085000,1.282406,-0.021818,0.015098,1.280380,-0.015456,-0.001959,-0.002624,-0.007030,0.015232,0.999856,0.039563,0.038538,0.002798,0.000000,0.000000,-0.000001,0.094624,0.105397,2.036995,20.515006,5,0,0.000000,1,0.368391,0.799936,1,-1
0.888802,1.315000,0.033000,0.085000,1.227204,-0.032174,-0.010229,1.278253,-0.015725,-0.002314,-0.002591,-0.007151,0.015222,0.999855,0.039534,0.039605,0.002902,0.000001,0.000000,-0.000001,0.144998,0.106528,2.508930,20.515006,5,0,0.000000,1,0.368322,0.803620,1,-1
0.905423,1.315000,0.033000,0.085000,1.268423,0.000285,0.061280,1.278380,-0.014316,0.000654,-0.002628,-0.007167,0.015215,0.999855,0.040300,0.041407,0.003008,0.000001,0.000000,-0.000001,0.061663,0.103413,2.296450,20.515006,5,0,0.000000,1,0.368230,0.791244,1,-1
0.922174,1.315000,0.033000,0.085000,1.259204,-0.032227,0.033630,1.278105,-0.014514,0.002152,-0.002582,-0.007203,0.015205,0.999855,0.041236,0.042335,0.003040,0.000001,0.000000,-0.000002,0.100033,0.102385,1.268535,20.515006,5,0,0.000000,1,0.367704,0.797910,1,-1
0.938714,1.315000,0.033000,0.085000,1.240058,-0.024952,-0.005118,1.277014,-0.014317,0.001893,-0.002551,-0.007311,0.015214,0.999854,0.041471,0.043374,0.003035,0.000001,0.000001,-0.000002,0.130752,0.102901,1.177122,20.515006,5,0,0.000000,1,0.368475,0.802428,1,-1
0.955296,1.315000,0.033000,0.085000,1.251945,0.022593,-0.142449,1.276530,-0.012017,-0.003921,-0.002641,-0.007366,0.015209,0.999854,0.041821,0.045321,0.002624,0.000001,0.000000,-0.000000,0.236257,0.106834,4.811623,20.515006,5,0,0.000000,1,0.372135,0.819208,1,-1
0.971944,1.315000,0.033000,0.085000,1.275639,0.004535,0.005115,1.277143,-0.010599,-0.003526,-0.002689,-0.007388,0.015210,0.999853,0.043163,0.046895,0.002860,0.000001,0.000000,-0.000000,0.093494,0.105692,8.040435,20.515006,5,0,0.000000,1,0.369254,0.798809,1,-1
0.988572,1.315000,0.033000,0.085000,1.261305,-0.050981,0.028422,1.276873,-0.011854,-0.002297,-0.002593,-0.007443,0.015201,0.999853,0.043507,0.046796,0.002957,0.000001,0.000000,-0.000001,0.114617,0.105292,2.998749,20.515006,5,0,0.000000,1,0.367248,0.800403,1,-1
1.005241,1.315000,0.033000,0.085000,1.296830,-0.016402,-0.025821,1.277816,-0.011875,-0.003141,-0.002580,-0.007399,0.015199,0.999854,0.044249,0.047007,0.002886,0.000001,0.000000,-0.000000,0.122686,0.105665,4.592895,20.515006,5,0,0.000000,1,0.369253,0.805605,1,-1
1.021807,1.315000,0.033000,0.085000,1.273470,-0.037712,-0.004800,1.277816,-0.011875,-0.003141,-0.002580,-0.007399,0.015199,0.999854,0.044249,0.047007,0.002886,0.000001,0.000000,-0.000000,0.121611,0.105665,2.075207,20.515006,5,0,0.000000,1,0.368213,0.804121,1,-1
1.038458,1.315000,0.033000,0.085000,1.274450,-0.006102,-0.032785,1.277816,-0.011875,-0.003141,-0.002580,-0.007399,0.015199,0.999854,0.044249,0.047007,0.002886,0.000001,0.000000,-0.000000,0.130562,0.105665,0.967407,20.515006,5,0,0.000000,1,0.369561,0.805302,1,-1
1.055029,1.315000,0.033000,0.085000,1.303985,-0.008842,0.003115,1.277816,-0.011875,-0.003141,-0.002580,-0.007399,0.015199,0.999854,0.044249,0.047007,0.002886,0.000001,0.000000,-0.000000,0.092613,0.105665,3.744238,20.515006,5,0,0.000000,1,0.369047,0.800797,1,-1
1.071705,1.315000,0.033000,0.085000,1.239016,-0.006086,0.032309,1.277816,-0.011875,-0.003141,-0.002580,-0.007399,0.015199,0.999854,0.044249,0.047007,0.002886,0.000001,0.000000,-0.000000,0.100388,0.105665,1.219719,20.515006,5,0,0.000000,1,0.368399,0.795351,1,-1
1.088372,1.315000,0.033000,0.085000,1.269994,-0.034207,0.029120,1.278228,-0.011984,-0.001963,-0.002534,-0.007425,0.015204,0.999854,0.045410,0.047606,0.002873,0.000001,0.000001,-0.000001,0.098310,0.104586,7.184546,20.515006,5,0,0.000000,1,0.367762,0.798898,1,-1
1.104908,1.315000,0.033000,0.085000,1.266633,-0.049822,0.067932,1.278488,-0.012688,0.000457,-0.002450,-0.007456,0.015204,0.999854,0.046527,0.047972,0.003144,0.000001,0.000001,-0.000002,0.097418,0.102801,4.347980,20.515006,5,0,0.000000,1,0.366687,0.794916,1,-1
1.121522,1.315000,0.033000,0.085000,1.266126,-0.007382,-0.118641,1.278760,-0.011739,-0.003418,-0.002457,-0.007475,0.015209,0.999853,0.047526,0.049179,0.002947,0.000001,0.000001,-0.000000,0.213281,0.105512,1.790473,20.515006,5,0,0.000000,1,0.370929,0.818477,1,-1
1.138196,1.315000,0.033000,0.085000,1.291835,-0.006983,0.035785,1.279992,-0.010787,-0.002115,-0.002473,-0.007450,0.015210,0.999854,0.049241,0.050273,0.003268,0.000001,0.000001,-0.000001,0.067508,0.103595,2.807986,20.515006,5,0,0.000000,1,0.368533,0.795797,1,-1
1.154809,1.315000,0.033000,0.085000,1.212048,-0.010493,-0.036281,1.278361,-0.009966,-0.003126,-0.002471,-0.007583,0.015205,0.999853,0.048545,0.051632,0.003032,0.000002,0.000001,-0.000000,0.164924,0.104664,1.386036,20.515006,5,0,0.000000,1,0.369359,0.805150,1,-1
1.188001,1.315000,0.033000,0.085000,1.251815,-0.028520,-0.056783,1.278974,-0.008965,-0.004660,-0.002439,-0.007686,0.015204,0.999852,0.050368,0.053717,0.002752,0.000002,0.000001,0.000001,0.166971,0.105346,2.221269,20.515006,5,0,0.000000,1,0.369258,0.810598,1,-1
1.204683,1.315000,0.033000,0.085000,1.288507,-0.026151,-0.035238,1.280109,-0.008721,-0.005518,-0.002406,-0.007660,0.015210,0.999852,0.051839,0.054260,0.002911,0.000002,0.000001,0.000001,0.136594,0.105601,1.844355,20.515006,5,0,0.000000,1,0.369092,0.807771,1,-1
1.221350,1.315000,0.033000,0.085000,1.236542,-0.012545,-0.001997,1.279426,-0.007983,-0.005365,-0.002397,-0.007765,0.015203,0.999851,0.051629,0.055449,0.003447,0.000002,0.000001,0.000001,0.125692,0.105409,3.585074,20.515006,5,0,0.000000,1,0.368768,0.800766,1,-1
1.237928,1.315000,0.033000,0.085000,1.270200,-0.019905,0.011336,1.279897,-0.007547,-0.004843,-0.002385,-0.007798,0.015203,0.999851,0.052540,0.056231,0.003618,0.000002,0.000001,0.000001,0.101155,0.104633,3.207387,20.515006,5,0,0.000000,1,0.368452,0.800098,1,-1
1.271151,1.315000,0.033000,0.085000,1.289562,-0.014178,0.032015,1.281931,-0.005966,-0.003714,-0.002373,-0.007786,0.015201,0.999851,0.055150,0.058188,0.003733,0.000002,0.000001,0.000000,0.075368,0.102382,1.685324,20.515006,5,0,0.000000,1,0.368378,0.796954,1,-1
1.287847,1.315000,0.033000,0.085000,1.323365,-0.023131,0.047408,1.284232,-0.005629,-0.002278,-0.002335,-0.007719,0.015201,0.999852,0.057554,0.058841,0.004122,0.000002,0.000001,-0.000001,0.068072,0.100281,3.605800,20.515006,5,0,0.000000,1,0.368093,0.796154,1,-1
1.304471,1.315000,0.033000,0.085000,1.215510,0.017247,-0.061517,1.282825,-0.003902,-0.003769,-0.002394,-0.007857,0.015205,0.999851,0.056318,0.061000,0.003955,0.000003,0.000001,0.000000,0.177802,0.101375,1.462289,20.515006,5,0,0.000000,1,0.370564,0.806384,1,-1
1.321015,1.315000,0.033000,0.085000,1.275265,-0.021190,0.085842,1.283438,-0.003545,-0.001401,-0.002373,-0.007875,0.015201,0.999851,0.057165,0.061519,0.004405,0.000003,0.000001,-0.000002,0.067202,0.098979,3.221423,20.515006,5,0,0.000000,1,0.367286,0.790015,1,-1
1.337650,1.315000,0.033000,0.085000,1.267681,0.008083,-0.030380,1.283809,-0.002194,-0.002063,-0.002399,-0.007950,0.015183,0.999850,0.057497,0.063302,0.004168,0.000003,0.000001,-0.000001,0.127171,0.098952,0.891817,20.515006,5,0,0.000000,1,0.369890,0.803508,1,-1
1.354319,1.315000,0.033000,0.085000,1.256601,-0.049290,0.023412,1.283829,-0.002736,-0.001367,-0.002304,-0.007989,0.015185,0.999850,0.057703,0.062782,0.004126,0.000003,0.000002,-0.000002,0.118217,0.098529,3.092816,20.515006,5,0,0.000000,1,0.367359,0.800878,1,-1
1.370958,1.315000,0.033000,0.085000,1.255857,-0.004451,0.005353,1.283844,-0.001784,-0.001139,-0.002303,-0.008070,0.015173,0.999850,0.057624,0.064053,0.004136,0.000003,0.000002,-0.000002,0.106038,0.097983,3.582159,20.515006,5,0,0.000000,1,0.368930,0.799284,1,-1
1.404183,1.315000,0.033000,0.085000,1.266489,-0.008121,-0.008349,1.285109,0.000061,-0.001176,-0.002273,-0.008110,0.015170,0.999849,0.059106,0.066530,0.004453,0.000004,0.000002,-0.000002,0.112952,0.096978,3.482158,20.515006,5,0,0.000000,1,0.369084,0.801774,1,-1
1.420789,1.315000,0.033000,0.085000,1.272043,-0.056672,0.020211,1.285605,-0.000768,-0.000599,-0.002163,-0.008144,0.015164,0.999850,0.059478,0.065730,0.004823,0.000004,0.000002,-0.000002,0.118676,0.096600,7.320730,20.515006,5,0,0.000000,1,0.367255,0.802261,1,-1
1.437455,1.315000,0.033000,0.085000,1.243785,-0.063457,-0.085693,1.285185,-0.001768,-0.002482,-0.002041,-0.008266,0.015167,0.999849,0.058914,0.064780,0.004287,0.000004,0.000003,0.000000,0.208594,0.098746,0.307885,20.515006,5,0,0.000000,1,0.368708,0.818153,1,-1
1.454097,1.315000,0.033000,0.085000,1.296160,-0.013464,0.007178,1.286496,-0.001097,-0.002195,-0.002007,-0.008231,0.015166,0.999849,0.060333,0.065736,0.004147,0.000004,0.000003,0.000000,0.092575,0.097867,2.536032,20.515006,5,0,0.000000,1,0.368815,0.800516,1,-1
1.470660,1.315000,0.033000,0.085000,1.291734,-0.011538,-0.024949,1.287594,-0.000422,-0.002639,-0.002002,-0.008219,0.015164,0.999849,0.061600,0.066289,0.003907,0.000004,0.000003,0.000001,0.120887,0.097718,2.724044,20.515006,5,0,0.000000,1,0.369353,0.804940,1,-1
1.487263,1.315000,0.033000,0.085000,1.263199,-0.040398,0.037674,1.287778,-0.000662,-0.001689,-0.001921,-0.008286,0.015152,0.999849,0.061643,0.065909,0.004548,0.000004,0.000004,-0.000001,0.101539,0.096897,3.299661,20.515006,5,0,0.000000,1,0.367419,0.798162,1,-1
1.503930,1.315000,0.033000,0.085000,1.293562,-0.018003,0.061974,1.288945,-0.000162,-0.000239,-0.001875,-0.008273,0.015151,0.999849,0.062976,0.066556,0.004811,0.000004,0.000004,-0.000003,0.059926,0.095101,6.616729,20.515006,5,0,0.000000,1,0.367836,0.793222,1,-1
1.520532,1.315000,0.033000,0.085000,1.235976,-0.005567,-0.022045,1.288285,0.000742,-0.000624,-0.001862,-0.008367,0.015143,0.999849,0.061909,0.067671,0.004823,0.000005,0.000004,-0.000002,0.138532,0.095319,2.337838,20.515006,5,0,0.000000,1,0.369293,0.803015,1,-1
1.537161,1.315000,0.033000,0.085000,1.299730,-0.026075,0.077194,1.289595,0.000939,0.001087,-0.001810,-0.008344,0.015141,0.999849,0.063406,0.067836,0.005504,0.000005,0.000004,-0.000005,0.061514,0.093353,3.783539,20.515006,5,0,0.000000,1,0.367416,0.791991,1,-1
1.553724,1.315000,0.033000,0.085000,1.277422,-0.049094,-0.007052,1.290205,0.000442,0.001010,-0.001715,-0.008376,0.015133,0.999849,0.063827,0.067192,0.005905,0.000005,0.000005,-0.000005,0.128938,0.093430,4.565929,20.515006,5,0,0.000000,1,0.367934,0.805567,1,-1
1.570392,1.315000,0.033000,0.085000,1.234133,0.016299,-0.119394,1.289482,0.002001,-0.001353,-0.001757,-0.008488,0.015141,0.999848,0.062638,0.068749,0.005398,0.000006,0.000005,0.000000,0.220443,0.095231,3.375225,20.515006,5,0,0.000000,1,0.371552,0.815771,1,-1
1.587026,1.315000,0.033000,0.085000,1.281529,-0.020139,0.016048,1.290240,0.002420,-0.000914,-0.001723,-0.008496,0.015140,0.999848,0.063203,0.068897,0.005580,0.000006,0.000005,-0.000001,0.093266,0.094495,5.564767,20.515006,5,0,0.000000,1,0.368420,0.799632,1,-1
1.603660,1.315000,0.033000,0.085000,1.257865,-0.030655,-0.078406,1.290217,0.002465,-0.002370,-0.001673,-0.008553,0.015146,0.999847,0.062754,0.068784,0.005161,0.000006,0.000005,0.000003,0.184440,0.095812,0.666098,20.515006,5,0,0.000000,1,0.369574,0.814207,1,-1
1.636876,1.315000,0.033000,0.085000,1.275049,-0.001413,0.017113,1.291753,0.004560,-0.001805,-0.001638,-0.008631,0.015140,0.999847,0.063893,0.070987,0.005974,0.000006,0.000005,0.000002,0.085960,0.094257,2.209770,20.515006,5,0,0.000000,1,0.368898,0.797642,1,-1
1.653594,1.315000,0.033000,0.085000,1.269848,-0.020610,-0.007939,1.292078,0.004900,-0.001829,-0.001601,-0.008670,0.015132,0.999847,0.063817,0.071302,0.005863,0.000007,0.000006,0.000002,0.116406,0.094097,5.031764,20.515006,5,0,0.000000,1,0.368738,0.802931,1,-1
1.670186,1.315000,0.033000,0.085000,1.263268,-0.057176,-0.036169,1.292201,0.004095,-0.002397,-0.001489,-0.008732,0.015128,0.999846,0.063756,0.069752,0.005783,0.000007,0.000007,0.000004,0.159655,0.094834,3.075477,20.515006,5,0,0.000000,1,0.368114,0.810369,1,-1
1.686794,1.315000,0.033000,0.085000,1.252457,-0.034574,0.057220,1.291937,0.003955,-0.001161,-0.001435,-0.008785,0.015128,0.999846,0.063065,0.068968,0.006418,0.000008,0.000007,0.000001,0.096175,0.093804,2.331216,20.515006,5,0,0.000000,1,0.367237,0.794756,1,-1
1.703380,1.315000,0.033000,0.085000,1.290666,-0.031399,0.049710,1.292879,0.003931,-0.000093,-0.001363,-0.008794,0.015118,0.999846,0.063754,0.068575,0.006852,0.000008,0.000008,-0.000002,0.077360,0.092602,4.520117,20.515006,5,0,0.000000,1,0.367625,0.796094,1,-1
1.720075,1.315000,0.033000,0.085000,1.210529,0.025766,-0.073792,1.291343,0.005694,-0.001365,-0.001397,-0.008919,0.015101,0.999845,0.061340,0.070195,0.006642,0.000009,0.000007,0.000002,0.190214,0.093618,3.418453,20.515006,5,0,0.000000,1,0.371006,0.807353,1,-1
1.736692,1.315000,0.033000,0.085000,1.283184,0.004426,0.054290,1.292075,0.006780,-0.000223,-0.001387,-0.008937,0.015097,0.999845,0.061899,0.071088,0.006779,0.000009,0.000007,-0.000001,0.052648,0.092065,2.964734,20.515006,5,0,0.000000,1,0.368521,0.792047,1,-1
1.753261,1.315000,0.033000,0.085000,1.265703,0.007991,0.013676,1.292212,0.007902,0.000137,-0.001385,-0.008945,0.015096,0.999845,0.061696,0.072063,0.006833,0.000009,0.000007,-0.000002,0.090238,0.091384,1.312688,20.515006,5,0,0.000000,1,0.369175,0.797105,1,-1
1.769873,1.315000,0.033000,0.085000,1.269847,0.011810,0.001797,1.292489,0.009141,0.000276,-0.001396,-0.008997,0.015092,0.999845,0.061767,0.073165,0.007061,0.000009,0.000007,-0.000002,0.097009,0.090852,2.167721,20.515006,5,0,0.000000,1,0.369483,0.798513,1,-1
1.786513,1.315000,0.033000,0.085000,1.300562,-0.048301,0.032052,1.293710,0.008551,0.000965,-0.001301,-0.008991,0.015095,0.999845,0.062772,0.071903,0.007222,0.000009,0.000008,-0.000003,0.098091,0.090072,4.475429,20.515006,5,0,0.000000,1,0.367461,0.800266,1,-1
1.803193,1.315000,0.033000,0.085000,1.199782,0.015669,-0.047171,1.291865,0.009917,0.000221,-0.001292,-0.009114,0.015051,0.999844,0.059785,0.073130,0.007211,0.000011,0.000008,-0.000001,0.176195,0.090860,2.646608,20.515006,5,0,0.000000,1,0.370268,0.804099,1,-1
1.886272,1.315000,0.033000,0.085000,1.282217,-0.023890,0.006468,1.296441,0.014690,0.001014,-0.001484,-0.008963,0.014886,0.999848,0.062270,0.073600,0.011310,0.000011,0.000009,-0.000001,0.102364,0.087939,2.665932,20.515006,5,0,0.000000,1,0.368467,0.801359,1,-1
1.919507,1.315000,0.033000,0.086000,1.254597,-0.021030,-0.085605,1.296863,0.015770,-0.000025,0.000802,-0.002865,0.013645,0.999902,0.052501,0.082273,0.034493,0.000012,0.000009,0.000006,0.189779,0.089589,1.310631,20.515006,5,0,0.000000,1,0.369962,0.814360,1,-1
1.952843,1.315000,0.033000,0.087000,1.284521,-0.054703,0.101326,1.297486,0.015993,0.004355,0.019180,0.030085,0.012170,0.999289,0.031110,0.080129,0.128671,0.000012,0.000010,-0.000002,0.093947,0.086175,5.162665,20.515006,5,0,0.000000,1,0.366133,0.791160,1,-1
1.969434,1.314000,0.034000,0.090000,1.310853,-0.024520,0.048630,1.298654,0.015494,0.007636,0.024857,0.043291,0.010666,0.998696,0.060079,0.054514,0.195035,0.000012,0.000011,-0.000006,0.071735,0.085801,4.261015,20.515006,5,0,0.000000,1,0.367955,0.795922,1,-1
1.985966,1.315000,0.033000,0.093000,1.239451,-0.036400,-0.014375,1.297650,0.014354,0.010780,0.027533,0.051399,0.009465,0.998254,0.089623,0.044642,0.259204,0.000013,0.000012,-0.000004,0.148503,0.086075,0.811062,20.515006,5,0,0.000000,1,0.368295,0.804823,1,-1
2.002617,1.316000,0.032000,0.097000,1.239645,0.038419,0.012333,1.297129,0.015884,0.015359,0.031122,0.057302,0.008493,0.997836,0.111117,0.039862,0.312638,0.000014,0.000012,-0.000003,0.114192,0.085330,2.671212,20.515006,5,0,0.000000,1,0.369935,0.794034,1,-1
2.019268,1.317000,0.032000,0.104000,1.227101,-0.063593,-0.001174,1.296604,0.013593,0.020377,0.035122,0.061285,0.007352,0.997475,0.139878,0.026037,0.344206,0.000015,0.000013,-0.000001,0.168171,0.088021,5.070596,20.515006,5,0,0.000000,1,0.367243,0.805221,1,-1
2.035917,1.319000,0.030000,0.109000,1.236864,0.011929,-0.028379,1.296970,0.013807,0.025194,0.035543,0.062780,0.005889,0.997377,0.167691,0.007411,0.354460,0.000016,0.000013,0.000004,0.161077,0.088153,6.508554,20.515006,5,0,0.000000,1,0.369884,0.802326,1,-1
2.052541,1.321000,0.029000,0.116000,1.265475,0.006150,-0.034173,1.298562,0.013566,0.029611,0.036342,0.063270,0.004880,0.997323,0.186312,-0.002040,0.353269,0.000017,0.000013,0.000010,0.161731,0.090580,5.513225,20.515006,5,0,0.000000,1,0.369892,0.804212,1,-1
2.069096,1.324000,0.028000,0.121000,1.220425,-0.004057,-0.046589,1.298909,0.012843,0.033728,0.037589,0.062206,0.004080,0.997347,0.206169,-0.012794,0.341001,0.000018,0.000013,0.000017,0.199604,0.092064,3.294840,20.515006,5,0,0.000000,1,0.369724,0.806228,1,-1
2.085788,1.327000,0.026000,0.126000,1.215479,0.015631,-0.007992,1.299444,0.012682,0.038297,0.037637,0.059550,0.003220,0.997510,0.224610,-0.020257,0.322734,0.000020,0.000013,0.000022,0.174638,0.092890,2.804871,20.515006,5,0,0.000000,1,0.369611,0.798646,1,-1
2.118994,1.334000,0.021000,0.137000,1.202326,0.010445,-0.119974,1.303669,0.011558,0.045098,0.034451,0.049622,0.001792,0.998172,0.258803,-0.047646,0.280226,0.000022,0.000013,0.000039,0.288937,0.097237,2.030621,20.515006,5,0,0.000000,1,0.371408,0.815816,1,-1
2.135652,1.339000,0.018000,0.142000,1.259438,-0.020564,0.009382,1.306171,0.009607,0.048651,0.031387,0.044606,0.001092,0.998511,0.266620,-0.060348,0.254845,0.000022,0.000014,0.000043,0.159389,0.099309,3.190350,20.515006,5,0,0.000000,1,0.368424,0.800262,1,-1
2.168902,1.347000,0.014000,0.149000,1.306051,-0.013825,0.008645,1.315024,0.006537,0.055336,0.023856,0.030443,0.000206,0.999252,0.296772,-0.080136,0.201069,0.000023,0.000014,0.000048,0.148831,0.099253,1.247264,20.515006,5,0,0.000000,1,0.368834,0.800497,1,-1
2.185531,1.352000,0.011000,0.153000,1.269232,-0.012689,0.108639,1.318164,0.004506,0.059333,0.019630,0.021607,-0.000491,0.999574,0.296457,-0.089028,0.173711,0.000024,0.000014,0.000042,0.096848,0.099803,1.631427,20.515006,5,0,0.000000,1,0.367153,0.786140,1,-1
2.202075,1.357000,0.007000,0.156000,1.299558,-0.027460,0.148691,1.321972,0.001938,0.063417,0.014967,0.014760,-0.000941,0.999779,0.290865,-0.100969,0.148475,0.000024,0.000015,0.000033,0.067383,0.099117,1.314486,20.515006,5,0,0.000000,1,0.366335,0.782793,1,-1
2.218800,1.361000,0.005000,0.158000,1.322367,-0.062086,0.235882,1.326564,-0.001851,0.068590,0.010117,0.006739,-0.001586,0.999925,0.301008,-0.099722,0.121651,0.000024,0.000016,0.000014,0.109812,0.096057,6.658740,20.515006,5,0,0.000000,1,0.364314,0.775648,1,-1
2.235383,1.367000,0.001000,0.160000,1.323936,-0.046950,0.110420,1.331232,-0.004939,0.071045,0.004478,-0.001766,-0.002157,0.999986,0.304112,-0.098818,0.094748,0.000024,0.000017,0.000009,0.081313,0.096061,1.662979,20.515006,5,0,0.000000,1,0.366497,0.789828,1,-1
2.252020,1.371000,-0.001000,0.162000,1.353000,-0.064573,0.151193,1.336769,-0.008605,0.073784,-0.001314,-0.010580,-0.002853,0.999939,0.296506,-0.106647,0.071133,0.000023,0.000018,0.000000,0.066950,0.094930,1.002864,20.515006,5,0,0.000000,1,0.365661,0.786555,1,-1
2.268627,1.375000,-0.003000,0.162000,1.377864,-0.064571,0.213645,1.342579,-0.012109,0.077136,-0.005076,-0.017861,-0.003065,0.999823,0.287724,-0.105930,0.048388,0.000023,0.000018,-0.000016,0.080413,0.091301,0.427445,20.515006,5,0,0.000000,1,0.365097,0.779173,1,-1
2.285192,1.380000,-0.007000,0.163000,1.350487,-0.082279,0.100616,1.347171,-0.016078,0.078113,-0.008863,-0.023948,-0.003201,0.999669,0.273309,-0.105634,0.026016,0.000023,0.000020,-0.000018,0.102126,0.091466,3.553467,20.515006,5,0,0.000000,1,0.365809,0.794700,1,-1
2.301898,1.384000,-0.009000,0.163000,1.348916,-0.062573,0.137528,1.351435,-0.019203,0.079409,-0.012131,-0.028993,-0.004166,0.999497,0.263517,-0.095672,0.008163,0.000023,0.000020,-0.000025,0.068919,0.090289,5.877291,20.515006,5,0,0.000000,1,0.365869,0.788066,1,-1
2.318527,1.389000,-0.013000,0.163000,1.374996,-0.054230,0.094873,1.356307,-0.021855,0.079657,-0.014621,-0.032949,-0.004483,0.999340,0.252694,-0.095232,-0.008835,0.000022,0.000021,-0.000027,0.080853,0.089963,2.862945,20.515006,5,0,0.000000,1,0.366946,0.793268,1,-1
2.335134,1.392000,-0.016000,0.163000,1.398069,-0.092022,0.198311,1.361383,-0.025541,0.081498,-0.017625,-0.035846,-0.004518,0.999192,0.240472,-0.092273,-0.013582,0.000022,0.000022,-0.000042,0.084042,0.087584,4.794937,20.515006,5,0,0.000000,1,0.364704,0.783704,1,-1
2.351751,1.395000,-0.018000,0.163000,1.319253,-0.067976,0.045680,1.363610,-0.028305,0.080677,-0.021375,-0.038637,-0.005197,0.999011,0.226915,-0.088739,-0.011094,0.000022,0.000023,-0.000037,0.148322,0.088705,0.241579,20.515006,5,0,0.000000,1,0.366792,0.800446,1,-1
2.368383,1.399000,-0.021000,0.163000,1.340175,-0.089372,0.135497,1.366287,-0.031602,0.081505,-0.024926,-0.041613,-0.005916,0.998805,0.213249,-0.082774,-0.002684,0.000023,0.000024,-0.000044,0.094294,0.088453,5.482986,20.515006,5,0,0.000000,1,0.365013,0.790620,1,-1
2.385013,1.402000,-0.023000,0.162000,1.325613,-0.041092,0.112859,1.368201,-0.033132,0.082046,-0.028005,-0.043820,-0.006636,0.998625,0.193346,-0.074195,0.003611,0.000024,0.000024,-0.000048,0.092613,0.087394,10.433464,20.515006,5,0,0.000000,1,0.366645,0.789000,1,-1
2.401618,1.404000,-0.025000,0.162000,1.384470,-0.071868,0.126368,1.371663,-0.035501,0.082902,-0.031297,-0.045858,-0.007141,0.998432,0.177810,-0.067095,0.010348,0.000023,0.000024,-0.000054,0.062030,0.086095,3.251457,20.515006,5,0,0.000000,1,0.366095,0.790824,1,-1
2.434867,1.408000,-0.029000,0.163000,1.424376,-0.083679,0.143668,1.378384,-0.038781,0.084568,-0.034585,-0.047655,-0.007699,0.998235,0.139352,-0.042125,0.029546,0.000022,0.000025,-0.000062,0.060264,0.084406,4.720769,20.515006,5,0,0.000000,1,0.365975,0.790151,1,-1
2.451543,1.410000,-0.030000,0.163000,1.357049,-0.110504,0.091741,1.379711,-0.041714,0.085213,-0.034894,-0.047886,-0.007953,0.998211,0.119151,-0.036159,0.035875,0.000023,0.000027,-0.000063,0.119844,0.084294,1.575184,20.515006,5,0,0.000000,1,0.365131,0.798528,1,-1
2.468159,1.412000,-0.032000,0.164000,1.418267,-0.098890,0.074268,1.382737,-0.044056,0.085614,-0.035858,-0.048982,-0.008089,0.998123,0.105730,-0.030123,0.036838,0.000022,0.000028,-0.000061,0.112095,0.084534,4.623559,20.515006,5,0,0.000000,1,0.366362,0.800707,1,-1
2.484726,1.413000,-0.033000,0.164000,1.358053,-0.101696,0.088470,1.383418,-0.046266,0.086203,-0.036899,-0.050051,-0.008740,0.998027,0.088419,-0.017042,0.032851,0.000023,0.000029,-0.000062,0.115944,0.084282,4.104686,20.515006,5,0,0.000000,1,0.365458,0.798191,1,-1
2.501363,1.414000,-0.033000,0.165000,1.394471,-0.087849,0.174634,1.385007,-0.047681,0.088188,-0.036988,-0.050889,-0.008837,0.997980,0.073398,0.002294,0.031563,0.000022,0.000029,-0.000074,0.059014,0.083404,3.245704,20.515006,5,0,0.000000,1,0.365091,0.786216,1,-1
2.518012,1.414000,-0.033000,0.165000,1.354975,-0.075036,0.128840,1.385063,-0.048406,0.089335,-0.036160,-0.051763,-0.008709,0.997967,0.053898,0.012451,0.026624,0.000023,0.000030,-0.000080,0.080985,0.082461,1.655014,20.515006,5,0,0.000000,1,0.365674,0.790393,1,-1
2.534615,1.415000,-0.034000,0.165000,1.358458,-0.119757,0.160922,1.384940,-0.050318,0.090926,-0.034618,-0.052548,-0.008775,0.997980,0.035007,0.025268,0.023289,0.000023,0.000031,-0.000090,0.102800,0.081590,2.393026,20.515006,5,0,0.000000,1,0.363895,0.790322,1,-1
2.551280,1.415000,-0.034000,0.165000,1.390889,-0.094891,0.119408,1.385496,-0.051220,0.091712,-0.034116,-0.052094,-0.008903,0.998020,0.010879,0.032773,0.014153,0.000023,0.000032,-0.000094,0.079798,0.080859,1.074858,20.515006,5,0,0.000000,1,0.365567,0.793891,1,-1
2.567847,1.414000,-0.034000,0.165000,1.381973,-0.129845,0.075363,1.385393,-0.053066,0.091623,-0.033443,-0.050580,-0.008966,0.998120,-0.009033,0.042562,0.011161,0.000023,0.000033,-0.000092,0.135081,0.081032,7.798581,20.515006,5,0,0.000000,1,0.364998,0.802846,1,-1
2.601103,1.412000,-0.033000,0.164000,1.381362,-0.081852,0.144384,1.384394,-0.052216,0.092799,-0.030168,-0.046235,-0.008609,0.998438,-0.044077,0.068701,0.008843,0.000023,0.000034,-0.000100,0.060910,0.078746,3.922330,20.515006,5,0,0.000000,1,0.365523,0.789347,1,-1
2.617750,1.411000,-0.032000,0.164000,1.333290,-0.074026,0.129974,1.381912,-0.051640,0.093616,-0.026426,-0.042891,-0.008671,0.998693,-0.065339,0.086665,0.014296,0.000024,0.000035,-0.000105,0.094672,0.078649,2.350241,20.515006,5,0,0.000000,1,0.365495,0.789860,1,-1
2.634375,1.409000,-0.031000,0.164000,1.396285,-0.069143,0.083802,1.381251,-0.050824,0.093694,-0.022506,-0.038991,-0.008284,0.998952,-0.078576,0.092144,0.016613,0.000024,0.000035,-0.000104,0.089713,0.078140,2.811257,20.515006,5,0,0.000000,1,0.366876,0.796409,1,-1
2.650921,1.407000,-0.030000,0.164000,1.375623,-0.094341,-0.005504,1.379791,-0.050737,0.092295,-0.020660,-0.035254,-0.007999,0.999133,-0.087058,0.093434,0.016880,0.000024,0.000036,-0.000088,0.184000,0.079448,3.964861,20.515006,5,0,0.000000,1,0.367198,0.811062,1,-1
2.667643,1.405000,-0.029000,0.164000,1.367103,-0.092210,0.118951,1.377983,-0.050522,0.093024,-0.020592,-0.033114,-0.008092,0.999207,-0.093552,0.097895,0.019811,0.000024,0.000037,-0.000092,0.086378,0.078935,2.708694,20.515006,5,0,0.000000,1,0.365408,0.793393,1,-1
2.684261,1.403000,-0.028000,0.164000,1.412805,-0.095366,0.166985,1.377513,-0.050201,0.094615,-0.019781,-0.031068,-0.007934,0.999290,-0.100702,0.111852,0.025546,0.000024,0.000038,-0.000104,0.068141,0.077180,7.218093,20.515006,5,0,0.000000,1,0.365181,0.788071,1,-1
2.700907,1.401000,-0.026000,0.164000,1.358731,-0.123980,0.074209,1.375221,-0.050620,0.094755,-0.018336,-0.029250,-0.007194,0.999378,-0.112402,0.114458,0.033510,0.000024,0.000039,-0.000101,0.139460,0.077882,1.059024,20.515006,5,0,0.000000,1,0.364975,0.802154,1,-1
2.717450,1.398000,-0.025000,0.164000,1.364817,-0.076744,0.034264,1.373130,-0.049595,0.094320,-0.017772,-0.028201,-0.007357,0.999417,-0.119632,0.124302,0.040201,0.000024,0.000040,-0.000091,0.143561,0.077966,0.562806,20.515006,5,0,0.000000,1,0.367050,0.803536,1,-1
2.734093,1.396000,-0.023000,0.164000,1.348258,-0.110363,0.164631,1.370399,-0.049403,0.096200,-0.016053,-0.026482,-0.007593,0.999492,-0.134988,0.132255,0.049980,0.000025,0.000041,-0.000102,0.099559,0.077132,5.398204,20.515006,5,0,0.000000,1,0.364038,0.788888,1,-1
2.750840,1.393000,-0.021000,0.165000,1.362059,-0.060732,0.090642,1.367920,-0.047609,0.096934,-0.013291,-0.024104,-0.007156,0.999595,-0.145881,0.136737,0.052394,0.000025,0.000041,-0.000101,0.089806,0.077266,2.371117,20.515006,5,0,0.000000,1,0.366694,0.794246,1,-1
2.767367,1.390000,-0.019000,0.165000,1.386748,-0.117991,0.217675,1.366070,-0.047516,0.099786,-0.010112,-0.021723,-0.007052,0.999688,-0.154923,0.134325,0.053984,0.000024,0.000043,-0.000122,0.112180,0.075091,2.918585,20.515006,5,0,0.000000,1,0.363519,0.783511,1,-1
2.784025,1.387000,-0.018000,0.165000,1.366327,-0.097777,0.096155,1.363664,-0.046919,0.100572,-0.007322,-0.020009,-0.007034,0.999748,-0.160346,0.138232,0.055436,0.000024,0.000044,-0.000121,0.107384,0.074376,2.939886,20.515006,5,0,0.000000,1,0.365548,0.796915,1,-1
2.800553,1.383000,-0.016000,0.166000,1.328550,-0.064489,0.148749,1.360097,-0.045293,0.102236,-0.005511,-0.017878,-0.006787,0.999802,-0.167264,0.139169,0.054897,0.000025,0.000044,-0.000129,0.074924,0.073814,0.491099,20.515006,5,0,0.000000,1,0.365478,0.786531,1,-1
2.817221,1.380000,-0.014000,0.166000,1.332897,-0.086892,0.130319,1.356628,-0.044268,0.103539,-0.003733,-0.014749,-0.006729,0.999862,-0.171137,0.143057,0.050764,0.000025,0.000045,-0.000134,0.093835,0.073238,6.608426,20.515006,5,0,0.000000,1,0.365098,0.790968,1,-1
2.833845,1.377000,-0.012000,0.167000,1.336123,-0.076342,0.076377,1.353270,-0.042908,0.103897,-0.001922,-0.011393,-0.007151,0.999908,-0.175347,0.142645,0.048513,0.000025,0.000046,-0.000129,0.118420,0.074165,1.704861,20.515006,5,0,0.000000,1,0.366214,0.797225,1,-1
2.850443,1.373000,-0.009000,0.167000,1.398466,-0.072918,0.117378,1.351888,-0.041632,0.104843,-0.000253,-0.008183,-0.006840,0.999943,-0.177376,0.138686,0.045631,0.000024,0.000047,-0.000131,0.084831,0.073308,2.454097,20.515006,5,0,0.000000,1,0.366335,0.792283,1,-1
2.867088,1.370000,-0.008000,0.168000,1.335948,-0.084536,0.136396,1.348649,-0.040728,0.106087,0.000204,-0.004801,-0.006501,0.999967,-0.180182,0.137535,0.048370,0.000025,0.000048,-0.000137,0.089533,0.073214,1.612671,20.515006,5,0,0.000000,1,0.365111,0.790013,1,-1
2.883735,1.366000,-0.006000,0.168000,1.319520,-0.038281,0.106204,1.344984,-0.038496,0.106888,-0.000131,-0.001672,-0.006453,0.999978,-0.181172,0.136798,0.052940,0.000025,0.000048,-0.000136,0.083793,0.072335,1.662857,20.515006,5,0,0.000000,1,0.366776,0.789531,1,-1
2.900334,1.363000,-0.003000,0.169000,1.378972,-0.062600,0.221764,1.343099,-0.036949,0.109675,0.000139,0.001127,-0.006487,0.999978,-0.179283,0.144634,0.061535,0.000024,0.000049,-0.000157,0.081187,0.071190,4.934083,20.515006,5,0,0.000000,1,0.365065,0.778044,1,-1
2.916971,1.359000,-0.002000,0.169000,1.268877,-0.018594,0.046891,1.338082,-0.034086,0.109735,0.003430,0.003827,-0.006093,0.999968,-0.180562,0.146086,0.071095,0.000026,0.000048,-0.000145,0.152670,0.070565,1.517021,20.515006,5,0,0.000000,1,0.367926,0.794964,1,-1
2.933571,1.355000,0.000000,0.170000,1.296929,-0.050934,0.107874,1.334172,-0.032359,0.110877,0.004429,0.005287,-0.005716,0.999960,-0.177253,0.143026,0.080662,0.000027,0.000049,-0.000145,0.099127,0.070544,0.821749,20.515006,5,0,0.000000,1,0.366226,0.790137,1,-1
2.950192,1.352000,0.002000,0.170000,1.296084,-0.026815,0.179931,1.330357,-0.029904,0.113356,0.007151,0.006607,-0.006072,0.999934,-0.174041,0.149401,0.091137,0.000027,0.000049,-0.000158,0.063684,0.068519,0.524620,20.515006,5,0,0.000000,1,0.365889,0.778811,1,-1
2.966892,1.349000,0.003000,0.172000,1.248858,-0.050545,0.103017,1.325337,-0.028113,0.114702,0.009291,0.006676,-0.005454,0.999920,-0.171859,0.147264,0.096639,0.000029,0.000049,-0.000155,0.132869,0.069361,6.665961,20.515006,5,0,0.000000,1,0.366043,0.790025,1,-1
3.000108,1.343000,0.008000,0.174000,1.322674,-0.046159,0.177496,1.319842,-0.024314,0.118888,0.012529,0.008002,-0.005321,0.999875,-0.172716,0.129843,0.101865,0.000029,0.000050,-0.000167,0.057953,0.067955,2.714046,20.515006,5,0,0.000000,1,0.365572,0.781211,1,-1
3.016684,1.339000,0.009000,0.175000,1.274414,-0.032313,0.107510,1.315866,-0.022619,0.120276,0.012825,0.008679,-0.005288,0.999866,-0.169858,0.120187,0.098718,0.000030,0.000050,-0.000165,0.102142,0.067302,4.573976,20.515006,5,0,0.000000,1,0.366637,0.788158,1,-1
3.033326,1.336000,0.012000,0.176000,1.263732,0.005262,0.085840,1.311745,-0.019939,0.121253,0.012019,0.009150,-0.005157,0.999873,-0.165368,0.121584,0.095156,0.000032,0.000049,-0.000157,0.115745,0.067865,3.514410,20.515006,5,0,0.000000,1,0.367971,0.787410,1,-1
3.049992,1.333000,0.013000,0.177000,1.255292,-0.028920,-0.002320,1.307519,-0.018278,0.120752,0.012327,0.009687,-0.005325,0.999863,-0.163098,0.116965,0.093255,0.000033,0.000049,-0.000132,0.199879,0.069220,1.530349,20.515006,5,0,0.000000,1,0.368360,0.802647,1,-1
3.066569,1.330000,0.015000,0.178000,1.287818,-0.024253,0.023783,1.304476,-0.016696,0.120588,0.013714,0.010979,-0.005325,0.999831,-0.163534,0.113869,0.092418,0.000034,0.000050,-0.000112,0.164630,0.070372,0.694767,20.515006,5,0,0.000000,1,0.368213,0.799016,1,-1
3.083142,1.327000,0.016000,0.179000,1.296945,-0.026134,0.059143,1.301782,-0.015215,0.121062,0.015703,0.012808,-0.005386,0.999780,-0.157737,0.112023,0.096584,0.000034,0.000050,-0.000099,0.130554,0.070478,2.793999,20.515006,5,0,0.000000,1,0.367668,0.794409,1,-1
3.101857,1.324000,0.017000,0.180000,1.248374,0.013026,0.035860,1.297557,-0.012504,0.121423,0.017724,0.015676,-0.005020,0.999707,-0.152014,0.103368,0.101531,0.000036,0.000049,-0.000081,0.162823,0.070718,3.989308,20.515006,5,0,0.000000,1,0.368900,0.793240,1,-1
3.118533,1.321000,0.018000,0.181000,1.238511,-0.019568,0.018629,1.293527,-0.011179,0.121420,0.017505,0.018351,-0.005719,0.999662,-0.146548,0.092514,0.107653,0.000037,0.000049,-0.000059,0.185957,0.071805,2.347048,20.515006,5,0,0.000000,1,0.368237,0.798511,1,-1
3.135191,1.319000,0.019000,0.182000,1.246346,0.008207,-0.005947,1.289923,-0.009141,0.121120,0.017245,0.019814,-0.005702,0.999639,-0.139399,0.092086,0.111876,0.000039,0.000049,-0.000032,0.201790,0.073101,3.524089,20.515006,5,0,0.000000,1,0.369435,0.799570,1,-1
3.153846,1.316000,0.020000,0.184000,1.212903,0.021461,0.030469,1.285434,-0.006763,0.121639,0.015821,0.020173,-0.005354,0.999657,-0.133554,0.087759,0.119312,0.000041,0.000048,-0.000013,0.184940,0.074428,1.625584,20.515006,5,0,0.000000,1,0.369129,0.792619,1,-1
3.170497,1.313000,0.021000,0.186000,1.234390,0.017107,0.016462,1.281996,-0.004788,0.121839,0.014067,0.020657,-0.005863,0.999670,-0.129596,0.082139,0.126788,0.000043,0.000047,0.000010,0.186916,0.075782,0.899755,20.515006,5,0,0.000000,1,0.369283,0.795345,1,-1
3.187063,1.310000,0.022000,0.188000,1.211739,-0.019843,0.031400,1.278036,-0.003995,0.122433,0.014247,0.020899,-0.005375,0.999666,-0.127551,0.071586,0.134933,0.000045,0.000047,0.000030,0.189551,0.077437,7.365394,20.515006,5,0,0.000000,1,0.367957,0.796299,1,-1
3.203759,1.308000,0.022000,0.189000,1.284240,-0.003891,0.124596,1.276253,-0.002916,0.124710,0.014050,0.021616,-0.005290,0.999654,-0.119569,0.064712,0.143304,0.000045,0.000048,0.000030,0.073367,0.075907,0.916478,20.515006,5,0,0.000000,1,0.367248,0.783493,1,-1
3.220354,1.306000,0.022000,0.192000,1.249847,-0.019812,-0.039643,1.273663,-0.002386,0.124403,0.012968,0.021982,-0.005257,0.999660,-0.110249,0.061573,0.148216,0.000046,0.000048,0.000067,0.241991,0.078801,3.074238,20.515006,5,0,0.000000,1,0.369216,0.807179,1,-1
3.236943,1.304000,0.023000,0.194000,1.207451,0.028877,-0.051725,1.270205,-0.000620,0.123901,0.011012,0.021974,-0.005610,0.999682,-0.104570,0.057563,0.155560,0.000048,0.000047,0.000107,0.264078,0.081325,3.339480,20.515006,5,0,0.000000,1,0.370707,0.803678,1,-1
3.253578,1.303000,0.024000,0.196000,1.230124,0.021395,0.076636,1.267522,0.000887,0.125661,0.010025,0.022273,-0.005399,0.999687,-0.098595,0.060263,0.165691,0.000049,0.000046,0.000118,0.139876,0.082100,4.174758,20.515006,5,0,0.000000,1,0.368426,0.786621,1,-1
3.270258,1.301000,0.024000,0.199000,1.228906,0.000475,0.005974,1.264982,0.001822,0.126441,0.009155,0.021352,-0.004941,0.999718,-0.090347,0.058830,0.174150,0.000050,0.000046,0.000145,0.207389,0.083988,4.718558,20.515006,5,0,0.000000,1,0.368984,0.798286,1,-1
3.286874,1.300000,0.024000,0.201000,1.202429,0.013085,0.042600,1.261869,0.003065,0.127940,0.008831,0.020367,-0.004674,0.999743,-0.088617,0.058136,0.180053,0.000052,0.000046,0.000165,0.186360,0.085029,2.641506,20.515006,5,0,0.000000,1,0.368683,0.791544,1,-1
3.320077,1.297000,0.025000,0.206000,1.193761,0.040201,-0.039680,1.257354,0.005855,0.131027,0.007322,0.019021,-0.004397,0.999783,-0.078676,0.053532,0.185398,0.000055,0.000045,0.000205,0.266923,0.086944,1.715731,20.515006,5,0,0.000000,1,0.370800,0.800582,1,-1
3.336741,1.296000,0.024000,0.209000,1.250864,-0.023640,0.073589,1.255956,0.005874,0.133060,0.005440,0.018233,-0.004626,0.999808,-0.075856,0.054020,0.189931,0.000055,0.000046,0.000220,0.150475,0.087744,1.701020,20.515006,5,0,0.000000,1,0.367291,0.791505,1,-1
3.353413,1.295000,0.024000,0.213000,1.225961,-0.001402,0.034389,1.253955,0.006562,0.134546,0.004781,0.017393,-0.005186,0.999824,-0.072066,0.056428,0.196167,0.000056,0.000046,0.000244,0.193167,0.090243,2.873067,20.515006,5,0,0.000000,1,0.368461,0.794413,1,-1
3.369948,1.294000,0.024000,0.215000,1.178859,-0.037455,0.118098,1.250782,0.006280,0.137486,0.004815,0.016142,-0.004658,0.999847,-0.067409,0.058663,0.200893,0.000059,0.000047,0.000248,0.162555,0.090500,2.124742,20.515006,5,0,0.000000,1,0.365970,0.785783,1,-1
3.386566,1.293000,0.025000,0.218000,1.232526,-0.023387,0.203140,1.249266,0.006352,0.141708,0.002687,0.014960,-0.004423,0.999875,-0.065544,0.056842,0.206701,0.000059,0.000048,0.000233,0.078862,0.089894,5.218840,20.515006,5,0,0.000000,1,0.365265,0.774823,1,-1
3.403183,1.292000,0.024000,0.221000,1.229235,-0.029703,0.189585,1.247730,0.006297,0.145779,0.002024,0.014754,-0.004831,0.999877,-0.062276,0.062203,0.211590,0.000060,0.000050,0.000223,0.088377,0.089059,1.607171,20.515006,5,0,0.000000,1,0.365263,0.776964,1,-1
3.419831,1.292000,0.024000,0.224000,1.235959,-0.014601,0.145568,1.246453,0.006712,0.149188,0.001324,0.013363,-0.004382,0.999900,-0.059767,0.058167,0.214615,0.000060,0.000050,0.000223,0.103838,0.089276,2.796748,20.515006,5,0,0.000000,1,0.366385,0.781096,1,-1
3.436529,1.291000,0.024000,0.228000,1.233582,-0.033344,0.241548,1.245147,0.006509,0.154197,-0.000082,0.012995,-0.004809,0.999904,-0.060655,0.053304,0.219038,0.000060,0.000052,0.000202,0.082273,0.088630,6.819022,20.515006,5,0,0.000000,1,0.364429,0.771268,1,-1
3.453031,1.291000,0.024000,0.231000,1.170903,-0.017817,0.120780,1.242233,0.006697,0.157040,-0.000800,0.013084,-0.005058,0.999901,-0.059007,0.058492,0.222112,0.000063,0.000053,0.000211,0.168286,0.090265,2.623035,20.515006,5,0,0.000000,1,0.366488,0.783515,1,-1
3.469707,1.290000,0.024000,0.234000,1.297366,-0.056753,0.183436,1.242829,0.005903,0.161006,0.000095,0.012435,-0.004714,0.999912,-0.053513,0.056770,0.226000,0.000061,0.000055,0.000205,0.095561,0.088773,11.443290,20.515006,5,0,0.000000,1,0.364974,0.781095,1,-1
3.502965,1.290000,0.024000,0.241000,1.192055,-0.004785,0.175943,1.239819,0.007469,0.168802,-0.001925,0.011023,-0.005132,0.999924,-0.047866,0.061078,0.240876,0.000062,0.000055,0.000203,0.121055,0.089465,1.159469,20.515006,5,0,0.000000,1,0.366042,0.775798,1,-1
3.519592,1.290000,0.024000,0.244000,1.282131,-0.048716,0.203142,1.240238,0.006913,0.173392,0.000823,0.011840,-0.004834,0.999918,-0.045047,0.059900,0.251949,0.000061,0.000057,0.000195,0.083779,0.088055,5.265345,20.515006,5,0,0.000000,1,0.364826,0.777789,1,-1
3.536197,1.290000,0.024000,0.249000,1.205466,0.017598,0.109771,1.238625,0.008074,0.176317,0.000010,0.011290,-0.004486,0.999926,-0.038757,0.053239,0.256637,0.000062,0.000057,0.000213,0.163008,0.090420,0.921872,20.515006,5,0,0.000000,1,0.367732,0.782231,1,-1
3.552786,1.290000,0.024000,0.253000,1.185808,0.006959,0.048976,1.236602,0.008907,0.178326,-0.003882,0.009907,-0.005434,0.999929,-0.035941,0.061566,0.262680,0.000064,0.000057,0.000247,0.229722,0.093034,2.843585,20.515006,5,0,0.000000,1,0.368388,0.790959,1,-1
3.573580,1.290000,0.024000,0.258000,1.213916,0.025047,-0.001407,1.235290,0.010755,0.180723,-0.001474,0.008469,-0.004738,0.999952,-0.031338,0.077282,0.272652,0.000065,0.000056,0.000297,0.270337,0.095605,5.140768,20.515006,5,0,0.000000,1,0.369755,0.796796,1,-1
3.590225,1.290000,0.024000,0.263000,1.224953,-0.032292,0.118885,1.234521,0.010740,0.184167,-0.001021,0.006947,-0.004632,0.999965,-0.029882,0.069284,0.280161,0.000066,0.000058,0.000315,0.167837,0.097306,1.653240,20.515006,5,0,0.000000,1,0.366237,0.785933,1,-1
3.606887,1.290000,0.024000,0.267000,1.223451,-0.016630,0.158330,1.233746,0.011119,0.188371,0.000571,0.006293,-0.005249,0.999966,-0.028165,0.070639,0.288713,0.000066,0.000059,0.000323,0.133749,0.097535,3.724845,20.515006,5,0,0.000000,1,0.366082,0.779504,1,-1
3.623423,1.290000,0.024000,0.271000,1.185113,0.047066,0.116728,1.231978,0.013167,0.191685,-0.000708,0.005498,-0.004642,0.999974,-0.029192,0.070027,0.290734,0.000068,0.000058,0.000343,0.187971,0.098867,1.760864,20.515006,5,0,0.000000,1,0.368375,0.778298,1,-1
3.640158,1.291000,0.024000,0.276000,1.218344,-0.012271,0.130960,1.231161,0.013602,0.195325,-0.002736,0.004067,-0.004544,0.999978,-0.027879,0.073527,0.294587,0.000069,0.000059,0.000361,0.166225,0.100981,0.688208,20.515006,5,0,0.000000,1,0.366605,0.782459,1,-1
3.656734,1.291000,0.025000,0.280000,1.253210,-0.019187,0.153424,1.231299,0.013934,0.199383,-0.001862,0.002464,-0.004820,0.999984,-0.029460,0.079622,0.301171,0.000068,0.000060,0.000374,0.139291,0.100925,2.863774,20.515006,5,0,0.000000,1,0.366220,0.780785,1,-1
3.673405,1.292000,0.024000,0.286000,1.234979,0.004181,0.175902,1.230914,0.014943,0.203913,-0.001534,0.001984,-0.004715,0.999986,-0.030440,0.079126,0.305731,0.000068,0.000060,0.000382,0.125562,0.102722,1.465972,20.515006,5,0,0.000000,1,0.366459,0.775628,1,-1
3.689985,1.292000,0.024000,0.290000,1.223968,-0.013528,0.210345,1.230275,0.015409,0.208764,-0.003321,0.000587,-0.004667,0.999983,-0.029949,0.081922,0.309725,0.000068,0.000062,0.000381,0.111273,0.102387,4.330717,20.515006,5,0,0.000000,1,0.365402,0.772961,1,-1
3.706554,1.292000,0.025000,0.295000,1.243302,-0.043591,0.191315,1.230122,0.015220,0.213350,-0.002830,0.000875,-0.004834,0.999984,-0.034039,0.095080,0.313067,0.000067,0.000064,0.000388,0.133517,0.102914,4.227035,20.515006,5,0,0.000000,1,0.364902,0.778210,1,-1
3.723289,1.293000,0.026000,0.299000,1.274936,-0.057195,0.156236,1.230766,0.014802,0.217458,-0.000824,-0.000079,-0.004732,0.999988,-0.033136,0.094465,0.319501,0.000065,0.000067,0.000405,0.166221,0.103187,7.647092,20.515006,5,0,0.000000,1,0.365193,0.784188,1,-1
3.739914,1.293000,0.025000,0.305000,1.291373,-0.063604,0.291593,1.231848,0.014199,0.223860,-0.000617,-0.000099,-0.003933,0.999992,-0.033723,0.091113,0.328983,0.000063,0.000070,0.000386,0.089627,0.102175,2.632055,20.515006,5,0,0.000000,1,0.363261,0.769121,1,-1
3.756471,1.293000,0.026000,0.310000,1.240911,-0.017511,0.182770,1.231561,0.014819,0.228583,-0.001698,-0.000879,-0.004656,0.999987,-0.030851,0.093462,0.334092,0.000062,0.000071,0.000399,0.144201,0.102608,2.496877,20.515006,5,0,0.000000,1,0.365773,0.776850,1,-1
3.773050,1.293000,0.025000,0.315000,1.272618,-0.049581,0.311219,1.232190,0.014593,0.235169,-0.002968,-0.000770,-0.005521,0.999980,-0.029140,0.098583,0.341515,0.000061,0.000074,0.000377,0.077408,0.100892,4.252053,20.515006,5,0,0.000000,1,0.363270,0.765538,1,-1
3.789676,1.294000,0.026000,0.321000,1.235023,0.006089,0.204760,1.231835,0.015961,0.240146,-0.000955,-0.001036,-0.005189,0.999986,-0.025863,0.102753,0.349905,0.000061,0.000074,0.000388,0.131858,0.102482,0.663078,20.515006,5,0,0.000000,1,0.366091,0.772001,1,-1
3.806340,1.294000,0.026000,0.326000,1.231572,-0.011836,0.221687,1.231394,0.016766,0.245499,-0.000642,-0.001544,-0.004817,0.999987,-0.029899,0.090585,0.354128,0.000061,0.000075,0.000395,0.127319,0.102398,2.774853,20.515006,5,0,0.000000,1,0.365324,0.771592,1,-1
3.822970,1.294000,0.026000,0.333000,1.231239,0.015052,0.247007,1.230899,0.018151,0.251346,-0.001000,-0.000975,-0.005625,0.999983,-0.029342,0.089914,0.362869,0.000061,0.000075,0.000396,0.107022,0.103493,0.698507,20.515006,5,0,0.000000,1,0.365719,0.766265,1,-1
3.839550,1.294000,0.027000,0.338000,1.170190,0.001662,0.144563,1.228861,0.019123,0.255303,-0.001031,-0.001996,-0.005131,0.999984,-0.028478,0.093349,0.369974,0.000063,0.000076,0.000429,0.231060,0.105565,2.180654,20.515006,5,0,0.000000,1,0.366663,0.778721,1,-1
3.872834,1.295000,0.027000,0.351000,1.236003,-0.000378,0.163171,1.228102,0.021764,0.266060,-0.000161,-0.003012,-0.005718,0.999979,-0.033022,0.103827,0.385570,0.000063,0.000077,0.000460,0.198771,0.108248,2.257524,20.515006,5,0,0.000000,1,0.366524,0.777614,1,-1
3.889496,1.295000,0.027000,0.356000,1.213349,-0.003197,0.136964,1.227156,0.022699,0.270234,0.000097,-0.003383,-0.004364,0.999985,-0.034117,0.097217,0.391964,0.000063,0.000078,0.000501,0.235702,0.109440,2.990835,20.515006,5,0,0.000000,1,0.366753,0.780794,1,-1
3.906109,1.295000,0.028000,0.362000,1.229716,-0.008366,0.364013,1.226698,0.023433,0.278213,-0.001828,-0.005166,-0.004238,0.999976,-0.033767,0.098966,0.399741,0.000063,0.000080,0.000475,0.074757,0.108195,1.775157,20.515006,5,0,0.000000,1,0.363472,0.755933,1,-1
3.922679,1.295000,0.028000,0.370000,1.223134,-0.001406,0.307523,1.226030,0.024368,0.284976,-0.001109,-0.004520,-0.005598,0.999974,-0.041830,0.106155,0.404959,0.000063,0.000081,0.000468,0.099663,0.109541,1.332752,20.515006,5,0,0.000000,1,0.364376,0.761022,1,-1
3.939355,1.295000,0.028000,0.375000,1.296092,-0.024657,0.351309,1.227233,0.024744,0.292480,-0.001587,-0.004462,-0.004725,0.999978,-0.042923,0.105696,0.406833,0.000060,0.000083,0.000449,0.057751,0.106829,2.475503,20.515006,5,0,0.000000,1,0.363702,0.759452,1,-1
3.958069,1.296000,0.029000,0.383000,1.312339,-0.007531,0.399701,1.228743,0.025801,0.301570,-0.002364,-0.004162,-0.005064,0.999976,-0.042743,0.112778,0.412366,0.000056,0.000084,0.000419,0.043364,0.105662,1.459242,20.515006,5,0,0.000000,1,0.363779,0.753349,1,-1
3.974659,1.296000,0.029000,0.389000,1.245291,0.002525,0.247856,1.228469,0.027069,0.307422,-0.000121,-0.003094,-0.004819,0.999984,-0.045275,0.120064,0.418459,0.000056,0.000085,0.000437,0.152295,0.105921,1.719752,20.515006,5,0,0.000000,1,0.365438,0.767492,1,-1
4.007948,1.296000,0.030000,0.403000,1.226898,-0.006425,0.283814,1.226974,0.029824,0.320480,-0.000528,-0.002434,-0.005324,0.999983,-0.048577,0.116388,0.423738,0.000055,0.000087,0.000449,0.142503,0.107583,2.733615,20.515006,5,0,0.000000,1,0.364579,0.764062,1,-1
4.024521,1.296000,0.030000,0.409000,1.238745,-0.024381,0.329223,1.226525,0.030153,0.327372,-0.001372,-0.003452,-0.005184,0.999980,-0.049584,0.113254,0.429329,0.000055,0.000090,0.000449,0.112249,0.107191,2.492804,20.515006,5,0,0.000000,1,0.363524,0.760996,1,-1
4.041178,1.295000,0.031000,0.417000,1.244022,0.007358,0.371063,1.226194,0.031391,0.335069,-0.001066,-0.002078,-0.005238,0.999984,-0.051410,0.122354,0.437187,0.000054,0.000091,0.000437,0.072580,0.106991,1.147534,20.515006,5,0,0.000000,1,0.363931,0.754025,1,-1
4.057763,1.295000,0.031000,0.424000,1.227781,0.012882,0.317934,1.225413,0.032909,0.341985,0.001730,-0.002334,-0.004458,0.999986,-0.050100,0.126031,0.445933,0.000054,0.000092,0.000445,0.126873,0.107576,1.649717,20.515006,5,0,0.000000,1,0.364666,0.758715,1,-1
4.074383,1.296000,0.032000,0.430000,1.229522,-0.007532,0.287010,1.224738,0.033717,0.348065,0.001794,-0.001901,-0.004132,0.999988,-0.051305,0.122883,0.450059,0.000054,0.000094,0.000465,0.162568,0.108603,1.125819,20.515006,5,0,0.000000,1,0.364519,0.763850,1,-1
4.091029,1.295000,0.033000,0.438000,1.270587,-0.018750,0.345515,1.225175,0.034220,0.355211,0.002036,-0.000973,-0.005039,0.999985,-0.050245,0.122883,0.457326,0.000051,0.000096,0.000469,0.108755,0.108310,3.923089,20.515006,5,0,0.000000,1,0.363719,0.759218,1,-1
4.107674,1.295000,0.033000,0.445000,1.233281,-0.007622,0.416597,1.224604,0.035036,0.363561,0.004482,-0.000127,-0.005226,0.999976,-0.050184,0.123150,0.462352,0.000051,0.000098,0.000451,0.079159,0.107667,1.006597,20.515006,5,0,0.000000,1,0.362856,0.750846,1,-1
4.124335,1.295000,0.034000,0.454000,1.279275,-0.023628,0.345709,1.225284,0.035393,0.370781,0.003359,0.000614,-0.004642,0.999983,-0.048446,0.119315,0.464340,0.000048,0.000101,0.000460,0.123674,0.108571,2.659989,20.515006,5,0,0.000000,1,0.363649,0.759733,1,-1
4.140907,1.295000,0.034000,0.461000,1.240747,-0.017654,0.517580,1.224984,0.035846,0.380384,0.003598,0.000540,-0.004619,0.999983,-0.045996,0.127424,0.473807,0.000047,0.000103,0.000413,0.093877,0.106792,2.543818,20.515006,5,0,0.000000,1,0.361444,0.742938,1,-1
4.174180,1.296000,0.035000,0.476000,1.217657,0.002431,0.419556,1.223285,0.039082,0.396482,0.005487,-0.000210,-0.005131,0.999972,-0.049252,0.127737,0.483922,0.000048,0.000105,0.000405,0.101903,0.107830,4.245035,20.515006,5,0,0.000000,1,0.362993,0.749498,1,-1
4.190763,1.296000,0.035000,0.483000,1.232884,-0.011584,0.518595,1.222768,0.039639,0.406311,0.005389,0.000683,-0.004458,0.999975,-0.048710,0.117068,0.489636,0.000047,0.000108,0.000366,0.086144,0.106140,1.773336,20.515006,5,0,0.000000,1,0.361540,0.742246,1,-1
4.207388,1.296000,0.035000,0.491000,1.213124,0.011868,0.382754,1.221771,0.040649,0.413488,0.003588,0.000184,-0.003952,0.999986,-0.047255,0.116093,0.492723,0.000047,0.000109,0.000376,0.138278,0.107471,1.094095,20.515006,5,0,0.000000,1,0.363695,0.752096,1,-1
4.223969,1.296000,0.035000,0.500000,1.246242,-0.020568,0.530913,1.221729,0.040875,0.423102,0.003319,-0.000752,-0.005272,0.999980,-0.046117,0.130839,0.494816,0.000046,0.000112,0.000338,0.080742,0.107070,3.212114,20.515006,5,0,0.000000,1,0.361263,0.742161,1,-1
4.240628,1.296000,0.035000,0.507000,1.242868,-0.000171,0.483647,1.221537,0.041862,0.431968,0.004158,-0.000427,-0.004759,0.999980,-0.051862,0.133897,0.498530,0.000045,0.000114,0.000320,0.067863,0.105932,3.249631,20.515006,5,0,0.000000,1,0.362353,0.744303,1,-1
4.257279,1.296000,0.035000,0.514000,1.223093,0.023202,0.473472,1.220752,0.043440,0.440684,0.003211,-0.000319,-0.004411,0.999985,-0.052771,0.129994,0.503596,0.000045,0.000115,0.000308,0.084245,0.105398,1.694984,20.515006,5,0,0.000000,1,0.362966,0.742913,1,-1
4.273896,1.296000,0.035000,0.524000,1.250226,-0.026424,0.530336,1.220730,0.043706,0.450388,0.001670,0.000167,-0.004880,0.999987,-0.049174,0.138628,0.509882,0.000043,0.000119,0.000280,0.076865,0.105641,1.172644,20.515006,5,0,0.000000,1,0.361135,0.742751,1,-1
4.307105,1.296000,0.036000,0.538000,1.226131,-0.027000,0.542201,1.219242,0.046339,0.468444,0.001186,-0.000024,-0.004952,0.999987,-0.054776,0.149745,0.522872,0.000043,0.000122,0.000253,0.094172,0.104099,1.396711,20.515006,5,0,0.000000,1,0.360763,0.741588,1,-1
4.323755,1.297000,0.036000,0.549000,1.284979,0.020276,0.529695,1.220200,0.048004,0.477874,0.003385,0.000441,-0.004293,0.999985,-0.053928,0.148680,0.527457,0.000039,0.000124,0.000234,0.027648,0.105363,3.991339,20.515006,5,0,0.000000,1,0.362841,0.739157,1,-1
4.340393,1.297000,0.036000,0.556000,1.270412,-0.000628,0.625474,1.220764,0.048982,0.488850,0.002939,0.000138,-0.004290,0.999986,-0.051607,0.141705,0.530821,0.000037,0.000126,0.000183,0.082917,0.102419,4.771022,20.515006,5,0,0.000000,1,0.361132,0.733561,1,-1
4.373603,1.297000,0.036000,0.574000,1.225527,-0.004125,0.540581,1.219211,0.051929,0.506859,0.003034,0.001147,-0.005669,0.999979,-0.056143,0.137139,0.540723,0.000036,0.000129,0.000170,0.088517,0.103984,2.075713,20.515006,5,0,0.000000,1,0.361447,0.739748,1,-1
4.390242,1.297000,0.036000,0.581000,1.290566,-0.028146,0.594233,1.220417,0.051846,0.516943,0.002280,0.000631,-0.004945,0.999985,-0.047536,0.141229,0.545168,0.000032,0.000133,0.000141,0.065812,0.101091,2.523813,20.515006,5,0,0.000000,1,0.360864,0.738340,1,-1
4.406875,1.297000,0.037000,0.589000,1.227697,0.013124,0.579353,1.219856,0.053024,0.526797,0.002026,0.000300,-0.005437,0.999983,-0.049622,0.144466,0.552117,0.000032,0.000136,0.000121,0.073933,0.100385,0.898714,20.515006,5,0,0.000000,1,0.361544,0.735300,1,-1
4.423504,1.297000,0.036000,0.600000,1.258751,-0.044600,0.575092,1.220131,0.052651,0.536666,0.003141,0.000207,-0.005148,0.999982,-0.051196,0.145504,0.558992,0.000030,0.000141,0.000106,0.092627,0.100981,4.264090,20.515006,5,0,0.000000,1,0.360202,0.740860,1,-1
4.442196,1.298000,0.036000,0.610000,1.216469,-0.003899,0.680044,1.219148,0.053566,0.548838,0.003228,0.000173,-0.005186,0.999981,-0.051142,0.145399,0.562051,0.000030,0.000144,0.000055,0.114653,0.101326,2.863924,20.515006,5,0,0.000000,1,0.359936,0.729625,1,-1
4.458783,1.298000,0.036000,0.618000,1.255064,-0.003198,0.611165,1.219361,0.054228,0.558703,0.003064,-0.000161,-0.004905,0.999983,-0.050520,0.143792,0.564564,0.000028,0.000147,0.000035,0.058538,0.100162,3.260551,20.515006,5,0,0.000000,1,0.361026,0.734645,1,-1
4.475449,1.298000,0.036000,0.626000,1.252236,-0.008462,0.590848,1.219503,0.054763,0.568268,0.003592,-0.000330,-0.005181,0.999980,-0.049129,0.147257,0.568752,0.000026,0.000150,0.000026,0.072849,0.099231,1.225372,20.515006,5,0,0.000000,1,0.361046,0.736546,1,-1
4.492093,1.298000,0.036000,0.637000,1.269578,-0.002367,0.617276,1.220092,0.055537,0.578294,0.003673,-0.001042,-0.004985,0.999980,-0.051395,0.146407,0.572127,0.000023,0.000153,0.000011,0.051661,0.099487,5.559262,20.515006,5,0,0.000000,1,0.361151,0.734281,1,-1
4.508714,1.298000,0.035000,0.645000,1.280255,-0.017685,0.639534,1.220915,0.055872,0.588657,0.003550,-0.000985,-0.005201,0.999980,-0.051997,0.147763,0.574122,0.000020,0.000157,-0.000009,0.055861,0.097736,1.880255,20.515006,5,0,0.000000,1,0.360619,0.734111,1,-1
4.525314,1.299000,0.035000,0.656000,1.274637,-0.012643,0.642667,1.221607,0.056253,0.598488,0.003606,-0.000763,-0.005599,0.999978,-0.050442,0.146846,0.574273,0.000017,0.000160,-0.000026,0.055148,0.098738,2.423830,20.515006,5,0,0.000000,1,0.360671,0.733419,1,-1
4.541958,1.299000,0.035000,0.664000,1.228595,0.017481,0.636765,1.221016,0.057486,0.608209,0.003100,-0.000716,-0.005374,0.999980,-0.050636,0.144315,0.572327,0.000017,0.000162,-0.000037,0.077495,0.098487,1.041496,20.515006,5,0,0.000000,1,0.361092,0.730817,1,-1
4.558636,1.299000,0.035000,0.675000,1.263302,-0.022807,0.702210,1.221360,0.057598,0.618914,0.003985,-0.000897,-0.005507,0.999976,-0.053280,0.146288,0.572859,0.000015,0.000166,-0.000070,0.073188,0.098409,1.393164,20.515006,5,0,0.000000,1,0.359696,0.730256,1,-1
4.575232,1.300000,0.035000,0.683000,1.278945,-0.011919,0.740157,1.222084,0.057988,0.630178,0.003163,-0.000602,-0.005354,0.999980,-0.053213,0.139137,0.575853,0.000012,0.000170,-0.000113,0.076887,0.096899,2.062201,20.515006,5,0,0.000000,1,0.359898,0.727205,1,-1
4.591802,1.300000,0.034000,0.691000,1.227361,0.020940,0.644168,1.221420,0.059116,0.639387,0.003019,-0.000437,-0.005525,0.999980,-0.051679,0.138709,0.581578,0.000011,0.000172,-0.000115,0.087408,0.097312,4.465790,20.515006,5,0,0.000000,1,0.361106,0.730005,1,-1
4.608466,1.300000,0.033000,0.702000,1.253207,-0.027214,0.695492,1.221491,0.058958,0.649482,0.001739,-0.001262,-0.005576,0.999982,-0.050112,0.143834,0.585808,0.000009,0.000176,-0.000134,0.076536,0.097957,2.386080,20.515006,5,0,0.000000,1,0.359503,0.730950,1,-1
4.625094,1.300000,0.032000,0.710000,1.267076,-0.007939,0.697403,1.221911,0.059435,0.659646,0.002325,-0.001746,-0.005433,0.999981,-0.053614,0.144370,0.593409,0.000007,0.000179,-0.000149,0.053270,0.096882,0.879181,20.515006,5,0,0.000000,1,0.360224,0.729356,1,-1
4.641735,1.301000,0.032000,0.718000,1.200239,-0.016326,0.706437,1.220455,0.059651,0.670039,0.002610,-0.000999,-0.005585,0.999981,-0.054992,0.140529,0.599822,0.000008,0.000183,-0.000163,0.112347,0.097736,1.971396,20.515006,5,0,0.000000,1,0.359158,0.728841,1,-1
4.658287,1.301000,0.031000,0.729000,1.264964,0.003939,0.733074,1.220862,0.060293,0.680311,0.001832,-0.000746,-0.005398,0.999983,-0.049648,0.140906,0.604914,0.000006,0.000186,-0.000185,0.045250,0.098238,2.249744,20.515006,5,0,0.000000,1,0.360240,0.726181,1,-1
4.674893,1.301000,0.030000,0.738000,1.249046,-0.003896,0.793956,1.220840,0.060748,0.691646,-0.000185,-0.002135,-0.005487,0.999983,-0.051730,0.137950,0.608004,0.000004,0.000189,-0.000226,0.083542,0.097569,4.685412,20.515006,5,0,0.000000,1,0.359324,0.723301,1,-1
4.691632,1.302000,0.030000,0.746000,1.252670,0.023196,0.738500,1.220884,0.061929,0.702056,-0.000737,-0.002690,-0.005919,0.999979,-0.051073,0.141073,0.606772,0.000002,0.000191,-0.000241,0.050359,0.097623,2.586650,20.515006,5,0,0.000000,1,0.360597,0.724145,1,-1
4.708222,1.302000,0.030000,0.757000,1.215728,0.008353,0.725435,1.219908,0.062734,0.712171,-0.001574,-0.002969,-0.005612,0.999979,-0.054497,0.138305,0.608718,0.000003,0.000194,-0.000246,0.094381,0.099097,0.917579,20.515006,5,0,0.000000,1,0.359867,0.725789,1,-1
4.724816,1.302000,0.029000,0.766000,1.268508,-0.018349,0.775511,1.220320,0.062776,0.723145,-0.003413,-0.003630,-0.005739,0.999971,-0.055650,0.137392,0.612496,0.000000,0.000198,-0.000267,0.058772,0.098230,2.558730,20.515006,5,0,0.000000,1,0.359289,0.725646,1,-1
4.741400,1.302000,0.028000,0.777000,1.235529,-0.018702,0.823867,1.219840,0.062791,0.734299,-0.004110,-0.003270,-0.005874,0.999969,-0.060400,0.144875,0.615091,-0.000001,0.000202,-0.000304,0.093787,0.098915,0.760774,20.515006,5,0,0.000000,1,0.358485,0.722868,1,-1
4.758068,1.303000,0.028000,0.785000,1.237395,0.006211,0.787816,1.219360,0.063560,0.744854,-0.005059,-0.003624,-0.006032,0.999962,-0.059980,0.143608,0.611864,-0.000002,0.000205,-0.000322,0.069185,0.099357,3.955497,20.515006,5,0,0.000000,1,0.359525,0.722685,1,-1
4.774675,1.303000,0.027000,0.794000,1.223221,-0.037704,0.838265,1.218468,0.063168,0.756131,-0.005183,-0.003718,-0.006253,0.999960,-0.065365,0.146180,0.610550,-0.000002,0.000210,-0.000355,0.111851,0.099438,3.884374,20.515006,5,0,0.000000,1,0.357645,0.723596,1,-1
4.791307,1.303000,0.027000,0.805000,1.242726,0.017153,0.707425,1.218042,0.064350,0.765268,-0.005546,-0.003275,-0.006512,0.999958,-0.067431,0.150695,0.610473,-0.000003,0.000213,-0.000331,0.115112,0.100953,1.150632,20.515006,5,0,0.000000,1,0.360575,0.726404,1,-1
4.807927,1.304000,0.026000,0.813000,1.246443,-0.034403,0.832140,1.217750,0.064041,0.775796,-0.005052,-0.003334,-0.006260,0.999962,-0.068701,0.149468,0.614131,-0.000005,0.000217,-0.000355,0.085602,0.101343,4.154004,20.515006,5,0,0.000000,1,0.358085,0.723831,1,-1
4.824497,1.304000,0.026000,0.822000,1.221142,0.013207,0.836982,1.216771,0.065072,0.786460,-0.005766,-0.002924,-0.006019,0.999961,-0.068108,0.153482,0.617915,-0.000005,0.000220,-0.000376,0.085168,0.101974,0.550676,20.515006,5,0,0.000000,1,0.359155,0.719490,1,-1
4.841155,1.304000,0.026000,0.830000,1.277309,-0.038397,0.801229,1.217311,0.064803,0.796607,-0.007301,-0.002743,-0.007087,0.999944,-0.066098,0.158225,0.624852,-0.000008,0.000225,-0.000378,0.075413,0.100677,6.306281,20.515006,5,0,0.000000,1,0.358605,0.725977,1,-1
4.857812,1.304000,0.025000,0.842000,1.263150,-0.053551,0.832789,1.217444,0.064329,0.807338,-0.006139,-0.002491,-0.007024,0.999953,-0.067840,0.167171,0.631945,-0.000011,0.000231,-0.000388,0.089016,0.101194,1.552544,20.515006,5,0,0.000000,1,0.357710,0.725479,1,-1
4.874425,1.304000,0.025000,0.851000,1.287179,-0.016212,0.898331,1.218239,0.064753,0.818562,-0.005106,-0.002403,-0.006208,0.999965,-0.068074,0.161785,0.638983,-0.000014,0.000235,-0.000422,0.064974,0.099938,8.820578,20.515006,5,0,0.000000,1,0.358768,0.719699,1,-1
4.891106,1.304000,0.025000,0.862000,1.278700,-0.015266,0.815245,1.218761,0.065131,0.828521,-0.004739,-0.001497,-0.006418,0.999967,-0.067137,0.161738,0.643428,-0.000018,0.000239,-0.000416,0.066689,0.099985,1.483940,20.515006,5,0,0.000000,1,0.359222,0.723393,1,-1
4.907702,1.305000,0.025000,0.871000,1.258054,-0.032997,0.797678,1.218777,0.065155,0.838195,-0.004831,-0.002719,-0.006862,0.999961,-0.063346,0.167371,0.643956,-0.000020,0.000244,-0.000399,0.104612,0.100613,2.644078,20.515006,5,0,0.000000,1,0.358538,0.725563,1,-1
4.924297,1.305000,0.024000,0.880000,1.289413,-0.032587,0.868906,1.219596,0.065284,0.848986,-0.003796,-0.002613,-0.006609,0.999968,-0.065462,0.168945,0.643041,-0.000023,0.000249,-0.000407,0.059733,0.099800,3.250628,20.515006,5,0,0.000000,1,0.358488,0.722307,1,-1
4.940990,1.305000,0.023000,0.892000,1.291174,-0.029854,0.816912,1.220379,0.065522,0.858921,-0.003808,-0.002724,-0.006195,0.999970,-0.067472,0.166764,0.639134,-0.000027,0.000253,-0.000389,0.092860,0.100315,1.877129,20.515006,5,0,0.000000,1,0.358948,0.724592,1,-1
4.957505,1.306000,0.024000,0.901000,1.266083,-0.035505,0.813368,1.220532,0.065438,0.868066,-0.004790,-0.003249,-0.006635,0.999961,-0.068612,0.164888,0.636426,-0.000029,0.000258,-0.000366,0.113197,0.100531,2.206805,20.515006,5,0,0.000000,1,0.358450,0.725023,1,-1
4.974194,1.305000,0.023000,0.909000,1.223157,-0.009476,0.944111,1.219505,0.066078,0.879275,-0.005220,-0.003807,-0.006841,0.999956,-0.072420,0.164702,0.633626,-0.000029,0.000262,-0.000393,0.094793,0.100243,2.654296,20.515006,5,0,0.000000,1,0.357783,0.716829,1,-1
4.990835,1.305000,0.023000,0.921000,1.309233,-0.023526,0.884956,1.220677,0.066375,0.889409,-0.005435,-0.003776,-0.006761,0.999955,-0.072160,0.167076,0.626323,-0.000034,0.000266,-0.000391,0.059007,0.099949,4.803944,20.515006,5,0,0.000000,1,0.358970,0.721022,1,-1
5.007489,1.306000,0.023000,0.929000,1.268134,-0.032973,0.977132,1.220746,0.066462,0.900861,-0.006741,-0.004348,-0.006846,0.999944,-0.072662,0.163655,0.619777,-0.000036,0.000271,-0.000424,0.082966,0.099745,4.766903,20.515006,5,0,0.000000,1,0.357522,0.717886,1,-1
5.024048,1.306000,0.023000,0.938000,1.298241,-0.074014,1.018439,1.221620,0.065326,0.912149,-0.007611,-0.004818,-0.007275,0.999933,-0.075078,0.165840,0.613193,-0.000040,0.000278,-0.000470,0.126263,0.097877,4.236105,20.515006,5,0,0.000000,1,0.356508,0.719931,1,-1
5.040654,1.306000,0.023000,0.949000,1.272038,-0.052318,0.967115,1.221714,0.064924,0.922578,-0.006285,-0.004075,-0.007273,0.999946,-0.079834,0.173078,0.611758,-0.000043,0.000284,-0.000490,0.084584,0.097775,6.009417,20.515006,5,0,0.000000,1,0.357031,0.719774,1,-1
5.057345,1.306000,0.022000,0.957000,1.265495,0.008149,0.940042,1.221575,0.066206,0.932577,-0.005291,-0.003361,-0.007034,0.999956,-0.079509,0.174905,0.609670,-0.000045,0.000287,-0.000493,0.046044,0.098379,1.238729,20.515006,5,0,0.000000,1,0.358925,0.715929,1,-1
5.073958,1.306000,0.022000,0.968000,1.310860,-0.034457,0.975277,1.222627,0.066365,0.943022,-0.003090,-0.003207,-0.007331,0.999963,-0.077921,0.172829,0.611595,-0.000050,0.000292,-0.000507,0.057131,0.097689,5.438130,20.515006,5,0,0.000000,1,0.358174,0.718376,1,-1
5.090570,1.306000,0.022000,0.977000,1.215121,-0.026511,0.902246,1.221162,0.066776,0.952367,-0.001251,-0.002555,-0.007465,0.999968,-0.080161,0.175406,0.613769,-0.000050,0.000297,-0.000485,0.127281,0.099041,1.491002,20.515006,5,0,0.000000,1,0.357431,0.719760,1,-1
5.107121,1.306000,0.022000,0.985000,1.243564,0.006766,0.881155,1.220494,0.067927,0.960857,-0.002023,-0.002510,-0.007523,0.999967,-0.081266,0.173482,0.616135,-0.000051,0.000299,-0.000449,0.122124,0.100018,6.684016,20.515006,5,0,0.000000,1,0.358939,0.718219,1,-1
5.123744,1.306000,0.022000,0.996000,1.307518,-0.020762,1.071037,1.221452,0.068407,0.972322,-0.000967,-0.002342,-0.007716,0.999967,-0.079596,0.176465,0.618195,-0.000055,0.000304,-0.000493,0.086380,0.099310,7.193956,20.515006,5,0,0.000000,1,0.358139,0.714474,1,-1
5.140406,1.307000,0.023000,1.005000,1.285886,-0.018566,1.060146,1.221832,0.068947,0.983600,-0.000415,-0.002589,-0.007183,0.999971,-0.079963,0.169951,0.619471,-0.000058,0.000308,-0.000527,0.072212,0.099109,3.818771,20.515006,5,0,0.000000,1,0.357873,0.714425,1,-1
5.157011,1.307000,0.023000,1.013000,1.264638,-0.034835,1.053834,1.221621,0.068962,0.994764,-0.000607,-0.002768,-0.007471,0.999968,-0.083029,0.166809,0.622791,-0.000061,0.000313,-0.000554,0.082503,0.098664,3.625394,20.515006,5,0,0.000000,1,0.357047,0.715689,1,-1
5.173690,1.306000,0.022000,1.024000,1.316179,-0.042244,1.042059,1.222761,0.068702,1.005156,0.000483,-0.003167,-0.007425,0.999967,-0.083299,0.167159,0.624314,-0.000066,0.000319,-0.000570,0.067505,0.097288,7.128051,20.515006,5,0,0.000000,1,0.357734,0.716935,1,-1
5.190217,1.307000,0.023000,1.033000,1.254491,0.026299,1.069600,1.222247,0.070174,1.015903,0.000584,-0.003091,-0.007171,0.999969,-0.085561,0.162976,0.621007,-0.000067,0.000321,-0.000594,0.064091,0.098493,2.228656,20.515006,5,0,0.000000,1,0.358665,0.710454,1,-1
5.206906,1.307000,0.022000,1.041000,1.234724,-0.023263,1.139457,1.221196,0.070336,1.027695,0.000256,-0.002892,-0.007513,0.999968,-0.088073,0.159055,0.617811,-0.000068,0.000326,-0.000645,0.130255,0.099376,3.042112,20.515006,5,0,0.000000,1,0.356609,0.712696,1,-1
5.223551,1.307000,0.023000,1.052000,1.234663,-0.027523,1.074798,1.220102,0.070374,1.038332,0.000967,-0.003246,-0.007982,0.999962,-0.091744,0.156561,0.610901,-0.000069,0.000331,-0.000661,0.091132,0.099912,4.119245,20.515006,5,0,0.000000,1,0.356719,0.714367,1,-1
5.240132,1.307000,0.023000,1.060000,1.270295,-0.033024,1.074172,1.219952,0.070092,1.048225,0.001935,-0.003188,-0.007874,0.999962,-0.095083,0.150698,0.604621,-0.000072,0.000336,-0.000673,0.068460,0.099668,4.260791,20.515006,5,0,0.000000,1,0.357112,0.715076,1,-1
5.256719,1.307000,0.022000,1.068000,1.260804,0.000749,1.045571,1.219505,0.070602,1.057578,0.001656,-0.003074,-0.007678,0.999964,-0.096885,0.143331,0.596724,-0.000074,0.000339,-0.000667,0.055576,0.100629,1.498079,20.515006,5,0,0.000000,1,0.358109,0.713114,1,-1
5.273376,1.307000,0.023000,1.079000,1.260950,-0.036937,1.139857,1.219048,0.070148,1.068283,0.000616,-0.003637,-0.008103,0.999960,-0.095415,0.145075,0.593796,-0.000076,0.000345,-0.000700,0.097039,0.100367,1.601809,20.515006,5,0,0.000000,1,0.356606,0.713926,1,-1
5.290092,1.307000,0.022000,1.086000,1.252890,-0.019311,1.131433,1.218359,0.070224,1.078811,0.000237,-0.003877,-0.008194,0.999959,-0.098415,0.147985,0.592632,-0.000078,0.000349,-0.000724,0.081845,0.101166,3.777203,20.515006,5,0,0.000000,1,0.357050,0.712678,1,-1
5.306635,1.308000,0.022000,1.094000,1.243731,-0.005572,1.043891,1.217390,0.070750,1.087888,0.000761,-0.002930,-0.008033,0.999963,-0.102652,0.155968,0.592026,-0.000079,0.000353,-0.000704,0.086033,0.103073,5.608784,20.515006,5,0,0.000000,1,0.357664,0.713518,1,-1
5.323230,1.307000,0.022000,1.105000,1.261147,-0.036846,1.072345,1.216936,0.070460,1.096836,0.001637,-0.001472,-0.008138,0.999964,-0.099763,0.161371,0.590025,-0.000081,0.000358,-0.000692,0.081436,0.102599,3.436463,20.515006,5,0,0.000000,1,0.356851,0.715347,1,-1
5.339905,1.308000,0.023000,1.112000,1.294397,-0.021623,1.091775,1.217348,0.070693,1.106058,0.002052,-0.000232,-0.008365,0.999963,-0.097289,0.164048,0.584044,-0.000085,0.000363,-0.000686,0.050846,0.102605,6.756180,20.515006,5,0,0.000000,1,0.357811,0.713963,1,-1
5.356536,1.307000,0.022000,1.123000,1.233679,0.001232,1.093779,1.216223,0.071511,1.115145,0.002857,-0.000095,-0.008043,0.999964,-0.097660,0.160838,0.577786,-0.000086,0.000366,-0.000676,0.081616,0.103699,1.874005,20.515006,5,0,0.000000,1,0.357507,0.711695,1,-1
5.373168,1.307000,0.021000,1.130000,1.273632,-0.020315,1.141182,1.216115,0.071720,1.124861,0.003678,0.000137,-0.008138,0.999960,-0.098088,0.153924,0.574452,-0.000089,0.000371,-0.000683,0.054271,0.104207,4.439386,20.515006,5,0,0.000000,1,0.357337,0.712733,1,-1
5.389745,1.307000,0.021000,1.140000,1.274160,-0.038226,1.132511,1.216099,0.071234,1.133832,0.002645,-0.000343,-0.007895,0.999965,-0.095151,0.144675,0.570909,-0.000092,0.000376,-0.000682,0.068134,0.104041,1.462534,20.515006,5,0,0.000000,1,0.356812,0.714251,1,-1
5.406362,1.308000,0.021000,1.148000,1.270893,-0.034590,1.174055,1.216004,0.070799,1.143374,0.000938,-0.001044,-0.008452,0.999963,-0.095596,0.144482,0.570102,-0.000095,0.000381,-0.000697,0.071736,0.104712,4.511352,20.515006,5,0,0.000000,1,0.356757,0.713270,1,-1
5.423066,1.308000,0.022000,1.156000,1.276264,-0.034555,1.164161,1.215981,0.070460,1.152762,0.000740,-0.001706,-0.008784,0.999960,-0.100091,0.147426,0.569418,-0.000098,0.000387,-0.000702,0.065362,0.104050,4.252933,20.515006,5,0,0.000000,1,0.356877,0.713452,1,-1
5.439666,1.307000,0.020000,1.166000,1.315340,-0.022969,1.195335,1.216861,0.070410,1.162507,0.000730,-0.001516,-0.008658,0.999961,-0.103963,0.143725,0.566984,-0.000103,0.000391,-0.000718,0.052692,0.103337,6.246650,20.515006,5,0,0.000000,1,0.357894,0.712416,1,-1
5.456307,1.308000,0.020000,1.173000,1.277469,-0.020040,1.219224,1.216710,0.070487,1.172581,0.001852,-0.001326,-0.008763,0.999959,-0.102709,0.147514,0.565870,-0.000106,0.000396,-0.000741,0.068352,0.104322,6.008512,20.515006,5,0,0.000000,1,0.357236,0.711683,1,-1
5.472822,1.308000,0.020000,1.181000,1.249264,-0.015612,1.186186,1.215929,0.070574,1.181565,0.001884,-0.000541,-0.008766,0.999960,-0.105842,0.143077,0.564283,-0.000108,0.000400,-0.000744,0.068884,0.105048,3.194516,20.515006,5,0,0.000000,1,0.356949,0.711516,1,-1
5.489611,1.308000,0.021000,1.191000,1.270164,-0.032913,1.209298,1.215626,0.070155,1.190890,0.001896,0.000307,-0.008810,0.999959,-0.105943,0.135589,0.559875,-0.000111,0.000405,-0.000754,0.068359,0.104639,1.369355,20.515006,5,0,0.000000,1,0.356719,0.712694,1,-1
5.506175,1.308000,0.020000,1.198000,1.276837,-0.068652,1.178866,1.215511,0.068780,1.199588,0.000864,0.000448,-0.009122,0.999958,-0.103547,0.132217,0.556468,-0.000114,0.000412,-0.000745,0.095897,0.104576,2.730225,20.515006,5,0,0.000000,1,0.355754,0.715776,1,-1
5.522769,1.308000,0.020000,1.205000,1.293735,-0.055639,1.166268,1.215817,0.067749,1.208082,0.000509,0.000374,-0.009187,0.999958,-0.102695,0.128562,0.551882,-0.000118,0.000418,-0.000725,0.086168,0.103861,2.395198,20.515006,5,0,0.000000,1,0.356513,0.715111,1,-1
5.539409,1.308000,0.019000,1.215000,1.248480,-0.015662,1.201836,1.215053,0.067569,1.216480,-0.000092,0.000169,-0.009098,0.999959,-0.104522,0.123127,0.545279,-0.000120,0.000422,-0.000718,0.070124,0.104883,3.882337,20.515006,5,0,0.000000,1,0.356898,0.711325,1,-1
5.556005,1.308000,0.020000,1.222000,1.298836,-0.040683,1.225587,1.215526,0.066756,1.225117,-0.000845,-0.000243,-0.009135,0.999958,-0.105633,0.122612,0.540268,-0.000124,0.000428,-0.000719,0.061476,0.103669,2.846152,20.515006,5,0,0.000000,1,0.356974,0.713297,1,-1
5.572657,1.308000,0.019000,1.229000,1.247182,-0.053018,1.228263,1.214620,0.065691,1.233752,-0.000189,-0.000726,-0.009261,0.999957,-0.108625,0.122044,0.534284,-0.000126,0.000434,-0.000717,0.094266,0.104510,1.948095,20.515006,5,0,0.000000,1,0.355635,0.713833,1,-1
5.589275,1.308000,0.019000,1.238000,1.256991,-0.000277,1.193640,1.213910,0.065973,1.241726,0.000607,-0.000462,-0.009232,0.999957,-0.113443,0.122057,0.529003,-0.000128,0.000437,-0.000693,0.070295,0.105230,2.129776,20.515006,5,0,0.000000,1,0.357533,0.710320,1,-1
5.605875,1.308000,0.019000,1.245000,1.315655,-0.030568,1.249612,1.214732,0.065429,1.249924,0.001263,0.000115,-0.009251,0.999956,-0.111847,0.124046,0.523076,-0.000133,0.000442,-0.000694,0.050368,0.104302,2.571074,20.515006,5,0,0.000000,1,0.357594,0.712464,1,-1
5.622447,1.309000,0.020000,1.252000,1.279804,-0.033078,1.274133,1.214635,0.064881,1.258422,0.001688,-0.000011,-0.009084,0.999957,-0.109615,0.122805,0.515817,-0.000137,0.000446,-0.000701,0.064494,0.104692,5.029017,20.515006,5,0,0.000000,1,0.356800,0.712274,1,-1
5.639135,1.308000,0.019000,1.261000,1.307753,-0.003902,1.252127,1.215263,0.065151,1.266479,0.002096,-0.000329,-0.009285,0.999955,-0.107740,0.130253,0.510058,-0.000141,0.000450,-0.000694,0.024562,0.103731,0.834743,20.515006,5,0,0.000000,1,0.358264,0.710425,1,-1
5.655804,1.309000,0.019000,1.268000,1.262059,-0.032920,1.251433,1.214706,0.064789,1.274408,0.002698,-0.000124,-0.009372,0.999952,-0.108227,0.131839,0.505684,-0.000144,0.000455,-0.000683,0.071928,0.105019,6.829388,20.515006,5,0,0.000000,1,0.356503,0.712267,1,-1
5.672384,1.309000,0.019000,1.274000,1.282806,-0.038292,1.237708,1.214662,0.064349,1.282048,0.003260,0.000535,-0.009010,0.999954,-0.108657,0.131466,0.503295,-0.000147,0.000460,-0.000661,0.072702,0.104980,5.620994,20.515006,5,0,0.000000,1,0.356731,0.712909,1,-1
5.689001,1.309000,0.019000,1.284000,1.279054,-0.028947,1.297093,1.214621,0.064007,1.290054,0.002824,0.001101,-0.008978,0.999955,-0.105653,0.126852,0.499640,-0.000151,0.000465,-0.000665,0.058026,0.104736,1.738685,20.515006,5,0,0.000000,1,0.356901,0.711889,1,-1
5.705611,1.309000,0.020000,1.289000,1.242011,-0.047166,1.268315,1.213675,0.063206,1.297538,0.002149,0.001484,-0.009409,0.999952,-0.103493,0.125715,0.491656,-0.000152,0.000470,-0.000651,0.097091,0.105008,2.340030,20.515006,5,0,0.000000,1,0.355668,0.713073,1,-1
5.722307,1.309000,0.017000,1.298000,1.265479,-0.007439,1.356467,1.213345,0.063396,1.306230,0.000588,0.000955,-0.009123,0.999958,-0.101615,0.119720,0.484543,-0.000155,0.000474,-0.000676,0.076875,0.106631,3.963510,20.515006,5,0,0.000000,1,0.357311,0.710272,1,-1
5.738903,1.310000,0.019000,1.304000,1.268840,-0.032674,1.290578,1.213097,0.062909,1.313765,0.000583,-0.000427,-0.009014,0.999959,-0.102095,0.121084,0.476657,-0.000158,0.000479,-0.000664,0.067412,0.106834,3.872702,20.515006,5,0,0.000000,1,0.356594,0.712108,1,-1
5.755512,1.310000,0.018000,1.311000,1.245589,-0.026824,1.355248,1.212334,0.062558,1.321707,0.002220,-0.001070,-0.008868,0.999958,-0.103325,0.124207,0.474341,-0.000160,0.000483,-0.000681,0.090088,0.107883,1.716952,20.515006,5,0,0.000000,1,0.356326,0.711534,1,-1
5.772121,1.310000,0.018000,1.317000,1.295946,-0.003039,1.340986,1.212821,0.062792,1.329374,0.002128,-0.001277,-0.008938,0.999957,-0.102675,0.116859,0.469869,-0.000164,0.000486,-0.000687,0.034864,0.107718,3.092470,20.515006,5,0,0.000000,1,0.358038,0.710117,1,-1
5.788741,1.310000,0.017000,1.325000,1.298949,-0.034922,1.346269,1.213341,0.062146,1.337058,0.001120,-0.001593,-0.009256,0.999955,-0.103562,0.112329,0.466083,-0.000168,0.000491,-0.000692,0.057188,0.107362,5.455132,20.515006,5,0,0.000000,1,0.357099,0.712462,1,-1
5.805405,1.310000,0.017000,1.331000,1.268683,-0.071325,1.337593,1.213050,0.060658,1.344540,0.000490,-0.001286,-0.009459,0.999954,-0.103744,0.116568,0.460547,-0.000171,0.000498,-0.000689,0.097733,0.107185,3.649158,20.515006,5,0,0.000000,1,0.355312,0.714856,1,-1
5.822029,1.311000,0.018000,1.339000,1.245386,-0.049491,1.424979,1.212205,0.059846,1.353191,0.000469,-0.001651,-0.009451,0.999954,-0.101440,0.119786,0.455256,-0.000173,0.000504,-0.000726,0.127485,0.108226,3.043074,20.515006,5,0,0.000000,1,0.355628,0.713626,1,-1
5.838549,1.311000,0.016000,1.345000,1.296284,-0.008703,1.322898,1.212736,0.059972,1.359771,0.001088,-0.001097,-0.009449,0.999954,-0.101330,0.117926,0.450283,-0.000177,0.000507,-0.000707,0.036267,0.108662,5.668904,20.515006,5,0,0.000000,1,0.357865,0.710505,1,-1
5.871868,1.311000,0.017000,1.358000,1.262536,-0.052837,1.393131,1.210699,0.060895,1.374692,0.001429,0.000502,-0.009318,0.999955,-0.104566,0.114573,0.438483,-0.000180,0.000513,-0.000717,0.091979,0.110751,3.106913,20.515006,5,0,0.000000,1,0.355822,0.713718,1,-1
5.888496,1.311000,0.017000,1.364000,1.273153,-0.015206,1.332956,1.210644,0.060787,1.381131,0.000946,0.000141,-0.009626,0.999953,-0.102921,0.115296,0.432379,-0.000184,0.000517,-0.000692,0.058595,0.110824,2.898679,20.515006,5,0,0.000000,1,0.357211,0.710831,1,-1
5.905123,1.312000,0.017000,1.371000,1.275009,-0.074219,1.399443,1.210689,0.059107,1.388062,0.001512,-0.000178,-0.009765,0.999951,-0.105048,0.114531,0.427072,-0.000187,0.000524,-0.000699,0.102461,0.111031,2.152386,20.515006,5,0,0.000000,1,0.355363,0.715351,1,-1
5.921686,1.312000,0.016000,1.377000,1.268546,-0.018088,1.352478,1.210509,0.058886,1.394194,0.002477,-0.000134,-0.009665,0.999950,-0.107997,0.112751,0.420281,-0.000190,0.000528,-0.000676,0.060429,0.111513,3.186783,20.515006,5,0,0.000000,1,0.357035,0.711056,1,-1
5.938444,1.312000,0.017000,1.382000,1.289404,-0.047049,1.402745,1.210807,0.057948,1.400963,0.003010,0.000013,-0.009566,0.999950,-0.108326,0.109287,0.412862,-0.000194,0.000533,-0.000677,0.071016,0.110799,1.340923,20.515006,5,0,0.000000,1,0.356559,0.713555,1,-1
5.954988,1.312000,0.017000,1.387000,1.278609,-0.019599,1.366572,1.210818,0.057675,1.407032,0.002837,0.000107,-0.009487,0.999951,-0.106501,0.105519,0.406012,-0.000198,0.000537,-0.000656,0.053589,0.110877,5.263736,20.515006,5,0,0.000000,1,0.357190,0.711294,1,-1
5.971610,1.312000,0.016000,1.394000,1.287316,-0.031995,1.364485,1.211163,0.056997,1.412585,0.002457,-0.000212,-0.009586,0.999951,-0.103097,0.105992,0.399976,-0.000202,0.000542,-0.000631,0.061513,0.110428,3.812822,20.515006,5,0,0.000000,1,0.356968,0.712237,1,-1
5.988218,1.312000,0.016000,1.399000,1.234458,-0.034073,1.421793,1.210158,0.056355,1.418946,0.002058,-0.000768,-0.009647,0.999951,-0.104027,0.110856,0.398247,-0.000203,0.000547,-0.000632,0.095077,0.111347,3.113385,20.515006,5,0,0.000000,1,0.355919,0.712417,1,-1
6.004900,1.313000,0.017000,1.404000,1.315338,-0.050313,1.349598,1.211183,0.055435,1.424193,0.002671,-0.000683,-0.009780,0.999948,-0.104501,0.115214,0.395157,-0.000209,0.000552,-0.000592,0.086580,0.110687,2.137461,20.515006,5,0,0.000000,1,0.356942,0.713672,1,-1
6.021487,1.313000,0.016000,1.411000,1.279234,-0.041915,1.366660,1.211261,0.054795,1.429643,0.003310,-0.000969,-0.009735,0.999947,-0.104193,0.113902,0.393568,-0.000212,0.000557,-0.000559,0.080376,0.110469,4.206776,20.515006,5,0,0.000000,1,0.356489,0.712904,1,-1
6.038116,1.313000,0.016000,1.415000,1.273647,-0.015745,1.418325,1.211144,0.054857,1.435876,0.003539,-0.001370,-0.009696,0.999946,-0.105226,0.113921,0.390828,-0.000216,0.000561,-0.000549,0.050670,0.110997,6.572416,20.515006,5,0,0.000000,1,0.357263,0.711357,1,-1
6.054684,1.313000,0.016000,1.422000,1.284946,0.007589,1.447101,1.211367,0.055414,1.442070,0.003707,-0.001788,-0.009814,0.999943,-0.108141,0.113611,0.384845,-0.000220,0.000563,-0.000552,0.038572,0.110840,2.620811,20.515006,5,0,0.000000,1,0.358270,0.710090,1,-1
6.071322,1.314000,0.018000,1.426000,1.312191,-0.035490,1.448777,1.212220,0.054854,1.448168,0.003292,-0.002401,-0.009722,0.999944,-0.107371,0.107497,0.375671,-0.000225,0.000568,-0.000553,0.058166,0.110493,3.038363,20.515006,5,0,0.000000,1,0.357494,0.713353,1,-1
6.087992,1.313000,0.016000,1.433000,1.273617,-0.040927,1.422022,1.212054,0.054103,1.453741,0.002351,-0.003249,-0.009586,0.999946,-0.107427,0.104245,0.367425,-0.000228,0.000573,-0.000535,0.070088,0.109873,1.607237,20.515006,5,0,0.000000,1,0.356461,0.713187,1,-1
6.104595,1.314000,0.016000,1.437000,1.288312,-0.037050,1.470116,1.212245,0.053473,1.459866,0.000815,-0.004085,-0.009583,0.999945,-0.109692,0.102842,0.360208,-0.000233,0.000578,-0.000541,0.067608,0.110821,3.403779,20.515006,5,0,0.000000,1,0.356979,0.713595,1,-1
6.121233,1.314000,0.017000,1.441000,1.295787,-0.022446,1.414113,1.212651,0.053097,1.464691,-0.000250,-0.004409,-0.009897,0.999941,-0.111324,0.098755,0.353014,-0.000237,0.000581,-0.000514,0.051094,0.110163,4.588603,20.515006,5,0,0.000000,1,0.357498,0.711948,1,-1
6.137807,1.314000,0.017000,1.446000,1.296534,-0.033747,1.430444,1.213005,0.052417,1.469647,-0.000832,-0.005207,-0.009830,0.999938,-0.114438,0.094351,0.344046,-0.000241,0.000586,-0.000493,0.055877,0.109607,3.528536,20.515006,5,0,0.000000,1,0.357179,0.712918,1,-1
6.154495,1.314000,0.016000,1.451000,1.276658,-0.029192,1.535399,1.212777,0.051863,1.476037,-0.000769,-0.005839,-0.009783,0.999935,-0.117520,0.093844,0.336135,-0.000245,0.000590,-0.000525,0.102762,0.110268,1.741218,20.515006,5,0,0.000000,1,0.357167,0.714122,1,-1
6.171084,1.314000,0.017000,1.455000,1.352228,-0.062491,1.422443,1.214372,0.050497,1.480852,-0.001217,-0.005720,-0.009644,0.999936,-0.119951,0.092271,0.323682,-0.000253,0.000597,-0.000471,0.094022,0.108241,1.071673,20.515006,5,0,0.000000,1,0.357452,0.715172,1,-1
6.187740,1.314000,0.018000,1.460000,1.288885,-0.032682,1.450538,1.214282,0.049868,1.485633,-0.002807,-0.005672,-0.009813,0.999932,-0.121092,0.089555,0.317129,-0.000257,0.000601,-0.000452,0.057350,0.107779,2.358708,20.515006,5,0,0.000000,1,0.357090,0.713027,1,-1
6.204360,1.314000,0.017000,1.464000,1.301032,-0.051037,1.417204,1.214574,0.048673,1.489718,-0.004449,-0.006074,-0.009941,0.999922,-0.122648,0.085130,0.307209,-0.000261,0.000606,-0.000392,0.083588,0.107472,3.848638,20.515006,5,0,0.000000,1,0.356690,0.714032,1,-1
6.220935,1.313000,0.017000,1.468000,1.267128,-0.031381,1.424901,1.213972,0.048004,1.493345,-0.006460,-0.006947,-0.010047,0.999905,-0.123158,0.085534,0.297643,-0.000264,0.000611,-0.000373,0.079388,0.106818,2.362475,20.515006,5,0,0.000000,1,0.356643,0.712493,1,-1
6.270835,1.312000,0.018000,1.480000,1.299876,-0.037333,1.547599,1.210040,0.050471,1.508358,-0.006660,-0.005972,-0.010174,0.999908,-0.136865,0.107351,0.292078,-0.000269,0.000616,-0.000394,0.088195,0.110700,3.814020,20.515006,5,0,0.000000,1,0.357454,0.715103,1,-1
6.287461,1.312000,0.019000,1.483000,1.321385,-0.056810,1.546053,1.210859,0.049281,1.513522,-0.004680,-0.004741,-0.009974,0.999928,-0.136915,0.104483,0.291617,-0.000276,0.000621,-0.000413,0.099050,0.109900,2.609050,20.515006,5,0,0.000000,1,0.357296,0.716530,1,-1
6.304149,1.312000,0.019000,1.487000,1.271907,-0.032983,1.514524,1.210289,0.048751,1.518183,-0.003414,-0.003752,-0.010323,0.999934,-0.140370,0.102910,0.292855,-0.000279,0.000626,-0.000411,0.071185,0.110465,0.143073,20.515006,5,0,0.000000,1,0.356879,0.713938,1,-1
6.320733,1.311000,0.020000,1.491000,1.285464,-0.019643,1.466771,1.210018,0.048616,1.522118,-0.001407,-0.002542,-0.010420,0.999941,-0.140841,0.106478,0.293153,-0.000284,0.000630,-0.000379,0.053016,0.109474,9.260728,20.515006,5,0,0.000000,1,0.357470,0.712304,1,-1
6.337307,1.311000,0.021000,1.495000,1.268735,-0.023599,1.533488,1.209418,0.048414,1.526789,0.000792,-0.001561,-0.010181,0.999947,-0.139230,0.115367,0.291108,-0.000287,0.000634,-0.000383,0.072503,0.109914,1.471670,20.515006,5,0,0.000000,1,0.357172,0.713637,1,-1
6.353977,1.310000,0.022000,1.498000,1.347581,-0.055730,1.520398,1.210926,0.047517,1.531288,0.003345,-0.000678,-0.010186,0.999942,-0.134107,0.119549,0.285622,-0.000295,0.000640,-0.000373,0.089196,0.107587,6.360141,20.515006,5,0,0.000000,1,0.357850,0.716087,1,-1
6.370565,1.310000,0.023000,1.502000,1.284247,-0.035465,1.577326,1.210725,0.047218,1.536485,0.005760,0.000079,-0.010095,0.999932,-0.133631,0.117320,0.280507,-0.000299,0.000645,-0.000397,0.098769,0.107848,3.974838,20.515006,5,0,0.000000,1,0.357282,0.715565,1,-1
6.387269,1.309000,0.024000,1.505000,1.314775,-0.034514,1.573308,1.211314,0.046894,1.541501,0.006603,0.000446,-0.009678,0.999931,-0.132332,0.109183,0.273339,-0.000305,0.000649,-0.000416,0.090129,0.106767,2.291748,20.515006,5,0,0.000000,1,0.357988,0.715606,1,-1
6.403831,1.309000,0.025000,1.509000,1.316581,-0.020037,1.547132,1.211960,0.046869,1.545933,0.005357,0.000374,-0.009540,0.999940,-0.127686,0.103792,0.261101,-0.000311,0.000653,-0.000416,0.059497,0.106109,2.359048,20.515006,5,0,0.000000,1,0.358390,0.714014,1,-1
6.420479,1.308000,0.025000,1.511000,1.325892,-0.021669,1.524556,1.212969,0.046695,1.549600,0.003814,-0.000091,-0.009832,0.999944,-0.126081,0.103701,0.251407,-0.000318,0.000657,-0.000401,0.051787,0.104840,3.360890,20.515006,5,0,0.000000,1,0.358466,0.713710,1,-1
6.437047,1.308000,0.026000,1.515000,1.273781,-0.036749,1.528669,1.212556,0.046139,1.553184,0.003315,0.000429,-0.009952,0.999945,-0.130131,0.102620,0.244487,-0.000321,0.000661,-0.000386,0.072769,0.104753,1.761979,20.515006,5,0,0.000000,1,0.356838,0.714487,1,-1
6.453763,1.307000,0.027000,1.518000,1.267281,-0.021565,1.547279,1.211897,0.046024,1.556930,0.003815,0.002071,-0.009994,0.999941,-0.129385,0.103107,0.234812,-0.000324,0.000665,-0.000380,0.069234,0.104508,2.836674,20.515006,5,0,0.000000,1,0.357252,0.713780,1,-1
6.470374,1.307000,0.028000,1.521000,1.303914,-0.023825,1.493916,1.212237,0.045839,1.559723,0.004401,0.003472,-0.009933,0.999935,-0.126214,0.099845,0.230854,-0.000329,0.000669,-0.000342,0.058557,0.103913,5.578570,20.515006,5,0,0.000000,1,0.357803,0.713149,1,-1
6.486955,1.306000,0.028000,1.523000,1.284024,-0.004505,1.541523,1.212176,0.046044,1.562974,0.004820,0.003956,-0.009932,0.999931,-0.124267,0.097489,0.226778,-0.000333,0.000671,-0.000329,0.043389,0.103569,1.858739,20.515006,5,0,0.000000,1,0.358135,0.712586,1,-1
6.503611,1.306000,0.030000,1.526000,1.283923,-0.041112,1.579564,1.212108,0.045336,1.566738,0.005261,0.004424,-0.009820,0.999928,-0.120639,0.100721,0.224640,-0.000337,0.000676,-0.000337,0.091724,0.103491,5.019886,20.515006,5,0,0.000000,1,0.357099,0.716003,1,-1
6.520222,1.305000,0.031000,1.528000,1.287892,-0.012732,1.529347,1.212209,0.045459,1.569726,0.007395,0.004525,-0.009844,0.999914,-0.115193,0.101770,0.223759,-0.000341,0.000679,-0.000313,0.046979,0.102764,1.102321,20.515006,5,0,0.000000,1,0.357917,0.712931,1,-1
6.536861,1.305000,0.031000,1.530000,1.299412,-0.025312,1.534246,1.212602,0.045222,1.572753,0.008660,0.004674,-0.009878,0.999903,-0.114611,0.095714,0.220213,-0.000346,0.000683,-0.000291,0.056748,0.102799,2.825089,20.515006,5,0,0.000000,1,0.357785,0.713986,1,-1
6.553451,1.304000,0.033000,1.533000,1.285444,-0.016338,1.534695,1.212728,0.045128,1.575536,0.010430,0.005189,-0.010138,0.999881,-0.114291,0.098843,0.218116,-0.000350,0.000686,-0.000266,0.052740,0.101425,2.139590,20.515006,5,0,0.000000,1,0.357767,0.713276,1,-1
6.570036,1.304000,0.036000,1.535000,1.280438,-0.022740,1.547076,1.212688,0.044940,1.578503,0.012903,0.006363,-0.009953,0.999847,-0.113930,0.099451,0.217535,-0.000354,0.000690,-0.000248,0.064431,0.101540,3.402198,20.515006,5,0,0.000000,1,0.357496,0.713952,1,-1
6.586705,1.303000,0.034000,1.537000,1.314057,-0.016004,1.533711,1.213480,0.044856,1.581395,0.014725,0.007644,-0.009601,0.999816,-0.111855,0.086711,0.208105,-0.000359,0.000693,-0.000195,0.051317,0.100512,4.868219,20.515006,5,0,0.000000,1,0.358410,0.713429,1,-1
6.603365,1.303000,0.036000,1.540000,1.311419,-0.029163,1.604929,1.214227,0.044267,1.585216,0.015539,0.007683,-0.010041,0.999799,-0.106134,0.077051,0.200376,-0.000365,0.000697,-0.000184,0.092374,0.099967,4.078103,20.515006,5,0,0.000000,1,0.358229,0.716045,1,-1
6.619959,1.303000,0.036000,1.541000,1.261982,-0.049708,1.576082,1.213738,0.043073,1.588201,0.016801,0.007686,-0.010117,0.999778,-0.105478,0.070157,0.196689,-0.000368,0.000703,-0.000197,0.101287,0.101221,3.853380,20.515006,5,0,0.000000,1,0.356322,0.716350,1,-1
6.636556,1.302000,0.038000,1.543000,1.285428,0.006725,1.576446,1.213947,0.043219,1.591056,0.018776,0.008628,-0.009518,0.999741,-0.102912,0.068308,0.191870,-0.000372,0.000705,-0.000188,0.048697,0.100449,4.073007,20.515006,5,0,0.000000,1,0.358652,0.712638,1,-1
6.669851,1.302000,0.039000,1.546000,1.263893,-0.000221,1.543949,1.212124,0.043959,1.596249,0.020472,0.009495,-0.009839,0.999697,-0.093723,0.051363,0.182811,-0.000374,0.000707,-0.000177,0.054723,0.103089,1.037487,20.515006,5,0,0.000000,1,0.357847,0.712188,1,-1
6.686434,1.302000,0.039000,1.549000,1.287872,-0.036682,1.659969,1.212618,0.042666,1.600138,0.020892,0.010208,-0.009951,0.999680,-0.090081,0.047342,0.180476,-0.000379,0.000711,-0.000214,0.135061,0.103042,5.418658,20.515006,5,0,0.000000,1,0.357720,0.718052,1,-1
6.703096,1.301000,0.040000,1.550000,1.279024,-0.012440,1.599320,1.212913,0.041950,1.603056,0.021699,0.010542,-0.009971,0.999659,-0.086112,0.039451,0.178303,-0.000383,0.000714,-0.000212,0.075269,0.102850,3.904912,20.515006,5,0,0.000000,1,0.358004,0.714521,1,-1
6.719682,1.301000,0.040000,1.551000,1.268330,0.000265,1.591054,1.213002,0.041426,1.605814,0.022782,0.010451,-0.009871,0.999637,-0.086403,0.030981,0.178605,-0.000386,0.000717,-0.000181,0.065196,0.103684,5.223523,20.515006,5,0,0.000000,1,0.358136,0.713338,1,-1
6.736306,1.301000,0.043000,1.553000,1.298446,-0.000663,1.543452,1.213875,0.040768,1.607720,0.022996,0.010436,-0.009709,0.999634,-0.082668,0.025121,0.177837,-0.000391,0.000719,-0.000140,0.044768,0.102908,1.578955,20.515006,5,0,0.000000,1,0.358580,0.712464,1,-1
6.752992,1.301000,0.042000,1.555000,1.268675,0.006248,1.679726,1.214003,0.040201,1.611626,0.021551,0.009828,-0.009656,0.999673,-0.078166,0.013043,0.173111,-0.000394,0.000721,-0.000182,0.133715,0.103818,1.643667,20.515006,5,0,0.000000,1,0.358776,0.715674,1,-1
6.769551,1.301000,0.041000,1.556000,1.293542,-0.016239,1.590996,1.214809,0.038844,1.614078,0.018657,0.008172,-0.009803,0.999744,-0.076155,0.000828,0.168934,-0.000398,0.000724,-0.000168,0.067503,0.103955,4.169619,20.515006,5,0,0.000000,1,0.358171,0.714664,1,-1
6.786197,1.301000,0.041000,1.557000,1.295190,-0.029307,1.634065,1.215690,0.037085,1.617019,0.018324,0.006939,-0.010188,0.999756,-0.077193,-0.002606,0.168127,-0.000403,0.000728,-0.000178,0.104479,0.104381,1.772075,20.515006,5,0,0.000000,1,0.357993,0.716790,1,-1
6.802775,1.300000,0.041000,1.559000,1.252539,0.003060,1.634693,1.215407,0.036144,1.619886,0.018329,0.006577,-0.009737,0.999763,-0.078959,-0.008163,0.162210,-0.000405,0.000730,-0.000187,0.097064,0.104340,4.455856,20.515006,5,0,0.000000,1,0.358079,0.714274,1,-1
6.819466,1.301000,0.041000,1.560000,1.325826,-0.024393,1.625867,1.217002,0.034394,1.622504,0.016856,0.005960,-0.009876,0.999791,-0.075576,-0.015460,0.157109,-0.000411,0.000733,-0.000190,0.096078,0.104910,2.044333,20.515006,5,0,0.000000,1,0.358833,0.716421,1,-1
6.836116,1.301000,0.041000,1.561000,1.289000,0.003821,1.660355,1.217636,0.033422,1.625605,0.017425,0.005845,-0.010301,0.999778,-0.073525,-0.010288,0.154800,-0.000415,0.000734,-0.000212,0.106760,0.105739,3.862640,20.515006,5,0,0.000000,1,0.359054,0.715335,1,-1
6.852655,1.301000,0.042000,1.562000,1.292425,-0.017163,1.582435,1.218429,0.031979,1.627328,0.017441,0.006350,-0.009607,0.999782,-0.072034,-0.011557,0.151405,-0.000419,0.000737,-0.000183,0.063178,0.105765,2.070902,20.515006,5,0,0.000000,1,0.358078,0.714496,1,-1
6.869334,1.301000,0.040000,1.563000,1.296929,-0.019398,1.647634,1.219351,0.030491,1.629932,0.016918,0.006644,-0.009530,0.999789,-0.064329,-0.011149,0.149779,-0.000423,0.000740,-0.000215,0.103477,0.106005,3.480635,20.515006,5,0,0.000000,1,0.358427,0.716556,1,-1
6.885955,1.300000,0.040000,1.565000,1.293997,-0.017298,1.567593,1.220255,0.029096,1.631365,0.016380,0.006275,-0.009890,0.999797,-0.060054,-0.010197,0.148686,-0.000427,0.000742,-0.000175,0.057670,0.104319,5.939380,20.515006,5,0,0.000000,1,0.358048,0.714147,1,-1
6.902539,1.301000,0.040000,1.565000,1.253478,-0.017444,1.640274,1.220158,0.027753,1.633863,0.014780,0.005794,-0.009619,0.999828,-0.058871,-0.010994,0.144985,-0.000429,0.000745,-0.000179,0.105945,0.106900,5.108309,20.515006,5,0,0.000000,1,0.357472,0.715865,1,-1
6.919232,1.301000,0.039000,1.566000,1.293586,-0.014374,1.648320,1.221084,0.026463,1.636410,0.012329,0.004522,-0.009201,0.999871,-0.054890,-0.015285,0.142138,-0.000433,0.000747,-0.000187,0.098389,0.107244,3.782386,20.515006,5,0,0.000000,1,0.358515,0.716213,1,-1
6.935767,1.301000,0.039000,1.567000,1.319652,-0.048575,1.681358,1.222737,0.024356,1.639387,0.010232,0.002548,-0.009568,0.999899,-0.052249,-0.015084,0.141067,-0.000439,0.000751,-0.000189,0.145241,0.107608,4.844680,20.515006,5,0,0.000000,1,0.358208,0.719778,1,-1
6.952389,1.301000,0.040000,1.567000,1.276004,-0.000091,1.639416,1.223249,0.023486,1.641603,0.008244,0.001107,-0.009599,0.999919,-0.054487,-0.018153,0.138283,-0.000441,0.000752,-0.000188,0.086465,0.109011,3.396313,20.515006,5,0,0.000000,1,0.358521,0.714824,1,-1
6.969096,1.301000,0.038000,1.568000,1.304692,-0.034727,1.603331,1.224413,0.021715,1.643203,0.006595,0.000481,-0.009459,0.999933,-0.057189,-0.018886,0.134568,-0.000446,0.000755,-0.000163,0.080939,0.108564,1.294994,20.515006,5,0,0.000000,1,0.357884,0.716333,1,-1
6.985653,1.301000,0.037000,1.569000,1.294390,-0.019205,1.675195,1.225237,0.020399,1.645828,0.006348,0.000730,-0.009626,0.999933,-0.059793,-0.018379,0.135414,-0.000450,0.000757,-0.000204,0.120333,0.109170,2.568710,20.515006,5,0,0.000000,1,0.358530,0.717439,1,-1
7.002264,1.300000,0.036000,1.570000,1.293190,-0.014314,1.672730,1.226021,0.019237,1.648318,0.006839,0.001138,-0.009724,0.999929,-0.059835,-0.020702,0.133822,-0.000453,0.000759,-0.000219,0.114593,0.109030,1.694607,20.515006,5,0,0.000000,1,0.358645,0.717016,1,-1
7.018859,1.300000,0.036000,1.570000,1.284329,-0.045578,1.688005,1.226538,0.017282,1.650987,0.006308,0.001564,-0.009697,0.999932,-0.059326,-0.020259,0.129643,-0.000456,0.000762,-0.000242,0.144311,0.110932,3.583257,20.515006,5,0,0.000000,1,0.357503,0.719572,1,-1
7.035561,1.300000,0.036000,1.571000,1.283775,-0.029419,1.607490,1.227037,0.015846,1.652381,0.005512,0.002337,-0.009915,0.999933,-0.058546,-0.013018,0.127156,-0.000459,0.000765,-0.000214,0.076645,0.111143,4.775694,20.515006,5,0,0.000000,1,0.357599,0.715943,1,-1
7.052158,1.300000,0.036000,1.571000,1.284150,-0.004011,1.602512,1.227510,0.015152,1.653668,0.005709,0.003068,-0.009787,0.999931,-0.059777,-0.009854,0.125127,-0.000462,0.000766,-0.000182,0.053340,0.111908,1.913964,20.515006,5,0,0.000000,1,0.358401,0.714066,1,-1
7.068751,1.300000,0.036000,1.572000,1.284966,-0.014969,1.653120,1.228026,0.014248,1.655577,0.006437,0.003634,-0.009616,0.999926,-0.060617,-0.010056,0.122880,-0.000465,0.000767,-0.000181,0.096976,0.112421,2.574117,20.515006,5,0,0.000000,1,0.358322,0.716345,1,-1
7.085370,1.300000,0.036000,1.572000,1.312714,-0.063274,1.701522,1.229208,0.012163,1.658136,0.005573,0.003964,-0.009508,0.999931,-0.057236,-0.011690,0.118711,-0.000470,0.000771,-0.000209,0.163685,0.114013,3.506994,20.515006,5,0,0.000000,1,0.357671,0.721409,1,-1
7.102029,1.300000,0.035000,1.573000,1.295725,-0.020010,1.663372,1.229981,0.011150,1.660071,0.004866,0.004032,-0.009622,0.999934,-0.054757,-0.015602,0.115232,-0.000474,0.000773,-0.000211,0.105884,0.114249,3.289999,20.515006,5,0,0.000000,1,0.358467,0.717102,1,-1
7.118655,1.300000,0.035000,1.573000,1.302913,-0.007755,1.668019,1.230926,0.010414,1.662011,0.003709,0.004073,-0.009390,0.999941,-0.053505,-0.016661,0.111641,-0.000477,0.000774,-0.000215,0.104236,0.115319,1.410810,20.515006,5,0,0.000000,1,0.359057,0.716484,1,-1
7.135289,1.300000,0.035000,1.573000,1.268234,-0.005349,1.629727,1.230986,0.009781,1.663325,0.003266,0.004057,-0.009401,0.999942,-0.053206,-0.012715,0.109206,-0.000479,0.000774,-0.000194,0.076519,0.116437,2.725384,20.515006,5,0,0.000000,1,0.358132,0.714827,1,-1
7.151906,1.299000,0.035000,1.574000,1.267465,0.013440,1.629764,1.231104,0.009740,1.664525,0.003430,0.003951,-0.009352,0.999943,-0.049938,-0.004945,0.110005,-0.000481,0.000774,-0.000172,0.067593,0.115943,1.209394,20.515006,5,0,0.000000,1,0.358707,0.713524,1,-1
7.168504,1.299000,0.034000,1.574000,1.333959,-0.014061,1.598924,1.232891,0.009084,1.665271,0.004441,0.004062,-0.009179,0.999940,-0.048289,-0.004410,0.109327,-0.000486,0.000775,-0.000130,0.064445,0.115419,4.680271,20.515006,5,0,0.000000,1,0.359221,0.715005,1,-1
7.185184,1.299000,0.035000,1.574000,1.326560,0.005293,1.596868,1.234432,0.008890,1.666002,0.004940,0.004772,-0.009081,0.999935,-0.048441,-0.008288,0.109939,-0.000491,0.000776,-0.000087,0.046530,0.115391,2.931961,20.515006,5,0,0.000000,1,0.359644,0.713574,1,-1
7.201811,1.299000,0.036000,1.575000,1.317642,-0.017347,1.583150,1.235734,0.008103,1.666542,0.004799,0.004880,-0.009072,0.999935,-0.046011,-0.008446,0.110682,-0.000495,0.000777,-0.000035,0.057095,0.114720,3.232645,20.515006,5,0,0.000000,1,0.358653,0.714701,1,-1
7.218425,1.299000,0.036000,1.575000,1.302277,-0.016717,1.659728,1.236689,0.007381,1.668149,0.004689,0.004832,-0.009285,0.999934,-0.043149,-0.006356,0.110364,-0.000499,0.000778,-0.000030,0.099843,0.115665,6.863905,20.515006,5,0,0.000000,1,0.358707,0.716806,1,-1
7.237069,1.299000,0.035000,1.576000,1.294756,-0.017413,1.742722,1.237338,0.006678,1.671186,0.006180,0.005843,-0.009529,0.999918,-0.046089,-0.006313,0.108720,-0.000502,0.000779,-0.000075,0.174818,0.116896,1.489454,20.515006,5,0,0.000000,1,0.359037,0.719874,1,-1
7.253717,1.298000,0.035000,1.576000,1.278448,-0.009598,1.635167,1.237633,0.006150,1.672366,0.008164,0.006364,-0.009318,0.999903,-0.045989,-0.010288,0.108173,-0.000504,0.000780,-0.000052,0.076629,0.117315,1.990224,20.515006,5,0,0.000000,1,0.358252,0.715363,1,-1
7.287035,1.298000,0.034000,1.577000,1.320754,-0.035673,1.660507,1.238332,0.004501,1.675551,0.008714,0.007725,-0.009011,0.999892,-0.041731,-0.025184,0.099521,-0.000509,0.000782,-0.000046,0.111110,0.118923,4.837084,20.515006,5,0,0.000000,1,0.358537,0.718228,1,-1
7.303556,1.298000,0.036000,1.576000,1.274861,-0.016502,1.624432,1.238637,0.003551,1.676263,0.008789,0.007873,-0.009121,0.999889,-0.039087,-0.026983,0.094159,-0.000511,0.000783,-0.000013,0.075084,0.120953,4.495430,20.515006,5,0,0.000000,1,0.357897,0.715483,1,-1
7.320207,1.298000,0.037000,1.576000,1.283311,0.014919,1.602939,1.239184,0.003430,1.676609,0.009251,0.008177,-0.009285,0.999881,-0.034816,-0.023750,0.090170,-0.000513,0.000783,0.000035,0.037803,0.121278,2.477744,20.515006,5,0,0.000000,1,0.358976,0.712759,1,-1
7.336860,1.298000,0.037000,1.576000,1.317829,0.004160,1.717506,1.240650,0.003100,1.678674,0.009942,0.008536,-0.009302,0.999871,-0.031585,-0.019975,0.091005,-0.000517,0.000783,0.000010,0.146614,0.122393,3.580844,20.515006,5,0,0.000000,1,0.360117,0.717602,1,-1
7.353535,1.297000,0.034000,1.577000,1.301894,-0.020607,1.666206,1.241702,0.002184,1.679936,0.011587,0.009232,-0.008933,0.999850,-0.029284,-0.020651,0.088479,-0.000520,0.000784,0.000018,0.104707,0.121103,4.038147,20.515006,5,0,0.000000,1,0.358609,0.717281,1,-1
7.370067,1.298000,0.035000,1.577000,1.301503,-0.054057,1.660500,1.242802,0.000422,1.680963,0.012138,0.009546,-0.008788,0.999842,-0.023743,-0.026001,0.084381,-0.000523,0.000787,0.000032,0.122129,0.122681,3.029100,20.515006,5,0,0.000000,1,0.357464,0.719318,1,-1
7.386661,1.298000,0.036000,1.577000,1.324037,-0.024086,1.704506,1.244505,-0.000652,1.682605,0.011579,0.008994,-0.008612,0.999855,-0.018013,-0.031783,0.084400,-0.000528,0.000788,0.000015,0.143339,0.123926,2.250215,20.515006,5,0,0.000000,1,0.359275,0.719029,1,-1
7.403331,1.298000,0.037000,1.576000,1.309077,-0.014401,1.724747,1.245904,-0.001514,1.684563,0.011072,0.007457,-0.008585,0.999874,-0.009391,-0.034480,0.083985,-0.000531,0.000788,-0.000012,0.157767,0.126425,0.527415,20.515006,5,0,0.000000,1,0.359358,0.719058,1,-1
7.419974,1.298000,0.035000,1.577000,1.301414,-0.035585,1.585580,1.247193,-0.002966,1.684398,0.011535,0.005075,-0.008488,0.999885,-0.004375,-0.039984,0.081821,-0.000534,0.000790,0.000052,0.071187,0.124728,5.719376,20.515006,5,0,0.000000,1,0.357699,0.715898,1,-1
7.436581,1.298000,0.035000,1.577000,1.323493,-0.013840,1.654594,1.249056,-0.003920,1.685281,0.011802,0.001190,-0.008527,0.999893,-0.002067,-0.044789,0.082309,-0.000538,0.000791,0.000072,0.095163,0.125040,1.483918,20.515006,5,0,0.000000,1,0.359278,0.716593,1,-1
7.453174,1.298000,0.035000,1.577000,1.335961,-0.015416,1.688921,1.251200,-0.004882,1.686607,0.014344,-0.002674,-0.008786,0.999855,-0.001559,-0.042274,0.083813,-0.000542,0.000791,0.000069,0.128488,0.125676,7.521281,20.515006,5,0,0.000000,1,0.359749,0.717965,1,-1
7.469793,1.298000,0.034000,1.577000,1.293383,-0.018789,1.627791,1.252223,-0.005902,1.687045,0.017612,-0.007320,-0.008489,0.999782,-0.002626,-0.044427,0.082467,-0.000545,0.000792,0.000108,0.073401,0.125689,1.252939,20.515006,5,0,0.000000,1,0.358260,0.715875,1,-1
7.486468,1.298000,0.034000,1.578000,1.321540,-0.059567,1.663920,1.253857,-0.007944,1.687996,0.020535,-0.010366,-0.008461,0.999700,-0.009906,-0.046055,0.080472,-0.000548,0.000795,0.000124,0.129194,0.125726,4.421446,20.515006,5,0,0.000000,1,0.357780,0.719921,1,-1
7.503108,1.298000,0.034000,1.577000,1.297245,0.001813,1.664763,1.254737,-0.008471,1.688951,0.023145,-0.012542,-0.008525,0.999617,-0.013782,-0.049877,0.080175,-0.000550,0.000794,0.000139,0.093482,0.127313,4.631264,20.515006,5,0,0.000000,1,0.359208,0.715683,1,-1
7.519694,1.297000,0.033000,1.577000,1.275344,-0.012964,1.699098,1.254976,-0.009435,1.690293,0.025039,-0.014483,-0.008587,0.999545,-0.022113,-0.060859,0.073326,-0.000551,0.000795,0.000134,0.132248,0.128071,2.438527,20.515006,5,0,0.000000,1,0.358431,0.717729,1,-1
7.536354,1.297000,0.034000,1.577000,1.311871,-0.006292,1.644436,1.255989,-0.010348,1.690684,0.027754,-0.015043,-0.008731,0.999463,-0.029746,-0.065436,0.065488,-0.000554,0.000794,0.000163,0.079952,0.128734,3.362915,20.515006,5,0,0.000000,1,0.359181,0.715673,1,-1
7.552956,1.297000,0.033000,1.577000,1.279022,-0.017505,1.698679,1.256044,-0.011579,1.691776,0.030707,-0.014620,-0.008669,0.999384,-0.034112,-0.069281,0.057381,-0.000556,0.000795,0.000158,0.132965,0.129763,2.950764,20.515006,5,0,0.000000,1,0.358367,0.718047,1,-1
7.569588,1.296000,0.033000,1.576000,1.289606,-0.026728,1.627444,1.256302,-0.013199,1.691673,0.032841,-0.014204,-0.008690,0.999322,-0.038492,-0.084668,0.047898,-0.000557,0.000796,0.000200,0.079088,0.130730,1.882104,20.515006,5,0,0.000000,1,0.357914,0.716377,1,-1
7.586247,1.295000,0.032000,1.576000,1.313065,-0.024476,1.699438,1.257044,-0.014894,1.692491,0.033422,-0.013291,-0.008506,0.999317,-0.042731,-0.090047,0.039938,-0.000560,0.000796,0.000196,0.136941,0.131187,3.467989,20.515006,5,0,0.000000,1,0.358958,0.718790,1,-1
7.602776,1.294000,0.031000,1.575000,1.307512,-0.026679,1.681391,1.257582,-0.016624,1.692909,0.033440,-0.012497,-0.008590,0.999326,-0.048582,-0.097052,0.035376,-0.000563,0.000796,0.000203,0.121773,0.132276,3.202785,20.515006,5,0,0.000000,1,0.358637,0.718249,1,-1
7.619430,1.293000,0.031000,1.574000,1.281531,-0.028168,1.696532,1.257366,-0.018495,1.693484,0.034458,-0.011824,-0.008660,0.999299,-0.053173,-0.105124,0.030715,-0.000564,0.000797,0.000201,0.136553,0.134149,3.128708,20.515006,5,0,0.000000,1,0.358065,0.718701,1,-1
7.636091,1.293000,0.031000,1.573000,1.330054,-0.011394,1.676172,1.258279,-0.020088,1.693668,0.035450,-0.011533,-0.008643,0.999268,-0.057266,-0.117630,0.026929,-0.000568,0.000796,0.000211,0.117536,0.135559,5.371490,20.515006,5,0,0.000000,1,0.359649,0.717204,1,-1
7.652715,1.290000,0.027000,1.573000,1.285196,-0.002989,1.697311,1.257982,-0.021672,1.694142,0.035452,-0.010784,-0.008567,0.999276,-0.063089,-0.131986,0.025410,-0.000569,0.000795,0.000209,0.127967,0.134423,2.596235,20.515006,5,0,0.000000,1,0.358970,0.717067,1,-1
7.669296,1.289000,0.026000,1.573000,1.217044,-0.039660,1.673361,1.255935,-0.024219,1.694215,0.036405,-0.009790,-0.008450,0.999253,-0.071854,-0.141197,0.022788,-0.000567,0.000796,0.000223,0.139862,0.135309,2.910888,20.515006,5,0,0.000000,1,0.356128,0.718158,1,-1
7.685901,1.288000,0.026000,1.571000,1.256857,-0.007307,1.605753,1.254811,-0.026109,1.693235,0.037457,-0.008747,-0.008305,0.999225,-0.074961,-0.152100,0.019993,-0.000567,0.000796,0.000281,0.057333,0.136961,8.408278,20.515006,5,0,0.000000,1,0.357712,0.714175,1,-1
7.702619,1.286000,0.024000,1.570000,1.246427,-0.044377,1.583981,1.253404,-0.029054,1.691923,0.038747,-0.007745,-0.008291,0.999185,-0.076632,-0.162269,0.019265,-0.000567,0.000797,0.000352,0.080230,0.136903,2.839096,20.515006,5,0,0.000000,1,0.356199,0.716070,1,-1
7.719237,1.284000,0.021000,1.569000,1.272085,-0.021297,1.686644,1.252605,-0.031571,1.692168,0.039374,-0.006710,-0.007853,0.999171,-0.081376,-0.175999,0.020533,-0.000568,0.000796,0.000356,0.125583,0.137549,1.322411,20.515006,5,0,0.000000,1,0.358012,0.717814,1,-1
7.735832,1.283000,0.021000,1.568000,1.295724,-0.028048,1.672513,1.252387,-0.034313,1.692161,0.039247,-0.005271,-0.007744,0.999186,-0.084742,-0.194213,0.016470,-0.000570,0.000796,0.000369,0.116149,0.139330,3.581655,20.515006,5,0,0.000000,1,0.358258,0.717950,1,-1
7.752388,1.281000,0.019000,1.568000,1.282726,-0.045025,1.688343,1.251810,-0.037724,1.692320,0.037285,-0.004316,-0.007692,0.999266,-0.085495,-0.211484,0.011605,-0.000571,0.000796,0.000371,0.136325,0.139732,2.119510,20.515006,5,0,0.000000,1,0.357486,0.719536,1,-1
7.769046,1.279000,0.015000,1.567000,1.276740,-0.042035,1.620647,1.251037,-0.041259,1.691397,0.035347,-0.003715,-0.007933,0.999337,-0.089421,-0.221280,0.006426,-0.000573,0.000797,0.000418,0.078334,0.139362,1.508197,20.515006,5,0,0.000000,1,0.357088,0.717121,1,-1
7.785733,1.278000,0.012000,1.566000,1.279424,-0.019770,1.638010,1.250295,-0.044327,1.690649,0.034401,-0.003387,-0.008112,0.999369,-0.089654,-0.228975,-0.001276,-0.000574,0.000796,0.000453,0.078720,0.139562,4.832796,20.515006,5,0,0.000000,1,0.357962,0.716151,1,-1
7.802303,1.276000,0.010000,1.565000,1.245416,-0.026471,1.685986,1.248790,-0.047441,1.690526,0.033822,-0.002908,-0.008124,0.999391,-0.093568,-0.239391,-0.005240,-0.000574,0.000795,0.000456,0.130012,0.140701,2.384687,20.515006,5,0,0.000000,1,0.357240,0.717931,1,-1
7.818981,1.273000,0.008000,1.564000,1.296591,-0.038967,1.687866,1.248498,-0.051005,1.690387,0.033664,-0.001717,-0.008105,0.999399,-0.095332,-0.250045,-0.007013,-0.000576,0.000794,0.000458,0.134556,0.141618,3.315803,20.515006,5,0,0.000000,1,0.358011,0.719216,1,-1
7.835560,1.272000,0.006000,1.563000,1.257686,-0.032578,1.608085,1.247206,-0.054522,1.689067,0.033703,-0.000157,-0.008068,0.999399,-0.098150,-0.258001,-0.009565,-0.000577,0.000793,0.000515,0.061039,0.142023,4.444652,20.515006,5,0,0.000000,1,0.356924,0.715985,1,-1
7.852154,1.269000,0.001000,1.562000,1.285387,-0.066282,1.625460,1.246561,-0.058990,1.687957,0.033814,0.001569,-0.008125,0.999394,-0.100617,-0.269240,-0.010996,-0.000579,0.000794,0.000556,0.093928,0.141306,1.826624,20.515006,5,0,0.000000,1,0.356494,0.718943,1,-1
7.868847,1.267000,-0.001000,1.560000,1.239045,-0.065689,1.654339,1.244751,-0.063581,1.687266,0.033782,0.003446,-0.008466,0.999387,-0.100496,-0.280015,-0.012353,-0.000579,0.000794,0.000578,0.117754,0.143555,3.361508,20.515006,5,0,0.000000,1,0.355627,0.719456,1,-1
7.885500,1.265000,-0.004000,1.560000,1.246503,-0.074304,1.561990,1.243242,-0.068240,1.685179,0.033013,0.004986,-0.008427,0.999407,-0.101031,-0.292302,-0.016534,-0.000579,0.000795,0.000658,0.072724,0.142372,4.862438,20.515006,5,0,0.000000,1,0.355117,0.717583,1,-1
7.902074,1.263000,-0.008000,1.558000,1.250356,-0.079875,1.668472,1.241884,-0.073133,1.684631,0.031440,0.005650,-0.008382,0.999455,-0.097359,-0.301767,-0.020726,-0.000579,0.000795,0.000669,0.132400,0.143957,4.903703,20.515006,5,0,0.000000,1,0.355457,0.720933,1,-1
7.918716,1.261000,-0.011000,1.557000,1.235900,-0.073694,1.587787,1.240197,-0.078004,1.682866,0.030239,0.006156,-0.008595,0.999487,-0.098995,-0.312218,-0.019921,-0.000579,0.000796,0.000732,0.074218,0.144100,2.265849,20.515006,5,0,0.000000,1,0.355007,0.718084,1,-1
7.935338,1.258000,-0.016000,1.556000,1.252524,-0.070464,1.568775,1.238898,-0.082870,1.680863,0.029579,0.006936,-0.008507,0.999502,-0.100013,-0.316268,-0.020225,-0.000580,0.000795,0.000806,0.056209,0.142924,4.221206,20.515006,5,0,0.000000,1,0.355397,0.717521,1,-1
7.951933,1.256000,-0.019000,1.553000,1.230481,-0.053233,1.549439,1.237118,-0.087229,1.678561,0.030498,0.007747,-0.008468,0.999469,-0.096469,-0.311237,-0.024187,-0.000579,0.000794,0.000892,0.042846,0.144144,1.646965,20.515006,5,0,0.000000,1,0.355461,0.715749,1,-1
7.968519,1.254000,-0.023000,1.553000,1.289392,-0.058073,1.592815,1.236910,-0.091334,1.676726,0.031140,0.008645,-0.008500,0.999442,-0.093213,-0.312913,-0.025541,-0.000582,0.000793,0.000967,0.063780,0.142372,2.403600,20.515006,5,0,0.000000,1,0.356713,0.717525,1,-1
7.985193,1.253000,-0.026000,1.552000,1.214077,-0.069750,1.539331,1.234914,-0.095798,1.674254,0.031645,0.009235,-0.008407,0.999421,-0.091623,-0.320510,-0.030658,-0.000581,0.000792,0.001057,0.059913,0.141932,3.486319,20.515006,5,0,0.000000,1,0.354553,0.716552,1,-1
8.001835,1.250000,-0.030000,1.549000,1.237633,-0.086479,1.590334,1.233516,-0.100720,1.672502,0.031707,0.010355,-0.008321,0.999409,-0.092709,-0.324300,-0.032659,-0.000581,0.000792,0.001112,0.071072,0.143268,1.062609,20.515006,5,0,0.000000,1,0.354612,0.719021,1,-1
8.018501,1.248000,-0.035000,1.549000,1.257925,-0.088489,1.561717,1.232645,-0.105709,1.670308,0.031002,0.011555,-0.008540,0.999416,-0.088006,-0.330381,-0.036952,-0.000582,0.000792,0.001184,0.055868,0.141249,1.834095,20.515006,5,0,0.000000,1,0.354869,0.718610,1,-1
8.035020,1.247000,-0.038000,1.547000,1.229617,-0.086764,1.601341,1.231256,-0.110369,1.668906,0.030920,0.011871,-0.008991,0.999411,-0.084706,-0.333729,-0.040703,-0.000582,0.000791,0.001214,0.075054,0.142641,1.269468,20.515006,5,0,0.000000,1,0.354477,0.719267,1,-1
8.051686,1.244000,-0.044000,1.545000,1.253133,-0.103380,1.599072,1.230483,-0.115462,1.667171,0.031959,0.012622,-0.008658,0.999372,-0.083163,-0.338881,-0.048566,-0.000583,0.000790,0.001260,0.080828,0.142181,3.121899,20.515006,5,0,0.000000,1,0.354383,0.720470,1,-1
8.068306,1.242000,-0.047000,1.543000,1.208238,-0.103465,1.540668,1.228629,-0.120607,1.664464,0.032820,0.013706,-0.008365,0.999332,-0.083516,-0.346687,-0.056443,-0.000582,0.000790,0.001342,0.065830,0.142654,2.139189,20.515006,5,0,0.000000,1,0.353279,0.718840,1,-1
8.084970,1.240000,-0.051000,1.541000,1.214959,-0.072894,1.552975,1.226984,-0.125148,1.661877,0.033137,0.015209,-0.008541,0.999299,-0.080015,-0.358893,-0.060060,-0.000582,0.000788,0.001416,0.035353,0.142403,0.730052,20.515006,5,0,0.000000,1,0.354500,0.717062,1,-1
8.101511,1.239000,-0.055000,1.539000,1.230097,-0.150695,1.652070,1.225862,-0.131327,1.660800,0.033175,0.016853,-0.008557,0.999271,-0.077350,-0.370904,-0.059862,-0.000582,0.000789,0.001421,0.148397,0.144339,4.949407,20.515006,5,0,0.000000,1,0.352402,0.724880,1,-1
8.118113,1.236000,-0.061000,1.538000,1.247231,-0.138011,1.629073,1.225205,-0.137332,1.659389,0.032665,0.018315,-0.008352,0.999264,-0.073340,-0.381456,-0.060743,-0.000583,0.000789,0.001442,0.119796,0.143800,3.956633,20.515006,5,0,0.000000,1,0.353136,0.723500,1,-1
8.134778,1.235000,-0.067000,1.536000,1.198087,-0.132919,1.569524,1.223446,-0.143370,1.657099,0.033101,0.019392,-0.008043,0.999231,-0.067010,-0.392925,-0.059907,-0.000582,0.000789,0.001500,0.082654,0.143634,4.908557,20.515006,5,0,0.000000,1,0.352105,0.721360,1,-1
8.151430,1.233000,-0.072000,1.535000,1.254639,-0.110801,1.698789,1.223200,-0.148955,1.656746,0.030568,0.019158,-0.008227,0.999315,-0.057663,-0.403046,-0.060591,-0.000583,0.000787,0.001473,0.169708,0.144362,0.680521,20.515006,5,0,0.000000,1,0.354629,0.724002,1,-1
8.168058,1.231000,-0.076000,1.533000,1.212641,-0.137319,1.633343,1.222054,-0.155171,1.655436,0.029690,0.018932,-0.008552,0.999343,-0.052836,-0.401007,-0.057021,-0.000583,0.000786,0.001488,0.119020,0.146077,3.846357,20.515006,5,0,0.000000,1,0.352450,0.723364,1,-1
8.184617,1.230000,-0.082000,1.531000,1.231474,-0.156841,1.583423,1.221505,-0.161464,1.653512,0.029526,0.018513,-0.007761,0.999362,-0.047882,-0.407022,-0.053958,-0.000583,0.000786,0.001535,0.091387,0.146273,0.538208,20.515006,5,0,0.000000,1,0.351938,0.723451,1,-1
8.201300,1.229000,-0.086000,1.530000,1.195375,-0.144030,1.580578,1.220164,-0.167497,1.651598,0.029196,0.018023,-0.007821,0.999381,-0.043878,-0.413854,-0.053386,-0.000582,0.000786,0.001582,0.084002,0.146649,3.150454,20.515006,5,0,0.000000,1,0.351679,0.722329,1,-1
8.217904,1.227000,-0.092000,1.529000,1.271905,-0.167822,1.627343,1.220746,-0.174111,1.650380,0.028488,0.017755,-0.008337,0.999402,-0.037779,-0.416717,-0.054414,-0.000585,0.000785,0.001598,0.132048,0.146678,6.994332,20.515006,5,0,0.000000,1,0.352571,0.725480,1,-1
8.234533,1.227000,-0.096000,1.526000,1.228677,-0.121403,1.580652,1.220369,-0.179606,1.648443,0.026642,0.017588,-0.007682,0.999461,-0.033230,-0.422646,-0.059216,-0.000585,0.000783,0.001644,0.060291,0.148412,0.758534,20.515006,5,0,0.000000,1,0.353163,0.721051,1,-1
8.251194,1.225000,-0.103000,1.526000,1.249817,-0.196111,1.632772,1.220585,-0.186580,1.647253,0.025206,0.016681,-0.007493,0.999515,-0.029583,-0.433188,-0.063548,-0.000587,0.000783,0.001654,0.143825,0.147334,5.737233,20.515006,5,0,0.000000,1,0.351030,0.727287,1,-1
8.267722,1.224000,-0.106000,1.524000,1.217796,-0.175331,1.593502,1.220092,-0.193069,1.645462,0.024458,0.015786,-0.007983,0.999544,-0.026216,-0.435446,-0.063706,-0.000587,0.000783,0.001689,0.098365,0.149497,4.987831,20.515006,5,0,0.000000,1,0.350999,0.724804,1,-1
8.284442,1.223000,-0.112000,1.522000,1.268860,-0.169433,1.527510,1.220870,-0.199437,1.642707,0.023792,0.014672,-0.007493,0.999581,-0.022781,-0.436137,-0.064425,-0.000589,0.000782,0.001767,0.073703,0.149063,1.761978,20.515006,5,0,0.000000,1,0.352090,0.723308,1,-1
8.301043,1.222000,-0.119000,1.521000,1.220525,-0.166822,1.595245,1.220512,-0.205599,1.640985,0.024292,0.014070,-0.007158,0.999580,-0.020364,-0.432928,-0.063130,-0.000589,0.000780,0.001798,0.088326,0.147979,3.777189,20.515006,5,0,0.000000,1,0.351380,0.724315,1,-1
8.317645,1.221000,-0.125000,1.519000,1.210339,-0.186082,1.547236,1.219974,-0.211739,1.638641,0.024375,0.014371,-0.007366,0.999572,-0.019129,-0.432508,-0.063549,-0.000589,0.000780,0.001860,0.068132,0.147779,3.739058,20.515006,5,0,0.000000,1,0.350313,0.724451,1,-1
8.334252,1.219000,-0.132000,1.517000,1.193413,-0.189092,1.529013,1.219041,-0.217955,1.636023,0.024190,0.015080,-0.007558,0.999565,-0.019812,-0.438198,-0.066522,-0.000588,0.000779,0.001932,0.063706,0.146816,1.245864,20.515006,5,0,0.000000,1,0.349834,0.724217,1,-1
8.350914,1.219000,-0.135000,1.515000,1.209653,-0.190794,1.646655,1.218522,-0.224184,1.635109,0.024961,0.015585,-0.007250,0.999541,-0.017808,-0.436368,-0.070023,-0.000587,0.000777,0.001925,0.143295,0.149600,3.924291,20.515006,5,0,0.000000,1,0.350437,0.727145,1,-1
8.367566,1.218000,-0.141000,1.514000,1.188182,-0.209364,1.533892,1.217531,-0.230847,1.632207,0.024682,0.015699,-0.007330,0.999545,-0.015090,-0.442849,-0.076185,-0.000586,0.000777,0.002003,0.077191,0.148477,2.361687,20.515006,5,0,0.000000,1,0.348965,0.725587,1,-1
8.384220,1.218000,-0.141000,1.514000,1.204437,-0.226769,1.471444,1.216983,-0.237944,1.628590,0.024482,0.015971,-0.007483,0.999545,-0.015372,-0.449079,-0.081453,-0.000586,0.000778,0.002113,0.096702,0.150100,3.656956,20.515006,5,0,0.000000,1,0.348504,0.725876,1,-1
8.400737,1.216000,-0.154000,1.510000,1.168706,-0.214623,1.556867,1.215603,-0.244348,1.626263,0.024208,0.016453,-0.007015,0.999547,-0.015436,-0.458373,-0.084155,-0.000583,0.000777,0.002160,0.090047,0.147241,2.815151,20.515006,5,0,0.000000,1,0.348443,0.726253,1,-1
8.417380,1.215000,-0.161000,1.507000,1.202745,-0.191942,1.524709,1.215085,-0.250381,1.623396,0.022936,0.016280,-0.006872,0.999581,-0.010223,-0.467287,-0.090561,-0.000583,0.000774,0.002228,0.037699,0.146755,2.646253,20.515006,5,0,0.000000,1,0.349894,0.724378,1,-1
8.434045,1.215000,-0.167000,1.506000,1.163302,-0.226490,1.488609,1.213735,-0.257311,1.619954,0.020959,0.015127,-0.007006,0.999641,-0.005990,-0.474350,-0.094986,-0.000581,0.000774,0.002319,0.080710,0.145407,5.043152,20.515006,5,0,0.000000,1,0.347786,0.725866,1,-1
8.450620,1.214000,-0.172000,1.504000,1.176410,-0.241405,1.517793,1.212770,-0.264586,1.617146,0.018992,0.013610,-0.007182,0.999701,-0.005157,-0.474915,-0.097592,-0.000579,0.000774,0.002377,0.080127,0.146204,2.842642,20.515006,5,0,0.000000,1,0.347461,0.727310,1,-1
8.467317,1.213000,-0.179000,1.501000,1.187786,-0.184034,1.508594,1.212097,-0.270388,1.613957,0.017883,0.012477,-0.007100,0.999737,-0.004175,-0.470455,-0.097804,-0.000578,0.000770,0.002450,0.026809,0.145299,2.507468,20.515006,5,0,0.000000,1,0.349887,0.723514,1,-1
8.483861,1.213000,-0.184000,1.499000,1.204116,-0.252363,1.556204,1.211872,-0.277271,1.611606,0.017909,0.012236,-0.006737,0.999742,-0.001583,-0.474332,-0.094354,-0.000578,0.000769,0.002488,0.089581,0.146222,3.647762,20.515006,5,0,0.000000,1,0.347618,0.728787,1,-1
8.500505,1.212000,-0.190000,1.498000,1.203036,-0.286200,1.554843,1.211635,-0.285007,1.609306,0.016925,0.011580,-0.006348,0.999770,-0.001750,-0.479257,-0.090731,-0.000577,0.000770,0.002525,0.112098,0.146340,5.072725,20.515006,5,0,0.000000,1,0.346213,0.730829,1,-1
8.517125,1.212000,-0.197000,1.495000,1.211787,-0.273464,1.582350,1.211644,-0.292368,1.607461,0.015834,0.010657,-0.006577,0.999796,0.002344,-0.475137,-0.088928,-0.000577,0.000769,0.002542,0.116089,0.147454,4.836921,20.515006,5,0,0.000000,1,0.346980,0.730636,1,-1
8.533764,1.211000,-0.202000,1.494000,1.200183,-0.230798,1.547639,1.211410,-0.298566,1.605151,0.015766,0.010998,-0.006874,0.999792,0.002642,-0.470009,-0.087767,-0.000577,0.000766,0.002582,0.061834,0.147240,0.928564,20.515006,5,0,0.000000,1,0.348382,0.727261,1,-1
8.550368,1.211000,-0.207000,1.492000,1.166228,-0.299989,1.551349,1.210418,-0.305874,1.603010,0.017841,0.010222,-0.006317,0.999769,0.007843,-0.474078,-0.086390,-0.000575,0.000766,0.002617,0.119053,0.148660,1.539763,20.515006,5,0,0.000000,1,0.344933,0.731480,1,-1
8.566973,1.210000,-0.215000,1.489000,1.214279,-0.273768,1.523480,1.210638,-0.312693,1.600475,0.015881,0.008980,-0.005775,0.999817,0.007539,-0.488595,-0.086958,-0.000575,0.000765,0.002670,0.068271,0.148226,4.752992,20.515006,5,0,0.000000,1,0.346883,0.729574,1,-1
8.583625,1.210000,-0.219000,1.488000,1.188191,-0.313178,1.571036,1.210226,-0.320462,1.598668,0.015746,0.008486,-0.006282,0.999820,0.008799,-0.484661,-0.084115,-0.000574,0.000765,0.002689,0.127437,0.150140,8.581340,20.515006,5,0,0.000000,1,0.344832,0.732712,1,-1
8.600289,1.210000,-0.225000,1.486000,1.146747,-0.271602,1.477325,1.208870,-0.327203,1.595554,0.015410,0.007440,-0.005569,0.999838,0.008525,-0.492538,-0.082273,-0.000571,0.000763,0.002770,0.079044,0.149829,0.947951,20.515006,5,0,0.000000,1,0.345688,0.728551,1,-1
8.616836,1.209000,-0.232000,1.484000,1.162005,-0.304111,1.506425,1.207882,-0.334274,1.592971,0.014222,0.006574,-0.005521,0.999862,0.007861,-0.497891,-0.083020,-0.000569,0.000762,0.002830,0.088946,0.149452,3.557939,20.515006,5,0,0.000000,1,0.344626,0.731011,1,-1
8.650128,1.208000,-0.245000,1.480000,1.173416,-0.300542,1.560277,1.207281,-0.349424,1.589823,0.015903,0.005653,-0.005370,0.999843,0.006993,-0.499435,-0.083359,-0.000567,0.000760,0.002851,0.103564,0.151545,4.058673,20.515006,5,0,0.000000,1,0.345060,0.731702,1,-1
8.666801,1.208000,-0.251000,1.479000,1.143651,-0.284182,1.537037,1.205825,-0.355880,1.587668,0.016331,0.005361,-0.005285,0.999838,0.006414,-0.505463,-0.088479,-0.000564,0.000756,0.002888,0.092791,0.151041,2.538443,20.515006,5,0,0.000000,1,0.345166,0.730170,1,-1
8.683360,1.207000,-0.255000,1.476000,1.164698,-0.338051,1.482954,1.204936,-0.363184,1.584687,0.015579,0.004026,-0.004776,0.999859,0.008406,-0.508991,-0.098356,-0.000562,0.000756,0.002959,0.093463,0.153365,0.883973,20.515006,5,0,0.000000,1,0.343220,0.732806,1,-1
8.699939,1.207000,-0.262000,1.474000,1.174735,-0.323408,1.462994,1.204356,-0.370137,1.581296,0.014974,0.002203,-0.004474,0.999875,0.010103,-0.505112,-0.102946,-0.000561,0.000755,0.003042,0.070236,0.152358,1.838037,20.515006,5,0,0.000000,1,0.344014,0.731745,1,-1
8.716642,1.207000,-0.268000,1.472000,1.218324,-0.343314,1.544215,1.204821,-0.377401,1.579102,0.016092,0.001680,-0.004793,0.999858,0.006402,-0.499502,-0.103528,-0.000562,0.000753,0.003066,0.104955,0.153115,3.999430,20.515006,5,0,0.000000,1,0.344087,0.734061,1,-1
8.733313,1.206000,-0.273000,1.471000,1.254300,-0.382742,1.487770,1.206113,-0.385517,1.576090,0.016519,0.001891,-0.004665,0.999851,0.004443,-0.504806,-0.102445,-0.000565,0.000754,0.003127,0.121068,0.153962,2.816379,20.515006,5,0,0.000000,1,0.343019,0.735578,1,-1
8.749926,1.206000,-0.280000,1.468000,1.160914,-0.339410,1.504383,1.205078,-0.392540,1.573378,0.016148,0.002291,-0.004775,0.999856,0.003279,-0.507396,-0.101444,-0.000563,0.000752,0.003176,0.082982,0.154178,2.432145,20.515006,5,0,0.000000,1,0.343108,0.733129,1,-1
8.766467,1.205000,-0.286000,1.466000,1.143456,-0.349829,1.514021,1.203604,-0.399312,1.570938,0.015960,0.002414,-0.004955,0.999857,-0.000217,-0.507686,-0.101904,-0.000560,0.000750,0.003217,0.100836,0.154446,2.439915,20.515006,5,0,0.000000,1,0.342359,0.733837,1,-1
8.783074,1.204000,-0.290000,1.464000,1.186314,-0.384454,1.478386,1.203138,-0.406960,1.567958,0.015070,0.002366,-0.004910,0.999872,-0.006115,-0.513832,-0.101551,-0.000559,0.000750,0.003279,0.097166,0.156486,7.011741,20.515006,5,0,0.000000,1,0.341588,0.735546,1,-1
8.799802,1.204000,-0.297000,1.461000,1.161426,-0.359691,1.484689,1.201985,-0.414037,1.565129,0.015017,0.002740,-0.004831,0.999872,-0.011979,-0.517923,-0.097861,-0.000558,0.000748,0.003336,0.079396,0.156667,4.490649,20.515006,5,0,0.000000,1,0.342228,0.734116,1,-1
8.816367,1.204000,-0.302000,1.460000,1.179244,-0.375731,1.505141,1.201221,-0.421457,1.562686,0.015399,0.003275,-0.004722,0.999865,-0.014725,-0.524747,-0.095513,-0.000557,0.000746,0.003377,0.089927,0.157550,4.104083,20.515006,5,0,0.000000,1,0.341861,0.735322,1,-1
8.833032,1.203000,-0.309000,1.457000,1.165605,-0.341336,1.423107,1.200124,-0.427630,1.559155,0.015645,0.003639,-0.004777,0.999860,-0.016488,-0.531891,-0.095654,-0.000556,0.000743,0.003473,0.059940,0.156579,1.863460,20.515006,5,0,0.000000,1,0.343096,0.732541,1,-1
8.849566,1.203000,-0.315000,1.456000,1.195031,-0.387510,1.486523,1.199754,-0.434960,1.556606,0.014482,0.003794,-0.004724,0.999877,-0.015982,-0.538258,-0.093477,-0.000556,0.000741,0.003522,0.079075,0.156596,4.537441,20.515006,5,0,0.000000,1,0.341621,0.735810,1,-1
8.866233,1.201000,-0.320000,1.454000,1.211354,-0.386088,1.469390,1.199804,-0.442290,1.553866,0.013960,0.003243,-0.004893,0.999885,-0.012569,-0.537440,-0.089194,-0.000557,0.000739,0.003582,0.068642,0.157890,3.021004,20.515006,5,0,0.000000,1,0.341985,0.735580,1,-1
8.882898,1.201000,-0.327000,1.452000,1.182277,-0.368583,1.526244,1.199161,-0.449102,1.551816,0.014325,0.002820,-0.004894,0.999881,-0.013467,-0.532942,-0.085194,-0.000556,0.000735,0.003607,0.087131,0.157720,0.797802,20.515006,5,0,0.000000,1,0.342255,0.735192,1,-1
8.899534,1.200000,-0.333000,1.450000,1.163775,-0.402567,1.518759,1.198086,-0.456546,1.550195,0.015439,0.002713,-0.004543,0.999867,-0.014665,-0.526500,-0.083870,-0.000555,0.000733,0.003629,0.104305,0.159079,3.444914,20.515006,5,0,0.000000,1,0.340396,0.737022,1,-1
8.916100,1.200000,-0.337000,1.449000,1.157625,-0.396370,1.462665,1.196895,-0.463239,1.547606,0.015639,0.002311,-0.004522,0.999865,-0.013900,-0.528396,-0.083651,-0.000553,0.000731,0.003689,0.074210,0.160216,0.910070,20.515006,5,0,0.000000,1,0.340540,0.736073,1,-1
8.932749,1.199000,-0.342000,1.447000,1.209915,-0.420714,1.562270,1.196981,-0.470535,1.546512,0.015718,0.002115,-0.004528,0.999864,-0.014946,-0.531204,-0.083069,-0.000554,0.000728,0.003679,0.140008,0.162567,9.858540,20.515006,5,0,0.000000,1,0.340530,0.738692,1,-1
8.949400,1.199000,-0.349000,1.445000,1.151027,-0.386448,1.484144,1.195621,-0.476987,1.544260,0.015553,0.001467,-0.004199,0.999869,-0.017172,-0.537053,-0.085667,-0.000552,0.000724,0.003723,0.072360,0.162002,1.847299,20.515006,5,0,0.000000,1,0.340869,0.735674,1,-1
8.966033,1.198000,-0.356000,1.442000,1.147042,-0.409104,1.375471,1.194183,-0.484058,1.540335,0.014704,0.000536,-0.004274,0.999883,-0.017695,-0.541408,-0.091626,-0.000550,0.000722,0.003839,0.099211,0.161503,3.308306,20.515006,5,0,0.000000,1,0.339867,0.736510,1,-1
8.982625,1.197000,-0.362000,1.441000,1.134109,-0.418435,1.529116,1.192453,-0.490800,1.538743,0.013473,-0.000231,-0.004244,0.999900,-0.019078,-0.541527,-0.094271,-0.000547,0.000719,0.003847,0.122084,0.161752,4.424223,20.515006,5,0,0.000000,1,0.339163,0.738043,1,-1
8.999226,1.196000,-0.367000,1.439000,1.233027,-0.410375,1.437301,1.193124,-0.497316,1.535770,0.012097,-0.000796,-0.004219,0.999918,-0.020618,-0.541848,-0.095200,-0.000550,0.000715,0.003916,0.057055,0.162342,3.149888,20.515006,5,0,0.000000,1,0.341317,0.736746,1,-1
9.015893,1.195000,-0.373000,1.437000,1.163526,-0.474343,1.426867,1.192077,-0.505352,1.532636,0.011552,-0.000871,-0.004477,0.999923,-0.022114,-0.542557,-0.095883,-0.000549,0.000715,0.003991,0.106601,0.163315,4.466477,20.515006,5,0,0.000000,1,0.337096,0.740316,1,-1
9.032527,1.195000,-0.379000,1.435000,1.155935,-0.421349,1.475681,1.190857,-0.511999,1.530246,0.011529,-0.001423,-0.004286,0.999923,-0.022662,-0.539851,-0.099148,-0.000547,0.000711,0.004030,0.070530,0.163639,1.411721,20.515006,5,0,0.000000,1,0.339387,0.737622,1,-1
9.049099,1.194000,-0.384000,1.433000,1.172833,-0.467091,1.442299,1.190069,-0.519145,1.527402,0.011346,-0.001936,-0.003911,0.999926,-0.024943,-0.538437,-0.103080,-0.000547,0.000709,0.004090,0.086248,0.164898,2.011120,20.515006,5,0,0.000000,1,0.337590,0.739963,1,-1
9.065668,1.193000,-0.389000,1.431000,1.183161,-0.480116,1.477657,1.189494,-0.526578,1.525069,0.010921,-0.002342,-0.004280,0.999928,-0.027822,-0.539063,-0.101852,-0.000547,0.000707,0.004124,0.102838,0.166700,1.888705,20.515006,5,0,0.000000,1,0.337167,0.740873,1,-1
9.082355,1.192000,-0.396000,1.429000,1.137381,-0.481270,1.470979,1.187771,-0.533977,1.522688,0.011816,-0.002251,-0.004558,0.999917,-0.032947,-0.533874,-0.097793,-0.000545,0.000705,0.004161,0.109619,0.166832,8.039256,20.515006,5,0,0.000000,1,0.336298,0.740949,1,-1
9.099009,1.191000,-0.400000,1.427000,1.179011,-0.453676,1.434633,1.187004,-0.540532,1.519870,0.014812,-0.001158,-0.004273,0.999880,-0.037617,-0.530057,-0.092709,-0.000545,0.000702,0.004222,0.055526,0.168494,1.413473,20.515006,5,0,0.000000,1,0.338325,0.739182,1,-1
9.115645,1.190000,-0.406000,1.425000,1.159973,-0.457483,1.482252,1.185730,-0.547143,1.517594,0.017165,0.000026,-0.003824,0.999845,-0.040079,-0.534872,-0.091680,-0.000544,0.000698,0.004251,0.082643,0.168859,2.125046,20.515006,5,0,0.000000,1,0.337802,0.739708,1,-1
9.148797,1.188000,-0.417000,1.421000,1.209582,-0.503817,1.464278,1.185056,-0.563286,1.514137,0.018814,0.002216,-0.003966,0.999813,-0.036775,-0.548019,-0.090838,-0.000546,0.000696,0.004291,0.099378,0.173444,4.848603,20.515006,5,0,0.000000,1,0.336550,0.741969,1,-1
9.165541,1.187000,-0.424000,1.419000,1.200949,-0.492149,1.487074,1.184891,-0.570320,1.512281,0.017987,0.001963,-0.003458,0.999830,-0.032556,-0.551653,-0.091011,-0.000547,0.000693,0.004312,0.097329,0.173537,2.387559,20.515006,5,0,0.000000,1,0.336944,0.741548,1,-1
9.182083,1.186000,-0.428000,1.417000,1.179596,-0.519356,1.487578,1.184252,-0.577906,1.510477,0.016328,0.001683,-0.003426,0.999859,-0.031135,-0.552576,-0.088630,-0.000547,0.000690,0.004332,0.115621,0.176672,5.391325,20.515006,5,0,0.000000,1,0.335240,0.743019,1,-1
9.198777,1.185000,-0.434000,1.416000,1.158330,-0.490374,1.353291,1.183102,-0.584717,1.506701,0.014712,0.001485,-0.003491,0.999885,-0.032563,-0.545690,-0.086310,-0.000547,0.000687,0.004442,0.088440,0.175915,1.585651,20.515006,5,0,0.000000,1,0.336358,0.741273,1,-1
9.215302,1.184000,-0.439000,1.414000,1.187915,-0.525059,1.400084,1.182704,-0.591725,1.503784,0.013346,0.001631,-0.003134,0.999905,-0.032966,-0.545792,-0.084777,-0.000548,0.000685,0.004517,0.087264,0.177166,6.412166,20.515006,5,0,0.000000,1,0.335153,0.742970,1,-1
9.231959,1.183000,-0.445000,1.412000,1.172746,-0.518850,1.322272,1.181967,-0.598607,1.499709,0.012209,0.001209,-0.003364,0.999919,-0.029968,-0.546559,-0.087436,-0.000548,0.000683,0.004644,0.116662,0.176887,1.123934,20.515006,5,0,0.000000,1,0.335320,0.743021,1,-1
9.248583,1.181000,-0.450000,1.411000,1.127860,-0.524287,1.382677,1.180147,-0.605568,1.496528,0.011809,0.000464,-0.003343,0.999925,-0.032638,-0.548863,-0.090901,-0.000546,0.000680,0.004726,0.095627,0.177531,2.590613,20.515006,5,0,0.000000,1,0.334194,0.743103,1,-1
9.265225,1.180000,-0.456000,1.408000,1.201839,-0.568567,1.385131,1.180147,-0.613558,1.493359,0.011382,-0.001009,-0.003362,0.999929,-0.032239,-0.547955,-0.093776,-0.000548,0.000679,0.004803,0.116925,0.179195,4.238204,20.515006,5,0,0.000000,1,0.333319,0.745177,1,-1
9.281809,1.179000,-0.461000,1.407000,1.150253,-0.535096,1.489571,1.178913,-0.620029,1.491864,0.012006,-0.001933,-0.003164,0.999921,-0.035497,-0.539553,-0.092360,-0.000547,0.000675,0.004807,0.114606,0.180256,1.550456,20.515006,5,0,0.000000,1,0.333946,0.743934,1,-1
9.298460,1.178000,-0.466000,1.405000,1.178368,-0.553069,1.388678,1.178295,-0.626851,1.488882,0.013400,-0.001806,-0.003197,0.999903,-0.040477,-0.536873,-0.090859,-0.000547,0.000673,0.004879,0.088586,0.181409,5.351067,20.515006,5,0,0.000000,1,0.333641,0.744477,1,-1
9.315125,1.176000,-0.472000,1.403000,1.195912,-0.556242,1.392431,1.178063,-0.633695,1.486001,0.014862,-0.001042,-0.003209,0.999884,-0.042962,-0.541115,-0.090712,-0.000549,0.000670,0.004946,0.087206,0.181765,4.680875,20.515006,5,0,0.000000,1,0.333802,0.744563,1,-1
9.331716,1.175000,-0.477000,1.402000,1.152684,-0.537095,1.379265,1.176738,-0.640115,1.482944,0.015365,-0.000388,-0.003078,0.999877,-0.045390,-0.546829,-0.091990,-0.000548,0.000666,0.005022,0.068017,0.182103,2.746427,20.515006,5,0,0.000000,1,0.333987,0.743745,1,-1
9.348310,1.173000,-0.484000,1.400000,1.158401,-0.582892,1.419288,1.175588,-0.647138,1.480571,0.015416,-0.000146,-0.003141,0.999876,-0.046130,-0.547991,-0.092130,-0.000548,0.000664,0.005066,0.101808,0.181969,4.266237,20.515006,5,0,0.000000,1,0.332832,0.746045,1,-1
9.364935,1.173000,-0.487000,1.398000,1.172337,-0.575397,1.417574,1.174800,-0.653961,1.478196,0.015549,-0.000520,-0.003080,0.999874,-0.044909,-0.549708,-0.092214,-0.000548,0.000660,0.005110,0.090541,0.185231,1.847650,20.515006,5,0,0.000000,1,0.332764,0.745606,1,-1
9.381640,1.171000,-0.493000,1.396000,1.159010,-0.562798,1.417768,1.173708,-0.660510,1.475835,0.015238,-0.001306,-0.003375,0.999877,-0.045410,-0.556756,-0.092405,-0.000548,0.000656,0.005153,0.074090,0.185582,3.070611,20.515006,5,0,0.000000,1,0.332788,0.745024,1,-1
9.398215,1.169000,-0.499000,1.394000,1.157087,-0.578682,1.408828,1.172561,-0.667500,1.473364,0.013010,-0.002611,-0.003473,0.999906,-0.048774,-0.560507,-0.091847,-0.000547,0.000653,0.005200,0.081920,0.186289,4.017369,20.515006,5,0,0.000000,1,0.332453,0.745841,1,-1
9.414862,1.168000,-0.504000,1.393000,1.162787,-0.572727,1.460490,1.171480,-0.674263,1.471681,0.012357,-0.002892,-0.003060,0.999915,-0.054260,-0.554702,-0.091850,-0.000547,0.000648,0.005210,0.096465,0.187596,4.744044,20.515006,5,0,0.000000,1,0.333671,0.745615,1,-1
9.431450,1.166000,-0.510000,1.391000,1.137597,-0.628347,1.446516,1.169803,-0.681752,1.469878,0.011330,-0.002433,-0.002947,0.999929,-0.055849,-0.556354,-0.091723,-0.000546,0.000645,0.005228,0.133771,0.189037,6.712764,20.515006,5,0,0.000000,1,0.334449,0.748420,1,-1
9.448073,1.164000,-0.515000,1.389000,1.169863,-0.573241,1.395954,1.168932,-0.687867,1.467344,0.010025,-0.001934,-0.003344,0.999942,-0.056876,-0.551701,-0.090044,-0.000546,0.000640,0.005280,0.058947,0.189856,1.545263,20.515006,5,0,0.000000,1,0.332493,0.745528,1,-1
9.464727,1.163000,-0.517000,1.388000,1.139113,-0.615965,1.358100,1.167288,-0.694897,1.464285,0.009409,-0.001620,-0.003325,0.999949,-0.057024,-0.546469,-0.091049,-0.000545,0.000638,0.005357,0.106107,0.193611,12.388780,20.515006,5,0,0.000000,1,0.331906,0.747986,1,-1
9.481321,1.161000,-0.525000,1.385000,1.112203,-0.598698,1.426050,1.165036,-0.701335,1.462215,0.009026,-0.001217,-0.003204,0.999953,-0.057476,-0.537351,-0.094845,-0.000543,0.000633,0.005384,0.097456,0.192542,0.904823,20.515006,5,0,0.000000,1,0.332855,0.747055,1,-1
9.497963,1.159000,-0.530000,1.384000,1.168470,-0.605277,1.387253,1.164232,-0.707303,1.459619,0.008663,-0.000242,-0.003221,0.999957,-0.056702,-0.532258,-0.096385,-0.000544,0.000629,0.005437,0.075940,0.192826,7.502521,20.515006,5,0,0.000000,1,0.332693,0.747159,1,-1
9.514538,1.157000,-0.535000,1.382000,1.125260,-0.623971,1.352237,1.162446,-0.713590,1.456501,0.007497,0.000012,-0.003310,0.999966,-0.052711,-0.531165,-0.096779,-0.000543,0.000626,0.005512,0.099041,0.193583,2.785822,20.515006,5,0,0.000000,1,0.331802,0.748500,1,-1
9.531249,1.155000,-0.540000,1.380000,1.130620,-0.583949,1.373119,1.160830,-0.718914,1.453746,0.006812,-0.000287,-0.003357,0.999971,-0.054578,-0.531309,-0.095290,-0.000542,0.000621,0.005572,0.050727,0.193605,2.434958,20.515006,5,0,0.000000,1,0.331395,0.746309,1,-1
9.547855,1.154000,-0.545000,1.379000,1.132321,-0.626764,1.424314,1.159230,-0.725206,1.451782,0.006487,-0.000470,-0.003428,0.999973,-0.059261,-0.529534,-0.095533,-0.000541,0.000616,0.005593,0.095962,0.194419,2.497149,20.515006,5,0,0.000000,1,0.333771,0.748350,1,-1
9.564443,1.152000,-0.549000,1.377000,1.125335,-0.640979,1.344665,1.157485,-0.731262,1.448736,0.006660,-0.000124,-0.003705,0.999971,-0.062132,-0.525247,-0.094696,-0.000540,0.000613,0.005668,0.101077,0.195948,1.856712,20.515006,5,0,0.000000,1,0.332037,0.749409,1,-1
9.581045,1.149000,-0.556000,1.375000,1.142259,-0.630802,1.445388,1.156140,-0.736991,1.447220,0.007384,0.000563,-0.003802,0.999965,-0.063680,-0.523031,-0.094098,-0.000539,0.000608,0.005671,0.102933,0.194998,1.130494,20.515006,5,0,0.000000,1,0.334536,0.748507,1,-1
9.597682,1.148000,-0.559000,1.373000,1.093641,-0.643936,1.325246,1.153643,-0.742996,1.443912,0.008123,0.000924,-0.003517,0.999960,-0.062937,-0.518260,-0.095079,-0.000537,0.000605,0.005757,0.111577,0.197268,0.735046,20.515006,5,0,0.000000,1,0.331270,0.749908,1,-1
9.614303,1.146000,-0.563000,1.372000,1.155440,-0.642695,1.376286,1.152693,-0.748879,1.441381,0.009220,0.001138,-0.003265,0.999952,-0.061996,-0.519414,-0.095783,-0.000538,0.000600,0.005804,0.080367,0.198519,0.812694,20.515006,5,0,0.000000,1,0.333202,0.749101,1,-1
9.630970,1.144000,-0.569000,1.370000,1.156030,-0.670254,1.382851,1.151798,-0.755438,1.438941,0.009597,0.001204,-0.003165,0.999948,-0.056967,-0.516123,-0.095831,-0.000538,0.000597,0.005845,0.102772,0.198929,1.838289,20.515006,5,0,0.000000,1,0.334075,0.750362,1,-1
9.647526,1.142000,-0.573000,1.369000,1.112406,-0.679849,1.250056,1.149997,-0.761552,1.434671,0.010682,0.001431,-0.003227,0.999937,-0.054201,-0.509681,-0.094003,-0.000538,0.000596,0.005977,0.162604,0.199821,4.452271,20.515006,5,0,0.000000,1,0.330535,0.752669,1,-1
9.664186,1.140000,-0.579000,1.367000,1.139531,-0.661735,1.322696,1.148881,-0.767189,1.431551,0.011676,0.001927,-0.003006,0.999925,-0.056066,-0.511611,-0.091696,-0.000538,0.000592,0.006055,0.093852,0.199150,1.398585,20.515006,5,0,0.000000,1,0.332160,0.750548,1,-1
9.680893,1.138000,-0.582000,1.365000,1.167233,-0.699363,1.387247,1.148423,-0.773777,1.429449,0.011730,0.002272,-0.003051,0.999924,-0.056399,-0.516035,-0.090391,-0.000539,0.000589,0.006086,0.122978,0.202586,5.924817,20.515006,5,0,0.000000,1,0.335054,0.751566,1,-1
9.697441,1.136000,-0.586000,1.364000,1.109569,-0.665430,1.390435,1.146592,-0.779426,1.427380,0.012552,0.002587,-0.003085,0.999913,-0.056329,-0.511248,-0.095185,-0.000538,0.000584,0.006114,0.087787,0.203821,3.871589,20.515006,5,0,0.000000,1,0.333647,0.750430,1,-1
9.714068,1.134000,-0.592000,1.362000,1.108169,-0.677831,1.416229,1.144824,-0.784839,1.425710,0.013853,0.002332,-0.002812,0.999897,-0.054442,-0.510853,-0.100579,-0.000536,0.000579,0.006123,0.104762,0.203379,3.777068,20.515006,5,0,0.000000,1,0.334637,0.750959,1,-1
9.730641,1.132000,-0.596000,1.361000,1.119570,-0.669171,1.364197,1.143390,-0.790064,1.423201,0.014733,0.002509,-0.002664,0.999885,-0.052193,-0.510823,-0.102700,-0.000536,0.000574,0.006166,0.074288,0.204107,3.000249,20.515006,5,0,0.000000,1,0.333180,0.750681,1,-1
9.747323,1.130000,-0.599000,1.360000,1.090472,-0.682607,1.365945,1.141290,-0.795650,1.420740,0.015379,0.002141,-0.002941,0.999875,-0.054388,-0.515509,-0.100892,-0.000533,0.000569,0.006207,0.092671,0.206126,2.745097,20.515006,5,0,0.000000,1,0.333253,0.751518,1,-1
9.763941,1.128000,-0.605000,1.358000,1.077657,-0.651485,1.268839,1.138880,-0.800511,1.416865,0.015861,0.002299,-0.002967,0.999867,-0.057304,-0.517567,-0.101858,-0.000532,0.000564,0.006314,0.112450,0.204470,0.091482,20.515006,5,0,0.000000,1,0.329907,0.751096,1,-1
9.780562,1.125000,-0.610000,1.357000,1.079584,-0.728583,1.376237,1.136569,-0.806767,1.414681,0.015564,0.003014,-0.002994,0.999870,-0.059946,-0.522556,-0.103064,-0.000529,0.000560,0.006342,0.128431,0.205373,7.080092,20.515006,5,0,0.000000,1,0.334645,0.753713,1,-1
9.797139,1.123000,-0.613000,1.355000,1.081769,-0.685251,1.343841,1.134351,-0.811938,1.412051,0.015095,0.003367,-0.003346,0.999875,-0.058301,-0.517376,-0.101085,-0.000527,0.000555,0.006392,0.083933,0.207267,0.221110,20.515006,5,0,0.000000,1,0.332658,0.751875,1,-1
9.813781,1.121000,-0.619000,1.353000,1.101751,-0.676969,1.374612,1.132663,-0.816863,1.409921,0.015403,0.004093,-0.003321,0.999867,-0.058614,-0.516342,-0.099136,-0.000526,0.000549,0.006419,0.064792,0.206218,1.036421,20.515006,5,0,0.000000,1,0.333455,0.751115,1,-1
9.830444,1.119000,-0.623000,1.352000,1.041863,-0.704702,1.317304,1.129548,-0.822491,1.406958,0.015351,0.004671,-0.003091,0.999866,-0.060704,-0.520979,-0.099780,-0.000522,0.000545,0.006484,0.117597,0.207191,4.197505,20.515006,5,0,0.000000,1,0.332038,0.753376,1,-1
9.847078,1.117000,-0.628000,1.350000,1.083760,-0.685614,1.330276,1.127477,-0.827684,1.404199,0.015960,0.004523,-0.003442,0.999856,-0.060314,-0.523256,-0.101049,-0.000521,0.000539,0.006539,0.069378,0.207174,2.589736,20.515006,5,0,0.000000,1,0.332346,0.752008,1,-1
9.863632,1.115000,-0.632000,1.349000,1.057763,-0.679090,1.292757,1.124898,-0.832210,1.400976,0.016671,0.004671,-0.003505,0.999844,-0.061041,-0.522105,-0.102853,-0.000518,0.000533,0.006617,0.093042,0.207084,5.384230,20.515006,5,0,0.000000,1,0.330942,0.752286,1,-1
9.880242,1.113000,-0.636000,1.347000,1.093782,-0.710498,1.415243,1.123244,-0.837474,1.399566,0.017251,0.004771,-0.003390,0.999834,-0.055633,-0.518589,-0.102991,-0.000517,0.000526,0.006608,0.102841,0.208471,3.553934,20.515006,5,0,0.000000,1,0.335346,0.752592,1,-1
9.896899,1.111000,-0.641000,1.346000,1.023717,-0.733107,1.350992,1.120019,-0.843248,1.397188,0.016922,0.004091,-0.003310,0.999843,-0.053632,-0.519911,-0.104811,-0.000513,0.000522,0.006643,0.126992,0.208820,4.407632,20.515006,5,0,0.000000,1,0.333472,0.754570,1,-1
9.913569,1.109000,-0.645000,1.344000,1.064035,-0.739496,1.316904,1.117815,-0.849189,1.394281,0.016023,0.003903,-0.003660,0.999857,-0.054228,-0.519210,-0.107645,-0.000511,0.000517,0.006699,0.108100,0.210473,2.576564,20.515006,5,0,0.000000,1,0.333213,0.754913,1,-1
9.930151,1.108000,-0.650000,1.343000,1.033314,-0.715050,1.248393,1.114989,-0.853888,1.390470,0.016267,0.004059,-0.003695,0.999853,-0.052776,-0.508122,-0.106763,-0.000508,0.000513,0.006801,0.136967,0.209458,1.755750,20.515006,5,0,0.000000,1,0.330491,0.754991,1,-1
9.946765,1.105000,-0.656000,1.341000,1.046585,-0.756527,1.354993,1.112561,-0.859472,1.388311,0.017093,0.004260,-0.003165,0.999840,-0.051313,-0.506327,-0.101883,-0.000505,0.000508,0.006826,0.117106,0.209037,1.611562,20.515006,5,0,0.000000,1,0.334498,0.755461,1,-1
9.963393,1.103000,-0.660000,1.340000,1.032554,-0.735191,1.287834,1.109855,-0.864611,1.385191,0.016555,0.004247,-0.003212,0.999849,-0.051565,-0.513982,-0.103806,-0.000502,0.000504,0.006896,0.115489,0.209654,1.618781,20.515006,5,0,0.000000,1,0.331999,0.755351,1,-1
9.980039,1.100000,-0.665000,1.338000,1.065965,-0.769763,1.316729,1.107974,-0.870610,1.382500,0.014489,0.004039,-0.003619,0.999880,-0.053816,-0.515566,-0.104670,-0.000500,0.000500,0.006944,0.112188,0.210521,1.837618,20.515006,5,0,0.000000,1,0.334054,0.756309,1,-1
9.996695,1.098000,-0.670000,1.337000,1.036272,-0.762642,1.370987,1.105391,-0.876370,1.380613,0.014353,0.004096,-0.003768,0.999882,-0.055541,-0.510636,-0.106396,-0.000497,0.000494,0.006953,0.116396,0.211057,2.325301,20.515006,5,0,0.000000,1,0.334989,0.755710,1,-1
10.013270,1.097000,-0.673000,1.336000,1.023710,-0.773331,1.342944,1.102604,-0.881810,1.378392,0.014993,0.003754,-0.003489,0.999874,-0.054378,-0.506890,-0.106289,-0.000494,0.000490,0.006979,0.124443,0.213143,2.610151,20.515006,5,0,0.000000,1,0.334400,0.756568,1,-1
10.029972,1.094000,-0.680000,1.334000,1.004932,-0.781201,1.321782,1.099432,-0.887408,1.375885,0.014784,0.003162,-0.003674,0.999879,-0.056301,-0.510422,-0.104913,-0.000489,0.000485,0.007019,0.135366,0.211665,1.501166,20.515006,5,0,0.000000,1,0.333849,0.757350,1,-1
10.046537,1.093000,-0.683000,1.333000,1.031314,-0.767789,1.328919,1.096909,-0.892699,1.373515,0.014503,0.002504,-0.003849,0.999884,-0.058794,-0.514656,-0.106765,-0.000488,0.000481,0.007065,0.104933,0.213613,2.917866,20.515006,5,0,0.000000,1,0.333952,0.756391,1,-1
10.063181,1.091000,-0.688000,1.332000,1.030809,-0.776736,1.358189,1.094390,-0.898283,1.371530,0.013207,0.002224,-0.003770,0.999903,-0.060754,-0.517680,-0.107254,-0.000485,0.000475,0.007075,0.110376,0.213993,3.343619,20.515006,5,0,0.000000,1,0.334987,0.756515,1,-1
10.079785,1.088000,-0.692000,1.330000,1.025292,-0.784169,1.294745,1.091783,-0.903556,1.368753,0.012137,0.002531,-0.003965,0.999915,-0.065925,-0.520810,-0.105862,-0.000482,0.000470,0.007128,0.116920,0.215110,3.589869,20.515006,5,0,0.000000,1,0.333442,0.757676,1,-1
10.096337,1.086000,-0.698000,1.328000,1.022763,-0.759241,1.253555,1.089097,-0.908261,1.365350,0.011356,0.002878,-0.003947,0.999924,-0.069365,-0.517189,-0.110891,-0.000480,0.000465,0.007208,0.115289,0.213575,2.396428,20.515006,5,0,0.000000,1,0.331665,0.757195,1,-1
10.113112,1.084000,-0.702000,1.327000,1.022420,-0.777949,1.297512,1.086424,-0.913340,1.362565,0.012093,0.003319,-0.004186,0.999913,-0.068032,-0.506617,-0.111515,-0.000477,0.000459,0.007255,0.102127,0.214325,3.432568,20.515006,5,0,0.000000,1,0.333309,0.757366,1,-1
10.129666,1.082000,-0.707000,1.325000,1.075767,-0.794153,1.411586,1.085096,-0.918556,1.361474,0.014002,0.003868,-0.004287,0.999885,-0.067430,-0.502296,-0.113569,-0.000476,0.000452,0.007220,0.123011,0.214700,1.599385,20.515006,5,0,0.000000,1,0.337446,0.756469,1,-1
10.146332,1.080000,-0.712000,1.324000,1.028184,-0.794202,1.293932,1.082726,-0.923333,1.358707,0.014786,0.004402,-0.004321,0.999872,-0.067535,-0.507969,-0.115974,-0.000474,0.000447,0.007267,0.101716,0.214182,2.438378,20.515006,5,0,0.000000,1,0.333733,0.758130,1,-1
10.162856,1.078000,-0.717000,1.322000,1.019504,-0.814671,1.305073,1.080176,-0.928654,1.356091,0.014718,0.004941,-0.004309,0.999870,-0.070421,-0.510776,-0.117589,-0.000472,0.000442,0.007304,0.115099,0.214393,0.191090,20.515006,5,0,0.000000,1,0.334523,0.758993,1,-1
10.179535,1.075000,-0.722000,1.320000,1.031229,-0.803524,1.365830,1.077916,-0.933755,1.354377,0.014606,0.005479,-0.004244,0.999869,-0.069680,-0.510791,-0.116119,-0.000470,0.000435,0.007297,0.103259,0.214547,4.085126,20.515006,5,0,0.000000,1,0.335983,0.757658,1,-1
10.196201,1.074000,-0.726000,1.319000,1.035367,-0.802820,1.286271,1.075817,-0.938817,1.351494,0.014244,0.005339,-0.004336,0.999875,-0.067220,-0.507155,-0.115977,-0.000468,0.000430,0.007344,0.092005,0.215291,1.177666,20.515006,5,0,0.000000,1,0.333847,0.758579,1,-1
10.212795,1.072000,-0.730000,1.318000,1.060590,-0.806947,1.339114,1.074393,-0.943878,1.349476,0.014931,0.004723,-0.004478,0.999867,-0.065492,-0.506225,-0.110691,-0.000468,0.000424,0.007358,0.080603,0.216195,3.818887,20.515006,5,0,0.000000,1,0.335647,0.757753,1,-1
10.229365,1.069000,-0.736000,1.316000,1.015194,-0.802802,1.431571,1.071986,-0.948390,1.348989,0.015135,0.004070,-0.004156,0.999869,-0.066723,-0.512487,-0.108652,-0.000465,0.000415,0.007301,0.143925,0.214957,1.062439,20.515006,5,0,0.000000,1,0.337639,0.757457,1,-1
10.246006,1.067000,-0.741000,1.315000,0.996121,-0.807835,1.334823,1.069141,-0.953166,1.347033,0.013470,0.002892,-0.004182,0.999896,-0.067390,-0.514849,-0.110174,-0.000462,0.000408,0.007311,0.099417,0.214581,2.295166,20.515006,5,0,0.000000,1,0.334878,0.758531,1,-1
10.262649,1.065000,-0.746000,1.312000,1.064651,-0.824860,1.321854,1.067974,-0.958261,1.344895,0.011420,0.001633,-0.004594,0.999923,-0.066465,-0.506506,-0.109701,-0.000462,0.000402,0.007329,0.079474,0.214816,4.945772,20.515006,5,0,0.000000,1,0.335725,0.758695,1,-1
10.279264,1.063000,-0.750000,1.311000,1.006167,-0.805851,1.233491,1.065435,-0.962750,1.341483,0.010589,0.000421,-0.004662,0.999933,-0.069214,-0.500764,-0.109444,-0.000460,0.000396,0.007406,0.111162,0.214937,2.911157,20.515006,5,0,0.000000,1,0.332240,0.760017,1,-1
10.295866,1.061000,-0.754000,1.310000,1.017947,-0.850467,1.239952,1.063204,-0.967748,1.338390,0.010090,-0.000122,-0.004641,0.999938,-0.071690,-0.501058,-0.112550,-0.000460,0.000395,0.007487,0.126752,0.215637,5.276382,20.515006,5,0,0.000000,1,0.333781,0.761830,1,-1
10.312520,1.059000,-0.760000,1.308000,1.008530,-0.841715,1.352207,1.060770,-0.972531,1.336879,0.009674,-0.000269,-0.004959,0.999941,-0.074790,-0.492670,-0.110586,-0.000458,0.000388,0.007478,0.105730,0.214491,2.273569,20.515006,5,0,0.000000,1,0.336507,0.759729,1,-1
10.329138,1.057000,-0.765000,1.307000,0.989826,-0.820950,1.334450,1.057854,-0.976690,1.335170,0.010394,0.000743,-0.004868,0.999934,-0.083273,-0.490144,-0.106979,-0.000455,0.000381,0.007480,0.091631,0.213558,2.693711,20.515006,5,0,0.000000,1,0.335189,0.759205,1,-1
10.345750,1.054000,-0.771000,1.305000,1.012169,-0.871934,1.279734,1.055423,-0.982064,1.332653,0.011257,0.003026,-0.004602,0.999921,-0.084312,-0.490141,-0.107911,-0.000453,0.000376,0.007518,0.112142,0.212872,2.071614,20.515006,5,0,0.000000,1,0.335428,0.762046,1,-1
10.362413,1.052000,-0.775000,1.303000,1.021431,-0.834899,1.237127,1.053265,-0.986551,1.329502,0.012557,0.004597,-0.004711,0.999899,-0.081102,-0.490819,-0.108341,-0.000453,0.000371,0.007585,0.094136,0.213209,1.291922,20.515006,5,0,0.000000,1,0.333301,0.761145,1,-1
10.378946,1.050000,-0.779000,1.301000,1.012622,-0.837830,1.343111,1.051075,-0.990633,1.328039,0.013855,0.005148,-0.004765,0.999879,-0.079514,-0.493022,-0.109237,-0.000451,0.000363,0.007577,0.081433,0.213356,2.992212,20.515006,5,0,0.000000,1,0.336177,0.759610,1,-1
10.395643,1.047000,-0.784000,1.300000,1.021594,-0.842958,1.275431,1.049142,-0.994982,1.325538,0.012765,0.004819,-0.004611,0.999896,-0.077645,-0.499963,-0.111229,-0.000450,0.000357,0.007613,0.068740,0.212533,1.859905,20.515006,5,0,0.000000,1,0.334557,0.760735,1,-1
10.412260,1.045000,-0.788000,1.298000,1.008685,-0.880527,1.263324,1.046964,-1.000251,1.322853,0.011444,0.004260,-0.004861,0.999914,-0.074949,-0.502330,-0.113940,-0.000449,0.000353,0.007657,0.105273,0.213711,2.707283,20.515006,5,0,0.000000,1,0.335195,0.762780,1,-1
10.428940,1.043000,-0.793000,1.297000,1.018067,-0.861104,1.242079,1.045067,-1.005094,1.319832,0.010450,0.002853,-0.004901,0.999929,-0.072889,-0.502436,-0.115676,-0.000449,0.000348,0.007714,0.090973,0.213329,2.928642,20.515006,5,0,0.000000,1,0.334142,0.762258,1,-1
10.445461,1.041000,-0.797000,1.296000,1.038546,-0.864824,1.338144,1.043794,-1.009484,1.318520,0.008426,0.000989,-0.004638,0.999953,-0.073262,-0.500866,-0.114776,-0.000449,0.000342,0.007715,0.079889,0.213692,1.186307,20.515006,5,0,0.000000,1,0.337103,0.760494,1,-1
10.462073,1.039000,-0.803000,1.294000,1.008058,-0.899251,1.278672,1.041796,-1.014656,1.316149,0.006593,-0.000473,-0.004639,0.999967,-0.075513,-0.490507,-0.114457,-0.000448,0.000336,0.007743,0.102258,0.212830,2.225780,20.515006,5,0,0.000000,1,0.336173,0.763288,1,-1
10.478786,1.037000,-0.807000,1.293000,0.999600,-0.855129,1.260293,1.039573,-1.018625,1.313516,0.004661,-0.001563,-0.004750,0.999977,-0.078416,-0.480597,-0.113307,-0.000447,0.000329,0.007782,0.069173,0.212632,4.595387,20.515006,5,0,0.000000,1,0.334278,0.761827,1,-1
10.495443,1.035000,-0.811000,1.291000,0.983884,-0.888030,1.322848,1.036982,-1.023164,1.311868,0.003456,-0.002625,-0.004759,0.999979,-0.082109,-0.473597,-0.109470,-0.000445,0.000323,0.007776,0.097779,0.213197,0.756874,20.515006,5,0,0.000000,1,0.336846,0.762407,1,-1
10.512044,1.032000,-0.817000,1.289000,1.014535,-0.871988,1.267369,1.035092,-1.027278,1.309469,0.002503,-0.003519,-0.005128,0.999978,-0.086313,-0.472744,-0.107717,-0.000444,0.000316,0.007808,0.061617,0.211294,0.973832,20.515006,5,0,0.000000,1,0.335111,0.762253,1,-1
10.528578,1.032000,-0.818000,1.289000,1.025169,-0.946141,1.367033,1.033504,-1.032685,1.308661,0.002661,-0.003974,-0.005284,0.999975,-0.088868,-0.471077,-0.105294,-0.000443,0.000311,0.007767,0.150186,0.215588,9.193026,20.515006,5,0,0.000000,1,0.340356,0.763538,1,-1
10.545241,1.027000,-0.827000,1.286000,1.005383,-0.877943,1.307157,1.031417,-1.036453,1.306976,0.002450,-0.004334,-0.004962,0.999975,-0.090601,-0.468407,-0.105841,-0.000442,0.000303,0.007769,0.059247,0.210548,1.013752,20.515006,5,0,0.000000,1,0.336306,0.761925,1,-1
10.561881,1.025000,-0.830000,1.285000,0.961984,-0.896167,1.220844,1.028307,-1.040607,1.304021,0.001442,-0.005342,-0.004898,0.999973,-0.094784,-0.463190,-0.105282,-0.000440,0.000298,0.007828,0.111647,0.211490,1.758953,20.515006,5,0,0.000000,1,0.334036,0.765017,1,-1
10.578527,1.022000,-0.836000,1.283000,0.999820,-0.919790,1.274414,1.026066,-1.045149,1.301871,0.001285,-0.006287,-0.005328,0.999965,-0.099639,-0.449628,-0.104773,-0.000439,0.000292,0.007848,0.087100,0.210038,1.136579,20.515006,5,0,0.000000,1,0.336600,0.764346,1,-1
10.611692,1.017000,-0.843000,1.281000,1.035723,-0.907138,1.355899,1.023009,-1.056072,1.299354,0.002275,-0.006497,-0.005332,0.999962,-0.109744,-0.449664,-0.102079,-0.000439,0.000284,0.007809,0.100370,0.213945,0.785361,20.515006,5,0,0.000000,1,0.338882,0.762017,1,-1
10.628369,1.015000,-0.847000,1.279000,1.012689,-0.945290,1.414181,1.020982,-1.060519,1.299432,0.003442,-0.005700,-0.005287,0.999964,-0.114716,-0.447583,-0.103057,-0.000438,0.000276,0.007728,0.167153,0.214577,0.762938,20.515006,5,0,0.000000,1,0.341657,0.763312,1,-1
10.644985,1.011000,-0.852000,1.278000,0.978815,-0.928975,1.245323,1.018091,-1.064511,1.296943,0.003500,-0.005181,-0.005144,0.999967,-0.116783,-0.444571,-0.105541,-0.000437,0.000270,0.007767,0.089604,0.213471,8.022315,20.515006,5,0,0.000000,1,0.335865,0.765658,1,-1
10.661596,1.009000,-0.856000,1.276000,0.951414,-0.917836,1.273280,1.014665,-1.067754,1.294958,0.002396,-0.005027,-0.005217,0.999971,-0.119080,-0.441414,-0.107743,-0.000434,0.000264,0.007784,0.084541,0.212676,0.864039,20.515006,5,0,0.000000,1,0.336045,0.764971,1,-1
10.678171,1.005000,-0.860000,1.274000,1.022702,-0.964391,1.302207,1.013005,-1.072092,1.293364,0.002083,-0.004992,-0.005386,0.999971,-0.119221,-0.436025,-0.110027,-0.000435,0.000259,0.007779,0.109574,0.213124,8.604547,20.515006,5,0,0.000000,1,0.338982,0.765207,1,-1
10.694849,1.002000,-0.864000,1.273000,1.006695,-0.932786,1.248140,1.010982,-1.075635,1.290921,0.002031,-0.005562,-0.004787,0.999971,-0.117181,-0.437130,-0.111991,-0.000435,0.000253,0.007810,0.073291,0.212582,1.790213,20.515006,5,0,0.000000,1,0.336312,0.765339,1,-1
10.711503,1.000000,-0.867000,1.272000,0.967974,-0.928434,1.202469,1.008060,-1.079090,1.287783,0.001850,-0.006145,-0.005066,0.999967,-0.117641,-0.432917,-0.113854,-0.000434,0.000247,0.007872,0.098155,0.212829,1.797713,20.515006,5,0,0.000000,1,0.334556,0.766856,1,-1
10.728131,0.998000,-0.871000,1.270000,0.974506,-0.950159,1.289760,1.005323,-1.082900,1.285963,0.001919,-0.006735,-0.005253,0.999962,-0.120944,-0.423518,-0.113040,-0.000432,0.000240,0.007870,0.084904,0.212626,2.489416,20.515006,5,0,0.000000,1,0.337756,0.765682,1,-1
10.744719,0.994000,-0.875000,1.268000,0.961439,-0.931468,1.219763,1.002371,-1.085718,1.283239,0.001407,-0.007301,-0.005130,0.999959,-0.124972,-0.413956,-0.110496,-0.000431,0.000234,0.007916,0.081091,0.211434,1.449928,20.515006,5,0,0.000000,1,0.335064,0.766627,1,-1
10.761375,0.991000,-0.879000,1.267000,0.958304,-0.934027,1.253081,0.999328,-1.088520,1.281074,0.000791,-0.007189,-0.005226,0.999960,-0.126182,-0.407052,-0.106677,-0.000429,0.000227,0.007936,0.065503,0.210157,2.776333,20.515006,5,0,0.000000,1,0.336047,0.765996,1,-1
10.778007,0.987000,-0.884000,1.265000,0.996607,-0.996487,1.356193,0.997254,-1.092725,1.280518,0.000694,-0.007390,-0.005598,0.999957,-0.127323,-0.397809,-0.103068,-0.000429,0.000221,0.007883,0.145127,0.209552,1.158600,20.515006,5,0,0.000000,1,0.341441,0.766012,1,-1
10.811179,0.981000,-0.890000,1.262000,0.933045,-0.954889,1.193193,0.991462,-1.101722,1.276018,0.004729,-0.006048,-0.005127,0.999957,-0.139890,-0.389209,-0.096647,-0.000427,0.000215,0.007943,0.106041,0.212443,3.205290,20.515006,5,0,0.000000,1,0.334773,0.768771,1,-1
10.827831,0.977000,-0.894000,1.261000,0.944710,-0.978365,1.261933,0.988086,-1.104778,1.274312,0.005807,-0.004917,-0.005564,0.999956,-0.143549,-0.390602,-0.093426,-0.000425,0.000208,0.007953,0.090338,0.211489,0.763464,20.515006,5,0,0.000000,1,0.337580,0.767877,1,-1
10.844523,0.973000,-0.897000,1.260000,0.965116,-0.976121,1.256845,0.985232,-1.107800,1.272577,0.006602,-0.004671,-0.005585,0.999952,-0.145330,-0.391520,-0.091282,-0.000424,0.000202,0.007965,0.079576,0.211529,1.532704,20.515006,5,0,0.000000,1,0.337542,0.767563,1,-1
10.861144,0.970000,-0.900000,1.259000,0.949564,-0.931882,1.171563,0.982004,-1.109743,1.269595,0.007129,-0.003929,-0.005356,0.999953,-0.147599,-0.390125,-0.090696,-0.000423,0.000195,0.008040,0.095285,0.210353,2.818624,20.515006,5,0,0.000000,1,0.333638,0.768142,1,-1
10.877767,0.966000,-0.904000,1.257000,0.931058,-0.991031,1.249716,0.978380,-1.113098,1.267832,0.007200,-0.003227,-0.005456,0.999954,-0.146517,-0.382720,-0.089522,-0.000421,0.000189,0.008056,0.094065,0.209744,1.063732,20.515006,5,0,0.000000,1,0.337512,0.768898,1,-1
10.894330,0.963000,-0.908000,1.256000,0.936889,-0.972180,1.278327,0.975107,-1.115484,1.266589,0.007505,-0.003189,-0.005548,0.999951,-0.145913,-0.374182,-0.089582,-0.000419,0.000181,0.008048,0.072797,0.208106,2.002980,20.515006,5,0,0.000000,1,0.337786,0.767404,1,-1
10.927658,0.955000,-0.915000,1.254000,0.886160,-0.975703,1.192136,0.968021,-1.123805,1.262528,0.008551,-0.002971,-0.005525,0.999944,-0.156409,-0.364060,-0.090324,-0.000415,0.000174,0.008100,0.110684,0.209384,3.176334,20.515006,5,0,0.000000,1,0.334941,0.770405,1,-1
10.944204,0.952000,-0.918000,1.253000,1.027511,-1.026763,1.344101,0.967020,-1.127242,1.262315,0.008841,-0.002428,-0.005652,0.999942,-0.154653,-0.365212,-0.089513,-0.000418,0.000167,0.008041,0.160720,0.209987,3.512288,20.515006,5,0,0.000000,1,0.342304,0.766597,1,-1
10.960887,0.948000,-0.922000,1.252000,0.928139,-1.013794,1.292800,0.963644,-1.130023,1.261396,0.009176,-0.001138,-0.005499,0.999942,-0.157696,-0.364767,-0.089209,-0.000416,0.000161,0.008018,0.102397,0.208822,8.147105,20.515006,5,0,0.000000,1,0.339519,0.768952,1,-1
10.977428,0.944000,-0.925000,1.251000,0.913680,-1.029819,1.293334,0.959929,-1.133178,1.260479,0.008505,0.000450,-0.005464,0.999949,-0.156628,-0.360948,-0.089895,-0.000413,0.000155,0.007994,0.117040,0.209001,1.689701,20.515006,5,0,0.000000,1,0.339955,0.769835,1,-1
10.994088,0.941000,-0.928000,1.250000,0.849507,-0.995407,1.185612,0.954705,-1.135403,1.257892,0.007508,0.000725,-0.005746,0.999955,-0.153117,-0.350030,-0.088288,-0.000409,0.000149,0.008048,0.130616,0.208005,4.255386,20.515006,5,0,0.000000,1,0.335028,0.772021,1,-1
11.027317,0.933000,-0.934000,1.247000,0.955017,-1.003924,1.364765,0.949911,-1.142927,1.256784,0.006778,0.001127,-0.006154,0.999957,-0.152266,-0.343676,-0.086426,-0.000408,0.000140,0.007968,0.138718,0.209838,8.681109,20.515006,5,0,0.000000,1,0.341613,0.766959,1,-1
11.043909,0.928000,-0.939000,1.246000,0.920074,-1.023360,1.241512,0.946763,-1.145233,1.255189,0.006919,0.001415,-0.005969,0.999957,-0.154782,-0.344854,-0.085746,-0.000407,0.000133,0.007978,0.084850,0.207288,1.517979,20.515006,5,0,0.000000,1,0.338237,0.770603,1,-1
11.060584,0.925000,-0.942000,1.245000,0.884334,-0.982763,1.236348,0.942712,-1.146496,1.253523,0.007856,0.002590,-0.006165,0.999947,-0.155627,-0.338156,-0.086550,-0.000404,0.000125,0.007991,0.058226,0.205438,0.992663,20.515006,5,0,0.000000,1,0.336410,0.769594,1,-1
11.077214,0.922000,-0.945000,1.244000,0.900708,-1.033609,1.260774,0.939150,-1.149003,1.252213,0.008785,0.003890,-0.006139,0.999935,-0.156256,-0.338922,-0.089619,-0.000402,0.000119,0.007985,0.092662,0.204888,9.204212,20.515006,5,0,0.000000,1,0.338988,0.770908,1,-1
11.093858,0.917000,-0.949000,1.242000,0.890520,-1.055672,1.130654,0.935389,-1.152113,1.248835,0.008751,0.004264,-0.005890,0.999935,-0.155442,-0.339583,-0.093750,-0.000401,0.000116,0.008073,0.156454,0.204059,0.891020,20.515006,5,0,0.000000,1,0.335811,0.775846,1,-1
11.110429,0.914000,-0.952000,1.241000,0.884405,-1.003663,1.239520,0.931720,-1.153558,1.247213,0.008644,0.004607,-0.006054,0.999934,-0.152289,-0.333572,-0.094580,-0.000398,0.000108,0.008079,0.059557,0.202431,1.306311,20.515006,5,0,0.000000,1,0.337197,0.770431,1,-1
11.127073,0.910000,-0.954000,1.240000,0.900824,-1.033427,1.232007,0.928555,-1.155712,1.245483,0.008967,0.005284,-0.006379,0.999925,-0.151801,-0.328864,-0.092759,-0.000397,0.000102,0.008089,0.080354,0.202638,2.637287,20.515006,5,0,0.000000,1,0.338125,0.771593,1,-1
11.143705,0.905000,-0.958000,1.238000,0.820657,-1.024993,1.237811,0.923424,-1.157613,1.243879,0.008858,0.006253,-0.006055,0.999923,-0.149167,-0.322730,-0.092568,-0.000392,0.000095,0.008093,0.107712,0.200548,4.007198,20.515006,5,0,0.000000,1,0.337247,0.772424,1,-1
11.160361,0.902000,-0.962000,1.238000,0.830189,-1.042565,1.253736,0.918725,-1.159879,1.242520,0.008261,0.006594,-0.006219,0.999925,-0.144008,-0.318427,-0.091711,-0.000387,0.000089,0.008085,0.109065,0.198636,0.709186,20.515006,5,0,0.000000,1,0.338434,0.772676,1,-1
11.176916,0.899000,-0.965000,1.237000,0.877273,-1.073496,1.217771,0.915516,-1.162556,1.240743,0.007572,0.006234,-0.006570,0.999930,-0.138594,-0.314498,-0.088352,-0.000386,0.000085,0.008102,0.112309,0.198281,1.680670,20.515006,5,0,0.000000,1,0.338863,0.774035,1,-1
11.193558,0.894000,-0.968000,1.235000,0.870342,-1.038388,1.303312,0.912259,-1.164280,1.240321,0.007107,0.005951,-0.006447,0.999936,-0.135101,-0.305110,-0.086015,-0.000383,0.000077,0.008055,0.100899,0.197199,6.114721,20.515006,5,0,0.000000,1,0.340169,0.770781,1,-1
11.226859,0.888000,-0.974000,1.233000,0.854119,-1.050879,1.242292,0.906403,-1.171013,1.237645,0.008075,0.007221,-0.006738,0.999919,-0.135162,-0.292029,-0.079975,-0.000380,0.000070,0.008052,0.084526,0.197925,0.770547,20.515006,5,0,0.000000,1,0.338611,0.772889,1,-1
11.243494,0.883000,-0.977000,1.232000,0.808651,-1.065971,1.220368,0.901684,-1.173030,1.236061,0.009161,0.008161,-0.006521,0.999903,-0.135954,-0.291632,-0.081623,-0.000375,0.000065,0.008063,0.116528,0.196960,2.837896,20.515006,5,0,0.000000,1,0.338060,0.774892,1,-1
11.260070,0.881000,-0.979000,1.231000,0.853633,-1.049934,1.281734,0.898370,-1.174397,1.235451,0.008269,0.008906,-0.006597,0.999904,-0.134519,-0.293465,-0.086195,-0.000373,0.000058,0.008029,0.091403,0.196218,2.797793,20.515006,5,0,0.000000,1,0.339766,0.771973,1,-1
11.276740,0.876000,-0.985000,1.230000,0.804621,-1.081615,1.224661,0.893894,-1.176631,1.233904,0.007512,0.008592,-0.006903,0.999911,-0.130214,-0.290499,-0.087195,-0.000368,0.000053,0.008036,0.120241,0.192504,5.681068,20.515006,5,0,0.000000,1,0.338714,0.775534,1,-1
11.293351,0.876000,-0.985000,1.230000,0.863772,-1.087497,1.246112,0.891083,-1.178942,1.232683,0.007366,0.008239,-0.007077,0.999914,-0.128008,-0.285893,-0.087396,-0.000367,0.000047,0.008025,0.104473,0.194546,3.936983,20.515006,5,0,0.000000,1,0.340103,0.774112,1,-1
11.309956,0.869000,-0.990000,1.228000,0.821747,-1.095985,1.217331,0.887247,-1.181431,1.231004,0.007848,0.008871,-0.006764,0.999907,-0.129099,-0.285034,-0.088670,-0.000363,0.000043,0.008035,0.116531,0.192323,3.121534,20.515006,5,0,0.000000,1,0.339166,0.776030,1,-1
11.326626,0.865000,-0.993000,1.226000,0.793595,-1.076966,1.295314,0.882879,-1.183209,1.230610,0.008030,0.009649,-0.006735,0.999899,-0.129999,-0.285785,-0.087222,-0.000358,0.000036,0.007987,0.130205,0.191103,2.942640,20.515006,5,0,0.000000,1,0.340601,0.773931,1,-1
11.343136,0.862000,-0.996000,1.225000,0.845709,-1.082942,1.245326,0.879924,-1.185145,1.229495,0.008463,0.010272,-0.007049,0.999887,-0.129845,-0.288254,-0.086130,-0.000356,0.000030,0.007975,0.090761,0.190045,4.874241,20.515006,5,0,0.000000,1,0.339762,0.774300,1,-1
11.359874,0.859000,-0.999000,1.224000,0.803527,-1.100844,1.213171,0.875957,-1.187611,1.227829,0.008655,0.010649,-0.007037,0.999881,-0.126909,-0.288464,-0.085875,-0.000353,0.000026,0.007985,0.116476,0.189410,6.266214,20.515006,5,0,0.000000,1,0.339053,0.776695,1,-1
11.376517,0.856000,-1.002000,1.224000,0.812114,-1.081726,1.266583,0.872321,-1.189587,1.227064,0.008208,0.011146,-0.006760,0.999881,-0.126646,-0.291853,-0.082233,-0.000349,0.000020,0.007956,0.100476,0.188321,1.664715,20.515006,5,0,0.000000,1,0.340067,0.774385,1,-1
11.393049,0.852000,-1.006000,1.222000,0.829743,-1.103448,1.198755,0.869347,-1.191858,1.225386,0.007126,0.010423,-0.006939,0.999896,-0.122814,-0.288687,-0.078075,-0.000348,0.000016,0.007976,0.102625,0.186696,4.510603,20.515006,5,0,0.000000,1,0.338938,0.776722,1,-1
11.409660,0.848000,-1.009000,1.221000,0.807594,-1.097232,1.250221,0.865959,-1.193887,1.224562,0.006668,0.009427,-0.007144,0.999908,-0.115239,-0.277157,-0.075982,-0.000344,0.000010,0.007956,0.101348,0.185791,3.414910,20.515006,5,0,0.000000,1,0.340093,0.775501,1,-1
11.426338,0.845000,-1.012000,1.221000,0.840148,-1.103272,1.191919,0.863529,-1.195928,1.222833,0.006148,0.008409,-0.006563,0.999924,-0.109901,-0.269005,-0.077815,-0.000343,0.000006,0.007979,0.095916,0.184869,2.183279,20.515006,5,0,0.000000,1,0.338812,0.776719,1,-1
11.442996,0.843000,-1.015000,1.220000,0.791550,-1.082406,1.229170,0.860003,-1.197388,1.221650,0.005324,0.006905,-0.006375,0.999942,-0.108367,-0.268879,-0.081143,-0.000340,-0.000001,0.007973,0.085292,0.183186,1.494851,20.515006,5,0,0.000000,1,0.338755,0.775684,1,-1
11.459565,0.839000,-1.018000,1.219000,0.802612,-1.061723,1.207540,0.856911,-1.198107,1.220160,0.003672,0.005512,-0.006698,0.999956,-0.111113,-0.265240,-0.082838,-0.000337,-0.000008,0.007982,0.058026,0.180999,0.820685,20.515006,5,0,0.000000,1,0.337468,0.775153,1,-1
11.476181,0.836000,-1.021000,1.218000,0.785168,-1.103724,1.216691,0.853393,-1.199816,1.218808,0.003051,0.005118,-0.006729,0.999960,-0.113160,-0.259360,-0.083298,-0.000333,-0.000013,0.007983,0.097102,0.179661,2.844665,20.515006,5,0,0.000000,1,0.339099,0.777064,1,-1
11.492821,0.833000,-1.023000,1.217000,0.805388,-1.087670,1.223764,0.850442,-1.201069,1.217532,0.001986,0.004760,-0.006574,0.999965,-0.112175,-0.253840,-0.084872,-0.000331,-0.000019,0.007978,0.070643,0.178922,4.129659,20.515006,5,0,0.000000,1,0.338913,0.775806,1,-1
11.509461,0.829000,-1.027000,1.216000,0.848765,-1.122425,1.287873,0.848655,-1.203109,1.217256,0.000974,0.004180,-0.006935,0.999967,-0.108957,-0.244402,-0.084351,-0.000331,-0.000024,0.007926,0.121088,0.177206,3.691832,20.515006,5,0,0.000000,1,0.342559,0.774813,1,-1
11.526102,0.826000,-1.030000,1.215000,0.802201,-1.079101,1.203049,0.845734,-1.203884,1.215643,0.001734,0.004137,-0.007196,0.999964,-0.111678,-0.235340,-0.086134,-0.000329,-0.000030,0.007935,0.055858,0.175002,1.694276,20.515006,5,0,0.000000,1,0.337950,0.776060,1,-1
11.542655,0.823000,-1.032000,1.214000,0.774840,-1.165063,1.208439,0.842254,-1.206550,1.214183,0.002870,0.003754,-0.006804,0.999966,-0.113838,-0.237516,-0.087453,-0.000325,-0.000033,0.007939,0.141620,0.175609,3.578230,20.515006,5,0,0.000000,1,0.341055,0.780098,1,-1
11.559290,0.820000,-1.035000,1.213000,0.785415,-1.119076,1.151880,0.839071,-1.208124,1.211838,0.002833,0.003892,-0.006732,0.999966,-0.114667,-0.239838,-0.086976,-0.000323,-0.000036,0.007982,0.109547,0.174175,2.333848,20.515006,5,0,0.000000,1,0.337700,0.779734,1,-1
11.575925,0.817000,-1.038000,1.212000,0.775758,-1.125803,1.153040,0.835734,-1.209901,1.209538,0.002702,0.003505,-0.006810,0.999967,-0.111518,-0.240847,-0.087412,-0.000320,-0.000039,0.008023,0.113519,0.172936,2.732291,20.515006,5,0,0.000000,1,0.337893,0.780171,1,-1
11.592517,0.813000,-1.041000,1.212000,0.802029,-1.142958,1.195673,0.833117,-1.212141,1.207903,0.001796,0.003157,-0.006915,0.999969,-0.110764,-0.242347,-0.086696,-0.000319,-0.000042,0.008031,0.103838,0.172368,3.278273,20.515006,5,0,0.000000,1,0.340047,0.779002,1,-1
11.609154,0.813000,-1.041000,1.212000,0.752556,-1.101477,1.212311,0.829461,-1.213153,1.206649,0.001008,0.001881,-0.006869,0.999974,-0.109771,-0.241143,-0.083499,-0.000315,-0.000048,0.008024,0.085505,0.173021,3.225933,20.515006,5,0,0.000000,1,0.338573,0.777671,1,-1
11.625785,0.813000,-1.041000,1.212000,0.739456,-1.116563,1.144202,0.825545,-1.214488,1.204423,0.001458,0.001161,-0.007057,0.999973,-0.111512,-0.233811,-0.078210,-0.000311,-0.000052,0.008067,0.125360,0.174106,4.894538,20.515006,5,0,0.000000,1,0.336959,0.780705,1,-1
11.642427,0.813000,-1.041000,1.212000,0.751398,-1.131592,1.153118,0.821978,-1.216105,1.202400,0.001290,0.000437,-0.006794,0.999976,-0.112741,-0.228585,-0.076874,-0.000308,-0.000055,0.008102,0.124373,0.175598,0.449649,20.515006,5,0,0.000000,1,0.337890,0.780877,1,-1
11.659103,0.813000,-1.041000,1.212000,0.712164,-1.154596,1.150709,0.817485,-1.218203,1.200351,0.001648,-0.000554,-0.006663,0.999976,-0.114715,-0.222168,-0.078290,-0.000303,-0.000058,0.008138,0.163794,0.177642,6.361363,20.515006,5,0,0.000000,1,0.338325,0.782732,1,-1
11.675718,0.813000,-1.041000,1.212000,0.763422,-1.106452,1.192093,0.814296,-1.219076,1.198916,0.001203,-0.001164,-0.006493,0.999978,-0.118086,-0.222317,-0.081854,-0.000300,-0.000063,0.008142,0.084488,0.178561,4.619534,20.515006,5,0,0.000000,1,0.338250,0.778282,1,-1
11.692235,0.813000,-1.041000,1.212000,0.738658,-1.125202,1.143799,0.810632,-1.220154,1.197042,0.000125,-0.001992,-0.006505,0.999977,-0.119918,-0.216244,-0.084329,-0.000297,-0.000066,0.008195,0.131408,0.179793,2.945037,20.515006,5,0,0.000000,1,0.337257,0.781135,1,-1
11.708918,0.792000,-1.058000,1.206000,0.740709,-1.106171,1.228037,0.807074,-1.220677,1.195876,-0.000267,-0.002841,-0.006459,0.999975,-0.119560,-0.201048,-0.088326,-0.000293,-0.000074,0.008155,0.073735,0.163687,0.731579,20.515006,5,0,0.000000,1,0.339113,0.777674,1,-1
11.725605,0.788000,-1.060000,1.205000,0.766882,-1.149121,1.106788,0.804198,-1.222045,1.193095,-0.000152,-0.003540,-0.006212,0.999974,-0.119661,-0.190457,-0.092302,-0.000292,-0.000076,0.008218,0.134291,0.163287,5.762644,20.515006,5,0,0.000000,1,0.337272,0.783079,1,-1
11.742182,0.785000,-1.062000,1.203000,0.715743,-1.123003,1.222252,0.800134,-1.222645,1.191997,0.000854,-0.004671,-0.006505,0.999968,-0.119826,-0.179625,-0.095532,-0.000287,-0.000081,0.008195,0.094279,0.161731,0.288105,20.515006,5,0,0.000000,1,0.339335,0.779036,1,-1
11.758741,0.781000,-1.064000,1.203000,0.707571,-1.141925,1.176309,0.796034,-1.223380,1.190264,0.002826,-0.005393,-0.006576,0.999960,-0.123706,-0.170615,-0.096116,-0.000283,-0.000085,0.008205,0.110347,0.160593,1.575041,20.515006,5,0,0.000000,1,0.338578,0.781387,1,-1
11.775417,0.779000,-1.066000,1.201000,0.793715,-1.158843,1.224088,0.794042,-1.224421,1.189258,0.004705,-0.005385,-0.006209,0.999955,-0.124811,-0.161814,-0.095934,-0.000282,-0.000089,0.008179,0.096796,0.159566,2.956327,20.515006,5,0,0.000000,1,0.341464,0.778991,1,-1
11.792074,0.774000,-1.068000,1.200000,0.731392,-1.141528,1.095481,0.790549,-1.224938,1.186299,0.005669,-0.005655,-0.006222,0.999949,-0.125900,-0.160271,-0.095716,-0.000280,-0.000091,0.008244,0.134707,0.158402,2.208681,20.515006,5,0,0.000000,1,0.336350,0.783831,1,-1
11.808705,0.771000,-1.070000,1.199000,0.733669,-1.142155,1.253785,0.787161,-1.225495,1.185786,0.004975,-0.006837,-0.006301,0.999944,-0.128735,-0.157624,-0.092447,-0.000277,-0.000097,0.008194,0.097987,0.156890,1.644432,20.515006,5,0,0.000000,1,0.341237,0.778763,1,-1
11.825303,0.768000,-1.072000,1.198000,0.714242,-1.133340,1.215291,0.783302,-1.225746,1.184720,0.006041,-0.007321,-0.006509,0.999934,-0.131719,-0.146659,-0.090678,-0.000273,-0.000103,0.008171,0.083376,0.155075,2.038817,20.515006,5,0,0.000000,1,0.339507,0.779724,1,-1
11.841945,0.764000,-1.074000,1.197000,0.734922,-1.151206,1.247756,0.780086,-1.226233,1.184250,0.006567,-0.008149,-0.006504,0.999924,-0.133860,-0.147325,-0.089853,-0.000271,-0.000108,0.008125,0.096863,0.153610,3.611274,20.515006,5,0,0.000000,1,0.341414,0.779276,1,-1
11.858483,0.760000,-1.076000,1.196000,0.704804,-1.125876,1.195900,0.776153,-1.226131,1.183035,0.007033,-0.009065,-0.006558,0.999913,-0.139351,-0.146637,-0.087474,-0.000267,-0.000113,0.008116,0.074392,0.151553,2.707363,20.515006,5,0,0.000000,1,0.338531,0.780094,1,-1
11.875162,0.756000,-1.079000,1.195000,0.704037,-1.185303,1.185799,0.772141,-1.227517,1.181682,0.008757,-0.009864,-0.006536,0.999892,-0.147326,-0.148808,-0.083532,-0.000263,-0.000115,0.008112,0.118680,0.149984,3.190466,20.515006,5,0,0.000000,1,0.340533,0.783124,1,-1
11.891856,0.752000,-1.079000,1.194000,0.752939,-1.181243,1.202438,0.769259,-1.228834,1.180656,0.009301,-0.009517,-0.006213,0.999892,-0.152323,-0.150865,-0.080019,-0.000262,-0.000118,0.008096,0.102595,0.151414,7.874353,20.515006,5,0,0.000000,1,0.341310,0.781415,1,-1
11.908398,0.749000,-1.082000,1.193000,0.726717,-1.124359,1.112570,0.765888,-1.228633,1.178419,0.009501,-0.009652,-0.006288,0.999889,-0.154892,-0.149328,-0.077393,-0.000261,-0.000122,0.008143,0.093594,0.148321,0.353956,20.515006,5,0,0.000000,1,0.336186,0.782434,1,-1
11.925010,0.744000,-1.084000,1.192000,0.694190,-1.182446,1.267228,0.761718,-1.229852,1.178573,0.010009,-0.009343,-0.006281,0.999887,-0.161514,-0.146356,-0.072494,-0.000257,-0.000126,0.008079,0.133537,0.147536,3.078554,20.515006,5,0,0.000000,1,0.342927,0.780994,1,-1
11.941694,0.740000,-1.085000,1.191000,0.730102,-1.174647,1.214662,0.758379,-1.230821,1.177939,0.011529,-0.008332,-0.006053,0.999880,-0.164583,-0.140234,-0.072912,-0.000255,-0.000130,0.008052,0.093244,0.147554,3.930731,20.515006,5,0,0.000000,1,0.341248,0.781261,1,-1
11.958312,0.736000,-1.087000,1.190000,0.702599,-1.143272,1.168209,0.754389,-1.230982,1.176559,0.011249,-0.007524,-0.005772,0.999892,-0.167297,-0.140405,-0.076639,-0.000252,-0.000134,0.008057,0.068972,0.145773,1.399077,20.515006,5,0,0.000000,1,0.338335,0.781797,1,-1
11.991482,0.728000,-1.092000,1.189000,0.710051,-1.189396,1.213221,0.747970,-1.234334,1.174633,0.011149,-0.006453,-0.006344,0.999897,-0.170477,-0.134321,-0.078670,-0.000250,-0.000137,0.008028,0.101955,0.144445,3.416888,20.515006,5,0,0.000000,1,0.341616,0.782356,1,-1
12.008185,0.724000,-1.094000,1.188000,0.711248,-1.216013,1.178661,0.744359,-1.236002,1.173424,0.011284,-0.005528,-0.006187,0.999902,-0.174120,-0.135234,-0.080740,-0.000248,-0.000139,0.008024,0.123032,0.144192,5.114575,20.515006,5,0,0.000000,1,0.341589,0.784535,1,-1
12.024770,0.718000,-1.095000,1.186000,0.649735,-1.172099,1.189841,0.739237,-1.236577,1.172398,0.011189,-0.004741,-0.006481,0.999905,-0.178390,-0.130725,-0.079247,-0.000243,-0.000143,0.008012,0.103049,0.143805,1.918779,20.515006,5,0,0.000000,1,0.339632,0.783437,1,-1
12.041433,0.714000,-1.098000,1.186000,0.651872,-1.188554,1.096119,0.734188,-1.237466,1.169951,0.012185,-0.003556,-0.006566,0.999898,-0.182571,-0.123438,-0.077512,-0.000239,-0.000144,0.008065,0.141911,0.141830,4.615088,20.515006,5,0,0.000000,1,0.337428,0.787469,1,-1
12.057983,0.709000,-1.100000,1.184000,0.684046,-1.193486,1.209803,0.730141,-1.238310,1.169338,0.012280,-0.002567,-0.005972,0.999903,-0.185412,-0.126601,-0.078498,-0.000236,-0.000147,0.008035,0.100140,0.140683,3.749645,20.515006,5,0,0.000000,1,0.341446,0.783172,1,-1
12.074692,0.705000,-1.102000,1.183000,0.655505,-1.169893,1.099365,0.725376,-1.238683,1.166998,0.011590,-0.001419,-0.006071,0.999913,-0.188640,-0.132014,-0.079516,-0.000233,-0.000150,0.008083,0.118550,0.139116,3.011610,20.515006,5,0,0.000000,1,0.336833,0.786361,1,-1
12.091317,0.701000,-1.104000,1.183000,0.715685,-1.159487,1.265815,0.722158,-1.238891,1.167232,0.011806,-0.001402,-0.006545,0.999908,-0.190437,-0.136312,-0.077185,-0.000232,-0.000156,0.008011,0.100761,0.137448,5.359558,20.515006,5,0,0.000000,1,0.342142,0.779592,1,-1
12.107914,0.697000,-1.105000,1.182000,0.666718,-1.207961,1.219675,0.717736,-1.240371,1.166803,0.011449,-0.000871,-0.006458,0.999913,-0.193767,-0.139701,-0.072930,-0.000229,-0.000159,0.007972,0.113742,0.137791,5.850463,20.515006,5,0,0.000000,1,0.342203,0.783894,1,-1
12.124539,0.691000,-1.109000,1.181000,0.686850,-1.179631,1.187118,0.714006,-1.241049,1.166005,0.011082,0.000072,-0.006447,0.999918,-0.195259,-0.140365,-0.068119,-0.000227,-0.000162,0.007956,0.071017,0.134874,3.054998,20.515006,5,0,0.000000,1,0.340197,0.783171,1,-1
12.141094,0.686000,-1.110000,1.180000,0.644200,-1.185544,1.137693,0.709283,-1.241894,1.164739,0.010970,0.000941,-0.006268,0.999920,-0.194459,-0.144046,-0.065787,-0.000224,-0.000164,0.007995,0.096146,0.134800,3.845273,20.515006,5,0,0.000000,1,0.338508,0.785892,1,-1
12.157790,0.682000,-1.113000,1.179000,0.583698,-1.193906,1.161020,0.703163,-1.243058,1.163431,0.010209,0.000765,-0.006202,0.999928,-0.195458,-0.150409,-0.065706,-0.000218,-0.000168,0.007976,0.128578,0.132685,1.192506,20.515006,5,0,0.000000,1,0.338987,0.786577,1,-1
12.174409,0.678000,-1.114000,1.178000,0.629047,-1.214519,1.144222,0.698253,-1.244795,1.162101,0.009678,0.001163,-0.006129,0.999934,-0.195293,-0.151969,-0.062545,-0.000214,-0.000169,0.007988,0.116796,0.133305,9.804778,20.515006,5,0,0.000000,1,0.339746,0.787336,1,-1
12.191016,0.674000,-1.116000,1.178000,0.679128,-1.191588,1.217833,0.694652,-1.245996,1.161916,0.008544,0.000312,-0.005871,0.999946,-0.193615,-0.153561,-0.061864,-0.000213,-0.000173,0.007947,0.085595,0.132606,2.285801,20.515006,5,0,0.000000,1,0.341581,0.782960,1,-1
12.207585,0.669000,-1.119000,1.177000,0.634850,-1.201773,1.178541,0.690205,-1.247300,1.161193,0.007372,0.000117,-0.006035,0.999955,-0.195211,-0.150992,-0.061393,-0.000210,-0.000176,0.007934,0.089555,0.130997,3.707482,20.515006,5,0,0.000000,1,0.340352,0.785472,1,-1
12.224238,0.665000,-1.120000,1.176000,0.602312,-1.216419,1.167637,0.685007,-1.248897,1.160294,0.005966,-0.000300,-0.005705,0.999966,-0.195767,-0.145472,-0.063745,-0.000205,-0.000177,0.007928,0.115310,0.131382,1.694194,20.515006,5,0,0.000000,1,0.340318,0.787142,1,-1
12.257543,0.655000,-1.126000,1.175000,0.669099,-1.250863,1.179218,0.678345,-1.253465,1.158295,0.005546,-0.000273,-0.005984,0.999967,-0.192376,-0.135067,-0.074155,-0.000205,-0.000178,0.007913,0.125727,0.130658,6.533362,20.515006,5,0,0.000000,1,0.342697,0.786952,1,-1
12.274076,0.651000,-1.127000,1.174000,0.626446,-1.175098,1.185079,0.674101,-1.253547,1.157542,0.006193,0.000195,-0.006136,0.999962,-0.194619,-0.127098,-0.074068,-0.000202,-0.000183,0.007892,0.055128,0.129687,1.983929,20.515006,5,0,0.000000,1,0.339379,0.784143,1,-1
12.290777,0.646000,-1.129000,1.172000,0.624796,-1.246853,1.246362,0.669811,-1.255385,1.157736,0.005892,0.001607,-0.005704,0.999965,-0.198762,-0.127550,-0.072465,-0.000199,-0.000185,0.007827,0.140956,0.129398,6.728995,20.515006,5,0,0.000000,1,0.344367,0.785808,1,-1
12.307387,0.641000,-1.131000,1.172000,0.635072,-1.197245,1.169527,0.665824,-1.255975,1.156768,0.005373,0.002378,-0.006011,0.999965,-0.198160,-0.128339,-0.069588,-0.000197,-0.000188,0.007817,0.066555,0.128323,1.069439,20.515006,5,0,0.000000,1,0.339884,0.785541,1,-1
12.324036,0.637000,-1.133000,1.171000,0.595731,-1.235572,1.158040,0.660912,-1.257552,1.155683,0.005510,0.004104,-0.005593,0.999961,-0.198947,-0.131811,-0.064149,-0.000193,-0.000190,0.007814,0.111320,0.127749,2.451728,20.515006,5,0,0.000000,1,0.340763,0.788513,1,-1
12.340638,0.632000,-1.136000,1.170000,0.643171,-1.229159,1.203525,0.657482,-1.258884,1.155485,0.005702,0.004988,-0.006002,0.999953,-0.194720,-0.132583,-0.058871,-0.000192,-0.000192,0.007780,0.099636,0.126335,2.211273,20.515006,5,0,0.000000,1,0.342364,0.785802,1,-1
12.357226,0.628000,-1.137000,1.169000,0.567613,-1.236499,1.151400,0.652286,-1.260406,1.154530,0.005935,0.006369,-0.005891,0.999945,-0.190581,-0.134325,-0.055016,-0.000188,-0.000193,0.007781,0.117713,0.126602,1.523709,20.515006,5,0,0.000000,1,0.340339,0.789322,1,-1
12.373914,0.624000,-1.139000,1.169000,0.577039,-1.211350,1.096154,0.647480,-1.261346,1.152759,0.005073,0.006341,-0.005629,0.999951,-0.185837,-0.137771,-0.053790,-0.000184,-0.000195,0.007822,0.112900,0.125633,1.865807,20.515006,5,0,0.000000,1,0.337651,0.789916,1,-1
12.390529,0.618000,-1.142000,1.168000,0.550558,-1.160039,1.154837,0.642163,-1.261044,1.151959,0.004618,0.006580,-0.006158,0.999949,-0.187644,-0.132945,-0.050299,-0.000179,-0.000200,0.007819,0.071042,0.122526,2.378798,20.515006,5,0,0.000000,1,0.337036,0.785529,1,-1
12.407149,0.614000,-1.144000,1.168000,0.550719,-1.240416,1.104814,0.636904,-1.262639,1.150440,0.005638,0.007786,-0.005597,0.999938,-0.187296,-0.127827,-0.047522,-0.000175,-0.000201,0.007852,0.131503,0.122099,4.375727,20.515006,5,0,0.000000,1,0.338890,0.791530,1,-1
12.423710,0.610000,-1.144000,1.167000,0.598052,-1.183163,1.247224,0.633105,-1.262682,1.151162,0.004848,0.007397,-0.005065,0.999948,-0.183729,-0.128096,-0.046397,-0.000172,-0.000207,0.007781,0.090069,0.121943,4.419630,20.515006,5,0,0.000000,1,0.341386,0.783361,1,-1
12.440326,0.605000,-1.147000,1.167000,0.546878,-1.207597,1.206419,0.628129,-1.263377,1.151278,0.004587,0.007275,-0.006185,0.999944,-0.185345,-0.127341,-0.042569,-0.000168,-0.000211,0.007741,0.092757,0.119690,6.786983,20.515006,5,0,0.000000,1,0.340625,0.786534,1,-1
12.456979,0.601000,-1.149000,1.167000,0.553903,-1.225871,1.158840,0.623388,-1.264477,1.150727,0.004832,0.007853,-0.006213,0.999938,-0.184126,-0.126167,-0.039376,-0.000164,-0.000213,0.007734,0.090519,0.118747,0.687392,20.515006,5,0,0.000000,1,0.339987,0.788789,1,-1
12.473625,0.596000,-1.151000,1.167000,0.531050,-1.249937,1.139844,0.618210,-1.266159,1.149912,0.005040,0.007696,-0.005353,0.999943,-0.181213,-0.127683,-0.039412,-0.000159,-0.000214,0.007741,0.121427,0.118520,1.786800,20.515006,5,0,0.000000,1,0.340220,0.791076,1,-1
12.490231,0.592000,-1.152000,1.167000,0.561596,-1.234757,1.130666,0.614097,-1.267353,1.148990,0.003064,0.006536,-0.005613,0.999958,-0.176583,-0.125999,-0.041242,-0.000156,-0.000215,0.007754,0.095359,0.118823,0.341789,20.515006,5,0,0.000000,1,0.339556,0.790076,1,-1
12.506848,0.588000,-1.154000,1.166000,0.528663,-1.242807,1.127421,0.609324,-1.268635,1.147983,0.003015,0.005509,-0.006183,0.999961,-0.172765,-0.117199,-0.044248,-0.000152,-0.000216,0.007768,0.113560,0.117985,5.065422,20.515006,5,0,0.000000,1,0.339495,0.791194,1,-1
12.523519,0.583000,-1.156000,1.166000,0.572346,-1.212980,1.088037,0.605690,-1.269132,1.146329,0.002492,0.004648,-0.005257,0.999972,-0.172546,-0.115882,-0.048624,-0.000151,-0.000218,0.007809,0.097152,0.117050,2.342508,20.515006,5,0,0.000000,1,0.337426,0.790403,1,-1
12.540222,0.579000,-1.157000,1.166000,0.535558,-1.260026,1.187279,0.601291,-1.270741,1.146107,0.000848,0.003557,-0.005076,0.999980,-0.167678,-0.109680,-0.054536,-0.000147,-0.000219,0.007779,0.113817,0.117599,1.280723,20.515006,5,0,0.000000,1,0.342227,0.789938,1,-1
12.556750,0.576000,-1.159000,1.165000,0.545828,-1.262193,1.227472,0.597247,-1.272239,1.146414,-0.000017,0.002768,-0.005709,0.999980,-0.169615,-0.099389,-0.057641,-0.000144,-0.000222,0.007720,0.124345,0.116705,6.068421,20.515006,5,0,0.000000,1,0.343730,0.788687,1,-1
12.573341,0.570000,-1.161000,1.165000,0.510647,-1.241416,1.125872,0.592503,-1.273005,1.145164,-0.000073,0.002935,-0.005312,0.999982,-0.173725,-0.097122,-0.060441,-0.000139,-0.000223,0.007734,0.107334,0.115953,4.466532,20.515006,5,0,0.000000,1,0.339215,0.791488,1,-1
12.589956,0.567000,-1.162000,1.164000,0.537908,-1.255977,1.164485,0.588465,-1.274073,1.144493,-0.000158,0.003301,-0.005102,0.999982,-0.172837,-0.090333,-0.060401,-0.000136,-0.000224,0.007719,0.098378,0.115765,4.103392,20.515006,5,0,0.000000,1,0.341333,0.790415,1,-1
12.606656,0.562000,-1.163000,1.164000,0.482131,-1.219702,1.206426,0.583191,-1.274159,1.144438,0.000980,0.002791,-0.005520,0.999980,-0.171195,-0.084505,-0.061023,-0.000130,-0.000228,0.007673,0.106743,0.114839,3.423663,20.515006,5,0,0.000000,1,0.340491,0.788245,1,-1
12.623269,0.558000,-1.165000,1.163000,0.510781,-1.260194,1.128206,0.578684,-1.275200,1.143189,0.002381,0.002375,-0.005368,0.999980,-0.172604,-0.087296,-0.061887,-0.000127,-0.000229,0.007684,0.111813,0.113862,2.393171,20.515006,5,0,0.000000,1,0.340117,0.792387,1,-1
12.639840,0.555000,-1.166000,1.163000,0.519549,-1.236748,1.104420,0.574585,-1.275657,1.141627,0.002606,0.002201,-0.004993,0.999982,-0.173935,-0.088657,-0.061634,-0.000124,-0.000230,0.007710,0.098456,0.113424,1.310146,20.515006,5,0,0.000000,1,0.338430,0.791891,1,-1
12.656468,0.549000,-1.167000,1.162000,0.476270,-1.249008,1.140082,0.569522,-1.276390,1.140642,0.001719,0.001708,-0.005028,0.999984,-0.173866,-0.086367,-0.058791,-0.000119,-0.000232,0.007709,0.111783,0.113329,2.557998,20.515006,5,0,0.000000,1,0.339666,0.791967,1,-1
12.673146,0.546000,-1.168000,1.162000,0.530922,-1.215720,1.160868,0.565825,-1.276310,1.140013,0.001202,0.001712,-0.005448,0.999983,-0.176566,-0.084919,-0.056798,-0.000117,-0.000235,0.007694,0.050059,0.112283,3.333250,20.515006,5,0,0.000000,1,0.339386,0.788596,1,-1
12.689764,0.542000,-1.169000,1.162000,0.501356,-1.268664,1.195980,0.561454,-1.277465,1.139950,0.001238,0.002080,-0.005280,0.999983,-0.179169,-0.080109,-0.054000,-0.000113,-0.000237,0.007653,0.112869,0.112380,0.715041,20.515006,5,0,0.000000,1,0.342586,0.790766,1,-1
12.706347,0.537000,-1.171000,1.162000,0.514874,-1.220305,1.124444,0.557623,-1.277301,1.138883,0.001698,0.002302,-0.005256,0.999982,-0.177060,-0.075192,-0.052814,-0.000111,-0.000239,0.007663,0.065810,0.110723,1.644467,20.515006,5,0,0.000000,1,0.338293,0.790345,1,-1
12.722979,0.533000,-1.171000,1.161000,0.494298,-1.243815,1.242282,0.553393,-1.277612,1.139621,0.002233,0.002309,-0.005575,0.999979,-0.174809,-0.067012,-0.050311,-0.000107,-0.000243,0.007589,0.115787,0.110631,1.811253,20.515006,5,0,0.000000,1,0.342877,0.788381,1,-1
12.739597,0.529000,-1.172000,1.161000,0.488089,-1.274831,1.175761,0.549092,-1.278542,1.139375,0.003497,0.002634,-0.005637,0.999975,-0.175515,-0.060492,-0.048444,-0.000104,-0.000244,0.007562,0.111650,0.110555,4.932151,20.515006,5,0,0.000000,1,0.342091,0.791947,1,-1
12.756294,0.525000,-1.173000,1.161000,0.495935,-1.234939,1.118416,0.545012,-1.278492,1.138294,0.004526,0.002925,-0.005461,0.999971,-0.176824,-0.062156,-0.044852,-0.000101,-0.000246,0.007576,0.080589,0.109748,1.476072,20.515006,5,0,0.000000,1,0.338557,0.791656,1,-1
12.772844,0.521000,-1.174000,1.161000,0.477411,-1.273821,1.155721,0.540746,-1.279300,1.137864,0.004997,0.003132,-0.005418,0.999968,-0.173120,-0.057283,-0.044539,-0.000098,-0.000247,0.007563,0.109051,0.109604,3.892407,20.515006,5,0,0.000000,1,0.341301,0.792740,1,-1
12.789425,0.517000,-1.175000,1.161000,0.487867,-1.244277,1.153599,0.536813,-1.279346,1.137414,0.005236,0.003392,-0.005591,0.999965,-0.173011,-0.056126,-0.042679,-0.000095,-0.000249,0.007551,0.075517,0.108798,7.424806,20.515006,5,0,0.000000,1,0.339992,0.791063,1,-1
12.806150,0.512000,-1.176000,1.160000,0.466719,-1.248645,1.201763,0.532442,-1.279509,1.137699,0.005714,0.003320,-0.005632,0.999962,-0.172893,-0.056643,-0.041756,-0.000091,-0.000252,0.007504,0.095246,0.107839,1.402867,20.515006,5,0,0.000000,1,0.341512,0.790177,1,-1
12.822709,0.509000,-1.177000,1.160000,0.430808,-1.215862,1.158031,0.527292,-1.278897,1.137316,0.005929,0.002817,-0.005592,0.999963,-0.173230,-0.056410,-0.042371,-0.000086,-0.000255,0.007488,0.087340,0.105982,4.147542,20.515006,5,0,0.000000,1,0.338249,0.790214,1,-1
12.839379,0.505000,-1.178000,1.160000,0.481539,-1.274166,1.177408,0.523432,-1.279697,1.137224,0.006344,0.002438,-0.005864,0.999960,-0.172048,-0.055301,-0.041766,-0.000083,-0.000256,0.007460,0.100505,0.105834,4.414678,20.515006,5,0,0.000000,1,0.342053,0.791982,1,-1
12.855951,0.500000,-1.178000,1.159000,0.428499,-1.246111,1.210589,0.518555,-1.279784,1.137654,0.006866,0.001801,-0.005483,0.999960,-0.172295,-0.060352,-0.042757,-0.000078,-0.000260,0.007406,0.111414,0.105641,2.219140,20.515006,5,0,0.000000,1,0.341281,0.790421,1,-1
12.872583,0.497000,-1.179000,1.159000,0.491923,-1.208772,1.261809,0.515254,-1.279095,1.138783,0.006921,0.000917,-0.005314,0.999962,-0.170813,-0.062447,-0.046105,-0.000076,-0.000266,0.007316,0.107154,0.103735,2.758952,20.515006,5,0,0.000000,1,0.341863,0.786150,1,-1
12.891287,0.492000,-1.181000,1.159000,0.441596,-1.253501,1.225242,0.510460,-1.279598,1.139244,0.007456,0.000152,-0.005633,0.999956,-0.174058,-0.063282,-0.045414,-0.000072,-0.000269,0.007253,0.110386,0.102238,0.869219,20.515006,5,0,0.000000,1,0.342240,0.790229,1,-1
12.908019,0.487000,-1.182000,1.158000,0.434074,-1.250766,1.137107,0.505862,-1.279971,1.138446,0.007281,-0.000935,-0.005374,0.999959,-0.175706,-0.068419,-0.048904,-0.000068,-0.000270,0.007254,0.089255,0.101668,4.191412,20.515006,5,0,0.000000,1,0.339233,0.792834,1,-1
12.924623,0.483000,-1.182000,1.158000,0.435942,-1.255356,1.243193,0.501366,-1.280567,1.139203,0.006870,-0.001990,-0.005180,0.999961,-0.179478,-0.076415,-0.050310,-0.000063,-0.000274,0.007179,0.121874,0.102010,1.667457,20.515006,5,0,0.000000,1,0.342853,0.789981,1,-1
12.941156,0.480000,-1.183000,1.158000,0.406506,-1.270071,1.141742,0.496331,-1.281524,1.138437,0.005922,-0.002476,-0.005573,0.999964,-0.185685,-0.079117,-0.052694,-0.000059,-0.000274,0.007176,0.115096,0.101766,3.790085,20.515006,5,0,0.000000,1,0.340002,0.794185,1,-1
12.957771,0.475000,-1.184000,1.157000,0.423737,-1.249697,1.158670,0.491699,-1.282005,1.137881,0.005927,-0.002126,-0.005461,0.999965,-0.187803,-0.079118,-0.055156,-0.000055,-0.000276,0.007161,0.083347,0.101239,0.455374,20.515006,5,0,0.000000,1,0.339754,0.792217,1,-1
12.974455,0.471000,-1.185000,1.157000,0.425603,-1.269388,1.170181,0.487164,-1.282996,1.137446,0.004871,-0.002109,-0.005183,0.999972,-0.187611,-0.083581,-0.057918,-0.000051,-0.000278,0.007137,0.096726,0.101227,0.559680,20.515006,5,0,0.000000,1,0.341061,0.792921,1,-1
12.991052,0.468000,-1.186000,1.156000,0.416432,-1.261530,1.161822,0.482479,-1.283790,1.136850,0.004194,-0.002493,-0.005414,0.999973,-0.189452,-0.078717,-0.058977,-0.000047,-0.000279,0.007119,0.091640,0.100694,1.152948,20.515006,5,0,0.000000,1,0.340333,0.792893,1,-1
13.007696,0.463000,-1.187000,1.156000,0.400766,-1.255553,1.175470,0.477432,-1.284370,1.136434,0.004263,-0.002558,-0.005316,0.999974,-0.194119,-0.074050,-0.061041,-0.000043,-0.000281,0.007090,0.094613,0.100359,2.974940,20.515006,5,0,0.000000,1,0.340321,0.792371,1,-1
13.024241,0.459000,-1.188000,1.155000,0.373472,-1.265499,1.152912,0.471932,-1.285081,1.135720,0.004336,-0.002546,-0.005103,0.999974,-0.198722,-0.074309,-0.059289,-0.000038,-0.000283,0.007077,0.115436,0.099818,2.984043,20.515006,5,0,0.000000,1,0.339802,0.794043,1,-1
13.040887,0.455000,-1.189000,1.155000,0.417639,-1.246914,1.153373,0.467485,-1.285359,1.135054,0.004539,-0.002484,-0.005171,0.999973,-0.201790,-0.074006,-0.056143,-0.000035,-0.000285,0.007064,0.068939,0.099191,1.817065,20.515006,5,0,0.000000,1,0.339395,0.792321,1,-1
13.057533,0.450000,-1.190000,1.154000,0.402249,-1.289714,1.153198,0.462707,-1.286661,1.134433,0.004316,-0.001434,-0.004882,0.999978,-0.204377,-0.076558,-0.053585,-0.000031,-0.000285,0.007050,0.110561,0.099436,4.267097,20.515006,5,0,0.000000,1,0.341257,0.794974,1,-1
13.074121,0.446000,-1.190000,1.154000,0.371831,-1.272026,1.110999,0.457240,-1.287584,1.133225,0.003657,-0.001509,-0.005319,0.999978,-0.205760,-0.078715,-0.050456,-0.000027,-0.000286,0.007065,0.118652,0.100402,1.731043,20.515006,5,0,0.000000,1,0.338787,0.795887,1,-1
13.090798,0.442000,-1.191000,1.154000,0.396156,-1.265318,1.187388,0.452605,-1.288279,1.133259,0.003374,-0.001318,-0.005521,0.999978,-0.206003,-0.077217,-0.047264,-0.000023,-0.000288,0.007026,0.093486,0.100030,3.717841,20.515006,5,0,0.000000,1,0.341120,0.792642,1,-1
13.107385,0.437000,-1.192000,1.154000,0.384663,-1.280917,1.197967,0.447809,-1.289274,1.133510,0.003275,-0.001398,-0.005545,0.999978,-0.205759,-0.071564,-0.042168,-0.000020,-0.000290,0.006980,0.112154,0.099995,1.590603,20.515006,5,0,0.000000,1,0.342099,0.793398,1,-1
13.124096,0.434000,-1.193000,1.153000,0.375497,-1.288141,1.229202,0.442804,-1.290370,1.134295,0.003042,-0.001626,-0.005601,0.999978,-0.209391,-0.067926,-0.036144,-0.000015,-0.000291,0.006913,0.135208,0.099540,3.430532,20.515006,5,0,0.000000,1,0.343380,0.793121,1,-1
13.140637,0.430000,-1.193000,1.153000,0.420369,-1.244337,1.210804,0.438911,-1.290357,1.134857,0.004232,-0.000949,-0.005349,0.999976,-0.210896,-0.065155,-0.034740,-0.000014,-0.000295,0.006858,0.077908,0.099433,0.999954,20.515006,5,0,0.000000,1,0.341118,0.790443,1,-1
13.157250,0.425000,-1.194000,1.153000,0.386597,-1.276257,1.142550,0.434445,-1.291041,1.134409,0.004768,-0.001201,-0.005143,0.999975,-0.211352,-0.068027,-0.038098,-0.000011,-0.000296,0.006852,0.091380,0.099257,6.371921,20.515006,5,0,0.000000,1,0.340123,0.794813,1,-1
13.173858,0.421000,-1.195000,1.153000,0.355497,-1.258927,1.152681,0.429291,-1.291364,1.134041,0.004290,-0.001516,-0.005488,0.999975,-0.212110,-0.069584,-0.040338,-0.000007,-0.000298,0.006837,0.091528,0.098560,3.132870,20.515006,5,0,0.000000,1,0.339291,0.793912,1,-1
13.190512,0.417000,-1.195000,1.153000,0.359885,-1.261156,1.236895,0.424301,-1.291774,1.134927,0.004801,-0.002286,-0.005485,0.999971,-0.213205,-0.070718,-0.038733,-0.000003,-0.000302,0.006764,0.121150,0.098717,4.714696,20.515006,5,0,0.000000,1,0.342121,0.791646,1,-1
13.207162,0.412000,-1.196000,1.153000,0.377939,-1.292075,1.164447,0.419777,-1.292967,1.134746,0.003796,-0.002588,-0.005391,0.999975,-0.215266,-0.075389,-0.038184,-0.000000,-0.000302,0.006743,0.102575,0.098977,2.635823,20.515006,5,0,0.000000,1,0.341498,0.795135,1,-1
13.223757,0.408000,-1.197000,1.153000,0.362446,-1.248721,1.120545,0.415132,-1.293080,1.133922,0.002811,-0.002766,-0.005713,0.999976,-0.216381,-0.074213,-0.040364,0.000003,-0.000304,0.006752,0.076181,0.098215,1.806094,20.515006,5,0,0.000000,1,0.337883,0.794286,1,-1
13.257024,0.399000,-1.198000,1.153000,0.357717,-1.231977,1.152508,0.406788,-1.294037,1.132894,0.003450,-0.003550,-0.005114,0.999975,-0.218927,-0.080219,-0.039416,0.000005,-0.000308,0.006737,0.053469,0.098428,1.848281,20.515006,5,0,0.000000,1,0.338019,0.792277,1,-1
13.273622,0.395000,-1.198000,1.153000,0.309198,-1.280068,1.171789,0.400927,-1.295004,1.132832,0.002854,-0.004746,-0.005202,0.999971,-0.221655,-0.084385,-0.040254,0.000011,-0.000310,0.006708,0.120209,0.099256,2.206301,20.515006,5,0,0.000000,1,0.340444,0.795200,1,-1
13.290344,0.390000,-1.199000,1.152000,0.352501,-1.270624,1.171665,0.396142,-1.295811,1.132736,0.002138,-0.005579,-0.005396,0.999968,-0.226670,-0.084895,-0.042735,0.000014,-0.000312,0.006679,0.083204,0.098900,1.438775,20.515006,5,0,0.000000,1,0.340425,0.794054,1,-1
13.306876,0.387000,-1.199000,1.152000,0.384008,-1.307613,1.217615,0.392356,-1.297370,1.133341,0.001706,-0.005499,-0.005166,0.999970,-0.231194,-0.080901,-0.044613,0.000015,-0.000313,0.006619,0.126929,0.100267,5.726583,20.515006,5,0,0.000000,1,0.344055,0.794353,1,-1
13.323504,0.383000,-1.200000,1.152000,0.346800,-1.269109,1.182120,0.387587,-1.297958,1.133348,0.002402,-0.004576,-0.005259,0.999973,-0.237184,-0.079939,-0.046289,0.000017,-0.000315,0.006583,0.083629,0.099823,3.202312,20.515006,5,0,0.000000,1,0.340622,0.793736,1,-1
13.340116,0.377000,-1.200000,1.152000,0.300788,-1.322421,1.158908,0.381763,-1.299818,1.132966,0.003291,-0.003576,-0.005414,0.999974,-0.235122,-0.081154,-0.049681,0.000022,-0.000314,0.006564,0.144371,0.101728,1.266091,20.515006,5,0,0.000000,1,0.342095,0.798249,1,-1
13.356758,0.373000,-1.200000,1.151000,0.281122,-1.284657,1.216916,0.375556,-1.300750,1.133400,0.003908,-0.003004,-0.005409,0.999973,-0.237567,-0.079650,-0.050805,0.000028,-0.000317,0.006504,0.141256,0.102308,3.571218,20.515006,5,0,0.000000,1,0.341816,0.794605,1,-1
13.373359,0.369000,-1.201000,1.151000,0.336953,-1.245793,1.136368,0.370991,-1.300635,1.132643,0.003967,-0.002947,-0.005541,0.999972,-0.237692,-0.077464,-0.050982,0.000030,-0.000320,0.006500,0.056987,0.101332,2.410441,20.515006,5,0,0.000000,1,0.337955,0.793884,1,-1
13.389934,0.364000,-1.201000,1.150000,0.308550,-1.274310,1.129248,0.365772,-1.301170,1.131784,0.004175,-0.002939,-0.005589,0.999971,-0.241098,-0.072351,-0.051067,0.000033,-0.000321,0.006501,0.094232,0.101828,3.959653,20.515006,5,0,0.000000,1,0.338820,0.796212,1,-1
13.406601,0.360000,-1.201000,1.150000,0.331768,-1.254204,1.160072,0.361135,-1.301166,1.131384,0.004507,-0.002609,-0.005371,0.999972,-0.242267,-0.068513,-0.050902,0.000035,-0.000324,0.006480,0.061067,0.101888,1.712863,20.515006,5,0,0.000000,1,0.339037,0.793703,1,-1
13.423249,0.356000,-1.202000,1.150000,0.282123,-1.298282,1.164517,0.355359,-1.302214,1.131068,0.004395,-0.001363,-0.005401,0.999975,-0.245419,-0.071599,-0.047899,0.000039,-0.000325,0.006455,0.122224,0.101989,1.392906,20.515006,5,0,0.000000,1,0.340857,0.796878,1,-1
13.439872,0.351000,-1.202000,1.150000,0.348223,-1.306160,1.143359,0.351228,-1.303488,1.130512,0.004884,-0.001594,-0.005921,0.999969,-0.243625,-0.071405,-0.041698,0.000039,-0.000325,0.006446,0.104408,0.103342,4.766297,20.515006,5,0,0.000000,1,0.341228,0.797092,1,-1
13.456454,0.347000,-1.202000,1.149000,0.279924,-1.268417,1.081506,0.345734,-1.303753,1.129174,0.004982,-0.001198,-0.005767,0.999970,-0.246417,-0.073908,-0.035179,0.000043,-0.000326,0.006479,0.116042,0.103674,0.776461,20.515006,5,0,0.000000,1,0.336773,0.797888,1,-1
13.473089,0.342000,-1.203000,1.150000,0.320963,-1.278107,1.193457,0.341291,-1.304322,1.129631,0.003373,-0.001358,-0.006289,0.999974,-0.245090,-0.074135,-0.028489,0.000044,-0.000329,0.006433,0.089287,0.103352,2.276422,20.515006,5,0,0.000000,1,0.341157,0.794302,1,-1
13.489766,0.338000,-1.203000,1.149000,0.272453,-1.273031,1.182923,0.335760,-1.304724,1.129996,0.004214,-0.000588,-0.006387,0.999971,-0.243531,-0.070367,-0.025174,0.000048,-0.000331,0.006394,0.101742,0.103508,4.202230,20.515006,5,0,0.000000,1,0.340045,0.794901,1,-1
13.506379,0.334000,-1.204000,1.150000,0.332898,-1.287459,1.222955,0.331816,-1.305522,1.130978,0.003453,-0.001639,-0.005726,0.999976,-0.239192,-0.079078,-0.024627,0.000049,-0.000334,0.006328,0.110856,0.103312,2.352106,20.515006,5,0,0.000000,1,0.342704,0.793902,1,-1
13.522957,0.329000,-1.204000,1.150000,0.248133,-1.245274,1.139197,0.326140,-1.305313,1.130727,0.002812,-0.002022,-0.006183,0.999975,-0.241178,-0.078691,-0.021526,0.000053,-0.000337,0.006321,0.091431,0.103170,3.547166,20.515006,5,0,0.000000,1,0.337021,0.794692,1,-1
13.539577,0.325000,-1.204000,1.150000,0.290675,-1.306621,1.224036,0.321524,-1.306546,1.131811,0.003452,-0.002414,-0.006309,0.999971,-0.243474,-0.074685,-0.017735,0.000056,-0.000339,0.006255,0.131113,0.104204,2.450861,20.515006,5,0,0.000000,1,0.343290,0.795616,1,-1
13.556240,0.321000,-1.204000,1.150000,0.252703,-1.283355,1.175891,0.316018,-1.307164,1.132161,0.004136,-0.002619,-0.005986,0.999970,-0.245235,-0.071282,-0.020159,0.000059,-0.000341,0.006223,0.107852,0.104813,2.157726,20.515006,5,0,0.000000,1,0.340141,0.795974,1,-1
13.572882,0.316000,-1.204000,1.150000,0.257416,-1.283505,1.196235,0.310683,-1.307683,1.132759,0.005313,-0.002314,-0.006252,0.999964,-0.247471,-0.063890,-0.023676,0.000063,-0.000343,0.006177,0.109045,0.105241,0.705112,20.515006,5,0,0.000000,1,0.340841,0.795364,1,-1
13.589476,0.312000,-1.205000,1.150000,0.335866,-1.295308,1.216523,0.307509,-1.308370,1.133601,0.006067,-0.001678,-0.006065,0.999962,-0.246732,-0.064020,-0.030211,0.000062,-0.000345,0.006118,0.114675,0.104759,2.794936,20.515006,5,0,0.000000,1,0.342924,0.794476,1,-1
13.606099,0.307000,-1.205000,1.149000,0.276290,-1.289549,1.161566,0.302944,-1.308993,1.133501,0.005474,-0.001332,-0.005912,0.999967,-0.245403,-0.073064,-0.035450,0.000063,-0.000347,0.006098,0.090827,0.105220,2.623529,20.515006,5,0,0.000000,1,0.340258,0.796505,1,-1
13.622697,0.303000,-1.205000,1.149000,0.252999,-1.299951,1.192955,0.297926,-1.309991,1.133768,0.004181,-0.002222,-0.006194,0.999970,-0.245116,-0.079596,-0.041243,0.000066,-0.000348,0.006055,0.115965,0.106211,2.337428,20.515006,5,0,0.000000,1,0.341548,0.796528,1,-1
13.639384,0.299000,-1.205000,1.149000,0.268125,-1.259030,1.130356,0.293293,-1.310050,1.133003,0.002693,-0.002486,-0.006182,0.999974,-0.247279,-0.079577,-0.046041,0.000068,-0.000351,0.006056,0.064962,0.106415,2.482968,20.515006,5,0,0.000000,1,0.337665,0.795672,1,-1
13.656004,0.293000,-1.205000,1.148000,0.313300,-1.318725,1.197253,0.289790,-1.311532,1.133197,0.000460,-0.002970,-0.005911,0.999978,-0.246751,-0.078005,-0.047736,0.000067,-0.000352,0.006011,0.125584,0.107603,3.669399,20.515006,5,0,0.000000,1,0.343269,0.796698,1,-1
13.689211,0.290000,-1.205000,1.148000,0.223517,-1.308219,1.089450,0.280269,-1.313758,1.131070,-0.000914,-0.002943,-0.006309,0.999975,-0.251139,-0.065873,-0.041791,0.000070,-0.000351,0.006041,0.136023,0.110497,4.203035,20.515006,5,0,0.000000,1,0.338439,0.800741,1,-1
13.705897,0.290000,-1.205000,1.148000,0.262977,-1.281757,1.210909,0.275878,-1.313911,1.131623,-0.000960,-0.002220,-0.006410,0.999977,-0.249317,-0.048861,-0.039241,0.000071,-0.000355,0.005983,0.102857,0.111037,5.775620,20.515006,5,0,0.000000,1,0.341276,0.794806,1,-1
13.722572,0.276000,-1.205000,1.147000,0.253910,-1.300982,1.164658,0.271357,-1.314301,1.131519,0.000608,-0.001405,-0.006435,0.999978,-0.249996,-0.041513,-0.035266,0.000072,-0.000356,0.005959,0.100062,0.110489,1.141295,20.515006,5,0,0.000000,1,0.340712,0.797395,1,-1
13.739102,0.272000,-1.205000,1.147000,0.269464,-1.279843,1.212227,0.267519,-1.314124,1.132228,-0.000845,-0.002200,-0.006111,0.999979,-0.249630,-0.040269,-0.030038,0.000072,-0.000359,0.005900,0.099310,0.110211,1.915105,20.515006,5,0,0.000000,1,0.341290,0.794575,1,-1
13.755722,0.267000,-1.205000,1.147000,0.246056,-1.266696,1.108425,0.263119,-1.313530,1.131444,-0.001484,-0.001121,-0.006704,0.999976,-0.250287,-0.030291,-0.023520,0.000073,-0.000361,0.005916,0.075717,0.109708,2.653638,20.515006,5,0,0.000000,1,0.337143,0.797131,1,-1
13.789013,0.258000,-1.204000,1.148000,0.208845,-1.257956,1.193831,0.253693,-1.312933,1.131806,-0.000353,-0.000650,-0.006478,0.999979,-0.252200,-0.020191,-0.012946,0.000076,-0.000366,0.005870,0.086186,0.110215,1.007212,20.515006,5,0,0.000000,1,0.338886,0.794300,1,-1
13.855488,0.240000,-1.203000,1.149000,0.205514,-1.284143,1.198686,0.236395,-1.313229,1.131982,-0.000909,-0.002944,-0.006175,0.999976,-0.246496,-0.011961,-0.012845,0.000079,-0.000369,0.005817,0.101204,0.111593,3.253621,20.515006,5,0,0.000000,1,0.340383,0.795910,1,-1
13.888711,0.231000,-1.202000,1.149000,0.189027,-1.315599,1.089174,0.227322,-1.313281,1.130834,-0.000865,-0.005506,-0.006483,0.999963,-0.247325,0.012375,-0.016745,0.000081,-0.000368,0.005850,0.135076,0.112814,0.891531,20.515006,5,0,0.000000,1,0.338478,0.801584,1,-1
13.905292,0.227000,-1.201000,1.149000,0.148809,-1.284496,1.213866,0.221302,-1.312246,1.131895,-0.001562,-0.006250,-0.006604,0.999957,-0.251088,0.020649,-0.017548,0.000087,-0.000371,0.005784,0.131503,0.112697,2.392306,20.515006,5,0,0.000000,1,0.340241,0.796082,1,-1
13.921967,0.223000,-1.201000,1.150000,0.197221,-1.261224,1.151728,0.216650,-1.310501,1.131927,-0.002520,-0.006470,-0.006367,0.999956,-0.254368,0.023669,-0.018382,0.000088,-0.000375,0.005768,0.065532,0.111164,2.708072,20.515006,5,0,0.000000,1,0.337635,0.795798,1,-1
13.938601,0.218000,-1.200000,1.150000,0.151424,-1.259651,1.091800,0.210780,-1.308682,1.130951,-0.003355,-0.007158,-0.006240,0.999949,-0.258653,0.030232,-0.020551,0.000092,-0.000377,0.005798,0.106667,0.110575,4.690488,20.515006,5,0,0.000000,1,0.335257,0.797981,1,-1
13.955192,0.213000,-1.199000,1.150000,0.176870,-1.308204,1.180359,0.205907,-1.308112,1.131424,-0.002832,-0.007565,-0.006610,0.999946,-0.262551,0.042956,-0.021562,0.000094,-0.000378,0.005759,0.118964,0.110909,1.709308,20.515006,5,0,0.000000,1,0.340791,0.798257,1,-1
13.971825,0.208000,-1.198000,1.149000,0.175058,-1.278825,1.182024,0.200986,-1.306582,1.131860,-0.001404,-0.007859,-0.006352,0.999948,-0.266507,0.051954,-0.026598,0.000096,-0.000380,0.005720,0.093319,0.110150,2.453244,20.515006,5,0,0.000000,1,0.339241,0.796291,1,-1
13.988447,0.204000,-1.197000,1.149000,0.173872,-1.268698,1.198189,0.196065,-1.304763,1.132499,0.000400,-0.007730,-0.006051,0.999952,-0.269110,0.051409,-0.026827,0.000098,-0.000384,0.005668,0.092021,0.109307,2.108590,20.515006,5,0,0.000000,1,0.339184,0.795202,1,-1
14.005110,0.199000,-1.196000,1.149000,0.168719,-1.282122,1.159971,0.191037,-1.303361,1.132487,0.000847,-0.007228,-0.006389,0.999953,-0.271782,0.049778,-0.028643,0.000099,-0.000386,0.005646,0.091948,0.108915,1.096146,20.515006,5,0,0.000000,1,0.338669,0.797187,1,-1
14.021761,0.194000,-1.195000,1.149000,0.161248,-1.295334,1.148604,0.185839,-1.302335,1.132270,0.000314,-0.006225,-0.006335,0.999961,-0.275024,0.052072,-0.029601,0.000101,-0.000386,0.005633,0.105545,0.108937,4.271254,20.515006,5,0,0.000000,1,0.338946,0.798477,1,-1
14.038284,0.189000,-1.193000,1.149000,0.152358,-1.279354,1.179442,0.180736,-1.300888,1.132574,0.000386,-0.005652,-0.006508,0.999963,-0.275610,0.058040,-0.027718,0.000103,-0.000388,0.005597,0.098623,0.109444,0.641195,20.515006,5,0,0.000000,1,0.338936,0.796585,1,-1
14.054940,0.185000,-1.193000,1.149000,0.184941,-1.310308,1.152364,0.176549,-1.300233,1.132470,0.001213,-0.004968,-0.006620,0.999965,-0.275823,0.057247,-0.025928,0.000103,-0.000388,0.005582,0.117356,0.108828,6.293729,20.515006,5,0,0.000000,1,0.340111,0.799133,1,-1
14.071627,0.181000,-1.192000,1.148000,0.143820,-1.278017,1.143244,0.171292,-1.298768,1.132239,0.001864,-0.004728,-0.006280,0.999967,-0.278157,0.052394,-0.023141,0.000104,-0.000390,0.005573,0.093829,0.108361,2.274679,20.515006,5,0,0.000000,1,0.337668,0.797603,1,-1
14.088263,0.175000,-1.191000,1.148000,0.149912,-1.244434,1.130290,0.166299,-1.296475,1.131861,0.002944,-0.003265,-0.006108,0.999972,-0.276367,0.056476,-0.018284,0.000105,-0.000393,0.005573,0.061630,0.107057,1.426962,20.515006,5,0,0.000000,1,0.335575,0.795644,1,-1
14.104812,0.170000,-1.190000,1.148000,0.142044,-1.263718,1.219077,0.161500,-1.294752,1.132993,0.002945,-0.003770,-0.006037,0.999970,-0.272054,0.058922,-0.014927,0.000107,-0.000396,0.005507,0.106150,0.106162,2.259370,20.515006,5,0,0.000000,1,0.339185,0.794612,1,-1
14.121452,0.165000,-1.188000,1.148000,0.134289,-1.254928,1.173586,0.156564,-1.292787,1.133437,0.003727,-0.002999,-0.006579,0.999967,-0.272549,0.061196,-0.010405,0.000109,-0.000399,0.005476,0.077956,0.106130,0.830061,20.515006,5,0,0.000000,1,0.337234,0.795200,1,-1
14.138110,0.160000,-1.187000,1.148000,0.119341,-1.293743,1.150508,0.151308,-1.291882,1.133560,0.003498,-0.002975,-0.006737,0.999967,-0.274380,0.055869,-0.007906,0.000111,-0.000399,0.005462,0.114252,0.106227,3.474611,20.515006,5,0,0.000000,1,0.338471,0.798640,1,-1
14.154743,0.156000,-1.186000,1.148000,0.086002,-1.272416,1.107759,0.145243,-1.290524,1.133031,0.003511,-0.003310,-0.006514,0.999967,-0.274978,0.053302,-0.006302,0.000114,-0.000400,0.005481,0.118266,0.106137,1.467639,20.515006,5,0,0.000000,1,0.335680,0.798683,1,-1
14.171358,0.149000,-1.186000,1.149000,0.111470,-1.225719,1.075429,0.139906,-1.287982,1.132025,0.003664,-0.002569,-0.006887,0.999966,-0.278963,0.055018,-0.003798,0.000116,-0.000403,0.005523,0.091645,0.103784,1.346812,20.515006,5,0,0.000000,1,0.332577,0.796326,1,-1
14.187945,0.145000,-1.183000,1.149000,0.118832,-1.294779,1.190966,0.135077,-1.287308,1.132926,0.004175,-0.002361,-0.006709,0.999966,-0.279206,0.054953,-0.000614,0.000117,-0.000403,0.005479,0.122231,0.106005,1.192960,20.515006,5,0,0.000000,1,0.339762,0.797587,1,-1
14.204572,0.139000,-1.182000,1.149000,0.117280,-1.254717,1.212335,0.130242,-1.285644,1.134183,0.004428,-0.001292,-0.006606,0.999968,-0.279987,0.053807,0.001730,0.000118,-0.000406,0.005420,0.098848,0.105064,0.729689,20.515006,5,0,0.000000,1,0.338188,0.794315,1,-1
14.221220,0.135000,-1.182000,1.149000,0.106052,-1.276289,1.135578,0.125231,-1.284565,1.134213,0.004283,-0.001940,-0.006964,0.999965,-0.276322,0.051691,-0.000507,0.000119,-0.000407,0.005418,0.099542,0.104085,4.736489,20.515006,5,0,0.000000,1,0.336928,0.797963,1,-1
14.237837,0.130000,-1.181000,1.149000,0.062048,-1.253923,1.141317,0.119174,-1.282971,1.134290,0.003708,-0.001792,-0.007086,0.999966,-0.277606,0.049251,-0.002116,0.000123,-0.000409,0.005413,0.099971,0.103594,1.404367,20.515006,5,0,0.000000,1,0.335380,0.796388,1,-1
14.271015,0.121000,-1.178000,1.150000,0.078272,-1.257097,1.253566,0.109379,-1.280782,1.136168,0.004687,-0.001673,-0.006585,0.999966,-0.272328,0.048419,-0.000846,0.000125,-0.000412,0.005322,0.137142,0.104358,3.962877,20.515006,5,0,0.000000,1,0.339098,0.793837,1,-1
14.304328,0.110000,-1.175000,1.150000,0.102586,-1.283066,1.261290,0.100445,-1.279385,1.138107,0.003308,-0.002884,-0.006746,0.999968,-0.272547,0.044592,-0.002955,0.000126,-0.000414,0.005226,0.155302,0.105494,2.277246,20.515006,5,0,0.000000,1,0.341108,0.795341,1,-1
14.320930,0.106000,-1.174000,1.150000,0.023579,-1.224694,1.156432,0.094246,-1.277248,1.138358,0.005165,-0.002625,-0.006666,0.999961,-0.273487,0.046971,-0.001666,0.000130,-0.000417,0.005211,0.096977,0.104565,3.208345,20.515006,5,0,0.000000,1,0.333742,0.793883,1,-1
14.337503,0.101000,-1.172000,1.150000,0.034495,-1.277968,1.223781,0.088437,-1.276594,1.139723,0.004489,-0.002899,-0.006276,0.999966,-0.273851,0.040798,0.000455,0.000134,-0.000418,0.005145,0.145244,0.105846,1.167961,20.515006,5,0,0.000000,1,0.338854,0.796136,1,-1
14.354156,0.095000,-1.171000,1.151000,0.072405,-1.258985,1.163173,0.083699,-1.275508,1.140138,0.003832,-0.002456,-0.006704,0.999967,-0.274332,0.039243,0.004873,0.000135,-0.000420,0.005127,0.091652,0.105677,2.176584,20.515006,5,0,0.000000,1,0.336417,0.796093,1,-1
14.370831,0.091000,-1.169000,1.151000,0.089267,-1.226653,1.166482,0.079506,-1.273563,1.140640,0.004425,-0.002296,-0.006683,0.999965,-0.270169,0.044880,0.006030,0.000134,-0.000423,0.005106,0.059720,0.105701,2.584815,20.515006,5,0,0.000000,1,0.334955,0.793606,1,-1
14.387446,0.086000,-1.168000,1.151000,0.052230,-1.260908,1.163195,0.074447,-1.272468,1.141097,0.004118,-0.002295,-0.006445,0.999968,-0.270119,0.048974,0.006087,0.000136,-0.000424,0.005089,0.099604,0.105570,1.059459,20.515006,5,0,0.000000,1,0.336289,0.796310,1,-1
14.404015,0.080000,-1.167000,1.152000,0.043624,-1.271998,1.142972,0.069475,-1.271688,1.141220,0.004001,-0.002661,-0.006666,0.999966,-0.272959,0.049196,0.005744,0.000137,-0.000424,0.005087,0.111487,0.105766,2.037865,20.515006,5,0,0.000000,1,0.336216,0.797723,1,-1
14.420635,0.079000,-1.166000,1.152000,0.028807,-1.276960,1.126536,0.064125,-1.271075,1.141074,0.003929,-0.002249,-0.006600,0.999968,-0.277127,0.046225,0.006046,0.000139,-0.000423,0.005098,0.124418,0.106684,2.270138,20.515006,5,0,0.000000,1,0.335851,0.798632,1,-1
14.437350,0.070000,-1.164000,1.152000,0.100174,-1.263900,1.293540,0.060653,-1.270198,1.143624,0.004152,-0.001759,-0.006555,0.999968,-0.278072,0.043521,0.008091,0.000138,-0.000426,0.004984,0.175852,0.106937,7.483424,20.515006,5,0,0.000000,1,0.340999,0.793498,1,-1
14.453967,0.066000,-1.162000,1.152000,0.045727,-1.240759,1.171364,0.055842,-1.268730,1.144209,0.003242,-0.001931,-0.006334,0.999973,-0.275898,0.044316,0.009800,0.000138,-0.000428,0.004963,0.083599,0.107495,3.814849,20.515006,5,0,0.000000,1,0.335331,0.794638,1,-1
14.487129,0.056000,-1.160000,1.153000,0.011782,-1.233243,1.139684,0.046007,-1.266249,1.144503,0.003205,-0.002428,-0.006861,0.999968,-0.273098,0.055038,0.012082,0.000140,-0.000430,0.004966,0.086586,0.107055,3.105118,20.515006,5,0,0.000000,1,0.333598,0.795008,1,-1
14.503811,0.050000,-1.158000,1.154000,0.014805,-1.237854,1.090543,0.040838,-1.264618,1.143812,0.003148,-0.003049,-0.006298,0.999971,-0.277403,0.054650,0.010677,0.000142,-0.000431,0.005007,0.107899,0.107495,2.363686,20.515006,5,0,0.000000,1,0.332518,0.796887,1,-1
14.520438,0.046000,-1.156000,1.154000,-0.000283,-1.270871,1.143515,0.035340,-1.263905,1.143968,0.002525,-0.003095,-0.006468,0.999971,-0.278521,0.056857,0.010828,0.000144,-0.000431,0.005007,0.124288,0.108893,1.165449,20.515006,5,0,0.000000,1,0.335677,0.797748,1,-1
14.537060,0.040000,-1.155000,1.155000,-0.045034,-1.251397,1.136708,0.028995,-1.262691,1.144015,0.002183,-0.003527,-0.006901,0.999968,-0.281212,0.057802,0.010725,0.000149,-0.000431,0.005012,0.129837,0.108808,4.599640,20.515006,5,0,0.000000,1,0.333869,0.796502,1,-1
14.553629,0.035000,-1.153000,1.155000,-0.003662,-1.236798,1.133195,0.023779,-1.261163,1.143996,0.002442,-0.003531,-0.006678,0.999968,-0.285483,0.054614,0.010121,0.000150,-0.000432,0.005020,0.094828,0.109298,3.096007,20.515006,5,0,0.000000,1,0.333429,0.795477,1,-1
14.570304,0.031000,-1.152000,1.155000,-0.045146,-1.223949,1.209496,0.017524,-1.259288,1.145215,0.002818,-0.002793,-0.006889,0.999968,-0.285629,0.063059,0.011720,0.000154,-0.000435,0.004970,0.118088,0.108572,2.255063,20.515006,5,0,0.000000,1,0.334334,0.792563,1,-1
14.586980,0.025000,-1.150000,1.156000,-0.019627,-1.256102,1.253289,0.012050,-1.258133,1.147132,0.002957,-0.002129,-0.006874,0.999970,-0.282429,0.074240,0.011943,0.000157,-0.000437,0.004889,0.150713,0.109266,1.312183,20.515006,5,0,0.000000,1,0.337807,0.794127,1,-1
14.603537,0.020000,-1.149000,1.156000,0.014407,-1.231920,1.199925,0.007612,-1.256250,1.148159,0.001937,-0.001972,-0.006772,0.999973,-0.280296,0.078305,0.011055,0.000157,-0.000439,0.004849,0.094002,0.108248,3.740179,20.515006,5,0,0.000000,1,0.335274,0.793349,1,-1
14.620237,0.016000,-1.148000,1.157000,-0.003444,-1.256180,1.151729,0.002997,-1.255035,1.148395,0.001615,-0.002227,-0.006776,0.999973,-0.284437,0.081432,0.011361,0.000157,-0.000439,0.004846,0.110040,0.108165,2.916781,20.515006,5,0,0.000000,1,0.335045,0.796418,1,-1
14.636776,0.009000,-1.146000,1.157000,-0.075779,-1.230622,1.160985,-0.003451,-1.253126,1.148767,0.000240,-0.002484,-0.007070,0.999972,-0.288293,0.085553,0.012933,0.000161,-0.000441,0.004836,0.119851,0.108161,1.305754,20.515006,5,0,0.000000,1,0.332986,0.794188,1,-1
14.653477,0.005000,-1.144000,1.157000,-0.070070,-1.216705,1.165293,-0.009729,-1.250769,1.149259,0.002532,-0.001243,-0.007172,0.999970,-0.291077,0.094651,0.017252,0.000165,-0.000443,0.004823,0.104835,0.108058,1.492163,20.515006,5,0,0.000000,1,0.332372,0.792991,1,-1
14.670054,0.000000,-1.142000,1.158000,-0.023739,-1.244788,1.241897,-0.014701,-1.249146,1.151035,0.003906,-0.001720,-0.006411,0.999970,-0.290529,0.087830,0.019770,0.000166,-0.000444,0.004755,0.134787,0.108374,2.326023,20.515006,5,0,0.000000,1,0.336754,0.793495,1,-1
14.686639,-0.005000,-1.140000,1.158000,-0.053493,-1.212971,1.107298,-0.020146,-1.246900,1.150649,0.004285,-0.000980,-0.006530,0.999969,-0.293864,0.086674,0.021247,0.000168,-0.000446,0.004787,0.101227,0.108218,2.444113,20.515006,5,0,0.000000,1,0.332000,0.794357,1,-1
14.719886,-0.016000,-1.137000,1.160000,-0.029686,-1.247454,1.156259,-0.029716,-1.244201,1.151417,0.004323,-0.001079,-0.006181,0.999971,-0.289997,0.082080,0.019892,0.000168,-0.000446,0.004783,0.111361,0.108416,2.968307,20.515006,5,0,0.000000,1,0.334371,0.795654,1,-1
14.736539,-0.020000,-1.135000,1.160000,-0.077510,-1.225268,1.316523,-0.035575,-1.242358,1.154400,0.003945,-0.001481,-0.006278,0.999971,-0.291981,0.092179,0.022278,0.000171,-0.000449,0.004659,0.189618,0.108626,2.804063,20.515006,5,0,0.000000,1,0.337074,0.790933,1,-1
14.753163,-0.025000,-1.134000,1.161000,-0.074519,-1.227233,1.202688,-0.041311,-1.240433,1.155523,0.003867,-0.001600,-0.006365,0.999971,-0.294853,0.099609,0.021849,0.000173,-0.000450,0.004622,0.113500,0.107815,2.167971,20.515006,5,0,0.000000,1,0.333961,0.792935,1,-1
14.769740,-0.031000,-1.132000,1.161000,-0.031580,-1.194661,1.248779,-0.045579,-1.237682,1.157355,0.004051,-0.001113,-0.006015,0.999973,-0.292849,0.105574,0.022244,0.000172,-0.000454,0.004552,0.107851,0.106745,3.605075,20.515006,5,0,0.000000,1,0.333938,0.789557,1,-1
14.786382,-0.036000,-1.131000,1.162000,-0.030029,-1.262248,1.289554,-0.049703,-1.236654,1.159799,0.003628,-0.001418,-0.005860,0.999975,-0.287261,0.107383,0.019636,0.000171,-0.000455,0.004454,0.183117,0.106561,4.135032,20.515006,5,0,0.000000,1,0.339130,0.794025,1,-1
14.803042,-0.040000,-1.129000,1.162000,-0.099176,-1.204456,1.268151,-0.055498,-1.234080,1.161794,0.003154,-0.001626,-0.006349,0.999974,-0.286649,0.114226,0.015340,0.000174,-0.000458,0.004373,0.143050,0.106217,1.156350,20.515006,5,0,0.000000,1,0.334128,0.789899,1,-1
14.819712,-0.046000,-1.127000,1.163000,-0.127044,-1.221211,1.140109,-0.061941,-1.231886,1.161698,0.002533,-0.001745,-0.006256,0.999976,-0.288426,0.117817,0.016260,0.000178,-0.000458,0.004388,0.126364,0.106099,1.198066,20.515006,5,0,0.000000,1,0.332877,0.793840,1,-1
14.836283,-0.051000,-1.126000,1.163000,-0.078172,-1.226150,1.174001,-0.066757,-1.229923,1.162148,0.002241,-0.002232,-0.005858,0.999978,-0.288828,0.121847,0.016865,0.000179,-0.000458,0.004379,0.104352,0.105114,1.712866,20.515006,5,0,0.000000,1,0.333056,0.793505,1,-1
14.852889,-0.057000,-1.123000,1.163000,-0.080101,-1.212568,1.194399,-0.071579,-1.227564,1.162919,0.002496,-0.001362,-0.006086,0.999977,-0.288743,0.127011,0.016265,0.000180,-0.000460,0.004355,0.097683,0.105575,3.837038,20.515006,5,0,0.000000,1,0.332805,0.791953,1,-1
14.869507,-0.062000,-1.122000,1.164000,-0.088714,-1.247538,1.266235,-0.076548,-1.226096,1.164816,0.001535,-0.001084,-0.005849,0.999981,-0.287403,0.122694,0.017073,0.000180,-0.000460,0.004279,0.164090,0.105111,4.976588,20.515006,5,0,0.000000,1,0.336805,0.793313,1,-1
14.886210,-0.067000,-1.120000,1.164000,-0.109897,-1.194569,1.266558,-0.081958,-1.223361,1.166708,0.000553,-0.000673,-0.006090,0.999981,-0.286109,0.122732,0.019179,0.000182,-0.000463,0.004204,0.133862,0.104473,0.975968,20.515006,5,0,0.000000,1,0.333346,0.789107,1,-1
14.902753,-0.073000,-1.118000,1.165000,-0.091246,-1.221245,1.271758,-0.086777,-1.221314,1.168692,0.000804,-0.000225,-0.006115,0.999981,-0.284611,0.124698,0.022027,0.000183,-0.000464,0.004126,0.149632,0.104293,5.658589,20.515006,5,0,0.000000,1,0.335344,0.791181,1,-1
14.919395,-0.077000,-1.116000,1.165000,-0.129624,-1.214702,1.265785,-0.092252,-1.219224,1.170594,-0.000009,-0.000244,-0.005687,0.999984,-0.283438,0.123350,0.025656,0.000185,-0.000466,0.004055,0.150562,0.104495,3.911837,20.515006,5,0,0.000000,1,0.334268,0.790665,1,-1
14.935984,-0.084000,-1.114000,1.166000,-0.092022,-1.220457,1.198173,-0.096684,-1.217324,1.171461,-0.000505,-0.000051,-0.005995,0.999982,-0.283919,0.125644,0.029055,0.000185,-0.000466,0.004035,0.111501,0.104243,4.574836,20.515006,5,0,0.000000,1,0.333218,0.792467,1,-1
14.952646,-0.088000,-1.113000,1.166000,-0.134834,-1.215122,1.134900,-0.102152,-1.215193,1.171390,-0.000200,-0.000290,-0.005768,0.999983,-0.284597,0.135975,0.034129,0.000187,-0.000465,0.004062,0.116574,0.103309,0.855346,20.515006,5,0,0.000000,1,0.332923,0.793452,1,-1
14.969256,-0.093000,-1.110000,1.167000,-0.130113,-1.199087,1.217889,-0.107424,-1.212558,1.172697,0.000063,0.000226,-0.005301,0.999986,-0.283659,0.142384,0.036951,0.000188,-0.000467,0.004028,0.109104,0.103724,3.759918,20.515006,5,0,0.000000,1,0.332656,0.790228,1,-1
14.985928,-0.099000,-1.108000,1.168000,-0.097870,-1.195966,1.284886,-0.111527,-1.209943,1.175045,-0.000343,0.000060,-0.005436,0.999985,-0.282069,0.146125,0.039244,0.000188,-0.000469,0.003946,0.146293,0.102951,3.128304,20.515006,5,0,0.000000,1,0.334111,0.788996,1,-1
15.002495,-0.104000,-1.106000,1.168000,-0.205664,-1.185757,1.132235,-0.118250,-1.207021,1.174994,0.000094,0.000493,-0.005481,0.999985,-0.284639,0.152039,0.040184,0.000193,-0.000470,0.003977,0.134074,0.102260,1.446748,20.515006,5,0,0.000000,1,0.333571,0.790643,1,-1
15.019213,-0.109000,-1.104000,1.169000,-0.159448,-1.174301,1.261650,-0.123736,-1.203761,1.176960,0.000368,0.000761,-0.005092,0.999987,-0.282575,0.158688,0.036634,0.000195,-0.000472,0.003914,0.126773,0.101157,3.715878,20.515006,5,0,0.000000,1,0.332743,0.787324,1,-1
15.035755,-0.115000,-1.101000,1.169000,-0.166414,-1.172081,1.242800,-0.129274,-1.200400,1.178529,0.000633,0.000888,-0.005272,0.999986,-0.280557,0.165577,0.032447,0.000197,-0.000475,0.003866,0.114640,0.100871,1.649908,20.515006,5,0,0.000000,1,0.332802,0.787392,1,-1
15.052399,-0.119000,-1.100000,1.170000,-0.167162,-1.173779,1.238490,-0.134502,-1.197199,1.179944,0.001206,0.001033,-0.005241,0.999985,-0.281131,0.167747,0.030455,0.000199,-0.000477,0.003822,0.111596,0.098929,2.430527,20.515006,5,0,0.000000,1,0.332830,0.787599,1,-1
15.085644,-0.130000,-1.095000,1.171000,-0.179710,-1.168383,1.145159,-0.144578,-1.191080,1.180403,0.001798,0.002187,-0.004643,0.999985,-0.277925,0.172151,0.032101,0.000201,-0.000478,0.003848,0.092325,0.097633,2.177836,20.515006,5,0,0.000000,1,0.333009,0.789026,1,-1
15.102293,-0.135000,-1.093000,1.172000,-0.140480,-1.197019,1.256861,-0.148874,-1.188453,1.182136,0.001452,0.002741,-0.004755,0.999984,-0.275194,0.176944,0.033147,0.000201,-0.000478,0.003792,0.134355,0.096987,2.097026,20.515006,5,0,0.000000,1,0.332805,0.789340,1,-1
15.118868,-0.140000,-1.091000,1.172000,-0.191038,-1.195051,1.277753,-0.154349,-1.185711,1.184175,0.001657,0.003318,-0.004929,0.999981,-0.274667,0.184316,0.032739,0.000203,-0.000479,0.003722,0.156893,0.096562,2.587219,20.515006,5,0,0.000000,1,0.333349,0.788638,1,-1
15.135465,-0.146000,-1.088000,1.173000,-0.146277,-1.220639,1.272308,-0.158352,-1.183720,1.186068,0.001935,0.003941,-0.004771,0.999979,-0.271684,0.189207,0.032163,0.000203,-0.000478,0.003658,0.165696,0.097394,6.635028,20.515006,5,0,0.000000,1,0.334593,0.790993,1,-1
15.152132,-0.150000,-1.086000,1.174000,-0.201649,-1.165128,1.169849,-0.163682,-1.180251,1.186323,0.001030,0.003469,-0.004887,0.999982,-0.269341,0.194949,0.032709,0.000205,-0.000478,0.003670,0.094584,0.096033,1.981804,20.515006,5,0,0.000000,1,0.333231,0.787989,1,-1
15.168737,-0.156000,-1.083000,1.175000,-0.226951,-1.158181,1.194443,-0.169530,-1.176530,1.186982,0.001486,0.003884,-0.004963,0.999979,-0.269910,0.205483,0.034246,0.000208,-0.000480,0.003664,0.105187,0.095261,0.646417,20.515006,5,0,0.000000,1,0.333468,0.786659,1,-1
15.185428,-0.161000,-1.081000,1.175000,-0.179252,-1.181855,1.194898,-0.174083,-1.173315,1.187684,0.002036,0.004918,-0.004429,0.999976,-0.266000,0.210697,0.036489,0.000209,-0.000479,0.003658,0.104407,0.094096,2.387448,20.515006,5,0,0.000000,1,0.333090,0.789013,1,-1
15.201987,-0.165000,-1.079000,1.176000,-0.207765,-1.181777,1.222138,-0.178933,-1.170240,1.188793,0.003561,0.004713,-0.004385,0.999973,-0.260071,0.217346,0.037499,0.000211,-0.000479,0.003634,0.120502,0.093180,3.175253,20.515006,5,0,0.000000,1,0.333442,0.788288,1,-1
15.218558,-0.171000,-1.076000,1.176000,-0.175870,-1.151514,1.231403,-0.182873,-1.166410,1.190046,0.003555,0.004149,-0.004177,0.999976,-0.256683,0.215470,0.037353,0.000210,-0.000480,0.003603,0.093785,0.092261,3.098190,20.515006,5,0,0.000000,1,0.332691,0.785807,1,-1
15.235242,-0.175000,-1.074000,1.177000,-0.212442,-1.161602,1.270271,-0.187628,-1.162876,1.191897,0.004193,0.004132,-0.004068,0.999974,-0.252460,0.218328,0.037700,0.000212,-0.000481,0.003545,0.133325,0.090997,1.509711,20.515006,5,0,0.000000,1,0.333261,0.785806,1,-1
15.251863,-0.179000,-1.071000,1.177000,-0.194011,-1.147288,1.268841,-0.191788,-1.158997,1.193707,0.004522,0.004012,-0.004252,0.999973,-0.248662,0.222489,0.038935,0.000212,-0.000483,0.003489,0.120333,0.090477,4.826736,20.515006,5,0,0.000000,1,0.332861,0.784755,1,-1
15.268562,-0.185000,-1.069000,1.179000,-0.232149,-1.180524,1.257687,-0.196793,-1.155884,1.195358,0.005704,0.004274,-0.004159,0.999966,-0.247640,0.226308,0.040485,0.000214,-0.000482,0.003443,0.144403,0.089194,1.443945,20.515006,5,0,0.000000,1,0.333737,0.787432,1,-1
15.285061,-0.190000,-1.066000,1.179000,-0.188331,-1.168071,1.168404,-0.200357,-1.152686,1.195565,0.005778,0.003802,-0.003648,0.999969,-0.242419,0.227610,0.040003,0.000213,-0.000481,0.003463,0.102633,0.088860,5.603402,20.515006,5,0,0.000000,1,0.333087,0.788373,1,-1
15.301727,-0.194000,-1.065000,1.180000,-0.253484,-1.159313,1.288893,-0.205442,-1.149244,1.197652,0.006070,0.003493,-0.003520,0.999969,-0.240235,0.231083,0.041087,0.000216,-0.000481,0.003396,0.155855,0.086830,1.553884,20.515006,5,0,0.000000,1,0.333783,0.785061,1,-1
15.318439,-0.199000,-1.061000,1.181000,-0.200038,-1.157835,1.211325,-0.209095,-1.145793,1.198532,0.005916,0.003038,-0.004143,0.999969,-0.236157,0.230556,0.041914,0.000216,-0.000481,0.003386,0.101478,0.087173,3.013393,20.515006,5,0,0.000000,1,0.333083,0.786520,1,-1
15.335055,-0.203000,-1.060000,1.182000,-0.289631,-1.122564,1.158184,-0.214824,-1.141527,1.198573,0.004344,0.002121,-0.003433,0.999982,-0.231510,0.227613,0.040800,0.000220,-0.000481,0.003415,0.109482,0.084031,0.338723,20.515006,5,0,0.000000,1,0.334025,0.783673,1,-1
15.351600,-0.208000,-1.057000,1.182000,-0.230689,-1.132138,1.200721,-0.218741,-1.137833,1.199239,0.002952,0.001711,-0.003694,0.999987,-0.229621,0.227558,0.041433,0.000221,-0.000482,0.003414,0.080691,0.083345,4.912554,20.515006,5,0,0.000000,1,0.333203,0.784256,1,-1
15.368212,-0.213000,-1.055000,1.183000,-0.256168,-1.132153,1.232905,-0.223226,-1.134144,1.200416,0.002954,0.001320,-0.003897,0.999987,-0.229802,0.226681,0.042221,0.000223,-0.000482,0.003390,0.101521,0.081680,2.868440,20.515006,5,0,0.000000,1,0.333527,0.783445,1,-1
15.401588,-0.222000,-1.051000,1.185000,-0.198004,-1.104035,1.259527,-0.230077,-1.126215,1.202736,0.001940,0.001529,-0.004000,0.999989,-0.233449,0.219523,0.043080,0.000221,-0.000484,0.003348,0.094567,0.077699,6.381612,20.515006,5,0,0.000000,1,0.332377,0.781178,1,-1
15.418091,-0.227000,-1.048000,1.186000,-0.293934,-1.133292,1.222622,-0.235222,-1.123096,1.203691,0.001637,0.001505,-0.003898,0.999990,-0.235940,0.215855,0.040985,0.000224,-0.000484,0.003333,0.114438,0.077589,1.794645,20.515006,5,0,0.000000,1,0.334112,0.783315,1,-1
15.434719,-0.231000,-1.046000,1.186000,-0.231529,-1.127875,1.203529,-0.238820,-1.119875,1.204317,0.000358,0.001567,-0.003720,0.999992,-0.237980,0.214448,0.039342,0.000224,-0.000484,0.003334,0.083732,0.076513,7.838345,20.515006,5,0,0.000000,1,0.333159,0.783825,1,-1
15.451381,-0.237000,-1.043000,1.187000,-0.311405,-1.145238,1.189045,-0.244368,-1.117109,1.204698,-0.000101,0.001219,-0.003653,0.999993,-0.239256,0.217126,0.039019,0.000228,-0.000482,0.003346,0.126463,0.076548,0.325417,20.515006,5,0,0.000000,1,0.334589,0.784787,1,-1
15.468067,-0.241000,-1.042000,1.188000,-0.223014,-1.145934,1.268075,-0.247618,-1.114357,1.206316,-0.000479,0.000382,-0.003566,0.999993,-0.235912,0.219449,0.039579,0.000227,-0.000480,0.003300,0.132430,0.074932,3.943545,20.515006,5,0,0.000000,1,0.333218,0.784424,1,-1
15.484647,-0.245000,-1.039000,1.188000,-0.333386,-1.109371,1.255272,-0.253522,-1.110676,1.207728,-0.000128,0.000111,-0.003707,0.999993,-0.236070,0.223759,0.040806,0.000231,-0.000481,0.003265,0.131490,0.074828,0.748586,20.515006,5,0,0.000000,1,0.334376,0.780237,1,-1
15.501198,-0.249000,-1.038000,1.189000,-0.247684,-1.097307,1.245309,-0.257009,-1.106891,1.208959,0.000584,-0.000075,-0.003394,0.999994,-0.235583,0.225427,0.042068,0.000231,-0.000482,0.003238,0.081791,0.072170,2.716334,20.515006,5,0,0.000000,1,0.332948,0.780303,1,-1
15.517881,-0.254000,-1.034000,1.190000,-0.295580,-1.133246,1.203595,-0.261648,-1.104014,1.209557,0.001349,-0.000117,-0.003354,0.999993,-0.237075,0.225025,0.043989,0.000233,-0.000480,0.003242,0.108459,0.073095,2.372078,20.515006,5,0,0.000000,1,0.334165,0.783625,1,-1
15.534551,-0.258000,-1.033000,1.190000,-0.261215,-1.095246,1.259600,-0.265383,-1.100275,1.211042,0.002142,-0.000145,-0.003492,0.999992,-0.236725,0.220213,0.044989,0.000233,-0.000481,0.003206,0.093429,0.070874,1.003349,20.515006,5,0,0.000000,1,0.333099,0.779780,1,-1
15.551162,-0.264000,-1.030000,1.191000,-0.330578,-1.104546,1.176487,-0.270758,-1.096887,1.211221,0.001811,-0.000466,-0.002681,0.999995,-0.236473,0.214692,0.043466,0.000236,-0.000480,0.003232,0.100997,0.070203,2.169717,20.515006,5,0,0.000000,1,0.334404,0.781144,1,-1
15.567714,-0.268000,-1.027000,1.192000,-0.292521,-1.116539,1.301877,-0.274896,-1.094125,1.213296,0.000964,-0.001205,-0.003324,0.999993,-0.237475,0.211879,0.043874,0.000237,-0.000480,0.003167,0.143845,0.070759,3.783828,20.515006,5,0,0.000000,1,0.333809,0.780845,1,-1
15.584307,-0.273000,-1.026000,1.193000,-0.273968,-1.167256,1.378801,-0.278561,-1.092610,1.216568,0.001259,-0.002076,-0.003123,0.999992,-0.238079,0.213016,0.045840,0.000237,-0.000477,0.003048,0.233401,0.070875,2.852660,20.515006,5,0,0.000000,1,0.334186,0.784967,1,-1
15.617605,-0.281000,-1.020000,1.194000,-0.329226,-1.118914,1.280544,-0.287670,-1.086473,1.219108,-0.000043,-0.001840,-0.002870,0.999994,-0.247900,0.208092,0.048928,0.000239,-0.000476,0.003002,0.139999,0.071369,3.448997,20.515006,5,0,0.000000,1,0.334409,0.780844,1,-1
15.634216,-0.285000,-1.019000,1.195000,-0.292841,-1.121588,1.352310,-0.291785,-1.083977,1.221995,-0.000342,-0.001453,-0.003089,0.999994,-0.245648,0.209112,0.048504,0.000239,-0.000475,0.002905,0.187969,0.070688,1.848041,20.515006,5,0,0.000000,1,0.333879,0.780950,1,-1
15.650788,-0.290000,-1.016000,1.195000,-0.361987,-1.103705,1.280375,-0.297319,-1.081255,1.223659,-0.002189,-0.003153,-0.002586,0.999989,-0.245784,0.207432,0.047278,0.000243,-0.000475,0.002863,0.141997,0.071646,1.488197,20.515006,5,0,0.000000,1,0.334733,0.779065,1,-1
15.667440,-0.294000,-1.014000,1.196000,-0.286074,-1.114169,1.381811,-0.300934,-1.078797,1.226884,-0.002573,-0.004020,-0.003103,0.999984,-0.247915,0.213438,0.047382,0.000242,-0.000474,0.002748,0.211240,0.072115,8.763651,20.515006,5,0,0.000000,1,0.333704,0.780290,1,-1
15.684093,-0.299000,-1.011000,1.197000,-0.332240,-1.095998,1.259595,-0.305679,-1.075756,1.228157,-0.001573,-0.004080,-0.003036,0.999986,-0.251630,0.221843,0.048130,0.000244,-0.000473,0.002724,0.110669,0.072171,2.862348,20.515006,5,0,0.000000,1,0.334171,0.778994,1,-1
15.700732,-0.303000,-1.009000,1.197000,-0.344366,-1.061669,1.214748,-0.310712,-1.071784,1.228739,-0.000647,-0.002834,-0.002505,0.999993,-0.254234,0.226564,0.048672,0.000246,-0.000474,0.002735,0.069283,0.070772,0.794000,20.515006,5,0,0.000000,1,0.333945,0.776344,1,-1
15.717294,-0.308000,-1.007000,1.198000,-0.359586,-1.073070,1.232510,-0.315832,-1.068321,1.229544,-0.001964,-0.001887,-0.002501,0.999993,-0.254333,0.227487,0.047466,0.000249,-0.000474,0.002732,0.090650,0.069402,1.889208,20.515006,5,0,0.000000,1,0.334332,0.776897,1,-1
15.733906,-0.313000,-1.004000,1.199000,-0.334348,-1.087824,1.252673,-0.320239,-1.065227,1.230650,-0.002134,-0.000906,-0.003481,0.999991,-0.252260,0.230581,0.047012,0.000250,-0.000472,0.002716,0.101799,0.069303,0.695077,20.515006,5,0,0.000000,1,0.334100,0.778316,1,-1
15.750617,-0.317000,-1.002000,1.199000,-0.303132,-1.113348,1.291912,-0.323813,-1.062773,1.232362,-0.001358,-0.000250,-0.003465,0.999993,-0.251940,0.227492,0.047760,0.000248,-0.000470,0.002673,0.145683,0.069662,1.740565,20.515006,5,0,0.000000,1,0.333929,0.780538,1,-1
15.767230,-0.321000,-1.000000,1.200000,-0.389870,-1.051382,1.218313,-0.329456,-1.058907,1.232934,-0.001337,-0.000400,-0.002316,0.999996,-0.251301,0.221927,0.051223,0.000252,-0.000470,0.002683,0.087855,0.068016,0.885998,20.515006,5,0,0.000000,1,0.335871,0.774639,1,-1
15.783837,-0.326000,-0.997000,1.201000,-0.343705,-1.050729,1.194425,-0.333641,-1.055329,1.233174,-0.002001,-0.001556,-0.002541,0.999994,-0.250376,0.221220,0.057412,0.000253,-0.000470,0.002711,0.056952,0.067050,3.458114,20.515006,5,0,0.000000,1,0.333979,0.775692,1,-1
15.800445,-0.330000,-0.995000,1.202000,-0.349890,-1.099495,1.317220,-0.337930,-1.052984,1.235419,-0.001611,-0.002402,-0.002852,0.999992,-0.252471,0.220366,0.062611,0.000253,-0.000468,0.002652,0.156813,0.067394,5.471807,20.515006,5,0,0.000000,1,0.334449,0.778529,1,-1
15.817068,-0.335000,-0.992000,1.203000,-0.414341,-1.062438,1.241562,-0.343787,-1.049778,1.236520,-0.002551,-0.003287,-0.002486,0.999988,-0.255074,0.217593,0.064459,0.000258,-0.000467,0.002648,0.112887,0.067373,1.473954,20.515006,5,0,0.000000,1,0.336221,0.774950,1,-1
15.833740,-0.339000,-0.990000,1.204000,-0.344830,-1.080466,1.232760,-0.347876,-1.047012,1.237522,-0.002657,-0.002957,-0.003127,0.999987,-0.254805,0.221836,0.066793,0.000257,-0.000465,0.002652,0.095107,0.066730,5.069038,20.515006,5,0,0.000000,1,0.334194,0.777779,1,-1
15.850329,-0.343000,-0.987000,1.205000,-0.404734,-1.076018,1.195998,-0.353374,-1.044095,1.237977,-0.002206,-0.002726,-0.002925,0.999990,-0.254845,0.224001,0.066546,0.000261,-0.000463,0.002682,0.108703,0.066746,1.165349,20.515006,5,0,0.000000,1,0.336147,0.777068,1,-1
15.866914,-0.349000,-0.985000,1.206000,-0.353591,-1.075798,1.344350,-0.357299,-1.041408,1.240675,-0.004256,-0.002952,-0.002183,0.999984,-0.254028,0.225690,0.069036,0.000260,-0.000462,0.002607,0.165548,0.066732,3.190154,20.515006,5,0,0.000000,1,0.334165,0.776198,1,-1
15.883559,-0.353000,-0.982000,1.207000,-0.388144,-1.092975,1.298648,-0.362023,-1.039060,1.242679,-0.006424,-0.003752,-0.003385,0.999967,-0.254196,0.236001,0.071240,0.000262,-0.000459,0.002566,0.148155,0.067898,1.650446,20.515006,5,0,0.000000,1,0.335002,0.777562,1,-1
15.900206,-0.357000,-0.980000,1.208000,-0.413566,-1.105833,1.254943,-0.367356,-1.036892,1.244022,-0.006443,-0.004534,-0.003646,0.999962,-0.259996,0.236492,0.071608,0.000265,-0.000455,0.002559,0.145730,0.068129,3.055094,20.515006,5,0,0.000000,1,0.335689,0.778822,1,-1
15.916851,-0.362000,-0.977000,1.209000,-0.411487,-1.077684,1.266873,-0.372651,-1.034135,1.245505,-0.006472,-0.004808,-0.003007,0.999963,-0.265640,0.229899,0.067211,0.000267,-0.000453,0.002543,0.126236,0.068633,2.360785,20.515006,5,0,0.000000,1,0.335234,0.776112,1,-1
15.950074,-0.370000,-0.972000,1.211000,-0.422223,-1.038875,1.226709,-0.382348,-1.026792,1.247228,-0.007576,-0.006422,-0.003322,0.999945,-0.267402,0.241961,0.060373,0.000269,-0.000452,0.002558,0.086292,0.066837,3.169065,20.515006,5,0,0.000000,1,0.337960,0.772808,1,-1
15.966700,-0.373000,-0.971000,1.212000,-0.418507,-1.049557,1.288775,-0.387472,-1.023544,1.248841,-0.008348,-0.007890,-0.003286,0.999929,-0.271026,0.243223,0.061527,0.000271,-0.000451,0.002529,0.118897,0.065785,1.603880,20.515006,5,0,0.000000,1,0.335947,0.773172,1,-1
15.983314,-0.373000,-0.971000,1.212000,-0.412115,-1.064168,1.289140,-0.392464,-1.020652,1.250475,-0.008305,-0.008534,-0.003641,0.999922,-0.277414,0.245142,0.062676,0.000272,-0.000448,0.002500,0.127126,0.065761,3.065455,20.515006,5,0,0.000000,1,0.335012,0.774631,1,-1
16.000044,-0.384000,-0.964000,1.214000,-0.373764,-1.078322,1.271926,-0.396551,-1.018087,1.251837,-0.007889,-0.007857,-0.003699,0.999931,-0.283443,0.248582,0.062286,0.000271,-0.000445,0.002486,0.128568,0.067190,4.198324,20.515006,5,0,0.000000,1,0.334584,0.776679,1,-1
16.016522,-0.389000,-0.960000,1.214000,-0.407627,-1.043869,1.269930,-0.401197,-1.014852,1.253085,-0.007407,-0.006193,-0.003861,0.999946,-0.286520,0.256039,0.062812,0.000271,-0.000443,0.002474,0.102514,0.068448,2.063099,20.515006,5,0,0.000000,1,0.336005,0.772994,1,-1
16.033212,-0.393000,-0.958000,1.215000,-0.419121,-1.052132,1.339017,-0.406149,-1.011739,1.255427,-0.006523,-0.003760,-0.003944,0.999964,-0.288558,0.255036,0.064854,0.000272,-0.000441,0.002412,0.157872,0.068520,5.452290,20.515006,5,0,0.000000,1,0.334901,0.773095,1,-1
16.049827,-0.398000,-0.955000,1.216000,-0.458380,-1.084214,1.297361,-0.412007,-1.009481,1.257116,-0.007056,-0.002863,-0.003507,0.999965,-0.288034,0.252134,0.064866,0.000275,-0.000437,0.002383,0.164200,0.069677,1.319171,20.515006,5,0,0.000000,1,0.336548,0.775698,1,-1
16.066504,-0.403000,-0.952000,1.217000,-0.450619,-1.012187,1.271543,-0.417598,-1.005467,1.258409,-0.007998,-0.003202,-0.003786,0.999956,-0.287896,0.256573,0.066327,0.000277,-0.000437,0.002373,0.094154,0.069185,1.914264,20.515006,5,0,0.000000,1,0.339590,0.769251,1,-1
16.083028,-0.407000,-0.950000,1.217000,-0.418991,-1.031287,1.280733,-0.422067,-1.002145,1.259797,-0.008953,-0.004616,-0.003885,0.999942,-0.291050,0.262155,0.068420,0.000277,-0.000435,0.002358,0.103987,0.069121,5.316560,20.515006,5,0,0.000000,1,0.336897,0.771524,1,-1
16.099668,-0.412000,-0.946000,1.218000,-0.481188,-1.024484,1.261321,-0.428105,-0.998555,1.260925,-0.007969,-0.004965,-0.003601,0.999949,-0.297521,0.264717,0.071751,0.000280,-0.000434,0.002358,0.113241,0.069742,0.778254,20.515006,5,0,0.000000,1,0.341024,0.769968,1,-1
16.116369,-0.417000,-0.943000,1.219000,-0.447956,-1.017880,1.370273,-0.433325,-0.994890,1.263780,-0.007682,-0.004871,-0.003723,0.999952,-0.301299,0.260722,0.074600,0.000281,-0.000433,0.002280,0.171606,0.070458,3.217446,20.515006,5,0,0.000000,1,0.337072,0.769356,1,-1
16.133007,-0.422000,-0.939000,1.220000,-0.461407,-1.000400,1.261980,-0.438855,-0.990778,1.264966,-0.007196,-0.003659,-0.003478,0.999961,-0.304487,0.269338,0.074911,0.000282,-0.000433,0.002282,0.084174,0.070619,3.230503,20.515006,5,0,0.000000,1,0.340874,0.768020,1,-1
16.149583,-0.428000,-0.936000,1.222000,-0.465584,-1.030687,1.261061,-0.444147,-0.987612,1.266046,-0.006241,-0.001943,-0.003630,0.999972,-0.305314,0.273163,0.073841,0.000283,-0.000430,0.002286,0.109105,0.069746,3.399689,20.515006,5,0,0.000000,1,0.339908,0.770849,1,-1
16.166154,-0.432000,-0.933000,1.222000,-0.443198,-1.008536,1.408852,-0.448842,-0.983900,1.269384,-0.006128,-0.002065,-0.003651,0.999972,-0.303719,0.271096,0.072341,0.000283,-0.000430,0.002184,0.201853,0.071552,4.201432,20.515006,5,0,0.000000,1,0.336400,0.768618,1,-1
16.182804,-0.436000,-0.930000,1.223000,-0.394212,-1.042087,1.296544,-0.452311,-0.981057,1.270960,-0.006965,-0.002309,-0.003384,0.999967,-0.304016,0.267140,0.073129,0.000279,-0.000426,0.002166,0.140423,0.071924,7.296448,20.515006,5,0,0.000000,1,0.334797,0.772802,1,-1
16.199476,-0.442000,-0.926000,1.224000,-0.485873,-1.031689,1.289928,-0.457995,-0.978029,1.272453,-0.007543,-0.002894,-0.003423,0.999962,-0.306915,0.266518,0.075714,0.000281,-0.000423,0.002154,0.132067,0.072874,2.676679,20.515006,5,0,0.000000,1,0.340345,0.770315,1,-1
16.218198,-0.446000,-0.923000,1.225000,-0.495626,-0.977481,1.282245,-0.464508,-0.973184,1.274021,-0.006741,-0.002387,-0.003533,0.999968,-0.312430,0.271440,0.080133,0.000283,-0.000423,0.002147,0.093316,0.072554,1.644441,20.515006,5,0,0.000000,1,0.343204,0.764967,1,-1
16.234745,-0.452000,-0.919000,1.226000,-0.476898,-1.038144,1.269084,-0.469582,-0.970579,1.275203,-0.005596,-0.001156,-0.003565,0.999977,-0.311911,0.275220,0.081087,0.000283,-0.000419,0.002153,0.129118,0.073420,4.193387,20.515006,5,0,0.000000,1,0.340060,0.771275,1,-1
16.251349,-0.456000,-0.916000,1.227000,-0.435831,-0.975199,1.386872,-0.473604,-0.966438,1.278171,-0.005933,-0.000212,-0.003297,0.999977,-0.310995,0.271935,0.080185,0.000281,-0.000419,0.002073,0.171669,0.073976,2.117293,20.515006,5,0,0.000000,1,0.337799,0.765555,1,-1
16.268048,-0.462000,-0.912000,1.228000,-0.462610,-1.015773,1.363126,-0.478242,-0.963384,1.280780,-0.007752,-0.000841,-0.003782,0.999962,-0.310958,0.267728,0.083912,0.000280,-0.000417,0.002014,0.170377,0.075431,2.125480,20.515006,5,0,0.000000,1,0.338088,0.768907,1,-1
16.284677,-0.466000,-0.909000,1.229000,-0.485685,-0.981792,1.288845,-0.483418,-0.959466,1.282252,-0.008420,-0.001122,-0.004430,0.999954,-0.315319,0.278741,0.083934,0.000280,-0.000415,0.002009,0.096269,0.075406,3.818658,20.515006,5,0,0.000000,1,0.342332,0.765531,1,-1
16.317840,-0.477000,-0.902000,1.231000,-0.508807,-0.995639,1.276604,-0.494132,-0.951442,1.284921,-0.008430,-0.001267,-0.004373,0.999954,-0.321617,0.285249,0.088736,0.000281,-0.000413,0.002016,0.108902,0.075136,2.045789,20.515006,5,0,0.000000,1,0.343361,0.766515,1,-1
16.351132,-0.485000,-0.895000,1.233000,-0.492958,-0.971349,1.338268,-0.504555,-0.942564,1.288713,-0.005393,0.000283,-0.004312,0.999976,-0.327911,0.296091,0.090947,0.000280,-0.000411,0.001978,0.130283,0.075820,4.103644,20.515006,5,0,0.000000,1,0.342015,0.764138,1,-1
16.367748,-0.491000,-0.889000,1.234000,-0.506346,-0.986239,1.389203,-0.509867,-0.938907,1.291783,-0.004476,0.000886,-0.004364,0.999980,-0.326947,0.298019,0.092740,0.000280,-0.000409,0.001905,0.183790,0.078649,2.937934,20.515006,5,0,0.000000,1,0.341039,0.765304,1,-1
16.384359,-0.496000,-0.886000,1.235000,-0.534591,-0.966855,1.263841,-0.515528,-0.935043,1.292773,-0.002469,0.001389,-0.004420,0.999986,-0.329456,0.295425,0.091119,0.000281,-0.000406,0.001927,0.094120,0.078257,2.328118,20.515006,5,0,0.000000,1,0.346247,0.763287,1,-1
16.400949,-0.501000,-0.881000,1.236000,-0.504146,-0.990669,1.372634,-0.520414,-0.931861,1.295461,-0.000993,0.002150,-0.004665,0.999986,-0.332780,0.292417,0.090641,0.000280,-0.000403,0.001870,0.175231,0.080618,9.590234,20.515006,5,0,0.000000,1,0.341111,0.765750,1,-1
16.434276,-0.510000,-0.875000,1.238000,-0.543655,-0.976270,1.390079,-0.531724,-0.923484,1.299901,0.000414,0.004650,-0.004358,0.999980,-0.330000,0.294262,0.089364,0.000281,-0.000400,0.001801,0.185786,0.081575,3.151108,20.515006,5,0,0.000000,1,0.343445,0.763610,1,-1
16.452987,-0.516000,-0.870000,1.239000,-0.575103,-0.949047,1.250884,-0.538821,-0.918821,1.300744,0.002042,0.005732,-0.004723,0.999970,-0.329755,0.292704,0.087220,0.000283,-0.000398,0.001840,0.099413,0.081955,2.825811,20.515006,5,0,0.000000,1,0.349586,0.760768,1,-1
16.469537,-0.522000,-0.865000,1.240000,-0.533368,-0.961682,1.332139,-0.543715,-0.915476,1.302590,0.002892,0.005789,-0.004721,0.999968,-0.327619,0.287116,0.086351,0.000282,-0.000395,0.001818,0.134038,0.083288,3.477315,20.515006,5,0,0.000000,1,0.344749,0.762400,1,-1
16.486156,-0.526000,-0.862000,1.241000,-0.543862,-0.956618,1.417662,-0.548831,-0.912052,1.305782,0.004014,0.006582,-0.004159,0.999962,-0.324696,0.288252,0.086342,0.000282,-0.000393,0.001733,0.201199,0.084990,4.182408,20.515006,5,0,0.000000,1,0.343576,0.761802,1,-1
16.502841,-0.530000,-0.858000,1.241000,-0.603052,-0.924256,1.292552,-0.555366,-0.907790,1.306972,0.003425,0.006800,-0.004407,0.999961,-0.323549,0.288457,0.089209,0.000285,-0.000392,0.001744,0.111284,0.086457,4.031021,20.515006,5,0,0.000000,1,0.351081,0.760738,1,-1
16.519443,-0.535000,-0.855000,1.242000,-0.580726,-0.939043,1.272045,-0.561173,-0.903973,1.307906,0.002953,0.007697,-0.004986,0.999954,-0.318635,0.286826,0.093603,0.000286,-0.000389,0.001771,0.100284,0.086180,1.676504,20.515006,5,0,0.000000,1,0.349753,0.759455,1,-1
16.536020,-0.540000,-0.851000,1.243000,-0.587024,-0.909550,1.355380,-0.566680,-0.899774,1.310131,0.003650,0.007944,-0.005034,0.999949,-0.314955,0.281121,0.096461,0.000288,-0.000389,0.001737,0.135161,0.087163,2.556652,20.515006,5,0,0.000000,1,0.349147,0.758516,1,-1
16.552670,-0.544000,-0.847000,1.245000,-0.609123,-0.899909,1.331907,-0.572637,-0.895458,1.311999,0.001385,0.007211,-0.004971,0.999961,-0.313309,0.275041,0.098573,0.000290,-0.000389,0.001722,0.120802,0.087505,3.590564,20.515006,5,0,0.000000,1,0.351328,0.761602,1,-1
16.569339,-0.550000,-0.842000,1.246000,-0.607867,-0.936689,1.295754,-0.578511,-0.892178,1.313370,-0.000124,0.006830,-0.005041,0.999964,-0.316541,0.272634,0.104250,0.000292,-0.000386,0.001735,0.121614,0.088710,1.591032,20.515006,5,0,0.000000,1,0.350826,0.760703,1,-1
16.585950,-0.552000,-0.840000,1.247000,-0.597271,-0.908460,1.346808,-0.584028,-0.888269,1.315615,-0.000021,0.007189,-0.004885,0.999962,-0.316560,0.270398,0.109352,0.000293,-0.000385,0.001712,0.129220,0.089798,2.647861,20.515006,5,0,0.000000,1,0.349974,0.759777,1,-1
16.602540,-0.558000,-0.835000,1.248000,-0.602868,-0.933328,1.290137,-0.589288,-0.885262,1.316914,-0.001297,0.006569,-0.004513,0.999967,-0.313935,0.272472,0.111655,0.000294,-0.000382,0.001733,0.116005,0.090853,3.144056,20.515006,5,0,0.000000,1,0.350798,0.760413,1,-1
16.619169,-0.562000,-0.833000,1.249000,-0.621587,-0.918432,1.372241,-0.594973,-0.881867,1.319550,0.000102,0.006485,-0.005357,0.999965,-0.315498,0.271730,0.113459,0.000295,-0.000380,0.001693,0.161361,0.091937,5.725565,20.515006,5,0,0.000000,1,0.350379,0.761633,1,-1
16.635788,-0.567000,-0.827000,1.251000,-0.627840,-0.926996,1.267201,-0.600741,-0.878750,1.320503,0.000634,0.005660,-0.005019,0.999971,-0.314935,0.267540,0.109901,0.000297,-0.000376,0.001734,0.118165,0.092990,3.293889,20.515006,5,0,0.000000,1,0.353095,0.763828,1,-1
16.652484,-0.571000,-0.824000,1.252000,-0.629312,-0.889564,1.280655,-0.606467,-0.874791,1.321633,-0.001546,0.004489,-0.005069,0.999976,-0.315516,0.264802,0.109526,0.000299,-0.000375,0.001764,0.092304,0.093201,3.578200,20.515006,5,0,0.000000,1,0.354181,0.765092,1,-1
16.669061,-0.576000,-0.820000,1.254000,-0.596807,-0.935232,1.349858,-0.611282,-0.872044,1.323876,-0.002324,0.003394,-0.005828,0.999975,-0.315384,0.264688,0.111950,0.000298,-0.000371,0.001745,0.151328,0.094000,8.917730,20.515006,5,0,0.000000,1,0.348898,0.758627,1,-1
16.685676,-0.580000,-0.816000,1.255000,-0.635863,-0.902876,1.374457,-0.616744,-0.868763,1.326408,-0.002121,0.001676,-0.005486,0.999981,-0.317797,0.262592,0.112798,0.000299,-0.000369,0.001710,0.157918,0.096089,4.270568,20.515006,5,0,0.000000,1,0.351698,0.763726,1,-1
16.702339,-0.584000,-0.813000,1.256000,-0.625590,-0.883971,1.272443,-0.621957,-0.865079,1.327339,-0.001555,0.000880,-0.005282,0.999984,-0.320675,0.259180,0.112039,0.000299,-0.000368,0.001751,0.083886,0.096136,1.861925,20.515006,5,0,0.000000,1,0.354380,0.765078,1,-1
16.718973,-0.589000,-0.808000,1.257000,-0.620221,-0.865961,1.244322,-0.626986,-0.861009,1.327816,-0.000982,0.000411,-0.005302,0.999985,-0.322425,0.260047,0.109834,0.000299,-0.000367,0.001813,0.067044,0.096269,3.163531,20.515006,5,0,0.000000,1,0.355462,0.765808,1,-1
16.735544,-0.593000,-0.805000,1.258000,-0.598854,-0.875604,1.356212,-0.631438,-0.857229,1.330037,-0.000715,0.000116,-0.005503,0.999985,-0.322133,0.259739,0.110540,0.000297,-0.000366,0.001794,0.121098,0.096926,4.609183,20.515006,5,0,0.000000,1,0.351025,0.761063,1,-1
16.752198,-0.597000,-0.801000,1.259000,-0.632716,-0.932129,1.377939,-0.636399,-0.855145,1.332501,-0.001134,0.000583,-0.005374,0.999985,-0.324073,0.253834,0.112126,0.000296,-0.000361,0.001761,0.180602,0.099430,3.019298,20.515006,5,0,0.000000,1,0.350395,0.762219,1,-1
16.785499,-0.606000,-0.792000,1.262000,-0.623822,-0.885680,1.407263,-0.646485,-0.847839,1.337277,-0.000490,0.002182,-0.005722,0.999981,-0.326392,0.254422,0.112232,0.000295,-0.000359,0.001708,0.173767,0.102097,1.695849,20.515006,5,0,0.000000,1,0.350819,0.762745,1,-1
16.802084,-0.610000,-0.789000,1.263000,-0.648161,-0.881179,1.376966,-0.651720,-0.844643,1.339699,0.000548,0.002612,-0.006078,0.999978,-0.327698,0.251212,0.110886,0.000295,-0.000357,0.001681,0.151465,0.103534,4.137930,20.515006,5,0,0.000000,1,0.353104,0.765811,1,-1
16.818711,-0.615000,-0.784000,1.264000,-0.703498,-0.850976,1.292152,-0.658291,-0.840781,1.340731,-0.000495,0.002604,-0.005444,0.999982,-0.325416,0.248826,0.108622,0.000298,-0.000356,0.001717,0.114500,0.104814,1.573090,20.515006,5,0,0.000000,1,0.359637,0.774027,1,-1
16.835316,-0.618000,-0.780000,1.265000,-0.692656,-0.832017,1.314077,-0.664142,-0.836732,1.341983,-0.001233,0.002843,-0.006044,0.999977,-0.325205,0.250805,0.107555,0.000299,-0.000356,0.001738,0.103382,0.106179,2.750748,20.515006,5,0,0.000000,1,0.359033,0.773114,1,-1
16.851903,-0.624000,-0.776000,1.267000,-0.659325,-0.861916,1.384890,-0.669099,-0.833417,1.344361,-0.002232,0.002315,-0.005950,0.999977,-0.323931,0.252010,0.108176,0.000299,-0.000355,0.001708,0.150092,0.106373,0.623958,20.515006,5,0,0.000000,1,0.354214,0.767598,1,-1
16.868579,-0.627000,-0.772000,1.267000,-0.710638,-0.853661,1.268617,-0.675296,-0.829896,1.344914,-0.002989,0.001813,-0.006166,0.999975,-0.325643,0.254672,0.107717,0.000301,-0.000353,0.001765,0.116904,0.108420,0.881518,20.515006,5,0,0.000000,1,0.360635,0.775172,1,-1
16.885152,-0.631000,-0.769000,1.269000,-0.635430,-0.865393,1.417398,-0.679529,-0.826710,1.347790,-0.003139,0.001423,-0.006497,0.999973,-0.326473,0.253434,0.108301,0.000298,-0.000351,0.001713,0.177012,0.109057,5.021238,20.515006,5,0,0.000000,1,0.351936,0.764643,1,-1
16.901781,-0.637000,-0.764000,1.270000,-0.665311,-0.868374,1.381529,-0.684215,-0.823851,1.350014,-0.002745,0.001411,-0.006800,0.999972,-0.329425,0.252456,0.109895,0.000297,-0.000348,0.001690,0.155352,0.110515,2.999808,20.515006,5,0,0.000000,1,0.354421,0.768036,1,-1
16.918367,-0.640000,-0.759000,1.271000,-0.677396,-0.848991,1.483769,-0.689174,-0.820604,1.353849,-0.002672,0.001854,-0.006496,0.999974,-0.331015,0.246043,0.113870,0.000296,-0.000347,0.001594,0.234025,0.114355,1.582570,20.515006,5,0,0.000000,1,0.353235,0.769347,1,-1
16.935030,-0.644000,-0.756000,1.272000,-0.677815,-0.837482,1.354984,-0.694147,-0.817115,1.355714,-0.002715,0.002110,-0.006259,0.999974,-0.333521,0.247606,0.116494,0.000295,-0.000345,0.001594,0.121116,0.115142,3.560334,20.515006,5,0,0.000000,1,0.356888,0.770753,1,-1
16.951667,-0.649000,-0.751000,1.274000,-0.636390,-0.829114,1.354382,-0.698037,-0.813411,1.357570,-0.002317,0.002571,-0.006851,0.999971,-0.330147,0.253755,0.115685,0.000291,-0.000344,0.001597,0.112792,0.115255,3.033023,20.515006,5,0,0.000000,1,0.354828,0.766713,1,-1
16.968293,-0.653000,-0.747000,1.275000,-0.721097,-0.843789,1.460277,-0.703968,-0.810009,1.361056,-0.001756,0.002767,-0.006783,0.999972,-0.332684,0.257463,0.116141,0.000292,-0.000343,0.001524,0.219847,0.118210,3.478905,20.515006,5,0,0.000000,1,0.356469,0.774180,1,-1
16.984847,-0.657000,-0.743000,1.276000,-0.678183,-0.826538,1.413418,-0.708463,-0.806440,1.363693,-0.000785,0.002771,-0.006384,0.999975,-0.331053,0.258243,0.118149,0.000290,-0.000342,0.001487,0.162207,0.119846,2.937027,20.515006,5,0,0.000000,1,0.355774,0.770537,1,-1
17.001506,-0.661000,-0.738000,1.277000,-0.726620,-0.814506,1.325210,-0.714126,-0.802568,1.364990,0.000324,0.002635,-0.007237,0.999970,-0.333521,0.258537,0.120599,0.000291,-0.000341,0.001516,0.111729,0.121382,1.833357,20.515006,5,0,0.000000,1,0.361334,0.777023,1,-1
17.018187,-0.666000,-0.735000,1.279000,-0.732989,-0.813949,1.386795,-0.719908,-0.798747,1.367293,0.000906,0.002347,-0.006416,0.999976,-0.333297,0.254140,0.122730,0.000292,-0.000340,0.001502,0.149466,0.121513,0.801375,20.515006,5,0,0.000000,1,0.360051,0.776898,1,-1
17.034857,-0.670000,-0.729000,1.280000,-0.746525,-0.819604,1.286747,-0.725902,-0.795152,1.368050,-0.000354,0.001200,-0.006637,0.999977,-0.329467,0.257716,0.123477,0.000293,-0.000338,0.001562,0.118788,0.123507,2.817073,20.515006,5,0,0.000000,1,0.363455,0.779615,1,-1
17.051382,-0.674000,-0.726000,1.282000,-0.730510,-0.831630,1.353012,-0.731053,-0.792013,1.369745,-0.000044,0.000285,-0.007369,0.999973,-0.329901,0.267464,0.125856,0.000293,-0.000336,0.001575,0.139262,0.123742,1.017116,20.515006,5,0,0.000000,1,0.360240,0.776477,1,-1
17.067988,-0.678000,-0.722000,1.283000,-0.723620,-0.790410,1.322474,-0.736059,-0.787802,1.371023,-0.000536,-0.000655,-0.006771,0.999977,-0.333299,0.267413,0.129007,0.000293,-0.000335,0.001611,0.091210,0.124293,1.033824,20.515006,5,0,0.000000,1,0.362024,0.777492,1,-1
17.084713,-0.683000,-0.717000,1.285000,-0.683424,-0.808553,1.447353,-0.740072,-0.784048,1.374300,-0.000654,-0.001359,-0.006945,0.999975,-0.333091,0.267707,0.132355,0.000289,-0.000334,0.001557,0.186389,0.125408,1.050629,20.515006,5,0,0.000000,1,0.355817,0.771476,1,-1
17.101335,-0.686000,-0.713000,1.286000,-0.715972,-0.830947,1.354875,-0.744838,-0.780940,1.376138,-0.001130,-0.002038,-0.007175,0.999972,-0.336408,0.264319,0.131884,0.000287,-0.000331,0.001574,0.139834,0.127289,4.522077,20.515006,5,0,0.000000,1,0.359346,0.774958,1,-1
17.134500,-0.695000,-0.704000,1.289000,-0.751711,-0.800721,1.369134,-0.755819,-0.772920,1.380153,0.000396,-0.000576,-0.007081,0.999975,-0.343268,0.275066,0.124673,0.000287,-0.000329,0.001582,0.137814,0.129452,3.121633,20.515006,5,0,0.000000,1,0.362067,0.779438,1,-1
17.151150,-0.699000,-0.700000,1.290000,-0.731190,-0.801466,1.389421,-0.760614,-0.769288,1.382253,0.002236,0.000076,-0.007285,0.999971,-0.343571,0.275151,0.121110,0.000285,-0.000327,0.001577,0.145657,0.130797,4.057041,20.515006,5,0,0.000000,1,0.360280,0.777076,1,-1
17.167827,-0.704000,-0.695000,1.292000,-0.746729,-0.784765,1.281368,-0.765762,-0.765337,1.382591,0.003068,0.000451,-0.006833,0.999972,-0.345433,0.267653,0.116428,0.000284,-0.000325,0.001653,0.099982,0.130264,1.717686,20.515006,5,0,0.000000,1,0.364758,0.780770,1,-1
17.184415,-0.708000,-0.691000,1.293000,-0.718546,-0.800017,1.354426,-0.770177,-0.761936,1.384024,0.002331,0.001428,-0.006829,0.999973,-0.346337,0.263885,0.113946,0.000281,-0.000323,0.001675,0.125575,0.131085,1.814343,20.515006,5,0,0.000000,1,0.360532,0.776211,1,-1
17.200987,-0.712000,-0.687000,1.294000,-0.755987,-0.754362,1.312105,-0.775153,-0.757704,1.384685,0.001729,0.002225,-0.007332,0.999969,-0.346016,0.260700,0.115421,0.000279,-0.000323,0.001729,0.082464,0.131191,1.447286,20.515006,5,0,0.000000,1,0.365408,0.782008,1,-1
17.217598,-0.715000,-0.684000,1.296000,-0.768938,-0.751093,1.313044,-0.780421,-0.753507,1.385416,0.001219,0.002702,-0.007045,0.999971,-0.345775,0.254356,0.117218,0.000279,-0.000323,0.001783,0.087756,0.130792,2.887338,20.515006,5,0,0.000000,1,0.366261,0.783398,1,-1
17.234308,-0.721000,-0.679000,1.297000,-0.747997,-0.759096,1.258223,-0.785108,-0.749640,1.385312,0.000988,0.003211,-0.007193,0.999968,-0.343393,0.250630,0.115456,0.000276,-0.000322,0.001878,0.092994,0.129995,5.186051,20.515006,5,0,0.000000,1,0.366340,0.782095,1,-1
17.250897,-0.724000,-0.675000,1.298000,-0.755254,-0.738609,1.418476,-0.789874,-0.745390,1.387698,0.000377,0.002604,-0.007576,0.999968,-0.342743,0.247565,0.116512,0.000274,-0.000322,0.001855,0.139776,0.131681,7.312260,20.515006,5,0,0.000000,1,0.362891,0.781152,1,-1
17.267520,-0.729000,-0.670000,1.300000,-0.741114,-0.723639,1.321276,-0.793943,-0.741048,1.388488,0.001405,0.002903,-0.007593,0.999966,-0.344776,0.247989,0.118020,0.000271,-0.000323,0.001905,0.058962,0.130750,5.216822,20.515006,5,0,0.000000,1,0.365245,0.781175,1,-1
17.284088,-0.733000,-0.667000,1.301000,-0.754793,-0.763879,1.322754,-0.798369,-0.737786,1.389316,0.000314,0.002859,-0.007230,0.999970,-0.346621,0.244318,0.116404,0.000268,-0.000322,0.001954,0.101654,0.130704,2.989143,20.515006,5,0,0.000000,1,0.364729,0.781453,1,-1
17.300756,-0.737000,-0.663000,1.302000,-0.786505,-0.742569,1.346747,-0.803549,-0.734018,1.390517,-0.000867,0.002911,-0.007381,0.999968,-0.345854,0.246954,0.116650,0.000267,-0.000321,0.001987,0.103847,0.131558,2.315067,20.515006,5,0,0.000000,1,0.366607,0.784911,1,-1
17.317454,-0.742000,-0.658000,1.304000,-0.842433,-0.714078,1.343676,-0.810069,-0.729548,1.391684,-0.001672,0.002898,-0.007630,0.999965,-0.348858,0.250744,0.117308,0.000269,-0.000322,0.002022,0.121679,0.132064,5.166679,20.515006,5,0,0.000000,1,0.370948,0.791281,1,-1
17.334019,-0.745000,-0.654000,1.305000,-0.802803,-0.737081,1.370083,-0.815531,-0.725675,1.393280,-0.002198,0.002948,-0.007900,0.999962,-0.350353,0.251048,0.120139,0.000268,-0.000321,0.002039,0.120331,0.133811,1.425590,20.515006,5,0,0.000000,1,0.367080,0.786426,1,-1
17.350639,-0.749000,-0.651000,1.306000,-0.731525,-0.747323,1.486182,-0.818900,-0.722301,1.396603,-0.002116,0.002347,-0.008092,0.999962,-0.349146,0.253106,0.121978,0.000263,-0.000320,0.001974,0.205058,0.134828,4.192092,20.515006,5,0,0.000000,1,0.359494,0.778266,1,-1
17.367276,-0.754000,-0.646000,1.308000,-0.794801,-0.760763,1.469742,-0.823789,-0.719225,1.399661,-0.001429,0.001958,-0.008055,0.999965,-0.347702,0.255981,0.121221,0.000261,-0.000317,0.001922,0.202474,0.136507,2.326659,20.515006,5,0,0.000000,1,0.363108,0.784368,1,-1
17.383945,-0.758000,-0.642000,1.309000,-0.834957,-0.693102,1.365299,-0.829604,-0.714541,1.401061,-0.002182,0.001923,-0.007772,0.999966,-0.349111,0.256458,0.120133,0.000261,-0.000318,0.001949,0.108182,0.137348,3.288860,20.515006,5,0,0.000000,1,0.370459,0.790754,1,-1
17.400541,-0.761000,-0.639000,1.310000,-0.817703,-0.730255,1.383723,-0.834927,-0.710751,1.402736,-0.002330,0.001747,-0.008080,0.999963,-0.349522,0.263480,0.120225,0.000260,-0.000317,0.001963,0.130299,0.138613,2.530144,20.515006,5,0,0.000000,1,0.367786,0.787968,1,-1
17.417100,-0.766000,-0.634000,1.312000,-0.849335,-0.672834,1.344536,-0.840663,-0.705736,1.403715,-0.002596,0.001796,-0.007977,0.999963,-0.351256,0.266196,0.120680,0.000261,-0.000319,0.002006,0.097526,0.138320,2.743544,20.515006,5,0,0.000000,1,0.372537,0.792848,1,-1
17.433802,-0.770000,-0.630000,1.313000,-0.795269,-0.691839,1.387670,-0.845073,-0.701278,1.405390,-0.003143,0.002207,-0.008103,0.999960,-0.352377,0.262711,0.122386,0.000257,-0.000320,0.002019,0.100191,0.138753,1.678534,20.515006,5,0,0.000000,1,0.367493,0.786613,1,-1
17.450400,-0.775000,-0.625000,1.314000,-0.796328,-0.719579,1.375235,-0.849432,-0.697561,1.406863,-0.002689,0.002623,-0.007751,0.999963,-0.349117,0.262843,0.121304,0.000254,-0.000318,0.002042,0.114672,0.139387,3.112604,20.515006,5,0,0.000000,1,0.367076,0.786161,1,-1
17.466998,-0.778000,-0.621000,1.316000,-0.821664,-0.701581,1.395637,-0.854355,-0.693512,1.408656,-0.003063,0.002574,-0.007532,0.999964,-0.348503,0.254883,0.120677,0.000252,-0.000318,0.002052,0.121416,0.140261,1.298620,20.515006,5,0,0.000000,1,0.368527,0.788956,1,-1
17.483636,-0.782000,-0.617000,1.317000,-0.793649,-0.684705,1.397649,-0.858202,-0.689395,1.410319,-0.004825,0.002103,-0.007408,0.999959,-0.345685,0.255724,0.116822,0.000248,-0.000318,0.002061,0.105944,0.140557,3.389443,20.515006,5,0,0.000000,1,0.367328,0.786539,1,-1
17.500193,-0.787000,-0.613000,1.318000,-0.804188,-0.684121,1.361246,-0.862278,-0.685262,1.411376,-0.005535,0.001714,-0.007668,0.999954,-0.347112,0.261018,0.114634,0.000244,-0.000318,0.002098,0.084994,0.140027,5.536691,20.515006,5,0,0.000000,1,0.369009,0.787938,1,-1
17.516899,-0.790000,-0.609000,1.319000,-0.843989,-0.681823,1.380227,-0.867316,-0.681011,1.412751,-0.005505,0.001335,-0.007681,0.999954,-0.345875,0.264482,0.117770,0.000243,-0.000318,0.002122,0.109393,0.141254,3.529683,20.515006,5,0,0.000000,1,0.370885,0.791753,1,-1
17.533523,-0.794000,-0.605000,1.321000,-0.775015,-0.702899,1.460179,-0.870628,-0.677334,1.415405,-0.005200,0.001828,-0.007642,0.999956,-0.346016,0.264826,0.123083,0.000237,-0.000316,0.002090,0.171218,0.141479,3.303027,20.515006,5,0,0.000000,1,0.363983,0.783929,1,-1
17.550142,-0.799000,-0.600000,1.322000,-0.814259,-0.648768,1.454686,-0.874893,-0.672322,1.418058,-0.005202,0.002813,-0.007879,0.999951,-0.346233,0.271141,0.127591,0.000233,-0.000318,0.002063,0.142186,0.142188,3.047698,20.515006,5,0,0.000000,1,0.367951,0.789130,1,-1
17.566706,-0.803000,-0.596000,1.324000,-0.819147,-0.683696,1.461515,-0.878859,-0.668385,1.420694,-0.005540,0.003657,-0.007876,0.999947,-0.341459,0.274146,0.126520,0.000229,-0.000317,0.002033,0.163895,0.142632,5.515933,20.515006,5,0,0.000000,1,0.367029,0.788819,1,-1
17.583332,-0.807000,-0.591000,1.325000,-0.828665,-0.652326,1.341251,-0.883029,-0.663640,1.421483,-0.004995,0.004108,-0.008181,0.999946,-0.341641,0.280593,0.125763,0.000226,-0.000318,0.002092,0.067040,0.142709,4.037223,20.515006,5,0,0.000000,1,0.371983,0.791269,1,-1
17.600020,-0.811000,-0.587000,1.326000,-0.871623,-0.620691,1.406149,-0.888215,-0.658138,1.423274,-0.004321,0.005052,-0.008140,0.999945,-0.342618,0.280929,0.125971,0.000225,-0.000320,0.002104,0.105991,0.143126,1.769179,20.515006,5,0,0.000000,1,0.373467,0.795470,1,-1
17.616603,-0.815000,-0.583000,1.327000,-0.828031,-0.663433,1.281529,-0.892307,-0.653765,1.423176,-0.002994,0.005804,-0.008144,0.999946,-0.343127,0.278275,0.126418,0.000221,-0.000319,0.002207,0.093311,0.142246,6.544671,20.515006,5,0,0.000000,1,0.373445,0.791897,1,-1
17.633249,-0.820000,-0.578000,1.329000,-0.906386,-0.625487,1.337932,-0.897873,-0.648788,1.423827,-0.002561,0.006371,-0.008245,0.999942,-0.338452,0.282548,0.124489,0.000221,-0.000321,0.002269,0.098981,0.141659,1.789322,20.515006,5,0,0.000000,1,0.377548,0.799358,1,-1
17.649798,-0.823000,-0.574000,1.331000,-0.806769,-0.671695,1.431993,-0.900970,-0.644936,1.425898,-0.002568,0.006825,-0.008470,0.999938,-0.335050,0.280050,0.122941,0.000215,-0.000319,0.002265,0.141447,0.141834,6.770985,20.515006,5,0,0.000000,1,0.367497,0.787945,1,-1
17.666466,-0.826000,-0.570000,1.332000,-0.858406,-0.624163,1.300840,-0.905244,-0.639998,1.425959,-0.003734,0.006121,-0.008854,0.999935,-0.330343,0.282064,0.121359,0.000213,-0.000320,0.002356,0.070390,0.141448,2.720919,20.515006,5,0,0.000000,1,0.375813,0.795258,1,-1
17.683210,-0.831000,-0.565000,1.334000,-0.871954,-0.643069,1.463632,-0.909744,-0.635517,1.428510,-0.003776,0.006171,-0.009367,0.999930,-0.331501,0.286407,0.125528,0.000210,-0.000320,0.002330,0.156769,0.141794,5.809045,20.515006,5,0,0.000000,1,0.371176,0.794910,1,-1
17.699742,-0.835000,-0.561000,1.335000,-0.852265,-0.626275,1.360575,-0.913751,-0.630635,1.429568,-0.003377,0.006180,-0.009335,0.999932,-0.333547,0.292889,0.130640,0.000206,-0.000320,0.002380,0.072200,0.141399,7.523642,20.515006,5,0,0.000000,1,0.373542,0.793852,1,-1
17.716417,-0.838000,-0.556000,1.337000,-0.878286,-0.617363,1.337954,-0.918101,-0.625745,1.430260,-0.003359,0.006344,-0.009198,0.999932,-0.333942,0.295146,0.133739,0.000204,-0.000320,0.002447,0.073412,0.141343,2.042514,20.515006,5,0,0.000000,1,0.376046,0.796776,1,-1
17.733010,-0.842000,-0.553000,1.338000,-0.869280,-0.642573,1.383885,-0.922153,-0.621525,1.431696,-0.003848,0.006678,-0.009246,0.999928,-0.330625,0.295726,0.136119,0.000201,-0.000319,0.002482,0.104273,0.141064,1.301473,20.515006,5,0,0.000000,1,0.373399,0.794998,1,-1
17.749683,-0.847000,-0.548000,1.340000,-0.938947,-0.576802,1.394940,-0.927749,-0.615717,1.433325,-0.003905,0.006879,-0.009509,0.999924,-0.324946,0.301928,0.135879,0.000201,-0.000321,0.002510,0.110916,0.140767,2.055865,20.515006,5,0,0.000000,1,0.378996,0.802657,1,-1
17.766252,-0.851000,-0.542000,1.342000,-0.934254,-0.666611,1.398724,-0.933105,-0.612069,1.434983,-0.002838,0.006560,-0.009682,0.999928,-0.323011,0.304239,0.133818,0.000201,-0.000318,0.002536,0.160240,0.142467,3.458752,20.515006,5,0,0.000000,1,0.376276,0.800809,1,-1
17.782835,-0.854000,-0.538000,1.344000,-0.893126,-0.579967,1.401619,-0.937133,-0.606622,1.436542,-0.002312,0.006393,-0.009403,0.999933,-0.322742,0.307406,0.132488,0.000199,-0.000320,0.002561,0.081314,0.142071,2.149908,20.515006,5,0,0.000000,1,0.375963,0.798221,1,-1
17.799433,-0.858000,-0.533000,1.345000,-0.911580,-0.615927,1.426960,-0.941559,-0.602050,1.438491,-0.001571,0.006836,-0.009388,0.999931,-0.321011,0.304255,0.132601,0.000197,-0.000319,0.002570,0.128317,0.143145,3.624223,20.515006,5,0,0.000000,1,0.375343,0.799324,1,-1
17.816143,-0.862000,-0.529000,1.347000,-0.934411,-0.580312,1.426028,-0.946459,-0.596720,1.440400,-0.001831,0.007597,-0.009232,0.999927,-0.316745,0.304210,0.128680,0.000196,-0.000320,0.002580,0.118835,0.142978,2.881233,20.515006,5,0,0.000000,1,0.377658,0.802044,1,-1
17.832768,-0.865000,-0.524000,1.348000,-0.888201,-0.594209,1.461600,-0.950140,-0.591775,1.442773,-0.002038,0.007635,-0.009321,0.999925,-0.311209,0.305233,0.124944,0.000192,-0.000320,0.002566,0.135546,0.144306,1.034004,20.515006,5,0,0.000000,1,0.373493,0.797365,1,-1
17.849348,-0.869000,-0.520000,1.350000,-0.979373,-0.579588,1.262445,-0.955556,-0.586819,1.441960,-0.001661,0.007401,-0.009363,0.999927,-0.310007,0.306593,0.122055,0.000194,-0.000320,0.002696,0.152967,0.142875,2.415868,20.515006,5,0,0.000000,1,0.385859,0.808044,1,-1
17.882598,-0.876000,-0.511000,1.353000,-0.914157,-0.588507,1.484237,-0.964498,-0.576945,1.446512,-0.002188,0.006638,-0.009193,0.999933,-0.308966,0.307771,0.118175,0.000190,-0.000319,0.002668,0.157119,0.144655,4.180564,20.515006,5,0,0.000000,1,0.374477,0.799975,1,-1
17.899248,-0.880000,-0.507000,1.354000,-0.955747,-0.599267,1.456735,-0.969196,-0.572611,1.448556,-0.004421,0.006122,-0.009409,0.999927,-0.307358,0.307852,0.116749,0.000189,-0.000318,0.002662,0.157496,0.145607,5.080789,20.515006,5,0,0.000000,1,0.377516,0.803772,1,-1
17.915842,-0.884000,-0.501000,1.356000,-0.954749,-0.552851,1.423931,-0.973827,-0.567049,1.450063,-0.005064,0.005495,-0.009570,0.999926,-0.309207,0.321579,0.113498,0.000188,-0.000318,0.002681,0.110944,0.145874,1.658463,20.515006,5,0,0.000000,1,0.379626,0.804310,1,-1
17.932427,-0.887000,-0.496000,1.356000,-0.915516,-0.584266,1.495127,-0.977209,-0.562469,1.452489,-0.005162,0.005041,-0.009286,0.999931,-0.309524,0.321981,0.110298,0.000184,-0.000317,0.002650,0.167213,0.147871,5.083015,20.515006,5,0,0.000000,1,0.374340,0.800202,1,-1
17.949069,-0.890000,-0.493000,1.358000,-0.974323,-0.577615,1.372208,-0.982018,-0.557765,1.453013,-0.005245,0.005192,-0.009471,0.999928,-0.310982,0.326493,0.110143,0.000184,-0.000316,0.002709,0.120300,0.147273,4.784106,20.515006,5,0,0.000000,1,0.381890,0.806148,1,-1
17.965739,-0.894000,-0.487000,1.359000,-0.951903,-0.548814,1.392996,-0.986194,-0.552301,1.453880,-0.005317,0.005407,-0.009567,0.999925,-0.305897,0.335954,0.112109,0.000181,-0.000316,0.002754,0.091266,0.147534,2.737092,20.515006,5,0,0.000000,1,0.380538,0.804214,1,-1
17.982345,-0.899000,-0.481000,1.361000,-0.942589,-0.555683,1.349377,-0.990058,-0.546904,1.454126,-0.005372,0.006015,-0.009579,0.999922,-0.305386,0.345816,0.114649,0.000178,-0.000315,0.002831,0.087251,0.145970,1.025942,20.515006,5,0,0.000000,1,0.381209,0.803606,1,-1
17.998959,-0.902000,-0.477000,1.362000,-0.961194,-0.525607,1.442984,-0.994058,-0.541020,1.455753,-0.005195,0.006709,-0.010094,0.999913,-0.305389,0.355363,0.117269,0.000176,-0.000316,0.002840,0.111468,0.146160,2.668124,20.515006,5,0,0.000000,1,0.380064,0.805165,1,-1
18.015523,-0.904000,-0.472000,1.364000,-0.958202,-0.522394,1.458995,-0.997924,-0.534989,1.457656,-0.003615,0.006846,-0.010259,0.999917,-0.301987,0.360605,0.118446,0.000174,-0.000317,0.002839,0.120422,0.146836,2.462379,20.515006,5,0,0.000000,1,0.379461,0.804924,1,-1
18.032223,-0.908000,-0.469000,1.365000,-0.940328,-0.486176,1.414249,-1.001331,-0.528134,1.458909,-0.001618,0.008048,-0.010013,0.999916,-0.301490,0.357007,0.121216,0.000170,-0.000320,0.002871,0.061364,0.145005,1.626456,20.515006,5,0,0.000000,1,0.380679,0.803634,1,-1
18.048872,-0.912000,-0.463000,1.367000,-0.956454,-0.554088,1.382344,-1.005079,-0.523106,1.459726,-0.001150,0.008029,-0.009956,0.999918,-0.299556,0.349077,0.123987,0.000167,-0.000318,0.002928,0.102512,0.144480,5.343178,20.515006,5,0,0.000000,1,0.381029,0.804650,1,-1
18.065491,-0.915000,-0.458000,1.369000,-1.003274,-0.521743,1.417331,-1.009586,-0.517736,1.461025,-0.000123,0.007685,-0.010379,0.999917,-0.298120,0.352215,0.128041,0.000166,-0.000318,0.002960,0.119128,0.144857,2.276785,20.515006,5,0,0.000000,1,0.383521,0.809130,1,-1
18.082053,-0.918000,-0.454000,1.370000,-0.909402,-0.527909,1.454714,-1.011792,-0.512525,1.462962,0.000385,0.007452,-0.010447,0.999918,-0.295459,0.353334,0.132796,0.000160,-0.000317,0.002966,0.112752,0.144444,7.526646,20.515006,5,0,0.000000,1,0.376623,0.800312,1,-1
18.098685,-0.922000,-0.447000,1.372000,-0.983455,-0.538516,1.455646,-1.015749,-0.507588,1.464978,0.000777,0.007007,-0.010515,0.999920,-0.292880,0.352873,0.135757,0.000157,-0.000315,0.002973,0.138378,0.145275,0.935267,20.515006,5,0,0.000000,1,0.380691,0.807114,1,-1
18.115437,-0.925000,-0.443000,1.374000,-0.970221,-0.505117,1.414706,-1.019348,-0.501893,1.466412,0.001014,0.006482,-0.010844,0.999920,-0.292803,0.353209,0.136744,0.000154,-0.000315,0.003010,0.086950,0.144602,7.327949,20.515006,5,0,0.000000,1,0.381986,0.806223,1,-1
18.131958,-0.929000,-0.437000,1.376000,-0.966527,-0.513702,1.415655,-1.022787,-0.496482,1.467873,0.001342,0.006384,-0.010962,0.999919,-0.292096,0.354456,0.137619,0.000151,-0.000314,0.003048,0.094148,0.144134,1.371677,20.515006,5,0,0.000000,1,0.381533,0.805811,1,-1
18.148538,-0.932000,-0.433000,1.377000,-0.958919,-0.478463,1.436806,-1.025725,-0.490577,1.469539,0.002379,0.006277,-0.011083,0.999916,-0.285226,0.357374,0.137367,0.000146,-0.000315,0.003072,0.079802,0.143747,7.499794,20.515006,5,0,0.000000,1,0.381230,0.805351,1,-1
18.165201,-0.935000,-0.429000,1.379000,-1.006377,-0.523036,1.450142,-1.029712,-0.485736,1.471407,0.002911,0.005636,-0.010988,0.999920,-0.281837,0.357047,0.135348,0.000145,-0.000312,0.003087,0.137835,0.143974,1.991294,20.515006,5,0,0.000000,1,0.382612,0.809374,1,-1
18.181800,-0.939000,-0.423000,1.381000,-0.978726,-0.510760,1.524989,-1.032959,-0.480678,1.474370,0.003530,0.005458,-0.010941,0.999919,-0.281422,0.357106,0.135369,0.000141,-0.000310,0.003051,0.173242,0.144475,4.497665,20.515006,5,0,0.000000,1,0.378886,0.807230,1,-1
18.198471,-0.941000,-0.418000,1.382000,-0.995964,-0.496356,1.370608,-1.036623,-0.475286,1.474988,0.004818,0.005746,-0.011078,0.999911,-0.282408,0.358561,0.133088,0.000139,-0.000309,0.003126,0.096387,0.145163,3.005406,20.515006,5,0,0.000000,1,0.385196,0.808844,1,-1
18.215061,-0.944000,-0.414000,1.384000,-1.005627,-0.487589,1.473922,-1.040226,-0.470107,1.476993,0.005497,0.006082,-0.011019,0.999906,-0.282077,0.353796,0.127111,0.000136,-0.000308,0.003129,0.131526,0.145104,1.576397,20.515006,5,0,0.000000,1,0.382593,0.809600,1,-1
18.231659,-0.948000,-0.408000,1.386000,-0.961452,-0.516329,1.540114,-1.042713,-0.465773,1.479885,0.004064,0.006267,-0.010960,0.999912,-0.276380,0.345389,0.122495,0.000131,-0.000305,0.003085,0.188858,0.145336,3.400893,20.515006,5,0,0.000000,1,0.377302,0.805695,1,-1
18.248357,-0.951000,-0.404000,1.387000,-0.975871,-0.475179,1.455769,-1.045465,-0.460566,1.481441,0.002092,0.005715,-0.011232,0.999918,-0.270349,0.346264,0.119003,0.000126,-0.000304,0.003104,0.102050,0.145060,4.303208,20.515006,5,0,0.000000,1,0.381694,0.806926,1,-1
18.267045,-0.955000,-0.397000,1.388000,-1.026263,-0.472529,1.406161,-1.049790,-0.454602,1.482416,0.001024,0.004026,-0.011248,0.999928,-0.266166,0.350614,0.115721,0.000125,-0.000303,0.003159,0.105418,0.145662,3.753326,20.515006,5,0,0.000000,1,0.386392,0.811522,1,-1
18.283699,-0.957000,-0.394000,1.390000,-1.044940,-0.484830,1.436387,-1.053971,-0.449675,1.483610,0.000543,0.002732,-0.011239,0.999933,-0.267786,0.348450,0.116072,0.000124,-0.000301,0.003194,0.134668,0.145829,4.089966,20.515006,5,0,0.000000,1,0.386266,0.813118,1,-1
18.300234,-0.960000,-0.389000,1.391000,-0.999740,-0.451055,1.435524,-1.056808,-0.444378,1.484674,0.000437,0.002761,-0.011177,0.999934,-0.270093,0.348562,0.115294,0.000121,-0.000300,0.003229,0.086095,0.145648,5.581779,20.515006,5,0,0.000000,1,0.384285,0.809183,1,-1
18.316898,-0.964000,-0.383000,1.392000,-1.064555,-0.447012,1.436143,-1.061226,-0.439011,1.485754,0.000612,0.003105,-0.011153,0.999933,-0.273121,0.347400,0.114449,0.000121,-0.000300,0.003265,0.127112,0.146219,1.460538,20.515006,5,0,0.000000,1,0.388265,0.814963,1,-1
18.333565,-0.967000,-0.380000,1.393000,-1.021839,-0.434834,1.480631,-1.064613,-0.433408,1.487512,0.000208,0.003552,-0.011352,0.999929,-0.271664,0.348475,0.115356,0.000118,-0.000300,0.003270,0.117018,0.145990,0.904320,20.515006,5,0,0.000000,1,0.384469,0.811319,1,-1
18.350237,-0.971000,-0.374000,1.395000,-1.035344,-0.427830,1.446997,-1.068256,-0.427712,1.488762,-0.000401,0.003997,-0.011587,0.999925,-0.270600,0.349806,0.115859,0.000116,-0.000300,0.003300,0.098699,0.145379,4.107359,20.515006,5,0,0.000000,1,0.386517,0.812414,1,-1
18.366792,-0.974000,-0.369000,1.396000,-1.006795,-0.457654,1.459490,-1.071158,-0.422802,1.490249,0.000085,0.004947,-0.011680,0.999920,-0.268200,0.345519,0.121946,0.000112,-0.000298,0.003322,0.113868,0.145662,1.039052,20.515006,5,0,0.000000,1,0.383782,0.809820,1,-1
18.383340,-0.976000,-0.364000,1.397000,-1.050462,-0.431821,1.486196,-1.074816,-0.417666,1.492144,0.000273,0.006117,-0.012065,0.999908,-0.266325,0.344798,0.127898,0.000110,-0.000297,0.003327,0.134537,0.147299,1.007440,20.515006,5,0,0.000000,1,0.386044,0.813893,1,-1
18.400025,-0.980000,-0.358000,1.399000,-1.047397,-0.404400,1.315807,-1.078316,-0.411890,1.491571,0.002862,0.006602,-0.011796,0.999905,-0.260853,0.346950,0.131476,0.000108,-0.000297,0.003453,0.116689,0.145394,3.931937,20.515006,5,0,0.000000,1,0.392229,0.814005,1,-1
18.416652,-0.983000,-0.354000,1.400000,-1.008785,-0.436496,1.422383,-1.080832,-0.406978,1.492652,0.004233,0.007160,-0.011583,0.999898,-0.260529,0.343496,0.132232,0.000103,-0.000295,0.003504,0.089283,0.144783,5.122440,20.515006,5,0,0.000000,1,0.385566,0.810037,1,-1
18.433240,-0.987000,-0.348000,1.402000,-1.051208,-0.418404,1.413369,-1.084301,-0.401709,1.493613,0.004982,0.007655,-0.011579,0.999891,-0.255361,0.340798,0.131956,0.000101,-0.000294,0.003562,0.095961,0.144032,2.985906,20.515006,5,0,0.000000,1,0.388796,0.813796,1,-1
18.449861,-0.989000,-0.343000,1.403000,-1.069207,-0.424042,1.411146,-1.087840,-0.397019,1.494435,0.005373,0.007338,-0.011690,0.999890,-0.250991,0.336794,0.132422,0.000100,-0.000293,0.003621,0.114313,0.145078,1.828866,20.515006,5,0,0.000000,1,0.389864,0.815377,1,-1
18.466464,-0.992000,-0.339000,1.404000,-1.012731,-0.423803,1.473992,-1.089278,-0.393368,1.495828,0.005888,0.007065,-0.011668,0.999890,-0.249314,0.333209,0.132299,0.000095,-0.000291,0.003637,0.111894,0.144400,3.417991,20.515006,5,0,0.000000,1,0.384381,0.810507,1,-1
18.483191,-0.995000,-0.333000,1.406000,-0.991964,-0.441238,1.523446,-1.090945,-0.389225,1.498354,0.005390,0.007116,-0.011546,0.999894,-0.245822,0.330204,0.131772,0.000089,-0.000288,0.003619,0.159744,0.144555,4.457152,20.515006,5,0,0.000000,1,0.381245,0.808916,1,-1
18.499760,-0.998000,-0.329000,1.407000,-1.049031,-0.361519,1.419101,-1.093880,-0.383275,1.499285,0.004155,0.006294,-0.011739,0.999903,-0.242358,0.330987,0.130153,0.000086,-0.000289,0.003676,0.061710,0.143720,4.617356,20.515006,5,0,0.000000,1,0.389580,0.813481,1,-1
18.516362,-1.001000,-0.324000,1.409000,-1.021874,-0.418183,1.523297,-1.095888,-0.378983,1.501648,0.004240,0.005807,-0.012172,0.999900,-0.238038,0.338362,0.129076,0.000081,-0.000287,0.003661,0.149566,0.143563,3.802406,20.515006,5,0,0.000000,1,0.383447,0.811664,1,-1
18.532993,-1.005000,-0.319000,1.410000,-1.061065,-0.369488,1.471773,-1.098745,-0.373433,1.503201,0.005514,0.005928,-0.011957,0.999896,-0.234487,0.346969,0.126408,0.000078,-0.000287,0.003683,0.097510,0.142960,3.862434,20.515006,5,0,0.000000,1,0.388368,0.814684,1,-1
18.549661,-1.007000,-0.314000,1.411000,-1.034378,-0.364254,1.487931,-1.100962,-0.367758,1.504978,0.007237,0.006589,-0.011555,0.999885,-0.235969,0.346499,0.126708,0.000074,-0.000287,0.003695,0.095882,0.143355,3.541637,20.515006,5,0,0.000000,1,0.386381,0.812482,1,-1
18.566279,-1.010000,-0.309000,1.413000,-1.099859,-0.358399,1.388003,-1.104697,-0.362027,1.505287,0.007652,0.007653,-0.011407,0.999876,-0.235086,0.342133,0.127202,0.000074,-0.000288,0.003779,0.105545,0.142465,1.414004,20.515006,5,0,0.000000,1,0.393799,0.817789,1,-1
18.582877,-1.013000,-0.304000,1.415000,-1.053257,-0.359516,1.494481,-1.107257,-0.356476,1.507202,0.006721,0.008299,-0.011583,0.999876,-0.230062,0.337154,0.127559,0.000070,-0.000288,0.003788,0.104976,0.141913,4.403304,20.515006,5,0,0.000000,1,0.387347,0.814135,1,-1
18.599550,-1.016000,-0.299000,1.416000,-1.038151,-0.372627,1.468630,-1.109163,-0.351663,1.508618,0.006222,0.008422,-0.011901,0.999874,-0.224716,0.335813,0.128065,0.000066,-0.000286,0.003816,0.093174,0.141531,2.269912,20.515006,5,0,0.000000,1,0.387070,0.812710,1,-1
18.616130,-1.018000,-0.295000,1.417000,-1.024074,-0.376406,1.566566,-1.110718,-0.347019,1.511504,0.006498,0.009118,-0.011843,0.999867,-0.225390,0.329547,0.129064,0.000060,-0.000285,0.003777,0.170393,0.142244,3.734812,20.515006,5,0,0.000000,1,0.383051,0.812420,1,-1
18.632781,-1.022000,-0.290000,1.419000,-1.025263,-0.364940,1.610146,-1.112301,-0.342229,1.515059,0.005808,0.008933,-0.011883,0.999873,-0.222465,0.327372,0.132530,0.000054,-0.000283,0.003709,0.205337,0.141808,3.697236,20.515006,5,0,0.000000,1,0.381993,0.813236,1,-1
18.649362,-1.024000,-0.285000,1.421000,-1.098612,-0.332049,1.393610,-1.115523,-0.336693,1.515424,0.005981,0.009689,-0.011913,0.999864,-0.217856,0.331155,0.135200,0.000053,-0.000284,0.003796,0.092362,0.141296,2.682189,20.515006,5,0,0.000000,1,0.393987,0.817478,1,-1
18.665988,-1.027000,-0.279000,1.423000,-1.080033,-0.314849,1.481325,-1.118034,-0.331079,1.517033,0.005475,0.009781,-0.011687,0.999869,-0.215862,0.331802,0.138246,0.000051,-0.000285,0.003821,0.086599,0.140860,1.840677,20.515006,5,0,0.000000,1,0.390151,0.816072,1,-1
18.682599,-1.030000,-0.275000,1.424000,-1.035866,-0.330111,1.623580,-1.119479,-0.325865,1.520821,0.006661,0.011038,-0.011655,0.999849,-0.211962,0.334298,0.143119,0.000046,-0.000285,0.003748,0.207132,0.141308,2.886716,20.515006,5,0,0.000000,1,0.382822,0.814391,1,-1
18.699238,-1.032000,-0.270000,1.426000,-1.065806,-0.317217,1.413520,-1.121519,-0.320397,1.521518,0.007186,0.011173,-0.011564,0.999845,-0.204174,0.332188,0.144106,0.000042,-0.000285,0.003825,0.059397,0.140275,4.371310,20.515006,5,0,0.000000,1,0.391580,0.814641,1,-1
18.715874,-1.036000,-0.265000,1.428000,-1.078689,-0.314934,1.545337,-1.123735,-0.314966,1.524204,0.006518,0.011279,-0.011650,0.999847,-0.196842,0.328380,0.145827,0.000039,-0.000285,0.003810,0.134476,0.139460,2.666834,20.515006,5,0,0.000000,1,0.387949,0.816630,1,-1
18.749062,-1.040000,-0.257000,1.432000,-1.063058,-0.346700,1.515409,-1.128428,-0.305304,1.528761,0.006004,0.012209,-0.011285,0.999844,-0.187090,0.331200,0.145577,0.000035,-0.000282,0.003819,0.124639,0.139698,2.291190,20.515006,5,0,0.000000,1,0.387465,0.815112,1,-1
18.765721,-1.043000,-0.251000,1.434000,-1.079654,-0.294064,1.440147,-1.130165,-0.299876,1.529708,0.005283,0.011380,-0.011197,0.999859,-0.182284,0.323665,0.141853,0.000031,-0.000283,0.003884,0.056884,0.138371,3.515954,20.515006,5,0,0.000000,1,0.391885,0.815650,1,-1
18.782403,-1.045000,-0.248000,1.435000,-1.053163,-0.343825,1.581920,-1.131206,-0.295790,1.532750,0.004328,0.010339,-0.011348,0.999873,-0.177119,0.322458,0.140108,0.000026,-0.000280,0.003849,0.175598,0.138818,12.972522,20.515006,5,0,0.000000,1,0.384814,0.815135,1,-1
18.815577,-1.050000,-0.238000,1.439000,-1.103755,-0.314763,1.444400,-1.136124,-0.286032,1.535788,0.002039,0.008321,-0.010994,0.999903,-0.176718,0.323265,0.135668,0.000024,-0.000278,0.003916,0.093869,0.138175,2.673571,20.515006,5,0,0.000000,1,0.392816,0.817824,1,-1
18.832222,-1.052000,-0.234000,1.440000,-1.068867,-0.285843,1.415179,-1.137247,-0.280934,1.536052,0.000687,0.007875,-0.011109,0.999907,-0.177465,0.326583,0.131730,0.000019,-0.000278,0.004005,0.059902,0.136732,2.225152,20.515006,5,0,0.000000,1,0.392251,0.814635,1,-1
18.865514,-1.057000,-0.224000,1.443000,-1.099053,-0.306488,1.557524,-1.141901,-0.270987,1.540603,-0.001807,0.006796,-0.010864,0.999916,-0.167311,0.326995,0.126790,0.000016,-0.000275,0.003993,0.147270,0.137631,2.452250,20.515006,5,0,0.000000,1,0.388855,0.818448,1,-1
18.882093,-1.059000,-0.220000,1.444000,-1.077239,-0.267353,1.504978,-1.142818,-0.265898,1.541996,-0.002832,0.006075,-0.011002,0.999917,-0.164585,0.329135,0.127241,0.000011,-0.000275,0.004020,0.079331,0.136877,1.785284,20.515006,5,0,0.000000,1,0.390007,0.815671,1,-1
18.898736,-1.062000,-0.214000,1.446000,-1.120469,-0.257941,1.439542,-1.144828,-0.260489,1.542427,-0.003048,0.005882,-0.010920,0.999918,-0.167118,0.341325,0.128206,0.000010,-0.000276,0.004097,0.073424,0.135350,4.869311,20.515006,5,0,0.000000,1,0.394901,0.818545,1,-1
18.915358,-1.064000,-0.210000,1.447000,-1.096484,-0.261902,1.455545,-1.146241,-0.255066,1.543114,-0.001220,0.006203,-0.010805,0.999922,-0.166234,0.349632,0.128335,0.000006,-0.000275,0.004163,0.061823,0.134285,4.237210,20.515006,5,0,0.000000,1,0.392872,0.816763,1,-1
18.932031,-1.066000,-0.206000,1.448000,-1.102588,-0.254499,1.475460,-1.147793,-0.249453,1.544140,0.000824,0.007110,-0.010928,0.999915,-0.164202,0.351432,0.128241,0.000003,-0.000275,0.004214,0.066670,0.133496,3.531342,20.515006,5,0,0.000000,1,0.392662,0.817305,1,-1
18.948587,-1.068000,-0.200000,1.450000,-1.096311,-0.268994,1.480381,-1.149152,-0.244269,1.545222,0.002374,0.008607,-0.010943,0.999900,-0.162064,0.349672,0.125506,-0.000001,-0.000274,0.004262,0.080527,0.132713,7.164744,20.515006,5,0,0.000000,1,0.391899,0.817001,1,-1
18.965249,-1.071000,-0.195000,1.451000,-1.131872,-0.260258,1.496607,-1.151191,-0.239352,1.546404,0.001874,0.008390,-0.011000,0.999903,-0.158694,0.339600,0.123242,-0.000002,-0.000272,0.004299,0.100220,0.132287,1.534031,20.515006,5,0,0.000000,1,0.393553,0.819908,1,-1
18.981856,-1.072000,-0.191000,1.453000,-1.070506,-0.266213,1.600558,-1.151639,-0.234681,1.549182,0.002637,0.008277,-0.011344,0.999898,-0.152632,0.345028,0.124747,-0.000008,-0.000270,0.004261,0.165628,0.132293,1.686473,20.515006,5,0,0.000000,1,0.386549,0.816551,1,-1
18.998486,-1.075000,-0.187000,1.454000,-1.123403,-0.267214,1.522561,-1.153362,-0.230000,1.550789,0.002301,0.008506,-0.011348,0.999897,-0.152390,0.345671,0.127614,-0.000010,-0.000268,0.004282,0.116093,0.131749,3.544650,20.515006,5,0,0.000000,1,0.392064,0.819606,1,-1
19.015177,-1.077000,-0.181000,1.456000,-1.144174,-0.251911,1.595497,-1.155574,-0.224947,1.553576,0.003938,0.009045,-0.010960,0.999891,-0.150681,0.348391,0.130824,-0.000011,-0.000266,0.004251,0.170294,0.132764,3.476479,20.515006,5,0,0.000000,1,0.391038,0.822304,1,-1
19.031710,-1.079000,-0.176000,1.457000,-1.113089,-0.249556,1.578252,-1.156819,-0.220302,1.555986,0.003698,0.008891,-0.010823,0.999895,-0.149478,0.338395,0.133794,-0.000014,-0.000264,0.004234,0.145858,0.133479,2.706810,20.515006,5,0,0.000000,1,0.389890,0.819444,1,-1
19.048356,-1.081000,-0.170000,1.459000,-1.068484,-0.238766,1.501117,-1.156983,-0.215537,1.557265,0.003220,0.009416,-0.011027,0.999890,-0.147494,0.333960,0.136965,-0.000020,-0.000263,0.004275,0.081604,0.132300,8.997951,20.515006,5,0,0.000000,1,0.390111,0.814645,1,-1
19.064973,-1.083000,-0.167000,1.460000,-1.089718,-0.200315,1.399283,-1.157613,-0.209828,1.557040,0.003334,0.008864,-0.011115,0.999893,-0.142716,0.344008,0.138866,-0.000024,-0.000263,0.004392,0.069581,0.129685,1.807050,20.515006,5,0,0.000000,1,0.395381,0.815203,1,-1
19.081637,-1.086000,-0.161000,1.462000,-1.131469,-0.258182,1.629772,-1.159259,-0.205436,1.560417,0.004210,0.009691,-0.011252,0.999881,-0.140342,0.350222,0.140236,-0.000027,-0.000260,0.004340,0.199146,0.130489,3.118852,20.515006,5,0,0.000000,1,0.389098,0.822090,1,-1
19.098202,-1.087000,-0.155000,1.464000,-1.177306,-0.159763,1.491177,-1.161823,-0.199018,1.561507,0.005240,0.009076,-0.011048,0.999884,-0.140850,0.346662,0.139927,-0.000025,-0.000262,0.004392,0.094427,0.130552,2.948920,20.515006,5,0,0.000000,1,0.397786,0.821700,1,-1
19.114807,-1.089000,-0.152000,1.465000,-1.140090,-0.195105,1.475049,-1.163427,-0.193507,1.562377,0.005654,0.009723,-0.010859,0.999878,-0.134182,0.354461,0.140966,-0.000027,-0.000262,0.004457,0.067596,0.129400,1.793063,20.515006,5,0,0.000000,1,0.395727,0.819384,1,-1
19.131492,-1.091000,-0.146000,1.467000,-1.148977,-0.211956,1.469700,-1.165135,-0.188334,1.563214,0.006847,0.009022,-0.010679,0.999879,-0.128820,0.356523,0.141468,-0.000028,-0.000261,0.004525,0.087857,0.128629,1.834747,20.515006,5,0,0.000000,1,0.396201,0.820301,1,-1
19.148139,-1.093000,-0.140000,1.469000,-1.142628,-0.181970,1.428416,-1.166631,-0.182545,1.563408,0.006933,0.009223,-0.010723,0.999876,-0.129848,0.353424,0.139182,-0.000030,-0.000261,0.004625,0.076625,0.127061,3.765404,20.515006,5,0,0.000000,1,0.397698,0.819004,1,-1
19.164691,-1.095000,-0.137000,1.470000,-1.157703,-0.222507,1.486428,-1.168478,-0.177861,1.564485,0.007870,0.008414,-0.010732,0.999876,-0.127839,0.350778,0.138890,-0.000030,-0.000258,0.004682,0.107299,0.126476,1.666859,20.515006,5,0,0.000000,1,0.395980,0.821306,1,-1
19.181301,-1.097000,-0.131000,1.472000,-1.137943,-0.217158,1.604065,-1.169709,-0.173356,1.567266,0.009574,0.008516,-0.010717,0.999860,-0.125926,0.355800,0.141313,-0.000033,-0.000255,0.004655,0.162913,0.127107,3.517542,20.515006,5,0,0.000000,1,0.390912,0.821557,1,-1
19.197927,-1.099000,-0.126000,1.474000,-1.135045,-0.205624,1.501658,-1.170826,-0.168578,1.568507,0.010616,0.008602,-0.010355,0.999853,-0.124512,0.350582,0.141686,-0.000035,-0.000253,0.004704,0.091674,0.126108,2.163803,20.515006,5,0,0.000000,1,0.394366,0.819450,1,-1
19.214615,-1.100000,-0.122000,1.475000,-1.114995,-0.231424,1.531307,-1.171404,-0.164576,1.570186,0.009659,0.008463,-0.010059,0.999867,-0.117987,0.345053,0.139180,-0.000039,-0.000248,0.004732,0.123972,0.126379,6.664712,20.515006,5,0,0.000000,1,0.391836,0.818628,1,-1
19.231265,-1.102000,-0.116000,1.477000,-1.132977,-0.160954,1.523620,-1.172307,-0.158927,1.571692,0.009290,0.008008,-0.010052,0.999874,-0.110318,0.348197,0.136146,-0.000042,-0.000248,0.004767,0.071790,0.125509,2.832787,20.515006,5,0,0.000000,1,0.394107,0.818838,1,-1
19.247805,-1.104000,-0.112000,1.479000,-1.133982,-0.136053,1.457332,-1.173030,-0.153070,1.572039,0.009062,0.007050,-0.009897,0.999885,-0.106487,0.348621,0.134556,-0.000044,-0.000249,0.004851,0.044124,0.122915,3.400641,20.515006,5,0,0.000000,1,0.396770,0.817657,1,-1
19.281081,-1.108000,-0.101000,1.482000,-1.129479,-0.162158,1.517708,-1.175346,-0.142204,1.575477,0.009850,0.006980,-0.009305,0.999884,-0.104847,0.341407,0.130640,-0.000048,-0.000248,0.004894,0.074005,0.122357,3.419436,20.515006,5,0,0.000000,1,0.394096,0.818510,1,-1
19.297743,-1.109000,-0.098000,1.483000,-1.176366,-0.150615,1.511386,-1.177037,-0.137006,1.576582,0.009150,0.007190,-0.008962,0.999892,-0.104170,0.336808,0.128198,-0.000048,-0.000247,0.004942,0.090068,0.122099,2.894754,20.515006,5,0,0.000000,1,0.397131,0.821707,1,-1
19.314343,-1.111000,-0.093000,1.485000,-1.153138,-0.174012,1.559860,-1.178121,-0.132460,1.578405,0.007681,0.007079,-0.008934,0.999906,-0.103376,0.339644,0.127167,-0.000049,-0.000244,0.004956,0.118079,0.121601,3.174758,20.515006,5,0,0.000000,1,0.393838,0.821196,1,-1
19.330905,-1.112000,-0.087000,1.487000,-1.145081,-0.166484,1.528228,-1.178879,-0.128023,1.579583,0.007594,0.006746,-0.009248,0.999906,-0.100474,0.345427,0.124107,-0.000052,-0.000242,0.004994,0.095456,0.121356,1.743921,20.515006,5,0,0.000000,1,0.394559,0.819920,1,-1
19.347538,-1.114000,-0.084000,1.488000,-1.127155,-0.158770,1.556998,-1.179173,-0.123343,1.581174,0.008268,0.006601,-0.009122,0.999902,-0.097670,0.344914,0.121722,-0.000056,-0.000240,0.005012,0.102588,0.120319,3.266544,20.515006,5,0,0.000000,1,0.392688,0.818908,1,-1
19.364240,-1.115000,-0.079000,1.489000,-1.082547,-0.125451,1.547306,-1.178327,-0.117922,1.582603,0.007998,0.006222,-0.008554,0.999912,-0.092702,0.339959,0.122091,-0.000062,-0.000239,0.005037,0.081305,0.119528,7.725800,20.515006,5,0,0.000000,1,0.391040,0.814814,1,-1
19.380829,-1.117000,-0.073000,1.491000,-1.165196,-0.164924,1.527119,-1.179458,-0.113635,1.583742,0.007734,0.005729,-0.008432,0.999918,-0.090076,0.338122,0.124506,-0.000063,-0.000236,0.005079,0.109897,0.118968,2.368060,20.515006,5,0,0.000000,1,0.395763,0.821391,1,-1
19.397456,-1.119000,-0.070000,1.493000,-1.166271,-0.120464,1.573841,-1.180541,-0.108592,1.585566,0.008389,0.005613,-0.008128,0.999916,-0.092898,0.335164,0.129495,-0.000064,-0.000235,0.005088,0.106379,0.117665,2.923761,20.515006,5,0,0.000000,1,0.394766,0.821433,1,-1
19.414013,-1.121000,-0.064000,1.495000,-1.159851,-0.134770,1.529006,-1.181474,-0.104035,1.586783,0.008622,0.005501,-0.008318,0.999913,-0.090625,0.330783,0.135859,-0.000066,-0.000233,0.005130,0.087602,0.116978,1.564201,20.515006,5,0,0.000000,1,0.395767,0.820425,1,-1
19.447330,-1.124000,-0.054000,1.498000,-1.178762,-0.147536,1.586281,-1.184286,-0.094469,1.591452,0.010156,0.005052,-0.008446,0.999900,-0.086294,0.329528,0.149130,-0.000066,-0.000229,0.005134,0.139791,0.118344,2.211827,20.515006,5,0,0.000000,1,0.394718,0.823174,1,-1
19.463911,-1.126000,-0.050000,1.500000,-1.179256,-0.095468,1.555217,-1.185465,-0.089462,1.593222,0.011234,0.004811,-0.008444,0.999890,-0.084946,0.329280,0.152101,-0.000067,-0.000229,0.005163,0.089176,0.117404,3.149598,20.515006,5,0,0.000000,1,0.396409,0.821446,1,-1
19.480543,-1.127000,-0.045000,1.502000,-1.139095,-0.108946,1.646511,-1.185641,-0.084857,1.596428,0.011605,0.004597,-0.008193,0.999889,-0.085218,0.325796,0.152842,-0.000070,-0.000227,0.005125,0.158490,0.118084,1.894753,20.515006,5,0,0.000000,1,0.391029,0.820975,1,-1
19.497214,-1.128000,-0.044000,1.503000,-1.179304,-0.097676,1.613643,-1.186812,-0.080084,1.599127,0.012292,0.004209,-0.008160,0.999882,-0.083451,0.323050,0.153403,-0.000071,-0.000226,0.005114,0.133248,0.118327,3.946003,20.515006,5,0,0.000000,1,0.394404,0.822824,1,-1
19.513864,-1.131000,-0.037000,1.506000,-1.172328,-0.129665,1.659832,-1.187784,-0.076209,1.602516,0.012831,0.003314,-0.008050,0.999880,-0.082502,0.318417,0.152250,-0.000072,-0.000222,0.005071,0.184280,0.118647,3.416045,20.515006,5,0,0.000000,1,0.392121,0.824228,1,-1
19.530474,-1.132000,-0.031000,1.507000,-1.190193,-0.087212,1.578572,-1.189164,-0.071407,1.604592,0.012921,0.002986,-0.007759,0.999882,-0.082737,0.313173,0.149087,-0.000072,-0.000221,0.005090,0.108022,0.120103,3.278348,20.515006,5,0,0.000000,1,0.396307,0.822528,1,-1
19.547026,-1.134000,-0.027000,1.510000,-1.180799,-0.119849,1.556728,-1.190231,-0.067873,1.606141,0.012379,0.002543,-0.007771,0.999890,-0.085045,0.301519,0.146801,-0.000073,-0.000218,0.005127,0.113993,0.118641,6.693262,20.515006,5,0,0.000000,1,0.396171,0.822140,1,-1
19.563644,-1.136000,-0.023000,1.511000,-1.200432,-0.053354,1.490535,-1.191834,-0.062864,1.606637,0.011551,0.002352,-0.007917,0.999899,-0.089523,0.294113,0.141273,-0.000072,-0.000218,0.005214,0.074106,0.117698,2.914585,20.515006,5,0,0.000000,1,0.400301,0.820739,1,-1
19.580346,-1.137000,-0.019000,1.512000,-1.159152,-0.103213,1.586751,-1.192464,-0.059163,1.608553,0.011426,0.002461,-0.007776,0.999901,-0.089633,0.297103,0.137214,-0.000074,-0.000215,0.005230,0.114762,0.118371,4.826432,20.515006,5,0,0.000000,1,0.394141,0.820829,1,-1
19.597003,-1.139000,-0.014000,1.514000,-1.199813,-0.091736,1.589721,-1.194069,-0.055222,1.610444,0.010264,0.002238,-0.007386,0.999918,-0.088669,0.292712,0.132744,-0.000074,-0.000213,0.005245,0.124397,0.118462,8.474100,20.515006,5,0,0.000000,1,0.396414,0.823583,1,-1
19.613602,-1.141000,-0.010000,1.516000,-1.241312,-0.063902,1.579259,-1.196566,-0.051000,1.612008,0.008570,0.001848,-0.007420,0.999934,-0.088990,0.291524,0.132752,-0.000071,-0.000212,0.005270,0.130267,0.118263,8.235949,20.515006,5,0,0.000000,1,0.399397,0.825551,1,-1
19.630166,-1.142000,-0.006000,1.517000,-1.182754,-0.074001,1.629144,-1.197638,-0.047057,1.614365,0.007401,0.002139,-0.007471,0.999942,-0.091652,0.289586,0.134888,-0.000072,-0.000210,0.005259,0.137336,0.119420,3.621612,20.515006,5,0,0.000000,1,0.394330,0.822949,1,-1
19.646814,-1.145000,-0.002000,1.519000,-1.242838,-0.055484,1.485404,-1.200170,-0.042743,1.614545,0.006040,0.002643,-0.007322,0.999951,-0.091842,0.282044,0.135641,-0.000069,-0.000209,0.005354,0.116454,0.117612,1.530798,20.515006,5,0,0.000000,1,0.402932,0.823624,1,-1
19.663468,-1.146000,0.001000,1.520000,-1.164402,-0.074498,1.672564,-1.200781,-0.039083,1.617639,0.004442,0.003178,-0.007719,0.999955,-0.091714,0.275957,0.138436,-0.000072,-0.000207,0.005313,0.171215,0.118916,1.378358,20.515006,5,0,0.000000,1,0.391920,0.822923,1,-1
19.680016,-1.149000,0.007000,1.522000,-1.210434,-0.063821,1.641322,-1.202471,-0.035235,1.620276,0.003527,0.003456,-0.007819,0.999957,-0.091185,0.274231,0.141667,-0.000071,-0.000205,0.005298,0.151748,0.119588,1.531716,20.515006,5,0,0.000000,1,0.395532,0.825027,1,-1
19.696745,-1.150000,0.010000,1.523000,-1.186759,-0.058305,1.640720,-1.203512,-0.031544,1.622836,0.003470,0.004175,-0.007653,0.999956,-0.091174,0.272187,0.146323,-0.000073,-0.000203,0.005285,0.140978,0.120651,4.669336,20.515006,5,0,0.000000,1,0.394324,0.823192,1,-1
19.713298,-1.152000,0.014000,1.525000,-1.197160,-0.059026,1.528784,-1.204773,-0.027982,1.623729,0.004426,0.004729,-0.007391,0.999952,-0.090709,0.269835,0.149742,-0.000073,-0.000201,0.005354,0.085945,0.119561,3.343607,20.515006,5,0,0.000000,1,0.398709,0.821292,1,-1
19.729944,-1.154000,0.020000,1.527000,-1.212467,-0.042522,1.548819,-1.206368,-0.024021,1.625002,0.004883,0.005515,-0.007605,0.999944,-0.088582,0.271011,0.151077,-0.000073,-0.000199,0.005411,0.088337,0.119518,0.865104,20.515006,5,0,0.000000,1,0.399025,0.822280,1,-1
19.746610,-1.156000,0.023000,1.528000,-1.197825,-0.016542,1.531721,-1.207566,-0.019527,1.626022,0.005033,0.005877,-0.007670,0.999941,-0.087361,0.265245,0.149387,-0.000074,-0.000200,0.005480,0.057678,0.118642,3.976663,20.515006,5,0,0.000000,1,0.399035,0.820192,1,-1
19.763158,-1.157000,0.028000,1.530000,-1.224791,-0.051105,1.650296,-1.209310,-0.016268,1.628681,0.005589,0.005864,-0.007887,0.999936,-0.085537,0.263257,0.147565,-0.000073,-0.000197,0.005464,0.159137,0.120142,1.226368,20.515006,5,0,0.000000,1,0.396137,0.825986,1,-1
19.779780,-1.159000,0.032000,1.531000,-1.214084,-0.052317,1.656618,-1.210756,-0.013077,1.631403,0.006307,0.005903,-0.007920,0.999931,-0.085689,0.256083,0.144377,-0.000072,-0.000195,0.005446,0.161008,0.121620,2.123476,20.515006,5,0,0.000000,1,0.395328,0.825460,1,-1
19.796424,-1.161000,0.037000,1.532000,-1.210584,-0.020968,1.635615,-1.212096,-0.009255,1.633743,0.006095,0.006452,-0.007848,0.999930,-0.084582,0.252364,0.141176,-0.000073,-0.000194,0.005444,0.128666,0.122890,6.347423,20.515006,5,0,0.000000,1,0.396135,0.823741,1,-1
19.813036,-1.163000,0.042000,1.534000,-1.209050,-0.016569,1.662019,-1.213344,-0.005404,1.636430,0.006378,0.006528,-0.008059,0.999926,-0.079725,0.250757,0.138614,-0.000073,-0.000193,0.005425,0.148120,0.123586,0.523690,20.515006,5,0,0.000000,1,0.395208,0.824339,1,-1
19.829662,-1.165000,0.045000,1.536000,-1.197184,-0.015207,1.617934,-1.214147,-0.001826,1.638261,0.007065,0.006519,-0.008131,0.999921,-0.076869,0.248394,0.136721,-0.000074,-0.000192,0.005440,0.106648,0.122741,7.708680,20.515006,5,0,0.000000,1,0.396059,0.822151,1,-1
19.846231,-1.166000,0.049000,1.537000,-1.227950,-0.011975,1.556758,-1.215656,0.001751,1.639154,0.008353,0.007028,-0.008048,0.999908,-0.076740,0.244278,0.136444,-0.000073,-0.000191,0.005500,0.089141,0.123019,5.168833,20.515006,5,0,0.000000,1,0.399881,0.822595,1,-1
19.862934,-1.169000,0.054000,1.539000,-1.210266,-0.021240,1.620771,-1.216719,0.005027,1.641069,0.008365,0.007214,-0.008056,0.999907,-0.074486,0.240491,0.138895,-0.000074,-0.000189,0.005515,0.118535,0.122856,1.103913,20.515006,5,0,0.000000,1,0.396617,0.823294,1,-1
19.879559,-1.170000,0.059000,1.540000,-1.169981,0.002776,1.537147,-1.216763,0.008826,1.641743,0.008529,0.007768,-0.007999,0.999901,-0.072909,0.240513,0.140724,-0.000077,-0.000189,0.005591,0.056296,0.122702,5.496750,20.515006,5,0,0.000000,1,0.397490,0.817869,1,-1
19.896161,-1.172000,0.061000,1.541000,-1.217280,0.002464,1.601859,-1.217931,0.012538,1.643443,0.008972,0.007977,-0.007638,0.999899,-0.069899,0.238291,0.142526,-0.000077,-0.000188,0.005621,0.095815,0.122281,3.934334,20.515006,5,0,0.000000,1,0.397845,0.822556,1,-1
19.912739,-1.173000,0.068000,1.543000,-1.275049,0.027116,1.567794,-1.220359,0.016499,1.644535,0.010598,0.008665,-0.008219,0.999873,-0.069928,0.231854,0.144737,-0.000074,-0.000189,0.005677,0.112695,0.123307,2.710476,20.515006,5,0,0.000000,1,0.402441,0.824645,1,-1
19.946044,-1.177000,0.074000,1.546000,-1.242463,0.056699,1.640814,-1.223044,0.024620,1.649271,0.010768,0.008112,-0.007494,0.999881,-0.066294,0.211745,0.151337,-0.000072,-0.000191,0.005684,0.116509,0.123383,1.338021,20.515006,5,0,0.000000,1,0.398281,0.823639,1,-1
19.962682,-1.179000,0.078000,1.548000,-1.214286,0.046686,1.565048,-1.223894,0.028499,1.650457,0.009901,0.008254,-0.008377,0.999882,-0.067120,0.207227,0.155572,-0.000073,-0.000192,0.005747,0.050163,0.122325,1.957767,20.515006,5,0,0.000000,1,0.399284,0.820009,1,-1
19.979321,-1.180000,0.082000,1.549000,-1.193996,0.042176,1.609472,-1.224178,0.031985,1.652265,0.009503,0.008306,-0.008357,0.999885,-0.064397,0.206528,0.158811,-0.000075,-0.000193,0.005778,0.073748,0.122951,2.792076,20.515006,5,0,0.000000,1,0.396651,0.820015,1,-1
19.995831,-1.182000,0.086000,1.551000,-1.268368,0.030220,1.683763,-1.226193,0.035165,1.655254,0.010426,0.007730,-0.007767,0.999886,-0.057410,0.207260,0.161049,-0.000072,-0.000193,0.005758,0.167919,0.124121,4.170812,20.515006,5,0,0.000000,1,0.398041,0.827695,1,-1
20.012522,-1.183000,0.090000,1.552000,-1.189365,0.072107,1.601612,-1.226177,0.039299,1.656988,0.011205,0.007753,-0.007936,0.999876,-0.055064,0.202782,0.159729,-0.000075,-0.000195,0.005798,0.053123,0.124327,3.582789,20.515006,5,0,0.000000,1,0.396890,0.818540,1,-1
20.045787,-1.187000,0.098000,1.556000,-1.251263,0.058009,1.575109,-1.228549,0.046119,1.660897,0.010730,0.008251,-0.008010,0.999876,-0.053579,0.189766,0.156962,-0.000073,-0.000195,0.005863,0.078065,0.124183,1.426230,20.515006,5,0,0.000000,1,0.401039,0.822218,1,-1
20.062345,-1.189000,0.102000,1.558000,-1.226506,0.064014,1.580575,-1.229321,0.049424,1.662063,0.009629,0.008120,-0.008019,0.999889,-0.054313,0.181163,0.153282,-0.000073,-0.000196,0.005924,0.057959,0.123366,3.367622,20.515006,5,0,0.000000,1,0.399529,0.820590,1,-1
20.078996,-1.190000,0.106000,1.559000,-1.257841,0.086575,1.558708,-1.230876,0.053109,1.662854,0.008170,0.007959,-0.007989,0.999903,-0.054850,0.170841,0.148188,-0.000072,-0.000199,0.006002,0.070568,0.123507,1.376776,20.515006,5,0,0.000000,1,0.402147,0.821146,1,-1
20.095648,-1.192000,0.111000,1.561000,-1.239349,0.068404,1.585695,-1.231925,0.056157,1.663992,0.006254,0.007601,-0.008215,0.999918,-0.051338,0.167381,0.142647,-0.000071,-0.000199,0.006061,0.068310,0.123325,3.454160,20.515006,5,0,0.000000,1,0.400079,0.821382,1,-1
20.112327,-1.193000,0.114000,1.562000,-1.284184,0.052485,1.583817,-1.234048,0.058763,1.665045,0.005430,0.007477,-0.008251,0.999923,-0.053585,0.167935,0.138420,-0.000068,-0.000199,0.006122,0.112137,0.123913,1.695741,20.515006,5,0,0.000000,1,0.402543,0.824725,1,-1
20.128856,-1.195000,0.118000,1.563000,-1.259523,0.074854,1.596180,-1.235492,0.061700,1.666090,0.004487,0.007657,-0.008203,0.999927,-0.054714,0.165370,0.135345,-0.000066,-0.000199,0.006174,0.084414,0.124245,1.664431,20.515006,5,0,0.000000,1,0.400859,0.822703,1,-1
20.145499,-1.196000,0.121000,1.565000,-1.288963,0.041531,1.624417,-1.237660,0.063789,1.667585,0.004281,0.008329,-0.008369,0.999921,-0.056135,0.165515,0.136518,-0.000063,-0.000198,0.006207,0.135970,0.124629,1.178777,20.515006,5,0,0.000000,1,0.401308,0.826622,1,-1
20.162140,-1.198000,0.125000,1.567000,-1.256326,0.086633,1.604140,-1.239018,0.066930,1.668822,0.004256,0.009741,-0.008143,0.999910,-0.056165,0.161124,0.140080,-0.000062,-0.000199,0.006255,0.079078,0.124186,3.944961,20.515006,5,0,0.000000,1,0.400473,0.822303,1,-1
20.178824,-1.199000,0.129000,1.568000,-1.273806,0.085261,1.563476,-1.240710,0.069939,1.669472,0.003640,0.009618,-0.008789,0.999908,-0.051653,0.159461,0.141442,-0.000059,-0.000200,0.006334,0.086773,0.124597,4.014029,20.515006,5,0,0.000000,1,0.402862,0.822292,1,-1
20.195391,-1.201000,0.134000,1.570000,-1.264447,0.068824,1.567794,-1.242049,0.072331,1.670130,0.004004,0.009974,-0.008795,0.999904,-0.049863,0.158347,0.148343,-0.000058,-0.000199,0.006410,0.090985,0.124555,2.964306,20.515006,5,0,0.000000,1,0.402096,0.822456,1,-1
20.211957,-1.202000,0.138000,1.571000,-1.281107,0.060167,1.493255,-1.243741,0.074447,1.669766,0.003964,0.011187,-0.008437,0.999894,-0.048051,0.154725,0.153343,-0.000056,-0.000198,0.006541,0.135500,0.124643,0.755326,20.515006,5,0,0.000000,1,0.405694,0.822174,1,-1
20.228703,-1.203000,0.142000,1.573000,-1.235160,0.081981,1.683042,-1.244264,0.077009,1.672462,0.003191,0.011272,-0.008184,0.999898,-0.043224,0.147298,0.158719,-0.000056,-0.000198,0.006533,0.129406,0.125775,1.995344,20.515006,5,0,0.000000,1,0.396639,0.823801,1,-1
20.245270,-1.206000,0.146000,1.575000,-1.283877,0.108748,1.582805,-1.245863,0.080128,1.673674,0.003809,0.011915,-0.008850,0.999883,-0.040531,0.150018,0.165068,-0.000054,-0.000200,0.006600,0.086680,0.125159,1.274141,20.515006,5,0,0.000000,1,0.402851,0.822495,1,-1
20.261895,-1.207000,0.149000,1.577000,-1.283390,0.102919,1.574899,-1.247401,0.083113,1.674888,0.004764,0.012154,-0.008915,0.999875,-0.037342,0.152746,0.169276,-0.000052,-0.000201,0.006674,0.089238,0.124722,2.189034,20.515006,5,0,0.000000,1,0.403078,0.822478,1,-1
20.278488,-1.208000,0.152000,1.578000,-1.267292,0.106993,1.578394,-1.248371,0.086071,1.676051,0.004753,0.011984,-0.008308,0.999882,-0.028720,0.154087,0.170169,-0.000051,-0.000203,0.006747,0.074440,0.124861,3.735621,20.515006,5,0,0.000000,1,0.402079,0.821446,1,-1
20.295089,-1.209000,0.157000,1.580000,-1.263565,0.093103,1.651545,-1.249159,0.088643,1.678370,0.004427,0.011659,-0.009036,0.999881,-0.026939,0.154141,0.171061,-0.000050,-0.000203,0.006767,0.110358,0.126341,2.604799,20.515006,5,0,0.000000,1,0.399270,0.824052,1,-1
20.311798,-1.210000,0.162000,1.582000,-1.306749,0.078785,1.660884,-1.250956,0.090888,1.680851,0.005221,0.011094,-0.009288,0.999882,-0.025728,0.157632,0.171287,-0.000046,-0.000202,0.006782,0.150026,0.128475,3.745484,20.515006,5,0,0.000000,1,0.401231,0.827608,1,-1
20.328404,-1.211000,0.167000,1.584000,-1.260334,0.129409,1.645471,-1.251604,0.094336,1.683053,0.006335,0.010629,-0.008604,0.999886,-0.027755,0.157537,0.166913,-0.000045,-0.000204,0.006809,0.087325,0.129384,3.371004,20.515006,5,0,0.000000,1,0.399488,0.822270,1,-1
20.345044,-1.213000,0.168000,1.586000,-1.268121,0.121341,1.634371,-1.252397,0.097340,1.684824,0.006631,0.009909,-0.008545,0.999892,-0.023953,0.151714,0.158631,-0.000044,-0.000206,0.006847,0.086920,0.127715,8.732264,20.515006,5,0,0.000000,1,0.400246,0.822667,1,-1
20.361578,-1.214000,0.172000,1.587000,-1.276274,0.103314,1.676940,-1.253316,0.099816,1.687143,0.007440,0.008924,-0.008892,0.999893,-0.020876,0.150620,0.153564,-0.000043,-0.000206,0.006854,0.129171,0.129556,2.195364,20.515006,5,0,0.000000,1,0.399141,0.825390,1,-1
20.378314,-1.215000,0.177000,1.589000,-1.303058,0.111740,1.600171,-1.254848,0.102464,1.688232,0.008165,0.008661,-0.008428,0.999894,-0.023238,0.149567,0.149636,-0.000040,-0.000206,0.006919,0.110172,0.130348,1.718216,20.515006,5,0,0.000000,1,0.403319,0.824034,1,-1
20.394877,-1.216000,0.181000,1.590000,-1.336158,0.121598,1.637477,-1.257135,0.105246,1.689846,0.007706,0.009310,-0.008476,0.999891,-0.021323,0.141430,0.145646,-0.000034,-0.000207,0.006958,0.142200,0.131909,1.607352,20.515006,5,0,0.000000,1,0.403890,0.826824,1,-1
20.411493,-1.217000,0.184000,1.591000,-1.279539,0.142265,1.654058,-1.258004,0.108407,1.691662,0.006905,0.009946,-0.008642,0.999889,-0.020868,0.139564,0.143252,-0.000033,-0.000209,0.006986,0.098129,0.132395,5.646509,20.515006,5,0,0.000000,1,0.400276,0.823216,1,-1
20.428093,-1.218000,0.188000,1.593000,-1.304192,0.098879,1.666838,-1.259418,0.110328,1.693493,0.006237,0.010650,-0.008658,0.999886,-0.019378,0.138010,0.139903,-0.000030,-0.000208,0.007006,0.144305,0.133594,1.239096,20.515006,5,0,0.000000,1,0.400981,0.826897,1,-1
20.444729,-1.219000,0.191000,1.594000,-1.264729,0.146131,1.721030,-1.259797,0.113387,1.696107,0.006008,0.010873,-0.008787,0.999884,-0.012683,0.143481,0.136751,-0.000030,-0.000211,0.006988,0.142270,0.134588,5.527869,20.515006,5,0,0.000000,1,0.397264,0.824872,1,-1
20.461376,-1.220000,0.194000,1.595000,-1.306228,0.137012,1.606224,-1.261067,0.116241,1.696935,0.005048,0.010612,-0.008844,0.999892,-0.008809,0.144757,0.136409,-0.000027,-0.000212,0.007055,0.103966,0.134624,2.700845,20.515006,5,0,0.000000,1,0.403379,0.823349,1,-1
20.478053,-1.220000,0.200000,1.597000,-1.220566,0.165765,1.598402,-1.260201,0.119749,1.697666,0.003543,0.009851,-0.008829,0.999906,-0.004606,0.144682,0.137880,-0.000030,-0.000215,0.007127,0.034268,0.134870,4.451879,20.515006,5,0,0.000000,1,0.399150,0.816945,1,-1
20.494602,-1.221000,0.202000,1.599000,-1.313123,0.127456,1.678413,-1.261520,0.122170,1.699543,0.002728,0.009203,-0.008754,0.999916,-0.003750,0.147419,0.141986,-0.000026,-0.000215,0.007143,0.142653,0.134624,1.949496,20.515006,5,0,0.000000,1,0.401194,0.826746,1,-1
20.511199,-1.222000,0.207000,1.601000,-1.260754,0.169336,1.638973,-1.261514,0.125586,1.700894,0.001989,0.008524,-0.008932,0.999922,0.001784,0.148851,0.146112,-0.000026,-0.000218,0.007188,0.066049,0.134790,3.092522,20.515006,5,0,0.000000,1,0.399897,0.820466,1,-1
20.527881,-1.223000,0.210000,1.602000,-1.239640,0.128977,1.601143,-1.260948,0.128038,1.701762,0.001589,0.008377,-0.009348,0.999920,0.003224,0.149737,0.151491,-0.000028,-0.000218,0.007261,0.082719,0.134574,5.663026,20.515006,5,0,0.000000,1,0.399896,0.819594,1,-1
20.544500,-1.223000,0.213000,1.604000,-1.318320,0.152133,1.672480,-1.262240,0.131001,1.703811,0.001752,0.007827,-0.009205,0.999925,0.005372,0.150775,0.156173,-0.000025,-0.000219,0.007284,0.132212,0.135003,1.173837,20.515006,5,0,0.000000,1,0.401774,0.825789,1,-1
20.561126,-1.224000,0.219000,1.605000,-1.257966,0.150721,1.611807,-1.262026,0.133748,1.704858,0.002041,0.007077,-0.009246,0.999930,0.007444,0.149728,0.161024,-0.000025,-0.000220,0.007351,0.076564,0.136695,1.510012,20.515006,5,0,0.000000,1,0.400604,0.820145,1,-1
20.577688,-1.225000,0.220000,1.607000,-1.307246,0.165516,1.689911,-1.262980,0.136843,1.707187,0.001970,0.006644,-0.009378,0.999932,0.007234,0.153945,0.164879,-0.000022,-0.000222,0.007365,0.128868,0.135629,2.280820,20.515006,5,0,0.000000,1,0.400619,0.825286,1,-1
20.594365,-1.225000,0.225000,1.609000,-1.270226,0.149881,1.687654,-1.263023,0.139604,1.709539,0.002369,0.006103,-0.009591,0.999933,0.008254,0.157490,0.167300,-0.000022,-0.000223,0.007380,0.117790,0.137282,4.412483,20.515006,5,0,0.000000,1,0.398676,0.823656,1,-1
20.611045,-1.226000,0.229000,1.611000,-1.231967,0.214136,1.640267,-1.262150,0.143826,1.711180,0.003038,0.005072,-0.009425,0.999938,0.009252,0.152918,0.166127,-0.000024,-0.000227,0.007432,0.033363,0.136372,9.690634,20.515006,5,0,0.000000,1,0.398512,0.817013,1,-1
20.627620,-1.227000,0.231000,1.613000,-1.290466,0.134226,1.676120,-1.262671,0.146024,1.713340,0.002838,0.004488,-0.009572,0.999940,0.008666,0.147947,0.163909,-0.000022,-0.000226,0.007459,0.131823,0.136241,2.815498,20.515006,5,0,0.000000,1,0.400074,0.825026,1,-1
20.644218,-1.227000,0.235000,1.615000,-1.274471,0.133916,1.630746,-1.262820,0.147978,1.714612,0.003578,0.004154,-0.009880,0.999936,0.006973,0.144350,0.159397,-0.000022,-0.000225,0.007520,0.112781,0.137035,4.966574,20.515006,5,0,0.000000,1,0.400769,0.822425,1,-1
20.660854,-1.228000,0.239000,1.617000,-1.281131,0.196332,1.728907,-1.263127,0.151334,1.717309,0.004152,0.003759,-0.009577,0.999938,0.009115,0.139810,0.154250,-0.000020,-0.000228,0.007512,0.131022,0.137772,4.039332,20.515006,5,0,0.000000,1,0.398040,0.824197,1,-1
20.677523,-1.229000,0.242000,1.619000,-1.273774,0.176771,1.687040,-1.263207,0.154122,1.719281,0.002976,0.003054,-0.009533,0.999945,0.011003,0.136781,0.149089,-0.000020,-0.000230,0.007535,0.104350,0.137655,2.538040,20.515006,5,0,0.000000,1,0.398986,0.822756,1,-1
20.694100,-1.229000,0.248000,1.620000,-1.236498,0.219242,1.658554,-1.262405,0.157837,1.720744,0.002155,0.002823,-0.009820,0.999945,0.011403,0.138715,0.144985,-0.000022,-0.000234,0.007580,0.048679,0.139265,4.035489,20.515006,5,0,0.000000,1,0.398153,0.817735,1,-1
20.710746,-1.230000,0.250000,1.622000,-1.308901,0.193856,1.683539,-1.263307,0.160821,1.722413,0.002901,0.003027,-0.009915,0.999942,0.010978,0.138776,0.143186,-0.000019,-0.000236,0.007608,0.114737,0.138365,2.888589,20.515006,5,0,0.000000,1,0.401008,0.823889,1,-1
20.727314,-1.231000,0.253000,1.623000,-1.298240,0.163513,1.705348,-1.263934,0.163048,1.724389,0.003290,0.003357,-0.009453,0.999944,0.013220,0.136860,0.140019,-0.000016,-0.000236,0.007623,0.138962,0.139484,2.059050,20.515006,5,0,0.000000,1,0.399608,0.825498,1,-1
20.744026,-1.231000,0.257000,1.625000,-1.263005,0.206488,1.698859,-1.263688,0.166210,1.726224,0.001821,0.003150,-0.009268,0.999950,0.015397,0.135447,0.138032,-0.000016,-0.000238,0.007642,0.095031,0.139849,5.561025,20.515006,5,0,0.000000,1,0.398135,0.821401,1,-1
20.777232,-1.233000,0.263000,1.628000,-1.272587,0.213905,1.743803,-1.263373,0.171820,1.730983,0.000098,0.002670,-0.009741,0.999949,0.015174,0.139106,0.138326,-0.000016,-0.000241,0.007633,0.131862,0.140861,3.058044,20.515006,5,0,0.000000,1,0.397171,0.823678,1,-1
20.793844,-1.234000,0.267000,1.630000,-1.319849,0.191504,1.702673,-1.264491,0.174443,1.732727,0.000599,0.002968,-0.009688,0.999948,0.014775,0.139649,0.140300,-0.000012,-0.000242,0.007656,0.135466,0.141595,1.793052,20.515006,5,0,0.000000,1,0.400933,0.825432,1,-1
20.810495,-1.234000,0.271000,1.630000,-1.265412,0.216344,1.640039,-1.264271,0.177638,1.733558,0.000777,0.003511,-0.009692,0.999947,0.016414,0.140958,0.141087,-0.000012,-0.000245,0.007725,0.063834,0.142678,4.837118,20.515006,5,0,0.000000,1,0.400249,0.818759,1,-1
20.827192,-1.235000,0.273000,1.632000,-1.315332,0.212827,1.719621,-1.265238,0.180719,1.735593,0.000451,0.003947,-0.009940,0.999943,0.014657,0.142184,0.139359,-0.000009,-0.000247,0.007737,0.133234,0.141992,3.004754,20.515006,5,0,0.000000,1,0.400170,0.824997,1,-1
20.843736,-1.236000,0.278000,1.634000,-1.334059,0.214299,1.611852,-1.266657,0.183801,1.735975,0.000942,0.005499,-0.009994,0.999934,0.013861,0.144946,0.139978,-0.000005,-0.000249,0.007828,0.119012,0.142169,2.918862,20.515006,5,0,0.000000,1,0.404915,0.821554,1,-1
20.860323,-1.236000,0.281000,1.635000,-1.276359,0.227682,1.687806,-1.266635,0.187089,1.737429,0.001261,0.006403,-0.009624,0.999932,0.018419,0.146355,0.142104,-0.000004,-0.000251,0.007865,0.085207,0.142301,3.473190,20.515006,5,0,0.000000,1,0.399241,0.820763,1,-1
20.877016,-1.237000,0.283000,1.637000,-1.320252,0.239019,1.704884,-1.267637,0.190586,1.739211,0.001679,0.006380,-0.009517,0.999933,0.015827,0.143924,0.145673,-0.000000,-0.000254,0.007891,0.116075,0.141160,1.159343,20.515006,5,0,0.000000,1,0.400975,0.823394,1,-1
20.893589,-1.238000,0.288000,1.639000,-1.280197,0.238621,1.695967,-1.267698,0.193966,1.740894,0.002208,0.006774,-0.009503,0.999929,0.015157,0.140440,0.147934,0.000000,-0.000257,0.007924,0.086395,0.141799,3.125782,20.515006,5,0,0.000000,1,0.399191,0.820840,1,-1
20.910271,-1.238000,0.291000,1.640000,-1.268770,0.236328,1.715936,-1.267465,0.197204,1.742924,0.002084,0.007436,-0.009205,0.999928,0.017476,0.137287,0.149239,0.000000,-0.000260,0.007944,0.098499,0.142335,2.090473,20.515006,5,0,0.000000,1,0.397946,0.821207,1,-1
20.926830,-1.239000,0.295000,1.642000,-1.259342,0.229513,1.763865,-1.266989,0.200036,1.745543,0.001710,0.007481,-0.009032,0.999930,0.020094,0.134974,0.150187,-0.000000,-0.000262,0.007930,0.139834,0.143257,8.359509,20.515006,5,0,0.000000,1,0.395908,0.823263,1,-1
20.943438,-1.239000,0.299000,1.643000,-1.340419,0.237014,1.701470,-1.268416,0.203033,1.747235,0.001926,0.007422,-0.009138,0.999929,0.019231,0.137407,0.150390,0.000005,-0.000264,0.007965,0.132464,0.144706,1.395417,20.515006,5,0,0.000000,1,0.402160,0.824420,1,-1
20.960068,-1.240000,0.302000,1.645000,-1.316442,0.275241,1.589292,-1.269211,0.206934,1.747232,0.001803,0.007546,-0.008950,0.999930,0.022062,0.141103,0.146962,0.000007,-0.000268,0.008080,0.098300,0.142626,1.355497,20.515006,5,0,0.000000,1,0.404787,0.816795,1,-1
20.976762,-1.241000,0.305000,1.647000,-1.273467,0.211842,1.820642,-1.268924,0.209356,1.750697,0.001996,0.007108,-0.009079,0.999932,0.026731,0.147400,0.145973,0.000008,-0.000269,0.008029,0.199710,0.143807,3.866390,20.515006,5,0,0.000000,1,0.394743,0.827800,1,-1
20.993335,-1.241000,0.309000,1.648000,-1.308883,0.259701,1.732521,-1.269430,0.212878,1.752773,0.002075,0.006286,-0.009026,0.999937,0.027687,0.141988,0.142842,0.000011,-0.000272,0.008045,0.119089,0.145000,0.448829,20.515006,5,0,0.000000,1,0.399485,0.823123,1,-1
21.009944,-1.242000,0.311000,1.649000,-1.288599,0.259300,1.652396,-1.269463,0.216128,1.753469,0.001871,0.006087,-0.009058,0.999939,0.024964,0.139515,0.139995,0.000012,-0.000274,0.008118,0.069684,0.143766,1.510346,20.515006,5,0,0.000000,1,0.401118,0.818509,1,-1
21.043226,-1.243000,0.319000,1.652000,-1.300372,0.222390,1.695288,-1.269278,0.220911,1.756997,0.001737,0.007053,-0.008691,0.999936,0.034355,0.142443,0.132043,0.000013,-0.000274,0.008164,0.120411,0.146069,1.727221,20.515006,5,0,0.000000,1,0.400226,0.822644,1,-1
21.059827,-1.243000,0.321000,1.654000,-1.288161,0.266776,1.778368,-1.269183,0.224257,1.759456,-0.000802,0.006790,-0.009143,0.999935,0.034608,0.137298,0.131660,0.000015,-0.000277,0.008151,0.142994,0.145485,3.043375,20.515006,5,0,0.000000,1,0.396952,0.824026,1,-1
21.076498,-1.244000,0.326000,1.656000,-1.282587,0.325108,1.644002,-1.268954,0.228838,1.759744,-0.001310,0.007609,-0.009639,0.999924,0.035637,0.141958,0.132748,0.000015,-0.000284,0.008237,0.040419,0.144312,2.389443,20.515006,5,0,0.000000,1,0.401113,0.814622,1,-1
21.109713,-1.245000,0.333000,1.659000,-1.326285,0.258550,1.704276,-1.269190,0.234189,1.763219,-0.002904,0.009230,-0.008920,0.999913,0.041637,0.151852,0.136479,0.000019,-0.000285,0.008281,0.119164,0.145638,1.420671,20.515006,5,0,0.000000,1,0.401336,0.822761,1,-1
21.126320,-1.245000,0.336000,1.660000,-1.278231,0.288351,1.747869,-1.268723,0.238025,1.765208,-0.003240,0.009779,-0.009582,0.999901,0.045080,0.162338,0.139184,0.000020,-0.000289,0.008295,0.105337,0.145707,2.600343,20.515006,5,0,0.000000,1,0.397471,0.820934,1,-1
21.142937,-1.245000,0.340000,1.661000,-1.297902,0.308913,1.667524,-1.268729,0.242294,1.765847,-0.002413,0.010046,-0.009470,0.999902,0.047698,0.168461,0.140537,0.000022,-0.000293,0.008369,0.061706,0.145267,2.510031,20.515006,5,0,0.000000,1,0.401117,0.817182,1,-1
21.159532,-1.246000,0.342000,1.663000,-1.252737,0.311277,1.691086,-1.267556,0.246628,1.766907,-0.001531,0.010291,-0.009378,0.999902,0.052015,0.171628,0.142916,0.000020,-0.000298,0.008426,0.042168,0.142679,2.203664,20.515006,5,0,0.000000,1,0.398062,0.815838,1,-1
21.176172,-1.246000,0.347000,1.664000,-1.305876,0.308716,1.725755,-1.267626,0.250864,1.768543,-0.000826,0.009740,-0.009794,0.999904,0.058444,0.173590,0.142644,0.000023,-0.000302,0.008458,0.094151,0.143663,3.055305,20.515006,5,0,0.000000,1,0.399590,0.820290,1,-1
21.192849,-1.246000,0.352000,1.666000,-1.324026,0.269314,1.768081,-1.268025,0.254122,1.770817,-0.000488,0.008791,-0.009582,0.999915,0.064989,0.176715,0.140920,0.000027,-0.000303,0.008461,0.152792,0.145093,2.215355,20.515006,5,0,0.000000,1,0.399097,0.825300,1,-1
21.209508,-1.247000,0.354000,1.668000,-1.257058,0.318360,1.695245,-1.266662,0.258545,1.771942,-0.000003,0.007838,-0.009562,0.999924,0.069226,0.177746,0.141148,0.000026,-0.000307,0.008518,0.045974,0.142485,3.366939,20.515006,5,0,0.000000,1,0.398144,0.815908,1,-1
21.226024,-1.246000,0.358000,1.669000,-1.268962,0.335932,1.738007,-1.265654,0.263132,1.773609,0.000052,0.006570,-0.009922,0.999929,0.069085,0.174130,0.141930,0.000026,-0.000312,0.008545,0.076001,0.142581,5.554252,20.515006,5,0,0.000000,1,0.397358,0.817723,1,-1
21.275980,-1.248000,0.367000,1.674000,-1.321149,0.317255,1.584412,-1.263787,0.272982,1.777448,0.001061,0.004702,-0.010127,0.999937,0.061172,0.183049,0.137111,0.000030,-0.000315,0.008695,0.125902,0.140677,4.892893,20.515006,5,0,0.000000,1,0.405190,0.814619,1,-1
21.342486,-1.248000,0.383000,1.679000,-1.286094,0.347595,1.716361,-1.260221,0.286553,1.785092,0.005783,0.007364,-0.010451,0.999902,0.067186,0.176318,0.129832,0.000032,-0.000319,0.008751,0.064035,0.143899,5.519378,20.515006,5,0,0.000000,1,0.398893,0.816911,1,-1
21.359111,-1.249000,0.386000,1.681000,-1.357627,0.275656,1.717659,-1.261849,0.289038,1.786077,0.004873,0.007783,-0.010403,0.999904,0.067759,0.170880,0.128989,0.000039,-0.000318,0.008807,0.159121,0.143555,0.898204,20.515006,5,0,0.000000,1,0.402552,0.824187,1,-1
21.392301,-1.249000,0.392000,1.683000,-1.302910,0.374009,1.666661,-1.260803,0.296801,1.788287,0.002088,0.007456,-0.011065,0.999909,0.069276,0.168782,0.134589,0.000042,-0.000324,0.008908,0.059135,0.142434,2.686847,20.515006,5,0,0.000000,1,0.401341,0.813976,1,-1
21.425552,-1.250000,0.398000,1.686000,-1.330861,0.351288,1.729653,-1.260636,0.303828,1.791699,0.000347,0.007918,-0.011407,0.999904,0.068864,0.171075,0.135436,0.000048,-0.000328,0.008961,0.103082,0.141963,0.891278,20.515006,5,0,0.000000,1,0.400711,0.819550,1,-1
21.475422,-1.250000,0.409000,1.691000,-1.287438,0.348178,1.770031,-1.258051,0.313501,1.798003,-0.001764,0.007628,-0.011250,0.999906,0.070314,0.172304,0.136598,0.000050,-0.000331,0.008986,0.106522,0.143648,1.835298,20.515006,5,0,0.000000,1,0.397236,0.819746,1,-1
21.492072,-1.250000,0.413000,1.692000,-1.273449,0.397643,1.820305,-1.257407,0.318743,1.800583,-0.004265,0.007231,-0.011421,0.999900,0.069875,0.169026,0.135306,0.000052,-0.000338,0.008969,0.131332,0.143977,2.324155,20.515006,5,0,0.000000,1,0.394966,0.819572,1,-1
21.558588,-1.251000,0.426000,1.698000,-1.292961,0.388971,1.734541,-1.253854,0.331935,1.807716,-0.010257,0.003488,-0.011319,0.999877,0.076700,0.176434,0.119873,0.000055,-0.000343,0.009036,0.066836,0.144547,3.614616,20.515006,5,0,0.000000,1,0.398600,0.816038,1,-1
21.625060,-1.252000,0.441000,1.703000,-1.318790,0.407005,1.749943,-1.251453,0.346623,1.814210,-0.009340,0.001039,-0.011193,0.999893,0.065589,0.192790,0.117201,0.000062,-0.000349,0.009098,0.088432,0.145860,5.500112,20.515006,5,0,0.000000,1,0.399344,0.817093,1,-1
21.641655,-1.252000,0.444000,1.704000,-1.366840,0.392872,1.798429,-1.254430,0.351297,1.815819,-0.009430,0.001249,-0.011632,0.999887,0.061929,0.198720,0.118515,0.000073,-0.000353,0.009116,0.157224,0.145269,6.493669,20.515006,5,0,0.000000,1,0.400210,0.822900,1,-1
21.674858,-1.253000,0.454000,1.707000,-1.267608,0.408589,1.707789,-1.252983,0.359683,1.817622,-0.006724,0.003162,-0.011894,0.999902,0.061354,0.211695,0.124925,0.000074,-0.000357,0.009220,0.047709,0.145372,3.125843,20.515006,5,0,0.000000,1,0.398184,0.812479,1,-1
21.693672,-1.253000,0.457000,1.709000,-1.293695,0.434368,1.675561,-1.253293,0.366034,1.817164,-0.004570,0.002870,-0.011916,0.999914,0.062123,0.219642,0.127838,0.000077,-0.000363,0.009353,0.057327,0.141330,2.190309,20.515006,5,0,0.000000,1,0.400437,0.810641,1,-1
21.710222,-1.254000,0.461000,1.710000,-1.326974,0.417277,1.778798,-1.254890,0.371240,1.818487,-0.002647,0.003578,-0.011920,0.999919,0.055002,0.221788,0.129571,0.000084,-0.000367,0.009392,0.109408,0.140809,2.534868,20.515006,5,0,0.000000,1,0.398797,0.818557,1,-1
21.726861,-1.254000,0.466000,1.711000,-1.335763,0.435842,1.664241,-1.256748,0.376905,1.817661,-0.001419,0.005056,-0.011634,0.999919,0.051613,0.218130,0.129016,0.000091,-0.000372,0.009535,0.098899,0.139004,1.974807,20.515006,5,0,0.000000,1,0.402937,0.811773,1,-1
21.760044,-1.255000,0.475000,1.715000,-1.304912,0.419466,1.701946,-1.256711,0.385300,1.819572,0.003365,0.006041,-0.012240,0.999901,0.050513,0.224785,0.127942,0.000095,-0.000375,0.009645,0.075800,0.137784,4.855519,20.515006,5,0,0.000000,1,0.400179,0.813252,1,-1
21.776738,-1.256000,0.480000,1.716000,-1.282329,0.427805,1.816088,-1.256790,0.390249,1.821535,0.005414,0.007596,-0.011957,0.999885,0.050409,0.222928,0.126960,0.000097,-0.000379,0.009651,0.115910,0.138540,5.041619,20.515006,5,0,0.000000,1,0.395464,0.818224,1,-1
21.809995,-1.257000,0.487000,1.719000,-1.341252,0.425687,1.761721,-1.257934,0.398571,1.824440,0.010062,0.009919,-0.012050,0.999828,0.057198,0.221902,0.120348,0.000105,-0.000381,0.009711,0.112618,0.137616,1.012250,20.515006,5,0,0.000000,1,0.400034,0.817730,1,-1
21.826588,-1.258000,0.491000,1.720000,-1.307209,0.450632,1.736987,-1.258703,0.403731,1.824605,0.012312,0.010599,-0.011920,0.999797,0.057568,0.222640,0.116853,0.000109,-0.000385,0.009793,0.065876,0.136230,3.176703,20.515006,5,0,0.000000,1,0.399070,0.813456,1,-1
21.843202,-1.259000,0.496000,1.721000,-1.277586,0.406196,1.730346,-1.258430,0.407253,1.824630,0.014619,0.011528,-0.011881,0.999756,0.058288,0.218477,0.115284,0.000110,-0.000384,0.009880,0.092182,0.136438,5.606645,20.515006,5,0,0.000000,1,0.397954,0.814209,1,-1
21.859862,-1.259000,0.499000,1.722000,-1.355260,0.456190,1.798900,-1.260699,0.412270,1.825992,0.016566,0.012335,-0.011985,0.999715,0.057071,0.214529,0.114203,0.000118,-0.000388,0.009906,0.130431,0.135423,1.754337,20.515006,5,0,0.000000,1,0.399436,0.818861,1,-1
21.876528,-1.259000,0.504000,1.723000,-1.326355,0.440800,1.785049,-1.261905,0.416576,1.827064,0.018423,0.013352,-0.011883,0.999670,0.059520,0.208011,0.112206,0.000124,-0.000390,0.009945,0.111270,0.135944,2.139266,20.515006,5,0,0.000000,1,0.398504,0.817614,1,-1
21.893143,-1.260000,0.508000,1.725000,-1.332670,0.446530,1.850778,-1.263280,0.420633,1.829219,0.018112,0.014738,-0.011679,0.999659,0.056784,0.199535,0.108607,0.000130,-0.000392,0.009926,0.157732,0.136034,1.681333,20.515006,5,0,0.000000,1,0.396726,0.821808,1,-1
21.909729,-1.261000,0.511000,1.725000,-1.298928,0.474943,1.772106,-1.263510,0.425408,1.829822,0.017945,0.015736,-0.012301,0.999639,0.059558,0.197856,0.104591,0.000133,-0.000396,0.009979,0.070410,0.135351,2.397730,20.515006,5,0,0.000000,1,0.397479,0.813759,1,-1
21.926353,-1.261000,0.515000,1.727000,-1.307126,0.462950,1.764998,-1.263892,0.429667,1.830261,0.018956,0.016556,-0.012474,0.999605,0.065194,0.192813,0.101782,0.000136,-0.000399,0.010038,0.079251,0.133989,2.267565,20.515006,5,0,0.000000,1,0.398136,0.814356,1,-1
21.959574,-1.262000,0.521000,1.729000,-1.321974,0.492440,1.733578,-1.263587,0.437361,1.831617,0.016861,0.017584,-0.012158,0.999629,0.072092,0.179447,0.100234,0.000140,-0.000403,0.010127,0.066585,0.132395,3.626375,20.515006,5,0,0.000000,1,0.399742,0.811456,1,-1
21.976191,-1.263000,0.526000,1.730000,-1.286877,0.495148,1.837431,-1.263164,0.441987,1.833319,0.015892,0.017352,-0.012476,0.999645,0.076326,0.184976,0.103652,0.000143,-0.000407,0.010124,0.114295,0.133166,1.744891,20.515006,5,0,0.000000,1,0.394845,0.816275,1,-1
21.992834,-1.262000,0.529000,1.731000,-1.257486,0.465177,1.839543,-1.261778,0.445577,1.835108,0.014595,0.017744,-0.012334,0.999660,0.078520,0.182999,0.108652,0.000142,-0.000409,0.010120,0.125997,0.133409,2.388816,20.515006,5,0,0.000000,1,0.393538,0.816684,1,-1
22.009480,-1.263000,0.531000,1.733000,-1.351737,0.485857,1.786995,-1.263292,0.449717,1.836008,0.014546,0.018214,-0.012260,0.999653,0.082069,0.183757,0.113489,0.000149,-0.000412,0.010164,0.113259,0.131216,5.291689,20.515006,5,0,0.000000,1,0.399528,0.816236,1,-1
22.026102,-1.263000,0.535000,1.734000,-1.272368,0.479747,1.787911,-1.262181,0.453578,1.836979,0.014557,0.017990,-0.012421,0.999655,0.088809,0.181572,0.116011,0.000150,-0.000414,0.010207,0.077763,0.131282,2.717899,20.515006,5,0,0.000000,1,0.395728,0.813320,1,-1
22.042689,-1.263000,0.538000,1.735000,-1.314948,0.465643,1.877762,-1.262406,0.456667,1.839558,0.013240,0.017757,-0.012248,0.999680,0.090678,0.175894,0.119776,0.000154,-0.000415,0.010175,0.168271,0.132468,3.976239,20.515006,5,0,0.000000,1,0.395011,0.821867,1,-1
22.059395,-1.263000,0.541000,1.737000,-1.289898,0.509098,1.763141,-1.261791,0.460970,1.840066,0.011472,0.017410,-0.012031,0.999710,0.093760,0.175078,0.121772,0.000156,-0.000418,0.010242,0.049240,0.130495,3.008227,20.515006,5,0,0.000000,1,0.397196,0.810925,1,-1
22.075958,-1.263000,0.544000,1.738000,-1.268174,0.485750,1.826941,-1.260502,0.464429,1.841775,0.009751,0.016691,-0.012137,0.999739,0.095037,0.172676,0.121956,0.000157,-0.000420,0.010255,0.106444,0.130794,3.386589,20.515006,5,0,0.000000,1,0.394339,0.815275,1,-1
22.092643,-1.262000,0.547000,1.740000,-1.298349,0.462812,1.833400,-1.260076,0.467169,1.843585,0.008960,0.015583,-0.012293,0.999763,0.097071,0.178387,0.120677,0.000160,-0.000419,0.010264,0.130891,0.130792,0.699449,20.515006,5,0,0.000000,1,0.395598,0.818237,1,-1
22.109221,-1.262000,0.551000,1.741000,-1.243241,0.499665,1.798468,-1.258093,0.470854,1.844596,0.008904,0.014677,-0.012027,0.999780,0.100500,0.183794,0.117037,0.000158,-0.000421,0.010303,0.079308,0.131037,2.779782,20.515006,5,0,0.000000,1,0.394019,0.811664,1,-1
22.127873,-1.262000,0.553000,1.742000,-1.312126,0.489382,1.916465,-1.257923,0.474558,1.847915,0.009046,0.013814,-0.011979,0.999792,0.099191,0.180053,0.114327,0.000163,-0.000423,0.010245,0.192348,0.131863,1.177630,20.515006,5,0,0.000000,1,0.393650,0.823341,1,-1
22.144537,-1.262000,0.556000,1.744000,-1.301758,0.502310,1.837961,-1.257645,0.478171,1.849567,0.009742,0.013585,-0.012092,0.999787,0.095983,0.179746,0.116037,0.000166,-0.000424,0.010256,0.115291,0.131228,2.525727,20.515006,5,0,0.000000,1,0.395487,0.816554,1,-1
22.161166,-1.262000,0.559000,1.745000,-1.254132,0.507879,1.793266,-1.256033,0.481839,1.850385,0.010434,0.014491,-0.011707,0.999772,0.096576,0.175483,0.111546,0.000166,-0.000426,0.010304,0.070745,0.130750,2.564087,20.515006,5,0,0.000000,1,0.394634,0.811362,1,-1
22.177776,-1.262000,0.561000,1.746000,-1.291554,0.506915,1.778409,-1.255459,0.485284,1.850864,0.009256,0.015174,-0.011472,0.999776,0.100857,0.167351,0.105854,0.000168,-0.000427,0.010365,0.069634,0.129508,1.122057,20.515006,5,0,0.000000,1,0.396812,0.812038,1,-1
22.194371,-1.262000,0.564000,1.747000,-1.263251,0.510334,1.862791,-1.254082,0.488564,1.852675,0.006868,0.014907,-0.011784,0.999796,0.106905,0.171806,0.100485,0.000169,-0.000429,0.010357,0.127629,0.130079,5.741700,20.515006,5,0,0.000000,1,0.392978,0.816185,1,-1
22.210978,-1.261000,0.567000,1.749000,-1.334824,0.510800,1.874242,-1.254607,0.491963,1.854604,0.005539,0.014281,-0.012150,0.999809,0.114393,0.184635,0.097058,0.000175,-0.000430,0.010341,0.155865,0.129706,1.650572,20.515006,5,0,0.000000,1,0.395889,0.820027,1,-1
22.227659,-1.261000,0.569000,1.749000,-1.322034,0.513582,1.802992,-1.254654,0.495570,1.855250,0.005423,0.014317,-0.012069,0.999810,0.115607,0.193270,0.096831,0.000179,-0.000431,0.010385,0.098547,0.129311,4.328251,20.515006,5,0,0.000000,1,0.397464,0.814434,1,-1
22.244295,-1.261000,0.572000,1.750000,-1.289650,0.554641,1.810052,-1.253770,0.500272,1.856043,0.005244,0.014445,-0.011633,0.999814,0.115372,0.192849,0.099851,0.000182,-0.000435,0.010423,0.068763,0.128227,0.587552,20.515006,5,0,0.000000,1,0.395541,0.811248,1,-1
22.260884,-1.261000,0.574000,1.751000,-1.254241,0.550824,1.815947,-1.252033,0.504605,1.856902,0.005096,0.015409,-0.011738,0.999799,0.114680,0.194970,0.103231,0.000182,-0.000438,0.010457,0.069289,0.126930,2.889008,20.515006,5,0,0.000000,1,0.393788,0.810468,1,-1
22.294134,-1.260000,0.581000,1.754000,-1.304600,0.521534,1.871172,-1.249813,0.511372,1.860562,0.005440,0.017767,-0.011794,0.999758,0.118540,0.200300,0.110069,0.000186,-0.000439,0.010448,0.138761,0.127700,1.947147,20.515006,5,0,0.000000,1,0.394544,0.817939,1,-1
22.310801,-1.259000,0.583000,1.755000,-1.288142,0.538456,1.733019,-1.248928,0.515358,1.860115,0.005032,0.018127,-0.011553,0.999756,0.124028,0.203499,0.113476,0.000188,-0.000440,0.010554,0.057590,0.125403,2.105355,20.515006,5,0,0.000000,1,0.397906,0.807388,1,-1
22.327432,-1.259000,0.586000,1.756000,-1.252254,0.551208,1.841927,-1.246975,0.519582,1.861675,0.004506,0.018199,-0.011698,0.999756,0.130459,0.197145,0.116699,0.000188,-0.000442,0.010570,0.092948,0.125392,3.139531,20.515006,5,0,0.000000,1,0.392941,0.812111,1,-1
22.377315,-1.257000,0.594000,1.760000,-1.274932,0.532366,1.901552,-1.241194,0.529539,1.867963,0.004168,0.016980,-0.011410,0.999782,0.144080,0.199621,0.111118,0.000191,-0.000443,0.010542,0.155426,0.126732,5.135288,20.515006,5,0,0.000000,1,0.392285,0.818333,1,-1
22.393935,-1.256000,0.596000,1.761000,-1.274691,0.548385,1.807809,-1.239857,0.533291,1.868655,0.005355,0.016455,-0.011349,0.999786,0.143827,0.202662,0.107907,0.000193,-0.000443,0.010594,0.069337,0.125630,2.169290,20.515006,5,0,0.000000,1,0.394957,0.810877,1,-1
22.410507,-1.256000,0.600000,1.762000,-1.198948,0.561263,1.775814,-1.236464,0.537200,1.868626,0.006176,0.016394,-0.011437,0.999781,0.149200,0.207657,0.104162,0.000189,-0.000445,0.010671,0.070330,0.125278,6.721423,20.515006,5,0,0.000000,1,0.392494,0.805198,1,-1
22.460393,-1.253000,0.606000,1.765000,-1.221379,0.537122,1.842012,-1.228578,0.547110,1.873231,0.005813,0.017466,-0.011438,0.999765,0.159707,0.198740,0.103545,0.000188,-0.000444,0.010698,0.108051,0.125613,3.810123,20.515006,5,0,0.000000,1,0.391661,0.811591,1,-1
22.477028,-1.253000,0.610000,1.766000,-1.277465,0.574891,1.851603,-1.227422,0.551139,1.874511,0.005722,0.018650,-0.011821,0.999740,0.163974,0.202040,0.102075,0.000192,-0.000445,0.010718,0.095703,0.126070,1.896941,20.515006,5,0,0.000000,1,0.393657,0.812475,1,-1
22.493623,-1.252000,0.612000,1.767000,-1.242236,0.545090,1.815489,-1.225293,0.554089,1.875018,0.006825,0.019211,-0.012084,0.999719,0.171118,0.206817,0.101784,0.000193,-0.000444,0.010769,0.083208,0.125439,4.247329,20.515006,5,0,0.000000,1,0.393298,0.810273,1,-1
22.510271,-1.251000,0.615000,1.769000,-1.247476,0.598114,1.865341,-1.223228,0.558601,1.876464,0.008012,0.019443,-0.011610,0.999711,0.175421,0.205428,0.103468,0.000195,-0.000447,0.010779,0.097873,0.124501,2.444698,20.515006,5,0,0.000000,1,0.391833,0.811009,1,-1
22.526874,-1.250000,0.617000,1.770000,-1.308161,0.596540,1.761189,-1.222865,0.562862,1.876060,0.006447,0.019265,-0.011461,0.999728,0.178574,0.197250,0.105769,0.000201,-0.000449,0.010877,0.062282,0.122132,6.610801,20.515006,5,0,0.000000,1,0.397638,0.806252,1,-1
22.543569,-1.249000,0.620000,1.770000,-1.275596,0.571653,1.737853,-1.221499,0.566271,1.875325,0.006476,0.019372,-0.011655,0.999723,0.179075,0.196335,0.108918,0.000203,-0.000449,0.010994,0.063861,0.121394,2.098536,20.515006,5,0,0.000000,1,0.396986,0.805223,1,-1
22.560135,-1.248000,0.622000,1.772000,-1.275019,0.607774,1.904143,-1.220295,0.570401,1.877538,0.006064,0.019597,-0.011440,0.999724,0.180073,0.192664,0.110557,0.000208,-0.000452,0.010972,0.135625,0.120699,2.833061,20.515006,5,0,0.000000,1,0.391861,0.814452,1,-1
22.610023,-1.244000,0.630000,1.775000,-1.235525,0.569585,1.848848,-1.211753,0.579348,1.882341,0.004565,0.017829,-0.010912,0.999771,0.189629,0.181734,0.106063,0.000210,-0.000451,0.011001,0.095788,0.122994,2.814227,20.515006,5,0,0.000000,1,0.391934,0.810924,1,-1
22.643193,-1.241000,0.635000,1.778000,-1.226777,0.624862,1.842743,-1.206119,0.586607,1.884987,0.005727,0.017814,-0.011006,0.999764,0.195865,0.191939,0.105368,0.000211,-0.000453,0.011038,0.067058,0.122494,4.739318,20.515006,5,0,0.000000,1,0.391440,0.807135,1,-1
22.676522,-1.239000,0.639000,1.779000,-1.248443,0.576508,1.970557,-1.201071,0.592339,1.889934,0.007874,0.017156,-0.011654,0.999754,0.200007,0.188544,0.102070,0.000216,-0.000453,0.010967,0.201714,0.126183,2.313442,20.515006,5,0,0.000000,1,0.389047,0.820374,1,-1
22.693133,-1.237000,0.642000,1.780000,-1.184072,0.605886,1.859604,-1.197309,0.595756,1.891003,0.008852,0.016459,-0.011164,0.999763,0.204919,0.183940,0.099592,0.000214,-0.000453,0.010995,0.102188,0.126632,11.603392,20.515006,5,0,0.000000,1,0.389317,0.807721,1,-1
22.726329,-1.235000,0.646000,1.782000,-1.256412,0.574263,2.001051,-1.192521,0.600734,1.896274,0.006280,0.013476,-0.011247,0.999826,0.211609,0.179153,0.101265,0.000221,-0.000451,0.010902,0.231491,0.130046,1.527582,20.515006,5,0,0.000000,1,0.388549,0.823417,1,-1
22.743007,-1.233000,0.649000,1.783000,-1.243178,0.604300,1.881683,-1.190764,0.603706,1.897629,0.005966,0.012427,-0.011364,0.999840,0.208027,0.182031,0.101609,0.000225,-0.000451,0.010917,0.108812,0.130289,7.183542,20.515006,5,0,0.000000,1,0.391157,0.811705,1,-1
22.759624,-1.232000,0.652000,1.784000,-1.257697,0.614705,1.909199,-1.189484,0.606966,1.899492,0.006276,0.012017,-0.011341,0.999844,0.208514,0.187011,0.102254,0.000231,-0.000452,0.010909,0.133140,0.131049,0.915892,20.515006,5,0,0.000000,1,0.390942,0.813797,1,-1
22.776219,-1.230000,0.654000,1.785000,-1.263300,0.622546,1.921822,-1.188549,0.610317,1.901466,0.006266,0.011611,-0.011242,0.999850,0.206494,0.189424,0.099022,0.000237,-0.000453,0.010891,0.144286,0.131113,3.522839,20.515006,5,0,0.000000,1,0.390782,0.814581,1,-1
22.792845,-1.229000,0.656000,1.786000,-1.259231,0.633764,1.822191,-1.187456,0.613926,1.901523,0.004742,0.011053,-0.011452,0.999862,0.206825,0.188430,0.096045,0.000242,-0.000454,0.010961,0.052135,0.129776,3.712957,20.515006,5,0,0.000000,1,0.393360,0.806345,1,-1
22.809490,-1.227000,0.657000,1.786000,-1.211103,0.597743,2.081701,-1.184903,0.616445,1.906401,0.004566,0.010714,-0.011236,0.999869,0.208781,0.191650,0.100972,0.000246,-0.000453,0.010810,0.301998,0.133841,2.162094,20.515006,5,0,0.000000,1,0.384572,0.827556,1,-1
22.826132,-1.225000,0.661000,1.787000,-1.257479,0.606635,1.880292,-1.183683,0.619252,1.907571,0.004862,0.009472,-0.011016,0.999883,0.213307,0.198722,0.103001,0.000252,-0.000452,0.010834,0.112756,0.134117,2.903556,20.515006,5,0,0.000000,1,0.391791,0.812022,1,-1
22.842789,-1.224000,0.663000,1.788000,-1.243714,0.636895,1.826082,-1.181979,0.623007,1.907798,0.006431,0.009032,-0.011368,0.999874,0.211405,0.202375,0.106462,0.000256,-0.000452,0.010904,0.050203,0.133104,1.106777,20.515006,5,0,0.000000,1,0.392556,0.805891,1,-1
22.859334,-1.223000,0.665000,1.789000,-1.239192,0.631986,1.959675,-1.180425,0.626376,1.910432,0.007675,0.009575,-0.011394,0.999860,0.206965,0.203491,0.112046,0.000261,-0.000453,0.010863,0.174592,0.134351,2.465335,20.515006,5,0,0.000000,1,0.388698,0.816231,1,-1
22.876014,-1.221000,0.667000,1.790000,-1.234055,0.626537,1.832256,-1.178746,0.629497,1.910823,0.008105,0.010857,-0.010973,0.999848,0.204489,0.194183,0.115569,0.000264,-0.000452,0.010930,0.059944,0.133380,3.953278,20.515006,5,0,0.000000,1,0.392033,0.806571,1,-1
22.909321,-1.219000,0.672000,1.793000,-1.246170,0.607404,1.846348,-1.174141,0.635041,1.913354,0.008057,0.011189,-0.011125,0.999843,0.204284,0.189901,0.110560,0.000269,-0.000449,0.010988,0.088073,0.133653,2.216179,20.515006,5,0,0.000000,1,0.392265,0.809083,1,-1
22.925818,-1.217000,0.675000,1.794000,-1.256734,0.640629,1.855366,-1.173414,0.638060,1.913980,0.009041,0.010882,-0.011003,0.999839,0.204643,0.186447,0.107312,0.000275,-0.000449,0.011038,0.080784,0.132889,4.775260,20.515006,5,0,0.000000,1,0.392259,0.808224,1,-1
22.942466,-1.216000,0.676000,1.794000,-1.216153,0.656830,1.929891,-1.171463,0.641468,1.915937,0.011021,0.011077,-0.010942,0.999818,0.203020,0.182005,0.104607,0.000278,-0.000450,0.011027,0.137237,0.134330,2.940003,20.515006,5,0,0.000000,1,0.388429,0.811578,1,-1
22.959165,-1.214000,0.680000,1.795000,-1.277311,0.664834,1.761999,-1.171275,0.644998,1.914820,0.012288,0.011735,-0.010884,0.999796,0.202440,0.181776,0.102523,0.000285,-0.000451,0.011156,0.072989,0.131937,2.115642,20.515006,5,0,0.000000,1,0.395694,0.801004,1,-1
22.975790,-1.213000,0.681000,1.796000,-1.245594,0.651937,1.892768,-1.170168,0.648063,1.916086,0.013171,0.012525,-0.010898,0.999775,0.200787,0.178596,0.103196,0.000290,-0.000451,0.011176,0.106165,0.131682,2.340264,20.515006,5,0,0.000000,1,0.390668,0.809999,1,-1
22.992391,-1.212000,0.682000,1.797000,-1.250135,0.673140,1.858526,-1.169175,0.651596,1.916729,0.012128,0.013052,-0.011047,0.999780,0.201645,0.172475,0.101653,0.000296,-0.000452,0.011226,0.072926,0.130742,2.394419,20.515006,5,0,0.000000,1,0.391665,0.806338,1,-1
23.008920,-1.210000,0.686000,1.798000,-1.317646,0.650089,1.867352,-1.170205,0.654193,1.917421,0.011568,0.013591,-0.011308,0.999777,0.200840,0.170902,0.098764,0.000306,-0.000451,0.011268,0.132992,0.129833,3.036825,20.515006,5,0,0.000000,1,0.394527,0.810670,1,-1
23.025617,-1.209000,0.687000,1.799000,-1.207539,0.664573,1.877188,-1.168068,0.657153,1.918273,0.011301,0.014241,-0.011115,0.999773,0.202490,0.169813,0.097545,0.000309,-0.000451,0.011303,0.081354,0.129585,2.607559,20.515006,5,0,0.000000,1,0.389448,0.806741,1,-1
23.042279,-1.207000,0.689000,1.800000,-1.299334,0.668701,1.835519,-1.168455,0.660196,1.918356,0.011388,0.014221,-0.011025,0.999773,0.205225,0.175221,0.095581,0.000317,-0.000451,0.011372,0.100992,0.127764,2.976774,20.515006,5,0,0.000000,1,0.394497,0.806521,1,-1
23.058851,-1.206000,0.691000,1.801000,-1.229951,0.677300,1.818056,-1.166813,0.663515,1.918156,0.012013,0.014290,-0.011195,0.999763,0.209505,0.180210,0.096371,0.000321,-0.000451,0.011454,0.032439,0.126556,4.424466,20.515006,5,0,0.000000,1,0.391913,0.802504,1,-1
23.092059,-1.203000,0.694000,1.803000,-1.267775,0.649191,1.818002,-1.162920,0.668815,1.919465,0.012850,0.015348,-0.010626,0.999743,0.210594,0.174191,0.095236,0.000327,-0.000449,0.011539,0.080179,0.125717,3.484737,20.515006,5,0,0.000000,1,0.393749,0.805426,1,-1
23.108737,-1.201000,0.696000,1.804000,-1.217905,0.703912,1.891861,-1.161130,0.672542,1.920521,0.011275,0.015542,-0.011149,0.999753,0.208290,0.174970,0.098125,0.000331,-0.000451,0.011564,0.089822,0.125367,3.410699,20.515006,5,0,0.000000,1,0.389196,0.806029,1,-1
23.125343,-1.200000,0.698000,1.805000,-1.276162,0.614425,1.977393,-1.160980,0.673753,1.923149,0.010676,0.016074,-0.011428,0.999748,0.206762,0.174210,0.101371,0.000341,-0.000446,0.011520,0.206167,0.126766,5.150805,20.515006,5,0,0.000000,1,0.389824,0.820145,1,-1
23.158523,-1.197000,0.702000,1.808000,-1.175144,0.693351,1.854162,-1.154719,0.679707,1.925202,0.010365,0.016512,-0.011040,0.999749,0.215493,0.168343,0.102389,0.000341,-0.000447,0.011579,0.051802,0.126574,3.208455,20.515006,5,0,0.000000,1,0.388573,0.802327,1,-1
23.175188,-1.195000,0.703000,1.809000,-1.275614,0.654119,1.910974,-1.154683,0.681629,1.926573,0.010139,0.016255,-0.011307,0.999753,0.215525,0.163072,0.100814,0.000350,-0.000445,0.011593,0.138877,0.126118,2.639069,20.515006,5,0,0.000000,1,0.391411,0.812395,1,-1
23.191888,-1.194000,0.704000,1.810000,-1.228379,0.666453,1.830802,-1.153291,0.683739,1.926484,0.009814,0.016206,-0.011140,0.999758,0.214919,0.157539,0.097441,0.000355,-0.000442,0.011673,0.054994,0.125045,1.714552,20.515006,5,0,0.000000,1,0.391569,0.803981,1,-1
23.208442,-1.191000,0.707000,1.812000,-1.226444,0.658792,1.897466,-1.151858,0.685606,1.927535,0.009199,0.016785,-0.011176,0.999754,0.213434,0.159934,0.094651,0.000360,-0.000440,0.011698,0.104330,0.123847,4.398673,20.515006,5,0,0.000000,1,0.389705,0.809288,1,-1
23.225049,-1.190000,0.708000,1.813000,-1.205160,0.667464,1.893349,-1.149999,0.687604,1.928416,0.009294,0.017422,-0.011389,0.999740,0.217751,0.163830,0.094895,0.000363,-0.000438,0.011727,0.091263,0.123843,1.270114,20.515006,5,0,0.000000,1,0.388899,0.807723,1,-1
23.258335,-1.186000,0.712000,1.815000,-1.228647,0.686807,1.923715,-1.145127,0.692883,1.931363,0.010886,0.017982,-0.011031,0.999718,0.222345,0.164564,0.093269,0.000370,-0.000438,0.011734,0.119467,0.124806,5.208693,20.515006,5,0,0.000000,1,0.388899,0.809906,1,-1
23.274984,-1.183000,0.714000,1.816000,-1.202896,0.681889,1.933844,-1.143159,0.695201,1.932899,0.010602,0.018003,-0.011096,0.999720,0.223536,0.161188,0.089768,0.000374,-0.000436,0.011734,0.123751,0.124924,2.540001,20.515006,5,0,0.000000,1,0.387642,0.810069,1,-1
23.291532,-1.183000,0.715000,1.817000,-1.213167,0.668101,1.875844,-1.141662,0.696913,1.933239,0.009877,0.017702,-0.011633,0.999727,0.225330,0.162034,0.084508,0.000379,-0.000434,0.011782,0.081069,0.124689,2.567090,20.515006,5,0,0.000000,1,0.389690,0.806645,1,-1
23.324901,-1.179000,0.717000,1.819000,-1.178747,0.660475,1.938135,-1.135372,0.701069,1.935932,0.008473,0.017314,-0.011465,0.999748,0.234386,0.160476,0.077970,0.000382,-0.000430,0.011780,0.131865,0.125818,3.384790,20.515006,5,0,0.000000,1,0.386728,0.810621,1,-1
23.341466,-1.177000,0.719000,1.820000,-1.226202,0.640081,1.916505,-1.134162,0.701928,1.936848,0.006992,0.016672,-0.011227,0.999774,0.237359,0.162262,0.078721,0.000389,-0.000425,0.011798,0.134024,0.125618,2.499843,20.515006,5,0,0.000000,1,0.389293,0.811787,1,-1
23.358119,-1.174000,0.721000,1.821000,-1.214207,0.685211,1.925410,-1.132777,0.703946,1.937887,0.005775,0.016208,-0.011295,0.999788,0.237381,0.163955,0.081821,0.000395,-0.000424,0.011809,0.117469,0.125111,0.748230,20.515006,5,0,0.000000,1,0.388288,0.809615,1,-1
23.374678,-1.173000,0.723000,1.822000,-1.235737,0.677037,1.924643,-1.131958,0.705746,1.938937,0.004171,0.015520,-0.011420,0.999806,0.237655,0.166127,0.081903,0.000402,-0.000421,0.011821,0.128779,0.125125,4.314485,20.515006,5,0,0.000000,1,0.389227,0.810776,1,-1
23.391358,-1.171000,0.724000,1.823000,-1.209398,0.690016,1.903621,-1.130368,0.707951,1.939615,0.003902,0.015279,-0.011732,0.999807,0.234518,0.171254,0.081584,0.000408,-0.000419,0.011851,0.095546,0.124529,3.111628,20.515006,5,0,0.000000,1,0.388642,0.807438,1,-1
23.408014,-1.169000,0.725000,1.824000,-1.194946,0.673135,1.934126,-1.128416,0.709742,1.940839,0.005277,0.015638,-0.011688,0.999795,0.232955,0.172854,0.083592,0.000413,-0.000416,0.011857,0.124463,0.124624,1.577887,20.515006,5,0,0.000000,1,0.387381,0.810260,1,-1
23.424597,-1.166000,0.728000,1.825000,-1.160448,0.721870,1.966910,-1.125545,0.712837,1.942667,0.007381,0.016266,-0.011486,0.999774,0.235506,0.172281,0.084079,0.000415,-0.000417,0.011838,0.142150,0.125348,6.913699,20.515006,5,0,0.000000,1,0.384922,0.809180,1,-1
23.443331,-1.164000,0.729000,1.826000,-1.213642,0.653868,1.945527,-1.123825,0.714174,1.944154,0.008604,0.016949,-0.011363,0.999755,0.238122,0.166426,0.080379,0.000422,-0.000412,0.011837,0.149653,0.125675,2.302658,20.515006,5,0,0.000000,1,0.387931,0.812911,1,-1
23.459866,-1.162000,0.730000,1.827000,-1.186579,0.697063,1.931475,-1.121827,0.716223,1.945140,0.009463,0.017076,-0.011150,0.999747,0.240665,0.160023,0.073470,0.000427,-0.000411,0.011849,0.112267,0.125542,3.321176,20.515006,5,0,0.000000,1,0.386970,0.808474,1,-1
23.476553,-1.160000,0.732000,1.827000,-1.147647,0.699390,2.086437,-1.118698,0.718290,1.948707,0.008213,0.015907,-0.011074,0.999778,0.243873,0.160681,0.069797,0.000431,-0.000410,0.011738,0.261771,0.129253,3.012762,20.515006,5,0,0.000000,1,0.381724,0.820615,1,-1
23.493155,-1.158000,0.733000,1.828000,-1.224420,0.710852,1.933201,-1.117644,0.720686,1.949562,0.007194,0.014618,-0.011050,0.999806,0.243175,0.166134,0.069821,0.000438,-0.000409,0.011752,0.126370,0.128676,3.323530,20.515006,5,0,0.000000,1,0.388306,0.809205,1,-1
23.509765,-1.155000,0.735000,1.829000,-1.172349,0.672131,1.884947,-1.115133,0.722149,1.949604,0.006596,0.013850,-0.010894,0.999823,0.246720,0.172373,0.070444,0.000441,-0.000405,0.011804,0.085928,0.127671,5.837533,20.515006,5,0,0.000000,1,0.387796,0.805643,1,-1
23.526334,-1.153000,0.737000,1.830000,-1.190364,0.734123,1.808796,-1.113316,0.725092,1.948272,0.005942,0.013243,-0.010675,0.999838,0.245743,0.166859,0.067128,0.000445,-0.000405,0.011916,0.043058,0.125319,0.498683,20.515006,5,0,0.000000,1,0.390075,0.797266,1,-1
23.542989,-1.151000,0.738000,1.831000,-1.185244,0.662341,1.953974,-1.111342,0.726007,1.949422,0.003326,0.012776,-0.011011,0.999852,0.245916,0.160346,0.065630,0.000450,-0.000400,0.011912,0.148390,0.125460,6.604061,20.515006,5,0,0.000000,1,0.386557,0.812068,1,-1
23.559663,-1.148000,0.740000,1.832000,-1.151704,0.721193,1.908620,-1.108513,0.728412,1.949774,0.002227,0.012716,-0.011569,0.999850,0.241725,0.159245,0.065062,0.000453,-0.000399,0.011945,0.078981,0.124757,1.457815,20.515006,5,0,0.000000,1,0.386063,0.804130,1,-1
23.576285,-1.147000,0.741000,1.832000,-1.202863,0.722921,1.896232,-1.107121,0.730847,1.949943,0.003498,0.012983,-0.011822,0.999840,0.236341,0.159281,0.067081,0.000459,-0.000398,0.011988,0.087025,0.124915,3.110476,20.515006,5,0,0.000000,1,0.388336,0.804798,1,-1
23.592885,-1.144000,0.743000,1.833000,-1.207591,0.695190,1.940919,-1.106143,0.732349,1.950851,0.005458,0.013861,-0.011576,0.999822,0.232971,0.157519,0.068675,0.000466,-0.000395,0.011997,0.134075,0.124239,2.065819,20.515006,5,0,0.000000,1,0.387552,0.810110,1,-1
23.609486,-1.143000,0.744000,1.834000,-1.135739,0.698490,1.938084,-1.103280,0.733900,1.951718,0.007224,0.014559,-0.011476,0.999802,0.232517,0.153869,0.069159,0.000468,-0.000392,0.012008,0.113830,0.124648,7.095708,20.515006,5,0,0.000000,1,0.384890,0.807056,1,-1
23.626137,-1.141000,0.745000,1.835000,-1.189928,0.724309,1.895495,-1.101808,0.736049,1.951873,0.009214,0.015679,-0.011624,0.999767,0.234600,0.147658,0.068318,0.000473,-0.000391,0.012053,0.080509,0.123594,1.518313,20.515006,5,0,0.000000,1,0.387837,0.804233,1,-1
23.642798,-1.138000,0.749000,1.835000,-1.193052,0.716236,1.866011,-1.100356,0.737854,1.951538,0.011186,0.016119,-0.011467,0.999742,0.237320,0.140420,0.066624,0.000478,-0.000389,0.012120,0.071175,0.122973,1.503351,20.515006,5,0,0.000000,1,0.388797,0.802523,1,-1
23.675961,-1.134000,0.752000,1.837000,-1.150316,0.728032,1.912759,-1.094122,0.741859,1.952992,0.012087,0.015849,-0.011522,0.999735,0.238530,0.131619,0.065905,0.000482,-0.000387,0.012152,0.081118,0.123074,0.496704,20.515006,5,0,0.000000,1,0.385856,0.804047,1,-1
23.692594,-1.131000,0.753000,1.837000,-1.171614,0.690426,1.963103,-1.092371,0.742575,1.954182,0.012081,0.015360,-0.011147,0.999747,0.241303,0.131140,0.062807,0.000487,-0.000383,0.012146,0.146516,0.123825,1.921603,20.515006,5,0,0.000000,1,0.385639,0.810876,1,-1
23.725886,-1.127000,0.756000,1.839000,-1.139341,0.725166,1.933904,-1.085756,0.746366,1.955799,0.015439,0.014158,-0.011355,0.999716,0.245895,0.129843,0.057913,0.000491,-0.000382,0.012164,0.100547,0.124241,1.149160,20.515006,5,0,0.000000,1,0.384945,0.805503,1,-1
23.742465,-1.124000,0.758000,1.840000,-1.191226,0.689182,1.897219,-1.084787,0.746811,1.955687,0.017030,0.013552,-0.010923,0.999703,0.243588,0.123323,0.055425,0.000498,-0.000377,0.012211,0.111934,0.122663,2.176318,20.515006,5,0,0.000000,1,0.388098,0.806342,1,-1
23.759122,-1.122000,0.760000,1.840000,-1.157924,0.689829,1.920616,-1.082929,0.747128,1.955945,0.017322,0.012977,-0.010926,0.999706,0.241131,0.112223,0.053598,0.000503,-0.000372,0.012240,0.112754,0.123026,4.257928,20.515006,5,0,0.000000,1,0.386207,0.806933,1,-1
23.775759,-1.120000,0.761000,1.841000,-1.152398,0.693034,2.014890,-1.080962,0.747451,1.957813,0.017599,0.013436,-0.011190,0.999692,0.237901,0.108314,0.055704,0.000509,-0.000368,0.012195,0.189490,0.123907,1.080277,20.515006,5,0,0.000000,1,0.383637,0.814472,1,-1
23.792377,-1.118000,0.762000,1.842000,-1.163986,0.732354,1.937312,-1.079335,0.748786,1.958396,0.018489,0.014183,-0.011210,0.999666,0.237820,0.106524,0.058960,0.000515,-0.000367,0.012212,0.109900,0.123360,3.448771,20.515006,5,0,0.000000,1,0.385716,0.806281,1,-1
23.809001,-1.116000,0.763000,1.842000,-1.193197,0.760167,1.918036,-1.078670,0.750638,1.958648,0.019181,0.014979,-0.010914,0.999644,0.236603,0.098248,0.060622,0.000522,-0.000367,0.012245,0.108392,0.123098,2.431044,20.515006,5,0,0.000000,1,0.387091,0.804151,1,-1
23.858909,-1.109000,0.767000,1.844000,-1.178740,0.711589,1.970322,-1.069685,0.753894,1.961631,0.016986,0.014778,-0.011339,0.999682,0.245616,0.085848,0.055144,0.000531,-0.000363,0.012238,0.154568,0.124718,2.280461,20.515006,5,0,0.000000,1,0.385584,0.810674,1,-1
23.875498,-1.107000,0.768000,1.845000,-1.162357,0.744884,1.883220,-1.068257,0.754996,1.961171,0.016593,0.014548,-0.011121,0.999695,0.245100,0.081629,0.054181,0.000537,-0.000362,0.012303,0.071130,0.123149,1.856596,20.515006,5,0,0.000000,1,0.386929,0.801234,1,-1
23.892096,-1.105000,0.769000,1.846000,-1.188786,0.687155,1.902787,-1.067744,0.754358,1.961009,0.015787,0.014083,-0.010980,0.999716,0.244983,0.073944,0.054347,0.000545,-0.000356,0.012350,0.130167,0.121776,3.142776,20.515006,5,0,0.000000,1,0.387870,0.806798,1,-1
23.908720,-1.103000,0.770000,1.847000,-1.135503,0.725933,1.908772,-1.065730,0.754714,1.960994,0.015414,0.014005,-0.011167,0.999721,0.242326,0.070614,0.055900,0.000549,-0.000353,0.012393,0.082547,0.120902,4.775667,20.515006,5,0,0.000000,1,0.385424,0.803326,1,-1
23.925408,-1.101000,0.770000,1.847000,-1.146284,0.743883,2.014704,-1.064068,0.755551,1.962836,0.016501,0.014803,-0.011312,0.999690,0.240054,0.070645,0.059535,0.000556,-0.000353,0.012352,0.175662,0.122437,0.537959,20.515006,5,0,0.000000,1,0.383096,0.811752,1,-1
23.941983,-1.098000,0.772000,1.848000,-1.169552,0.722432,1.829176,-1.063018,0.755776,1.961520,0.017576,0.015614,-0.010883,0.999664,0.243127,0.069401,0.058123,0.000562,-0.000349,0.012459,0.089056,0.119890,3.662018,20.515006,5,0,0.000000,1,0.388795,0.798731,1,-1
23.958666,-1.096000,0.772000,1.848000,-1.146276,0.739877,1.990031,-1.061463,0.756361,1.962890,0.017152,0.015935,-0.011192,0.999663,0.245365,0.061606,0.056210,0.000569,-0.000348,0.012438,0.154053,0.120984,2.345580,20.515006,5,0,0.000000,1,0.383717,0.809749,1,-1
23.975221,-1.093000,0.775000,1.849000,-1.169685,0.691482,1.926843,-1.060512,0.755552,1.963150,0.018251,0.016171,-0.011211,0.999640,0.244944,0.055393,0.055043,0.000576,-0.000343,0.012467,0.137533,0.120266,1.502788,20.515006,5,0,0.000000,1,0.386482,0.807776,1,-1
24.008552,-1.089000,0.775000,1.850000,-1.162307,0.719832,2.000734,-1.055364,0.756195,1.965485,0.022559,0.017442,-0.010647,0.999537,0.248206,0.040852,0.047698,0.000585,-0.000340,0.012439,0.176460,0.121745,2.183171,20.515006,5,0,0.000000,1,0.384170,0.812295,1,-1
24.025148,-1.087000,0.776000,1.851000,-1.181949,0.729435,1.939946,-1.054760,0.756020,1.965772,0.022516,0.017300,-0.010939,0.999537,0.248786,0.027860,0.041554,0.000594,-0.000337,0.012461,0.138184,0.120877,1.724430,20.515006,5,0,0.000000,1,0.386346,0.807281,1,-1
24.041752,-1.084000,0.777000,1.851000,-1.151052,0.769364,1.887071,-1.053494,0.756759,1.965049,0.021814,0.017143,-0.010741,0.999557,0.249769,0.021554,0.037304,0.000600,-0.000338,0.012524,0.076520,0.119782,5.620896,20.515006,5,0,0.000000,1,0.386201,0.799821,1,-1
24.058373,-1.082000,0.776000,1.852000,-1.194582,0.719634,1.942193,-1.053319,0.756027,1.965221,0.019938,0.016948,-0.010634,0.999601,0.250423,0.011972,0.034650,0.000610,-0.000334,0.012544,0.154876,0.118492,1.803745,20.515006,5,0,0.000000,1,0.386842,0.808436,1,-1
24.074977,-1.080000,0.777000,1.852000,-1.131108,0.792131,1.920815,-1.051386,0.757129,1.965056,0.019746,0.017185,-0.010806,0.999599,0.251617,0.005821,0.038095,0.000615,-0.000337,0.012580,0.087042,0.118302,4.718834,20.515006,5,0,0.000000,1,0.384439,0.800650,1,-1
24.091600,-1.077000,0.778000,1.853000,-1.142572,0.736486,1.925091,-1.049709,0.756636,1.964998,0.020303,0.017780,-0.010653,0.999579,0.252310,-0.000952,0.037028,0.000622,-0.000335,0.012612,0.105926,0.117238,0.572404,20.515006,5,0,0.000000,1,0.385200,0.804320,1,-1
24.108176,-1.075000,0.779000,1.853000,-1.142338,0.755596,1.888598,-1.048248,0.756568,1.964286,0.020547,0.018853,-0.010772,0.999553,0.253039,-0.002540,0.036407,0.000627,-0.000334,0.012673,0.079683,0.116634,1.184580,20.515006,5,0,0.000000,1,0.385953,0.800415,1,-1
24.124828,-1.073000,0.779000,1.854000,-1.127646,0.767979,1.912432,-1.046362,0.756801,1.963978,0.020084,0.019990,-0.011127,0.999536,0.254006,-0.007718,0.034523,0.000632,-0.000334,0.012714,0.080758,0.115314,1.719791,20.515006,5,0,0.000000,1,0.384723,0.801145,1,-1
24.141467,-1.070000,0.780000,1.854000,-1.132922,0.747352,1.890964,-1.044539,0.756363,1.963326,0.019872,0.020580,-0.011100,0.999529,0.258279,-0.017570,0.035861,0.000637,-0.000333,0.012772,0.079946,0.114714,1.634103,20.515006,5,0,0.000000,1,0.385611,0.800730,1,-1
24.158100,-1.068000,0.779000,1.855000,-1.087526,0.718040,1.939798,-1.041466,0.755028,1.963515,0.019008,0.020616,-0.010713,0.999549,0.262650,-0.023779,0.036519,0.000640,-0.000330,0.012791,0.106245,0.114255,2.725200,20.515006,5,0,0.000000,1,0.383011,0.804415,1,-1
24.174722,-1.065000,0.779000,1.855000,-1.110804,0.756116,1.947002,-1.039212,0.754699,1.963811,0.019094,0.020595,-0.010815,0.999547,0.266316,-0.024047,0.037792,0.000645,-0.000330,0.012804,0.105290,0.114435,3.720893,20.515006,5,0,0.000000,1,0.383381,0.803988,1,-1
24.191302,-1.062000,0.779000,1.856000,-1.129675,0.768920,1.937441,-1.037374,0.754651,1.963992,0.019275,0.020737,-0.010614,0.999543,0.268665,-0.028866,0.040494,0.000651,-0.000330,0.012826,0.106368,0.113409,2.288693,20.515006,5,0,0.000000,1,0.384179,0.803196,1,-1
24.207987,-1.060000,0.780000,1.856000,-1.100867,0.764401,1.873977,-1.034737,0.754380,1.963164,0.017995,0.019992,-0.010547,0.999583,0.270684,-0.036413,0.042221,0.000655,-0.000330,0.012896,0.047293,0.113043,0.900751,20.515006,5,0,0.000000,1,0.384729,0.797484,1,-1
24.224595,-1.058000,0.779000,1.857000,-1.125218,0.765748,1.891420,-1.032725,0.754090,1.962686,0.017926,0.019705,-0.010901,0.999586,0.271317,-0.035825,0.046344,0.000660,-0.000331,0.012951,0.076672,0.111485,4.661924,20.515006,5,0,0.000000,1,0.385169,0.799531,1,-1
24.241206,-1.054000,0.780000,1.857000,-1.115073,0.745203,1.941659,-1.030445,0.753273,1.963106,0.018488,0.019838,-0.011034,0.999571,0.269981,-0.035075,0.047052,0.000666,-0.000330,0.012968,0.110036,0.111927,2.895026,20.515006,5,0,0.000000,1,0.383740,0.804249,1,-1
24.257833,-1.052000,0.780000,1.858000,-1.096063,0.773144,1.950810,-1.027920,0.753231,1.963622,0.018649,0.019660,-0.010757,0.999575,0.272361,-0.035080,0.045148,0.000670,-0.000331,0.012978,0.102967,0.111590,4.419553,20.515006,5,0,0.000000,1,0.382650,0.802934,1,-1
24.291117,-1.046000,0.779000,1.859000,-1.072592,0.756059,1.925641,-1.020140,0.752012,1.964386,0.018604,0.018348,-0.010952,0.999599,0.282932,-0.045734,0.040906,0.000674,-0.000331,0.013009,0.075329,0.111818,2.642371,20.515006,5,0,0.000000,1,0.382568,0.800907,1,-1
24.307733,-1.043000,0.780000,1.859000,-1.100385,0.751501,1.970155,-1.017668,0.751231,1.965126,0.018414,0.017171,-0.010694,0.999626,0.282883,-0.048897,0.039462,0.000680,-0.000331,0.013005,0.128299,0.112836,2.810412,20.515006,5,0,0.000000,1,0.382506,0.805773,1,-1
24.324353,-1.041000,0.778000,1.860000,-1.099125,0.726063,1.941767,-1.015440,0.749767,1.965330,0.016296,0.016296,-0.010438,0.999680,0.281101,-0.058933,0.037466,0.000685,-0.000329,0.013023,0.112968,0.112004,0.961650,20.515006,5,0,0.000000,1,0.383313,0.804622,1,-1
24.340915,-1.037000,0.779000,1.860000,-1.132094,0.739101,1.834755,-1.014071,0.748524,1.963741,0.013136,0.015837,-0.010663,0.999731,0.280711,-0.062228,0.035143,0.000692,-0.000327,0.013125,0.106170,0.110529,2.492460,20.515006,5,0,0.000000,1,0.387067,0.797003,1,-1
24.357585,-1.035000,0.779000,1.860000,-1.079632,0.776264,1.879406,-1.011276,0.748252,1.962899,0.010397,0.015983,-0.010592,0.999762,0.281989,-0.059810,0.033783,0.000695,-0.000328,0.013190,0.048746,0.109984,2.013871,20.515006,5,0,0.000000,1,0.383748,0.796579,1,-1
24.374233,-1.031000,0.779000,1.861000,-1.102232,0.755306,1.981007,-1.009079,0.747511,1.963741,0.008840,0.016077,-0.010627,0.999775,0.280603,-0.055261,0.033455,0.000702,-0.000329,0.013177,0.141552,0.109672,1.482875,20.515006,5,0,0.000000,1,0.382288,0.806581,1,-1
24.390815,-1.029000,0.779000,1.861000,-1.083805,0.738031,1.927566,-1.006699,0.746494,1.963651,0.009090,0.016360,-0.010809,0.999766,0.280274,-0.047252,0.031335,0.000707,-0.000328,0.013205,0.095462,0.109960,2.685825,20.515006,5,0,0.000000,1,0.383037,0.802343,1,-1
24.407466,-1.027000,0.778000,1.861000,-1.046059,0.722798,1.938504,-1.003354,0.745121,1.963692,0.009767,0.016742,-0.010753,0.999754,0.280143,-0.052840,0.026615,0.000710,-0.000326,0.013225,0.097043,0.110389,2.587117,20.515006,5,0,0.000000,1,0.381607,0.802498,1,-1
24.424056,-1.023000,0.778000,1.861000,-1.079589,0.746969,1.850715,-1.000871,0.744274,1.962245,0.009768,0.017826,-0.010458,0.999739,0.278374,-0.060753,0.022824,0.000713,-0.000325,0.013311,0.065353,0.108984,2.563300,20.515006,5,0,0.000000,1,0.384675,0.795996,1,-1
24.440689,-1.020000,0.778000,1.861000,-1.049366,0.722728,1.995920,-0.997607,0.742757,1.963142,0.008448,0.018940,-0.010593,0.999729,0.283994,-0.060608,0.021232,0.000717,-0.000324,0.013285,0.148731,0.110347,1.451313,20.515006,5,0,0.000000,1,0.380410,0.807298,1,-1
24.457316,-1.017000,0.779000,1.861000,-1.073329,0.774879,1.911314,-0.994886,0.742634,1.962655,0.007292,0.019508,-0.010947,0.999723,0.286480,-0.055744,0.022435,0.000722,-0.000326,0.013326,0.075641,0.110205,2.836249,20.515006,5,0,0.000000,1,0.382785,0.798880,1,-1
24.490571,-1.012000,0.778000,1.862000,-1.035190,0.749376,1.882802,-0.986722,0.740983,1.962117,0.007282,0.022112,-0.011340,0.999665,0.291728,-0.057651,0.024838,0.000724,-0.000326,0.013388,0.042306,0.109693,3.726948,20.515006,5,0,0.000000,1,0.382354,0.796644,1,-1
24.507238,-1.008000,0.778000,1.863000,-1.023024,0.756808,1.867407,-0.982998,0.740479,1.960970,0.008684,0.022878,-0.011476,0.999635,0.296870,-0.055228,0.026126,0.000725,-0.000326,0.013461,0.026349,0.107847,2.460160,20.515006,5,0,0.000000,1,0.382251,0.794749,1,-1
24.523825,-1.004000,0.779000,1.863000,-1.034669,0.727975,1.938592,-0.979527,0.739259,1.961042,0.010136,0.023193,-0.011205,0.999617,0.301851,-0.055833,0.027311,0.000729,-0.000325,0.013479,0.096220,0.108584,1.883130,20.515006,5,0,0.000000,1,0.381197,0.801827,1,-1
24.540434,-1.001000,0.780000,1.863000,-1.069714,0.756052,1.939261,-0.977191,0.738785,1.961112,0.011367,0.022429,-0.011041,0.999623,0.303296,-0.062251,0.027573,0.000735,-0.000326,0.013497,0.105408,0.109048,3.614475,20.515006,5,0,0.000000,1,0.382153,0.801888,1,-1
24.590345,-0.992000,0.780000,1.865000,-1.028791,0.721493,1.942004,-0.963575,0.735139,1.962189,0.012868,0.020480,-0.011049,0.999646,0.315908,-0.065018,0.029101,0.000740,-0.000325,0.013513,0.103471,0.110753,0.987656,20.515006,5,0,0.000000,1,0.380968,0.802153,1,-1
24.623549,-0.984000,0.782000,1.866000,-0.976682,0.755458,1.907623,-0.953791,0.733638,1.962226,0.015023,0.019489,-0.011376,0.999632,0.324794,-0.065948,0.031126,0.000741,-0.000326,0.013558,0.049905,0.111853,4.502590,20.515006,5,0,0.000000,1,0.379858,0.796021,1,-1
24.656892,-0.977000,0.781000,1.867000,-1.035461,0.784263,1.972083,-0.945542,0.732720,1.963479,0.017156,0.017581,-0.010930,0.999639,0.328752,-0.081040,0.032609,0.000748,-0.000330,0.013551,0.120294,0.112378,3.017629,20.515006,5,0,0.000000,1,0.380081,0.801995,1,-1
24.673490,-0.974000,0.781000,1.868000,-1.021595,0.714554,1.935791,-0.942409,0.730860,1.963493,0.017189,0.016688,-0.011323,0.999649,0.328500,-0.087044,0.029233,0.000754,-0.000328,0.013574,0.106189,0.112387,0.446412,20.515006,5,0,0.000000,1,0.380917,0.801694,1,-1
24.690076,-0.971000,0.782000,1.868000,-1.007075,0.737547,1.873560,-0.939191,0.729644,1.962391,0.016767,0.015313,-0.011532,0.999676,0.325748,-0.095779,0.027677,0.000758,-0.000328,0.013648,0.057519,0.112528,3.968558,20.515006,5,0,0.000000,1,0.381718,0.795515,1,-1
24.706632,-0.966000,0.782000,1.869000,-1.000483,0.772179,1.964781,-0.935817,0.729260,1.962874,0.016940,0.014215,-0.011711,0.999687,0.324157,-0.103934,0.027454,0.000763,-0.000331,0.013647,0.102272,0.111825,1.528156,20.515006,5,0,0.000000,1,0.379235,0.800618,1,-1
24.723331,-0.963000,0.783000,1.869000,-0.975104,0.717355,1.953055,-0.931775,0.727275,1.963127,0.017837,0.013534,-0.011938,0.999678,0.322719,-0.105508,0.025187,0.000766,-0.000330,0.013655,0.107336,0.113755,4.502565,20.515006,5,0,0.000000,1,0.379055,0.801002,1,-1
24.756666,-0.956000,0.782000,1.870000,-0.972099,0.759391,1.947860,-0.922522,0.724601,1.963631,0.018061,0.014094,-0.012063,0.999665,0.317042,-0.118339,0.022499,0.000770,-0.000333,0.013668,0.082659,0.114814,6.486090,20.515006,5,0,0.000000,1,0.378820,0.798721,1,-1
24.773130,-0.952000,0.782000,1.870000,-1.010782,0.769883,1.986567,-0.920091,0.724022,1.964374,0.017907,0.014785,-0.011931,0.999659,0.320155,-0.119085,0.021463,0.000778,-0.000337,0.013651,0.131111,0.115266,1.155149,20.515006,5,0,0.000000,1,0.379098,0.802911,1,-1
24.789786,-0.948000,0.783000,1.871000,-0.961284,0.728577,1.972563,-0.916164,0.722250,1.964835,0.016487,0.014941,-0.012127,0.999679,0.324186,-0.123065,0.019165,0.000782,-0.000337,0.013644,0.115989,0.116228,1.522763,20.515006,5,0,0.000000,1,0.378160,0.801488,1,-1
24.806433,-0.945000,0.783000,1.871000,-0.985895,0.750541,1.892732,-0.912927,0.720990,1.963902,0.014866,0.015030,-0.012425,0.999699,0.322188,-0.130716,0.016738,0.000786,-0.000339,0.013703,0.056553,0.116209,8.024788,20.515006,5,0,0.000000,1,0.380511,0.795502,1,-1
24.823056,-0.942000,0.783000,1.871000,-1.003413,0.721389,2.032855,-0.910207,0.718877,1.965307,0.013695,0.014972,-0.012860,0.999711,0.322014,-0.132899,0.012893,0.000795,-0.000339,0.013648,0.183751,0.118391,1.873760,20.515006,5,0,0.000000,1,0.378182,0.808572,1,-1
24.856265,-0.935000,0.783000,1.871000,-0.954157,0.716801,2.002697,-0.901149,0.714610,1.966338,0.015499,0.016184,-0.012903,0.999666,0.326728,-0.138183,0.012005,0.000800,-0.000340,0.013618,0.148639,0.122116,3.868574,20.515006,5,0,0.000000,1,0.377385,0.804059,1,-1
24.889552,-0.933000,0.784000,1.871000,-0.929476,0.742767,1.943925,-0.891344,0.710933,1.966420,0.017081,0.016400,-0.013022,0.999635,0.330588,-0.136132,0.016609,0.000803,-0.000342,0.013637,0.083849,0.127197,9.023301,20.515006,5,0,0.000000,1,0.377743,0.797377,1,-1
24.906135,-0.924000,0.783000,1.872000,-0.991918,0.732675,1.885025,-0.889169,0.709422,1.965275,0.018712,0.016496,-0.012929,0.999605,0.327269,-0.143249,0.017690,0.000810,-0.000343,0.013705,0.085528,0.123803,0.444976,20.515006,5,0,0.000000,1,0.380995,0.795978,1,-1
24.922802,-0.920000,0.783000,1.871000,-0.949798,0.710423,1.941109,-0.885807,0.707147,1.965129,0.019933,0.016483,-0.012977,0.999581,0.325093,-0.152138,0.016661,0.000814,-0.000343,0.013725,0.105217,0.125631,5.382453,20.515006,5,0,0.000000,1,0.378583,0.799309,1,-1
24.939397,-0.916000,0.784000,1.872000,-0.927309,0.726756,1.985403,-0.881845,0.705221,1.965735,0.020940,0.016824,-0.013017,0.999554,0.325376,-0.161605,0.014843,0.000819,-0.000345,0.013709,0.127535,0.127118,1.859197,20.515006,5,0,0.000000,1,0.376918,0.801109,1,-1
24.956081,-0.913000,0.784000,1.872000,-0.946710,0.744762,1.869924,-0.878475,0.703664,1.964307,0.021580,0.017674,-0.013227,0.999523,0.321846,-0.168849,0.010505,0.000822,-0.000347,0.013788,0.051771,0.127147,5.283982,20.515006,5,0,0.000000,1,0.379827,0.792664,1,-1
24.989254,-0.905000,0.784000,1.871000,-0.951378,0.705506,1.932239,-0.870263,0.698288,1.963950,0.022490,0.019369,-0.013166,0.999473,0.327512,-0.178910,0.004568,0.000828,-0.000347,0.013815,0.109829,0.131122,5.221972,20.515006,5,0,0.000000,1,0.378846,0.798914,1,-1
25.005936,-0.901000,0.784000,1.871000,-0.918003,0.754038,1.971727,-0.866470,0.696992,1.964182,0.022387,0.019270,-0.013182,0.999477,0.328817,-0.185305,0.006707,0.000832,-0.000352,0.013810,0.106455,0.132082,2.204496,20.515006,5,0,0.000000,1,0.376780,0.798589,1,-1
25.022559,-0.897000,0.785000,1.871000,-0.914985,0.720527,1.965602,-0.862626,0.694730,1.964307,0.021808,0.018480,-0.013226,0.999504,0.329605,-0.183625,0.005605,0.000837,-0.000354,0.013809,0.115886,0.134300,1.706953,20.515006,5,0,0.000000,1,0.377003,0.799263,1,-1
25.039187,-0.897000,0.785000,1.871000,-0.907647,0.711046,1.908370,-0.858575,0.692234,1.963471,0.021058,0.018081,-0.013317,0.999526,0.330199,-0.186502,0.009568,0.000839,-0.000355,0.013856,0.083541,0.136502,0.980343,20.515006,5,0,0.000000,1,0.378023,0.795116,1,-1
25.055760,-0.897000,0.785000,1.871000,-0.879392,0.741849,1.984531,-0.854111,0.690702,1.964023,0.021089,0.018191,-0.013476,0.999521,0.329658,-0.191809,0.015186,0.000842,-0.000359,0.013839,0.122725,0.139229,7.376358,20.515006,5,0,0.000000,1,0.375535,0.798363,1,-1
25.072398,-0.897000,0.785000,1.871000,-0.913615,0.732293,1.914933,-0.850612,0.688825,1.963452,0.020859,0.018726,-0.013339,0.999518,0.328380,-0.195453,0.018455,0.000846,-0.000362,0.013879,0.070599,0.141241,8.269897,20.515006,5,0,0.000000,1,0.377946,0.795002,1,-1
25.089059,-0.883000,0.785000,1.870000,-0.873427,0.746377,1.902056,-0.846037,0.687274,1.962722,0.021200,0.019515,-0.013535,0.999493,0.330369,-0.200814,0.020880,0.000847,-0.000366,0.013930,0.051098,0.139693,0.088999,20.515006,5,0,0.000000,1,0.376981,0.791870,1,-1
25.105648,-0.878000,0.784000,1.870000,-0.955682,0.770424,1.916815,-0.843738,0.686280,1.962308,0.021830,0.020150,-0.013783,0.999464,0.330922,-0.206732,0.022484,0.000854,-0.000372,0.013968,0.091709,0.138722,1.548591,20.515006,5,0,0.000000,1,0.378912,0.795249,1,-1
25.122312,-0.874000,0.783000,1.870000,-0.884081,0.744089,1.970167,-0.839772,0.684617,1.962782,0.022692,0.020650,-0.013862,0.999433,0.331826,-0.216093,0.020675,0.000858,-0.000377,0.013963,0.107932,0.139496,7.426611,20.515006,5,0,0.000000,1,0.375930,0.797380,1,-1
25.155570,-0.866000,0.783000,1.870000,-0.853107,0.737923,2.005674,-0.829533,0.678839,1.964098,0.023163,0.020903,-0.013734,0.999419,0.334596,-0.234015,0.013210,0.000861,-0.000382,0.013929,0.143547,0.145031,5.676198,20.515006,5,0,0.000000,1,0.374464,0.798960,1,-1
25.188768,-0.857000,0.781000,1.869000,-0.913099,0.764841,1.837551,-0.821070,0.673444,1.962241,0.023917,0.020773,-0.014107,0.999399,0.335046,-0.251049,0.009857,0.000866,-0.000388,0.014035,0.066311,0.146810,6.877362,20.515006,5,0,0.000000,1,0.379369,0.788378,1,-1
25.205445,-0.852000,0.781000,1.869000,-0.864072,0.717821,1.884215,-0.817091,0.670757,1.961068,0.023626,0.020527,-0.014132,0.999410,0.339670,-0.257101,0.011904,0.000868,-0.000390,0.014100,0.066097,0.147813,3.529150,20.515006,5,0,0.000000,1,0.377237,0.791342,1,-1
25.222032,-0.849000,0.781000,1.869000,-0.898955,0.730581,1.944621,-0.814057,0.668391,1.960994,0.022977,0.020106,-0.014300,0.999432,0.342941,-0.259071,0.013789,0.000874,-0.000395,0.014115,0.103712,0.149548,0.552176,20.515006,5,0,0.000000,1,0.376924,0.796606,1,-1
25.255367,-0.840000,0.779000,1.869000,-0.872203,0.728398,1.841554,-0.804592,0.661697,1.959521,0.023648,0.020377,-0.014330,0.999410,0.348128,-0.259122,0.023534,0.000877,-0.000399,0.014215,0.065961,0.152341,5.173357,20.515006,5,0,0.000000,1,0.378300,0.788531,1,-1
25.288498,-0.831000,0.779000,1.869000,-0.880001,0.746727,1.900542,-0.795595,0.655808,1.959310,0.025283,0.019301,-0.014297,0.999392,0.358442,-0.272826,0.026887,0.000883,-0.000406,0.014267,0.066615,0.156798,2.807081,20.515006,5,0,0.000000,1,0.377194,0.792026,1,-1
25.321770,-0.822000,0.776000,1.870000,-0.833791,0.719186,1.923267,-0.785075,0.648805,1.959592,0.022890,0.018172,-0.014265,0.999471,0.368658,-0.275178,0.028643,0.000886,-0.000412,0.014300,0.078766,0.159902,4.611448,20.515006,5,0,0.000000,1,0.375618,0.792604,1,-1
25.338418,-0.818000,0.776000,1.870000,-0.838503,0.740685,1.963314,-0.780664,0.647112,1.960154,0.021261,0.016999,-0.014311,0.999527,0.373250,-0.267975,0.029322,0.000891,-0.000419,0.014298,0.101858,0.161660,3.043120,20.515006,5,0,0.000000,1,0.374870,0.794950,1,-1
25.354956,-0.812000,0.775000,1.870000,-0.842922,0.682220,1.898413,-0.776756,0.643998,1.959508,0.020426,0.015403,-0.014687,0.999565,0.370605,-0.267669,0.028180,0.000896,-0.000422,0.014352,0.101840,0.162528,2.499310,20.515006,5,0,0.000000,1,0.376516,0.792618,1,-1
25.371666,-0.809000,0.773000,1.871000,-0.845401,0.736986,1.929213,-0.772945,0.642509,1.959438,0.020496,0.014084,-0.014649,0.999583,0.369124,-0.265751,0.028179,0.000901,-0.000429,0.014379,0.077529,0.161707,1.654703,20.515006,5,0,0.000000,1,0.375725,0.792914,1,-1
25.388313,-0.805000,0.772000,1.871000,-0.801147,0.723792,1.896647,-0.767925,0.640642,1.958754,0.019586,0.013248,-0.014677,0.999613,0.368432,-0.264087,0.022340,0.000902,-0.000435,0.014433,0.054741,0.162266,4.395456,20.515006,5,0,0.000000,1,0.375250,0.789169,1,-1
25.438091,-0.791000,0.770000,1.871000,-0.791403,0.696444,1.902782,-0.750945,0.629134,1.958533,0.017811,0.010795,-0.015156,0.999668,0.369183,-0.288229,0.010984,0.000905,-0.000440,0.014483,0.080129,0.170615,2.437300,20.515006,5,0,0.000000,1,0.374995,0.790025,1,-1
25.454754,-0.785000,0.769000,1.871000,-0.774705,0.721233,1.968662,-0.745847,0.627312,1.958866,0.017513,0.010667,-0.015360,0.999672,0.365779,-0.289178,0.005487,0.000907,-0.000448,0.014476,0.109204,0.171257,4.060516,20.515006,5,0,0.000000,1,0.373264,0.792973,1,-1
25.471415,-0.781000,0.767000,1.870000,-0.786092,0.743230,1.941540,-0.741169,0.626178,1.958638,0.017553,0.010446,-0.015426,0.999672,0.370939,-0.282081,0.004489,0.000911,-0.000458,0.014493,0.075557,0.171097,3.923696,20.515006,5,0,0.000000,1,0.373935,0.790890,1,-1
25.487986,-0.776000,0.766000,1.871000,-0.770597,0.691366,1.940936,-0.736372,0.623754,1.958410,0.017929,0.010049,-0.015641,0.999666,0.370191,-0.285972,0.006038,0.000914,-0.000463,0.014508,0.102423,0.171595,4.477569,20.515006,5,0,0.000000,1,0.373773,0.791728,1,-1
25.504575,-0.772000,0.766000,1.870000,-0.797159,0.703026,1.879589,-0.732410,0.621604,1.957122,0.017826,0.009706,-0.015598,0.999672,0.367779,-0.287795,0.007931,0.000917,-0.000469,0.014576,0.068488,0.173228,2.177566,20.515006,5,0,0.000000,1,0.375567,0.788586,1,-1
25.521235,-0.768000,0.764000,1.870000,-0.790377,0.716747,1.957706,-0.728331,0.619873,1.957305,0.017872,0.009717,-0.015642,0.999671,0.364618,-0.282786,0.011596,0.000922,-0.000477,0.014577,0.102107,0.173114,5.290070,20.515006,5,0,0.000000,1,0.373863,0.793083,1,-1
25.537903,-0.762000,0.764000,1.870000,-0.806342,0.696663,1.921182,-0.724781,0.617572,1.956881,0.018224,0.009629,-0.015846,0.999662,0.361722,-0.283883,0.012815,0.000928,-0.000483,0.014610,0.095499,0.174283,5.840981,20.515006,5,0,0.000000,1,0.375031,0.791947,1,-1
25.554513,-0.758000,0.763000,1.870000,-0.758544,0.716454,1.921660,-0.719936,0.615796,1.956472,0.019334,0.009959,-0.016164,0.999633,0.360646,-0.286331,0.011980,0.000931,-0.000490,0.014640,0.069539,0.174915,8.433787,20.515006,5,0,0.000000,1,0.373737,0.789077,1,-1
25.587742,-0.750000,0.760000,1.870000,-0.717690,0.708448,1.882823,-0.708536,0.609121,1.955610,0.019627,0.010402,-0.016257,0.999621,0.356888,-0.299802,0.016021,0.000930,-0.000497,0.014705,0.062177,0.178361,4.084263,20.515006,5,0,0.000000,1,0.373479,0.784862,1,-1
25.621064,-0.740000,0.757000,1.870000,-0.791977,0.696744,1.918240,-0.699466,0.602145,1.955518,0.020874,0.009409,-0.016122,0.999608,0.358384,-0.292555,0.016029,0.000937,-0.000505,0.014739,0.093056,0.181484,1.651058,20.515006,5,0,0.000000,1,0.374715,0.791065,1,-1
25.637614,-0.736000,0.756000,1.870000,-0.728833,0.667578,1.941895,-0.694924,0.599640,1.955523,0.020622,0.008795,-0.016168,0.999618,0.353234,-0.290365,0.014509,0.000939,-0.000510,0.014752,0.114187,0.182893,1.282753,20.515006,5,0,0.000000,1,0.372812,0.790359,1,-1
25.654213,-0.732000,0.756000,1.870000,-0.747846,0.714198,1.982598,-0.690988,0.598527,1.956232,0.020887,0.008619,-0.016203,0.999613,0.352783,-0.284910,0.011820,0.000945,-0.000520,0.014731,0.121148,0.184162,4.692807,20.515006,5,0,0.000000,1,0.372412,0.792858,1,-1
25.670946,-0.727000,0.754000,1.871000,-0.784636,0.724295,1.973676,-0.688174,0.597668,1.956702,0.020250,0.008380,-0.016241,0.999628,0.349373,-0.283780,0.007353,0.000954,-0.000530,0.014718,0.121436,0.182461,1.677800,20.515006,5,0,0.000000,1,0.373402,0.793724,1,-1
25.687543,-0.724000,0.753000,1.870000,-0.786149,0.688136,1.967626,-0.685430,0.595791,1.957017,0.020707,0.008064,-0.016182,0.999622,0.348521,-0.278153,0.005726,0.000962,-0.000537,0.014711,0.132668,0.183778,1.662717,20.515006,5,0,0.000000,1,0.373681,0.794462,1,-1
25.704148,-0.720000,0.752000,1.870000,-0.762681,0.705169,1.943031,-0.682044,0.594471,1.956873,0.021487,0.008167,-0.015984,0.999608,0.346541,-0.272597,0.005001,0.000969,-0.000546,0.014725,0.096686,0.183855,2.401205,20.515006,5,0,0.000000,1,0.373494,0.791068,1,-1
25.720710,-0.715000,0.750000,1.870000,-0.782397,0.675769,1.969594,-0.679555,0.592571,1.957185,0.021576,0.007299,-0.016113,0.999611,0.344547,-0.274515,0.003762,0.000977,-0.000552,0.014717,0.141321,0.183416,1.108956,20.515006,5,0,0.000000,1,0.373589,0.794781,1,-1
25.737354,-0.711000,0.750000,1.870000,-0.714946,0.689151,1.853987,-0.675148,0.590988,1.955432,0.021732,0.006658,-0.015998,0.999614,0.343379,-0.271349,0.001781,0.000978,-0.000559,0.014804,0.063044,0.184034,2.729361,20.515006,5,0,0.000000,1,0.374005,0.783580,1,-1
25.754018,-0.706000,0.747000,1.870000,-0.741749,0.711822,1.921405,-0.671601,0.590023,1.954858,0.021195,0.006781,-0.015700,0.999629,0.337303,-0.273423,-0.000304,0.000983,-0.000568,0.014833,0.071819,0.181730,1.770577,20.515006,5,0,0.000000,1,0.373352,0.788388,1,-1
25.770638,-0.706000,0.747000,1.870000,-0.745403,0.676146,1.905196,-0.668254,0.587989,1.953992,0.020641,0.007369,-0.015772,0.999635,0.335082,-0.275668,0.000457,0.000988,-0.000573,0.014876,0.088384,0.183750,1.394139,20.515006,5,0,0.000000,1,0.373853,0.788573,1,-1
25.787192,-0.706000,0.747000,1.870000,-0.727241,0.689028,1.953104,-0.664767,0.586533,1.954003,0.020194,0.008147,-0.015802,0.999638,0.330669,-0.275664,0.000680,0.000993,-0.000581,0.014879,0.103528,0.185758,3.985274,20.515006,5,0,0.000000,1,0.372524,0.790444,1,-1
25.803797,-0.705000,0.746000,1.870000,-0.683911,0.678934,1.930983,-0.660164,0.584766,1.953630,0.019778,0.009151,-0.015739,0.999639,0.328011,-0.274440,0.000447,0.000994,-0.000588,0.014899,0.093067,0.187085,3.751457,20.515006,5,0,0.000000,1,0.371938,0.786997,1,-1
25.820496,-0.690000,0.741000,1.870000,-0.718132,0.705603,1.885899,-0.656539,0.583702,1.952475,0.019104,0.008988,-0.015977,0.999649,0.329661,-0.273962,-0.000437,0.000997,-0.000596,0.014956,0.047928,0.180733,2.533236,20.515006,5,0,0.000000,1,0.373445,0.785156,1,-1
25.853722,-0.682000,0.738000,1.870000,-0.727930,0.684013,1.909632,-0.648175,0.577853,1.951820,0.019743,0.010228,-0.015632,0.999631,0.327036,-0.273313,0.003841,0.001003,-0.000604,0.014993,0.081208,0.182991,0.527550,20.515006,5,0,0.000000,1,0.373323,0.787754,1,-1
25.870300,-0.678000,0.736000,1.870000,-0.669010,0.699021,1.876518,-0.643692,0.576957,1.950555,0.020117,0.011151,-0.015615,0.999613,0.326358,-0.273813,-0.000786,0.001003,-0.000612,0.015057,0.038611,0.181551,1.332188,20.515006,5,0,0.000000,1,0.372480,0.782339,1,-1
25.886963,-0.674000,0.736000,1.870000,-0.675736,0.692435,1.910612,-0.639455,0.575766,1.949819,0.020269,0.012293,-0.015696,0.999596,0.324634,-0.280127,-0.005570,0.001005,-0.000620,0.015091,0.059585,0.182316,5.321032,20.515006,5,0,0.000000,1,0.372066,0.784928,1,-1
25.903674,-0.670000,0.732000,1.870000,-0.722420,0.680067,1.890799,-0.636556,0.574083,1.948700,0.020638,0.013396,-0.015715,0.999574,0.322822,-0.286825,-0.007692,0.001010,-0.000627,0.015141,0.076665,0.179583,4.819159,20.515006,5,0,0.000000,1,0.373541,0.786411,1,-1
25.920297,-0.666000,0.731000,1.870000,-0.685599,0.694257,1.880037,-0.632675,0.572638,1.947411,0.020703,0.014136,-0.015771,0.999561,0.324764,-0.294831,-0.006861,0.001013,-0.000635,0.015198,0.042836,0.179392,0.230592,20.515006,5,0,0.000000,1,0.372816,0.783514,1,-1
25.936850,-0.663000,0.730000,1.870000,-0.675108,0.665056,1.867305,-0.628826,0.570540,1.945936,0.020729,0.014360,-0.015577,0.999561,0.326365,-0.302703,-0.008060,0.001015,-0.000641,0.015264,0.066118,0.179894,2.511941,20.515006,5,0,0.000000,1,0.372870,0.783023,1,-1
25.970072,-0.654000,0.727000,1.869000,-0.698194,0.703604,1.874958,-0.620253,0.564439,1.944332,0.020277,0.015240,-0.015536,0.999558,0.326243,-0.302004,-0.016923,0.001019,-0.000650,0.015325,0.050358,0.182318,2.312962,20.515006,5,0,0.000000,1,0.373172,0.783573,1,-1
25.986748,-0.650000,0.725000,1.869000,-0.700582,0.679660,1.921342,-0.617222,0.562677,1.943654,0.018695,0.014900,-0.015254,0.999598,0.325416,-0.308952,-0.019037,0.001026,-0.000659,0.015345,0.085755,0.181648,0.624354,20.515006,5,0,0.000000,1,0.372482,0.787229,1,-1
26.003320,-0.645000,0.723000,1.869000,-0.668710,0.647132,1.794046,-0.613636,0.560213,1.940778,0.018510,0.014751,-0.015352,0.999602,0.327103,-0.310974,-0.018829,0.001026,-0.000663,0.015468,0.109253,0.180653,1.622310,20.515006,5,0,0.000000,1,0.374088,0.779259,1,-1
26.019922,-0.642000,0.720000,1.869000,-0.609127,0.630515,1.992666,-0.608417,0.557241,1.941401,0.018462,0.014835,-0.015363,0.999601,0.327544,-0.316159,-0.017451,0.001028,-0.000669,0.015427,0.156146,0.181274,3.800662,20.515006,5,0,0.000000,1,0.369422,0.787972,1,-1
26.036609,-0.637000,0.718000,1.869000,-0.666213,0.669876,1.836100,-0.604801,0.555199,1.939300,0.017091,0.014596,-0.015022,0.999635,0.326654,-0.322738,-0.021917,0.001030,-0.000676,0.015513,0.065205,0.180230,5.465452,20.515006,5,0,0.000000,1,0.373207,0.780697,1,-1
26.053205,-0.633000,0.717000,1.868000,-0.663769,0.621106,1.899048,-0.601167,0.551819,1.938233,0.015664,0.013985,-0.015344,0.999662,0.327681,-0.323449,-0.024657,0.001034,-0.000680,0.015547,0.105387,0.182293,1.793285,20.515006,5,0,0.000000,1,0.372109,0.785373,1,-1
26.086409,-0.624000,0.713000,1.868000,-0.587033,0.688556,1.947720,-0.590330,0.545312,1.937664,0.013923,0.012232,-0.015068,0.999715,0.333285,-0.321166,-0.022878,0.001034,-0.000692,0.015540,0.091211,0.184678,4.579964,20.515006,5,0,0.000000,1,0.369618,0.782589,1,-1
26.136399,-0.612000,0.707000,1.867000,-0.648445,0.671200,1.901848,-0.575846,0.533454,1.935843,0.010509,0.010556,-0.015214,0.999773,0.329576,-0.317978,-0.025189,0.001040,-0.000702,0.015572,0.061841,0.190170,1.238919,20.515006,5,0,0.000000,1,0.371654,0.783501,1,-1
26.152952,-0.608000,0.706000,1.867000,-0.602965,0.657954,1.975443,-0.571593,0.532181,1.936179,0.010488,0.011028,-0.014979,0.999772,0.330957,-0.312129,-0.023501,0.001044,-0.000713,0.015541,0.118717,0.190590,2.326041,20.515006,5,0,0.000000,1,0.369551,0.785922,1,-1
26.186253,-0.600000,0.701000,1.866000,-0.601790,0.652252,1.991759,-0.561850,0.525766,1.936407,0.009764,0.010855,-0.015781,0.999769,0.333325,-0.301880,-0.026078,0.001049,-0.000724,0.015496,0.134888,0.192664,1.702429,20.515006,5,0,0.000000,1,0.369287,0.787055,1,-1
26.202854,-0.596000,0.701000,1.866000,-0.621308,0.645422,1.996095,-0.558273,0.524435,1.937038,0.010377,0.010620,-0.015898,0.999763,0.331015,-0.297638,-0.029451,0.001056,-0.000735,0.015447,0.143716,0.194023,1.336692,20.515006,5,0,0.000000,1,0.369610,0.788620,1,-1
26.236063,-0.588000,0.696000,1.865000,-0.581755,0.637263,1.930871,-0.548461,0.518324,1.935984,0.011855,0.011039,-0.015978,0.999741,0.333943,-0.298465,-0.026738,0.001059,-0.000745,0.015454,0.088476,0.195373,3.152763,20.515006,5,0,0.000000,1,0.369817,0.782301,1,-1
26.269313,-0.579000,0.693000,1.864000,-0.548692,0.629050,1.945233,-0.537771,0.511966,1.935427,0.013588,0.012065,-0.015627,0.999713,0.334369,-0.304616,-0.020159,0.001060,-0.000755,0.015447,0.107736,0.198934,3.929926,20.515006,5,0,0.000000,1,0.368954,0.781385,1,-1
26.285966,-0.575000,0.692000,1.864000,-0.565762,0.663891,1.873679,-0.533212,0.511594,1.934006,0.014884,0.012256,-0.015717,0.999691,0.335735,-0.300512,-0.018987,0.001062,-0.000767,0.015503,0.031131,0.197973,4.148875,20.515006,5,0,0.000000,1,0.370367,0.777546,1,-1
26.302531,-0.571000,0.689000,1.863000,-0.573308,0.642152,1.836722,-0.529219,0.510798,1.931956,0.016018,0.011909,-0.015761,0.999677,0.336086,-0.301185,-0.021075,0.001064,-0.000776,0.015589,0.053764,0.195593,4.231554,20.515006,5,0,0.000000,1,0.371142,0.776471,1,-1
26.319174,-0.567000,0.688000,1.863000,-0.648329,0.630275,1.877582,-0.527474,0.509544,1.930637,0.016508,0.011868,-0.015476,0.999674,0.331668,-0.303288,-0.022427,0.001073,-0.000784,0.015638,0.100793,0.194894,2.459389,20.515006,5,0,0.000000,1,0.372121,0.783064,1,-1
26.352494,-0.559000,0.686000,1.862000,-0.622247,0.648030,1.828158,-0.519598,0.503653,1.928069,0.017474,0.011779,-0.015431,0.999659,0.330180,-0.317788,-0.023554,0.001079,-0.000794,0.015726,0.081161,0.197909,2.024426,20.515006,5,0,0.000000,1,0.372365,0.778550,1,-1
26.369089,-0.554000,0.683000,1.861000,-0.586095,0.597244,1.901896,-0.516552,0.501581,1.927188,0.017489,0.011448,-0.015424,0.999663,0.328442,-0.317235,-0.026770,0.001085,-0.000802,0.015748,0.100283,0.196714,1.879739,20.515006,5,0,0.000000,1,0.370348,0.781638,1,-1
26.385685,-0.551000,0.681000,1.860000,-0.589424,0.643575,1.898899,-0.513610,0.500829,1.926251,0.017164,0.011182,-0.015389,0.999672,0.327995,-0.313955,-0.028770,0.001091,-0.000813,0.015774,0.066258,0.195573,1.800869,20.515006,5,0,0.000000,1,0.370472,0.780721,1,-1
26.402316,-0.549000,0.679000,1.860000,-0.574156,0.668827,1.869357,-0.510222,0.500798,1.924730,0.017149,0.010897,-0.015284,0.999677,0.325982,-0.307568,-0.032459,0.001095,-0.000825,0.015822,0.028704,0.193520,0.813253,20.515006,5,0,0.000000,1,0.370602,0.777666,1,-1
26.418944,-0.543000,0.677000,1.859000,-0.549426,0.597858,1.903201,-0.506181,0.498714,1.923791,0.016381,0.011140,-0.015149,0.999689,0.323405,-0.305247,-0.036747,0.001098,-0.000833,0.015841,0.090876,0.193234,0.906556,20.515006,5,0,0.000000,1,0.369575,0.779530,1,-1
26.452162,-0.534000,0.675000,1.857000,-0.522209,0.663702,1.939834,-0.496532,0.493805,1.923089,0.013744,0.011962,-0.015507,0.999714,0.318964,-0.312488,-0.038110,0.001101,-0.000847,0.015845,0.084429,0.196477,2.089901,20.515006,5,0,0.000000,1,0.368539,0.778869,1,-1
26.485394,-0.527000,0.670000,1.856000,-0.513074,0.580043,1.968346,-0.486864,0.486254,1.923055,0.011944,0.013413,-0.015484,0.999719,0.316383,-0.316289,-0.031539,0.001104,-0.000856,0.015825,0.144595,0.199675,1.542887,20.515006,5,0,0.000000,1,0.367894,0.781390,1,-1
26.502084,-0.523000,0.668000,1.855000,-0.547729,0.632073,1.911856,-0.483586,0.485494,1.922192,0.011756,0.013718,-0.015786,0.999712,0.316267,-0.314399,-0.028936,0.001110,-0.000867,0.015819,0.071658,0.198435,3.326284,20.515006,5,0,0.000000,1,0.369433,0.779298,1,-1
26.518688,-0.519000,0.666000,1.855000,-0.551217,0.637663,1.870312,-0.480743,0.485217,1.920864,0.012137,0.013380,-0.015671,0.999714,0.316751,-0.308436,-0.027454,0.001115,-0.000878,0.015865,0.045556,0.196174,1.802200,20.515006,5,0,0.000000,1,0.370142,0.777082,1,-1
26.535252,-0.515000,0.664000,1.854000,-0.571552,0.643400,1.849903,-0.478483,0.485050,1.919448,0.011780,0.013879,-0.015220,0.999718,0.315261,-0.305988,-0.025858,0.001121,-0.000889,0.015942,0.060327,0.194011,0.740847,20.515006,5,0,0.000000,1,0.370887,0.777028,1,-1
26.568596,-0.506000,0.662000,1.853000,-0.543599,0.620381,1.864661,-0.470212,0.479327,1.917666,0.010610,0.013521,-0.016184,0.999721,0.315706,-0.300813,-0.021589,0.001126,-0.000899,0.015998,0.057287,0.197058,4.590885,20.515006,5,0,0.000000,1,0.370075,0.776679,1,-1
26.585168,-0.502000,0.660000,1.853000,-0.552298,0.610034,1.961208,-0.467875,0.478582,1.918026,0.010550,0.013864,-0.015716,0.999725,0.310874,-0.302913,-0.017391,0.001135,-0.000911,0.015941,0.129366,0.195718,2.104073,20.515006,5,0,0.000000,1,0.368775,0.782914,1,-1
26.601825,-0.499000,0.658000,1.852000,-0.572890,0.606767,1.850333,-0.466125,0.477657,1.916566,0.010504,0.013425,-0.015859,0.999729,0.310964,-0.298740,-0.012794,0.001143,-0.000920,0.016000,0.089929,0.194354,4.833370,20.515006,5,0,0.000000,1,0.370913,0.777887,1,-1
26.618430,-0.495000,0.657000,1.852000,-0.474158,0.582493,1.952909,-0.461515,0.476051,1.917090,0.011558,0.012940,-0.015942,0.999722,0.308508,-0.295847,-0.010311,0.001145,-0.000930,0.015971,0.127155,0.195193,4.961568,20.515006,5,0,0.000000,1,0.367421,0.777956,1,-1
26.635073,-0.490000,0.654000,1.851000,-0.468139,0.605681,1.919553,-0.456815,0.475042,1.916994,0.012743,0.012716,-0.015587,0.999716,0.308416,-0.299547,-0.008825,0.001147,-0.000941,0.015970,0.086673,0.193604,13.218722,20.515006,5,0,0.000000,1,0.367820,0.775350,1,-1
26.668262,-0.482000,0.652000,1.851000,-0.527627,0.627880,1.903706,-0.449201,0.469872,1.916602,0.012919,0.012695,-0.015729,0.999712,0.306122,-0.308624,-0.012261,0.001153,-0.000952,0.016008,0.073767,0.196342,1.806513,20.515006,5,0,0.000000,1,0.369164,0.777727,1,-1
26.684937,-0.478000,0.649000,1.850000,-0.473202,0.601647,1.884414,-0.445155,0.468849,1.915725,0.012025,0.012243,-0.015518,0.999732,0.304169,-0.314129,-0.016818,0.001155,-0.000963,0.016014,0.058734,0.194558,1.355087,20.515006,5,0,0.000000,1,0.368397,0.773825,1,-1
26.701611,-0.474000,0.648000,1.849000,-0.518061,0.600704,1.928466,-0.442453,0.467708,1.915657,0.011511,0.012182,-0.015571,0.999738,0.304614,-0.311253,-0.023065,0.001162,-0.000974,0.016005,0.102436,0.194791,3.756137,20.515006,5,0,0.000000,1,0.368593,0.779020,1,-1
26.718212,-0.470000,0.648000,1.849000,-0.494168,0.620699,2.005164,-0.439070,0.467155,1.916898,0.012303,0.012325,-0.015779,0.999724,0.303938,-0.304600,-0.028283,0.001169,-0.000987,0.015932,0.160364,0.195631,3.891516,20.515006,5,0,0.000000,1,0.367148,0.781935,1,-1
26.734759,-0.465000,0.646000,1.848000,-0.450126,0.605405,1.924488,-0.434751,0.466503,1.916558,0.012752,0.012235,-0.015644,0.999721,0.305364,-0.295588,-0.034046,0.001171,-0.000998,0.015926,0.087861,0.194510,2.498577,20.515006,5,0,0.000000,1,0.367440,0.774499,1,-1
26.768070,-0.457000,0.642000,1.846000,-0.532647,0.626488,1.851876,-0.427918,0.461506,1.914345,0.013061,0.012807,-0.015784,0.999708,0.300651,-0.303628,-0.031516,0.001178,-0.001010,0.015983,0.077444,0.195179,0.623035,20.515006,5,0,0.000000,1,0.370055,0.775265,1,-1
26.817858,-0.445000,0.637000,1.844000,-0.452564,0.595928,1.842288,-0.414232,0.451057,1.911832,0.015918,0.014400,-0.015908,0.999643,0.306667,-0.298141,-0.016673,0.001180,-0.001020,0.016047,0.041798,0.200306,1.591465,20.515006,5,0,0.000000,1,0.368616,0.770536,1,-1
26.851167,-0.437000,0.635000,1.843000,-0.444418,0.612370,1.950645,-0.405368,0.446410,1.912177,0.018329,0.015542,-0.015858,0.999585,0.309122,-0.304015,-0.013620,0.001185,-0.001035,0.016015,0.110248,0.203352,2.503755,20.515006,5,0,0.000000,1,0.367015,0.775535,1,-1
26.867799,-0.432000,0.633000,1.842000,-0.445693,0.562316,1.954575,-0.401612,0.445080,1.912714,0.019126,0.015454,-0.015630,0.999575,0.312420,-0.306707,-0.019857,0.001190,-0.001045,0.015979,0.133630,0.203071,2.994215,20.515006,5,0,0.000000,1,0.366853,0.776455,1,-1
26.884457,-0.429000,0.632000,1.841000,-0.525348,0.562018,1.890935,-0.400587,0.443886,1.911984,0.018813,0.014548,-0.015512,0.999597,0.310979,-0.313461,-0.024034,0.001200,-0.001054,0.016000,0.129128,0.203059,0.846503,20.515006,5,0,0.000000,1,0.369216,0.777996,1,-1
